#              time [s],              Vxb [ft/s],              Vyb [ft/s],              Vzb [ft/s],               p [deg/s],               q [deg/s],               r [deg/s],                 xf [ft],                 yf [ft],                 zf [ft],               phi [deg],             theta [deg],               psi [deg],                da [deg],               deB [deg],                dB [deg],          tau [per-unit],           dadot [deg/s],          deBdot [deg/s],           dBdot [deg/s],     taudot [per-unit/s],        daddot [deg/s/s],       deBddot [deg/s/s],        dBddot [deg/s/s],  tauddot [per-unit/s/s]
 0.0000000000000000e+00,  6.3359458403885958e+02,  0.0000000000000000e+00,  3.2220455793799715e+01,  0.0000000000000000e+00,  0.0000000000000000e+00,  0.0000000000000000e+00,  0.0000000000000000e+00,  0.0000000000000000e+00, -1.5000000000000000e+04,  0.0000000000000000e+00,  2.9111789519216487e+00,  0.0000000000000000e+00,  0.0000000000000000e+00, -1.6423526111430076e+00,  0.0000000000000000e+00,  2.7328816364904313e-01, -2.3355487799509572e+01,  2.7704858246000022e+01,  3.3333333333333329e+01,  0.0000000000000000e+00,  3.4362299974780859e+02, -7.1115746908644758e+02,  1.6683333333333337e+03,  0.0000000000000000e+00
 9.9900099900099900e-03,  6.3359466235138177e+02,  2.2459656738484782e-04,  3.2217443950040696e+01,  3.5281417119651950e-02, -1.9635833355964926e-02, -7.7135129987160236e-04,  6.3377950923976352e+00,  5.3771695601780563e-07, -1.5000000008005889e+04,  1.1862235165669204e-04,  2.9111086410167100e+00, -3.7684630175572498e-06, -2.3332155643865704e-01, -1.3655808004936567e+00,  3.3300033300033294e-01,  2.7328816364904313e-01, -2.1639089199370666e+01,  2.4152623135678105e+01,  4.1666666666666664e+01,  0.0000000000000000e+00,  3.4362299974780859e+02, -7.1115746908644758e+02,  1.6683333333333337e+03,  0.0000000000000000e+00
 1.9980019980019980e-02,  6.3359498154076357e+02,  9.8011862810987909e-04,  3.2207306709104031e+01,  1.3318263314797507e-01, -6.8396156239227388e-02, -1.7351208342984443e-03,  1.2675588820427500e+01,  2.5074814400024989e-06, -1.5000000055436083e+04,  9.1198602272024468e-04,  2.9106906175093274e+00, -1.6045728485662530e-05, -4.3234943455286046e-01, -1.1597827183222662e+00,  8.3250083250083240e-01,  2.7328816364904313e-01, -1.8436164668122377e+01,  1.8465432875795624e+01,  5.0000000000000000e+01,  0.0000000000000000e+00,  2.9760249140809964e+02, -4.2741802094202495e+02, -1.1124445808974319e-12,  0.0000000000000000e+00
 2.9970029970029968e-02,  6.3359566450963234e+02,  2.6399921289713400e-03,  3.2187929206405805e+01,  2.8278725899764323e-01, -1.4022569599993417e-01, -3.0970590700566515e-03,  1.9013380048179783e+01,  6.5884806412504923e-06, -1.5000000171136888e+04,  2.9494271407718058e-03,  2.9096655335889650e+00, -3.9854593330511399e-05, -6.0167649486268049e-01, -9.9664108269554241e-01,  1.3320013320013318e+00,  2.7328816364904313e-01, -1.5665359914801225e+01,  1.4438178990050343e+01,  5.0000000000000000e+01,  0.0000000000000000e+00,  2.5711262020679436e+02, -3.7883820698417867e+02,  3.3373337426922947e-12,  0.0000000000000000e+00
 3.9960039960039960e-02,  6.3359681044808440e+02,  5.5277934439491531e-03,  3.2157742706577523e+01,  4.7481848058945153e-01, -2.2982484487732704e-01, -4.9450337860046595e-03,  2.5351167820179736e+01,  1.3631256941958499e-05, -1.5000000376879221e+04,  6.6997043523586873e-03,  2.9078299496353961e+00, -7.9820846787504013e-05, -7.4534363864479303e-01, -8.7130761362595566e-01,  1.8315018315018314e+00,  2.7328816364904313e-01, -1.3238073190034608e+01,  1.0795915981422025e+01,  5.0000000000000007e+01,  0.0000000000000000e+00,  2.2883018209148162e+02, -3.5034284734320994e+02,  0.0000000000000000e+00,  0.0000000000000000e+00
 4.9950049950049952e-02,  6.3359849517937982e+02,  9.9073170410669126e-03,  3.2115683710764053e+01,  7.0121238846014222e-01, -3.3241566755532098e-01, -7.2328548607354512e-03,  3.1688951400107904e+01,  2.4544011861067061e-05, -1.5000000687896927e+04,  1.2545273770122305e-02,  2.9050305523311346e+00, -1.4088117391262831e-04, -8.6617346169653886e-01, -7.8093846568411329e-01,  2.3310023310023311e+00,  2.7328816364904313e-01, -1.1054748873134423e+01,  7.3766272890096669e+00,  4.9999999999999993e+01,  0.0000000000000000e+00,  2.0827134615193631e+02, -3.3419874887774483e+02, -6.6746674853845910e-12,  0.0000000000000000e+00
 5.9940059940059937e-02,  6.3360077159848072e+02,  1.5972820945447663e-02,  3.2061169537451903e+01,  9.5479084609726150e-01, -4.4352878201650370e-01, -9.7819550605543672e-03,  3.8026730297838746e+01,  4.0171361638544691e-05, -1.5000001113264490e+04,  2.0792720338943367e-02,  2.9011600888852094e+00, -2.2699244959244134e-04, -9.6621774200412214e-01, -7.2392245300638192e-01,  2.8305028305028301e+00,  2.7328816364904313e-01, -9.0655506064468003e+00,  4.1191044869981814e+00,  4.9999999999999986e+01,  0.0000000000000000e+00,  1.8996614683892514e+02, -3.1795731608495407e+02,  8.8995566471794488e-12,  0.0000000000000000e+00
 6.9930069930069935e-02,  6.3360366987502186e+02,  2.3838726685029316e-02,  3.1994075083061777e+01,  1.2290970343436591e+00, -5.5892708273586356e-01, -1.2285817649755844e-02,  4.4364504288475331e+01,  6.1167988751246601e-05, -1.5000001656138906e+04,  3.1680709241518570e-02,  2.8961548024620405e+00, -3.3984718738022153e-04, -1.0473033439432282e+00, -6.9863867573409966e-01,  3.3300033300033300e+00,  2.7328816364904313e-01, -7.2617278891333878e+00,  1.0657035685743457e+00,  4.9999999999999986e+01,  0.0000000000000000e+00,  1.7115916116721999e+02, -2.9333354778349775e+02, -8.8995566471794488e-12,  0.0000000000000000e+00
 7.9920079920079920e-02,  6.3360719799863523e+02,  3.3531572463701337e-02,  3.1914693766527137e+01,  1.5183622870695201e+00, -6.7467111051660822e-01, -1.4326166175107170e-02,  5.0702273418238349e+01,  8.7877630043768729e-05, -1.5000002314034364e+04,  4.5387016081723242e-02,  2.8899918722218003e+00, -4.7767109471104417e-04, -1.1113072103184756e+00, -7.0262967441348789e-01,  3.8295038295038291e+00,  2.7328816364904313e-01, -5.6472062648067478e+00, -1.6992409410542275e+00,  4.5424078395016366e+01,  0.0000000000000000e+00,  1.5206806802297430e+02, -2.6020834304414262e+02, -9.1609950531771915e+02,  0.0000000000000000e+00
 8.9910089910089905e-02,  6.3361134305964276e+02,  4.4996661797906082e-02,  3.1823684911778301e+01,  1.8175073924222396e+00, -7.8721452597307096e-01, -1.5465752225471746e-02,  5.7040037993468431e+01,  1.2025496685923184e-04, -1.5000003079235299e+04,  6.2035454866284610e-02,  2.8826859083288676e+00, -6.3438924292161128e-04, -1.1601346379453610e+00, -7.3258954368723106e-01,  4.2375773239097505e+00,  2.7328816364904313e-01, -4.2198863897970460e+00, -4.1077719098171448e+00,  2.8899057498870480e+01,  0.0000000000000000e+00,  1.3368137095396742e+02, -2.2197955690219388e+02, -2.3922096780906818e+03,  0.0000000000000000e+00
 9.9900099900099903e-02,  6.3361607271670766e+02,  5.8171184876792500e-02,  3.1722030859501007e+01,  2.1221135429849087e+00, -8.9337849875592401e-01, -1.5634519512615457e-02,  6.3377798556056412e+01,  1.5810955891383776e-04, -1.5000003939281136e+04,  8.1702574555599386e-02,  2.8742850762529319e+00, -8.0123906276767737e-04, -1.1956206247000349e+00, -7.8470303924499929e-01,  4.4069075757350076e+00,  2.7328816364904313e-01, -2.9696283427527628e+00, -6.1247019803952254e+00,  8.7097423140627548e+00,  0.0000000000000000e+00,  1.1662029006429796e+02, -1.8180984322753781e+02, -1.6496912219078238e+03,  0.0000000000000000e+00
 1.0989010989010989e-01,  6.3362133758875234e+02,  7.2992181324584099e-02,  3.1610975856928839e+01,  2.4283656976384047e+00, -9.9047401778824862e-01, -1.4912241580766367e-02,  6.9715555848870068e+01,  2.0155067393480338e-04, -1.5000004877500105e+04,  1.0442380531614291e-01,  2.8648670226072257e+00, -9.7004047528259044e-04, -1.2194678715667948e+00, -8.5496121162719563e-01,  4.4115981493655498e+00,  2.7328816364904313e-01, -1.8819843223862351e+00, -7.7418505474640265e+00, -4.7535058974616708e+00,  0.0000000000000000e+00,  1.0112604281308126e+02, -1.4194329989963509e+02, -1.0456510700393665e+03,  0.0000000000000000e+00
 1.1988011988011987e-01,  6.3362707488928936e+02,  8.9374353934127682e-02,  3.1491952782269692e+01,  2.7330093561218507e+00, -1.0763937128692884e+00, -1.3342369921819780e-02,  7.6053310772648530e+01,  2.5096587733517225e-04, -1.5000005873727730e+04,  1.3019926870458357e-01,  2.8545333366255492e+00, -1.1332035098432502e-03, -1.2332227090633963e+00, -9.3938536786565907e-01,  4.3119324329285806e+00,  2.7328816364904313e-01, -9.4119633588780804e-01, -8.9694909942008909e+00, -1.3145055650374809e+01,  0.0000000000000000e+00,  8.7219712083903943e+01, -1.0383031753708524e+02, -6.3433719049384445e+02,  0.0000000000000000e+00
 1.2987012987012986e-01,  6.3363321200301255e+02,  1.0721910766747261e-01,  3.1366521372789315e+01,  3.0333003763140591e+00, -1.1495876388096693e+00, -1.0979792678169606e-02,  8.2391064342095959e+01,  3.0697279879284846e-04, -1.5000006905061144e+04,  1.5899914212063171e-01,  2.8434038358719356e+00, -1.2835765821906273e-03, -1.2382729931629548e+00, -1.0341718209019386e+00,  4.1489596748325868e+00,  2.7328816364904313e-01, -1.3181740114878274e-01, -9.8296618793267143e+00, -1.8086594318727371e+01,  0.0000000000000000e+00,  7.4817950650848758e+01, -6.8375893665107355e+01, -3.5495885091034324e+02,  0.0000000000000000e+00
 1.3986013986013987e-01,  6.3363966988653146e+02,  1.2642224061131577e-01,  3.1236312708939519e+01,  3.3269495742626520e+00, -1.2090213175207225e+00, -7.9042084101772995e-03,  8.8728817644503863e+01,  3.7041287819873159e-04, -1.5000007946586375e+04,  1.9076847414829928e-01,  2.8316111962558606e+00, -1.4145861894527595e-03, -1.2358564233720633e+00, -1.1357822086114477e+00,  3.9505619170698916e+00,  2.7328816364904313e-01,  5.6056397963036464e-01, -1.0351664149142220e+01, -2.0689565428528486e+01,  0.0000000000000000e+00,  6.3796801781136423e+01, -3.6128960751956747e+01, -1.6615596527183894e+02,  0.0000000000000000e+00
 1.4985014985014986e-01,  6.3364636620281908e+02,  1.4687971569296993e-01,  3.1102980168843018e+01,  3.6120688579275209e+00, -1.2541256712361180e+00, -4.2175023319624503e-03,  9.5066571802718727e+01,  4.4235610993229870e-04, -1.5000008972060585e+04,  2.2543144855878167e-01,  2.8192960480925606e+00, -1.5204234160449686e-03, -1.2270729136498606e+00, -1.2409982774282569e+00,  3.7355817441926567e+00,  2.7328816364904313e-01,  1.1490709472476981e+00, -1.0569092904515340e+01, -2.1718411361482314e+01,  0.0000000000000000e+00,  5.4022293135853445e+01, -7.4002760737389810e+00, -3.9818990505511998e+01,  0.0000000000000000e+00
 1.5984015984015984e-01,  6.3365321811359661e+02,  1.6849157275276164e-01,  3.0968156885980520e+01,  3.8871217082794245e+00, -1.2847435384435035e+00, -3.5139589462557470e-05,  1.0140432794358608e+02,  5.2410332105917723e-04, -1.5000009954539140e+04,  2.6289513370122658e-01,  2.8066025930138445e+00, -1.5961760771269246e-03, -1.2128979628875938e+00, -1.3469528960143515e+00,  3.5166276241331822e+00,  2.7328816364904313e-01,  1.6455072324300002e+00, -1.0517816987542254e+01, -2.1701148006329884e+01,  0.0000000000000000e+00,  4.5364251157643487e+01,  1.7665714651750694e+01,  4.3275114207029070e+01,  0.0000000000000000e+00
 1.6983016983016982e-01,  6.3366014467865546e+02,  1.9116427344992931e-01,  3.0833419606691869e+01,  4.1508788445326612e+00, -1.3010752916563486e+00,  4.5233525995482691e-03,  1.0774208717234919e+02,  6.1718143250915508e-04, -1.5000010866941755e+04,  3.0305276730907799e-01,  2.7936747619052622e+00, -1.6378775982106666e-03, -1.1941956462686418e+00, -1.4511444709855446e+00,  3.3019923734368151e+00,  2.7328816364904313e-01,  2.0604237930075588e+00, -1.0234544352634327e+01, -2.1003571168753151e+01,  0.0000000000000000e+00,  3.7702044269983823e+01,  3.9045466856816617e+01,  9.6379768675832636e+01,  0.0000000000000000e+00
 1.7982017982017981e-01,  6.3366706883719917e+02,  2.1481183559543510e-01,  3.0700258737108424e+01,  4.4023790136002932e+00, -1.3036250997895695e+00,  9.3425224180909861e-03,  1.1407985055295363e+02,  7.2333153368668297e-04, -1.5000011682554501e+04,  3.4578662825338036e-01,  2.7806529143251573e+00, -1.6424782680917892e-03, -1.1717306543359942e+00, -1.5514392966663859e+00,  3.0969758525297229e+00,  2.7328816364904313e-01,  2.4032237097110274e+00, -9.7557664197990270e+00, -1.9879276995586324e+01,  0.0000000000000000e+00,  3.0926499054051209e+01,  5.6805875296807578e+01,  1.2870392479216065e+02,  0.0000000000000000e+00
 1.8981018981018982e-01,  6.3367391896962260e+02,  2.3935609665043747e-01,  3.0570054284258923e+01,  4.6408944828632324e+00, -1.2931488878165631e+00,  1.4316956464341236e-02,  1.2041761909382703e+02,  8.4449146026368237e-04, -1.5000012375466415e+04,  3.9097054339784959e-01,  2.7676710671588785e+00, -1.6077582696751070e-03, -1.1461791885321577e+00, -1.6460648789735373e+00,  2.9048040218766484e+00,  2.7328816364904313e-01,  2.6822772986658379e+00, -9.1169635611701185e+00, -1.8503696756603798e+01,  0.0000000000000000e+00,  2.4940029454701758e+01,  7.1082457000699534e+01,  1.4668723905214057e+02,  0.0000000000000000e+00
 1.9980019980019981e-01,  6.3368063005708473e+02,  2.6472639520251584e-01,  3.0444057329961968e+01,  4.8659007072153395e+00, -1.2706047589441816e+00,  1.9355032059183298e-02,  1.2675539373845925e+02,  9.8277508662545309e-04, -1.5000012920940804e+04,  4.3847207271590993e-01,  2.7548546313321500e+00, -1.5322048186170506e-03, -1.1181387003166967e+00, -1.7335964107756792e+00,  2.7272716216285477e+00,  2.7328816364904313e-01,  2.9050345261828938e+00, -8.3520024279884986e+00, -1.6997501201451339e+01,  0.0000000000000000e+00,  1.9655967494212028e+01,  8.2062761862263244e+01,  1.5485311108938626e+02,  0.0000000000000000e+00
 2.0979020979020979e-01,  6.3368714447033040e+02,  2.9085889888623306e-01,  3.0323376626433557e+01,  5.0770496453521563e+00, -1.2371064473406110e+00,  2.4380764585261918e-02,  1.3309317535998289e+02,  1.1404504088557493e-03, -1.5000013295722571e+04,  4.8815441065937376e-01,  2.7423186288570807e+00, -1.4148734866438035e-03, -1.0881365406563757e+00, -1.8129380543579228e+00,  2.5651936082612372e+00,  2.7328816364904313e-01,  3.0781291632521719e+00, -7.4926822525167882e+00, -1.5442859371472496e+01,  0.0000000000000000e+00,  1.4997578847057486e+01,  8.9973137267173257e+01,  1.5638618327237876e+02,  0.0000000000000000e+00
 2.1978021978021978e-01,  6.3369341242864982e+02,  3.1769574967336628e-01,  3.0208969867367234e+01,  5.2741462484747297e+00, -1.1938802175748549e+00,  2.9334171732541475e-02,  1.3943096475892136e+02,  1.3199180816833977e-03, -1.5000013478283810e+04,  5.3987803699486414e-01,  2.7301663576562940e+00, -1.2552494926853794e-03, -1.0566376181338362e+00, -1.8833003518849056e+00,  2.4187229828378887e+00,  2.7328816364904313e-01,  3.2074727093680671e+00, -6.5684018579495875e+00, -1.3894836275249993e+01,  0.0000000000000000e+00,  1.0896999085344742e+01,  9.5067797725180441e+01,  1.5352804059136642e+02,  0.0000000000000000e+00
 2.2977022977022976e-01,  6.3369939217513411e+02,  3.4518414801889541e-01,  3.0101639165846422e+01,  5.4571277053903264e+00, -1.1422255018664678e+00,  3.4170576857298553e-02,  1.4576876266331007e+02,  1.5236915879684957e-03, -1.5000013449010794e+04,  5.9350214612271601e-01,  2.7184884681497756e+00, -1.0531200721466526e-03, -1.0240511718378329e+00, -1.9441748547165558e+00,  2.2875745018626361e+00,  2.7328816364904313e-01,  3.2983378524665317e+00, -5.6059273606647366e+00, -1.2389444356839416e+01,  0.0000000000000000e+00,  7.2942025629689589e+00,  9.7619596631246807e+01,  1.4785142147443125e+02,  0.0000000000000000e+00
 2.3976023976023975e-01,  6.3370504991615928e+02,  3.7327545755931024e-01,  3.0002030259225897e+01,  5.6260450876246599e+00, -1.0834794598582032e+00,  3.8859220777747318e-02,  1.5210656973048060e+02,  1.7543797646779181e-03, -1.5000013190336018e+04,  6.4888588026896521e-01,  2.7073624132688043e+00, -8.0846479378292530e-04, -9.9073676194069871e-01, -1.9953068925575277e+00,  2.1711816370468915e+00,  2.7328816364904313e-01,  3.3554320365279149e+00, -4.6292453455065692e+00, -1.0949366375070344e+01,  0.0000000000000000e+00,  4.1360530861231783e+00,  9.7912142803416856e+01,  1.4045219047573352e+02,  0.0000000000000000e+00
 2.4975024975024976e-01,  6.3371035957204015e+02,  4.0192438155754068e-01,  2.9910634959600340e+01,  5.7810470913543428e+00, -1.0189855539306714e+00,  4.3381479764020750e-02,  1.5844438654991040e+02,  2.0146720296068893e-03, -1.5000012686819569e+04,  7.0588938883543373e-01,  2.6968522322158006e+00, -5.2136721678183100e-04, -9.5700957270640596e-01, -2.0366672692121917e+00,  2.0688059429201715e+00,  2.7328816364904313e-01,  3.3829620397551747e+00, -3.6594891792371280e+00, -9.5880419011843827e+00,  0.0000000000000000e+00,  1.3754535599743603e+00,  9.6233041683726384e+01,  1.3208496919624088e+02,  0.0000000000000000e+00
 2.5974025974025972e-01,  6.3371530238275489e+02,  4.3108823985333783e-01,  2.9827796375302302e+01,  5.9223656183870750e+00, -9.5006615385511584e-01,  4.7728915310404151e-02,  1.6478221364666402e+02,  2.3073263612657918e-03, -1.5000011925184413e+04,  7.6437473353090624e-01,  2.6870086277836132e+00, -1.9194864021178585e-04, -9.2314511279474121e-01, -2.0684235594753524e+00,  1.9796123682919589e+00,  2.7328816364904313e-01,  3.3846905588279101e+00, -2.7149279393267625e+00, -8.3125937426763166e+00,  0.0000000000000000e+00, -1.0294040416117571e+00,  9.2868118546327892e+01,  1.2325975213707359e+02,  0.0000000000000000e+00
 2.6973026973026976e-01,  6.3371986640822820e+02,  4.6072635921438621e-01,  2.9753716442777932e+01,  6.0503029764009177e+00, -8.7799911641868467e-01,  5.1901317071060514e-02,  1.7112005148507521e+02,  2.6351598768149203e-03, -1.5000010894310426e+04,  8.2420665661630987e-01,  2.6778692972673395e+00,  1.7967716576048186e-04, -8.8938338771483927e-01, -2.0909115836842549e+00,  1.9027201538557095e+00,  2.7328816364904313e-01,  3.3639857705184517e+00, -1.8110086422058354e+00, -7.1259253265279279e+00,  0.0000000000000000e+00, -3.1156945779408831e+00,  8.8096524737280859e+01,  1.1431126477583140e+02,  0.0000000000000000e+00
 2.7972027972027974e-01,  6.3372404595744877e+02,  4.9079957922785300e-01,  2.9688465328002501e+01,  6.1652205101547333e+00, -8.0399822756233541e-01,  5.5904847318051003e-02,  1.7745790047243150e+02,  3.0010417185306480e-03, -1.5000009585192181e+04,  8.8525322761682834e-01,  2.6694594778429086e+00,  5.9343055872702812e-04, -8.5593260988727948e-01, -2.1046075483306139e+00,  1.8372362378918001e+00,  2.7328816364904313e-01,  3.3238647648955357e+00, -9.6044332297869217e-01, -6.0282209805252176e+00,  0.0000000000000000e+00, -4.9165307477687374e+00,  8.2186652171993828e+01,  1.0544914529391475e+02,  0.0000000000000000e+00
 2.8971028971028973e-01,  6.3372784097518922e+02,  5.2126986893490523e-01,  2.9631992281225426e+01,  6.2675285014744402e+00, -7.2919734577947981e-01,  5.9750353792517585e-02,  1.8379576096252086e+02,  3.4078878842396039e-03, -1.5000007990865503e+04,  9.4738638213313742e-01,  2.6617926686552069e+00,  1.0492769371487473e-03, -8.2297250330134208e-01, -2.1101012604670459e+00,  1.7822761782208401e+00,  2.7328816364904313e-01,  3.2670316481590755e+00, -1.7333320147967449e-01, -5.0180126078320155e+00,  0.0000000000000000e+00, -6.4614592228706114e+00,  7.5392794152109602e+01,  9.6794570919264316e+01,  0.0000000000000000e+00
 2.9970029970029971e-01,  6.3373125640966680e+02,  5.5210004522801992e-01,  2.9584137557259734e+01,  6.3576771974998634e+00, -6.5463804539517134e-01,  6.3451886802155383e-02,  1.9013363325897700e+02,  3.8586576077326955e-03, -1.5000006106307741e+04,  1.0104823648811845e+00,  2.6548714936667746e+00,  1.5472252228050576e-03, -7.9065725228170358e-01, -2.1080707491593786e+00,  1.7369762457273243e+00,  2.7328816364904313e-01,  3.1959110147976153e+00,  5.4267724272977724e-01, -4.0929284608519101e+00,  0.0000000000000000e+00, -7.7768915760937425e+00,  6.7952496778622702e+01,  8.8407275306152840e+01,  0.0000000000000000e+00
 3.0969030969030970e-01,  6.3373430157942221e+02,  5.8325358176642106e-01,  2.9544645044812633e+01,  6.4361488447931947e+00, -5.8126052630699543e-01,  6.7025434226111208e-02,  1.9647151761841923e+02,  4.3563508990095735e-03, -1.5000003928316617e+04,  1.0744220877720119e+00,  2.6486886714843099e+00,  2.0873171493743254e-03, -7.5911813737131983e-01, -2.0992585583146028e+00,  1.7004993857962265e+00,  2.7328816364904313e-01,  3.1126773964775798e+00,  1.1822229194487923e+00, -3.2502060918984372e+00,  0.0000000000000000e+00, -8.8864788115773727e+00,  6.0084547700524205e+01,  8.0305742958332573e+01,  0.0000000000000000e+00
 3.1968031968031968e-01,  6.3373698955318571e+02,  6.1469449618763161e-01,  2.9513175281627845e+01,  6.5034506221542552e+00, -5.0989753227123336e-01,  7.0487872957227832e-02,  2.0280941425342112e+02,  4.9040068808517681e-03, -1.5000001455372243e+04,  1.1390914126831251e+00,  2.6432280608278331e+00,  2.6696103797257749e-03, -7.2846589570872500e-01, -2.0844499116079542e+00,  1.6720370630720109e+00,  2.7328816364904313e-01,  3.0192812122577495e+00,  1.7420236043669235e+00, -2.4870278312433109e+00,  0.0000000000000000e+00, -9.8114372692326590e+00,  5.1987549420085706e+01,  7.2482544824823819e+01,  0.0000000000000000e+00
 3.2967032967032966e-01,  6.3373933655265375e+02,  6.4638730324508020e-01,  2.9489318566689885e+01,  6.5601083779119600e+00, -4.4127100231392696e-01,  7.3856125591418950e-02,  2.0914732333536438e+02,  5.5047025992312464e-03, -1.4999998687486690e+04,  1.2043813675488835e+00,  2.6384657529647457e+00,  3.2941581385948311e-03, -6.9879283842511108e-01, -2.0644528918936853e+00,  1.6508085200371194e+00,  2.7328816364904313e-01,  2.9174716722732938e+00,  2.2206778171708770e+00, -1.8007205049616670e+00,  0.0000000000000000e+00, -1.0570832635655414e+01,  4.3839023983265839e+01,  6.4916181896761302e+01,  0.0000000000000000e+00
 3.3966033966033965e-01,  6.3374136138494953e+02,  6.7829702186442675e-01,  2.9472607915717738e+01,  6.6066610885004264e+00, -3.7599116877745548e-01,  7.7146505435898793e-02,  2.1548524499724212e+02,  6.1615520338664121e-03, -1.4999995626045167e+04,  1.2701883034911132e+00,  2.6343711852319265e+00,  3.9609876464796979e-03, -6.7017475340556232e-01, -2.0400807244516930e+00,  1.6360586314044452e+00,  2.7328816364904313e-01,  2.8088170246023729e+00,  2.6184501413068770e+00, -1.1888496791307586e+00,  0.0000000000000000e+00, -1.1181827828062898e+01,  3.5794995308761365e+01,  5.7580357434586645e+01,  0.0000000000000000e+00
 3.4965034965034963e-01,  6.3374308490907106e+02,  7.1038922477409594e-01,  2.9462531641022093e+01,  6.6436559646234388e+00, -3.1455781030426810e-01,  8.0374229976171802e-02,  2.2182317933647209e+02,  6.8777050869350178e-03, -1.4999992273642520e+04,  1.3364139999073845e+00,  2.6309082526524605e+00,  4.6700792165487899e-03, -6.4267261815333543e-01, -2.0121362057536878e+00,  1.6270552796948465e+00,  2.7328816364904313e-01,  2.6947224817163704e+00,  2.9370564868180171e+00, -6.4923122185945037e-01,  0.0000000000000000e+00, -1.1659899657714845e+01,  2.7989995062568894e+01,  5.0451257711129287e+01,  0.0000000000000000e+00
 3.5964035964035962e-01,  6.3374452953878233e+02,  7.4263012019797170e-01,  2.9458545370966796e+01,  6.6716441395301826e+00, -2.5736336812052790e-01,  8.3553081887928246e-02,  2.2816112641776880e+02,  7.6563463790395459e-03, -1.4999988633918398e+04,  1.4029657237202482e+00,  2.6280363975641747e+00,  5.4213474583168549e-03, -6.1633414438026024e-01, -1.9813982771626217e+00,  1.6230869786200406e+00,  2.7328816364904313e-01,  2.5764461176366158e+00,  3.1794512578705061e+00, -1.7987848536437559e-01,  0.0000000000000000e+00, -1.2019028431052025e+01,  2.0537438102139461e+01,  4.3513160135184734e+01,  0.0000000000000000e+00
 3.6963036963036960e-01,  6.3374571878309303e+02,  7.7498665602674544e-01,  2.9460083357290230e+01,  6.6911768810796426e+00, -2.0469763871303043e-01,  8.6695196800861213e-02,  2.3449908627610714e+02,  8.5006937296345248e-03, -1.4999984711394087e+04,  1.4697562483550874e+00,  2.6257116600653490e+00,  6.2146256390676344e-03, -5.9119517324551096e-01, -1.9486107060959355e+00,  1.6234613039632906e+00,  2.7328816364904313e-01,  2.4551129885831293e+00,  3.3496198508107864e+00,  2.2109881275418233e-01,  0.0000000000000000e+00, -1.2271864005454596e+01,  1.3530314204506478e+01,  3.6762494948150518e+01,  0.0000000000000000e+00
 3.7962037962037964e-01,  6.3374667682460779e+02,  8.0742663787294688e-01,  2.9466568950009218e+01,  6.7028022755282324e+00, -1.5675376478842151e-01,  8.9810957809324882e-02,  2.4083705891979187e+02,  9.4139962428091365e-03, -1.4999980511313563e+04,  1.5367038374476365e+00,  2.6238876749049993e+00,  7.0496538979816989e-03, -5.6728093781516264e-01, -1.9144728056179505e+00,  1.6275045373164279e+00,  2.7328816364904313e-01,  2.3317276974776431e+00,  3.4523793827660536e+00,  5.5562856028309315e-01,  0.0000000000000000e+00, -1.2429871273863615e+01,  7.0421440929379333e+00,  3.0210360507137274e+01,  0.0000000000000000e+00
 3.8961038961038963e-01,  6.3374742813549881e+02,  8.3991885344879114e-01,  2.9477424149223346e+01,  6.7070623364690833e+00, -1.1363525866368657e-01,  9.2908977838474155e-02,  2.4717504433362802e+02,  1.0399531957800041e-02, -1.4999976039491003e+04,  1.6037321977763408e+00,  2.6225166031633740e+00,  7.9260716944582910e-03, -5.4460720726194156e-01, -1.8796320970496605e+00,  1.6345627736992165e+00,  2.7328816364904313e-01,  2.2071855952043151e+00,  3.4931900409469581e+00,  8.2582733950853726e-01,  0.0000000000000000e+00, -1.2503457601257898e+01,  1.1281496748771753e+00,  2.3883435093796198e+01,  0.0000000000000000e+00
 3.9960039960039961e-01,  6.3374799713057848e+02,  8.7243319678010001e-01,  2.9492078170605915e+01,  6.7044904971902373e+00, -7.5363807371820482e-02,  9.5996152210798630e-02,  2.5351304248217153e+02,  1.1460605056611266e-02, -1.4999971302166556e+04,  1.6707704054624224e+00,  2.6215499896508416e+00,  8.8434146030009399e-03, -5.2318132552336816e-01, -1.8446787988058235e+00,  1.6440045840598552e+00,  2.7328816364904313e-01,  2.0822827881593007e+00,  3.4779789547426758e+00,  1.0341523990030062e+00,  0.0000000000000000e+00, -1.2502084369153994e+01, -4.1734091329744629e+00,  1.7823241816996504e+01,  0.0000000000000000e+00
 4.0959040959040960e-01,  6.3374840785682727e+02,  9.0494078687732549e-01,  2.9509974986518301e+01,  6.6956094489907114e+00, -4.1887626206042188e-02,  9.9077765023619521e-02,  2.5985105331302447e+02,  1.2600542648690932e-02, -1.4999966305871862e+04,  1.7377528090754844e+00,  2.6209395393741644e+00,  9.8011153415459018e-03, -5.0300315555046704e-01, -1.8101420080438129e+00,  1.6552251592936822e+00,  2.7328816364904313e-01,  1.9577251015228323e+00,  3.4129780318368108e+00,  1.1835382361784570e+00,  0.0000000000000000e+00, -1.2434364495467602e+01, -8.8397756327796841e+00,  1.2083802785528741e+01,  0.0000000000000000e+00
 4.1958041958041958e-01,  6.3374868371870195e+02,  9.3741407661237219e-01,  2.9530579827386134e+01,  6.6809292917709753e+00, -1.3090146624823922e-02,  1.0215763423155805e-01,  2.6618907676013021e+02,  1.3822691175001447e-02, -1.4999961057306431e+04,  1.8046189129192793e+00,  2.6206378086577233e+00,  1.0798508736182651e-02, -4.8406593887955535e-01, -1.7764874295383548e+00,  1.6676517016658183e+00,  2.7328816364904313e-01,  1.8341361301212218e+00,  3.3045767708523508e+00,  1.2775025327635423e+00,  0.0000000000000000e+00, -1.2308147579134804e+01, -1.2862156816309218e+01,  6.7278493908053330e+00,  0.0000000000000000e+00
 4.2957042957042957e-01,  6.3374884723854416e+02,  9.6982694867306574e-01,  2.9553384648152051e+01,  6.6609459665582254e+00,  1.1201155115356883e-02,  1.0523828166920127e-01,  2.7252711274701687e+02,  1.5130412491345150e-02, -1.4999955563225689e+04,  1.8713132434461093e+00,  2.6205988085484213e+00,  1.1834840180310792e-02, -4.6635707902456852e-01, -1.7441164981366730e+00,  1.6807496854228239e+00,  2.7328816364904313e-01,  1.7120644930543261e+00,  3.1591906708211099e+00,  1.3202086300087943e+00,  0.0000000000000000e+00, -1.2130594161657179e+01, -1.6244140409945246e+01,  1.8219112776941468e+00,  0.0000000000000000e+00
 4.3956043956043955e-01,  6.3374891985139732e+02,  1.0021547965509643e+00,  2.9577912582243780e+01,  6.6361399425888123e+00,  3.1205961019811351e-02,  1.0832111570912828e-01,  2.7886516118993569e+02,  1.6527079703805309e-02, -1.4999949830341195e+04,  1.9377852014550316e+00,  2.6207785199662910e+00,  1.2909277037957790e-02, -4.4985885610124715e-01, -1.7133667368146563e+00,  1.6940294964711888e+00,  2.7328816364904313e-01,  1.5919903939552011e+00,  2.9831455057066822e+00,  1.3164756833230638e+00,  0.0000000000000000e+00, -1.1908240477987659e+01, -1.9000101645963241e+01, -2.5692472041774224e+00,  0.0000000000000000e+00
 4.4955044955044954e-01,  6.3374892173348712e+02,  1.0343745895209622e+00,  2.9603721420585373e+01,  6.6069751341946406e+00,  4.7182496984458693e-02,  1.1140661588170940e-01,  2.8520322200084195e+02,  1.8016072837936253e-02, -1.4999943865233279e+04,  2.0039889024649842e+00,  2.6211353216826869e+00,  1.4020922367134959e-02, -4.3454907914534374e-01, -1.6845131913293467e+00,  1.7070528958788291e+00,  2.7328816364904313e-01,  1.4743315754140154e+00,  2.7825774229709284e+00,  1.2717328292925663e+00,  0.0000000000000000e+00, -1.1647054993957727e+01, -2.1153628517734656e+01, -6.3882721727281888e+00,  0.0000000000000000e+00
 4.5954045954045952e-01,  6.3374887166351778e+02,  1.0664649214497497e+00,  2.9630406165789374e+01,  6.5738980250672023e+00,  5.9419230389124111e-02,  1.1449451060668221e-01,  2.9154129509017065e+02,  1.9600774428152355e-02, -1.4999937674276091e+04,  2.0698830074159393e+00,  2.6216303336126607e+00,  1.5168830297911162e-02, -4.2040168176730081e-01, -1.6577707843077447e+00,  1.7194387438097016e+00,  2.7328816364904313e-01,  1.3594487436447900e+00,  2.5633485601697537e+00,  1.1919195382543086e+00,  0.0000000000000000e+00, -1.1352487926241212e+01, -2.2735989815060567e+01, -9.5903486931309754e+00,  0.0000000000000000e+00
 4.6953046953046951e-01,  6.3374878691578147e+02,  1.0984060439874168e+00,  2.9657600721888198e+01,  6.5373369795373391e+00,  6.8226987980487874e-02,  1.1758394117662825e-01,  2.9787938036936578e+02,  2.1284565114874796e-02, -1.4999931263574839e+04,  2.1354305456363831e+00,  2.6222276790997108e+00,  1.6352022389524025e-02, -4.0738726608550779e-01, -1.6332974358813996e+00,  1.7308674720677264e+00,  2.7328816364904313e-01,  1.2476505278750205e+00,  2.3309776526802528e+00,  1.0833400164836615e+00,  0.0000000000000000e+00, -1.1029514870866652e+01, -2.3784665864337509e+01, -1.2147271565352588e+01,  0.0000000000000000e+00
 4.7952047952047949e-01,  6.3374868318387450e+02,  1.1301798852271545e+00,  2.9684978787911323e+01,  6.4977017223436349e+00,  7.3931582011313793e-02,  1.2067360721524886e-01,  3.0421747775313008e+02,  2.3070819334669763e-02, -1.4999924638914861e+04,  2.2005987318214029e+00,  2.6228946708551222e+00,  1.7569504309164433e-02, -3.9547359929227544e-01, -1.6111978042342132e+00,  1.7410838989842004e+00,  2.7328816364904313e-01,  1.1391980283502119e+00,  2.0905849271222534e+00,  9.5248423047383246e-01,  0.0000000000000000e+00, -1.0682675533999333e+01, -2.4341957792372700e+01, -1.4050056793814599e+01,  0.0000000000000000e+00
 4.8951048951048953e-01,  6.3374857453357754e+02,  1.1617700552537413e+00,  2.9712254029431442e+01,  6.4553829699968608e+00,  7.6867013209646715e-02,  1.2376189089577218e-01,  3.1055558716137239e+02,  2.4962901183186764e-02, -1.4999917805721927e+04,  2.2653587785901372e+00,  2.6236019259985000e+00,  1.8820282219184210e-02, -3.8462606671787114e-01, -1.5915275072675683e+00,  1.7498981260232476e+00,  2.7328816364904313e-01,  1.0343089974747748e+00,  1.8468504355250388e+00,  8.0583117218612699e-01,  0.0000000000000000e+00, -1.0316108447263117e+01, -2.4453687425389536e+01, -1.5309885475383970e+01,  0.0000000000000000e+00
 4.9950049950049952e-01,  6.3374847338320126e+02,  1.1931618401521036e+00,  2.9739179606045717e+01,  6.4107521983094102e+00,  7.7369300932012719e-02,  1.2684695911567592e-01,  3.1689370852083812e+02,  2.6964160522606088e-02, -1.4999910769033155e+04,  2.3296857060323819e+00,  2.6243234162415896e+00,  2.0103378325571977e-02, -3.7480808485721495e-01, -1.5742976956323143e+00,  1.7571844219050021e+00,  2.7328816364904313e-01,  9.3316169073146027e-01,  1.6039848803103778e+00,  6.4965098649572384e-01,  0.0000000000000000e+00, -9.9335823627495650e+00, -2.4167996728587539e+01, -1.5957387699835566e+01,  0.0000000000000000e+00
 5.0949050949050945e-01,  6.3374839050944070e+02,  1.2243421860392014e+00,  2.9765547134799444e+01,  6.3641615319702174e+00,  7.5770973971742081e-02,  1.2992684445649755e-01,  3.2323184176641934e+02,  2.9077929395057975e-02, -1.4999903533477735e+04,  2.3935581495099667e+00,  2.6250364596764522e+00,  2.1417845123842955e-02, -3.6598147749246740e-01, -1.5594798573113171e+00,  1.7628781657134718e+00,  2.7328816364904313e-01,  8.3589841763617434e-01,  1.3657119046887538e+00,  4.8982153743457346e-01,  0.0000000000000000e+00, -9.5385249109267409e+00, -2.3534252990861752e+01, -1.6040468002206843e+01,  0.0000000000000000e+00
 5.1948051948051943e-01,  6.3374833507653989e+02,  1.2552996745542859e+00,  2.9791185169979478e+01,  6.3159437432287735e+00,  7.2396240069245762e-02,  1.3299950701464522e-01,  3.2956998684214864e+02,  3.1307518791694335e-02, -1.4999896103266628e+04,  2.4569581668473930e+00,  2.6257216608855183e+00,  2.2762777973451522e-02, -3.5810681777157716e-01, -1.5470107444896819e+00,  1.7669710660095890e+00,  2.7328816364904313e-01,  7.4262881811672288e-01,  1.1352607721479231e+00,  3.3167223416590863e-01,  0.0000000000000000e+00, -9.1340489128670441e+00, -2.2602063743811939e+01, -1.5621022512179685e+01,  0.0000000000000000e+00
 5.2947052947052942e-01,  6.3374831468635341e+02,  1.2860244910387646e+00,  2.9815957278689616e+01,  6.2664123478232154e+00,  6.7556838289009741e-02,  1.3606288001695022e-01,  3.3590814370188906e+02,  3.3656215814442531e-02, -1.4999888482190343e+04,  2.5198710459268701e+00,  2.6263628062001660e+00,  2.4137325732549710e-02, -3.5114373886875666e-01, -1.5367973244012687e+00,  1.7695049835789245e+00,  2.7328816364904313e-01,  6.5343288625178186e-01,  9.1536832808280233e-01,  1.7986404903497663e-01,  0.0000000000000000e+00, -8.7229766464933274e+00, -2.1420403558024013e+01, -1.4770976151032551e+01,  0.0000000000000000e+00
 5.3946053946053951e-01,  6.3374833544672276e+02,  1.3165083864015326e+00,  2.9839759789357849e+01,  6.2158617872618809e+00,  6.1548566136889894e-02,  1.3911490253096429e-01,  3.4224631230973961e+02,  3.6127281254614771e-02, -1.4999880673623868e+04,  2.5822851135938021e+00,  2.6269467209120108e+00,  2.5540699285564093e-02, -3.4505121564866437e-01, -1.5287216670055099e+00,  1.7705647533029951e+00,  2.7328816364904313e-01,  5.6836376090362184e-01,  7.0828912304806635e-01,  3.8310322454279504e-02,  0.0000000000000000e+00, -8.3078622482082292e+00, -2.0036853289929923e+01, -1.3568079910422874e+01,  0.0000000000000000e+00
 5.4945054945054950e-01,  6.3374840205546172e+02,  1.3467446334367423e+00,  2.9862519287002108e+01,  6.1645676874565698e+00,  5.4648462608260451e-02,  1.4215354258881374e-01,  3.4858449264017997e+02,  3.8723947600101165e-02, -1.4999872680537816e+04,  2.6441915466789339e+00,  2.6274630951033022e+00,  2.6972177891426571e-02, -3.3978781956998294e-01, -1.5226456935711374e+00,  1.7702704245870020e+00,  2.7328816364904313e-01,  4.8745030121119037e-01,  5.1581257843594686e-01, -8.9861205686336029e-02,  0.0000000000000000e+00, -7.8910123822170961e+00, -1.8496950941416994e+01, -1.2091860023328261e+01,  0.0000000000000000e+00
 5.5944055944055948e-01,  6.3374851789718286e+02,  1.3767279781670021e+00,  2.9884189924879486e+01,  6.1127871845185968e+00,  4.7112619271867315e-02,  1.4517681374445432e-01,  3.5492268467798340e+02,  4.1449417471360973e-02, -1.4999864505514868e+04,  2.7055841858516492e+00,  2.6279042845259446e+00,  2.8431113366128351e-02, -3.3531194889119803e-01, -1.5184157213824141e+00,  1.7687693246179534e+00,  2.7328816364904313e-01,  4.1069946378278888e-01,  3.3928609033118351e-01, -2.0230817949611485e-01,  0.0000000000000000e+00, -7.4745052709488897e+00, -1.6843651977156640e+01, -1.0420024133389470e+01,  0.0000000000000000e+00
 5.6943056943056947e-01,  6.3374868515018818e+02,  1.4064545866428848e+00,  2.9904750617239532e+01,  6.0607593092733421e+00,  3.9174583970279828e-02,  1.4818278757619963e-01,  3.6126088841792716e+02,  4.4306862476236747e-02, -1.4999856150770589e+04,  2.7664593529345129e+00,  2.6282650926387343e+00,  2.9916932186554369e-02, -3.3158203607781933e-01, -1.5158667507073775e+00,  1.7662283031185482e+00,  2.7328816364904313e-01,  3.3809849753591631e-01,  1.7964299513187720e-01, -2.9744078954119907e-01,  0.0000000000000000e+00, -7.0602081716750078e+00, -1.5116895681744499e+01, -8.6255243976364024e+00,  0.0000000000000000e+00
 5.7942057942057945e-01,  6.3374890490069913e+02,  1.4359219875455138e+00,  2.9924202172462294e+01,  6.0087054227320476e+00,  3.1044315698405503e-02,  1.5116960403111337e-01,  3.6759910386433324e+02,  4.7299422465007221e-02, -1.4999847618177746e+04,  2.8268156722312092e+00,  2.6285425395248883e+00,  3.1429135661583528e-02, -3.2855673415521569e-01, -1.5148264507504086e+00,  1.7628264517000474e+00,  2.7328816364904313e-01,  2.6961697125897921e-01,  3.7434360679701448e-02, -3.7436335483419880e-01,  0.0000000000000000e+00, -6.6497933889678071e+00, -1.3353272935581101e+01, -6.7743731740221431e+00,  0.0000000000000000e+00
 5.8941058941058944e-01,  6.3374917726180342e+02,  1.4651290109096753e+00,  2.9942564420042768e+01,  5.9568296953870199e+00,  2.2907644630982452e-02,  1.5413548087620460e-01,  3.7393733103047072e+02,  5.0430205160183234e-02, -1.4999838909293321e+04,  2.8866538963480486e+00,  2.6287356229716941e+00,  3.2967298360715810e-02, -3.2619508360511246e-01, -1.5151188114330578e+00,  1.7587485158091736e+00,  2.7328816364904313e-01,  2.0520864801850966e-01, -8.7136381614034059e-02, -4.3279787202536940e-01,  0.0000000000000000e+00, -6.2447529237741959e+00, -1.1585789671624759e+01, -4.9242171676502178e+00,  0.0000000000000000e+00
 5.9940059940059942e-01,  6.3374950149464780e+02,  1.4940757233007553e+00,  2.9959873378830334e+01,  5.9053196237735577e+00,  1.4926188017333386e-02,  1.5707872294447822e-01,  3.8027556993785083e+02,  5.3702286130338575e-02, -1.4999830025387415e+04,  2.9459767369225340e+00,  2.6288450765150548e+00,  3.4531065020540680e-02, -3.2445666126773298e-01, -1.5165674373960436e+00,  1.7541791415696704e+00,  2.7328816364904313e-01,  1.4481321947109141e-01, -1.9417688589768858e-01, -4.7299680020348278e-01,  0.0000000000000000e+00, -5.8464118714189448e+00, -9.8437192859628837e+00, -3.1236082536080869e+00,  0.0000000000000000e+00
 6.0939060939060941e-01,  6.3374987612959819e+02,  1.5227633598264512e+00,  2.9976178507775945e+01,  5.8543465782738942e+00,  7.2376706438027861e-03,  1.5999773138901097e-01,  3.8661382061544379e+02,  5.7118709073660963e-02, -1.4999820967473343e+04,  3.0047887006107659e+00,  2.6288731287467737e+00,  3.6120146166492118e-02, -3.2330171258670903e-01, -1.5189984694929517e+00,  1.7492980302906225e+00,  2.7328816364904313e-01,  8.8357911979236439e-02, -2.8406827320221467e-01, -4.9565151553905146e-01,  0.0000000000000000e+00, -5.4559406884504273e+00, -8.1525364524032504e+00, -1.4118657565727666e+00,  0.0000000000000000e+00
 6.1938061938061939e-01,  6.3375029908531110e+02,  1.5511942534292358e+00,  2.9991540074299518e+01,  5.8040663766298399e+00, -4.3402331038051025e-05,  1.6289101280900037e-01,  3.9295208309884470e+02,  6.0682486374750100e-02, -1.4999811736338264e+04,  3.0630959306282781e+00,  2.6288232676633121e+00,  3.7734312693321448e-02, -3.2269126842099499e-01, -1.5222431271703136e+00,  1.7442760143860729e+00,  2.7328816364904313e-01,  3.5758975221366153e-02, -3.5742721734221072e-01, -5.0180171306007959e-01,  0.0000000000000000e+00, -5.0743664504752077e+00, -6.5339241644239596e+00,  1.8059621286294200e-01,  0.0000000000000000e+00
 6.2937062937062938e-01,  6.3375076778390780e+02,  1.5793717619745113e+00,  3.0006026669368730e+01,  5.7546198780860474e+00, -6.8247722545379270e-03,  1.6575718789164631e-01,  3.9929035742941267e+02,  6.4396599897285287e-02, -1.4999802332573778e+04,  3.1209060540860549e+00,  2.6287000133122334e+00,  3.9373389644573466e-02, -3.2258724754732110e-01, -1.5261398724368520e+00,  1.7392720220376738e+00,  2.7328816364904313e-01, -1.3076937209033178e-02, -4.1506842402160132e-01, -4.9274975421790379e-01,  0.0000000000000000e+00, -4.7025832180907434e+00, -5.0058454127900447e+00,  1.6316059473406461e+00,  0.0000000000000000e+00
 6.3936063936063936e-01,  6.3375127926070513e+02,  1.6073001937111253e+00,  3.0019712892567622e+01,  5.7061335935085626e+00, -1.3035204666407200e-02,  1.6859499911117184e-01,  4.0562864365340448e+02,  6.8264001975326019e-02, -1.4999792756605952e+04,  3.1782280353145529e+00,  2.6285087014758943e+00,  4.1037249421101131e-02, -3.2295254588770894e-01, -1.5305362025753406e+00,  1.7344308644516493e+00,  2.7328816364904313e-01, -5.8251486871532428e-02, -4.5796810491600809e-01, -4.6998271070666203e-01,  0.0000000000000000e+00, -4.3413616243416095e+00, -3.5826707022701956e+00,  2.9263561636099515e+00,  0.0000000000000000e+00
 6.4935064935064934e-01,  6.3375183026722243e+02,  1.6349847317273369e+00,  3.0032677224904422e+01,  5.6587203072172567e+00, -1.8623067137377717e-02,  1.7140331702029002e-01,  4.1196694182112134e+02,  7.2287616566990953e-02, -1.4999783008724353e+04,  3.2350720353235261e+00,  2.6282552806293231e+00,  4.2725804633193649e-02, -3.2375111341888019e-01, -1.5352900843232857e+00,  1.7298817580874908e+00,  2.7328816364904313e-01, -9.9873461897574137e-02, -4.8722896061748261e-01, -4.3510374109088640e-01,  0.0000000000000000e+00, -3.9913577758719443e+00, -2.2753526091650045e+00,  4.0564135534683414e+00,  0.0000000000000000e+00
 6.5934065934065933e-01,  6.3375241736645353e+02,  1.6624313580514916e+00,  3.0045000101923797e+01,  5.6124797066384389e+00, -2.3554754214206615e-02,  1.7418114473438817e-01,  4.1830525198608387e+02,  7.6470340535894868e-02, -1.4999773089109718e+04,  3.2914492775039497e+00,  2.6279461239276523e+00,  4.4439000791890323e-02, -3.2494801965189624e-01, -1.5402710469433223e+00,  1.7257374830112719e+00,  2.7328816364904313e-01, -1.3805767435596361e-01, -5.0404709929534497e-01, -3.8977351157822687e-01,  0.0000000000000000e+00, -3.6531215582976344e+00, -1.0916387541430368e+00,  5.0186983949660977e+00,  0.0000000000000000e+00
 6.6933066933066931e-01,  6.3375303701964890e+02,  1.6896467780505644e+00,  3.0056762194897995e+01,  5.5674990162281484e+00, -2.7813003514164811e-02,  1.7692762031898987e-01,  4.2464357420424818e+02,  8.0815045027843660e-02, -1.4999762997859938e+04,  3.3473719196403384e+00,  2.6275878575235669e+00,  4.6176809013896876e-02, -3.2650950851090743e-01, -1.5453609554380778e+00,  1.7220940755384753e+00,  2.7328816364904313e-01, -1.7292393796994873e-01, -5.0968123340140892e-01, -3.3566165418907978e-01,  0.0000000000000000e+00, -3.3271044172221882e+00, -3.6314893890962374e-02,  5.8144954543411487e+00,  0.0000000000000000e+00
 6.7932067932067930e-01,  6.3375368566409918e+02,  1.7166383457617920e+00,  3.0068042903508971e+01,  5.5238536324392999e+00, -3.1395143692439592e-02,  1.7964201692344262e-01,  4.3098190853327196e+02,  8.5324576912752484e-02, -1.4999752735014124e+04,  3.4028529322669208e+00,  2.6271872060917119e+00,  4.7939218892329029e-02, -3.2840304338755955e-01, -1.5504544881701237e+00,  1.7190309564540476e+00,  2.7328816364904313e-01, -2.0459612121370280e-01, -5.0542441613552835e-01, -2.7440774182054717e-01,  0.0000000000000000e+00, -3.0136666681773767e+00,  8.8852971052023422e-01,  6.4485378018390920e+00,  0.0000000000000000e+00
 6.8931068931068928e-01,  6.3375435978163773e+02,  1.7434139907550634e+00,  3.0078919059524246e+01,  5.4816077568085211e+00, -3.4311311383386056e-02,  1.8232374063911025e-01,  4.3732025503183866e+02,  9.0001760264445188e-02, -1.4999742300574591e+04,  3.4579059833694785e+00,  2.6267508560483130e+00,  4.9726231663127479e-02, -3.3059734310059180e-01, -1.5554593453708556e+00,  1.7166114033742286e+00,  2.7328816364904313e-01, -2.3320127136252050e-01, -4.9257850377038587e-01, -2.0759092335959198e-01,  0.0000000000000000e+00, -2.7130843916159324e+00,  1.6832219449812964e+00,  6.9281892540441419e+00,  0.0000000000000000e+00
 6.9930069930069927e-01,  6.3375505595778532e+02,  1.7699821470700043e+00,  3.0089463837525720e+01,  5.4408150245227604e+00, -3.6582670389681896e-02,  1.8497232618469839e-01,  4.4365861375904393e+02,  9.4849397853818726e-02, -1.4999731694526607e+04,  3.5125453294058846e+00,  2.6262853366028729e+00,  5.1537853775050456e-02, -3.3306240944874876e-01, -1.5602962165171843e+00,  1.7148832856576521e+00,  2.7328816364904313e-01, -2.5886880553359309e-01, -4.7243146015150478e-01, -1.3670717359795151e-01,  0.0000000000000000e+00, -2.4255559494327987e+00,  2.3502161875187038e+00,  7.2627374482362823e+00,  0.0000000000000000e+00
 7.0929070929070925e-01,  6.3375577093164145e+02,  1.7963516847057706e+00,  3.0099745865777003e+01,  5.4015191260926656e+00, -3.8239662452191903e-02,  1.8758743062536501e-01,  4.4999698477384766e+02,  9.9870272633738821e-02, -1.4999720916855860e+04,  3.5667857125924050e+00,  2.6257969184664161e+00,  5.3374090950094828e-02, -3.3576954700735689e-01, -1.5648985353838727e+00,  1.7138799913143294e+00,  2.7328816364904313e-01, -2.8172976503016711e-01, -4.4623755635691070e-01, -6.3153044871711972e-02,  0.0000000000000000e+00, -2.1512081417813214e+00,  2.8938033521590287e+00,  7.4627991227568815e+00,  0.0000000000000000e+00
 7.1928071928071924e-01,  6.3375650163678495e+02,  1.8225318440677549e+00,  3.0109828527806158e+01,  5.3637544200098937e+00, -3.9320314958838011e-02,  1.9016882541067923e-01,  4.5633536813459278e+02,  1.0506714919691112e-01, -1.4999709967563618e+04,  3.6206422643794705e+00,  2.6252915297678658e+00,  5.5234942801325147e-02, -3.3869137578301783e-01, -1.5692120518090307e+00,  1.7136214865593162e+00,  2.7328816364904313e-01, -3.0191612965247866e-01, -4.1520046192459009e-01,  1.1785181532918127e-02,  0.0000000000000000e+00, -1.8901020556054569e+00,  3.3198229531915704e+00,  7.5398338034500707e+00,  0.0000000000000000e+00
 7.2927072927072922e-01,  6.3375724523357655e+02,  1.8485321736975953e+00,  3.0119769443224808e+01,  5.3275465345005468e+00, -3.9868627014941711e-02,  1.9271638706841734e-01,  4.6267376389859061e+02,  1.1044277519079790e-01, -1.4999698846679583e+04,  3.6741304150197824e+00,  2.6247746884969438e+00,  5.7120398056594128e-02, -3.4180183731010372e-01, -1.5731942489088395e+00,  1.7141154594768253e+00,  2.7328816364904313e-01, -3.1956018885286641e-01, -3.8045917446792687e-01,  8.6937973297655263e-02,  0.0000000000000000e+00, -1.6422385963121691e+00,  3.6353827956324012e+00,  7.5057551078503115e+00,  0.0000000000000000e+00
 7.3926073926073921e-01,  6.3375799913336505e+02,  1.8743624715347111e+00,  3.0129620114683028e+01,  5.2929129567067212e+00, -3.9933051462900430e-02,  1.9523008691705218e-01,  4.6901217212177130e+02,  1.1599988267638404e-01, -1.4999687554272514e+04,  3.7272658091130646e+00,  2.6242514505975385e+00,  5.9030430419634600e-02, -3.4507619474111706e-01, -1.5768136337164818e+00,  1.7153585090028258e+00,  2.7328816364904313e-01, -3.3479396674096845e-01, -3.4307669190536216e-01,  1.6125557281463435e-01,  0.0000000000000000e+00, -1.4075637368862219e+00,  3.8485902133926388e+00,  7.3726283154490053e+00,  0.0000000000000000e+00
 7.4925074925074930e-01,  6.3375876101518020e+02,  1.9000327298820463e+00,  3.0139425726648408e+01,  5.2598636078338776e+00, -3.9565086759033058e-02,  1.9770998016289232e-01,  4.7535059285839719e+02,  1.2174118942020749e-01, -1.4999676090458697e+04,  3.7800642269954472e+00,  2.6237263726787314e+00,  6.0964995084554316e-02, -3.4849102745477845e-01, -1.5800489280677879e+00,  1.7173373490435513e+00,  2.7328816364904313e-01, -3.4774869816305715e-01, -3.0403129576959498e-01,  2.3380836566251947e-01,  0.0000000000000000e+00, -1.1859734938159192e+00,  3.9682980929879066e+00,  7.1524408126975256e+00,  0.0000000000000000e+00
 7.5924075924075929e-01,  6.3375952883555908e+02,  1.9255530841780868e+00,  3.0149225080869311e+01,  5.2284014029939607e+00, -3.8817989134248720e-02,  2.0015619473197144e-01,  4.8168902616083557e+02,  1.2766940011153161e-01, -1.4999664455408374e+04,  3.8325415118272037e+00,  2.6232034881895676e+00,  6.2924025905897851e-02, -3.5202422067844091e-01, -1.5828881850805097e+00,  1.7200300048202588e+00,  2.7328816364904313e-01, -3.5855435317803636e-01, -2.6421028495892268e-01,  3.0378525373097243e-01,  0.0000000000000000e+00, -9.7731864018251979e-01,  4.0038682713089848e+00,  6.8569321786064252e+00,  0.0000000000000000e+00
 7.6923076923076927e-01,  6.3376030083219109e+02,  1.9509337656132935e+00,  3.0159050652905634e+01,  5.1985227946533472e+00, -3.7745612218451942e-02,  2.0256892015627409e-01,  4.8802747207938785e+02,  1.3378720749883288e-01, -1.4999652649350268e+04,  3.8847135022202015e+00,  2.6226862958163553e+00,  6.4907433214156401e-02, -3.5565495059519875e-01, -1.5853278548401939e+00,  1.7234069844827316e+00,  2.7328816364904313e-01, -3.6733920738227560e-01, -2.2440597649391794e-01,  3.7049056809671865e-01,  0.0000000000000000e+00, -7.8140917150618050e-01,  3.9649542833849685e+00,  6.4974717574159691e+00,  0.0000000000000000e+00
 7.7922077922077926e-01,  6.3376107552209089e+02,  1.9761850575728872e+00,  3.0168928753951604e+01,  5.1702182987616956e+00, -3.6401378323624861e-02,  2.0494839679317634e-01,  4.9436593066217017e+02,  1.4009729344188598e-01, -1.4999640672574353e+04,  3.9365959702358624e+00,  2.6221777588049027e+00,  6.6915102255891465e-02, -3.5936366538138348e-01, -1.5873718209744940e+00,  1.7274324137732402e+00,  2.7328816364904313e-01, -3.7422945562714771e-01, -1.8531377297905480e-01,  4.3333993910103236e-01,  0.0000000000000000e+00, -5.9801852711721015e-01,  3.8613048602906384e+00,  6.0849723176476491e+00,  0.0000000000000000e+00
 7.8921078921078924e-01,  6.3376185169501525e+02,  2.0013172558400796e+00,  3.0178879782299767e+01,  5.1434730027928026e+00, -3.4837382876942775e-02,  2.0729490560994138e-01,  5.0070440195504148e+02,  1.4660232987764385e-01, -1.4999628525433031e+04,  3.9882045645756059e+00,  2.6216803138823566e+00,  6.8946892228465673e-02, -3.6313206259574116e-01, -1.5890304277268883e+00,  1.7320651251241108e+00,  2.7328816364904313e-01, -3.7934886676681634e-01, -1.4753208508665239e-01,  4.9185543789645392e-01,  0.0000000000000000e+00, -4.2688758304445523e-01,  3.7025890557683261e+00,  5.6298305411957479e+00,  0.0000000000000000e+00
 7.9920079920079923e-01,  6.3376262840283152e+02,  2.0263406324544224e+00,  3.0188918549167543e+01,  5.1182670550725167e+00, -3.3103631085580003e-02,  2.0960875871543347e-01,  5.0704288600157469e+02,  1.5330497969982038e-01, -1.4999616208340887e+04,  4.0395547587783645e+00,  2.6211958884508957e+00,  7.1002635871699915e-02, -3.6694306331878240e-01, -1.5903195149822194e+00,  1.7372596952496928e+00,  2.7328816364904313e-01, -3.8281847717473855e-01, -1.1156389100184981e-01,  5.4566021703139067e-01,  0.0000000000000000e+00, -2.6772842062157037e-01,  3.4982434000091565e+00,  5.1418862416185869e+00,  0.0000000000000000e+00
 8.0919080919080921e-01,  6.3376340494552619e+02,  2.0512654030887427e+00,  3.0199054664192211e+01,  5.0945761349020389e+00, -3.1247403805075420e-02,  2.1189029077172075e-01,  5.1338138284306569e+02,  1.6020789755358408e-01, -1.4999603721773199e+04,  4.0906618042339717e+00,  2.6207259247458277e+00,  7.3082139572558699e-02, -3.7078078341841325e-01, -1.5912594764981540e+00,  1.7429674271627000e+00,  2.7328816364904313e-01, -3.8475632083529776e-01, -7.7819712896218890e-02,  5.9447280613348830e-01,  0.0000000000000000e+00, -1.2022788022238058e-01,  3.2573410567381553e+00,  4.6303940966213606e+00,  0.0000000000000000e+00
 8.1918081918081920e-01,  6.3376418085451508e+02,  2.0761016977846185e+00,  3.0209292966661781e+01,  5.0723719031080430e+00, -2.9312747773462631e-02,  2.1413985137126337e-01,  5.1971989251857576e+02,  1.6731373054806306e-01, -1.4999591066263372e+04,  4.1415406878166250e+00,  2.6202714096904125e+00,  7.5185183934139060e-02, -3.7463050229651063e-01, -1.5918743544007252e+00,  1.7491372737938184e+00,  2.7328816364904313e-01, -3.8527719390096227e-01, -4.6621792602388169e-02,  6.3810116406057960e-01,  0.0000000000000000e+00,  1.5949092476339587e-02,  2.9884825860867581e+00,  4.1040031603823310e+00,  0.0000000000000000e+00
 8.2917082917082918e-01,  6.3376495587387751e+02,  2.1008595348698353e+00,  3.0219633989454355e+01,  5.0516224327645958e+00, -2.7340083858948264e-02,  2.1635779842260924e-01,  5.2605841506500303e+02,  1.7462511889044377e-01, -1.4999578242399466e+04,  4.1922060939394177e+00,  2.6198329092360919e+00,  7.7311524756739261e-02, -3.7847862945040051e-01, -1.5921909808458541e+00,  1.7557167011699044e+00,  2.7328816364904313e-01, -3.8449245167895374e-01, -1.8209254227472171e-02,  6.7643654868465908e-01,  0.0000000000000000e+00,  1.4115630036976667e-01,  2.6997075965714279e+00,  3.5707408413583872e+00,  0.0000000000000000e+00
 8.3916083916083917e-01,  6.3376572994009598e+02,  2.1255487978709042e+00,  3.0230074443674969e+01,  5.0322926199362117e+00, -2.5365925740428018e-02,  2.1854449255008604e-01,  5.3239695051717774e+02,  1.8214469644632689e-01, -1.4999565250820000e+04,  4.2426723708287293e+00,  2.6194106060468649e+00,  7.9460894376533836e-02, -3.8231266916322298e-01, -1.5922381756640114e+00,  1.7626524895517537e+00,  2.7328816364904313e-01, -3.8250983608327149e-01,  7.2559500500319601e-03,  7.0944723852464431e-01,  0.0000000000000000e+00,  2.5576334188582228e-01,  2.3984262997849011e+00,  3.0379992646066647e+00,  0.0000000000000000e+00
 8.4915084915084915e-01,  6.3376650316083510e+02,  2.1501792152286483e+00,  3.0240607713076145e+01,  5.0143445743871391e+00, -2.3422700484524484e-02,  2.2070029248153472e-01,  5.3873549890797779e+02,  1.8987509123168689e-01, -1.4999552092209169e+04,  4.2929535008162176e+00,  2.6190043394674234e+00,  8.1633003306292098e-02, -3.8612118361789843e-01, -1.5920460068188804e+00,  1.7698914711703968e+00,  2.7328816364904313e-01, -3.7943333165737225e-01,  2.9682503807219523e-02,  7.3717212482330841e-01,  0.0000000000000000e+00,  3.6015284417920179e-01,  2.0913697624040508e+00,  2.5125229723858933e+00,  0.0000000000000000e+00
 8.5914085914085914e-01,  6.3376727579324324e+02,  2.1747603426241708e+00,  3.0251224348498699e+01,  4.9977379902894583e+00, -2.1538661783998072e-02,  2.2282555137292137e-01,  5.4507406026846002e+02,  1.9781892584228103e-01, -1.4999538767291649e+04,  4.3430630744459853e+00,  2.6186136468038144e+00,  8.3827542122557067e-02, -3.8989375471082283e-01, -1.5916451186448861e+00,  1.7773812033344372e+00,  2.7328816364904313e-01, -3.7536304834027062e-01,  4.9042779731140212e-02,  7.5971418634088039e-01,  0.0000000000000000e+00,  4.5471787590455104e-01,  1.7845574775648727e+00,  2.0003977434320164e+00,  0.0000000000000000e+00
 8.6913086913086912e-01,  6.3376804822221038e+02,  2.1993015477253164e+00,  3.0261912553746718e+01,  4.9824304970423299e+00, -1.9737886161782067e-02,  2.2492061399960839e-01,  5.5141263462800293e+02,  2.0597881782667840e-01, -1.4999525276827104e+04,  4.3930142681952988e+00,  2.6182378050402573e+00,  8.6044183544649058e-02, -3.9362094482349824e-01, -1.5910661310999765e+00,  1.7850705757925922e+00,  2.7328816364904313e-01, -3.7039512921441858e-01,  6.5365647997293552e-02,  7.7723386003074535e-01,  0.0000000000000000e+00,  5.3985953309102530e-01,  1.4832807493190281e+00,  1.5070409292789377e+00,  0.0000000000000000e+00
 8.7912087912087911e-01,  6.3376882093895983e+02,  2.2238119971692409e+00,  3.0272658655492400e+01,  4.9683779903870686e+00, -1.8040342202138800e-02,  2.2698581473081708e-01,  5.5775122201445777e+02,  2.1435738000924490e-01, -1.4999511621604544e+04,  4.4428198256087068e+00,  2.6178758722140625e+00,  8.8282584652664683e-02, -3.9729425679302899e-01, -1.5903391116918932e+00,  1.7929103513869995e+00,  2.7328816364904313e-01, -3.6462168153678681e-01,  7.8729189685609643e-02,  7.8994232678589082e-01,  0.0000000000000000e+00,  6.1598469197086259e-01,  1.1921002966818544e+00,  1.0371941151011865e+00,  0.0000000000000000e+00
 8.8911088911088909e-01,  6.3376959452030371e+02,  2.2483006456041408e+00,  3.0283447550971861e+01,  4.9555349440681109e+00, -1.6462022823889082e-02,  2.2902147619584190e-01,  5.6408982245430468e+02,  2.2295722076944091e-01, -1.4999497802436641e+04,  4.4924920416477452e+00,  2.6175267277703647e+00,  9.0542389194198464e-02, -4.0090609330575172e-01, -1.5894931203170473e+00,  1.8008536392648378e+00,  2.7328816364904313e-01, -3.5813072942262603e-01,  8.9253449079413016e-02,  7.9809474098895417e-01,  0.0000000000000000e+00,  6.8350392128411863e-01,  9.1485643395758243e-01,  5.9491920835209799e-01,  0.0000000000000000e+00
 8.9910089910089908e-01,  6.3377036960883675e+02,  2.2727762266219482e+00,  3.0294263128364680e+01,  4.9438547023487196e+00, -1.5015130737920237e-02,  2.3102790854725272e-01,  5.7042843597280989e+02,  2.3178094428368076e-01, -1.4999483820154101e+04,  4.5420427500612801e+00,  2.6171891113176429e+00,  9.2823229932708237e-02, -4.0444971592235218e-01, -1.5885558259960009e+00,  1.8088563002579077e+00,  2.7328816364904313e-01, -3.5100618659863236e-01,  9.7093342188012979e-02,  8.0198344278045963e-01,  0.0000000000000000e+00,  7.4282955207941181e-01,  6.5469016638413113e-01,  1.8359889030729276e-01,  0.0000000000000000e+00
 9.0909090909090906e-01,  6.3377114689429720e+02,  2.2972472454233017e+00,  3.0305088655832453e+01,  4.9332897537427645e+00, -1.3708307509541882e-02,  2.3300540922681690e-01,  5.7676706259418268e+02,  2.4083115073578318e-01, -1.4999469675600187e+04,  4.5914833135850603e+00,  2.6168616593022014e+00,  9.5124730994161286e-02, -4.0791920392710301e-01, -1.5875531934002038e+00,  1.8168772844752366e+00,  2.7328816364904313e-01, -3.4332784771673303e-01,  1.0243182232358579e-01,  8.0193120333380852e-01,  0.0000000000000000e+00,  7.9437389207684117e-01,  4.1407355675754637e-01, -1.9405722752684368e-01,  0.0000000000000000e+00
 9.1908091908091905e-01,  6.3377192709627491e+02,  2.3217219730659093e+00,  3.0315907136213042e+01,  4.9237919863705830e+00, -1.2546897053172882e-02,  2.3495426314359530e-01,  5.8310570234172803e+02,  2.5011043650172826e-01, -1.4999455369625475e+04,  4.6408246167830374e+00,  2.6165429392135584e+00,  9.7446510172724779e-02, -4.1130941317942976e-01, -1.5865092361393858e+00,  1.8248789017231186e+00,  2.7328816364904313e-01, -3.3517139677678381e-01,  1.0547338731095456e-01,  7.9828456279338023e-01,  0.0000000000000000e+00,  8.3854758610099700e-01,  1.9484775371368021e-01, -5.3600020866688558e-01,  0.0000000000000000e+00
 9.2907092907092903e-01,  6.3377271094840182e+02,  2.3462084421572000e+00,  3.0326701625316947e+01,  4.9153129253879859e+00, -1.1533234900239475e-02,  2.3687474317968779e-01,  5.8944435523799450e+02,  2.5962139431404357e-01, -1.4999440903082885e+04,  4.6900770613475196e+00,  2.6162314810217433e+00,  9.9788181160691491e-02, -4.1461593513143435e-01, -1.5854458330143706e+00,  1.8328270259895898e+00,  2.7328816364904313e-01, -3.2660843124995764e-01,  1.0643799715772423e-01,  7.9140732709453565e-01,  0.0000000000000000e+00,  8.7575811236959700e-01, -1.7328623903919576e-03, -8.4082237824181749e-01,  0.0000000000000000e+00
 9.3906093906093902e-01,  6.3377349918412142e+02,  2.3707144438616350e+00,  3.0337455512643409e+01,  4.9078039529732935e+00, -1.0666955179783217e-02,  2.3876711094681985e-01,  5.9578302130491409e+02,  2.6936661341068924e-01, -1.4999426276823064e+04,  4.7392505636800193e+00,  2.6159258056310533e+00,  1.0214935567245233e-01, -4.1783505616144689e-01, -1.5843826028295411e+00,  1.8406912359308016e+00,  2.7328816364904313e-01, -3.1770650056558758e-01,  1.0555545597731286e-01,  7.8167429476736716e-01,  0.0000000000000000e+00,  9.0640841064129019e-01, -1.7495188192796388e-01, -1.1077306936573137e+00,  0.0000000000000000e+00
 9.4905094905094900e-01,  6.3377429252409331e+02,  2.3952475261020467e+00,  3.0348152764120641e+01,  4.9012165113882116e+00, -9.9453079149309075e-03,  2.4063161772568914e-01,  6.0212170056393347e+02,  2.7934867967281202e-01, -1.4999411491690138e+04,  4.7883545545799118e+00,  2.6156244502119415e+00,  1.0452964543704314e-01, -4.2096371736051702e-01, -1.5833368328949438e+00,  1.8484448940169098e+00,  2.7328816364904313e-01, -3.0852915767264782e-01,  1.0306029778963272e-01,  7.6946528550610127e-01,  0.0000000000000000e+00,  9.3089563652524610e-01, -3.2457878724560196e-01, -1.3365129604481021e+00,  0.0000000000000000e+00
 9.5904095904095898e-01,  6.3377509166525647e+02,  2.4198149928428063e+00,  3.0358778127173988e+01,  4.8955022896546287e+00, -9.3634799481673789e-03,  2.4246850552916493e-01,  6.0846039303613543e+02,  2.8957017575521027e-01, -1.4999396548517881e+04,  4.8373979808734742e+00,  2.6153259903430310e+00,  1.0692866403851077e-01, -4.2399947489616513e-01, -1.5823234560205575e+00,  1.8560651677091453e+00,  2.7328816364904313e-01, -2.9913602244149745e-01,  9.9187202665188517e-02,  7.5515953993396967e-01,  0.0000000000000000e+00,  9.4961003675072453e-01, -4.5081485666801230e-01, -1.5274973030918058e+00,  0.0000000000000000e+00
 9.6903096903096908e-01,  6.3377589727154327e+02,  2.4444239043504163e+00,  3.0369317299036265e+01,  4.8906133944113668e+00, -8.9149135468201430e-03,  2.4427800823958037e-01,  6.1479909874234932e+02,  3.0003368121280538e-01, -1.4999381448126298e+04,  4.8863893088216113e+00,  2.6150290589582088e+00,  1.0934602858797499e-01, -4.2694046106564187e-01, -1.5813550706039310e+00,  1.8635329967128933e+00,  2.7328816364904313e-01, -2.8958285573008857e-01,  9.4166957628744413e-02,  7.3913055471341871e-01,  0.0000000000000000e+00,  9.6293393887331702e-01, -5.5423819962809173e-01, -1.6815055380624671e+00,  0.0000000000000000e+00
 9.7902097902097907e-01,  6.3377670996621009e+02,  2.4690810783343080e+00,  3.0379757059736445e+01,  4.8865025055328459e+00, -8.5916174914464922e-03,  2.4606035277912600e-01,  6.2113781770324942e+02,  3.1074177262586666e-01, -1.4999366191318641e+04,  4.9353365291504900e+00,  2.6147323621493448e+00,  1.1178136121573710e-01, -4.2978534613952357e-01, -1.5804419983256774e+00,  1.8708330109601627e+00,  2.7328816364904313e-01, -2.7992164297803668e-01,  8.8222965859503163e-02,  7.2174140827560451e-01,  0.0000000000000000e+00,  9.7124085408778427e-01, -6.3574895257410657e-01, -1.7998015787887534e+00,  0.0000000000000000e+00
 9.8901098901098905e-01,  6.3377753032572718e+02,  2.4937930918772220e+00,  3.0390085371637770e+01,  4.8831230171056976e+00, -8.3844661996829006e-03,  2.4781576028037716e-01,  6.2747654993944286e+02,  3.2169702372619813e-01, -1.4999350778878863e+04,  4.9842471635554029e+00,  2.6144346919231851e+00,  1.1423429037603340e-01, -4.3253330108518306e-01, -1.5795923739833615e+00,  1.8779534044706476e+00,  2.7328816364904313e-01, -2.7020068625819815e-01,  8.1568298076184154e-02,  7.0334062256460383e-01,  0.0000000000000000e+00,  9.7489468122389700e-01, -6.9651553764635887e-01, -1.8840357205535725e+00,  0.0000000000000000e+00
 9.9900099900099903e-01,  6.3377835887514982e+02,  2.5185662840706016e+00,  3.0400291447747371e+01,  4.8804291643699971e+00, -8.2834831740715830e-03,  2.4954444723123900e-01,  6.3381529547154435e+02,  3.3290200552596944e-01, -1.4999335211569494e+04,  5.0331282725343094e+00,  2.6141349360515909e+00,  1.1670445196099349e-01, -4.3518396124957748e-01, -1.5788122621003791e+00,  1.8848857706517632e+00,  2.7328816364904313e-01, -2.6046470376484737e-01,  7.4403271579051106e-02,  6.8425859399864519e-01,  0.0000000000000000e+00,  9.7424901394492802e-01, -7.3792276707967763e-01, -1.9361863983513448e+00,  0.0000000000000000e+00
 1.0089910089910090e+00,  6.3377919608487878e+02,  2.5434067592760461e+00,  3.0410365791290676e+01,  4.8783761372391270e+00, -8.2781057736112298e-03,  2.5124662657480562e-01,  6.4015405432023965e+02,  3.4435928645038266e-01, -1.4999319490129928e+04,  5.0819864644138359e+00,  2.6138320851876315e+00,  1.1919149022400495e-01, -4.3773739107049470e-01, -1.5781057951306332e+00,  1.8916249048502409e+00,  2.7328816364904313e-01, -2.5075493575461438e-01,  6.6913535234075824e-02,  6.6480461320880346e-01,  0.0000000000000000e+00,  9.6964654170400133e-01, -7.6152244918445755e-01, -1.9585005557757420e+00,  0.0000000000000000e+00
 1.0189810189810189e+00,  6.3378004236870311e+02,  2.5683203909390824e+00,  3.0420300209240065e+01,  4.8769201810165548e+00, -8.3574289861856870e-03,  2.5292250874987365e-01,  6.4649282650633756e+02,  3.5607143247490303e-01, -1.4999303615275101e+04,  5.1308279054367967e+00,  2.6135252374464826e+00,  1.2169505851595466e-01, -4.4019404987604327e-01, -1.5774753283294685e+00,  1.8981685801064845e+00,  2.7328816364904313e-01, -2.4110925601998612e-01,  5.9268632717287280e-02,  6.4526448040421547e-01,  0.0000000000000000e+00,  9.6141854116831560e-01, -7.6898703467654317e-01, -1.9534340317020535e+00,  0.0000000000000000e+00
 1.0289710289710290e+00,  6.3378089808301115e+02,  2.5933128258864180e+00,  3.0430087802614032e+01,  4.8760186849293516e+00, -8.5104265151503666e-03,  2.5457230266212394e-01,  6.5283161205081115e+02,  3.6804100726736255e-01, -1.4999287587694540e+04,  5.1796583307865829e+00,  2.6132136006699316e+00,  1.2421481984070812e-01, -4.4255475882314177e-01, -1.5769216066647533e+00,  1.9045173020611144e+00,  2.7328816364904313e-01, -2.3156228802273598e-01,  5.1621011532572710e-02,  6.2589871016275234e-01,  0.0000000000000000e+00,  9.4988445188116022e-01, -7.6206672650331531e-01, -1.9235931706388738e+00,  0.0000000000000000e+00
 1.0389610389610389e+00,  6.3378176352704770e+02,  2.6183894890424906e+00,  3.0439722936426769e+01,  4.8756302590972087e+00, -8.7261480823230177e-03,  2.5619621657938818e-01,  6.5917041097482740e+02,  3.8027057233486561e-01, -1.4999271408051754e+04,  5.2284830564301288e+00,  2.6128964926070375e+00,  1.2675044723866780e-01, -4.4482066901735667e-01, -1.5764439394876588e+00,  1.9106740488410050e+00,  2.7328816364904313e-01, -2.2214552485195169e-01,  4.4105441619796883e-02,  6.0694130685961112e-01,  0.0000000000000000e+00,  9.3535153490985645e-01, -7.4255037003440560e-01, -1.8716789706499908e+00,  0.0000000000000000e+00
 1.0489510489510490e+00,  6.3378263894409190e+02,  2.6435555885055915e+00,  3.0449201192174908e+01,  4.8757148005522470e+00, -8.9938923870460808e-03,  2.5779445894697239e-01,  6.6550922329976891e+02,  3.9276268717510338e-01, -1.4999255076983938e+04,  5.2773069916674205e+00,  2.6125733392516217e+00,  1.2930162400933107e-01, -4.4699323084815579e-01, -1.5760403790599622e+00,  1.9166440014988688e+00,  2.7328816364904313e-01, -2.1288745223289884e-01,  3.6838804728825690e-02,  5.8859908175885434e-01,  0.0000000000000000e+00,  9.1811460342452722e-01, -7.1223033553802806e-01, -1.8004344945215338e+00,  0.0000000000000000e+00
 1.0589410589410588e+00,  6.3378352452343086e+02,  2.6688161209281143e+00,  3.0458519305704804e+01,  4.8762335489193953e+00, -9.3033556438815133e-03,  2.5936723912099391e-01,  6.7184804904724467e+02,  4.0551990943139138e-01, -1.4999238595101950e+04,  5.3261346522816595e+00,  2.6122436715803019e+00,  1.3186804378543515e-01, -4.4907416456646554e-01, -1.5757078994331368e+00,  1.9224342702547683e+00,  2.7328816364904313e-01, -2.0381367385867399e-01,  2.9920214053794140e-02,  5.7105147356541475e-01,  0.0000000000000000e+00,  8.9845582709528671e-01, -6.7287151760328845e-01, -1.7125966658050733e+00,  0.0000000000000000e+00
 1.0689310689310689e+00,  6.3378442040300195e+02,  2.6941758771496609e+00,  3.0467675093217110e+01,  4.8771491323594942e+00, -9.6447560481400432e-03,  2.6091476801906660e-01,  6.7818688823909474e+02,  4.1854479505052816e-01, -1.4999221962990554e+04,  5.3749701741904206e+00,  2.6119071209332967e+00,  1.3444941047255585e-01, -4.5106543212405337e-01, -1.5754425725853609e+00,  1.9280536213503257e+00,  2.7328816364904313e-01, -1.9494703835084928e-01,  2.3431422820164589e-02,  5.5445082636256704e-01,  0.0000000000000000e+00,  8.7664460157076696e-01, -6.2618448736928234e-01, -1.6108529042037716e+00,  0.0000000000000000e+00
 1.0789210789210790e+00,  6.3378532667258378e+02,  2.7196394480357511e+00,  3.0476667368041820e+01,  4.8784256043680196e+00, -1.0008934888286691e-02,  2.6243725868867479e-01,  6.8452574089738562e+02,  4.3183989844237353e-01, -1.4999205181208861e+04,  5.4238173275040431e+00,  2.6115634132747498e+00,  1.3704543806892186e-01, -4.5296921028776127e-01, -1.5752397391370296e+00,  1.9335122088434311e+00,  2.7328816364904313e-01, -1.8630776721386741e-01,  1.7437480517475522e-02,  5.3892307399912220e-01,  0.0000000000000000e+00,  8.5293748005341774e-01, -5.7380276162910804e-01, -1.4978031189590786e+00,  0.0000000000000000e+00
 1.0889110889110889e+00,  6.3378624337741780e+02,  2.7452112304788225e+00,  3.0485495850663291e+01,  4.8800284720113405e+00, -1.0387435337775081e-02,  2.6393492679427960e-01,  6.9086460704440094e+02,  4.4540777263992409e-01, -1.4999188250290965e+04,  5.4726795309035001e+00,  2.6112123625604942e+00,  1.3965585038075359e-01, -4.5478786503541935e-01, -1.5750941713762205e+00,  1.9388213151365219e+00,  2.7328816364904313e-01, -1.7791358319195416e-01,  1.1987596166046784e-02,  5.2456877643166877e-01,  0.0000000000000000e+00,  8.2757816113361782e-01, -5.1726408552692593e-01, -1.3759272540450882e+00,  0.0000000000000000e+00
 1.0989010989010990e+00,  6.3378717052214949e+02,  2.7708954335219853e+00,  3.0494161074296883e+01,  4.8819247161701176e+00, -1.0772560217416306e-02,  2.6540799102474144e-01,  6.9720348670262661e+02,  4.5925096945856353e-01, -1.4999171170746728e+04,  5.5215598662557213e+00,  2.6108538634294560e+00,  1.4228038064864856e-01, -4.5652392723465346e-01, -1.5750002267261196e+00,  1.9439931034774305e+00,  2.7328816364904313e-01, -1.6977983846930947e-01,  7.1161693031142649e-03,  5.1146445128799134e-01,  0.0000000000000000e+00,  8.0079753233985063e-01, -4.5799557243216465e-01, -1.2475586397191516e+00,  0.0000000000000000e+00
 1.1088911088911089e+00,  6.3378810807498644e+02,  2.7966960845696569e+00,  3.0502664288122901e+01,  4.8840828043457494e+00, -1.1157410225124509e-02,  2.6685667342300301e-01,  7.0354237989472961e+02,  4.7337203965311481e-01, -1.4999153943062685e+04,  5.5704610933899206e+00,  2.6104878834208995e+00,  1.4491877110045545e-01, -4.5818006960024071e-01, -1.5749519901713631e+00,  1.9490403850923259e+00,  2.7328816364904313e-01, -1.6191964221135388e-01,  2.8439511950462031e-03,  4.9966414446815327e-01,  0.0000000000000000e+00,  7.7281375850286005e-01, -3.9730249280306179e-01, -1.1148627856124231e+00,  0.0000000000000000e+00
 1.1188811188811190e+00,  6.3378905597197775e+02,  2.8226170356527231e+00,  3.0511007360074956e+01,  4.8864726965711158e+00, -1.1535904285595498e-02,  2.6828119964038288e-01,  7.0988128664353621e+02,  4.8777353307132176e-01, -1.4999136567703046e+04,  5.6193856649640939e+00,  2.6101144549039268e+00,  1.4757077244573588e-01, -4.5975908492119399e-01, -1.5749434045244204e+00,  1.9539764030672038e+00,  2.7328816364904313e-01, -1.5434398698530830e-01, -8.2069898052276088e-04,  4.8920118492160924e-01,  0.0000000000000000e+00,  7.4383241775146491e-01, -3.3636047234584510e-01, -9.7982171560569065e-01,  0.0000000000000000e+00
 1.1288711288711288e+00,  6.3379001412132925e+02,  2.8486619697191742e+00,  3.0519192680863583e+01,  4.8890658449510793e+00, -1.1902783781462731e-02,  2.6968179911815376e-01,  7.1622020697200435e+02,  5.0245799880239395e-01, -1.4999119045110758e+04,  5.6683357413559792e+00,  2.6097336668885482e+00,  1.5023614332633523e-01, -4.6126386554400312e-01, -1.5749683877533915e+00,  1.9588146345413091e+00,  2.7328816364904313e-01, -1.4706187362701389e-01, -3.8804956726424165e-03,  4.8009007079362426e-01,  0.0000000000000000e+00,  7.1404667657907395e-01, -2.7621082541651021e-01, -8.4422333281690998e-01,  0.0000000000000000e+00
 1.1388611388611389e+00,  6.3379098240767746e+02,  2.8748344069243408e+00,  3.0527223070696810e+01,  4.8918351873417061e+00, -1.2253602493447703e-02,  2.7105870519945408e-01,  7.2255914090319607e+02,  5.1742798531932155e-01, -1.4999101375708606e+04,  5.7173132055180931e+00,  2.6093456568696509e+00,  1.5291464973681945e-01, -4.6269738409456090e-01, -1.5750209369054922e+00,  1.9635686122738696e+00,  2.7328816364904313e-01, -1.4008043416871713e-01, -6.3478760778848649e-03,  4.7232843805525809e-01,  0.0000000000000000e+00,  6.8363750297193804e-01, -2.1775873171302826e-01, -7.0965554140399101e-01,  0.0000000000000000e+00
 1.1488511488511488e+00,  6.3379196069625505e+02,  2.9011377108977725e+00,  3.0535101689941229e+01,  4.8947551356598709e+00, -1.2584704103977978e-02,  2.7241215517494716e-01,  7.2889808846024732e+02,  5.3268604061372782e-01, -1.4999083559900342e+04,  5.7663196777412695e+00,  2.6089506028368286e+00,  1.5560606442760275e-01, -4.6406267541750396e-01, -1.5750952184442584e+00,  1.9682517661707848e+00,  2.7328816364904313e-01, -1.3340505248771037e-01, -8.2436437071166813e-03,  4.6589906731886038e-01,  0.0000000000000000e+00,  6.5277390956561754e-01, -1.6177394765918146e-01, -5.7750448002282750e-01,  0.0000000000000000e+00
 1.1588411588411589e+00,  6.3379294883689147e+02,  2.9275750949665436e+00,  3.0542831954753694e+01,  4.8978015592971547e+00, -1.2893189110873489e-02,  2.7374239026610142e-01,  7.3523704966633829e+02,  5.4823471232214904e-01, -1.4999065598071806e+04,  5.8153565302760342e+00,  2.6085487155645080e+00,  1.5831016630254202e-01, -4.6536281970870097e-01, -1.5751856450714685e+00,  1.9728772849475731e+00,  2.7328816364904313e-01, -1.2703948235943421e-01, -9.5956301691789859e-03,  4.6077188873324804e-01,  0.0000000000000000e+00,  6.2161323011527159e-01, -1.0889374204569219e-01, -4.4895667281676527e-01,  0.0000000000000000e+00
 1.1688311688311688e+00,  6.3379394666780024e+02,  2.9541496283172473e+00,  3.0550417458508104e+01,  4.9009517640935645e+00, -1.3176872959274763e-02,  2.7504965555033478e-01,  7.4157602454466189e+02,  5.6407654784272976e-01, -1.4999047490592020e+04,  5.8644249017656129e+00,  2.6081402312785515e+00,  1.6102673982162158e-01, -4.6660092681329685e-01, -1.5752869393267594e+00,  1.9774579977139066e+00,  2.7328816364904313e-01, -1.2098596263457721e-01, -1.0437395805922140e-02,  4.5690594993095324e-01,  0.0000000000000000e+00,  5.9030141880109788e-01, -5.9627738430287118e-02, -3.2500427540266097e-01,  0.0000000000000000e+00
 1.1788211788211789e+00,  6.3379495401911402e+02,  2.9808642420812430e+00,  3.0557861899646444e+01,  4.9041844673080250e+00, -1.3434237135304812e-02,  2.7633419983270596e-01,  7.4791501311839488e+02,  5.8021409444147654e-01, -1.4999029237814260e+04,  5.9135257114489495e+00,  2.6077254047778298e+00,  1.6375557441814886e-01, -4.6778012165944177e-01, -1.5753941844482102e+00,  1.9820062749561835e+00,  2.7328816364904313e-01, -1.1524532930694863e-01, -1.0806986693006976e-02,  4.5425131773806487e-01,  0.0000000000000000e+00,  5.5897337339014608e-01, -1.4364357164097190e-02, -2.0645308961358297e-01,  0.0000000000000000e+00
 1.1888111888111887e+00,  6.3379597071613864e+02,  3.0077217353297261e+00,  3.0565169016400311e+01,  4.9074797690036611e+00, -1.3664374878245936e-02,  2.7759627546921473e-01,  7.5425401541066776e+02,  5.9664989934733459e-01, -1.4999010840077068e+04,  5.9626596730961152e+00,  2.6073045030722422e+00,  1.6649646393863177e-01, -4.6890353079545366e-01, -1.5755028631368095e+00,  1.9865339481182636e+00,  2.7328816364904313e-01, -1.0981712425686981e-01, -1.0745762484544303e-02,  4.5275088882369124e-01,  0.0000000000000000e+00,  5.2775327763563507e-01,  2.6621443698324442e-02, -9.3932779044024806e-02,  0.0000000000000000e+00
 1.1988011988011988e+00,  6.3379699658230322e+02,  3.0347247809670526e+00,  3.0572342528660446e+01,  4.9108191202468516e+00, -1.3866933063369521e-02,  2.7883613814711178e-01,  7.6059303144453759e+02,  6.1338650983552123e-01, -1.4998992297705208e+04,  6.0118273086427498e+00,  2.6068777995827097e+00,  1.6924920611226224e-01, -4.6997426999624237e-01, -1.5756088849973520e+00,  1.9910522467608527e+00,  2.7328816364904313e-01, -1.0469970049171004e-01, -1.0297306648714049e-02,  4.5234208964757228e-01,  0.0000000000000000e+00,  4.9675496014934978e-01,  6.3159414634892219e-02,  1.2091183985011784e-02,  0.0000000000000000e+00
 1.2087912087912087e+00,  6.3379803144179436e+02,  3.0618759315123198e+00,  3.0579386087118184e+01,  4.9141852884998851e+00, -1.4042051688902213e-02,  2.8005404662789135e-01,  7.6693206124296080e+02,  6.3042647329867951e-01, -1.4998973611010562e+04,  6.0610289614938004e+00,  2.6064455689337667e+00,  1.7201360205568639e-01, -4.7099543290318013e-01, -1.5757086035293912e+00,  1.9955717521072260e+00,  2.7328816364904313e-01, -9.9890323733092118e-02, -9.5064278661396370e-03,  4.5295845064683304e-01,  0.0000000000000000e+00,  4.6608226692595867e-01,  9.5174517636505071e-02,  1.1130428806699404e-01,  0.0000000000000000e+00
 1.2187812187812188e+00,  6.3379907512186549e+02,  3.0891776247606542e+00,  3.0586303229665425e+01,  4.9175623205679617e+00, -1.4190302271636215e-02,  2.8125026245883511e-01,  7.7327110482876969e+02,  6.4777233730558981e-01, -1.4998954780292945e+04,  6.1102648094706247e+00,  2.6060080823557339e+00,  1.7478945581754349e-01, -4.7197008066024021e-01, -1.5757988236160561e+00,  2.0001023656548953e+00,  2.7328816364904313e-01, -9.5385270227712454e-02, -8.4182587670298108e-03,  4.5453104388425591e-01,  0.0000000000000000e+00,  4.3582944485105141e-01,  1.2267693600528229e-01,  2.0352887806506489e-01,  0.0000000000000000e+00
 1.2287712287712287e+00,  6.3380012745482225e+02,  3.1166321893168423e+00,  3.0593097344918693e+01,  4.9209355034422426e+00, -1.4312626319814850e-02,  2.8242504965907422e-01,  7.7961016222464866e+02,  6.6542664964729792e-01, -1.4998935805840838e+04,  6.1595348773788929e+00,  2.6055656037011783e+00,  1.7757657396609869e-01, -4.7290123250812943e-01, -1.5758768005077535e+00,  2.0046532914455728e+00,  2.7328816364904313e-01, -9.1179920684492516e-02, -7.0774557915777286e-03,  4.5698977726737294e-01,  0.0000000000000000e+00,  4.0608153370157940e-01,  1.4575181968022485e-01,  2.8870954523496922e-01,  0.0000000000000000e+00
 1.2387612387612388e+00,  6.3380118827968874e+02,  3.1442418499950402e+00,  3.0599771642628614e+01,  4.9242913233617633e+00, -1.4410274912289481e-02,  2.8357867438614587e-01,  7.8594923345311508e+02,  6.8339195837068800e-01, -1.4998916687932060e+04,  6.2088390491780361e+00,  2.6051183860693969e+00,  1.8037476522221202e-01, -4.7379185729729301e-01, -1.5759402313241795e+00,  2.0092330305353623e+00,  2.7328816364904313e-01, -8.7268850265802694e-02, -5.5275017860840579e-03,  4.6026454195626876e-01,  0.0000000000000000e+00,  3.7691476412012365e-01,  1.6454897221960818e-01,  3.6689834548196687e-01,  0.0000000000000000e+00
 1.2487512487512487e+00,  6.3380225744356392e+02,  3.1720087330791649e+00,  3.0606329130648245e+01,  4.9276174233984040e+00, -1.4484750272372542e-02,  2.8471140458892752e-01,  7.9228831853649979e+02,  7.0167081179963320e-01, -1.4998897426834339e+04,  6.2581770797360656e+00,  2.6046666690231670e+00,  1.8318384013887395e-01, -4.7464486588007354e-01, -1.5759872401038790e+00,  2.0138493861899538e+00,  2.7328816364904313e-01, -8.3645914577572422e-02, -3.8101110093279118e-03,  4.6428621236561918e-01,  0.0000000000000000e+00,  3.4839696066357811e-01,  1.7927266128697231e-01,  4.3824007046998792e-01,  0.0000000000000000e+00
 1.2587412587412588e+00,  6.3380333480268212e+02,  3.1999348714394014e+00,  3.0612772598061706e+01,  4.9309025598506739e+00, -1.4537750085806534e-02,  2.8582350965262399e-01,  7.9862741749693225e+02,  7.2026575854401009e-01, -1.4998878022805809e+04,  6.3075486061564785e+00,  2.6042106763738389e+00,  1.8600361082761810e-01, -4.7546310434179995e-01, -1.5760163574182720e+00,  2.0185094783348752e+00,  2.7328816364904313e-01, -8.0304331637465892e-02, -1.9647345131119775e-03,  4.6898750137736722e-01,  0.0000000000000000e+00,  3.2058794394574763e-01,  1.9017171325545795e-01,  5.0295798968197591e-01,  0.0000000000000000e+00
 1.2687312687312686e+00,  6.3380442022319585e+02,  3.2280222095008773e+00,  3.0619104604017959e+01,  4.9341365577140897e+00, -1.4571115177022014e-02,  2.8691526004124596e-01,  8.0496653035632562e+02,  7.3917934749694725e-01, -1.4998858476095438e+04,  6.3569531586667019e+00,  2.6037506145041140e+00,  1.8883389073128801e-01, -4.7624934803067226e-01, -1.5760264955387064e+00,  2.0232197658378532e+00,  2.7328816364904313e-01, -7.7236759805775837e-02, -2.8162401705411636e-05,  4.7430367495839626e-01,  0.0000000000000000e+00,  2.9353993675860313e-01,  1.9753002344813672e-01,  5.6133996124003627e-01,  0.0000000000000000e+00
 1.2787212787212787e+00,  6.3380551358169976e+02,  3.2562726080611881e+00,  3.0625327471772327e+01,  4.9373102654781738e+00, -1.4586781028208623e-02,  2.8798692694261585e-01,  8.1130565713636668e+02,  7.5841412782080830e-01, -1.4998838786943374e+04,  6.4063901710601012e+00,  2.6032866711924041e+00,  1.9167449444190737e-01, -4.7700629634591135e-01, -1.5760169201036207e+00,  2.0279860752371408e+00,  2.7328816364904313e-01, -7.4435371682243304e-02,  1.9657817581161265e-03,  4.8017313222338032e-01,  0.0000000000000000e+00,  2.6729796557243685e-01,  2.0165759734813535e-01,  6.1372538321082415e-01,  0.0000000000000000e+00
 1.2887112887112888e+00,  6.3380661476551813e+02,  3.2846878489539200e+00,  3.0631443287409592e+01,  4.9404155094828548e+00, -1.4586733503227639e-02,  2.8903878192053217e-01,  8.1764479785850472e+02,  7.7797264892247120e-01, -1.4998818955581215e+04,  6.4558589906858987e+00,  2.6028190148984476e+00,  1.9452523756176404e-01, -4.7773656824410371e-01, -1.5759872191799029e+00,  2.0328136346135453e+00,  2.7328816364904313e-01, -7.1891924001974583e-02,  3.9864601163363345e-03,  4.8653785902949892e-01,  0.0000000000000000e+00,  2.4190026001752174e-01,  2.0288220996754161e-01,  6.6049292337303434e-01,  0.0000000000000000e+00
 1.2987012987012987e+00,  6.3380772367277950e+02,  3.3132696395557959e+00,  3.0637453902706060e+01,  4.9434450480502523e+00, -1.4572969024280825e-02,  2.9007109657823910e-01,  8.2398395254394518e+02,  7.9785746041856442e-01, -1.4998798982232225e+04,  6.5053588879836504e+00,  2.6023477944669171e+00,  1.9738593660528772e-01, -4.7844269842387288e-01, -1.5759372705508468e+00,  2.0377071113815863e+00,  2.7328816364904313e-01, -6.9597823564574821e-02,  6.0065598292174203e-03,  4.9334376368315236e-01,  0.0000000000000000e+00,  2.1737864754991007e-01,  2.0154175255125201e-01,  7.0204918828839202e-01,  0.0000000000000000e+00
 1.3086913086913088e+00,  6.3380884021230190e+02,  3.3420196171354584e+00,  3.0643360941582657e+01,  4.9463925255914516e+00, -1.4547459344462176e-02,  2.9108414223682721e-01,  8.3032312121364407e+02,  8.1807111209136874e-01, -1.4998778867111485e+04,  6.5548890655608982e+00,  2.6018731392037884e+00,  2.0025640893886254e-01, -4.7912713414948982e-01, -1.5758672079945040e+00,  2.0426706528689529e+00,  2.7328816364904313e-01, -6.7544189250294012e-02,  8.0021595658938561e-03,  5.0054090443128696e-01,  0.0000000000000000e+00,  1.9375894216910872e-01,  1.9797731473137056e-01,  7.3881838948814305e-01,  0.0000000000000000e+00
 1.3186813186813187e+00,  6.3380996430331425e+02,  3.3709393530422673e+00,  3.0649165809605776e+01,  4.9492524268720608e+00, -1.4512120964536026e-02,  2.9207818963164517e-01,  8.3666230388830331e+02,  8.3861615383614174e-01, -1.4998758610425981e+04,  6.6044486668145606e+00,  2.6013951592793361e+00,  2.0313647275537344e-01, -4.7979223267462801e-01, -1.5757773872428369e+00,  2.0477079286529407e+00,  2.7328816364904313e-01, -6.5721910188132948e-02,  9.9527307316945642e-03,  5.0808361890919773e-01,  0.0000000000000000e+00,  1.7106132607553665e-01,  1.9252703266193144e-01,  7.7123304898961287e-01,  0.0000000000000000e+00
 1.3286713286713288e+00,  6.3381109587503727e+02,  3.4000303567338652e+00,  3.0654869706005844e+01,  4.9520200316050520e+00, -1.4468789157924565e-02,  2.9305350862924612e-01,  8.4300150058836959e+02,  8.5949513560067503e-01, -1.4998738212374652e+04,  6.6540367840983805e+00,  2.6009139464115907e+00,  2.0602594708003502e-01, -4.8044025922817379e-01, -1.5756683522356290e+00,  2.0528221737262795e+00,  2.7328816364904313e-01, -6.4121700151922478e-02,  1.1841081126225601e-02,  5.1593056602388421e-01,  0.0000000000000000e+00,  1.4930072317379861e-01,  1.8552071632318221e-01,  7.9972576337061219e-01,  0.0000000000000000e+00
 1.3386613386613386e+00,  6.3381223486614851e+02,  3.4292940796415645e+00,  3.0660473637704261e+01,  4.9546913695246149e+00, -1.4419196494150899e-02,  2.9401036796683605e-01,  8.4934071133403233e+02,  8.8071060731789108e-01, -1.4998717673148396e+04,  6.7036524664402952e+00,  2.6004295747848638e+00,  2.0892465180388223e-01, -4.8107338552481627e-01, -1.5755408022053499e+00,  2.0580162316704009e+00,  2.7328816364904313e-01, -6.2734148269856710e-02,  1.3653248815356974e-02,  5.2404469085003269e-01,  0.0000000000000000e+00,  1.2848716361576848e-01,  1.7727525504091884e-01,  8.2472202682432461e-01,  0.0000000000000000e+00
 1.3486513486513487e+00,  6.3381338122415411e+02,  3.4587319188729757e+00,  3.0665978434866208e+01,  4.9572631760805672e+00, -1.4364955687859750e-02,  2.9494903501565378e-01,  8.5567993614522538e+02,  9.0226511883232885e-01, -1.4998696992930032e+04,  6.7532947268151133e+00,  2.5999421021593450e+00,  2.1183240774121637e-01, -4.8169368876403507e-01, -1.5753955600515059e+00,  2.0632925971198866e+00,  2.7328816364904313e-01, -6.1549766141549764e-02,  1.5378353918941986e-02,  5.3239312303275410e-01,  0.0000000000000000e+00,  1.0862613847128291e-01,  1.6809078669680086e-01,  8.4663409615648555e-01,  0.0000000000000000e+00
 1.3586413586413586e+00,  6.3381453490468880e+02,  3.4883452207515888e+00,  3.0671384767528693e+01,  4.9597328488792831e+00, -1.4307546547837431e-02,  2.9586977556919208e-01,  8.6201917504162736e+02,  9.2416121982133725e-01, -1.4998676171894233e+04,  6.8029625489791581e+00,  2.5994515711298307e+00,  2.1474903670728213e-01, -4.8230315108208999e-01, -1.5752335423867896e+00,  2.0686534569058206e+00,  2.7328816364904313e-01, -6.0559031464011433e-02,  1.7008415815790743e-02,  5.4094701895101205e-01,  0.0000000000000000e+00,  8.9718943971891993e-02,  1.5824760505232036e-01,  8.6585586667875281e-01,  0.0000000000000000e+00
 1.3686313686313687e+00,  6.3381569587076604e+02,  3.5181352841933839e+00,  3.0676693162888853e+01,  4.9620984049840304e+00, -1.4248306757835663e-02,  2.9677285365668982e-01,  8.6835842804266497e+02,  9.4640145971181822e-01, -1.4998655210207438e+04,  6.8526548938747709e+00,  2.5989580104940928e+00,  2.1767436161249976e-01, -4.8290365942265667e-01, -1.5750557315636780e+00,  2.0741007293666600e+00,  2.7328816364904313e-01, -5.9752428274143739e-02,  1.8538142964403346e-02,  5.4968135752652025e-01,  0.0000000000000000e+00,  7.1763014639619940e-02,  1.4800377009992305e-01,  8.8275871613800039e-01,  0.0000000000000000e+00
 1.3786213786213786e+00,  6.3381686409199472e+02,  3.5481033639208430e+00,  3.0681904022876015e+01,  4.9643584391752151e+00, -1.4188426187996456e-02,  2.9765853138187881e-01,  8.7469769516751558e+02,  9.6898838759330996e-01, -1.4998634108027743e+04,  6.9023707056135866e+00,  2.5984614366942704e+00,  2.2060820656968355e-01, -4.8349700579286209e-01, -1.5748631499199683e+00,  2.0796361014118450e+00,  2.7328816364904313e-01, -5.9120483920664345e-02,  1.9964702148446010e-02,  5.5857469908343149e-01,  0.0000000000000000e+00,  5.4752244926954290e-02,  1.3759337854541853e-01,  8.9768826355563569e-01,  0.0000000000000000e+00
 1.3886113886113887e+00,  6.3381803954378222e+02,  3.5782506735151114e+00,  3.0687017641671360e+01,  4.9665120832591700e+00, -1.4128944411692067e-02,  2.9852706878657254e-01,  8.8103697643511168e+02,  9.9192455212820696e-01, -1.4998612865504774e+04,  6.9521089170485126e+00,  2.5979618552977897e+00,  2.2355039701082835e-01, -4.8408488787262000e-01, -1.5746568364158569e+00,  2.0852610630146806e+00,  2.7328816364904313e-01, -5.8653802882607943e-02,  2.1287473497072697e-02,  5.6760891609682973e-01,  0.0000000000000000e+00,  3.8677298891937446e-02,  1.2722544544964376e-01,  9.1096198252669780e-01,  0.0000000000000000e+00
 1.3986013986013985e+00,  6.3381922220653712e+02,  3.6085783883073579e+00,  3.0692034222880132e+01,  4.9685589665028767e+00, -1.4070751086979822e-02,  2.9937872373833185e-01,  8.8737627186414443e+02,  1.0152125014598474e+00, -1.4998591482779548e+04,  7.0018684549451002e+00,  2.5974592624876762e+00,  2.2650075981024589e-01, -4.8466890994636075e-01, -1.5744378257741727e+00,  2.0909769388962971e+00,  2.7328816364904313e-01, -5.8343097555074247e-02,  2.2507797118337003e-02,  5.7676890403311010e-01,  0.0000000000000000e+00,  2.3525907680309391e-02,  1.1708334352747087e-01,  9.2286760231661125e-01,  0.0000000000000000e+00
 1.4085914085914086e+00,  6.3382041206488657e+02,  3.6390876481107668e+00,  3.0696953896102702e+01,  4.9704991772613623e+00, -1.4014588853884962e-02,  3.0021375184114490e-01,  8.9371558147306916e+02,  1.0388547831191914e+00, -1.4998569959984341e+04,  7.0516482447637792e+00,  2.5969536465355261e+00,  2.2945912341105881e-01, -4.8525058412746663e-01, -1.5742071301797262e+00,  2.0967849172411164e+00,  2.7328816364904313e-01, -5.8179216125322161e-02,  2.3628716633217906e-02,  5.8604227979703638e-01,  0.0000000000000000e+00,  9.2831545560582100e-03,  1.0732474335168604e-01,  9.3366222562143697e-01,  0.0000000000000000e+00
 1.4185814185814185e+00,  6.3382160910691891e+02,  3.6697795597949017e+00,  3.0701776732691428e+01,  4.9723332258544417e+00, -1.3961058397606387e-02,  3.0103240636780659e-01,  9.0005490528010898e+02,  1.0628539439307352e+00, -1.4998548297242543e+04,  7.1014472150650487e+00,  2.5964449892339423e+00,  2.3242531795231722e-01, -4.8583133184696659e-01, -1.5739657235437388e+00,  2.1026860753557783e+00,  2.7328816364904313e-01, -5.8153167664274051e-02,  2.4654724323379132e-02,  5.9541907457743581e-01,  0.0000000000000000e+00, -4.0682526542273854e-03,  9.8081996218591122e-02,  9.4357208941453585e-01,  0.0000000000000000e+00
 1.4285714285714286e+00,  6.3382281332346179e+02,  3.7006551997045607e+00,  3.0706502760519740e+01,  4.9740620087399829e+00, -1.3910625332687013e-02,  3.0183493821248475e-01,  9.0639424330326119e+02,  1.0872125299182918e+00, -1.4998526494668518e+04,  7.1512643015502162e+00,  2.5959332672686695e+00,  2.3539917539427885e-01, -4.8641248557930028e-01, -1.5737145282951432e+00,  2.1086814022476585e+00,  2.7328816364904313e-01, -5.8256144559480263e-02,  2.5591512019187038e-02,  6.0489142714004862e-01,  0.0000000000000000e+00, -1.6547721766056633e-02,  8.9462900482151803e-02,  9.5279289362054553e-01,  0.0000000000000000e+00
 1.4385614385614385e+00,  6.3382402470740465e+02,  3.7317156159255496e+00,  3.0711131977627499e+01,  4.9756867740219510e+00, -1.3863628573397874e-02,  3.0262159586180748e-01,  9.1273359556030050e+02,  1.1119330862111834e+00, -1.4998504552367471e+04,  7.2010984507507416e+00,  2.5954184535140659e+00,  2.3838052963967715e-01, -4.8699529077922393e-01, -1.5734544046222765e+00,  2.1147718181557793e+00,  2.7328816364904313e-01, -5.8479542416149770e-02,  2.6445731267927899e-02,  6.1445328286494849e-01,  0.0000000000000000e+00, -2.8176529139177748e-02,  8.1551793115768892e-02,  9.6149062250441042e-01,  0.0000000000000000e+00
 1.4485514485514486e+00,  6.3382524325307031e+02,  3.7629618304001702e+00,  3.0715664364642279e+01,  4.9772090883231570e+00, -1.3820289870258420e-02,  3.0339262538269995e-01,  9.1907296206878550e+02,  1.1370181569513698e+00, -1.4998482470435320e+04,  7.2509486233796219e+00,  2.5949005182388123e+00,  2.4136921664910266e-01, -4.8758090800519738e-01, -1.5731861420560238e+00,  2.1209581911160891e+00,  2.7328816364904313e-01, -5.8814977552708328e-02,  2.7224765744883431e-02,  6.2410010307786534e-01,  0.0000000000000000e+00, -3.8977585199846489e-02,  7.4410909170728623e-02,  9.6980278412153620e-01,  0.0000000000000000e+00
 1.4585414585414584e+00,  6.3382646895564199e+02,  3.7943948408954999e+00,  3.0720099895909115e+01,  4.9786308050447889e+00, -1.3780724210970388e-02,  3.0414827042513332e-01,  9.2541234284606173e+02,  1.1624702852019506e+00, -1.4998460248958585e+04,  7.3008137973583986e+00,  2.5943794302118666e+00,  2.4436507454890830e-01, -4.8817041520585147e-01, -1.5729104532587423e+00,  2.1272413506848076e+00,  2.7328816364904313e-01, -5.9254302216573233e-02,  2.7936518310522709e-02,  6.3382858849428392e-01,  0.0000000000000000e+00, -4.8975212505907376e-02,  6.8081954470255113e-02,  9.7783999624548223e-01,  0.0000000000000000e+00
 1.4685314685314685e+00,  6.3382770181064791e+02,  3.8260156228279039e+00,  3.0724438549291516e+01,  4.9799540340275756e+00, -1.3744950805334451e-02,  3.0488877223792388e-01,  9.3175173790926738e+02,  1.1882920128574568e+00, -1.4998437888014278e+04,  7.3506929705337791e+00,  2.5938551577015354e+00,  2.4736794373035054e-01, -4.8876481014738665e-01, -1.5726279698620074e+00,  2.1336220989781127e+00,  2.7328816364904313e-01, -5.9789617644822213e-02,  2.8589214584628889e-02,  6.4363641988687503e-01,  0.0000000000000000e+00, -5.8194936229537572e-02,  6.2587839605802109e-02,  9.8568784855124314e-01,  0.0000000000000000e+00
 1.4785214785214784e+00,  6.3382894181350616e+02,  3.8578251309474618e+00,  3.0728680314633717e+01,  4.9811811126226635e+00, -1.3712904397233128e-02,  3.0561436969572631e-01,  9.3809114727533620e+02,  1.2144858805562579e+00, -1.4998415387669813e+04,  7.4005851630977926e+00,  2.5933276693632394e+00,  2.5037766693894897e-01, -4.8936501296099277e-01, -1.5723392401801284e+00,  2.1401012192140159e+00,  2.7328816364904313e-01, -6.0413285092775638e-02,  2.9191224405656416e-02,  6.5352201841198787e-01,  0.0000000000000000e+00, -6.6663286850738648e-02,  5.7934526563908934e-02,  9.9340897617634882e-01,  0.0000000000000000e+00
 1.4885114885114885e+00,  6.3383018895913006e+02,  3.8898243008863282e+00,  3.0732825200898322e+01,  4.9823145781740648e+00, -1.3684446671839511e-02,  3.0632529933540414e-01,  9.4443057096100245e+02,  1.2410544275953967e+00, -1.4998392747982927e+04,  7.4504894197255584e+00,  2.5927969350139759e+00,  2.5339408935332647e-01, -4.8997186879059895e-01, -1.5720447286151411e+00,  2.1466794819633672e+00,  2.7328816364904313e-01, -6.1117934951532199e-02,  2.9750902078421168e-02,  6.6348432739658203e-01,  0.0000000000000000e+00, -7.4407614872459116e-02,  5.4112943523658967e-02,  1.0010452825408576e+00,  0.0000000000000000e+00
 1.4985014985014986e+00,  6.3383144324159332e+02,  3.9220140505752457e+00,  3.0736873242014479e+01,  4.9833571419087717e+00, -1.3659377552237565e-02,  3.0702179540002361e-01,  9.5077000898280312e+02,  1.2680001918480706e+00, -1.4998369969001616e+04,  7.5004048114447022e+00,  2.5922629262936168e+00,  2.5641705865303532e-01, -4.9058615052246196e-01, -1.5717448165621779e+00,  2.1533576493318298e+00,  2.7328816364904313e-01, -6.1896474073208682e-02,  3.0276445887754605e-02,  6.7352261679506709e-01,  0.0000000000000000e+00, -8.1455917287035162e-02,  5.1100927104827887e-02,  1.0086202550343548e+00,  0.0000000000000000e+00
 1.5084915084915085e+00,  6.3383270465385442e+02,  3.9543952815327201e+00,  3.0740824501489712e+01,  4.9843116642253973e+00, -1.3637446206060486e-02,  3.0770408988880282e-01,  9.5710946135708150e+02,  1.2953257096839681e+00, -1.4998347050764090e+04,  7.5503304372504969e+00,  2.5917256172151499e+00,  2.5944642507511989e-01, -4.9120856157927445e-01, -1.5714398046213798e+00,  2.1601364773039280e+00,  2.7328816364904313e-01, -6.2742091419945661e-02,  3.0775776972233854e-02,  6.8363631098589728e-01,  0.0000000000000000e+00, -8.7836675529709377e-02,  4.8865156007917798e-02,  1.0161413219698650e+00,  0.0000000000000000e+00
 1.5184815184815186e+00,  6.3383397318753680e+02,  3.9869688800315486e+00,  3.0744679075853313e+01,  4.9851811313673489e+00, -1.3618361609073528e-02,  3.0837241261144993e-01,  9.6344892809999033e+02,  1.3230335158926008e+00, -1.4998323993298733e+04,  7.6002654254805471e+00,  2.5911849846075703e+00,  2.6248204145937304e-01, -4.9183973876262072e-01, -1.5711299159233720e+00,  2.1670167164843952e+00,  2.7328816364904313e-01, -6.3648262149992169e-02,  3.1256437313383671e-02,  6.9382484008932643e-01,  0.0000000000000000e+00, -9.3578704625599876e-02,  4.7363044290276046e-02,  1.0236022045366542e+00,  0.0000000000000000e+00
 1.5284715284715285e+00,  6.3383524883276289e+02,  4.0197357181475741e+00,  3.0748437097011234e+01,  4.9859686334622122e+00, -1.3601802538414623e-02,  3.0902699124544092e-01,  9.6978840922749282e+02,  1.3511261436097228e+00, -1.4998300796624080e+04,  7.6502089349627891e+00,  2.5906410084565321e+00,  2.6552376328243860e-01, -4.9248025512872484e-01, -1.5708153003793541e+00,  2.1739991114715469e+00,  2.7328816364904313e-01, -6.4608750250973013e-02,  3.1725506300453080e-02,  7.0408751455374718e-01,  0.0000000000000000e+00, -9.8711013190766431e-02,  4.6544566921019888e-02,  1.0309852232403689e+00,  0.0000000000000000e+00
 1.5384615384615385e+00,  6.3383653157803781e+02,  4.0526966546957404e+00,  3.0752098733601517e+01,  4.9866773439050620e+00, -1.3587426893080942e-02,  3.0966805139491455e-01,  9.7612790475536576e+02,  1.3796061242469213e+00, -1.4998277460748821e+04,  7.7001601559503943e+00,  2.5900936721490186e+00,  2.6857144868108568e-01, -4.9313062288351928e-01, -1.5704960396736127e+00,  2.1810843990928617e+00,  2.7328816364904313e-01, -6.5617609827194084e-02,  3.2189535080082203e-02,  7.1442342237988854e-01,  0.0000000000000000e+00, -1.0326267396869289e-01,  4.6353994760730433e-02,  1.0382635235531323e+00,  0.0000000000000000e+00
 1.5484515484515484e+00,  6.3383782141017946e+02,  4.0858525360585940e+00,  3.0755664191445877e+01,  4.9873105000598636e+00, -1.3574880262903828e-02,  3.1029581664999323e-01,  9.8246741469919982e+02,  1.4084759874243811e+00, -1.4998253985671798e+04,  7.7501183108568235e+00,  2.5895429626291651e+00,  2.7162495846512075e-01, -4.9379129628411333e-01, -1.5701721528253065e+00,  2.1882733057248913e+00,  2.7328816364904313e-01, -6.6669185144426255e-02,  3.2654497692590795e-02,  7.2483134802982974e-01,  0.0000000000000000e+00, -1.0726270454118611e-01,  4.6731520263489451e-02,  1.0454031915650972e+00,  0.0000000000000000e+00
 1.5584415584415585e+00,  6.3383911831428975e+02,  4.1192041969125555e+00,  3.0759133713197158e+01,  4.9878713852499965e+00, -1.3563803689427738e-02,  3.1091050864547748e-01,  9.8880693907440173e+02,  1.4377382609068401e+00, -1.4998230371382024e+04,  7.8000826548041466e+00,  2.5889888704730373e+00,  2.7468415612053226e-01, -4.9446267453475656e-01, -1.5698436021572773e+00,  2.1955665439086425e+00,  2.7328816364904313e-01, -6.7758109532874963e-02,  3.3125757831545158e-02,  7.3530971184015637e-01,  0.0000000000000000e+00, -1.1073995802624614e-01,  4.7614759555174677e-02,  1.0523652432622961e+00,  0.0000000000000000e+00
 1.5684315684315684e+00,  6.3384042227376347e+02,  4.1527524608572888e+00,  3.0762507577284381e+01,  4.9883633120061344e+00, -1.3553840582603258e-02,  3.1151234711800241e-01,  9.9514647789619414e+02,  1.4673954705426802e+00, -1.4998206617858717e+04,  7.8500524759973151e+00,  2.5884313898906250e+00,  2.7774890780355882e-01, -4.9514510466638856e-01, -1.5695102995219790e+00,  2.2029648084589604e+00,  2.7328816364904313e-01, -6.8879303239931647e-02,  3.3608049932266966e-02,  7.4585652829535332e-01,  0.0000000000000000e+00, -1.1372302212650157e-01,  4.8940119009330568e-02,  1.0591074110681398e+00,  0.0000000000000000e+00
 1.5784215784215785e+00,  6.3384173327032988e+02,  4.1864981409536117e+00,  3.0765786096256999e+01,  4.9887896065372672e+00, -1.3544642775869567e-02,  3.1210154996085743e-01,  1.0014860311796169e+03,  1.4974501402061153e+00, -1.4998182725071338e+04,  7.9000270959369017e+00,  2.5878705186635735e+00,  2.8081908232645453e-01, -4.9583888438970025e-01, -1.5691721126481410e+00,  2.2104687722462120e+00,  2.7328816364904313e-01, -7.0027970333849221e-02,  3.4105473214486898e-02,  7.5646938194914759e-01,  0.0000000000000000e+00, -1.1624013007579589e-01,  5.0644022091100145e-02,  1.0655858904214581e+00,  0.0000000000000000e+00
 1.5884115884115884e+00,  6.3384305128412211e+02,  4.2204420401753628e+00,  3.0768969614628304e+01,  4.9891535943885748e+00, -1.3535875718943442e-02,  3.1267833327585232e-01,  1.0078255989395263e+03,  1.5279047917423747e+00, -1.4998158692979634e+04,  7.9500058694822409e+00,  2.5873062580272363e+00,  2.8389455113577539e-01, -4.9654426491281911e-01, -1.5688288714857255e+00,  2.2180790818245777e+00,  2.7328816364904313e-01, -7.1199594741705702e-02,  3.4621497239588815e-02,  7.6714541903640887e-01,  0.0000000000000000e+00, -1.1831907637707290e-01,  5.2663987734302989e-02,  1.0717567344482701e+00,  0.0000000000000000e+00
 1.5984015984015985e+00,  6.3384437629377021e+02,  4.2545849517806742e+00,  3.0772058506314600e+01,  4.9894585872480413e+00, -1.3527222822385516e-02,  3.1324291142168875e-01,  1.0141651811905962e+03,  1.5587619449158037e+00, -1.4998134521533702e+04,  7.9999881847768375e+00,  2.5867386125055982e+00,  2.8697518828405472e-01, -4.9726145371520886e-01, -1.5684803744415559e+00,  2.2257963530461402e+00,  2.7328816364904313e-01, -7.2389935501977545e-02,  3.5158977517929353e-02,  7.7788135278534565e-01,  0.0000000000000000e+00, -1.1998714382934930e-01,  5.4939563989473382e-02,  1.0775772020888748e+00,  0.0000000000000000e+00
 1.6083916083916083e+00,  6.3384570827651373e+02,  4.2889276596080368e+00,  3.0775053171762330e+01,  4.9897078708622153e+00, -1.3518388980777235e-02,  3.1379549705844390e-01,  1.0205047779473161e+03,  1.5900241173607503e+00, -1.4998110210674047e+04,  8.0499734630472197e+00,  2.5861675897073582e+00,  2.9006087039575079e-01, -4.9799061727050098e-01, -1.5681263944124402e+00,  2.2336211667953139e+00,  2.7328816364904313e-01, -7.3595021321673851e-02,  3.5720179714420694e-02,  7.8867348099941870e-01,  0.0000000000000000e+00, -1.2127103727385295e-01,  5.7413115748092873e-02,  1.0830068663685386e+00,  0.0000000000000000e+00
 1.6183816183816184e+00,  6.3384704720832872e+02,  4.3234709383025312e+00,  3.0777954034849692e+01,  4.9899046940202778e+00, -1.3509103312124866e-02,  3.1433630118787981e-01,  1.0268443892239927e+03,  1.6216938245351322e+00, -1.4998085760331654e+04,  8.0999611582862538e+00,  2.5855932000911745e+00,  2.9315147662834967e-01, -4.9873188371164590e-01, -1.5677666845371718e+00,  2.2415540649542205e+00,  2.7328816364904313e-01, -7.4811144510137817e-02,  3.6306811018067431e-02,  7.9951771385127457e-01,  0.0000000000000000e+00, -1.2219682505663275e-01,  6.0030471241983407e-02,  1.0880085505730093e+00,  0.0000000000000000e+00
 1.6283716283716283e+00,  6.3384839306406616e+02,  4.3582155534774705e+00,  3.0780761539643027e+01,  4.9900522585646607e+00, -1.3499121159968029e-02,  3.1486553318939542e-01,  1.0331840150347471e+03,  1.6537735796765314e+00, -1.4998061170428060e+04,  8.1499507568313501e+00,  2.5850154567076444e+00,  2.9624688862949716e-01, -4.9948534543254169e-01, -1.5674009836028884e+00,  2.2495955466924422e+00,  2.7328816364904313e-01, -7.6034854363788262e-02,  3.6920057293592552e-02,  8.1040961014521640e-01,  0.0000000000000000e+00, -1.2278988764418720e-01,  6.2741433118146853e-02,  1.0925490874741421e+00,  0.0000000000000000e+00
 1.6383616383616384e+00,  6.3384974581759786e+02,  4.3931622618166646e+00,  3.0783476147081167e+01,  4.9901537103856866e+00, -1.3488225411684941e-02,  3.1538340085153277e-01,  1.0395236553935154e+03,  1.6862658937607027e+00, -1.4998036440875427e+04,  8.1999417768477016e+00,  2.5844343749250536e+00,  2.9934699049100577e-01, -5.0025106162101229e-01, -1.5670290210547824e+00,  2.2577460651569221e+00,  2.7328816364904313e-01, -7.7262950071468273e-02,  3.7560624698911645e-02,  8.2134442031464239e-01,  0.0000000000000000e+00, -1.2307487303334833e-01,  6.5500161426735579e-02,  1.0965999084449520e+00,  0.0000000000000000e+00
 1.6483516483516483e+00,  6.3385110544196584e+02,  4.4283118111223336e+00,  3.0786098331653648e+01,  4.9902121313572509e+00, -1.3476227191757204e-02,  3.1589011039903397e-01,  1.0458633103140471e+03,  1.7191732754623299e+00, -1.4998011571576628e+04,  8.2499337677261426e+00,  2.5838499721454347e+00,  3.0245166870054124e-01, -5.0102906071868492e-01, -1.5666505215709421e+00,  2.2660060246208067e+00,  2.7328816364904313e-01, -7.8492473206383265e-02,  3.8228784532330383e-02,  8.3231713450530176e-01,  0.0000000000000000e+00, -1.2307565857663334e-01,  6.8265437223695408e-02,  1.1001374725250386e+00,  0.0000000000000000e+00
 1.6583416583416584e+00,  6.3385247190953339e+02,  4.4636649403136284e+00,  3.0788628578130954e+01,  4.9902305321702549e+00, -1.3462965992399920e-02,  3.1638586651551798e-01,  1.0522029798099052e+03,  1.7524982311179136e+00, -1.4997986562425322e+04,  8.2999263094049187e+00,  2.5832622675167944e+00,  3.0556081209175523e-01, -5.0181934280395701e-01, -1.5662652091760145e+00,  2.2743757781340510e+00,  2.7328816364904313e-01, -7.9720699866607875e-02,  3.8924420165625660e-02,  8.4332253419723457e-01,  0.0000000000000000e+00, -1.2281531880033550e-01,  7.1000816562019245e-02,  1.1031435457999177e+00,  0.0000000000000000e+00
 1.6683316683316682e+00,  6.3385384519213358e+02,  4.4992223793805062e+00,  3.0791067378397269e+01,  4.9902118460204212e+00, -1.3448309306112440e-02,  3.1687087236191169e-01,  1.0585426638944634e+03,  1.7862432646906257e+00, -1.4997961413306037e+04,  8.3499190116240740e+00,  2.5826712816467885e+00,  3.0867431179356081e-01, -5.0262188189484092e-01, -1.5658728108783222e+00,  2.2828556257036685e+00,  2.7328816364904313e-01, -8.0945132522859217e-02,  3.9647075019157228e-02,  8.5435524593355650e-01,  0.0000000000000000e+00, -1.2231609898118406e-01,  7.3674685115000804e-02,  1.1056053438117284e+00,  0.0000000000000000e+00
 1.6783216783216783e+00,  6.3385522526121463e+02,  4.5349848492975999e+00,  3.0793415228428572e+01,  4.9901589231072174e+00, -1.3432151825498947e-02,  3.1734532959082457e-01,  1.0648823625809066e+03,  1.8204108777370180e+00, -1.4997936124094249e+04,  8.3999115131208910e+00,  2.5820770363224477e+00,  3.1179206117920472e-01, -5.0343662816904911e-01, -1.5654730598249824e+00,  2.2914458130178383e+00,  2.7328816364904313e-01, -8.2163491628628210e-02,  4.0396000641700243e-02,  8.6540979585318045e-01,  0.0000000000000000e+00, -1.2159939399376690e-01,  7.6260224518111430e-02,  1.1075155500970078e+00,  0.0000000000000000e+00
 1.6883116883116882e+00,  6.3385661208797853e+02,  4.5709530619024887e+00,  3.0795672625451328e+01,  4.9900745259008374e+00, -1.3414414275298658e-02,  3.1780943835709791e-01,  1.0712220758822286e+03,  1.8550035693754272e+00, -1.4997910694656464e+04,  8.4499034807741911e+00,  2.5814795542399320e+00,  3.1491395581570669e-01, -5.0426351009920911e-01, -1.5650656979783881e+00,  2.3001465307157201e+00,  2.7328816364904313e-01, -8.3373707044040332e-02,  4.1170204066733218e-02,  8.7648066385911139e-01,  0.0000000000000000e+00, -1.2068573217174071e-01,  7.8735301173489522e-02,  1.1088722246903497e+00,  0.0000000000000000e+00
 1.6983016983016983e+00,  6.3385800564351246e+02,  4.6071277197426523e+00,  3.0797840065309931e+01,  4.9899613251346411e+00, -1.3395041940098313e-02,  3.1826339732479736e-01,  1.0775618038112325e+03,  1.8900238362559723e+00, -1.4997885124850296e+04,  8.4998946087051088e+00,  2.5808788587476195e+00,  3.1803989341418498e-01, -5.0510243650159736e-01, -1.5646504783251476e+00,  2.3089579141938446e+00,  2.7328816364904313e-01, -8.4573909321796287e-02,  4.1968493727537394e-02,  8.8756233639340643e-01,  0.0000000000000000e+00, -1.1959476383518736e-01,  8.1082288919597928e-02,  1.1096786166774686e+00,  0.0000000000000000e+00
 1.7082917082917084e+00,  6.3385940589891072e+02,  4.6435095158951318e+00,  3.0799918040064117e+01,  4.9898218964809375e+00, -1.3374002948829244e-02,  3.1870740367094325e-01,  1.0839015463805283e+03,  1.9254741725320010e+00, -1.4997859414524542e+04,  8.5498846173412613e+00,  2.5802749736052366e+00,  3.2116977378150141e-01, -5.0595329849724702e-01, -1.5642271666351806e+00,  2.3178800439303737e+00,  2.7328816364904313e-01, -8.5762420900049596e-02,  4.2789523323567238e-02,  8.9864935693116244e-01,  0.0000000000000000e+00, -1.1834525413093387e-01,  8.3287836205481663e-02,  1.1099428949792840e+00,  0.0000000000000000e+00
 1.7182817182817183e+00,  6.3386081282538703e+02,  4.6800991337627815e+00,  3.0801907035831270e+01,  4.9896587178687088e+00, -1.3351286374023219e-02,  3.1914165308628945e-01,  1.0902413036025323e+03,  1.9613570698328902e+00, -1.4997833563519258e+04,  8.5998732524510313e+00,  2.5796679227611539e+00,  3.2430349877360698e-01, -5.0681597138471524e-01, -1.5637955427942072e+00,  2.3269129463003613e+00,  2.7328816364904313e-01, -8.6937747243893207e-02,  4.3631833136059603e-02,  9.0973637344530422e-01,  0.0000000000000000e+00, -1.1695507990655665e-01,  8.5342588255490986e-02,  1.1096778111519223e+00,  0.0000000000000000e+00
 1.7282717282717284e+00,  6.3386222639437563e+02,  4.7168972468507455e+00,  3.0803807530882576e+01,  4.9894741674025980e+00, -1.3326900200060653e-02,  3.1956633977347632e-01,  1.0965810754894671e+03,  1.9976750172380842e+00, -1.4997807571665826e+04,  8.6498602841542187e+00,  2.5790577301493789e+00,  3.2744097225088475e-01, -5.0769031642419793e-01, -1.5633554017373572e+00,  2.3360565948483618e+00,  2.7328816364904313e-01, -8.8098567974067898e-02,  4.4493888394829505e-02,  9.2081818223091016e-01,  0.0000000000000000e+00, -1.1544123027441736e-01,  8.7240874550243250e-02,  1.1089003077263757e+00,  0.0000000000000000e+00
 1.7382617382617382e+00,  6.3386364657762158e+02,  4.7539045185266016e+00,  3.0805619993996714e+01,  4.9892705218434035e+00, -1.3300869210425432e-02,  3.1998165644288240e-01,  1.1029208620533591e+03,  2.0344305012522677e+00, -1.4997781438787028e+04,  8.6998455059147535e+00,  2.5784444195073162e+00,  3.3058210003573341e-01, -5.0857618253304826e-01, -1.5629065540150897e+00,  2.3453109119793005e+00,  2.7328816364904313e-01, -8.9243728018455606e-02,  4.5374114394953646e-02,  9.3188976760863140e-01,  0.0000000000000000e+00, -1.1381981061200035e-01,  8.8980370674609788e-02,  1.1076310848934139e+00,  0.0000000000000000e+00
 1.7482517482517483e+00,  6.3386507334725957e+02,  4.7911216017674185e+00,  3.0807344883069941e+01,  4.9890499556112307e+00, -1.3273232839415233e-02,  3.2038779430650205e-01,  1.1092606633060393e+03,  2.0716260057815994e+00, -1.4997755164697104e+04,  8.7498287335210314e+00,  2.5778280142148100e+00,  3.3372678987256443e-01, -5.0947340789309814e-01, -1.5624488260251703e+00,  2.3546757710243584e+00,  2.7328816364904313e-01, -9.0372228819189424e-02,  4.6270928152498350e-02,  9.4294633715169918e-01,  0.0000000000000000e+00, -1.1210604969491006e-01,  9.0561743585839530e-02,  1.1058941376287699e+00,  0.0000000000000000e+00
 1.7582417582417582e+00,  6.3386650667588094e+02,  4.8285491388967339e+00,  3.0808982643977249e+01,  4.9888145402735438e+00, -1.3244043028958766e-02,  3.2078494307016653e-01,  1.1156004792591414e+03,  2.1092640121109034e+00, -1.4997728749201822e+04,  8.7998098040588175e+00,  2.5772085371546538e+00,  3.3687495139032914e-01, -5.1038182147049460e-01, -1.5619820599461087e+00,  2.3641509986356781e+00,  2.7328816364904313e-01, -9.1483219625185408e-02,  4.7182766472418730e-02,  9.5398335219697905e-01,  0.0000000000000000e+00, -1.1031430966548680e-01,  9.1988288062220161e-02,  1.1037162744362632e+00,  0.0000000000000000e+00
 1.7682317682317683e+00,  6.3386794653658990e+02,  4.8661877613142863e+00,  3.0810533709675710e+01,  4.9885662444814001e+00, -1.3213362126275371e-02,  3.2117329092441449e-01,  1.1219403099241024e+03,  2.1473469988817633e+00, -1.4997702192098530e+04,  8.8497885748814369e+00,  2.5765860105942893e+00,  3.4002649606763929e-01, -5.1130124444904590e-01, -1.5615061134083388e+00,  2.3737363774618605e+00,  2.7328816364904313e-01, -9.2575988897319036e-02,  4.8108110377397151e-02,  9.6499655350812241e-01,  0.0000000000000000e+00, -1.0845809861566751e-01,  9.3265561714460946e-02,  1.1011266280546266e+00,  0.0000000000000000e+00
 1.7782217782217782e+00,  6.3386939290304849e+02,  4.9040380892210935e+00,  3.0811998499538024e+01,  4.9883069343183672e+00, -1.3181260853173449e-02,  3.2155302453430429e-01,  1.1282801553121606e+03,  2.1858774420714333e+00, -1.4997675493176206e+04,  8.8997649225815074e+00,  2.5759604560881435e+00,  3.4318133720048977e-01, -5.1223149157833314e-01, -1.5610208589395673e+00,  2.3834316490554208e+00,  2.7328816364904313e-01, -9.3649955851045866e-02,  4.9045505914479925e-02,  9.7598198205658693e-01,  0.0000000000000000e+00, -1.0655008552044171e-01,  9.4401024809510722e-02,  1.0981561673479716e+00,  0.0000000000000000e+00
 1.7882117882117883e+00,  6.3387084574951166e+02,  4.9421007313423120e+00,  3.0813377418901858e+01,  4.9880383740277887e+00, -1.3147816372907163e-02,  3.2192432902844031e-01,  1.1346200154343567e+03,  2.2248578149725269e+00, -1.4997648652215521e+04,  8.9497387419682024e+00,  2.5753318943997416e+00,  3.4633938987255314e-01, -5.1317237243807778e-01, -1.5605261832202373e+00,  2.3932365169634906e+00,  2.7328816364904313e-01, -9.4704662158492839e-02,  4.9993581414971684e-02,  9.8693599497271411e-01,  0.0000000000000000e+00, -1.0460211723044252e-01,  9.5403690388938173e-02,  1.0948372184606934e+00,  0.0000000000000000e+00
 1.7982017982017982e+00,  6.3387230505085211e+02,  4.9803762846500632e+00,  3.0814670858818626e+01,  4.9877622270853212e+00, -1.3113110475777009e-02,  3.2228738798746603e-01,  1.1409598903015321e+03,  2.2642905881734081e+00, -1.4997621668988879e+04,  8.9997099450536417e+00,  2.5747003454425168e+00,  3.4950057092797204e-01, -5.1412369262046087e-01, -1.5600219861840234e+00,  2.4031506499539765e+00,  2.7328816364904313e-01, -9.5739763830007860e-02,  5.0951061334779592e-02,  9.9785527679657793e-01,  0.0000000000000000e+00, -1.0262523740686594e-01,  9.6283789556606228e-02,  1.0912030026768442e+00,  0.0000000000000000e+00
 1.8081918081918082e+00,  6.3387377078257668e+02,  5.0188653340882805e+00,  3.0815879195983921e+01,  4.9874800575849587e+00, -1.3077227900124650e-02,  3.2264238343225415e-01,  1.1472997799243301e+03,  2.3041782295392621e+00, -1.4997594543260459e+04,  9.0496784600516751e+00,  2.5740658282380466e+00,  3.5266479894654412e-01, -5.1508525483228373e-01, -1.5595081799967652e+00,  2.4131736853310546e+00,  2.7328816364904313e-01, -9.6755023292665276e-02,  5.1916776845130311e-02,  1.0087368462244000e+00,  0.0000000000000000e+00, -1.0062970701714967e-01,  9.7052455615607616e-02,  1.0872871967731339e+00,  0.0000000000000000e+00
 1.8181818181818181e+00,  6.3387524292083390e+02,  5.0575684523013811e+00,  3.0817002792830820e+01,  4.9871933319080339e+00, -1.3040254801096952e-02,  3.2298949581200020e-01,  1.1536396843131943e+03,  2.3445232041937798e+00, -1.4997567274786263e+04,  9.0996442303920713e+00,  2.5734283608902935e+00,  3.5583199422116413e-01, -5.1605685991901562e-01, -1.5589846879453595e+00,  2.4233052322961224e+00,  2.7328816364904313e-01, -9.7750301681180513e-02,  5.2889673378133724e-02,  1.0195780586011811e+00,  0.0000000000000000e+00, -9.8625026363600793e-02,  9.7721430291675043e-02,  1.0831235210584547e+00,  0.0000000000000000e+00
 1.8281718281718282e+00,  6.3387672144241469e+02,  5.0964861993684565e+00,  3.0818041997766830e+01,  4.9869034206460148e+00, -1.3002277375574455e-02,  3.2332890399240405e-01,  1.1599796034783694e+03,  2.3853279745014455e+00, -1.4997539863314150e+04,  9.1496072137527573e+00,  2.5727879605743578e+00,  3.5900207873736562e-01, -5.1703830781292670e-01, -1.5584514432659333e+00,  2.4335448753130962e+00,  2.7328816364904313e-01, -9.8725551354736540e-02,  5.3868815359206665e-02,  1.0303766044564977e+00,  0.0000000000000000e+00, -9.6619958282315066e-02,  9.8302794319127654e-02,  1.0787453591759195e+00,  0.0000000000000000e+00
 1.8381618381618381e+00,  6.3387820632474620e+02,  5.1356191225444476e+00,  3.0818997145534979e+01,  4.9866116007492520e+00, -1.2963380648012472e-02,  3.2366078524409719e-01,  1.1663195374299007e+03,  2.4265950000503729e+00, -1.4997512308583877e+04,  9.1995673811124803e+00,  2.5721446435381341e+00,  3.6217497615478539e-01, -5.1802939840762174e-01, -1.5579083879381825e+00,  2.4438921774401083e+00,  2.7328816364904313e-01, -9.9680808651052194e-02,  5.4853388378640316e-02,  1.0411305044157955e+00,  0.0000000000000000e+00, -9.4622552440078972e-02,  9.8808724171490142e-02,  1.0741854126754726e+00,  0.0000000000000000e+00
 1.8481518481518482e+00,  6.3387969754588028e+02,  5.1749677560096474e+00,  3.0819868557679900e+01,  4.9863190578751366e+00, -1.2923647418645328e-02,  3.2398531523145235e-01,  1.1726594861776348e+03,  2.4683267376356857e+00, -1.4997484610327123e+04,  9.2495247158260874e+00,  2.5714984251152906e+00,  3.6535061179036438e-01, -5.1902993236139927e-01, -1.5573554714701563e+00,  2.4543466835931320e+00,  2.7328816364904313e-01, -1.0061618688752770e-01,  5.5842699067853260e-02,  1.0518381008459194e+00,  0.0000000000000000e+00, -9.2640170502315933e-02,  9.9251275808940859e-02,  1.0694753926353500e+00,  0.0000000000000000e+00
 1.8581418581418581e+00,  6.3388119508447664e+02,  5.2145326206286944e+00,  3.0820656543100096e+01,  4.9860268889104926e+00, -1.2883157372579271e-02,  3.2430266800188906e-01,  1.1789994497312189e+03,  2.5105256412433943e+00, -1.4997456768267532e+04,  9.2994792127241617e+00,  2.5708493197479396e+00,  3.6852891260308279e-01, -5.2003971183194797e-01, -1.5567926496950686e+00,  2.4649079237107561e+00,  2.7328816364904313e-01, -1.0153186961734663e-01,  5.6836172952995749e-02,  1.0624980466110001e+00,  0.0000000000000000e+00, -9.0679512007434848e-02,  9.9642195996586427e-02,  1.0646457495338377e+00,  0.0000000000000000e+00
 1.8681318681318682e+00,  6.3388269891978280e+02,  5.2543142237200913e+00,  3.0821361398668483e+01,  4.9857361046443121e+00, -1.2841986345741999e-02,  3.2461301597576564e-01,  1.1853394281001019e+03,  2.5531941620347753e+00, -1.4997428782120731e+04,  9.3494308772387296e+00,  2.5701973410174581e+00,  3.7170980718003199e-01, -5.2105854114496264e-01, -1.5562198835989676e+00,  2.4755754157931520e+00,  2.7328816364904313e-01, -1.0242810414675796e-01,  5.7833350561104779e-02,  1.0731092913250837e+00,  0.0000000000000000e+00, -8.8746640780714148e-02,  9.9992761146840248e-02,  1.0597254422256812e+00,  0.0000000000000000e+00
 1.8781218781218780e+00,  6.3388420903161000e+02,  5.2943130588371323e+00,  3.0821983409904156e+01,  4.9854476325682846e+00, -1.2800205741475466e-02,  3.2491652993693010e-01,  1.1916794212935336e+03,  2.5963347483312060e+00, -1.4997400651594367e+04,  9.3993797245563506e+00,  2.5695425016818878e+00,  3.7489322572361844e-01, -5.2208622739931576e-01, -1.5556371381953462e+00,  2.4863486687921763e+00,  2.7328816364904313e-01, -1.0330519531856124e-01,  5.8833882050708552e-02,  1.0836710654905382e+00,  0.0000000000000000e+00, -8.6847011814300296e-02,  1.0031364307183534e-01,  1.0547417456983110e+00,  0.0000000000000000e+00
 1.8881118881118881e+00,  6.3388572540030748e+02,  5.3345296055610065e+00,  3.0822522851679548e+01,  4.9851623197838490e+00, -1.2757882089739693e-02,  3.2521337902398079e-01,  1.1980194293205659e+03,  2.6399498455994674e+00, -1.4997372376388128e+04,  9.4493257787998068e+00,  2.5688848137184919e+00,  3.7807910003970036e-01, -5.2312258101146736e-01, -1.5550443814600923e+00,  2.4972271853334225e+00,  2.7328816364904313e-01, -1.0416349956506228e-01,  5.9837520631122271e-02,  1.0941828629061827e+00,  0.0000000000000000e+00, -8.4985498335209270e-02,  1.0061480072699236e-01,  1.0497200969137239e+00,  0.0000000000000000e+00
 1.8981018981018980e+00,  6.3388724800673458e+02,  5.3749643293066987e+00,  3.0822979988948358e+01,  4.9848809359957738e+00, -1.2715076739431381e-02,  3.2550373072227301e-01,  1.2043594521900523e+03,  2.6840418964374719e+00, -1.4997343956193767e+04,  9.4992690722392883e+00,  2.5682242883700961e+00,  3.8126736352646451e-01, -5.2416741620181451e-01, -1.5544415833375815e+00,  2.5082104642548373e+00,  2.7328816364904313e-01, -1.0500341923252769e-01,  6.0844115024396961e-02,  1.1046444217203666e+00,  0.0000000000000000e+00, -8.3166419091367252e-02,  1.0090539680659968e-01,  1.0446839776858665e+00,  0.0000000000000000e+00
 1.9080919080919081e+00,  6.3388877683223245e+02,  5.4156176811422370e+00,  3.0823355077481061e+01,  4.9846041765735407e+00, -1.2671845673189960e-02,  3.2578775085669082e-01,  1.2106994899106492e+03,  2.7286133405604294e+00, -1.4997315390695125e+04,  9.5492096445338852e+00,  2.5675609361939387e+00,  3.8445795116385778e-01, -5.2522055142570367e-01, -1.5538287148262382e+00,  2.5192980029502130e+00,  2.7328816364904313e-01, -1.0582539717817707e-01,  6.1853601210136021e-02,  1.1150557044891829e+00,  0.0000000000000000e+00, -8.1393565627639303e-02,  1.0119373757836059e-01,  1.0396548326311741e+00,  0.0000000000000000e+00
 1.9180819180819180e+00,  6.3389031185859437e+02,  5.4564900976216801e+00,  3.0823648364596160e+01,  4.9843326656630094e+00, -1.2628239433249755e-02,  3.2606560358518971e-01,  1.2170395424908149e+03,  2.7736666147874098e+00, -1.4997286679568157e+04,  9.5991475420039318e+00,  2.5668947671118825e+00,  3.8765079950339942e-01, -5.2628180975182803e-01, -1.5532057471495668e+00,  2.5304892995093664e+00,  2.7328816364904313e-01, -1.0662991163926300e-01,  6.2865993676457607e-02,  1.1254168775809084e+00,  0.0000000000000000e+00, -7.9670229481762056e-02,  1.0148723417922147e-01,  1.0346520203322520e+00,  0.0000000000000000e+00
 1.9280719280719281e+00,  6.3389185306803711e+02,  5.4975820006321925e+00,  3.0823860089876863e+01,  4.9840669593320559e+00, -1.2584303146372046e-02,  3.2633745139310416e-01,  1.2233796099388119e+03,  2.8192041530283212e+00, -1.4997257822480949e+04,  9.6490828169346567e+00,  2.5662257904609511e+00,  3.9084584665821298e-01, -5.2735101919072391e-01, -1.5525726510165188e+00,  2.5417838546501312e+00,  2.7328816364904313e-01, -1.0741747137293724e-01,  6.3881376382620814e-02,  1.1357282902453614e+00,  0.0000000000000000e+00, -7.7999229200058626e-02,  1.0179238359479210e-01,  1.0296927950937629e+00,  0.0000000000000000e+00
 1.9380619380619382e+00,  6.3389340044317260e+02,  5.5388937972554118e+00,  3.0823990485864304e+01,  4.9838075487350411e+00, -1.2540076635633545e-02,  3.2660345508820410e-01,  1.2297196922627054e+03,  2.8652283862712551e+00, -1.4997228819093745e+04,  9.6990155269113245e+00,  2.5655540150432570e+00,  3.9404303229313009e-01, -5.2842801297606257e-01, -1.5519293959730909e+00,  2.5531811734403429e+00,  2.7328816364904313e-01, -1.0818861106468344e-01,  6.4899893619724647e-02,  1.1459904536422409e+00,  0.0000000000000000e+00, -7.6382937087289632e-02,  1.0211476727325099e-01,  1.0247923169589912e+00,  0.0000000000000000e+00
 1.9480519480519480e+00,  6.3389495396698032e+02,  5.5804258796432826e+00,  3.0824039778719836e+01,  4.9835548632820990e+00, -1.2495594606826185e-02,  3.2686377379647519e-01,  1.2360597894703646e+03,  2.9117417425702183e+00, -1.4997199669058962e+04,  9.7489457341860888e+00,  2.5648794491745406e+00,  3.9724229761473256e-01, -5.2951262980140690e-01, -1.5512759498452955e+00,  2.5646807668108154e+00,  2.7328816364904313e-01, -1.0894388700204038e-01,  6.5921740934920176e-02,  1.1562040200948753e+00,  0.0000000000000000e+00, -7.4823305571572477e-02,  1.0245906522889518e-01,  1.0199636868584141e+00,  0.0000000000000000e+00
 1.9580419580419581e+00,  6.3389651362278130e+02,  5.6221786249084200e+00,  3.0824008188850350e+01,  4.9833092738003311e+00, -1.2450886897414680e-02,  3.2711856495859193e-01,  1.2423999015694640e+03,  2.9587466470332213e+00, -1.4997170372021214e+04,  9.7988735050764042e+00,  2.5642021007306424e+00,  4.0044358536121777e-01, -5.3060471401506437e-01, -1.5506122782720935e+00,  2.5762821528628179e+00,  2.7328816364904313e-01, -1.0968387300976817e-01,  6.6947156264323057e-02,  1.1663697628078054e+00,  0.0000000000000000e+00, -7.3321893175529840e-02,  1.0282908371755917e-01,  1.0152180042701568e+00,  0.0000000000000000e+00
 1.9680319680319680e+00,  6.3389807939421382e+02,  5.6641523950290029e+00,  3.0823895931491872e+01,  4.9830710956750544e+00, -1.2405978776369411e-02,  3.2736798432704706e-01,  1.2487400285674814e+03,  3.0062455218107043e+00, -1.4997140927617329e+04,  9.8487989093949686e+00,  2.5635219771913254e+00,  4.0364683979198301e-01, -5.3170411577562804e-01, -1.5499383443255288e+00,  2.5879848579758065e+00,  2.7328816364904313e-01, -1.1040915664168655e-01,  6.7976411399259695e-02,  1.1764885562570457e+00,  0.0000000000000000e+00, -7.1879889934527250e-02,  1.0322779429675763e-01,  1.0105644442677917e+00,  0.0000000000000000e+00
 1.9780219780219781e+00,  6.3389965126521065e+02,  5.7063475367681509e+00,  3.0823703217247974e+01,  4.9828405919602874e+00, -1.2360891283718627e-02,  3.2761218596389602e-01,  1.2550801704717014e+03,  3.0542407860843070e+00, -1.4997111335476371e+04,  9.8987220199108634e+00,  2.5628390856810355e+00,  4.0685200667684601e-01, -5.3281069117074242e-01, -1.5492541082141662e+00,  2.5997884177230985e+00,  2.7328816364904313e-01, -1.1112033562383739e-01,  6.9009803889538576e-02,  1.1865613574324161e+00,  0.0000000000000000e+00, -7.0498142292072088e-02,  1.0365738225707510e-01,  1.0060103510413498e+00,  0.0000000000000000e+00
 1.9880119880119880e+00,  6.3390122921997852e+02,  5.7487643816076606e+00,  3.0823430252580607e+01,  4.9826179764486165e+00, -1.2315641599317723e-02,  3.2785132223907504e-01,  1.2614203272892132e+03,  3.1027348560559425e+00, -1.4997081595219661e+04,  9.9486429118415547e+00,  2.5621534330062388e+00,  4.1005903328482879e-01, -5.3392430230157883e-01, -1.5485595270649986e+00,  2.6116923776048258e+00,  2.7328816364904313e-01,  1.0267210600276009e+01, -1.2159574263396682e+00, -1.0726670392453650e+01,  0.0000000000000000e+00,  2.0778123515094421e+03, -2.5735409687414437e+02, -2.3860350066782330e+03,  0.0000000000000000e+00
 1.9980019980019981e+00,  6.3390281222145552e+02,  5.7912955905909582e+00,  3.0823244949426577e+01,  4.9572279618270016e+00, -1.1174527198212098e-02,  3.2844688279071832e-01,  1.2677604990432374e+03,  3.1517299276561994e+00, -1.4997051706156637e+04,  9.9984957440999622e+00,  2.5614676722100067e+00,  4.1326929833064130e-01, -3.2767161823815494e-01, -1.5735489618872864e+00,  2.3854693289627860e+00,  2.7328816364904313e-01,  2.0896144376258381e+01, -2.5377700286779796e+00, -2.3099088540511797e+01,  0.0000000000000000e+00,  5.0100190442274929e+01, -7.2727861139911667e+00, -9.0923106563058568e+01,  0.0000000000000000e+00
 2.0079920079920082e+00,  6.3390438903367271e+02,  5.8334648243589848e+00,  3.0823677835652497e+01,  4.8641600181465909e+00, -7.0709028796297696e-03,  3.3000213366481851e-01,  1.2741006858712335e+03,  3.2012266427014984e+00, -1.4997021665425487e+04,  1.0047748785526901e+01,  2.5608034144761369e+00,  4.1649432512544882e-01, -1.1641892015854984e-01, -1.5992642229426810e+00,  2.1501721270451446e+00,  2.7328816364904313e-01,  1.9427402321984196e+01, -2.3487774599901003e+00, -2.1693041103049076e+01,  0.0000000000000000e+00, -3.4414234970801425e+02,  4.5109098365310459e+01,  3.7241380354314674e+02,  0.0000000000000000e+00
 2.0179820179820180e+00,  6.3390594553760479e+02,  5.8748714809343285e+00,  3.0825022959087551e+01,  4.7158416379641857e+00, -5.4697652765227237e-04,  3.3232555095792338e-01,  1.2804408879283976e+03,  3.2512253330850305e+00, -1.4996991469813676e+04,  1.0095787701959255e+01,  2.5601857022305738e+00,  4.1974738923028909e-01,  6.0488268314975668e-02, -1.6204775824665092e+00,  1.9520419342964710e+00,  2.7328816364904313e-01,  1.6206282502108731e+01, -1.9117949718977139e+00, -1.8168147847230564e+01,  0.0000000000000000e+00, -3.0072583823109727e+02,  4.2374795750790526e+01,  3.3326982627176284e+02,  0.0000000000000000e+00
 2.0279720279720279e+00,  6.3390747073760735e+02,  5.9151895809684794e+00,  3.0827507148424022e+01,  4.5230141840001989e+00,  7.8888303416129422e-03,  3.3526468393165781e-01,  1.2867811053350372e+03,  3.3017266589185121e+00, -1.4996961116750063e+04,  1.0142115959644892e+01,  2.5596346359501267e+00,  4.2303917125762974e-01,  2.0738292803542704e-01, -1.6374619246788986e+00,  1.7871721700575252e+00,  2.7328816364904313e-01,  1.3392437844700783e+01, -1.5037733253190966e+00, -1.5020952896571426e+01,  0.0000000000000000e+00, -2.6260586218198040e+02,  3.9311137894249590e+01,  2.9679860285020186e+02,  0.0000000000000000e+00
 2.0379620379620378e+00,  6.3390895640187557e+02,  5.9541555651172029e+00,  3.0831297057584109e+01,  4.2949754421568400e+00,  1.7765195425598214e-02,  3.3869701054015106e-01,  1.2931213381825082e+03,  3.3527315262902624e+00, -1.4996930604286534e+04,  1.0186336863969913e+01,  2.5591657404894796e+00,  4.2637818714927755e-01,  3.2806944403326993e-01, -1.6505230035518055e+00,  1.6519229953040384e+00,  2.7328816364904313e-01,  1.0936200791087286e+01, -1.1274265383014561e+00, -1.2220249743903873e+01,  0.0000000000000000e+00, -2.2913279595138886e+02,  3.6033488866676301e+01,  2.6390216831378279e+02,  0.0000000000000000e+00
 2.0479520479520481e+00,  6.3391039677860306e+02,  5.9915591911274353e+00,  3.0836505100014996e+01,  4.0397598933032137e+00,  2.8650596363209973e-02,  3.4252414221049443e-01,  1.2994615865368435e+03,  3.4042410262899225e+00, -1.4996899931077112e+04,  1.0228140073073153e+01,  2.5587903008323707e+00,  4.2977110067876573e-01,  4.2588843834686363e-01, -1.6599879294401667e+00,  1.5430113360134892e+00,  2.7328816364904313e-01,  8.7941200401062094e+00, -7.8452608221873843e-01, -9.7329305823782732e+00,  0.0000000000000000e+00, -1.9971177039501796e+02,  3.2615182441083043e+01,  2.3405912782363674e+02,  0.0000000000000000e+00
 2.0579420579420580e+00,  6.3391178831853551e+02,  6.0272357654545701e+00,  3.0843195379703364e+01,  3.7642956034521355e+00,  4.0155090384260857e-02,  3.4666691204679589e-01,  1.3058018504418051e+03,  3.4562563837968461e+00, -1.4996869096348511e+04,  1.0267289790853413e+01,  2.5585157281548732e+00,  4.3322299021299304e-01,  5.0377613814128797e-01, -1.6661978503493828e+00,  1.4574588478039709e+00,  2.7328816364904313e-01,  6.9282599879130533e+00, -4.7611693979361147e-01, -7.5295436140877143e+00,  0.0000000000000000e+00, -1.7383341205408658e+02,  2.9128327872430130e+01,  2.0705894322817122e+02,  0.0000000000000000e+00
 2.0679320679320679e+00,  6.3391312940587102e+02,  6.0610595023801759e+00,  3.0851389546932168e+01,  3.4745411606465630e+00,  5.1931245430907373e-02,  3.5106138683718296e-01,  1.3121421299215037e+03,  3.5087789145201760e+00, -1.4996838099863873e+04,  1.0303614423451766e+01,  2.5583459459534503e+00,  4.3673757739801167e-01,  5.6431521133213780e-01, -1.6695007554100689e+00,  1.3925709041635865e+00,  2.7328816364904313e-01,  5.3054414637949803e+00, -2.0256896758665863e-01, -5.5828608735303904e+00,  0.0000000000000000e+00, -1.5105485647435538e+02,  2.5635976163402464e+01,  1.8266694143140961e+02,  0.0000000000000000e+00
 2.0779220779220777e+00,  6.3391442009935236e+02,  6.0929378426857355e+00,  3.0861072513637986e+01,  3.1756053404469862e+00,  6.3674311095061997e-02,  3.5565565693009715e-01,  1.3184824249826802e+03,  3.5618099889199657e+00, -1.4996806941881292e+04,  1.0336997513995463e+01,  2.5582817868911576e+00,  4.4031742489120074e-01,  6.0977896459073688e-01, -1.6702451823690962e+00,  1.3459131760051632e+00,  2.7328816364904313e-01,  3.8966211296254154e+00,  3.6335451164376538e-02, -3.8680346264088543e+00,  0.0000000000000000e+00, -1.3099097442637157e+02,  2.2192688470554508e+01,  1.6064127324230157e+02,  0.0000000000000000e+00
 2.0879120879120880e+00,  6.3391566188512820e+02,  6.1228065877295768e+00,  3.0872197969822487e+01,  2.8718517971379400e+00,  7.5121715978333795e-02,  3.6040727449234028e-01,  1.3248227356167374e+03,  3.6153510018863395e+00, -1.4996775623108600e+04,  1.0367369795086017e+01,  2.5583213921671000e+00,  4.4396410878232356e-01,  6.4216977935662245e-01, -1.6687747723698216e+00,  1.3152874950445277e+00,  2.7328816364904313e-01,  2.6763528260991531e+00,  2.4131925772189314e-01, -2.3626097278765972e+00,  0.0000000000000000e+00, -1.1330673993958357e+02,  1.8845069602259880e+01,  1.4074479144385305e+02,  0.0000000000000000e+00
 2.0979020979020979e+00,  6.3391685744270490e+02,  6.1506257255073375e+00,  3.0884693649827032e+01,  2.5669907533589682e+00,  8.6051976601539196e-02,  3.6528122670899171e-01,  1.3311630618015802e+03,  3.6694033472607495e+00, -1.4996744144655717e+04,  1.0394702219743255e+01,  2.5584606062907169e+00,  4.4767837013083162e-01,  6.6325254752978147e-01, -1.6654236187782492e+00,  1.2987081864371988e+00,  2.7328816364904313e-01,  1.6223201721755962e+00,  4.1353377943620390e-01, -1.0464362758031152e+00,  0.0000000000000000e+00, -9.7710597375921836e+01,  1.5632277644943624e+01,  1.2275313366126542e+02,  0.0000000000000000e+00
 2.1078921078921078e+00,  6.3391801042506984e+02,  6.1763758434499723e+00,  3.0898466305106606e+01,  2.2641593863630507e+00,  9.6283101343625888e-02,  3.7024834599076106e-01,  1.3375034035033132e+03,  3.7239683964569767e+00, -1.4996712507985745e+04,  1.0418999849771616e+01,  2.5586933611632459e+00,  4.5146024904611276e-01,  6.7458376881067994e-01, -1.6605123591942732e+00,  1.2943796773461640e+00,  2.7328816364904313e-01,  7.1493106997661005e-01,  5.5448680634459668e-01,  9.8484187418247243e-02,  0.0000000000000000e+00, -8.3948700884317304e+01,  1.2586518342116936e+01,  1.0645994307565398e+02,  0.0000000000000000e+00
 2.1178821178821177e+00,  6.3391912525383498e+02,  6.2000550385437103e+00,  3.0913406348153217e+01,  1.9659923757711466e+00,  1.0567057078741363e-01,  3.7528407371095224e-01,  1.3438437606778227e+03,  3.7790474805825314e+00, -1.4996680714865843e+04,  1.0440296496247207e+01,  2.5590120443366868e+00,  4.5530920393092106e-01,  6.7753688459225103e-01, -1.6543449613088268e+00,  1.3006759024695314e+00,  2.7328816364904313e-01, -6.3034041047934600e-02,  6.6597556067343944e-01,  1.0881937243757400e+00,  0.0000000000000000e+00, -7.1799914342795432e+01,  9.7335302745201862e+00,  9.1679906223239144e+01,  0.0000000000000000e+00
 2.1278721278721280e+00,  6.3392020693003542e+02,  6.2216762490692243e+00,  3.0929392140188526e+01,  1.6746838785463194e+00,  1.1410497313197369e-01,  3.8036750711753864e-01,  1.3501841332722699e+03,  3.8346418755773950e+00, -1.4996648767318771e+04,  1.0458650020408795e+01,  2.5594078472356632e+00,  4.5922421787256429e-01,  6.7332434741112079e-01, -1.6472061541858127e+00,  1.3161218097013239e+00,  2.7328816364904313e-01, -7.2672728616157289e-01,  7.5002448588456017e-01,  1.9369949962924895e+00,  0.0000000000000000e+00, -6.1071473328953552e+01,  7.0930645527460046e+00,  7.8250108414492288e+01,  0.0000000000000000e+00
 2.1378621378621379e+00,  6.3392126086101405e+02,  6.2412649440758816e+00,  3.0946293902985047e+01,  1.3920420263617714e+00,  1.2150936993587884e-01,  3.8548067073248138e-01,  1.3565245212265029e+03,  3.8907527899799144e+00, -1.4996616667575887e+04,  1.0474138214984109e+01,  2.5598710899877091e+00,  4.6320389367714482e-01,  6.6301685889471695e-01, -1.6393594570953489e+00,  1.3393771011966544e+00,  2.7328816364904313e-01, -1.2894979959870161e+00,  8.0882780952099198e-01,  2.6576752847042711e+00,  0.0000000000000000e+00, -5.1595222778095518e+01,  4.6793608392641248e+00,  6.6030085325535950e+01,  0.0000000000000000e+00
 2.1478521478521477e+00,  6.3392229270363396e+02,  6.2588571168455260e+00,  3.0963977242537727e+01,  1.1195368940616803e+00,  1.2783646339049259e-01,  3.9060796374959156e-01,  1.3628649244743990e+03,  3.9473813550029315e+00, -1.4996584418032213e+04,  1.0486855196156274e+01,  2.5603915203098846e+00,  4.6724653867540816e-01,  6.4756015168710479e-01, -1.6310457583911877e+00,  1.3692222149901199e+00,  2.7328816364904313e-01, -1.7631222598105387e+00,  8.4469684531008171e-01,  3.2617260069270415e+00,  0.0000000000000000e+00, -4.3224354839380780e+01,  2.5016201257153692e+00,  5.4900869263476189e+01,  0.0000000000000000e+00
 2.1578421578421580e+00,  6.3392330822388328e+02,  6.2744975372585978e+00,  3.0982306279178498e+01,  8.5834276182767200e-01,  1.3306563164627155e-01,  3.9573574373770454e-01,  1.3692053429451353e+03,  4.0045286166599299e+00, -1.4996552021204117e+04,  1.0496908245194312e+01,  2.5609585846414649e+00,  4.7135024016223537e-01,  6.2778964091648404e-01, -1.6224823972489935e+00,  1.4045464519844082e+00,  2.7328816364904313e-01, -2.1580020596418472e+00,  8.6001199961172148e-01,  3.7595489213310298e+00,  0.0000000000000000e+00, -3.5830581086846351e+01,  5.6447376547287809e-01,  4.4763278200201221e+01,  0.0000000000000000e+00
 2.1678321678321679e+00,  6.3392431317277249e+02,  6.2882382253368592e+00,  3.1001146385021009e+01,  6.0937538493165233e-01,  1.3719989351893994e-01,  4.0085201445694579e-01,  1.3755457765643844e+03,  4.0621955297243755e+00, -1.4996519479690003e+04,  1.0504415046423695e+01,  2.5615616703910007e+00,  4.7551293214545531e-01,  6.0444322741853596e-01, -1.6138627014558884e+00,  1.4443380775541772e+00,  2.7328816364904313e-01, -2.4833380379208561e+00,  8.5717943951754760e-01,  4.1606425414901329e+00,  0.0000000000000000e+00, -2.9301681764600740e+01, -1.1315522963303535e+00,  3.5535664555633367e+01,  0.0000000000000000e+00
 2.1778221778221778e+00,  6.3392531317826865e+02,  6.3001371144670335e+00,  3.1020366535280612e+01,  3.7332489105854494e-01,  1.4026285829680551e-01,  4.0594619193505754e-01,  1.3818862252554381e+03,  4.1203829533380070e+00, -1.4996486796134312e+04,  1.0509501274857733e+01,  2.5621903187795874e+00,  4.7973245395577113e-01,  5.7817249730168230e-01, -1.6053559349209707e+00,  1.4876761730931012e+00,  2.7328816364904313e-01, -2.7472794165211982e+00,  8.3859236778472979e-01,  4.4737643439849055e+00,  0.0000000000000000e+00, -2.3539382231188352e+01, -2.5895794645797978e+00,  2.7151320303820878e+01,  0.0000000000000000e+00
 2.1878121878121877e+00,  6.3392631365287184e+02,  6.3102568780563217e+00,  3.1039841284998385e+01,  1.5068484400868196e-01,  1.4229571047487363e-01,  4.1100892826822710e-01,  1.3882266889402456e+03,  4.1790916481078186e+00, -1.4996453973195066e+04,  1.0512298492584415e+01,  2.5628344083093815e+00,  4.8400660119316280e-01,  5.4955252978574542e-01, -1.5971076091924574e+00,  1.5337239785328955e+00,  2.7328816364904313e-01, -2.9570541195450795e+00,  8.0659683520081549e-01,  4.7070662361139357e+00,  0.0000000000000000e+00, -1.8457513314205521e+01, -3.8159261587161728e+00,  1.9555718500431624e+01,  0.0000000000000000e+00
 2.1978021978021980e+00,  6.3392731971630280e+02,  6.3186638977656457e+00,  3.1059452386988639e+01, -5.8222057644085501e-02,  1.4335427317640681e-01,  4.1603197704306016e-01,  1.3945671675403660e+03,  4.2383222745491045e+00, -1.4996421013515050e+04,  1.0512942318024345e+01,  2.5634843093670252e+00,  4.8833316944353156e-01,  5.1909049691117060e-01, -1.5892401140378374e+00,  1.5817234505379361e+00,  2.7328816364904313e-01, -3.1190817484037350e+00,  7.6346200474649428e-01,  4.8682024620952085e+00,  0.0000000000000000e+00, -1.3980417983297526e+01, -4.8196668982388324e+00,  1.2703753941018851e+01,  0.0000000000000000e+00
 2.2077922077922079e+00,  6.3392833613265577e+02,  6.3254273551260498e+00,  3.1079090070424659e+01, -2.5322123916842876e-01,  1.4350618790420069e-01,  4.2100808794897365e-01,  1.4009076609778278e+03,  4.2980753927444741e+00, -1.4996387919696688e+04,  1.0511570836543971e+01,  2.5641310108862387e+00,  4.9270999118230435e-01,  4.8723321413332249e-01, -1.5818536230836362e+00,  1.6309907609923413e+00,  2.7328816364904313e-01, -3.2390717068495896e+00,  7.1135476412000076e-01,  4.9644106462212383e+00,  0.0000000000000000e+00, -1.0041571697549491e+01, -5.6122026751884935e+00,  6.5571245209903148e+00,  0.0000000000000000e+00
 2.2177822177822177e+00,  6.3392936726125970e+02,  6.3306184313711737e+00,  3.1098654002389200e+01, -4.3426611046741642e-01,  1.4282824219964552e-01,  4.2593092117465547e-01,  1.4072481691758962e+03,  4.3583514630978444e+00, -1.4996354694280599e+04,  1.0508323224712010e+01,  2.5647662203438024e+00,  4.9713496628097148e-01,  4.5437377949159913e-01, -1.5750272316378375e+00,  1.6809124744384591e+00,  2.7328816364904313e-01, -3.3221084689134526e+00,  6.5231856350848827e-01,  5.0025679566304904e+00,  0.0000000000000000e+00, -6.5823880676366224e+00, -6.2068446872364307e+00,  1.0819690229420043e+00,  0.0000000000000000e+00
 2.2277722277722276e+00,  6.3393041702039909e+02,  6.3343096028055905e+00,  3.1118053956967969e+01, -6.0142021959199521e-01,  1.4140387087391679e-01,  4.3079497465400163e-01,  1.4135886920597375e+03,  4.4191508480688242e+00, -1.4996321339727721e+04,  1.0503338563801188e+01,  2.5653824386505808e+00,  5.0160608654157479e-01,  4.2085742054863889e-01, -1.5688202851513988e+00,  1.7309421687172251e+00,  2.7328816364904313e-01, -3.3727257179338208e+00,  5.8825633362168139e-01,  4.9892253801907804e+00,  0.0000000000000000e+00, -3.5511851862560797e+00, -6.6184137360995523e+00, -3.7531528261495497e+00,  0.0000000000000000e+00
 2.2377622377622379e+00,  6.3393148886296285e+02,  6.3365740210563297e+00,  3.1137210218088939e+01, -7.5484142909148322e-01,  1.3932085079596845e-01,  4.3559551922691464e-01,  1.4199292295569871e+03,  4.4804738147778398e+00, -1.4996287858404899e+04,  1.0496754821026819e+01,  2.5659730117270572e+00,  5.0612145469802816e-01,  3.8698665226015344e-01, -1.5632738583387029e+00,  1.7805972972194948e+00,  2.7328816364904313e-01, -3.3949708547003499e+00,  5.2091731489758941e-01,  4.9306237960877874e+00,  0.0000000000000000e+00, -9.0229119440294414e-01, -6.8628578124635196e+00, -7.9788843112694714e+00,  0.0000000000000000e+00
 2.2477522477522478e+00,  6.3393258576302844e+02,  6.3374849691954047e+00,  3.1156053743348501e+01, -8.9476787963037130e-01,  1.3666920384652154e-01,  4.4032853837632940e-01,  1.4262697815982167e+03,  4.5423205383760985e+00, -1.4996254252573732e+04,  1.0488707979535080e+01,  2.5665321607243459e+00,  5.1067929833805337e-01,  3.5302583504013968e-01, -1.5584123467918065e+00,  1.8294561306770221e+00,  2.7328816364904313e-01, -3.3924611725741687e+00,  4.5188760283802504e-01,  4.8326959127439570e+00,  0.0000000000000000e+00,  1.4047295560795152e+00, -6.9568905418634337e+00, -1.1626277934187232e+01,  0.0000000000000000e+00
 2.2577422577422577e+00,  6.3393371021233361e+02,  6.3371153860388851e+00,  3.1174526116563822e+01, -1.0215055350671085e+00,  1.3353931763262045e-01,  4.4499067045217117e-01,  1.4326103481173068e+03,  4.6046911060779045e+00, -1.4996220524382490e+04,  1.0479331300355737e+01,  2.5670549929708306e+00,  5.1527797921270380e-01,  3.1920521025068033e-01, -1.5542451350052759e+00,  1.8771546581134788e+00,  2.7328816364904313e-01, -3.3684328233664096e+00,  3.8258418749212497e-01,  4.7010582040680520e+00,  0.0000000000000000e+00,  3.4057459553139808e+00, -6.9176532103859287e+00, -1.4727591342729321e+01,  0.0000000000000000e+00
 2.2677322677322675e+00,  6.3393486422555941e+02,  6.3355374519799570e+00,  3.1192579316799559e+01, -1.1354171290190134e+00,  1.3002028894722931e-01,  4.4957915224509298e-01,  1.4389509290517240e+03,  4.6675855217559272e+00, -1.4996186675860845e+04,  1.0468754701458391e+01,  2.5675374957956070e+00,  5.1991599840996006e-01,  2.8572447992792449e-01, -1.5507683070816742e+00,  1.9233833675215375e+00,  2.7328816364904313e-01, -3.3257835463662073e+00,  3.1425223838796379e-01,  4.5409967826477304e+00,  0.0000000000000000e+00,  5.1326393001115376e+00, -6.7624030002655910e+00, -1.7316705225598447e+01,  0.0000000000000000e+00
 2.2777222777222779e+00,  6.3393604935332621e+02,  6.3328222305495414e+00,  3.1210175331190264e+01, -1.2369123553564889e+00,  1.2619849078418907e-01,  4.5409176347144353e-01,  1.4452915243427101e+03,  4.7310037110034697e+00, -1.4996152708917161e+04,  1.0457104240735216e+01,  2.5679765154073593e+00,  5.2459199787347421e-01,  2.5275598854506109e-01, -1.5479663690035184e+00,  1.9678838645599879e+00,  2.7328816364904313e-01, -3.2671100013670480e+00,  2.4796536122122462e-01,  4.3574507356329333e+00,  0.0000000000000000e+00,  6.6138044087203571e+00, -6.5082298085154582e+00, -1.9429213386763447e+01,  0.0000000000000000e+00
 2.2877122877122877e+00,  6.3393726670180592e+02,  6.3290393605620059e+00,  3.1227285638071521e+01, -1.3264391645341564e+00,  1.2215636000085205e-01,  4.5852677221585181e-01,  1.4516321339353894e+03,  4.7949455265713716e+00, -1.4996118625338091e+04,  1.0444501691207712e+01,  2.5683697229958309e+00,  5.2930475874639593e-01,  2.2044755682368708e-01, -1.5458139542101212e+00,  2.0104453202814372e+00,  2.7328816364904313e-01, -3.1947404323218627e+00,  1.8462853079600147e-01,  4.1549958866341621e+00,  0.0000000000000000e+00,  7.8745833141406338e+00, -6.1718036426151768e+00, -2.1102247382809601e+01,  0.0000000000000000e+00
 2.2977022977022976e+00,  6.3393851695786532e+02,  6.3242567942326593e+00,  3.1243890585798791e+01, -1.4044760445715303e+00,  1.1797139946893051e-01,  4.6288288168575342e-01,  1.4579727577788015e+03,  4.8594107540913525e+00, -1.4996084426790172e+04,  1.0431064198048198e+01,  2.5687155701774191e+00,  5.3405319701308862e-01,  1.8892501087629335e-01, -1.5442774872693326e+00,  2.0509007653918383e+00,  2.7328816364904313e-01, -3.1107632891761243e+00,  1.2498338739219005e-01,  3.9378312995922253e+00,  0.0000000000000000e+00,  8.9376407436366883e+00, -5.7691540668280066e+00, -2.2374102942986621e+01,  0.0000000000000000e+00
 2.3076923076923075e+00,  6.3393980041868440e+02,  6.3185405770796068e+00,  3.1259978691226994e+01, -1.4715251801820863e+00,  1.1371538576963713e-01,  4.6715917879740110e-01,  1.4643133958258643e+03,  4.9243991180020981e+00, -1.4996050114823174e+04,  1.0416904008141888e+01,  2.5690132358313607e+00,  5.3883635689838449e-01,  1.5829444415283617e-01, -1.5433167836328547e+00,  2.0891232683252370e+00,  2.7328816364904313e-01, -3.0170523496698247e+00,  6.9615572043614155e-02,  3.7097701738175313e+00,  0.0000000000000000e+00,  9.8232893455108687e+00, -5.3154825659564704e+00, -2.3283734437090136e+01,  0.0000000000000000e+00
 2.3176823176823178e+00,  6.3394111702483553e+02,  6.3119546657711139e+00,  3.1275545880199303e+01, -1.5281063963129908e+00,  1.0945377116526890e-01,  4.7135508516735003e-01,  1.4706540480332808e+03,  4.9899102875995478e+00, -1.4996015690874905e+04,  1.0402128263913717e+01,  2.5692625662731730e+00,  5.4365340246524219e-01,  1.2864424464912338e-01, -1.5428865667489806e+00,  2.1250220475859956e+00,  2.7328816364904313e-01, -2.9152888087005744e+00,  1.8963770712199523e-02,  3.4742361410747877e+00,  0.0000000000000000e+00,  1.0549771556532683e+01, -4.8250080605926318e+00, -2.3870178918006680e+01,  0.0000000000000000e+00
 2.3276723276723277e+00,  6.3394246639586208e+02,  6.3045607803718431e+00,  3.1290594690600688e+01, -1.5747518034540628e+00,  1.0524526670246635e-01,  4.7547031105593013e-01,  1.4769947143613906e+03,  5.0559438831383146e+00, -1.4995981156277223e+04,  1.0386838854022765e+01,  2.5694640105919051e+00,  5.4850360782770224e-01,  1.0004691550746943e-01, -1.5429378871151285e+00,  2.1585385758392195e+00,  2.7328816364904313e-01, -2.8069807387245693e+00, -2.6669861708809327e-02,  3.2342654048783026e+00,  0.0000000000000000e+00,  1.1133504052676313e+01, -4.3108451500933160e+00, -2.4171962468544592e+01,  0.0000000000000000e+00
 2.3376623376623376e+00,  6.3394384786745911e+02,  6.2964182876934895e+00,  3.1305133456618591e+01, -1.6120010717263529e+00,  1.0114159185316252e-01,  4.7950481272565132e-01,  1.4833353947739838e+03,  5.1224994819171670e+00, -1.4995946512262990e+04,  1.0371132314302583e+01,  2.5696185528417090e+00,  5.5338634636767747e-01,  7.2560713405875901e-02, -1.5434194311187870e+00,  2.1896427349961507e+00,  2.7328816364904313e-01, -2.6934802694020128e+00, -6.7108219296094201e-02,  2.9925146875834701e+00,  0.0000000000000000e+00,  1.1589289905687409e+01, -3.7849140388813414e+00, -2.4226531133867052e+01,  0.0000000000000000e+00
 2.3476523476523479e+00,  6.3394526052943161e+02,  6.2875841126798404e+00,  3.1319175490863760e+01, -1.6403972691601985e+00,  9.7187375053641528e-02,  4.8345875356016382e-01,  1.4896760892380771e+03,  5.1895766242876569e+00, -1.4995911759973731e+04,  1.0355099773010556e+01,  2.5697276426303168e+00,  5.5830107931211259e-01,  4.6231125909027046e-02, -1.5442787106774880e+00,  2.2183290790876411e+00,  2.7328816364904313e-01, -2.5759987869945555e+00, -1.0228701351897743e-01,  2.7512745795388236e+00,  0.0000000000000000e+00,  1.1930502872285238e+01, -3.2578805645398043e+00, -2.4069738496670659e+01,  0.0000000000000000e+00
 2.3576423576423577e+00,  6.3394670326368316e+02,  6.2781126749620197e+00,  3.1332738278979928e+01, -1.6604832068877640e+00,  9.3420188832192066e-02,  4.8733246915650114e-01,  1.4960167977236636e+03,  5.2571748195315280e+00, -1.4995876900467783e+04,  1.0338826935056074e+01,  2.5697931254908908e+00,  5.6324734399234311e-01,  2.1092206173216901e-02, -1.5454631276925928e+00,  2.2446132560658580e+00,  2.7328816364904313e-01, -2.4556204128977672e+00, -1.3224208260289949e-01,  2.5124876189396050e+00,  0.0000000000000000e+00,  1.2169247621902990e+01, -2.7391242660608643e+00, -2.3735411015304567e+01,  0.0000000000000000e+00
 2.3676323676323676e+00,  6.3394817478157313e+02,  6.2680558479128585e+00,  3.1345842699348211e+01, -1.6727982403507657e+00,  8.9870702890593748e-02,  4.9112643646936344e-01,  1.5023575202034460e+03,  5.3252935515591195e+00, -1.4995841934728720e+04,  1.0322394100415270e+01,  2.5698171742630680e+00,  5.6822474207097196e-01, -2.8322190040146857e-03, -1.5469209101300934e+00,  2.2685286319136067e+00,  2.7328816364904313e-01, -2.3333139853331848e+00, -1.5709650977437914e-01,  2.2777702680464342e+00,  0.0000000000000000e+00,  1.2316499176526650e+01, -2.2367320536694204e+00, -2.3255002633508823e+01,  0.0000000000000000e+00
 2.3776223776223775e+00,  6.3394967366006404e+02,  6.2574629377137718e+00,  3.1358512278503618e+01, -1.6778754811863319e+00,  8.6562938490888516e-02,  4.9484124696202547e-01,  1.5086982566525564e+03,  5.3939322843875273e+00, -1.4995806863673879e+04,  1.0305876212418756e+01,  2.5698022225467487e+00,  5.7323292798413172e-01, -2.5527453873399636e-02, -1.5486019190966762e+00,  2.2901231515313207e+00,  2.7328816364904313e-01, -2.2099437376247999e+00, -1.7704779279466687e-01,  2.0484378684211983e+00,  0.0000000000000000e+00,  1.2382224414681845e+01, -1.7575148069929392e+00, -2.2657343771453771e+01,  0.0000000000000000e+00
 2.3876123876123878e+00,  6.3395119837616926e+02,  6.2463806801255810e+00,  3.1370772490955535e+01, -1.6762393793129855e+00,  8.3514607761920642e-02,  4.9847758361071082e-01,  1.5150390070482699e+03,  5.4630904673638883e+00, -1.4995771688162815e+04,  1.0289342932025177e+01,  2.5697509011313651e+00,  5.7827159780951687e-01, -4.6986939036478693e-02, -1.5504583285675493e+00,  2.3094564614524922e+00,  2.7328816364904313e-01, -2.0862788401887284e+00, -1.9235527934827698e-01,  1.8255316491869822e+00,  0.0000000000000000e+00,  1.2375488052019440e+01, -1.3070440010397679e+00, -2.1968481319235867e+01,  0.0000000000000000e+00
 2.3976023976023977e+00,  6.3395274733929728e+02,  6.2348532528272562e+00,  3.1382650110265462e+01, -1.6684036389884995e+00,  8.0737522044504365e-02,  5.0203620152274098e-01,  1.5213797713697177e+03,  5.5327675401054401e+00, -1.4995736409005549e+04,  1.0272858734574548e+01,  2.5696659781462867e+00,  5.8334047873375960e-01, -6.7211346784263784e-02, -1.5524451814213172e+00,  2.3265973103562358e+00,  2.7328816364904313e-01, -1.9630019506745682e+00, -2.0332805377005761e-01,  1.6098469065899093e+00,  0.0000000000000000e+00,  1.2304545228724486e+01, -8.8970543819982673e-01, -2.1211604148705799e+01,  0.0000000000000000e+00
 2.4075924075924076e+00,  6.3395431892117040e+02,  6.2229223013538171e+00,  3.1394172616504054e+01, -1.6548694363349710e+00,  7.8238054104279045e-02,  5.0551791186450978e-01,  1.5277205495976077e+03,  5.6029629371341780e+00, -1.4995701026970484e+04,  1.0256483025856802e+01,  2.5695503035269192e+00,  5.8843931925731130e-01, -8.6207757231774304e-02, -1.5545208271443736e+00,  2.3416212348109315e+00,  2.7328816364904313e-01, -1.8407168970497458e+00, -2.1031343119484225e-01,  1.4019615518598005e+00,  0.0000000000000000e+00,  1.2176922506965225e+01, -5.0876712224207610e-01, -2.0407043868262413e+01,  0.0000000000000000e+00
 2.4175824175824174e+00,  6.3395591148307767e+02,  6.2106269768262310e+00,  3.1405367663601393e+01, -1.6361239090946169e+00,  7.6017639922250982e-02,  5.0892356875334188e-01,  1.5340613417139509e+03,  5.6736760921895844e+00, -1.4995665542791898e+04,  1.0240270274637428e+01,  2.5694067582476903e+00,  5.9356788024150187e-01, -1.0398890716487766e-01, -1.5566472479786566e+00,  2.3546085301736142e+00,  2.7328816364904313e-01, -1.7199556015198705e+00, -2.1368618609419196e-01,  1.2022643297046325e+00,  0.0000000000000000e+00,  1.1999488858107933e+01, -1.6645840860868799e-01, -1.9572340007196484e+01,  0.0000000000000000e+00
 2.4275724275724277e+00,  6.3395752340029571e+02,  6.1980039838214465e+00,  3.1416262608631939e+01, -1.6126388922543764e+00,  7.4073306790645513e-02,  5.1225405874563079e-01,  1.5404021477018021e+03,  5.7449064422084053e+00, -1.4995629957176909e+04,  1.0224270159058197e+01,  2.5692382086389962e+00,  5.9872592687137738e-01, -1.2057250451488896e-01, -1.5587902814119898e+00,  2.3656425001396957e+00,  2.7328816364904313e-01, -1.6011843385220961e+00, -2.1383861410078089e-01,  1.0109821238491781e+00,  0.0000000000000000e+00,  1.1778517994046236e+01,  1.3594232168958409e-01, -1.8722357605065085e+01,  0.0000000000000000e+00
 2.4375624375624376e+00,  6.3395915308357985e+02,  6.1850876368790138e+00,  3.1426884103746890e+01, -1.5848698757115067e+00,  7.2398215563429527e-02,  5.1551029254969638e-01,  1.5467429675450130e+03,  5.8166534309652977e+00, -1.4995594270811884e+04,  1.0208527724580263e+01,  2.5690474659814346e+00,  6.0391322157956562e-01, -1.3598060224024455e-01, -1.5609197477608900e+00,  2.3748079732075640e+00,  2.7328816364904313e-01, -1.4848094073962523e+00, -2.1117149940745861e-01,  8.2820588404948337e-01,  0.0000000000000000e+00,  1.1519743217354547e+01,  3.9801403991448980e-01, -1.7869445602837903e+01,  0.0000000000000000e+00
 2.4475524475524475e+00,  6.3396079899769336e+02,  6.1719099242813842e+00,  3.1437257750287291e+01, -1.5532551623919375e+00,  7.0982206106005225e-02,  5.1869319860237229e-01,  1.5530838012280080e+03,  5.8889165123727638e+00, -1.4995558484368217e+04,  1.0193083551362125e+01,  2.5688372514581261e+00,  6.0912951795102654e-01, -1.5023902614118737e-01, -1.5630094921893616e+00,  2.3821900702505743e+00,  2.7328816364904313e-01, -1.3711822894008063e+00, -2.0608603531200489e-01,  6.5391482159173198e-01,  0.0000000000000000e+00,  1.1228405805334017e+01,  6.2009587199535476e-01, -1.7023625101204328e+01,  0.0000000000000000e+00
 2.4575424575424574e+00,  6.3396245967699497e+02,  6.1585005778774020e+00,  3.1447407813583041e+01, -1.5182152072178463e+00,  6.9812336228608607e-02,  5.2180371817007798e-01,  1.5594246487355731e+03,  5.9616951534426725e+00, -1.4995522598507467e+04,  1.0177973929169882e+01,  2.5686101664452310e+00,  6.1437455560625742e-01, -1.6337685177872188e-01, -1.5650373508640270e+00,  2.3878732044081978e+00,  2.7328816364904313e-01, -1.2606043492912298e+00, -1.9897672290609614e-01,  4.8799862402736088e-01,  0.0000000000000000e+00,  1.0909297804597378e+01,  8.0318847166667684e-01, -1.6192797651180260e+01,  0.0000000000000000e+00
 2.4675324675324677e+00,  6.3396413373815699e+02,  6.1448871478422991e+00,  3.1457356996065240e+01, -1.4801521190847535e+00,  6.8873405646816196e-02,  5.2484280166484898e-01,  1.5657655100526683e+03,  6.0349888369153124e+00, -1.4995486613885829e+04,  1.0163231038102891e+01,  2.5683686680322113e+00,  6.1964805604134154e-01, -1.7542592622692649e-01, -1.5669850510885843e+00,  2.3919402925088633e+00,  2.7328816364904313e-01, -1.1533311335190639e+00, -1.9022525265536974e-01,  3.3027753212301636e-01,  0.0000000000000000e+00,  1.0566799992989974e+01,  9.4885587252872494e-01, -1.5382964948069178e+01,  0.0000000000000000e+00
 2.4775224775224776e+00,  6.3396581989012770e+02,  6.1310950813824894e+00,  3.1467126265589076e+01, -1.4394493095808527e+00,  6.8148457766833453e-02,  5.2781140590054609e-01,  1.5721063851642582e+03,  6.1087970635648734e+00, -1.4995450531157956e+04,  1.0148883133587573e+01,  2.5681150495869964e+00,  6.2494971938715205e-01, -1.8642043087001212e-01, -1.5688380552127856e+00,  2.3944721560989675e+00,  2.7328816364904313e-01, -1.0495763100447744e+00, -1.8019535580809051e-01,  1.8052020041079053e-01,  0.0000000000000000e+00,  1.0204915666567702e+01,  1.0591294762974059e+00, -1.4598452860719567e+01,  0.0000000000000000e+00
 2.4875124875124874e+00,  6.3396751694148440e+02,  6.1171478044995506e+00,  3.1476734735276342e+01, -1.3964712735875442e+00,  6.7619253322232009e-02,  5.3071049205164522e-01,  1.5784472740551664e+03,  6.1831193541929128e+00, -1.4995414350980123e+04,  1.0134954734246939e+01,  2.5678514261169458e+00,  6.3027922203690689e-01, -1.9639648187217648e-01, -1.5705853578979367e+00,  2.3955470897198681e+00,  2.7328816364904313e-01, -9.4951528868608381e-01, -1.6922859717897951e-01,  3.8459329219988118e-02,  0.0000000000000000e+00,  9.8273008094423968e+00,  1.1364156012506463e+00, -1.3842133551679410e+01,  0.0000000000000000e+00
 2.4975024975024973e+00,  6.3396922380535420e+02,  6.1030668060251623e+00,  3.1486199590733602e+01, -1.3515634881619067e+00,  6.7266711074619831e-02,  5.3354102411465487e-01,  1.5847881767099470e+03,  6.2579552513233656e+00, -1.4995378074012773e+04,  1.0121466811394756e+01,  2.5675797241239184e+00,  6.3563621508098567e-01, -2.0539176530929429e-01, -1.5722192459656124e+00,  2.3952405742652010e+00,  2.7328816364904313e-01, -8.5328855567508088e-01, -1.5764106789736759e-01, -9.6194890589790832e-02,  0.0000000000000000e+00,  9.4372911393563914e+00,  1.1834077609273299e+00, -1.3115641254238495e+01,  0.0000000000000000e+00
 2.5074925074925076e+00,  6.3397093950209967e+02,  6.0888717232275891e+00,  3.1495536060175723e+01, -1.3050524172377951e+00,  6.7071311918282736e-02,  5.3630396770855604e-01,  1.5911290931127780e+03,  6.3333043206144639e+00, -1.4995341700922461e+04,  1.0108436979033250e+01,  2.5673016756105600e+00,  6.4102032348025362e-01, -2.1344520426328717e-01, -1.5737350295841979e+00,  2.3936251138839082e+00,  2.7328816364904313e-01, -7.6100475156437064e-01, -1.4572092610498724e-01, -2.2374343760049331e-01,  0.0000000000000000e+00,  9.0379264436076134e+00,  1.2030046259071892e+00, -1.2419577857303874e+01,  0.0000000000000000e+00
 2.5174825174825175e+00,  6.3397266315998229e+02,  6.0745804283710347e+00,  3.1504757422774961e+01, -1.2572456107085264e+00,  6.7013463785769084e-02,  5.3900028908458997e-01,  1.5974700232473720e+03,  6.4091661520041336e+00, -1.4995305232383249e+04,  1.0095879683352150e+01,  2.5670188158642100e+00,  6.4643114590387429e-01, -2.2059665545044072e-01, -1.5751307529806970e+00,  2.3907701759115447e+00,  2.7328816364904313e-01, -6.7274351774768881e-01, -1.3372672518673306e-01, -3.4448910942175487e-01,  0.0000000000000000e+00,  8.6319725664952571e+00,  1.1982343979279231e+00, -1.1753705641311427e+01,  0.0000000000000000e+00
 2.5274725274725274e+00,  6.3397439401402539e+02,  6.0602091156821549e+00,  3.1513875050452949e+01, -1.2084318873843332e+00,  6.7073825727982511e-02,  5.4163095424641750e-01,  1.6038109670969075e+03,  6.4855403606064570e+00, -1.4995268669077575e+04,  1.0083806390836234e+01,  2.5667324846242496e+00,  6.5186825515448021e-01, -2.2688663318931476e-01, -1.5764068922252914e+00,  2.3867422145947623e+00,  2.7328816364904313e-01, -5.8855813351281405e-01, -1.2188646283053213e-01, -4.5872902386627318e-01,  0.0000000000000000e+00,  8.2219413573268803e+00,  1.1721861257835284e+00, -1.1117125230481399e+01,  0.0000000000000000e+00
 2.5374625374625372e+00,  6.3397613140330498e+02,  6.0457723882438401e+00,  3.1522898478325416e+01, -1.1588815921639937e+00,  6.7233590431396512e-02,  5.4419692810865961e-01,  1.6101519246439748e+03,  6.5624265873772591e+00, -1.4995232011696669e+04,  1.0072225774189247e+01,  2.5664438302270689e+00,  6.5733119910237237e-01, -2.3235605871742987e-01, -1.5775660469433450e+00,  2.3816047608492816e+00,  2.7328816364904313e-01, -5.0847796267803447e-01, -1.1039727985134552e-01, -5.6674881773129204e-01,  0.0000000000000000e+00,  7.8101088437935600e+00,  1.1279483066491180e+00, -1.0508437501297678e+01,  0.0000000000000000e+00
 2.5474525474525476e+00,  6.3397787476689484e+02,  6.0312833443954368e+00,  3.1531835499086096e+01, -1.1088469185321912e+00,  6.7474725231636501e-02,  5.4669917364492948e-01,  1.6164928958705382e+03,  6.6398244995672853e+00, -1.4995195260940540e+04,  1.0061143895374528e+01,  2.5661538163195936e+00,  6.6281950205086448e-01, -2.3704603304302185e-01, -1.5786126320824612e+00,  2.3754185618928383e+00,  2.7328816364904313e-01, -4.3251072640592531e-01, -9.9425735122130612e-02, -6.6881837933216648e-01,  0.0000000000000000e+00,  7.3985318578825376e+00,  1.0685549481396828e+00, -9.9258887311971815e+00,  0.0000000000000000e+00
 2.5574425574425574e+00,  6.3397962363868987e+02,  6.0167536632715661e+00,  3.1540692276765590e+01, -1.0585622882012333e+00,  6.7780172384177884e-02,  5.4913865099569181e-01,  1.6228338807579112e+03,  6.7177337909813888e+00, -1.4995158417517603e+04,  1.0050564385158030e+01,  2.5658632307363072e+00,  6.6833266645675971e-01, -2.4099763167259330e-01, -1.5795525751176134e+00,  2.3682417562672202e+00,  2.7328816364904313e-01, -3.6064461668479625e-01, -8.9108581949937524e-02, -7.6518894599411014e-01,  0.0000000000000000e+00,  6.9890633082892650e+00,  9.9693911693379311e-01, -9.3674987145207407e+00,  0.0000000000000000e+00
 2.5674325674325673e+00,  6.3398137764132332e+02,  6.0021936891590215e+00,  3.1549473475511498e+01, -1.0082447803650552e+00,  6.8134009958517039e-02,  5.5151631652181921e-01,  1.6291748792867463e+03,  6.7961541820620273e+00, -1.4995121482143992e+04,  1.0040488618617973e+01,  2.5655726961451890e+00,  6.7387017493297363e-01, -2.4425171969007065e-01, -1.5803930233302121e+00,  2.3601300714633857e+00,  2.7328816364904313e-01, -2.9285026317040963e-01, -7.9553971637014345e-02, -8.5609139676600676e-01,  0.0000000000000000e+00,  6.5833662652894951e+00,  9.1589386771305425e-01, -8.8311719300165858e+00,  0.0000000000000000e+00
 2.5774225774225776e+00,  6.3398313647938471e+02,  5.9876125143935548e+00,  3.1558182399297142e+01, -9.5809460363164012e-01,  6.8521575232855209e-02,  5.5383312180185096e-01,  1.6355158914370350e+03,  6.8750854198148543e+00, -1.4995084455542610e+04,  1.0030915886157647e+01,  2.5652826820839416e+00,  6.7943149246429502e-01, -2.4684878578189226e-01, -1.5811420650604109e+00,  2.3511370330551120e+00,  2.7328816364904313e-01, -2.2908256454545500e-01, -7.0843011593931152e-02, -9.4173557289765653e-01,  0.0000000000000000e+00,  6.1829269994262903e+00,  8.2804033291218193e-01, -8.3147921315395106e+00,  0.0000000000000000e+00
 2.5874125874125875e+00,  6.3398489993213195e+02,  5.9730180605560674e+00,  3.1566821138766819e+01, -9.0829560425242073e-01,  6.8929552884580150e-02,  5.5609001258004054e-01,  1.6418569171881149e+03,  6.9545272775937352e+00, -1.4995047338441967e+04,  1.0021843559624704e+01,  2.5649935180283552e+00,  6.8501606877200949e-01, -2.4882879390676310e-01, -1.5818084681173037e+00,  2.3413141759009948e+00,  2.7328816364904313e-01, -1.6928239424529579e-01, -6.3031608046209400e-02, -1.0223104634971161e+00,  0.0000000000000000e+00,  5.7890670946664686e+00,  7.3580265734201011e-01, -7.8163009664679315e+00,  0.0000000000000000e+00
 2.5974025974025974e+00,  6.3398666784587647e+02,  5.9584171577613967e+00,  3.1575390721756129e+01, -8.5901580477885198e-01,  6.9346030601408398e-02,  5.5828792767870794e-01,  1.6481979565186903e+03,  7.0344795547618064e+00, -1.4995010131574856e+04,  1.0013267253201422e+01,  2.5647054071589173e+00,  6.9062334076837184e-01, -2.5023105140117885e-01, -1.5824014378485469e+00,  2.3307112495686564e+00,  2.7328816364904313e-01, -1.1337818928286804e-01, -5.6152526923106967e-02, -1.0979851007528121e+00,  0.0000000000000000e+00,  5.4029547388116947e+00,  6.4138938350311214e-01, -7.3337614121225752e+00,  0.0000000000000000e+00
 2.6073926073926073e+00,  6.3398844012620646e+02,  5.9438156218629539e+00,  3.1583891264376796e+01, -8.1040796775130619e-01,  6.9760524983818725e-02,  5.6042779789255714e-01,  1.6545390094068541e+03,  7.1149420762443087e+00, -1.4994972835676908e+04,  1.0005180978787164e+01,  2.5644184405187733e+00,  6.9625273504756657e-01, -2.5109409239393327e-01, -1.5829303967271560e+00,  2.3193764116501896e+00,  2.7328816364904313e-01, -6.1287429955594705e-02, -5.0217610772425182e-02, -1.1689100177632463e+00,  0.0000000000000000e+00,  5.0256152785080515e+00,  5.4678082986314791e-01, -6.8654069733714120e+00,  0.0000000000000000e+00
 2.6173826173826176e+00,  6.3399021673019422e+02,  5.9292183294232919e+00,  3.1592322119918467e+01, -7.6261017946709364e-01,  7.0163980777078583e-02,  5.6251054488489360e-01,  1.6608800758301184e+03,  7.1959146919881363e+00, -1.4994935451485073e+04,  9.9975772956458790e+00,  2.5641326112852525e+00,  7.0190367036567491e-01, -2.5145557547621572e-01, -1.5834047867151289e+00,  2.3073564040589010e+00,  2.7328816364904313e-01, -1.2918017408378656e-02, -4.5220094351009800e-02, -1.2352191320340251e+00,  0.0000000000000000e+00,  4.6579411134444992e+00,  4.5372195770420159e-01, -6.4096777036383630e+00,  0.0000000000000000e+00
 2.6273726273726274e+00,  6.3399199765871913e+02,  5.9146292903247337e+00,  3.1600682023187176e+01, -7.1574644928609776e-01,  7.0548746567118889e-02,  5.6453708010639991e-01,  1.6672211557654468e+03,  7.2773972763420192e+00, -1.4994897979736064e+04,  9.9904474541393320e+00,  2.5638478289075768e+00,  7.0757556006811928e-01, -2.5135219463985492e-01, -1.5838338951157875e+00,  2.2946967087124466e+00,  2.7328816364904313e-01,  3.1830444662253883e-02, -4.1136966748427983e-02, -1.2970319287946988e+00,  0.0000000000000000e+00,  4.3007009930960898e+00,  3.6372018833286779e-01, -5.9652442078428791e+00,  0.0000000000000000e+00
 2.6373626373626373e+00,  6.3399378294901874e+02,  5.9000517179157388e+00,  3.1608969228264751e+01, -6.6992732031666524e-01,  7.0908530105602316e-02,  5.6650830375665440e-01,  1.6735622491892930e+03,  7.3593897273703526e+00, -1.4994860421164798e+04,  9.9837815334103190e+00,  2.5635639328943847e+00,  7.1326781442900600e-01, -2.5081960255589097e-01, -1.5842267041326799e+00,  2.2814416802068593e+00,  2.7328816364904313e-01,  7.3065458464545596e-02, -3.7931333378280051e-02, -1.3544558302062444e+00,  0.0000000000000000e+00,  3.9545487701225279e+00,  2.7804761237075626e-01, -5.5310208547486939e+00,  0.0000000000000000e+00
 2.6473526473526472e+00,  6.3399557266756392e+02,  5.8854880966081007e+00,  3.1617181638029532e+01, -6.2525048768354241e-01,  7.1238336402910649e-02,  5.6842510380716760e-01,  1.6799033560776370e+03,  7.4418919661125500e+00, -1.4994822776502862e+04,  9.9775685729201413e+00,  2.5632807060657834e+00,  7.1897984287258032e-01, -2.4989234531988400e-01, -1.5845917639145544e+00,  2.2676346541628716e+00,  2.7328816364904313e-01,  1.1090052553105355e-01, -3.5554736789727037e-02, -1.4075886490376714e+00,  0.0000000000000000e+00,  3.6200316565927864e+00,  1.9774702465739513e-01, -5.1061694753091729e+00,  0.0000000000000000e+00
 2.6573426573426575e+00,  6.3399736690333805e+02,  5.8709402468575753e+00,  3.1625316924121044e+01, -5.8180142091555465e-01,  7.1534391650741741e-02,  5.7028835510263887e-01,  1.6862444764060263e+03,  7.5249039357989131e+00, -1.4994785046477045e+04,  9.9717966977810075e+00,  2.5629978871152019e+00,  7.2471105605261388e-01, -2.4860380783998579e-01, -1.5849370884841230e+00,  2.2533180308754370e+00,  2.7328816364904313e-01,  1.4545412033193178e-01, -3.3949400901718572e-02, -1.4565210382614004e+00,  0.0000000000000000e+00,  3.2975980225432413e+00,  1.2364122012189688e-01, -4.6900948472812640e+00,  0.0000000000000000e+00
 2.6673326673326674e+00,  6.3399916576158307e+02,  5.8564093874764200e+00,  3.1633372636355585e+01, -5.3965398730539549e-01,  7.1794055915850599e-02,  5.7209891855458928e-01,  1.6925856101496124e+03,  7.6084256010329083e+00, -1.4994747231807938e+04,  9.9664532378573547e+00,  2.5627151823559298e+00,  7.3046086777085406e-01, -2.4698616908947574e-01, -1.5852700736228804e+00,  2.2385333347170890e+00,  2.7328816364904313e-01,  1.7684873967939108e-01, -3.3050368843974283e-02, -1.5013388610257672e+00,  0.0000000000000000e+00,  2.9876047708173847e+00,  5.6344997838656943e-02, -4.2824332701383794e+00,  0.0000000000000000e+00
 2.6773226773226773e+00,  6.3400096935806062e+02,  5.8418961952407606e+00,  3.1641346300902548e+01, -4.9887107338864345e-01,  7.2015727390360523e-02,  5.7385764043871268e-01,  1.6989267572831925e+03,  7.6924569469488429e+00, -1.4994709333208635e+04,  9.9615248406401768e+00,  2.5624322765554282e+00,  7.3622869672065061e-01, -2.4507036648775024e-01, -1.5855974355139726e+00,  2.2233212504353621e+00,  2.7328816364904313e-01,  2.0521002383625192e-01, -3.2787510014549617e-02, -1.5421254183900541e+00,  0.0000000000000000e+00,  2.6903243173862257e+00, -3.7206601878384980e-03, -3.8830355141919570e+00,  0.0000000000000000e+00
 2.6873126873126871e+00,  6.3400277781386251e+02,  5.8274008617689139e+00,  3.1649235506810054e+01, -4.5950520196552386e-01,  7.2198740798939606e-02,  5.7556535180433022e-01,  1.7052679177812443e+03,  7.7769979783528740e+00, -1.4994671351383551e+04,  9.9569975779257280e+00,  2.5621488427871597e+00,  7.4201396804647257e-01, -2.4288606871312710e-01, -1.5859251687280662e+00,  2.2077216380459594e+00,  2.7328816364904313e-01,  2.3066594551396247e-01, -3.3087377160748548e-02, -1.5789634848345970e+00,  0.0000000000000000e+00,  2.4059512024924041e+00, -5.6312742481332646e-02, -3.4919453880124705e+00,  0.0000000000000000e+00
 2.6973026973026974e+00,  6.3400459125079090e+02,  5.8129231476588679e+00,  3.1657037980721121e+01, -4.2159914234792462e-01,  7.2343262355595100e-02,  5.7722286800138101e-01,  1.7116090916179619e+03,  7.8620487188544717e+00, -1.4994633287027358e+04,  9.9528570463546746e+00,  2.5618645512541938e+00,  7.4781611471422804e-01, -2.4046165628767102e-01, -1.5862585219707308e+00,  2.1917735284606445e+00,  2.7328816364904313e-01,  2.5334606318179975e-01, -3.3874899195599738e-02, -1.6119371136805776e+00,  0.0000000000000000e+00,  2.1346083546085683e+00, -1.0134916889587341e-01, -3.1093751069527786e+00,  0.0000000000000000e+00
 2.7072927072927073e+00,  6.3400640978731690e+02,  5.7984624338842643e+00,  3.1664751649846945e+01, -3.8518651175707413e-01,  7.2450183439085686e-02,  5.7883098832751534e-01,  1.7179502787672880e+03,  7.9476092099945150e+00, -1.4994595140824053e+04,  9.9490884618897475e+00,  2.5615790770614968e+00,  7.5363457869107620e-01, -2.3782420930889528e-01, -1.5866019898908155e+00,  2.1755151023080854e+00,  2.7328816364904313e-01,  2.7338083531546453e-01, -3.5074900027352890e-02, -1.6411331859829708e+00,  0.0000000000000000e+00,  1.8763530265499515e+00, -1.3889099762095622e-01, -2.7356785679791020e+00,  0.0000000000000000e+00
 2.7172827172827172e+00,  6.3400823353511669e+02,  5.7840177704584663e+00,  3.1672374693461347e+01, -3.5029236602482139e-01,  7.2521014921737861e-02,  5.8039049579516611e-01,  1.7242914792029451e+03,  8.0336795103754746e+00, -1.4994556913446169e+04,  9.9456767483296975e+00,  2.5612921069339607e+00,  7.5946881193674853e-01, -2.3499950173591355e-01, -1.5869593191740745e+00,  2.1589836546148313e+00,  2.7328816364904313e-01,  2.9090099239462175e-01, -3.6613437865594137e-02, -1.6666426870240640e+00,  0.0000000000000000e+00,  1.6311824206973589e+00, -1.6912427759494467e-01, -2.3713235404478259e+00,  0.0000000000000000e+00
 2.7272727272727271e+00,  6.3401006259617213e+02,  5.7695879223857895e+00,  3.1679905583349761e+01, -3.1693377796468947e-01,  7.2557783847019913e-02,  5.8190215701602033e-01,  1.7306326928984620e+03,  8.1202596947982340e+00, -1.4994518605554122e+04,  9.9426066199749403e+00,  2.5610033448952256e+00,  7.6531827721130274e-01, -2.3201200166864316e-01, -1.5873335271109072e+00,  2.1422155481217908e+00,  2.7328816364904313e-01,  3.0603696361945387e-01, -3.8418963247496447e-02, -1.6885617040989318e+00,  0.0000000000000000e+00,  1.3990390185153723e+00, -1.9234190386206365e-01, -2.0168636779481632e+00,  0.0000000000000000e+00
 2.7372627372627374e+00,  6.3401189706041885e+02,  5.7551714129277096e+00,  3.1687343113787971e+01, -2.8512040197833721e-01,  7.2562933911282573e-02,  5.8336672219812835e-01,  1.7369739198271984e+03,  8.2073498534095588e+00, -1.4994480217795684e+04,  9.9398626585755565e+00,  2.5607125169378504e+00,  7.7118244870669528e-01, -2.2888487708817215e-01, -1.5877269308273712e+00,  2.1252461580294377e+00,  2.7328816364904313e-01,  3.1891835545950548e-01, -4.0423297384685926e-02, -1.7069921477367120e+00,  0.0000000000000000e+00,  1.1798156278629288e+00, -2.0892579040326589e-01, -1.6729111383353930e+00,  0.0000000000000000e+00
 2.7472527472527473e+00,  6.3401373700391309e+02,  5.7407665642199399e+00,  3.1694686421740773e+01, -2.5485502364969886e-01,  7.2539230968775945e-02,  5.8478492524902970e-01,  1.7433151599623643e+03,  8.2949500908634484e+00, -1.4994441750805619e+04,  9.9374293847059185e+00,  2.5604193747286663e+00,  7.7706081251160797e-01, -2.2564000655456706e-01, -1.5881411854003116e+00,  2.1081098109042737e+00,  2.7328816364904313e-01,  3.2967347927689145e-01, -4.2562435357072152e-02, -1.7220422057704841e+00,  0.0000000000000000e+00,  9.7336016037629691e-01, -2.1932963166827338e-01, -1.3401104800181414e+00,  0.0000000000000000e+00
 2.7572427572427571e+00,  6.3401558248748734e+02,  5.7263715352837368e+00,  3.1701934998060246e+01, -2.2613409325332437e-01,  7.2489674550002270e-02,  5.8615748397672707e-01,  1.7496564132770404e+03,  8.3830605254991433e+00, -1.4994403205205415e+04,  9.9352913237217990e+00,  2.5601236984039919e+00,  7.8295286692061972e-01, -2.2229799438533723e-01, -1.5885773291362038e+00,  2.0908397203517062e+00,  2.7328816364904313e-01,  3.3842892538266522e-01, -4.4777181176052692e-02, -1.7338265457183173e+00,  0.0000000000000000e+00,  7.7948014999963156e-01, -2.2406248129163553e-01, -1.0191143775380733e+00,  0.0000000000000000e+00
 2.7672327672327670e+00,  6.3401743355585756e+02,  5.7119843574816098e+00,  3.1709088690528620e+01, -1.9894824226609092e-01,  7.2417416164704859e-02,  5.8748510037914370e-01,  1.7559976797441911e+03,  8.4716812885378854e+00, -1.4994364581603166e+04,  9.9334330664658204e+00,  2.5598252985181404e+00,  7.8885812260006072e-01, -2.1887818986360480e-01, -1.5890358343748581e+00,  2.0734679218789331e+00,  2.7328816364904313e-01,  3.4530918099199887e-01, -4.7013623812266557e-02, -1.7424662857651119e+00,  0.0000000000000000e+00,  5.9794702299049385e-01, -2.2367333447858512e-01, -7.1056157983796631e-01,  0.0000000000000000e+00
 2.7772227772227773e+00,  6.3401929023714274e+02,  5.6976029674738706e+00,  3.1716147699633851e+01, -1.7328278212286269e-01,  7.2325684954844219e-02,  5.8876846101182434e-01,  1.7623389593366769e+03,  8.5608125233002230e+00, -1.4994325880593553e+04,  9.9318393248954617e+00,  2.5595240172152476e+00,  7.9477610262382159e-01, -2.1539871004983269e-01, -1.5895166622793060e+00,  2.0560252091476077e+00,  2.7328816364904313e-01,  3.5043628964232953e-01, -4.9223464948718099e-02, -1.7480887582714877e+00,  0.0000000000000000e+00,  4.2850012880569061e-01, -2.1873686103900833e-01, -4.1505741593847562e-01,  0.0000000000000000e+00
 2.7872127872127872e+00,  6.3402115254275463e+02,  5.6832252377381192e+00,  3.1723112567988540e+01, -1.4911818459754930e-01,  7.2217721071751437e-02,  5.9000823742309161e-01,  1.7686802520272629e+03,  8.6504543844450925e+00, -1.4994287102757939e+04,  9.9304949828147357e+00,  2.5592197286990710e+00,  8.0070634239295324e-01, -2.1187646579482691e-01, -1.5900193201880193e+00,  2.0385410735618201e+00,  2.7328816364904313e-01,  3.5392954973029622e-01, -5.1364210498631824e-02, -1.7508270922416598e+00,  0.0000000000000000e+00,  2.7085054080366550e-01, -2.0984039805349519e-01, -1.3315704488217867e-01,  0.0000000000000000e+00
 2.7972027972027971e+00,  6.3402302046761554e+02,  5.6688490047188491e+00,  3.1729984164307176e+01, -1.2643054332168635e-01,  7.2096716976792735e-02,  5.9120508664562454e-01,  1.7750215577886258e+03,  8.7406070372317100e+00, -1.4994248248664560e+04,  9.9293851418962529e+00,  2.5589123390783057e+00,  8.0664838945319917e-01, -2.0832719057470198e-01, -1.5905429202313266e+00,  2.0210436488630594e+00,  2.7328816364904313e-01,  3.5590524990918576e-01, -5.3399238841234341e-02, -1.7508196426442626e+00,  0.0000000000000000e+00,  1.2468463501160251e-01, -1.9757227613576306e-01,  1.3464845427332661e-01,  0.0000000000000000e+00
 2.8071928071928074e+00,  6.3402489399065917e+02,  5.6544720946788978e+00,  3.1736763662844478e+01, -1.0519201607374359e-01,  7.1965766707361115e-02,  5.9235965173344973e-01,  1.7813628765933584e+03,  8.8312706568047989e+00, -1.4994209318868798e+04,  9.9284951631845271e+00,  2.5586017856660863e+00,  8.1260180322460185e-01, -2.0476547179064730e-01, -1.5910862380469850e+00,  2.0035596621203760e+00,  2.7328816364904313e-01,  3.5647643916987204e-01, -5.5297759307800204e-02, -1.7482092950001327e+00,  0.0000000000000000e+00, -1.0332545022204053e-02, -1.8251152127071774e-01,  3.8794314408369679e-01,  0.0000000000000000e+00
 2.8171828171828173e+00,  6.3402677307557292e+02,  5.6400923473284212e+00,  3.1743452519171555e+01, -8.5371247584156970e-02,  7.1827823010460548e-02,  5.9347256233361245e-01,  1.7877042084139691e+03,  8.9224454275035896e+00, -1.4994170313913526e+04,  9.9278107042746448e+00,  2.5582880358121436e+00,  8.1856615465712879e-01, -2.0120478419768148e-01, -1.5916477705671468e+00,  1.9861143922196998e+00,  2.7328816364904313e-01,  3.5575272950547221e-01, -5.7034674724788653e-02, -1.7431426733481450e+00,  0.0000000000000000e+00, -1.3455412979223036e-01, -1.6521894521012087e-01,  6.2639451065424501e-01,  0.0000000000000000e+00
 2.8271728271728271e+00,  6.3402865767173876e+02,  5.6257076373104820e+00,  3.1750052443128293e+01, -6.6933772704114256e-02,  7.1685662124805108e-02,  5.9454443528228340e-01,  1.7940455532228846e+03,  9.0141315421947521e+00, -1.4994131234329529e+04,  9.9273177523622742e+00,  2.5579710853444824e+00,  8.2454102582583233e-01, -1.9765752514718141e-01, -1.5922257919875402e+00,  1.9687316366788550e+00,  2.7328816364904313e-01,  3.5384012913401125e-01, -5.8590361822073937e-02, -1.7357692787017880e+00,  0.0000000000000000e+00, -2.4834846457425738e-01, -1.4622961166639609e-01,  8.4975909754641865e-01,  0.0000000000000000e+00
 2.8371628371628370e+00,  6.3403054771533209e+02,  5.6113158936252123e+00,  3.1756565369742219e+01, -4.9842399880794128e-02,  7.1541855889125941e-02,  5.9557587521571287e-01,  1.8003869109924460e+03,  9.1063292016291602e+00, -1.4994092080635965e+04,  9.9270026533621074e+00,  2.5576509566947920e+00,  8.3052600947847699e-01, -1.9413505134785117e-01, -1.5928184071669884e+00,  1.9514336873505336e+00,  2.7328816364904313e-01,  3.5084090432485077e-01, -5.9950383075708109e-02, -1.7262405835412802e+00,  0.0000000000000000e+00, -3.5209634221810193e-01, -1.2604664331142987e-01,  1.0578856735795330e+00,  0.0000000000000000e+00
 2.8471528471528473e+00,  6.3403244313054165e+02,  5.5969151170768381e+00,  3.1762993428848034e+01, -3.4057574968381389e-02,  7.1398750768865343e-02,  5.9656747518724962e-01,  1.8067282816949073e+03,  9.1990386138223847e+00, -1.4994052853340878e+04,  9.9268521372919292e+00,  2.5573276967782030e+00,  8.3652070854782312e-01, -1.9064771686896254e-01, -1.5934236018392027e+00,  1.9342413153293785e+00,  2.7328816364904313e-01,  3.4685346794378141e-01, -6.1105143110475497e-02, -1.7147091058778001e+00,  0.0000000000000000e+00, -4.4618842127198022e-01, -1.0513631564899857e-01,  1.2507161546491730e+00,  0.0000000000000000e+00
 2.8571428571428572e+00,  6.3403434383087256e+02,  5.5825033958296491e+00,  3.1769338914079796e+01, -1.9537725483254862e-02,  7.1258453324989590e-02,  5.9751981728253944e-01,  1.8130696653024288e+03,  9.2922599934585577e+00, -1.4994013552941738e+04,  9.9268533401186900e+00,  2.5570013746936189e+00,  8.4252473563992847e-01, -1.8720491212819512e-01, -1.5940392891472177e+00,  1.9171737651551726e+00,  2.7328816364904313e-01,  3.4197229289918091e-01, -6.2049502168926428e-02, -1.7013274840970314e+00,  0.0000000000000000e+00, -5.3102282265856915e-01, -8.3924367852603474e-02,  1.4282845258683388e+00,  0.0000000000000000e+00
 2.8671328671328671e+00,  6.3403624972050216e+02,  5.5680789191603139e+00,  3.1775604251841404e+01, -6.2395854835347883e-03,  7.1122821596410105e-02,  5.9843347322598983e-01,  1.8194110617870742e+03,  9.3859935613173118e+00, -1.4993974179926006e+04,  9.9269938222616592e+00,  2.5566720793059337e+00,  8.4853771250887600e-01, -1.8381510362422374e-01, -1.5946633521322882e+00,  1.9002487582045631e+00,  2.7328816364904313e-01,  3.3628784873757234e-01, -6.2782358393682361e-02, -1.6862475712520968e+00,  0.0000000000000000e+00, -6.0700289849548450e-01, -6.2793448343534689e-02,  1.5907140256875663e+00,  0.0000000000000000e+00
 2.8771228771228770e+00,  6.3403816069565664e+02,  5.5536399894947452e+00,  3.1781791970791947e+01,  5.8814986818620657e-03,  7.0993461830425764e-02,  5.9930900497258377e-01,  1.8257524711208034e+03,  9.4802395437232558e+00, -1.4993934734771716e+04,  9.9272615839453362e+00,  2.5563399167659875e+00,  8.5455926952736172e-01, -1.8048587419138057e-01, -1.5952936819223162e+00,  1.8834825049902959e+00,  2.7328816364904313e-01,  3.2988655970169878e-01, -6.3306209799231447e-02, -1.6696195648310663e+00,  0.0000000000000000e+00, -6.7453516648491230e-01, -4.2081603047674103e-02,  1.7382128597952664e+00,  0.0000000000000000e+00
 2.8871128871128873e+00,  6.3404007664598305e+02,  5.5391850328180832e+00,  3.1787904672312340e+01,  1.6871281451127974e-02,  7.0871729972514744e-02,  6.0014696528013256e-01,  1.8320938932754666e+03,  9.5749981720175885e+00, -1.4993895217948053e+04,  9.9276450775922367e+00,  2.5560050080184653e+00,  8.6058904516153667e-01, -1.7722396357024367e-01, -1.5959282114689362e+00,  1.8668897259402057e+00,  2.7328816364904313e-01,  3.2285078262797401e-01, -6.3626705855686888e-02, -1.6515911853574914e+00,  0.0000000000000000e+00, -7.3402740367477448e-01, -2.2081707454704384e-02,  1.8710687108144359e+00,  0.0000000000000000e+00
 2.8971028971028971e+00,  6.3404199745589301e+02,  5.5247126075462871e+00,  3.1793945002349766e+01,  2.6776349598658069e-02,  7.0758737316446815e-02,  6.0094789825803463e-01,  1.8384353282227964e+03,  9.6702696820512859e+00, -1.4993855629915946e+04,  9.9281332174421291e+00,  2.5556674863420228e+00,  8.6662668545745292e-01, -1.7403530910390849e-01, -1.5965649447765757e+00,  1.8504836801080280e+00,  2.7328816364904313e-01,  3.1525880312309373e-01, -6.3752197597633467e-02, -1.6323069145714919e+00,  0.0000000000000000e+00, -7.8588689320368066e-01, -3.0417392827163845e-03,  1.9896423005499682e+00,  0.0000000000000000e+00
 2.9070929070929070e+00,  6.3404392300585823e+02,  5.5102214119473336e+00,  3.1799915624967774e+01,  3.5643871853207769e-02,  7.0655359716714480e-02,  6.0171233988954387e-01,  1.8447767759344035e+03,  9.7660543136994207e+00, -1.4993815971128637e+04,  9.9287153865806470e+00,  2.5553274949600779e+00,  8.7267184354542648e-01, -1.7092508638496715e-01, -1.5972019816507070e+00,  1.8342762011735430e+00,  2.7328816364904313e-01,  3.0718484852180100e-01, -6.3693294130025030e-02, -1.6119073014395000e+00,  0.0000000000000000e+00, -8.3051881797514571e-01,  1.4834213497924104e-02,  2.0943602484748407e+00,  0.0000000000000000e+00
 2.9170829170829169e+00,  6.3404585317364069e+02,  5.4957102901991801e+00,  3.1805819197863798e+01,  4.3521366142136919e-02,  7.0562249776323069e-02,  6.0244081852541587e-01,  1.8511182363817684e+03,  9.8623523103960089e+00, -1.4993776242032245e+04,  9.9293814415557797e+00,  2.5549851847547655e+00,  8.7872417916759726e-01, -1.6789774969288357e-01, -1.5978375380658869e+00,  1.8182777400193271e+00,  2.7328816364904313e-01,  2.9869911618923700e-01, -6.3462432352518805e-02, -1.5905283419032170e+00,  0.0000000000000000e+00, -8.6832479500281490e-01,  3.1384314358540645e-02,  2.1857074506818996e+00,  0.0000000000000000e+00
 2.9270729270729272e+00,  6.3404778783544407e+02,  5.4811782371704352e+00,  3.1811658350052777e+01,  5.0456483983166170e-02,  7.0479851442664249e-02,  6.0313385534759922e-01,  1.8574597095362353e+03,  9.9591639186889651e+00, -1.4993736443066307e+04,  9.9301217147562273e+00,  2.5546407121109334e+00,  8.8478335823298404e-01, -1.6495707207549182e-01, -1.5984699623170910e+00,  1.8024974131235283e+00,  2.7328816364904313e-01,  2.8986781579145104e-01, -6.3073465681679000e-02, -1.5683009360967821e+00,  0.0000000000000000e+00, -8.9970154463391383e-01,  4.6486813143587193e-02,  2.2642191917663212e+00,  0.0000000000000000e+00
 2.9370629370629371e+00,  6.3404972686697545e+02,  5.4666244020081862e+00,  3.1817435661856653e+01,  5.6496811514363650e-02,  7.0408416471152299e-02,  6.0379196480234154e-01,  1.8638011953690061e+03,  1.0056489387814613e+01, -1.4993696574664300e+04,  9.9309270147204796e+00,  2.5542942369115234e+00,  8.9084905240338597e-01, -1.6210618494180556e-01, -1.5990977471704160e+00,  1.7869430559814290e+00,  2.7328816364904313e-01,  2.8075322422333454e-01, -6.2541276539892138e-02, -1.5453504250743080e+00,  0.0000000000000000e+00, -9.2503968730428432e-01,  6.0057453042421459e-02,  2.3304731149399291e+00,  0.0000000000000000e+00
 2.9470529470529470e+00,  6.3405167014441008e+02,  5.4520480906156372e+00,  3.1823153647284844e+01,  6.1689686626979358e-02,  7.0348022249217670e-02,  6.0441565500267169e-01,  1.8701426938511358e+03,  1.0154328969291381e+01, -1.4993656637254126e+04,  9.9317886245403990e+00,  2.5539459207005186e+00,  8.9692093871259704e-01, -1.5934761704605463e-01, -1.5997195382719340e+00,  1.7716212807544116e+00,  2.7328816364904313e-01,  2.7141375192970024e-01, -6.1881416393594679e-02, -1.5217962068119308e+00,  0.0000000000000000e+00, -9.4472266588132270e-01,  7.2046548246331693e-02,  2.3850813811880229e+00,  0.0000000000000000e+00
 2.9570429570429568e+00,  6.3405361754525325e+02,  5.4374487671002019e+00,  3.1828814738841174e+01,  6.6082031644043054e-02,  7.0298590510846803e-02,  6.0500542810078328e-01,  1.8764842049535268e+03,  1.0252682916532127e+01, -1.4993616631258583e+04,  9.9326982985174510e+00,  2.5535959250248252e+00,  9.0299869922057197e-01, -1.5668333275539803e-01, -1.6003341391063519e+00,  1.7565375373638084e+00,  2.7328816364904313e-01,  2.6190401942846453e-01, -6.1109776214142694e-02, -1.4977514304081361e+00,  0.0000000000000000e+00, -9.5912578086487610e-01,  8.2435815679681695e-02,  2.4286828548449808e+00,  0.0000000000000000e+00
 2.9670329670329672e+00,  6.3405556894909625e+02,  5.4228260542704430e+00,  3.1834421274748177e+01,  6.9720200969891385e-02,  7.0259906512950637e-02,  6.0556178063121302e-01,  1.8828257286469250e+03,  1.0351551484474779e+01, -1.4993576557095794e+04,  9.9336482572240552e+00,  2.5532444099619860e+00,  9.0908202070343336e-01, -1.5411476950502631e-01, -1.6009405128216672e+00,  1.7416961772497532e+00,  2.7328816364904313e-01,  2.5227494290215918e-01, -6.0242289373314523e-02, -1.4733227661276884e+00,  0.0000000000000000e+00, -9.6861533970143654e-01,  9.1235049854116249e-02,  2.4619357341005914e+00,  0.0000000000000000e+00
 2.9770229770229770e+00,  6.3405752423826721e+02,  5.4081797332578621e+00,  3.1839975488540428e+01,  7.2649843121900662e-02,  7.0231638288311651e-02,  6.0608520382607134e-01,  1.8891672649019149e+03,  1.0450934929230840e+01, -1.4993536415179602e+04,  9.9346311811167904e+00,  2.5528915328365951e+00,  9.1517059437952442e-01, -1.5164287435575444e-01, -1.6015377812516729e+00,  1.7271005190595585e+00,  2.7328816364904313e-01,  2.4257382776834951e-01, -5.9294668181643785e-02, -1.4486102473466165e+00,  0.0000000000000000e+00, -9.7354791008836217e-01,  9.8478712718631636e-02,  2.4855105258764945e+00,  0.0000000000000000e+00
 2.9870129870129869e+00,  6.3405948329837577e+02,  5.3935097423369509e+00,  3.1845479500944709e+01,  7.4915776545306942e-02,  7.0213355634686087e-02,  6.0657618390381418e-01,  1.8955088136889190e+03,  1.0550833507751438e+01, -1.4993496205919939e+04,  9.9356402028420696e+00,  2.5525374471247311e+00,  9.2126411567111466e-01, -1.4926813957958482e-01, -1.6021252214766450e+00,  1.7127529155645065e+00,  2.7328816364904313e-01,  2.3284446921068147e-01, -5.8282174574048919e-02, -1.4237071802833769e+00,  0.0000000000000000e+00, -9.7426967315572122e-01,  1.0422250752159845e-01,  2.5000835001776665e+00,  0.0000000000000000e+00
 2.9970029970029972e+00,  6.3406144601875644e+02,  5.3788161750142729e+00,  3.1850935313936169e+01,  7.6561878604866157e-02,  7.0204548544901019e-02,  6.0703520233322095e-01,  1.9018503749781937e+03,  1.0651247477510539e+01, -1.4993455929723155e+04,  9.9366688983689784e+00,  2.5521823015425160e+00,  9.2736228400083498e-01, -1.4699063720868782e-01, -1.6027022602641414e+00,  1.6986548211517984e+00,  2.7328816364904313e-01,  2.2312725870185357e-01, -5.7219424801328383e-02, -1.3987001165197275e+00,  0.0000000000000000e+00, -9.7111587071160410e-01,  1.0853999697705125e-01,  2.5063306653049344e+00,  0.0000000000000000e+00
 3.0069930069930071e+00,  6.3406341229281406e+02,  5.3640992774545468e+00,  3.1856344806836233e+01,  7.7630987143015528e-02,  7.0204644827664836e-02,  6.0746273607433532e-01,  1.9081919487398281e+03,  1.0752177096204983e+01, -1.4993415586992320e+04,  9.9377112770778062e+00,  2.5518262393122675e+00,  9.3346480262146514e-01, -1.4481005249263465e-01, -1.6032684667274208e+00,  1.6848068592903858e+00,  2.7328816364904313e-01,  2.1345929560590007e-01, -5.6120227426200209e-02, -1.3736688829387744e+00,  0.0000000000000000e+00, -9.6441034109926171e-01,  1.1151931752386190e-01,  2.5049222976079948e+00,  0.0000000000000000e+00
 3.0169830169830170e+00,  6.3406538201827664e+02,  5.3493594453088642e+00,  3.1861709734299495e+01,  7.8164813992890839e-02,  7.0213026712586835e-02,  6.0785925779816952e-01,  1.9145335349437441e+03,  1.0853622621471114e+01, -1.4993375178127486e+04,  9.9387617709267069e+00,  2.5514693975973950e+00,  9.3957137847733185e-01, -1.4272571621756100e-01, -1.6038235435294002e+00,  1.6712088894247503e+00,  2.7328816364904313e-01,  2.0387450300124563e-01, -5.4997453441509109e-02, -1.3486866634406021e+00,  0.0000000000000000e+00, -9.5446513835258251e-01,  1.1326003421129821e-01,  2.4965180459261820e+00,  0.0000000000000000e+00
 3.0269730269730268e+00,  6.3406735509736257e+02,  5.3345972200072982e+00,  3.1867031726023040e+01,  7.8203869835816175e-02,  7.0229046274970272e-02,  6.0822523608695500e-01,  1.9208751335596951e+03,  1.0955584310617581e+01, -1.4993334703525923e+04,  9.9398152228127774e+00,  2.5511119070953887e+00,  9.4568172209526469e-01, -1.4073663584925317e-01, -1.6043673169460324e+00,  1.6578600728080564e+00,  2.7328816364904313e-01,  1.9440374691881809e-01, -5.3862936923651621e-02, -1.3238201266659013e+00,  0.0000000000000000e+00, -9.4158022934852459e-01,  1.1387017266352860e-01,  2.4817626163629867e+00,  0.0000000000000000e+00
 3.0369630369630372e+00,  6.3406933143686899e+02,  5.3198132845752397e+00,  3.1872312288002227e+01,  7.7787399796497944e-02,  7.0252039555784809e-02,  6.0856113561667202e-01,  1.9272167445572670e+03,  1.1058062420374107e+01, -1.4993294163582323e+04,  9.9408668742377699e+00,  2.5507538917767887e+00,  9.5179554750282813e-01, -1.3884152546993223e-01, -1.6048997260853173e+00,  1.6447589368440128e+00,  2.7328816364904313e-01,  1.8507495824123141e-01, -5.2727404305472035e-02, -1.2991295939478469e+00,  0.0000000000000000e+00, -9.2604326390430780e-01,  1.1346345749602295e-01,  2.4612820337914449e+00,  0.0000000000000000e+00
 3.0469530469530470e+00,  6.3407131094818885e+02,  5.3050084590298754e+00,  3.1877552805151517e+01,  7.6953329174911184e-02,  7.0281339289436001e-02,  6.0886741732350025e-01,  1.9335583679058786e+03,  1.1161057206655862e+01, -1.4993253558688979e+04,  9.9419123523826123e+00,  2.5503954687569688e+00,  9.5791257217137360e-01, -1.3703883448579196e-01, -1.6054208115375503e+00,  1.6319034375643429e+00,  2.7328816364904313e-01,  1.7591325655943307e-01, -5.1600430095962227e-02, -1.2746692418021199e+00,  0.0000000000000000e+00, -9.0812941279252068e-01,  1.1215677924807284e-01,  2.4356804657888182e+00,  0.0000000000000000e+00
 3.0569430569430569e+00,  6.3407329354726483e+02,  5.2901836954103016e+00,  3.1882754545107172e+01,  7.5738218721567288e-02,  7.0316286186206639e-02,  6.0914453855572304e-01,  1.9399000035747843e+03,  1.1264568924343232e+01, -1.4993212889235931e+04,  9.9429476566889345e+00,  2.5500367482868804e+00,  9.6403251698135706e-01, -1.3532677508912441e-01, -1.6059307037096122e+00,  1.6192910199248898e+00,  2.7328816364904313e-01,  1.6694107533233182e-01, -5.0490416684791872e-02, -1.2504873334380990e+00,  0.0000000000000000e+00, -8.8810126887317087e-01,  1.1006790566823456e-01,  2.4055375886882180e+00,  0.0000000000000000e+00
 3.0669330669330668e+00,  6.3407527915448816e+02,  5.2753400724919084e+00,  3.1887918663030149e+01,  7.4177228872310763e-02,  7.0356238747319194e-02,  6.0939295321249065e-01,  1.9462416515330749e+03,  1.1368597827076574e+01, -1.4993172155611092e+04,  9.9439691450398744e+00,  2.5496778338484956e+00,  9.7015510620729772e-01, -1.3370334846516599e-01, -1.6064296110717120e+00,  1.6069186756574880e+00,  2.7328816364904313e-01,  1.5817828774261034e-01, -4.9404595741970612e-02, -1.2266264740133181e+00,  0.0000000000000000e+00, -8.6620880658835187e-01,  1.0731344708435940e-01,  2.3714064681474025e+00,  0.0000000000000000e+00
 3.0769230769230771e+00,  6.3407726769455030e+02,  5.2604787902327637e+00,  3.1893046207231777e+01,  7.2304092369822881e-02,  7.0400581618313987e-02,  6.0961311187070799e-01,  1.9525833117496813e+03,  1.1473144167065740e+01, -1.4993131358200355e+04,  9.9449735196267390e+00,  2.5493188223406213e+00,  9.7628006751976659e-01, -1.3216636973962168e-01, -1.6069178085196416e+00,  1.5947829984660820e+00,  2.7328816364904313e-01,  1.4964233268810118e-01, -4.8349048654021544e-02, -1.2031238846456871e+00,  0.0000000000000000e+00, -8.4268939532436149e-01,  1.0400707992304244e-01,  2.3338119232522838e+00,  0.0000000000000000e+00
 3.0869130869130870e+00,  6.3407925909625556e+02,  5.2456011639969606e+00,  3.1898138125451617e+01,  7.0151094711445747e-02,  7.0448732510774659e-02,  6.0980546190117135e-01,  1.9589249841933756e+03,  1.1578208194913982e+01, -1.4993090497387671e+04,  9.9459578125823711e+00,  2.5489598043409045e+00,  9.8240713200180774e-01, -1.3071349166820090e-01, -1.6073956260298343e+00,  1.5828802364038277e+00,  2.7328816364904313e-01,  1.4134834039285224e-01, -4.7328743419773826e-02, -1.1800116905291265e+00,  0.0000000000000000e+00, -8.1776786218512498e-01,  1.0025802797356245e-01,  2.2932493388884669e+00,  0.0000000000000000e+00
 3.0969030969030968e+00,  6.3408125329230199e+02,  5.2307086185971023e+00,  3.1903195271625641e+01,  6.7749061876610978e-02,  7.0500147743357694e-02,  6.0997044757494001e-01,  1.9652666688327758e+03,  1.1683790159455988e+01, -1.4993049573555118e+04,  9.9469193714565396e+00,  2.5486008644302451e+00,  9.8853603417730296e-01, -1.2934222707442986e-01, -1.6078634377587979e+00,  1.5712063413126531e+00,  2.7328816364904313e-01,  1.3330925716516409e-01, -4.6347585456007027e-02, -1.1573172188562779e+00,  0.0000000000000000e+00, -7.9165659999805893e-01,  9.6169796372553018e-02,  2.2501838900158622e+00,  0.0000000000000000e+00
 3.1068931068931067e+00,  6.3408325021903840e+02,  5.2158026821954220e+00,  3.1908218412993360e+01,  6.5127354801917614e-02,  7.0554326470642914e-02,  6.1010851016079026e-01,  1.9716083656363487e+03,  1.1789890307609607e+01, -1.4993008587082948e+04,  9.9478558446033372e+00,  2.5482420815664208e+00,  9.9466651204885970e-01, -1.2804997004651933e-01, -1.6083216517132710e+00,  1.5597570152478584e+00,  2.7328816364904313e-01,  1.2553596887136942e-01, -4.5408479831394830e-02, -1.1350633026275587e+00,  0.0000000000000000e+00, -7.6455571641906017e-01,  9.1839149674605630e-02,  2.2050501389686072e+00,  0.0000000000000000e+00
 3.1168831168831170e+00,  6.3408524981620394e+02,  5.2008849801003993e+00,  3.1913208237404223e+01,  6.2313870087595528e-02,  7.0610813682624479e-02,  6.1022008801447447e-01,  1.9779500745724133e+03,  1.1896508884240973e+01, -1.4992967538349627e+04,  9.9487651665452823e+00,  2.5478835294944502e+00,  1.0007983071429738e+00, -1.2683401590816870e-01, -1.6087707000930915e+00,  1.5485277538475668e+00,  2.7328816364904313e-01,  1.1803742273411960e-01, -4.4513402548130583e-02, -1.1132685868101528e+00,  0.0000000000000000e+00, -7.3665322025833990e-01,  8.7355322434894661e-02,  2.1582519676760255e+00,  0.0000000000000000e+00
 3.1268731268731269e+00,  6.3408725202665642e+02,  5.1859572284931774e+00,  3.1918165360696317e+01,  5.9335046435586923e-02,  7.0669202068844778e-02,  6.1030561666038874e-01,  1.9842917956091435e+03,  1.2003646132042594e+01, -1.4992926427731853e+04,  9.9496455433737818e+00,  2.5475252771820793e+00,  1.0069311645603420e+00, -1.2569157998190153e-01, -1.6092110303855613e+00,  1.5375138866402627e+00,  2.7328816364904313e-01,  1.1082074710215693e-01, -4.3663478619874137e-02, -1.0919478336952773e+00,  0.0000000000000000e+00, -7.0812524126095489e-01,  8.2799448002241580e-02,  2.1101628059269566e+00,  0.0000000000000000e+00
 3.1368631368631368e+00,  6.3408925679609558e+02,  5.1710212281156043e+00,  3.1923090334033652e+01,  5.6215876336638368e-02,  7.0729132849424725e-02,  6.1036552886615181e-01,  1.9906335287145739e+03,  1.2111302291424082e+01, -1.4992885255604573e+04,  9.9504954382407327e+00,  2.5471673892697742e+00,  1.0130648330294005e+00, -1.2461981516686689e-01, -1.6096430972683138e+00,  1.5267106143131959e+00,  2.7328816364904313e-01,  1.0389136887514037e-01, -4.2859064847408590e-02, -1.0711122246817986e+00,  0.0000000000000000e+00, -6.7913627978749735e-01,  7.8244189245363235e-02,  2.0611261185715595e+00,  0.0000000000000000e+00
 3.1468531468531467e+00,  6.3409126407278643e+02,  5.1560788579493391e+00,  3.1927983651101965e+01,  5.2979922541509697e-02,  7.0790295680767196e-02,  6.1040025471050086e-01,  1.9969752738566019e+03,  1.2219477600415022e+01, -1.4992844022340994e+04,  9.9513135569912308e+00,  2.5468099265255724e+00,  1.0191990649613181e+00, -1.2361582835602462e-01, -1.6100673553575375e+00,  1.5161130429902769e+00,  2.7328816364904313e-01,  9.7253128302051142e-02, -4.2099835362509608e-02, -1.0507696560835893e+00,  0.0000000000000000e+00, -6.4983948294438287e-01,  7.3753553631224336e-02,  2.0114561147852044e+00,  0.0000000000000000e+00
 3.1568431568431570e+00,  6.3409327380728666e+02,  5.1411320689131186e+00,  3.1932845755076603e+01,  4.9649338869543556e-02,  7.0852427746739721e-02,  6.1041022164483794e-01,  2.0033170310029927e+03,  1.2328172294579602e+01, -1.4992802728312579e+04,  9.9520988339829248e+00,  2.5464529462962728e+00,  1.0253336165048885e+00, -1.2267669572027244e-01, -1.6104842528200123e+00,  1.5057162155902468e+00,  2.7328816364904313e-01,  9.0908390904882244e-02, -4.1384868192359120e-02, -1.0309250269128147e+00,  0.0000000000000000e+00, -6.2037694396881649e-01,  6.9382873832901412e-02,  1.9614386452038348e+00,  0.0000000000000000e+00
 3.1668331668331668e+00,  6.3409528595218273e+02,  5.1261828776030836e+00,  3.1937677045289597e+01,  4.6244894926309683e-02,  7.0915312146920526e-02,  6.1039585454868950e-01,  2.0096588001213813e+03,  1.2437386606942523e+01, -1.4992761373889040e+04,  9.9528504181330835e+00,  2.5460965029474791e+00,  1.0314682475999435e+00, -1.2179947688939359e-01, -1.6108942258508914e+00,  1.4955151403546560e+00,  2.7328816364904313e-01,  8.4858156310873636e-02, -4.0712731286559105e-02, -1.0115805169276142e+00,  0.0000000000000000e+00, -5.9088002175209930e-01,  6.5178934708443645e-02,  1.9113322538378530e+00,  0.0000000000000000e+00
 3.1768231768231767e+00,  6.3409730046183768e+02,  5.1112333600988755e+00,  3.1942477883536096e+01,  4.2786004320726358e-02,  7.0978775692275814e-02,  6.1035757577929506e-01,  2.0160005811792780e+03,  1.2547120767925781e+01, -1.4992719959438335e+04,  9.9535676592303162e+00,  2.5457406482861424e+00,  1.0376027220281094e+00, -1.2098122806171355e-01, -1.6112976940045589e+00,  1.4855048166506344e+00,  2.7328816364904313e-01,  7.9102163806453657e-02, -4.0081566642802588e-02, -9.9273585354998095e-01,  0.0000000000000000e+00, -5.6146967763279432e-01,  6.1180226971612579e-02,  1.8613693543643652e+00,  0.0000000000000000e+00
 3.1868131868131866e+00,  6.3409931729215373e+02,  5.0962856458561978e+00,  3.1947248599972951e+01,  3.9290755990892268e-02,  7.1042686215681883e-02,  6.1029580521549576e-01,  2.0223423741440706e+03,  1.2657375005295764e+01, -1.4992678485326658e+04,  9.9542500945439567e+00,  2.5453854319603004e+00,  1.0437368074599114e+00, -1.2021901407607785e-01, -1.6116950563532451e+00,  1.4756802581658455e+00,  2.7328816364904313e-01,  7.3638994454227724e-02, -3.9489171360211787e-02, -9.7438856655338235e-01,  0.0000000000000000e+00, -5.3225682668249819e-01,  5.7417308602889461e-02,  1.8117575023502985e+00,  0.0000000000000000e+00
 3.1968031968031969e+00,  6.3410133640035099e+02,  5.0813419117045289e+00,  3.1951989498574036e+01,  3.5775948266729210e-02,  7.1106949500271410e-02,  6.1021096029606792e-01,  2.0286841789830287e+03,  1.2768149544120227e+01, -1.4992636951918426e+04,  9.9548974357601452e+00,  2.5450309018317299e+00,  1.0498702754974183e+00, -1.1950991948120948e-01, -1.6120866884373304e+00,  1.4660365136225946e+00,  2.7328816364904313e-01,  6.8466169640939684e-02, -3.8933074639740148e-02, -9.5653422969059754e-01,  0.0000000000000000e+00, -5.0334270093775602e-01,  5.3913254835531277e-02,  1.7626807375791813e+00,  0.0000000000000000e+00
 3.2067932067932068e+00,  6.3410335774476516e+02,  5.0664043759668065e+00,  3.1956700862118016e+01,  3.2257125316381356e-02,  7.1171505922919612e-02,  6.1010345605262484e-01,  2.0350259956633051e+03,  1.2879444606734614e+01, -1.4992595359576269e+04,  9.9555095562702380e+00,  2.5446771043182208e+00,  1.0560029017117909e+00, -1.1885105863869642e-01, -1.6124729399624307e+00,  1.4565686851450541e+00,  2.7328816364904313e-01,  6.3580245949318603e-02, -3.8410609935712915e-02, -9.3916668867987840e-01,  0.0000000000000000e+00, -4.7481922212507782e-01,  5.0684178910892705e-02,  1.7143009727710106e+00,  0.0000000000000000e+00
 3.2167832167832167e+00,  6.3410538128466430e+02,  5.0514752927160824e+00,  3.1961382956694372e+01,  2.8748615642049745e-02,  7.1236326903536124e-02,  6.0997370513719906e-01,  2.0413678241519410e+03,  1.2991260412717267e+01, -1.4992553708661017e+04,  9.9560864788335923e+00,  2.5443240847031210e+00,  1.0621344656752625e+00, -1.1823958489680753e-01, -1.6128541331912907e+00,  1.4472719444182016e+00,  2.7328816364904313e-01,  5.8976906269172805e-02, -3.7918981636777004e-02, -9.2227827515047478e-01,  0.0000000000000000e+00, -4.4676938183983994e-01,  4.7739806535907495e-02,  1.6667594158114474e+00,  0.0000000000000000e+00
 3.2267732267732270e+00,  6.3410740698008556e+02,  5.0365569461824640e+00,  3.1966036035722706e+01,  2.5263572309518645e-02,  7.1301411243422472e-02,  6.0982211784462059e-01,  2.0477096644158673e+03,  1.3103597178872944e+01, -1.4992511999531691e+04,  9.9566283636336159e+00,  2.5439718874106019e+00,  1.0682647509872296e+00, -1.1767269887307857e-01, -1.6132305619731555e+00,  1.4381415467804091e+00,  2.7328816364904313e-01,  5.4651047090490214e-02, -3.7455325825397873e-02, -9.0586000659053201e-01,  0.0000000000000000e+00, -4.1926762573240556e-01,  4.5084086902193926e-02,  1.6201779498890660e+00,  0.0000000000000000e+00
 3.2367632367632369e+00,  6.3410943479169271e+02,  5.0216516453219961e+00,  3.1970660343488493e+01,  2.1814014613933532e-02,  7.1366781428011075e-02,  6.0964910212978141e-01,  2.0540515164219069e+03,  1.3216455119224142e+01, -1.4992470232545502e+04,  9.9571354967428700e+00,  2.5436205562459366e+00,  1.0743935452942674e+00, -1.1714765588401051e-01, -1.6136024913496403e+00,  1.4291728433874216e+00,  2.7328816364904313e-01,  5.0596861928121371e-02, -3.7016764806517832e-02, -8.8990177192552888e-01,  0.0000000000000000e+00, -3.9238024377407044e-01,  4.2715829077755785e-02,  1.5746606300485579e+00,  0.0000000000000000e+00
 3.2467532467532467e+00,  6.3411146468065397e+02,  5.0067617185576010e+00,  3.1975256118205692e+01,  1.8410870902503023e-02,  7.1432479961011375e-02,  6.0945506361993573e-01,  2.0603933801367784e+03,  1.3329834445009777e+01, -1.4992428408057838e+04,  9.9576082790101967e+00,  2.5432701346007249e+00,  1.0805206403040182e+00, -1.1666177256082841e-01, -1.6139701576735854e+00,  1.4203612915970820e+00,  2.7328816364904313e-01,  4.6807920860805402e-02, -3.6600455248123935e-02, -8.7439250313316130e-01,  0.0000000000000000e+00, -3.6616575790259520e-01,  4.0629344512702982e-02,  1.5302949821834684e+00,  0.0000000000000000e+00
 3.2567432567432566e+00,  6.3411349660853875e+02,  4.9918895087007513e+00,  3.1979823594622676e+01,  1.5064022292455617e-02,  7.1498565788545895e-02,  6.0924040562214166e-01,  2.0667352555270968e+03,  1.3443735364690587e+01, -1.4992386526422264e+04,  9.9580472153800184e+00,  2.5429206656236487e+00,  1.0866458317929930e+00, -1.1621243268998843e-01, -1.6143337691767756e+00,  1.4117024637044415e+00,  2.7328816364904313e-01,  4.3277246183610861e-02, -3.6203629902523987e-02, -8.5932033338387592e-01,  0.0000000000000000e+00, -3.4067531247155286e-01,  3.8815089676244738e-02,  1.4871534016196060e+00,  0.0000000000000000e+00
 3.2667332667332669e+00,  6.3411553053723458e+02,  4.9770373680611364e+00,  3.1984363006193174e+01,  1.1782347039950266e-02,  7.1565110863415868e-02,  6.0900552912599504e-01,  2.0730771425593757e+03,  1.3558158083960842e+01, -1.4992344587990523e+04,  9.9584529046516437e+00,  2.5425721923578539e+00,  1.0927689196084451e+00, -1.1579709231739961e-01, -1.6146935069223871e+00,  1.4031920541668346e+00,  2.7328816364904313e-01,  3.9997384175380658e-02, -3.5823632977172025e-02, -8.4467274171668505e-01,  0.0000000000000000e+00, -3.1595306157612607e-01,  3.7260294779217322e-02,  1.4452944501519827e+00,  0.0000000000000000e+00
 3.2767232767232768e+00,  6.3411756642888110e+02,  4.9622076537503057e+00,  3.1988874586838026e+01,  8.5737653325613453e-03,  7.1632196891339761e-02,  6.0875083280180953e-01,  2.0794190412000285e+03,  1.3673102805765778e+01, -1.4992302593112536e+04,  9.9588260296838538e+00,  2.5422247578465273e+00,  1.0988897076645345e+00, -1.1541328415501578e-01, -1.6150495260794164e+00,  1.3948258854483637e+00,  2.7328816364904313e-01,  3.6960473011886145e-02, -3.5457949333256945e-02, -8.3043668497755052e-01,  0.0000000000000000e+00, -2.9203655335564654e-01,  3.5949570732740015e-02,  1.4047641090264771e+00,  0.0000000000000000e+00
 3.2867132867132867e+00,  6.3411960424582162e+02,  4.9474027231840410e+00,  3.1993358572326869e+01,  5.4452842944281293e-03,  7.1699912292983156e-02,  6.0847671299441763e-01,  2.0857609514153710e+03,  1.3788569730324346e+01, -1.4992260542136406e+04,  9.9591673480479290e+00,  2.5418784052085757e+00,  1.1050080039330850e+00, -1.1505862132815114e-01, -1.6154019574585161e+00,  1.3865999126088417e+00,  2.7328816364904313e-01,  3.4158306862311826e-02, -3.5104227767778502e-02, -8.1659871753772795e-01,  0.0000000000000000e+00, -2.6895710978913884e-01,  3.4865486676044832e-02,  1.3655969724260200e+00,  0.0000000000000000e+00
 3.2967032967032965e+00,  6.3412164395056993e+02,  4.9326249297870657e+00,  3.1997815201311241e+01,  2.4030430091580607e-03,  7.1768349407947615e-02,  6.0818356371277937e-01,  2.0921028731716219e+03,  1.3904559055156682e+01, -1.4992218435408433e+04,  9.9594776831303733e+00,  2.5415331776866448e+00,  1.1111236204292803e+00, -1.1473080050142315e-01, -1.6157509092515998e+00,  1.3785102267563014e+00,  2.7328816364904313e-01,  3.1582396219956718e-02, -3.4760298704275439e-02, -8.0314509941203005e-01,  0.0000000000000000e+00, -2.4674020081020853e-01,  3.3989111837113853e-02,  1.3278173763351109e+00,  0.0000000000000000e+00
 3.3066933066933069e+00,  6.3412368550579106e+02,  4.9178766189026275e+00,  3.2002244716042135e+01, -5.4764261894266078e-04,  7.1837601959696795e-02,  6.0787177661560488e-01,  2.0984448064349031e+03,  1.4021070975115901e+01, -1.4992176273273117e+04,  9.9597579156844915e+00,  2.5411891186699020e+00,  1.1172363731926906e+00, -1.1442760442065950e-01, -1.6160964689211390e+00,  1.3705530574757341e+00,  2.7328816364904313e-01,  2.9224024529010784e-02, -3.4424186672486527e-02, -7.9006189343715827e-01,  0.0000000000000000e+00, -2.2540581171716273e-01,  3.3300516927025597e-02,  1.2914404598341798e+00,  0.0000000000000000e+00
 3.3166833166833167e+00,  6.3412572887429519e+02,  4.9031601239084992e+00,  3.2006647362806007e+01, -3.4022353297705151e-03,  7.1907762793735064e-02,  6.0754174099320690e-01,  2.1047867511712402e+03,  1.4138105682423697e+01, -1.4992134056073171e+04,  9.9600089758284778e+00,  2.5408462716941798e+00,  1.1233460822640515e+00, -1.1414690390743691e-01, -1.6164387051891120e+00,  1.3627247743399744e+00,  2.7328816364904313e-01,  2.7074301179102391e-02, -3.4094117999073623e-02, -7.7733505219480625e-01,  0.0000000000000000e+00, -2.0496880293462205e-01,  3.2779231490389943e-02,  1.2564731568881897e+00,  0.0000000000000000e+00
 3.3266733266733266e+00,  6.3412777401904191e+02,  4.8884777625400009e+00,  3.2011023392113295e+01, -6.1569324485016017e-03,  7.1978921895272704e-02,  6.0719384374581686e-01,  2.1111287073465651e+03,  1.4255663366709376e+01, -1.4992091784149543e+04,  9.9602318354859580e+00,  2.5405046804221723e+00,  1.1294525716582333e+00, -1.1388665934215596e-01, -1.6167776700799616e+00,  1.3550218876017122e+00,  2.7328816364904313e-01,  2.5124210948022578e-02, -3.3768524161458771e-02, -7.6495049537714810e-01,  0.0000000000000000e+00, -1.8543926132756131e-01,  3.2404654800103731e-02,  1.2229151180069882e+00,  0.0000000000000000e+00
 3.3366633366633365e+00,  6.3412982090315484e+02,  4.8738318334198212e+00,  3.2015373058673255e+01, -8.8086224390201452e-03,  7.2051164687139888e-02,  6.0682846935860535e-01,  2.1174706749267143e+03,  1.4373744215051790e+01, -1.4992049457841422e+04,  9.9604275012636005e+00,  2.5401643886063741e+00,  1.1355556693338478e+00, -1.1364492167071319e-01, -1.6171134009765538e+00,  1.3474410481586130e+00,  2.7328816364904313e-01,  2.3364659980764448e-02, -3.3446041275391490e-02, -7.5289417829461347e-01,  0.0000000000000000e+00, -1.6682284231740871e-01,  3.2156418990416241e-02,  1.1907595619130804e+00,  0.0000000000000000e+00
 3.3466533466533468e+00,  6.3413186948994371e+02,  4.8592246127935894e+00,  3.2019696621187926e+01, -1.1354842192584468e-02,  7.2124570603878682e-02,  6.0644599987366166e-01,  2.1238126538774304e+03,  1.4492348412023857e+01, -1.4992007077486263e+04,  9.9605970077590325e+00,  2.5398254400374962e+00,  1.1416552071599404e+00, -1.1341983296891391e-01, -1.6174459226528966e+00,  1.3399790468765449e+00,  2.7328816364904313e-01,  2.1786518399748846e-02, -3.3125506195735982e-02, -7.4115215221877884e-01,  0.0000000000000000e+00, -1.4912110220191169e-01,  3.2014703956616521e-02,  1.1599940584689856e+00,  0.0000000000000000e+00
 3.3566433566433567e+00,  6.3413391974293290e+02,  4.8446583514694570e+00,  3.2023994341996726e+01, -1.3793735161893111e-02,  7.2199211933745761e-02,  6.0604681485919043e-01,  2.1301546441643613e+03,  1.4611476139739191e+01, -1.4991964643419811e+04,  9.9607414112912060e+00,  2.5394878784809576e+00,  1.1477510208802069e+00, -1.1320962659779113e-01, -1.6177752492521928e+00,  1.3326328133490468e+00,  2.7328816364904313e-01,  2.0380659646904775e-02, -3.2805949709085229e-02, -7.2971061723727670e-01,  0.0000000000000000e+00, -1.3233182011756492e-01,  3.1960504671010720e-02,  1.1306012448310216e+00,  0.0000000000000000e+00
 3.3666333666333665e+00,  6.3413597162589565e+02,  4.8301352719592634e+00,  3.2028266486601595e+01, -1.6124010438576995e-02,  7.2275152916801394e-02,  6.0563129137619121e-01,  2.1364966457530609e+03,  1.4731127577900573e+01, -1.4991922155976112e+04,  9.9608617840442655e+00,  2.5391517476040275e+00,  1.1538429500751601e+00, -1.1301262698196277e-01, -1.6181013861835476e+00,  1.3253994141645116e+00,  2.7328816364904313e-01,  1.9137996663208378e-02, -3.2486587288190837e-02, -7.1855596827575219e-01,  0.0000000000000000e+00, -1.1644930921845667e-01,  3.1975851992047007e-02,  1.1025594772661962e+00,  0.0000000000000000e+00
 3.3766233766233764e+00,  6.3413802510289133e+02,  4.8156575658182827e+00,  3.2032513323100495e+01, -1.8344902860580683e-02,  7.2352449084321827e-02,  6.0519980394289097e-01,  2.1428386586089887e+03,  1.4851302903849797e+01, -1.4991879615487540e+04,  9.9609592086150549e+00,  2.5388170908959879e+00,  1.1599308381226499e+00, -1.1282724904208268e-01, -1.6184243319152936e+00,  1.3182760507461349e+00,  2.7328816364904313e-01,  1.8049515015401380e-02, -3.2166807862965913e-02, -7.0767483491458771e-01,  0.0000000000000000e+00, -1.0146471667242205e-01,  3.2043988937839739e-02,  1.0758434216357693e+00,  0.0000000000000000e+00
 3.3866133866133867e+00,  6.3414008013830596e+02,  4.8012273911799834e+00,  3.2036735121554941e+01, -2.0456134224922057e-02,  7.2431146822434025e-02,  6.0475272449719741e-01,  2.1491806826975098e+03,  1.4972002292618647e+01, -1.4991837022284823e+04,  9.9610347729536652e+00,  2.5384839515836024e+00,  1.1660145321571145e+00, -1.1265199731132537e-01, -1.6187440796473431e+00,  1.3112600568235606e+00,  2.7328816364904313e-01,  1.7106303082931613e-02, -3.1846161041297304e-02, -6.9705411559587038e-01,  0.0000000000000000e+00, -8.7366312208023614e-02,  3.2149504760215247e-02,  1.0504245859714088e+00,  0.0000000000000000e+00
 3.3966033966033966e+00,  6.3414213669689343e+02,  4.7868468704817619e+00,  3.2040932153314948e+01, -2.2457875670917071e-02,  7.2511283141097449e-02,  6.0429042235744412e-01,  2.1555227179838935e+03,  1.5093225916980632e+01, -1.4991794376697058e+04,  9.9610895656855973e+00,  2.5381523725439381e+00,  1.1720938830279188e+00, -1.1248546476470142e-01, -1.6190606188491856e+00,  1.3043488955893741e+00,  2.7328816364904313e-01,  1.6299579420787413e-02, -3.1524343186748807e-02, -6.8668100678150212e-01,  0.0000000000000000e+00, -7.4139764953319157e-02,  3.2278429720534678e-02,  1.0262717986681991e+00,  0.0000000000000000e+00
 3.4065934065934065e+00,  6.3414419474381737e+02,  4.7725180883771730e+00,  3.2045104690322297e+01, -2.4350711289131893e-02,  7.2592885628315160e-02,  6.0381326418169323e-01,  2.1618647644333146e+03,  1.5214973947503287e+01, -1.4991751679051744e+04,  9.9611246718035940e+00,  2.5378223962164306e+00,  1.1781687452570939e+00, -1.1232633138883212e-01, -1.6193739366540714e+00,  1.2975401565881661e+00,  2.7328816364904313e-01,  1.5620717415848100e-02, -3.1201182730735803e-02, -6.7654302758544338e-01,  0.0000000000000000e+00, -6.1768408435460477e-02,  3.2418293573129010e-02,  1.0033516363797435e+00,  0.0000000000000000e+00
 3.4165834165834168e+00,  6.3414625424469284e+02,  4.7582430898297972e+00,  3.2049253004410446e+01, -2.6135603002061077e-02,  7.2675972568699246e-02,  6.0332161392585804e-01,  2.1682068220108526e+03,  1.5337246552600664e+01, -1.4991708929674796e+04,  9.9611411687167024e+00,  2.5374940645158857e+00,  1.1842389769967709e+00, -1.1217336251863053e-01, -1.6196840191035460e+00,  1.2908315523808735e+00,  2.7328816364904313e-01,  1.5061267355653893e-02, -3.0876625063511503e-02, -6.6662804036476553e-01,  0.0000000000000000e+00, -5.0233493615418741e-02,  3.2558151405174700e-02,  9.8162880519992923e-01,  0.0000000000000000e+00
 3.4265734265734267e+00,  6.3414831516562583e+02,  4.7440238783835600e+00,  3.2053377366617141e+01, -2.7813856753830076e-02,  7.2760553205204664e-02,  6.0281583280090190e-01,  2.1745488906814899e+03,  1.5460043898585825e+01, -1.4991666128890573e+04,  9.9611401226436449e+00,  2.5371674187478601e+00,  1.1903044399865534e+00, -1.1202540696614173e-01, -1.6199908522397559e+00,  1.2842209150224364e+00,  2.7328816364904313e-01,  1.4612976029255901e-02, -3.0550717314240649e-02, -6.5692426771519941e-01,  0.0000000000000000e+00, -3.9514429929524947e-02,  3.2688579998987027e-02,  9.6106647924614841e-01,  0.0000000000000000e+00
 3.4365634365634365e+00,  6.3415037747325130e+02,  4.7298624146040078e+00,  3.2057478046523151e+01, -2.9387090038064684e-02,  7.2846628122926527e-02,  6.0229627922936235e-01,  2.1808909704101125e+03,  1.5583366149723153e+01, -1.4991623277021899e+04,  9.9611225853372858e+00,  2.5368424995277259e+00,  1.1963649995110608e+00, -1.1188139496559844e-01, -1.6202944230458884e+00,  1.2777061923865640e+00,  2.7328816364904313e-01,  1.4267803980017261e-02, -3.0223593294601878e-02, -6.4742030627694547e-01,  0.0000000000000000e+00, -2.9589014328051576e-02,  3.2801648732696094e-02,  9.4162660069233206e-01,  0.0000000000000000e+00
 3.4465534465534464e+00,  6.3415244113476854e+02,  4.7157606146848385e+00,  3.2061555311628233e+01, -3.0857200785448704e-02,  7.2934189734288141e-02,  6.0176330880143980e-01,  2.1872330611615093e+03,  1.5707213468280186e+01, -1.4991580374390089e+04,  9.9610895911267399e+00,  2.5365193467044511e+00,  1.2024205243578121e+00, -1.1174033595754998e-01, -1.6205947202376501e+00,  1.2712854443675525e+00,  2.7328816364904313e-01,  1.4017940529901556e-02, -2.9895458844127903e-02, -6.3810513771876110e-01,  0.0000000000000000e+00, -2.0433648385049814e-02,  3.2890868252059682e-02,  9.2327014465330115e-01,  0.0000000000000000e+00
 3.4565434565434567e+00,  6.3415450611797326e+02,  4.7017203492137494e+00,  3.2065609426773321e+01, -3.2226337625398054e-02,  7.3023222845675112e-02,  6.0121727423088189e-01,  2.1935751629003726e+03,  1.5831586014578882e+01, -1.4991537421314961e+04,  9.9610421542634562e+00,  2.5361979992899752e+00,  1.2084708867756198e+00, -1.1160131623373228e-01, -1.6208917349109060e+00,  1.2649568389855896e+00,  2.7328816364904313e-01,  1.3855816694047897e-02, -2.9566577779985944e-02, -6.2896813723091272e-01,  0.0000000000000000e+00, -1.2023543552852655e-02,  3.2951120789159620e-02,  9.0595735301393454e-01,  0.0000000000000000e+00
 3.4665334665334666e+00,  6.3415657239128666e+02,  4.6877434420915201e+00,  3.2069640653615608e+01, -3.3496871529691559e-02,  7.3113705286551173e-02,  6.0065852531088204e-01,  2.1999172755912941e+03,  1.5956483947046078e+01, -1.4991494418114864e+04,  9.9609812665574964e+00,  2.5358784953948441e+00,  1.2145159624335955e+00, -1.1146349646316341e-01, -1.6211854610524350e+00,  1.2587186484188828e+00,  2.7328816364904313e-01,  1.3774116103316098e-02, -2.9237258618598702e-02, -6.1999907982180946e-01,  0.0000000000000000e+00, -4.3329147117145573e-03,  3.2978575320697555e-02,  8.8964794029132332e-01,  0.0000000000000000e+00
 3.4765234765234765e+00,  6.3415863992378002e+02,  4.6738316695981101e+00,  3.2073649250161395e+01, -3.4671368839809355e-02,  7.3205608583279305e-02,  6.0008740887020062e-01,  2.2062593991987692e+03,  1.6081907422263090e+01, -1.4991451365106699e+04,  9.9609078952902106e+00,  2.5355608721706022e+00,  1.2205556303808798e+00, -1.1132610911878091e-01, -1.6214758959222666e+00,  1.2525692449831560e+00,  2.7328816364904313e-01,  1.3765784050860956e-02, -2.8907842203760383e-02, -6.1118814467962201e-01,  0.0000000000000000e+00,  2.6648378101947930e-03,  3.2970590929934186e-02,  8.7430127517460920e-01,  0.0000000000000000e+00
 3.4865134865134864e+00,  6.3416070868519648e+02,  4.6599867595994775e+00,  3.2077635470359731e+01, -3.5752565674116568e-02,  7.3298898661212891e-02,  5.9950426872970353e-01,  2.2126015336871924e+03,  1.6207856595014221e+01, -1.4991408262605933e+04,  9.9608229813895441e+00,  2.5352451657592661e+00,  1.2265897730071422e+00, -1.1118845582278657e-01, -1.6217630403172454e+00,  1.2465070970766328e+00,  2.7328816364904313e-01,  1.3824034776990953e-02, -2.8578690343001277e-02, -6.0252591782863596e-01,  0.0000000000000000e+00,  8.9969575610918933e-03,  3.2925611593911538e-02,  8.5987654039010497e-01,  0.0000000000000000e+00
 3.4965034965034967e+00,  6.3416277864596827e+02,  4.6462103908887391e+00,  3.2081599563758253e+01, -3.6743343705884300e-02,  7.3393536560090969e-02,  5.9890944565950155e-01,  2.2189436790208601e+03,  1.6334331618334147e+01, -1.4991365110926619e+04,  9.9607274378541089e+00,  2.5349314112500498e+00,  1.2326182760039008e+00, -1.1104990462773213e-01, -1.6220468987263226e+00,  1.2405307651064599e+00,  2.7328816364904313e-01,  1.3942357104386321e-02, -2.8250175524910093e-02, -5.9400339328121277e-01,  0.0000000000000000e+00,  1.4691172383460622e-02,  3.2843054987942440e-02,  8.4633287400399793e-01,  0.0000000000000000e+00
 3.5064935064935066e+00,  6.3416484977723007e+02,  4.6325041926552837e+00,  3.2085541775221223e+01, -3.7646707298437568e-02,  7.3489479149312212e-02,  5.9830327733686017e-01,  2.2252858351639666e+03,  1.6461332643554044e+01, -1.4991321910381412e+04,  9.9606221484125701e+00,  2.5346196426433791e+00,  1.2386410283266731e+00, -1.1090988724927235e-01, -1.6223274793886722e+00,  1.2346388974106743e+00,  2.7328816364904313e-01,  1.4114518533251788e-02, -2.7922671763012399e-02, -5.8561197285932298e-01,  0.0000000000000000e+00,  1.9775545675343564e-02,  3.2723198144100865e-02,  8.3362949446096768e-01,  0.0000000000000000e+00
 3.5164835164835164e+00,  6.3416692205082882e+02,  4.6188697440754281e+00,  3.2089462344708501e+01, -3.8465761979449974e-02,  7.3586679831251917e-02,  5.9768609830503638e-01,  2.2316280020806071e+03,  1.6588859820346432e+01, -1.4991278661281585e+04,  9.9605079664047107e+00,  2.5343098928221024e+00,  1.2446579221579523e+00, -1.1076789626542941e-01, -1.6226047942660431e+00,  1.2288302261881918e+00,  2.7328816364904313e-01,  1.4334567903354202e-02, -2.7596546585980763e-02, -5.7734346483583177e-01,  0.0000000000000000e+00,  2.4278338219160311e-02,  3.2567062297633606e-02,  8.2172581184199911e-01,  0.0000000000000000e+00
 3.5264735264735263e+00,  6.3416899543932936e+02,  4.6053085740182507e+00,  3.2093361507113165e+01, -3.9203694232544654e-02,  7.3685089222385813e-02,  5.9705823993318485e-01,  2.2379701797347748e+03,  1.6716913296768585e+01, -1.4991235363937047e+04,  9.9603857138710055e+00,  2.5340021935297070e+00,  1.2506688528709946e+00, -1.1062348229615838e-01, -1.6228788589408396e+00,  1.2231035634479206e+00,  2.7328816364904313e-01,  1.4596836726986737e-02, -2.7272154172765083e-02, -5.6919008152421402e-01,  0.0000000000000000e+00,  2.8227880272137542e-02,  3.2376298828023245e-02,  8.1058152714131060e-01,  0.0000000000000000e+00
 3.5364635364635366e+00,  6.3417106991601713e+02,  4.5918221608602581e+00,  3.2097239492154550e+01, -3.9863752580898519e-02,  7.3784655803568869e-02,  5.9642003037746616e-01,  2.2443123680903627e+03,  1.6845493219304544e+01, -1.4991192018656353e+04,  9.9602561808376358e+00,  2.5336965753552438e+00,  1.2566737189943702e+00, -1.1047625117597912e-01, -1.6231496924513131e+00,  1.2174577969869087e+00,  2.7328816364904313e-01,  1.4895939293796142e-02, -2.6949829611233815e-02, -5.6114443592639396e-01,  0.0000000000000000e+00,  3.1652453603104841e-02,  3.2153078390536258e-02,  8.0015672154225159e-01,  0.0000000000000000e+00
 3.5464535464535465e+00,  6.3417314545489717e+02,  4.5784119324026262e+00,  3.2101096524322884e+01, -4.0449229934458167e-02,  7.3885326532358103e-02,  5.9577179454347051e-01,  2.2506545671111603e+03,  1.6974599732905617e+01, -1.4991148625746719e+04,  9.9601201247841598e+00,  2.5333930677246062e+00,  1.2626724221772341e+00, -1.1032586113144717e-01, -1.6234173170749302e+00,  1.2118918864064341e+00,  2.7328816364904313e-01,  1.5226771645236200e-02, -2.6629884241951927e-02, -5.5319953753197615e-01,  0.0000000000000000e+00,  3.4580183155127522e-02,  3.1899984539816621e-02,  7.9041193702266699e-01,  0.0000000000000000e+00
 3.5564435564435564e+00,  6.3417522203068984e+02,  4.5650792658848243e+00,  3.2104932822871042e+01, -4.0963447169648608e-02,  7.3987047411748524e-02,  5.9511385405006467e-01,  2.2569967767608564e+03,  1.7104232981029430e+01, -1.4991105185514034e+04,  9.9599782702814093e+00,  2.5330916988977377e+00,  1.2686648671552656e+00, -1.1017201997427610e-01, -1.6236817580705329e+00,  1.2064048591740821e+00,  2.7328816364904313e-01,  1.5584509513033364e-02, -2.6312602035145700e-02, -5.4534878734792103e-01,  0.0000000000000000e+00,  3.7038937977865463e-02,  3.1619913262790941e-02,  7.8130824982519165e-01,  0.0000000000000000e+00
 3.5664335664335662e+00,  6.3417729961882424e+02,  4.5518254880885607e+00,  3.2108748601848582e+01, -4.1409737908067408e-02,  7.4089764011090103e-02,  5.9444652719475100e-01,  2.2633389970030371e+03,  1.7234393105677402e+01, -1.4991061698262874e+04,  9.9598313087873969e+00,  2.5327924959712820e+00,  1.2746509617171915e+00, -1.1001448231999796e-01, -1.6239430433893187e+00,  1.2009958067391431e+00,  2.7328816364904313e-01,  1.5964605312587133e-02, -2.5998236937074672e-02, -5.3758597222577120e-01,  0.0000000000000000e+00,  3.9056241092869370e-02,  3.1315979370912420e-02,  7.7280733762679565e-01,  0.0000000000000000e+00
 3.5764235764235766e+00,  6.3417937819542863e+02,  4.5386518755260807e+00,  3.2112544070173037e+01, -4.1791434458593568e-02,  7.4193421936258636e-02,  5.9377012892062009e-01,  2.2696812278011862e+03,  1.7365080247430718e+01, -1.4991018164296509e+04,  9.9596798985895028e+00,  2.5324954848861876e+00,  1.2806306166718411e+00, -1.0985304684115747e-01, -1.6242012033639810e+00,  1.1956638807080326e+00,  2.7328816364904313e-01,  1.6362784278707451e-02, -2.5687011112935927e-02, -5.2990525854363157e-01,  0.0000000000000000e+00,  4.0659187924417341e-02,  3.0991430621664009e-02,  7.6487154153754100e-01,  0.0000000000000000e+00
 3.5864135864135864e+00,  6.3418145773731885e+02,  4.5255596547069983e+00,  3.2116319431733245e+01, -4.2111854885581480e-02,  7.4297967247351410e-02,  5.9308497078496447e-01,  2.2760234691186834e+03,  1.7496294545484748e+01, -1.4990974583916914e+04,  9.9595246648814477e+00,  2.5322006904397263e+00,  1.2866037458156445e+00, -1.0968755356318062e-01, -1.6244562703845822e+00,  1.1904082890859236e+00,  2.7328816364904313e-01,  1.6775039827484135e-02, -2.5379114006729393e-02, -5.2230118529218361e-01,  0.0000000000000000e+00,  4.1874372940601576e-02,  3.0649570040997484e-02,  7.5746392340468971e-01,  0.0000000000000000e+00
 3.5964035964035963e+00,  6.3418353822198492e+02,  4.5125500024779743e+00,  3.2120074885519522e+01, -4.2374291164339876e-02,  7.4403346823266145e-02,  5.9239136092960976e-01,  2.2823657209188068e+03,  1.7628036137681981e+01, -1.4990930957424780e+04,  9.9593661999640304e+00,  2.5319081363013947e+00,  1.2925702659005081e+00, -1.0951788121023871e-01, -1.6247082785689106e+00,  1.1852282925903068e+00,  2.7328816364904313e-01,  1.7197628224437721e-02, -2.5074702134349904e-02, -5.1476865660749438e-01,  0.0000000000000000e+00,  4.2727824129507493e-02,  3.0293686809376667e-02,  7.5054831927011867e-01,  0.0000000000000000e+00
 3.6063936063936062e+00,  6.3418561962757553e+02,  4.4996240464297310e+00,  3.2123810625775555e+01, -4.2581998383895807e-02,  7.4509508673487670e-02,  5.9168960405301052e-01,  2.2887079831647311e+03,  1.7760305160543410e+01, -1.4990887285119525e+04,  9.9592050635589047e+00,  2.5316178450321556e+00,  1.2985300966019799e+00, -1.0934394460764740e-01, -1.6249572634342195e+00,  1.1801232010418179e+00,  2.7328816364904313e-01,  1.7627062635438055e-02, -2.4773899523255122e-02, -5.0730293378862334e-01,  0.0000000000000000e+00,  4.3244944952836373e-02,  2.9926995931688408e-02,  7.4408938906557931e-01,  0.0000000000000000e+00
 3.6163836163836165e+00,  6.3418770193288174e+02,  4.4867828653660329e+00,  3.2127526842167114e+01, -4.2738184956098317e-02,  7.4616402198255743e-02,  5.9098000138414619e-01,  2.2950502558195280e+03,  1.7893101749298456e+01, -1.4990843567299298e+04,  9.9590417832252367e+00,  2.5313298381064859e+00,  1.3044831604876481e+00, -1.0916569214659359e-01, -1.6252032615763683e+00,  1.1750923698372873e+00,  2.7328816364904313e-01,  1.8060106633218248e-02, -2.4476798711331779e-02, -4.9989962683456268e-01,  0.0000000000000000e+00,  4.3450463402757641e-02,  2.9552586615364078e-02,  7.3805266313735174e-01,  0.0000000000000000e+00
 3.6263736263736264e+00,  6.3418978511731939e+02,  4.4740274898294645e+00,  3.2131223719962883e+01, -4.2846003789408060e-02,  7.4723978399012944e-02,  5.9026285065824491e-01,  2.3013925388461653e+03,  1.8026426037913375e+01, -1.4990799804260989e+04,  9.9588768548692546e+00,  2.5310441359367388e+00,  1.3104293829856797e+00, -1.0898310331627441e-01, -1.6254463103615189e+00,  1.1701351965096587e+00,  2.7328816364904313e-01,  1.8493767228612162e-02, -2.4183462218554313e-02, -4.9255468553252124e-01,  0.0000000000000000e+00,  4.3368387795022133e-02,  2.9173379238792953e-02,  7.3240458553355559e-01,  0.0000000000000000e+00
 3.6363636363636362e+00,  6.3419186916091041e+02,  4.4613589026789855e+00,  3.2134901440222990e+01, -4.2908544385232179e-02,  7.4832190041640198e-02,  5.8953844609435246e-01,  2.3077348322075077e+03,  1.8160278159118313e+01, -1.4990755996300239e+04,  9.9587107433374165e+00,  2.5307607578992943e+00,  1.3163686923534548e+00, -1.0879618630786009e-01, -1.6256864476346811e+00,  1.1652511173790951e+00,  2.7328816364904313e-01,  1.8925287492017908e-02, -2.3893924407411806e-02, -4.8526439012837308e-01,  0.0000000000000000e+00,  4.3021968938891590e-02,  2.8792090551829724e-02,  7.2711255437473432e-01,  0.0000000000000000e+00
 3.6463536463536466e+00,  6.3419395404426393e+02,  4.4487780397144556e+00,  3.2138560179991316e+01, -4.2928825814382003e-02,  7.4940991775480623e-02,  5.8880707837475710e-01,  2.3140771358663169e+03,  1.8294658244432881e+01, -1.4990712143711446e+04,  9.9585438830840420e+00,  2.5304797223620712e+00,  1.3223010196462215e+00, -1.0860497569405626e-01, -1.6259237114485801e+00,  1.1604396042993015e+00,  2.7328816364904313e-01,  1.9352138826983608e-02, -2.3608193651023963e-02, -4.7802534160925747e-01,  0.0000000000000000e+00,  4.2433668321240979e-02,  2.8411206877016135e-02,  7.2214495915218901e-01,  0.0000000000000000e+00
 3.6563436563436564e+00,  6.3419603974855727e+02,  4.4362857903435051e+00,  3.2142200112487821e+01, -4.2909790531140399e-02,  7.5050340211536892e-02,  5.8806903462627258e-01,  2.3204194497852509e+03,  1.8429566424190380e+01, -1.4990668246787769e+04,  9.9583766789049442e+00,  2.5302010467129419e+00,  1.3282262986857181e+00, -1.0840953018744083e-01, -1.6261581398155207e+00,  1.1557001615027862e+00,  2.7328816364904313e-01,  1.9772012954230627e-02, -2.3326254732738100e-02, -4.7083445162832177e-01,  0.0000000000000000e+00,  4.1625131953525220e-02,  2.8032964563918003e-02,  7.1747121503325106e-01,  0.0000000000000000e+00
 3.6663336663336663e+00,  6.3419812625551617e+02,  4.4238829982862953e+00,  3.2145821407297753e+01, -4.2854298982508830e-02,  7.5160193963506858e-02,  5.8732459840337370e-01,  2.3267617739268649e+03,  1.8565002827560747e+01, -1.4990624305821144e+04,  9.9582095067288137e+00,  2.5299247473886819e+00,  1.3341444660287154e+00, -1.0820993048018553e-01, -1.6263897704841992e+00,  1.1510323225484860e+00,  2.7328816364904313e-01,  2.0182813660908162e-02, -2.3048071405996996e-02, -4.6368893210195455e-01,  0.0000000000000000e+00,  4.0617169523318425e-02,  2.7659337449651381e-02,  7.1306179414548343e-01,  0.0000000000000000e+00
 3.6763236763236762e+00,  6.3420021354739572e+02,  4.4115704623139580e+00,  3.2149424230554878e+01, -4.2765124970450041e-02,  7.5270513655509422e-02,  5.8657404967317572e-01,  2.3331041082536103e+03,  1.8700967582572151e+01, -1.4990580321102283e+04,  9.9580427144587063e+00,  2.5296508399040754e+00,  1.3400554609354360e+00, -1.0800627716724287e-01, -1.6266186407427135e+00,  1.1464356473748751e+00,  2.7328816364904313e-01,  2.0582648366452901e-02, -2.2773589048882683e-02, -4.5658628451102273e-01,  0.0000000000000000e+00,  3.9429738526829128e-02,  2.7292030444532107e-02,  7.0888825355701490e-01,  0.0000000000000000e+00
 3.6863136863136865e+00,  6.3420230160696110e+02,  4.3993489370166392e+00,  3.2153008745116374e+01, -4.2644951725334009e-02,  7.5381261900448707e-02,  5.8581766480223885e-01,  2.3394464527278369e+03,  1.8837460816131397e+01, -1.4990536292920686e+04,  9.9578766228562152e+00,  2.5293793388808776e+00,  1.3459592253378103e+00, -1.0779868875458207e-01, -1.6268447872484126e+00,  1.1419097194613526e+00,  2.7328816364904313e-01,  2.0969819553030369e-02, -2.2502737354254093e-02, -4.4952428893806767e-01,  0.0000000000000000e+00,  3.8081933025978627e-02,  2.6932478820111117e-02,  7.0492326014857365e-01,  0.0000000000000000e+00
 3.6963036963036964e+00,  6.3420439041746886e+02,  4.3872191335973225e+00,  3.2156575110727417e+01, -4.2496368649321048e-02,  7.5492403252986437e-02,  5.8505571654517807e-01,  2.3457888073117892e+03,  1.8974482654043083e+01, -1.4990492221564644e+04,  9.9577115264615461e+00,  2.5291102580763458e+00,  1.3518557038075434e+00, -1.0758729975359591e-01, -1.6270682458846566e+00,  1.1374541431003882e+00,  2.7328816364904313e-01,  2.1342816105241642e-02, -2.2235433002857113e-02, -4.4250099287394901e-01,  0.0000000000000000e+00,  3.6591976726624641e-02,  2.6581852329664292e-02,  7.0114061188997634e-01,  0.0000000000000000e+00
 3.7062937062937062e+00,  6.3420647996264904e+02,  4.3751817206877632e+00,  3.2160123484173873e+01, -4.2321868689063333e-02,  7.5603904141039749e-02,  5.8428847403504980e-01,  2.3521311719676110e+03,  1.9112033221027673e+01, -1.4990448107321250e+04,  9.9575476945428942e+00,  2.5288436104111036e+00,  1.3577448435239690e+00, -1.0737225886236945e-01, -1.6272890516440741e+00,  1.1330685407825525e+00,  2.7328816364904313e-01,  2.1700304600587264e-02, -2.1971582273101843e-02, -4.3551469982815844e-01,  0.0000000000000000e+00,  3.4977220041569106e-02,  2.6241063767341217e-02,  6.9751525587730612e-01,  0.0000000000000000e+00
 3.7162837162837161e+00,  6.3420857022668724e+02,  4.3632373251830847e+00,  3.2163654019422005e+01, -4.2123846297861992e-02,  7.5715732779614381e-02,  5.8351620277548788e-01,  2.3584735466573420e+03,  1.9250112640738415e+01, -1.4990403950476404e+04,  9.9573853720691172e+00,  2.5285794079961561e+00,  1.3636265942416745e+00, -1.0715372723410366e-01, -1.6275072385374658e+00,  1.1287525506962293e+00,  2.7328816364904313e-01,  2.2041120589041997e-02, -2.1711083548110157e-02, -4.2856395777818423e-01,  0.0000000000000000e+00,  3.3254140847166255e-02,  2.5910780975896747e-02,  6.9402330252560562e-01,  0.0000000000000000e+00
 3.7262737262737264e+00,  6.3421066119420800e+02,  4.3513865330917634e+00,  3.2167166867744285e+01, -4.1904595948270291e-02,  7.5827859070618633e-02,  5.8273916463455211e-01,  2.3648159313429205e+03,  1.9388721035777227e+01, -1.4990359751314823e+04,  9.9572247806999616e+00,  2.5283176621588654e+00,  1.3695009082578826e+00, -1.0693187683261836e-01, -1.6277228395271532e+00,  1.1245058243434278e+00,  2.7328816364904313e-01,  2.2364259896199227e-02, -2.1453829686678444e-02, -4.2164754745521238e-01,  0.0000000000000000e+00,  3.1438348445710432e-02,  2.5591442082731824e-02,  6.9064204413335051e-01,  0.0000000000000000e+00
 3.7362637362637363e+00,  6.3421275285025865e+02,  4.3396298903979362e+00,  3.2170662177830962e+01, -4.1666311157067246e-02,  7.5940254492100970e-02,  5.8195761784025879e-01,  2.3711583259861818e+03,  1.9527858527709544e+01, -1.4990315510120045e+04,  9.9570661197885730e+00,  2.5280583834677883e+00,  1.3753677403795914e+00, -1.0670688887453923e-01, -1.6279358864832536e+00,  1.1203280242735476e+00,  2.7328816364904313e-01,  2.2668869987114992e-02, -2.1199710234695458e-02, -4.1476447070737327e-01,  0.0000000000000000e+00,  2.9544591755525124e-02,  2.5283272204356687e-02,  6.8734992078589918e-01,  0.0000000000000000e+00
 3.7462537462537462e+00,  6.3421484518029399e+02,  4.3279679039331311e+00,  3.2174140095887161e+01, -4.1411083985569724e-02,  7.6052891980116152e-02,  5.8117181697773468e-01,  2.3775007305488593e+03,  1.9667525237078269e+01, -1.4990271227174437e+04,  9.9569095673913122e+00,  2.5278015817562740e+00,  1.3812270478904702e+00, -1.0647895235735133e-01, -1.6281464101612131e+00,  1.1162188219316922e+00,  2.7328816364904313e-01,  2.2954241411550742e-02, -2.0948613449847098e-02, -4.0791393859031855e-01,  0.0000000000000000e+00,  2.7586767416513072e-02,  2.4986304122285988e-02,  6.8412660904847644e-01,  0.0000000000000000e+00
 3.7562437562437561e+00,  6.3421693817016160e+02,  4.3164010422547232e+00,  3.2177600765715667e+01, -4.1140904979270580e-02,  7.6165745806159466e-02,  5.8038201298798020e-01,  2.3838431449925852e+03,  1.9807721283416747e+01, -1.4990226902759206e+04,  9.9567552812803388e+00,  2.5275472661447576e+00,  1.3870787905175188e+00, -1.0624826267251025e-01, -1.6283544401985353e+00,  1.1121778956303845e+00,  2.7328816364904313e-01,  2.3219799363096507e-02, -2.0700428129050222e-02, -4.0109535946412322e-01,  0.0000000000000000e+00,  2.5577934483051640e-02,  2.4700397101155836e-02,  6.8095293201402618e-01,  0.0000000000000000e+00
 3.7662337662337664e+00,  6.3421903180608854e+02,  4.3049297365285843e+00,  3.2181044328785781e+01, -4.0857663511990334e-02,  7.6278791452827080e-02,  5.7958845316818075e-01,  2.3901855692788895e+03,  1.9948446785260909e+01, -1.4990182537154404e+04,  9.9566033999547621e+00,  2.5272954450617249e+00,  1.3929229303974948e+00, -1.0601502030214460e-01, -1.6285600051288265e+00,  1.1082049286357056e+00,  2.7328816364904313e-01,  2.3465095380958097e-02, -2.0455045231821539e-02, -3.9430832732726367e-01,  0.0000000000000000e+00,  2.3530328292838548e-02,  2.4425258924025927e-02,  6.7781090178524472e-01,  0.0000000000000000e+00
 3.7762237762237763e+00,  6.3422112607466818e+02,  4.2935543814135784e+00,  3.2184470924288803e+01, -4.0563148500879553e-02,  7.6392005490067902e-02,  5.7879138117352336e-01,  2.3965280033692006e+03,  2.0089701860160563e+01, -1.4990138130638932e+04,  9.9564540436464402e+00,  2.5270461262633344e+00,  1.3987594320431318e+00, -1.0577942959796563e-01, -1.6287631324109593e+00,  1.1042996073720974e+00,  2.7328816364904313e-01,  2.3689799207086477e-02, -2.0212359287957119e-02, -3.8755261002746944e-01,  0.0000000000000000e+00,  2.1455377697958387e-02,  2.4160467037721730e-02,  6.7468370163529712e-01,  0.0000000000000000e+00
 3.7862137862137861e+00,  6.3422322096284859e+02,  4.2822753359457151e+00,  3.2187880689180972e+01, -4.0259049459837541e-02,  7.6505365454091728e-02,  5.7799103702047416e-01,  2.4028704472248464e+03,  2.0231486624689971e+01, -1.4990093683490555e+04,  9.9563073153169359e+00,  2.5267993168517160e+00,  1.4045882623091641e+00, -1.0554169764066436e-01, -1.6289638484712432e+00,  1.1004616197440480e+00,  2.7328816364904313e-01,  2.3893690823504846e-02, -1.9972269593115866e-02, -3.8082813761920897e-01,  0.0000000000000000e+00,  1.9363723908999465e-02,  2.3905489869497656e-02,  6.7155567449846765e-01,  0.0000000000000000e+00
 3.7962037962037960e+00,  6.3422531645792094e+02,  4.2710929244199543e+00,  3.2191273758214663e+01, -3.9946957860165888e-02,  7.6618849730702696e-02,  5.7718765709146946e-01,  2.4092129008070542e+03,  2.0373801194457638e+01, -1.4990049195985908e+04,  9.9561633016423858e+00,  2.5265550232919729e+00,  1.4104093903581716e+00, -1.0530203317791559e-01, -1.6291621787564761e+00,  1.0966906535735119e+00,  2.7328816364904313e-01,  2.4076652685912536e-02, -1.9734681194362769e-02, -3.7413499085396795e-01,  0.0000000000000000e+00,  1.7265240945126555e-02,  2.3659707560783491e-02,  6.6841230790110573e-01,  0.0000000000000000e+00
 3.8061938061938063e+00,  6.3422741254750929e+02,  4.2600074372677934e+00,  3.2194650263959019e+01, -3.9628368768550457e-02,  7.6732437444533078e-02,  5.7638147414097185e-01,  2.4155553640769504e+03,  2.0516645684115446e+01, -1.4990004668400499e+04,  9.9560220739833394e+00,  2.5263132514279523e+00,  1.4162227876262741e+00, -1.0506064563894782e-01, -1.6293581477958059e+00,  1.0929863951515610e+00,  2.7328816364904313e-01,  2.4238662168615900e-02, -1.9499505672058475e-02, -3.6747338983728073e-01,  0.0000000000000000e+00,  1.5169057492086340e-02,  2.3422432004536052e-02,  6.6524021563966163e-01,  0.0000000000000000e+00
 3.8161838161838162e+00,  6.3422950921956090e+02,  4.2490191319289456e+00,  3.2198010336810960e+01, -3.9304682733757597e-02,  7.6846108355371395e-02,  5.7557271730284532e-01,  2.4218978369955612e+03,  2.0660020207367126e+01, -1.4989960101008724e+04,  9.9558836893370000e+00,  2.5260740064968306e+00,  1.4220284277887034e+00, -1.0481774422349768e-01, -1.6295517792694043e+00,  1.0893485279024373e+00,  2.7328816364904313e-01,  2.4379784233829645e-02, -1.9266661727608315e-02, -3.6084368288464697e-01,  0.0000000000000000e+00,  1.3083579963597512e-02,  2.3192925674471950e-02,  6.6202711627923927e-01,  0.0000000000000000e+00
 3.8261738261738261e+00,  6.3423160646233691e+02,  4.2381282337155417e+00,  3.2201354104997868e+01, -3.8977207894732017e-02,  7.6959842762509945e-02,  5.7476161209899823e-01,  2.4282403195238135e+03,  2.0803924876976168e+01, -1.4989915494083873e+04,  9.9557481912694641e+00,  2.5258372931426036e+00,  1.4278262867252676e+00, -1.0457353706284733e-01, -1.6297430960820718e+00,  1.0857767311578619e+00,  2.7328816364904313e-01,  2.4500164336432890e-02, -1.9036075588421107e-02, -3.5424633560716262e-01,  0.0000000000000000e+00,  1.1016516577572586e-02,  2.2970419390807663e-02,  6.5876180867314160e-01,  0.0000000000000000e+00
 3.8361638361638359e+00,  6.3423370426440420e+02,  4.2273349366674582e+00,  3.2204681694573082e+01, -3.8647162284090215e-02,  7.7073621417784316e-02,  5.7394838044924956e-01,  2.4345828116225339e+03,  2.0948359804773137e+01, -1.4989870847898132e+04,  9.9556156108259142e+00,  2.5256031154285523e+00,  1.4336163424857451e+00, -1.0432823045054199e-01, -1.6299321204400021e+00,  1.0822706790391574e+00,  2.7328816364904313e-01,  2.4600021573477026e-02, -1.8807681243413487e-02, -3.4768192025523342e-01,  0.0000000000000000e+00,  8.9749022787725830e-03,  2.2754128479633633e-02,  6.5543414478151829e-01,  0.0000000000000000e+00
 3.8461538461538463e+00,  6.3423580261462757e+02,  4.2166394043974833e+00,  3.2207993229405382e+01, -3.8315676302306881e-02,  7.7187425447743777e-02,  5.7313324068236826e-01,  2.4409253132524509e+03,  2.1093325101662487e+01, -1.4989826162722598e+04,  9.9554859674169318e+00,  2.5253714768487856e+00,  1.4393985752552354e+00, -1.0408202814030033e-01, -1.6301188739290930e+00,  1.0788300394444705e+00,  2.7328816364904313e-01,  2.4679642086013406e-02, -1.8581420524037176e-02, -3.4115110534691145e-01,  0.0000000000000000e+00,  6.9651243310108512e-03,  2.2543267539503555e-02,  6.5203499986452340e-01,  0.0000000000000000e+00
 3.8561438561438561e+00,  6.3423790150216212e+02,  4.2060417709251858e+00,  3.2211288831163714e+01, -3.7983795339190538e-02,  7.7301236285180999e-02,  5.7231640754823954e-01,  2.4472678243741930e+03,  2.1238820877628864e+01, -1.4989781438827291e+04,  9.9553592696793274e+00,  2.5251423803389406e+00,  1.4451729673194811e+00, -1.0383513070856369e-01, -1.6303033775933296e+00,  1.0754544731381201e+00,  2.7328816364904313e-01,  2.4739372719215606e-02, -1.8357243046243470e-02, -3.3465464560510810e-01,  0.0000000000000000e+00,  4.9929484359595155e-03,  2.2337063514879022e-02,  6.4855624044602023e-01,  0.0000000000000000e+00
 3.8661338661338660e+00,  6.3424000091644655e+02,  4.1955421414984606e+00,  3.2214568619298234e+01, -3.7652482520530571e-02,  7.7415035610055347e-02,  5.7149809223111137e-01,  2.4536103449482912e+03,  2.1384847241743028e+01, -1.4989736676481150e+04,  9.9552355163101591e+00,  2.5249158282861366e+00,  1.4509395030302135e+00, -1.0358773497907725e-01, -1.6304856520119351e+00,  1.0721436329388740e+00,  2.7328816364904313e-01,  2.4779614945290525e-02, -1.8135106030013479e-02, -3.2819337222507600e-01,  0.0000000000000000e+00,  3.0635452243492540e-03,  2.2134767134283820e-02,  6.4499069023492650e-01,  0.0000000000000000e+00
 3.8761238761238763e+00,  6.3424210084719698e+02,  4.1851405934018544e+00,  3.2217832711018836e+01, -3.7322621559070020e-02,  7.7528805299677941e-02,  5.7067850236387430e-01,  2.4599528749351784e+03,  2.1531404302167317e+01, -1.4989691875952050e+04,  9.9551146968727657e+00,  2.5246918225382911e+00,  1.4566981687705198e+00, -1.0334003350685958e-01, -1.6306657173741490e+00,  1.0688971630037529e+00,  2.7328816364904313e-01,  2.4800819052246084e-02, -1.7914974012682272e-02, -3.2176818349162267e-01,  0.0000000000000000e+00,  1.1815169881533611e-03,  2.1935662735423359e-02,  6.4133209420241299e-01,  0.0000000000000000e+00
 3.8861138861138862e+00,  6.3424420128440033e+02,  4.1748371767508825e+00,  3.2221081221272151e+01, -3.6995019690210414e-02,  7.7642527387879079e-02,  5.6985784204333112e-01,  2.4662954142951894e+03,  2.1678492166160723e+01, -1.4989647037506809e+04,  9.9549967925738816e+00,  2.5244703644128599e+00,  1.4624489529202822e+00, -1.0309221411889251e-01, -1.6308435935506500e+00,  1.0657146982037766e+00,  2.7328816364904313e-01,  2.4803478600310850e-02, -1.7696818472682192e-02, -3.1538003576278512e-01,  0.0000000000000000e+00, -6.4907546569759034e-04,  2.1739076372671841e-02,  6.3757508111228522e-01,  0.0000000000000000e+00
 3.8961038961038961e+00,  6.3424630221830910e+02,  4.1646319152716522e+00,  3.2224314262717996e+01, -3.6670410674084608e-02,  7.7756184032756359e-02,  5.6903631184640890e-01,  2.4726379629885619e+03,  2.1826110940083705e+01, -1.4989602161411194e+04,  9.9548817770111206e+00,  2.5242514547051216e+00,  1.4681918458216985e+00, -1.0284445950885138e-01, -1.6310193001608160e+00,  1.0625958635879131e+00,  2.7328816364904313e-01,  2.4788125146584298e-02, -1.7480617379931233e-02, -3.0902993483400160e-01,  0.0000000000000000e+00, -2.4246859703582029e-03,  2.1544382396070580e-02,  6.3371512483019166e-01,  0.0000000000000000e+00
 3.9060939060939059e+00,  6.3424840363943542e+02,  4.1545248070652150e+00,  3.2227531945706211e+01, -3.6349457846838316e-02,  7.7869757492498984e-02,  5.6821410884727297e-01,  2.4789805209754368e+03,  2.1974260729402619e+01, -1.4989557247929930e+04,  9.9547696168901538e+00,  2.5240350936960700e+00,  1.4739268397449141e+00, -1.0259694688319652e-01, -1.6311928566351641e+00,  1.0595402739313691e+00,  2.7328816364904313e-01,  2.4755323237401962e-02, -1.7266354688099800e-02, -3.0271892769421443e-01,  0.0000000000000000e+00, -4.1422562478352770e-03,  2.1351008508504958e-02,  6.2974850455384368e-01,  0.0000000000000000e+00
 3.9160839160839163e+00,  6.3425050553854624e+02,  4.1445158253561623e+00,  3.2230734378254581e+01, -3.6032757205136295e-02,  7.7983230108703047e-02,  5.6739142663529818e-01,  2.4853230882158591e+03,  2.2122941638693913e+01, -1.4989512297326706e+04,  9.9546602727112781e+00,  2.5238212811599974e+00,  1.4796539288537891e+00, -1.0234984765595623e-01, -1.6313642822724663e+00,  1.0565475333642524e+00,  2.7328816364904313e-01,  2.4705665666884223e-02, -1.7054019783778337e-02, -2.9644809468317862e-01,  0.0000000000000000e+00, -5.7991893698153994e-03,  2.1158439336651447e-02,  6.2567226425550881e-01,  0.0000000000000000e+00
 3.9260739260739261e+00,  6.3425260790665766e+02,  4.1346049192250653e+00,  3.2233921666028628e+01, -3.5720840509054719e-02,  7.8096584296532143e-02,  5.6656845533385680e-01,  2.4916656646697766e+03,  2.2272153771648032e+01, -1.4989467309864187e+04,  9.9545536994251069e+00,  2.5236100163718498e+00,  1.4853731091718185e+00, -1.0210332718955248e-01, -1.6315335962911837e+00,  1.0536172350765602e+00,  2.7328816364904313e-01,  2.4639768999182146e-02, -1.6843606906204241e-02, -2.9021854205643760e-01,  0.0000000000000000e+00, -7.3933235042503423e-03,  2.0966218753758068e-02,  6.2148417161934477e-01,  0.0000000000000000e+00
 3.9360639360639360e+00,  6.3425471073503047e+02,  4.1247920143244503e+00,  3.2237093912323850e+01, -3.5414178389633358e-02,  7.8209802541034337e-02,  5.6574538161988208e-01,  2.4980082502970422e+03,  2.2421897231073178e+01, -1.4989422285804016e+04,  9.9544498470571341e+00,  2.5234012981144054e+00,  1.4910843785482257e+00, -1.0185754457904950e-01, -1.6317008178749879e+00,  1.0507489610953926e+00,  2.7328816364904313e-01,  2.4558269351128245e-02, -1.6635114550242573e-02, -2.8403139496210961e-01,  0.0000000000000000e+00, -8.9229060361408728e-03,  2.0773950909768177e-02,  6.1718267666513726e-01,  0.0000000000000000e+00
 3.9460539460539459e+00,  6.3425681401516499e+02,  4.1150770135780661e+00,  3.2240251218050922e+01, -3.5113183448439285e-02,  7.8322867398901611e-02,  5.6492238874416789e-01,  2.5043508450574136e+03,  2.2572172118898813e+01, -1.4989377225406823e+04,  9.9543486613014185e+00,  2.5231951246853535e+00,  1.4967877366242452e+00, -1.0161265247724223e-01, -1.6318659662122674e+00,  1.0479422821302644e+00,  2.7328816364904313e-01,  2.4461818431201116e-02, -1.6428544864267217e-02, -2.7788779083154813e-01,  0.0000000000000000e+00, -1.0386568133161276e-02,  2.0581300222424631e-02,  6.1276687027202681e-01,  0.0000000000000000e+00
 3.9560439560439562e+00,  6.3425891773879653e+02,  4.1054597978632943e+00,  3.2243393681724314e+01, -3.4818213337535417e-02,  7.8435761504947563e-02,  5.6409965655236616e-01,  2.5106934489105543e+03,  2.2722978536179031e+01, -1.4989332128932236e+04,  9.9542500840833021e+00,  2.5229914939043057e+00,  1.5024831847996183e+00, -1.0136879695804647e-01, -1.6320290605296186e+00,  1.0451967574823746e+00,  2.7328816364904313e-01,  2.4351079830031867e-02, -1.6223903053419326e-02, -2.7178887318337991e-01,  0.0000000000000000e+00, -1.1783299820922027e-02,  2.0387990309322927e-02,  6.0823644289123890e-01,  0.0000000000000000e+00
 3.9660339660339661e+00,  6.3426102189789060e+02,  4.0959402266766007e+00,  3.2246521399454593e+01, -3.4529573809251764e-02,  7.8548467582581910e-02,  5.6327736150664542e-01,  2.5170360618160325e+03,  2.2874316583095741e+01, -1.4989286996638883e+04,  9.9541540540915925e+00,  2.5227904031198132e+00,  1.5081707261993031e+00, -1.0112611741570313e-01, -1.6321901201194287e+00,  1.0425119350137133e+00,  2.7328816364904313e-01,  2.4226725557090933e-02, -1.6021196797011625e-02, -2.6573578583876817e-01,  0.0000000000000000e+00, -1.3112425621961346e-02,  2.0193802223570402e-02,  6.0359164350121963e-01,  0.0000000000000000e+00
 3.9760239760239759e+00,  6.3426312648463829e+02,  4.0865181387819902e+00,  3.2249634464944769e+01, -3.4247521726123054e-02,  7.8660968457578084e-02,  5.6245567670797181e-01,  2.5233786837333237e+03,  2.3026186358961816e+01, -1.4989241828784403e+04,  9.9540605072804187e+00,  2.5225918492163926e+00,  1.5138503656404263e+00, -1.0088474649736534e-01, -1.6323491643617267e+00,  1.0398873511719098e+00,  2.7328816364904313e-01,  2.4089432817607743e-02, -1.5820435688160901e-02, -2.5972966754365029e-01,  0.0000000000000000e+00, -1.4373580822573779e-02,  1.9998571768345113e-02,  5.9883323918140108e-01,  0.0000000000000000e+00
 3.9860139860139858e+00,  6.3426523149145157e+02,  4.0771933528425013e+00,  3.2252732969490708e+01, -3.3972268022284341e-02,  7.8773247074453698e-02,  5.6163477191898126e-01,  2.5297213146218091e+03,  2.3178587962224071e+01, -1.4989196625625447e+04,  9.9539693773413145e+00,  2.5223958286216206e+00,  1.5195221095994766e+00, -1.0064481006669998e-01, -1.6325062127405707e+00,  1.0373225310667873e+00,  2.7328816364904313e-01,  2.3939881023332336e-02, -1.5621630702227619e-02, -2.5377164699184429e-01,  0.0000000000000000e+00, -1.5566688391256040e-02,  1.9802186415427952e-02,  5.9396247528901858e-01,  0.0000000000000000e+00
 3.9960039960039961e+00,  6.3426733691095853e+02,  4.0679656680348124e+00,  3.2255817001985854e+01, -3.3703980608502722e-02,  7.8885286514820172e-02,  5.6081481358740515e-01,  2.5360639544407782e+03,  2.3331521490466198e+01, -1.4989151387417693e+04,  9.9538805961459715e+00,  2.5222023373133133e+00,  1.5251859661797571e+00, -1.0040642719619985e-01, -1.6326612848552777e+00,  1.0348169885946501e+00,  2.7328816364904313e-01,  2.3778749030318454e-02, -1.5424793699216767e-02, -2.4786283824162611e-01,  0.0000000000000000e+00, -1.6691936610228914e-02,  1.9604581587413634e-02,  5.8898103650577471e-01,  0.0000000000000000e+00
 4.0059940059940056e+00,  6.3426944273599918e+02,  4.0588348646470926e+00,  3.2258886648930172e+01, -3.3442787213871651e-02,  7.8997070017098173e-02,  5.5999596487001868e-01,  2.5424066031494262e+03,  2.3484987040411603e+01, -1.4989106114415841e+04,  9.9537940941603260e+00,  2.5220113708268035e+00,  1.5308419450790955e+00, -1.0016971018597434e-01, -1.6328144004268688e+00,  1.0323702266064152e+00,  2.7328816364904313e-01,  2.3606712596551740e-02, -1.5229936964549278e-02, -2.4200433651655662e-01,  0.0000000000000000e+00, -1.7749757429761513e-02,  1.9405736692949468e-02,  5.8389100885204437e-01,  0.0000000000000000e+00
 4.0159840159840163e+00,  6.3427154895962019e+02,  4.0498007046602513e+00,  3.2261941994443333e+01, -3.3188778158001080e-02,  7.9108580997044112e-02,  5.5917838565707867e-01,  2.5487492607068593e+03,  2.3638984707926333e+01, -1.4989060806873631e+04,  9.9537098008305769e+00,  2.5218229242623322e+00,  1.5364900575578377e+00, -9.9934764606858156e-02, -1.6329655793001239e+00,  1.0299817371157978e+00,  2.7328816364904313e-01,  2.3424442051966601e-02, -1.5037072791238566e-02, -2.3619721438023428e-01,  0.0000000000000000e+00, -1.8740805596078103e-02,  1.9205670803787107e-02,  5.7869484283860206e-01,  0.0000000000000000e+00
 4.0259740259740262e+00,  6.3427365557507085e+02,  4.0408629323128213e+00,  3.2264983120282025e+01, -3.2942009048305090e-02,  7.9219803068582034e-02,  5.5836223259722173e-01,  2.5550919270720897e+03,  2.3793514588021754e+01, -1.4989015465043840e+04,  9.9536276449419425e+00,  2.5216369922925699e+00,  1.5421303164071047e+00, -9.9701689365755214e-02, -1.6331148414416787e+00,  1.0276510015438729e+00,  2.7328816364904313e-01,  2.3232600173130495e-02, -1.4846213105380552e-02, -2.3044251827364007e-01,  0.0000000000000000e+00, -1.9665938547117543e-02,  1.9004438305119758e-02,  5.7339531770361996e-01,  0.0000000000000000e+00
 4.0359640359640361e+00,  6.3427576257579790e+02,  4.0320212746496962e+00,  3.2268010105861258e+01, -3.2702503397714376e-02,  7.9330720064491350e-02,  5.5754765912279058e-01,  2.5614346022040399e+03,  2.3948576774857479e+01, -1.4988970089178290e+04,  9.9535475549508305e+00,  2.5214535691702573e+00,  1.5477627359173438e+00, -9.9470576791211199e-02, -1.6332622069345970e+00,  1.0253774909964444e+00,  2.7328816364904313e-01,  2.3031840253801564e-02, -1.4657369135762459e-02, -2.2474126536381780e-01,  0.0000000000000000e+00, -2.0526197302535038e-02,  1.8802124412422943e-02,  5.6799551484281252e-01,  0.0000000000000000e+00
 4.0459540459540460e+00,  6.3427786995544113e+02,  4.0232754420550165e+00,  3.2271023028279487e+01, -3.2470255158825304e-02,  7.9441316056553579e-02,  5.5673481547556680e-01,  2.5677772860615423e+03,  2.4104171361744115e+01, -1.4988924679527856e+04,  9.9534694592913233e+00,  2.5212726487359780e+00,  1.5533873318471552e+00, -9.9241512737307636e-02, -1.6334076959698658e+00,  1.0231606665715689e+00,  2.7328816364904313e-01,  2.2822804367937828e-02, -1.4470551130822330e-02, -2.1909444089229979e-01,  0.0000000000000000e+00, -2.1322787047385248e-02,  1.8598840176591108e-02,  5.6249874435510572e-01,  0.0000000000000000e+00
 4.0559440559440558e+00,  6.3427997770782872e+02,  4.0146251287695049e+00,  3.2274021962347291e+01, -3.2245231171172936e-02,  7.9551575374819994e-02,  5.5592384873286282e-01,  2.5741199786033385e+03,  2.4260298441146130e+01, -1.4988879236342465e+04,  9.9533932866567625e+00,  2.5210942244260375e+00,  1.5590041213924155e+00, -9.9014576703939719e-02, -1.6335513288353127e+00,  1.0209999796899050e+00,  2.7328816364904313e-01,  2.2606121808197061e-02, -1.4285768116353159e-02, -2.1350299562661715e-01,  0.0000000000000000e+00, -2.2057061412716603e-02,  1.8394719320137542e-02,  5.5690859783457547e-01,  0.0000000000000000e+00
 4.0659340659340657e+00,  6.3428208582697232e+02,  4.0060700133925771e+00,  3.2277006980619447e+01, -3.2027373518866011e-02,  7.9661482625712765e-02,  5.5511490283397469e-01,  2.5804626797880819e+03,  2.4416958104684721e+01, -1.4988833759871111e+04,  9.9533189662573829e+00,  2.5209182892804729e+00,  1.5646131231556848e+00, -9.8789841971909098e-02, -1.6336931259022605e+00,  1.0188948724531550e+00,  2.7328816364904313e-01,  2.2382407697231779e-02, -1.4103027697019431e-02, -2.0796784363992188e-01,  0.0000000000000000e+00, -2.2730503602533470e-02,  1.8189912630475407e-02,  5.5122882990182653e-01,  0.0000000000000000e+00
 4.0759240759240756e+00,  6.3428419430706253e+02,  3.9976097593695838e+00,  3.2279978153430051e+01, -3.1816601796457122e-02,  7.9771022708729336e-02,  5.5430811860695162e-01,  2.5868053895743365e+03,  2.4574150443140734e+01, -1.4988788250361849e+04,  9.9532464280548236e+00,  2.5207448359511480e+00,  1.5702143571159091e+00, -9.8567375750948080e-02, -1.6338331076104780e+00,  1.0168447780187777e+00,  2.7328816364904313e-01,  2.2152261767895129e-02, -1.3922335902314608e-02, -2.0248986059386820e-01,  0.0000000000000000e+00, -2.3344711450465107e-02,  1.7984584669305064e-02,  5.4546337591628580e-01,  0.0000000000000000e+00
 4.0859140859140863e+00,  6.3428630314246413e+02,  3.9892440154645539e+00,  3.2282935548930446e+01, -3.1612815281422693e-02,  7.9880180831568198e-02,  5.5350363379566014e-01,  2.5931481079205782e+03,  2.4731875546457665e+01, -1.4988742708061805e+04,  9.9531756029745253e+00,  2.5205738567099480e+00,  1.5758078445984154e+00, -9.8347239339183906e-02, -1.6339712944517573e+00,  1.0148491209927379e+00,  2.7328816364904313e-01,  2.1916267295084814e-02, -1.3743697069206822e-02, -1.9706988211689103e-01,  0.0000000000000000e+00, -2.3901382006158937e-02,  1.7778909718872443e-02,  5.3961631517450603e-01,  0.0000000000000000e+00
 4.0959040959040962e+00,  6.3428841232771128e+02,  3.9809724162188220e+00,  3.2285879233129670e+01, -3.1415895012133419e-02,  7.9988942523543313e-02,  5.5270158308712380e-01,  2.5994908347851942e+03,  2.4890133503744643e+01, -1.4988697133217182e+04,  9.9531064230968607e+00,  2.5204053434570350e+00,  1.5813936082451940e+00, -9.8129488292504813e-02, -1.6341077069525201e+00,  1.0129073178366219e+00,  2.7328816364904313e-01,  2.1674990176355026e-02, -1.3567113762141971e-02, -1.9170870249423153e-01,  0.0000000000000000e+00, -2.4402297163737957e-02,  1.7573068355631643e-02,  5.3369184528364666e-01,  0.0000000000000000e+00
 4.1058941058941061e+00,  6.3429052185750311e+02,  3.9727945823959367e+00,  3.2288809269937104e+01, -3.1225705770658252e-02,  8.0097293647200071e-02,  5.5190209813910984e-01,  2.6058335701264855e+03,  2.5048924403279642e+01, -1.4988651526073258e+04,  9.9530388218280592e+00,  2.5202392877291828e+00,  1.5869716719854803e+00, -9.7914172602393601e-02, -1.6342423656557961e+00,  1.0110187772865595e+00,  2.7328816364904313e-01,  2.1428978152057913e-02, -1.3392586726812339e-02, -1.8640707360558251e-01,  0.0000000000000000e+00, -2.4849310100544565e-02,  1.7367244117361139e-02,  5.2769425822389693e-01,  0.0000000000000000e+00
 4.1158841158841160e+00,  6.3429263172669880e+02,  3.9647101214132614e+00,  3.2291725721207065e+01, -3.1042097970174681e-02,  8.0205220408083935e-02,  5.5110530760794652e-01,  2.6121763139026657e+03,  2.5208248332512628e+01, -1.4988605886874397e+04,  9.9529727340517553e+00,  2.5200756807081293e+00,  1.5925420610066208e+00, -9.7701336880875289e-02, -1.6343752911029059e+00,  1.0091829007815654e+00,  2.7328816364904313e-01,  2.1178760156978508e-02, -1.3220114874912113e-02, -1.8116570409502084e-01,  0.0000000000000000e+00, -2.5244332514352881e-02,  1.7161620633064589e-02,  5.2162791779056195e-01,  0.0000000000000000e+00
 4.1258741258741258e+00,  6.3429474193031331e+02,  3.9567186277606812e+00,  3.2294628646784993e+01, -3.0864909447152915e-02,  8.0312709362653029e-02,  5.5031133717654679e-01,  2.6185190660718631e+03,  2.5368105378068869e+01, -1.4988560215864047e+04,  9.9529080962622043e+00,  2.5199145132289749e+00,  1.5981048017252333e+00, -9.7491020551305124e-02, -1.6345065038151350e+00,  1.0073990828990467e+00,  2.7328816364904313e-01,  2.0924845795562065e-02, -1.3049695296226257e-02, -1.7598525875808332e-01,  0.0000000000000000e+00, -2.5589322641219599e-02,  1.6956379019844217e-02,  5.1549723866433861e-01,  0.0000000000000000e+00
 4.1358641358641357e+00,  6.3429685246351266e+02,  3.9488196834068350e+00,  3.2297518104555024e+01, -3.0693967158844853e-02,  8.0419747424357257e-02,  5.4952030958262033e-01,  2.6248618265921191e+03,  2.5528495625752328e+01, -1.4988514513284746e+04,  9.9528448466800779e+00,  2.5197557757885805e+00,  1.6036599217586549e+00, -9.7283258043801127e-02, -1.6346360242756577e+00,  1.0056667117953899e+00,  2.7328816364904313e-01,  2.0667724932963153e-02, -1.2881323295038400e-02, -1.7086635813084899e-01,  0.0000000000000000e+00, -2.5886274051083364e-02,  1.6751695617965204e-02,  5.0930666690798576e-01,  0.0000000000000000e+00
 4.1458541458541456e+00,  6.3429896332160934e+02,  3.9410128581932975e+00,  3.2300394150488607e+01, -3.0529088786941057e-02,  8.0526321867934583e-02,  5.4873234464705345e-01,  2.6312045954213909e+03,  2.5689419160549146e+01, -1.4988468779378129e+04,  9.9527829253517819e+00,  2.5195994585539538e+00,  1.6092074498966771e+00, -9.7078078994202968e-02, -1.6347638729119389e+00,  1.0039851696496791e+00,  2.7328816364904313e-01,  2.0407867394313318e-02, -1.2714992447653443e-02, -1.6580957826683890e-01,  0.0000000000000000e+00, -2.6137205186614037e-02,  1.6547740028503465e-02,  5.0306066186685028e-01,  0.0000000000000000e+00
 4.1558441558441555e+00,  6.3430107450005789e+02,  3.9332977102171389e+00,  3.2303256838693969e+01, -3.0370084248560750e-02,  8.0632420332001215e-02,  5.4794755930244043e-01,  2.6375473725175511e+03,  2.5850876066631251e+01, -1.4988423014384922e+04,  9.9527222742332331e+00,  2.5194455513706293e+00,  1.6147474160735709e+00, -9.6875508445513153e-02, -1.6348900700788076e+00,  1.0023538331087398e+00,  2.7328816364904313e-01,  2.0145722764796901e-02, -1.2550694677311978e-02, -1.6081545068688780e-01,  0.0000000000000000e+00, -2.6344149642391495e-02,  1.6344673593744891e-02,  4.9676367963789686e-01,  0.0000000000000000e+00
 4.1658341658341662e+00,  6.3430318599445093e+02,  3.9256737862022812e+00,  3.2306106221466116e+01, -3.0216757116013591e-02,  8.0738030820031240e-02,  5.4716606762174613e-01,  2.6438901578383879e+03,  2.6012866427360059e+01, -1.4988377218544954e+04,  9.9526628372590107e+00,  2.5192940437709872e+00,  1.6202798513403900e+00, -9.6675567050850369e-02, -1.6350146360423548e+00,  1.0007720737318591e+00,  2.7328816364904313e-01,  1.9881720283279197e-02, -1.2388420343899347e-02, -1.5588446248831708e-01,  0.0000000000000000e+00, -2.6509147157451212e-02,  1.6142647955463007e-02,  4.9042015771592495e-01,  0.0000000000000000e+00
 4.1758241758241761e+00,  6.3430529780051427e+02,  3.9181406218600827e+00,  3.2308942349337244e+01, -3.0068905947017690e-02,  8.0843141699838084e-02,  5.4638798084708828e-01,  2.6502329513416053e+03,  2.6175390325290245e+01, -1.4988331392097156e+04,  9.9526045603977984e+00,  2.5191449249825428e+00,  1.6258047878375652e+00, -9.6478271277016053e-02, -1.6351375909647996e+00,  9.9923925843364847e-01,  2.7328816364904313e-01,  1.9616268822485457e-02, -1.2228158345251948e-02, -1.5101705660024900e-01,  0.0000000000000000e+00, -2.6634235293630945e-02,  1.5941804173855510e-02,  4.8403450107666340e-01,  0.0000000000000000e+00
 4.1858141858141860e+00,  6.3430740991410312e+02,  3.9106977422395586e+00,  3.2311765271127214e+01, -2.9926325527277722e-02,  8.0947741701682521e-02,  5.4561340741861697e-01,  2.6565757529848252e+03,  2.6338447842173750e+01, -1.4988285535279561e+04,  9.9525473916949654e+00,  2.5189981839361515e+00,  1.6313222587677754e+00, -9.6283633607843672e-02, -1.6352589548904117e+00,  9.9775474992366231e-01,  2.7328816364904313e-01,  1.9349756948931734e-02, -1.2069896226857021e-02, -1.4621363217158068e-01,  0.0000000000000000e+00, -2.6721441791824795e-02,  1.5742271928809230e-02,  4.7761106954274291e-01,  0.0000000000000000e+00
 4.1958041958041958e+00,  6.3430952233119785e+02,  3.9033446620676631e+00,  3.2314575033994061e+01, -2.9788808027522009e-02,  8.1051819915141626e-02,  5.4484245300348322e-01,  2.6629185627255865e+03,  2.6502039058963756e+01, -1.4988239648329314e+04,  9.9524912813032138e+00,  2.5188538092741495e+00,  1.6368322983691037e+00, -9.6091662746567871e-02, -1.6353787477325690e+00,  9.9631790714150903e-01,  2.7328816364904313e-01,  1.9082553055999599e-02, -1.1913620297845212e-02, -1.4147454507952509e-01,  0.0000000000000000e+00, -2.6772777573189056e-02,  1.5544169059355165e-02,  4.7115416628679679e-01,  0.0000000000000000e+00
 4.2057942057942057e+00,  6.3431163504790004e+02,  3.8960808860800333e+00,  3.2317371683484197e+01, -2.9656144077267632e-02,  8.1155365784877032e-02,  5.4407522052487778e-01,  2.6692613805213464e+03,  2.6666164055818875e+01, -1.4988193731482666e+04,  9.9524361815020583e+00,  2.5187117893584028e+00,  1.6423349418884685e+00, -9.5902363816515013e-02, -1.6354969892619970e+00,  9.9492808568630919e-01,  2.7328816364904313e-01,  1.8815005563851739e-02, -1.1759315750578951e-02, -1.3680010854700125e-01,  0.0000000000000000e+00, -2.6790230354813323e-02,  1.5347601303350732e-02,  4.6466802752448777e-01,  0.0000000000000000e+00
 4.2157842157842156e+00,  6.3431374806042834e+02,  3.8889059093425988e+00,  3.2320155263582343e+01, -2.9528123757730871e-02,  8.1258369105444983e-02,  5.4331181019112906e-01,  2.6756042063294808e+03,  2.6830822912107401e+01, -1.4988147784974983e+04,  9.9523820467070490e+00,  2.5185721122782549e+00,  1.6478302255553394e+00, -9.5715738559477931e-02, -1.6356136990962169e+00,  9.9358463823947107e-01,  2.7328816364904313e-01,  1.8547443180080076e-02, -1.1606966781566055e-02, -1.3219059385712845e-01,  0.0000000000000000e+00, -2.6775758876274522e-02,  1.5152662293031416e-02,  4.5815681338805631e-01,  0.0000000000000000e+00
 4.2257742257742255e+00,  6.3431586136511487e+02,  3.8818192175644497e+00,  3.2322925816760879e+01, -2.9404537516427087e-02,  8.1360820015289992e-02,  5.4255231952484617e-01,  2.6819470401072845e+03,  2.6996015706411701e+01, -1.4988101809040743e+04,  9.9523288334694193e+00,  2.5184347658583843e+00,  1.6533181865557252e+00, -9.5531785531198732e-02, -1.6357288966902002e+00,  9.9228691497987309e-01,  2.7328816364904313e-01,  1.8280175214308237e-02, -1.1456556711183664e-02, -1.2764623111502302e-01,  0.0000000000000000e+00, -2.6731287871248351e-02,  1.4959433797523689e-02,  4.5162460758146283e-01,  0.0000000000000000e+00
 4.2357642357642353e+00,  6.3431797495840135e+02,  3.8748202874023452e+00,  3.2325683384028636e+01, -2.9285177006104803e-02,  8.1462708990061153e-02,  5.4179684339210032e-01,  2.6882898818119716e+03,  2.7161742516532716e+01, -1.4988055803913543e+04,  9.9522765004670450e+00,  2.5182997376665273e+00,  1.6587988630064392e+00, -9.5350500293457791e-02, -1.6358426013282086e+00,  9.9103426399141870e-01,  2.7328816364904313e-01,  1.8013491945911477e-02, -1.1308068103701725e-02, -1.2316721025216575e-01,  0.0000000000000000e+00, -2.6658702461620564e-02,  1.4767985420258777e-02,  4.4507536916143792e-01,  0.0000000000000000e+00
 4.2457542457542461e+00,  6.3432008883683557e+02,  3.8679085867572374e+00,  3.2328428004978946e+01, -2.9169835850775729e-02,  8.1564026835386494e-02,  5.4104547403161452e-01,  2.6946327314006771e+03,  2.7328003419494582e+01, -1.4988009769826096e+04,  9.9522250084873907e+00,  2.5181670150211120e+00,  1.6642722939296470e+00, -9.5171875602209480e-02, -1.6359548321168476e+00,  9.8982603165815142e-01,  2.7328816364904313e-01,  1.7747665030465723e-02, -1.1161482880185359e-02, -1.1875368187250983e-01,  0.0000000000000000e+00, -2.6559846010617456e-02,  1.4578376327716802e-02,  4.3851301244564767e-01,  0.0000000000000000e+00
 4.2557442557442560e+00,  6.3432220299706773e+02,  3.8610835750631751e+00,  3.2331159717836925e+01, -2.9058310341610601e-02,  8.1664764679233087e-02,  5.4029830108398047e-01,  2.7009755888304553e+03,  2.7494798491549304e+01, -1.4987963707010236e+04,  9.9521743204031257e+00,  2.5180365849987507e+00,  1.6697385192276781e+00, -9.4995901591550372e-02, -1.6360656079791613e+00,  9.8866156305490493e-01,  2.7328816364904313e-01,  1.7482947945535388e-02, -1.1016782426725052e-02, -1.1440575817799305e-01,  0.0000000000000000e+00, -2.6436514392591957e-02,  1.4390654455134705e-02,  4.3194131119764112e-01,  0.0000000000000000e+00
 4.2657342657342658e+00,  6.3432431743584721e+02,  3.8543447035689327e+00,  3.2333878559505912e+01, -2.8950400065588373e-02,  8.1764913963974284e-02,  5.3955541162086984e-01,  2.7073184540582829e+03,  2.7662127808181655e+01, -1.4987917615696917e+04,  9.9521244011412175e+00,  2.5179084344416167e+00,  1.6751975796581253e+00, -9.4822565952948037e-02, -1.6361749476498491e+00,  9.8754020232392581e-01,  2.7328816364904313e-01,  1.7219576475400240e-02, -1.0873947699746670e-02, -1.1012351415724952e-01,  0.0000000000000000e+00, -2.6290453928465605e-02,  1.4204857885937693e-02,  4.2536394175522035e-01,  0.0000000000000000e+00
 4.2757242757242757e+00,  6.3432643215001906e+02,  3.8476914156127142e+00,  3.2336584565612966e+01, -2.8845908469789870e-02,  8.1864466438276010e-02,  5.3881689017423939e-01,  2.7136613270410580e+03,  2.7829991444114071e+01, -1.4987871496116217e+04,  9.9520752176460086e+00,  2.5177825499647004e+00,  1.6806495168092075e+00, -9.4651854109524397e-02, -1.6362828696714640e+00,  9.8646129304177310e-01,  2.7328816364904313e-01,  1.6957769220841738e-02, -1.0732959321810823e-02, -1.0590698862823250e-01,  0.0000000000000000e+00, -2.6123358434146756e-02,  1.4021015376819478e-02,  4.1878446915399847e-01,  0.0000000000000000e+00
 4.2857142857142856e+00,  6.3432854713652080e+02,  3.8411231468902538e+00,  3.2339277770553494e+01, -2.8744643364256941e-02,  8.1963414148904304e-02,  5.3808281876551722e-01,  2.7200042077356011e+03,  2.7998389473311708e+01, -1.4987825348497336e+04,  9.9520267388370254e+00,  2.5176589179629305e+00,  1.6860943730754141e+00, -9.4483749385099056e-02, -1.6363893923915436e+00,  9.8542417857511000e-01,  2.7328816364904313e-01,  1.6697728135160933e-02, -1.0593797670862061e-02, -1.0175618536516859e-01,  0.0000000000000000e+00, -2.5936866919151390e-02,  1.3839147143122985e-02,  4.1220634411140722e-01,  0.0000000000000000e+00
 4.2957042957042955e+00,  6.3433066239237939e+02,  3.8346393257166302e+00,  3.2341958207534866e+01, -2.8646417366347970e-02,  8.2061749432545641e-02,  5.3735327693476498e-01,  2.7263470960986551e+03,  2.8167321968987562e+01, -1.4987779173068604e+04,  9.9519789355620549e+00,  2.5175375246181777e+00,  1.6915321916334183e+00, -9.4318233167762944e-02, -1.6364945339605921e+00,  9.8442820242508644e-01,  2.7328816364904313e-01,  1.6439639081176679e-02, -1.0456442961534517e-02, -9.7671074252510412e-02,  0.0000000000000000e+00, -2.5732561688496927e-02,  1.3659265664251520e-02,  4.0563290064276714e-01,  0.0000000000000000e+00
 4.3056943056943053e+00,  6.3433277791470823e+02,  3.8282393732821030e+00,  3.2344625908619086e+01, -2.8551048289517808e-02,  8.2159464907723037e-02,  5.3662834176980589e-01,  2.7326899920868864e+03,  2.8336789003607731e+01, -1.4987732970057474e+04,  9.9519317805460705e+00,  2.5174183559061336e+00,  1.6969630164182645e+00, -9.4155285067792832e-02, -1.6365983123308350e+00,  9.8347270856007485e-01,  2.7328816364904313e-01,  1.6183672405334824e-02, -1.0320875318543893e-02, -9.3651592459872895e-02,  0.0000000000000000e+00, -2.5511966814896380e-02,  1.3481376462378788e-02,  3.9906735424240508e-01,  0.0000000000000000e+00
 4.3156843156843161e+00,  6.3433489370070401e+02,  3.8219227039022523e+00,  3.2347280904764482e+01, -2.8458359479436094e-02,  8.2256553466876034e-02,  5.3590808793531131e-01,  2.7390328956568851e+03,  2.8506790648896750e+01, -1.4987686739690527e+04,  9.9518852483365681e+00,  2.5173013976030583e+00,  1.7023868920998364e+00, -9.3994883069754245e-02, -1.6367007452556679e+00,  9.8255704173657743e-01,  2.7328816364904313e-01,  1.5929983525350782e-02, -1.0187074842102371e-02, -8.9697645631998960e-02,  0.0000000000000000e+00, -2.5276546957907518e-02,  1.3305478921212900e-02,  3.9251280069793104e-01,  0.0000000000000000e+00
 4.3256743256743260e+00,  6.3433700974764417e+02,  3.8156887252627154e+00,  3.2349923225866426e+01, -2.8368180100333384e-02,  8.2353008268667344e-02,  5.3519258770184075e-01,  2.7453758067651643e+03,  2.8677326975842956e+01, -1.4987640482193474e+04,  9.9518393152457989e+00,  2.5171866352924157e+00,  1.7078038640595843e+00, -9.3837003678674924e-02, -1.6368018502897181e+00,  9.8168054780818670e-01,  2.7328816364904313e-01,  1.5678713527992015e-02, -1.0055021665161075e-02, -8.5809109088177654e-02,  0.0000000000000000e+00, -2.5027706513457537e-02,  1.3131567102524638e-02,  3.8597221537586823e-01,  0.0000000000000000e+00
 4.3356643356643358e+00,  6.3433912605288390e+02,  3.8095368386587647e+00,  3.2352552900797093e+01, -2.8280345374430589e-02,  8.2448822730563573e-02,  5.3448191097482589e-01,  2.7517187253681636e+03,  2.8848398054704084e+01, -1.4987594197791155e+04,  9.9517939592903701e+00,  2.5170740543713914e+00,  1.7132139783675393e+00, -9.3681622060203959e-02, -1.6369016447894373e+00,  9.8084257402252795e-01,  2.7328816364904313e-01,  1.5429989773863636e-02, -9.9246960029866927e-03, -8.1985829026458776e-02,  0.0000000000000000e+00, -2.4766789063044161e-02,  1.2959630464786804e-02,  3.7944845298025848e-01,  0.0000000000000000e+00
 4.3456543456543457e+00,  6.3434124261385375e+02,  3.8034664392300011e+00,  3.2355169957444289e+01, -2.8194696777264720e-02,  8.2543990521730837e-02,  5.3377612532349572e-01,  2.7580616514222475e+03,  2.9020003955012807e+01, -1.4987547886707542e+04,  9.9517491601287489e+00,  2.5169636400572881e+00,  1.7186172817595928e+00, -9.3528712174701628e-02, -1.6370001459141534e+00,  9.8004246930615957e-01,  2.7328816364904313e-01,  1.5183926506284284e-02, -9.7960781952388023e-03, -7.8227623728073861e-02,  0.0000000000000000e+00, -2.4495077106342890e-02,  1.2789654646341039e-02,  3.7294424775641116e-01,  0.0000000000000000e+00
 4.3556443556443556e+00,  6.3434335942805660e+02,  3.7974769161903872e+00,  3.2357774422749344e+01, -2.8111082191673523e-02,  8.2638505556274569e-02,  5.3307529600973325e-01,  2.7644045848837059e+03,  2.9192144745582411e+01, -1.4987501549165734e+04,  9.9517048989969670e+00,  2.5168553773938203e+00,  1.7240138216150533e+00, -9.3378246905233248e-02, -1.6370973706275040e+00,  9.7927958453745156e-01,  2.7328816364904313e-01,  1.4940625460643288e-02, -9.6691487402082339e-03, -7.4534284719258104e-02,  0.0000000000000000e+00, -2.4213792230984903e-02,  1.2621622250778990e-02,  3.6646222180851235e-01,  0.0000000000000000e+00
 4.3656343656343655e+00,  6.3434547649306569e+02,  3.7915676530538538e+00,  3.2360366322744106e+01, -2.8029356023139024e-02,  8.2732361986844971e-02,  5.3237948601686647e-01,  2.7707475257087549e+03,  2.9364820494512539e+01, -1.4987455185387966e+04,  9.9516611586430415e+00,  2.5167492512572891e+00,  1.7294036459344706e+00, -9.3230198179483983e-02, -1.6371933356991726e+00,  9.7855327280827231e-01,  2.7328816364904313e-01,  1.4700176476422336e-02, -9.5438883250791307e-03, -7.0905578089267854e-02,  0.0000000000000000e+00, -2.3924094410050532e-02,  1.2455512858067928e-02,  3.6000484551554424e-01,  0.0000000000000000e+00
 4.3756243756243753e+00,  6.3434759380652190e+02,  3.7857380278556962e+00,  3.2362945682587075e+01, -2.7949379279155591e-02,  8.2825554198621101e-02,  5.3168875607836774e-01,  2.7770904738535378e+03,  2.9538031269195017e+01, -1.4987408795595602e+04,  9.9516179232604394e+00,  2.5166452463626681e+00,  1.7347868033177407e+00, -9.3084537085524513e-02, -1.6372880577069262e+00,  9.7786288967053314e-01,  2.7328816364904313e-01,  1.4462658100651496e-02, -9.4202778465441762e-03, -6.7341245573508207e-02,  0.0000000000000000e+00, -2.3627084419272304e-02,  1.2291304944630103e-02,  3.5357452413954532e-01,  0.0000000000000000e+00
 4.3856143856143852e+00,  6.3434971136613137e+02,  3.7799874133699576e+00,  3.2365512526598714e+01, -2.7871019615158130e-02,  8.2918076803678922e-02,  5.3100316470648723e-01,  2.7834334292741246e+03,  2.9711777136319714e+01, -1.4987362380009141e+04,  9.9515751784208781e+00,  2.5165433472695793e+00,  1.7401633429424763e+00, -9.2941233981668772e-02, -1.6373815530387639e+00,  9.7720779337623420e-01,  2.7328816364904313e-01,  1.4228138186420587e-02, -9.2982984260850214e-03, -6.3841005646087440e-02,  0.0000000000000000e+00, -2.3323802409627396e-02,  1.2128975031209110e-02,  3.4717350932950097e-01,  0.0000000000000000e+00
 4.3956043956043960e+00,  6.3435182916966335e+02,  3.7743151773229937e+00,  3.2368066878295899e+01, -2.7794151349537662e-02,  8.3009924635741680e-02,  5.3032276822079383e-01,  2.7897763919265140e+03,  2.9886058161880516e+01, -1.4987315938848215e+04,  9.9515329110069004e+00,  2.5164435383881720e+00,  1.7455333145426537e+00, -9.2800258600281335e-02, -1.6374738378952596e+00,  9.7658734510217970e-01,  2.7328816364904313e-01,  1.3996674488877236e-02, -9.1779314234877486e-03, -6.0404554807458113e-02,  0.0000000000000000e+00, -2.3015229838549756e-02,  1.1968498888764152e-02,  3.4080394856406665e-01,  0.0000000000000000e+00
 4.4055944055944058e+00,  6.3435394721494811e+02,  3.7687206826033974e+00,  3.2370608760425640e+01, -2.7718655450159467e-02,  8.3101092745306346e-02,  5.2964762077662775e-01,  2.7961193617666308e+03,  3.0060874411181253e+01, -1.4987269472331585e+04,  9.9514911091444418e+00,  2.5163458039849202e+00,  1.7508967683875303e+00, -9.2661580145727160e-02, -1.6375649282919804e+00,  9.7600090916429694e-01,  2.7328816364904313e-01,  1.3768315247771355e-02, -9.0591584429197732e-03, -5.7031568665340412e-02,  0.0000000000000000e+00, -2.2702290230970749e-02,  1.1809851821025487e-02,  3.3446787708841258e-01,  0.0000000000000000e+00
 4.4155844155844157e+00,  6.3435606549987438e+02,  3.7632032874684458e+00,  3.2373138194998013e+01, -2.7644419494725524e-02,  8.3191576395133138e-02,  5.2897777439345650e-01,  2.8024623387503311e+03,  3.0236225948841838e+01, -1.4987222980677154e+04,  9.9514497621356384e+00,  2.5162501281883216e+00,  1.7562537552608375e+00, -9.2525167386539653e-02, -1.6376548400619513e+00,  9.7544785322075434e-01,  2.7328816364904313e-01,  1.3543099760493392e-02, -8.9419613359749510e-03, -5.3721703044645498e-02,  0.0000000000000000e+00, -2.2385850322078127e-02,  1.1653008989328400e-02,  3.2816722017471661e-01,  0.0000000000000000e+00
 4.4255744255744256e+00,  6.3435818402238760e+02,  3.7577623457472336e+00,  3.2375655203318395e+01, -2.7571337607239562e-02,  8.3281371056081854e-02,  5.2831327898313563e-01,  2.8088053228333983e+03,  3.0412112838804315e+01, -1.4987176464101951e+04,  9.9514088603922080e+00,  2.5161564949945134e+00,  1.7616043264402388e+00, -9.2390988741921101e-02, -1.6377435888581338e+00,  9.7492754846410423e-01,  2.7328816364904313e-01,  1.3321058943061051e-02, -8.8263222012977347e-03, -5.0474595074205424e-02,  0.0000000000000000e+00, -2.2066721327876879e-02,  1.1497945773050489e-02,  3.2190379550739423e-01,  0.0000000000000000e+00
 4.4355644355644355e+00,  6.3436030278048781e+02,  3.7523972070406315e+00,  3.2378159806018985e+01, -2.7499310372746770e-02,  8.3370472403275456e-02,  5.2765418237806661e-01,  2.8151483139715469e+03,  3.0588535144339012e+01, -1.4987129922822143e+04,  9.9513683953695882e+00,  2.5160648882728172e+00,  1.7669485336770678e+00, -9.2259012362702272e-02, -1.6378311901558833e+00,  9.7443936980268830e-01,  2.7328816364904313e-01,  1.3102215876967098e-02, -8.7122233808585876e-03, -4.7289864211500679e-02,  0.0000000000000000e+00, -2.1745660504133121e-02,  1.1344638078867023e-02,  3.1567932320610353e-01,  0.0000000000000000e+00
 4.4455544455544453e+00,  6.3436242177222778e+02,  3.7471072169182067e+00,  3.2380652023089645e+01, -2.7428244732427717e-02,  8.3458876312567848e-02,  5.2700053035925498e-01,  2.8214913121204204e+03,  3.0765492928050723e+01, -1.4987083357053032e+04,  9.9513283595019804e+00,  2.5159752917711891e+00,  1.7722864291763276e+00, -9.2129206206916767e-02, -1.6379176592553537e+00,  9.7398269603230603e-01,  2.7328816364904313e-01,  1.2886586345342697e-02, -8.5996474562758714e-03, -4.4167113400605446e-02,  0.0000000000000000e+00, -2.1423371727072184e-02,  1.1193062022592851e-02,  3.0949538913512842e-01,  0.0000000000000000e+00
 4.4555444555444552e+00,  6.3436454099571074e+02,  3.7418917171122308e+00,  3.2383131873908141e+01, -2.7358053861064942e-02,  8.3546578857291304e-02,  5.2635236668424745e-01,  2.8278343172355935e+03,  3.0942986251884932e+01, -1.4987036767009051e+04,  9.9512887461386512e+00,  2.5158876891216084e+00,  1.7776180655769687e+00, -9.2001538110048076e-02, -1.6380030112838808e+00,  9.7355690999448441e-01,  2.7328816364904313e-01,  1.2674179348718850e-02, -8.4885772400696610e-03, -4.1105929980802577e-02,  0.0000000000000000e+00, -2.1100508997022843e-02,  1.1043195261891008e-02,  3.0335353150941391e-01,  0.0000000000000000e+00
 4.4655344655344651e+00,  6.3436666044908884e+02,  3.7367500457088880e+00,  3.2385599377269692e+01, -2.7288657028751231e-02,  8.3633576305257112e-02,  5.2570973311497393e-01,  2.8341773292725720e+03,  3.1121015177134058e+01, -1.4986990152903769e+04,  9.9512495494814317e+00,  2.5158020638453871e+00,  1.7829434959324306e+00, -9.1875975850299010e-02, -1.6380872611982122e+00,  9.7316139872999230e-01,  2.7328816364904313e-01,  1.2464997605342495e-02, -8.3789957660927814e-03, -3.8105886594191042e-02,  0.0000000000000000e+00, -2.0777676026810975e-02,  1.0895015828204941e-02,  2.9725515448985707e-01,  0.0000000000000000e+00
 4.4755244755244759e+00,  6.3436878013056128e+02,  3.7316815373367911e+00,  3.2388054551415962e+01, -2.7219979448682697e-02,  8.3719865115982839e-02,  5.2507266944546982e-01,  2.8405203481867939e+03,  3.1299579764443756e+01, -1.4986943514949888e+04,  9.9512107645237684e+00,  2.5157183993584122e+00,  1.7882627736914569e+00, -9.1752487208842423e-02, -1.6381704237866999e+00,  9.7279555361897607e-01,  2.7328816364904313e-01,  1.2259038039524280e-02, -8.2708862818307756e-03, -3.5166542271509907e-02,  0.0000000000000000e+00, -2.0455429049994249e-02,  1.0748502921047828e-02,  2.9120157891088561e-01,  0.0000000000000000e+00
 4.4855144855144857e+00,  6.3437090003837238e+02,  3.7266855233529008e+00,  3.2390497414063454e+01, -2.7151952112755257e-02,  8.3805441938119021e-02,  5.2444121352948359e-01,  2.8468633739336269e+03,  3.1478680073819149e+01, -1.4986896853359245e+04,  9.9511723869913364e+00,  2.5156366789763149e+00,  1.7935759526791726e+00, -9.1631040025333482e-02, -1.6382525136713757e+00,  9.7245877051277929e-01,  2.7328816364904313e-01,  1.2056292248354025e-02, -8.1642322375867389e-03, -3.2287443300708395e-02,  0.0000000000000000e+00, -2.0134278342398840e-02,  1.0603636736681204e-02,  2.8519403504387164e-01,  0.0000000000000000e+00
 4.4955044955044956e+00,  6.3437302017080981e+02,  3.7217613320259333e+00,  3.2392927982431310e+01, -2.7084511616600939e-02,  8.3890303607047800e-02,  5.2381540130796533e-01,  2.8532064064683741e+03,  3.1658316164631259e+01, -1.4986850168342811e+04,  9.9511344132843522e+00,  2.5155568859195823e+00,  1.7988830870784371e+00, -9.1511602248835353e-02, -1.6383335453099284e+00,  9.7215044985672416e-01,  2.7328816364904313e-01,  1.1856746951846343e-02, -8.0590172762126482e-03, -2.9468124116024851e-02,  0.0000000000000000e+00, -1.9814690018439586e-02,  1.0460398530411977e-02,  2.7923366572978037e-01,  0.0000000000000000e+00
 4.5054945054945055e+00,  6.3437514052620315e+02,  3.7169082887173426e+00,  3.2395346273268579e+01, -2.7017599975611453e-02,  8.3974447142628306e-02,  5.2319526683643525e-01,  2.8595494457462696e+03,  3.1838488095623269e+01, -1.4986803460110692e+04,  9.9510968404217142e+00,  2.5154790033185943e+00,  1.8041842314114540e+00, -9.1394141984337554e-02, -1.6384135329975738e+00,  9.7186999680416741e-01,  2.7328816364904313e-01,  1.1660384424660174e-02, -7.9552252225201722e-03, -2.6708108140945781e-02,  0.0000000000000000e+00, -1.9497087924231517e-02,  1.0318770618822049e-02,  2.7332153248105601e-01,  0.0000000000000000e+00
 4.5154845154845153e+00,  6.3437726110292203e+02,  3.7121257160599423e+00,  3.2397752302880932e+01, -2.6951164433406304e-02,  8.4057869747062072e-02,  5.2258084231223090e-01,  2.8658924917224822e+03,  3.2019195924916900e+01, -1.4986756728872124e+04,  9.9510596659870210e+00,  2.5154030142186077e+00,  1.8094794405216543e+00, -9.1278627535055931e-02, -1.6384924908688199e+00,  9.7161682132243954e-01,  2.7328816364904313e-01,  1.1467182910780201e-02, -7.8528400738439828e-03, -2.4006908655762001e-02,  0.0000000000000000e+00, -1.9181855154539854e-02,  1.0178736146151127e-02,  2.6745860445274278e-01,  0.0000000000000000e+00
 4.5254745254745252e+00,  6.3437938189937438e+02,  3.7074129341342386e+00,  3.2400146087156813e+01, -2.6885157264126061e-02,  8.4140568802856072e-02,  5.2197215810162456e-01,  2.8722355443521137e+03,  3.2200439710018777e+01, -1.4986709974835478e+04,  9.9510228880765563e+00,  2.5153289015846658e+00,  1.8147687695558401e+00, -9.1165027440665625e-02, -1.6385704328991491e+00,  9.7139033828956678e-01,  2.7328816364904313e-01,  1.1277117019498611e-02, -7.7518459911514641e-03, -2.1364029623857597e-02,  0.0000000000000000e+00, -1.8869336280034909e-02,  1.0040279208891485e-02,  2.6164577773452474e-01,  0.0000000000000000e+00
 4.5354645354645351e+00,  6.3438150291400530e+02,  3.7027692606425253e+00,  3.2402527641593103e+01, -2.6819535569834720e-02,  8.4222541870859563e-02,  5.2136924276681218e-01,  2.8785786035902011e+03,  3.2382219507826782e+01, -1.4986663198208258e+04,  9.9509865052492579e+00,  2.5152566483064613e+00,  1.8200522739465905e+00, -9.1053310511689328e-02, -1.6386473729066051e+00,  9.7118996758370113e-01,  2.7328816364904313e-01,  1.1090158097804332e-02, -7.6522272874067028e-03, -1.8778966266040552e-02,  0.0000000000000000e+00, -1.8559839843059880e-02,  9.9033852807409034e-03,  2.5588390650026394e-01,  0.0000000000000000e+00
 4.5454545454545459e+00,  6.3438362414529502e+02,  3.6981940110807958e+00,  3.2404896981320221e+01, -2.6754261074211420e-02,  8.4303786688354768e-02,  5.2077212309278875e-01,  2.8849216693917160e+03,  3.2564535374636463e+01, -1.4986616399197101e+04,  9.9509505164787981e+00,  2.5151862372031197e+00,  1.8253300093949316e+00, -9.0943445860289907e-02, -1.6387233245532431e+00,  9.7101513416836716e-01,  2.7328816364904313e-01,  1.0906274591849615e-02, -7.5539684215039831e-03, -1.6251205932359340e-02,  0.0000000000000000e+00, -1.8253638049073151e-02,  9.7680396729829116e-03,  2.5017371230269803e-01,  0.0000000000000000e+00
 4.5554445554445557e+00,  6.3438574559175754e+02,  3.6936864989085176e+00,  3.2407254121126719e+01, -2.6689299913697753e-02,  8.4384301167182679e-02,  5.2018082411407696e-01,  2.8912647417115641e+03,  3.2747387366147315e+01, -1.4986569578007775e+04,  9.9509149211076711e+00,  2.5151176510279458e+00,  1.8306020318532679e+00, -9.0835402927436582e-02, -1.6387983013465952e+00,  9.7086526816447316e-01,  2.7328816364904313e-01,  1.0725432389134679e-02, -7.4570539928205263e-03, -1.3780228906231156e-02,  0.0000000000000000e+00, -1.7950970934552585e-02,  9.6342289495118232e-03,  2.4451588832829274e-01,  0.0000000000000000e+00
 4.5654345654345656e+00,  6.3438786725193938e+02,  3.6892460357163044e+00,  3.2409599075483378e+01, -2.6624622427114122e-02,  8.4464083391886741e-02,  5.1959536914132642e-01,  2.8976078205045883e+03,  3.2930775537469273e+01, -1.4986522734845181e+04,  9.9508797188034794e+00,  2.5150508724730853e+00,  1.8358683975085706e+00, -9.0729151506860645e-02, -1.6388723166410117e+00,  9.7073980491949141e-01,  2.7328816364904313e-01,  1.0547595136970062e-02, -7.3614687329148741e-03, -1.1365508940511292e-02,  0.0000000000000000e+00, -1.7652046948804307e-02,  9.5019400835998705e-03,  2.3891104880882966e-01,  0.0000000000000000e+00
 4.5754245754245755e+00,  6.3438998912441775e+02,  3.6848719313915255e+00,  3.2411931858566767e+01, -2.6560202944720428e-02,  8.4543131617860187e-02,  5.1901577978777691e-01,  2.9039509057255673e+03,  3.3114699943128983e+01, -1.4986475869913353e+04,  9.9508449095172615e+00,  2.5149858841741484e+00,  1.8411291627658259e+00, -9.0624661765858761e-02, -1.6389453836389611e+00,  9.7063818506875865e-01,  2.7328816364904313e-01,  1.0372724546125105e-02, -7.2671975005164377e-03, -9.0065139038364994e-03,  0.0000000000000000e+00, -1.7357045338356594e-02,  9.3711606425672875e-03,  2.3335975753346946e-01,  0.0000000000000000e+00
 4.5854145854145854e+00,  6.3439211120779942e+02,  3.6805634942818779e+00,  3.2414252484282315e+01, -2.6496019577602822e-02,  8.4621444269483287e-02,  5.1844207599558900e-01,  2.9102939973292164e+03,  3.3299160637076184e+01, -1.4986428983415452e+04,  9.9508104934439654e+00,  2.5149226687147528e+00,  1.8463843842317418e+00, -9.0521904263181824e-02, -1.6390175153922708e+00,  9.7055985459174243e-01,  2.7328816364904313e-01,  1.0200780676503964e-02, -7.1742252773233156e-03, -6.7027063881658633e-03,  0.0000000000000000e+00, -1.7066117359796112e-02,  9.2418784406961343e-03,  2.2786250710379707e-01,  0.0000000000000000e+00
 4.5954045954045952e+00,  6.3439423350071922e+02,  3.6763200313569429e+00,  3.2416560966286852e+01, -2.6432054008213024e-02,  8.4699019938240805e-02,  5.1787427606203418e-01,  2.9166370952701877e+03,  3.3484157672690046e+01, -1.4986382075553771e+04,  9.9507764709850530e+00,  2.5148612086310287e+00,  1.8516341186987071e+00, -9.0420849964130412e-02, -1.6390887248033432e+00,  9.7050426486120289e-01,  2.7328816364904313e-01,  1.0031722206347821e-02, -7.0825371652465212e-03, -4.4535443295222760e-03,  0.0000000000000000e+00, -1.6779388365464065e-02,  9.1140815970782857e-03,  2.2241973703665435e-01,  0.0000000000000000e+00
 4.6053946053946051e+00,  6.3439635600183863e+02,  3.6721408483677527e+00,  3.2418857318010659e+01, -2.6368291282805666e-02,  8.4775857380809894e-02,  5.1731239666554585e-01,  2.9229801995030712e+03,  3.3669691102785499e+01, -1.4986335146529736e+04,  9.9507428427131650e+00,  2.5148014864160388e+00,  1.8568784231290028e+00, -9.0321470253064987e-02, -1.6391590246263417e+00,  9.7047087268705667e-01,  2.7328816364904313e-01,  9.8655066829773600e-03, -6.9921183839317148e-03, -2.2584815416268706e-03,  0.0000000000000000e+00, -1.6496959413302578e-02,  8.9877584221460891e-03,  2.1703183310001090e-01,  0.0000000000000000e+00
 4.6153846153846150e+00,  6.3439847870984454e+02,  3.6680252500043777e+00,  3.2421141552679003e+01, -2.6304719606454474e-02,  8.4851955517112096e-02,  5.1675645289162708e-01,  2.9293233099823947e+03,  3.3855760979619546e+01, -1.4986288196543901e+04,  9.9507096093388743e+00,  2.5147434845241627e+00,  1.8621173546392742e+00, -9.0223736943491506e-02, -1.6392284274683568e+00,  9.7045914035487668e-01,  2.7328816364904313e-01,  9.7020907572572604e-03, -6.9029542692474813e-03, -1.1696823892578706e-04,  0.0000000000000000e+00, -1.6218908915774211e-02,  8.8628973375755541e-03,  2.1169913010073116e-01,  0.0000000000000000e+00
 4.6253746253746257e+00,  6.3440060162344798e+02,  3.6639725400515508e+00,  3.2423413683333180e+01, -2.6241330141263494e-02,  8.4927313428323561e-02,  5.1620645825861600e-01,  2.9356664266626249e+03,  3.4042367354897557e+01, -1.4986241225795950e+04,  9.9506767716794862e+00,  2.5146871853754016e+00,  1.8673509704852473e+00, -9.0127622285887013e-02, -1.6392969457905624e+00,  9.7046853565930591e-01,  2.7328816364904313e-01,  9.5414304017818110e-03, -6.8150302727197779e-03,  1.9715484680607040e-03,  0.0000000000000000e+00, -1.5945294250409411e-02,  8.7394867672699623e-03,  2.0642191463795059e-01,  0.0000000000000000e+00
 4.6353646353646356e+00,  6.3440272474138283e+02,  3.6599820215423349e+00,  3.2425673722851009e+01, -2.6178116808327608e-02,  8.5001930354839772e-02,  5.1566242474330626e-01,  2.9420095494981656e+03,  3.4229510279779490e+01, -1.4986194234484694e+04,  9.9506443306298582e+00,  2.5146325713596274e+00,  1.8725793280466951e+00, -9.0033098973425929e-02, -1.6393645919093702e+00,  9.7049853193266011e-01,  2.7328816364904313e-01,  9.3834811132472110e-03, -6.7283319616304078e-03,  4.0076241045117669e-03,  0.0000000000000000e+00, -1.5676153314301420e-02,  8.6175151128820796e-03,  2.0120042777952096e-01,  0.0000000000000000e+00
 4.6453546453546455e+00,  6.3440484806240454e+02,  3.6560529969098385e+00,  3.2427921683966900e+01, -2.6115076093937435e-02,  8.5075805694193804e-02,  5.1512436280642016e-01,  2.9483526784433620e+03,  3.4417189804886227e+01, -1.4986147222808073e+04,  9.9506122871351348e+00,  2.5145796248407724e+00,  1.8778024848126540e+00, -8.9940140145762196e-02, -1.6394313779975880e+00,  9.7054860806898646e-01,  2.7328816364904313e-01,  9.2281980995070709e-03, -6.6428450197060784e-03,  5.9918163895278792e-03,  0.0000000000000000e+00, -1.5411506036474931e-02,  8.4969706603689257e-03,  1.9603486768070943e-01,  0.0000000000000000e+00
 4.6553446553446554e+00,  6.3440697158528883e+02,  3.6521847681369883e+00,  3.2430157579291325e+01, -2.6052206860467466e-02,  8.5148938998925533e-02,  5.1459228141793356e-01,  2.9546958134524984e+03,  3.4605405980305733e+01, -1.4986100190963158e+04,  9.9505806421654857e+00,  2.5145283281609587e+00,  1.8830204983668895e+00, -8.9848719391018197e-02, -1.6394973160855881e+00,  9.7061824854383949e-01,  2.7328816364904313e-01,  9.0755364508781928e-03, -6.5585552479422871e-03,  7.9246848606177901e-03,  0.0000000000000000e+00, -1.5151356019026910e-02,  8.3778416467422782e-03,  1.9092540023149515e-01,  0.0000000000000000e+00
 4.6653346653346652e+00,  6.3440909530883073e+02,  3.6483766369043522e+00,  3.2432381421329865e+01, -2.5989510162326600e-02,  8.5221329974403015e-02,  5.1406618808225624e-01,  2.9610389544797990e+03,  3.4794158855599271e+01, -1.4986053139146143e+04,  9.9505493966926721e+00,  2.5144786636445540e+00,  1.8882334263735980e+00, -8.9758810746144252e-02, -1.6395624180624819e+00,  9.7070694343083697e-01,  2.7328816364904313e-01,  8.9254513010224214e-03, -6.4754485680694725e-03,  9.8067903549554948e-03,  0.0000000000000000e+00, -1.4895690982098796e-02,  8.2601156637952828e-03,  1.8587211973491766e-01,  0.0000000000000000e+00
 4.6753246753246751e+00,  6.3441121923184323e+02,  3.6446279047360193e+00,  3.2434593222501711e+01, -2.5926989067329487e-02,  8.5292978476597989e-02,  5.1354608886324604e-01,  2.9673821014794289e+03,  3.4983448479807571e+01, -1.4986006067552353e+04,  9.9505185516684236e+00,  2.5144306136021783e+00,  1.8934413265633627e+00, -8.9670388695693076e-02, -1.6396266956773577e+00,  9.7081418841107137e-01,  2.7328816364904313e-01,  8.7778979690178328e-03, -6.3935110234423853e-03,  1.1638694734486491e-02,  0.0000000000000000e+00, -1.4644486085220265e-02,  8.1437807705478094e-03,  1.8087513704719191e-01,  0.0000000000000000e+00
 4.6853146853146850e+00,  6.3441334335315628e+02,  3.6409378731435256e+00,  3.2436792995157688e+01, -2.5864648483737322e-02,  8.5363884509816676e-02,  5.1303198840908515e-01,  2.9737252544054941e+03,  3.5173274901456956e+01, -1.4985958976376236e+04,  9.9504881080046186e+00,  2.5143841603346369e+00,  1.8986442567193436e+00, -8.9583428169340701e-02, -1.6396901605404728e+00,  9.7093948478417336e-01,  2.7328816364904313e-01,  8.6328320885174954e-03, -6.3127287803289509e-03,  1.3420960622330044e-02,  0.0000000000000000e+00, -1.4397703190869637e-02,  8.0288243007051435e-03,  1.7593449369919578e-01,  0.0000000000000000e+00
 4.6953046953046957e+00,  6.3441546767161572e+02,  3.6373058437678267e+00,  3.2438980751597754e+01, -2.5802494993234747e-02,  8.5434048224389547e-02,  5.1252388997699627e-01,  2.9800684132120423e+03,  3.5363638168565465e+01, -1.4985911865811369e+04,  9.9504580665551519e+00,  2.5143392861367939e+00,  1.9038422746637120e+00, -8.9497904538080333e-02, -1.6397528241245172e+00,  9.7108233947245659e-01,  2.7328816364904313e-01,  8.4902097291968161e-03, -6.2330881323345031e-03,  1.5154150947790565e-02,  0.0000000000000000e+00, -1.4155293145129465e-02,  7.9152334277827058e-03,  1.7105020945798879e-01,  0.0000000000000000e+00
 4.7052947052947056e+00,  6.3441759218608206e+02,  3.6337311185193109e+00,  3.2441156504088049e+01, -2.5740536690034187e-02,  8.5503469914323296e-02,  5.1202179545780391e-01,  2.9864115778530618e+03,  3.5554538328648874e+01, -1.4985864736050453e+04,  9.9504284280994604e+00,  2.5142959733013845e+00,  1.9090354382443182e+00, -8.9413793609316783e-02, -1.6398146977658941e+00,  9.7124226502289046e-01,  2.7328816364904313e-01,  8.3499875019941543e-03, -6.1545755025118991e-03,  1.6838828692643165e-02,  0.0000000000000000e+00, -1.3917196740917976e-02,  7.8029950627575293e-03,  1.6622227506135603e-01,  0.0000000000000000e+00
 4.7152847152847155e+00,  6.3441971689542959e+02,  3.6302129997158388e+00,  3.2443320264877428e+01, -2.5678783026265330e-02,  8.5572150014920037e-02,  5.1152570540033682e-01,  2.9927547482824853e+03,  3.5745975428726815e+01, -1.4985817587285315e+04,  9.9503991933276321e+00,  2.5142542041227549e+00,  1.9142238053216074e+00, -8.9331071620957575e-02, -1.6398757926660259e+00,  9.7141877960617573e-01,  2.7328816364904313e-01,  8.2121226539138628e-03, -6.0771774461287715e-03,  1.8475556611343657e-02,  0.0000000000000000e+00, -1.3683345844756598e-02,  7.6920958251447949e-03,  1.6145065426248573e-01,  0.0000000000000000e+00
 4.7252747252747254e+00,  6.3442184179854519e+02,  3.6267507902188103e+00,  3.2445472046213510e+01, -2.5617244663770272e-02,  8.5640089100366634e-02,  5.1103561903567218e-01,  2.9990979244541868e+03,  3.5937949515328725e+01, -1.4985770419706907e+04,  9.9503703628270266e+00,  2.5142139609005474e+00,  1.9194074337557561e+00, -8.9249715234613211e-02, -1.6399361198926898e+00,  9.7161140701312709e-01,  2.7328816364904313e-01,  8.0765731518997689e-03, -6.0008806532694170e-03,  2.0064896971085870e-02,  0.0000000000000000e+00, -1.3453664458465429e-02,  7.5825221052982046e-03,  1.5673528575790957e-01,  0.0000000000000000e+00
 4.7352647352647352e+00,  6.3442396689432746e+02,  3.6233437935672441e+00,  3.2447611860358251e+01, -2.5555933332389535e-02,  8.5707287881300651e-02,  5.1055153430121947e-01,  3.0054411063219841e+03,  3.6130460634499805e+01, -1.4985723233505305e+04,  9.9503419370703821e+00,  2.5141752259433154e+00,  1.9245863813940551e+00, -8.9169701528012527e-02, -1.6399956903813759e+00,  9.7181967664855506e-01,  2.7328816364904313e-01,  7.9432977563393316e-03, -5.9256719514786636e-03,  2.1607411310500688e-02,  0.0000000000000000e+00, -1.3228069732734311e-02,  7.4742599932107199e-03,  1.5207608499293990e-01,  0.0000000000000000e+00
 4.7452547452547451e+00,  6.3442609218168570e+02,  3.6199913141098610e+00,  3.2449739719603052e+01, -2.5494861694791770e-02,  8.5773747202355838e-02,  5.1007344786464226e-01,  3.0117842938396384e+03,  3.6323508831806976e+01, -1.4985676028869708e+04,  9.9503139164052889e+00,  2.5141379815720728e+00,  1.9297607060585187e+00, -8.9091007986734305e-02, -1.6400545149366754e+00,  9.7204312352282740e-01,  2.7328816364904313e-01,  7.8122560847559246e-03, -5.8515383082293109e-03,  2.3103660216484290e-02,  0.0000000000000000e+00, -1.3006472918264188e-02,  7.3672953853099422e-03,  1.4747294598498142e-01,  0.0000000000000000e+00
 4.7552447552447550e+00,  6.3442821765953920e+02,  3.6166926571351619e+00,  3.2451855636283376e+01, -2.5434043217869805e-02,  8.5839468039693487e-02,  5.0960135514761629e-01,  3.0181274869608551e+03,  3.6517094152344747e+01, -1.4985628805988439e+04,  9.9502863010449971e+00,  2.5141022101237840e+00,  1.9349304655337232e+00, -8.9013612495350072e-02, -1.6401126042336882e+00,  9.7228128824129201e-01,  2.7328816364904313e-01,  7.6834086662460974e-03, -5.7784668330781112e-03,  2.4554203118190357e-02,  0.0000000000000000e+00, -1.2788780267403455e-02,  7.2616139399603362e-03,  1.4292574293657609e-01,  0.0000000000000000e+00
 4.7652347652347649e+00,  6.3443034332681577e+02,  3.6134471289994905e+00,  3.2453959622792937e+01, -2.5373492050697753e-02,  8.5904451498523549e-02,  5.0913525034942320e-01,  3.0244706856392836e+03,  3.6711216640741071e+01, -1.4985581565048946e+04,  9.9502590910605022e+00,  2.5140678939547851e+00,  1.9400957175548790e+00, -8.8937493328068051e-02, -1.6401699688194542e+00,  9.7253371699172231e-01,  2.7328816364904313e-01,  7.5567169872043588e-03, -5.7064447796992615e-03,  2.5959598097135359e-02,  0.0000000000000000e+00, -1.2574893876684534e-02,  7.1572011464341515e-03,  1.3843433184843526e-01,  0.0000000000000000e+00
 4.7752247752247756e+00,  6.3443246918245154e+02,  3.6102540372530676e+00,  3.2456051691597402e+01, -2.5313222909018392e-02,  8.5968698810620622e-02,  5.0867512647037783e-01,  3.0308138898285197e+03,  3.6905876341163157e+01, -1.4985534306237796e+04,  9.9502322863738080e+00,  2.5140350154441418e+00,  1.9452565197961240e+00, -8.8862629138962368e-02, -1.6402266191144015e+00,  9.7279996152994608e-01,  2.7328816364904313e-01,  7.4321435288848070e-03, -5.6354595474079434e-03,  2.7320401712896077e-02,  0.0000000000000000e+00, -1.2364712478888930e-02,  7.0540423582873182e-03,  1.3399855202685179e-01,  0.0000000000000000e+00
 4.7852147852147855e+00,  6.3443459522538956e+02,  3.6071126907639894e+00,  3.2458131855247657e+01, -2.5253250966206564e-02,  8.6032211331838443e-02,  5.0822097533508848e-01,  3.0371570994821013e+03,  3.7101073297323182e+01, -1.4985487029740681e+04,  9.9502058867523342e+00,  2.5140035569969412e+00,  1.9504129298590493e+00, -8.8788998951866552e-02, -1.6402825654138080e+00,  9.7307957916380816e-01,  2.7328816364904313e-01,  7.3096517973040122e-03, -5.5654986825926607e-03,  2.8637168843188832e-02,  0.0000000000000000e+00, -1.2158132183651509e-02,  6.9521227777819949e-03,  1.2961822745750554e-01,  0.0000000000000000e+00
 4.7952047952047954e+00,  6.3443672145457913e+02,  3.6040223998401788e+00,  3.2460200126392635e+01, -2.5193591750632890e-02,  8.6094990539628158e-02,  5.0777278761554689e-01,  3.0435003145535152e+03,  3.7296807552484111e+01, -1.4985439735742417e+04,  9.9501798918043711e+00,  2.5139735010475270e+00,  1.9555650052614442e+00, -8.8716582150005246e-02, -1.6403378178892785e+00,  9.7337213273560419e-01,  2.7328816364904313e-01,  7.1892063460178473e-03, -5.4965498797599236e-03,  2.9910452537823012e-02,  0.0000000000000000e+00, -1.1955047163838998e-02,  6.8514275493320002e-03,  1.2529316820826003e-01,  0.0000000000000000e+00
 4.8051948051948052e+00,  6.3443884786897502e+02,  3.6009824763492788e+00,  3.2462256517791715e+01, -2.5134261049332991e-02,  8.6157038030563265e-02,  5.0733055285404904e-01,  3.0498435349961928e+03,  3.7493079149465302e+01, -1.4985392424426936e+04,  9.9501543009755800e+00,  2.5139448300626599e+00,  1.9607128034262662e+00, -8.8645358465432630e-02, -1.6403923865902268e+00,  9.7367719060312530e-01,  2.7328816364904313e-01,  7.0707727922707832e-03, -5.4286009821911752e-03,  3.1140803885525276e-02,  0.0000000000000000e+00, -1.1755350296323469e-02,  6.7519417439316880e-03,  1.2102317160173655e-01,  0.0000000000000000e+00
 4.8151848151848151e+00,  6.3444097446753665e+02,  3.5979922338364791e+00,  3.2464301042326682e+01, -2.5075274817869673e-02,  8.6218355517875475e-02,  5.0689425948594391e-01,  3.0561867607635122e+03,  3.7689888130648171e+01, -1.4985345095977298e+04,  9.9501291135463781e+00,  2.5139175265446227e+00,  1.9658563816708272e+00, -8.8575307968341496e-02, -1.6404462814453662e+00,  9.7399432661943086e-01,  2.7328816364904313e-01,  6.9543178269931005e-03, -5.3616399821418258e-03,  3.2328771892893786e-02,  0.0000000000000000e+00, -1.1558933752268860e-02,  6.6536504659481192e-03,  1.1680802347344169e-01,  0.0000000000000000e+00
 4.8251748251748250e+00,  6.3444310124922731e+02,  3.5950509876402688e+00,  3.2466333713013292e+01, -2.5016649096260193e-02,  8.6278944829003792e-02,  5.0646389486220944e-01,  3.0625299918087985e+03,  3.7887234537981776e+01, -1.4985297750575681e+04,  9.9501043286302462e+00,  2.5138915730342601e+00,  1.9709957971962029e+00, -8.8506411056301901e-02, -1.6404995122641957e+00,  9.7432312011147482e-01,  2.7328816364904313e-01,  6.8398092191277781e-03, -5.2956550209304178e-03,  3.3474903374821945e-02,  0.0000000000000000e+00, -1.1365689542368985e-02,  6.5565387685759050e-03,  1.1264749920857768e-01,  0.0000000000000000e+00
 4.8351648351648349e+00,  6.3444522821301337e+02,  3.5921580550061014e+00,  3.2468354543012417e+01, -2.4958399930826793e-02,  8.6338807903161230e-02,  5.0603944527185296e-01,  3.0688732280853242e+03,  3.8085118412988372e+01, -1.4985250388403381e+04,  9.9500799451728437e+00,  2.5138669521139501e+00,  1.9761311070768606e+00, -8.8438648443483800e-02, -1.6405520887384917e+00,  9.7466315585768903e-01,  2.7328816364904313e-01,  6.7272158147455938e-03, -5.2306343885385404e-03,  3.4579742855350801e-02,  0.0000000000000000e+00, -1.1175510014944580e-02,  6.4605918362781170e-03,  1.0854136479330251e-01,  0.0000000000000000e+00
 4.8451548451548447e+00,  6.3444735535786356e+02,  3.5893127551979696e+00,  3.2470363545640794e+01, -2.4900543301816389e-02,  8.6397946788919919e-02,  5.0562089596413828e-01,  3.0752164695463093e+03,  3.8283539796768913e+01, -1.4985203009640822e+04,  9.9500559619518807e+00,  2.5138436464105260e+00,  1.9812623682504977e+00, -8.8372001149913379e-02, -1.6406040204437868e+00,  9.7501402406462867e-01,  2.7328816364904313e-01,  6.6165075313798106e-03, -5.1665665227659885e-03,  3.5643832478521896e-02,  0.0000000000000000e+00, -1.0988288314825727e-02,  6.3657948913403766e-03,  1.0448937776586066e-01,  0.0000000000000000e+00
 4.8551448551448555e+00,  6.3444948268274823e+02,  3.5865144096078803e+00,  3.2472360734381368e+01, -2.4843095056624936e-02,  8.6456363641817927e-02,  5.0520823117063340e-01,  3.0815597161449232e+03,  3.8482498730008523e+01, -1.4985155614467541e+04,  9.9500323775776920e+00,  2.5138216385981220e+00,  1.9863896375080969e+00, -8.8306450490808874e-02, -1.6406553168408446e+00,  9.7537532034277441e-01,  2.7328816364904313e-01,  6.5076553480093802e-03, -5.1034400083203911e-03,  3.6667711928434203e-02,  0.0000000000000000e+00, -1.0803918795933664e-02,  6.2721333006678067e-03,  1.0049128810657644e-01,  0.0000000000000000e+00
 4.8651348651348654e+00,  6.3445161018663873e+02,  3.5837623418632250e+00,  3.2474346122893287e+01, -2.4786070848452781e-02,  8.6514060721989278e-02,  5.0480143412708212e-01,  3.0879029678342808e+03,  3.8681995252981842e+01, -1.4985108203062202e+04,  9.9500091904944785e+00,  2.5138009114009670e+00,  1.9915129714841919e+00, -8.8241978066037063e-02, -1.6407059872771199e+00,  9.7574664568158043e-01,  2.7328816364904313e-01,  6.4006312901989269e-03, -5.0412435748601022e-03,  3.7651918397330078e-02,  0.0000000000000000e+00, -1.0622297577776206e-02,  6.1795926781270634e-03,  9.6546846966045791e-02,  0.0000000000000000e+00
 4.8751248751248752e+00,  6.3445373786850666e+02,  3.5810558779320347e+00,  3.2476319725021511e+01, -2.4729486080203870e-02,  8.6571040391818121e-02,  5.0440048709509955e-01,  3.0942462245674492e+03,  3.8882029405558505e+01, -1.4985060775602584e+04,  9.9499863989821176e+00,  2.5137814475961111e+00,  1.9966324266473492e+00, -8.8178565749745960e-02, -1.6407560409881945e+00,  9.7612760642463914e-01,  2.7328816364904313e-01,  6.2954084154715649e-03, -4.9799660970942482e-03,  3.8596986396223630e-02,  0.0000000000000000e+00, -1.0443321942642022e-02,  6.0881583705970181e-03,  9.2655766412445217e-02,  0.0000000000000000e+00
 4.8851148851148851e+00,  6.3445586572732338e+02,  3.5783943462261250e+00,  3.2478281554806031e+01, -2.4673355853464828e-02,  8.6627305113619685e-02,  5.0400537138367429e-01,  3.1005894862974433e+03,  3.9082601227208379e+01, -1.4985013332265587e+04,  9.9499640011585324e+00,  2.5137632300160995e+00,  2.0017480592908496e+00, -8.8116195680113557e-02, -1.6408054870992397e+00,  9.7651781424094553e-01,  2.7328816364904313e-01,  6.1919607904376900e-03, -4.9195965915720969e-03,  3.9503447792499910e-02,  0.0000000000000000e+00, -1.0266892589139941e-02,  5.9978166349378779e-03,  8.8817805122068286e-02,  0.0000000000000000e+00
 4.8951048951048950e+00,  6.3445799376205900e+02,  3.5757770777021163e+00,  3.2480231626490777e+01, -2.4617694922333726e-02,  8.6682857447346676e-02,  5.0361606737050280e-01,  3.1069327529772277e+03,  3.9283710757006872e+01, -1.4984965873227235e+04,  9.9499419949825700e+00,  2.5137462415515768e+00,  2.0068599255235844e+00, -8.8054850249437516e-02, -1.6408543346263877e+00,  9.7691688610081295e-01,  2.7328816364904313e-01,  6.0902634654846069e-03, -4.8601242135259638e-03,  4.0371831838064004e-02,  0.0000000000000000e+00, -1.0092911866467489e-02,  5.9085534498981435e-03,  8.5032680799865701e-02,  0.0000000000000000e+00
 4.9050949050949049e+00,  6.3446012197168216e+02,  3.5732034059603346e+00,  3.2482169954532147e+01, -2.4562517651928000e-02,  8.6737700048323346e-02,  5.0323255452313631e-01,  3.1132760245597178e+03,  3.9485358033640154e+01, -1.4984918398662665e+04,  9.9499203782572927e+00,  2.5137304651538406e+00,  2.0119680812611516e+00, -8.7994512094389590e-02, -1.6409025924781313e+00,  9.7732444424770004e-01,  2.7328816364904313e-01,  5.9902924518437598e-03, -4.8015382563602275e-03,  4.1202664991779388e-02,  0.0000000000000000e+00, -9.9212850644303813e-03,  5.8203551746823651e-03,  8.1300116573955486e-02,  0.0000000000000000e+00
 4.9150849150849147e+00,  6.3446225035515909e+02,  3.5706726673415861e+00,  3.2484096553607209e+01, -2.4507837981364917e-02,  8.6791835665007477e-02,  5.0285481141994404e-01,  3.1196193009977792e+03,  3.9687543095410334e+01, -1.4984870908746141e+04,  9.9498991486336994e+00,  2.5137158838373281e+00,  2.0170725822171587e+00, -8.7935164086563516e-02, -1.6409502694566847e+00,  9.7774011617057877e-01,  2.7328816364904313e-01,  5.8920246923103116e-03, -4.7438281484838193e-03,  4.1996470928890146e-02,  0.0000000000000000e+00, -9.7519203941129357e-03,  5.7332084221319466e-03,  7.7619832035987477e-02,  0.0000000000000000e+00
 4.9250749250749255e+00,  6.3446437891145342e+02,  3.5681842010218077e+00,  3.2486011438621567e+01, -2.4453669391013143e-02,  8.6845267136779175e-02,  5.0248281577089127e-01,  3.1259625822442285e+03,  3.9890265980240635e+01, -1.4984823403651044e+04,  9.9498783036147849e+00,  2.5137024806820532e+00,  2.0221734838947287e+00, -8.7876789323314455e-02, -1.6409973742593198e+00,  9.7816353457594962e-01,  2.7328816364904313e-01,  5.7954380311965236e-03, -4.6869834505771880e-03,  4.2753770507749568e-02,  0.0000000000000000e+00, -9.5847291608666899e-03,  5.6471000987751976e-03,  7.3991543651663230e-02,  0.0000000000000000e+00
 4.9350649350649354e+00,  6.3446650763952528e+02,  3.5657373491045927e+00,  3.2487914624716922e+01, -2.4400024873813125e-02,  8.6897997391758006e-02,  5.0211654443813192e-01,  3.1323058682518326e+03,  4.0093526725680377e+01, -1.4984775883549873e+04,  9.9498578405599307e+00,  2.5136902388359785e+00,  2.0272708415781961e+00, -8.7819371118907238e-02, -1.6410439154796732e+00,  9.7859433735954482e-01,  2.7328816364904313e-01,  5.7005111827095230e-03, -4.6309938528240153e-03,  4.3475081740721795e-02,  0.0000000000000000e+00, -9.4196259062817277e-03,  5.5620173714514094e-03,  7.0414965188991110e-02,  0.0000000000000000e+00
 4.9450549450549453e+00,  6.3446863653833088e+02,  3.5633314567115910e+00,  3.2489806127278285e+01, -2.4346916910463815e-02,  8.6950029444646637e-02,  5.0175597345641443e-01,  3.1386491589733118e+03,  4.0297325368910165e+01, -1.4984728348614251e+04,  9.9498377566895595e+00,  2.5136791415173358e+00,  2.0323647103250195e+00, -8.7762892995987593e-02, -1.6410899016090266e+00,  9.7903216757776224e-01,  2.7328816364904313e-01,  5.6072236980072585e-03, -4.5758491720662240e-03,  4.4160919769248748e-02,  0.0000000000000000e+00, -9.2565285311119547e-03,  5.4779477162584939e-03,  6.6889808122106903e-02,  0.0000000000000000e+00
 4.9550449550449551e+00,  6.3447076560682194e+02,  3.5609658720707902e+00,  3.2491685961940931e+01, -2.4294357448274292e-02,  8.7001366394601889e-02,  5.0140107805329903e-01,  3.1449924543613374e+03,  4.0501661946746793e+01, -1.4984680799014919e+04,  9.9498180490900268e+00,  2.5136691720168827e+00,  2.0374551449578688e+00, -8.7707338677388613e-02, -1.6411353410375566e+00,  9.7947667341887046e-01,  2.7328816364904313e-01,  5.5155559312117216e-03, -4.5215393487488455e-03,  4.4811796842483306e-02,  0.0000000000000000e+00, -9.0953583813546870e-03,  5.3948789118807884e-03,  6.3415781939452215e-02,  0.0000000000000000e+00
 4.9650349650349650e+00,  6.3447289484394526e+02,  3.5586399466026779e+00,  3.2493554144596999e+01, -2.4242357883480146e-02,  8.7052011423131945e-02,  5.0105183266918740e-01,  3.1513357543685333e+03,  4.0706536495648216e+01, -1.4984633234921735e+04,  9.9497987147187352e+00,  2.5136603137001114e+00,  2.0425422000569253e+00, -8.7652692078281066e-02, -1.6411802420555550e+00,  9.7992750817401564e-01,  2.7328816364904313e-01,  5.4254890045891601e-03, -4.4680544439074732e-03,  4.5428222298983537e-02,  0.0000000000000000e+00, -8.9360403284823205e-03,  5.3127990373621628e-03,  5.9992594451895649e-02,  0.0000000000000000e+00
 4.9750249750249749e+00,  6.3447502424864194e+02,  3.5563530350042885e+00,  3.2495410691401844e+01, -2.4190929046826751e-02,  8.7101967792019216e-02,  5.0070821097716267e-01,  3.1576790589474767e+03,  4.0911949051718459e+01, -1.4984585656503685e+04,  9.9497797504093839e+00,  2.5136525500093985e+00,  2.0476259299523636e+00, -8.7598937298675544e-02, -1.6412246128546177e+00,  9.8038433020806093e-01,  2.7328816364904313e-01,  5.3370047731300576e-03, -4.4153846360789634e-03,  4.6010702551167085e-02,  0.0000000000000000e+00, -8.7785028096302453e-03,  5.2316964899056387e-03,  5.6619952035252295e-02,  0.0000000000000000e+00
 4.9850149850149847e+00,  6.3447715381984733e+02,  3.5541044953311438e+00,  3.2497255618780066e+01, -2.4140081192224369e-02,  8.7151238841268505e-02,  5.0037018590263815e-01,  3.1640223680506974e+03,  4.1117899650712467e+01, -1.4984538063928867e+04,  9.9497611528773877e+00,  2.5136458644660964e+00,  2.0527063887170280e+00, -8.7546058616280467e-02, -1.6412684615288033e+00,  9.8084680293028270e-01,  2.7328816364904313e-01,  5.2500857887454499e-03, -4.3635202182897249e-03,  4.6559741072147408e-02,  0.0000000000000000e+00, -8.6226778641684560e-03,  5.1515599515000506e-03,  5.3297559865009551e-02,  0.0000000000000000e+00
 4.9950049950049946e+00,  6.3447928355649026e+02,  3.5518936890770902e+00,  3.2499088943431303e+01, -2.4089823988283389e-02,  8.7199827987079190e-02,  5.0003772964281623e-01,  3.1703656816306798e+03,  4.1324388328040918e+01, -1.4984490457364507e+04,  9.9497429187253772e+00,  2.5136402406725780e+00,  2.0577836301592982e+00, -8.7494040479719593e-02, -1.6413117960757624e+00,  9.8131459476494698e-01,  2.7328816364904313e-01,  5.1647152642358826e-03, -4.3124515949549049e-03,  4.7075838384696145e-02,  0.0000000000000000e+00, -8.4685011426003654e-03,  5.0723784400920442e-03,  5.0025122107663127e-02,  0.0000000000000000e+00
 5.0049950049950054e+00,  6.3448141345749264e+02,  3.5497199812520401e+00,  3.2500910682335700e+01, -2.4040166512541712e-02,  8.7247738719841081e-02,  4.9971081368595449e-01,  3.1767089996398618e+03,  4.1531415118775008e+01, -1.4984442836976948e+04,  9.9497250444487939e+00,  2.5136356623142202e+00,  2.0628577078161419e+00, -8.7442867502109917e-02, -1.6413546243978334e+00,  9.8178737912178515e-01,  2.7328816364904313e-01,  5.0808770372504078e-03, -4.2621692788118830e-03,  4.7559492051838473e-02,  0.0000000000000000e+00, -8.3159118998911499e-03,  4.9941412517407720e-03,  4.6802342054228480e-02,  0.0000000000000000e+00
 5.0149850149850153e+00,  6.3448354352176909e+02,  3.5475827404576283e+00,  3.2502720852759154e+01, -2.3991117248200737e-02,  8.7294974602153561e-02,  4.9938940883043953e-01,  3.1830523220306341e+03,  4.1738980057651105e+01, -1.4984395202931655e+04,  9.9497075264415411e+00,  2.5136321131613393e+00,  2.0679286749463515e+00, -8.7392524454999301e-02, -1.6413969543031113e+00,  9.8226483436638234e-01,  2.7328816364904313e-01,  4.9985555343643471e-03, -4.2126638880075999e-03,  4.8011196668913410e-02,  0.0000000000000000e+00, -8.1648529779429248e-03,  4.9168379873142697e-03,  4.3628922283746485e-02,  0.0000000000000000e+00
 5.0249750249750251e+00,  6.3448567374822630e+02,  3.5454813389607893e+00,  3.2504519472258274e+01, -2.3942684083190918e-02,  8.7341539266866164e-02,  4.9907348520366762e-01,  3.1893956487553446e+03,  4.1947083179075520e+01, -1.4984347555393217e+04,  9.9496903610016396e+00,  2.5136295770710722e+00,  2.0729965845239655e+00, -8.7342996262662079e-02, -1.6414387935064849e+00,  9.8274664379049470e-01,  2.7328816364904313e-01,  4.9177357354360934e-03, -4.1639261430868749e-03,  4.8431443856894435e-02,  0.0000000000000000e+00, -8.0152707674936517e-03,  4.8404585458148627e-03,  4.0504564750056989e-02,  0.0000000000000000e+00
 5.0349650349650350e+00,  6.3448780413576287e+02,  3.5434151527652697e+00,  3.2506306558685104e+01, -2.3894874311392963e-02,  8.7387436415141115e-02,  4.9876301228073122e-01,  3.1957389797662950e+03,  4.2155724517129066e+01, -1.4984299894525340e+04,  9.9496735443369229e+00,  2.5136280379892018e+00,  2.0780614892318736e+00, -8.7294267996748831e-02, -1.6414801496306455e+00,  9.8323249558230430e-01,  2.7328816364904313e-01,  4.8384031383831259e-03, -4.1159468641705534e-03,  4.8820722256576854e-02,  0.0000000000000000e+00, -7.8671151625105320e-03,  4.7649930932328983e-03,  3.7428970866363986e-02,  0.0000000000000000e+00
 5.0449550449550449e+00,  6.3448993468326876e+02,  3.5413835616810818e+00,  3.2508082130191561e+01, -2.3847694635845896e-02,  8.7432669814536054e-02,  4.9845795890291139e-01,  3.2020823150157430e+03,  4.2364904105571661e+01, -1.4984252220490858e+04,  9.9496570725706945e+00,  2.5136274799519405e+00,  2.0831234414555966e+00, -8.7246324871285794e-02, -1.6415210302070677e+00,  9.8372208279662010e-01,  2.7328816364904313e-01,  4.7605437244866763e-03, -4.0687169681764140e-03,  4.9179517523484907e-02,  0.0000000000000000e+00, -7.7203394995588445e-03,  4.6904320847938746e-03,  3.4401841568628556e-02,  0.0000000000000000e+00
 5.0549450549450547e+00,  6.3449206538962505e+02,  3.5393859493919142e+00,  3.2509846205233679e+01, -2.3801151173778890e-02,  8.7477243297107474e-02,  4.9815829329597500e-01,  3.2084256544559016e+03,  4.2574621977846853e+01, -1.4984204533451726e+04,  9.9496409417473597e+00,  2.5136278870876514e+00,  2.0881824932772499e+00, -8.7199152238017830e-02, -1.6415614426769627e+00,  9.8421510332503126e-01,  2.7328816364904313e-01,  4.6841439243393125e-03, -4.0222274660743707e-03,  4.9508312323339666e-02,  0.0000000000000000e+00, -7.5749004899435561e-03,  4.6167662360353176e-03,  3.1422877362295751e-02,  0.0000000000000000e+00
 5.0649350649350646e+00,  6.3449419625370331e+02,  3.5374217035205100e+00,  3.2511598802575563e+01, -2.3755249463309293e-02,  8.7521160757533176e-02,  4.9786398308827617e-01,  3.2147689980389405e+03,  4.2784878167086340e+01, -1.4984156833569021e+04,  9.9496251478379989e+00,  2.5136292436185257e+00,  2.0932386964696761e+00, -8.7152735582088206e-02, -1.6416013943922041e+00,  9.8471125986601749e-01,  2.7328816364904313e-01,  4.6091905845424509e-03, -3.9764694603637426e-03,  4.9807586327858221e-02,  0.0000000000000000e+00, -7.4307581373884270e-03,  4.5439865072325640e-03,  2.8491778342318558e-02,  0.0000000000000000e+00
 5.0749250749250745e+00,  6.3449632727436540e+02,  3.5354902156920289e+00,  3.2513339941293154e+01, -2.3709994471655470e-02,  8.7564426151253594e-02,  4.9757499532866239e-01,  3.2211123457169856e+03,  4.2995672706114377e+01, -1.4984109121002943e+04,  9.9496096867458945e+00,  2.5136315338622079e+00,  2.0982921024907588e+00, -8.7107060518046953e-02, -1.6416408926162307e+00,  9.8521025989501843e-01,  2.7328816364904313e-01,  4.5356709352288270e-03, -3.9314341425059005e-03,  5.0077816210683919e-02,  0.0000000000000000e+00, -7.2878756551582411e-03,  4.4720841278721394e-03,  2.5608244199830304e-02,  0.0000000000000000e+00
 5.0849150849150853e+00,  6.3449845845046309e+02,  3.5335908815954036e+00,  3.2515069640777725e+01, -2.3665390604718738e-02,  8.7607043492632000e-02,  4.9729129650418391e-01,  3.2274556974421207e+03,  4.3207005627452226e+01, -1.4984061395912820e+04,  9.9495945543119451e+00,  2.5136347422333758e+00,  2.1033427624779071e+00, -8.7062112786179535e-02, -1.6416799445249215e+00,  9.8571181563446275e-01,  2.7328816364904313e-01,  4.4635725584889416e-03, -3.8871127905578287e-03,  5.0319475643366723e-02,  0.0000000000000000e+00, -7.1462193681662888e-03,  4.4010505321315733e-03,  2.2771974223266475e-02,  0.0000000000000000e+00
 5.0949050949050951e+00,  6.3450058978083780e+02,  3.5317231010427101e+00,  3.2516787920739176e+01, -2.3621441717895087e-02,  8.7649016853132658e-02,  4.9701285255760602e-01,  3.2337990531663850e+03,  4.3418876963322433e+01, -1.4984013658457105e+04,  9.9495797463200226e+00,  2.5136388532452623e+00,  2.1083907272427007e+00, -8.7017878249146072e-02, -1.6417185572074506e+00,  9.8621564402375705e-01,  2.7328816364904313e-01,  4.3928833577798936e-03, -3.8434967669041201e-03,  5.0533035291301320e-02,  0.0000000000000000e+00, -7.0057586138244374e-03,  4.3308774033751600e-03,  1.9982667292789819e-02,  0.0000000000000000e+00
 5.1048951048951050e+00,  6.3450272126432026e+02,  3.5298862780265630e+00,  3.2518494801209094e+01, -2.3578151127983428e-02,  8.7690350359516611e-02,  4.9673962890472501e-01,  3.2401424128417771e+03,  4.3631286745653235e+01, -1.4983965908793371e+04,  9.9495652585021759e+00,  2.5136438515111412e+00,  2.1134360472657212e+00, -8.6974342888921197e-02, -1.6417567376671174e+00,  9.8672146668923399e-01,  2.7328816364904313e-01,  4.3235915283549153e-03, -3.8005775159898779e-03,  5.0718962809415007e-02,  0.0000000000000000e+00, -6.8664656370563022e-03,  4.2615566296562392e-03,  1.7240021833570211e-02,  0.0000000000000000e+00
 5.1148851148851149e+00,  6.3450485289972994e+02,  3.5280798207755568e+00,  3.2520190302543611e+01, -2.3535521626063306e-02,  8.7731048192055211e-02,  4.9647159045148626e-01,  3.2464857764202534e+03,  4.3844235006082776e+01, -1.4983918147078322e+04,  9.9495510865437744e+00,  2.5136497217457534e+00,  2.1184787726915362e+00, -8.6931492804024096e-02, -1.6417944928221557e+00,  9.8722900991405504e-01,  2.7328816364904313e-01,  4.2556855287774085e-03, -3.7583465623545081e-03,  5.0877722837528026e-02,  0.0000000000000000e+00, -6.7283154783606232e-03,  4.1930802881448969e-03,  1.4543735794657073e-02,  0.0000000000000000e+00
 5.1248751248751248e+00,  6.3450698468587507e+02,  3.5263031418077677e+00,  3.2521874445426043e+01, -2.3493555491221309e-02,  8.7771114582760462e-02,  4.9620870161090508e-01,  3.2528291438537276e+03,  4.4057721775963344e+01, -1.4983870373467791e+04,  9.9495372260884665e+00,  2.5136564487666959e+00,  2.1235189533238499e+00, -8.6889314207027543e-02, -1.6418318295065251e+00,  9.8773800460806571e-01,  2.7328816364904313e-01,  4.1891540535584334e-03, -3.7167955086195182e-03,  5.1009776995382512e-02,  0.0000000000000000e+00, -6.5912858604784451e-03,  4.1254406696001871e-03,  1.1893506607811070e-02,  0.0000000000000000e+00
 5.1348651348651346e+00,  6.3450911662155215e+02,  3.5245556579823352e+00,  3.2523547250869314e+01, -2.3452254505011545e-02,  8.7810553813632966e-02,  4.9595092631978932e-01,  3.2591725150940733e+03,  4.4271747086365536e+01, -1.4983822588116733e+04,  9.9495236727430569e+00,  2.5136640174957554e+00,  2.1285566386208203e+00, -8.6847793422334618e-02, -1.6418687544706796e+00,  9.8824818627759914e-01,  2.7328816364904313e-01,  4.1239860069349965e-03, -3.6759160335660831e-03,  5.1115583877215841e-02,  0.0000000000000000e+00, -6.4553570735338519e-03,  4.0586302360976299e-03,  9.2890311352212401e-03,  0.0000000000000000e+00
 5.1448551448551445e+00,  6.3451124870554577e+02,  3.5228367905491402e+00,  3.2525208740218176e+01, -2.3411619966541730e-02,  8.7849370214926753e-02,  4.9569822805526492e-01,  3.2655158900931228e+03,  4.4486310968082421e+01, -1.4983774791179236e+04,  9.9495104220822039e+00,  2.5136724129602017e+00,  2.1335918776905363e+00, -8.6806916884211660e-02, -1.6419052743823206e+00,  9.8875929499522286e-01,  2.7328816364904313e-01,  4.0601704778336183e-03, -3.6356998904567700e-03,  5.1195599045779389e-02,  0.0000000000000000e+00, -6.3205118525254400e-03,  3.9926416143541881e-03,  6.7300056116572811e-03,  0.0000000000000000e+00
 5.1548451548451553e+00,  6.3451338093662844e+02,  3.5211459651966011e+00,  3.2526858935151246e+01, -2.3371652708082516e-02,  8.7887568163431060e-02,  4.9545056985110209e-01,  3.2718592688026679e+03,  4.4701413451633627e+01, -1.4983726982808514e+04,  9.9494974696529965e+00,  2.5136816202940322e+00,  2.1386247192866508e+00, -8.6766671135065213e-02, -1.6419413958271323e+00,  9.8927107536942294e-01,  2.7328816364904313e-01,  3.9976967160294885e-03, -3.5961389053247345e-03,  5.1250275025824132e-02,  0.0000000000000000e+00, -6.1867352606609586e-03,  3.9274676090790290e-03,  4.2161255932997152e-03,  0.0000000000000000e+00
 5.1648351648351651e+00,  6.3451551331355995e+02,  3.5194826120976050e+00,  3.2528497857682829e+01, -2.3332353111103776e-02,  8.7925152080768926e-02,  4.9520791431384487e-01,  3.2782026511744589e+03,  4.4917054567269332e+01, -1.4983679163156914e+04,  9.9494848109793690e+00,  2.5136916247391734e+00,  2.1436552118041705e+00, -8.6727042823951328e-02, -1.6419771253094999e+00,  9.8978327651422038e-01,  2.7328816364904313e-01,  3.9365541074586671e-03, -3.5572249742167965e-03,  5.1280061385961161e-02,  0.0000000000000000e+00, -6.0540149752526945e-03,  3.8631013987619643e-03,  1.7471037056766209e-03,  0.0000000000000000e+00
 5.1748251748251750e+00,  6.3451764583508748e+02,  3.5178461659535953e+00,  3.2530125530164554e+01, -2.3293721122640960e-02,  8.7962126431713333e-02,  4.9497022363874627e-01,  3.2845460371602080e+03,  4.5133234344974376e+01, -1.4983631332375911e+04,  9.9494724415663462e+00,  2.5137024116466380e+00,  2.1486834032754074e+00, -8.6688018705345760e-02, -1.6420124692531906e+00,  9.9029565202049108e-01,  2.7328816364904313e-01,  3.8767321613773524e-03, -3.5189500667719498e-03,  5.1285404358846869e-02,  0.0000000000000000e+00, -5.9223386302265412e-03,  3.7995350716964423e-03, -6.7744053395786400e-04,  0.0000000000000000e+00
 5.1848151848151849e+00,  6.3451977849994523e+02,  3.5162360660368357e+00,  3.2531741975286820e+01, -2.3255756271935074e-02,  8.7998495722520401e-02,  4.9473745962548960e-01,  3.2908894267115875e+03,  4.5349952814472154e+01, -1.4983583490616116e+04,  9.9494603569041704e+00,  2.5137139664776318e+00,  2.1537093413660773e+00, -8.6649585637909823e-02, -1.6420474340021427e+00,  9.9080795991799353e-01,  2.7328816364904313e-01,  3.8182204786689233e-03, -3.4813062180538549e-03,  5.1266747329630880e-02,  0.0000000000000000e+00, -5.7917002480011486e-03,  3.7367634416661756e-03, -3.0576967150835088e-03,  0.0000000000000000e+00
 5.1948051948051948e+00,  6.3452191130685424e+02,  3.5146517562308746e+00,  3.2533347216080053e+01, -2.3218457687224470e-02,  8.8034264499279397e-02,  4.9450958369372705e-01,  3.2972328197802299e+03,  4.5567210005228560e+01, -1.4983535638027270e+04,  9.9494485524722194e+00,  2.5137262748046267e+00,  2.1587330733715446e+00, -8.6611730583893834e-02, -1.6420820258209838e+00,  9.9131996265644773e-01,  2.7328816364904313e-01,  3.7610087337507209e-03, -3.4442855278167218e-03,  5.1224530788059566e-02,  0.0000000000000000e+00, -5.6620910846230570e-03,  3.6747787438079905e-03, -5.3940549074930491e-03,  0.0000000000000000e+00
 5.2047952047952046e+00,  6.3452404425452210e+02,  3.5130926850692243e+00,  3.2534941275915791e+01, -2.3181824112632147e-02,  8.8069437346280754e-02,  4.9428655689842416e-01,  3.3035762163177292e+03,  4.5785005946455861e+01, -1.4983487774758247e+04,  9.9494370237427994e+00,  2.5137393223123836e+00,  2.1637546462132304e+00, -8.6574440608264455e-02, -1.6421162508958054e+00,  9.9183142706660610e-01,  2.7328816364904313e-01,  3.7050866677839850e-03, -3.4078801657176200e-03,  5.1159191841875527e-02,  0.0000000000000000e+00, -5.5335065219176433e-03,  3.6135747484322329e-03, -7.6868021185510218e-03,  0.0000000000000000e+00
 5.2147852147852145e+00,  6.3452617734164278e+02,  3.5115583057722821e+00,  3.2536524178507591e+01, -2.3145853925100459e-02,  8.8104018884401336e-02,  4.9406833994499322e-01,  3.3099196162756402e+03,  4.6003340667116539e+01, -1.4983439900957059e+04,  9.9494257661847527e+00,  2.5137530947989344e+00,  2.1687741064351571e+00, -8.6537702878243805e-02, -1.6421501153347844e+00,  9.9234212433161006e-01,  2.7328816364904313e-01,  3.6504440625582135e-03, -3.3720823645818025e-03,  5.1071164617725498e-02,  0.0000000000000000e+00, -5.4059430442819200e-03,  3.5531450389585609e-03, -9.9362481562860951e-03,  0.0000000000000000e+00
 5.2247752247752244e+00,  6.3452831056689649e+02,  3.5100480762825153e+00,  3.2538095947911735e+01, -2.3110545151287999e-02,  8.8138013769507847e-02,  4.9385489320423553e-01,  3.3162630196054806e+03,  4.6222214195927080e+01, -1.4983392016770851e+04,  9.9494147752669200e+00,  2.5137675781765241e+00,  2.1737915002006369e+00, -8.6501504662958598e-02, -1.6421836251688240e+00,  9.9285182995607113e-01,  2.7328816364904313e-01,  3.5970707275453620e-03, -3.3368844207915210e-03,  5.0960880141678613e-02,  0.0000000000000000e+00, -5.2793986252585596e-03,  3.4934833078258901e-03, -1.2142703947845106e-02,  0.0000000000000000e+00
 5.2347652347652351e+00,  6.3453044392894935e+02,  3.5085614592979293e+00,  3.2539656608527800e+01, -2.3075895484377305e-02,  8.8171426690878171e-02,  4.9364617672708461e-01,  3.3226064262587306e+03,  4.6441626561361765e+01, -1.4983344122345907e+04,  9.9494040464614297e+00,  2.5137827584725074e+00,  2.1788068732891142e+00, -8.6465833333237901e-02, -1.6422167863521828e+00,  9.9336032373504024e-01,  2.7328816364904313e-01,  3.5449564855858182e-03, -3.3022786932530826e-03,  5.0828766327799917e-02,  0.0000000000000000e+00, -5.1538726150418207e-03,  3.4345833453691961e-03, -1.4306481590669636e-02,  0.0000000000000000e+00
 5.2447552447552450e+00,  6.3453257742645337e+02,  3.5070979223038448e+00,  3.2541206185099043e+01, -2.3041902300740453e-02,  8.8204262369640712e-02,  4.9344215025915383e-01,  3.3289498361868305e+03,  4.6661577791656278e+01, -1.4983296217827648e+04,  9.9493935752468250e+00,  2.5137986218302082e+00,  2.1838202710931398e+00, -8.6430676361548289e-02, -1.6422496047630948e+00,  9.9386738972286037e-01,  2.7328816364904313e-01,  3.4940911597050933e-03, -3.2682576024625812e-03,  5.0675247966269904e-02,  0.0000000000000000e+00, -5.0293656263105226e-03,  3.3764390309183796e-03, -1.6427894388089805e-02,  0.0000000000000000e+00
 5.2547452547452549e+00,  6.3453471105804613e+02,  3.5056569376030025e+00,  3.2542744702712625e+01, -2.3008562676414272e-02,  8.8236525557232715e-02,  4.9324277325508631e-01,  3.3352932493411849e+03,  4.6882067914811515e+01, -1.4983248303360639e+04,  9.9493833571110404e+00,  2.5138151545097371e+00,  2.1888317386154883e+00, -8.6396021322054983e-02, -1.6422820862043799e+00,  9.9437281620189877e-01,  2.7328816364904313e-01,  3.4444645610246251e-03, -3.2348136295501637e-03,  5.0500746710921030e-02,  0.0000000000000000e+00, -4.9058794295193100e-03,  3.3190443461476519e-03, -1.8507256932755685e-02,  0.0000000000000000e+00
 5.2647352647352648e+00,  6.3453684482235064e+02,  3.5042379823440251e+00,  3.2544272186799667e+01, -2.2975873403341597e-02,  8.8268221033876632e-02,  4.9304800489270861e-01,  3.3416366656731625e+03,  4.7103096958597135e+01, -1.4983200379088577e+04,  9.9493733875542016e+00,  2.5138323428887679e+00,  2.1938413204664151e+00, -8.6361855890798547e-02, -1.6423142364040448e+00,  9.9487639565115049e-01,  2.7328816364904313e-01,  3.3960664777360440e-03, -3.2019393154472595e-03,  5.0305681066179657e-02,  0.0000000000000000e+00, -4.7834168448547100e-03,  3.2623933372539220e-03, -2.0544885144467742e-02,  0.0000000000000000e+00
 5.2747252747252746e+00,  6.3453897871797540e+02,  3.5028405385482526e+00,  3.2545788663135141e+01, -2.2943831005339067e-02,  8.8299353607075887e-02,  4.9285780408698848e-01,  3.3479800851340938e+03,  4.7324664950555160e+01, -1.4983152445154310e+04,  9.9493636620913097e+00,  2.5138501734632781e+00,  2.1988490608610443e+00, -8.6328167845976342e-02, -1.6423460610158773e+00,  9.9537792471470954e-01,  2.7328816364904313e-01,  3.3488866651124375e-03, -3.1696272601080579e-03,  5.0090466373743273e-02,  0.0000000000000000e+00, -4.6619816423914065e-03,  3.2064801416542476e-03, -2.2541096281296007e-02,  0.0000000000000000e+00
 5.2847152847152845e+00,  6.3454111274351385e+02,  3.5014640931349774e+00,  3.2547294157837655e+01, -2.2912431753756311e-02,  8.8329928110129866e-02,  4.9267212950379735e-01,  3.3543235076752740e+03,  4.7546771918003536e+01, -1.4983104501699823e+04,  9.9493541762547206e+00,  2.5138686328482449e+00,  2.2038550036168973e+00, -8.6294945068318779e-02, -1.6423775656200310e+00,  9.9587720417010639e-01,  2.7328816364904313e-01,  3.3029148365240732e-03, -3.1378701216650462e-03,  4.9855514798774446e-02,  0.0000000000000000e+00, -4.5415784409993006e-03,  3.1512989746368091e-03, -2.4496209027464456e-02,  0.0000000000000000e+00
 5.2947052947052944e+00,  6.3454324689754480e+02,  3.5001081379451056e+00,  3.2548788697369005e+01, -2.2881671682795156e-02,  8.8359949400667492e-02,  4.9249093957347689e-01,  3.3606669332479619e+03,  4.7769417888039634e+01, -1.4983056548866251e+04,  9.9493449255965221e+00,  2.5138877077783124e+00,  2.2088591921515466e+00, -8.6262175541550287e-02, -1.6424087557236029e+00,  9.9637403889650322e-01,  2.7328816364904313e-01,  3.2581406554249900e-03, -3.1066606157733184e-03,  4.9601235315531247e-02,  0.0000000000000000e+00, -4.4222126150372165e-03,  3.0968441048871251e-03, -2.6410543517824799e-02,  0.0000000000000000e+00
 5.3046953046953043e+00,  6.3454538117863171e+02,  3.4987721697632610e+00,  3.2550272308533657e+01, -2.2851546604461401e-02,  8.8389422359201081e-02,  4.9231419250421166e-01,  3.3670103618033809e+03,  4.7992602887543718e+01, -1.4983008586793869e+04,  9.9493359056907291e+00,  2.5139073851084079e+00,  2.2138616694804036e+00, -8.6229847352925673e-02, -1.6424396367612053e+00,  9.9686823784274436e-01,  2.7328816364904313e-01,  3.2145537282632468e-03, -3.0759915148769624e-03,  4.9328033692906642e-02,  0.0000000000000000e+00, -4.3038902027149025e-03,  3.0431098945357892e-03, -2.8284421331179303e-02,  0.0000000000000000e+00
 5.3146853146853150e+00,  6.3454751558532291e+02,  3.4974556903383647e+00,  3.2551745018478030e+01, -2.2822052123125089e-02,  8.8418351887699267e-02,  4.9214184629520746e-01,  3.3733537932927197e+03,  4.8216326943182409e+01, -1.4982960615622102e+04,  9.9493271121353590e+00,  2.5139276518143321e+00,  2.2188624782146342e+00, -8.6197948693832738e-02, -1.6424702140955285e+00,  9.9735961399526263e-01,  2.7328816364904313e-01,  3.1721435982927557e-03, -3.0458556475872591e-03,  4.9036312479606541e-02,  0.0000000000000000e+00, -4.1866178173771123e-03,  2.9900907368626594e-03, -3.0118165571499132e-02,  0.0000000000000000e+00
 5.3246753246753249e+00,  6.3454965011615150e+02,  3.4961582064027050e+00,  3.2553206854689677e+01, -2.2793183649668765e-02,  8.8446742908180068e-02,  4.9197385874967581e-01,  3.3796972276671304e+03,  4.8440590081411969e+01, -1.4982912635489525e+04,  9.9493185405543763e+00,  2.5139484949933122e+00,  2.2238616605592001e+00, -8.6166467860452289e-02, -1.6425004930179004e+00,  9.9784798434583344e-01,  2.7328816364904313e-01,  3.1308997402444121e-03, -3.0162458981040992e-03,  4.8726470988985714e-02,  0.0000000000000000e+00, -4.0704025639292409e-03,  2.9377811096928225e-03, -3.1912100851225929e-02,  0.0000000000000000e+00
 5.3346653346653348e+00,  6.3455178476963511e+02,  3.4948792296895279e+00,  3.2554657844996299e+01, -2.2764936415206178e-02,  8.8474600361323930e-02,  4.9181018748762634e-01,  3.3860406648777316e+03,  4.8665392328481786e+01, -1.4982864646533864e+04,  9.9493101865994689e+00,  2.5139699018645034e+00,  2.2288592583110272e+00, -8.6135393254467216e-02, -1.6425304787488373e+00,  9.9833316985917842e-01,  2.7328816364904313e-01,  3.0908115558147937e-03, -2.9871552055491983e-03,  4.8398905283822652e-02,  0.0000000000000000e+00, -3.9552519588804767e-03,  2.8861755397984129e-03, -3.3666553322418621e-02,  0.0000000000000000e+00
 5.3446553446553446e+00,  6.3455391954427580e+02,  3.4936182769491677e+00,  3.2556098017564636e+01, -2.2737305484357158e-02,  8.8501929205106578e-02,  4.9165078995846567e-01,  3.3923841048756080e+03,  4.8890733710437615e+01, -1.4982816648891994e+04,  9.9493020459517290e+00,  2.5139918597694844e+00,  2.2338553128572909e+00, -8.6104713383812634e-02, -1.6425601764385906e+00,  9.9881499544041530e-01,  2.7328816364904313e-01,  3.0518683699348606e-03, -2.9585765635000050e-03,  4.8054008160860695e-02,  0.0000000000000000e+00, -3.8411738542822095e-03,  2.8352685984501416e-03, -3.5381850694566751e-02,  0.0000000000000000e+00
 5.3546453546453545e+00,  6.3455605443856030e+02,  3.4923748699637471e+00,  3.2557527400899218e+01, -2.2710285768066930e-02,  8.8528734413452034e-02,  4.9149562345340636e-01,  3.3987275476118093e+03,  4.9116614253124844e+01, -1.4982768642699944e+04,  9.9492941143231963e+00,  2.5140143561726855e+00,  2.2388498651738291e+00, -8.6074416863459527e-02, -1.6425895911676884e+00,  9.9929328990235244e-01,  2.7328816364904313e-01,  3.0140594277812964e-03, -2.9305030193445890e-03,  4.7692169135301707e-02,  0.0000000000000000e+00, -3.7281763648614363e-03,  2.7850549414642424e-03, -3.7058322222342704e-02,  0.0000000000000000e+00
 5.3646353646353644e+00,  6.3455818945095939e+02,  3.4911485355604639e+00,  3.2558946023841003e+01, -2.2683872035961016e-02,  8.8555020974906071e-02,  4.9134464511768322e-01,  3.4050709930373519e+03,  4.9343033982191756e+01, -1.4982720628092902e+04,  9.9492863874582760e+00,  2.5140373786618051e+00,  2.2438429558236703e+00, -8.6044492416224597e-02, -1.6426187279474687e+00,  9.9976788593262911e-01,  2.7328816364904313e-01,  2.9773738933965115e-03, -2.9029276744262484e-03,  4.7313774385836227e-02,  0.0000000000000000e+00, -3.6162676189725974e-03,  2.7355291111876017e-03, -3.8696306620647582e-02,  0.0000000000000000e+00
 5.3746253746253743e+00,  6.3456032457992819e+02,  3.4899388056234928e+00,  3.2560353915565862e+01, -2.2658058928234720e-02,  8.8580793891330001e-02,  4.9119781196257645e-01,  3.4114144411032189e+03,  4.9569992923092691e+01, -1.4982672605205207e+04,  9.9492788611350473e+00,  2.5140609149481814e+00,  2.2488346249556757e+00, -8.6014928873581475e-02, -1.6426475917206240e+00,  1.0002386200599116e+00,  2.7328816364904313e-01,  2.9418008451716376e-03, -2.8758436818762832e-03,  4.6919206864985609e-02,  0.0000000000000000e+00, -3.5054566356207658e-03,  2.6866861972895993e-03, -4.0296111053225704e-02,  0.0000000000000000e+00
 5.3846153846153850e+00,  6.3456245982390612e+02,  3.4887452171045243e+00,  3.2561751105582985e+01, -2.2632840967049490e-02,  8.8606058176614225e-02,  4.9105508087725863e-01,  3.4177578917603605e+03,  4.9797491101091254e+01, -1.4982624574170361e+04,  9.9492715311664526e+00,  2.5140849528671327e+00,  2.2538249123033078e+00, -8.5985715176560826e-02, -1.6426761873616920e+00,  1.0007053326232382e+00,  2.7328816364904313e-01,  2.9073292770646565e-03, -2.8492442473035348e-03,  4.6508846187927083e-02,  0.0000000000000000e+00, -3.3957512993965967e-03,  2.6385206041744766e-03, -4.1858096493888823e-02,  0.0000000000000000e+00
 5.3946053946053949e+00,  6.3456459518131669e+02,  3.4875673120319641e+00,  3.2563137623733120e+01, -2.2608212567471472e-02,  8.8630818855412644e-02,  4.9091640864043856e-01,  3.4241013449596926e+03,  5.0025528541263327e+01, -1.4982576535121021e+04,  9.9492643934014016e+00,  2.5141094803782686e+00,  2.2588138571834961e+00, -8.5956840376537225e-02, -1.6427045196776131e+00,  1.0011678677359941e+00,  2.7328816364904313e-01,  2.8739480999757090e-03, -2.8231226295938991e-03,  4.6083068539748008e-02,  0.0000000000000000e+00, -3.2871603538363568e-03,  2.5910272613198209e-03, -4.3382588671972852e-02,  0.0000000000000000e+00
 5.4045954045954048e+00,  6.3456673065056748e+02,  3.4864046375188185e+00,  3.2564513500186713e+01, -2.2584168047925707e-02,  8.8655080961897212e-02,  4.9078175193182255e-01,  3.4304448006521002e+03,  5.0254105268500275e+01, -1.4982528488189013e+04,  9.9492574437257311e+00,  2.5141344855657657e+00,  2.2638014984956314e+00, -8.5928293636101771e-02, -1.6427325934082373e+00,  1.0016260732534030e+00,  2.7328816364904313e-01,  2.8416461387749869e-03, -2.7974721386543324e-03,  4.5642246795197794e-02,  0.0000000000000000e+00, -3.1796922785482682e-03,  2.5442010247814241e-03, -4.4869924586981781e-02,  0.0000000000000000e+00
 5.4145854145854146e+00,  6.3456886623005016e+02,  3.4852567457692878e+00,  3.2565878765441951e+01, -2.2560701640174680e-02,  8.8678849538533028e-02,  4.9065106734338909e-01,  3.4367882587884351e+03,  5.0483221307511926e+01, -1.4982480433505321e+04,  9.9492506780631214e+00,  2.5141599566386077e+00,  2.2687878747206578e+00, -8.5900064229908354e-02, -1.6427604132268370e+00,  1.0020798007388951e+00,  2.7328816364904313e-01,  2.8104121340863683e-03, -2.7722861355246142e-03,  4.5186750454802006e-02,  0.0000000000000000e+00, -3.0733554601132741e-03,  2.4980368017882308e-03, -4.6320442760255071e-02,  0.0000000000000000e+00
 5.4245754245754245e+00,  6.3457100191814038e+02,  3.4841231940840909e+00,  3.2567233450322668e+01, -2.2537807498824586e-02,  8.8702129634873436e-02,  4.9052431139047725e-01,  3.4431317193195177e+03,  5.0712876682829560e+01, -1.4982432371200097e+04,  9.9492440923758760e+00,  2.5141858819308021e+00,  2.2737730239202767e+00, -8.5872141545510636e-02, -1.6427879837406154e+00,  1.0025289054303221e+00,  2.7328816364904313e-01,  2.7802347434308793e-03, -2.7475580321656853e-03,  4.4716945630040091e-02,  0.0000000000000000e+00, -2.9681581491156632e-03,  2.4525294906693920e-03, -4.7734483157081536e-02,  0.0000000000000000e+00
 5.4345654345654344e+00,  6.3457313771319798e+02,  3.4830035448645456e+00,  3.2568577585976158e+01, -2.2515479710364283e-02,  8.8724926306375393e-02,  4.9040144052269008e-01,  3.4494751821961368e+03,  5.0943071418808913e+01, -1.4982384301402659e+04,  9.9492376826656344e+00,  2.5142122499015609e+00,  2.2787569837362573e+00, -8.5844515084185460e-02, -1.6428153094912159e+00,  1.0029732462060288e+00,  2.7328816364904313e-01,  2.7511025428049183e-03, -2.7232812911263766e-03,  4.4233195028655574e-02,  0.0000000000000000e+00, -2.8641084162018150e-03,  2.4076740654002918e-03, -4.9112387240100391e-02,  0.0000000000000000e+00
 5.4445554445554443e+00,  6.3457527361356654e+02,  3.4818973656154268e+00,  3.2569911203870873e+01, -2.2493712301743001e-02,  8.8747244613235118e-02,  4.9028241113461418e-01,  3.4558186473690489e+03,  5.1173805539633072e+01, -1.4982336224241493e+04,  9.9492314449739947e+00,  2.5142390491354538e+00,  2.2837397913898556e+00, -8.5817174461738310e-02, -1.6428423949552233e+00,  1.0034126855507748e+00,  2.7328816364904313e-01,  2.7230040286709296e-03, -2.6994494251433281e-03,  4.3735857940297648e-02,  0.0000000000000000e+00, -2.7612141134227479e-03,  2.3634655044060919e-03, -5.0454497849157245e-02,  0.0000000000000000e+00
 5.4545454545454541e+00,  6.3457740961757384e+02,  3.4808042289466266e+00,  3.2571234335794045e+01, -2.2472499248494524e-02,  8.8769089619243777e-02,  4.9016717957635569e-01,  3.4621621147889805e+03,  5.1405079069315391e+01, -1.4982288139844261e+04,  9.9492253753830617e+00,  2.5142662683425301e+00,  2.2887214836813250e+00, -8.5790109409286941e-02, -1.6428692445446653e+00,  1.0038470895215192e+00,  2.7328816364904313e-01,  2.6959276203223420e-03, -2.6760559968963767e-03,  4.3225290222694279e-02,  0.0000000000000000e+00, -2.6594828379403797e-03,  2.3198988306095312e-03, -5.1761159214648828e-02,  0.0000000000000000e+00
 5.4645354645354649e+00,  6.3457954572353140e+02,  3.4797237125736373e+00,  3.2572547013849160e+01, -2.2451834482416260e-02,  8.8790466390663139e-02,  4.9005570216389455e-01,  3.4685055844066273e+03,  5.1636892031702352e+01, -1.4982240048337793e+04,  9.9492194700159100e+00,  2.5142938963584047e+00,  2.2937020969895401e+00, -8.5763309774019580e-02, -1.6428958626075090e+00,  1.0042763277130664e+00,  2.7328816364904313e-01,  2.6698616625894481e-03, -2.6530946187423151e-03,  4.2701844287946052e-02,  0.0000000000000000e+00, -2.5589219001847558e-03,  2.2769690758335272e-03, -5.3032716921943064e-02,  0.0000000000000000e+00
 5.4745254745254748e+00,  6.3458168192973494e+02,  3.4786553993168843e+00,  3.2573849270453387e+01, -2.2431711898812906e-02,  8.8811379995121315e-02,  4.8994793518925728e-01,  3.4748490561726530e+03,  5.1869244450476323e+01, -1.4982191949848098e+04,  9.9492137250370050e+00,  2.5143219221443358e+00,  2.2986816672717119e+00, -8.5736765519924513e-02, -1.6429222534281567e+00,  1.0047002732235761e+00,  2.7328816364904313e-01,  2.6447944288595458e-03, -2.6305589523586610e-03,  4.2165869089424934e-02,  0.0000000000000000e+00, -2.4595382925653177e-03,  2.2346713341974676e-03, -5.4269517822361071e-02,  0.0000000000000000e+00
 5.4845154845154847e+00,  6.3458381823446393e+02,  3.4775988770999247e+00,  3.2575141138334878e+01, -2.2412125363315140e-02,  8.8831835500528186e-02,  4.8984383493050981e-01,  3.4811925300376924e+03,  5.2102136349158435e+01, -1.4982143844500359e+04,  9.9492081366525067e+00,  2.5143503347872511e+00,  2.3036602300632043e+00, -8.5710466728487922e-02, -1.6429484212279357e+00,  1.0051188026199480e+00,  2.7328816364904313e-01,  2.6207141243748274e-03, -2.6084427085880848e-03,  4.1617710109016423e-02,  0.0000000000000000e+00, -2.3613386652753241e-03,  2.1930006686719005e-03, -5.5471910055424886e-02,  0.0000000000000000e+00
 5.4945054945054945e+00,  6.3458595463598203e+02,  3.4765537389465417e+00,  3.2576422650529999e+01, -2.2393068718284562e-02,  8.8851837974010250e-02,  4.8974335766157145e-01,  3.4875360059523500e+03,  5.2335567751111263e+01, -1.4982095732418938e+04,  9.9492027011105666e+00,  2.5143791234997592e+00,  2.3086378204774429e+00, -8.5684403599357584e-02, -1.6429743701655910e+00,  1.0055317959030770e+00,  2.7328816364904313e-01,  2.5976088897829855e-03, -2.5867396472056127e-03,  4.1057709344982020e-02,  0.0000000000000000e+00, -2.2643293000114396e-03,  2.1519522200990995e-03, -5.6640242904263852e-02,  0.0000000000000000e+00
 5.5044955044955044e+00,  6.3458809113253676e+02,  3.4755195829767507e+00,  3.2577693840380441e+01, -2.2374535788816808e-02,  8.8871392480865466e-02,  4.8964645966185066e-01,  3.4938794838672006e+03,  5.2569538679541552e+01, -1.4982047613727384e+04,  9.9491974147015387e+00,  2.5144082776201269e+00,  2.3136144732059227e+00, -8.5658566450969781e-02, -1.6430001043377700e+00,  1.0059391364729946e+00,  2.7328816364904313e-01,  2.5754668049104089e-03, -2.5654435766514347e-03,  4.0486205300216009e-02,  0.0000000000000000e+00, -2.1685160914784434e-03,  2.1115211048473538e-03, -5.7774866857892508e-02,  0.0000000000000000e+00
 5.5144855144855143e+00,  6.3459022772235971e+02,  3.4744960124017421e+00,  3.2578954741530289e+01, -2.2356520388355255e-02,  8.8890504083537492e-02,  4.8955309722570406e-01,  3.5002229637327896e+03,  5.2804049157502895e+01, -1.4981999488548423e+04,  9.9491922737581255e+00,  2.5144377866122425e+00,  2.3185902225183015e+00, -8.5632945721137596e-02, -1.6430256277795101e+00,  1.0063407110938904e+00,  2.7328816364904313e-01,  2.5542758927332341e-03, -2.5445483539087784e-03,  3.9903532971067336e-02,  0.0000000000000000e+00, -2.0739045263920633e-03,  2.0717024882325155e-03, -5.8876133437673978e-02,  0.0000000000000000e+00
 5.5244755244755241e+00,  6.3459236440366647e+02,  3.4734826355177848e+00,  3.2580205387922973e+01, -2.2339016323928235e-02,  8.8909177840608741e-02,  4.8946322667171982e-01,  3.5065664454996331e+03,  5.3039099207898374e+01, -1.4981951357003969e+04,  9.9491872746555057e+00,  2.5144676400655381e+00,  2.3235651022625907e+00, -8.5607531967598488e-02, -1.6430509444647212e+00,  1.0067364098590299e+00,  2.7328816364904313e-01,  2.5340241235191447e-03, -2.5240478842705268e-03,  3.9310023836937505e-02,  0.0000000000000000e+00, -1.9804996702686988e-03,  2.0324915333455470e-03, -5.9944395215119059e-02,  0.0000000000000000e+00
 5.5344655344655340e+00,  6.3459450117465690e+02,  3.4724790656991060e+00,  3.2581445813798162e+01, -2.2322017401023117e-02,  8.8927418805813174e-02,  4.8937680435182668e-01,  3.5129099291182188e+03,  5.3274688853483148e+01, -1.4981903219215124e+04,  9.9491824138113856e+00,  2.5144978276948908e+00,  2.3285391458654305e+00, -8.5582315868519832e-02, -1.6430760583066684e+00,  1.0071261261555675e+00,  2.7328816364904313e-01,  2.5146994191163129e-03, -2.5039361212279743e-03,  3.8706005850121315e-02,  0.0000000000000000e+00, -1.8883061511557496e-03,  1.9938834277510131e-03, -6.0980005745134146e-02,  0.0000000000000000e+00
 5.5444555444555448e+00,  6.3459663803351486e+02,  3.4714849213897754e+00,  3.2582676053688552e+01, -2.2305517428110690e-02,  8.8945232027067667e-02,  4.8929378666022921e-01,  3.5192534145390055e+03,  5.3510818116867064e+01, -1.4981855075302181e+04,  9.9491776876860349e+00,  2.5145283393405076e+00,  2.3335123863324516e+00, -8.5557288222960798e-02, -1.6431009731584520e+00,  1.0075097566292621e+00,  2.7328816364904313e-01,  2.4962896573679227e-03, -2.4842070663045742e-03,  3.8091803426534093e-02,  0.0000000000000000e+00, -1.7973281508717946e-03,  1.9558733679135723e-03, -6.1983319457023241e-02,  0.0000000000000000e+00
 5.5544455544455547e+00,  6.3459877497840853e+02,  3.4704998260946089e+00,  3.2583896142416599e+01, -2.2289510220833864e-02,  8.8962622545522882e-02,  4.8921413004217129e-01,  3.5255969017124226e+03,  5.3747487020517084e+01, -1.4981806925384622e+04,  9.9491730927822370e+00,  2.5145591649677699e+00,  2.3384848562487277e+00, -8.5532439951289702e-02, -1.6431256928134876e+00,  1.0078872011491047e+00,  2.7328816364904313e-01,  2.4787826766243162e-03, -2.4648547689109022e-03,  3.7467737437112382e-02,  0.0000000000000000e+00, -1.7075693940203224e-03,  1.9184565703215164e-03, -6.2954691625537754e-02,  0.0000000000000000e+00
 5.5644355644355645e+00,  6.3460091200749025e+02,  3.4695234083691204e+00,  3.2585106115091186e+01, -2.2273989605874438e-02,  8.8979595394631711e-02,  4.8913779100252813e-01,  3.5319403905888730e+03,  5.3984695586759933e+01, -1.4981758769581129e+04,  9.9491686256452727e+00,  2.5145902946670686e+00,  2.3434565877793050e+00, -8.5507762095555717e-02, -1.6431502210059827e+00,  1.0082583627718618e+00,  2.7328816364904313e-01,  2.4621662803341951e-03, -2.4458733262668736e-03,  3.6834125199645899e-02,  0.0000000000000000e+00, -1.6190331432619212e-03,  1.8816282470130246e-03, -6.3894478315253356e-02,  0.0000000000000000e+00
 5.5744255744255744e+00,  6.3460304911889659e+02,  3.4685553018085336e+00,  3.2586306007104206e+01, -2.2258949424512196e-02,  8.8996155599237459e-02,  4.8906472611422908e-01,  3.5382838811187312e+03,  5.4222443837784454e+01, -1.4981710608009575e+04,  9.9491642828627889e+00,  2.5146217186536091e+00,  2.3484276126698194e+00, -8.5483245819814493e-02, -1.6431745614114150e+00,  1.0086231477065402e+00,  2.7328816364904313e-01,  2.4464282417051330e-03, -2.4272568832578172e-03,  3.6191280471595540e-02,  0.0000000000000000e+00, -1.5317221902764269e-03,  1.8453836434001321e-03, -6.4803036240429976e-02,  0.0000000000000000e+00
 5.5844155844155843e+00,  6.3460518631074865e+02,  3.4675951450358817e+00,  3.2587495854127063e+01, -2.2244383535890148e-02,  8.9012308174679908e-02,  4.8899489202651164e-01,  3.5446273732523437e+03,  5.4460731795644087e+01, -1.4981662440787035e+04,  9.9491600610647151e+00,  2.5146534272671857e+00,  2.3533979622471928e+00, -8.5458882410406764e-02, -1.6431987176470069e+00,  1.0089814652787867e+00,  2.7328816364904313e-01,  2.4315563084040689e-03, -2.4089996324229202e-03,  3.5539513443363070e-02,  0.0000000000000000e+00, -1.4456388565966241e-03,  1.8097179737462520e-03, -6.5680722811712333e-02,  0.0000000000000000e+00
 5.5944055944055942e+00,  6.3460732358115195e+02,  3.4666425816892126e+00,  3.2588675692107138e+01, -2.2230285820000108e-02,  8.9028058125919463e-02,  4.8892824547300823e-01,  3.5509708669400302e+03,  5.4699559482259232e+01, -1.4981614268029787e+04,  9.9491559569230965e+00,  2.5146854109719503e+00,  2.3583676674204064e+00, -8.5434663276190037e-02, -1.6432226932722027e+00,  1.0093332278952187e+00,  2.7328816364904313e-01,  2.4175382072757256e-03, -2.3910958137775273e-03,  3.4879130732369409e-02,  0.0000000000000000e+00, -1.3607849892976836e-03,  1.7746265190614720e-03, -6.6527895929220801e-02,  0.0000000000000000e+00
 5.6043956043956040e+00,  6.3460946092819643e+02,  3.4656972604079193e+00,  3.2589845557264184e+01, -2.2216650180402527e-02,  8.9043410446680030e-02,  4.8886474327966678e-01,  3.5573143621320833e+03,  5.4938926919419643e+01, -1.4981566089853313e+04,  9.9491519671519164e+00,  2.5147176603561450e+00,  2.3633367586813518e+00, -8.5410579948722934e-02, -1.6432464917891403e+00,  1.0096783510077052e+00,  2.7328816364904313e-01,  2.4043616490816433e-03, -2.3735397148130330e-03,  3.4210435377974309e-02,  0.0000000000000000e+00, -1.2771619611361051e-03,  1.7401044936090505e-03, -6.7344914020368435e-02,  0.0000000000000000e+00
 5.6143856143856148e+00,  6.3461159834995669e+02,  3.4647588348182152e+00,  3.2591005486086637e+01, -2.2203470546694266e-02,  8.9058370118609009e-02,  4.8880434237250736e-01,  3.5636578587787694e+03,  5.5178834128786754e+01, -1.4981517906372301e+04,  9.9491480885069059e+00,  2.5147501661318166e+00,  2.3683052661057626e+00, -8.5386624082402190e-02, -1.6432701166431281e+00,  1.0100167530775959e+00,  2.7328816364904313e-01,  2.3920143332244680e-03, -2.3563256704639659e-03,  3.3533726836914919e-02,  0.0000000000000000e+00, -1.1947706734703443e-03,  1.7061471850740551e-03, -6.8132135899716950e-02,  0.0000000000000000e+00
 5.6243756243756247e+00,  6.3461373584449200e+02,  3.4638269635177776e+00,  3.2592155515327889e+01, -2.2190740876738044e-02,  8.9072942110455813e-02,  4.8874699978521435e-01,  3.5700013568303261e+03,  5.5419281131895900e+01, -1.4981469717700644e+04,  9.9491443177853398e+00,  2.5147829191345084e+00,  2.3732732193542101e+00, -8.5362787454552613e-02, -1.6432935712231156e+00,  1.0103483555399113e+00,  2.7328816364904313e-01,  2.3804839524566891e-03, -2.3394480629740973e-03,  3.2849300979697273e-02,  0.0000000000000000e+00, -1.1136115562602102e-03,  1.6727498344185599e-03, -6.8889920715549724e-02,  0.0000000000000000e+00
 5.6343656343656345e+00,  6.3461587340984647e+02,  3.4629013100595740e+00,  3.2593295682002505e+01, -2.2178455158666954e-02,  8.9087131377267620e-02,  4.8869267266656746e-01,  3.5763448562369672e+03,  5.5660267950158705e+01, -1.4981421523951452e+04,  9.9491406518257772e+00,  2.5148159103229393e+00,  2.3782406476731830e+00, -8.5339061965469989e-02, -1.6433168588621685e+00,  1.0106730827674999e+00,  2.7328816364904313e-01,  2.3697581975593586e-03, -2.3229013219853538e-03,  3.2157450087618243e-02,  0.0000000000000000e+00, -1.0336845741853820e-03,  1.6399077115279064e-03, -6.9618627878674649e-02,  0.0000000000000000e+00
 5.6443556443556444e+00,  6.3461801104404901e+02,  3.4619815429348937e+00,  3.2594426023382383e+01, -2.2166607412677064e-02,  8.9100942859602766e-02,  4.8864131828771146e-01,  3.5826883569488791e+03,  5.5901794604865223e+01, -1.4981373325237049e+04,  9.9491370875078307e+00,  2.5148491307786482e+00,  2.3832075798962329e+00, -8.5315439638417562e-02, -1.6433399828379405e+00,  1.0109908620351684e+00,  2.7328816364904313e-01,  2.3598247619699333e-03, -2.3066799244272065e-03,  3.1458462850583492e-02,  0.0000000000000000e+00, -9.5498923081757138e-04,  1.6076160796132206e-03, -7.0318616975684103e-02,  0.0000000000000000e+00
 5.6543456543456543e+00,  6.3462014874511351e+02,  3.4610673355556028e+00,  3.2595546576992852e+01, -2.2155191692621146e-02,  8.9114381482761393e-02,  4.8859289404926648e-01,  3.5890318589162230e+03,  5.6143861117186162e+01, -1.4981325121668973e+04,  9.9491336217518942e+00,  2.5148825717056331e+00,  2.3881740444451847e+00, -8.5291912619576485e-02, -1.6433629463731461e+00,  1.0113016234837953e+00,  2.7328816364904313e-01,  2.3506713463577649e-03, -2.2907783945607042e-03,  3.0752624365712404e-02,  0.0000000000000000e+00, -8.7752457473855099e-04,  1.5758701996605885e-03, -7.0990247695509337e-02,  0.0000000000000000e+00
 5.6643356643356642e+00,  6.3462228651103896e+02,  3.4601583662356417e+00,  3.2596657380608740e+01, -2.2144202087415993e-02,  8.9127452156033488e-02,  4.8854735748828060e-01,  3.5953753620891339e+03,  5.6386467508175031e+01, -1.4981276913357982e+04,  9.9491302515188629e+00,  2.5149162244299585e+00,  2.3931400693314235e+00, -8.5268473177950874e-02, -1.6433857526360336e+00,  1.0116053000844334e+00,  2.7328816364904313e-01,  2.3422856631355247e-03, -2.2751913039007854e-03,  3.0040216136783888e-02,  0.0000000000000000e+00, -8.0128920635398225e-04,  1.5446653504552080e-03, -7.1633879735981121e-02,  0.0000000000000000e+00
 5.6743256743256740e+00,  6.3462442433980959e+02,  3.4592543181717841e+00,  3.2597758472250376e+01, -2.2133632722275511e-02,  8.9140159771963517e-02,  4.8850466628502559e-01,  3.6017188664177220e+03,  5.6629613798770286e+01, -1.4981228700414056e+04,  9.9491269738098573e+00,  2.5149500803993492e+00,  2.3981056821572424e+00, -8.5245113705228123e-02, -1.6434084047408564e+00,  1.0119018276024123e+00,  2.7328816364904313e-01,  2.3346554408968955e-03, -2.2599132712829580e-03,  2.9321516074303063e-02,  0.0000000000000000e+00, -7.2628128581958410e-04,  1.5139967796338302e-03, -7.2249872772681356e-02,  0.0000000000000000e+00
 5.6843156843156839e+00,  6.3462656222939484e+02,  3.4583548794236743e+00,  3.2598849890179565e+01, -2.2123477759781490e-02,  8.9152509205632668e-02,  4.8846477826963697e-01,  3.6080623718520724e+03,  5.6873300009797433e+01, -1.4981180482946400e+04,  9.9491237856659254e+00,  2.5149841311827723e+00,  2.4030709101172598e+00, -8.5221826715595292e-02, -1.6434309057483469e+00,  1.0121911445614424e+00,  2.7328816364904313e-01,  2.3277684287666446e-03, -2.2449389628409742e-03,  2.8596798496366833e-02,  0.0000000000000000e+00, -6.5249854263590870e-04,  1.4838597704312996e-03, -7.2838586329892999e-02,  0.0000000000000000e+00
 5.6943056943056947e+00,  6.3462870017774958e+02,  3.4574597428931639e+00,  3.2599931672895487e+01, -2.2113731400803562e-02,  8.9164505313956741e-02,  4.8842765142860051e-01,  3.6144058783422456e+03,  5.7117526161971099e+01, -1.4981132261063447e+04,  9.9491206841677204e+00,  2.5150183684699838e+00,  2.4080357799998904e+00, -8.5198604845512504e-02, -1.6434532586661879e+00,  1.0124731922077344e+00,  2.7328816364904313e-01,  2.3216124006629995e-03, -2.2302630920183410e-03,  2.7866334130491572e-02,  0.0000000000000000e+00, -5.7993828371380386e-04,  1.4542495682597445e-03, -7.3400379718329037e-02,  0.0000000000000000e+00
 5.7042957042957045e+00,  6.3463083818281427e+02,  3.4565686063029633e+00,  3.2601003859130600e+01, -2.2104387885279370e-02,  8.9176152935001848e-02,  4.8839324391108607e-01,  3.6207493858382759e+03,  5.7362292275896998e+01, -1.4981084034872858e+04,  9.9491176664352174e+00,  2.5150527840710732e+00,  2.4130003181888902e+00, -8.5175440853444181e-02, -1.6434754664494862e+00,  1.0127479144741396e+00,  2.7328816364904313e-01,  2.3161751594660191e-03, -2.2158804195789340e-03,  2.7130390116029340e-02,  0.0000000000000000e+00, -5.0859740394231391e-04,  1.4251614541292443e-03, -7.3935611977253207e-02,  0.0000000000000000e+00
 5.7142857142857144e+00,  6.3463297624251504e+02,  3.4556811721746250e+00,  3.2602066487846479e+01, -2.2095441492865749e-02,  8.9187456887315594e-02,  4.8836151403513012e-01,  3.6270928942901746e+03,  5.7607598372074058e+01, -1.4981035804481528e+04,  9.9491147296273965e+00,  2.5150873699159826e+00,  2.4179645506649563e+00, -8.5152327619549148e-02, -1.6434975320012444e+00,  1.0130152579443183e+00,  2.7328816364904313e-01,  2.3114445419706690e-03, -2.2017857541182162e-03,  2.6389229968472157e-02,  0.0000000000000000e+00, -4.3847221862677887e-04,  1.3965905711065033e-03, -7.4444649563696452e-02,  0.0000000000000000e+00
 5.7242757242757243e+00,  6.3463511435476369e+02,  3.4547971478058832e+00,  3.2603119598229597e+01, -2.2086886543476566e-02,  8.9198421969275049e-02,  4.8833242029366453e-01,  3.6334364036479292e+03,  5.7853444470896306e+01, -1.4980987569995586e+04,  9.9491118709419055e+00,  2.5151221180540131e+00,  2.4229285030073853e+00, -8.5129258145312900e-02, -1.6435194581728452e+00,  1.0132751718161670e+00,  2.7328816364904313e-01,  2.3074084199660246e-03, -2.1879739504967501e-03,  2.5643113708761676e-02,  0.0000000000000000e+00, -3.6955940670300975e-04,  1.3685325139111101e-03, -7.4927825630343517e-02,  0.0000000000000000e+00
 5.7342657342657342e+00,  6.3463725251745814e+02,  3.4539162452473544e+00,  3.2604163229687131e+01, -2.2078717397693813e-02,  8.9209052958450497e-02,  4.8830592136041018e-01,  3.6397799138615023e+03,  5.8099830592654840e+01, -1.4980939331520402e+04,  9.9491090876147634e+00,  2.5151570206533100e+00,  2.4278922003957852e+00, -8.5106225553216161e-02, -1.6435412477644911e+00,  1.0135276078685693e+00,  2.7328816364904313e-01,  2.3040547063069056e-03, -2.1744399110733810e-03,  2.4892297771543694e-02,  0.0000000000000000e+00, -3.0185406785262765e-04,  1.3409821786473275e-03, -7.5385525000698492e-02,  0.0000000000000000e+00
 5.7442557442557440e+00,  6.3463939072848234e+02,  3.4530381812786288e+00,  3.2605197421842668e+01, -2.2070928457098748e-02,  8.9219354610985332e-02,  4.8828197609560942e-01,  3.6461234248808328e+03,  5.8346756757539730e+01, -1.4980891089160583e+04,  9.9491063769200299e+00,  2.5151920700003365e+00,  2.4328556676118587e+00, -8.5083223086245829e-02, -1.6435629035257138e+00,  1.0137725204229910e+00,  2.7328816364904313e-01,  2.3013713603893785e-03, -2.1611785867722195e-03,  2.4137034934655292e-02,  0.0000000000000000e+00, -2.3535178483631298e-04,  1.3139349464452560e-03, -7.5818094944361286e-02,  0.0000000000000000e+00
 5.7542457542457539e+00,  6.3464152898570626e+02,  3.4521626773837624e+00,  3.2606222214531925e+01, -2.2063514164505395e-02,  8.9229331660991784e-02,  4.8826054355161813e-01,  3.6524669366558369e+03,  5.8594222985641906e+01, -1.4980842843019984e+04,  9.9491037361694818e+00,  2.5152272584993272e+00,  2.4378189290412196e+00, -8.5060244107454136e-02, -1.6435844281558352e+00,  1.0140098663088222e+00,  2.7328816364904313e-01,  2.2993463886486713e-03, -2.1481849753044084e-03,  2.3377574460685432e-02,  0.0000000000000000e+00, -1.7004755763282622e-04,  1.2873860693913095e-03, -7.6225891944191090e-02,  0.0000000000000000e+00
 5.7642357642357647e+00,  6.3464366728698644e+02,  3.4512894597261874e+00,  3.2607237647798428e+01, -2.2056469004112293e-02,  8.9238988819962450e-02,  4.8824158297835352e-01,  3.6588104491364074e+03,  5.8842229296955040e+01, -1.4980794593201705e+04,  9.9491011627123136e+00,  2.5152625786717318e+00,  2.4427820086752829e+00, -8.5037282099459641e-02, -1.6436058243044411e+00,  1.0142396048278000e+00,  2.7328816364904313e-01,  2.2979678491785605e-03, -2.1354541218797617e-03,  2.2614162054692924e-02,  0.0000000000000000e+00, -1.0593604428332582e-04,  1.2613307862229133e-03, -7.6609271735504622e-02,  0.0000000000000000e+00
 5.7742257742257745e+00,  6.3464580563016591e+02,  3.4504182591230603e+00,  3.2608243761889149e+01, -2.2049787501580469e-02,  8.9248330776196941e-02,  4.8822505382859982e-01,  3.6651539622724131e+03,  5.9090775711377255e+01, -1.4980746339808094e+04,  9.9490986539347759e+00,  2.5152980231556370e+00,  2.4477449301131893e+00, -8.5014330663914103e-02, -1.6436270945718567e+00,  1.0144616977185064e+00,  2.7328816364904313e-01,  2.2972238551002841e-03, -2.1229811191840558e-03,  2.1847039871958140e-02,  0.0000000000000000e+00, -4.3011570207987542e-05,  1.2357643534763672e-03, -7.6968589248195274e-02,  0.0000000000000000e+00
 5.7842157842157844e+00,  6.3464794401307427e+02,  3.4495488110190595e+00,  3.2609240597250142e+01, -2.2043464224045552e-02,  8.9257362194244225e-02,  4.8821091576317233e-01,  3.6714974760137006e+03,  5.9339862248713075e+01, -1.4980698082940755e+04,  9.9490962072598990e+00,  2.5153335847051790e+00,  2.4527077165637943e+00, -8.4991383520936159e-02, -1.6436482415096196e+00,  1.0146761091209460e+00,  2.7328816364904313e-01,  2.2971025778069408e-03, -2.1107611074234890e-03,  2.1076446526462855e-02,  0.0000000000000000e+00,  1.8731856080658908e-05,  1.2106820009890867e-03, -7.7304198519962175e-02,  0.0000000000000000e+00
 5.7942057942057943e+00,  6.3465008243352804e+02,  3.4486808554596511e+00,  3.2610228194522136e+01, -2.2037493780071242e-02,  8.9266087714360051e-02,  4.8819912865594162e-01,  3.6778409903100942e+03,  5.9589488928675095e+01, -1.4980649822700543e+04,  9.9490938201471621e+00,  2.5153692561899428e+00,  2.4576703908477016e+00, -8.4968434508513366e-02, -1.6436692676209561e+00,  1.0148828055412129e+00,  2.7328816364904313e-01,  2.2975922500826783e-03, -2.0987892744251746e-03,  2.0302617100030253e-02,  0.0000000000000000e+00,  7.9300533521932298e-05,  1.1860789652734880e-03, -7.7616452651846524e-02,  0.0000000000000000e+00
 5.8041958041958042e+00,  6.3465222088933058e+02,  3.4478141370638400e+00,  3.2611206594536128e+01, -2.2031870819551016e-02,  8.9274511951979482e-02,  4.8818965259871999e-01,  3.6841845051113951e+03,  5.9839655770885713e+01, -1.4980601559187575e+04,  9.9490914900921794e+00,  2.5154050305943385e+00,  2.4626329753993383e+00, -8.4945477581873569e-02, -1.6436901753612565e+00,  1.0150817558162513e+00,  2.7328816364904313e-01,  2.2986811690952442e-03, -2.0870608555811931e-03,  1.9525783152145121e-02,  0.0000000000000000e+00,  1.3870105279375214e-04,  1.1619504872916546e-03, -7.7905703714759106e-02,  0.0000000000000000e+00
 5.8141858141858140e+00,  6.3465435937827249e+02,  3.4469484049964185e+00,  3.2612175838308922e+01, -2.2026590033564695e-02,  8.9282639497204400e-02,  4.8818244790601073e-01,  3.6905280203673833e+03,  6.0090362794878871e+01, -1.4980553292501228e+04,  9.9490892146263814e+00,  2.5154409010169800e+00,  2.4675954922690875e+00, -8.4922506812827148e-02, -1.6437109671385501e+00,  1.0152729310787183e+00,  2.7328816364904313e-01,  2.3003576992640237e-03, -2.0755711338375747e-03,  1.8746172730545858e-02,  0.0000000000000000e+00,  1.9694028699590596e-04,  1.1382918057807798e-03, -7.8172302689414927e-02,  0.0000000000000000e+00
 5.8241758241758239e+00,  6.3465649789813165e+02,  3.4460834129397298e+00,  3.2613135967038680e+01, -2.2021646154195853e-02,  8.9290474914305237e-02,  4.8817747511962190e-01,  3.6968715360278161e+03,  6.0341610020101697e+01, -1.4980505022740144e+04,  9.9490869913167295e+00,  2.5154768606700344e+00,  2.4725579631254551e+00, -8.4899516389081081e-02, -1.6437316453139805e+00,  1.0154563047219565e+00,  2.7328816364904313e-01,  2.3026102750015589e-03, -2.0643154398387728e-03,  1.7964010382393390e-02,  0.0000000000000000e+00,  2.5402537565865838e-04,  1.1150981327793879e-03, -7.8416599410711163e-02,  0.0000000000000000e+00
 5.8341658341658338e+00,  6.3465863644667343e+02,  3.4452189190649625e+00,  3.2614087022100456e+01, -2.2017033954315819e-02,  8.9298022741238048e-02,  4.8817469501314642e-01,  3.7032150520424293e+03,  6.0593397465916176e+01, -1.4980456750002233e+04,  9.9490848177653959e+00,  2.5155129028785677e+00,  2.4775204092572927e+00, -8.4876500613526418e-02, -1.6437522122022832e+00,  1.0156318523650798e+00,  2.7328816364904313e-01,  2.3054274033327202e-03, -2.0532891519053457e-03,  1.7179517166139427e-02,  0.0000000000000000e+00,  3.0996371626033361e-04,  1.0923647114743534e-03, -7.8638942483174212e-02,  0.0000000000000000e+00
 5.8441558441558445e+00,  6.3466077502165081e+02,  3.4443546860029897e+00,  3.2615029045041695e+01, -2.2012748247339613e-02,  8.9305287489175725e-02,  4.8817406859630985e-01,  3.7095585683609374e+03,  6.0845725151600774e+01, -1.4980408474384672e+04,  9.9490826916094761e+00,  2.5155490210798792e+00,  2.4824828515760502e+00, -8.4853453903500006e-02, -1.6437726700722604e+00,  1.0157995518181830e+00,  2.7328816364904313e-01,  2.3087976663928372e-03, -2.0424876959565293e-03,  1.6392910664076516e-02,  0.0000000000000000e+00,  3.6476294837508574e-04,  1.0700867694786206e-03, -7.8839679229815329e-02,  0.0000000000000000e+00
 5.8541458541458544e+00,  6.3466291362080472e+02,  3.4434904808147668e+00,  3.2615962077577734e+01, -2.2008783886958701e-02,  8.9312273642053019e-02,  4.8817555711918681e-01,  3.7159020849330323e+03,  6.1098593096351969e+01, -1.4980360195983914e+04,  9.9490806105206921e+00,  2.5155852088228174e+00,  2.4874453106180798e+00, -8.4830370790022064e-02, -1.6437930211472573e+00,  1.0159593830476787e+00,  2.7328816364904313e-01,  2.3127097237929384e-03, -2.0319065456875910e-03,  1.5604404995470004e-02,  0.0000000000000000e+00,  4.1843094310456148e-04,  1.0482595143809291e-03, -7.9019155625349002e-02,  0.0000000000000000e+00
 5.8641358641358643e+00,  6.3466505224186392e+02,  3.4426260749613058e+00,  3.2616886161587288e+01, -2.2005135766855258e-02,  8.9318985656126601e-02,  4.8817912207628822e-01,  3.7222456017083859e+03,  6.1352001319285911e+01, -1.4980311914895690e+04,  9.9490785722050941e+00,  2.5156214597670923e+00,  2.4924078065469755e+00, -8.4807245917010637e-02, -1.6438132676056407e+00,  1.0161113281417689e+00,  2.7328816364904313e-01,  2.3171523148792276e-03, -2.0215412224587016e-03,  1.4814210830327806e-02,  0.0000000000000000e+00,  4.7097579237057247e-04,  1.0268781960427304e-03, -7.9177716236120799e-02,  0.0000000000000000e+00
 5.8741258741258742e+00,  6.3466719088254547e+02,  3.4417612442732350e+00,  3.2617801339107920e+01, -2.2001798820402121e-02,  8.9325427959548009e-02,  4.8818472521052042e-01,  3.7285891186366498e+03,  6.1605949839439894e+01, -1.4980263631215008e+04,  9.9490765744027971e+00,  2.5156577676825682e+00,  2.4973703591559526e+00, -8.4784074040474028e-02, -1.6438334115812725e+00,  1.0162553712760569e+00,  2.7328816364904313e-01,  2.3221142608638866e-03, -2.0113872953287271e-03,  1.4022535403773413e-02,  0.0000000000000000e+00,  5.2240579375822460e-04,  1.0059380153781973e-03, -7.9315704160070472e-02,  0.0000000000000000e+00
 5.8841158841158840e+00,  6.3466932954055471e+02,  3.4408957689199671e+00,  3.2618707652331523e+01, -2.1998768020352291e-02,  8.9331604951951360e-02,  4.8819232851701755e-01,  3.7349326356674533e+03,  6.1860438675773885e+01, -1.4980215345036158e+04,  9.9490746148876745e+00,  2.5156941264485537e+00,  2.5023329878702634e+00, -8.4760850027682688e-02, -1.6438534551639890e+00,  1.0163914986793068e+00,  2.7328816364904313e-01,  2.3275844668389557e-03, -2.0014403811104320e-03,  1.3229582531001559e-02,  0.0000000000000000e+00,  5.7272944245055982e-04,  9.8543421112452356e-04, -7.9433460968856798e-02,  0.0000000000000000e+00
 5.8941058941058939e+00,  6.3467146821358574e+02,  3.4400294333784789e+00,  3.2619605143599770e+01, -2.1996038378521668e-02,  8.9337521004054010e-02,  4.8820189424684934e-01,  3.7412761527504063e+03,  6.2115467847172006e+01, -1.4980167056452719e+04,  9.9490726914671086e+00,  2.5157305300530752e+00,  2.5072957117496530e+00, -8.4737568856321402e-02, -1.6438734004000759e+00,  1.0165196985993536e+00,  2.7328816364904313e-01,  2.3335519236851489e-03, -1.9916961442816637e-03,  1.2435552622848723e-02,  0.0000000000000000e+00,  6.2195541815736506e-04,  9.6536200199490076e-04, -7.9531326643342823e-02,  0.0000000000000000e+00
 5.9040959040959038e+00,  6.3467360689932104e+02,  3.4391620264017253e+00,  3.2620493855399580e+01, -2.1993604945468197e-02,  8.9343180457271132e-02,  4.8821338491060451e-01,  3.7476196698350977e+03,  6.2371037372443986e+01, -1.4980118765557560e+04,  9.9490708019816889e+00,  2.5157669725921443e+00,  2.5122585494908458e+00, -8.4714225613623045e-02, -1.6438932492927458e+00,  1.0166399612691739e+00,  2.7328816364904313e-01,  2.3400057098590201e-03, -1.9821502971075996e-03,  1.1640642701885242e-02,  0.0000000000000000e+00,  6.7009257385167056e-04,  9.4571660225274169e-04, -7.9609639533547841e-02,  0.0000000000000000e+00
 5.9140859140859137e+00,  6.3467574559543232e+02,  3.4382933409866978e+00,  3.2621373830358571e+01, -2.1991462810170389e-02,  8.9348587623343162e-02,  4.8822676328185305e-01,  3.7539631868710967e+03,  6.2627147270326589e+01, -1.4980070472442836e+04,  9.9490689443049778e+00,  2.5158034482690126e+00,  2.5172215194300662e+00, -8.4690815495485058e-02, -1.6439130038026155e+00,  1.0167522788731176e+00,  2.7328816364904313e-01,  2.3469349930751371e-03, -1.9727985995184123e-03,  1.0845046419062598e-02,  0.0000000000000000e+00,  7.1714992603579648e-04,  9.2649325508493605e-04, -7.9668736287443809e-02,  0.0000000000000000e+00
 5.9240759240759244e+00,  6.3467788429958034e+02,  3.4374231743421393e+00,  3.2622245111240495e+01, -2.1989607099707979e-02,  8.9353746783977034e-02,  4.8824199240048682e-01,  3.7603067038079525e+03,  6.2883797559485053e+01, -1.4980022177200002e+04,  9.9490671163432314e+00,  2.5158399513934175e+00,  2.5221846395456016e+00, -8.4667333805569595e-02, -1.6439326658481808e+00,  1.0168566455133110e+00,  2.7328816364904313e-01,  2.3543290318811198e-03, -1.9636368590873940e-03,  1.0048954070907704e-02,  0.0000000000000000e+00,  7.6313664292187956e-04,  9.0768717920484162e-04, -7.9708951813160664e-02,  0.0000000000000000e+00
 5.9340659340659343e+00,  6.3468002300941521e+02,  3.4365513278559323e+00,  3.2623107740940704e+01, -2.1988032978946980e-02,  8.9358662190499746e-02,  4.8825903557594175e-01,  3.7666502205951938e+03,  6.3140988258514369e+01, -1.4979973879919811e+04,  9.9490653160351421e+00,  2.5158764763808210e+00,  2.5271479274603794e+00, -8.4643775954388531e-02, -1.6439522373062936e+00,  1.0169530571762326e+00,  2.7328816364904313e-01,  2.3621771775484703e-03, -1.9546609314083701e-03,  9.2525525988535213e-03,  0.0000000000000000e+00,  8.0806211966064014e-04,  8.8929354215319407e-04, -7.9730622892170824e-02,  0.0000000000000000e+00
 5.9440559440559442e+00,  6.3468216172257644e+02,  3.4356776070621713e+00,  3.2623961762481606e+01, -2.1986735650234027e-02,  8.9363338063525047e-02,  4.8827785639030008e-01,  3.7729937371823307e+03,  6.3398719385940758e+01, -1.4979925580692319e+04,  9.9490635413515900e+00,  2.5159130177516382e+00,  2.5321114004445926e+00, -8.4620137458365829e-02, -1.6439717200126445e+00,  1.0170415116991023e+00,  2.7328816364904313e-01,  2.3704688740357558e-03, -1.9458667190732752e-03,  8.4560256686775116e-03,  0.0000000000000000e+00,  8.5193551709400656e-04,  8.7130776733282758e-04, -7.9734068529068142e-02,  0.0000000000000000e+00
 5.9540459540459540e+00,  6.3468430043669332e+02,  3.4348018216079308e+00,  3.2624807219008112e+01, -2.1985710353090406e-02,  8.9367778592632882e-02,  4.8829841870128249e-01,  3.7793372535188532e+03,  6.3656990960222934e+01, -1.4979877279606884e+04,  9.9490617902953922e+00,  2.5159495701304579e+00,  2.5370750754183442e+00, -8.4596413938923282e-02, -1.6439911157622191e+00,  1.0171220087380444e+00,  2.7328816364904313e-01,  2.3791936604208724e-03, -1.9372501724282958e-03,  7.6595536390751898e-03,  0.0000000000000000e+00,  8.9476671720631427e-04,  8.5372487099210064e-04, -7.9719631797318655e-02,  0.0000000000000000e+00
 5.9640359640359639e+00,  6.3468643914938514e+02,  3.4339237852197462e+00,  3.2625644153783078e+01, -2.1984952363926166e-02,  8.9371987936060993e-02,  4.8832068664511902e-01,  3.7856807695542329e+03,  6.3915802999753410e+01, -1.4979828976752175e+04,  9.9490600609010666e+00,  2.5159861282452529e+00,  2.5420389689543241e+00, -8.4572601121494284e-02, -1.6440104263097959e+00,  1.0171945497338490e+00,  2.7328816364904313e-01,  2.3883411728871304e-03, -1.9288072900069400e-03,  6.8633135453662255e-03,  0.0000000000000000e+00,  9.3656527853856904e-04,  8.3654018976333014e-04, -7.9687634963217902e-02,  0.0000000000000000e+00
 5.9740259740259738e+00,  6.3468857785826128e+02,  3.4330433156698161e+00,  3.2626472610182802e+01, -2.1984456995762007e-02,  8.9375970220409579e-02,  4.8834462463930867e-01,  3.7920242852379220e+03,  6.4175155522859782e+01, -1.4979780672216169e+04,  9.9490583512345800e+00,  2.5160226869265845e+00,  2.5470030972805073e+00, -8.4548694834569893e-02, -1.6440296533704111e+00,  1.0172591378798099e+00,  2.7328816364904313e-01,  2.3979011445809727e-03, -1.9205341176855130e-03,  6.0674791723761261e-03,  0.0000000000000000e+00,  9.7734105456864632e-04,  8.1974890898636982e-04, -7.9638406509401738e-02,  0.0000000000000000e+00
 5.9840159840159837e+00,  6.3469071656092137e+02,  3.4321602347419393e+00,  3.2627292631692455e+01, -2.1984219597966231e-02,  8.9379729540357181e-02,  4.8837019738526599e-01,  3.7983678005193538e+03,  6.4435048547805977e+01, -1.4979732366086164e+04,  9.9490566593931096e+00,  2.5160592411068019e+00,  2.5519674762828890e+00, -8.4524691008715444e-02, -1.6440487986198395e+00,  1.0173157780889415e+00,  2.7328816364904313e-01,  2.4078634064238331e-03, -1.9124267486608042e-03,  5.2722210827861153e-03,  0.0000000000000000e+00,  1.0171037663934256e-03,  8.0334636974324354e-04, -7.9572263026466361e-02,  0.0000000000000000e+00
 5.9940059940059944e+00,  6.3469285525495570e+02,  3.4312743681972009e+00,  3.2628104261901591e+01, -2.1984235556000545e-02,  8.9383269958389466e-02,  4.8839736987086052e-01,  3.8047113153479431e+03,  6.4695482092793512e+01, -1.4979684058448769e+04,  9.9490549835048228e+00,  2.5160957858192292e+00,  2.5569321215082339e+00, -8.4500585675600384e-02, -1.6440678636950596e+00,  1.0173644769623831e+00,  2.7328816364904313e-01,  2.4182178878529924e-03, -1.9044813232059351e-03,  4.4777066447951848e-03,  0.0000000000000000e+00,  1.0558634157242003e-03,  7.8732780632151096e-04, -7.9489527459312648e-02,  0.0000000000000000e+00
 6.0039960039960043e+00,  6.3469499393794524e+02,  3.4303855457394157e+00,  3.2628907544499604e+01, -2.1984500291181829e-02,  8.9386595504539132e-02,  4.8842610737284708e-01,  3.8110548296730854e+03,  6.4956456175962600e+01, -1.4979635749389920e+04,  9.9490533217286412e+00,  2.5161323161973455e+00,  2.5618970481668568e+00, -8.4476374967000098e-02, -1.6440868501947288e+00,  1.0174052427571691e+00,  2.7328816364904313e-01,  2.4289546176677404e-03, -1.8966940286588184e-03,  3.6841000528451168e-03,  0.0000000000000000e+00,  1.0936298931666939e-03,  7.7168856202815240e-04, -7.9390512249125578e-02,  0.0000000000000000e+00
 6.0139860139860142e+00,  6.3469713260746187e+02,  3.4294936009803436e+00,  3.2629702523271241e+01, -2.1985009260454443e-02,  8.9389710176137643e-02,  4.8845637545919179e-01,  3.8173983434441589e+03,  6.5217970815393485e+01, -1.4979587438994875e+04,  9.9490516722540097e+00,  2.5161688274739706e+00,  2.5668622711354221e+00, -8.4452055113808822e-02, -1.6441057596796482e+00,  1.0174380853550473e+00,  2.7328816364904313e-01,  2.4400637287976851e-03, -1.8890611016670552e-03,  2.8915621741679391e-03,  0.0000000000000000e+00,  1.1304141550483365e-03,  7.5642342172283362e-04, -7.9275571062047273e-02,  0.0000000000000000e+00
 6.0239760239760241e+00,  6.3469927126106882e+02,  3.4285983714046893e+00,  3.2630489242092104e+01, -2.1985757956204520e-02,  8.9392617937579466e-02,  4.8848813999127227e-01,  3.8237418566105234e+03,  6.5480026029107492e+01, -1.4979539127348222e+04,  9.9490500333006828e+00,  2.5162053149804215e+00,  2.5718278049597667e+00, -8.4427622444946199e-02, -1.6441245936732836e+00,  1.0174630162271825e+00,  2.7328816364904313e-01,  2.4515354546636794e-03, -1.8815788256322905e-03,  2.1002507569616879e-03,  0.0000000000000000e+00,  1.1662253633237351e-03,  7.4152824043711659e-04, -7.9144974662646028e-02,  0.0000000000000000e+00
 6.0339660339660339e+00,  6.3470140989632057e+02,  3.4276996983348957e+00,  3.2631267744924159e+01, -2.1986741906058659e-02,  8.9395322720096274e-02,  4.8852136712599747e-01,  3.8300853691215211e+03,  6.5742621835068178e+01, -1.4979490814533878e+04,  9.9490484031184874e+00,  2.5162417741456906e+00,  2.5767936638577442e+00, -8.4403073386442914e-02, -1.6441433536621783e+00,  1.0174800484071345e+00,  2.7328816364904313e-01,  2.4633601272429726e-03, -1.8742435292318001e-03,  1.3103205628605715e-03,  0.0000000000000000e+00,  1.2010740870507417e-03,  7.2699809894106429e-04, -7.8999050196399315e-02,  0.0000000000000000e+00
 6.0439560439560438e+00,  6.3470354851076320e+02,  3.4267974268957428e+00,  3.2632038075811280e+01, -2.1987956672709690e-02,  8.9397828421543049e-02,  4.8855602331781656e-01,  3.8364288809264758e+03,  6.6005758251182471e+01, -1.4979442500635098e+04,  9.9490467799871265e+00,  2.5162782004955915e+00,  2.5817598617220887e+00, -8.4378404460385900e-02, -1.6441620410964450e+00,  1.0174891964582087e+00,  2.7328816364904313e-01,  2.4755281837713530e-03, -1.8670515898859370e-03,  5.2192312163058027e-04,  0.0000000000000000e+00,  1.2349708299310889e-03,  7.1282815810075003e-04, -7.8838117537846780e-02,  0.0000000000000000e+00
 6.0539460539460537e+00,  6.3470568710193459e+02,  3.4258914059787640e+00,  3.2632800278874790e+01, -2.1989397853765587e-02,  8.9400138906195373e-02,  4.8859207532062060e-01,  3.8427723919746941e+03,  6.6269435295301733e+01, -1.4979394185734471e+04,  9.9490451622159473e+00,  2.5163145896519192e+00,  2.5867264121232965e+00, -8.4353612283870061e-02, -1.6441806573902480e+00,  1.0174904764415327e+00,  2.7328816364904313e-01,  2.4880301636960129e-03, -1.8599994315576902e-03, -2.6479309368439318e-04,  0.0000000000000000e+00,  1.2679255509858314e-03,  6.9901393921429093e-04, -7.8662468768212729e-02,  0.0000000000000000e+00
 6.0639360639360635e+00,  6.3470782566736477e+02,  3.4249814882064893e+00,  3.2633554398309023e+01, -2.1991061081603501e-02,  8.9402258004557242e-02,  4.8862949018955326e-01,  3.8491159022154648e+03,  6.6533652985222844e+01, -1.4979345869913932e+04,  9.9490435481437380e+00,  2.5163509373315920e+00,  2.5916933283125254e+00, -8.4328693568004362e-02, -1.6441992039222504e+00,  1.0174839058869063e+00,  2.7328816364904313e-01,  2.5008567094547572e-03, -1.8530835249304159e-03, -1.0496826600611675e-03,  0.0000000000000000e+00,  1.2999489099369394e-03,  6.8555056754947264e-04, -7.8472422420421684e-02,  0.0000000000000000e+00
 6.0739260739260743e+00,  6.3470996420457595e+02,  3.4240675298965302e+00,  3.2634300478376908e+01, -2.1992942023249272e-02,  8.9404189513179660e-02,  4.8866823528271536e-01,  3.8554594115980608e+03,  6.6798411338689263e+01, -1.4979297553254757e+04,  9.9490419361384976e+00,  2.5163872393458027e+00,  2.5966606232245164e+00, -8.4303645116847986e-02, -1.6442176820361007e+00,  1.0174695037610120e+00,  2.7328816364904313e-01,  2.5139985681809566e-03, -1.8463003881749878e-03, -1.8326032406713220e-03,  0.0000000000000000e+00,  1.3310512070480712e-03,  6.7243341088718349e-04, -7.8268277817726106e-02,  0.0000000000000000e+00
 6.0839160839160842e+00,  6.3471210271108293e+02,  3.4231493910255111e+00,  3.2635038563405566e+01, -2.1995036380270155e-02,  8.9405937194490262e-02,  4.8870827826277430e-01,  3.8618029200717351e+03,  6.7063710373391956e+01, -1.4979249235837573e+04,  9.9490403245972612e+00,  2.5164234915991481e+00,  2.6016283094805224e+00, -8.4278463826382363e-02, -1.6442360930408952e+00,  1.0174472904375422e+00,  2.7328816364904313e-01,  2.5274465910132726e-03, -1.8396465861492232e-03, -2.6134155190679826e-03,  0.0000000000000000e+00,  1.3612429639591368e-03,  6.5965775468728599e-04, -7.8050340317263850e-02,  0.0000000000000000e+00
 6.0939060939060941e+00,  6.3471424118439302e+02,  3.4222269351928629e+00,  3.2635768697781906e+01, -2.1997339888686383e-02,  8.9407504776632757e-02,  4.8874958709847599e-01,  3.8681464275857265e+03,  6.7329550106970544e+01, -1.4979200917742359e+04,  9.9490387119458568e+00,  2.5164596900887690e+00,  2.6065963993912593e+00, -8.4253146683461108e-02, -1.6442544382116482e+00,  1.0174172876667249e+00,  2.7328816364904313e-01,  2.5411917322774331e-03, -1.8331187297866527e-03, -3.3919831300827713e-03,  0.0000000000000000e+00,  1.3905343171258624e-03,  6.4721908909933076e-04, -7.7818895407898700e-02,  0.0000000000000000e+00
 6.1038961038961039e+00,  6.3471637962200657e+02,  3.4213000295844851e+00,  3.2636490925948294e+01, -2.1999848318888800e-02,  8.9408895953316789e-02,  4.8879213006606820e-01,  3.8744899340892562e+03,  6.7595930557014185e+01, -1.4979152599048448e+04,  9.9490370966387154e+00,  2.5164958309034771e+00,  2.6115649049598666e+00, -8.4227690764798399e-02, -1.6442727187897421e+00,  1.0173795185468313e+00,  2.7328816364904313e-01,  2.5552250507217635e-03, -1.8267134766192562e-03, -4.1681726815640686e-03,  0.0000000000000000e+00,  1.4189360354290759e-03,  6.3511259501345318e-04, -7.7574252798658719e-02,  0.0000000000000000e+00
 6.1138861138861138e+00,  6.3471851802141714e+02,  3.4203685449362915e+00,  3.2637205292398178e+01, -2.2002557475581171e-02,  8.9410114383678088e-02,  4.8883587575062465e-01,  3.8808334395315283e+03,  6.7862851741062570e+01, -1.4979104279834532e+04,  9.9490354771586595e+00,  2.5165319102228811e+00,  2.6165338378848864e+00, -8.4202093235894240e-02, -1.6442909359834088e+00,  1.0173340074932671e+00,  2.7328816364904313e-01,  2.5695377106245976e-03, -1.8204275310771945e-03, -4.9418537725469469e-03,  0.0000000000000000e+00,  1.4464584771183813e-03,  6.2333370250731491e-04, -7.7316701616115355e-02,  0.0000000000000000e+00
 6.1238761238761237e+00,  6.3472065638011145e+02,  3.4194323554976438e+00,  3.2637911841671794e+01, -2.2005463197733565e-02,  8.9411163692148396e-02,  4.8888079304727899e-01,  3.8871769438617307e+03,  6.8130313676606832e+01, -1.4979055960178664e+04,  9.9490338520167079e+00,  2.5165679243165111e+00,  2.6215032095632504e+00, -8.4176351350000705e-02, -1.6443090909681852e+00,  1.0172807802097175e+00,  2.7328816364904313e-01,  2.5841209803065947e-03, -1.8142576436109381e-03, -5.7128989011792971e-03,  0.0000000000000000e+00,  1.4731121132174519e-03,  6.1187776823723537e-04, -7.7046533136083020e-02,  0.0000000000000000e+00
 6.1338661338661336e+00,  6.3472279469556997e+02,  3.4184913389946869e+00,  3.2638610618351841e+01, -2.2008561358549665e-02,  8.9412047468335337e-02,  4.8892685116236906e-01,  3.8935204470290350e+03,  6.8398316381090481e+01, -1.4979007640158266e+04,  9.9490322197518672e+00,  2.5166038695429354e+00,  2.6264730310932776e+00, -8.4150462447076926e-02, -1.6443271848873771e+00,  1.0172198636590777e+00,  2.7328816364904313e-01,  2.5989662326954331e-03, -1.8082006108024007e-03, -6.4811834629325800e-03,  0.0000000000000000e+00,  1.4989074150280723e-03,  6.0074020003198457e-04, -7.6764036126926019e-02,  0.0000000000000000e+00
 6.1438561438561434e+00,  6.3472493296526704e+02,  3.4175453765935959e+00,  3.2639301667059215e+01, -2.2011847865447270e-02,  8.9412769266911579e-02,  4.8897401961449199e-01,  3.8998639489825973e+03,  6.8666859871910319e+01, -1.4978959319850126e+04,  9.9490305789309215e+00,  2.5166397423488807e+00,  2.6314433132776887e+00, -8.4124423952744054e-02, -1.6443452188525169e+00,  1.0171512860346339e+00,  2.7328816364904313e-01,  2.6140649453131938e-03, -1.8022532752537254e-03, -7.2465857253631262e-03,  0.0000000000000000e+00,  1.5238548510707794e-03,  5.8991637679672089e-04, -7.6469496811728654e-02,  0.0000000000000000e+00
 6.1538461538461542e+00,  6.3472707118667086e+02,  3.4165943528637395e+00,  3.2639985032448763e+01, -2.2015318660051374e-02,  8.9413332607514009e-02,  4.8902226823547201e-01,  3.9062074496715572e+03,  6.8935944166417329e+01, -1.4978910999330405e+04,  9.9490289281482394e+00,  2.5166755392683413e+00,  2.6364140666266240e+00, -8.4098233377240497e-02, -1.6443631939438257e+00,  1.0170750767314980e+00,  2.7328816364904313e-01,  2.6294087002205614e-03, -1.7964125254542461e-03, -8.0089868027972168e-03,  0.0000000000000000e+00,  1.5479648813841258e-03,  5.7940173305899036e-04, -7.6163198890571354e-02,  0.0000000000000000e+00
 6.1638361638361641e+00,  6.3472920935724403e+02,  3.4156381557407776e+00,  3.2640660759205048e+01, -2.2018969718199135e-02,  8.9413740974651545e-02,  4.8907156717124195e-01,  3.9125509490450377e+03,  6.9205569281917406e+01, -1.4978862678674639e+04,  9.9490272660255652e+00,  2.5167112569216941e+00,  2.6413853013606694e+00, -8.4071888314378007e-02, -1.6443811112106679e+00,  1.0169912663182943e+00,  2.7328816364904313e-01,  2.6449891839238683e-03, -1.7906752954911383e-03, -8.7682706307800964e-03,  0.0000000000000000e+00,  1.5712479559943995e-03,  5.6919170557111925e-04, -7.5845423471524981e-02,  0.0000000000000000e+00
 6.1738261738261739e+00,  6.3473134747444374e+02,  3.4146766764896932e+00,  3.2641328892038160e+01, -2.2022797049955953e-02,  8.9413997817623020e-02,  4.8912188688263997e-01,  3.9188944470521474e+03,  6.9475735235672389e+01, -1.4978814357957746e+04,  9.9490255912118322e+00,  2.5167468920148011e+00,  2.6463570274139019e+00, -8.4045386440498762e-02, -1.6443989716720073e+00,  1.0168998865091048e+00,  2.7328816364904313e-01,  2.6607981872493673e-03, -1.7850385650605358e-03, -9.5243239402815864e-03,  0.0000000000000000e+00,  1.5937145097705472e-03,  5.5928172663555621e-04, -7.5516449090675036e-02,  0.0000000000000000e+00
 6.1838161838161838e+00,  6.3473348553572168e+02,  3.4137098096677732e+00,  3.2641989475679530e+01, -2.2026796699641964e-02,  8.9414106550443198e-02,  4.8917319814612331e-01,  3.9252379436419792e+03,  6.9746442044900746e+01, -1.4978766037254027e+04,  9.9490239023829350e+00,  2.5167824413381261e+00,  2.6513292544369258e+00, -8.4018725513433964e-02, -1.6444167763168629e+00,  1.0168009701356713e+00,  2.7328816364904313e-01,  2.6768276051743422e-03, -1.7794993592901139e-03, -1.0277036231859535e-02,  0.0000000000000000e+00,  1.6153749588094287e-03,  5.4966726860290857e-04, -7.5176551683231937e-02,  0.0000000000000000e+00
 6.1938061938061937e+00,  6.3473562353852469e+02,  3.4127374530875474e+00,  3.2642642554877789e+01, -2.2030964745868097e-02,  8.9414070551777997e-02,  4.8922547205439953e-01,  3.9315814387636101e+03,  7.0017689726778428e+01, -1.4978717716637164e+04,  9.9490221982415452e+00,  2.5168179017658296e+00,  2.6563019917999315e+00, -8.3991903371464310e-02, -1.6444345261047604e+00,  1.0166945511198568e+00,  2.7328816364904313e-01,  2.6930694366370171e-03, -1.7740547484609388e-03, -1.1026299749530916e-02,  0.0000000000000000e+00,  1.6362397000180974e-03,  5.4034381939795627e-04, -7.4826004554580314e-02,  0.0000000000000000e+00
 6.2037962037962036e+00,  6.3473776148029458e+02,  3.4117595077796916e+00,  3.2643288174394648e+01, -2.2035297301581019e-02,  8.9413893164888777e-02,  4.8927868001697722e-01,  3.9379249323661020e+03,  7.0289478298439647e+01, -1.4978669396180236e+04,  9.9490204775169158e+00,  2.5168532702548783e+00,  2.6612752485957429e+00, -8.3964917932282376e-02, -1.6444522219661828e+00,  1.0165806644463700e+00,  2.7328816364904313e-01,  2.7095157843137125e-03, -1.7687018478852996e-03, -1.1772009454533609e-02,  0.0000000000000000e+00,  1.6563191048564361e-03,  5.3130687584503576e-04, -7.4465078386960482e-02,  0.0000000000000000e+00
 6.2137862137862134e+00,  6.3473989935846885e+02,  3.4107758779559045e+00,  3.2643926379000810e+01, -2.2039790514116090e-02,  8.9413577697584734e-02,  4.8933279376063793e-01,  3.9442684243985018e+03,  7.0561807776977588e+01, -1.4978621075955711e+04,  9.9490187389646501e+00,  2.5168885438441437e+00,  2.6662490336428863e+00, -8.3937767191957544e-02, -1.6444698648030198e+00,  1.0164593461357503e+00,  2.7328816364904313e-01,  2.7261588543568680e-03, -1.7634378177621567e-03, -1.2514062998987241e-02,  0.0000000000000000e+00,  1.6756235178073983e-03,  5.2255195479243967e-04, -7.4094041212763181e-02,  0.0000000000000000e+00
 6.2237762237762242e+00,  6.3474203717048044e+02,  3.4097864709717682e+00,  3.2644557213471913e+01, -2.2044440565257596e-02,  8.9413127422183769e-02,  4.8938778532982918e-01,  3.9506119148098423e+03,  7.0834678179445262e+01, -1.4978572756035455e+04,  9.9490169813665350e+00,  2.5169237196535059e+00,  2.6712233554886584e+00, -8.3910449223903616e-02, -1.6444874554890152e+00,  1.0163306332176190e+00,  2.7328816364904313e-01,  2.7429909561204678e-03, -1.7582598629551894e-03, -1.3252360699412311e-02,  0.0000000000000000e+00,  1.6941632552651569e-03,  5.1407459756238130e-04, -7.3713158412331045e-02,  0.0000000000000000e+00
 6.2337662337662341e+00,  6.3474417491375823e+02,  3.4087911972895988e+00,  3.2645180722584506e+01, -2.2049243671305379e-02,  8.9412545575482116e-02,  4.8944362708698197e-01,  3.9569554035491396e+03,  7.1108089522856076e+01, -1.4978524436490738e+04,  9.9490152035303066e+00,  2.5169587948829504e+00,  2.6761982224121845e+00, -8.3882962177849241e-02, -1.6445049948702117e+00,  1.0161945637041936e+00,  2.7328816364904313e-01,  2.7600045018593812e-03, -1.7531652328145889e-03, -1.3986805510066687e-02,  0.0000000000000000e+00,  1.7119486016408116e-03,  5.0587035660142401e-04, -7.3322692680552207e-02,  0.0000000000000000e+00
 6.2437562437562439e+00,  6.3474631258572720e+02,  3.4077899704412964e+00,  3.2645796951112040e+01, -2.2054196083147251e-02,  8.9411835358731595e-02,  4.8950029171275194e-01,  3.9632988905653970e+03,  7.1382041824184697e+01, -1.4978476117392227e+04,  9.9490134042894596e+00,  2.5169937668116682e+00,  2.6811736424275030e+00, -8.3855304278811521e-02, -1.6445224837653951e+00,  1.0160511765640712e+00,  2.7328816364904313e-01,  2.7771920063897038e-03, -1.7481512208881147e-03, -1.4717302996239939e-02,  0.0000000000000000e+00,  1.7289898053297608e-03,  4.9793483107871508e-04, -7.2922904051334378e-02,  0.0000000000000000e+00
 6.2537462537462538e+00,  6.3474845018380859e+02,  3.4067827069912031e+00,  3.2646405943820902e+01, -2.2059294086336237e-02,  8.9410999937624802e-02,  4.8955775220618747e-01,  3.9696423758076025e+03,  7.1656535100367662e+01, -1.4978427798810002e+04,  9.9490115825030578e+00,  2.5170286327971563e+00,  2.6861496232866329e+00, -8.3827473826073223e-02, -1.6445399229665332e+00,  1.0159005116962767e+00,  2.7328816364904313e-01,  2.7945460867441611e-03, -1.7432151648548036e-03, -1.5443761307451089e-02,  0.0000000000000000e+00,  1.7452970816326306e-03,  4.9026358679020085e-04, -7.2514049853139681e-02,  0.0000000000000000e+00
 6.2637362637362637e+00,  6.3475058770542023e+02,  3.4057693264989748e+00,  3.2647007745466496e+01, -2.2064534001171938e-02,  8.9410042442288756e-02,  4.8961598188482425e-01,  3.9759858592247301e+03,  7.1931569368304068e+01, -1.4978379480813550e+04,  9.9490097370554889e+00,  2.5170633902743105e+00,  2.6911261724826492e+00, -8.3799469192163287e-02, -1.6445573132392184e+00,  1.0157426099045817e+00,  2.7328816364904313e-01,  2.8120594618034930e-03, -1.7383544462690505e-03, -1.6166091150429718e-02,  0.0000000000000000e+00,  1.7608806052456692e-03,  4.8285227407756992e-04, -7.2096384711183320e-02,  0.0000000000000000e+00
 6.2737262737262736e+00,  6.3475272514797678e+02,  3.4047497514824769e+00,  3.2647602400789332e+01, -2.2069912182785343e-02,  8.9408965967285647e-02,  4.8967495438470943e-01,  3.9823293407657393e+03,  7.2207144644856228e+01, -1.4978331163471776e+04,  9.9490078668562933e+00,  2.5170980367545321e+00,  2.6961032972527619e+00, -8.3771288821841386e-02, -1.6445746553231020e+00,  1.0155775128720923e+00,  2.7328816364904313e-01,  2.8297249518964948e-03, -1.7335664902495141e-03, -1.6884205762233390e-02,  0.0000000000000000e+00,  1.7757505113733414e-03,  4.7569652103361941e-04, -7.1670160571914013e-02,  0.0000000000000000e+00
 6.2837162837162834e+00,  6.3475486250888991e+02,  3.4037239073807104e+00,  3.2648189954511146e+01, -2.2075425021226256e-02,  8.9407773571621454e-02,  4.8973464366035491e-01,  3.9886728203795751e+03,  7.2483260946850322e+01, -1.4978282846853002e+04,  9.9490059708399485e+00,  2.5171325698248186e+00,  2.7010810045813871e+00, -8.3742931231086434e-02, -1.6445919499323303e+00,  1.0154052631361055e+00,  2.7328816364904313e-01,  2.8475354783992425e-03, -1.7288487653790963e-03, -1.7598020883131144e-02,  0.0000000000000000e+00,  1.7899168944768306e-03,  4.6879199802404050e-04, -7.1235626631817414e-02,  0.0000000000000000e+00
 6.2937062937062933e+00,  6.3475699978556838e+02,  3.4026917225167752e+00,  3.2648770451331096e+01, -2.2081068941552623e-02,  8.9406468278761822e-02,  4.8979502398462232e-01,  3.9950162980151695e+03,  7.2759918291077000e+01, -1.4978234531024971e+04,  9.9490040479656461e+00,  2.5171669871468656e+00,  2.7060593012032270e+00, -8.3714395006089154e-02, -1.6446091977559767e+00,  1.0152259040632385e+00,  2.7328816364904313e-01,  2.8654840633050194e-03, -1.7241987834270324e-03, -1.8307454729408323e-02,  0.0000000000000000e+00,  1.8033898036850418e-03,  4.6213438876381813e-04, -7.0793029393032142e-02,  0.0000000000000000e+00
 6.3036963036963041e+00,  6.3475913697541864e+02,  3.4016531280608797e+00,  3.2649343935921934e+01, -2.2086840403921115e-02,  8.9405053076655375e-02,  4.8985606994854014e-01,  4.0013597736214406e+03,  7.3037116694292052e+01, -1.4978186216054852e+04,  9.9490020972170985e+00,  2.5172012864561646e+00,  2.7110381936063410e+00, -8.3685678802249169e-02, -1.6446263994584727e+00,  1.0150394798248286e+00,  2.7328816364904313e-01,  2.8835638287837621e-03, -1.7196140990824772e-03, -1.9012427966186615e-02,  0.0000000000000000e+00,  1.8161792451591888e-03,  4.5571941701606615e-04, -7.0342612609977609e-02,  0.0000000000000000e+00
 6.3136863136863139e+00,  6.3476127407584465e+02,  3.4006080579934039e+00,  3.2649910452926264e+01, -2.2092735903678311e-02,  8.9403530917764207e-02,  4.8991775646105523e-01,  4.0077032471472912e+03,  7.3314856173216839e+01, -1.4978137902009241e+04,  9.9490001176023242e+00,  2.5172354655611047e+00,  2.7160176880352154e+00, -8.3656781343176390e-02, -1.6446435556800343e+00,  1.0148460353726054e+00,  2.7328816364904313e-01,  2.9017679967257843e-03, -1.7150923097651960e-03, -1.9712863680248036e-02,  0.0000000000000000e+00,  1.8282951768078856e-03,  4.4954280431892471e-04, -6.9884617344944597e-02,  0.0000000000000000e+00
 6.3236763236763238e+00,  6.3476341108424833e+02,  3.3995564490680188e+00,  3.2650470046952805e+01, -2.2098751971451717e-02,  8.9401904719101130e-02,  4.8998005874871853e-01,  4.0140467185416123e+03,  7.3593136744539095e+01, -1.4978089588954168e+04,  9.9489981081534289e+00,  2.5172695223420711e+00,  2.7209977904938358e+00, -8.3627701419697206e-02, -1.6446606670370894e+00,  1.0146456164146338e+00,  2.7328816364904313e-01,  2.9200898891828266e-03, -1.7106310559145109e-03, -2.0408687392459306e-02,  0.0000000000000000e+00,  1.8397476930919904e-03,  4.4360021658822614e-04, -6.9419289839753526e-02,  0.0000000000000000e+00
 6.3336663336663337e+00,  6.3476554799802977e+02,  3.3984982407748769e+00,  3.2651022762572680e+01, -2.2104885173245763e-02,  8.9400177362274125e-02,  4.9004295235530360e-01,  4.0203901877532808e+03,  7.3871958424913331e+01, -1.4978041276955099e+04,  9.9489960679264051e+00,  2.5173034547505413e+00,  2.7259785067487496e+00, -8.3598437888847063e-02, -1.6446777341227099e+00,  1.0144382693907381e+00,  2.7328816364904313e-01,  2.9385229249895544e-03, -1.7062280189892841e-03, -2.1099826904623420e-02,  0.0000000000000000e+00,  1.8505460754149141e-03,  4.3788777584220193e-04, -6.8946840495503980e-02,  0.0000000000000000e+00
 6.3436563436563436e+00,  6.3476768481458748e+02,  3.3974333753038710e+00,  3.2651568644315802e+01, -2.2111132110518468e-02,  8.9398351693537242e-02,  4.9010641314137537e-01,  4.0267336547311606e+03,  7.4151321230961429e+01, -1.4977992966076936e+04,  9.9489939960008993e+00,  2.5173372608082039e+00,  2.7309598423321306e+00, -8.3568989672944169e-02, -1.6446947575069992e+00,  1.0142240414515045e+00,  2.7328816364904313e-01,  2.9570606214272661e-03, -1.7018809225011510e-03, -2.1786212365645007e-02,  0.0000000000000000e+00,  1.8607007514149919e-03,  4.3240094108207289e-04, -6.8467528801018918e-02,  0.0000000000000000e+00
 6.3536463536463534e+00,  6.3476982153131848e+02,  3.3963617975079776e+00,  3.2652107736667205e+01, -2.2117489420275385e-02,  8.9396430523848297e-02,  4.9017041728378447e-01,  4.0330771194241024e+03,  7.4431225179273156e+01, -1.4977944656384028e+04,  9.9489918914800253e+00,  2.5173709386060450e+00,  2.7359418025448314e+00, -8.3539355758548817e-02, -1.6447117377375451e+00,  1.0140029804323836e+00,  2.7328816364904313e-01,  2.9756965955256703e-03, -1.6975875328814369e-03, -2.2467776322485793e-02,  0.0000000000000000e+00,  1.8702212630856160e-03,  4.2713566078467539e-04, -6.7981575358508517e-02,  0.0000000000000000e+00
 6.3636363636363633e+00,  6.3477195814561867e+02,  3.3952834548666839e+00,  3.2652640084063506e+01, -2.2123953775154293e-02,  8.9394416628932841e-02,  4.9023494127510536e-01,  4.0394205817809438e+03,  7.4711670286406701e+01, -1.4977896347940168e+04,  9.9489897534901193e+00,  2.5174044863034615e+00,  2.7409243924594411e+00, -8.3509535195511089e-02, -1.6447286753398240e+00,  1.0137751348316746e+00,  2.7328816364904313e-01,  2.9944245604670290e-03, -1.6933456573029445e-03, -2.3144453559665882e-02,  0.0000000000000000e+00,  1.8791173181744217e-03,  4.2208783002950593e-04, -6.7489207524946429e-02,  0.0000000000000000e+00
 6.3736263736263732e+00,  6.3477409465488290e+02,  3.3941982974495084e+00,  3.2653165730889334e+01, -2.2130521883506907e-02,  8.9392312749354885e-02,  4.9029996192301678e-01,  4.0457640417505090e+03,  7.4992656568889160e+01, -1.4977848040808600e+04,  9.9489875811805426e+00,  2.5174379021273716e+00,  2.7459076169233239e+00, -8.3479527096002024e-02, -1.6447455708176111e+00,  1.0135405537878348e+00,  2.7328816364904313e-01,  3.0132383261541910e-03, -1.6891531440688446e-03, -2.3816181119233323e-02,  0.0000000000000000e+00,  1.8873985724220921e-03,  4.1725331942224308e-04, -6.6990649900662697e-02,  0.0000000000000000e+00
 6.3836163836163839e+00,  6.3477623105650537e+02,  3.3931062778796215e+00,  3.2653684721473830e+01, -2.2137190489477140e-02,  8.9390121590593161e-02,  4.9036545634962364e-01,  4.0521074992816107e+03,  7.5274184043217076e+01, -1.4977799735052018e+04,  9.9489853737234455e+00,  2.5174711843713138e+00,  2.7508914805616667e+00, -8.3449330633549965e-02, -1.6447624246533918e+00,  1.0132992870570645e+00,  2.7328816364904313e-01,  3.0321317986749096e-03, -1.6850078824240501e-03, -2.4482898273362860e-02,  0.0000000000000000e+00,  1.8950746262256957e-03,  4.1262806186557376e-04, -6.6486124356066267e-02,  0.0000000000000000e+00
 6.3936063936063938e+00,  6.3477836734787968e+02,  3.3920073512975701e+00,  3.2654197100087181e+01, -2.2143956373075455e-02,  8.9387845823124215e-02,  4.9043140199072355e-01,  4.0584509543230470e+03,  7.5556252725856751e+01, -1.4977751430732576e+04,  9.9489831303135698e+00,  2.5175043313945711e+00,  2.7558759877805068e+00, -8.3418945042082443e-02, -1.6447792373087684e+00,  1.0130513849911642e+00,  2.7328816364904313e-01,  3.0510989797552352e-03, -1.6809078021769871e-03, -2.5144546497045322e-02,  0.0000000000000000e+00,  1.9021550260284051e-03,  4.0820800361144390e-04, -6.5975850024940344e-02,  0.0000000000000000e+00
 6.4035964035964037e+00,  6.3478050352639923e+02,  3.3909014753251143e+00,  3.2654702910937196e+01, -2.2150816350248903e-02,  8.9385488082510955e-02,  4.9049777659501720e-01,  4.0647944068236047e+03,  7.5838862633244929e+01, -1.4977703127911891e+04,  9.9489808501680006e+00,  2.5175373416212734e+00,  2.7608611427697594e+00, -8.3388369614973437e-02, -1.6447960092248639e+00,  1.0127968985156650e+00,  2.7328816364904313e-01,  3.0701339662107851e-03, -1.6768508734773286e-03, -2.5801069440670732e-02,  0.0000000000000000e+00,  1.9086492623727137e-03,  4.0398912206017598e-04, -6.5460043288868563e-02,  0.0000000000000000e+00
 6.4135864135864136e+00,  6.3478263958945729e+02,  3.3897886100291812e+00,  3.2655202198165895e+01, -2.2157767272946379e-02,  8.9383050969497030e-02,  4.9056455822326522e-01,  4.0711378567320585e+03,  7.6122013781789065e+01, -1.4977654826651038e+04,  9.9489785325259792e+00,  2.5175702135395195e+00,  2.7658469495062357e+00, -8.3357603704096214e-02, -1.6448127408227240e+00,  1.0125358791082337e+00,  2.7328816364904313e-01,  3.0892309493799472e-03, -1.6728351064940834e-03, -2.6452412902683995e-02,  0.0000000000000000e+00,  1.9145667680935579e-03,  3.9996742798553963e-04, -6.4938917806187935e-02,  0.0000000000000000e+00
 6.4235764235764234e+00,  6.3478477553444736e+02,  3.3886687178859405e+00,  3.2655695005846191e+01, -2.2164806029178821e-02,  8.9380537050107303e-02,  4.9063172524739240e-01,  4.0774813039971696e+03,  7.6405706187867864e+01, -1.4977606527010563e+04,  9.9489761766486424e+00,  2.5176029457004923e+00,  2.7708334117566507e+00, -8.3326646718881930e-02, -1.6448294325037149e+00,  1.0122683787773497e+00,  2.7328816364904313e-01,  3.1083842145621168e-03, -1.6688585511041216e-03, -2.7098524802275040e-02,  0.0000000000000000e+00,  1.9199169213768659e-03,  3.9613896108482683e-04, -6.4412684491941236e-02,  0.0000000000000000e+00
 6.4335664335664333e+00,  6.3478691135876306e+02,  3.3875417637450096e+00,  3.2656181377978541e+01, -2.2171929543073867e-02,  8.9377948855753286e-02,  4.9069925634953937e-01,  4.0838247485676879e+03,  7.6689939867831626e+01, -1.4977558229050483e+04,  9.9489737818188253e+00,  2.5176355367175791e+00,  2.7758205330806263e+00, -8.3295498125383685e-02, -1.6448460846499189e+00,  1.0119944500412552e+00,  2.7328816364904313e-01,  3.1275881404413284e-03, -1.6649192966810972e-03, -2.7739355152118929e-02,  0.0000000000000000e+00,  1.9247090396412806e-03,  3.9249977440466456e-04, -6.3881551546806414e-02,  0.0000000000000000e+00
 6.4435564435564432e+00,  6.3478904705979892e+02,  3.3864077147937923e+00,  3.2656661358487703e+01, -2.2179134774924791e-02,  8.9375288883344506e-02,  4.9076713052106474e-01,  4.0901681903923513e+03,  7.6974714838002683e+01, -1.4977509932830288e+04,  9.9489713473408354e+00,  2.5176679852654984e+00,  2.7808083168336788e+00, -8.3264157445346640e-02, -1.6448626976245277e+00,  1.0117141459071775e+00,  2.7328816364904313e-01,  3.1468371985054417e-03, -1.6610154716619539e-03, -2.8374856031069109e-02,  0.0000000000000000e+00,  1.9289523848221000e-03,  3.8904599441298758e-04, -6.3345724419267960e-02,  0.0000000000000000e+00
 6.4535464535464540e+00,  6.3479118263494991e+02,  3.3852665405219557e+00,  3.2657134991219500e+01, -2.2186418721233291e-02,  8.9372559595405132e-02,  4.9083532706149730e-01,  4.0965116294198860e+03,  7.7260031114675826e+01, -1.4977461638408948e+04,  9.9489688725402008e+00,  2.5177002900794236e+00,  2.7857967661702054e+00, -8.3232624255283674e-02, -1.6448792717722298e+00,  1.0114275198508242e+00,  2.7328816364904313e-01,  3.1661259524632529e-03, -1.6571452432916146e-03, -2.9004981557034806e-02,  0.0000000000000000e+00,  1.9326561575316286e-03,  3.8577372532894302e-04, -6.2805405879060708e-02,  0.0000000000000000e+00
 6.4635364635364638e+00,  6.3479331808161237e+02,  3.3841182126860541e+00,  3.2657602319937624e+01, -2.2193778414746027e-02,  8.9369763420195467e-02,  4.9090382557743972e-01,  4.1028550655990039e+03,  7.7545888714118576e+01, -1.4977413345844914e+04,  9.9489663567634761e+00,  2.5177324499541145e+00,  2.7907858840464477e+00, -8.3200898185557162e-02, -1.6448958074195985e+00,  1.0111346257961478e+00,  2.7328816364904313e-01,  3.1854490576464574e-03, -1.6533068174225700e-03, -2.9629687859813871e-02,  0.0000000000000000e+00,  1.9358295001175442e-03,  3.8267913366850430e-04, -6.2260795937045497e-02,  0.0000000000000000e+00
 6.4735264735264737e+00,  6.3479545339718356e+02,  3.3829627052742981e+00,  3.2658063388320478e+01, -2.2201210924484471e-02,  8.9366902751838964e-02,  4.9097260598142600e-01,  4.1091984988784079e+03,  7.7832287652571679e+01, -1.4977365055196120e+04,  9.9489637993779994e+00,  2.5177644637430450e+00,  2.7957756732234587e+00, -8.3168978919466563e-02, -1.6449123048754750e+00,  1.0108355180953834e+00,  2.7328816364904313e-01,  3.2048012604178541e-03, -1.6494984379703285e-03, -3.0248933053953726e-02,  0.0000000000000000e+00,  1.9384814947161170e-03,  3.7975843267024962e-04, -6.1712091929755408e-02,  0.0000000000000000e+00
 6.4835164835164836e+00,  6.3479758857906234e+02,  3.3817999944714825e+00,  3.2658518239958077e+01, -2.2208713355768055e-02,  8.9363979950453837e-02,  4.9104164849073173e-01,  4.1155419292067891e+03,  7.8119227946249410e+01, -1.4977316766519993e+04,  9.9489611997716612e+00,  2.5177963303575472e+00,  2.8007661362700458e+00, -8.3136866192342021e-02, -1.6449287644313462e+00,  1.0105302515093555e+00,  2.7328816364904313e-01,  3.2241773975691577e-03, -1.6457183867915363e-03, -3.0862677211797033e-02,  0.0000000000000000e+00,  1.9406211629749586e-03,  3.7700781332396834e-04, -6.1159488470475899e-02,  0.0000000000000000e+00
 6.4935064935064934e+00,  6.3479972362464912e+02,  3.3806300586240714e+00,  3.2658966918348987e+01, -2.2216282850230241e-02,  8.9360997342289791e-02,  4.9111093362614011e-01,  4.1218853565328254e+03,  7.8406709611339878e+01, -1.4977268479873446e+04,  9.9489585573526789e+00,  2.5178280487659421e+00,  2.8057572755657127e+00, -8.3104559790644003e-02, -1.6449451863617246e+00,  1.0102188811880548e+00,  2.7328816364904313e-01,  3.2435723957133689e-03, -1.6419649833391695e-03, -3.1470882336459970e-02,  0.0000000000000000e+00,  1.9422574654961128e-03,  3.7442355783987117e-04, -6.0603177487045627e-02,  0.0000000000000000e+00
 6.5034965034965033e+00,  6.3480185853134617e+02,  3.3794528782054472e+00,  3.2659409466897280e+01, -2.2223916585827497e-02,  8.9357957219869083e-02,  4.9118044221066409e-01,  4.1282287808051851e+03,  7.8694732664005414e+01, -1.4977220195312893e+04,  9.9489558715493676e+00,  2.5178596179926900e+00,  2.8107490933035817e+00, -8.3072059551069027e-02, -1.6449615709245198e+00,  1.0099014626514842e+00,  2.7328816364904313e-01,  3.2629812706722900e-03, -1.6382365841625082e-03, -3.2073512334905935e-02,  0.0000000000000000e+00,  1.9433993012800044e-03,  3.7200195732772534e-04, -6.0043348201838015e-02,  0.0000000000000000e+00
 6.5134865134865132e+00,  6.3480399329655791e+02,  3.3782684357813277e+00,  3.2659845928909554e+01, -2.2231611776841000e-02,  8.9354861842132788e-02,  4.9125015536822558e-01,  4.1345722019725235e+03,  7.8983297120382858e+01, -1.4977171912894244e+04,  9.9489531418099215e+00,  2.5178910371175309e+00,  2.8157415914933064e+00, -8.3039365359661541e-02, -1.6449779183614082e+00,  1.0095780517707740e+00,  2.7328816364904313e-01,  3.2823991268652957e-03, -1.6345315827737763e-03, -3.2670532991229087e-02,  0.0000000000000000e+00,  1.9440555085597727e-03,  3.6973932069641138e-04, -5.9480187194058183e-02,  0.0000000000000000e+00
 6.5234765234765231e+00,  6.3480612791769090e+02,  3.3770767159753596e+00,  3.2660276347592003e+01, -2.2239365673870831e-02,  8.9351713434590779e-02,  4.9132005452229277e-01,  4.1409156199834861e+03,  7.9272402996583892e+01, -1.4977123632672912e+04,  9.9489503676021460e+00,  2.5179223052746416e+00,  2.8207347719639704e+00, -8.3006477150931859e-02, -1.6449942288982016e+00,  1.0092487047495615e+00,  2.7328816364904313e-01,  3.3018211566847523e-03, -1.6308484092924422e-03, -3.3261911939869736e-02,  0.0000000000000000e+00,  1.9442348613247105e-03,  3.6763201025211714e-04, -5.8913878324091430e-02,  0.0000000000000000e+00
 6.5334665334665338e+00,  6.3480826239215423e+02,  3.3758777054348847e+00,  3.2660700766047498e+01, -2.2247175563822792e-02,  8.9348514189477035e-02,  4.9139012139447730e-01,  4.1472590347867072e+03,  7.9562050308695333e+01, -1.4977075354703817e+04,  9.9489475484132708e+00,  2.5179534216517809e+00,  2.8257286363669749e+00, -8.2973394906980524e-02, -1.6450105027452102e+00,  1.0089134781056417e+00,  2.7328816364904313e-01,  3.3212426398763436e-03, -1.6271855299565229e-03, -3.3847618638848206e-02,  0.0000000000000000e+00,  1.9439460736316765e-03,  3.6567643279891189e-04, -5.8344602811395418e-02,  0.0000000000000000e+00
 6.5434565434565437e+00,  6.3481039671735971e+02,  3.3746713927968912e+00,  3.2661119227272728e+01, -2.2255038769887520e-02,  8.9345266265907983e-02,  4.9146033800309119e-01,  4.1536024463308086e+03,  7.9852239072779355e+01, -1.4977027079041387e+04,  9.9489446837496871e+00,  2.5179843854894575e+00,  2.8307231861789095e+00, -8.2940118656628634e-02, -1.6450267400976013e+00,  1.0085724286528812e+00,  2.7328816364904313e-01,  3.3406589429118248e-03, -1.6235414469110666e-03, -3.4427624343341214e-02,  0.0000000000000000e+00,  1.9431977940420095e-03,  3.6386899291590959e-04, -5.7772539227799000e-02,  0.0000000000000000e+00
 6.5534465534465536e+00,  6.3481253089072186e+02,  3.3734577686541494e+00,  3.2661531774155385e+01, -2.2262952651512031e-02,  8.9341971790046396e-02,  4.9153068666166588e-01,  4.1599458545644029e+03,  8.0142969304873873e+01, -1.4976978805739565e+04,  9.9489417731367258e+00,  2.5180151960800874e+00,  2.8357184227044097e+00, -8.2906648474554714e-02, -1.6450429411357579e+00,  1.0082256134833971e+00,  2.7328816364904313e-01,  3.3600655183569461e-03, -1.6199146978747548e-03, -3.5001902079154032e-02,  0.0000000000000000e+00,  1.9419986100713059e-03,  3.6220616415372393e-04, -5.7197863481928533e-02,  0.0000000000000000e+00
 6.5634365634365635e+00,  6.3481466490965852e+02,  3.3722368255215378e+00,  3.2661938449471386e+01, -2.2270914604363565e-02,  8.9338632855267788e-02,  4.9160114997743332e-01,  4.1662892594360919e+03,  8.0434241020992744e+01, -1.4976930534851810e+04,  9.9489388161184298e+00,  2.5180458527671581e+00,  2.8407143470790062e+00, -8.2872984480437686e-02, -1.6450591060256308e+00,  1.0078730899500010e+00,  2.7328816364904313e-01,  3.3794579042380380e-03, -1.6163038557068432e-03, -3.5570426616334021e-02,  0.0000000000000000e+00,  1.9403570433233395e-03,  3.6068443786217935e-04, -5.6620748861506476e-02,  0.0000000000000000e+00
 6.5734265734265733e+00,  6.3481679877159058e+02,  3.3710085578025626e+00,  3.2662339295882141e+01, -2.2278922060285693e-02,  8.9335251522332376e-02,  4.9167171084977035e-01,  4.1726326608944655e+03,  8.0726054237126036e+01, -1.4976882266431099e+04,  9.9489358122573108e+00,  2.5180763549444083e+00,  2.8457109602719446e+00, -8.2839126838106403e-02, -1.6450752349190887e+00,  1.0075149156489049e+00,  2.7328816364904313e-01,  3.3988317234051831e-03, -1.6127075281290391e-03, -3.6133174442892643e-02,  0.0000000000000000e+00,  1.9382815539391478e-03,  3.5930034321418337e-04, -5.6041366015531530e-02,  0.0000000000000000e+00
 6.5834165834165832e+00,  6.3481893247394248e+02,  3.3697729617560745e+00,  3.2662734355931860e+01, -2.2286972487246787e-02,  8.9331829819559491e-02,  4.9174235246860826e-01,  4.1789760588881036e+03,  8.1018408969240255e+01, -1.4976834000529932e+04,  9.9489327611341132e+00,  2.5181067020549914e+00,  2.8507082630890062e+00, -8.2805075754695326e-02, -1.6450913279542647e+00,  1.0071511484026905e+00,  2.7328816364904313e-01,  3.4181826828898736e-03, -1.6091243573366075e-03, -3.6690123738590638e-02,  0.0000000000000000e+00,  1.9357805348959270e-03,  3.5805044943064857e-04, -5.5459882983207420e-02,  0.0000000000000000e+00
 6.5934065934065931e+00,  6.3482106601414239e+02,  3.3685300354631882e+00,  3.2663123672044897e+01, -2.2295063389280778e-02,  8.9328369743006272e-02,  4.9181305831280692e-01,  4.1853194533655751e+03,  8.1311305233278631e+01, -1.4976785737200338e+04,  9.9489296623475951e+00,  2.5181368935906692e+00,  2.8557062561753028e+00, -8.2770831479806906e-02, -1.6451073852558986e+00,  1.0067818462435385e+00,  2.7328816364904313e-01,  3.4375065732639111e-03, -1.6055530196760835e-03, -3.7241254348955012e-02,  0.0000000000000000e+00,  1.9328623179864215e-03,  3.5693135020626817e-04, -5.4876465211741991e-02,  0.0000000000000000e+00
 6.6033966033966029e+00,  6.3482319938962223e+02,  3.3672797787944040e+00,  3.2663507286523142e+01, -2.2303192306420219e-02,  8.9324873256650117e-02,  4.9188381214849630e-01,  4.1916628442754400e+03,  8.1604743045161271e+01, -1.4976737476493876e+04,  9.9489265155142839e+00,  2.5181669290909814e+00,  2.8607049400180586e+00, -8.2736394304680064e-02, -1.6451234069356768e+00,  1.0064070673967174e+00,  2.7328816364904313e-01,  3.4567992679932903e-03, -1.6019922252562353e-03, -3.7786547759272204e-02,  0.0000000000000000e+00,  1.9295351668659731e-03,  3.5593969263304374e-04, -5.4291275534093499e-02,  0.0000000000000000e+00
 6.6133866133866137e+00,  6.3482533259781803e+02,  3.3660221933769408e+00,  3.2663885241543461e+01, -2.2311356814621767e-02,  8.9321342292574379e-02,  4.9195459802738473e-01,  4.1980062315662472e+03,  8.1898722420785461e+01, -1.4976689218461637e+04,  9.9489233202682428e+00,  2.5181968081424491e+00,  2.8657043149493808e+00, -8.2701764561365479e-02, -1.6451393930925671e+00,  1.0060268702643322e+00,  2.7328816364904313e-01,  3.4760567227810433e-03, -1.5984407175593826e-03, -3.8325987068711820e-02,  0.0000000000000000e+00,  1.9258072816420427e-03,  3.5507214827685261e-04, -5.3704474215712651e-02,  0.0000000000000000e+00
 6.6233766233766236e+00,  6.3482746563617002e+02,  3.3647572825622776e+00,  3.2664257579155176e+01, -2.2319554525684127e-02,  8.9317778751157303e-02,  4.9202540028503572e-01,  4.2043496151865347e+03,  8.2193243376025748e+01, -1.4976640963154250e+04,  9.9489200762608370e+00,  2.5182265303777602e+00,  2.8707043811490003e+00, -8.2666942621907213e-02, -1.6451553438131505e+00,  1.0056413134093305e+00,  2.7328816364904313e-01,  3.4952749749253740e-03, -1.5948972731632057e-03, -3.8859556964668737e-02,  0.0000000000000000e+00,  1.9216867976218487e-03,  3.5432541985195676e-04, -5.3116218954518186e-02,  0.0000000000000000e+00
 6.6333666333666335e+00,  6.3482959850212285e+02,  3.3634850513939116e+00,  3.2664624341277566e+01, -2.2327783087158451e-02,  8.9314184501264535e-02,  4.9209620353911449e-01,  4.2106929950848316e+03,  8.2488305926734284e+01, -1.4976592710621882e+04,  9.9489167831605041e+00,  2.5182560954749698e+00,  2.8757051386470147e+00, -8.2631928897530807e-02, -1.6451712591719510e+00,  1.0052504555397634e+00,  2.7328816364904313e-01,  3.5144501426570170e-03, -1.5913607013517813e-03, -3.9387243697146704e-02,  0.0000000000000000e+00,  1.9171817822531503e-03,  3.5369625679522779e-04, -5.2526664887572072e-02,  0.0000000000000000e+00
 6.6433566433566433e+00,  6.3483173119312585e+02,  3.3622055065753349e+00,  3.2664985569697443e+01, -2.2336040182251382e-02,  8.9310561380444908e-02,  4.9216699268760444e-01,  4.2170363712096560e+03,  8.2783910088740924e+01, -1.4976544460914249e+04,  9.9489134406525128e+00,  2.5182855031567088e+00,  2.8807065873265967e+00, -8.2596723837838143e-02, -1.6451871392317590e+00,  1.0048543554933036e+00,  2.7328816364904313e-01,  3.5335784244829404e-03, -1.5878298436936295e-03, -3.9909035053272944e-02,  0.0000000000000000e+00,  1.9123002392967667e-03,  3.5318144636674754e-04, -5.1935964608902256e-02,  0.0000000000000000e+00
 6.6533466533466532e+00,  6.3483386370663311e+02,  3.3609186564382303e+00,  3.2665341306066750e+01, -2.2344323529720735e-02,  8.9306911195128985e-02,  4.9223775290699490e-01,  4.2233797435095166e+03,  8.3080055877853411e+01, -1.4976496214080607e+04,  9.9489100484387372e+00,  2.5183147531893839e+00,  2.8857087269266937e+00, -8.2561327930008671e-02, -1.6452029840439528e+00,  1.0044530722220157e+00,  2.7328816364904313e-01,  3.5526560985279548e-03, -1.5843035737524841e-03, -4.0424920331952933e-02,  0.0000000000000000e+00,  1.9070501045151712e-03,  3.5277779585056891e-04, -5.1344268182832921e-02,  0.0000000000000000e+00
 6.6633366633366631e+00,  6.3483599604010374e+02,  3.3596245109108920e+00,  3.2665691591900213e+01, -2.2352630883764033e-02,  8.9303235720830682e-02,  4.9230846965044089e-01,  4.2297231119329117e+03,  8.3376743309857588e+01, -1.4976447970169771e+04,  9.9489066062374185e+00,  2.5183438453824030e+00,  2.8907115570447104e+00, -8.2525741698007415e-02, -1.6452187936488170e+00,  1.0040466647773805e+00,  2.7328816364904313e-01,  3.5716795218673739e-03, -1.5807807966317163e-03, -4.0934890318633732e-02,  0.0000000000000000e+00,  1.9014392480366075e-03,  3.5248218372719783e-04, -5.0751723150663938e-02,  0.0000000000000000e+00
 6.6733266733266730e+00,  6.3483812819100183e+02,  3.3583230814868728e+00,  3.2666036468573019e+01, -2.2360960033899847e-02,  8.9299536702352009e-02,  4.9237912864589656e-01,  4.2360664764283310e+03,  8.3673972400517513e+01, -1.4976399729230101e+04,  9.9489031137829382e+00,  2.5183727795873856e+00,  2.8957150771391711e+00, -8.2489965701799534e-02, -1.6452345680758536e+00,  1.0036351922955695e+00,  2.7328816364904313e-01,  3.5906451298635283e-03, -1.5772604486408641e-03, -4.1438937260297133e-02,  0.0000000000000000e+00,  1.8954754728253082e-03,  3.5229148402733071e-04, -5.0158474570714415e-02,  0.0000000000000000e+00
 6.6833166833166837e+00,  6.3484026015679706e+02,  3.3570143811938618e+00,  3.2666375977318545e+01, -2.2369308804842253e-02,  8.9295815853990226e-02,  4.9244971589422187e-01,  4.2424098369442536e+03,  8.3971743165575660e+01, -1.4976351491309520e+04,  9.9488995708255779e+00,  2.5184015556973920e+00,  2.9007192865323628e+00, -8.2454000536571578e-02, -1.6452503073440945e+00,  1.0032187139829689e+00,  2.7328816364904313e-01,  3.6095494354968236e-03, -1.5737414970069679e-03, -4.1937054840439789e-02,  0.0000000000000000e+00,  1.8891665149602819e-03,  3.5220263307865447e-04, -4.9564664973842820e-02,  0.0000000000000000e+00
 6.6933066933066936e+00,  6.3484239193496444e+02,  3.3556984245627932e+00,  3.2666710159226149e+01, -2.2377675056368375e-02,  8.9292074859748147e-02,  4.9252021766726428e-01,  4.2487531934291492e+03,  8.4270055620752970e+01, -1.4976303256455512e+04,  9.9488959771312810e+00,  2.5184301736461538e+00,  2.9057241844129611e+00, -8.2417846831959435e-02, -1.6452660114624071e+00,  1.0027972891019543e+00,  2.7328816364904313e-01,  3.6283890287002315e-03, -1.5702229393963446e-03, -4.2429238154314736e-02,  0.0000000000000000e+00,  1.8825200443297462e-03,  3.5221260058213065e-04, -4.8970434463544391e-02,  0.0000000000000000e+00
 6.7032967032967035e+00,  6.3484452352298467e+02,  3.3543752275971892e+00,  3.2667039055238959e+01, -2.2386056683179230e-02,  8.9288315373546492e-02,  4.9259062050591657e-01,  4.2550965458314786e+03,  8.4568909781749142e+01, -1.4976255024715121e+04,  9.9488923324814458e+00,  2.5184586334073051e+00,  2.9107297698386403e+00, -8.2381505251282863e-02, -1.6452816804297967e+00,  1.0023709769569087e+00,  2.7328816364904313e-01,  3.6471605756792842e-03, -1.5667038035367359e-03, -4.2915483684281761e-02,  0.0000000000000000e+00,  1.8755436608766307e-03,  3.5231839851155233e-04, -4.8375920635855690e-02,  0.0000000000000000e+00
 6.7132867132867133e+00,  6.3484665491834448e+02,  3.3530448077427404e+00,  3.2667362706151749e+01, -2.2394451614754000e-02,  8.9284539019439335e-02,  4.9266091121815087e-01,  4.2614398940996925e+03,  8.4868305664242655e+01, -1.4976206796134960e+04,  9.9488886366726650e+00,  2.5184869349936294e+00,  2.9157360417386604e+00, -8.2344976490787022e-02, -1.6452973142357046e+00,  1.0019398368804902e+00,  2.7328816364904313e-01,  3.6658608182384396e-03, -1.5631831469064843e-03, -4.3395789275245303e-02,  0.0000000000000000e+00,  1.8682448994663608e-03,  3.5251705886480897e-04, -4.7781258675046602e-02,  0.0000000000000000e+00
 6.7232767232767232e+00,  6.3484878611853651e+02,  3.3517071838571275e+00,  3.2667681152608822e+01, -2.2402857815197880e-02,  8.9280747391831478e-02,  4.9273107687702988e-01,  4.2677832381822327e+03,  8.5168243283890902e+01, -1.4976158570761214e+04,  9.9488848895165152e+00,  2.5185150784563004e+00,  2.9207429989164346e+00, -8.2308261278890488e-02, -1.6453129128603043e+00,  1.0015039282201406e+00,  2.7328816364904313e-01,  3.6844865731046109e-03, -1.5596600563119471e-03, -4.3870154110364309e-02,  0.0000000000000000e+00,  1.8606312247411304e-03,  3.5280567816154448e-04, -4.7186581315779623e-02,  0.0000000000000000e+00
 6.7332667332667331e+00,  6.3485091712105952e+02,  3.3503623761800818e+00,  3.2667994435101953e+01, -2.2411273283083621e-02,  8.9276942055698486e-02,  4.9280110481869754e-01,  4.2741265780275317e+03,  8.5468722656330343e+01, -1.4976110348639641e+04,  9.9488810908393184e+00,  2.5185430638841386e+00,  2.9257506400520836e+00, -8.2271360375440278e-02, -1.6453284762747917e+00,  1.0010633103248385e+00,  2.7328816364904313e-01,  3.7030347312508004e-03, -1.5561336475319390e-03, -4.4338578686760374e-02,  0.0000000000000000e+00,  1.8527100361260690e-03,  3.5318135959607020e-04, -4.6592018878712518e-02,  0.0000000000000000e+00
 6.7432567432567430e+00,  6.3485304792341890e+02,  3.3490104063036905e+00,  3.2668302593968392e+01, -2.2419696051286995e-02,  8.9273124546808663e-02,  4.9287098264034729e-01,  4.2804699135840128e+03,  8.5769743797176559e+01, -1.4976062129815575e+04,  9.9488772404819219e+00,  2.5185708914028684e+00,  2.9307589637049634e+00, -8.2234274570973390e-02, -1.6453440044416736e+00,  1.0006180425320934e+00,  2.7328816364904313e-01,  3.7215022572119377e-03, -1.5526030649287662e-03, -4.4801064791524028e-02,  0.0000000000000000e+00,  1.8444886612936310e-03,  3.5364127755915066e-04, -4.5997699294972084e-02,  0.0000000000000000e+00
 6.7532467532467528e+00,  6.3485517852312626e+02,  3.3476512971429488e+00,  3.2668605669388853e+01, -2.2428124186816261e-02,  8.9269296371947554e-02,  4.9294069819817127e-01,  4.2868132448000906e+03,  8.6071306722024417e+01, -1.4976013914333931e+04,  9.9488733382994408e+00,  2.5185985611743784e+00,  2.9357679683161759e+00, -8.2197004685985495e-02, -1.6453594973150500e+00,  1.0001681841551777e+00,  2.7328816364904313e-01,  3.7398861893028104e-03, -1.5490674815926300e-03, -4.5257615517315879e-02,  0.0000000000000000e+00,  1.8359745433322327e-03,  3.5418250632150656e-04, -4.5403756008956443e-02,  0.0000000000000000e+00
 6.7632367632367636e+00,  6.3485730891770004e+02,  3.3462850729065590e+00,  3.2668903701385602e+01, -2.2436555790641445e-02,  8.9265459009144177e-02,  4.9301023960528606e-01,  4.2931565716241703e+03,  8.6373411446448145e+01, -1.4975965702239208e+04,  9.9488693841610782e+00,  2.5186260733959980e+00,  2.9407776522110636e+00, -8.2159551570188116e-02, -1.6453749548409062e+00,  9.9971379446980935e-01,  2.7328816364904313e-01,  3.7581836360513496e-03, -1.5455260973415033e-03, -4.5708235113022543e-02,  0.0000000000000000e+00,  1.8271742957252351e-03,  3.5480262075401447e-04, -4.4810287051515074e-02,  0.0000000000000000e+00
 6.7732267732267735e+00,  6.3485943910466563e+02,  3.3449117590679793e+00,  3.2669196729820555e+01, -2.2444988997500047e-02,  8.9261613907899148e-02,  4.9307959522965300e-01,  4.2994998940046480e+03,  8.6676057986001325e+01, -1.4975917493575491e+04,  9.9488653779498541e+00,  2.5186534282997597e+00,  2.9457880136016734e+00, -8.2121916101848602e-02, -1.6453903769573546e+00,  9.9925493270436805e-01,  2.7328816364904313e-01,  3.7763917776876843e-03, -1.5419781394987188e-03, -4.6152929054449711e-02,  0.0000000000000000e+00,  1.8180956598354188e-03,  3.5549853938518554e-04, -4.4217440021794813e-02,  0.0000000000000000e+00
 6.7832167832167833e+00,  6.3486156908155533e+02,  3.3435313823367232e+00,  3.2669484794393426e+01, -2.2453421975716557e-02,  8.9257762489415027e-02,  4.9314875369196653e-01,  4.3058432118899118e+03,  8.6979246356217146e+01, -1.4975869288386457e+04,  9.9488613195624040e+00,  2.5186806261516965e+00,  2.9507990505892172e+00, -8.2084099187017534e-02, -1.6454057635949422e+00,  9.9879165802516501e-01,  2.7328816364904313e-01,  3.7945078672387954e-03, -1.5384228636375632e-03, -4.6591704098605032e-02,  0.0000000000000000e+00,  1.8087454682970750e-03,  3.5626768801819635e-04, -4.3625323818100206e-02,  0.0000000000000000e+00
 6.7932067932067932e+00,  6.3486369884590863e+02,  3.3421439706299134e+00,  3.2669767934639921e+01, -2.2461852927009723e-02,  8.9253906146828418e-02,  4.9321770386353170e-01,  4.3121865252283415e+03,  8.7282976572608348e+01, -1.4975821086715376e+04,  9.9488572089087484e+00,  2.5187076672511184e+00,  2.9558107611664926e+00, -8.2046101758846829e-02, -1.6454211146769078e+00,  9.9832402952557475e-01,  2.7328816364904313e-01,  3.8125292267529066e-03, -1.5348595513367271e-03, -4.7024568126665833e-02,  0.0000000000000000e+00,  1.7991307064280013e-03,  3.5710743460920009e-04, -4.3034054599673494e-02,  0.0000000000000000e+00
 6.8031968031968031e+00,  6.3486582839527227e+02,  3.3407495530440898e+00,  3.2670046189929963e+01, -2.2470280086294696e-02,  8.9250046245443443e-02,  4.9328643486412410e-01,  4.3185298339683059e+03,  8.7587248650667334e+01, -1.4975772888605114e+04,  9.9488530459120614e+00,  2.5187345519299091e+00,  2.9608231432202987e+00, -8.2007924776892602e-02, -1.6454364301194444e+00,  9.9785210621444242e-01,  2.7328816364904313e-01,  3.8304532477169539e-03, -1.5312875104912039e-03, -4.7451530168781536e-02,  0.0000000000000000e+00,  1.7892582905742679e-03,  3.5801514266454006e-04, -4.2443746231892190e-02,  0.0000000000000000e+00
 6.8131868131868130e+00,  6.3486795772720063e+02,  3.3393481598272747e+00,  3.2670319599465955e+01, -2.2478701721480244e-02,  8.9246184122967240e-02,  4.9335493605983616e-01,  4.3248731380581676e+03,  8.7892062605866244e+01, -1.4975724694098135e+04,  9.9488488305084637e+00,  2.5187612805518191e+00,  2.9658361945338214e+00, -8.1969569226424913e-02, -1.6454517098319625e+00,  9.9737594700471999e-01,  2.7328816364904313e-01,  3.8482773903566127e-03, -1.5277060749567318e-03, -4.7872600381221105e-02,  0.0000000000000000e+00,  1.7791350658854926e-03,  3.5898825133679092e-04, -4.1854510298509992e-02,  0.0000000000000000e+00
 6.8231768231768228e+00,  6.3487008683925546e+02,  3.3379398223512946e+00,  3.2670588202281102e+01, -2.2487116133261164e-02,  8.9242321089746723e-02,  4.9342319706090726e-01,  4.3312164374462800e+03,  8.8197418453656965e+01, -1.4975676503236509e+04,  9.9488445626467801e+00,  2.5187878535117836e+00,  2.9708499127890056e+00, -8.1931036117744618e-02, -1.6454669537173456e+00,  9.9689561070233013e-01,  2.7328816364904313e-01,  3.8659991829415436e-03, -1.5241146040829655e-03, -4.8287790023582987e-02,  0.0000000000000000e+00,  1.7687678096520159e-03,  3.6002421757760884e-04, -4.1266456102765518e-02,  0.0000000000000000e+00
 6.8331668331668336e+00,  6.3487221572900660e+02,  3.3365245730843607e+00,  3.2670852037237758e+01, -2.2495521654906141e-02,  8.9238458429007059e-02,  4.9349120771954141e-01,  4.3375597320809884e+03,  8.8503316209471279e+01, -1.4975628316061913e+04,  9.9488402422883357e+00,  2.5188142712352204e+00,  2.9758642955688961e+00, -8.1892326485506997e-02, -1.6454821616722040e+00,  9.9641115599525776e-01,  2.7328816364904313e-01,  3.8836162210928848e-03, -1.5205124824470284e-03, -4.8697111436193631e-02,  0.0000000000000000e+00,  1.7581632282463089e-03,  3.6112053393697231e-04, -4.0679690701882855e-02,  0.0000000000000000e+00
 6.8431568431568435e+00,  6.3487434439403148e+02,  3.3351024455639124e+00,  3.2671111143025819e+01, -2.2503916652041055e-02,  8.9234597397091470e-02,  4.9355895812771083e-01,  4.3439030219106289e+03,  8.8809755888720744e+01, -1.4975580132615631e+04,  9.9488358694067305e+00,  2.5188405341773561e+00,  2.9808793403599698e+00, -8.1853441388052450e-02, -1.6454973335871248e+00,  9.9592264144286569e-01,  2.7328816364904313e-01,  3.9011261670815599e-03, -1.5168991193975254e-03, -4.9100578017736818e-02,  0.0000000000000000e+00,  1.7473279586517946e-03,  3.6227474858702542e-04, -4.0094318922627145e-02,  0.0000000000000000e+00
 6.8531468531468533e+00,  6.3487647283191586e+02,  3.3336734743697192e+00,  3.2671365558161149e+01, -2.2512299522428184e-02,  8.9230739223702296e-02,  4.9362643861494765e-01,  4.3502463068835295e+03,  8.9116737506796895e+01, -1.4975531952938558e+04,  9.9488314439876167e+00,  2.5188666428225455e+00,  2.9858950445544350e+00, -8.1814381906744130e-02, -1.6455124693469172e+00,  9.9543012546543286e-01,  2.7328816364904313e-01,  3.9185267491329955e-03, -1.5132739486655787e-03, -4.9498204202982350e-02,  0.0000000000000000e+00,  1.7362685680456886e-03,  3.6348443194873917e-04, -3.9510443363530004e-02,  0.0000000000000000e+00
 6.8631368631368632e+00,  6.3487860104025344e+02,  3.3322376950972461e+00,  3.2671615320984060e+01, -2.2520668695741163e-02,  8.9226885112143231e-02,  4.9369363974612390e-01,  4.3565895869480109e+03,  8.9424261079071215e+01, -1.4975483777071209e+04,  9.9488269660284896e+00,  2.5188925976836023e+00,  2.9909114054525188e+00, -8.1775149145312531e-02, -1.6455275688308544e+00,  9.9493366633391500e-01,  2.7328816364904313e-01,  3.9358157607250685e-03, -1.5096364280095373e-03, -4.9890005440759250e-02,  0.0000000000000000e+00,  1.7249915526873331e-03,  3.6474720339074246e-04, -3.8928164439405159e-02,  0.0000000000000000e+00
 6.8731268731268731e+00,  6.3488072901664646e+02,  3.3307951443312853e+00,  3.2671860469657815e+01, -2.2529022633336102e-02,  8.9223036239562847e-02,  4.9376055231922011e-01,  4.3629328620523847e+03,  8.9732326620895137e+01, -1.4975435605053715e+04,  9.9488224355384656e+00,  2.5189183993011377e+00,  2.9959284202647267e+00, -8.1735744229207166e-02, -1.6455426319129114e+00,  9.9443332215992319e-01,  2.7328816364904313e-01,  3.9529910598838014e-03, -1.5059860388701948e-03, -5.0275998172087111e-02,  0.0000000000000000e+00,  1.7135033388909608e-03,  3.6606070230563468e-04, -3.8347580372434423e-02,  0.0000000000000000e+00
 6.8831168831168830e+00,  6.3488285675870554e+02,  3.3293458596198491e+00,  3.2672101042167185e+01, -2.2537359828018938e-02,  8.9219193757199333e-02,  4.9382716736308463e-01,  4.3692761321449552e+03,  9.0040934147600112e+01, -1.4975387436925832e+04,  9.9488178525380722e+00,  2.5189440482428966e+00,  3.0009460861140820e+00, -8.1696168304955213e-02, -1.6455576584620006e+00,  9.9392915088592126e-01,  2.7328816364904313e-01,  3.9700505684847837e-03, -1.5023222859596628e-03, -5.0656199808479546e-02,  0.0000000000000000e+00,  1.7018102830258515e-03,  3.6742263038291168e-04, -3.7768787233331810e-02,  0.0000000000000000e+00
 6.8931068931068928e+00,  6.3488498426404999e+02,  3.3278898794483291e+00,  3.2672337076317028e+01, -2.2545678803809137e-02,  8.9215358790625948e-02,  4.9389347613518192e-01,  4.3756193971740186e+03,  9.0350083674497597e+01, -1.4975339272726937e+04,  9.9488132170590298e+00,  2.5189695451031140e+00,  3.0059644000383439e+00, -8.1656422539527151e-02, -1.6455726483422013e+00,  9.9342121027563790e-01,  2.7328816364904313e-01,  3.9869922715537300e-03, -1.4986446968501773e-03, -5.1030628710412050e-02,  0.0000000000000000e+00,  1.6899186713772759e-03,  3.6883070933607176e-04, -3.7191878933556390e-02,  0.0000000000000000e+00
 6.9030969030969027e+00,  6.3488711153030772e+02,  3.3264272432139248e+00,  3.2672568609730938e+01, -2.2553978115699997e-02,  8.9211532439997646e-02,  4.9395947011933328e-01,  4.3819626570878627e+03,  9.0659775216879083e+01, -1.4975291112496036e+04,  9.9488085291440367e+00,  2.5189948905018671e+00,  3.0109833589922070e+00, -8.1616508119709386e-02, -1.6455876014129867e+00,  9.9290955790469426e-01,  2.7328816364904313e-01,  4.0038142165578234e-03, -1.4949528216962004e-03, -5.1399304166009928e-02,  0.0000000000000000e+00,  1.6778347184776806e-03,  3.7028269647680699e-04, -3.6616947277593952e-02,  0.0000000000000000e+00
 6.9130869130869135e+00,  6.3488923855511553e+02,  3.3249579912003342e+00,  3.2672795679849891e+01, -2.2562256349415704e-02,  8.9207715780298624e-02,  4.9402514102344841e-01,  4.3883059118347683e+03,  9.0970008790016138e+01, -1.4975242956271768e+04,  9.9488037888465755e+00,  2.5190200850844331e+00,  3.0160029598494744e+00, -8.1576426251484035e-02, -1.6456025175294480e+00,  9.9239425115144186e-01,  2.7328816364904313e-01,  4.0205145127028144e-03, -1.4912462327456976e-03, -5.1762246369919857e-02,  0.0000000000000000e+00,  1.6655645697493413e-03,  3.7177641141380449e-04, -3.6044081945170940e-02,  0.0000000000000000e+00
 6.9230769230769234e+00,  6.3489136533611941e+02,  3.3234821645527179e+00,  3.2673018323930961e+01, -2.2570512121165221e-02,  8.9203909861590366e-02,  4.9409048077724960e-01,  4.3946491613630069e+03,  9.1280784409160276e+01, -1.4975194804092405e+04,  9.9487989962306855e+00,  2.5190451295206615e+00,  3.0210231994052084e+00, -8.1536178159415620e-02, -1.6456173965425120e+00,  9.9187534718801251e-01,  2.7328816364904313e-01,  4.0370913302313011e-03, -1.4875245239952934e-03, -5.2119476402327669e-02,  0.0000000000000000e+00,  1.6531142994177775e-03,  3.7330968043035355e-04, -3.5473370542410398e-02,  0.0000000000000000e+00
 6.9330669330669332e+00,  6.3489349187097412e+02,  3.3219998052529265e+00,  3.2673236579046062e+01, -2.2578744077393222e-02,  8.9200115709260938e-02,  4.9415548152998906e-01,  4.4009924056208447e+03,  9.1592102089543133e+01, -1.4975146655995859e+04,  9.9487941513707625e+00,  2.5190700245043454e+00,  3.0260440743778636e+00, -8.1495765086044850e-02, -1.6456322382991582e+00,  9.9135290297157519e-01,  2.7328816364904313e-01,  4.0535428997156356e-03, -1.4837873109568916e-03, -5.2471016208242967e-02,  0.0000000000000000e+00,  1.6404899113460971e-03,  3.7488036985768177e-04, -3.4904898601832456e-02,  0.0000000000000000e+00
 6.9430569430569431e+00,  6.3489561815734396e+02,  3.3205109560949992e+00,  3.2673450482080739e+01, -2.2586950894528297e-02,  8.9196334324274359e-02,  4.9422013564815970e-01,  4.4073356445565378e+03,  9.1903961846376376e+01, -1.4975098512019678e+04,  9.9487892543513521e+00,  2.5190947707526052e+00,  3.0310655814113940e+00, -8.1455188291289435e-02, -1.6456470426426311e+00,  9.9082697523579988e-01,  2.7328816364904313e-01,  4.0698675113524313e-03, -1.4800342300912268e-03, -5.2816888576862099e-02,  0.0000000000000000e+00,  1.6276973383404535e-03,  3.7648641944845837e-04, -3.4338749595719441e-02,  0.0000000000000000e+00
 6.9530469530469530e+00,  6.3489774419290245e+02,  3.3190156606609338e+00,  3.2673660069732975e+01, -2.2595131278728371e-02,  8.9192566683421071e-02,  4.9428443571320035e-01,  4.4136788781183359e+03,  9.2216363694851694e+01, -1.4975050372201056e+04,  9.9487843052669493e+00,  2.5191193690052716e+00,  3.0360877170773422e+00, -8.1414449051851995e-02, -1.6456618094126465e+00,  9.9029762048252701e-01,  2.7328816364904313e-01,  4.0860635142603158e-03, -1.4762649385186516e-03, -5.3157117121204918e-02,  0.0000000000000000e+00,  1.6147424438181220e-03,  3.7812575338109545e-04, -3.3775004981713354e-02,  0.0000000000000000e+00
 6.9630369630369628e+00,  6.3489986997533265e+02,  3.3175139632967210e+00,  3.2673865378512055e+01, -2.2603283965623732e-02,  8.9188813739568815e-02,  4.9434837451919561e-01,  4.4200221062544824e+03,  9.2529307650140808e+01, -1.4975002236576833e+04,  9.9487793042217909e+00,  2.5191438200242828e+00,  3.0411104778769018e+00, -8.1373548660634884e-02, -1.6456765384455985e+00,  9.8976489497363795e-01,  2.7328816364904313e-01,  4.1021293157764991e-03, -1.4724791136746910e-03, -5.3491726257890768e-02,  0.0000000000000000e+00,  1.6016310197218124e-03,  3.7979638037979321e-04, -3.3213744182795046e-02,  0.0000000000000000e+00
 6.9730269730269727e+00,  6.3490199550232717e+02,  3.3160059090886556e+00,  3.2674066444737463e+01, -2.2611407720057597e-02,  8.9185076421913811e-02,  4.9441194507057123e-01,  4.4263653289132108e+03,  9.2842793727395417e+01, -1.4974954105183499e+04,  9.9487742513296453e+00,  2.5191681245930830e+00,  3.0461338602429575e+00, -8.1332488426162156e-02, -1.6456912295747579e+00,  9.8922885472312860e-01,  2.7328816364904313e-01,  4.1180633807448245e-03, -1.4686764528877355e-03, -5.3820741187173428e-02,  0.0000000000000000e+00,  1.5883687869368381e-03,  3.8149630916875174e-04, -3.2655044659593124e-02,  0.0000000000000000e+00
 6.9830169830169826e+00,  6.3490412077158828e+02,  3.3144915438399112e+00,  3.2674263304537817e+01, -2.2619501335824539e-02,  8.9181355636232543e-02,  4.9447514057978575e-01,  4.4327085460427488e+03,  9.3156821941747211e+01, -1.4974905978057193e+04,  9.9487691467136372e+00,  2.5191922835160261e+00,  3.0511578605421068e+00, -8.1291269672008615e-02, -1.6457058826304714e+00,  9.8868955548937876e-01,  2.7328816364904313e-01,  4.1338642308140537e-03, -1.4648566731122544e-03, -5.4144187873140251e-02,  0.0000000000000000e+00,  1.5749613969596409e-03,  3.8322360186947714e-04, -3.2098981871445546e-02,  0.0000000000000000e+00
 6.9930069930069934e+00,  6.3490624578082804e+02,  3.3129709140473911e+00,  3.2674455993849826e+01, -2.2627563635406765e-02,  8.9177652265133703e-02,  4.9453795446501841e-01,  4.4390517575913173e+03,  9.3471392308307884e+01, -1.4974857855233717e+04,  9.9487639905060217e+00,  2.5192162976177941e+00,  3.0561824750766591e+00, -8.1249893736235798e-02, -1.6457204974403545e+00,  9.8814705276762127e-01,  2.7328816364904313e-01,  4.1495304437391620e-03, -1.4610195104956388e-03, -5.4462093023995677e-02,  0.0000000000000000e+00,  1.5614144306468531e-03,  3.8497635397691487e-04, -3.1545629329808429e-02,  0.0000000000000000e+00
 7.0029970029970032e+00,  6.3490837052776862e+02,  3.3114440668788472e+00,  3.2674644548417312e+01, -2.2635593469708486e-02,  8.9173967168310858e-02,  4.9460038034785447e-01,  4.4453949635071285e+03,  9.3786504842168952e+01, -1.4974809736748522e+04,  9.9487587828480102e+00,  2.5192401677428116e+00,  3.0612077000866087e+00, -8.1208361970835002e-02, -1.6457350738294823e+00,  9.8760140178260558e-01,  2.7328816364904313e-01,  4.1650606526733294e-03, -1.4571647199777941e-03, -5.4774484072678674e-02,  0.0000000000000000e+00,  1.5477333979364808e-03,  3.8675270770861537e-04, -3.0995058616040620e-02,  0.0000000000000000e+00
 7.0129870129870131e+00,  6.3491049501014209e+02,  3.3099110501502689e+00,  3.2674829003790236e+01, -2.2643589717788414e-02,  8.9170301182794828e-02,  4.9466241205096817e-01,  4.4517381637383878e+03,  9.4102159558401922e+01, -1.4974761622636728e+04,  9.9487535238895486e+00,  2.5192638947546744e+00,  3.0662335317515850e+00, -8.1166675741177391e-02, -1.6457496116205739e+00,  9.8705265748145388e-01,  2.7328816364904313e-01,  4.1804535454594647e-03, -1.4532920749910807e-03, -5.5081389157686567e-02,  0.0000000000000000e+00,  1.5339237378479142e-03,  3.8855081863139475e-04, -3.0447339402540661e-02,  0.0000000000000000e+00
 7.0229770229770230e+00,  6.3491261922569061e+02,  3.3083719123035440e+00,  3.2675009395323784e+01, -2.2651551286590625e-02,  8.9166655123206637e-02,  4.9472404359580430e-01,  4.4580813582332939e+03,  9.4418356472058150e+01, -1.4974713512933113e+04,  9.9487482137891607e+00,  2.5192874795355795e+00,  3.0712599661927906e+00, -8.1124836425471178e-02, -1.6457641106341774e+00,  9.8650087452670776e-01,  2.7328816364904313e-01,  4.1957078639351568e-03, -1.4494013671161267e-03, -5.5382837103994512e-02,  0.0000000000000000e+00,  1.5199908209856180e-03,  3.9036889793440130e-04, -2.9902539448310780e-02,  0.0000000000000000e+00
 7.0329670329670328e+00,  6.3491474317216671e+02,  3.3068267023843916e+00,  3.2675185758177484e+01, -2.2659477110673797e-02,  8.9163029782010211e-02,  4.9478526920025800e-01,  4.4644245469400385e+03,  9.4735095598168812e+01, -1.4974665407672124e+04,  9.9487428527137229e+00,  2.5193109229857678e+00,  3.0762869994749003e+00, -8.1082845414225641e-02, -1.6457785706888479e+00,  9.8594610728956589e-01,  2.7328816364904313e-01,  4.2108224032317947e-03, -1.4454924057037135e-03, -5.5678857404164235e-02,  0.0000000000000000e+00,  1.5059399462012417e-03,  3.9220517683075128e-04, -2.9360724645668392e-02,  0.0000000000000000e+00
 7.0429570429570427e+00,  6.3491686684733304e+02,  3.3052754700205620e+00,  3.2675358127314340e+01, -2.2667366151939074e-02,  8.9159425929765654e-02,  4.9484608327635438e-01,  4.4707677298068065e+03,  9.5052376951744861e+01, -1.4974617306887882e+04,  9.9487374408382934e+00,  2.5193342260229641e+00,  3.0813146276079522e+00, -8.1040704109722292e-02, -1.6457929916013243e+00,  9.8538840984330789e-01,  2.7328816364904313e-01,  4.2257960110669724e-03, -1.4415650174858742e-03, -5.5969480199787196e-02,  0.0000000000000000e+00,  1.4917763424014824e-03,  3.9405794438067936e-04, -2.8821959038048021e-02,  0.0000000000000000e+00
 7.0529470529470526e+00,  6.3491899024896293e+02,  3.3037182654003101e+00,  3.2675526537500041e+01, -2.2675217399356535e-02,  8.9155844315381871e-02,  4.9490648042792784e-01,  4.4771109067817752e+03,  9.5370200547777003e+01, -1.4974569210614174e+04,  9.9487319783459096e+00,  2.5193573895818360e+00,  3.0863428465492069e+00, -8.0998413925493035e-02, -1.6458073731866998e+00,  9.8482783595690282e-01,  2.7328816364904313e-01,  4.2406275870469426e-03, -1.4376190462646570e-03, -5.6254736262961701e-02,  0.0000000000000000e+00,  1.4775051688260639e-03,  3.9592549409416320e-04, -2.8286304809986774e-02,  0.0000000000000000e+00
 7.0629370629370634e+00,  6.3492111337484005e+02,  3.3021551392511386e+00,  3.2675691023302150e+01, -2.2683029868690478e-02,  8.9152285666369888e-02,  4.9496645544830226e-01,  4.4834540778131159e+03,  9.5688566401235690e+01, -1.4974521118884468e+04,  9.9487264654274199e+00,  2.5193804146134453e+00,  3.0913716522049945e+00, -8.0955976285805267e-02, -1.6458217152585923e+00,  9.8426443908880312e-01,  2.7328816364904313e-01,  4.2553160819741682e-03, -1.4336543526234343e-03, -5.6534656978065943e-02,  0.0000000000000000e+00,  1.4631315156044856e-03,  3.9780617287862581e-04, -2.7753822353881144e-02,  0.0000000000000000e+00
 7.0729270729270732e+00,  6.3492323622275876e+02,  3.3005861428188092e+00,  3.2675851619089379e+01, -2.2690802602223618e-02,  8.9148750689095169e-02,  4.9502600331797081e-01,  4.4897972428489920e+03,  9.6007474527070897e+01, -1.4974473031731908e+04,  9.9487209022812824e+00,  2.5194033020847160e+00,  3.0964010404325246e+00, -8.0913392625153888e-02, -1.6458360176293096e+00,  9.8369827238091745e-01,  2.7328816364904313e-01,  4.2698604971413891e-03, -1.4296708134487080e-03, -5.6809274323736392e-02,  0.0000000000000000e+00,  1.4486604008351926e-03,  3.9969836991431460e-04, -2.7224570248837728e-02,  0.0000000000000000e+00
 7.0829170829170831e+00,  6.3492535879052423e+02,  3.2990113278466251e+00,  3.2676008359030874e+01, -2.2698534668480295e-02,  8.9145240069030976e-02,  4.9508511920227888e-01,  4.4961404018375606e+03,  9.6326924940212308e+01, -1.4974424949189319e+04,  9.9487152891133892e+00,  2.5194260529779076e+00,  3.1014310070416875e+00, -8.0870664387760485e-02, -1.6458502801100099e+00,  9.8312938865276445e-01,  2.7328816364904313e-01,  4.2842598836411944e-03, -1.4256683216300524e-03, -5.7078620854941857e-02,  0.0000000000000000e+00,  1.4340967764259222e-03,  4.0160049218051873e-04, -2.6698605298496825e-02,  0.0000000000000000e+00
 7.0929070929070930e+00,  6.3492748107595219e+02,  3.2974307465549826e+00,  3.2676161277095517e+01, -2.2706225161948757e-02,  8.9141754471010248e-02,  4.9514379844910739e-01,  4.5024835547269722e+03,  9.6646917655569112e+01, -1.4974376871289211e+04,  9.9487096261368801e+00,  2.5194486682900901e+00,  3.1064615477968278e+00, -8.0827793027079139e-02, -1.6458645025108607e+00,  9.8255784039580374e-01,  2.7328816364904313e-01,  4.2985133416723912e-03, -1.4216467858048252e-03, -5.7342729685420389e-02,  0.0000000000000000e+00,  1.4194455214196807e-03,  4.0351098002997128e-04, -2.6175982563305434e-02,  0.0000000000000000e+00
 7.1028971028971029e+00,  6.3492960307686940e+02,  3.2958444516211909e+00,  3.2676310407051311e+01, -2.2713873202802704e-02,  8.9138294539478038e-02,  4.9520203658655931e-01,  4.5088267014653711e+03,  9.6967452688029994e+01, -1.4974328798063780e+04,  9.9487039135719666e+00,  2.5194711490326291e+00,  3.1114926584184905e+00, -8.0784780005309489e-02, -1.6458786846411948e+00,  9.8198367976794088e-01,  2.7328816364904313e-01,  4.3126200198411891e-03, -1.4176061299467188e-03, -5.7601634470132369e-02,  0.0000000000000000e+00,  1.4047114479736140e-03,  4.0542832276293129e-04, -2.5656755336033649e-02,  0.0000000000000000e+00
 7.1128871128871127e+00,  6.3493172479111354e+02,  3.2942524961595603e+00,  3.2676455782464743e+01, -2.2721477936622141e-02,  8.9134860898743326e-02,  4.9525982932064871e-01,  4.5151698420008943e+03,  9.7288530052463045e+01, -1.4974280729544913e+04,  9.9486981516457647e+00,  2.5194934962306776e+00,  3.1165243345851557e+00, -8.0741626792916479e-02, -1.6458928263096608e+00,  9.8140695858820870e-01,  2.7328816364904313e-01,  4.3265791144779199e-03, -1.4135462929768582e-03, -5.7855369388026254e-02,  0.0000000000000000e+00,  1.3898992982999149e-03,  4.0735103860321700e-04, -2.5140975226322915e-02,  0.0000000000000000e+00
 7.1228771228771226e+00,  6.3493384621653342e+02,  3.2926549337017583e+00,  3.2676597436700220e+01, -2.2729038534113635e-02,  8.9131454153230857e-02,  4.9531717253299284e-01,  4.5215129762816723e+03,  9.7610149763715725e+01, -1.4974232665764188e+04,  9.9486923405920962e+00,  2.5195157109226720e+00,  3.1215565719349430e+00, -8.0698334868157084e-02, -1.6459069273243712e+00,  9.8082772833161669e-01,  2.7328816364904313e-01,  4.3403898689431501e-03, -1.4094672285637597e-03, -5.8103969125046284e-02,  0.0000000000000000e+00,  1.3750137456392123e-03,  4.0927765689909251e-04, -2.4628692125087788e-02,  0.0000000000000000e+00
 7.1328671328671325e+00,  6.3493596735098890e+02,  3.2910518181774329e+00,  3.2676735402919512e+01, -2.2736554190830087e-02,  8.9128074887731917e-02,  4.9537406227850839e-01,  4.5278561042558304e+03,  9.7932311836614815e+01, -1.4974184606752880e+04,  9.9486864806513235e+00,  2.5195377941598389e+00,  3.1265893660672925e+00, -8.0654905716613920e-02, -1.6459209874930487e+00,  9.8024604012417182e-01,  2.7328816364904313e-01,  4.3540515729412381e-03, -1.4053689047343037e-03, -5.8347468857198728e-02,  0.0000000000000000e+00,  1.3600593948166720e-03,  4.1120677374546018e-04, -2.4119954252348932e-02,  0.0000000000000000e+00
 7.1428571428571432e+00,  6.3493808819235107e+02,  3.2894432038951016e+00,  3.2676869714081242e+01, -2.2744024126890069e-02,  8.9124723667655517e-02,  4.9543049478311141e-01,  4.5341992258714863e+03,  9.8255016285966335e+01, -1.4974136552541961e+04,  9.9486805720701881e+00,  2.5195597470057005e+00,  3.1316227125446314e+00, -8.0611340830735678e-02, -1.6459350066231671e+00,  9.7966194473806623e-01,  2.7328816364904313e-01,  4.3675635618390272e-03, -1.4012513034405633e-03, -5.8585904233881131e-02,  0.0000000000000000e+00,  1.3450407825205939e-03,  4.1313700526133428e-04, -2.3614808159466615e-02,  0.0000000000000000e+00
 7.1528471528471531e+00,  6.3494020873850218e+02,  3.2878291455233084e+00,  3.2677000402940415e+01, -2.2751447586696928e-02,  8.9121401039278028e-02,  4.9548646644142219e-01,  4.5405423410767498e+03,  9.8578263126555385e+01, -1.4974088503162100e+04,  9.9486746151016270e+00,  2.5195815705355975e+00,  3.1366566068940105e+00, -8.0567641709384366e-02, -1.6459489845220885e+00,  9.7907549258703130e-01,  2.7328816364904313e-01,  4.3809252159793264e-03, -1.3971144203483385e-03, -5.8819311361460569e-02,  0.0000000000000000e+00,  1.3299623763284108e-03,  4.1506698981454837e-04, -2.3113298781414653e-02,  0.0000000000000000e+00
 7.1628371628371630e+00,  6.3494232898733605e+02,  3.2862096980720423e+00,  3.2677127502047945e+01, -2.2758823838657585e-02,  8.9118107529993176e-02,  4.9554197381447479e-01,  4.5468854498197279e+03,  9.8902052373146262e+01, -1.4974040458643674e+04,  9.9486686100046029e+00,  2.5196032658362038e+00,  3.1416910446087218e+00, -8.0523809857389439e-02, -1.6459629209972000e+00,  9.7848673372185324e-01,  2.7328816364904313e-01,  4.3941359600016038e-03, -1.3929582645593238e-03, -5.9047726787048088e-02,  0.0000000000000000e+00,  1.3148285769315913e-03,  4.1699539914619914e-04, -2.2615469421206656e-02,  0.0000000000000000e+00
 7.1728271728271729e+00,  6.3494444893675768e+02,  3.2845849168744241e+00,  3.2677251043750260e+01, -2.2766152174901189e-02,  8.9114843648561218e-02,  4.9559701362743230e-01,  4.5532285520485184e+03,  9.9226384040482259e+01, -1.4973992419016766e+04,  9.9486625570439493e+00,  2.5196248340050675e+00,  3.1467260211498989e+00, -8.0479846785108611e-02, -1.6459768158560457e+00,  9.7789571782605134e-01,  2.7328816364904313e-01,  4.4071952621657405e-03, -1.3887828581668866e-03, -5.9271187482347408e-02,  0.0000000000000000e+00,  1.2996437163285087e-03,  4.1892096061972280e-04, -2.2121361777717383e-02,  0.0000000000000000e+00
 7.1828171828171827e+00,  6.3494656858468375e+02,  3.2829548575686536e+00,  3.2677371060188896e+01, -2.2773431910997753e-02,  8.9111609885357310e-02,  4.9565158276730759e-01,  4.5595716477112146e+03,  9.9551258143285622e+01, -1.4973944384311164e+04,  9.9486564564901947e+00,  2.5196462761501377e+00,  3.1517615319480812e+00, -8.0435754007995519e-02, -1.6459906689064541e+00,  9.7730249421171644e-01,  2.7328816364904313e-01,  4.4201026336740329e-03, -1.3845882359779843e-03, -5.9489730827863581e-02,  0.0000000000000000e+00,  1.2844120596316861e-03,  4.2084240159851881e-04, -2.1631015994621989e-02,  0.0000000000000000e+00
 7.1928071928071926e+00,  6.3494868792904242e+02,  3.2813195760802212e+00,  3.2677487583300149e+01, -2.2780662385676765e-02,  8.9108406712619076e-02,  4.9570567828069029e-01,  4.5659147367559035e+03,  9.9876674696257467e+01, -1.4973896354556371e+04,  9.9486503086194009e+00,  2.5196675933893085e+00,  3.1567975724047734e+00, -8.0391533046174066e-02, -1.6460044799566647e+00,  9.7670711181550462e-01,  2.7328816364904313e-01,  4.4328576280011174e-03, -1.3803744452465065e-03, -5.9703394597224700e-02,  0.0000000000000000e+00,  1.2691378046507493e-03,  4.2275850284332657e-04, -2.1144470631474534e-02,  0.0000000000000000e+00
 7.2027972027972025e+00,  6.3495080696777336e+02,  3.2796791286043803e+00,  3.2677600644814746e+01, -2.2787842960545892e-02,  8.9105234584694173e-02,  4.9575929737148067e-01,  4.5722578191306648e+03,  1.0020263371407771e+02, -1.4973848329781602e+04,  9.9486441137130015e+00,  2.5196887868499704e+00,  3.1618341378939721e+00, -8.0347185424019474e-02, -1.6460182488154500e+00,  9.7610961919478889e-01,  2.7328816364904313e-01,  4.4454598402216133e-03, -1.3761415453287622e-03, -5.9912216941689883e-02,  0.0000000000000000e+00,  1.2538250818924276e-03,  4.2466806068910945e-04, -2.0661762730454673e-02,  0.0000000000000000e+00
 7.2127872127872124e+00,  6.3495292569882804e+02,  3.2780335715888822e+00,  3.2677710276257542e+01, -2.2794973019809834e-02,  8.9102093938286234e-02,  4.9581243739862990e-01,  4.5786008947835735e+03,  1.0052913521140499e+02, -1.4973800310015788e+04,  9.9486378720576401e+00,  2.5197098576685675e+00,  3.1668712237636742e+00, -8.0302712669746062e-02, -1.6460319752922357e+00,  9.7551006452396238e-01,  2.7328816364904313e-01,  4.4579089063445090e-03, -1.3718896073611313e-03, -6.0116236374915782e-02,  0.0000000000000000e+00,  1.2384779559509978e-03,  4.2656992041835456e-04, -2.0182927801904078e-02,  0.0000000000000000e+00
 7.2227772227772231e+00,  6.3495504412016965e+02,  3.2763829617169682e+00,  3.2677816508947267e+01, -2.2802051969989405e-02,  8.9098985192700639e-02,  4.9586509587388838e-01,  4.5849439636626985e+03,  1.0085617920287665e+02, -1.4973752295287579e+04,  9.9486315839450228e+00,  2.5197308069901472e+00,  3.1719088253373582e+00, -8.0258116315001599e-02, -1.6460456591972155e+00,  9.7490849559089443e-01,  2.7328816364904313e-01,  4.4702045026506348e-03, -1.3676187140158164e-03, -6.0315491757892054e-02,  0.0000000000000000e+00,  1.2231004245353389e-03,  4.2846292731366271e-04, -1.9707999869943888e-02,  0.0000000000000000e+00
 7.2327672327672330e+00,  6.3495716222977319e+02,  3.2747273558906222e+00,  3.2677919373996275e+01, -2.2809079239640900e-02,  8.9095908750089173e-02,  4.9591727045956097e-01,  4.5912870257161003e+03,  1.0118376570310845e+02, -1.4973704285625347e+04,  9.9486252496717391e+00,  2.5197516359679457e+00,  3.1769469379154538e+00, -8.0213397894468325e-02, -1.6460593003414667e+00,  9.7430495979353493e-01,  2.7328816364904313e-01,  4.4823463450290374e-03, -1.3633289590893431e-03, -6.0510022284058371e-02,  0.0000000000000000e+00,  1.2076964195808181e-03,  4.3034600897845835e-04, -1.9237011468015743e-02,  0.0000000000000000e+00
 7.2427572427572429e+00,  6.3495928002562539e+02,  3.2730668112140813e+00,  3.2678018902310335e+01, -2.2816054279075831e-02,  8.9092864995693966e-02,  4.9596895896627063e-01,  4.5976300808918368e+03,  1.0151189472669478e+02, -1.4973656281057189e+04,  9.9486188695391409e+00,  2.5197723457629482e+00,  3.1819855567767847e+00, -8.0168558945470550e-02, -1.6460728985370574e+00,  9.7369950413666750e-01,  2.7328816364904313e-01,  4.4943341883198961e-03, -1.3590204472358417e-03, -6.0699867464634773e-02,  0.0000000000000000e+00,  1.1922698072493042e-03,  4.3221806409253000e-04, -1.8769993683379994e-02,  0.0000000000000000e+00
 7.2527472527472527e+00,  6.3496139750572502e+02,  3.2714013849776014e+00,  3.2678115124588459e+01, -2.2822976560081091e-02,  8.9089854298090437e-02,  4.9602015935073068e-01,  4.6039731291379585e+03,  1.0184056628820836e+02, -1.4973608281610928e+04,  9.9486124438531522e+00,  2.5197929375434733e+00,  3.1870246771799846e+00, -8.0123601007588807e-02, -1.6460864535971558e+00,  9.7309217522880698e-01,  2.7328816364904313e-01,  4.5061678256584532e-03, -1.3546932938228774e-03, -6.0885067114187737e-02,  0.0000000000000000e+00,  1.1768243879297059e-03,  4.3407804918289892e-04, -1.8306976157124254e-02,  0.0000000000000000e+00
 7.2627372627372626e+00,  6.3496351466808267e+02,  3.2697311346414808e+00,  3.2678208071322750e+01, -2.2829845575639562e-02,  8.9086877009429244e-02,  4.9607086971352515e-01,  4.6103161704025106e+03,  1.0216978040220026e+02, -1.4973560287314118e+04,  9.9486059729241454e+00,  2.5198134124847611e+00,  3.1920642943649007e+00, -8.0078525622280572e-02, -1.6460999653361348e+00,  9.7248301927924119e-01,  2.7328816364904313e-01,  4.5178470878282440e-03, -1.3503476244422210e-03, -6.1065661336311070e-02,  0.0000000000000000e+00,  1.1613638984624254e-03,  4.3592496082455314e-04, -1.7847987111967539e-02,  0.0000000000000000e+00
 7.2727272727272725e+00,  6.3496563151072098e+02,  3.2680561178203358e+00,  3.2678297772798274e+01, -2.2836660839651298e-02,  8.9083933465677459e-02,  4.9612108829689866e-01,  4.6166592046335318e+03,  1.0249953708319975e+02, -1.4973512298194042e+04,  9.9485994570667859e+00,  2.5198337717685639e+00,  3.1971044035539693e+00, -8.0033334332507325e-02, -1.6461134335696721e+00,  9.7187208209521436e-01,  2.7328816364904313e-01,  4.5293718426097848e-03, -1.3459835746876415e-03, -6.1241690509575758e-02,  0.0000000000000000e+00,  1.1458920088021358e-03,  4.3775780004225905e-04, -1.7393053375623357e-02,  0.0000000000000000e+00
 7.2827172827172824e+00,  6.3496774803167477e+02,  3.2663763922676301e+00,  3.2678384259092958e+01, -2.2843421886655297e-02,  8.9081023986858493e-02,  4.9617081348255548e-01,  4.6230022317790554e+03,  1.0282983634571427e+02, -1.4973464314277719e+04,  9.9485928965998713e+00,  2.5198540165827472e+00,  3.2021449999535738e+00, -7.9988028682368290e-02, -1.6461268581148498e+00,  9.7125940907924968e-01,  2.7328816364904313e-01,  4.5407419941351007e-03, -1.3416012899103550e-03, -6.1413195273641134e-02,  0.0000000000000000e+00,  1.1304123266065117e-03,  4.3957561235852705e-04, -1.6942200390810219e-02,  0.0000000000000000e+00
 7.2927072927072931e+00,  6.3496986422899079e+02,  3.2646920158604571e+00,  3.2678467560077536e+01, -2.2850128271551903e-02,  8.9078148877291430e-02,  4.9622004378946816e-01,  4.6293452517871101e+03,  1.0316067820422933e+02, -1.4973416335591904e+04,  9.9485862918462100e+00,  2.5198741481208922e+00,  3.2071860787553805e+00, -7.9942610216740387e-02, -1.6461402387902497e+00,  9.7064504522661010e-01,  2.7328816364904313e-01,  4.5519574822502108e-03, -1.3372009248747490e-03, -6.1580216515568609e-02,  0.0000000000000000e+00,  1.1149283940383573e-03,  4.4137746776976559e-04, -1.6495452243068795e-02,  0.0000000000000000e+00
 7.3026973026973030e+00,  6.3497198010072782e+02,  3.2630030465845725e+00,  3.2678547705415490e+01, -2.2856779569325913e-02,  8.9075308425828587e-02,  4.9626877787169626e-01,  4.6356882646057165e+03,  1.0349206267320832e+02, -1.4973368362163092e+04,  9.9485796431324580e+00,  2.5198941675819095e+00,  3.2122276351376495e+00, -7.9897080480924726e-02, -1.6461535754160461e+00,  9.7002903512289462e-01,  2.7328816364904313e-01,  4.5630182818757964e-03, -1.3327826435135903e-03, -6.1742795356355365e-02,  0.0000000000000000e+00,  1.0994436909633728e-03,  4.4316246074608634e-04, -1.6052831681890645e-02,  0.0000000000000000e+00
 7.3126873126873129e+00,  6.3497409564495706e+02,  3.2613095425196748e+00,  3.2678624724563043e+01, -2.2863375374770480e-02,  8.9072502906092726e-02,  4.9631701451621546e-01,  4.6420312701828916e+03,  1.0382398976709264e+02, -1.4973320394017519e+04,  9.9485729507889804e+00,  2.5199140761696541e+00,  3.2172696642665346e+00, -7.9851441020299313e-02, -1.6461668678140962e+00,  9.6941142294176785e-01,  2.7328816364904313e-01,  4.5739244023751307e-03, -1.3283466186613069e-03, -6.1900973137620517e-02,  0.0000000000000000e+00,  1.0839616330033913e-03,  4.4492971468108080e-04, -1.5614360127393282e-02,  0.0000000000000000e+00
 7.3226773226773227e+00,  6.3497621085976186e+02,  3.2596115618249359e+00,  3.2678698646769178e+01, -2.2869915302211767e-02,  8.9069732576712524e-02,  4.9636475264075686e-01,  4.6483742684666468e+03,  1.0415645950030142e+02, -1.4973272431181165e+04,  9.9485662151497163e+00,  2.5199338750925526e+00,  3.2223121612973489e+00, -7.9805693379978171e-02, -1.6461801158080274e+00,  9.6879225244282230e-01,  2.7328816364904313e-01,  4.5846758869251018e-03, -1.3238930317542241e-03, -6.2054791408527328e-02,  0.0000000000000000e+00,  1.0684855739008124e-03,  4.4667838411690679e-04, -1.5180057708150417e-02,  0.0000000000000000e+00
 7.3326673326673326e+00,  6.3497832574323775e+02,  3.2579091627247765e+00,  3.2678769501075656e+01, -2.2876398985234487e-02,  8.9066997681557403e-02,  4.9641199129165731e-01,  4.6547172594049871e+03,  1.0448947188723150e+02, -1.4973224473679757e+04,  9.9485594365520438e+00,  2.5199535655632266e+00,  3.2273551213758207e+00, -7.9759839104476635e-02, -1.6461933192233220e+00,  9.6817156696956952e-01,  2.7328816364904313e-01,  4.5952728118875009e-03, -1.3194220725636072e-03, -6.2204291912825213e-02,  0.0000000000000000e+00,  1.0530188035714281e-03,  4.4840764584457449e-04, -1.4749943252286584e-02,  0.0000000000000000e+00
 7.3426573426573425e+00,  6.3498044029349251e+02,  3.2562024034948887e+00,  3.2678837316317100e+01, -2.2882826076408302e-02,  8.9064298449970589e-02,  4.9645872964172089e-01,  4.6610602429459132e+03,  1.0482302694225736e+02, -1.4973176521538770e+04,  9.9485526153366290e+00,  2.5199731487981345e+00,  3.2323985396393229e+00, -7.9713879737383017e-02, -1.6462064778873993e+00,  9.6754940944756107e-01,  2.7328816364904313e-01,  4.6057152861917394e-03, -1.3149339389178880e-03, -6.2349516576199956e-02,  0.0000000000000000e+00,  1.0375645521371352e-03,  4.5011671002843137e-04, -1.4324034355337717e-02,  0.0000000000000000e+00
 7.3526473526473524e+00,  6.3498255450864633e+02,  3.2544913424485000e+00,  3.2678902121121062e+01, -2.2889196247015204e-02,  8.9061635097001532e-02,  4.9650496698809193e-01,  4.6674032190374191e+03,  1.0515712467973098e+02, -1.4973128574783430e+04,  9.9485457518473073e+00,  2.5199926260172076e+00,  3.2374424112180820e+00, -7.9667816821036241e-02, -1.6462195916296940e+00,  9.6692582238263247e-01,  2.7328816364904313e-01,  4.6160034507159763e-03, -1.3104288364915104e-03, -6.2490507493754545e-02,  0.0000000000000000e+00,  1.0221259856152108e-03,  4.5180479573238172e-04, -1.3902347339090708e-02,  0.0000000000000000e+00
 7.3626373626373622e+00,  6.3498466838683157e+02,  3.2527760379228829e+00,  3.2678963943908151e+01, -2.2895509186777852e-02,  8.9059007823636724e-02,  4.9655070275013891e-01,  4.6737461876274947e+03,  1.0549176511398181e+02, -1.4973080633438720e+04,  9.9485388464309423e+00,  2.5200119984435041e+00,  3.2424867312363719e+00, -7.9621651896209872e-02, -1.6462326602817348e+00,  9.6630084785927428e-01,  2.7328816364904313e-01,  4.6261374776715124e-03, -1.3059069784825865e-03, -6.2627306917614992e-02,  0.0000000000000000e+00,  1.0067062109242238e-03,  4.5347117764251837e-04, -1.3484897318328880e-02,  0.0000000000000000e+00
 7.3726273726273730e+00,  6.3498678192619320e+02,  3.2510565482661020e+00,  3.2679022812892164e+01, -2.2901764603588965e-02,  8.9056416817029277e-02,  4.9659593646735128e-01,  4.6800891486641240e+03,  1.0582694825931664e+02, -1.4973032697529374e+04,  9.9485318994372971e+00,  2.5200312673028527e+00,  3.2475314948136775e+00, -7.9575386501802042e-02, -1.6462456836772161e+00,  9.6567452753912364e-01,  2.7328816364904313e-01,  4.6361175699979338e-03, -1.3013685854130891e-03, -6.2759957244878012e-02,  0.0000000000000000e+00,  9.9130827282517303e-04,  4.5511511487083108e-04, -1.3071698199724370e-02,  0.0000000000000000e+00
 7.3826173826173829e+00,  6.3498889512488847e+02,  3.2493329318240027e+00,  3.2679078756080244e+01, -2.2907962223241745e-02,  8.9053862250727409e-02,  4.9664066779724741e-01,  4.6864321020952839e+03,  1.0616267413001944e+02, -1.4972984767079886e+04,  9.9485249112189003e+00,  2.5200504338235241e+00,  3.2525766970658472e+00, -7.9529022174531588e-02, -1.6462586616520727e+00,  9.6504690265957638e-01,  2.7328816364904313e-01,  4.6459439607522413e-03, -1.2968138848507267e-03, -6.2888501005600173e-02,  0.0000000000000000e+00,  9.7593515614592024e-04,  4.5673593772568253e-04, -1.2662762696293742e-02,  0.0000000000000000e+00
 7.3926073926073927e+00,  6.3499100798108714e+02,  3.2476052469274381e+00,  3.2679131801273080e+01, -2.2914101789161413e-02,  8.9051344284901343e-02,  4.9668489651329589e-01,  4.6927750478689495e+03,  1.0649894274035145e+02, -1.4972936842114514e+04,  9.9485178821309255e+00,  2.5200694992358819e+00,  3.2576223331062240e+00, -7.9482560448640160e-02, -1.6462715940445458e+00,  9.6441801403251826e-01,  2.7328816364904313e-01,  4.6556169125156754e-03, -1.2922431110866590e-03, -6.3012980851045619e-02,  0.0000000000000000e+00,  9.6058978689364961e-04,  4.5833296984068637e-04, -1.2258102361884125e-02,  0.0000000000000000e+00
 7.4025974025974026e+00,  6.3499312049297123e+02,  3.2458735518797295e+00,  3.2679181976065088e+01, -2.2920183062137906e-02,  8.9048863066569076e-02,  4.9672862250284822e-01,  4.6991179859330887e+03,  1.0683575410455094e+02, -1.4972888922657274e+04,  9.9485108125310653e+00,  2.5200884647720674e+00,  3.2626683980467490e+00, -7.9436002855600207e-02, -1.6462844806952512e+00,  9.6378790204317188e-01,  2.7328816364904313e-01,  4.6651367167932370e-03, -1.2876565050246520e-03, -6.3133439542186531e-02,  0.0000000000000000e+00,  9.4527502947418923e-04,  4.5990556377313710e-04, -1.1857727604528178e-02,  0.0000000000000000e+00
 7.4125874125874125e+00,  6.3499523265873540e+02,  3.2441379049443659e+00,  3.2679229307844672e+01, -2.2926205820059751e-02,  8.9046418729820540e-02,  4.9677184576508548e-01,  4.7054609162356637e+03,  1.0717310823683317e+02, -1.4972841008731950e+04,  9.9485037027793926e+00,  2.5201073316656677e+00,  3.2677148869990549e+00, -7.9389350923829108e-02, -1.6462973214472436e+00,  9.6315660664905800e-01,  2.7328816364904313e-01,  4.6745036934210775e-03, -1.2830543138696731e-03, -6.3249919938228635e-02,  0.0000000000000000e+00,  9.2999369141955036e-04,  4.6145310545362599e-04, -1.1461647683102148e-02,  0.0000000000000000e+00
 7.4225774225774224e+00,  6.3499734447658670e+02,  3.2423983643329328e+00,  3.2679273823794460e+01, -2.2932169857649114e-02,  8.9044011396040568e-02,  4.9681456640897742e-01,  4.7118038387246334e+03,  1.0751100515139028e+02, -1.4972793100362092e+04,  9.9484965532382610e+00,  2.5201261011513991e+00,  3.2727617950755326e+00, -7.9342606178408978e-02, -1.6463101161460778e+00,  9.6252416737907143e-01,  2.7328816364904313e-01,  4.6837181899825626e-03, -1.2784367908501165e-03, -6.3362464985456168e-02,  0.0000000000000000e+00,  9.1474852018973672e-04,  4.6297500306163609e-04, -1.1069870771848817e-02,  0.0000000000000000e+00
 7.4325674325674322e+00,  6.3499945594474468e+02,  3.2406549881932745e+00,  3.2679315550891594e+01, -2.2938074986198147e-02,  8.9041641174130562e-02,  4.9685678465125477e-01,  4.7181467533479508e+03,  1.0784944486239122e+02, -1.4972745197571023e+04,  9.9484893642721666e+00,  2.5201447744647982e+00,  3.2778091173903832e+00, -7.9295770140812474e-02, -1.6463228646398680e+00,  9.6189062333266528e-01,  2.7328816364904313e-01,  4.6927805812227354e-03, -1.2738041950622152e-03, -6.3471117706257435e-02,  0.0000000000000000e+00,  8.9954220609291143e-04,  4.6447067367620692e-04, -1.0682403932566384e-02,  0.0000000000000000e+00
 7.4425574425574421e+00,  6.3500156706144162e+02,  3.2389078345978870e+00,  3.2679354515908017e+01, -2.2943921033306586e-02,  8.9039308160728248e-02,  4.9689850081439502e-01,  4.7244896600535631e+03,  1.0818842738398166e+02, -1.4972697300381831e+04,  9.9484821362476428e+00,  2.5201633528419132e+00,  3.2828568490606460e+00, -7.9248844328634299e-02, -1.6463355667793458e+00,  9.6125601317914622e-01,  2.7328816364904313e-01,  4.7016912684736904e-03, -1.2691567912143792e-03, -6.3575921188225443e-02,  0.0000000000000000e+00,  8.8437738159004113e-04,  4.6593957664923071e-04, -1.0299253157992889e-02,  0.0000000000000000e+00
 7.4525474525474529e+00,  6.3500367782492197e+02,  3.2371569615325368e+00,  3.2679390745410792e+01, -2.2949707842620664e-02,  8.9037012440426430e-02,  4.9693971532462211e-01,  4.7308325587894142e+03,  1.0852795273028390e+02, -1.4972649408817384e+04,  9.9484748695331273e+00,  2.5201818375190030e+00,  3.2879049852072093e+00, -7.9201830255328481e-02, -1.6463482224179142e+00,  9.6062037515707632e-01,  2.7328816364904313e-01,  4.7104506790789022e-03, -1.2644948493162474e-03, -6.3676918573566985e-02,  0.0000000000000000e+00,  8.6925662157332243e-04,  4.6738119135672642e-04, -9.9204233873841381e-03,  0.0000000000000000e+00
 7.4625374625374628e+00,  6.3500578823344301e+02,  3.2354024268851092e+00,  3.2679424265762471e+01, -2.2955435273573379e-02,  8.9034754085990195e-02,  4.9698042870991938e-01,  4.7371754495034402e+03,  1.0886802091539668e+02, -1.4972601522900324e+04,  9.9484675644988645e+00,  2.5202002297322457e+00,  3.2929535209558032e+00, -7.9154729429951401e-02, -1.6463608314116998e+00,  9.5998374707378020e-01,  2.7328816364904313e-01,  4.7190592658233211e-03, -1.2598186445783846e-03, -6.3774153048669874e-02,  0.0000000000000000e+00,  8.5418244461728243e-04,  4.6879499717463060e-04, -9.5459185276454001e-03,  0.0000000000000000e+00
 7.4725274725274726e+00,  6.3500789828527456e+02,  3.2336442884346783e+00,  3.2679455103121420e+01, -2.2961103201126102e-02,  8.9032533158572208e-02,  4.9702064159805742e-01,  4.7435183321435752e+03,  1.0920863195339528e+02, -1.4972553642653073e+04,  9.9484602215167754e+00,  2.5202185307174449e+00,  3.2980024514379718e+00, -7.9107543356910434e-02, -1.6463733936196041e+00,  9.5934616630495506e-01,  2.7328816364904313e-01,  4.7275175063721427e-03, -1.2551284570899970e-03, -6.3867667833756303e-02,  0.0000000000000000e+00,  8.3915731325690337e-04,  4.7018053800058175e-04, -9.1757414466570701e-03,  0.0000000000000000e+00
 7.4825174825174825e+00,  6.3501000797869881e+02,  3.2318826038408042e+00,  3.2679483283442238e+01, -2.2966711515511638e-02,  8.9030349707927212e-02,  4.9706035471463478e-01,  4.7498612066577471e+03,  1.0954978585833129e+02, -1.4972505768097830e+04,  9.9484528409603605e+00,  2.5202367417097484e+00,  3.3030517717920236e+00, -7.9060273535718192e-02, -1.6463859089033499e+00,  9.5870766979438449e-01,  2.7328816364904313e-01,  4.7358259027120275e-03, -1.2504245716413987e-03, -6.3957506172811721e-02,  0.0000000000000000e+00,  8.2418363398800210e-04,  4.7153732880878414e-04, -8.8098940322384866e-03,  0.0000000000000000e+00
 7.4925074925074924e+00,  6.3501211731201079e+02,  3.2301174306330473e+00,  3.2679508832476138e+01, -2.2972260121978668e-02,  8.9028203772624354e-02,  4.9709956888113460e-01,  4.7562040729938790e+03,  1.0989148264423257e+02, -1.4972457899256578e+04,  9.9484454232045731e+00,  2.5202548639433662e+00,  3.3081014771639694e+00, -7.9012921460752353e-02, -1.6463983771275290e+00,  9.5806829405375005e-01,  2.7328816364904313e-01,  4.7439849805945913e-03, -1.2457072775459745e-03, -6.4043711323715974e-02,  0.0000000000000000e+00,  8.0926375810125599e-04,  4.7286494909518626e-04, -8.4483771787950915e-03,  0.0000000000000000e+00
 7.5024975024975022e+00,  6.3501422628351781e+02,  3.2283488262007056e+00,  3.2679531775771387e+01, -2.2977748940537657e-02,  8.9026095380258116e-02,  4.9713828501299423e-01,  4.7625469310998888e+03,  1.1023372232510313e+02, -1.4972410036151090e+04,  9.9484379686257309e+00,  2.5202728986513043e+00,  3.3131515627084376e+00, -7.8965488621020999e-02, -1.6464107981596445e+00,  9.5742807516254202e-01,  2.7328816364904313e-01,  4.7519952889885910e-03, -1.2409768683624013e-03, -6.4126326548438639e-02,  0.0000000000000000e+00,  7.9439998237755777e-04,  4.7416296945617992e-04, -8.0911908106806527e-03,  0.0000000000000000e+00
 7.5124875124875121e+00,  6.3501633489154005e+02,  3.2265768477827690e+00,  3.2679552138673742e+01, -2.2983177905708273e-02,  8.9024024547657871e-02,  4.9717650411769082e-01,  4.7688897809236905e+03,  1.1057650491492309e+02, -1.4972362178802918e+04,  9.9484304776013914e+00,  2.5202908470650920e+00,  3.3182020235895684e+00, -7.8917976499933401e-02, -1.6464231718701536e+00,  9.5678704876806697e-01,  2.7328816364904313e-01,  4.7598573995358551e-03, -1.2362336417390078e-03, -6.4205395103506410e-02,  0.0000000000000000e+00,  7.7959454922700208e-04,  4.7543100053611939e-04, -7.7383339144574716e-03,  0.0000000000000000e+00
 7.5224775224775229e+00,  6.3501844313441006e+02,  3.2248015524580884e+00,  3.2679569946326914e+01, -2.2988546966268279e-02,  8.9021991281095933e-02,  4.9721422729284065e-01,  4.7752326224131939e+03,  1.1091983042764858e+02, -1.4972314327233407e+04,  9.9484229505102579e+00,  2.5203087104145192e+00,  3.3232528549818983e+00, -7.8870386575076223e-02, -1.6464354981325064e+00,  9.5614525008554885e-01,  2.7328816364904313e-01,  4.7675719060089631e-03, -1.2314778991250482e-03, -6.4280960230646056e-02,  0.0000000000000000e+00,  7.6484964668916398e-04,  4.7666867077859919e-04, -7.3898045388991578e-03,  0.0000000000000000e+00
 7.5324675324675328e+00,  6.3502055101047313e+02,  3.2230229971357622e+00,  3.2679585223673058e+01, -2.2993856085003976e-02,  8.9019995576493316e-02,  4.9725145572431401e-01,  4.7815754555163021e+03,  1.1126369887721151e+02, -1.4972266481463696e+04,  9.9484153877320676e+00,  2.5203264899273821e+00,  3.3283040520712115e+00, -7.8822720317995157e-02, -1.6464477768231831e+00,  9.5550271389832375e-01,  2.7328816364904313e-01,  4.7751394237802239e-03, -1.2267099456815176e-03, -6.4353065147534944e-02,  0.0000000000000000e+00,  7.5016741107480152e-04,  4.7787560862712965e-04, -7.0455998216857139e-03,  0.0000000000000000e+00
 7.5424575424575426e+00,  6.3502265851808693e+02,  3.2212412385457321e+00,  3.2679597995453264e+01, -2.2999105238462176e-02,  8.9018037419624801e-02,  4.9728819068436531e-01,  4.7879182801809147e+03,  1.1160811027751976e+02, -1.4972218641514710e+04,  9.9484077896475025e+00,  2.5203441868292304e+00,  3.3333556100553916e+00, -7.8774979193981715e-02, -1.6464600078217309e+00,  9.5485947455812559e-01,  2.7328816364904313e-01,  4.7825605892896214e-03, -1.2219300900033233e-03, -6.4421753038754803e-02,  0.0000000000000000e+00,  7.3554992390664656e-04,  4.7905149814736486e-04, -6.7057160005282819e-03,  0.0000000000000000e+00
 7.5524475524475525e+00,  6.3502476565562199e+02,  3.2194563332295916e+00,  3.2679608286208087e+01, -2.3004294416703777e-02,  8.9016116786321764e-02,  4.9732443352977812e-01,  4.7942610963549268e+03,  1.1195306464245685e+02, -1.4972170807407174e+04,  9.9484001566380673e+00,  2.5203618023431225e+00,  3.3384075241452407e+00, -7.8727164661865495e-02, -1.6464721910107956e+00,  9.5421556598546153e-01,  2.7328816364904313e-01,  4.7898360595242445e-03, -1.2171386439528561e-03, -6.4487067046993057e-02,  0.0000000000000000e+00,  7.2099921706479393e-04,  4.8019600115619461e-04, -6.3701484487705077e-03,  0.0000000000000000e+00
 7.5624375624375624e+00,  6.3502687242146112e+02,  3.2176683375316024e+00,  3.2679616120278084e+01, -2.3009423623058939e-02,  8.9014233642673551e-02,  4.9736018570002549e-01,  4.8006039039862280e+03,  1.1229856198588200e+02, -1.4972122979161610e+04,  9.9483924890860180e+00,  2.5203793376893793e+00,  3.3434597895652880e+00, -7.8679278173811401e-02, -1.6464843262761555e+00,  9.5357102167007379e-01,  2.7328816364904313e-01,  4.7969665114951090e-03, -1.2123359225041850e-03, -6.4549050264313082e-02,  0.0000000000000000e+00,  7.0651726750231960e-04,  4.8130883286780620e-04, -6.0388916586992716e-03,  0.0000000000000000e+00
 7.5724275724275723e+00,  6.3502897881399997e+02,  3.2158773075899196e+00,  3.2679621521804371e+01, -2.3014492873883869e-02,  8.9012387945227270e-02,  4.9739544871544583e-01,  4.8069467030227052e+03,  1.1264460232162996e+02, -1.4972075156798339e+04,  9.9483847873742484e+00,  2.5203967940853556e+00,  3.3485124015545771e+00, -7.8631321175122337e-02, -1.6464964135067497e+00,  9.5292587467148926e-01,  2.7328816364904313e-01,  4.8039526417199101e-03, -1.2075222434319384e-03, -6.4607745723610874e-02,  0.0000000000000000e+00,  6.9210600350284889e-04,  4.8238971739594360e-04, -5.7119392927177963e-03,  0.0000000000000000e+00
 7.5824175824175821e+00,  6.3503108483164658e+02,  3.2140832993280193e+00,  3.2679624514729184e+01, -2.3019502198319219e-02,  8.9010579641185528e-02,  4.9743022417543509e-01,  4.8132894934122387e+03,  1.1299118566351096e+02, -1.4972027340337481e+04,  9.9483770518861956e+00,  2.5204141727452010e+00,  3.3535653553674369e+00, -7.8583295104046769e-02, -1.6465084525947056e+00,  9.5228015761965201e-01,  2.7328816364904313e-01,  4.8107951657229185e-03, -1.2026979273001921e-03, -6.4663196390296690e-02,  0.0000000000000000e+00,  6.7776730189944546e-04,  4.8343837217968322e-04, -5.3892841777834245e-03,  0.0000000000000000e+00
 7.5924075924075920e+00,  6.3503319047282162e+02,  3.2122863684463328e+00,  3.2679625122796487e+01, -2.3024451638050211e-02,  8.9008808668603237e-02,  4.9746451375665313e-01,  4.8196322751027055e+03,  1.1333831202531063e+02, -1.4971979529798962e+04,  9.9483692830057500e+00,  2.5204314748796399e+00,  3.3586186462742371e+00, -7.8535201391591411e-02, -1.6465204434353671e+00,  9.5163390271563919e-01,  2.7328816364904313e-01,  4.8174948175256386e-03, -1.1978632971512411e-03, -6.4715445154107251e-02,  0.0000000000000000e+00,  6.6350298904794083e-04,  4.8445458362962249e-04, -5.0709183376680591e-03,  0.0000000000000000e+00
 7.6023976023976028e+00,  6.3503529573595813e+02,  3.2104865704140795e+00,  3.2679623369552566e+01, -2.3029341247068399e-02,  8.9007074956581902e-02,  4.9749831921124765e-01,  4.8259750480419780e+03,  1.1368598142078993e+02, -1.4971931725202512e+04,  9.9483614811171641e+00,  2.5204487016957504e+00,  3.3636722695621244e+00, -7.8487041461338961e-02, -1.6465323859273160e+00,  9.5098714173245702e-01,  2.7328816364904313e-01,  4.8240523491447857e-03, -1.1930186783168869e-03, -6.4764534821076747e-02,  0.0000000000000000e+00,  6.4931484110528342e-04,  4.8543810700803967e-04, -4.7568329896226641e-03,  0.0000000000000000e+00
 7.6123876123876126e+00,  6.3503740061950191e+02,  3.2086839604613009e+00,  3.2679619278346664e+01, -2.3034171091435116e-02,  8.9005378425462717e-02,  4.9753164236509262e-01,  4.8323178121779238e+03,  1.1403419386368495e+02, -1.4971883926567667e+04,  9.9483536466049607e+00,  2.5204658543967424e+00,  3.3687262205357404e+00, -7.8438816729270833e-02, -1.6465442799723964e+00,  9.5033990601591734e-01,  2.7328816364904313e-01,  4.8304685301022304e-03, -1.1881643983848306e-03, -6.4810508105687489e-02,  0.0000000000000000e+00,  6.3520458653223695e-04,  4.8638873540024296e-04, -4.4470185888726525e-03,  0.0000000000000000e+00
 7.6223776223776225e+00,  6.3503950512191125e+02,  3.2068785935710920e+00,  3.2679612872331610e+01, -2.3038941249046690e-02,  8.9003718987017685e-02,  4.9756448511604379e-01,  4.8386605674584061e+03,  1.1438294936770703e+02, -1.4971836133913772e+04,  9.9483457798538382e+00,  2.5204829341817576e+00,  3.3737804945179266e+00, -7.8390528603594661e-02, -1.6465561254757353e+00,  9.4969222648559015e-01,  2.7328816364904313e-01,  4.8367441469394827e-03, -1.1833007868763872e-03, -6.4853407623201811e-02,  0.0000000000000000e+00,  6.2117390428567080e-04,  4.8730628859012382e-04, -4.1414648174937169e-03,  0.0000000000000000e+00
 7.6323676323676324e+00,  6.3504160924165683e+02,  3.2050705244720272e+00,  3.2679604174464480e+01, -2.3043651809401336e-02,  8.9002096544639434e-02,  4.9759684943220944e-01,  4.8450033138312838e+03,  1.1473224794654254e+02, -1.4971788347259986e+04,  9.9483378812485999e+00,  2.5204999422456473e+00,  3.3788350868504069e+00, -7.8342178484576738e-02, -1.6465679223457605e+00,  9.4904413363583340e-01,  2.7328816364904313e-01,  4.8428800027297773e-03, -1.1784281751467311e-03, -6.4893275882113743e-02,  0.0000000000000000e+00,  6.0722442493128727e-04,  4.8819057968703584e-04, -3.8401606166747031e-03,  0.0000000000000000e+00
 7.6423576423576423e+00,  6.3504371297722184e+02,  3.2032598076307828e+00,  3.2679593207507274e+01, -2.3048302873367850e-02,  8.9000510993528612e-02,  4.9762873735023805e-01,  4.8513460512444117e+03,  1.1508208961385286e+02, -1.4971740566625276e+04,  9.9483299511740508e+00,  2.5205168797787869e+00,  3.3838899928944630e+00, -7.8293767764379282e-02, -1.6465796704942197e+00,  9.4839565753689659e-01,  2.7328816364904313e-01,  4.8488769165979540e-03, -1.1735468962290965e-03, -6.4930155276802751e-02,  0.0000000000000000e+00,  5.9335773147772505e-04,  4.8904145962340526e-04, -3.5430942000652756e-03,  0.0000000000000000e+00
 7.6523476523476521e+00,  6.3504581632710199e+02,  3.2014464972449486e+00,  3.2679579994027591e+01, -2.3052894552956019e-02,  8.8998962220880121e-02,  4.9766015097362148e-01,  4.8576887796456404e+03,  1.1543247438327423e+02, -1.4971692792028427e+04,  9.9483219900149162e+00,  2.5205337479668728e+00,  3.3889452080315783e+00, -7.8245297826902455e-02, -1.6465913698361947e+00,  9.4774682783609709e-01,  2.7328816364904313e-01,  4.8547357232525236e-03, -1.1686572846459045e-03, -6.4964088080312940e-02,  0.0000000000000000e+00,  5.7957536076717246e-04,  4.8985877933165804e-04, -3.2502530626759008e-03,  0.0000000000000000e+00
 7.6623376623376620e+00,  6.3504791928980546e+02,  3.1996306472360310e+00,  3.2679564556399335e+01, -2.3057426971088861e-02,  8.8997450106067605e-02,  4.9769109247101534e-01,  4.8640314989828157e+03,  1.1578340226841776e+02, -1.4971645023488039e+04,  9.9483139981557756e+00,  2.5205505479907275e+00,  3.3940007276640816e+00, -7.8196770047630981e-02, -1.6466030202901167e+00,  9.4709767375906817e-01,  2.7328816364904313e-01,  4.8604572725189079e-03, -1.1637596762309489e-03, -6.4995116437301659e-02,  0.0000000000000000e+00,  5.6587880236292352e-04,  4.9064242534244715e-04, -2.9616240064640710e-03,  0.0000000000000000e+00
 7.6723276723276719e+00,  6.3505002186385275e+02,  3.1978123112426440e+00,  3.2679546916803424e+01, -2.3061900261376618e-02,  8.8995974520825499e-02,  4.9772156407457502e-01,  4.8703742092037792e+03,  1.1613487328286929e+02, -1.4971597261022533e+04,  9.9483059759809560e+00,  2.5205672810261195e+00,  3.3990565472157623e+00, -7.8148185793485495e-02, -1.6466146217777777e+00,  9.4644822411107610e-01,  2.7328816364904313e-01,  4.8660424288717663e-03, -1.1588544080293258e-03, -6.5023282357190737e-02,  0.0000000000000000e+00,  5.5226949952271712e-04,  4.9139226861215737e-04, -2.6771931559082902e-03,  0.0000000000000000e+00
 7.6823176823176826e+00,  6.3505212404777683e+02,  3.1959915426138856e+00,  3.2679527097228537e+01, -2.3066314567892612e-02,  8.8994535329430274e-02,  4.9775156807830867e-01,  4.8767169102563694e+03,  1.1648688744018939e+02, -1.4971549504650146e+04,  9.9482979238744793e+00,  2.5205839482435706e+00,  3.4041126621324818e+00, -7.8099546422678495e-02, -1.6466261742243431e+00,  9.4579850727840498e-01,  2.7328816364904313e-01,  4.8714920709788303e-03, -1.1539418181087124e-03, -6.5048627707410100e-02,  0.0000000000000000e+00,  5.3874885031137982e-04,  4.9210823349464462e-04, -2.3969459580090524e-03,  0.0000000000000000e+00
 7.6923076923076925e+00,  6.3505422584012308e+02,  3.1941683944029005e+00,  3.2679505119471841e+01, -2.3070670044950860e-02,  8.8993132388879154e-02,  4.9778110683644650e-01,  4.8830596020884186e+03,  1.1683944475391313e+02, -1.4971501754388939e+04,  9.9482898422199586e+00,  2.5206005508081928e+00,  3.4091690678827504e+00, -7.8050853284574825e-02, -1.6466376775583593e+00,  9.4514855122980912e-01,  2.7328816364904313e-01,  4.8768070912525050e-03, -1.1490222454368616e-03, -6.5071194206826430e-02,  0.0000000000000000e+00,  5.2531820843490723e-04,  4.9279021542011838e-04, -2.1208672245604204e-03,  0.0000000000000000e+00
 7.7022977022977024e+00,  6.3505632723944916e+02,  3.1923429193606210e+00,  3.2679481005139756e+01, -2.3074966856885606e-02,  8.8991765549067556e-02,  4.9781018276182676e-01,  4.8894022846477565e+03,  1.1719254523755019e+02, -1.4971454010256797e+04,  9.9482817314005452e+00,  2.5206170898795000e+00,  3.4142257599583128e+00, -7.8002107719556568e-02, -1.6466491317117644e+00,  9.4449838351802884e-01,  2.7328816364904313e-01,  4.8819883954032547e-03, -1.1440960296815650e-03, -6.5091023419275168e-02,  0.0000000000000000e+00,  5.1197888254519888e-04,  4.9343817879026451e-04, -1.8489411076764925e-03,  0.0000000000000000e+00
 7.7122877122877123e+00,  6.3505842824432511e+02,  3.1905151699296925e+00,  3.2679454775648729e+01, -2.3079205177832612e-02,  8.8990434652964301e-02,  4.9783879832429839e-01,  4.8957449578822088e+03,  1.1754618890458472e+02, -1.4971406272271430e+04,  9.9482735917988325e+00,  2.5206335666112496e+00,  3.4192827338746956e+00, -7.7953311058892444e-02, -1.6466605366198914e+00,  9.4384803128137207e-01,  2.7328816364904313e-01,  4.8870369019926784e-03, -1.1391635111220010e-03, -6.5108156747362658e-02,  0.0000000000000000e+00,  4.9873213665745748e-04,  4.9405203683444959e-04, -1.5811511754385778e-03,  0.0000000000000000e+00
 7.7222777222777221e+00,  6.3506052885333338e+02,  3.1886851982385749e+00,  3.2679426452225997e+01, -2.3083385191512398e-02,  8.8989139536785430e-02,  4.9786695604914011e-01,  4.9020876217395962e+03,  1.1790037576847521e+02, -1.4971358540450376e+04,  9.9482654237968013e+00,  2.5206499821512747e+00,  3.4243399851717546e+00, -7.7904464624611661e-02, -1.6466718922214771e+00,  9.4319752124535428e-01,  2.7328816364904313e-01,  4.8919535420026972e-03, -1.1342250305151700e-03, -6.5122635426331107e-02,  0.0000000000000000e+00,  4.8557919334827747e-04,  4.9463178065311684e-04, -1.3174803540472485e-03,  0.0000000000000000e+00
 7.7322677322677320e+00,  6.3506262906506856e+02,  3.1868530560958201e+00,  3.2679396055910409e+01, -2.3087507091015320e-02,  8.8987880030166083e-02,  4.9789465851549664e-01,  4.9084302761677354e+03,  1.1825510584265452e+02, -1.4971310814811000e+04,  9.9482572277757395e+00,  2.5206663376413192e+00,  3.4293975094141973e+00, -7.7855569729381902e-02, -1.6466831984586630e+00,  9.4254687972440243e-01,  2.7328816364904313e-01,  4.8967392584037383e-03, -1.1292809288403391e-03, -6.5134500518015878e-02,  0.0000000000000000e+00,  4.7252123014024779e-04,  4.9517737464803966e-04, -1.0579110012438966e-03,  0.0000000000000000e+00
 7.7422577422577419e+00,  6.3506472887813754e+02,  3.1850187949845257e+00,  3.2679363607553221e+01, -2.3091571078588516e-02,  8.8986655956330568e-02,  4.9792190835483124e-01,  4.9147729211144406e+03,  1.1861037914052969e+02, -1.4971263095370501e+04,  9.9482490041161586e+00,  2.5206826342168958e+00,  3.4344553021921009e+00, -7.7806627676391807e-02, -1.6466944552769984e+00,  9.4189613262361571e-01,  2.7328816364904313e-01,  4.9013950057238791e-03, -1.1243315473656720e-03, -6.5143792905108050e-02,  0.0000000000000000e+00,  4.5955938339546691e-04,  4.9568879657028238e-04, -8.0242489518621513e-04,  0.0000000000000000e+00
 7.7522477522477526e+00,  6.3506682829115948e+02,  3.1831824660569583e+00,  3.2679329127818917e+01, -2.3095577365424759e-02,  8.8985467132260451e-02,  4.9794870824939541e-01,  4.9211155565275203e+03,  1.1896619567548204e+02, -1.4971215382145909e+04,  9.9482407531977497e+00,  2.5206988730071194e+00,  3.4395133591214022e+00, -7.7757639759237565e-02, -1.6467056626254435e+00,  9.4124530544058405e-01,  2.7328816364904313e-01,  4.9059217496378264e-03, -1.1193772273483693e-03, -6.5150553285437077e-02,  0.0000000000000000e+00,  4.4669474817665206e-04,  4.9616607089371389e-04, -5.5100324668539802e-04,  0.0000000000000000e+00
 7.7622377622377625e+00,  6.3506892730276570e+02,  3.1813441201293520e+00,  3.2679292637186052e+01, -2.3099526171453232e-02,  8.8984313368861270e-02,  4.9797506093071514e-01,  4.9274581823547787e+03,  1.1932255546086689e+02, -1.4971167675154085e+04,  9.9482324753993066e+00,  2.5207150551345707e+00,  3.4445716758443843e+00, -7.7708607261813625e-02, -1.6467168204563660e+00,  9.4059442326726328e-01,  2.7328816364904313e-01,  4.9103204665463009e-03, -1.1144183099566238e-03, -6.5154822166410817e-02,  0.0000000000000000e+00,  4.3392837685637340e-04,  4.9660919094366698e-04, -3.0362672367945136e-04,  0.0000000000000000e+00
 7.7722277722277724e+00,  6.3507102591159958e+02,  3.1795038076768689e+00,  3.2679254155948072e+01, -2.3103417725132205e-02,  8.8983194471127194e-02,  4.9800096917809461e-01,  4.9338007985440172e+03,  1.1967945851001370e+02, -1.4971119974411731e+04,  9.9482241710986461e+00,  2.5207311817151461e+00,  3.4496302480301413e+00, -7.7659531458207670e-02, -1.6467279287255425e+00,  9.3994351079190452e-01,  2.7328816364904313e-01,  4.9145921431634565e-03, -1.1094551362362832e-03, -6.5156639859681106e-02,  0.0000000000000000e+00,  4.2126128189817671e-04,  4.9701818786850136e-04, -6.0275469032530515e-05,  0.0000000000000000e+00
 7.7822177822177823e+00,  6.3507312411631676e+02,  3.1776615788287312e+00,  3.2679213704214192e+01, -2.3107252263243651e-02,  8.8982110238303616e-02,  4.9802643581713557e-01,  4.9401434050430325e+03,  1.2003690483622589e+02, -1.4971072279935384e+04,  9.9482158406725585e+00,  2.5207472538579268e+00,  3.4546890713750331e+00, -7.7610413612599571e-02, -1.6467389873921550e+00,  9.3929259230103590e-01,  2.7328816364904313e-01,  4.9187377761206645e-03, -1.1044880468110379e-03, -6.5156046475846038e-02,  0.0000000000000000e+00,  4.0869443613488773e-04,  4.9739311506560131e-04,  1.7907091281426174e-04,  0.0000000000000000e+00
 7.7922077922077921e+00,  6.3507522191558496e+02,  3.1758174833635162e+00,  3.2679171301910245e+01, -2.3111030030689761e-02,  8.8981060464048481e-02,  4.9805146371827486e-01,  4.9464860017996189e+03,  1.2039489445278078e+02, -1.4971024591741419e+04,  9.9482074844967414e+00,  2.5207632726650395e+00,  3.4597481416031246e+00, -7.7561254979164301e-02, -1.6467499964187855e+00,  9.3864169168149802e-01,  2.7328816364904313e-01,  4.9227583715593139e-03, -1.0995173818822218e-03, -6.5153081919370706e-02,  0.0000000000000000e+00,  3.9622877068262068e-04,  4.9773400368341479e-04,  4.1443329354615220e-04,  0.0000000000000000e+00
 7.8021978021978020e+00,  6.3507731930808382e+02,  3.1739715707046128e+00,  3.2679126968779578e+01, -2.3114751280291442e-02,  8.8980044936591451e-02,  4.9807605579533798e-01,  4.9528285887615648e+03,  1.2075342737292959e+02, -1.4970976909846055e+04,  9.9481991029457308e+00,  2.5207792392315289e+00,  3.4648074544666110e+00, -7.7512056801979007e-02, -1.6467609557714133e+00,  9.3799083242252701e-01,  2.7328816364904313e-01,  4.9266549447378911e-03, -1.0945434811510685e-03, -6.5147785883639162e-02,  0.0000000000000000e+00,  3.8386517966870748e-04,  4.9804092269350607e-04,  6.4583305991020858e-04,  0.0000000000000000e+00
 7.8121878121878119e+00,  6.3507941629250513e+02,  3.1721238899158402e+00,  3.2679080724383923e+01, -2.3118416272588736e-02,  8.8979063438891351e-02,  4.9810021500411034e-01,  4.9591711658766562e+03,  1.2111250360989736e+02, -1.4970929234265350e+04,  9.9481906963928566e+00,  2.5207951546452279e+00,  3.4698670057462242e+00, -7.7462820314933775e-02, -1.6467718654194079e+00,  9.3734003761788887e-01,  2.7328816364904313e-01,  4.9304285196492721e-03, -1.0895666835964450e-03, -6.5140197846064465e-02,  0.0000000000000000e+00,  3.7160451758964182e-04,  4.9831394774210659e-04,  8.7329206254288896e-04,  0.0000000000000000e+00
 7.8221778221778218e+00,  6.3508151286755265e+02,  3.1702744896972246e+00,  3.2679032588104292e+01, -2.3122025275643172e-02,  8.8978115748791761e-02,  4.9812394434092416e-01,  4.9655137330926746e+03,  1.2147212317688282e+02, -1.4970881565015208e+04,  9.9481822652101588e+00,  2.5208110199866378e+00,  3.4749267912516393e+00, -7.7413546741646355e-02, -1.6467827253355212e+00,  9.3668932996806020e-01,  2.7328816364904313e-01,  4.9340801286294426e-03, -1.0845873274081240e-03, -6.5130357063418284e-02,  0.0000000000000000e+00,  3.5944760028443624e-04,  4.9855316115007093e-04,  1.0968326226446113e-03,  0.0000000000000000e+00
 7.8321678321678325e+00,  6.3508360903194205e+02,  3.1684234183809323e+00,  3.2678982579141902e+01, -2.3125578564842170e-02,  8.8977201639174872e-02,  4.9814724684126405e-01,  4.9718562903573984e+03,  1.2183228608705846e+02, -1.4970833902111379e+04,  9.9481738097683508e+00,  2.5208268363288115e+00,  3.4799868068218474e+00, -7.7364237295380736e-02, -1.6467935354958796e+00,  9.3603873178245589e-01,  2.7328816364904313e-01,  4.9376108119819203e-03, -1.0796057498869561e-03, -6.5118302567280351e-02,  0.0000000000000000e+00,  3.4739520688152912e-04,  4.9875865858772187e-04,  1.3164775041690103e-03,  0.0000000000000000e+00
 7.8421578421578424e+00,  6.3508570478440083e+02,  3.1665707239273568e+00,  3.2678930716519062e+01, -2.3129076422705300e-02,  8.8976320878113357e-02,  4.9817012557838780e-01,  4.9781988376186009e+03,  1.2219299235357030e+02, -1.4970786245569458e+04,  9.9481653304367512e+00,  2.5208426047372368e+00,  3.4850470483255349e+00, -7.7314893178969391e-02, -1.6468042958799745e+00,  9.3538826498170091e-01,  2.7328816364904313e-01,  4.9410216176071341e-03, -1.0746222873334946e-03, -6.5104073159612086e-02,  0.0000000000000000e+00,  3.3544807924239711e-04,  4.9893054462484985e-04,  1.5322499115976575e-03,  0.0000000000000000e+00
 7.8521478521478523e+00,  6.3508780012366844e+02,  3.1647164539213608e+00,  3.2678877019080119e+01, -2.3132519138692579e-02,  8.8975473229020871e-02,  4.9819258366196489e-01,  4.9845413748240535e+03,  1.2255424198953803e+02, -1.4970738595404890e+04,  9.9481568275832366e+00,  2.5208583262697255e+00,  3.4901075116614360e+00, -7.7265515584739236e-02, -1.6468150064706515e+00,  9.3473795109994617e-01,  2.7328816364904313e-01,  4.9443136006301312e-03, -1.0696372749590913e-03, -6.5087707408422332e-02,  0.0000000000000000e+00,  3.2360692196156589e-04,  4.9906893273071349e-04,  1.7441734765905308e-03,  0.0000000000000000e+00
 7.8621378621378621e+00,  6.3508989504849615e+02,  3.1628606555686658e+00,  3.2678821505492394e+01, -2.3135907009014748e-02,  8.8974658450800104e-02,  4.9821462423673224e-01,  4.9908839019215220e+03,  1.2291603500805483e+02, -1.4970690951632971e+04,  9.9481483015741894e+00,  2.5208740019763103e+00,  3.4951681927586775e+00, -7.7216105694441317e-02, -1.6468256672540995e+00,  9.3408781128722695e-01,  2.7328816364904313e-01,  4.9474878230390974e-03, -1.0646510467750016e-03, -6.5069243643675501e-02,  0.0000000000000000e+00,  3.1187240431353739e-04,  4.9917394972403932e-04,  1.9522722257258062e-03,  0.0000000000000000e+00
 7.8721278721278720e+00,  6.3509198955764703e+02,  3.1610033756923941e+00,  3.2678764194247108e+01, -2.3139240336445505e-02,  8.8973876297989363e-02,  4.9823625048116577e-01,  4.9972264188587696e+03,  1.2327837142218738e+02, -1.4970643314268849e+04,  9.9481397527744218e+00,  2.5208896328991379e+00,  3.5002290875771100e+00, -7.7166664679184011e-02, -1.6468362782198378e+00,  9.3343786631186076e-01,  2.7328816364904313e-01,  4.9505453533274686e-03, -1.0596639354699467e-03, -6.5048719953190240e-02,  0.0000000000000000e+00,  3.0024515941833366e-04,  4.9924573354795550e-04,  2.1565706094229266e-03,  0.0000000000000000e+00
 7.8821178821178819e+00,  6.3509408364989577e+02,  3.1591446607297540e+00,  3.2678705103660349e+01, -2.3142519430135754e-02,  8.8973126520907705e-02,  4.9825746560616979e-01,  5.0035689255835559e+03,  1.2364125124497575e+02, -1.4970595683327525e+04,  9.9481311815471614e+00,  2.5209052200723714e+00,  3.5052901921076280e+00, -7.7117193699369840e-02, -1.6468468393607023e+00,  9.3278813656288750e-01,  2.7328816364904313e-01,  4.9534872661440759e-03, -1.0546762723434812e-03, -6.5026174178736032e-02,  0.0000000000000000e+00,  2.8872578646641715e-04,  4.9928442437047909e-04,  2.3570934363084908e-03,  0.0000000000000000e+00
 7.8921078921078918e+00,  6.3509617732402887e+02,  3.1572845567288721e+00,  3.2678644251874012e+01, -2.3145744605429810e-02,  8.8972408865797492e-02,  4.9827827285378290e-01,  5.0099114220436368e+03,  1.2400467448943340e+02, -1.4970548058823852e+04,  9.9481225882539732e+00,  2.5209207645220952e+00,  3.5103515023724743e+00, -7.7067693904635678e-02, -1.6468573506728317e+00,  9.3213864205254537e-01,  2.7328816364904313e-01,  4.9563146419407738e-03, -1.0496883872392658e-03, -6.5001643912296223e-02,  0.0000000000000000e+00,  2.7731484807660988e-04,  4.9929017348402879e-04,  2.5538659043644737e-03,  0.0000000000000000e+00
 7.9020979020979025e+00,  6.3509827057884445e+02,  3.1554231093457683e+00,  3.2678581656856792e+01, -2.3148916183683626e-02,  8.8971723074965661e-02,  4.9829867549590051e-01,  5.0162539081867653e+03,  1.2436864116854716e+02, -1.4970500440772543e+04,  9.9481139732547188e+00,  2.5209362672662241e+00,  3.5154130144255320e+00, -7.7018166433796595e-02, -1.6468678121556521e+00,  9.3148940241878564e-01,  2.7328816364904313e-01,  4.9590285666329757e-03, -1.0447006084118961e-03, -6.4975166492323211e-02,  0.0000000000000000e+00,  2.6601287530219410e-04,  4.9926314775538042e-04,  2.7469135742304480e-03,  0.0000000000000000e+00
 7.9120879120879124e+00,  6.3510036341315208e+02,  3.1535603638414713e+00,  3.2678517336405136e+01, -2.3152034492085020e-02,  8.8971068886923257e-02,  4.9831867683301423e-01,  5.0225963839606884e+03,  1.2473315129527704e+02, -1.4970452829188167e+04,  9.9481053369075134e+00,  2.5209517293144086e+00,  3.5204747243526069e+00, -7.6968612414792859e-02, -1.6468782238118609e+00,  9.3084043692782359e-01,  2.7328816364904313e-01,  4.9616301312623732e-03, -1.0397132624599857e-03, -6.4946779000284532e-02,  0.0000000000000000e+00,  2.5482036345911643e-04,  4.9920351182633211e-04,  2.9362623324918620e-03,  0.0000000000000000e+00
 7.9220779220779223e+00,  6.3510245582577306e+02,  3.1516963650792733e+00,  3.2678451308144233e+01, -2.3155099863475880e-02,  8.8970446036522793e-02,  4.9833828019296839e-01,  5.0289388493131510e+03,  1.2509820488255637e+02, -1.4970405224085154e+04,  9.9480966795686747e+00,  2.5209671516679628e+00,  3.5255366282717002e+00, -7.6919032964640505e-02, -1.6468885856474096e+00,  9.3019176447672203e-01,  2.7328816364904313e-01,  4.9641204316600643e-03, -1.0347266742261505e-03, -6.4916518257223180e-02,  0.0000000000000000e+00,  2.4373777615860955e-04,  4.9911145258748452e-04,  3.1219384283905408e-03,  0.0000000000000000e+00
 7.9320679320679321e+00,  6.3510454781554017e+02,  3.1498311575221210e+00,  3.2678383589529005e+01, -2.3158112636176419e-02,  8.8969854255094030e-02,  4.9835748892973258e-01,  5.0352813041918953e+03,  1.2546380194329167e+02, -1.4970357625477793e+04,  9.9480880015926836e+00,  2.5209825353197686e+00,  3.5305987223332558e+00, -7.6869429189385066e-02, -1.6468988976714858e+00,  9.2954340359601095e-01,  2.7328816364904313e-01,  4.9665005681274500e-03, -1.0297411667083321e-03, -6.4884420820432567e-02,  0.0000000000000000e+00,  2.3276554461202788e-04,  4.9898715247979333e-04,  3.3039684170913198e-03,  0.0000000000000000e+00
 7.9420579420579420e+00,  6.3510663938129755e+02,  3.1479647852301427e+00,  3.2678314197845097e+01, -2.3161073153811343e-02,  8.8969293270578134e-02,  4.9837630642219166e-01,  5.0416237485446582e+03,  1.2582994249036258e+02, -1.4970310033380234e+04,  9.9480793033321255e+00,  2.5209978812542091e+00,  3.5356610027204187e+00, -7.6819802184058539e-02, -1.6469091598964947e+00,  9.2889537245233778e-01,  2.7328816364904313e-01,  4.9687716451075120e-03, -1.0247570610373855e-03, -6.4850522980305400e-02,  0.0000000000000000e+00,  2.2190406679642021e-04,  4.9883080284372652e-04,  3.4823791763677180e-03,  0.0000000000000000e+00
 7.9520479520479519e+00,  6.3510873052190084e+02,  3.1460972918583097e+00,  3.2678243150209880e+01, -2.3163981765138130e-02,  8.8968762807659765e-02,  4.9839473607295171e-01,  5.0479661823191755e+03,  1.2619662653662189e+02, -1.4970262447806495e+04,  9.9480705851376783e+00,  2.5210131904470865e+00,  3.5407234656492581e+00, -7.6770153032639663e-02, -1.6469193723380400e+00,  9.2824768885114972e-01,  2.7328816364904313e-01,  4.9709347708689969e-03, -1.0197746763659929e-03, -6.4814860757252651e-02,  0.0000000000000000e+00,  2.1115371065283167e-04,  4.9864260836908697e-04,  3.6571978787910682e-03,  0.0000000000000000e+00
 7.9620379620379618e+00,  6.3511082123621702e+02,  3.1442287206542257e+00,  3.2678170463573466e+01, -2.3166838823877253e-02,  8.8968262587897418e-02,  4.9841278130716299e-01,  5.0543086054631767e+03,  1.2656385409489543e+02, -1.4970214868770454e+04,  9.9480618473580265e+00,  2.5210284638655578e+00,  3.5457861073689925e+00, -7.6720482808017201e-02, -1.6469295350149036e+00,  9.2760037023940567e-01,  2.7328816364904313e-01,  4.9729910571938533e-03, -1.0147943297353032e-03, -6.4777469898791878e-02,  0.0000000000000000e+00,  2.0051481158330338e-04,  4.9842278709501242e-04,  3.8284519850558499e-03,  0.0000000000000000e+00
 7.9720279720279716e+00,  6.3511291152312424e+02,  3.1423591144560485e+00,  3.2678096154719718e+01, -2.3169644688544402e-02,  8.8967792329852163e-02,  4.9843044557135940e-01,  5.0606510179243905e+03,  1.2693162517798208e+02, -1.4970167296285857e+04,  9.9480530903398634e+00,  2.5210437024680590e+00,  3.5508489241622057e+00, -7.6670792571956470e-02, -1.6469396479490237e+00,  9.2695343370831673e-01,  2.7328816364904313e-01,  4.9749416190713923e-03, -1.0098163360748871e-03, -6.4738385876688176e-02,  0.0000000000000000e+00,  1.8998767634441168e-04,  4.9817154371126161e-04,  3.9961692395295550e-03,  0.0000000000000000e+00
 7.9820179820179824e+00,  6.3511500138151212e+02,  3.1404885156905391e+00,  3.2678020240267259e+01, -2.3172399722284742e-02,  8.8967351749214524e-02,  4.9844773233231443e-01,  5.0669934196505410e+03,  1.2729993979865378e+02, -1.4970119730366321e+04,  9.9480443144278325e+00,  2.5210589072042477e+00,  3.5559119123450418e+00, -7.6621083375068719e-02, -1.6469497111654745e+00,  9.2630689599611515e-01,  2.7328816364904313e-01,  4.9767875743949508e-03, -1.0048410081584639e-03, -6.4697643884237391e-02,  0.0000000000000000e+00,  1.7957257943189157e-04,  4.9788910515661763e-04,  4.1603776491176492e-03,  0.0000000000000000e+00
 7.9920079920079923e+00,  6.3511709081028130e+02,  3.1386169663712340e+00,  3.2677942736670516e+01, -2.3175104292709206e-02,  8.8966940558929453e-02,  4.9846464507591332e-01,  5.0733358105893476e+03,  1.2766879796965530e+02, -1.4970072171025326e+04,  9.9480355199644883e+00,  2.5210740790149382e+00,  3.5609750682673931e+00, -7.6571356256783740e-02, -1.6469597246924434e+00,  9.2566077349084941e-01,  2.7328816364904313e-01,  4.9785300436628009e-03, -9.9986865643697563e-04, -6.4655278833667881e-02,  0.0000000000000000e+00,  1.6926976794749281e-04,  4.9757570949422064e-04,  4.3211054754747529e-03,  0.0000000000000000e+00
 8.0019980019980022e+00,  6.3511917980834357e+02,  3.1367445080967440e+00,  3.2677863660220744e+01, -2.3177758771732684e-02,  8.8966558469319820e-02,  4.9848118730604213e-01,  5.0796781906885280e+03,  1.2803819970370446e+02, -1.4970024618276226e+04,  9.9480267072902624e+00,  2.5210892188320440e+00,  3.5660383883130797e+00, -7.6521612245325207e-02, -1.6469696885612075e+00,  9.2501508223320472e-01,  2.7328816364904313e-01,  4.9801701496887379e-03, -9.9489958907197397e-04, -6.4611325353631760e-02,  0.0000000000000000e+00,  1.5907945840072513e-04,  4.9723157698805336e-04,  4.4783812283302298e-03,  0.0000000000000000e+00
 8.0119880119880111e+00,  6.3512126837462199e+02,  3.1348711820491730e+00,  3.2677783027047056e+01, -2.3180363535414337e-02,  8.8966205188207942e-02,  4.9849736254349275e-01,  5.0860205598957964e+03,  1.2840814501349192e+02, -1.4969977072132247e+04,  9.9480178767434335e+00,  2.5211043275785223e+00,  3.5711018689000200e+00, -7.6471852357689066e-02, -1.6469796028061112e+00,  9.2436983791934835e-01,  2.7328816364904313e-01,  4.9817090173110423e-03, -9.8993411182448678e-04, -6.4565817786832277e-02,  0.0000000000000000e+00,  1.4900183962902964e-04,  4.9685696795005946e-04,  4.6322336443516687e-03,  0.0000000000000000e+00
 8.0219780219780219e+00,  6.3512335650805051e+02,  3.1329970289926572e+00,  3.2677700853117472e+01, -2.3182918963799849e-02,  8.8965880421035468e-02,  4.9851317432488412e-01,  5.0923629181588640e+03,  1.2877863391168134e+02, -1.4969929532606489e+04,  9.9480090286600813e+00,  2.5211194061683200e+00,  3.5761655064803852e+00, -7.6422077599624688e-02, -1.6469894674645407e+00,  9.2372505590379750e-01,  2.7328816364904313e-01,  4.9831477731106764e-03, -9.8497252794406301e-04, -6.4518790187718097e-02,  0.0000000000000000e+00,  1.3903707154633256e-04,  4.9645212489320177e-04,  4.7826916971585240e-03,  0.0000000000000000e+00
 8.0319680319680327e+00,  6.3512544420757411e+02,  3.1311220892720226e+00,  3.2677617154239961e+01, -2.3185425440765690e-02,  8.8965583870981399e-02,  4.9852862620160016e-01,  5.0987052654254376e+03,  1.2914966641090908e+02, -1.4969881999711923e+04,  9.9480001633740631e+00,  2.5211344555063304e+00,  3.5812292975407427e+00, -7.6372288965618915e-02, -1.6469992825768993e+00,  9.2308075120231092e-01,  2.7328816364904313e-01,  4.9844875451322788e-03, -9.8001513822437735e-04, -6.4470276320296838e-02,  0.0000000000000000e+00,  1.2918528708982129e-04,  4.9601729700528719e-04,  4.9297845617245250e-03,  0.0000000000000000e+00
 8.0419580419580416e+00,  6.3512753147214869e+02,  3.1292464028115599e+00,  3.2677531946063496e+01, -2.3187883353865381e-02,  8.8965315239078482e-02,  4.9854372173874345e-01,  5.1050476016432203e+03,  1.2952124252378428e+02, -1.4969834473461397e+04,  9.9479912812169804e+00,  2.5211494764883438e+00,  3.5862932386021971e+00, -7.6322487438882786e-02, -1.6470090481865831e+00,  9.2243693849480057e-01,  2.7328816364904313e-01,  4.9857294626134314e-03, -9.7506224084699139e-04, -6.4420309656113922e-02,  0.0000000000000000e+00,  1.1944659263693480e-04,  4.9555275794741773e-04,  5.0735416076965033e-03,  0.0000000000000000e+00
 8.0519480519480524e+00,  6.3512961830074107e+02,  3.1273700091139092e+00,  3.2677445244079095e+01, -2.3190293094177736e-02,  8.8965074224327853e-02,  4.9855846451410513e-01,  5.1113899267599145e+03,  1.2989336226288910e+02, -1.4969786953867637e+04,  9.9479823825181466e+00,  2.5211644700009987e+00,  3.5913573262205181e+00, -7.6272673991340925e-02, -1.6470187643399532e+00,  9.2179363212826271e-01,  2.7328816364904313e-01,  4.9868746557131154e-03, -9.7011413140440949e-04, -6.4368923372234377e-02,  0.0000000000000000e+00,  1.0982106591976284e-04,  4.9505875245748937e-04,  5.2139924249887159e-03,  0.0000000000000000e+00
 8.0619380619380614e+00,  6.3513170469232887e+02,  3.1254929472590645e+00,  3.2677357063620889e+01, -2.3192655056157137e-02,  8.8964860523812000e-02,  4.9857285811715063e-01,  5.1177322407232159e+03,  1.3026602564077820e+02, -1.4969739440943247e+04,  9.9479734676045481e+00,  2.5211794369217553e+00,  3.5964215569862450e+00, -7.6222849583623783e-02, -1.6470284310863115e+00,  9.2115084611973097e-01,  2.7328816364904313e-01,  4.9879242552469446e-03, -9.6517110278850917e-04, -6.4316150349352716e-02,  0.0000000000000000e+00,  1.0030876075281203e-04,  4.9453557644576075e-04,  5.3511667559194773e-03,  0.0000000000000000e+00
 8.0719280719280722e+00,  6.3513379064590038e+02,  3.1236152559034811e+00,  3.2677267419867185e+01, -2.3194969637485761e-02,  8.8964673832805791e-02,  4.9858690614802204e-01,  5.1240745434808205e+03,  1.3063923266997924e+02, -1.4969691934700710e+04,  9.9479645368008338e+00,  2.5211943781188397e+00,  3.6014859275248141e+00, -7.6173015165062266e-02, -1.6470380484778711e+00,  9.2050859415924469e-01,  2.7328816364904313e-01,  4.9888793924313078e-03, -9.6023344514617481e-04, -6.4262023170092761e-02,  0.0000000000000000e+00,  9.0909703556641162e-05,  4.9398348354959634e-04,  5.4850945319226815e-03,  0.0000000000000000e+00
 8.0819180819180811e+00,  6.3513587616045459e+02,  3.1217369732792988e+00,  3.2677176327841529e+01, -2.3197237238927804e-02,  8.8964513844886170e-02,  4.9860061221655527e-01,  5.1304168349804168e+03,  1.3101298336299237e+02, -1.4969644435152388e+04,  9.9479555904292685e+00,  2.5212092944512312e+00,  3.6065504344966364e+00, -7.6123171673685097e-02, -1.6470476165697310e+00,  9.1986688961283603e-01,  2.7328816364904313e-01,  4.9897411986270660e-03, -9.5530144589041084e-04, -6.4206574117240636e-02,  0.0000000000000000e+00,  8.1623896834250541e-05,  4.9340276745436546e-04,  5.6158058490740200e-03,  0.0000000000000000e+00
 8.0919080919080919e+00,  6.3513796123500128e+02,  3.1198581371936656e+00,  3.2677083802413769e+01, -2.3199458264185669e-02,  8.8964380252039843e-02,  4.9861397994131401e-01,  5.1367591151696961e+03,  1.3138727773229070e+02, -1.4969596942310527e+04,  9.9479466288097207e+00,  2.5212241867686074e+00,  3.6116150745971973e+00, -7.6073320036218570e-02, -1.6470571354198469e+00,  9.1922574552553360e-01,  2.7328816364904313e-01,  4.9905108050876728e-03, -9.5037538957801074e-04, -6.4149835172249842e-02,  0.0000000000000000e+00,  7.2451316668068803e-05,  4.9279370627112562e-04,  5.7433309369415127e-03,  0.0000000000000000e+00
 8.1018981018981027e+00,  6.3514004586856072e+02,  3.1179787850281735e+00,  3.2676989858301134e+01, -2.3201633119758182e-02,  8.8964272744769368e-02,  4.9862701294863898e-01,  5.1431013839963407e+03,  1.3176211579031983e+02, -1.4969549456187257e+04,  9.9479376522596219e+00,  2.5212390559113351e+00,  3.6166798445571291e+00, -7.6023461168088932e-02, -1.6470666050890033e+00,  9.1858517462437939e-01,  2.7328816364904313e-01,  4.9911893427168966e-03, -9.4545555788775313e-04, -6.4091838013747265e-02,  0.0000000000000000e+00,  6.3391916613573322e-05,  4.9215659813528750e-04,  5.8677001964137299e-03,  0.0000000000000000e+00
 8.1118881118881117e+00,  6.3514213006016371e+02,  3.1160989537383923e+00,  3.2676894510069310e+01, -2.3203762214800704e-02,  8.8964191012197644e-02,  4.9863971487171277e-01,  5.1494436414080319e+03,  1.3213749754949802e+02, -1.4969501976794591e+04,  9.9479286610939557e+00,  2.5212539027104293e+00,  3.6217447411422801e+00, -7.5973595973427024e-02, -1.6470760256407837e+00,  9.1794518932146274e-01,  2.7328816364904313e-01,  4.9917779418240564e-03, -9.4054222960844298e-04, -6.4032614016037007e-02,  0.0000000000000000e+00,  5.4445624639938865e-05,  4.9149172338262251e-04,  5.9889441451797957e-03,  0.0000000000000000e+00
 8.1218781218781224e+00,  6.3514421380885165e+02,  3.1142186798535056e+00,  3.2676797772133504e+01, -2.3205845960987272e-02,  8.8964134742170686e-02,  4.9865208934964050e-01,  5.1557858873524501e+03,  1.3251342302221641e+02, -1.4969454504144425e+04,  9.9479196556252276e+00,  2.5212687279875379e+00,  3.6268097611537851e+00, -7.5923725345075466e-02, -1.6470853971415429e+00,  9.1730580171696607e-01,  2.7328816364904313e-01,  4.9922777318909175e-03, -9.3563568059530340e-04, -6.3972194247940456e-02,  0.0000000000000000e+00,  4.5612346745611217e-05,  4.9079938904792266e-04,  6.1070934277516016e-03,  0.0000000000000000e+00
 8.1318681318681314e+00,  6.3514629711367616e+02,  3.1123379994760509e+00,  3.2676699658759532e+01, -2.3207884772374662e-02,  8.8964103621358426e-02,  4.9866414002654558e-01,  5.1621281217772685e+03,  1.3288989222083850e+02, -1.4969407038248548e+04,  9.9479106361634404e+00,  2.5212835325549174e+00,  3.6318749014281031e+00, -7.5873850164598036e-02, -1.6470947196603760e+00,  9.1666702360222319e-01,  2.7328816364904313e-01,  4.9926898413395595e-03, -9.3073618364730682e-04, -6.3910609471556412e-02,  0.0000000000000000e+00,  3.6891964872409228e-05,  4.9007989994100305e-04,  6.2221788043342547e-03,  0.0000000000000000e+00
 8.1418581418581422e+00,  6.3514837997369921e+02,  3.1104569482817528e+00,  3.2676600184064910e+01, -2.3209879065268425e-02,  8.8964097335354639e-02,  4.9867587055068163e-01,  5.1684703446301610e+03,  1.3326690515770068e+02, -1.4969359579118631e+04,  9.9479016030160725e+00,  2.5212983172154146e+00,  3.6369401588370698e+00, -7.5823971302291460e-02, -1.6471039932690883e+00,  9.1602886646278914e-01,  2.7328816364904313e-01,  4.9930153973022197e-03, -9.2584400858505248e-04, -6.3847890141094377e-02,  0.0000000000000000e+00,  2.8284338852315702e-05,  4.8933354752234398e-04,  6.3342311541644295e-03,  0.0000000000000000e+00
 8.1518481518481511e+00,  6.3515046238799312e+02,  3.1085755615194555e+00,  3.2676499362019918e+01, -2.3211829258090864e-02,  8.8964115568774191e-02,  4.9868728457355854e-01,  5.1748125558587944e+03,  1.3364446184511172e+02, -1.4969312126766235e+04,  9.9478925564880551e+00,  2.5213130827624477e+00,  3.6420055302879271e+00, -7.5774089617199392e-02, -1.6471132180421659e+00,  9.1539134148152201e-01,  2.7328816364904313e-01,  4.9932555254038934e-03, -9.2095942218408625e-04, -6.3784066401874340e-02,  0.0000000000000000e+00,  1.9789307102755271e-05,  4.8856064995109552e-04,  6.4432814376872592e-03,  0.0000000000000000e+00
 8.1618381618381619e+00,  6.3515254435564054e+02,  3.1066938740111487e+00,  3.2676397206448705e+01, -2.3213735771250969e-02,  8.8964158005349556e-02,  4.9869838574908509e-01,  5.1811547554108374e+03,  1.3402256229535328e+02, -1.4969264681202814e+04,  9.9478834968817704e+00,  2.5213278299799997e+00,  3.6470710127233561e+00, -7.5724205957128546e-02, -1.6471223940567443e+00,  9.1475445954167278e-01,  2.7328816364904313e-01,  4.9934113495361445e-03, -9.1608268807479997e-04, -6.3719168089393124e-02,  0.0000000000000000e+00,  1.1406684262647612e-05,  4.8776151871165368e-04,  6.5493607199165003e-03,  0.0000000000000000e+00
 8.1718281718281727e+00,  6.3515462587573415e+02,  3.1048119201520872e+00,  3.2676293731030356e+01, -2.3215599027016240e-02,  8.8964224328024991e-02,  4.9870917773272555e-01,  5.1874969432339522e+03,  1.3440120652067941e+02, -1.4969217242439710e+04,  9.9478744244969999e+00,  2.5213425596425973e+00,  3.6521366031214848e+00, -7.5674321158667193e-02, -1.6471315213925770e+00,  9.1411823122998559e-01,  2.7328816364904313e-01,  4.9934839916495619e-03, -9.1121406676506432e-04, -6.3653224728463673e-02,  0.0000000000000000e+00,  3.1362667546405050e-06,  4.8693646751365029e-04,  6.6525001392919083e-03,  0.0000000000000000e+00
 8.1818181818181817e+00,  6.3515670694737673e+02,  3.1029297339110014e+00,  3.2676188949299998e+01, -2.3217419449386493e-02,  8.8964314219049892e-02,  4.9871966418067204e-01,  5.1938391192757981e+03,  1.3478039453331675e+02, -1.4969169810488160e+04,  9.9478653396309351e+00,  2.5213572725153091e+00,  3.6572022984959052e+00, -7.5624436047205479e-02, -1.6471406001320044e+00,  9.1348266683980539e-01,  2.7328816364904313e-01,  4.9934745715395591e-03, -9.0635381563941521e-04, -6.3586265532441594e-02,  0.0000000000000000e+00, -5.0221727771333550e-06,  4.8608580784130793e-04,  6.7527309043302645e-03,  0.0000000000000000e+00
 8.1918081918081924e+00,  6.3515878756968107e+02,  3.1010473488303956e+00,  3.2676082874649893e+01, -2.3219197463969589e-02,  8.8964427360069639e-02,  4.9872984874903153e-01,  5.2001812834840339e+03,  1.3516012634546476e+02, -1.4969122385359293e+04,  9.9478562425781405e+00,  2.5213719693537384e+00,  3.6622680958956786e+00, -7.5574551436958112e-02, -1.6471496303599225e+00,  9.1284777637419257e-01,  2.7328816364904313e-01,  4.9933842066438262e-03, -9.0150218889318786e-04, -6.3518319402526044e-02,  0.0000000000000000e+00, -1.3068879348590882e-05,  4.8520986675342013e-04,  6.8500843047614593e-03,  0.0000000000000000e+00
 8.2017982017982014e+00,  6.3516086774177006e+02,  3.0991647980269379e+00,  3.2675975520330496e+01, -2.3220933497859007e-02,  8.8964563432215454e-02,  4.9873973509302816e-01,  5.2065234358063108e+03,  1.3554040196929520e+02, -1.4969074967064133e+04,  9.9478471336305478e+00,  2.5213866509040153e+00,  3.6673339924053168e+00, -7.5524668130988820e-02, -1.6471586121637505e+00,  9.1221356954904564e-01,  2.7328816364904313e-01,  4.9932140118400690e-03, -8.9665943747654290e-04, -6.3449414927164730e-02,  0.0000000000000000e+00, -2.1004120363598212e-05,  4.8430896685891528e-04,  6.9445916625751128e-03,  0.0000000000000000e+00
 8.2117882117882122e+00,  6.3516294746277651e+02,  3.0972821141919309e+00,  3.2675866899451592e+01, -2.3222627979513397e-02,  8.8964722116192579e-02,  4.9874932686621926e-01,  5.2128655761902828e+03,  1.3592122141695270e+02, -1.4969027555613598e+04,  9.9478380130774440e+00,  2.5214013179027934e+00,  3.6723999851447857e+00, -7.5474786921237033e-02, -1.6471675456333985e+00,  9.1158005579622725e-01,  2.7328816364904313e-01,  4.9929650992457195e-03, -8.9182580910566122e-04, -6.3379580381503792e-02,  0.0000000000000000e+00, -2.8828181025134769e-05,  4.8338343299161103e-04,  7.0362843787444103e-03,  0.0000000000000000e+00
 8.2217782217782212e+00,  6.3516502673184300e+02,  3.0953993295918725e+00,  3.2675757024983355e+01, -2.3224281338637971e-02,  8.8964903092366487e-02,  4.9875862771972729e-01,  5.2192077045835958e+03,  1.3630258470055421e+02, -1.4968980151018506e+04,  9.9478288812054405e+00,  2.5214159710772588e+00,  3.6774660712694693e+00, -7.5424908588546349e-02, -1.6471764308612351e+00,  9.1094724426669793e-01,  2.7328816364904313e-01,  4.9926385780317880e-03, -8.8700154825163062e-04, -6.3308843726948907e-02,  0.0000000000000000e+00, -3.6541366003960146e-05,  4.8243358998532502e-04,  7.1251938631420918e-03,  0.0000000000000000e+00
 8.2317682317682319e+00,  6.3516710554812175e+02,  3.0935164760690936e+00,  3.2675645909757456e+01, -2.3225894006067845e-02,  8.8965106040848216e-02,  4.9876764130148565e-01,  5.2255498209338975e+03,  1.3668449183218956e+02, -1.4968932753289570e+04,  9.9478197382984757e+00,  2.5214306111451217e+00,  3.6825322479701486e+00, -7.5375033902694941e-02, -1.6471852679420549e+00,  9.1031514383365086e-01,  2.7328816364904313e-01,  4.9922355542290735e-03, -8.8218689608487912e-04, -6.3237232610798541e-02,  0.0000000000000000e+00, -4.4143999299558535e-05,  4.8145977379832072e-04,  7.2113515901626865e-03,  0.0000000000000000e+00
 8.2417582417582409e+00,  6.3516918391077502e+02,  3.0916335850424841e+00,  3.2675533566468154e+01, -2.3227466413653204e-02,  8.8965330641577509e-02,  4.9877637125549901e-01,  5.2318919251888283e+03,  1.3706694282392090e+02, -1.4968885362437402e+04,  9.9478105846377893e+00,  2.5214452388146285e+00,  3.6875985124729684e+00, -7.5325163622427888e-02, -1.6471940569730450e+00,  9.0968376309565302e-01,  2.7328816364904313e-01,  4.9917571305447932e-03, -8.7738209051962859e-04, -6.3164774365943824e-02,  0.0000000000000000e+00, -5.1636422293360692e-05,  4.8046230036485898e-04,  7.2947890297509433e-03,  0.0000000000000000e+00
 8.2517482517482517e+00,  6.3517126181897459e+02,  3.0897506875082894e+00,  3.2675420007673388e+01, -2.3228998994146377e-02,  8.8965576574404681e-02,  4.9878482122111800e-01,  5.2382340172960294e+03,  1.3744993768778320e+02, -1.4968837978472517e+04,  9.9478014205019214e+00,  2.5214598547845593e+00,  3.6926648620393885e+00, -7.5275298495491250e-02, -1.6472027980537536e+00,  9.0905311037978587e-01,  2.7328816364904313e-01,  4.9912044061808545e-03, -8.7258736612490977e-04, -6.3091496010640763e-02,  0.0000000000000000e+00, -5.9018995278344769e-05,  4.7944152344223145e-04,  7.3755377007978604e-03,  0.0000000000000000e+00
 8.2617382617382624e+00,  6.3517333927190168e+02,  3.0878678140409925e+00,  3.2675305245795876e+01, -2.3230492181090731e-02,  8.8965843519171001e-02,  4.9879299483232842e-01,  5.2445760972031367e+03,  1.3783347643578392e+02, -1.4968790601405326e+04,  9.9477922461666939e+00,  2.5214744597442498e+00,  3.6977312939661400e+00, -7.5225439258668023e-02, -1.6472114912860545e+00,  9.0842319374479097e-01,  2.7328816364904313e-01,  4.9905784766624255e-03, -8.6780295405827117e-04, -6.3017424248349302e-02,  0.0000000000000000e+00, -6.6292094399866147e-05,  4.7839777231428960e-04,  7.4536291110752365e-03,  0.0000000000000000e+00
 8.2717282717282714e+00,  6.3517541626874731e+02,  3.0859849947942690e+00,  3.2675189293124198e+01, -2.3231946408711464e-02,  8.8966131155787428e-02,  4.9880089571705427e-01,  5.2509181648577824e+03,  1.3821755907990305e+02, -1.4968743231246144e+04,  9.9477830619052003e+00,  2.5214890543735891e+00,  3.7027978055851620e+00, -7.5175586637815678e-02, -1.6472201367741144e+00,  9.0779402098421447e-01,  2.7328816364904313e-01,  4.9898804336598549e-03, -8.6302908218724883e-04, -6.2942585467671688e-02,  0.0000000000000000e+00, -7.3456114714775164e-05,  4.7733137626437383e-04,  7.5290947805838936e-03,  0.0000000000000000e+00
 8.2817182817182822e+00,  6.3517749280871169e+02,  3.0841022595020151e+00,  3.2675072161813894e+01, -2.3233362111808212e-02,  8.8966439164311822e-02,  4.9880852749647486e-01,  5.2572602202076005e+03,  1.3860218563209347e+02, -1.4968695868005190e+04,  9.9477738679878005e+00,  2.5215036393430341e+00,  3.7078643942635492e+00, -7.5125741347905589e-02, -1.6472287346243599e+00,  9.0716559962955279e-01,  2.7328816364904313e-01,  4.9891113648215437e-03, -8.5826597505680340e-04, -6.2867005742314103e-02,  0.0000000000000000e+00, -8.0511466715132635e-05,  4.7624267125083273e-04,  7.6019662360045648e-03,  0.0000000000000000e+00
 8.2917082917082912e+00,  6.3517956889100469e+02,  3.0822196374794526e+00,  3.2674953863888568e+01, -2.3234739725649500e-02,  8.8966767225024723e-02,  4.9881589378435642e-01,  5.2636022632002168e+03,  1.3898735610428034e+02, -1.4968648511692587e+04,  9.9477646646821025e+00,  2.5215182153136344e+00,  3.7129310574034715e+00, -7.5075904093064000e-02, -1.6472372849454442e+00,  9.0653793695339902e-01,  2.7328816364904313e-01,  4.9882723536133636e-03, -8.5351385371111750e-04, -6.2790710831203092e-02,  0.0000000000000000e+00, -8.7458577162490925e-05,  4.7513202215548883e-04,  7.6722749684184476e-03,  0.0000000000000000e+00
 8.3016983016983019e+00,  6.3518164451484529e+02,  3.0803371576243013e+00,  3.2674834411240958e+01, -2.3236079685869000e-02,  8.8967115018503809e-02,  4.9882299818639642e-01,  5.2699442937832582e+03,  1.3937307050836182e+02, -1.4968601162318360e+04,  9.9477554522529701e+00,  2.5215327829370322e+00,  3.7179977924421062e+00, -7.5026075566614614e-02, -1.6472457878482103e+00,  9.0591103997258571e-01,  2.7328816364904313e-01,  4.9873644791530959e-03, -8.4877293586037446e-04, -6.2713726178568990e-02,  0.0000000000000000e+00, -9.4297889783182242e-05,  4.7399973156326815e-04,  7.7400524889307386e-03,  0.0000000000000000e+00
 8.3116883116883109e+00,  6.3518371967946189e+02,  3.0784548484180259e+00,  3.2674713815634050e+01, -2.3237382428363613e-02,  8.8967482225696282e-02,  4.9882984429958288e-01,  5.2762863119043459e+03,  1.3975932885620838e+02, -1.4968553819892442e+04,  9.9477462309624887e+00,  2.5215473428554938e+00,  3.7230645968515490e+00, -7.4976256451122880e-02, -1.6472542434456612e+00,  9.0528491545132972e-01,  2.7328816364904313e-01,  4.9863888160562309e-03, -8.4404343585853117e-04, -6.2636076914140332e-02,  0.0000000000000000e+00, -1.0102986220909603e-04,  4.7284616880577157e-04,  7.8053302496870749e-03,  0.0000000000000000e+00
 8.3216783216783217e+00,  6.3518579438409211e+02,  3.0765727379271453e+00,  3.2674592088702148e+01, -2.3238648389193362e-02,  8.8967868527990587e-02,  4.9883643571156622e-01,  5.2826283175111012e+03,  1.4014613115966347e+02, -1.4968506484424674e+04,  9.9477370010699921e+00,  2.5215618957019248e+00,  3.7281314681387343e+00, -7.4926447418441663e-02, -1.6472626518529228e+00,  9.0465956990437113e-01,  2.7328816364904313e-01,  4.9853464342854998e-03, -8.3932556454765670e-04, -6.2557787853438421e-02,  0.0000000000000000e+00, -1.0765496820254907e-04,  4.7167166761628951e-04,  7.8681397017192484e-03,  0.0000000000000000e+00
 8.3316683316683324e+00,  6.3518786862798265e+02,  3.0746908538046140e+00,  3.2674469241951975e+01, -2.3239878004483031e-02,  8.8968273607286055e-02,  4.9884277600004523e-01,  5.2889703105511408e+03,  1.4053347743054297e+02, -1.4968459155924800e+04,  9.9477277628320309e+00,  2.5215764420998878e+00,  3.7331984038453330e+00, -7.4876649129758527e-02, -1.6472710131872106e+00,  9.0403500960011207e-01,  2.7328816364904313e-01,  4.9842383989974993e-03, -8.3461952936943890e-04, -6.2478883498055186e-02,  0.0000000000000000e+00, -1.1417369654393649e-04,  4.7047657507778270e-04,  7.9285122471170859e-03,  0.0000000000000000e+00
 8.3416583416583414e+00,  6.3518994241038922e+02,  3.0728092232912676e+00,  3.2674345286763760e+01, -2.3241071710325658e-02,  8.8968697146061398e-02,  4.9884886873216661e-01,  5.2953122909720769e+03,  1.4092136768063554e+02, -1.4968411834402477e+04,  9.9477185165023787e+00,  2.5215909826636329e+00,  3.7382654015476540e+00, -7.4826862235644512e-02, -1.6472793275677953e+00,  9.0341124056375066e-01,  2.7328816364904313e-01,  4.9830657703972608e-03, -8.2992553437555153e-04, -6.2399388036075386e-02,  0.0000000000000000e+00, -1.2058654922381801e-04,  4.6926122269848471e-04,  7.9864792412393457e-03,  0.0000000000000000e+00
 8.3516483516483522e+00,  6.3519201573057660e+02,  3.0709278732173275e+00,  3.2674220234392330e+01, -2.3242229942687733e-02,  8.8969138827441577e-02,  4.9885471746393684e-01,  5.3016542587215245e+03,  1.4130980192170267e+02, -1.4968364519867269e+04,  9.9477092623320225e+00,  2.5216055179981161e+00,  3.7433324588565466e+00, -7.4777087376104237e-02, -1.6472875951159693e+00,  9.0278826858041028e-01,  2.7328816364904313e-01,  4.9818296036023774e-03, -8.2524378020617367e-04, -6.2319325342543461e-02,  0.0000000000000000e+00, -1.2689404311177617e-04,  4.6802596201096704e-04,  8.0420720038521607e-03,  0.0000000000000000e+00
 8.3616383616383612e+00,  6.3519408858781844e+02,  3.0690468300039759e+00,  3.2674094095968172e+01, -2.3243353137316142e-02,  8.8969598335263481e-02,  4.9886032573964817e-01,  5.3079962137470893e+03,  1.4169878016547838e+02, -1.4968317212328653e+04,  9.9477000005691565e+00,  2.5216200486990279e+00,  3.7483995734172737e+00, -7.4727325180627482e-02, -1.6472958159550122e+00,  9.0216609919826529e-01,  2.7328816364904313e-01,  4.9805309485011773e-03, -8.2057446396737019e-04, -6.2238718979924702e-02,  0.0000000000000000e+00, -1.3309670814859819e-04,  4.6677114899749549e-04,  8.0953217924233621e-03,  0.0000000000000000e+00
 8.3716283716283719e+00,  6.3519616098139750e+02,  3.0671661196649835e+00,  3.2673966882498540e+01, -2.3244441729646959e-02,  8.8970075354140102e-02,  4.9886569709131751e-01,  5.3143381559963809e+03,  1.4208830242366969e+02, -1.4968269911796015e+04,  9.9476907314591898e+00,  2.5216345753528269e+00,  3.7534667429094126e+00, -7.4677576268242077e-02, -1.6473039902101545e+00,  9.0154473773166055e-01,  2.7328816364904313e-01,  4.9791708496184136e-03, -8.1591777935341285e-04, -6.2157592198694260e-02,  0.0000000000000000e+00, -1.3919508818062854e-04,  4.6549711071677683e-04,  8.1462598099110006e-03,  0.0000000000000000e+00
 8.3816183816183809e+00,  6.3519823291060504e+02,  3.0652857678084047e+00,  3.2673838604868536e+01, -2.3245496154715804e-02,  8.8970569569523192e-02,  4.9887083503813734e-01,  5.3206800854170006e+03,  1.4247836870795612e+02, -1.4968222618278653e+04,  9.9476814552447426e+00,  2.5216490985367619e+00,  3.7585339650467171e+00, -7.4627841247568175e-02, -1.6473121180085457e+00,  9.0092418926422546e-01,  2.7328816364904313e-01,  4.9777503459839945e-03, -8.1127391668012032e-04, -6.2075967937965056e-02,  0.0000000000000000e+00, -1.4518973943015772e-04,  4.6420419647640954e-04,  8.1949171880766718e-03,  0.0000000000000000e+00
 8.3916083916083917e+00,  6.3520030437474122e+02,  3.0634057996383213e+00,  3.2673709273842164e+01, -2.3246516847070103e-02,  8.8971080667764602e-02,  4.9887574308594101e-01,  5.3270220019565504e+03,  1.4286897902999027e+02, -1.4968175331785778e+04,  9.9476721721656212e+00,  2.5216636188189083e+00,  3.7636012375769998e+00, -7.4578120716873766e-02, -1.6473201994792190e+00,  9.0030445865198094e-01,  2.7328816364904313e-01,  4.9762704710116764e-03, -8.0664306275142635e-04, -6.1993868826193496e-02,  0.0000000000000000e+00, -1.5108122993917294e-04,  4.6289276003368807e-04,  8.2413249874840559e-03,  0.0000000000000000e+00
 8.4015984015984024e+00,  6.3520237537311493e+02,  3.0615262399566516e+00,  3.2673578900063440e+01, -2.3247504240682924e-02,  8.8971608336176483e-02,  4.9888042472667937e-01,  5.3333639055626290e+03,  1.4326013340139735e+02, -1.4968128052326518e+04,  9.9476628824588467e+00,  2.5216781367581986e+00,  3.7686685582819957e+00, -7.4528415264131370e-02, -1.6473282347530562e+00,  8.9968555052643928e-01,  2.7328816364904313e-01,  4.9747322523713972e-03, -8.0202540091530534e-04, -6.1911317181890552e-02,  0.0000000000000000e+00, -1.5687014193343734e-04,  4.6156313957201173e-04,  8.2855142030684586e-03,  0.0000000000000000e+00
 8.4115884115884114e+00,  6.3520444590504349e+02,  3.0596471131650094e+00,  3.2673447494057449e+01, -2.3248458768868559e-02,  8.8972152263089688e-02,  4.9888488343791043e-01,  5.3397057961828305e+03,  1.4365183183377545e+02, -1.4968080779909913e+04,  9.9476535863586371e+00,  2.5216926529044574e+00,  3.7737359249772249e+00, -7.4478725467076137e-02, -1.6473362239627538e+00,  8.9906746929769743e-01,  2.7328816364904313e-01,  4.9731367118639840e-03, -7.9742111110750837e-04, -6.1828335014416751e-02,  0.0000000000000000e+00, -1.6255706765055407e-04,  4.6021567994895390e-04,  8.3275157251866093e-03,  0.0000000000000000e+00
 8.4215784215784222e+00,  6.3520651596985294e+02,  3.0577684432666161e+00,  3.2673315066231417e+01, -2.3249380864199812e-02,  8.8972712137911136e-02,  4.9888912268230173e-01,  5.3460476737647496e+03,  1.4404407433869568e+02, -1.4968033514544921e+04,  9.9476442840964214e+00,  2.5217071677984397e+00,  3.7788033355118542e+00, -7.4429051893264958e-02, -1.6473441672427886e+00,  8.9845021915751988e-01,  2.7328816364904313e-01,  4.9714848653158441e-03, -7.9283036983005353e-04, -6.1744944024831945e-02,  0.0000000000000000e+00, -1.6814261128701298e-04,  4.5885072379752768e-04,  8.3673603896913095e-03,  0.0000000000000000e+00
 8.4315684315684312e+00,  6.3520858556687767e+02,  3.0558902538682697e+00,  3.2673181626875788e+01, -2.3250270958426925e-02,  8.8973287651179830e-02,  4.9889314590714479e-01,  5.3523895382559749e+03,  1.4443686092770184e+02, -1.4967986256240412e+04,  9.9476349759008187e+00,  2.5217216819718637e+00,  3.7838707877685387e+00, -7.4379395100136761e-02, -1.6473520647293838e+00,  8.9783380408241609e-01,  2.7328816364904313e-01,  4.9697777224593613e-03, -7.8825335012864064e-04, -6.1661165606784585e-02,  0.0000000000000000e+00, -1.7362738858088964e-04,  4.5746862042533154e-04,  8.4050789033903242e-03,  0.0000000000000000e+00
 8.4415584415584419e+00,  6.3521065469546068e+02,  3.0540125681823591e+00,  3.2673047186165284e+01, -2.3251129482398155e-02,  8.8973878494621406e-02,  4.9889695654388189e-01,  5.3587313896040969e+03,  1.4483019161231093e+02, -1.4967939005005179e+04,  9.9476256619976517e+00,  2.5217361959474522e+00,  3.7889382796632871e+00, -7.4329755635073963e-02, -1.6473599165604735e+00,  8.9721822783670502e-01,  2.7328816364904313e-01,  4.9680162868242905e-03, -7.8369022157049684e-04, -6.1577020847528544e-02,  0.0000000000000000e+00, -1.7901202556037192e-04,  4.5606971691507464e-04,  8.4407018996700816e-03,  0.0000000000000000e+00
 8.4515484515484509e+00,  6.3521272335495303e+02,  3.0521354090289323e+00,  3.2672911754159976e+01, -2.3251956865982030e-02,  8.8974484361201506e-02,  4.9890055800764488e-01,  5.3650732277566995e+03,  1.4522406640401260e+02, -1.4967891760847928e+04,  9.9476163426099564e+00,  2.5217507102389720e+00,  3.7940058091452888e+00, -7.4280134035464948e-02, -1.6473677228756689e+00,  8.9660349397557237e-01,  2.7328816364904313e-01,  4.9662015556321808e-03, -7.7914115035550920e-04, -6.1492530528812171e-02,  0.0000000000000000e+00, -1.8429715909998242e-04,  4.5465434032546386e-04,  8.4742599073472126e-03,  0.0000000000000000e+00
 8.4615384615384617e+00,  6.3521479154471422e+02,  3.0502587988378087e+00,  3.2672775340806339e+01, -2.3252753537991239e-02,  8.8975104945177699e-02,  4.9890395369680601e-01,  5.3714150526613666e+03,  1.4561848531426983e+02, -1.4967844523777287e+04,  9.9476070179579708e+00,  2.5217652253512757e+00,  3.7990733741967637e+00, -7.4230530828767627e-02, -1.6473754838162249e+00,  8.9598960584811738e-01,  2.7328816364904313e-01,  4.9643345196935789e-03, -7.7460629928288521e-04, -6.1407715128017445e-02,  0.0000000000000000e+00, -1.8948343580813372e-04,  4.5322284441387582e-04,  8.5057833317570032e-03,  0.0000000000000000e+00
 8.4715284715284707e+00,  6.3521685926411192e+02,  3.0483827596507429e+00,  3.2672637955938328e+01, -2.3253519926108111e-02,  8.8975739942150425e-02,  4.9890714699254057e-01,  5.3777568642656770e+03,  1.4601344835451832e+02, -1.4967797293801803e+04,  9.9475976882591475e+00,  2.5217797417803451e+00,  3.8041409728327928e+00, -7.4180946532573969e-02, -1.6473831995250052e+00,  8.9537656660038722e-01,  2.7328816364904313e-01,  4.9624161633080068e-03, -7.7008582764001912e-04, -6.1322594819210152e-02,  0.0000000000000000e+00, -1.9457151258335089e-04,  4.5177557848790901e-04,  8.5353024914640602e-03,  0.0000000000000000e+00
 8.4815184815184814e+00,  6.3521892651252199e+02,  3.0465073131236284e+00,  3.2672499609278411e+01, -2.3254256456811704e-02,  8.8976389049112134e-02,  4.9891014125840155e-01,  5.3840986625172109e+03,  1.4640895553616707e+02, -1.4967750070929946e+04,  9.9475883537281469e+00,  2.5217942600133285e+00,  3.8092086031011507e+00, -7.4131381654675560e-02, -1.6473908701464475e+00,  8.9476437917840290e-01,  2.7328816364904313e-01,  4.9604474641648921e-03, -7.6557989138023781e-04, -6.1237189474284665e-02,  0.0000000000000000e+00, -1.9956205577990242e-04,  4.5031286070663348e-04,  8.5628475615261192e-03,  0.0000000000000000e+00
 8.4915084915084922e+00,  6.3522099328932836e+02,  3.0446324805287515e+00,  3.2672360310438641e+01, -2.3254963555306547e-02,  8.8977051964495735e-02,  4.9891293983990542e-01,  5.3904404473635423e+03,  1.4680500687059805e+02, -1.4967702855170102e+04,  9.9475790145768492e+00,  2.5218087805285969e+00,  3.8142762630821330e+00, -7.4081836693130107e-02, -1.6473984958265313e+00,  8.9415304633117065e-01,  2.7328816364904313e-01,  4.9584293932568640e-03, -7.6108864303423332e-04, -6.1151518664174780e-02,  0.0000000000000000e+00, -2.0445574009553302e-04,  4.4883505817700111e-04,  8.5884486235616592e-03,  0.0000000000000000e+00
 8.5014985014985012e+00,  6.3522305959392281e+02,  3.0427582827570823e+00,  3.2672220068921682e+01, -2.3255641645452876e-02,  8.8977728388221530e-02,  4.9891554606412986e-01,  5.3967822187522424e+03,  1.4720160236916630e+02, -1.4967655646530584e+04,  9.9475696710143637e+00,  2.5218233037957800e+00,  3.8193439508883715e+00, -7.4032312136328771e-02, -1.6474060767127419e+00,  8.9354257061368414e-01,  2.7328816364904313e-01,  4.9563629147864391e-03, -7.5661223172049700e-04, -6.1065601660055029e-02,  0.0000000000000000e+00, -2.0925324968355349e-04,  4.4734248683303264e-04,  8.6121356012128936e-03,  0.0000000000000000e+00
 8.5114885114885119e+00,  6.3522512542570530e+02,  3.0408847403206107e+00,  3.2672078894121881e+01, -2.3256291149698481e-02,  8.8978418021742903e-02,  4.9891796323932275e-01,  5.4031239766308845e+03,  1.4759874204320028e+02, -1.4967608445019623e+04,  9.9475603232470160e+00,  2.5218378302758211e+00,  3.8244116646646695e+00, -7.3982808463064445e-02, -1.6474136129540382e+00,  8.9293295438991083e-01,  2.7328816364904313e-01,  4.9542489860745767e-03, -7.5215080322379210e-04, -6.0979457434656513e-02,  0.0000000000000000e+00, -2.1395527843130670e-04,  4.4583549820729579e-04,  8.6339383235703362e-03,  0.0000000000000000e+00
 8.5214785214785209e+00,  6.3522719078408363e+02,  3.0390118733547231e+00,  3.2671936795326303e+01, -2.3256912489012137e-02,  8.8979120568090764e-02,  4.9892019465452231e-01,  5.4094657209470342e+03,  1.4799642590400134e+02, -1.4967561250645380e+04,  9.9475509714783730e+00,  2.5218523604210183e+00,  3.8294794025878010e+00, -7.3933326142601008e-02, -1.6474211047008183e+00,  8.9232419983576894e-01,  2.7328816364904313e-01,  4.9520885574820712e-03, -7.4770449992813445e-04, -6.0893104663528826e-02,  0.0000000000000000e+00, -2.1856252578832290e-04,  4.4431442158338643e-04,  8.6538864561936293e-03,  0.0000000000000000e+00
 8.5314685314685317e+00,  6.3522925566847323e+02,  3.0371397016206139e+00,  3.2671793781715749e+01, -2.3257506082818503e-02,  8.8979835731916840e-02,  4.9892224357918830e-01,  5.4158074516482602e+03,  1.4839465396284442e+02, -1.4967514063415934e+04,  9.9475416159092376e+00,  2.5218668946750777e+00,  3.8345471628663299e+00, -7.3883865634743126e-02, -1.6474285521048859e+00,  8.9171630894208809e-01,  2.7328816364904313e-01,  4.9498825723321991e-03, -7.4327346086131322e-04, -6.0806561726445760e-02,  0.0000000000000000e+00, -2.2307570121613349e-04,  4.4277959959423551e-04,  8.6720095478357278e-03,  0.0000000000000000e+00
 8.5414585414585407e+00,  6.3523132007829747e+02,  3.0352682445077410e+00,  3.2671649862365811e+01, -2.3258072348934591e-02,  8.8980563219535916e-02,  4.9892411326284458e-01,  5.4221491686821219e+03,  1.4879342623097742e+02, -1.4967466883339293e+04,  9.9475322567376594e+00,  2.5218814334731676e+00,  3.8396149437404166e+00, -7.3834427389907059e-02, -1.6474359553194169e+00,  8.9110928351755825e-01,  2.7328816364904313e-01,  4.9476319668245901e-03, -7.3885782170600455e-04, -6.0719846708772278e-02,  0.0000000000000000e+00, -2.2749552140715975e-04,  4.4123135929854978e-04,  8.6883369903949046e-03,  0.0000000000000000e+00
 8.5514485514485514e+00,  6.3523338401298736e+02,  3.0333975210363118e+00,  3.2671505046247908e+01, -2.3258611703507764e-02,  8.8981302738966553e-02,  4.9892580693473221e-01,  5.4284908719961832e+03,  1.4919274271962186e+02, -1.4967419710423392e+04,  9.9475228941589346e+00,  2.5218959772419618e+00,  3.8446827434816262e+00, -7.3785011849192186e-02, -1.6474433144989260e+00,  8.9050312519166308e-01,  2.7328816364904313e-01,  4.9453376699653308e-03, -7.3445771484415988e-04, -6.0632977402920507e-02,  0.0000000000000000e+00, -2.3182270972844918e-04,  4.3967003442962541e-04,  8.7028980400496465e-03,  0.0000000000000000e+00
 8.5614385614385622e+00,  6.3523544747198139e+02,  3.0315275498598098e+00,  3.2671359342230296e+01, -2.3259124560955181e-02,  8.8982053999971056e-02,  4.9892732780347371e-01,  5.4348325615380008e+03,  1.4959260343997246e+02, -1.4967372544676087e+04,  9.9475135283656329e+00,  2.5219105263996986e+00,  3.8497505603927222e+00, -7.3735619444453199e-02, -1.6474506297992340e+00,  8.8989783541759970e-01,  2.7328816364904313e-01,  4.9430006034941474e-03, -7.3007326931287823e-04, -6.0545971309832525e-02,  0.0000000000000000e+00, -2.3605799789054853e-04,  4.3809596094596023e-04,  8.7157217972423841e-03,  0.0000000000000000e+00
 8.5714285714285712e+00,  6.3523751045472568e+02,  3.0296583492675517e+00,  3.2671212759079097e+01, -2.3259611333904761e-02,  8.8982816714093749e-02,  4.9892867905674720e-01,  5.4411742372551298e+03,  1.4999300840319731e+02, -1.4967325386105165e+04,  9.9475041595475808e+00,  2.5219250813562346e+00,  3.8548183928074744e+00, -7.3686250598373124e-02, -1.6474579013774338e+00,  8.8929341547518292e-01,  2.7328816364904313e-01,  4.9406216818154098e-03, -7.2570461089266076e-04, -6.0458845640454562e-02,  0.0000000000000000e+00, -2.4020212219259113e-04,  4.3650945478158079e-04,  8.7268372122262499e-03,  0.0000000000000000e+00
 8.5814185814185819e+00,  6.3523957296067397e+02,  3.0277899371872774e+00,  3.2671065305459322e+01, -2.3260072433137619e-02,  8.8983590594698833e-02,  4.9892986386097221e-01,  5.4475158990951259e+03,  1.5039395762043819e+02, -1.4967278234718342e+04,  9.9474947878918840e+00,  2.5219396425130918e+00,  3.8598862390904456e+00, -7.3636905724536808e-02, -1.6474651293918592e+00,  8.8868986647373449e-01,  2.7328816364904313e-01,  4.9382018119337708e-03, -7.2135186201915675e-04, -6.0371617317285631e-02,  0.0000000000000000e+00, -2.4425582811154296e-04,  4.3491086969394202e-04,  8.7362730861929930e-03,  0.0000000000000000e+00
 8.5914085914085909e+00,  6.3524163498928715e+02,  3.0259223311877759e+00,  3.2670916989935890e+01, -2.3260508267531926e-02,  8.8984375357006512e-02,  4.9893088536100461e-01,  5.4538575470055384e+03,  1.5079545110281012e+02, -1.4967231090523261e+04,  9.9474854135829389e+00,  2.5219542102635208e+00,  3.8649540976367915e+00, -7.3587585227505317e-02, -1.6474723140020495e+00,  8.8808718935495745e-01,  2.7328816364904313e-01,  4.9357418933873654e-03, -7.1701514187174351e-04, -6.0284302976017605e-02,  0.0000000000000000e+00, -2.4821986487882924e-04,  4.3330050381819150e-04,  8.7440580356670100e-03,  0.0000000000000000e+00
 8.6013986013986017e+00,  6.3524369654003374e+02,  3.0240555484815359e+00,  3.2670767820974618e+01, -2.3260919244008235e-02,  8.8985170718127893e-02,  4.9893174667984297e-01,  5.4601991809339179e+03,  1.5119748886140198e+02, -1.4967183953527494e+04,  9.9474760368024278e+00,  2.5219687849925543e+00,  3.8700219668720410e+00, -7.3538289502890708e-02, -1.6474794553687198e+00,  8.8748538489579210e-01,  2.7328816364904313e-01,  4.9332428181926872e-03, -7.1269456641804554e-04, -6.0196918967096419e-02,  0.0000000000000000e+00, -2.5209498909582062e-04,  4.3167870201214938e-04,  8.7502205503540171e-03,  0.0000000000000000e+00
 8.6113886113886107e+00,  6.3524575761238930e+02,  3.0221896059274322e+00,  3.2670617806943255e+01, -2.3261305767476238e-02,  8.8985976397099611e-02,  4.9893245091834421e-01,  5.4665408008278091e+03,  1.5160007090727595e+02, -1.4967136823738543e+04,  9.9474666577293469e+00,  2.5219833670770613e+00,  3.8750898452518934e+00, -7.3489018937431538e-02, -1.6474865536537262e+00,  8.8688445371125924e-01,  2.7328816364904313e-01,  4.9307054707813797e-03, -7.0839024833614086e-04, -6.0109481357378022e-02,  0.0000000000000000e+00, -2.5588196264799936e-04,  4.3004577798518739e-04,  8.7547889152699305e-03,  0.0000000000000000e+00
 8.6213786213786214e+00,  6.3524781820583678e+02,  3.0203245200334341e+00,  3.2670466956112456e+01, -2.3261668240782924e-02,  8.8986792114916488e-02,  4.9893300115494982e-01,  5.4728824066347588e+03,  1.5200319725146812e+02, -1.4967089701163841e+04,  9.9474572765400033e+00,  2.5219979568858113e+00,  3.8801577312619968e+00, -7.3439773909068903e-02, -1.6474936090200352e+00,  8.8628439625728306e-01,  2.7328816364904313e-01,  4.9281307279470101e-03, -7.0410229713674497e-04, -6.0022005931851106e-02,  0.0000000000000000e+00, -2.5958155270491346e-04,  4.2840205212126876e-04,  8.7577912741486456e-03,  0.0000000000000000e+00
 8.6313686313686322e+00,  6.3524987831986630e+02,  3.0184603069593470e+00,  3.2670315276656801e+01, -2.3262007064662124e-02,  8.8987617594563570e-02,  4.9893340044542184e-01,  5.4792239983023073e+03,  1.5240686790498813e+02, -1.4967042585810754e+04,  9.9474478934080235e+00,  2.5220125547795256e+00,  3.8852256234177216e+00, -7.3390554787022999e-02, -1.6475006216316910e+00,  8.8568521283349988e-01,  2.7328816364904313e-01,  4.9255194587958639e-03, -6.9983081911907088e-04, -5.9934508195269708e-02,  0.0000000000000000e+00, -2.6319453144229611e-04,  4.2674784702955039e-04,  8.7592555905142613e-03,  0.0000000000000000e+00
 8.6413586413586412e+00,  6.3525193795397490e+02,  3.0165969825195766e+00,  3.2670162776655765e+01, -2.3262322637685462e-02,  8.8988452561047038e-02,  4.9893365182258809e-01,  5.4855655757779932e+03,  1.5281108287881935e+02, -1.4966995477686576e+04,  9.9474385085043853e+00,  2.5220271611109402e+00,  3.8902935202639579e+00, -7.3341361931870186e-02, -1.6475075916537838e+00,  8.8508690358604891e-01,  2.7328816364904313e-01,  4.9228725246925481e-03, -6.9557591739242953e-04, -5.9847003373955744e-02,  0.0000000000000000e+00, -2.6672167604160408e-04,  4.2508347864406479e-04,  8.7592096365410686e-03,  0.0000000000000000e+00
 8.6513486513486519e+00,  6.3525399710766669e+02,  3.0147345621859172e+00,  3.2670009464094733e+01, -2.3262615356214662e-02,  8.8989296741423862e-02,  4.9893375829609810e-01,  5.4919071390093559e+03,  1.5321584218391914e+02, -1.4966948376798538e+04,  9.9474291219973967e+00,  2.5220417762248681e+00,  3.8953614203748756e+00, -7.3292195695620552e-02, -1.6475145192524181e+00,  8.8448946851034393e-01,  2.7328816364904313e-01,  4.9201907792150602e-03, -6.9133769193242237e-04, -5.9759506417569407e-02,  0.0000000000000000e+00, -2.7016376855142402e-04,  4.2340925844937082e-04,  8.7576810320046800e-03,  0.0000000000000000e+00
 8.6613386613386609e+00,  6.3525605578045293e+02,  3.0128730610903687e+00,  3.2669855346865958e+01, -2.3262885614355213e-02,  8.8990149864830642e-02,  4.9893372285218773e-01,  5.4982486879439293e+03,  1.5362114583121848e+02, -1.4966901283153802e+04,  9.9474197340527368e+00,  2.5220564004582573e+00,  3.9004293223537023e+00, -7.3243056421795960e-02, -1.6475214045946815e+00,  8.8389290745382976e-01,  2.7328816364904313e-01,  4.9174750681116181e-03, -6.8711623956951536e-04, -5.9672032000882808e-02,  0.0000000000000000e+00, -2.7352159435762994e-04,  4.2172550460461847e-04,  8.7546971886520129e-03,  0.0000000000000000e+00
 8.6713286713286717e+00,  6.3525811397185157e+02,  3.0110124940279714e+00,  3.2669700432769552e+01, -2.3263133803911373e-02,  8.8991011662511471e-02,  4.9893354845345350e-01,  5.5045902225292475e+03,  1.5402699383162255e+02, -1.4966854196759463e+04,  9.9474103448334521e+00,  2.5220710341402475e+00,  3.9054972248325015e+00, -7.3193944445508433e-02, -1.6475282478486133e+00,  8.8329722011871792e-01,  2.7328816364904313e-01,  4.9147262292580330e-03, -6.8291165396687460e-04, -5.9584594525613502e-02,  0.0000000000000000e+00, -2.7679594413020775e-04,  4.2003253304406882e-04,  8.7502853602628560e-03,  0.0000000000000000e+00
 8.6813186813186807e+00,  6.3526017168138753e+02,  3.0091528754596677e+00,  3.2669544729514449e+01, -2.3263360314342493e-02,  8.8991881867844486e-02,  4.9893323803863632e-01,  5.5109317427128390e+03,  1.5443338619601016e+02, -1.4966807117622553e+04,  9.9474009544999760e+00,  2.5220856775922456e+00,  3.9105651264719357e+00, -7.3144860093539057e-02, -1.6475350491831724e+00,  8.8270240606470662e-01,  2.7328816364904313e-01,  4.9119450926160321e-03, -6.7872402574261313e-04, -5.9497208122263716e-02,  0.0000000000000000e+00, -2.7998761159836596e-04,  4.1833063745309125e-04,  8.7444725903649701e-03,  0.0000000000000000e+00
 8.6913086913086914e+00,  6.3526222890859231e+02,  3.0072942195151784e+00,  3.2669388244719386e+01, -2.3263565532720656e-02,  8.8992760216367761e-02,  4.9893279452241418e-01,  5.5172732484422349e+03,  1.5484032293523450e+02, -1.4966760045750038e+04,  9.9473915632101306e+00,  2.5221003311279744e+00,  3.9156330259610370e+00, -7.3095803684417204e-02, -1.6475418087682085e+00,  8.8210846471167970e-01,  2.7328816364904313e-01,  4.9091324801992277e-03, -6.7455344248090418e-04, -5.9409886652037391e-02,  0.0000000000000000e+00, -2.8309739424581346e-04,  4.1662013154105748e-04,  8.7372857489447613e-03,  0.0000000000000000e+00
 8.7012987012987004e+00,  6.3526428565300432e+02,  3.0054365399959067e+00,  3.2669230985913856e+01, -2.3263749843689605e-02,  8.8993646445804001e-02,  4.9893222079520372e-01,  5.5236147396649594e+03,  1.5524780406012252e+02, -1.4966712981148818e+04,  9.9473821711191555e+00,  2.5221149950535442e+00,  3.9207009220169700e+00, -7.3046775528500113e-02, -1.6475485267744308e+00,  8.8151539534238821e-01,  2.7328816364904313e-01,  4.9062892060363029e-03, -6.7039998865418783e-04, -5.9322643708723928e-02,  0.0000000000000000e+00, -2.8612609317170412e-04,  4.1490132456756110e-04,  8.7287515024112809e-03,  0.0000000000000000e+00
 8.7112887112887112e+00,  6.3526634191416861e+02,  3.0035798503778532e+00,  3.2669072960539076e+01, -2.3263913629424988e-02,  8.8994540296084251e-02,  4.9893151972297134e-01,  5.5299562163285382e+03,  1.5565582958147561e+02, -1.4966665923825731e+04,  9.9473727783797141e+00,  2.5221296696675131e+00,  3.9257688133847992e+00, -7.2997775928052844e-02, -1.6475552033733765e+00,  8.8092319710511180e-01,  2.7328816364904313e-01,  4.9034160761379300e-03, -6.6626374570090538e-04, -5.9235492620587700e-02,  0.0000000000000000e+00, -2.8907451239530734e-04,  4.1317451466767630e-04,  8.7188963414057807e-03,  0.0000000000000000e+00
 8.7212787212787219e+00,  6.3526839769163666e+02,  3.0017241638145555e+00,  3.2668914175948913e+01, -2.3264057269595802e-02,  8.8995441509370540e-02,  4.9893069414705266e-01,  5.5362976783804925e+03,  1.5606439951006914e+02, -1.4966618873787551e+04,  9.9473633851418999e+00,  2.5221443552609526e+00,  3.9308366988372496e+00, -7.2948805177328518e-02, -1.6475618387373818e+00,  8.8033186901630245e-01,  2.7328816364904313e-01,  4.9005138884718599e-03, -6.6214479207024829e-04, -5.9148446452367040e-02,  0.0000000000000000e+00, -2.9194345843909839e-04,  4.1144000220166025e-04,  8.7077465374241336e-03,  0.0000000000000000e+00
 8.7312687312687309e+00,  6.3527045298496648e+02,  2.9998694931400403e+00,  3.2668754639410871e+01, -2.3264181141327153e-02,  8.8996349830078397e-02,  4.9892974688398062e-01,  5.5426391257683399e+03,  1.5647351385665272e+02, -1.4966571831040992e+04,  9.9473539915532641e+00,  2.5221590521175123e+00,  3.9359045771744663e+00, -7.2899863562648812e-02, -1.6475684330395517e+00,  8.7974140996320638e-01,  2.7328816364904313e-01,  4.8975834329293942e-03, -6.5804320325490648e-04, -5.9061518007238613e-02,  0.0000000000000000e+00, -2.9473374116257813e-04,  4.0969807862977278e-04,  8.6953281772871142e-03,  0.0000000000000000e+00
 8.7412587412587417e+00,  6.3527250779372264e+02,  2.9980158508717927e+00,  3.2668594358106994e+01, -2.3264285619164209e-02,  8.8997265004896964e-02,  4.9892868072532237e-01,  5.5489805584396008e+03,  1.5688317263195049e+02, -1.4966524795592704e+04,  9.9473445977588124e+00,  2.5221737605134877e+00,  3.9409724472237748e+00, -7.2850951362484775e-02, -1.6475749864537306e+00,  8.7915181870646752e-01,  2.7328816364904313e-01,  4.8946254913019571e-03, -6.5395905178054694e-04, -5.8974719828770485e-02,  0.0000000000000000e+00, -2.9744617265034187e-04,  4.0794904653701340e-04,  8.6816671520314453e-03,  0.0000000000000000e+00
 8.7512487512487507e+00,  6.3527456211747608e+02,  2.9961632492137427e+00,  3.2668433339134829e+01, -2.3264371075037402e-02,  8.8998186782809505e-02,  4.9892749843752432e-01,  5.5553219763417892e+03,  1.5729337584666069e+02, -1.4966477767449276e+04,  9.9473352039010461e+00,  2.5221884807178809e+00,  3.9460403078394384e+00, -7.2802068847537885e-02, -1.6475814991544724e+00,  8.7856309388271148e-01,  2.7328816364904313e-01,  4.8916408372608588e-03, -6.4989240722774437e-04, -5.8888064202968431e-02,  0.0000000000000000e+00, -3.0008156637748951e-04,  4.0619319293408397e-04,  8.6667891335407230e-03,  0.0000000000000000e+00
 8.7612387612387614e+00,  6.3527661595580400e+02,  2.9943117000592618e+00,  3.2668271589508336e+01, -2.3264437878228829e-02,  8.8999114915112226e-02,  4.9892620276176602e-01,  5.5616633794224190e+03,  1.5770412351145632e+02, -1.4966430746617236e+04,  9.9473258101199455e+00,  2.5222032129924705e+00,  3.9511081579024099e+00, -7.2753216280821223e-02, -1.6475879713170118e+00,  8.7797523400710753e-01,  2.7328816364904313e-01,  4.8886302363334213e-03, -6.4584333627649342e-04, -5.8801563160326017e-02,  0.0000000000000000e+00, -3.0264073929551003e-04,  4.0443081150635382e-04,  8.6507196034705143e-03,  0.0000000000000000e+00
 8.7712287712287704e+00,  6.3527866930828998e+02,  2.9924612149941767e+00,  3.2668109116158845e+01, -2.3264486395339845e-02,  8.9000049155432831e-02,  4.9892479641382159e-01,  5.5680047676290005e+03,  1.5811541563698452e+02, -1.4966383733103052e+04,  9.9473164165530168e+00,  2.5222179575918804e+00,  3.9561759963200940e+00, -7.2704393917741014e-02, -1.6475944031172352e+00,  8.7738823747591177e-01,  2.7328816364904313e-01,  4.8855944458842237e-03, -6.4181190269509603e-04, -5.8715228477813929e-02,  0.0000000000000000e+00, -3.0512450863400377e-04,  4.0266219148941398e-04,  8.6334838354492557e-03,  0.0000000000000000e+00
 8.7812187812187812e+00,  6.3528072217452370e+02,  2.9906118052997921e+00,  3.2667945925935932e+01, -2.3264516990259835e-02,  8.9000989259747573e-02,  4.9892328208392972e-01,  5.5743461409090442e+03,  1.5852725223386736e+02, -1.4966336726913130e+04,  9.9473070233352789e+00,  2.5222327147636436e+00,  3.9612438220260922e+00, -7.2655602006178183e-02, -1.6476007947316511e+00,  8.7680210256898938e-01,  2.7328816364904313e-01,  4.8825342151000801e-03, -6.3779816744012412e-04, -5.8629071680997388e-02,  0.0000000000000000e+00, -3.0753369426457213e-04,  4.0088760654456013e-04,  8.6151068861771533e-03,  0.0000000000000000e+00
 8.7912087912087920e+00,  6.3528277455410102e+02,  2.9887634819559281e+00,  3.2667782025608375e+01, -2.3264530024136140e-02,  8.9001934986397607e-02,  4.9892166243667141e-01,  5.5806874992100556e+03,  1.5893963331270126e+02, -1.4966289728053822e+04,  9.9472976305992944e+00,  2.5222474847482697e+00,  3.9663116339799598e+00, -7.2606840786570176e-02, -1.6476071463373638e+00,  8.7621682745231533e-01,  2.7328816364904313e-01,  4.8794502849727655e-03, -6.3380218861224988e-04, -5.8543104046129293e-02,  0.0000000000000000e+00, -3.0986911731053541e-04,  3.9910735480715371e-04,  8.5956136154578533e-03,  0.0000000000000000e+00
 8.8011988011988009e+00,  6.3528482644662392e+02,  2.9869162556439650e+00,  3.2667617421865032e+01, -2.3264525855345147e-02,  8.9002886096104780e-02,  4.9891994011085555e-01,  5.5870288424795390e+03,  1.5935255888405737e+02, -1.4966242736531416e+04,  9.9472882384751902e+00,  2.5222622677793134e+00,  3.9713794311669517e+00, -7.2558110491992914e-02, -1.6476134581120430e+00,  8.7563241018045535e-01,  2.7328816364904313e-01,  4.8763433882905065e-03, -6.2982402147790557e-04, -5.8457336602192961e-02,  0.0000000000000000e+00, -3.1213159847771915e-04,  3.9732170548856949e-04,  8.5750286605968916e-03,  0.0000000000000000e+00
 8.8111888111888117e+00,  6.3528687785170030e+02,  2.9850701367499002e+00,  3.2667452121315755e+01, -2.3264504839464500e-02,  8.9003842351986259e-02,  4.9891811771941236e-01,  5.5933701706649990e+03,  1.5976602895848180e+02, -1.4966195752352147e+04,  9.9472788470906597e+00,  2.5222770640834469e+00,  3.9764472125977837e+00, -7.2509411348242694e-02, -1.6476197302338969e+00,  8.7504884869902477e-01,  2.7328816364904313e-01,  4.8732142496263446e-03, -6.2586371856987076e-04, -5.8371780133110222e-02,  0.0000000000000000e+00, -3.1432196208761249e-04,  3.9553093670002403e-04,  8.5533764497663541e-03,  0.0000000000000000e+00
 8.8211788211788207e+00,  6.3528892876894406e+02,  2.9832251353674124e+00,  3.2667286130492300e+01, -2.3264467329246453e-02,  8.9004803519568534e-02,  4.9891619784929447e-01,  5.5997114837139343e+03,  1.6018004354649517e+02, -1.4966148775522186e+04,  9.9472694565709858e+00,  2.5222918738805227e+00,  3.9815149773083625e+00, -7.2460743573918462e-02, -1.6476259628816448e+00,  8.7446614084712648e-01,  2.7328816364904313e-01,  4.8700635853248528e-03, -6.2192132966476131e-04, -5.8286445179788045e-02,  0.0000000000000000e+00, -3.1644103107109409e-04,  3.9373532210288412e-04,  8.5306812053345445e-03,  0.0000000000000000e+00
 8.8311688311688314e+00,  6.3529097919797505e+02,  2.9813812613009349e+00,  3.2667119455849189e+01, -2.3264413674592303e-02,  8.9005769366800339e-02,  4.9891418306138480e-01,  5.6060527815738451e+03,  1.6059460265859332e+02, -1.4966101806047654e+04,  9.9472600670390623e+00,  2.5223066973836414e+00,  3.9865827243595526e+00, -7.2412107380503937e-02, -1.6476321562344896e+00,  8.7388428435976828e-01,  2.7328816364904313e-01,  4.8668921035025714e-03, -6.1799690178308722e-04, -5.8201342042290778e-02,  0.0000000000000000e+00, -3.1848962974959848e-04,  3.9193513980829509e-04,  8.5069669216186281e-03,  0.0000000000000000e+00
 8.8411588411588404e+00,  6.3529302913841900e+02,  2.9795385240687358e+00,  3.2666952103764629e+01, -2.3264344222527912e-02,  8.9006739664065027e-02,  4.9891207589041342e-01,  5.6123940641922263e+03,  1.6100970630524674e+02, -1.4966054843934611e+04,  9.9472506786154042e+00,  2.5223215347992309e+00,  3.9916504528369114e+00, -7.2363502972449881e-02, -1.6476383104720900e+00,  8.7330327687025755e-01,  2.7328816364904313e-01,  4.8637005040389784e-03, -6.1409047928927144e-04, -5.8116480782068422e-02,  0.0000000000000000e+00, -3.2046858286172673e-04,  3.9013064345362131e-04,  8.4822573748966311e-03,  0.0000000000000000e+00
 8.8511488511488512e+00,  6.3529507858990723e+02,  2.9776969329060030e+00,  3.2666784080541362e+01, -2.3264259317180319e-02,  8.9007714184192052e-02,  4.9890987884487953e-01,  5.6187353315165747e+03,  1.6142535449690124e+02, -1.4966007889189061e+04,  9.9472412914181678e+00,  2.5223363863271051e+00,  3.9967181618504393e+00, -7.2314930547256406e-02, -1.6476444257745353e+00,  8.7272311591257412e-01,  2.7328816364904313e-01,  4.8604894785774450e-03, -6.1020210381380338e-04, -5.8031871224018546e-02,  0.0000000000000000e+00, -3.2237871445074494e-04,  3.8832212672416315e-04,  8.4565761456548323e-03,  0.0000000000000000e+00
 8.8611388611388620e+00,  6.3529712755207697e+02,  2.9758564967679386e+00,  3.2666615392407550e+01, -2.3264159299755428e-02,  8.9008692702467612e-02,  4.9890759440698235e-01,  5.6250765834943822e+03,  1.6184154724397749e+02, -1.4965960941816955e+04,  9.9472319055631662e+00,  2.5223512521605382e+00,  4.0017858505343247e+00, -7.2266390295555219e-02, -1.6476505023223160e+00,  8.7214379892372362e-01,  2.7328816364904313e-01,  4.8572597105218393e-03, -6.0633181435352937e-04, -5.7947522958712500e-02,  0.0000000000000000e+00, -3.2422085036787069e-04,  3.8650982323348967e-04,  8.4299465696477168e-03,  0.0000000000000000e+00
 8.8711288711288709e+00,  6.3529917602457112e+02,  2.9740172243328540e+00,  3.2666446045517660e+01, -2.3264044508516699e-02,  8.9009674996644556e-02,  4.9890522503255841e-01,  5.6314178200731376e+03,  1.6225828455687130e+02, -1.4965914001824185e+04,  9.9472225211638872e+00,  2.5223661324863347e+00,  4.0068535180466887e+00, -7.2217882401192035e-02, -1.6476565402963006e+00,  8.7156532324606639e-01,  2.7328816364904313e-01,  4.8540118750335978e-03, -6.0247964736001721e-04, -5.7863445344638741e-02,  0.0000000000000000e+00, -3.2599581437814422e-04,  3.8469400886764987e-04,  8.4023917679189424e-03,  0.0000000000000000e+00
 8.8811188811188817e+00,  6.3530122400703806e+02,  2.9721791240052702e+00,  3.2666276045953289e+01, -2.3263915278764900e-02,  8.9010660846951500e-02,  4.9890277315102521e-01,  5.6377590412003319e+03,  1.6267556644595402e+02, -1.4965867069216594e+04,  9.9472131383315165e+00,  2.5223810274848990e+00,  4.0119211635693297e+00, -7.2169407041308795e-02, -1.6476625398777078e+00,  8.7098768612962496e-01,  2.7328816364904313e-01,  4.8507466390422926e-03, -5.9864563661785194e-04, -5.7779647510377077e-02,  0.0000000000000000e+00, -3.2770443108116843e-04,  3.8287494171385550e-04,  8.3739346512661551e-03,  0.0000000000000000e+00
 8.8911088911088907e+00,  6.3530327149913171e+02,  2.9703422039190248e+00,  3.2666105399724053e+01, -2.3263771942818891e-02,  8.9011650036101425e-02,  4.9890024116533271e-01,  5.6441002468234492e+03,  1.6309339292157190e+02, -1.4965820143999965e+04,  9.9472037571749432e+00,  2.5223959373303035e+00,  4.0169887863074685e+00, -7.2120964386425956e-02, -1.6476685012480812e+00,  8.7041088473437056e-01,  2.7328816364904313e-01,  4.8474646612462532e-03, -5.9482981338883768e-04, -5.7696138356806641e-02,  0.0000000000000000e+00, -3.2934752368593323e-04,  3.8105286873480360e-04,  8.3445978935348056e-03,  0.0000000000000000e+00
 8.9010989010989015e+00,  6.3530531850051159e+02,  2.9685064719403753e+00,  3.2665934112768412e+01, -2.3263614829997378e-02,  8.9012642349299176e-02,  4.9889763145192073e-01,  5.6504414368899761e+03,  1.6351176399404696e+02, -1.4965773226180032e+04,  9.9471943778007912e+00,  2.5224108621903643e+00,  4.0220563854894875e+00, -7.2072554600524655e-02, -1.6476744245892641e+00,  8.6983491613248598e-01,  2.7328816364904313e-01,  4.8441665921206368e-03, -5.9103220638982571e-04, -5.7612926559317053e-02,  0.0000000000000000e+00, -3.3092591526237287e-04,  3.7922805246741513e-04,  8.3144039638805359e-03,  0.0000000000000000e+00
 8.9110889110889104e+00,  6.3530736501084255e+02,  2.9666719356711111e+00,  3.2665762190954538e+01, -2.3263444266601655e-02,  8.9013637574248447e-02,  4.9889494636068310e-01,  5.6567826113473930e+03,  1.6393067967367628e+02, -1.4965726315762473e+04,  9.9471850003134303e+00,  2.5224258022267061e+00,  4.0271239603666809e+00, -7.2024177841128842e-02, -1.6476803100833737e+00,  8.6925977731060800e-01,  2.7328816364904313e-01,  4.8408530739209041e-03, -5.8725284180382719e-04, -5.7530020570081095e-02,  0.0000000000000000e+00, -3.3244042832419933e-04,  3.7740073764949797e-04,  8.2833750811589623e-03,  0.0000000000000000e+00
 8.9210789210789212e+00,  6.3530941102979489e+02,  2.9648386024516595e+00,  3.2665589640081130e+01, -2.3263260575899378e-02,  8.9014635501158054e-02,  4.9889218821493864e-01,  5.6631237701431828e+03,  1.6435013997073278e+02, -1.4965679412752914e+04,  9.9471756248149958e+00,  2.5224407575948349e+00,  4.0321915102129875e+00, -7.1975834259387375e-02, -1.6476861579127766e+00,  8.6868546517204481e-01,  2.7328816364904313e-01,  4.8375247406946221e-03, -5.8349174338003364e-04, -5.7447428620271808e-02,  0.0000000000000000e+00, -3.3389188357740228e-04,  3.7557116679397083e-04,  8.2515332706603398e-03,  0.0000000000000000e+00
 8.9310689310689302e+00,  6.3531145655704415e+02,  2.9630064793641999e+00,  3.2665416465878259e+01, -2.3263064078109214e-02,  8.9015635922747444e-02,  4.9888935931140777e-01,  5.6694649132248223e+03,  1.6477014489546474e+02, -1.4965632517156928e+04,  9.9471662514054060e+00,  2.5224557284442124e+00,  4.0372590343247419e+00, -7.1927524000155924e-02, -1.6476919682600646e+00,  8.6811197653897421e-01,  2.7328816364904313e-01,  4.8341822182967507e-03, -5.7974893242270355e-04, -5.7365158722329633e-02,  0.0000000000000000e+00, -3.3528110047647099e-04,  3.7373958686353053e-04,  8.2189002973628959e-03,  0.0000000000000000e+00
 8.9410589410589409e+00,  6.3531350159227122e+02,  2.9611755732357703e+00,  3.2665242674008191e+01, -2.3262855090386513e-02,  8.9016638634251494e-02,  4.9888646192019614e-01,  5.6758060405397910e+03,  1.6519069445809629e+02, -1.4965585628980039e+04,  9.9471568801823835e+00,  2.5224707149183199e+00,  4.0423265320204171e+00, -7.1879247202078750e-02, -1.6476977413080298e+00,  8.6753930815461566e-01,  2.7328816364904313e-01,  4.8308261243968495e-03, -5.7602442780222405e-04, -5.7283218672207759e-02,  0.0000000000000000e+00, -3.3660889819772389e-04,  3.7190623814614048e-04,  8.1854977360153770e-03,  0.0000000000000000e+00
 8.9510489510489517e+00,  6.3531554613516198e+02,  2.9593458906413783e+00,  3.2665068270066186e+01, -2.3262633926809863e-02,  8.9017643433424776e-02,  4.9888349828478390e-01,  5.6821471520355617e+03,  1.6561178866882716e+02, -1.4965538748227716e+04,  9.9471475112414751e+00,  2.5224857171547344e+00,  4.0473940026403561e+00, -7.1831003997670465e-02, -1.6477034772396411e+00,  8.6696745668538355e-01,  2.7328816364904313e-01,  4.8274570684951187e-03, -5.7231824595536777e-04, -5.7201616051625812e-02,  0.0000000000000000e+00, -3.3787609341471854e-04,  3.7007136760469601e-04,  8.1513469055100977e-03,  0.0000000000000000e+00
 8.9610389610389607e+00,  6.3531759018540777e+02,  2.9575174379071081e+00,  3.2664893259581348e+01, -2.3262400898368583e-02,  8.9018650120545037e-02,  4.9888047062202096e-01,  5.6884882476596067e+03,  1.6603342753783284e+02, -1.4965491874905381e+04,  9.9471381446760585e+00,  2.5225007352851976e+00,  4.0524614455465224e+00, -7.1782794513397530e-02, -1.6477091762380189e+00,  8.6639641872301476e-01,  2.7328816364904313e-01,  4.8240756519403304e-03, -5.6863040101813968e-04, -5.7120358230352698e-02,  0.0000000000000000e+00, -3.3908350085387531e-04,  3.6823518882835829e-04,  8.1164689133661674e-03,  0.0000000000000000e+00
 8.9710289710289715e+00,  6.3531963374270481e+02,  2.9556902211132243e+00,  3.2664717648017401e+01, -2.3262156312951126e-02,  8.9019658498415963e-02,  4.9887738112212865e-01,  5.6948293273593990e+03,  1.6645561107526495e+02, -1.4965445009018402e+04,  9.9471287805773851e+00,  2.5225157694356883e+00,  4.0575288601222459e+00, -7.1734618869759570e-02, -1.6477148384864146e+00,  8.6582619078667522e-01,  2.7328816364904313e-01,  4.8206824679431536e-03, -5.6496090479295040e-04, -5.7039452368458039e-02,  0.0000000000000000e+00, -3.4023193538090953e-04,  3.6639795545455783e-04,  8.0808846379449382e-03,  0.0000000000000000e+00
 8.9810189810189804e+00,  6.3532167680675434e+02,  2.9538642460972762e+00,  3.2664541440773498e+01, -2.3261900475334336e-02,  8.9020668372369521e-02,  4.9887423194870650e-01,  5.7011703910824053e+03,  1.6687833929125080e+02, -1.4965398150572097e+04,  9.9471194190345713e+00,  2.5225308197264926e+00,  4.0625962457719531e+00, -7.1686477181370695e-02, -1.6477204641681846e+00,  8.6525676932504358e-01,  2.7328816364904313e-01,  4.8172781015976222e-03, -5.6130976672613231e-04, -5.6958905418653782e-02,  0.0000000000000000e+00, -3.4132220699453167e-04,  3.6455988552243259e-04,  8.0446147128684954e-03,  0.0000000000000000e+00
 8.9910089910089912e+00,  6.3532371937726271e+02,  2.9520395184571941e+00,  3.2664364643185017e+01, -2.3261633687173641e-02,  8.9021679550267491e-02,  4.9887102523874527e-01,  5.7075114387760959e+03,  1.6730161219589399e+02, -1.4965351299571737e+04,  9.9471100601346407e+00,  2.5225458862722703e+00,  4.0676636019209207e+00, -7.1638369557040338e-02, -1.6477260534667688e+00,  8.6468815071837046e-01,  2.7328816364904313e-01,  4.8138631299030959e-03, -5.5767699401912494e-04, -5.6878724128505302e-02,  0.0000000000000000e+00, -3.4235512624967453e-04,  3.6272121042045535e-04,  8.0076795748562340e-03,  0.0000000000000000e+00
 9.0009990009990002e+00,  6.3532576145394103e+02,  2.9502160435543869e+00,  3.2664187260524351e+01, -2.3261356246994058e-02,  8.9022691842502416e-02,  4.9886776310264508e-01,  5.7138524703879339e+03,  1.6772542979927394e+02, -1.4965304456022543e+04,  9.9471007039625388e+00,  2.5225609691821385e+00,  4.0727309280150097e+00, -7.1590296099854150e-02, -1.6477316065656675e+00,  8.6412033128051802e-01,  2.7328816364904313e-01,  4.8104381217823206e-03, -5.5406259167292780e-04, -5.6798915042693007e-02,  0.0000000000000000e+00, -3.4333149952960366e-04,  3.6088213928820730e-04,  7.9700994047652990e-03,  0.0000000000000000e+00
 9.0109890109890109e+00,  6.3532780303650543e+02,  2.9483938265168286e+00,  3.2664009298001673e+01, -2.3261068450182068e-02,  8.9023705061997929e-02,  4.9886444762423982e-01,  5.7201934858653840e+03,  1.6814979211144657e+02, -1.4965257619929684e+04,  9.9470913506011307e+00,  2.5225760685597285e+00,  4.0777982235204151e+00, -7.1542256907254478e-02, -1.6477371236484206e+00,  8.6355330726097401e-01,  2.7328816364904313e-01,  4.8070036381060045e-03, -5.5046656241025855e-04, -5.6719484505391056e-02,  0.0000000000000000e+00, -3.4425213238318994e-04,  3.5904291908832157e-04,  7.9318941620749473e-03,  0.0000000000000000e+00
 9.0209790209790217e+00,  6.3532984412467670e+02,  2.9465728722421454e+00,  3.2663830760765741e+01, -2.3260770588978307e-02,  8.9024719024208526e-02,  4.9886108086082576e-01,  5.7265344851559075e+03,  1.6857469914244385e+02, -1.4965210791298285e+04,  9.9470820001312550e+00,  2.5225911845032636e+00,  4.0828654879234021e+00, -7.1494252071120756e-02, -1.6477426048985828e+00,  8.6298707484684378e-01,  2.7328816364904313e-01,  4.8035602317164899e-03, -5.4688890679804392e-04, -5.6640438662515259e-02,  0.0000000000000000e+00, -3.4511782688315991e-04,  3.5720373448679008e-04,  7.8930835826687210e-03,  0.0000000000000000e+00
 9.0309690309690307e+00,  6.3533188471818050e+02,  2.9447531854006939e+00,  3.2663651653904637e+01, -2.3260462952471122e-02,  8.9025733547118818e-02,  4.9885766484319655e-01,  5.7328754682069630e+03,  1.6900015090227407e+02, -1.4965163970133421e+04,  9.9470726526317179e+00,  2.5226063171056303e+00,  4.0879327207300511e+00, -7.1446281677849555e-02, -1.6477480504997053e+00,  8.6242163016481987e-01,  2.7328816364904313e-01,  4.8001084474547321e-03, -5.4332962324693057e-04, -5.6561783463973100e-02,  0.0000000000000000e+00, -3.4592938232076123e-04,  3.5536483244611833e-04,  7.8536871654710030e-03,  0.0000000000000000e+00
 9.0409590409590415e+00,  6.3533392481674719e+02,  2.9429347704386308e+00,  3.2663471982446538e+01, -2.3260145826590872e-02,  8.9026748451242047e-02,  4.9885420157568278e-01,  5.7392164349660115e+03,  1.6942614740092219e+02, -1.4965117156440117e+04,  9.9470633081793292e+00,  2.5226214664544466e+00,  4.0929999214660073e+00, -7.1398345808434349e-02, -1.6477534606353110e+00,  8.6185696928312805e-01,  2.7328816364904313e-01,  4.7966488221861080e-03, -5.3978870802288764e-04, -5.6483524665992428e-02,  0.0000000000000000e+00, -3.4668759645787531e-04,  3.5352639540728136e-04,  7.8137241902602357e-03,  0.0000000000000000e+00
 9.0509490509490504e+00,  6.3533596442011174e+02,  2.9411176315809819e+00,  3.2663291751360482e+01, -2.3259819494105084e-02,  8.9027763559618237e-02,  4.9885069303619656e-01,  5.7455573853805063e+03,  1.6985268864834936e+02, -1.4965070350223357e+04,  9.9470539668489089e+00,  2.5226366326321372e+00,  4.0980670896762144e+00, -7.1350444538545138e-02, -1.6477588354888766e+00,  8.6129308821345141e-01,  2.7328816364904313e-01,  4.7931818848302270e-03, -5.3626615530252895e-04, -5.6405667833424440e-02,  0.0000000000000000e+00, -3.4739326218937707e-04,  3.5168865920853038e-04,  7.7732136898507531e-03,  0.0000000000000000e+00
 9.0609390609390612e+00,  6.3533800352801381e+02,  2.9393017728346966e+00,  3.2663110965557109e+01, -2.3259484234614342e-02,  8.9028778697811603e-02,  4.9884714117628159e-01,  5.7518983193979038e+03,  1.7027977465449356e+02, -1.4965023551488073e+04,  9.9470446287133090e+00,  2.5226518157159941e+00,  4.1031342249246672e+00, -7.1302577938607573e-02, -1.6477641752438086e+00,  8.6072998291282987e-01,  2.7328816364904313e-01,  4.7897081563877579e-03, -5.3276195716204849e-04, -5.6328218341999213e-02,  0.0000000000000000e+00, -3.4804717199297486e-04,  3.4985180851566580e-04,  7.7321744934795312e-03,  0.0000000000000000e+00
 9.0709290709290702e+00,  6.3534004214019751e+02,  2.9374871979916999e+00,  3.2662929629889405e+01, -2.3259140324548969e-02,  8.9029793693907386e-02,  4.9884354792116736e-01,  5.7582392369656554e+03,  1.7070740542926922e+02, -1.4964976760239151e+04,  9.9470352938434523e+00,  2.5226670157782594e+00,  4.1082013267941511e+00, -7.1254746073882047e-02, -1.6477694800834253e+00,  8.6016764928553935e-01,  2.7328816364904313e-01,  4.7862281499723739e-03, -5.2927610372169374e-04, -5.6251181380642820e-02,  0.0000000000000000e+00, -3.4865011236698740e-04,  3.4801605024337964e-04,  7.6906251700715146e-03,  0.0000000000000000e+00
 9.0809190809190810e+00,  6.3534208025641146e+02,  2.9356739106319298e+00,  3.2662747749153432e+01, -2.3258788037166467e-02,  8.9030808378508450e-02,  4.9883991516982878e-01,  5.7645801380312132e+03,  1.7113558098256775e+02, -1.4964929976481431e+04,  9.9470259623083219e+00,  2.5226822328861891e+00,  4.1132683948859938e+00, -7.1206949004542192e-02, -1.6477747501909359e+00,  8.5960608318494491e-01,  2.7328816364904313e-01,  4.7827423708436696e-03, -5.2580858303458535e-04, -5.6174561953767216e-02,  0.0000000000000000e+00, -3.4920286911439336e-04,  3.4618159130630246e-04,  7.6485840894227079e-03,  0.0000000000000000e+00
 9.0909090909090917e+00,  6.3534411787640875e+02,  2.9338619141263735e+00,  3.2662565328089073e+01, -2.3258427642549678e-02,  8.9031822584731066e-02,  4.9883624479505012e-01,  5.7709210225420256e+03,  1.7156430132425712e+02, -1.4964883200219710e+04,  9.9470166341750073e+00,  2.5226974671021214e+00,  4.1183354288198037e+00, -7.1159186785753295e-02, -1.6477799857494200e+00,  8.5904528041533412e-01,  2.7328816364904313e-01,  4.7792513164377666e-03, -5.2235938113140477e-04, -5.6098364883529039e-02,  0.0000000000000000e+00, -3.4970622303241933e-04,  3.4434862971975422e-04,  7.6060693732594139e-03,  0.0000000000000000e+00
 9.1008991008991007e+00,  6.3534615499994686e+02,  2.9320512116400863e+00,  3.2662382371380744e+01, -2.3258059407605676e-02,  8.9032836148200400e-02,  4.9883253864349325e-01,  5.7772618904455385e+03,  1.7199356646418227e+02, -1.4964836431458736e+04,  9.9470073095087095e+00,  2.5227127184835538e+00,  4.1234024282332227e+00, -7.1111459467750229e-02, -1.6477851869418076e+00,  8.5848523673372557e-01,  2.7328816364904313e-01,  4.7757554764033452e-03, -5.1892848218662623e-04, -5.6022594812163429e-02,  0.0000000000000000e+00, -3.5016095185869659e-04,  3.4251733902490497e-04,  7.5630989141361911e-03,  0.0000000000000000e+00
 9.1108891108891115e+00,  6.3534819162678764e+02,  2.9302418061352045e+00,  3.2662198883658114e+01, -2.3257683596065403e-02,  8.9033848907045202e-02,  4.9882879853577139e-01,  5.7836027416891993e+03,  1.7242337641216528e+02, -1.4964789670203214e+04,  9.9469979883727611e+00,  2.5227279870832060e+00,  4.1284693927816711e+00, -7.1063767095915067e-02, -1.6477903539508623e+00,  8.5792594785165455e-01,  2.7328816364904313e-01,  4.7722553326357648e-03, -5.1551586840785141e-04, -5.5947256204234429e-02,  0.0000000000000000e+00, -3.5056783041093785e-04,  3.4068793948584323e-04,  7.5196903932485690e-03,  0.0000000000000000e+00
 9.1208791208791204e+00,  6.3535022775669722e+02,  2.9284337003739473e+00,  3.2662014869496815e+01, -2.3257300468483958e-02,  8.9034860701892496e-02,  4.9882502626652570e-01,  5.7899435762204503e+03,  1.7285373117800501e+02, -1.4964742916457804e+04,  9.9469886708286666e+00,  2.5227432729490911e+00,  4.1335363221380934e+00, -7.1016109710854411e-02, -1.6477954869591585e+00,  8.5736740943693768e-01,  2.7328816364904313e-01,  4.7687513593138329e-03, -5.1212152010225481e-04, -5.5872353348888272e-02,  0.0000000000000000e+00, -3.5092762863984868e-04,  3.3886059129458867e-04,  7.4758612470529080e-03,  0.0000000000000000e+00
 9.1308691308691312e+00,  6.3535226338944585e+02,  2.9266268969216069e+00,  3.2661830333419154e+01, -2.3256910282241614e-02,  8.9035871375861303e-02,  4.9882122360450737e-01,  5.7962843939867353e+03,  1.7328463077147774e+02, -1.4964696170227124e+04,  9.9469793569360920e+00,  2.5227585761245881e+00,  4.1386032159927124e+00, -7.0968487348476231e-02, -1.6478005861490661e+00,  8.5680961711541304e-01,  2.7328816364904313e-01,  4.7652440229349613e-03, -5.0874541569885837e-04, -5.5797890362197677e-02,  0.0000000000000000e+00, -3.5124111441030097e-04,  3.3703551026538996e-04,  7.4316286884042087e-03,  0.0000000000000000e+00
 9.1408591408591402e+00,  6.3535429852480820e+02,  2.9248213981495281e+00,  3.2661645279894813e+01, -2.3256513291545499e-02,  8.9036880774556182e-02,  4.9881739229266342e-01,  5.8026251949354919e+03,  1.7371607520233670e+02, -1.4964649431515742e+04,  9.9469700467529112e+00,  2.5227738966485109e+00,  4.1436700740527748e+00, -7.0920900040066501e-02, -1.6478056517027289e+00,  8.5625256647265802e-01,  2.7328816364904313e-01,  4.7617337823561449e-03, -5.0538753181521040e-04, -5.5723871189406790e-02,  0.0000000000000000e+00, -3.5150904946872161e-04,  3.3521284324093182e-04,  7.3870097043312218e-03,  0.0000000000000000e+00
 9.1508491508491510e+00,  6.3535633316256281e+02,  2.9230172062380739e+00,  3.2661459713341515e+01, -2.3256109747431922e-02,  8.9037888746060057e-02,  4.9881353404822648e-01,  5.8089659790141623e+03,  1.7414806448031268e+02, -1.4964602700328189e+04,  9.9469607403352107e+00,  2.5227892345551703e+00,  4.1487368960423048e+00, -7.0873347812365220e-02, -1.6478106838020494e+00,  8.5569625305568464e-01,  2.7328816364904313e-01,  4.7582210888335551e-03, -5.0204784331295304e-04, -5.5650299607181618e-02,  0.0000000000000000e+00, -3.5173219375381480e-04,  3.3339279491101712e-04,  7.3420210571488913e-03,  0.0000000000000000e+00
 9.1608391608391599e+00,  6.3535836730249252e+02,  2.9212143231795817e+00,  3.2661273638125742e+01, -2.3255699897769391e-02,  8.9038895140926971e-02,  4.9880965056280885e-01,  5.8153067461701794e+03,  1.7458059861511359e+02, -1.4964555976668948e+04,  9.9469514377373134e+00,  2.5228045898744540e+00,  4.1538036817018522e+00, -7.0825830687642255e-02, -1.6478156826286692e+00,  8.5514067237461244e-01,  2.7328816364904313e-01,  4.7547063860586556e-03, -4.9872632318668814e-04, -5.5577179225882692e-02,  0.0000000000000000e+00, -3.5191130178111762e-04,  3.3157553436722215e-04,  7.2966792788961348e-03,  0.0000000000000000e+00
 9.1708291708291707e+00,  6.3536040094438420e+02,  2.9194127507813041e+00,  3.2661087058563403e+01, -2.3255283987262228e-02,  8.9039899812174181e-02,  4.9880574350249995e-01,  5.8216474963509818e+03,  1.7501367761642504e+02, -1.4964509260542462e+04,  9.9469421390118100e+00,  2.5228199626318863e+00,  4.1588704307882463e+00, -7.0778348683772641e-02, -1.6478206483639513e+00,  8.5458581990431837e-01,  2.7328816364904313e-01,  4.7511901102015395e-03, -4.9542294273063393e-04, -5.5504513491838388e-02,  0.0000000000000000e+00, -3.5204712472877069e-04,  3.2976123292595373e-04,  7.2510006757843300e-03,  0.0000000000000000e+00
 9.1808191808191815e+00,  6.3536243408802875e+02,  2.9176124906683389e+00,  3.2660899978920497e+01, -2.3254862257454822e-02,  8.9040902615273781e-02,  4.9880181450796857e-01,  5.8279882295040015e+03,  1.7544730149391000e+02, -1.4964462551953129e+04,  9.9469328442095559e+00,  2.5228353528487011e+00,  4.1639371430743513e+00, -7.0730901814311548e-02, -1.6478255811889635e+00,  8.5403169108606414e-01,  2.7328816364904313e-01,  4.7476726899540250e-03, -4.9213767153884495e-04, -5.5432305689603369e-02,  0.0000000000000000e+00, -3.5214040890822003e-04,  3.2795005967896406e-04,  7.2050013326535392e-03,  0.0000000000000000e+00
 9.1908091908091905e+00,  6.3536446673322075e+02,  2.9158135442865429e+00,  3.2660712403413783e+01, -2.3254434946736537e-02,  8.9041903408143996e-02,  4.9879786519456726e-01,  5.8343289455766690e+03,  1.7588147025720909e+02, -1.4964415850905309e+04,  9.9469235533797136e+00,  2.5228507605419050e+00,  4.1690038183488145e+00, -7.0683490088568765e-02, -1.6478304812844615e+00,  8.5347828132910153e-01,  2.7328816364904313e-01,  4.7441545465726565e-03, -4.8887047749365819e-04, -5.5360558944176352e-02,  0.0000000000000000e+00, -3.5219189604170212e-04,  3.2614218816743180e-04,  7.1586971018351717e-03,  0.0000000000000000e+00
 9.2007992007992012e+00,  6.3536649887975898e+02,  2.9140159129054326e+00,  3.2660524336211452e+01, -2.3254002290347117e-02,  8.9042902051139919e-02,  4.9879389715244193e-01,  5.8406696445164171e+03,  1.7631618391594080e+02, -1.4964369157403315e+04,  9.9469142665697685e+00,  2.5228661857243528e+00,  4.1740704564158326e+00, -7.0636113511682724e-02, -1.6478353488308715e+00,  8.5292558601225443e-01,  2.7328816364904313e-01,  4.7406360939183587e-03, -4.8562132678836031e-04, -5.5289276223244352e-02,  0.0000000000000000e+00, -3.5220232534870363e-04,  3.2433778303321369e-04,  7.1121036287511040e-03,  0.0000000000000000e+00
 9.2107892107892102e+00,  6.3536853052744596e+02,  2.9122195976210734e+00,  3.2660335781433773e+01, -2.3253564520382807e-02,  8.9043898407044311e-02,  4.9878991194664402e-01,  5.8470103262706716e+03,  1.7675144247970115e+02, -1.4964322471451422e+04,  9.9469049838255401e+00,  2.5228816284048072e+00,  4.1791370570948958e+00, -7.0588772084694273e-02, -1.6478401840082735e+00,  8.5237360048548028e-01,  2.7328816364904313e-01,  4.7371177385036366e-03, -4.8239018404921404e-04, -5.5218460339458465e-02,  0.0000000000000000e+00, -3.5217242867870315e-04,  3.2253699334388350e-04,  7.0652363051845564e-03,  0.0000000000000000e+00
 9.2207792207792210e+00,  6.3537056167608807e+02,  2.9104245993589486e+00,  3.2660146743153732e+01, -2.3253121865802952e-02,  8.9044892341057294e-02,  4.9878591111724641e-01,  5.8533509907868611e+03,  1.7718724595806435e+02, -1.4964275793053861e+04,  9.9468957051912064e+00,  2.5228970885880120e+00,  4.1842036202205550e+00, -7.0541465804619716e-02, -1.6478449869963869e+00,  8.5182232007140612e-01,  2.7328816364904313e-01,  4.7335998795409243e-03, -4.7917701222436883e-04, -5.5148113952650332e-02,  0.0000000000000000e+00, -3.5210293565629021e-04,  3.2074000599013078e-04,  7.0181103338031727e-03,  0.0000000000000000e+00
 9.2307692307692299e+00,  6.3537259232549536e+02,  2.9086309188768196e+00,  3.2659957225397683e+01, -2.3252674552437218e-02,  8.9045883720786284e-02,  4.9878189617946250e-01,  5.8596916380124094e+03,  1.7762359436058222e+02, -1.4964229122214823e+04,  9.9468864307093359e+00,  2.5229125662747554e+00,  4.1892701456421735e+00, -7.0494194664523627e-02, -1.6478497579745517e+00,  8.5127174006684592e-01,  2.7328816364904313e-01,  4.7300829089842620e-03, -4.7598177272833439e-04, -5.5078239572004840e-02,  0.0000000000000000e+00, -3.5199456978760908e-04,  3.1894694111597033e-04,  6.9707406714243410e-03,  0.0000000000000000e+00
 9.2407592407592407e+00,  6.3537462247548171e+02,  2.9068385567675632e+00,  3.2659767232145981e+01, -2.3252222802993348e-02,  8.9046872416235226e-02,  4.9877786862376899e-01,  5.8660322678947414e+03,  1.7806048769678495e+02, -1.4964182458938461e+04,  9.9468771604208843e+00,  2.5229280614619363e+00,  4.1943366332236911e+00, -7.0446958653591060e-02, -1.6478544971217162e+00,  8.5072185574429315e-01,  2.7328816364904313e-01,  4.7265672115747144e-03, -4.7280442546416510e-04, -5.5008839558322316e-02,  0.0000000000000000e+00, -3.5184805151951899e-04,  3.1715798116225695e-04,  6.9231420668370864e-03,  0.0000000000000000e+00
 9.2507492507492515e+00,  6.3537665212586455e+02,  2.9050475134620015e+00,  3.2659576767333604e+01, -2.3251766837065445e-02,  8.9047858299793614e-02,  4.9877382991603103e-01,  5.8723728803812783e+03,  1.7849792597618060e+02, -1.4964135803228883e+04,  9.9468678943652389e+00,  2.5229435741426340e+00,  4.1994030828433839e+00, -7.0399757757199449e-02, -1.6478592046164191e+00,  8.5017266235339284e-01,  2.7328816364904313e-01,  4.7230531648931829e-03, -4.6964492876810362e-04, -5.4939916126210089e-02,  0.0000000000000000e+00, -3.5166409420729503e-04,  3.1537325739762045e-04,  6.8753290430091027e-03,  0.0000000000000000e+00
 9.2607392607392605e+00,  6.3537868127646493e+02,  2.9032577892317097e+00,  3.2659385834850788e+01, -2.3251306871142800e-02,  8.9048841246225044e-02,  4.9876978149763168e-01,  5.8787134754194385e+03,  1.7893590920825545e+02, -1.4964089155090160e+04,  9.9468586325802288e+00,  2.5229591043061714e+00,  4.2044694943936296e+00, -7.0352591956989799e-02, -1.6478638806367765e+00,  8.4962415512239087e-01,  2.7328816364904313e-01,  4.7195411394062052e-03, -4.6650323949806716e-04, -5.4871471346295150e-02,  0.0000000000000000e+00, -3.5144340828567003e-04,  3.1359293446368960e-04,  6.8273158959620082e-03,  0.0000000000000000e+00
 9.2707292707292712e+00,  6.3538070992710766e+02,  2.9014693841918087e+00,  3.2659194438543622e+01, -2.3250843118619247e-02,  8.9049821132655554e-02,  4.9876572478560288e-01,  5.8850540529566433e+03,  1.7937443740247429e+02, -1.4964042514526322e+04,  9.9468493751021398e+00,  2.5229746519381813e+00,  4.2095358677806649e+00, -7.0305461230937588e-02, -1.6478685253604650e+00,  8.4907632925956078e-01,  2.7328816364904313e-01,  4.7160314985118384e-03, -4.6337931303406783e-04, -5.4803507147362360e-02,  0.0000000000000000e+00, -3.5118669876645965e-04,  3.1181714362898131e-04,  6.7791167303818747e-03,  0.0000000000000000e+00
 9.2807192807192802e+00,  6.3538273807762096e+02,  2.8996822983037420e+00,  3.2659002582214683e+01, -2.3250375789803004e-02,  8.9050797838561568e-02,  4.9876166117276061e-01,  5.8913946129403075e+03,  1.7981351056827998e+02, -1.4963995881541359e+04,  9.9468401219657352e+00,  2.5229902170206677e+00,  4.2146022029243522e+00, -7.0258365553423130e-02, -1.6478731389647092e+00,  8.4852917995461141e-01,  2.7328816364904313e-01,  4.7125245985938187e-03, -4.6027310336690919e-04, -5.4736025318563794e-02,  0.0000000000000000e+00, -3.5089466482108309e-04,  3.1004603173618027e-04,  6.7307453950912885e-03,  0.0000000000000000e+00
 9.2907092907092910e+00,  6.3538476572783645e+02,  2.8978965313780356e+00,  3.2658810269623622e+01, -2.3249905091927019e-02,  8.9051771245757486e-02,  4.9875759202784237e-01,  5.8977351553178496e+03,  1.8025312871509416e+02, -1.4963949256139225e+04,  9.9468308732042949e+00,  2.5230057995320805e+00,  4.2196684997579528e+00, -7.0211304895301349e-02, -1.6478777216262666e+00,  8.4798270238006901e-01,  2.7328816364904313e-01,  4.7090207890692105e-03, -4.5718456303154832e-04, -5.4669027511629602e-02,  0.0000000000000000e+00, -3.5056800200551446e-04,  3.0827974340308199e-04,  6.6822155531345937e-03,  0.0000000000000000e+00
 9.3006993006993000e+00,  6.3538679287758941e+02,  2.8961120830770399e+00,  3.2658617504487758e+01, -2.3249431229159789e-02,  8.9052741238382999e-02,  4.9875351869564710e-01,  5.9040756800366798e+03,  1.8069329185231669e+02, -1.4963902638323831e+04,  9.9468216288496052e+00,  2.5230213994473707e+00,  4.2247347582278865e+00, -7.0164279223971199e-02, -1.6478822735214131e+00,  8.4743689169264080e-01,  2.7328816364904313e-01,  4.7055204124405014e-03, -4.5411364319600218e-04, -5.4602515242951767e-02,  0.0000000000000000e+00, -3.5020739906200496e-04,  3.0651840767325793e-04,  6.6335406361676596e-03,  0.0000000000000000e+00
 9.3106893106893107e+00,  6.3538881952671829e+02,  2.8943289529176535e+00,  3.2658424290482678e+01, -2.3248954402616675e-02,  8.9053707702890006e-02,  4.9874944249717862e-01,  5.9104161870442131e+03,  1.8113399998932633e+02, -1.4963856028099051e+04,  9.9468123889320061e+00,  2.5230370167380585e+00,  4.2298009782935013e+00, -7.0117288503444397e-02, -1.6478867948259308e+00,  8.4689174303455550e-01,  2.7328816364904313e-01,  4.7020238043465855e-03, -4.5106029370576130e-04, -5.4536489895779715e-02,  0.0000000000000000e+00, -3.4981354125635417e-04,  3.0476216026489265e-04,  6.5847338667056037e-03,  0.0000000000000000e+00
 9.3206793206793215e+00,  6.3539084567506518e+02,  2.8925471402740306e+00,  3.2658230631242823e+01, -2.3248474810371664e-02,  8.9054670528029414e-02,  4.9874536472979081e-01,  5.9167566762878587e+03,  1.8157525313548032e+02, -1.4963809425468722e+04,  9.9468031534803973e+00,  2.5230526513722968e+00,  4.2348671599268473e+00, -7.0070332694413817e-02, -1.6478912857150936e+00,  8.4634725153488288e-01,  2.7328816364904313e-01,  4.6985312936120797e-03, -4.4802446305064990e-04, -5.4470952722378292e-02,  0.0000000000000000e+00, -3.4938710787522096e-04,  3.0301113689638762e-04,  6.5358082492290893e-03,  0.0000000000000000e+00
 9.3306693306693305e+00,  6.3539287132247523e+02,  2.8907666443802693e+00,  3.2658036530362061e+01, -2.3247992647469566e-02,  8.9055629604837525e-02,  4.9874128666733575e-01,  5.9230971477150251e+03,  1.8201705130011476e+02, -1.4963762830436641e+04,  9.9467939225222590e+00,  2.5230683033149308e+00,  4.2399333031124451e+00, -7.0023411754321280e-02, -1.6478957463636541e+00,  8.4580341231083167e-01,  2.7328816364904313e-01,  4.6950432023028857e-03, -4.4500609841999179e-04, -5.4405904846107495e-02,  0.0000000000000000e+00, -3.4892877222550124e-04,  3.0126546216137340e-04,  6.4867765801846179e-03,  0.0000000000000000e+00
 9.3406593406593412e+00,  6.3539489646879701e+02,  2.8889874643330802e+00,  3.2657841991394250e+01, -2.3247508105938685e-02,  8.9056584826622182e-02,  4.9873720956031414e-01,  5.9294376012731218e+03,  1.8245939449254476e+02, -1.4963716243006567e+04,  9.9467846960836681e+00,  2.5230839725275702e+00,  4.2449994078470654e+00, -6.9976525637424750e-02, -1.6479001769458312e+00,  8.4526022046902660e-01,  2.7328816364904313e-01,  4.6915598457796777e-03, -4.4200514575857788e-04, -5.4341347263538037e-02,  0.0000000000000000e+00, -3.4843920372078387e-04,  2.9952526065369717e-04,  6.4376514502211268e-03,  0.0000000000000000e+00
 9.3506493506493502e+00,  6.3539692111388229e+02,  2.8872095990944397e+00,  3.2657647017853819e+01, -2.3247021374803879e-02,  8.9057536088948661e-02,  4.9873313463602847e-01,  5.9357780369095526e+03,  1.8290228272206411e+02, -1.4963669663182225e+04,  9.9467754741893391e+00,  2.5230996589686412e+00,  4.2500654741394897e+00, -6.9929674294865143e-02, -1.6479045776352976e+00,  8.4471767110676499e-01,  2.7328816364904313e-01,  4.6880815327479102e-03, -4.3902154973312577e-04, -5.4277280846621985e-02,  0.0000000000000000e+00, -3.4791906523898341e-04,  2.9779066364181954e-04,  6.3884452163730206e-03,  0.0000000000000000e+00
 9.3606393606393610e+00,  6.3539894525758598e+02,  2.8854330474942214e+00,  3.2657451613216324e+01, -2.3246532640100077e-02,  8.9058483289625151e-02,  4.9872906309873760e-01,  5.9421184545717242e+03,  1.8334571599794600e+02, -1.4963623090967298e+04,  9.9467662568626132e+00,  2.5231153625934550e+00,  4.2551315020103049e+00, -6.9882857674732485e-02, -1.6479089486051666e+00,  8.4417575931324995e-01,  2.7328816364904313e-01,  4.6846085653151929e-03, -4.3605525383233988e-04, -5.4213706344748015e-02,  0.0000000000000000e+00, -3.4736901479106951e-04,  2.9606177569553105e-04,  6.3391700587960165e-03,  0.0000000000000000e+00
 9.3706293706293700e+00,  6.3540096889976633e+02,  2.8836578082328090e+00,  3.2657255780919002e+01, -2.3246042084886190e-02,  8.9059426328688046e-02,  4.9872499612981475e-01,  5.9484588542070378e+03,  1.8378969432944237e+02, -1.4963576526365434e+04,  9.9467570441254995e+00,  2.5231310833542695e+00,  4.2601974914916649e+00, -6.9836075722131574e-02, -1.6479132900279816e+00,  8.4363448017080600e-01,  2.7328816364904313e-01,  4.6811412390440751e-03, -4.3310620035579787e-04, -5.4150624386819612e-02,  0.0000000000000000e+00, -3.4678970468673324e-04,  2.9433873030818144e-04,  6.2898379184702447e-03,  0.0000000000000000e+00
 9.3806193806193807e+00,  6.3540299204028452e+02,  2.8818838798836914e+00,  3.2657059524361301e+01, -2.3245549889259379e-02,  8.9060365108387232e-02,  4.9872093488790642e-01,  5.9547992357628964e+03,  1.8423421772578470e+02, -1.4963529969380244e+04,  9.9467478359986945e+00,  2.5231468212003461e+00,  4.2652634426270808e+00, -6.9789328379247090e-02, -1.6479176020757031e+00,  8.4309382875607075e-01,  2.7328816364904313e-01,  4.6776798430071993e-03, -4.3017433038057280e-04, -5.4088035483334004e-02,  0.0000000000000000e+00, -3.4618178181243693e-04,  2.9262163872417676e-04,  6.2404605583835943e-03,  0.0000000000000000e+00
 9.3906093906093915e+00,  6.3540501467900481e+02,  2.8801112608960362e+00,  3.2656862846905454e+01, -2.3245056230369768e-02,  8.9061299533170962e-02,  4.9871688050909435e-01,  5.9611395991866993e+03,  1.8467928619618357e+02, -1.4963483420015305e+04,  9.9467386325015852e+00,  2.5231625760780152e+00,  4.2703293554711950e+00, -6.9742615585408146e-02, -1.6479218849196975e+00,  8.4255380014116887e-01,  2.7328816364904313e-01,  4.6742246598421690e-03, -4.2725958386144398e-04, -5.4025940028439967e-02,  0.0000000000000000e+00, -3.4554588790983273e-04,  2.9091061441302032e-04,  6.1910495123648083e-03,  0.0000000000000000e+00
 9.4005994005994005e+00,  6.3540703681579464e+02,  2.8783399495972444e+00,  3.2656665751876986e+01, -2.3244561282435537e-02,  8.9062229509670174e-02,  4.9871283410705863e-01,  5.9674799444258433e+03,  1.8512489974982887e+02, -1.4963436878274155e+04,  9.9467294336522833e+00,  2.5231783479307350e+00,  4.2753952300895648e+00, -6.9695937277152342e-02, -1.6479261387307254e+00,  8.4201438939486317e-01,  2.7328816364904313e-01,  4.6707759658071229e-03, -4.2436189969719478e-04, -5.3964338302017897e-02,  0.0000000000000000e+00, -3.4488265790648062e-04,  2.8920575526967922e-04,  6.1416161173332836e-03,  0.0000000000000000e+00
 9.4105894105894112e+00,  6.3540905845052430e+02,  2.8765699441954844e+00,  3.2656468242565253e+01, -2.3244065216758304e-02,  8.9063154946683251e-02,  4.9870879677324359e-01,  5.9738202714277277e+03,  1.8557105839589022e+02, -1.4963390344160296e+04,  9.9467202394676413e+00,  2.5231941366991513e+00,  4.2804610665584502e+00, -6.9649293388289124e-02, -1.6479303636789322e+00,  8.4147559158368601e-01,  2.7328816364904313e-01,  4.6673340308390704e-03, -4.2148121564208820e-04, -5.3903230471656113e-02,  0.0000000000000000e+00, -3.4419272269757502e-04,  2.8750719256266600e-04,  6.0921715210972734e-03,  0.0000000000000000e+00
 9.4205794205794202e+00,  6.3541107958306702e+02,  2.8748012427822087e+00,  3.2656270322223975e+01, -2.3243568201738934e-02,  8.9064075755159774e-02,  4.9870476957702481e-01,  5.9801605801397454e+03,  1.8601776214351645e+02, -1.4963343817677194e+04,  9.9467110499632749e+00,  2.5232099423211580e+00,  4.2855268649645941e+00, -6.9602683849962751e-02, -1.6479345599338351e+00,  8.4093740177305187e-01,  2.7328816364904313e-01,  4.6638991186073826e-03, -4.1861746839458243e-04, -5.3842616594721622e-02,  0.0000000000000000e+00, -3.4347670608641476e-04,  2.8581500638799048e-04,  6.0427266411878953e-03,  0.0000000000000000e+00
 9.4305694305694310e+00,  6.3541310021329912e+02,  2.8730338433346447e+00,  3.2656071994071731e+01, -2.3243070402893692e-02,  8.9064991848184893e-02,  4.9870075356587817e-01,  5.9865008705092923e+03,  1.8646501100183636e+02, -1.4963297298828282e+04,  9.9467018651535710e+00,  2.5232257647319543e+00,  4.2905926254050151e+00, -6.9556108590714552e-02, -1.6479387276643147e+00,  8.4039981502834693e-01,  2.7328816364904313e-01,  4.6604714865697691e-03, -4.1577059367516251e-04, -5.3782496620387601e-02,  0.0000000000000000e+00, -3.4273522784368689e-04,  2.8412931243988911e-04,  5.9932922204824664e-03,  0.0000000000000000e+00
 9.4405594405594400e+00,  6.3541512034109962e+02,  2.8712677437182719e+00,  3.2655873261292498e+01, -2.3242571982870688e-02,  8.9065903140962827e-02,  4.9869674976555073e-01,  5.9928411424837595e+03,  1.8691280497995811e+02, -1.4963250787616955e+04,  9.9466926850517208e+00,  2.5232416038641050e+00,  4.2956583479867891e+00, -6.9509567536544775e-02, -1.6479428670386038e+00,  8.3986282641600118e-01,  2.7328816364904313e-01,  4.6570513860341028e-03, -4.1294052611520673e-04, -5.3722870391550437e-02,  0.0000000000000000e+00, -3.4196889939674420e-04,  2.8245021306326328e-04,  5.9438787927187237e-03,  0.0000000000000000e+00
 9.4505494505494507e+00,  6.3541713996635053e+02,  2.8695029416892708e+00,  3.2655674127036129e+01, -2.3242073101466681e-02,  8.9066809550800582e-02,  4.9869275918023320e-01,  5.9991813960105401e+03,  1.8736114408697003e+02, -1.4963204284046575e+04,  9.9466835096697270e+00,  2.5232574596476014e+00,  4.3007240328268459e+00, -6.9463060610973612e-02, -1.6479469782242770e+00,  8.3932643100453974e-01,  2.7328816364904313e-01,  4.6536390622118964e-03, -4.1012719937923359e-04, -5.3663737646891217e-02,  0.0000000000000000e+00, -3.4117832980899476e-04,  2.8077779947856859e-04,  5.8944966880570453e-03,  0.0000000000000000e+00
 9.4605394605394597e+00,  6.3541915908893657e+02,  2.8677394348969591e+00,  3.2655474594418877e+01, -2.3241573915644215e-02,  8.9067710997091376e-02,  4.9868878279273354e-01,  6.0055216310370206e+03,  1.8781002833193995e+02, -1.4963157788120468e+04,  9.9466743390184398e+00,  2.5232733320099108e+00,  4.3057896800517588e+00, -6.9416587735101981e-02, -1.6479510613882418e+00,  8.3879062386561376e-01,  2.7328816364904313e-01,  4.6502347542766512e-03, -4.0733054620935489e-04, -5.3605098022809487e-02,  0.0000000000000000e+00, -3.4036411882712323e-04,  2.7911216513114994e-04,  5.8451560531044538e-03,  0.0000000000000000e+00
 9.4705294705294705e+00,  6.3542117770874518e+02,  2.8659772208861996e+00,  3.2655274666523866e+01, -2.3241074579548986e-02,  8.9068607401297670e-02,  4.9868482156465288e-01,  6.0118618475105914e+03,  1.8825945772391600e+02, -1.4963111299841927e+04,  9.9466651731075455e+00,  2.5232892208760429e+00,  4.3108552897975416e+00, -6.9370148827671382e-02, -1.6479551166967288e+00,  8.3825540007501309e-01,  2.7328816364904313e-01,  4.6468386954224821e-03, -4.0455049836967332e-04, -5.3546951055368879e-02,  0.0000000000000000e+00, -3.3952686369475362e-04,  2.7745341236585938e-04,  5.7958668275522492e-03,  0.0000000000000000e+00
 9.4805194805194812e+00,  6.3542319582566665e+02,  2.8642162970997913e+00,  3.2655074346401598e+01, -2.3240575244527637e-02,  8.9069498686934298e-02,  4.9868087643656211e-01,  6.0182020453786390e+03,  1.8870943227192615e+02, -1.4963064819214209e+04,  9.9466560119456169e+00,  2.5233051261686041e+00,  4.3159208622094400e+00, -6.9323743805123503e-02, -1.6479591443152821e+00,  8.3772075471365826e-01,  2.7328816364904313e-01,  4.6434511129203613e-03, -4.0178698672425542e-04, -5.3489296182293491e-02,  0.0000000000000000e+00, -3.3866715331241703e-04,  2.7580161905396558e-04,  5.7466387630927176e-03,  0.0000000000000000e+00
 9.4905094905094902e+00,  6.3542521343959390e+02,  2.8624566608808388e+00,  3.2654873637070423e+01, -2.3240076059145701e-02,  8.9070384779551329e-02,  4.9867694832818044e-01,  6.0245422245885466e+03,  1.8915995198497842e+02, -1.4963018346240537e+04,  9.9466468555401217e+00,  2.5233210478078463e+00,  4.3209863974417235e+00, -6.9277372581658989e-02, -1.6479631444087512e+00,  8.3718668286857367e-01,  2.7328816364904313e-01,  4.6400722281799735e-03, -3.9903994125899865e-04, -5.3432132744842931e-02,  0.0000000000000000e+00, -3.3778557171333732e-04,  2.7415688309044366e-04,  5.6974814145092749e-03,  0.0000000000000000e+00
 9.5004995004995010e+00,  6.3542723055042256e+02,  2.8606983094750973e+00,  3.2654672541517030e+01, -2.3239577169205917e-02,  8.9071265606716729e-02,  4.9867303813855463e-01,  6.0308823850876997e+03,  1.8961101687206136e+02, -1.4962971880924100e+04,  9.9466377038974354e+00,  2.5233369857117349e+00,  4.3260518956575025e+00, -6.9231035069295732e-02, -1.6479671171412813e+00,  8.3665317963384123e-01,  2.7328816364904313e-01,  4.6367022568066319e-03, -3.9630929108199116e-04, -5.3375459989738062e-02,  0.0000000000000000e+00, -3.3688269722970143e-04,  2.7251928234646363e-04,  5.6484041574858786e-03,  0.0000000000000000e+00
 9.5104895104895100e+00,  6.3542924715805077e+02,  2.8589412400333014e+00,  3.2654471062696892e+01, -2.3239078717766794e-02,  8.9072141097999172e-02,  4.9866914674624019e-01,  6.0372225268234797e+03,  1.9006262694214345e+02, -1.4962925423268056e+04,  9.9466285570228585e+00,  2.5233529397959971e+00,  4.3311173570285106e+00, -6.9184731177926589e-02, -1.6479710626763053e+00,  8.3612024011153596e-01,  2.7328816364904313e-01,  4.6333414086589505e-03, -3.9359496444555845e-04, -5.3319277071076462e-02,  0.0000000000000000e+00, -3.3595910193613498e-04,  2.7088891026737027e-04,  5.5994161585658743e-03,  0.0000000000000000e+00
 9.5204795204795207e+00,  6.3543126326237939e+02,  2.8571854496134663e+00,  3.2654269203534753e+01, -2.3238580845161415e-02,  8.9073011184949979e-02,  4.9866527500948304e-01,  6.0435626497432686e+03,  1.9051478220417391e+02, -1.4962878973275527e+04,  9.9466194149206490e+00,  2.5233689099741770e+00,  4.3361827817349177e+00, -6.9138460815376473e-02, -1.6479749811765350e+00,  8.3558785941264091e-01,  2.7328816364904313e-01,  4.6299898879069061e-03, -3.9089688881297944e-04, -5.3263583052215367e-02,  0.0000000000000000e+00, -3.3501535262315195e-04,  2.6926583137494922e-04,  5.5505264174259229e-03,  0.0000000000000000e+00
 9.5304695304695297e+00,  6.3543327886331178e+02,  2.8554309351831724e+00,  3.2654066966925079e+01, -2.3238083689016524e-02,  8.9073875801085944e-02,  4.9866142376640282e-01,  6.0499027537944448e+03,  1.9096748266708204e+02, -1.4962832530949601e+04,  9.9466102775940204e+00,  2.5233848961576921e+00,  4.3412481699651249e+00, -6.9092223887458920e-02, -1.6479788728039539e+00,  8.3505603265794526e-01,  2.7328816364904313e-01,  4.6266478930957399e-03, -3.8821499086959987e-04, -5.3208376907638674e-02,  0.0000000000000000e+00, -3.3405200857226550e-04,  2.6765013688965621e-04,  5.5017437268279918e-03,  0.0000000000000000e+00
 9.5404595404595405e+00,  6.3543529396075382e+02,  2.8536776936218233e+00,  3.2653864355732516e+01, -2.3237587384271827e-02,  8.9074734881870926e-02,  4.9865759383517722e-01,  6.0562428389243878e+03,  1.9142072833977807e+02, -1.4962786096293337e+04,  9.9466011450451877e+00,  2.5234008982558844e+00,  4.3463135219155866e+00, -6.9046020298031904e-02, -1.6479827377198091e+00,  8.3452475497892187e-01,  2.7328816364904313e-01,  4.6233156172031976e-03, -3.8554919645611771e-04, -5.3153657524774835e-02,  0.0000000000000000e+00, -3.3306962503231775e-04,  2.6604190468256460e-04,  5.4530767215659470e-03,  0.0000000000000000e+00
 9.5504495504495512e+00,  6.3543730855461376e+02,  2.8519257217228873e+00,  3.2653661372792328e+01, -2.3237092063199554e-02,  8.9075588364698449e-02,  4.9865378601422694e-01,  6.0625829050804732e+03,  1.9187451923115253e+02, -1.4962739669309758e+04,  9.9465920172753481e+00,  2.5234169161760773e+00,  4.3513788377906000e+00, -6.8999849949053255e-02, -1.6479865760846024e+00,  8.3399402151858903e-01,  2.7328816364904313e-01,  4.6199932476957617e-03, -3.8289943073545497e-04, -5.3099423705909726e-02,  0.0000000000000000e+00, -3.3206875043866469e-04,  2.6444119260093441e-04,  5.4045338161735085e-03,  0.0000000000000000e+00
 9.5604395604395602e+00,  6.3543932264480259e+02,  2.8501750161961112e+00,  3.2653458020910847e+01, -2.3236597855424233e-02,  8.9076436188872940e-02,  4.9865000108240187e-01,  6.0689229522100759e+03,  1.9232885535007674e+02, -1.4962693250001854e+04,  9.9465828942847363e+00,  2.5234329498236261e+00,  4.3564441178021216e+00, -6.8953712740635387e-02, -1.6479903880580855e+00,  8.3346382743235026e-01,  2.7328816364904313e-01,  4.6166809665905244e-03, -3.8026561812573464e-04, -5.3045674169995345e-02,  0.0000000000000000e+00, -3.3104992682975084e-04,  2.6284809186507939e-04,  5.3561232738861134e-03,  0.0000000000000000e+00
 9.5704295704295710e+00,  6.3544133623123332e+02,  2.8484255736697155e+00,  3.2653254302865911e+01, -2.3236104887942675e-02,  8.9077278295592227e-02,  4.9864623979916822e-01,  6.0752629802605716e+03,  1.9278373670540302e+02, -1.4962646838372584e+04,  9.9465737760726167e+00,  2.5234489991019715e+00,  4.3615093621695893e+00, -6.8907608571099399e-02, -1.6479941737992503e+00,  8.3293416788881891e-01,  2.7328816364904313e-01,  4.6133789505162590e-03, -3.7764768230062355e-04, -5.2992407554397374e-02,  0.0000000000000000e+00, -3.3001369123825678e-04,  2.6126266032216512e-04,  5.3078531688275001e-03,  0.0000000000000000e+00
 9.5804195804195800e+00,  6.3544334931382173e+02,  2.8466773906925678e+00,  3.2653050221407291e+01, -2.3235613285144216e-02,  8.9078114627928709e-02,  4.9864250290479617e-01,  6.0816029891793305e+03,  1.9323916330596421e+02, -1.4962600434424876e+04,  9.9465646626373161e+00,  2.5234650639126905e+00,  4.3665745711197168e+00, -6.8861537337028669e-02, -1.6479979334663233e+00,  8.3240503807062405e-01,  2.7328816364904313e-01,  4.6100873707724819e-03, -3.7504554632252098e-04, -5.2939622416749738e-02,  0.0000000000000000e+00, -3.2896057346591418e-04,  2.5968496249397725e-04,  5.2597313882297471e-03,  0.0000000000000000e+00
 9.5904095904095907e+00,  6.3544536189248572e+02,  2.8449304637363304e+00,  3.2652845779257113e+01, -2.3235123168831060e-02,  8.9078945130811063e-02,  4.9863879112054854e-01,  6.0879429789137266e+03,  1.9369513516057447e+02, -1.4962554038161625e+04,  9.9465555539762267e+00,  2.5234811441555496e+00,  4.3716397448863251e+00, -6.8815498933321728e-02, -1.6480016672167592e+00,  8.3187643317519755e-01,  2.7328816364904313e-01,  4.6068063933868237e-03, -3.7245913255368624e-04, -5.2887317236726322e-02,  0.0000000000000000e+00, -3.2789109914278748e-04,  2.5811507402674730e-04,  5.2117656524582456e-03,  0.0000000000000000e+00
 9.6003996003995997e+00,  6.3544737396714550e+02,  2.8431847891975899e+00,  3.2652640979110295e+01, -2.3234634658238940e-02,  8.9079769751005858e-02,  4.9863510514887038e-01,  6.0942829494111274e+03,  1.9415165227802862e+02, -1.4962507649585694e+04,  9.9465464500858491e+00,  2.5234972397285529e+00,  4.3767048837101470e+00, -6.8769493253244718e-02, -1.6480053752072334e+00,  8.3134834841554461e-01,  2.7328816364904313e-01,  4.6035361791789305e-03, -3.6988836270069198e-04, -5.2835490417791342e-02,  0.0000000000000000e+00, -3.2680578527749564e-04,  2.5655305054270427e-04,  5.1639634983250320e-03,  0.0000000000000000e+00
 9.6103896103896105e+00,  6.3544938553772374e+02,  2.8414403633999603e+00,  3.2652435823634939e+01, -2.3234147870057863e-02,  8.9080588437098707e-02,  4.9863144567357859e-01,  6.1006229006189042e+03,  1.9460871466710299e+02, -1.4962461268699913e+04,  9.9465373509617780e+00,  2.5235133505279950e+00,  4.3817699878386556e+00, -6.8723520188482989e-02, -1.6480090575936364e+00,  8.3082077902099594e-01,  2.7328816364904313e-01,  4.6002768838177025e-03, -3.6733315791441171e-04, -5.2784140288978328e-02,  0.0000000000000000e+00, -3.2570514595843276e-04,  2.5499894766403187e-04,  5.1163322890998763e-03,  0.0000000000000000e+00
 9.6203796203796212e+00,  6.3545139660414520e+02,  2.8396971825961685e+00,  3.2652230315472757e+01, -2.3233662918453094e-02,  8.9081401139475991e-02,  4.9862781336005269e-01,  6.1069628324844225e+03,  1.9506632233655480e+02, -1.4962414895507085e+04,  9.9465282565987323e+00,  2.5235294764485094e+00,  4.3868350575258779e+00, -6.8677579629192409e-02, -1.6480127145310679e+00,  8.3029372023794257e-01,  2.7328816364904313e-01,  4.5970286578809923e-03, -3.6479343872350281e-04, -5.2733265106586158e-02,  0.0000000000000000e+00, -3.2458968665277898e-04,  2.5345283436243015e-04,  5.0688792267517251e-03,  0.0000000000000000e+00
 9.6303696303696302e+00,  6.3545340716633700e+02,  2.8379552429701120e+00,  3.2652024457239463e+01, -2.3233179915086281e-02,  8.9082207810305666e-02,  4.9862420885542591e-01,  6.1133027449550464e+03,  1.9552447529512261e+02, -1.4962368530009977e+04,  9.9465191669905924e+00,  2.5235456173831210e+00,  4.3919000930322207e+00, -6.8631671464049804e-02, -1.6480163461738306e+00,  8.2976716733055467e-01,  2.7328816364904313e-01,  4.5937916469181942e-03, -3.6226912503408017e-04, -5.2682863055899129e-02,  0.0000000000000000e+00, -3.2345990809947757e-04,  2.5191476625999220e-04,  5.0216113207911528e-03,  0.0000000000000000e+00
 9.6403596403596410e+00,  6.3545541722422831e+02,  2.8362145406388972e+00,  3.2651818251525185e+01, -2.3232698969136753e-02,  8.9083008403518738e-02,  4.9862063278877689e-01,  6.1196426379781433e+03,  1.9598317355152653e+02, -1.4962322172211329e+04,  9.9465100821303842e+00,  2.5235617732232880e+00,  4.3969650946242975e+00, -6.8585795580302936e-02, -1.6480199526754242e+00,  8.2924111558148106e-01,  2.7328816364904313e-01,  4.5905659915078155e-03, -3.5976013625228927e-04, -5.2632932252923141e-02,  0.0000000000000000e+00, -3.2231630505831374e-04,  2.5038478785454650e-04,  4.9745354350021346e-03,  0.0000000000000000e+00
 9.6503496503496500e+00,  6.3545742677775058e+02,  2.8344750716548552e+00,  3.2651611700894854e+01, -2.3232220187322954e-02,  8.9083802874790161e-02,  4.9861708577132180e-01,  6.1259825115010744e+03,  1.9644241711446779e+02, -1.4962275822113847e+04,  9.9465010020103151e+00,  2.5235779438589581e+00,  4.4020300625747453e+00, -6.8539951863819878e-02, -1.6480235341885410e+00,  8.2871556029253424e-01,  2.7328816364904313e-01,  4.5873518273186415e-03, -3.5726639123968975e-04, -5.2583470746023646e-02,  0.0000000000000000e+00, -3.2115936561434740e-04,  2.4886296366787876e-04,  4.9276582462770436e-03,  0.0000000000000000e+00
 9.6603396603396607e+00,  6.3545943582683731e+02,  2.8327368320075337e+00,  3.2651404807888575e+01, -2.3231743673924051e-02,  8.9084591181520179e-02,  4.9861356839660675e-01,  6.1323223654712037e+03,  1.9690220599262949e+02, -1.4962229479720208e+04,  9.9464919266217890e+00,  2.5235941291786119e+00,  4.4070949971620630e+00, -6.8494140199137729e-02, -1.6480270908650594e+00,  8.2819049678535672e-01,  2.7328816364904313e-01,  4.5841492851657079e-03, -3.5478780835774128e-04, -5.2534476517647366e-02,  0.0000000000000000e+00, -3.1998957340286009e-04,  2.4734932929821560e-04,  4.8809862746535693e-03,  0.0000000000000000e+00
 9.6703296703296697e+00,  6.3546144437142414e+02,  2.8309998176256674e+00,  3.2651197575022046e+01, -2.3231269530801676e-02,  8.9085373282814809e-02,  4.9861008124070083e-01,  6.1386621998358896e+03,  1.9736254019467600e+02, -1.4962183145033059e+04,  9.9464828559554199e+00,  2.5236103290693102e+00,  4.4121598986704331e+00, -6.8448360469510874e-02, -1.6480306228560406e+00,  8.2766592040207176e-01,  2.7328816364904313e-01,  4.5809584910790685e-03, -3.5232430546780345e-04, -5.2485947485944852e-02,  0.0000000000000000e+00, -3.1880740274241000e-04,  2.4584394926734272e-04,  4.8345258721902689e-03,  0.0000000000000000e+00
 9.6803196803196805e+00,  6.3546345241144888e+02,  2.8292640243791247e+00,  3.2650990004786898e+01, -2.3230797857421760e-02,  8.9086149139467316e-02,  4.9860662486238894e-01,  6.1450020145424942e+03,  1.9782341972925369e+02, -1.4962136818055018e+04,  9.9464737900010487e+00,  2.5236265434167424e+00,  4.4172247673895635e+00, -6.8402612556958328e-02, -1.6480341303117221e+00,  8.2714182650591728e-01,  2.7328816364904313e-01,  4.5777795663579680e-03, -3.4987579996447599e-04, -5.2437881506392996e-02,  0.0000000000000000e+00, -3.1761332642194401e-04,  2.4434685249881920e-04,  4.7882832340910121e-03,  0.0000000000000000e+00
 9.6903096903096895e+00,  6.3546545994685118e+02,  2.8275294480808331e+00,  3.2650782099651096e+01, -2.3230328750876557e-02,  8.9086918713938854e-02,  4.9860319980336548e-01,  6.1513418095383722e+03,  1.9828484460499033e+02, -1.4962090498788670e+04,  9.9464647287477597e+00,  2.5236427721052723e+00,  4.4222896036145078e+00, -6.8356896342310916e-02, -1.6480376133815144e+00,  8.2661821048186412e-01,  2.7328816364904313e-01,  4.5746126276284957e-03, -3.4744220876448535e-04, -5.2390276373439841e-02,  0.0000000000000000e+00, -3.1640780721840773e-04,  2.4285810573931985e-04,  4.7422643831307610e-03,  0.0000000000000000e+00
 9.7002997002997002e+00,  6.3546746697757294e+02,  2.8257960844886796e+00,  3.2650573862059282e+01, -2.3229862305906727e-02,  8.9087681970339311e-02,  4.9859980658842784e-01,  6.1576815847708831e+03,  1.9874681483049591e+02, -1.4962044187236572e+04,  9.9464556721838981e+00,  2.5236590150179823e+00,  4.4273544076455122e+00, -6.8311211705257460e-02, -1.6480410722139951e+00,  8.2609506773721719e-01,  2.7328816364904313e-01,  4.5714577869063857e-03, -3.4502344837333387e-04, -5.2343129822116891e-02,  0.0000000000000000e+00, -3.1519130526663498e-04,  2.4137772456302598e-04,  4.6964751907911792e-03,  0.0000000000000000e+00
 9.7102897102897110e+00,  6.3546947350355788e+02,  2.8240639293073921e+00,  3.2650365294433165e+01, -2.3229398614923586e-02,  8.9088438874408191e-02,  4.9859644572567036e-01,  6.1640213401873816e+03,  1.9920933041436206e+02, -1.4961997883401251e+04,  9.9464466202970883e+00,  2.5236752720367197e+00,  4.4324191797878481e+00, -6.8265558524390701e-02, -1.6480445069569065e+00,  8.2557239370220137e-01,  2.7328816364904313e-01,  4.5683151516573922e-03, -3.4261943490768008e-04, -5.2296439529584925e-02,  0.0000000000000000e+00, -3.1396427166307134e-04,  2.3990577126696281e-04,  4.6509213750399155e-03,  0.0000000000000000e+00
 9.7202797202797200e+00,  6.3547147952475166e+02,  2.8223329781903956e+00,  3.2650156399171848e+01, -2.3228937768031397e-02,  8.9089189393495416e-02,  4.9859311770667802e-01,  6.1703610757352208e+03,  1.9967239136516241e+02, -1.4961951587285206e+04,  9.9464375730742418e+00,  2.5236915430421445e+00,  4.4374839203516467e+00, -6.8219936677252319e-02, -1.6480479177571501e+00,  8.2505018383053219e-01,  2.7328816364904313e-01,  4.5651848248564365e-03, -3.4023008406169181e-04, -5.2250203116759993e-02,  0.0000000000000000e+00, -3.1272715388838142e-04,  2.3844226809989320e-04,  4.6056084725111454e-03,  0.0000000000000000e+00
 9.7302697302697307e+00,  6.3547348504110209e+02,  2.8206032267416439e+00,  3.2649947178652212e+01, -2.3228479853049808e-02,  8.9089933496542165e-02,  4.9858982300672028e-01,  6.1767007913617554e+03,  2.0013599769145296e+02, -1.4961905298890904e+04,  9.9464285305015814e+00,  2.5237078279137664e+00,  4.4425486296517542e+00, -6.8174346040377587e-02, -1.6480513047607839e+00,  8.2452843359996841e-01,  2.7328816364904313e-01,  4.5620669050451474e-03, -3.3785531114069293e-04, -5.2204418149843612e-02,  0.0000000000000000e+00, -3.1148039233161966e-04,  2.3698727068408916e-04,  4.5605419041481457e-03,  0.0000000000000000e+00
 9.7402597402597397e+00,  6.3547549005255860e+02,  2.8188746705174346e+00,  3.2649737635229243e+01, -2.3228024955536348e-02,  8.9090671154061551e-02,  4.9858656208494567e-01,  6.1830404870143348e+03,  2.0060014940177143e+02, -1.4961859018220786e+04,  9.9464194925646510e+00,  2.5237241265299950e+00,  4.4476133080075577e+00, -6.8128786489339330e-02, -1.6480546681130170e+00,  8.2400713851285301e-01,  2.7328816364904313e-01,  4.5589614863930442e-03, -3.3549503109434997e-04, -5.2159082141844233e-02,  0.0000000000000000e+00, -3.1022442181956171e-04,  2.3554079459377480e-04,  4.5157268973280039e-03,  0.0000000000000000e+00
 9.7502497502497505e+00,  6.3547749455907274e+02,  2.8171473050281945e+00,  3.2649527771236386e+01, -2.3227573158809040e-02,  8.9091402338119338e-02,  4.9858333538457505e-01,  6.1893801626403119e+03,  2.0106484650463821e+02, -1.4961812745277262e+04,  9.9464104592483409e+00,  2.5237404387681792e+00,  4.4526779557428426e+00, -6.8083257898791313e-02, -1.6480580079582083e+00,  8.2348629409663487e-01,  2.7328816364904313e-01,  4.5558686587569746e-03, -3.3314915859449624e-04, -5.2114192554121086e-02,  0.0000000000000000e+00, -3.0895967092148225e-04,  2.3410287987695499e-04,  4.4711685648460113e-03,  0.0000000000000000e+00
 9.7602397602397595e+00,  6.3547949856059768e+02,  2.8154211257402486e+00,  3.2649317588985859e+01, -2.3227124543969056e-02,  8.9092127022314518e-02,  4.9858014333309597e-01,  6.1957198181870335e+03,  2.0153008900855562e+02, -1.4961766480062714e+04,  9.9464014305368895e+00,  2.5237567645046508e+00,  4.4577425731856311e+00, -6.8037760142511020e-02, -1.6480613244398621e+00,  8.2296589590437907e-01,  2.7328816364904313e-01,  4.5527885077387724e-03, -3.3081760792399827e-04, -5.2069746797873386e-02,  0.0000000000000000e+00, -3.0768656292254440e-04,  2.3267356435674555e-04,  4.4268718359441080e-03,  0.0000000000000000e+00
 9.7702297702297702e+00,  6.3548150205708862e+02,  2.8136961280775612e+00,  3.2649107090769022e+01, -2.3226679189923480e-02,  8.9092845181760430e-02,  4.9857698634245634e-01,  6.2020594536018498e+03,  2.0199587692200868e+02, -1.4961720222579494e+04,  9.9463924064139047e+00,  2.5237731036147681e+00,  4.4628071606680368e+00, -6.7992293093441888e-02, -1.6480646177006244e+00,  8.2244593951525879e-01,  2.7328816364904313e-01,  4.5497211147424990e-03, -3.2850029312120013e-04, -5.2025742235658208e-02,  0.0000000000000000e+00, -3.0640551485035597e-04,  2.3125285915755113e-04,  4.3828415186069926e-03,  0.0000000000000000e+00
 9.7802197802197810e+00,  6.3548350504850248e+02,  2.8119723074234590e+00,  3.2648896278856675e+01, -2.3226237173408090e-02,  8.9093556793065284e-02,  4.9857386480925830e-01,  6.2083990688321064e+03,  2.0246221025346466e+02, -1.4961673972829927e+04,  9.9463833868623830e+00,  2.5237894559729539e+00,  4.4678717185261165e+00, -6.7946856623734939e-02, -1.6480678878822821e+00,  8.2192642053503517e-01,  2.7328816364904313e-01,  4.5466665570417578e-03, -3.2619712792450288e-04, -5.1982176182841719e-02,  0.0000000000000000e+00, -3.0511693691901944e-04,  2.2984081322705664e-04,  4.3390822561806828e-03,  0.0000000000000000e+00
 9.7902097902097900e+00,  6.3548550753479799e+02,  2.8102496591223294e+00,  3.2648685155499408e+01, -2.3225798569010251e-02,  8.9094261834312807e-02,  4.9857077911495162e-01,  6.2147386638251483e+03,  2.0292908901137335e+02, -1.4961627730816310e+04,  9.9463743718647208e+00,  2.5238058214527412e+00,  4.4729362470997094e+00, -6.7901450604789707e-02, -1.6480711351257578e+00,  8.2140733459652071e-01,  2.7328816364904313e-01,  4.5436249078277422e-03, -3.2390802571650545e-04, -5.1939045909053162e-02,  0.0000000000000000e+00, -3.0382123572686589e-04,  2.2843744881403036e-04,  4.2955985562882840e-03,  0.0000000000000000e+00
 9.8001998001998007e+00,  6.3548750951593559e+02,  2.8085281784812941e+00,  3.2648473722927889e+01, -2.3225363449191797e-02,  8.9094960285043101e-02,  4.9856772962602675e-01,  6.2210782385283210e+03,  2.0339651320416741e+02, -1.4961581496540912e+04,  9.9463653614027319e+00,  2.5238221999268089e+00,  4.4780007467323122e+00, -6.7856074907294825e-02, -1.6480743595711076e+00,  8.2088867736002913e-01,  2.7328816364904313e-01,  4.5405962362716282e-03, -3.2163289973545045e-04, -5.1896348639603664e-02,  0.0000000000000000e+00, -3.0251880980722079e-04,  2.2704277259318089e-04,  4.2523947875004429e-03,  0.0000000000000000e+00
 9.8101898101898097e+00,  6.3548951099187741e+02,  2.8068078607718663e+00,  3.2648261983353208e+01, -2.3224931884312038e-02,  8.9095652126233313e-02,  4.9856471669420821e-01,  6.2274177928889658e+03,  2.0386448284026187e+02, -1.4961535270005972e+04,  9.9463563554576560e+00,  2.5238385912670243e+00,  4.4830652177709158e+00, -6.7810729401267797e-02, -1.6480775613575207e+00,  8.2037044451381136e-01,  2.7328816364904313e-01,  4.5375806075857554e-03, -3.1937166297505798e-04, -5.1854081556974504e-02,  0.0000000000000000e+00, -3.0121005310452137e-04,  2.2565682683740231e-04,  4.2094751548576769e-03,  0.0000000000000000e+00
 9.8201798201798205e+00,  6.3549151196258742e+02,  2.8050887012315795e+00,  3.2648049938967162e+01, -2.3224503942650736e-02,  8.9096337340278386e-02,  4.9856174065664732e-01,  6.2337573268544274e+03,  2.0433299792805485e+02, -1.4961489051213704e+04,  9.9463473540101734e+00,  2.5238549953444807e+00,  4.4881296605658729e+00, -6.7765413956094311e-02, -1.6480807406233149e+00,  8.1985263177447520e-01,  2.7328816364904313e-01,  4.5345780830796014e-03, -3.1712422818455470e-04, -5.1812241802160874e-02,  0.0000000000000000e+00, -2.9989535302759289e-04,  2.2427961822136210e-04,  4.1668437588307109e-03,  0.0000000000000000e+00
 9.8301698301698295e+00,  6.3549351242803107e+02,  2.8033706950655977e+00,  3.2647837591942576e+01, -2.3224079690431151e-02,  8.9097015910972077e-02,  4.9855880183611434e-01,  6.2400968403720435e+03,  2.0480205847592700e+02, -1.4961442840166295e+04,  9.9463383570404353e+00,  2.5238714120295431e+00,  4.4931940754707576e+00, -6.7720128440566907e-02, -1.6480838975059360e+00,  8.1933523488739457e-01,  2.7328816364904313e-01,  4.5315887202153453e-03, -3.1489050793535400e-04, -5.1770826476088862e-02,  0.0000000000000000e+00, -2.9857509239642686e-04,  2.2291117566861936e-04,  4.1245045207866917e-03,  0.0000000000000000e+00
 9.8401598401598402e+00,  6.3549551238817548e+02,  2.8016538374483009e+00,  3.2647624944433602e+01, -2.3223659191843118e-02,  8.9097687823487343e-02,  4.9855590054119076e-01,  6.2464363333891561e+03,  2.0527166449224219e+02, -1.4961396636865902e+04,  9.9463293645280526e+00,  2.5238878411918706e+00,  4.4982584628422266e+00, -6.7674872722923177e-02, -1.6480870321419550e+00,  8.1881824962710081e-01,  2.7328816364904313e-01,  4.5286125726678979e-03, -3.1267041459880155e-04, -5.1729832640983318e-02,  0.0000000000000000e+00, -2.9724964652196083e-04,  2.2155151030358051e-04,  4.0824612664218081e-03,  0.0000000000000000e+00
 9.8501498501498510e+00,  6.3549751184298964e+02,  2.7999381235248517e+00,  3.2647411998576004e+01, -2.3223242509066148e-02,  8.9098353064357663e-02,  4.9855303706646076e-01,  6.2527758058531017e+03,  2.0574181598534710e+02, -1.4961350441314655e+04,  9.9463203764521371e+00,  2.5239042827004767e+00,  4.5033228230398814e+00, -6.7629646670883226e-02, -1.6480901446670668e+00,  8.1830167179766455e-01,  2.7328816364904313e-01,  4.5256496903831713e-03, -3.1046386037965416e-04, -5.1689257321691134e-02,  0.0000000000000000e+00, -2.9591938696084337e-04,  2.2020064437525534e-04,  4.0407176567933533e-03,  0.0000000000000000e+00
 9.8601398601398600e+00,  6.3549951079244386e+02,  2.7982235484127354e+00,  3.2647198756487455e+01, -2.3222829702292513e-02,  8.9099011621457475e-02,  4.9855021169270253e-01,  6.2591152577112171e+03,  2.0621251296357141e+02, -1.4961304253514658e+04,  9.9463113927912872e+00,  2.5239207364237490e+00,  4.5083871564261324e+00, -6.7584450151686751e-02, -1.6480932352160884e+00,  8.1778549723306104e-01,  2.7328816364904313e-01,  4.5227001196330961e-03, -3.0827075734914192e-04, -5.1649097507074422e-02,  0.0000000000000000e+00, -2.9458467720418273e-04,  2.1885858233330400e-04,  3.9992772294729162e-03,  0.0000000000000000e+00
 9.8701298701298708e+00,  6.3550150923651017e+02,  2.7965101072032805e+00,  3.2646985220267837e+01, -2.3222420829750397e-02,  8.9099663483983432e-02,  4.9854742468707919e-01,  6.2654546889108406e+03,  2.0668375543522822e+02, -1.4961258073467987e+04,  9.9463024135236289e+00,  2.5239372022294884e+00,  4.5134514633660734e+00, -6.7539283032129319e-02, -1.6480963039229579e+00,  8.1726972179752322e-01,  2.7328816364904313e-01,  4.5197639030731289e-03, -3.0609101744524602e-04, -5.1609350151312301e-02,  0.0000000000000000e+00, -2.9324587810124273e-04,  2.1752534642665750e-04,  3.9581433941038632e-03,  0.0000000000000000e+00
 9.8801198801198797e+00,  6.3550350717516210e+02,  2.7947977949631593e+00,  3.2646771391999501e+01, -2.3222015947727010e-02,  8.9100308642435067e-02,  4.9854467630332849e-01,  6.2717940993993043e+03,  2.0715554340861351e+02, -1.4961211901176692e+04,  9.9462934386268138e+00,  2.5239536799849551e+00,  4.5185157442273356e+00, -6.7494145178598378e-02, -1.6480993509207327e+00,  8.1675434138588199e-01,  2.7328816364904313e-01,  4.5168410797999737e-03, -3.0392455246144667e-04, -5.1570012175194843e-02,  0.0000000000000000e+00, -2.9190334118451091e-04,  2.1620094332998332e-04,  3.9173194246105965e-03,  0.0000000000000000e+00
 9.8901098901098905e+00,  6.3550550460837474e+02,  2.7930866067358613e+00,  3.2646557273747554e+01, -2.3221615110591717e-02,  8.9100947088596089e-02,  4.9854196678195306e-01,  6.2781334891239439e+03,  2.0762787689200692e+02, -1.4961165736642797e+04,  9.9462844680780247e+00,  2.5239701695568946e+00,  4.5235799993799795e+00, -6.7449036457108341e-02, -1.6481023763415885e+00,  8.1623935192389296e-01,  2.7328816364904313e-01,  4.5139316854075498e-03, -3.0177127409120394e-04, -5.1531080467416827e-02,  0.0000000000000000e+00, -2.9055741617875242e-04,  2.1488538639261644e-04,  3.8768084725486142e-03,  0.0000000000000000e+00
 9.9000999000998995e+00,  6.3550750153612478e+02,  2.7913765375431492e+00,  3.2646342867560143e+01, -2.3221218370819210e-02,  8.9101578815515045e-02,  4.9853929635040944e-01,  6.2844728580320907e+03,  2.0810075589367108e+02, -1.4961119579868300e+04,  9.9462755018540143e+00,  2.5239866708115750e+00,  4.5286442291963480e+00, -6.7403956733335491e-02, -1.6481053803168184e+00,  8.1572474936855099e-01,  2.7328816364904313e-01,  4.5110357520425611e-03, -2.9963109392795799e-04, -5.1492551885844631e-02,  0.0000000000000000e+00, -2.8920844349200896e-04,  2.1357868228922435e-04,  3.8366135582049523e-03,  0.0000000000000000e+00
 9.9100899100899102e+00,  6.3550949795839017e+02,  2.7896675823864907e+00,  3.2646128175468718e+01, -2.3220825779012570e-02,  8.9102203817486750e-02,  4.9853666522329609e-01,  6.2908122060710775e+03,  2.0857418042185239e+02, -1.4961073430855169e+04,  9.9462665399311039e+00,  2.5240031836148269e+00,  4.5337084340509541e+00, -6.7358905872651947e-02, -1.6481083629768318e+00,  8.1521052970839158e-01,  2.7328816364904313e-01,  4.5081533084600604e-03, -2.9750392354292233e-04, -5.1454423258805407e-02,  0.0000000000000000e+00, -2.8785676172459992e-04,  2.1228082879491789e-04,  3.7967375750479664e-03,  0.0000000000000000e+00
 9.9200799200799192e+00,  6.3551149387515056e+02,  2.7879597362484718e+00,  3.2645913199488284e+01, -2.3220437383926429e-02,  8.9102822090033229e-02,  4.9853407360254215e-01,  6.2971515331882320e+03,  2.0904815048478045e+02, -1.4961027289605350e+04,  9.9462575822851864e+00,  2.5240197078320699e+00,  4.5387726143203517e+00, -6.7313883740159466e-02, -1.6481113244511549e+00,  8.1469668896377967e-01,  2.7328816364904313e-01,  4.5052843800797125e-03, -2.9538967439617715e-04, -5.1416691386292859e-02,  0.0000000000000000e+00, -2.8650270002106558e-04,  2.1099185038347780e-04,  3.7571833019642196e-03,  0.0000000000000000e+00
 9.9300699300699300e+00,  6.3551348928638697e+02,  2.7862529940941818e+00,  3.2645697941617684e+01, -2.3220053232490039e-02,  8.9103433629884932e-02,  4.9853152167759396e-01,  6.3034908393308851e+03,  2.0952266609066876e+02, -1.4960981156120761e+04,  9.9462486288917606e+00,  2.5240362433283541e+00,  4.5438367703830114e+00, -6.7268890200722284e-02, -1.6481142648684282e+00,  8.1418322318718694e-01,  2.7328816364904313e-01,  4.5024289890423473e-03, -2.9328825793666313e-04, -5.1379353041179597e-02,  0.0000000000000000e+00, -2.8514658557911765e-04,  2.0971172480597523e-04,  3.7179533887960422e-03,  0.0000000000000000e+00
 9.9400599400599408e+00,  6.3551548419208177e+02,  2.7845473508725860e+00,  3.2645482403839836e+01, -2.3219673369830343e-02,  8.9104038434962091e-02,  4.9852900962560198e-01,  6.3098301244463646e+03,  2.0999772724771427e+02, -1.4960935030403294e+04,  9.9462396797259238e+00,  2.5240527899683842e+00,  4.5489009026192111e+00, -6.7223925118999772e-02, -1.6481171843564084e+00,  8.1367012846345632e-01,  2.7328816364904313e-01,  4.4995871542640592e-03, -2.9119958555785867e-04, -5.1342404970479101e-02,  0.0000000000000000e+00, -2.8378873711428063e-04,  2.0844048543585943e-04,  3.6790503663568386e-03,  0.0000000000000000e+00
 9.9500499500499497e+00,  6.3551747859221882e+02,  2.7828428015178694e+00,  3.2645266588122006e+01, -2.3219297839295019e-02,  8.9104636504355975e-02,  4.9852653761160654e-01,  6.3161693884819961e+03,  2.1047333396409758e+02, -1.4960888912454817e+04,  9.9462307347623984e+00,  2.5240693476165621e+00,  4.5539650114109032e+00, -6.7178988359478248e-02, -1.6481200830419658e+00,  8.1315740091005451e-01,  2.7328816364904313e-01,  4.4967588914898498e-03, -2.8912356864197245e-04, -5.1305843896472518e-02,  0.0000000000000000e+00, -2.8242947028255227e-04,  2.0717810112457028e-04,  3.6404766497618118e-03,  0.0000000000000000e+00
 9.9600399600399605e+00,  6.3551947248678334e+02,  2.7811393409507614e+00,  3.2645050496416040e+01, -2.3218926682475504e-02,  8.9105227838310222e-02,  4.9852410578872286e-01,  6.3225086313851070e+03,  2.1094948624798337e+02, -1.4960842802277170e+04,  9.9462217939755462e+00,  2.5240859161370128e+00,  4.5590290971416110e+00, -6.7134079786502474e-02, -1.6481229610510866e+00,  8.1264503667731303e-01,  2.7328816364904313e-01,  4.4939442133483370e-03, -2.8706011856020398e-04, -5.1269666517898986e-02,  0.0000000000000000e+00, -2.8106909364829892e-04,  2.0592460524548252e-04,  3.6022345406594596e-03,  0.0000000000000000e+00
 9.9700299700299695e+00,  6.3552146587576192e+02,  2.7794369640798422e+00,  3.2644834130658623e+01, -2.3218559939229957e-02,  8.9105812438202495e-02,  4.9852171429832565e-01,  6.3288478531030196e+03,  2.1142618410751987e+02, -1.4960796699872168e+04,  9.9462128573393596e+00,  2.5241024953936173e+00,  4.5640931601963057e+00, -6.7089199264306454e-02, -1.6481258185088701e+00,  8.1213303194865794e-01,  2.7328816364904313e-01,  4.4911431294081009e-03, -2.8500914667261342e-04, -5.1233869511149728e-02,  0.0000000000000000e+00, -2.7970791118700223e-04,  2.0467996665014785e-04,  3.5643262105416046e-03,  0.0000000000000000e+00
 9.9800199800199803e+00,  6.3552345875914250e+02,  2.7777356658028225e+00,  3.2644617492771502e+01, -2.3218197647706204e-02,  8.9106390306525632e-02,  4.9851936327023222e-01,  6.3351870535830603e+03,  2.1190342755083958e+02, -1.4960750605241603e+04,  9.9462039248274987e+00,  2.5241190852500450e+00,  4.5691572009612988e+00, -6.7044346657043771e-02, -1.6481286555395316e+00,  8.1162138294082653e-01,  2.7328816364904313e-01,  4.4883556462273965e-03, -2.8297056440594099e-04, -5.1198449531389509e-02,  0.0000000000000000e+00, -2.7834622159003225e-04,  2.0344420313767958e-04,  3.5267537374547241e-03,  0.0000000000000000e+00
 9.9900099900099892e+00,  6.3552545113691428e+02,  2.7760354410078079e+00,  3.2644400584661732e+01, -2.3217839844364620e-02,  8.9106961446869790e-02,  4.9851705282288572e-01,  6.3415262327725486e+03,  2.1238121658605866e+02, -1.4960704518387240e+04,  9.9461949964132952e+00,  2.5241356855697843e+00,  4.5742212198241265e+00, -6.6999521828817396e-02, -1.6481314722664007e+00,  8.1111008590407474e-01,  2.7328816364904313e-01,  4.4869653054606124e-03, -2.8195435959508857e-04, -5.1180833378859321e-02,  0.0000000000000000e+00, -2.7834622159008180e-04,  2.0344420313771579e-04,  3.5267537374553512e-03,  0.0000000000000000e+00
