numberIndependentVariables,"""=""",3.0,,,,,,
dh[deg],beta[deg] ,alpha[deg],Cx,Cy,Cz,Cl,Cm,Cn
-25.0,-30.0,-20.0,-0.18370,0.3677,1.19400,-0.00600,0.20590,-0.06330
-25.0,-30.0,-15.0,-0.17140,0.4019,0.99600,-0.00480,0.16980,-0.06210
-25.0,-30.0,-10.0,-0.15310,0.4367,0.79300,-0.00330,0.14260,-0.06780
-25.0,-30.0,-5.0,-0.11510,0.5538,0.41000,0.02980,0.16200,-0.08500
-25.0,-30.0,0.0,-0.09070,0.6218,0.18000,0.02760,0.15300,-0.09950
-25.0,-30.0,5.0,-0.05140,0.6544,-0.09000,0.03900,0.14700,-0.10440
-25.0,-30.0,10.0,-0.00790,0.6255,-0.34000,0.05620,0.15000,-0.09810
-25.0,-30.0,15.0,0.03540,0.5885,-0.61000,0.07370,0.16700,-0.09760
-25.0,-30.0,20.0,0.07400,0.5783,-0.87000,0.07610,0.15100,-0.06770
-25.0,-30.0,25.0,0.10920,0.5005,-1.17000,0.09100,0.12000,-0.04880
-25.0,-30.0,30.0,0.09150,0.3751,-1.31500,0.07430,0.10800,-0.01020
-25.0,-30.0,35.0,0.10790,0.3292,-1.52000,0.07040,0.08200,-0.00280
-25.0,-30.0,40.0,0.13060,0.447,-1.60000,0.06650,0.11300,-0.00370
-25.0,-30.0,45.0,0.15350,0.1634,-1.56000,0.07880,0.09300,-0.01200
-25.0,-30.0,50.0,0.14710,0.1366,-1.30000,0.06050,-0.01500,-0.03730
-25.0,-30.0,55.0,0.15540,0.1735,-1.70500,0.04530,0.01900,-0.04490
-25.0,-30.0,60.0,0.15010,0.2233,-1.70000,0.06100,-0.03600,-0.00550
-25.0,-30.0,70.0,0.15010,0.2609,-1.69000,0.07130,-0.30700,0.02320
-25.0,-30.0,80.0,0.16850,0.3055,-1.93500,0.06140,-0.36500,0.02360
-25.0,-30.0,90.0,0.17120,0.3078,-1.96000,0.06010,-0.52600,0.0319
-25.0,-25.0,-20.0,-0.18530,0.307,1.27200,0.00650,0.19370,-0.06670
-25.0,-25.0,-15.0,-0.17650,0.322,1.05700,0.00590,0.16500,-0.05790
-25.0,-25.0,-10.0,-0.16270,0.3823,0.83200,0.00950,0.15790,-0.05880
-25.0,-25.0,-5.0,-0.12320,0.4778,0.41000,0.02450,0.17700,-0.07610
-25.0,-25.0,0.0,-0.09850,0.5258,0.15500,0.02850,0.15400,-0.08690
-25.0,-25.0,5.0,-0.05670,0.5514,-0.13000,0.03370,0.15300,-0.08240
-25.0,-25.0,10.0,-0.01080,0.5185,-0.40500,0.05580,0.16200,-0.07590
-25.0,-25.0,15.0,0.03580,0.4665,-0.66500,0.06700,0.17600,-0.06180
-25.0,-25.0,20.0,0.07560,0.4633,-0.95000,0.07080,0.17000,-0.05060
-25.0,-25.0,25.0,0.11240,0.4195,-1.23500,0.07130,0.14700,-0.03510
-25.0,-25.0,30.0,0.10100,0.3161,-1.38000,0.04290,0.06700,0.01550
-25.0,-25.0,35.0,0.11370,0.2952,-1.57000,0.05300,0.04700,0.03140
-25.0,-25.0,40.0,0.14370,0.3885,-1.67000,0.06050,0.05000,0.01670
-25.0,-25.0,45.0,0.16030,0.0894,-1.61500,0.05630,0.06600,0.00270
-25.0,-25.0,50.0,0.15840,0.1036,-1.48000,0.05680,-0.01100,-0.02740
-25.0,-25.0,55.0,0.16150,0.1355,-1.79500,0.03230,0.01700,-0.03240
-25.0,-25.0,60.0,0.15990,0.1713,-1.74000,0.04130,-0.02300,0.00680
-25.0,-25.0,70.0,0.15360,0.2279,-1.74000,0.06030,-0.30800,0.02800
-25.0,-25.0,80.0,0.16150,0.2595,-1.95000,0.05070,-0.39800,0.02370
-25.0,-25.0,90.0,0.16510,0.2498,-1.93500,0.04600,-0.52700,0.01990
-25.0,-20.0,-20.0,-0.19040,0.246,1.31100,0.01330,0.19180,-0.05650
-25.0,-20.0,-15.0,-0.17920,0.2651,1.09000,0.01780,0.17330,-0.04540
-25.0,-20.0,-10.0,-0.16920,0.3185,0.84100,0.01730,0.18070,-0.04930
-25.0,-20.0,-5.0,-0.12760,0.3758,0.42000,0.02330,0.15300,-0.06390
-25.0,-20.0,0.0,-0.10430,0.4208,0.13500,0.02620,0.14800,-0.07950
-25.0,-20.0,5.0,-0.06030,0.4294,-0.16000,0.03290,0.15600,-0.06910
-25.0,-20.0,10.0,-0.00990,0.4225,-0.46000,0.05400,0.16500,-0.06310
-25.0,-20.0,15.0,0.03880,0.3755,-0.72000,0.06290,0.19100,-0.04750
-25.0,-20.0,20.0,0.07460,0.3383,-1.01500,0.06540,0.19000,-0.02900
-25.0,-20.0,25.0,0.11020,0.3005,-1.29500,0.06270,0.17500,-0.01630
-25.0,-20.0,30.0,0.09750,0.2291,-1.44500,0.01010,0.09800,0.02870
-25.0,-20.0,35.0,0.11980,0.2112,-1.63500,0.04530,0.06800,0.05720
-25.0,-20.0,40.0,0.13500,0.3025,-1.73000,0.03530,0.06000,0.07700
-25.0,-20.0,45.0,0.16050,0.0444,-1.68500,0.03440,0.06500,0.03970
-25.0,-20.0,50.0,0.16460,0.0916,-1.60000,0.04690,-0.02500,-0.00960
-25.0,-20.0,55.0,0.15680,0.1795,-1.82500,0.02570,-0.08600,0.01020
-25.0,-20.0,60.0,0.16470,0.2083,-1.73000,0.03360,-0.07500,0.03740
-25.0,-20.0,70.0,0.15690,0.1739,-1.73500,0.05010,-0.28500,0.02030
-25.0,-20.0,80.0,0.15590,0.2165,-1.94500,0.04050,-0.40300,0.01610
-25.0,-20.0,90.0,0.16080,0.1998,-1.85000,0.03630,-0.51500,0.01080
-25.0,-15.0,-20.0,-0.18990,0.1844,1.35600,0.02170,0.18500,-0.04180
-25.0,-15.0,-15.0,-0.18270,0.1964,1.12100,0.02420,0.17230,-0.02850
-25.0,-15.0,-10.0,-0.17180,0.2462,0.85600,0.01840,0.16410,-0.03930
-25.0,-15.0,-5.0,-0.13170,0.2818,0.42500,0.02110,0.14500,-0.04780
-25.0,-15.0,0.0,-0.10930,0.3088,0.13000,0.02250,0.14500,-0.05280
-25.0,-15.0,5.0,-0.06400,0.3124,-0.18000,0.02820,0.15700,-0.05210
-25.0,-15.0,10.0,-0.01010,0.3065,-0.49800,0.04550,0.17000,-0.04780
-25.0,-15.0,15.0,0.04020,0.2875,-0.77000,0.05680,0.19600,-0.04470
-25.0,-15.0,20.0,0.07450,0.2563,-1.08000,0.05510,0.20200,-0.02760
-25.0,-15.0,25.0,0.10670,0.2295,-1.35500,0.05130,0.19400,-0.01280
-25.0,-15.0,30.0,0.10790,0.1411,-1.51500,0.01100,0.15000,0.02560
-25.0,-15.0,35.0,0.12780,0.1472,-1.71000,0.01840,0.08100,0.07120
-25.0,-15.0,40.0,0.14410,0.2135,-1.81000,0.01320,0.08700,0.08030
-25.0,-15.0,45.0,0.16040,0.0894,-1.75000,0.02340,0.05300,0.05770
-25.0,-15.0,50.0,0.16710,0.1556,-1.72000,0.03400,0.01500,0.02160
-25.0,-15.0,55.0,0.16610,0.1725,-1.85000,0.01400,-0.00400,-0.00770
-25.0,-15.0,60.0,0.15250,0.1883,-1.89500,0.02300,-0.06000,0.01190
-25.0,-15.0,70.0,0.14200,0.1469,-1.83000,0.01910,-0.30500,0.01270
-25.0,-15.0,80.0,0.15200,0.1635,-1.92000,0.03090,-0.38700,0.01160
-25.0,-15.0,90.0,0.16480,0.1568,-1.87000,0.02530,-0.50400,0.00180
-25.0,-10.0,-20.0,-0.19490,0.1062,1.39600,0.02680,0.16920,-0.01750
-25.0,-10.0,-15.0,-0.18160,0.1332,1.12800,0.01870,0.15330,-0.01810
-25.0,-10.0,-10.0,-0.16950,0.1513,0.88700,0.01280,0.15330,-0.02420
-25.0,-10.0,-5.0,-0.13900,0.1833,0.45100,0.01780,0.13800,-0.03540
-25.0,-10.0,0.0,-0.11200,0.2014,0.14100,0.01890,0.14450,-0.03750
-25.0,-10.0,5.0,-0.06530,0.2028,-0.18400,0.02400,0.15860,-0.03520
-25.0,-10.0,10.0,-0.00740,0.2016,-0.51100,0.03460,0.17460,-0.03580
-25.0,-10.0,15.0,0.04770,0.1837,-0.80600,0.04390,0.20000,-0.03390
-25.0,-10.0,20.0,0.08670,0.1814,-1.12200,0.04540,0.20730,-0.02590
-25.0,-10.0,25.0,0.11010,0.1643,-1.40600,0.03970,0.20430,-0.01550
-25.0,-10.0,30.0,0.11880,0.0927,-1.58100,0.00250,0.17040,0.02940
-25.0,-10.0,35.0,0.14020,0.0857,-1.78800,0.00670,0.11740,0.05450
-25.0,-10.0,40.0,0.15740,0.0748,-1.89100,0.00770,0.11310,0.05730
-25.0,-10.0,45.0,0.16370,0.0782,-1.85400,0.01500,0.07340,0.03990
-25.0,-10.0,50.0,0.17120,0.0866,-1.88000,0.01690,0.06630,0.03190
-25.0,-10.0,55.0,0.17780,0.1104,-1.93800,-0.00030,0.07940,-0.01610
-25.0,-10.0,60.0,0.16640,0.123,-1.93300,0.01370,-0.06270,0.02340
-25.0,-10.0,70.0,0.15730,0.1074,-1.81300,0.02210,-0.27690,0.00070
-25.0,-10.0,80.0,0.15210,0.1096,-1.87200,0.02020,-0.34110,0.00990
-25.0,-10.0,90.0,0.16760,0.1089,-1.95300,0.02130,-0.49000,0.00790
-25.0,-8.0,-20.0,-0.19140,0.085,1.34700,0.02380,0.16930,-0.00930
-25.0,-8.0,-15.0,-0.18340,0.1039,1.12900,0.01570,0.16180,-0.01330
-25.0,-8.0,-10.0,-0.16930,0.1156,0.88880,0.01000,0.15860,-0.01670
-25.0,-8.0,-5.0,-0.14150,0.1449,0.46400,0.01440,0.13650,-0.02630
-25.0,-8.0,0.0,-0.11150,0.1553,0.14900,0.01510,0.14380,-0.02800
-25.0,-8.0,5.0,-0.06610,0.1607,-0.18600,0.01950,0.15950,-0.02800
-25.0,-8.0,10.0,-0.00700,0.1597,-0.51800,0.02850,0.17580,-0.02830
-25.0,-8.0,15.0,0.05030,0.1473,-0.81800,0.03610,0.20120,-0.02670
-25.0,-8.0,20.0,0.08880,0.1504,-1.13700,0.03770,0.20980,-0.02160
-25.0,-8.0,25.0,0.11210,0.1409,-1.40500,0.03310,0.20280,-0.01150
-25.0,-8.0,30.0,0.13330,0.1057,-1.67100,0.01520,0.19300,0.00670
-25.0,-8.0,35.0,0.14250,0.0581,-1.81800,-0.00200,0.12330,0.05370
-25.0,-8.0,40.0,0.15850,0.0531,-1.90700,0.00920,0.12790,0.04330
-25.0,-8.0,45.0,0.16710,0.0612,-1.99100,0.01400,0.09140,0.03040
-25.0,-8.0,50.0,0.17120,0.0785,-1.92400,0.01460,0.06440,0.02960
-25.0,-8.0,55.0,0.17690,0.0926,-1.95900,0.00240,0.04940,-0.00900
-25.0,-8.0,60.0,0.16620,0.1051,-1.88000,0.01220,-0.07050,0.01270
-25.0,-8.0,70.0,0.15950,0.0941,-1.86400,0.01900,-0.26480,-0.00310
-25.0,-8.0,80.0,0.15210,0.0871,-1.83800,0.01670,-0.33440,0.01100
-25.0,-8.0,90.0,0.16600,0.0843,-2.03600,0.01830,-0.51570,0.00620
-25.0,-6.0,-20.0,-0.18720,0.0677,1.33900,0.02190,0.17700,-0.00060
-25.0,-6.0,-15.0,-0.18520,0.0753,1.13100,0.01300,0.16390,-0.00670
-25.0,-6.0,-10.0,-0.17070,0.076,0.89900,0.00880,0.15950,-0.00980
-25.0,-6.0,-5.0,-0.14200,0.1055,0.47400,0.01130,0.13290,-0.01840
-25.0,-6.0,0.0,-0.11220,0.1138,0.15400,0.01120,0.14300,-0.01930
-25.0,-6.0,5.0,-0.06680,0.1133,-0.18200,0.01420,0.15850,-0.01930
-25.0,-6.0,10.0,-0.00780,0.1131,-0.52600,0.02180,0.17680,-0.02010
-25.0,-6.0,15.0,0.05350,0.1069,-0.83700,0.02720,0.20410,-0.01900
-25.0,-6.0,20.0,0.09240,0.1116,-1.14900,0.02840,0.21220,-0.01510
-25.0,-6.0,25.0,0.11260,0.1029,-1.42900,0.02610,0.20280,-0.00720
-25.0,-6.0,30.0,0.13990,0.0911,-1.69700,0.01800,0.19850,0.00400
-25.0,-6.0,35.0,0.14780,0.0651,-1.83800,-0.00170,0.15220,0.04130
-25.0,-6.0,40.0,0.16010,0.0303,-1.91100,0.01560,0.13410,0.02920
-25.0,-6.0,45.0,0.16640,0.0458,-2.03300,0.00910,0.09680,0.02000
-25.0,-6.0,50.0,0.16760,0.0555,-1.91300,0.01290,0.04980,0.02980
-25.0,-6.0,55.0,0.17650,0.0663,-2.01200,0.00420,0.01740,-0.00570
-25.0,-6.0,60.0,0.17040,0.0788,-1.90700,0.01060,-0.05560,-0.00160
-25.0,-6.0,70.0,0.17880,0.0765,-2.00400,0.01240,-0.18280,-0.00700
-25.0,-6.0,80.0,0.15350,0.0753,-1.90800,0.01670,-0.34250,0.01080
-25.0,-6.0,90.0,0.16860,0.0658,-2.01300,0.01470,-0.48010,0.00390
-25.0,-4.0,-20.0,-0.18600,0.038,1.31400,0.01790,0.17460,0.00470
-25.0,-4.0,-15.0,-0.18530,0.0442,1.14300,0.01060,0.16070,-0.00100
-25.0,-4.0,-10.0,-0.17350,0.0434,0.90900,0.00560,0.16290,-0.00220
-25.0,-4.0,-5.0,-0.14250,0.0662,0.47200,0.00720,0.12690,-0.01140
-25.0,-4.0,0.0,-0.11240,0.0726,0.15300,0.00750,0.14110,-0.01180
-25.0,-4.0,5.0,-0.06750,0.0767,-0.18700,0.00960,0.15770,-0.01210
-25.0,-4.0,10.0,-0.00900,0.0748,-0.53500,0.01470,0.17780,-0.01250
-25.0,-4.0,15.0,0.05530,0.0652,-0.84900,0.01850,0.20620,-0.01140
-25.0,-4.0,20.0,0.09410,0.0703,-1.15400,0.01850,0.21290,-0.00880
-25.0,-4.0,25.0,0.11290,0.0654,-1.44100,0.01750,0.19910,-0.00370
-25.0,-4.0,30.0,0.14220,0.063,-1.71400,0.01260,0.20090,0.00460
-25.0,-4.0,35.0,0.15700,0.0563,-1.88900,0.00280,0.17130,0.02540
-25.0,-4.0,40.0,0.16820,0.036,-1.98300,0.00960,0.14330,0.01840
-25.0,-4.0,45.0,0.16390,0.0398,-1.93900,0.00890,0.08480,0.01470
-25.0,-4.0,50.0,0.16440,0.0399,-1.86600,0.00890,0.04070,0.01570
-25.0,-4.0,55.0,0.17490,0.046,-1.99900,0.00250,0.05300,-0.00650
-25.0,-4.0,60.0,0.17100,0.0546,-1.89800,0.00640,-0.05340,-0.01200
-25.0,-4.0,70.0,0.17150,0.0564,-1.95000,0.00970,-0.21150,-0.01370
-25.0,-4.0,80.0,0.15850,0.0498,-1.94900,0.00780,-0.34550,0.00870
-25.0,-4.0,90.0,0.16670,0.0446,-1.96800,0.00910,-0.49700,0.00290
-25.0,-2.0,-20.0,-0.18600,0.0186,1.32100,0.01210,0.17420,0.00340
-25.0,-2.0,-15.0,-0.18770,0.0175,1.15800,0.00610,0.15970,0.00100
-25.0,-2.0,-10.0,-0.17720,0.0161,0.91500,0.00270,0.16150,0.00220
-25.0,-2.0,-5.0,-0.14370,0.0325,0.47400,0.00300,0.12420,-0.00550
-25.0,-2.0,0.0,-0.11300,0.0371,0.15100,0.00350,0.14120,-0.00530
-25.0,-2.0,5.0,-0.06900,0.0331,-0.18700,0.00490,0.15800,-0.00500
-25.0,-2.0,10.0,-0.01160,0.0345,-0.53400,0.00670,0.18330,-0.00540
-25.0,-2.0,15.0,0.05380,0.0298,-0.85100,0.00910,0.20690,-0.00450
-25.0,-2.0,20.0,0.09480,0.0332,-1.15600,0.00930,0.21370,-0.00400
-25.0,-2.0,25.0,0.11230,0.0343,-1.44600,0.00880,0.19810,-0.00160
-25.0,-2.0,30.0,0.14430,0.0297,-1.71900,0.00910,0.20220,0.00380
-25.0,-2.0,35.0,0.16230,0.0264,-1.91000,-0.00110,0.17890,0.01450
-25.0,-2.0,40.0,0.17260,0.0123,-2.01600,0.00480,0.14830,0.00680
-25.0,-2.0,45.0,0.16740,0.0279,-2.00300,0.00370,0.09350,0.00620
-25.0,-2.0,50.0,0.16560,0.0302,-1.87900,0.00550,0.05210,0.01040
-25.0,-2.0,55.0,0.17620,0.0424,-1.96900,0.00250,0.02920,0.00400
-25.0,-2.0,60.0,0.17190,0.0474,-1.89200,0.00480,-0.05490,-0.00290
-25.0,-2.0,70.0,0.17380,0.0371,-1.92500,0.00570,-0.20320,-0.01680
-25.0,-2.0,80.0,0.15660,0.0212,-1.82600,0.00670,-0.32540,0.00590
-25.0,-2.0,90.0,0.16690,0.0203,-1.99000,0.00560,-0.48310,0.00180
-25.0,0.0,-20.0,-0.18680,0,1.31500,0.00000,0.17500,0.00000
-25.0,0.0,-15.0,-0.18750,0,1.17100,0.00000,0.15840,0.00000
-25.0,0.0,-10.0,-0.17870,0,0.92500,0.00000,0.15900,0.00000
-25.0,0.0,-5.0,-0.14320,0,0.46900,0.00000,0.12160,0.00000
-25.0,0.0,0.0,-0.11320,0,0.15500,0.00000,0.14090,0.00000
-25.0,0.0,5.0,-0.06930,0,-0.18900,0.00000,0.15800,0.00000
-25.0,0.0,10.0,-0.01200,0,-0.53000,0.00000,0.18450,0.00000
-25.0,0.0,15.0,0.05370,0,-0.85600,0.00000,0.20870,0.00000
-25.0,0.0,20.0,0.09510,0,-1.16900,0.00000,0.21520,0.00000
-25.0,0.0,25.0,0.11110,0,-1.44600,0.00000,0.19780,0.00000
-25.0,0.0,30.0,0.14350,0,-1.71700,0.00000,0.20220,0.00000
-25.0,0.0,35.0,0.16630,0,-1.90900,0.00000,0.18140,0.00000
-25.0,0.0,40.0,0.17390,0,-2.03700,0.00000,0.14780,0.00000
-25.0,0.0,45.0,0.16590,0,-1.98500,0.00000,0.09220,0.00000
-25.0,0.0,50.0,0.16930,0,-1.95900,0.00000,0.07450,0.00000
-25.0,0.0,55.0,0.18040,0,-2.01000,0.00000,0.07130,0.00000
-25.0,0.0,60.0,0.17180,0,-1.91600,0.00000,-0.05400,0.00000
-25.0,0.0,70.0,0.16950,0,-1.95700,0.00000,-0.22440,0.00000
-25.0,0.0,80.0,0.15980,0,-1.81600,0.00000,-0.33890,0.00000
-25.0,0.0,90.0,0.16600,0,-1.97800,0.00000,-0.47230,0.00000
-25.0,2.0,-20.0,-0.18990,-0.0232,1.33700,-0.00960,0.17210,-0.00480
-25.0,2.0,-15.0,-0.18980,-0.0188,1.17700,-0.00590,0.15890,0.00040
-25.0,2.0,-10.0,-0.17690,-0.0124,0.91000,-0.00470,0.15660,0.00470
-25.0,2.0,-5.0,-0.14250,-0.042,0.46000,-0.00390,0.11830,0.00540
-25.0,2.0,0.0,-0.11290,-0.0394,0.15400,-0.00350,0.14100,0.00550
-25.0,2.0,5.0,-0.06860,-0.0383,-0.19300,-0.00470,0.15910,0.00560
-25.0,2.0,10.0,-0.01230,-0.0383,-0.53200,-0.00680,0.18400,0.00540
-25.0,2.0,15.0,0.05330,-0.0383,-0.85400,-0.00870,0.20700,0.00550
-25.0,2.0,20.0,0.09750,-0.0248,-1.15100,-0.01010,0.21330,-0.00220
-25.0,2.0,25.0,0.11220,-0.0335,-1.45200,-0.00890,0.19690,0.00130
-25.0,2.0,30.0,0.14310,-0.0306,-1.72000,-0.00660,0.20210,-0.00420
-25.0,2.0,35.0,0.16670,-0.0214,-1.90900,0.00180,0.18150,-0.01040
-25.0,2.0,40.0,0.17110,-0.032,-1.93200,-0.00770,0.12910,-0.00480
-25.0,2.0,45.0,0.16490,-0.0868,-2.02000,-0.00520,0.09400,-0.01450
-25.0,2.0,50.0,0.17140,-0.0178,-1.99200,-0.00220,0.06700,-0.00820
-25.0,2.0,55.0,0.17430,-0.0087,-1.96500,-0.00640,0.04040,-0.00190
-25.0,2.0,60.0,0.17280,-0.0048,-1.93600,-0.00260,-0.06180,0.00520
-25.0,2.0,70.0,0.17100,-0.0113,-1.90500,-0.00660,-0.22640,0.00280
-25.0,2.0,80.0,0.15730,-0.0203,-1.83700,-0.00390,-0.35220,-0.00130
-25.0,2.0,90.0,0.16720,-0.0263,-1.95700,-0.00060,-0.48300,-0.00640
-25.0,4.0,-20.0,-0.19020,-0.0467,1.33200,-0.01670,0.17580,-0.01060
-25.0,4.0,-15.0,-0.18760,-0.0402,1.14200,-0.01010,0.16150,0.00280
-25.0,4.0,-10.0,-0.17290,-0.043,0.89200,-0.00770,0.15340,0.00960
-25.0,4.0,-5.0,-0.14220,-0.0763,0.45400,-0.00810,0.12120,0.01120
-25.0,4.0,0.0,-0.11190,-0.0764,0.15100,-0.00750,0.14090,0.01220
-25.0,4.0,5.0,-0.06800,-0.0819,-0.19100,-0.00940,0.15840,0.01320
-25.0,4.0,10.0,-0.01060,-0.0786,-0.52500,-0.01430,0.18240,0.01310
-25.0,4.0,15.0,0.05360,-0.077,-0.85500,-0.01830,0.20660,0.01290
-25.0,4.0,20.0,0.09390,-0.0558,-1.14800,-0.01800,0.21180,0.00210
-25.0,4.0,25.0,0.11250,-0.0677,-1.44900,-0.01740,0.19570,0.00470
-25.0,4.0,30.0,0.1407,-0.0647,-1.70900,-0.01240,0.20070,-0.00500
-25.0,4.0,35.0,0.16640,-0.0513,-1.89300,0.00090,0.17990,-0.01620
-25.0,4.0,40.0,0.16990,-0.0484,-1.99000,-0.01170,0.13120,-0.01150
-25.0,4.0,45.0,0.16500,-0.1048,-2.04000,-0.00820,0.08380,-0.03560
-25.0,4.0,50.0,0.17280,-0.0791,-2.01700,-0.00650,0.04530,-0.02550
-25.0,4.0,55.0,0.16660,-0.0718,-1.84700,-0.01300,0.00070,-0.01520
-25.0,4.0,60.0,0.17300,-0.0571,-1.87700,-0.00490,-0.06740,0.00570
-25.0,4.0,70.0,0.17120,-0.03,-1.83300,-0.01020,-0.21950,0.01330
-25.0,4.0,80.0,0.15630,-0.0361,-1.75500,-0.00750,-0.31870,0.00350
-25.0,4.0,90.0,0.16620,-0.0418,-1.95600,-0.00120,-0.48180,-0.00510
-25.0,6.0,-20.0,-0.19000,-0.0747,1.34000,-0.02100,0.18010,-0.00740
-25.0,6.0,-15.0,-0.18680,-0.0681,1.14800,-0.01460,0.15730,0.00710
-25.0,6.0,-10.0,-0.17110,-0.0792,0.88900,-0.01180,0.15230,0.01630
-25.0,6.0,-5.0,-0.14100,-0.1177,0.44700,-0.01230,0.12360,0.01890
-25.0,6.0,0.0,-0.11100,-0.1191,0.14700,-0.01140,0.14030,0.02080
-25.0,6.0,5.0,-0.06640,-0.1233,-0.19300,-0.01380,0.15760,0.02100
-25.0,6.0,10.0,-0.00880,-0.1204,-0.52000,-0.02190,0.18110,0.02250
-25.0,6.0,15.0,0.05270,-0.12,-0.85500,-0.02860,0.20550,0.02230
-25.0,6.0,20.0,0.09130,-0.0984,-1.14600,-0.02930,0.21090,0.00990
-25.0,6.0,25.0,0.11360,-0.1028,-1.45500,-0.02630,0.19580,0.00850
-25.0,6.0,30.0,0.13790,-0.0906,-1.68400,-0.01600,0.19720,-0.00690
-25.0,6.0,35.0,0.16370,-0.0806,-1.89100,-0.00030,0.17900,-0.02230
-25.0,6.0,40.0,0.16550,-0.0664,-1.96900,-0.01230,0.12450,-0.02330
-25.0,6.0,45.0,0.16250,-0.1365,-1.91300,-0.01240,0.06100,-0.04420
-25.0,6.0,50.0,0.17490,-0.106,-2.03000,-0.00900,0.03730,-0.04410
-25.0,6.0,55.0,0.16770,-0.1065,-1.89500,-0.01760,-0.00240,-0.02750
-25.0,6.0,60.0,0.17340,-0.084,-1.93300,-0.00950,-0.08280,-0.01010
-25.0,6.0,70.0,0.17300,-0.0477,-1.93200,-0.01430,-0.20540,0.01380
-25.0,6.0,80.0,0.15860,-0.0655,-1.84800,-0.01240,-0.32620,-0.00540
-25.0,6.0,90.0,0.16640,-0.0611,-1.96200,-0.00860,-0.49110,-0.00980
-25.0,8.0,-20.0,-0.18960,-0.1078,1.33800,-0.02390,0.18260,-0.00150
-25.0,8.0,-15.0,-0.18480,-0.1004,1.13100,-0.01620,0.15340,0.01510
-25.0,8.0,-10.0,-0.17060,-0.1171,0.88100,-0.01360,0.14890,0.02450
-25.0,8.0,-5.0,-0.13970,-0.1575,0.44600,-0.01490,0.12670,0.02900
-25.0,8.0,0.0,-0.11020,-0.1674,0.13800,-0.01510,0.14090,0.03020
-25.0,8.0,5.0,-0.06500,-0.1705,-0.19500,-0.01880,0.15720,0.03010
-25.0,8.0,10.0,-0.00830,-0.1668,-0.52100,-0.02820,0.17970,0.03090
-25.0,8.0,15.0,0.05090,-0.1642,-0.83600,-0.03670,0.20220,0.03040
-25.0,8.0,20.0,0.08670,-0.1366,-1.13500,-0.03690,0.20820,0.01610
-25.0,8.0,25.0,0.11150,-0.1369,-1.44000,-0.03470,0.19480,0.01320
-25.0,8.0,30.0,0.13590,-0.1159,-1.67000,-0.01940,0.19470,-0.00900
-25.0,8.0,35.0,0.15600,-0.0971,-1.84600,0.00300,0.17030,-0.03120
-25.0,8.0,40.0,0.16110,-0.0958,-1.83600,-0.01500,0.10250,-0.03320
-25.0,8.0,45.0,0.15970,-0.1541,-1.91800,-0.01350,0.04910,-0.05800
-25.0,8.0,50.0,0.17250,-0.1177,-1.94200,-0.01700,0.03200,-0.06190
-25.0,8.0,55.0,0.17240,-0.1225,-1.92800,-0.02800,0.01650,-0.03150
-25.0,8.0,60.0,0.17210,-0.1047,-1.95200,-0.01320,-0.08490,-0.02150
-25.0,8.0,70.0,0.17200,-0.0715,-1.95200,-0.01530,-0.22030,0.00830
-25.0,8.0,80.0,0.15580,-0.0804,-1.85800,-0.01560,-0.32830,-0.00690
-25.0,8.0,90.0,0.17110,-0.0836,-2.04800,-0.01520,-0.50740,-0.00970
-25.0,10.0,-20.0,-0.18830,-0.1421,1.29400,-0.02450,0.19120,0.00520
-25.0,10.0,-15.0,-0.18410,-0.1317,1.13700,-0.01890,0.14640,0.02000
-25.0,10.0,-10.0,-0.16980,-0.1542,0.87500,-0.01580,0.14930,0.03200
-25.0,10.0,-5.0,-0.13720,-0.2072,0.44000,-0.01880,0.13030,0.03920
-25.0,10.0,0.0,-0.10920,-0.2134,0.12900,-0.01870,0.14140,0.03930
-25.0,10.0,5.0,-0.06490,-0.2173,-0.19400,-0.02300,0.15730,0.03830
-25.0,10.0,10.0,-0.00800,-0.2171,-0.51500,-0.03430,0.17840,0.03910
-25.0,10.0,15.0,0.04850,-0.2056,-0.82700,-0.04330,0.20000,0.03720
-25.0,10.0,20.0,0.08240,-0.1729,-1.12900,-0.04480,0.20610,0.02100
-25.0,10.0,25.0,0.10750,-0.1692,-1.41500,-0.04110,0.19530,0.01570
-25.0,10.0,30.0,0.13230,-0.1353,-1.65100,-0.02250,0.19010,-0.01150
-25.0,10.0,35.0,0.14600,-0.1022,-1.80000,0.01000,0.14590,-0.05060
-25.0,10.0,40.0,0.15670,-0.1075,-1.91800,-0.01300,0.10280,-0.04920
-25.0,10.0,45.0,0.15730,-0.183,-1.94600,-0.01780,0.04200,-0.06980
-25.0,10.0,50.0,0.17300,-0.1508,-2.00200,-0.02000,0.03970,-0.07880
-25.0,10.0,55.0,0.17610,-0.1468,-1.96500,-0.01730,0.02810,-0.03050
-25.0,10.0,60.0,0.16880,-0.1242,-1.91500,-0.01410,-0.10040,-0.02210
-25.0,10.0,70.0,0.16860,-0.0859,-1.89300,-0.01720,-0.21910,0.00180
-25.0,10.0,80.0,0.15720,-0.1027,-1.77400,-0.01900,-0.32850,-0.00540
-25.0,10.0,90.0,0.16770,-0.1068,-1.97000,-0.01910,-0.48630,-0.01010
-25.0,15.0,-20.0,-0.18330,-0.2221,1.23500,-0.01960,0.20700,0.02970
-25.0,15.0,-15.0,-0.18520,-0.193,1.13000,-0.02450,0.16500,0.03030
-25.0,15.0,-10.0,-0.17210,-0.2482,0.83500,-0.02200,0.15800,0.04730
-25.0,15.0,-5.0,-0.12990,-0.3041,0.42400,-0.02210,0.13730,0.05160
-25.0,15.0,0.0,-0.10650,-0.3198,0.11900,-0.02230,0.14480,0.05470
-25.0,15.0,5.0,-0.06310,-0.3257,-0.18700,-0.02920,0.15680,0.05530
-25.0,15.0,10.0,-0.01070,-0.3204,-0.49800,-0.04470,0.17500,0.05120
-25.0,15.0,15.0,0.04100,-0.3091,-0.80100,-0.05680,0.19580,0.04800
-25.0,15.0,20.0,0.07020,-0.2479,-1.07700,-0.05420,0.19910,0.02260
-25.0,15.0,25.0,0.10410,-0.2337,-1.35600,-0.05250,0.18770,0.01320
-25.0,15.0,30.0,0.12140,-0.1841,-1.58000,-0.03080,0.16960,-0.02140
-25.0,15.0,35.0,0.13360,-0.1632,-1.72100,-0.00170,0.11240,-0.06700
-25.0,15.0,40.0,0.14340,-0.1539,-1.83900,-0.01800,0.07450,-0.07620
-25.0,15.0,45.0,0.15400,-0.194,-1.91100,-0.02740,0.02080,-0.09000
-25.0,15.0,50.0,0.15370,-0.2201,-1.87000,-0.03710,-0.01140,-0.06930
-25.0,15.0,55.0,0.17220,-0.209,-1.75500,-0.03160,-0.05620,-0.03860
-25.0,15.0,60.0,0.14710,-0.1885,-1.78000,-0.02340,-0.09760,-0.02630
-25.0,15.0,70.0,0.14740,-0.1266,-1.80000,-0.02920,-0.24790,-0.01000
-25.0,15.0,80.0,0.14100,-0.1554,-1.81000,-0.02970,-0.37630,-0.00750
-25.0,15.0,90.0,0.15310,-0.1547,-1.89500,-0.02310,-0.50010,-0.00380
-25.0,20.0,-20.0,-0.18380,-0.2861,1.18500,-0.01070,0.21400,0.04430
-25.0,20.0,-15.0,-0.18170,-0.254,1.10000,-0.01790,0.16700,0.04730
-25.0,20.0,-10.0,-0.16950,-0.3212,0.82100,-0.01400,0.17500,0.05720
-25.0,20.0,-5.0,-0.12580,-0.4001,0.40500,-0.02410,0.14440,0.06800
-25.0,20.0,0.0,-0.10150,-0.4315,0.13700,-0.02600,0.14530,0.07060
-25.0,20.0,5.0,-0.05940,-0.443,-0.17100,-0.03390,0.15570,0.07210
-25.0,20.0,10.0,-0.01050,-0.4347,-0.46500,-0.05310,0.17010,0.06680
-25.0,20.0,15.0,0.03960,-0.3966,-0.73800,-0.06260,0.19010,0.05090
-25.0,20.0,20.0,0.07030,-0.328,-0.99400,-0.06420,0.18780,0.02410
-25.0,20.0,25.0,0.10760,-0.3044,-1.28800,-0.06370,0.16870,0.01620
-25.0,20.0,30.0,0.11100,-0.2743,-1.47700,-0.03500,0.11860,-0.02180
-25.0,20.0,35.0,0.12560,-0.2282,-1.64000,-0.02810,0.09620,-0.05360
-25.0,20.0,40.0,0.13430,-0.1575,-1.75500,-0.04030,0.04950,-0.07270
-25.0,20.0,45.0,0.15410,-0.1506,-1.82400,-0.03700,0.03430,-0.07040
-25.0,20.0,50.0,0.14570,-0.1565,-1.73800,-0.05000,-0.05140,-0.03840
-25.0,20.0,55.0,0.13470,-0.2153,-1.69700,-0.04330,-0.13730,-0.05640
-25.0,20.0,60.0,0.14620,-0.2077,-1.75000,-0.03400,-0.11170,-0.03580
-25.0,20.0,70.0,0.15670,-0.1534,-1.85300,-0.04660,-0.22760,-0.01730
-25.0,20.0,80.0,0.14100,-0.2075,-1.86400,-0.03930,-0.39230,-0.01170
-25.0,20.0,90.0,0.14930,-0.1986,-1.89000,-0.03410,-0.51240,-0.00720
-25.0,25.0,-20.0,-0.17870,-0.3461,1.14000,-0.00390,0.21600,0.05450
-25.0,25.0,-15.0,-0.17900,-0.319,1.06000,-0.00600,0.15800,0.06020
-25.0,25.0,-10.0,-0.16300,-0.3842,0.81500,-0.00600,0.15300,0.06660
-25.0,25.0,-5.0,-0.12140,-0.5013,0.39400,-0.02530,0.16790,0.08000
-25.0,25.0,0.0,-0.09570,-0.5369,0.12300,-0.02830,0.15230,0.08910
-25.0,25.0,5.0,-0.05580,-0.5506,-0.13300,-0.03490,0.15400,0.08580
-25.0,25.0,10.0,-0.01140,-0.5313,-0.40200,-0.05460,0.16630,0.07980
-25.0,25.0,15.0,0.03660,-0.4868,-0.66400,-0.06720,0.17550,0.06470
-25.0,25.0,20.0,0.07130,-0.4542,-0.94300,-0.06940,0.16180,0.04600
-25.0,25.0,25.0,0.10980,-0.4241,-1.21700,-0.07240,0.14060,0.03470
-25.0,25.0,30.0,0.11450,-0.36,-1.46300,-0.06280,0.08890,0.00550
-25.0,25.0,35.0,0.11950,-0.3141,-1.59000,-0.03580,0.07570,-0.02760
-25.0,25.0,40.0,0.14300,-0.1807,-1.67100,-0.06560,0.04060,-0.01250
-25.0,25.0,45.0,0.15390,-0.1951,-1.68900,-0.05790,0.03380,-0.03360
-25.0,25.0,50.0,0.14350,-0.1679,-1.62300,-0.05990,-0.03710,-0.02170
-25.0,25.0,55.0,0.14480,-0.1709,-1.70600,-0.04990,-0.03430,-0.01370
-25.0,25.0,60.0,0.14860,-0.1719,-1.75000,-0.04170,-0.05990,-0.00550
-25.0,25.0,70.0,0.15570,-0.2078,-1.79900,-0.05680,-0.25180,-0.02510
-25.0,25.0,80.0,0.14670,-0.2495,-1.88500,-0.04950,-0.38570,-0.01920
-25.0,25.0,90.0,0.15490,-0.2474,-1.96900,-0.04380,-0.52270,-0.01590
-25.0,30.0,-20.0,-0.17710,-0.4081,1.10000,-0.01180,0.22700,0.05100
-25.0,30.0,-15.0,-0.17390,-0.398,1.00500,0.00480,0.16300,0.06410
-25.0,30.0,-10.0,-0.15340,-0.4382,0.78000,0.00690,0.13800,0.07540
-25.0,30.0,-5.0,-0.11330,-0.5794,0.40300,-0.02090,0.15380,0.08860
-25.0,30.0,0.0,-0.08790,-0.64,0.15900,-0.02740,0.15130,0.10340
-25.0,30.0,5.0,-0.05050,-0.6514,-0.09900,-0.03980,0.14720,0.10750
-25.0,30.0,10.0,-0.00850,-0.6371,-0.34100,-0.05500,0.15470,0.10180
-25.0,30.0,15.0,0.03620,-0.61,-0.60200,-0.07360,0.16680,0.09090
-25.0,30.0,20.0,0.06970,-0.5698,-0.87300,-0.07430,0.14790,0.06270
-25.0,30.0,25.0,0.10660,-0.503,-1.16700,-0.07970,0.11300,0.04870
-25.0,30.0,30.0,0.10500,-0.4189,-1.38900,-0.08430,0.12700,0.04170
-25.0,30.0,35.0,0.11370,-0.3488,-1.53100,-0.05330,0.11320,0.00690
-25.0,30.0,40.0,0.12990,-0.2242,-1.63000,-0.07160,0.10240,0.00790
-25.0,30.0,45.0,0.14710,-0.2662,-1.66300,-0.08040,0.06000,-0.01910
-25.0,30.0,50.0,0.13620,-0.2008,-1.44700,-0.06360,-0.04080,-0.01200
-25.0,30.0,55.0,0.14420,-0.2107,-1.61800,-0.06290,-0.03350,-0.00170
-25.0,30.0,60.0,0.14600,-0.2099,-1.68800,-0.06140,-0.07140,0.00660
-25.0,30.0,70.0,0.15450,-0.2421,-1.79100,-0.06780,-0.25030,-0.02070
-25.0,30.0,80.0,0.15380,-0.2954,-1.83400,-0.06020,-0.35320,-0.01910
-25.0,30.0,90.0,0.16240,-0.3047,-1.97000,-0.05790,-0.52190,-0.02770
-10.0,-30.0,-20.0,-0.13620,0.3677,1.14900,-0.01158,0.14690,-0.05838
-10.0,-30.0,-15.0,-0.12160,0.4019,0.94800,-0.00984,0.10870,-0.05850
-10.0,-30.0,-10.0,-0.10180,0.4367,0.75500,-0.00744,0.07840,-0.06708
-10.0,-30.0,-5.0,-0.06550,0.5538,0.32000,0.01714,0.05700,-0.08812
-10.0,-30.0,0.0,-0.04830,0.6218,0.08600,0.02046,0.05200,-0.10328
-10.0,-30.0,5.0,-0.01180,0.6544,-0.19200,0.03468,0.05200,-0.10620
-10.0,-30.0,10.0,0.02680,0.6255,-0.45500,0.05308,0.02800,-0.09810
-10.0,-30.0,15.0,0.07350,0.5885,-0.71400,0.07340,0.04300,-0.08776
-10.0,-30.0,20.0,0.12220,0.5783,-1.00500,0.08414,0.02700,-0.06812
-10.0,-30.0,25.0,0.13740,0.5005,-1.31300,0.08944,0.01000,-0.05120
-10.0,-30.0,30.0,0.10560,0.3751,-1.41800,0.07892,0.01500,-0.02208
-10.0,-30.0,35.0,0.10750,0.3292,-1.54200,0.07556,0.01600,-0.00700
-10.0,-30.0,40.0,0.13350,0.447,-1.67100,0.06986,0.06800,-0.00298
-10.0,-30.0,45.0,0.15210,0.1634,-1.61500,0.07616,0.02500,-0.01146
-10.0,-30.0,50.0,0.13460,0.1366,-1.40600,0.05624,-0.01110,-0.03028
-10.0,-30.0,55.0,0.13750,0.1735,-1.68800,0.05334,0.00020,-0.03608
-10.0,-30.0,60.0,0.13160,0.2233,-1.72400,0.06340,-0.08790,-0.01348
-10.0,-30.0,70.0,0.11710,0.2609,-1.74300,0.06830,-0.34290,0.02704
-10.0,-30.0,80.0,0.12010,0.3055,-1.93500,0.06554,-0.42940,0.02528
-10.0,-30.0,90.0,0.12870,0.3078,-1.99000,0.06610,-0.62080,0.0292
-10.0,-25.0,-20.0,-0.13510,0.307,1.21400,0.00092,0.12720,-0.06196
-10.0,-25.0,-15.0,-0.12450,0.322,0.99500,0.00068,0.09560,-0.05478
-10.0,-25.0,-10.0,-0.10660,0.3823,0.77800,0.00302,0.07430,-0.06174
-10.0,-25.0,-5.0,-0.07060,0.4778,0.32000,0.01898,0.06200,-0.07916
-10.0,-25.0,0.0,-0.05090,0.5258,0.06100,0.02280,0.05400,-0.08972
-10.0,-25.0,5.0,-0.01060,0.5514,-0.23200,0.03190,0.04200,-0.08792
-10.0,-25.0,10.0,0.03280,0.5185,-0.52200,0.05292,0.03500,-0.07824
-10.0,-25.0,15.0,0.08000,0.4665,-0.78400,0.06754,0.04000,-0.06024
-10.0,-25.0,20.0,0.12750,0.4633,-1.08800,0.07722,0.02500,-0.04970
-10.0,-25.0,25.0,0.14740,0.4195,-1.37800,0.07562,0.00800,-0.03870
-10.0,-25.0,30.0,0.12610,0.3161,-1.49800,0.04746,-0.03500,0.00632
-10.0,-25.0,35.0,0.11540,0.2952,-1.62900,0.05780,-0.02700,0.02264
-10.0,-25.0,40.0,0.14120,0.3885,-1.76800,0.05858,0.01900,0.00992
-10.0,-25.0,45.0,0.14860,0.0894,-1.57700,0.05708,-0.02100,0.00168
-10.0,-25.0,50.0,0.14100,0.1036,-1.59200,0.04738,0.00000,-0.01912
-10.0,-25.0,55.0,0.13670,0.1355,-1.73800,0.03824,0.00430,-0.02664
-10.0,-25.0,60.0,0.13600,0.1713,-1.79300,0.04538,-0.03150,-0.00178
-10.0,-25.0,70.0,0.11740,0.2279,-1.75400,0.05640,-0.35790,0.03016
-10.0,-25.0,80.0,0.11610,0.2595,-1.99300,0.05352,-0.47150,0.03054
-10.0,-25.0,90.0,0.12410,0.2498,-2.00900,0.05044,-0.61730,0.01564
-10.0,-20.0,-20.0,-0.14190,0.246,1.26400,0.01078,0.12100,-0.05236
-10.0,-20.0,-15.0,-0.12350,0.2651,1.02100,0.01174,0.09470,-0.04552
-10.0,-20.0,-10.0,-0.10680,0.3185,0.77700,0.01256,0.08520,-0.05242
-10.0,-20.0,-5.0,-0.07460,0.3758,0.32700,0.02048,0.04400,-0.06540
-10.0,-20.0,0.0,-0.05320,0.4208,0.04100,0.02242,0.04300,-0.07674
-10.0,-20.0,5.0,-0.00960,0.4294,-0.26200,0.03092,0.05000,-0.07288
-10.0,-20.0,10.0,0.03670,0.4225,-0.57500,0.05136,0.04000,-0.06832
-10.0,-20.0,15.0,0.08870,0.3755,-0.84600,0.06344,0.05300,-0.05122
-10.0,-20.0,20.0,0.12580,0.3383,-1.16100,0.06768,0.04000,-0.02900
-10.0,-20.0,25.0,0.14660,0.3005,-1.44500,0.06498,0.02300,-0.01990
-10.0,-20.0,30.0,0.12970,0.2291,-1.57800,0.01808,-0.01700,0.01838
-10.0,-20.0,35.0,0.12990,0.2112,-1.71900,0.04152,-0.03400,0.04640
-10.0,-20.0,40.0,0.13650,0.3025,-1.86200,0.03224,-0.01600,0.07178
-10.0,-20.0,45.0,0.15170,0.0444,-1.77000,0.03362,-0.02700,0.03352
-10.0,-20.0,50.0,0.14220,0.0916,-1.71600,0.03448,-0.00700,-0.00036
-10.0,-20.0,55.0,0.12510,0.1795,-1.72100,0.02948,-0.09360,0.01188
-10.0,-20.0,60.0,0.13550,0.2083,-1.80000,0.03666,-0.03840,0.02762
-10.0,-20.0,70.0,0.11850,0.1739,-1.81100,0.04536,-0.34300,0.02072
-10.0,-20.0,80.0,0.11360,0.2165,-1.97900,0.04200,-0.48770,0.02168
-10.0,-20.0,90.0,0.12140,0.1998,-1.95000,0.03912,-0.60280,0.01140
-10.0,-15.0,-20.0,-0.13860,0.1844,1.29400,0.01996,0.10750,-0.04108
-10.0,-15.0,-15.0,-0.12080,0.1964,1.04700,0.01840,0.08850,-0.03138
-10.0,-15.0,-10.0,-0.10710,0.2462,0.78800,0.01540,0.06190,-0.04380
-10.0,-15.0,-5.0,-0.07710,0.2818,0.33200,0.02008,0.03200,-0.05050
-10.0,-15.0,0.0,-0.05440,0.3088,0.03900,0.02142,0.03900,-0.05580
-10.0,-15.0,5.0,-0.01020,0.3124,-0.27900,0.02760,0.05300,-0.05606
-10.0,-15.0,10.0,0.03990,0.3065,-0.61100,0.04352,0.04000,-0.05320
-10.0,-15.0,15.0,0.09340,0.2875,-0.89800,0.05716,0.06000,-0.04866
-10.0,-15.0,20.0,0.12490,0.2563,-1.22300,0.05678,0.05000,-0.03030
-10.0,-15.0,25.0,0.14540,0.2295,-1.50900,0.05268,0.03800,-0.01886
-10.0,-15.0,30.0,0.14370,0.1411,-1.66300,0.01298,0.00300,0.02008
-10.0,-15.0,35.0,0.13770,0.1472,-1.81900,0.01306,-0.02400,0.05932
-10.0,-15.0,40.0,0.14560,0.2135,-1.96700,0.01050,-0.01300,0.07676
-10.0,-15.0,45.0,0.15200,0.0894,-1.96300,0.02424,-0.05400,0.05980
-10.0,-15.0,50.0,0.14860,0.1556,-1.94400,0.02788,-0.01050,0.02586
-10.0,-15.0,55.0,0.13360,0.1725,-1.80900,0.02126,-0.04250,0.00532
-10.0,-15.0,60.0,0.11540,0.1883,-1.75600,0.02726,-0.17570,0.00956
-10.0,-15.0,70.0,0.11080,0.1469,-1.78100,0.02606,-0.35640,0.01060
-10.0,-15.0,80.0,0.11240,0.1635,-1.99100,0.03186,-0.48330,0.01544
-10.0,-15.0,90.0,0.12210,0.1568,-1.97900,0.02770,-0.59590,0.00426
-10.0,-10.0,-20.0,-0.13740,0.1062,1.32700,0.02476,0.07980,-0.02014
-10.0,-10.0,-15.0,-0.11760,0.1332,1.04300,0.01372,0.05810,-0.02212
-10.0,-10.0,-10.0,-0.10610,0.1513,0.80100,0.01154,0.03900,-0.02750
-10.0,-10.0,-5.0,-0.08360,0.1833,0.35000,0.01810,0.01700,-0.03612
-10.0,-10.0,0.0,-0.05780,0.2014,0.05200,0.01866,0.04200,-0.03978
-10.0,-10.0,5.0,-0.01420,0.2028,-0.28000,0.02274,0.05400,-0.03898
-10.0,-10.0,10.0,0.04120,0.2016,-0.62400,0.03352,0.04700,-0.03928
-10.0,-10.0,15.0,0.09830,0.1837,-0.93300,0.04354,0.06300,-0.03606
-10.0,-10.0,20.0,0.13260,0.1814,-1.26300,0.04534,0.05700,-0.02884
-10.0,-10.0,25.0,0.14650,0.1643,-1.56000,0.03988,0.04700,-0.02060
-10.0,-10.0,30.0,0.15000,0.0927,-1.74600,0.00484,0.02000,0.01722
-10.0,-10.0,35.0,0.15230,0.0857,-1.91900,0.00490,-0.00600,0.04556
-10.0,-10.0,40.0,0.15970,0.0748,-2.07400,0.00608,-0.00800,0.05328
-10.0,-10.0,45.0,0.16080,0.0782,-2.13000,0.01620,-0.05000,0.04302
-10.0,-10.0,50.0,0.15610,0.0866,-2.02600,0.01558,0.00730,0.02800
-10.0,-10.0,55.0,0.14670,0.1104,-2.01400,0.01044,0.03590,-0.00404
-10.0,-10.0,60.0,0.12850,0.123,-1.94900,0.01922,-0.09620,0.00570
-10.0,-10.0,70.0,0.11610,0.1074,-1.83900,0.02354,-0.35200,0.00046
-10.0,-10.0,80.0,0.11580,0.1096,-1.92800,0.02056,-0.43150,0.01194
-10.0,-10.0,90.0,0.12650,0.1089,-2.00600,0.02082,-0.55320,0.00622
-10.0,-8.0,-20.0,-0.13300,0.085,1.28300,0.01990,0.07560,-0.01242
-10.0,-8.0,-15.0,-0.11760,0.1039,1.04000,0.01132,0.05490,-0.01606
-10.0,-8.0,-10.0,-0.10680,0.1156,0.79900,0.01012,0.03440,-0.02066
-10.0,-8.0,-5.0,-0.08640,0.1449,0.36500,0.01512,0.01600,-0.02714
-10.0,-8.0,0.0,-0.05890,0.1553,0.05600,0.01522,0.04100,-0.03022
-10.0,-8.0,5.0,-0.01480,0.1607,-0.28400,0.01860,0.05300,-0.03094
-10.0,-8.0,10.0,0.04170,0.1597,-0.63200,0.02766,0.04800,-0.03088
-10.0,-8.0,15.0,0.10060,0.1473,-0.94900,0.03586,0.06300,-0.02874
-10.0,-8.0,20.0,0.13470,0.1504,-1.28400,0.03632,0.05600,-0.02436
-10.0,-8.0,25.0,0.14850,0.1409,-1.56600,0.03280,0.04800,-0.01588
-10.0,-8.0,30.0,0.16190,0.1057,-1.82500,0.01742,0.04000,0.00046
-10.0,-8.0,35.0,0.15810,0.0581,-1.97700,0.00094,0.00400,0.04188
-10.0,-8.0,40.0,0.16220,0.0531,-2.07700,0.00992,-0.00700,0.03838
-10.0,-8.0,45.0,0.16130,0.0612,-2.21700,0.01634,-0.03900,0.03430
-10.0,-8.0,50.0,0.15700,0.0785,-2.08100,0.01448,-0.00850,0.02570
-10.0,-8.0,55.0,0.14720,0.0926,-2.04800,0.01002,0.01340,-0.00198
-10.0,-8.0,60.0,0.12890,0.1051,-1.92300,0.01640,-0.10500,-0.00092
-10.0,-8.0,70.0,0.11870,0.0941,-1.89700,0.02080,-0.33630,-0.00496
-10.0,-8.0,80.0,0.11480,0.0871,-1.87700,0.01562,-0.42350,0.01196
-10.0,-8.0,90.0,0.12560,0.0843,-2.08500,0.01860,-0.58810,0.00512
-10.0,-6.0,-20.0,-0.12680,0.0677,1.26600,0.01512,0.08000,-0.00474
-10.0,-6.0,-15.0,-0.11700,0.0753,1.03700,0.00880,0.05050,-0.01030
-10.0,-6.0,-10.0,-0.10720,0.076,0.80300,0.00838,0.02900,-0.01262
-10.0,-6.0,-5.0,-0.08760,0.1055,0.37000,0.01202,0.01200,-0.01900
-10.0,-6.0,0.0,-0.05970,0.1138,0.06200,0.01108,0.04200,-0.02128
-10.0,-6.0,5.0,-0.01550,0.1133,-0.28100,0.01360,0.05400,-0.02134
-10.0,-6.0,10.0,0.04080,0.1131,-0.64100,0.02114,0.05000,-0.02196
-10.0,-6.0,15.0,0.10240,0.1069,-0.96700,0.02732,0.06700,-0.02032
-10.0,-6.0,20.0,0.13500,0.1116,-1.29900,0.02756,0.05800,-0.01678
-10.0,-6.0,25.0,0.14850,0.1029,-1.58300,0.02568,0.04800,-0.01062
-10.0,-6.0,30.0,0.16550,0.0911,-1.84800,0.01896,0.04700,0.00016
-10.0,-6.0,35.0,0.17220,0.0651,-2.03300,0.00832,0.01600,0.02630
-10.0,-6.0,40.0,0.17250,0.0303,-2.15100,0.01668,-0.00600,0.02410
-10.0,-6.0,45.0,0.15970,0.0458,-2.18400,0.01342,-0.05300,0.02558
-10.0,-6.0,50.0,0.15380,0.0555,-2.08100,0.01296,-0.03710,0.02590
-10.0,-6.0,55.0,0.14750,0.0663,-2.11200,0.00870,-0.01100,-0.00366
-10.0,-6.0,60.0,0.13360,0.0788,-1.97500,0.01354,-0.09120,-0.01108
-10.0,-6.0,70.0,0.13760,0.0765,-2.00400,0.01456,-0.26910,-0.01048
-10.0,-6.0,80.0,0.11490,0.0753,-1.93100,0.01424,-0.42380,0.01074
-10.0,-6.0,90.0,0.12570,0.0658,-2.01900,0.01566,-0.56170,0.00342
-10.0,-4.0,-20.0,-0.12490,0.038,1.24500,0.01256,0.08270,0.00116
-10.0,-4.0,-15.0,-0.11770,0.0442,1.04200,0.00658,0.04270,-0.00382
-10.0,-4.0,-10.0,-0.10830,0.0434,0.80400,0.00584,0.02490,-0.00562
-10.0,-4.0,-5.0,-0.08870,0.0662,0.37200,0.00816,0.00800,-0.01158
-10.0,-4.0,0.0,-0.06060,0.0726,0.06200,0.00726,0.04300,-0.01300
-10.0,-4.0,5.0,-0.01610,0.0767,-0.28700,0.00918,0.05300,-0.01354
-10.0,-4.0,10.0,0.04130,0.0748,-0.64700,0.01422,0.05000,-0.01376
-10.0,-4.0,15.0,0.10340,0.0652,-0.97600,0.01862,0.06900,-0.01182
-10.0,-4.0,20.0,0.13490,0.0703,-1.30600,0.01766,0.06000,-0.00964
-10.0,-4.0,25.0,0.14530,0.0654,-1.59000,0.01786,0.04600,-0.00580
-10.0,-4.0,30.0,0.16600,0.063,-1.86100,0.01302,0.04900,0.00238
-10.0,-4.0,35.0,0.17890,0.0563,-2.06400,0.00970,0.02400,0.01634
-10.0,-4.0,40.0,0.17620,0.036,-2.18400,0.01128,-0.00500,0.01522
-10.0,-4.0,45.0,0.16710,0.0398,-2.21600,0.01502,-0.05400,0.01794
-10.0,-4.0,50.0,0.15110,0.0399,-2.03300,0.00902,-0.05190,0.01258
-10.0,-4.0,55.0,0.14650,0.046,-2.10000,0.00490,-0.01690,-0.00680
-10.0,-4.0,60.0,0.13510,0.0546,-1.99000,0.00820,-0.08570,-0.01794
-10.0,-4.0,70.0,0.13120,0.0564,-1.99900,0.01156,-0.30050,-0.01706
-10.0,-4.0,80.0,0.11940,0.0498,-1.98100,0.00528,-0.43210,0.00822
-10.0,-4.0,90.0,0.12360,0.0446,-2.00700,0.01024,-0.58590,0.00278
-10.0,-2.0,-20.0,-0.12220,0.0186,1.23400,0.00730,0.08530,0.00148
-10.0,-2.0,-15.0,-0.11840,0.0175,1.05000,0.00394,0.03780,-0.00068
-10.0,-2.0,-10.0,-0.10940,0.0161,0.81200,0.00174,0.01770,-0.00098
-10.0,-2.0,-5.0,-0.08890,0.0325,0.35700,0.00378,0.01000,-0.00550
-10.0,-2.0,0.0,-0.06130,0.0371,0.06100,0.00338,0.04300,-0.00608
-10.0,-2.0,5.0,-0.01770,0.0331,-0.28700,0.00454,0.05200,-0.00584
-10.0,-2.0,10.0,0.04060,0.0345,-0.65000,0.00604,0.05100,-0.00588
-10.0,-2.0,15.0,0.10330,0.0298,-0.97700,0.00904,0.07200,-0.00492
-10.0,-2.0,20.0,0.13250,0.0332,-1.30200,0.00828,0.06500,-0.00412
-10.0,-2.0,25.0,0.14290,0.0343,-1.59500,0.00838,0.04800,-0.00238
-10.0,-2.0,30.0,0.16630,0.0297,-1.86100,0.00790,0.05100,0.00302
-10.0,-2.0,35.0,0.18010,0.0264,-2.07900,0.00538,0.03100,0.00994
-10.0,-2.0,40.0,0.17980,0.0123,-2.19900,0.00564,-0.00600,0.00584
-10.0,-2.0,45.0,0.16670,0.0279,-2.30600,0.00838,-0.03900,0.00944
-10.0,-2.0,50.0,0.15150,0.0302,-2.03100,0.00556,-0.03790,0.00884
-10.0,-2.0,55.0,0.14620,0.0424,-2.05800,0.00370,-0.01130,0.00418
-10.0,-2.0,60.0,0.13720,0.0474,-2.00500,0.00570,-0.07940,-0.00590
-10.0,-2.0,70.0,0.13530,0.0371,-1.98600,0.00666,-0.29240,-0.01794
-10.0,-2.0,80.0,0.11770,0.0212,-1.89200,0.00538,-0.41100,0.00566
-10.0,-2.0,90.0,0.12480,0.0203,-2.01900,0.00620,-0.57730,0.00174
-10.0,0.0,-20.0,-0.12230,0,1.22800,0.00000,0.08640,0.00000
-10.0,0.0,-15.0,-0.11880,0,1.05900,0.00000,0.03280,0.00000
-10.0,0.0,-10.0,-0.11470,0,0.81500,0.00000,0.00410,0.00000
-10.0,0.0,-5.0,-0.08930,0,0.35600,0.00000,0.00760,0.00000
-10.0,0.0,0.0,-0.06170,0,0.06400,0.00000,0.04300,0.00000
-10.0,0.0,5.0,-0.01720,0,-0.28700,0.00000,0.05010,0.00000
-10.0,0.0,10.0,0.03990,0,-0.65000,0.00000,0.05530,0.00000
-10.0,0.0,15.0,0.10270,0,-0.98000,0.00000,0.07060,0.00000
-10.0,0.0,20.0,0.13220,0,-1.30600,0.00000,0.06740,0.00000
-10.0,0.0,25.0,0.14070,0,-1.59400,0.00000,0.04920,0.00000
-10.0,0.0,30.0,0.16510,0,-1.86300,0.00000,0.05280,0.00000
-10.0,0.0,35.0,0.17950,0,-2.09000,0.00000,0.02780,0.00000
-10.0,0.0,40.0,0.17980,0,-2.21600,0.00000,-0.00940,0.00000
-10.0,0.0,45.0,0.16710,0,-2.26300,0.00000,-0.04110,0.00000
-10.0,0.0,50.0,0.15440,0,-2.09700,0.00000,-0.01290,0.00000
-10.0,0.0,55.0,0.14880,0,-2.08800,0.00000,0.02020,0.00000
-10.0,0.0,60.0,0.13830,0,-2.05100,0.00000,-0.07080,0.00000
-10.0,0.0,70.0,0.13280,0,-2.02700,0.00000,-0.31370,0.00000
-10.0,0.0,80.0,0.12110,0,-1.91600,0.00000,-0.42360,0.00000
-10.0,0.0,90.0,0.12470,0,-1.99800,0.00000,-0.57180,0.00000
-10.0,2.0,-20.0,-0.12460,-0.0232,1.25800,-0.00570,0.07820,-0.00246
-10.0,2.0,-15.0,-0.11850,-0.0188,1.06600,-0.00410,0.03530,0.00166
-10.0,2.0,-10.0,-0.10950,-0.0124,0.81300,-0.00212,0.01690,0.00356
-10.0,2.0,-5.0,-0.08850,-0.042,0.35200,-0.00384,0.00700,0.00594
-10.0,2.0,0.0,-0.06110,-0.0394,0.06200,-0.00320,0.04200,0.00586
-10.0,2.0,5.0,-0.01780,-0.0383,-0.28900,-0.00410,0.05200,0.00590
-10.0,2.0,10.0,0.03990,-0.0383,-0.65100,-0.00662,0.05200,0.00594
-10.0,2.0,15.0,0.10310,-0.0383,-0.98000,-0.00876,0.07100,0.00598
-10.0,2.0,20.0,0.13320,-0.0248,-1.29200,-0.00914,0.06900,0.00020
-10.0,2.0,25.0,0.14180,-0.0335,-1.59700,-0.00848,0.04600,0.00250
-10.0,2.0,30.0,0.16400,-0.0306,-1.86300,-0.00606,0.04800,-0.00342
-10.0,2.0,35.0,0.17930,-0.0214,-2.08100,0.00168,0.02800,-0.00998
-10.0,2.0,40.0,0.18100,-0.032,-2.19200,-0.00758,-0.02200,-0.00618
-10.0,2.0,45.0,0.16640,-0.0868,-2.30400,-0.00460,-0.04700,-0.02002
-10.0,2.0,50.0,0.15490,-0.0178,-2.11800,-0.00394,-0.02210,-0.00706
-10.0,2.0,55.0,0.14330,-0.0087,-2.06700,-0.00496,-0.01310,0.00092
-10.0,2.0,60.0,0.13560,-0.0048,-2.02100,-0.00278,-0.08870,0.00658
-10.0,2.0,70.0,0.13010,-0.0113,-1.94300,-0.00564,-0.31130,0.00346
-10.0,2.0,80.0,0.11950,-0.0203,-1.93800,-0.00426,-0.44450,-0.00058
-10.0,2.0,90.0,0.12620,-0.0263,-1.99000,-0.00024,-0.57280,-0.00364
-10.0,4.0,-20.0,-0.12470,-0.0467,1.25700,-0.01052,0.08110,-0.00352
-10.0,4.0,-15.0,-0.11870,-0.0402,1.04800,-0.00704,0.04260,0.00460
-10.0,4.0,-10.0,-0.10840,-0.043,0.80500,-0.00596,0.02270,0.00834
-10.0,4.0,-5.0,-0.08750,-0.0763,0.34900,-0.00846,0.00800,0.01210
-10.0,4.0,0.0,-0.06030,-0.0764,0.06100,-0.00702,0.04300,0.01298
-10.0,4.0,5.0,-0.01670,-0.0819,-0.29100,-0.00862,0.05100,0.01416
-10.0,4.0,10.0,0.04090,-0.0786,-0.64600,-0.01394,0.05300,0.01406
-10.0,4.0,15.0,0.10270,-0.077,-0.97800,-0.01860,0.07000,0.01362
-10.0,4.0,20.0,0.13380,-0.0558,-1.28900,-0.01782,0.06600,0.00492
-10.0,4.0,25.0,0.14430,-0.0677,-1.59500,-0.01686,0.04700,0.00716
-10.0,4.0,30.0,0.16430,-0.0647,-1.85600,-0.01204,0.04800,-0.00338
-10.0,4.0,35.0,0.18040,-0.0513,-2.07500,0.00054,0.02500,-0.01530
-10.0,4.0,40.0,0.17710,-0.0484,-2.19400,-0.01116,-0.02200,-0.01276
-10.0,4.0,45.0,0.16530,-0.1048,-2.30400,-0.00976,-0.05800,-0.03674
-10.0,4.0,50.0,0.15470,-0.0791,-2.13100,-0.00998,-0.04550,-0.02322
-10.0,4.0,55.0,0.13610,-0.0718,-1.97200,-0.01006,-0.05530,-0.00956
-10.0,4.0,60.0,0.13200,-0.0571,-1.91400,-0.00526,-0.10450,0.00846
-10.0,4.0,70.0,0.12630,-0.03,-1.83500,-0.00822,-0.30010,0.01438
-10.0,4.0,80.0,0.11950,-0.0361,-1.85600,-0.00816,-0.41850,0.00500
-10.0,4.0,90.0,0.12560,-0.0418,-2.00400,-0.00054,-0.56180,-0.00342
-10.0,6.0,-20.0,-0.12520,-0.0747,1.26800,-0.01344,0.08210,0.00058
-10.0,6.0,-15.0,-0.11820,-0.0681,1.05100,-0.01064,0.04810,0.00950
-10.0,6.0,-10.0,-0.10770,-0.0792,0.80400,-0.00898,0.02800,0.01552
-10.0,6.0,-5.0,-0.08590,-0.1177,0.34300,-0.01248,0.01000,0.02040
-10.0,6.0,0.0,-0.05950,-0.1191,0.05800,-0.01098,0.03700,0.02182
-10.0,6.0,5.0,-0.01560,-0.1233,-0.28900,-0.01308,0.05100,0.02226
-10.0,6.0,10.0,0.04150,-0.1204,-0.64200,-0.02118,0.05200,0.02340
-10.0,6.0,15.0,0.10180,-0.12,-0.97700,-0.02848,0.07000,0.02350
-10.0,6.0,20.0,0.13430,-0.0984,-1.28700,-0.02798,0.06200,0.01308
-10.0,6.0,25.0,0.14570,-0.1028,-1.59500,-0.02600,0.04400,0.01222
-10.0,6.0,30.0,0.16240,-0.0906,-1.83600,-0.01630,0.04500,-0.00354
-10.0,6.0,35.0,0.17820,-0.0806,-2.06700,-0.00120,0.01200,-0.01834
-10.0,6.0,40.0,0.17100,-0.0664,-2.08400,-0.01278,-0.04400,-0.02228
-10.0,6.0,45.0,0.16290,-0.1365,-2.24200,-0.01384,-0.07200,-0.04528
-10.0,6.0,50.0,0.15600,-0.106,-2.14200,-0.01272,-0.05420,-0.03894
-10.0,6.0,55.0,0.13700,-0.1065,-2.01600,-0.01502,-0.06020,-0.02132
-10.0,6.0,60.0,0.13870,-0.084,-1.95600,-0.01046,-0.12470,-0.00146
-10.0,6.0,70.0,0.12700,-0.0477,-1.92500,-0.01292,-0.28680,0.01530
-10.0,6.0,80.0,0.12250,-0.0655,-1.94300,-0.01300,-0.42680,-0.00414
-10.0,6.0,90.0,0.12560,-0.0611,-2.03600,-0.00746,-0.56800,-0.00578
-10.0,8.0,-20.0,-0.12570,-0.1078,1.26500,-0.01724,0.08470,0.00534
-10.0,8.0,-15.0,-0.11780,-0.1004,1.04000,-0.01164,0.04990,0.01684
-10.0,8.0,-10.0,-0.10630,-0.1171,0.80000,-0.01090,0.03110,0.02306
-10.0,8.0,-5.0,-0.08420,-0.1575,0.33700,-0.01544,0.01100,0.02942
-10.0,8.0,0.0,-0.05770,-0.1674,0.05300,-0.01486,0.03800,0.03152
-10.0,8.0,5.0,-0.01410,-0.1705,-0.29100,-0.01790,0.05100,0.03214
-10.0,8.0,10.0,0.04140,-0.1668,-0.63800,-0.02724,0.05200,0.03228
-10.0,8.0,15.0,0.10080,-0.1642,-0.96300,-0.03682,0.06800,0.03220
-10.0,8.0,20.0,0.13100,-0.1366,-1.27900,-0.03666,0.05500,0.02042
-10.0,8.0,25.0,0.14420,-0.1369,-1.58400,-0.03368,0.04300,0.01824
-10.0,8.0,30.0,0.16150,-0.1159,-1.81600,-0.02006,0.04000,-0.00378
-10.0,8.0,35.0,0.17490,-0.0971,-2.03400,0.00018,0.01300,-0.02382
-10.0,8.0,40.0,0.17020,-0.0958,-2.11000,-0.01470,-0.03800,-0.03302
-10.0,8.0,45.0,0.15970,-0.1541,-2.23500,-0.01476,-0.07500,-0.05710
-10.0,8.0,50.0,0.15380,-0.1177,-2.06200,-0.01952,-0.05940,-0.05212
-10.0,8.0,55.0,0.14050,-0.1225,-2.01900,-0.02242,-0.04240,-0.02694
-10.0,8.0,60.0,0.13230,-0.1047,-1.99800,-0.01506,-0.12640,-0.00938
-10.0,8.0,70.0,0.12810,-0.0715,-1.99300,-0.01602,-0.30760,0.01028
-10.0,8.0,80.0,0.12040,-0.0804,-1.94700,-0.01578,-0.42310,-0.00690
-10.0,8.0,90.0,0.12970,-0.0836,-2.10200,-0.01352,-0.58780,-0.00676
-10.0,10.0,-20.0,-0.12820,-0.1421,1.23600,-0.02006,0.09650,0.01054
-10.0,10.0,-15.0,-0.11840,-0.1317,1.05300,-0.01452,0.05240,0.02228
-10.0,10.0,-10.0,-0.10690,-0.1542,0.79700,-0.01244,0.03570,0.03092
-10.0,10.0,-5.0,-0.08120,-0.2072,0.32800,-0.01868,0.01200,0.03956
-10.0,10.0,0.0,-0.05610,-0.2134,0.04700,-0.01840,0.03780,0.04056
-10.0,10.0,5.0,-0.01330,-0.2173,-0.29300,-0.02174,0.05100,0.04058
-10.0,10.0,10.0,0.04120,-0.2171,-0.63500,-0.03304,0.05100,0.04126
-10.0,10.0,15.0,0.09830,-0.2056,-0.95100,-0.04312,0.06300,0.03912
-10.0,10.0,20.0,0.12980,-0.1729,-1.26600,-0.04432,0.05200,0.02616
-10.0,10.0,25.0,0.14390,-0.1692,-1.56600,-0.04062,0.04300,0.02176
-10.0,10.0,30.0,0.15930,-0.1353,-1.79500,-0.02388,0.03300,-0.00574
-10.0,10.0,35.0,0.16750,-0.1022,-1.98900,0.00466,0.00300,-0.03794
-10.0,10.0,40.0,0.16590,-0.1075,-2.11100,-0.01408,-0.04100,-0.04608
-10.0,10.0,45.0,0.15690,-0.183,-2.21000,-0.01948,-0.08100,-0.06956
-10.0,10.0,50.0,0.15440,-0.1508,-2.19200,-0.02132,-0.05150,-0.06440
-10.0,10.0,55.0,0.14310,-0.1468,-2.02500,-0.01898,-0.03190,-0.02768
-10.0,10.0,60.0,0.13100,-0.1242,-1.98500,-0.01692,-0.14140,-0.00998
-10.0,10.0,70.0,0.12680,-0.0859,-1.92100,-0.02008,-0.31240,0.00426
-10.0,10.0,80.0,0.11770,-0.1027,-1.84800,-0.01876,-0.41750,-0.00666
-10.0,10.0,90.0,0.12570,-0.1068,-2.00300,-0.01688,-0.57020,-0.00692
-10.0,15.0,-20.0,-0.12940,-0.2221,1.19600,-0.01504,0.12400,0.03186
-10.0,15.0,-15.0,-0.12160,-0.193,1.05100,-0.01940,0.08230,0.03192
-10.0,15.0,-10.0,-0.10790,-0.2482,0.77600,-0.01690,0.05850,0.04736
-10.0,15.0,-5.0,-0.07470,-0.3041,0.31700,-0.02078,0.02700,0.05382
-10.0,15.0,0.0,-0.05270,-0.3198,0.03500,-0.02116,0.04300,0.05662
-10.0,15.0,5.0,-0.00930,-0.3257,-0.29200,-0.02746,0.05100,0.05776
-10.0,15.0,10.0,0.03990,-0.3204,-0.62200,-0.04296,0.04300,0.05522
-10.0,15.0,15.0,0.09340,-0.3091,-0.92300,-0.05674,0.05900,0.05166
-10.0,15.0,20.0,0.12210,-0.2479,-1.22000,-0.05582,0.04600,0.02758
-10.0,15.0,25.0,0.14280,-0.2337,-1.50500,-0.05328,0.03400,0.02034
-10.0,15.0,30.0,0.15300,-0.1841,-1.73500,-0.03194,0.01600,-0.01438
-10.0,15.0,35.0,0.15290,-0.1632,-1.89600,-0.00272,-0.02100,-0.05170
-10.0,15.0,40.0,0.15180,-0.1539,-1.99600,-0.01830,-0.04700,-0.07110
-10.0,15.0,45.0,0.14810,-0.194,-2.12100,-0.02806,-0.08500,-0.08682
-10.0,15.0,50.0,0.14690,-0.2201,-2.04700,-0.03362,-0.06930,-0.06216
-10.0,15.0,55.0,0.13000,-0.209,-1.82000,-0.02980,-0.11040,-0.03710
-10.0,15.0,60.0,0.11790,-0.1885,-1.79200,-0.02496,-0.22090,-0.01988
-10.0,15.0,70.0,0.12150,-0.1266,-1.86300,-0.02860,-0.31680,-0.00538
-10.0,15.0,80.0,0.11430,-0.1554,-1.91100,-0.03006,-0.46930,-0.01080
-10.0,15.0,90.0,0.12130,-0.1547,-1.97600,-0.02376,-0.57890,-0.00476
-10.0,20.0,-20.0,-0.13270,-0.2861,1.15400,-0.00560,0.13760,0.04322
-10.0,20.0,-15.0,-0.12430,-0.254,1.03100,-0.01256,0.08910,0.04592
-10.0,20.0,-10.0,-0.10760,-0.3212,0.76900,-0.01124,0.08200,0.05600
-10.0,20.0,-5.0,-0.07220,-0.4001,0.30900,-0.02098,0.03900,0.06878
-10.0,20.0,0.0,-0.05150,-0.4315,0.04900,-0.02216,0.04500,0.07300
-10.0,20.0,5.0,-0.00870,-0.443,-0.27500,-0.03084,0.04900,0.07456
-10.0,20.0,10.0,0.03670,-0.4347,-0.58700,-0.05040,0.04200,0.07034
-10.0,20.0,15.0,0.08870,-0.3966,-0.86400,-0.06248,0.05300,0.05432
-10.0,20.0,20.0,0.12300,-0.328,-1.14600,-0.06660,0.03600,0.02638
-10.0,20.0,25.0,0.14400,-0.3044,-1.44500,-0.06562,0.01900,0.02100
-10.0,20.0,30.0,0.13900,-0.2743,-1.61300,-0.03908,-0.00500,-0.01124
-10.0,20.0,35.0,0.14510,-0.2282,-1.80000,-0.03080,-0.02600,-0.03890
-10.0,20.0,40.0,0.14270,-0.1575,-1.90000,-0.04006,-0.05000,-0.06640
-10.0,20.0,45.0,0.14780,-0.1506,-1.89100,-0.03664,-0.05600,-0.05996
-10.0,20.0,50.0,0.14050,-0.1565,-1.81900,-0.04022,-0.06580,-0.03612
-10.0,20.0,55.0,0.12150,-0.2153,-1.73200,-0.03808,-0.16140,-0.04386
-10.0,20.0,60.0,0.13800,-0.2077,-1.83600,-0.03436,-0.08360,-0.03136
-10.0,20.0,70.0,0.12920,-0.1534,-1.89300,-0.04246,-0.30340,-0.01538
-10.0,20.0,80.0,0.11550,-0.2075,-1.89900,-0.04020,-0.47370,-0.01656
-10.0,20.0,90.0,0.12060,-0.1986,-1.94700,-0.03518,-0.58580,-0.00954
-10.0,25.0,-20.0,-0.12590,-0.3461,1.10900,0.00426,0.14390,0.05276
-10.0,25.0,-15.0,-0.12530,-0.319,0.99900,-0.00150,0.08980,0.05534
-10.0,25.0,-10.0,-0.10740,-0.3842,0.76500,-0.00162,0.07070,0.06540
-10.0,25.0,-5.0,-0.06820,-0.5013,0.29500,-0.01954,0.05800,0.08258
-10.0,25.0,0.0,-0.04920,-0.5369,0.04400,-0.02254,0.05700,0.09048
-10.0,25.0,5.0,-0.01060,-0.5506,-0.24400,-0.03190,0.04300,0.08916
-10.0,25.0,10.0,0.03280,-0.5313,-0.52400,-0.05190,0.03800,0.08046
-10.0,25.0,15.0,0.08000,-0.4868,-0.79000,-0.06666,0.04000,0.06320
-10.0,25.0,20.0,0.12470,-0.4542,-1.09000,-0.07600,0.02000,0.04714
-10.0,25.0,25.0,0.14480,-0.4241,-1.37400,-0.07624,0.00200,0.03962
-10.0,25.0,30.0,0.13540,-0.36,-1.55700,-0.06634,-0.02400,0.00634
-10.0,25.0,35.0,0.13060,-0.3141,-1.69600,-0.04714,-0.02000,-0.01512
-10.0,25.0,40.0,0.14740,-0.1807,-1.78700,-0.06650,-0.01300,-0.00428
-10.0,25.0,45.0,0.14470,-0.1951,-1.65400,-0.05964,-0.05100,-0.02820
-10.0,25.0,50.0,0.13930,-0.1679,-1.69500,-0.05312,-0.05880,-0.01834
-10.0,25.0,55.0,0.13310,-0.1709,-1.74900,-0.04684,-0.06350,-0.00464
-10.0,25.0,60.0,0.13850,-0.1719,-1.82900,-0.04308,-0.07670,-0.00196
-10.0,25.0,70.0,0.12810,-0.2078,-1.83600,-0.05350,-0.31820,-0.02480
-10.0,25.0,80.0,0.11800,-0.2495,-1.91300,-0.05172,-0.45750,-0.02220
-10.0,25.0,90.0,0.12330,-0.2474,-2.00600,-0.04650,-0.60030,-0.01362
-10.0,30.0,-20.0,-0.12700,-0.4081,1.06300,0.00878,0.16310,0.04902
-10.0,30.0,-15.0,-0.12240,-0.398,0.95500,0.00906,0.10020,0.05882
-10.0,30.0,-10.0,-0.10260,-0.4382,0.74700,0.00924,0.07520,0.07060
-10.0,30.0,-5.0,-0.06310,-0.5794,0.30600,-0.01406,0.05200,0.09142
-10.0,30.0,0.0,-0.04660,-0.64,0.07600,-0.02020,0.05000,0.10466
-10.0,30.0,5.0,-0.01270,-0.6514,-0.20500,-0.03452,0.05200,0.10774
-10.0,30.0,10.0,0.02680,-0.6371,-0.46300,-0.05206,0.03000,0.10042
-10.0,30.0,15.0,0.07350,-0.61,-0.71700,-0.07228,0.04200,0.08676
-10.0,30.0,20.0,0.11940,-0.5698,-1.00500,-0.08276,0.02200,0.06552
-10.0,30.0,25.0,0.13480,-0.503,-1.30700,-0.08480,0.00500,0.05230
-10.0,30.0,30.0,0.11490,-0.4189,-1.47000,-0.09390,0.02800,0.03888
-10.0,30.0,35.0,0.12270,-0.3488,-1.61300,-0.06488,0.02300,0.01440
-10.0,30.0,40.0,0.13970,-0.2242,-1.70200,-0.07754,0.03300,0.01528
-10.0,30.0,45.0,0.14820,-0.2662,-1.69600,-0.07884,-0.00600,-0.01520
-10.0,30.0,50.0,0.13290,-0.2008,-1.50900,-0.06198,-0.06990,-0.00756
-10.0,30.0,55.0,0.13390,-0.2107,-1.66900,-0.06194,-0.06760,0.00370
-10.0,30.0,60.0,0.13410,-0.2099,-1.76000,-0.06110,-0.13310,0.00924
-10.0,30.0,70.0,0.12780,-0.2421,-1.82500,-0.06540,-0.30330,-0.02196
-10.0,30.0,80.0,0.12200,-0.2954,-1.85500,-0.06374,-0.41540,-0.02018
-10.0,30.0,90.0,0.12790,-0.3047,-1.98700,-0.06216,-0.60380,-0.02086
0.0,-30.0,-20.0,-0.1072,0.3677,1.091,-0.0153,0.0978,-0.0551
0.0,-30.0,-15.0,-0.1006,0.4019,0.905,-0.0132,0.056,-0.0561
0.0,-30.0,-10.0,-0.0853,0.4367,0.713,-0.0102,0.0342,-0.0666
0.0,-30.0,-5.0,-0.0546,0.5538,0.265,0.0087,-0.024,-0.0902
0.0,-30.0,0.0,-0.0355,0.6218,-0.006,0.0157,-0.055,-0.1058
0.0,-30.0,5.0,-0.0012,0.6544,-0.275,0.0318,-0.046,-0.1074
0.0,-30.0,10.0,0.0359,0.6255,-0.55,0.051,-0.067,-0.0981
0.0,-30.0,15.0,0.078,0.5885,-0.825,0.0732,-0.067,-0.0812
0.0,-30.0,20.0,0.1183,0.5783,-1.115,0.0895,-0.057,-0.0684
0.0,-30.0,25.0,0.1267,0.5005,-1.375,0.0884,-0.064,-0.0528
0.0,-30.0,30.0,0.0941,0.3751,-1.52,0.082,-0.045,-0.03
0.0,-30.0,35.0,0.0885,0.3292,-1.555,0.079,-0.022,-0.0098
0.0,-30.0,40.0,0.1089,0.447,-1.715,0.0721,0.045,-0.0025
0.0,-30.0,45.0,0.1232,0.1634,-1.625,0.0744,-0.001,-0.0111
0.0,-30.0,50.0,0.1135,0.1366,-1.57,0.0534,-0.009,-0.0256
0.0,-30.0,55.0,0.1137,0.1735,-1.775,0.0587,-0.051,-0.0302
0.0,-30.0,60.0,0.1037,0.2233,-1.9,0.065,-0.183,-0.0188
0.0,-30.0,70.0,0.0857,0.2609,-1.93,0.0663,-0.383,0.0296
0.0,-30.0,80.0,0.0842,0.3055,-2,0.0683,-0.483,0.0264
0.0,-30.0,90.0,0.0847,0.3078,-1.96,0.0701,-0.633,0.0274
0.0,-25.0,-20.0,-0.1061,0.307,1.14,-0.0028,0.0719,-0.0588
0.0,-25.0,-15.0,-0.1035,0.322,0.939,-0.0028,0.0357,-0.0527
0.0,-25.0,-10.0,-0.0901,0.3823,0.718,-0.0013,0.0167,-0.0637
0.0,-25.0,-5.0,-0.0597,0.4778,0.265,0.0153,-0.024,-0.0812
0.0,-25.0,0.0,-0.0381,0.5258,-0.03,0.019,-0.046,-0.0916
0.0,-25.0,5.0,0,0.5514,-0.315,0.0307,-0.064,-0.0916
0.0,-25.0,10.0,0.0491,0.5185,-0.62,0.051,-0.062,-0.0798
0.0,-25.0,15.0,0.0845,0.4665,-0.91,0.0679,-0.077,-0.0592
0.0,-25.0,20.0,0.1236,0.4633,-1.2,0.0815,-0.071,-0.0491
0.0,-25.0,25.0,0.1367,0.4195,-1.44,0.0785,-0.088,-0.0411
0.0,-25.0,30.0,0.1146,0.3161,-1.615,0.0505,-0.105,0.0002
0.0,-25.0,35.0,0.0964,0.2952,-1.665,0.061,-0.072,0.0168
0.0,-25.0,40.0,0.1166,0.3885,-1.83,0.0573,0.005,0.0054
0.0,-25.0,45.0,0.1197,0.0894,-1.57,0.0576,-0.052,0.001
0.0,-25.0,50.0,0.1185,0.1036,-1.735,0.0411,-0.013,-0.0136
0.0,-25.0,55.0,0.1195,0.1355,-1.9,0.0422,-0.018,-0.0228
0.0,-25.0,60.0,0.109,0.1713,-1.935,0.0481,-0.148,-0.0075
0.0,-25.0,70.0,0.0858,0.2279,-1.945,0.0538,-0.398,0.0316
0.0,-25.0,80.0,0.0807,0.2595,-2.045,0.0554,-0.518,0.0351
0.0,-25.0,90.0,0.0813,0.2498,-1.95,0.0534,-0.63,0.0128
0.0,-20.0,-20.0,-0.1129,0.246,1.203,0.0091,0.0621,-0.0496
0.0,-20.0,-15.0,-0.1025,0.2651,0.959,0.0077,0.0264,-0.0456
0.0,-20.0,-10.0,-0.0903,0.3185,0.706,0.0094,0.0194,-0.0545
0.0,-20.0,-5.0,-0.0637,0.3758,0.27,0.0186,-0.039,-0.0664
0.0,-20.0,0.0,-0.0404,0.4208,-0.05,0.0199,-0.059,-0.0749
0.0,-20.0,5.0,0.001,0.4294,-0.345,0.0296,-0.055,-0.0754
0.0,-20.0,10.0,0.0458,0.4225,-0.67,0.0496,-0.056,-0.0718
0.0,-20.0,15.0,0.0932,0.3755,-0.98,0.0638,-0.068,-0.0537
0.0,-20.0,20.0,0.1219,0.3383,-1.28,0.0692,-0.062,-0.029
0.0,-20.0,25.0,0.1359,0.3005,-1.51,0.0665,-0.077,-0.0223
0.0,-20.0,30.0,0.1182,0.2291,-1.71,0.0234,-0.092,0.0115
0.0,-20.0,35.0,0.1109,0.2112,-1.77,0.039,-0.092,0.0392
0.0,-20.0,40.0,0.1119,0.3025,-1.945,0.0302,-0.052,0.0683
0.0,-20.0,45.0,0.1228,0.0444,-1.785,0.0331,-0.06,0.0294
0.0,-20.0,50.0,0.1184,0.0916,-1.9,0.0262,-0.017,0.0058
0.0,-20.0,55.0,0.1146,0.1795,-1.97,0.032,-0.065,0.013
0.0,-20.0,60.0,0.1094,0.2083,-1.96,0.0387,-0.173,0.0211
0.0,-20.0,70.0,0.0857,0.1739,-1.94,0.0422,-0.382,0.021
0.0,-20.0,80.0,0.0787,0.2165,-2.075,0.043,-0.528,0.0254
0.0,-20.0,90.0,0.0798,0.1998,-1.9,0.041,-0.616,0.0118
0.0,-15.0,-20.0,-0.1096,0.1844,1.215,0.0188,0.043,-0.0406
0.0,-15.0,-15.0,-0.0998,0.1964,0.98,0.01453,0.0163,-0.0333
0.0,-15.0,-10.0,-0.0906,0.2462,0.711,0.0134,-0.0089,-0.0468
0.0,-15.0,-5.0,-0.0662,0.2818,0.275,0.0194,-0.055,-0.0523
0.0,-15.0,0.0,-0.0416,0.3088,-0.05,0.0207,-0.064,-0.0578
0.0,-15.0,5.0,0.0004,0.3124,-0.36,0.0272,-0.052,-0.0587
0.0,-15.0,10.0,0.049,0.3065,-0.705,0.0422,-0.053,-0.0568
0.0,-15.0,15.0,0.0979,0.2875,-1.035,0.0574,-0.059,-0.0513
0.0,-15.0,20.0,0.121,0.2563,-1.34,0.0579,-0.052,-0.0321
0.0,-15.0,25.0,0.1347,0.2295,-1.575,0.0536,-0.067,-0.0229
0.0,-15.0,30.0,0.1322,0.1411,-1.81,0.0143,-0.092,0.0164
0.0,-15.0,35.0,0.1187,0.1472,-1.885,0.0095,-0.088,0.0514
0.0,-15.0,40.0,0.121,0.2135,-2.065,0.0087,-0.061,0.0744
0.0,-15.0,45.0,0.1231,0.0894,-2,0.0248,-0.092,0.0612
0.0,-15.0,50.0,0.1171,0.1556,-2.05,0.0238,-0.035,0.0287
0.0,-15.0,55.0,0.1161,0.1725,-2.055,0.0261,-0.053,0.014
0.0,-15.0,60.0,0.1049,0.1883,-1.995,0.0301,-0.172,0.008
0.0,-15.0,70.0,0.0796,0.1469,-1.92,0.0307,-0.387,0.0092
0.0,-15.0,80.0,0.0778,0.1635,-2.08,0.0325,-0.506,0.018
0.0,-15.0,90.0,0.0824,0.1568,-2.01,0.0293,-0.616,0.0059
0.0,-10.0,-20.0,-0.1084,0.1062,1.239,0.0234,0.0054,-0.0219
0.0,-10.0,-15.0,-0.0966,0.1332,0.967,0.0104,-0.024,-0.0248
0.0,-10.0,-10.0,-0.0896,0.1513,0.705,0.0107,-0.041,-0.0297
0.0,-10.0,-5.0,-0.0727,0.1833,0.288,0.0183,-0.0758,-0.0366
0.0,-10.0,0.0,-0.045,0.2014,-0.036,0.0185,-0.066,-0.0413
0.0,-10.0,5.0,-0.0036,0.2028,-0.359,0.0219,-0.0514,-0.0415
0.0,-10.0,10.0,0.0503,0.2016,-0.719,0.0328,-0.0495,-0.0416
0.0,-10.0,15.0,0.1028,0.1837,-1.069,0.0433,-0.0536,-0.0375
0.0,-10.0,20.0,0.1287,0.1814,-1.379,0.0453,-0.0478,-0.0308
0.0,-10.0,25.0,0.1358,0.1643,-1.626,0.04,-0.0548,-0.024
0.0,-10.0,30.0,0.1385,0.0927,-1.91,0.0064,-0.0782,0.0091
0.0,-10.0,35.0,0.1333,0.0857,-1.998,0.0037,-0.0738,0.0396
0.0,-10.0,40.0,0.1351,0.0748,-2.188,0.005,-0.0662,0.0506
0.0,-10.0,45.0,0.1319,0.0782,-2.178,0.017,-0.0927,0.0451
0.0,-10.0,50.0,0.1243,0.0866,-2.165,0.0147,-0.078,0.0254
0.0,-10.0,55.0,0.1209,0.1104,-2.176,0.0176,-0.0477,0.004
0.0,-10.0,60.0,0.1109,0.123,-2.128,0.0229,-0.1512,-0.0061
0.0,-10.0,70.0,0.0851,0.1074,-1.929,0.0245,-0.3869,0.0003
0.0,-10.0,80.0,0.0791,0.1096,-2.045,0.0208,-0.485,0.0133
0.0,-10.0,90.0,0.0843,0.1089,-2.06,0.0205,-0.6067,0.0051
0.0,-8.0,-20.0,-0.104,0.085,1.201,0.0173,-0.0023,-0.0145
0.0,-8.0,-15.0,-0.0966,0.1039,0.96,0.0084,-0.0372,-0.0179
0.0,-8.0,-10.0,-0.0903,0.1156,0.699,0.0102,-0.051,-0.0233
0.0,-8.0,-5.0,-0.0755,0.1449,0.305,0.0156,-0.0773,-0.0277
0.0,-8.0,0.0,-0.0461,0.1553,-0.035,0.0153,-0.066,-0.0317
0.0,-8.0,5.0,-0.0042,0.1607,-0.364,0.018,-0.0507,-0.0329
0.0,-8.0,10.0,0.0508,0.1597,-0.727,0.0271,-0.0484,-0.0326
0.0,-8.0,15.0,0.1051,0.1473,-1.089,0.0357,-0.0514,-0.0301
0.0,-8.0,20.0,0.1308,0.1504,-1.405,0.0354,-0.0518,-0.0262
0.0,-8.0,25.0,0.1378,0.1409,-1.635,0.0326,-0.0539,-0.0188
0.0,-8.0,30.0,0.1504,0.1057,-1.977,0.0189,-0.0608,-0.0037
0.0,-8.0,35.0,0.1391,0.0581,-2.073,0.0029,-0.0639,0.034
0.0,-8.0,40.0,0.1376,0.0531,-2.183,0.0104,-0.0729,0.0351
0.0,-8.0,45.0,0.1324,0.0612,-2.272,0.0179,-0.0861,0.0369
0.0,-8.0,50.0,0.1279,0.0785,-2.254,0.0144,-0.0713,0.0231
0.0,-8.0,55.0,0.1211,0.0926,-2.184,0.0151,-0.052,0.0027
0.0,-8.0,60.0,0.1123,0.1051,-2.111,0.0192,-0.1428,-0.01
0.0,-8.0,70.0,0.0919,0.0941,-2.021,0.022,-0.3637,-0.0062
0.0,-8.0,80.0,0.0793,0.0871,-1.994,0.0149,-0.4785,0.0126
0.0,-8.0,90.0,0.0843,0.0843,-2.158,0.0188,-0.6366,0.0044
0.0,-6.0,-20.0,-0.0978,0.0677,1.171,0.0106,-0.0006,-0.0075
0.0,-6.0,-15.0,-0.096,0.0753,0.954,0.006,-0.0472,-0.0127
0.0,-6.0,-10.0,-0.0907,0.076,0.696,0.0081,-0.0608,-0.0145
0.0,-6.0,-5.0,-0.0767,0.1055,0.306,0.0125,-0.0802,-0.0194
0.0,-6.0,0.0,-0.0469,0.1138,-0.028,0.011,-0.0639,-0.0226
0.0,-6.0,5.0,-0.0049,0.1133,-0.362,0.0132,-0.0509,-0.0227
0.0,-6.0,10.0,0.0499,0.1131,-0.737,0.0207,-0.0467,-0.0232
0.0,-6.0,15.0,0.1069,0.1069,-1.105,0.0274,-0.0489,-0.0212
0.0,-6.0,20.0,0.1311,0.1116,-1.421,0.027,-0.0498,-0.0179
0.0,-6.0,25.0,0.1378,0.1029,-1.65,0.0254,-0.053,-0.0129
0.0,-6.0,30.0,0.154,0.0911,-1.997,0.0196,-0.0529,-0.0024
0.0,-6.0,35.0,0.1532,0.0651,-2.152,0.015,-0.0594,0.0163
0.0,-6.0,40.0,0.1479,0.0303,-2.301,0.0174,-0.0739,0.0207
0.0,-6.0,45.0,0.1308,0.0458,-2.21,0.0163,-0.1056,0.0293
0.0,-6.0,50.0,0.1279,0.0555,-2.288,0.013,-0.0774,0.0233
0.0,-6.0,55.0,0.1211,0.0663,-2.223,0.0117,-0.0583,-0.0023
0.0,-6.0,60.0,0.1181,0.0788,-2.173,0.0155,-0.1118,-0.0174
0.0,-6.0,70.0,0.115,0.0765,-2.161,0.016,-0.2706,-0.0128
0.0,-6.0,80.0,0.0805,0.0753,-2.048,0.0126,-0.4804,0.0107
0.0,-6.0,90.0,0.0853,0.0658,-2.112,0.0163,-0.6053,0.0031
0.0,-4.0,-20.0,-0.0959,0.038,1.157,0.009,0.0062,-0.0012
0.0,-4.0,-15.0,-0.0967,0.0442,0.951,0.0039,-0.059,-0.0057
0.0,-4.0,-10.0,-0.0918,0.0434,0.687,0.006,-0.07,-0.0079
0.0,-4.0,-5.0,-0.0778,0.0662,0.311,0.0088,-0.0802,-0.0117
0.0,-4.0,0.0,-0.0478,0.0726,-0.027,0.0071,-0.0615,-0.0138
0.0,-4.0,5.0,-0.0055,0.0767,-0.368,0.0089,-0.0501,-0.0145
0.0,-4.0,10.0,0.0509,0.0748,-0.741,0.0139,-0.0457,-0.0146
0.0,-4.0,15.0,0.1079,0.0652,-1.111,0.0187,-0.0456,-0.0121
0.0,-4.0,20.0,0.131,0.0703,-1.431,0.0171,-0.0463,-0.0102
0.0,-4.0,25.0,0.1346,0.0654,-1.655,0.0181,-0.052,-0.0072
0.0,-4.0,30.0,0.1545,0.063,-2.006,0.0133,-0.05,0.0009
0.0,-4.0,35.0,0.1599,0.0563,-2.171,0.0143,-0.0572,0.0103
0.0,-4.0,40.0,0.1516,0.036,-2.31,0.0124,-0.0789,0.0131
0.0,-4.0,45.0,0.1332,0.0398,-2.264,0.0191,-0.0966,0.0201
0.0,-4.0,50.0,0.1258,0.0399,-2.258,0.0091,-0.089,0.0105
0.0,-4.0,55.0,0.1195,0.046,-2.211,0.0065,-0.0663,-0.007
0.0,-4.0,60.0,0.1184,0.0546,-2.183,0.0094,-0.1094,-0.0219
0.0,-4.0,70.0,0.1087,0.0564,-2.16,0.0128,-0.2967,-0.0193
0.0,-4.0,80.0,0.0846,0.0498,-2.092,0.0036,-0.4869,0.0079
0.0,-4.0,90.0,0.0841,0.0446,-2.117,0.011,-0.6281,0.0027
0.0,-2.0,-20.0,-0.0932,0.0186,1.122,0.0041,0.0114,0.0002
0.0,-2.0,-15.0,-0.0974,0.0175,0.953,0.0025,-0.0674,-0.0018
0.0,-2.0,-10.0,-0.0929,0.0161,0.697,0.0011,-0.0813,-0.0031
0.0,-2.0,-5.0,-0.078,0.0325,0.285,0.0043,-0.0774,-0.0055
0.0,-2.0,0.0,-0.0485,0.0371,-0.027,0.0033,-0.0605,-0.0066
0.0,-2.0,5.0,-0.0071,0.0331,-0.368,0.0043,-0.0499,-0.0064
0.0,-2.0,10.0,0.0497,0.0345,-0.747,0.0056,-0.0444,-0.0062
0.0,-2.0,15.0,0.1078,0.0298,-1.111,0.009,-0.0419,-0.0052
0.0,-2.0,20.0,0.1286,0.0332,-1.422,0.0076,-0.0384,-0.0042
0.0,-2.0,25.0,0.1322,0.0343,-1.659,0.0081,-0.0499,-0.0029
0.0,-2.0,30.0,0.1548,0.0297,-2.002,0.0071,-0.0471,0.0025
0.0,-2.0,35.0,0.1611,0.0264,-2.182,0.0097,-0.0567,0.0069
0.0,-2.0,40.0,0.1552,0.0123,-2.314,0.0062,-0.082,0.0052
0.0,-2.0,45.0,0.1378,0.0279,-2.358,0.0115,-0.0862,0.0116
0.0,-2.0,50.0,0.1257,0.0302,-2.258,0.0056,-0.0913,0.0078
0.0,-2.0,55.0,0.1183,0.0424,-2.196,0.0045,-0.083,0.0043
0.0,-2.0,60.0,0.117,0.0474,-2.181,0.0063,-0.1266,-0.0079
0.0,-2.0,70.0,0.1089,0.0371,-2.12,0.0073,-0.2944,-0.0187
0.0,-2.0,80.0,0.0808,0.0212,-1.992,0.0045,-0.4605,0.0055
0.0,-2.0,90.0,0.0858,0.0203,-2.145,0.0066,-0.6217,0.0017
0.0,0.0,-20.0,-0.0933,0,1.116,0,0.0127,0
0.0,0.0,-15.0,-0.0978,0,0.959,0,-0.0755,0
0.0,0.0,-10.0,-0.0982,0,0.692,0,-0.1025,0
0.0,0.0,-5.0,-0.0784,0,0.287,0,-0.0744,0
0.0,0.0,0.0,-0.0489,0,-0.025,0,-0.0598,0
0.0,0.0,5.0,-0.0066,0,-0.367,0,-0.0498,0
0.0,0.0,10.0,0.049,0,-0.75,0,-0.0437,0
0.0,0.0,15.0,0.1072,0,-1.112,0,-0.0407,0
0.0,0.0,20.0,0.1283,0,-1.418,0,-0.0342,0
0.0,0.0,25.0,0.13,0,-1.658,0,-0.0507,0
0.0,0.0,30.0,0.1536,0,-2.008,0,-0.0459,0
0.0,0.0,35.0,0.1605,0,-2.2,0,-0.0605,0
0.0,0.0,40.0,0.1552,0,-2.328,0,-0.0835,0
0.0,0.0,45.0,0.1382,0,-2.311,0,-0.0923,0
0.0,0.0,50.0,0.1281,0,-2.326,0,-0.0826,0
0.0,0.0,55.0,0.12,0,-2.252,0,-0.0738,0
0.0,0.0,60.0,0.1147,0,-2.208,0,-0.1414,0
0.0,0.0,70.0,0.1025,0,-2.134,0,-0.3216,0
0.0,0.0,80.0,0.0821,0,-2.004,0,-0.4678,0
0.0,0.0,90.0,0.0864,0,-2.14,0,-0.6184,0
0.0,2.0,-20.0,-0.0956,-0.0232,1.156,-0.0031,0.0001,-0.0009
0.0,2.0,-15.0,-0.0975,-0.0188,0.966,-0.0029,-0.0712,0.0025
0.0,2.0,-10.0,-0.093,-0.0124,0.705,-0.0004,-0.0793,0.0028
0.0,2.0,-5.0,-0.0776,-0.042,0.286,-0.0038,-0.0774,0.0063
0.0,2.0,0.0,-0.0483,-0.0394,-0.028,-0.003,-0.06,0.0061
0.0,2.0,5.0,-0.0072,-0.0383,-0.368,-0.0037,-0.05,0.0061
0.0,2.0,10.0,0.049,-0.0383,-0.75,-0.0065,-0.0448,0.0063
0.0,2.0,15.0,0.1076,-0.0383,-1.112,-0.0088,-0.041,0.0063
0.0,2.0,20.0,0.1293,-0.0248,-1.408,-0.0085,-0.0329,0.0018
0.0,2.0,25.0,0.1311,-0.0335,-1.66,-0.0082,-0.0501,0.0033
0.0,2.0,30.0,0.1525,-0.0306,-2.006,-0.0057,-0.051,-0.0029
0.0,2.0,35.0,0.1603,-0.0214,-2.186,0.0016,-0.0605,-0.0097
0.0,2.0,40.0,0.1564,-0.032,-2.355,-0.0075,-0.0917,-0.0071
0.0,2.0,45.0,0.1375,-0.0868,-2.353,-0.0042,-0.0975,-0.0237
0.0,2.0,50.0,0.1258,-0.0178,-2.312,-0.0051,-0.0898,-0.0063
0.0,2.0,55.0,0.1185,-0.0087,-2.235,-0.004,-0.0851,0.0028
0.0,2.0,60.0,0.1141,-0.0048,-2.19,-0.0029,-0.1436,0.0075
0.0,2.0,70.0,0.1022,-0.0113,-2.085,-0.005,-0.3252,0.0039
0.0,2.0,80.0,0.0802,-0.0203,-2.019,-0.0045,-0.4883,-0.0001
0.0,2.0,90.0,0.0857,-0.0263,-2.113,0,-0.6163,-0.0018
0.0,4.0,-20.0,-0.0957,-0.0467,1.16,-0.0064,0.0023,0.0012
0.0,4.0,-15.0,-0.0977,-0.0402,0.964,-0.005,-0.06,0.0058
0.0,4.0,-10.0,-0.0919,-0.043,0.708,-0.0048,-0.0673,0.0075
0.0,4.0,-5.0,-0.0766,-0.0763,0.285,-0.0087,-0.0782,0.0127
0.0,4.0,0.0,-0.0475,-0.0764,-0.028,-0.0067,-0.0606,0.0135
0.0,4.0,5.0,-0.0061,-0.0819,-0.372,-0.0081,-0.0518,0.0148
0.0,4.0,10.0,0.05,-0.0786,-0.746,-0.0137,-0.0458,0.0147
0.0,4.0,15.0,0.1072,-0.077,-1.108,-0.0188,-0.0422,0.0141
0.0,4.0,20.0,0.1299,-0.0558,-1.405,-0.0177,-0.0366,0.0068
0.0,4.0,25.0,0.1336,-0.0677,-1.658,-0.0165,-0.0506,0.0088
0.0,4.0,30.0,0.1528,-0.0647,-2.001,-0.0118,-0.052,-0.0023
0.0,4.0,35.0,0.1614,-0.0513,-2.186,0.0003,-0.0625,-0.0147
0.0,4.0,40.0,0.1525,-0.0484,-2.321,-0.0108,-0.0971,-0.0136
0.0,4.0,45.0,0.1364,-0.1048,-2.35,-0.0108,-0.108,-0.0375
0.0,4.0,50.0,0.1228,-0.0791,-2.29,-0.0123,-0.1112,-0.0217
0.0,4.0,55.0,0.1153,-0.0718,-2.145,-0.0081,-0.1053,-0.0058
0.0,4.0,60.0,0.1126,-0.0571,-2.094,-0.0055,-0.1437,0.0103
0.0,4.0,70.0,0.1007,-0.03,-2.011,-0.0069,-0.3199,0.0151
0.0,4.0,80.0,0.0799,-0.0361,-1.93,-0.0086,-0.462,0.006
0.0,4.0,90.0,0.0828,-0.0418,-2.107,-0.0001,-0.6022,-0.0023
0.0,6.0,-20.0,-0.0962,-0.0747,1.175,-0.0084,0.0006,0.0059
0.0,6.0,-15.0,-0.0972,-0.0681,0.965,-0.008,-0.046,0.0111
0.0,6.0,-10.0,-0.0912,-0.0792,0.71,-0.0071,-0.0576,0.015
0.0,6.0,-5.0,-0.075,-0.1177,0.28,-0.0126,-0.0784,0.0214
0.0,6.0,0.0,-0.0467,-0.1191,-0.029,-0.0107,-0.0608,0.0225
0.0,6.0,5.0,-0.005,-0.1233,-0.368,-0.0126,-0.0526,0.0231
0.0,6.0,10.0,0.0506,-0.1204,-0.744,-0.0207,-0.048,0.024
0.0,6.0,15.0,0.1063,-0.12,-1.106,-0.0284,-0.0432,0.0243
0.0,6.0,20.0,0.1304,-0.0984,-1.403,-0.0271,-0.0426,0.0152
0.0,6.0,25.0,0.135,-0.1028,-1.655,-0.0258,-0.0526,0.0147
0.0,6.0,30.0,0.1509,-0.0906,-1.981,-0.0165,-0.0542,-0.0013
0.0,6.0,35.0,0.1592,-0.0806,-2.174,-0.0018,-0.0729,-0.0157
0.0,6.0,40.0,0.1464,-0.0664,-2.156,-0.0131,-0.1252,-0.0216
0.0,6.0,45.0,0.134,-0.1365,-2.299,-0.0148,-0.1168,-0.046
0.0,6.0,50.0,0.1221,-0.106,-2.277,-0.0152,-0.1201,-0.0355
0.0,6.0,55.0,0.116,-0.1065,-2.182,-0.0133,-0.105,-0.0172
0.0,6.0,60.0,0.1129,-0.084,-2.131,-0.0111,-0.1521,0.0043
0.0,6.0,70.0,0.1012,-0.0477,-2.108,-0.012,-0.3123,0.0163
0.0,6.0,80.0,0.0826,-0.0655,-2.014,-0.0134,-0.4744,-0.0033
0.0,6.0,90.0,0.0817,-0.0611,-2.101,-0.0067,-0.6073,-0.0031
0.0,8.0,-20.0,-0.0967,-0.1078,1.172,-0.0128,0.0033,0.0099
0.0,8.0,-15.0,-0.0968,-0.1004,0.959,-0.0086,-0.0393,0.018
0.0,8.0,-10.0,-0.0898,-0.1171,0.71,-0.0091,-0.05,0.0221
0.0,8.0,-5.0,-0.0733,-0.1575,0.271,-0.0158,-0.0782,0.0297
0.0,8.0,0.0,-0.0449,-0.1674,-0.031,-0.0147,-0.0617,0.0324
0.0,8.0,5.0,-0.0035,-0.1705,-0.37,-0.0173,-0.0532,0.0335
0.0,8.0,10.0,0.0505,-0.1668,-0.736,-0.0266,-0.049,0.0332
0.0,8.0,15.0,0.1053,-0.1642,-1.098,-0.0369,-0.0447,0.0334
0.0,8.0,20.0,0.1271,-0.1366,-1.396,-0.0365,-0.0532,0.0233
0.0,8.0,25.0,0.1335,-0.1369,-1.646,-0.033,-0.0539,0.0216
0.0,8.0,30.0,0.15,-0.1159,-1.961,-0.0205,-0.0612,-0.0003
0.0,8.0,35.0,0.1559,-0.0971,-2.149,-0.0017,-0.0747,-0.0189
0.0,8.0,40.0,0.1456,-0.0958,-2.281,-0.0145,-0.1071,-0.0329
0.0,8.0,45.0,0.1308,-0.1541,-2.29,-0.0156,-0.1209,-0.0565
0.0,8.0,50.0,0.1186,-0.1177,-2.184,-0.0212,-0.1277,-0.0456
0.0,8.0,55.0,0.1152,-0.1225,-2.165,-0.0187,-0.0988,-0.0239
0.0,8.0,60.0,0.1129,-0.1047,-2.15,-0.0163,-0.1459,-0.0013
0.0,8.0,70.0,0.0994,-0.0715,-2.125,-0.0165,-0.3385,0.0116
0.0,8.0,80.0,0.08,-0.0804,-2.018,-0.0159,-0.4792,-0.0069
0.0,8.0,90.0,0.0857,-0.0836,-2.169,-0.0124,-0.6281,-0.0048
0.0,10.0,-20.0,-0.0992,-0.1421,1.161,-0.0171,0.0177,0.0141
0.0,10.0,-15.0,-0.0974,-0.1317,0.978,-0.0116,-0.0287,0.0238
0.0,10.0,-10.0,-0.0904,-0.1542,0.709,-0.0102,-0.0424,0.0302
0.0,10.0,-5.0,-0.0703,-0.2072,0.26,-0.0186,-0.077,0.0398
0.0,10.0,0.0,-0.0433,-0.2134,-0.034,-0.0182,-0.0621,0.0414
0.0,10.0,5.0,-0.0027,-0.2173,-0.373,-0.0209,-0.0537,0.0421
0.0,10.0,10.0,0.0503,-0.2171,-0.735,-0.0322,-0.0498,0.0427
0.0,10.0,15.0,0.1028,-0.2056,-1.083,-0.043,-0.0484,0.0404
0.0,10.0,20.0,0.1259,-0.1729,-1.382,-0.044,-0.0555,0.0296
0.0,10.0,25.0,0.1332,-0.1692,-1.631,-0.0403,-0.056,0.0258
0.0,10.0,30.0,0.1478,-0.1353,-1.939,-0.0248,-0.068,-0.0019
0.0,10.0,35.0,0.1485,-0.1022,-2.104,0.0011,-0.0804,-0.0295
0.0,10.0,40.0,0.1413,-0.1075,-2.231,-0.0148,-0.1116,-0.044
0.0,10.0,45.0,0.128,-0.183,-2.255,-0.0206,-0.1243,-0.0694
0.0,10.0,50.0,0.118,-0.1508,-2.239,-0.0222,-0.1222,-0.0548
0.0,10.0,55.0,0.1135,-0.1468,-2.152,-0.0201,-0.1,-0.0258
0.0,10.0,60.0,0.1109,-0.1242,-2.114,-0.0188,-0.153,-0.0019
0.0,10.0,70.0,0.0952,-0.0859,-2.063,-0.022,-0.3487,0.0059
0.0,10.0,80.0,0.0709,-0.1027,-1.919,-0.0186,-0.4821,-0.0075
0.0,10.0,90.0,0.0816,-0.1068,-2.073,-0.0154,-0.6115,-0.0048
0.0,15.0,-20.0,-0.1004,-0.2221,1.145,-0.012,0.055,0.0333
0.0,15.0,-15.0,-0.1006,-0.193,0.98,-0.016,0.011,0.033
0.0,15.0,-10.0,-0.0914,-0.2482,0.71,-0.0135,-0.01,0.0474
0.0,15.0,-5.0,-0.0638,-0.3041,0.251,-0.0199,-0.0572,0.0553
0.0,15.0,0.0,-0.0399,-0.3198,-0.048,-0.0204,-0.0606,0.0579
0.0,15.0,5.0,0.0013,-0.3257,-0.377,-0.0263,-0.0545,0.0594
0.0,15.0,10.0,0.049,-0.3204,-0.725,-0.0418,-0.0534,0.0579
0.0,15.0,15.0,0.0979,-0.3091,-1.053,-0.0567,-0.0536,0.0541
0.0,15.0,20.0,0.1182,-0.2479,-1.336,-0.0569,-0.062,0.0309
0.0,15.0,25.0,0.1321,-0.2337,-1.57,-0.0538,-0.0649,0.0251
0.0,15.0,30.0,0.1415,-0.1841,-1.888,-0.0327,-0.0847,-0.0097
0.0,15.0,35.0,0.1339,-0.1632,-2.002,-0.0034,-0.093,-0.0415
0.0,15.0,40.0,0.1272,-0.1539,-2.095,-0.0185,-0.1057,-0.0677
0.0,15.0,45.0,0.1192,-0.194,-2.157,-0.0285,-0.1234,-0.0847
0.0,15.0,50.0,0.1108,-0.2201,-2.109,-0.0313,-0.122,-0.0574
0.0,15.0,55.0,0.1087,-0.209,-2.025,-0.0286,-0.1076,-0.0361
0.0,15.0,60.0,0.1049,-0.1885,-1.99,-0.026,-0.1709,-0.0156
0.0,15.0,70.0,0.0897,-0.1266,-1.97,-0.0282,-0.3486,-0.0023
0.0,15.0,80.0,0.0756,-0.1554,-2,-0.0303,-0.5022,-0.013
0.0,15.0,90.0,0.0797,-0.1547,-2.074,-0.0242,-0.6209,-0.0054
0.0,20.0,-20.0,-0.1037,-0.2861,1.115,-0.0022,0.074,0.0425
0.0,20.0,-15.0,-0.1033,-0.254,0.97,-0.009,0.022,0.045
0.0,20.0,-10.0,-0.0911,-0.3212,0.71,-0.0094,0.018,0.0552
0.0,20.0,-5.0,-0.0613,-0.4001,0.251,-0.0189,-0.04,0.0693
0.0,20.0,0.0,-0.0387,-0.4315,-0.037,-0.0196,-0.0587,0.0746
0.0,20.0,5.0,0.0019,-0.443,-0.36,-0.0288,-0.0564,0.0762
0.0,20.0,10.0,0.0458,-0.4347,-0.689,-0.0486,-0.0555,0.0727
0.0,20.0,15.0,0.0932,-0.3966,-0.999,-0.0624,-0.0609,0.0566
0.0,20.0,20.0,0.1191,-0.328,-1.271,-0.0682,-0.0705,0.0279
0.0,20.0,25.0,0.1333,-0.3044,-1.513,-0.0669,-0.0761,0.0242
0.0,20.0,30.0,0.1275,-0.2743,-1.799,-0.0418,-0.0849,-0.0042
0.0,20.0,35.0,0.1261,-0.2282,-1.897,-0.0326,-0.0974,-0.0291
0.0,20.0,40.0,0.1181,-0.1575,-1.991,-0.0399,-0.0979,-0.0622
0.0,20.0,45.0,0.1189,-0.1506,-2.002,-0.0364,-0.0897,-0.053
0.0,20.0,50.0,0.1121,-0.1565,-1.986,-0.0337,-0.0852,-0.0346
0.0,20.0,55.0,0.1072,-0.2153,-1.965,-0.0346,-0.1152,-0.0355
0.0,20.0,60.0,0.1094,-0.2077,-1.986,-0.0346,-0.1741,-0.0284
0.0,20.0,70.0,0.0958,-0.1534,-2.016,-0.0397,-0.3445,-0.0141
0.0,20.0,80.0,0.0765,-0.2075,-2.034,-0.0408,-0.5242,-0.0198
0.0,20.0,90.0,0.0771,-0.1986,-2.038,-0.0359,-0.621,-0.0111
0.0,25.0,-20.0,-0.0969,-0.3461,1.07,0.0097,0.084,0.0516
0.0,25.0,-15.0,-0.1043,-0.319,0.945,0.0015,0.031,0.0521
0.0,25.0,-10.0,-0.0909,-0.3842,0.71,0.0013,0.014,0.0646
0.0,25.0,-5.0,-0.0573,-0.5013,0.234,-0.0157,-0.0251,0.0843
0.0,25.0,0.0,-0.0364,-0.5369,-0.033,-0.0187,-0.0484,0.0914
0.0,25.0,5.0,0,-0.5506,-0.335,-0.0299,-0.0619,0.0914
0.0,25.0,10.0,0.0419,-0.5313,-0.626,-0.0501,-0.0619,0.0809
0.0,25.0,15.0,0.0845,-0.4868,-0.924,-0.0663,-0.0715,0.0622
0.0,25.0,20.0,0.1208,-0.4542,-1.21,-0.0804,-0.08,0.0479
0.0,25.0,25.0,0.1341,-0.4241,-1.442,-0.0788,-0.0888,0.0429
0.0,25.0,30.0,0.1239,-0.36,-1.651,-0.0687,-0.0971,0.0069
0.0,25.0,35.0,0.1116,-0.3141,-1.76,-0.0547,-0.0775,-0.0068
0.0,25.0,40.0,0.1228,-0.1807,-1.86,-0.0671,-0.0402,0.0012
0.0,25.0,45.0,0.1158,-0.1951,-1.648,-0.0608,-0.082,-0.0246
0.0,25.0,50.0,0.1122,-0.1679,-1.848,-0.0486,-0.0648,-0.0161
0.0,25.0,55.0,0.1121,-0.1709,-1.931,-0.0448,-0.0589,0.0014
0.0,25.0,60.0,0.109,-0.1719,-1.962,-0.044,-0.1475,0.0004
0.0,25.0,70.0,0.0959,-0.2078,-1.947,-0.0513,-0.3593,-0.0246
0.0,25.0,80.0,0.0785,-0.2495,-2.032,-0.0532,-0.5145,-0.0242
0.0,25.0,90.0,0.0786,-0.2474,-2.088,-0.0483,-0.6351,-0.0121
0.0,30.0,-20.0,-0.098,-0.4081,1.015,0.0225,0.11,0.0477
0.0,30.0,-15.0,-0.1014,-0.398,0.91,0.0119,0.046,0.0553
0.0,30.0,-10.0,-0.0861,-0.4382,0.71,0.0108,0.032,0.0674
0.0,30.0,-5.0,-0.0522,-0.5794,0.247,-0.0095,-0.026,0.0933
0.0,30.0,0.0,-0.0338,-0.64,-0.006,-0.0154,-0.0517,0.1055
0.0,30.0,5.0,-0.0021,-0.6514,-0.292,-0.031,-0.0651,0.1079
0.0,30.0,10.0,0.0359,-0.6371,-0.564,-0.0501,-0.0658,0.0995
0.0,30.0,15.0,0.078,-0.61,-0.84,-0.0714,-0.0613,0.084
0.0,30.0,20.0,0.1155,-0.5698,-1.113,-0.0884,-0.066,0.0674
0.0,30.0,25.0,0.1241,-0.503,-1.367,-0.0882,-0.0633,0.0547
0.0,30.0,30.0,0.1034,-0.4189,-1.55,-0.1003,-0.0364,0.037
0.0,30.0,35.0,0.1037,-0.3488,-1.663,-0.0726,-0.0279,0.0194
0.0,30.0,40.0,0.1151,-0.2242,-1.747,-0.0815,0.0022,0.0202
0.0,30.0,45.0,0.1193,-0.2662,-1.702,-0.0778,-0.0294,-0.0126
0.0,30.0,50.0,0.1072,-0.2008,-1.649,-0.0609,-0.0624,-0.0046
0.0,30.0,55.0,0.1063,-0.2107,-1.8,-0.0613,-0.1047,0.0073
0.0,30.0,60.0,0.1037,-0.2099,-1.876,-0.0609,-0.1841,0.011
0.0,30.0,70.0,0.0958,-0.2421,-1.924,-0.0638,-0.3444,-0.0228
0.0,30.0,80.0,0.082,-0.2954,-1.958,-0.0661,-0.4788,-0.0209
0.0,30.0,90.0,0.082,-0.3047,-2.06,-0.065,-0.6381,-0.0163
10.0,-30.0,-20.0,-0.10230,0.3677,1.02100,-0.0147,0.02000,-0.05258
10.0,-30.0,-15.0,-0.10380,0.4019,0.81500,-0.01036,-0.01530,-0.05362
10.0,-30.0,-10.0,-0.09630,0.4367,0.62200,-0.00612,-0.05490,-0.06292
10.0,-30.0,-5.0,-0.06640,0.5538,0.18100,0.01206,-0.11200,-0.08444
10.0,-30.0,0.0,-0.04720,0.6218,-0.06900,0.0201,-0.11700,-0.10024
10.0,-30.0,5.0,-0.01460,0.6544,-0.33900,0.03616,-0.10500,-0.09884
10.0,-30.0,10.0,0.01820,0.6255,-0.58500,0.05548,-0.09700,-0.0917
10.0,-30.0,15.0,0.05370,0.5885,-0.84300,0.07496,-0.09700,-0.07556
10.0,-30.0,20.0,0.08710,0.5783,-1.10400,0.0869,-0.06200,-0.05696
10.0,-30.0,25.0,0.09160,0.5005,-1.36200,0.08872,-0.07500,-0.0426
10.0,-30.0,30.0,0.05090,0.3751,-1.52000,0.08084,-0.08800,-0.02264
10.0,-30.0,35.0,0.04810,0.3292,-1.69000,0.07744,-0.10500,-0.00516
10.0,-30.0,40.0,0.06640,0.447,-1.84900,0.07018,-0.04380,-0.00138
10.0,-30.0,45.0,0.08460,0.1634,-1.59000,0.07576,-0.14480,-0.01262
10.0,-30.0,50.0,0.09080,0.1366,-1.70700,0.0568,-0.15300,-0.02412
10.0,-30.0,55.0,0.08420,0.1735,-1.73500,0.05426,-0.07600,-0.03884
10.0,-30.0,60.0,0.07490,0.2233,-1.79900,0.06344,-0.17100,-0.02208
10.0,-30.0,70.0,0.05040,0.2609,-1.75300,0.06594,-0.40010,0.02408
10.0,-30.0,80.0,0.04210,0.3055,-2.06700,0.0665,-0.50820,0.02008
10.0,-30.0,90.0,0.04330,0.3078,-2.00800,0.06634,-0.63680,0.02116
10.0,-25.0,-20.0,-0.10120,0.307,1.06600,-0.00204,-0.00360,-0.05588
10.0,-25.0,-15.0,-0.10670,0.322,0.83800,-0.00036,-0.03850,-0.05014
10.0,-25.0,-10.0,-0.10110,0.3823,0.61800,0.00218,-0.07920,-0.05958
10.0,-25.0,-5.0,-0.07150,0.4778,0.17600,0.01702,-0.12400,-0.07728
10.0,-25.0,0.0,-0.04980,0.5258,-0.10000,0.02184,-0.12700,-0.08768
10.0,-25.0,5.0,-0.01340,0.5514,-0.40000,0.03346,-0.13300,-0.08492
10.0,-25.0,10.0,0.02420,0.5185,-0.63000,0.05444,-0.11200,-0.0768
10.0,-25.0,15.0,0.06020,0.4665,-0.94700,0.06858,-0.11800,-0.05616
10.0,-25.0,20.0,0.09240,0.4633,-1.20000,0.08066,-0.08300,-0.04366
10.0,-25.0,25.0,0.10160,0.4195,-1.45800,0.0775,-0.10300,-0.03306
10.0,-25.0,30.0,0.07140,0.3161,-1.63000,0.04838,-0.16800,0.0058
10.0,-25.0,35.0,0.05600,0.2952,-1.85600,0.05912,-0.16110,0.02136
10.0,-25.0,40.0,0.07410,0.3885,-1.94900,0.0577,-0.10790,0.01096
10.0,-25.0,45.0,0.08110,0.0894,-1.48400,0.05956,-0.09310,0.00032
10.0,-25.0,50.0,0.09850,0.1036,-1.89100,0.04542,-0.13300,-0.01512
10.0,-25.0,55.0,0.08690,0.1355,-1.83800,0.03876,-0.06300,-0.03108
10.0,-25.0,60.0,0.08230,0.1713,-1.88900,0.04598,-0.12000,-0.01278
10.0,-25.0,70.0,0.05000,0.2279,-1.75200,0.05236,-0.40440,0.02976
10.0,-25.0,80.0,0.03800,0.2595,-2.12300,0.05348,-0.53380,0.02834
10.0,-25.0,90.0,0.04040,0.2498,-2.02000,0.05148,-0.63260,0.01172
10.0,-20.0,-20.0,-0.10800,0.246,1.11600,0.0097,-0.01070,-0.04744
10.0,-20.0,-15.0,-0.10570,0.2651,0.84600,0.01022,-0.05250,-0.04344
10.0,-20.0,-10.0,-0.10130,0.3185,0.60300,0.01088,-0.09320,-0.05178
10.0,-20.0,-5.0,-0.07550,0.3758,0.17900,0.0186,-0.15200,-0.06452
10.0,-20.0,0.0,-0.05210,0.4208,-0.12500,0.02174,-0.15200,-0.0727
10.0,-20.0,5.0,-0.01240,0.4294,-0.44400,0.03196,-0.14400,-0.0716
10.0,-20.0,10.0,0.02810,0.4225,-0.71500,0.0518,-0.12200,-0.0692
10.0,-20.0,15.0,0.06890,0.3755,-1.03100,0.0632,-0.13300,-0.05166
10.0,-20.0,20.0,0.09070,0.3383,-1.28700,0.06928,-0.09700,-0.02688
10.0,-20.0,25.0,0.10080,0.3005,-1.56000,0.0653,-0.11300,-0.01866
10.0,-20.0,30.0,0.07500,0.2291,-1.74000,0.0218,-0.16500,0.01782
10.0,-20.0,35.0,0.07050,0.2112,-2.00600,0.03732,-0.18620,0.04348
10.0,-20.0,40.0,0.06940,0.3025,-2.05400,0.03,-0.12810,0.0689
10.0,-20.0,45.0,0.08420,0.0444,-1.74100,0.0363,-0.13190,0.02668
10.0,-20.0,50.0,0.10110,0.0916,-2.01300,0.03144,-0.12800,0.0004
10.0,-20.0,55.0,0.07900,0.1795,-1.84400,0.02952,-0.15200,0.00568
10.0,-20.0,60.0,0.08490,0.2083,-1.91700,0.03606,-0.13500,0.01434
10.0,-20.0,70.0,0.05040,0.1739,-1.79700,0.03964,-0.37890,0.02268
10.0,-20.0,80.0,0.03550,0.2165,-2.10700,0.041,-0.53330,0.02252
10.0,-20.0,90.0,0.03950,0.1998,-1.95500,0.04088,-0.61740,0.01176
10.0,-15.0,-20.0,-0.10470,0.1844,1.12600,0.02036,-0.03340,-0.04148
10.0,-15.0,-15.0,-0.10300,0.1964,0.86300,0.017078,-0.07430,-0.03294
10.0,-15.0,-10.0,-0.10160,0.2462,0.60900,0.01408,-0.12260,-0.04504
10.0,-15.0,-5.0,-0.07800,0.2818,0.18400,0.0198,-0.16800,-0.05166
10.0,-15.0,0.0,-0.05330,0.3088,-0.13100,0.02102,-0.15900,-0.05708
10.0,-15.0,5.0,-0.01300,0.3124,-0.47400,0.02772,-0.15500,-0.05646
10.0,-15.0,10.0,0.03130,0.3065,-0.76800,0.04348,-0.13500,-0.05544
10.0,-15.0,15.0,0.07360,0.2875,-1.09700,0.0562,-0.15100,-0.05062
10.0,-15.0,20.0,0.08980,0.2563,-1.35600,0.05706,-0.10600,-0.03062
10.0,-15.0,25.0,0.09960,0.2295,-1.65500,0.05312,-0.10800,-0.01966
10.0,-15.0,30.0,0.08900,0.1411,-1.85400,0.01022,-0.17200,0.01952
10.0,-15.0,35.0,0.07830,0.1472,-2.13600,0.00854,-0.20950,0.05284
10.0,-15.0,40.0,0.07850,0.2135,-2.16900,0.00722,-0.14850,0.07616
10.0,-15.0,45.0,0.08450,0.0894,-2.00000,0.02792,-0.17930,0.05948
10.0,-15.0,50.0,0.09990,0.1556,-2.25500,0.02732,-0.14700,0.02406
10.0,-15.0,55.0,0.08820,0.1725,-1.90400,0.02162,-0.05700,-0.00388
10.0,-15.0,60.0,0.07940,0.1883,-1.94200,0.02858,-0.14000,-0.00068
10.0,-15.0,70.0,0.04670,0.1469,-1.77900,0.02738,-0.40500,0.0102
10.0,-15.0,80.0,0.03970,0.1635,-2.14500,0.03098,-0.52530,0.01548
10.0,-15.0,90.0,0.04670,0.1568,-2.07600,0.02978,-0.62170,0.00498
10.0,-10.0,-20.0,-0.10350,0.1062,1.13900,0.02396,-0.07780,-0.02174
10.0,-10.0,-15.0,-0.09980,0.1332,0.85400,0.01252,-0.12330,-0.02292
10.0,-10.0,-10.0,-0.10060,0.1513,0.60600,0.01198,-0.15210,-0.0289
10.0,-10.0,-5.0,-0.08450,0.1833,0.19800,0.01822,-0.18300,-0.03668
10.0,-10.0,0.0,-0.05670,0.2014,-0.12200,0.01862,-0.16000,-0.04086
10.0,-10.0,5.0,-0.01700,0.2028,-0.48000,0.02194,-0.15500,-0.04114
10.0,-10.0,10.0,0.03260,0.2016,-0.80600,0.03292,-0.14200,-0.04108
10.0,-10.0,15.0,0.07850,0.1837,-1.13300,0.04338,-0.15200,-0.03678
10.0,-10.0,20.0,0.09750,0.1814,-1.40400,0.04426,-0.13400,-0.03092
10.0,-10.0,25.0,0.10070,0.1643,-1.74100,0.03624,-0.13700,-0.02316
10.0,-10.0,30.0,0.09530,0.0927,-1.96800,0.002,-0.17100,0.0099
10.0,-10.0,35.0,0.09290,0.0857,-2.25200,0.00102,-0.19510,0.04096
10.0,-10.0,40.0,0.09260,0.0748,-2.29000,0.00292,-0.14050,0.05172
10.0,-10.0,45.0,0.09330,0.0782,-2.19300,0.01768,-0.15180,0.04526
10.0,-10.0,50.0,0.10630,0.0866,-2.14100,0.0165,-0.10770,0.02764
10.0,-10.0,55.0,0.10250,0.1104,-2.13300,0.0112,-0.00750,-0.00684
10.0,-10.0,60.0,0.08310,0.123,-2.09700,0.0225,-0.15880,-0.00914
10.0,-10.0,70.0,0.08130,0.1074,-1.98700,0.0221,-0.34190,-0.00022
10.0,-10.0,80.0,0.04200,0.1096,-2.05300,0.01964,-0.48770,0.01122
10.0,-10.0,90.0,0.04950,0.1089,-2.02600,0.02074,-0.59090,0.00546
10.0,-8.0,-20.0,-0.09910,0.085,1.10800,0.01618,-0.09440,-0.01414
10.0,-8.0,-15.0,-0.09980,0.1039,0.84800,0.00924,-0.13760,-0.0169
10.0,-8.0,-10.0,-0.10130,0.1156,0.60200,0.01044,-0.16090,-0.0223
10.0,-8.0,-5.0,-0.08730,0.1449,0.21200,0.01504,-0.18800,-0.02822
10.0,-8.0,0.0,-0.05780,0.1553,-0.12000,0.01506,-0.16000,-0.03146
10.0,-8.0,5.0,-0.01760,0.1607,-0.48000,0.018,-0.15500,-0.03262
10.0,-8.0,10.0,0.03310,0.1597,-0.81000,0.0269,-0.14200,-0.03268
10.0,-8.0,15.0,0.08080,0.1473,-1.14700,0.0363,-0.15000,-0.02962
10.0,-8.0,20.0,0.09960,0.1504,-1.43100,0.03452,-0.14200,-0.02652
10.0,-8.0,25.0,0.10270,0.1409,-1.77100,0.02812,-0.14400,-0.01912
10.0,-8.0,30.0,0.10720,0.1057,-2.03700,0.01582,-0.15500,-0.00486
10.0,-8.0,35.0,0.09870,0.0581,-2.25500,-0.00134,-0.17600,0.03568
10.0,-8.0,40.0,0.09510,0.0531,-2.36100,0.00748,-0.12720,0.03594
10.0,-8.0,45.0,0.09380,0.0612,-2.27900,0.01726,-0.12640,0.03666
10.0,-8.0,50.0,0.10610,0.0785,-2.20000,0.01572,-0.10300,0.02614
10.0,-8.0,55.0,0.10100,0.0926,-2.15900,0.01086,-0.04600,-0.0027
10.0,-8.0,60.0,0.08410,0.1051,-2.06500,0.01812,-0.16340,-0.01152
10.0,-8.0,70.0,0.08110,0.0941,-2.04800,0.0202,-0.33640,-0.00528
10.0,-8.0,80.0,0.04170,0.0871,-1.91100,0.01446,-0.48480,0.0114
10.0,-8.0,90.0,0.04920,0.0843,-2.11600,0.01848,-0.62140,0.00476
10.0,-6.0,-20.0,-0.09290,0.0677,1.10300,0.01084,-0.09260,-0.00634
10.0,-6.0,-15.0,-0.09920,0.0753,0.84400,0.00624,-0.14660,-0.01142
10.0,-6.0,-10.0,-0.10170,0.076,0.59900,0.00838,-0.16880,-0.01406
10.0,-6.0,-5.0,-0.08850,0.1055,0.21300,0.01194,-0.19100,-0.01996
10.0,-6.0,0.0,-0.05860,0.1138,-0.11400,0.0108,-0.15900,-0.02248
10.0,-6.0,5.0,-0.01830,0.1133,-0.48100,0.01344,-0.15500,-0.02254
10.0,-6.0,10.0,0.03220,0.1131,-0.82400,0.02074,-0.15100,-0.02324
10.0,-6.0,15.0,0.08260,0.1069,-1.16700,0.02856,-0.15500,-0.02052
10.0,-6.0,20.0,0.09990,0.1116,-1.44600,0.02592,-0.13800,-0.01806
10.0,-6.0,25.0,0.10270,0.1029,-1.77100,0.0222,-0.15300,-0.0141
10.0,-6.0,30.0,0.11080,0.0911,-2.07000,0.01612,-0.15000,-0.00396
10.0,-6.0,35.0,0.11280,0.0651,-2.26000,0.00892,-0.15140,0.0175
10.0,-6.0,40.0,0.10540,0.0303,-2.34300,0.01468,-0.13010,0.0225
10.0,-6.0,45.0,0.09220,0.0458,-2.18600,0.01542,-0.10530,0.0291
10.0,-6.0,50.0,0.10180,0.0555,-2.20400,0.01384,-0.11110,0.0271
10.0,-6.0,55.0,0.09930,0.0663,-2.21700,0.00966,-0.08650,-0.00226
10.0,-6.0,60.0,0.08960,0.0788,-2.11200,0.01574,-0.14550,-0.01736
10.0,-6.0,70.0,0.09720,0.0765,-2.15700,0.0148,-0.26100,-0.0104
10.0,-6.0,80.0,0.04240,0.0753,-1.97400,0.01292,-0.49020,0.01038
10.0,-6.0,90.0,0.04990,0.0658,-2.06100,0.01638,-0.59060,0.0035
10.0,-4.0,-20.0,-0.09100,0.038,1.07000,0.0074,-0.08550,-0.00144
10.0,-4.0,-15.0,-0.09990,0.0442,0.84100,0.00474,-0.15510,-0.00458
10.0,-4.0,-10.0,-0.10280,0.0434,0.59200,0.00496,-0.17740,-0.00766
10.0,-4.0,-5.0,-0.08960,0.0662,0.21500,0.00852,-0.19200,-0.01214
10.0,-4.0,0.0,-0.05950,0.0726,-0.11200,0.00658,-0.15700,-0.01392
10.0,-4.0,5.0,-0.01890,0.0767,-0.48600,0.0093,-0.15500,-0.01378
10.0,-4.0,10.0,0.03270,0.0748,-0.83300,0.01418,-0.15300,-0.01416
10.0,-4.0,15.0,0.08360,0.0652,-1.17500,0.01974,-0.15500,-0.01154
10.0,-4.0,20.0,0.09980,0.0703,-1.45300,0.01714,-0.13400,-0.00976
10.0,-4.0,25.0,0.09950,0.0654,-1.78200,0.0163,-0.15400,-0.00788
10.0,-4.0,30.0,0.11130,0.063,-2.08100,0.01042,-0.14700,-0.00026
10.0,-4.0,35.0,0.11950,0.0563,-2.32600,0.01198,-0.14440,0.01014
10.0,-4.0,40.0,0.10910,0.036,-2.37500,0.00956,-0.13670,0.01462
10.0,-4.0,45.0,0.09460,0.0398,-2.26200,0.01806,-0.15750,0.01958
10.0,-4.0,50.0,0.09960,0.0399,-2.16500,0.00958,-0.11540,0.01386
10.0,-4.0,55.0,0.09800,0.046,-2.20900,0.00574,-0.06140,-0.00484
10.0,-4.0,60.0,0.09080,0.0546,-2.12300,0.00972,-0.14440,-0.02126
10.0,-4.0,70.0,0.09500,0.0564,-2.14900,0.01216,-0.27140,-0.01686
10.0,-4.0,80.0,0.04780,0.0498,-2.02400,0.00416,-0.49700,0.00798
10.0,-4.0,90.0,0.04840,0.0446,-2.05700,0.01124,-0.61460,0.00302
10.0,-2.0,-20.0,-0.08840,0.0186,1.04100,0.0037,-0.08150,0.00016
10.0,-2.0,-15.0,-0.10060,0.0175,0.84600,0.00258,-0.16630,-0.0016
10.0,-2.0,-10.0,-0.10390,0.0161,0.60000,0.00098,-0.18800,-0.00286
10.0,-2.0,-5.0,-0.08980,0.0325,0.20200,0.00414,-0.18900,-0.00574
10.0,-2.0,0.0,-0.06020,0.0371,-0.11500,0.00302,-0.16200,-0.00656
10.0,-2.0,5.0,-0.02050,0.0331,-0.48700,0.00518,-0.15800,-0.00572
10.0,-2.0,10.0,0.03200,0.0345,-0.84400,0.00632,-0.15700,-0.00616
10.0,-2.0,15.0,0.08350,0.0298,-1.18200,0.00988,-0.15200,-0.00504
10.0,-2.0,20.0,0.09740,0.0332,-1.44500,0.00772,-0.13000,-0.00392
10.0,-2.0,25.0,0.09710,0.0343,-1.79400,0.0073,-0.15400,-0.00306
10.0,-2.0,30.0,0.11160,0.0297,-2.08300,0.0055,-0.14400,0.00186
10.0,-2.0,35.0,0.12070,0.0264,-2.31700,0.00646,-0.14270,0.0069
10.0,-2.0,40.0,0.11270,0.0123,-2.28400,0.00592,-0.15550,0.00604
10.0,-2.0,45.0,0.09920,0.0279,-2.39500,0.0115,-0.18070,0.01052
10.0,-2.0,50.0,0.10210,0.0302,-2.17900,0.00584,-0.11610,0.00948
10.0,-2.0,55.0,0.09910,0.0424,-2.18400,0.0041,-0.09760,0.00518
10.0,-2.0,60.0,0.09150,0.0474,-2.14000,0.00662,-0.15120,-0.00758
10.0,-2.0,70.0,0.10750,0.0371,-2.04800,0.00694,-0.22010,-0.01758
10.0,-2.0,80.0,0.04730,0.0212,-1.92600,0.00478,-0.46770,0.00554
10.0,-2.0,90.0,0.05000,0.0203,-2.07300,0.00676,-0.60990,0.00186
10.0,0.0,-20.0,-0.08840,0,1.03900,0,-0.08350,0
10.0,0.0,-15.0,-0.10100,0,0.84900,0,-0.17190,0
10.0,0.0,-10.0,-0.10920,0,0.59600,0,-0.21530,0
10.0,0.0,-5.0,-0.09020,0,0.20500,0,-0.18880,0
10.0,0.0,0.0,-0.06060,0,-0.11400,0,-0.16100,0
10.0,0.0,5.0,-0.02000,0,-0.49000,0,-0.16060,0
10.0,0.0,10.0,0.03130,0,-0.84900,0,-0.15480,0
10.0,0.0,15.0,0.08290,0,-1.17700,0,-0.14520,0
10.0,0.0,20.0,0.09710,0,-1.44200,0,-0.12640,0
10.0,0.0,25.0,0.09490,0,-1.78900,0,-0.15300,0
10.0,0.0,30.0,0.11040,0,-2.08200,0,-0.14400,0
10.0,0.0,35.0,0.12010,0,-2.30800,0,-0.14110,0
10.0,0.0,40.0,0.11270,0,-2.41100,0,-0.14500,0
10.0,0.0,45.0,0.09960,0,-2.30600,0,-0.14110,0
10.0,0.0,50.0,0.10710,0,-2.26100,0,-0.10080,0
10.0,0.0,55.0,0.10300,0,-2.23100,0,-0.06790,0
10.0,0.0,60.0,0.09140,0,-2.18500,0,-0.15560,0
10.0,0.0,70.0,0.11900,0,-2.26800,0,-0.19830,0
10.0,0.0,80.0,0.05190,0,-1.94000,0,-0.47210,0
10.0,0.0,90.0,0.05040,0,-2.05700,0,-0.60830,0
10.0,2.0,-20.0,-0.09070,-0.0232,1.07100,-0.00318,-0.09550,-0.00074
10.0,2.0,-15.0,-0.10070,-0.0188,0.85600,-0.0027,-0.16830,0.0017
10.0,2.0,-10.0,-0.10400,-0.0124,0.60500,-0.00048,-0.18390,0.0024
10.0,2.0,-5.0,-0.08940,-0.042,0.20200,-0.00368,-0.19000,0.00634
10.0,2.0,0.0,-0.06000,-0.0394,-0.11700,-0.00296,-0.16200,0.00642
10.0,2.0,5.0,-0.02060,-0.0383,-0.49000,-0.00466,-0.16100,0.00534
10.0,2.0,10.0,0.03130,-0.0383,-0.85100,-0.00658,-0.15500,0.00574
10.0,2.0,15.0,0.08330,-0.0383,-1.17100,-0.00968,-0.14800,0.0053
10.0,2.0,20.0,0.09810,-0.0248,-1.43500,-0.00918,-0.12600,0.0022
10.0,2.0,25.0,0.09600,-0.0335,-1.78700,-0.008,-0.15500,0.0037
10.0,2.0,30.0,0.10930,-0.0306,-2.08000,-0.00494,-0.14500,-0.00214
10.0,2.0,35.0,0.11990,-0.0214,-2.35500,0.0008,-0.14500,-0.00926
10.0,2.0,40.0,0.11390,-0.032,-2.41900,-0.00666,-0.15430,-0.00762
10.0,2.0,45.0,0.09890,-0.0868,-2.37300,-0.00336,-0.16350,-0.0243
10.0,2.0,50.0,0.10710,-0.0178,-2.28300,-0.00494,-0.10600,-0.0061
10.0,2.0,55.0,0.09720,-0.0087,-2.18600,-0.00552,-0.09220,0.00064
10.0,2.0,60.0,0.09080,-0.0048,-2.16400,-0.00342,-0.16530,0.00822
10.0,2.0,70.0,0.11010,-0.0113,-2.17800,-0.00556,-0.23630,0.00078
10.0,2.0,80.0,0.04840,-0.0203,-1.96700,-0.00382,-0.49290,-0.00046
10.0,2.0,90.0,0.04950,-0.0263,-2.03400,-0.00032,-0.60800,-0.00116
10.0,4.0,-20.0,-0.09080,-0.0467,1.07600,-0.00708,-0.09300,0.0006
10.0,4.0,-15.0,-0.10090,-0.0402,0.85200,-0.00496,-0.15680,0.00472
10.0,4.0,-10.0,-0.10290,-0.043,0.60700,-0.00492,-0.17380,0.0075
10.0,4.0,-5.0,-0.08840,-0.0763,0.19800,-0.00806,-0.19300,0.01318
10.0,4.0,0.0,-0.05920,-0.0764,-0.11700,-0.00662,-0.16300,0.01398
10.0,4.0,5.0,-0.01950,-0.0819,-0.50400,-0.0093,-0.16200,0.01384
10.0,4.0,10.0,0.03230,-0.0786,-0.84200,-0.01454,-0.15200,0.01386
10.0,4.0,15.0,0.08290,-0.077,-1.17600,-0.02004,-0.15500,0.01278
10.0,4.0,20.0,0.09870,-0.0558,-1.43000,-0.0187,-0.12600,0.00616
10.0,4.0,25.0,0.09850,-0.0677,-1.79100,-0.01558,-0.15000,0.0094
10.0,4.0,30.0,0.10960,-0.0647,-2.07000,-0.00996,-0.14600,-0.00162
10.0,4.0,35.0,0.12100,-0.0513,-2.34100,-0.00006,-0.15130,-0.01386
10.0,4.0,40.0,0.11000,-0.0484,-2.40200,-0.00956,-0.15950,-0.01404
10.0,4.0,45.0,0.09780,-0.1048,-2.36900,-0.00964,-0.16550,-0.03862
10.0,4.0,50.0,0.10640,-0.0791,-2.28100,-0.01198,-0.12540,-0.02306
10.0,4.0,55.0,0.08970,-0.0718,-2.06800,-0.01114,-0.12530,-0.00688
10.0,4.0,60.0,0.08930,-0.0571,-2.06500,-0.00654,-0.17190,0.0117
10.0,4.0,70.0,0.10010,-0.03,-2.06400,-0.00802,-0.26550,0.01346
10.0,4.0,80.0,0.04650,-0.0361,-1.89100,-0.00724,-0.46690,0.00528
10.0,4.0,90.0,0.04630,-0.0418,-2.03300,-0.00074,-0.59580,-0.00106
10.0,6.0,-20.0,-0.09130,-0.0747,1.08900,-0.00812,-0.09430,0.00546
10.0,6.0,-15.0,-0.10040,-0.0681,0.85300,-0.0078,-0.14370,0.01038
10.0,6.0,-10.0,-0.10220,-0.0792,0.60900,-0.0073,-0.16480,0.0146
10.0,6.0,-5.0,-0.08680,-0.1177,0.19200,-0.01192,-0.19300,0.02172
10.0,6.0,0.0,-0.05840,-0.1191,-0.12100,-0.01074,-0.16700,0.0227
10.0,6.0,5.0,-0.01840,-0.1233,-0.49600,-0.01328,-0.15700,0.0227
10.0,6.0,10.0,0.03290,-0.1204,-0.84600,-0.02126,-0.15300,0.02312
10.0,6.0,15.0,0.08200,-0.12,-1.17500,-0.02916,-0.15500,0.0229
10.0,6.0,20.0,0.09920,-0.0984,-1.43400,-0.02486,-0.15100,0.01624
10.0,6.0,25.0,0.09990,-0.1028,-1.77500,-0.02356,-0.15000,0.01598
10.0,6.0,30.0,0.10770,-0.0906,-2.05400,-0.01418,-0.15300,-0.00006
10.0,6.0,35.0,0.11880,-0.0806,-2.30200,-0.00088,-0.15650,-0.01558
10.0,6.0,40.0,0.10390,-0.0664,-2.34500,-0.01182,-0.15270,-0.02288
10.0,6.0,45.0,0.09540,-0.1365,-2.29500,-0.01308,-0.16350,-0.04804
10.0,6.0,50.0,0.10700,-0.106,-2.29400,-0.01516,-0.12730,-0.03762
10.0,6.0,55.0,0.09140,-0.1065,-2.11500,-0.01658,-0.12210,-0.01924
10.0,6.0,60.0,0.08950,-0.084,-2.10700,-0.01234,-0.18660,0.00526
10.0,6.0,70.0,0.09670,-0.0477,-2.14200,-0.01304,-0.26950,0.0133
10.0,6.0,80.0,0.04890,-0.0655,-1.97800,-0.01208,-0.47760,-0.0037
10.0,6.0,90.0,0.04570,-0.0611,-2.03000,-0.01194,-0.59790,-0.00154
10.0,8.0,-20.0,-0.09180,-0.1078,1.08600,-0.01408,-0.08810,0.0093
10.0,8.0,-15.0,-0.10000,-0.1004,0.84800,-0.00876,-0.13710,0.0166
10.0,8.0,-10.0,-0.10080,-0.1171,0.60900,-0.0093,-0.15940,0.02214
10.0,8.0,-5.0,-0.08510,-0.1575,0.18300,-0.01512,-0.19100,0.02998
10.0,8.0,0.0,-0.05660,-0.1674,-0.12300,-0.0149,-0.16200,0.0322
10.0,8.0,5.0,-0.01690,-0.1705,-0.49100,-0.01782,-0.15700,0.03302
10.0,8.0,10.0,0.03280,-0.1668,-0.83100,-0.0268,-0.14500,0.03232
10.0,8.0,15.0,0.08100,-0.1642,-1.17100,-0.0373,-0.15700,0.03228
10.0,8.0,20.0,0.09590,-0.1366,-1.42800,-0.03366,-0.16100,0.0247
10.0,8.0,25.0,0.09840,-0.1369,-1.77500,-0.02864,-0.16000,0.02352
10.0,8.0,30.0,0.10680,-0.1159,-2.03900,-0.01742,-0.15700,0.00138
10.0,8.0,35.0,0.11550,-0.0971,-2.25900,0.00014,-0.16270,-0.01858
10.0,8.0,40.0,0.10310,-0.0958,-2.33300,-0.01102,-0.16440,-0.03422
10.0,8.0,45.0,0.09220,-0.1541,-2.29300,-0.01472,-0.18150,-0.05874
10.0,8.0,50.0,0.10360,-0.1177,-2.18200,-0.02192,-0.12280,-0.04908
10.0,8.0,55.0,0.09690,-0.1225,-2.14500,-0.02098,-0.09720,-0.02462
10.0,8.0,60.0,0.08890,-0.1047,-2.14200,-0.01738,-0.18590,-0.0019
10.0,8.0,70.0,0.09580,-0.0715,-2.16100,-0.01714,-0.28440,0.01032
10.0,8.0,80.0,0.04720,-0.0804,-1.97600,-0.01542,-0.47870,-0.0035
10.0,8.0,90.0,0.05100,-0.0836,-2.09500,-0.01264,-0.61090,-0.0032
10.0,10.0,-20.0,-0.09430,-0.1421,1.07800,-0.0177,-0.07430,0.01418
10.0,10.0,-15.0,-0.10060,-0.1317,0.86300,-0.01232,-0.12950,0.02208
10.0,10.0,-10.0,-0.10140,-0.1542,0.60900,-0.01132,-0.15250,0.0292
10.0,10.0,-5.0,-0.08210,-0.2072,0.18000,-0.01816,-0.18300,0.03984
10.0,10.0,0.0,-0.05500,-0.2134,-0.12600,-0.01844,-0.16200,0.04116
10.0,10.0,5.0,-0.01610,-0.2173,-0.49300,-0.02166,-0.15600,0.04186
10.0,10.0,10.0,0.03260,-0.2171,-0.82500,-0.0326,-0.14600,0.04162
10.0,10.0,15.0,0.07850,-0.2056,-1.15800,-0.04396,-0.15200,0.03948
10.0,10.0,20.0,0.09470,-0.1729,-1.41400,-0.04216,-0.16600,0.03104
10.0,10.0,25.0,0.09810,-0.1692,-1.76000,-0.03526,-0.16400,0.02792
10.0,10.0,30.0,0.10460,-0.1353,-2.01600,-0.02112,-0.15600,-0.00042
10.0,10.0,35.0,0.10810,-0.1022,-2.21900,0.0041,-0.17050,-0.02922
10.0,10.0,40.0,0.09880,-0.1075,-2.30300,-0.0116,-0.16820,-0.0456
10.0,10.0,45.0,0.08940,-0.183,-2.26200,-0.01832,-0.18720,-0.07012
10.0,10.0,50.0,0.10320,-0.1508,-2.21800,-0.02364,-0.10520,-0.05944
10.0,10.0,55.0,0.10150,-0.1468,-2.18000,-0.02134,-0.07970,-0.02524
10.0,10.0,60.0,0.08680,-0.1242,-2.12100,-0.01972,-0.19850,-0.00406
10.0,10.0,70.0,0.09310,-0.0859,-2.10200,-0.02156,-0.28330,0.0063
10.0,10.0,80.0,0.04500,-0.1027,-1.87200,-0.01892,-0.47790,-0.0059
10.0,10.0,90.0,0.04820,-0.1068,-1.99600,-0.01524,-0.58650,-0.0032
10.0,15.0,-20.0,-0.09550,-0.2221,1.07000,-0.01388,-0.02650,0.03422
10.0,15.0,-15.0,-0.10380,-0.193,0.86300,-0.01732,-0.07980,0.03256
10.0,15.0,-10.0,-0.10240,-0.2482,0.60700,-0.0137,-0.12250,0.04528
10.0,15.0,-5.0,-0.07560,-0.3041,0.16500,-0.02006,-0.16800,0.05462
10.0,15.0,0.0,-0.05160,-0.3198,-0.13400,-0.02084,-0.16200,0.05734
10.0,15.0,5.0,-0.01210,-0.3257,-0.48300,-0.0275,-0.15600,0.05832
10.0,15.0,10.0,0.03130,-0.3204,-0.80100,-0.04272,-0.14000,0.05598
10.0,15.0,15.0,0.07360,-0.3091,-1.12000,-0.05642,-0.15100,0.05286
10.0,15.0,20.0,0.08700,-0.2479,-1.35700,-0.05494,-0.13700,0.03074
10.0,15.0,25.0,0.09700,-0.2337,-1.64600,-0.052,-0.13300,0.02462
10.0,15.0,30.0,0.09830,-0.1841,-1.92900,-0.02926,-0.15900,-0.01026
10.0,15.0,35.0,0.09350,-0.1632,-2.08100,-0.00256,-0.18360,-0.04314
10.0,15.0,40.0,0.08470,-0.1539,-2.16300,-0.0159,-0.17910,-0.06994
10.0,15.0,45.0,0.08060,-0.194,-2.17500,-0.02862,-0.22060,-0.08298
10.0,15.0,50.0,0.09680,-0.2201,-2.17800,-0.03446,-0.14420,-0.05564
10.0,15.0,55.0,0.08720,-0.209,-1.95100,-0.03176,-0.13010,-0.0285
10.0,15.0,60.0,0.08310,-0.1885,-1.96600,-0.0258,-0.18080,-0.01224
10.0,15.0,70.0,0.05850,-0.1266,-1.89400,-0.02852,-0.37340,-0.00374
10.0,15.0,80.0,0.04270,-0.1554,-1.96400,-0.03026,-0.51550,-0.01228
10.0,15.0,90.0,0.04540,-0.1547,-2.04600,-0.02428,-0.61730,-0.00268
10.0,20.0,-20.0,-0.09880,-0.2861,1.04600,-0.00308,-0.00400,0.04026
10.0,20.0,-15.0,-0.10650,-0.254,0.85600,-0.01032,-0.05890,0.04292
10.0,20.0,-10.0,-0.10210,-0.3212,0.60700,-0.01056,-0.09310,0.05216
10.0,20.0,-5.0,-0.07310,-0.4001,0.16300,-0.0187,-0.15200,0.06738
10.0,20.0,0.0,-0.05040,-0.4315,-0.12200,-0.02164,-0.15300,0.0726
10.0,20.0,5.0,-0.01150,-0.443,-0.45800,-0.0316,-0.14500,0.07348
10.0,20.0,10.0,0.02810,-0.4347,-0.75200,-0.05052,-0.12600,0.06958
10.0,20.0,15.0,0.06890,-0.3966,-1.04700,-0.06292,-0.13400,0.05392
10.0,20.0,20.0,0.08790,-0.328,-1.28600,-0.06704,-0.12600,0.0271
10.0,20.0,25.0,0.09820,-0.3044,-1.58200,-0.06434,-0.13800,0.02348
10.0,20.0,30.0,0.08430,-0.2743,-1.79000,-0.04072,-0.15200,-0.00836
10.0,20.0,35.0,0.08570,-0.2282,-1.93800,-0.0312,-0.16110,-0.03354
10.0,20.0,40.0,0.07560,-0.1575,-2.06500,-0.03862,-0.15530,-0.06296
10.0,20.0,45.0,0.08030,-0.1506,-1.99300,-0.03684,-0.16440,-0.051
10.0,20.0,50.0,0.09800,-0.1565,-1.93600,-0.03858,-0.12530,-0.03244
10.0,20.0,55.0,0.07800,-0.2153,-1.89100,-0.03972,-0.22550,-0.03826
10.0,20.0,60.0,0.08860,-0.2077,-1.94100,-0.03328,-0.17580,-0.0272
10.0,20.0,70.0,0.06220,-0.1534,-1.91200,-0.04078,-0.34730,-0.0161
10.0,20.0,80.0,0.03850,-0.2075,-1.92600,-0.04028,-0.52350,-0.01728
10.0,20.0,90.0,0.03820,-0.1986,-1.92500,-0.03538,-0.61300,-0.00938
10.0,25.0,-20.0,-0.09200,-0.3461,1.00700,0.00878,0.00340,0.0486
10.0,25.0,-15.0,-0.10750,-0.319,0.84100,0.00022,-0.04450,0.04962
10.0,25.0,-10.0,-0.10190,-0.3842,0.61100,-0.00182,-0.12760,0.06012
10.0,25.0,-5.0,-0.06910,-0.5013,0.15500,-0.01718,-0.12500,0.08026
10.0,25.0,0.0,-0.04810,-0.5369,-0.10900,-0.02174,-0.12600,0.0878
10.0,25.0,5.0,-0.01340,-0.5506,-0.41200,-0.03306,-0.13300,0.08628
10.0,25.0,10.0,0.02420,-0.5313,-0.67600,-0.05298,-0.11700,0.07726
10.0,25.0,15.0,0.06020,-0.4868,-0.95400,-0.0681,-0.11800,0.0586
10.0,25.0,20.0,0.08960,-0.4542,-1.21500,-0.07836,-0.11500,0.0437
10.0,25.0,25.0,0.09900,-0.4241,-1.47300,-0.07656,-0.12900,0.03782
10.0,25.0,30.0,0.08070,-0.36,-1.67300,-0.06718,-0.15500,0.00366
10.0,25.0,35.0,0.07120,-0.3141,-1.76000,-0.05294,-0.13630,-0.01148
10.0,25.0,40.0,0.08030,-0.1807,-1.97100,-0.06642,-0.13620,-0.00136
10.0,25.0,45.0,0.07720,-0.1951,-1.55500,-0.06,-0.13200,-0.02464
10.0,25.0,50.0,0.09540,-0.1679,-1.81400,-0.05256,-0.12860,-0.01714
10.0,25.0,55.0,0.08590,-0.1709,-1.88500,-0.04896,-0.13580,-0.00084
10.0,25.0,60.0,0.08600,-0.1719,-1.91300,-0.0432,-0.16210,-0.00008
10.0,25.0,70.0,0.06180,-0.2078,-1.86700,-0.0535,-0.37280,-0.02312
10.0,25.0,80.0,0.04100,-0.2495,-1.94200,-0.05276,-0.52400,-0.01992
10.0,25.0,90.0,0.03910,-0.2474,-1.99000,-0.04598,-0.62820,-0.00942
10.0,30.0,-20.0,-0.09310,-0.4081,0.95700,0.00326,0.02680,0.04562
10.0,30.0,-15.0,-0.10460,-0.398,0.82000,0.01038,-0.02410,0.05286
10.0,30.0,-10.0,-0.09710,-0.4382,0.61900,0.0068,-0.05480,0.06332
10.0,30.0,-5.0,-0.06400,-0.5794,0.16900,-0.01266,-0.11200,0.08746
10.0,30.0,0.0,-0.04550,-0.64,-0.07500,-0.02,-0.11700,0.10026
10.0,30.0,5.0,-0.01550,-0.6514,-0.35400,-0.0356,-0.11800,0.10042
10.0,30.0,10.0,0.01820,-0.6371,-0.59500,-0.05394,-0.10400,0.09226
10.0,30.0,15.0,0.05370,-0.61,-0.86400,-0.07416,-0.09600,0.07776
10.0,30.0,20.0,0.08430,-0.5698,-1.11000,-0.0844,-0.09400,0.05712
10.0,30.0,25.0,0.08900,-0.503,-1.37000,-0.08748,-0.09900,0.0473
10.0,30.0,30.0,0.06020,-0.4189,-1.56300,-0.09974,-0.07500,0.03196
10.0,30.0,35.0,0.06330,-0.3488,-1.67900,-0.0712,-0.08150,0.01448
10.0,30.0,40.0,0.07260,-0.2242,-1.87800,-0.07854,-0.07440,0.01416
10.0,30.0,45.0,0.08070,-0.2662,-1.66100,-0.0762,-0.19350,-0.01584
10.0,30.0,50.0,0.08770,-0.2008,-1.63000,-0.06394,-0.14980,-0.0088
10.0,30.0,55.0,0.08320,-0.2107,-1.78200,-0.06446,-0.14810,0.00562
10.0,30.0,60.0,0.07860,-0.2099,-1.82300,-0.06066,-0.21160,0.00884
10.0,30.0,70.0,0.06220,-0.2421,-1.86800,-0.06708,-0.36850,-0.01784
10.0,30.0,80.0,0.04510,-0.2954,-1.88600,-0.06578,-0.49840,-0.01486
10.0,30.0,90.0,0.04200,-0.3047,-1.97800,-0.06084,-0.63240,-0.01266
25.0,-30.0,-20.0,-0.10680,0.3677,0.72300,-0.01380,-0.08180,-0.04880
25.0,-30.0,-15.0,-0.11220,0.4019,0.51200,-0.00610,-0.11600,-0.04990
25.0,-30.0,-10.0,-0.11020,0.4367,0.24900,0.00000,-0.15270,-0.05740
25.0,-30.0,-5.0,-0.09110,0.5538,0.10000,0.01710,-0.17700,-0.07580
25.0,-30.0,0.0,-0.08110,0.6218,-0.15000,0.02670,-0.17400,-0.09190
25.0,-30.0,5.0,-0.05750,0.6544,-0.38500,0.04270,-0.16400,-0.08600
25.0,-30.0,10.0,-0.01830,0.6255,-0.62000,0.06220,-0.12800,-0.08210
25.0,-30.0,15.0,0.01950,0.5885,-0.86500,0.07760,-0.11600,-0.06710
25.0,-30.0,20.0,0.0494,0.5783,-1.05500,0.08300,-0.06800,-0.03980
25.0,-30.0,25.0,0.06990,0.5005,-1.36000,0.08920,-0.07500,-0.02730
25.0,-30.0,30.0,0.0207,0.3751,-1.52000,0.07910,-0.09700,-0.01160
25.0,-30.0,35.0,0.02110,0.3292,-1.61500,0.07510,-0.10400,0.00180
25.0,-30.0,40.0,0.0386,0.447,-1.77500,0.06730,-0.02500,0.00030
25.0,-30.0,45.0,0.04600,0.1634,-1.74000,0.07780,-0.05700,-0.01490
25.0,-30.0,50.0,0.0394,0.1366,-1.57000,0.06190,-0.10800,-0.02190
25.0,-30.0,55.0,0.03360,0.1735,-1.70000,0.04760,-0.12500,-0.05180
25.0,-30.0,60.0,0.01580,0.2233,-1.79500,0.06110,-0.14300,-0.02700
25.0,-30.0,70.0,-0.01860,0.2609,-1.78000,0.06540,-0.42200,0.01580
25.0,-30.0,80.0,-0.02420,0.3055,-1.95000,0.06380,-0.45000,0.01060
25.0,-30.0,90.0,-0.02080,0.3078,-1.92500,0.06070,-0.56000,0.01180
25.0,-25.0,-20.0,-0.11020,0.307,0.75000,-0.00090,-0.10230,-0.05150
25.0,-25.0,-15.0,-0.11800,0.322,0.49500,0.00330,-0.14320,-0.04630
25.0,-25.0,-10.0,-0.12120,0.3823,0.21200,0.00740,-0.18450,-0.05340
25.0,-25.0,-5.0,-0.10270,0.4778,0.09000,0.01960,-0.20000,-0.07140
25.0,-25.0,0.0,-0.08890,0.5258,-0.19000,0.02610,-0.19700,-0.08180
25.0,-25.0,5.0,-0.05880,0.5514,-0.46000,0.03760,-0.19200,-0.07490
25.0,-25.0,10.0,-0.01880,0.5185,-0.69000,0.05960,-0.16200,-0.07230
25.0,-25.0,15.0,0.01860,0.4665,-0.99000,0.06960,-0.14800,-0.05160
25.0,-25.0,20.0,0.06260,0.4633,-1.19500,0.07940,-0.09300,-0.03550
25.0,-25.0,25.0,0.06950,0.4195,-1.46000,0.07600,-0.10900,-0.02100
25.0,-25.0,30.0,0.03240,0.3161,-1.63500,0.04520,-0.18600,0.01420
25.0,-25.0,35.0,0.02820,0.2952,-1.75000,0.05630,-0.16000,0.02820
25.0,-25.0,40.0,0.04620,0.3885,-1.87500,0.05830,-0.08400,0.01930
25.0,-25.0,45.0,0.04380,0.0894,-1.84500,0.06250,-0.06800,-0.00070
25.0,-25.0,50.0,0.04790,0.1036,-1.74000,0.05190,-0.09300,-0.01740
25.0,-25.0,55.0,0.04110,0.1355,-1.81000,0.03360,-0.11500,-0.04350
25.0,-25.0,60.0,0.02840,0.1713,-1.89500,0.04280,-0.08200,-0.02070
25.0,-25.0,70.0,-0.01210,0.2279,-1.78500,0.05020,-0.43800,0.02700
25.0,-25.0,80.0,-0.02670,0.2595,-1.98000,0.05060,-0.50000,0.01820
25.0,-25.0,90.0,-0.02710,0.2498,-1.92000,0.04860,-0.59200,0.01010
25.0,-20.0,-20.0,-0.11600,0.246,0.74400,0.01060,-0.10600,-0.04420
25.0,-20.0,-15.0,-0.12270,0.2651,0.46100,0.01400,-0.16460,-0.04020
25.0,-20.0,-10.0,-0.13190,0.3185,0.18600,0.01310,-0.21680,-0.04770
25.0,-20.0,-5.0,-0.10930,0.3758,0.09000,0.01860,-0.23700,-0.06170
25.0,-20.0,0.0,-0.09550,0.4208,-0.22000,0.02450,-0.23400,-0.06940
25.0,-20.0,5.0,-0.06310,0.4294,-0.51500,0.03550,-0.21900,-0.06590
25.0,-20.0,10.0,-0.02110,0.4225,-0.76000,0.05510,-0.18800,-0.06530
25.0,-20.0,15.0,0.02040,0.3755,-1.09000,0.06230,-0.18100,-0.04860
25.0,-20.0,20.0,0.05620,0.3383,-1.32000,0.06940,-0.12400,-0.02370
25.0,-20.0,25.0,0.06270,0.3005,-1.57000,0.06350,-0.13200,-0.01320
25.0,-20.0,30.0,0.03230,0.2291,-1.75000,0.01940,-0.18600,0.02730
25.0,-20.0,35.0,0.03090,0.2112,-1.87500,0.03480,-0.18500,0.04990
25.0,-20.0,40.0,0.03310,0.3025,-1.98000,0.02970,-0.11200,0.06980
25.0,-20.0,45.0,0.03410,0.0444,-1.92500,0.04110,-0.08800,0.02260
25.0,-20.0,50.0,0.05130,0.0916,-1.90000,0.03930,-0.09300,-0.00770
25.0,-20.0,55.0,0.03800,0.1795,-1.88000,0.02580,-0.20700,-0.00530
25.0,-20.0,60.0,0.03610,0.2083,-1.96000,0.03210,-0.08500,0.00420
25.0,-20.0,70.0,-0.00570,0.1739,-1.79000,0.03580,-0.42500,0.02520
25.0,-20.0,80.0,-0.02770,0.2165,-1.98000,0.03800,-0.52400,0.01820
25.0,-20.0,90.0,-0.03150,0.1998,-1.87000,0.04070,-0.51300,0.01170
25.0,-15.0,-20.0,-0.11760,0.1844,0.74400,0.02270,-0.13340,-0.04280
25.0,-15.0,-15.0,-0.12920,0.1964,0.46500,0.02090,-0.20200,-0.03240
25.0,-15.0,-10.0,-0.13590,0.2462,0.19500,0.01510,-0.24800,-0.04240
25.0,-15.0,-5.0,-0.11440,0.2818,0.09500,0.02040,-0.25200,-0.05070
25.0,-15.0,0.0,-0.09960,0.3088,-0.23500,0.02150,-0.24700,-0.05600
25.0,-15.0,5.0,-0.06760,0.3124,-0.55500,0.02850,-0.24300,-0.05310
25.0,-15.0,10.0,-0.02410,0.3065,-0.83000,0.04540,-0.21600,-0.05340
25.0,-15.0,15.0,0.01860,0.2875,-1.17000,0.05440,-0.21500,-0.04960
25.0,-15.0,20.0,0.04770,0.2563,-1.43000,0.05580,-0.15400,-0.02840
25.0,-15.0,25.0,0.05570,0.2295,-1.67000,0.05240,-0.13300,-0.01480
25.0,-15.0,30.0,0.02930,0.1411,-1.87000,0.00410,-0.19800,0.02420
25.0,-15.0,35.0,0.02630,0.1472,-1.99500,0.00710,-0.20800,0.05500
25.0,-15.0,40.0,0.03390,0.2135,-2.09500,0.00500,-0.13000,0.07880
25.0,-15.0,45.0,0.03110,0.0894,-2.00000,0.03260,-0.12600,0.05690
25.0,-15.0,50.0,0.04470,0.1556,-2.05000,0.03260,-0.08700,0.01710
25.0,-15.0,55.0,0.04710,0.1725,-1.95000,0.01490,-0.10300,-0.03070
25.0,-15.0,60.0,0.03350,0.1883,-2.02000,0.02630,-0.09100,-0.01370
25.0,-15.0,70.0,-0.00700,0.1469,-1.81000,0.02240,-0.43300,0.01170
25.0,-15.0,80.0,-0.02000,0.1635,-1.96000,0.02870,-0.51400,0.01170
25.0,-15.0,90.0,-0.02290,0.1568,-1.88500,0.03050,-0.59300,0.00360
25.0,-10.0,-20.0,-0.12910,0.1062,0.71100,0.02480,-0.18660,-0.02150
25.0,-10.0,-15.0,-0.13650,0.1332,0.47000,0.01570,-0.26350,-0.02010
25.0,-10.0,-10.0,-0.14030,0.1513,0.20300,0.01390,-0.27400,-0.02770
25.0,-10.0,-5.0,-0.12440,0.1833,0.11100,0.01810,-0.26300,-0.03680
25.0,-10.0,0.0,-0.10150,0.2014,-0.23200,0.01880,-0.24870,-0.04020
25.0,-10.0,5.0,-0.06710,0.2028,-0.56600,0.02200,-0.24290,-0.04060
25.0,-10.0,10.0,-0.02260,0.2016,-0.89200,0.03310,-0.22970,-0.04030
25.0,-10.0,15.0,0.01940,0.1837,-1.20800,0.04350,-0.21860,-0.03570
25.0,-10.0,20.0,0.03230,0.1814,-1.51900,0.04270,-0.22030,-0.03110
25.0,-10.0,25.0,0.03660,0.1643,-1.76300,0.03060,-0.18820,-0.02190
25.0,-10.0,30.0,0.03040,0.0927,-1.98900,-0.00460,-0.19890,0.01110
25.0,-10.0,35.0,0.03070,0.0857,-2.11100,-0.00300,-0.19360,0.04300
25.0,-10.0,40.0,0.03650,0.0748,-2.21600,-0.00020,-0.12480,0.05340
25.0,-10.0,45.0,0.03480,0.0782,-2.13000,0.01870,-0.11570,0.04550
25.0,-10.0,50.0,0.05380,0.0866,-2.15600,0.01920,-0.07450,0.03100
25.0,-10.0,55.0,0.05430,0.1104,-2.04300,0.00160,-0.05880,-0.02310
25.0,-10.0,60.0,0.04870,0.123,-2.11300,0.02190,-0.12510,-0.01370
25.0,-10.0,70.0,0.04100,0.1074,-1.87300,0.01850,-0.33900,-0.00100
25.0,-10.0,80.0,-0.02150,0.1096,-1.91100,0.01790,-0.46330,0.00810
25.0,-10.0,90.0,-0.01560,0.1089,-1.96900,0.02110,-0.56740,0.00600
25.0,-8.0,-20.0,-0.12890,0.085,0.70900,0.01450,-0.21490,-0.01360
25.0,-8.0,-15.0,-0.13970,0.1039,0.47000,0.01050,-0.27920,-0.01540
25.0,-8.0,-10.0,-0.14270,0.1156,0.20500,0.01080,-0.28160,-0.02080
25.0,-8.0,-5.0,-0.13040,0.1449,0.12200,0.01420,-0.26980,-0.02900
25.0,-8.0,0.0,-0.10370,0.1553,-0.22400,0.01470,-0.24860,-0.03110
25.0,-8.0,5.0,-0.06940,0.1607,-0.56300,0.01800,-0.24250,-0.03220
25.0,-8.0,10.0,-0.02540,0.1597,-0.89100,0.02660,-0.22890,-0.03280
25.0,-8.0,15.0,0.01810,0.1473,-1.21500,0.03720,-0.21740,-0.02890
25.0,-8.0,20.0,0.02790,0.1504,-1.55000,0.03320,-0.23110,-0.02700
25.0,-8.0,25.0,0.03160,0.1409,-1.79700,0.02140,-0.21230,-0.01960
25.0,-8.0,30.0,0.04040,0.1057,-2.05800,0.01120,-0.18280,-0.00660
25.0,-8.0,35.0,0.03340,0.0581,-2.15400,-0.00770,-0.17460,0.03820
25.0,-8.0,40.0,0.04070,0.0531,-2.28700,0.00310,-0.11570,0.03720
25.0,-8.0,45.0,0.03730,0.0612,-2.25100,0.01630,-0.10180,0.03630
25.0,-8.0,50.0,0.05280,0.0785,-2.21600,0.01770,-0.08940,0.03070
25.0,-8.0,55.0,0.05080,0.0926,-2.17000,0.00450,-0.08310,-0.01080
25.0,-8.0,60.0,0.04430,0.1051,-2.09400,0.01650,-0.14920,-0.01380
25.0,-8.0,70.0,0.04510,0.0941,-1.94300,0.01750,-0.32310,-0.00390
25.0,-8.0,80.0,-0.02240,0.0871,-1.88100,0.01380,-0.46480,0.00960
25.0,-8.0,90.0,-0.01650,0.0843,-2.07100,0.01800,-0.60300,0.00530
25.0,-6.0,-20.0,-0.12440,0.0677,0.69700,0.01120,-0.21280,-0.00460
25.0,-6.0,-15.0,-0.14060,0.0753,0.47100,0.00660,-0.28680,-0.00950
25.0,-6.0,-10.0,-0.14540,0.076,0.20200,0.00880,-0.28740,-0.01340
25.0,-6.0,-5.0,-0.13160,0.1055,0.12200,0.01110,-0.27340,-0.02080
25.0,-6.0,0.0,-0.10560,0.1138,-0.22400,0.01050,-0.24930,-0.02230
25.0,-6.0,5.0,-0.07150,0.1133,-0.56600,0.01380,-0.24410,-0.02230
25.0,-6.0,10.0,-0.02910,0.1131,-0.91000,0.02080,-0.23910,-0.02330
25.0,-6.0,15.0,0.01540,0.1069,-1.23900,0.03030,-0.22720,-0.01950
25.0,-6.0,20.0,0.02890,0.1116,-1.56400,0.02430,-0.22720,-0.01830
25.0,-6.0,25.0,0.02630,0.1029,-1.79400,0.01740,-0.22640,-0.01590
25.0,-6.0,30.0,0.04190,0.0911,-2.09500,0.01090,-0.17980,-0.00630
25.0,-6.0,35.0,0.04370,0.0651,-2.20000,-0.00020,-0.15030,0.01930
25.0,-6.0,40.0,0.03940,0.0303,-2.26900,0.01060,-0.11820,0.02520
25.0,-6.0,45.0,0.03620,0.0458,-2.28600,0.01410,-0.10550,0.02880
25.0,-6.0,50.0,0.04830,0.0555,-2.20300,0.01510,-0.11980,0.03280
25.0,-6.0,55.0,0.04710,0.0663,-2.18400,0.00660,-0.10950,-0.00220
25.0,-6.0,60.0,0.04420,0.0788,-2.12400,0.01610,-0.15070,-0.01730
25.0,-6.0,70.0,0.06550,0.0765,-2.05900,0.01300,-0.23730,-0.00680
25.0,-6.0,80.0,-0.02230,0.0753,-1.95500,0.01340,-0.47460,0.00990
25.0,-6.0,90.0,-0.01410,0.0658,-2.02900,0.01650,-0.57740,0.00410
25.0,-4.0,-20.0,-0.11580,0.038,0.69700,0.00500,-0.20550,-0.00180
25.0,-4.0,-15.0,-0.14160,0.0442,0.46700,0.00600,-0.29060,-0.00290
25.0,-4.0,-10.0,-0.14800,0.0434,0.20300,0.00340,-0.29520,-0.00730
25.0,-4.0,-5.0,-0.13200,0.0662,0.12200,0.00810,-0.27370,-0.01280
25.0,-4.0,0.0,-0.10650,0.0726,-0.22100,0.00580,-0.24890,-0.01410
25.0,-4.0,5.0,-0.07390,0.0767,-0.57100,0.00990,-0.24760,-0.01270
25.0,-4.0,10.0,-0.03330,0.0748,-0.92400,0.01460,-0.25190,-0.01350
25.0,-4.0,15.0,0.01620,0.0652,-1.25000,0.02130,-0.22830,-0.01070
25.0,-4.0,20.0,0.02630,0.0703,-1.55800,0.01720,-0.22050,-0.00910
25.0,-4.0,25.0,0.02070,0.0654,-1.80600,0.01360,-0.23040,-0.00890
25.0,-4.0,30.0,0.04040,0.063,-2.10700,0.00610,-0.17620,-0.00200
25.0,-4.0,35.0,0.04660,0.0563,-2.24000,0.00850,-0.14330,0.00990
25.0,-4.0,40.0,0.04110,0.036,-2.30100,0.00530,-0.12450,0.01690
25.0,-4.0,45.0,0.03350,0.0398,-2.27000,0.01650,-0.12030,0.01880
25.0,-4.0,50.0,0.04410,0.0399,-2.15800,0.01030,-0.13880,0.01890
25.0,-4.0,55.0,0.04450,0.046,-2.11100,0.00460,-0.07910,-0.00160
25.0,-4.0,60.0,0.04320,0.0546,-2.12400,0.01020,-0.15700,-0.02030
25.0,-4.0,70.0,0.06040,0.0564,-2.27400,0.01120,-0.25470,-0.01320
25.0,-4.0,80.0,-0.01800,0.0498,-2.00500,0.00500,-0.48620,0.00810
25.0,-4.0,90.0,-0.01840,0.0446,-2.03900,0.01160,-0.60210,0.00350
25.0,-2.0,-20.0,-0.11370,0.0186,0.69600,0.00310,-0.20300,0.00010
25.0,-2.0,-15.0,-0.14420,0.0175,0.48300,0.00270,-0.30590,-0.00130
25.0,-2.0,-10.0,-0.15200,0.0161,0.20700,0.00080,-0.30250,-0.00250
25.0,-2.0,-5.0,-0.13330,0.0325,0.12100,0.00390,-0.27380,-0.00610
25.0,-2.0,0.0,-0.10770,0.0371,-0.22700,0.00260,-0.25390,-0.00650
25.0,-2.0,5.0,-0.07750,0.0331,-0.57200,0.00650,-0.25400,-0.00470
25.0,-2.0,10.0,-0.03700,0.0345,-0.93900,0.00740,-0.26260,-0.00610
25.0,-2.0,15.0,0.01980,0.0298,-1.26900,0.01120,-0.22580,-0.00480
25.0,-2.0,20.0,0.02040,0.0332,-1.55500,0.00790,-0.22050,-0.00350
25.0,-2.0,25.0,0.01600,0.0343,-1.82000,0.00610,-0.23370,-0.00330
25.0,-2.0,30.0,0.03850,0.0297,-2.11200,0.00310,-0.17510,0.00090
25.0,-2.0,35.0,0.04580,0.0264,-2.24200,0.00160,-0.14160,0.00690
25.0,-2.0,40.0,0.04070,0.0123,-2.21000,0.00550,-0.14000,0.00730
25.0,-2.0,45.0,0.03380,0.0279,-2.23900,0.01150,-0.12300,0.00890
25.0,-2.0,50.0,0.04440,0.0302,-2.17500,0.00620,-0.13660,0.01200
25.0,-2.0,55.0,0.04500,0.0424,-2.20400,0.00350,-0.11890,0.00650
25.0,-2.0,60.0,0.04510,0.0474,-2.13400,0.00710,-0.15890,-0.00710
25.0,-2.0,70.0,0.06550,0.0371,-2.00000,0.00640,-0.22770,-0.01590
25.0,-2.0,80.0,-0.02020,0.0212,-1.89400,0.00520,-0.46210,0.00560
25.0,-2.0,90.0,-0.01730,0.0203,-2.07000,0.00700,-0.59380,0.00210
25.0,0.0,-20.0,-0.11410,0,0.71000,0.00000,-0.20930,0.00000
25.0,0.0,-15.0,-0.14500,0,0.47600,0.00000,-0.30790,0.00000
25.0,0.0,-10.0,-0.16330,0,0.20500,0.00000,-0.33910,0.00000
25.0,0.0,-5.0,-0.13370,0,0.12500,0.00000,-0.27410,0.00000
25.0,0.0,0.0,-0.10750,0,-0.22800,0.00000,-0.25270,0.00000
25.0,0.0,5.0,-0.07850,0,-0.57800,0.00000,-0.25620,0.00000
25.0,0.0,10.0,-0.03360,0,-0.94600,0.00000,-0.25540,0.00000
25.0,0.0,15.0,0.02120,0,-1.25300,0.00000,-0.21570,0.00000
25.0,0.0,20.0,0.01870,0,-1.55400,0.00000,-0.21650,0.00000
25.0,0.0,25.0,0.01980,0,-1.81400,0.00000,-0.23250,0.00000
25.0,0.0,30.0,0.03810,0,-2.10800,0.00000,-0.17400,0.00000
25.0,0.0,35.0,0.04790,0,-2.24800,0.00000,-0.14010,0.00000
25.0,0.0,40.0,0.04180,0,-2.33700,0.00000,-0.13200,0.00000
25.0,0.0,45.0,0.03630,0,-2.32700,0.00000,-0.11130,0.00000
25.0,0.0,50.0,0.04720,0,-2.26100,0.00000,-0.12340,0.00000
25.0,0.0,55.0,0.04840,0,-2.23100,0.00000,-0.09290,0.00000
25.0,0.0,60.0,0.04600,0,-2.17400,0.00000,-0.15840,0.00000
25.0,0.0,70.0,0.06410,0,-2.25900,0.00000,-0.23030,0.00000
25.0,0.0,80.0,-0.01730,0,-1.89900,0.00000,-0.47160,0.00000
25.0,0.0,90.0,-0.01730,0,-2.06900,0.00000,-0.58860,0.00000
25.0,2.0,-20.0,-0.11640,-0.0232,0.70400,-0.00330,-0.22040,-0.00050
25.0,2.0,-15.0,-0.14480,-0.0188,0.48100,-0.00240,-0.30520,0.00050
25.0,2.0,-10.0,-0.15180,-0.0124,0.20000,-0.00060,-0.29880,0.00180
25.0,2.0,-5.0,-0.13400,-0.042,0.12100,-0.00350,-0.27610,0.00640
25.0,2.0,0.0,-0.10720,-0.0394,-0.23100,-0.00290,-0.25240,0.00690
25.0,2.0,5.0,-0.07870,-0.0383,-0.57800,-0.00610,-0.25890,0.00420
25.0,2.0,10.0,-0.03450,-0.0383,-0.94900,-0.00670,-0.25990,0.00490
25.0,2.0,15.0,0.01570,-0.0383,-1.24000,-0.01100,-0.21840,0.00380
25.0,2.0,20.0,0.01730,-0.0248,-1.56300,-0.01020,-0.21820,0.00280
25.0,2.0,25.0,0.01650,-0.0335,-1.81100,-0.00770,-0.23220,0.00430
25.0,2.0,30.0,0.03740,-0.0306,-2.10600,-0.00380,-0.17320,-0.00100
25.0,2.0,35.0,0.04950,-0.0214,-2.26100,-0.00040,-0.14400,-0.00860
25.0,2.0,40.0,0.04310,-0.032,-2.34500,-0.00540,-0.14110,-0.00840
25.0,2.0,45.0,0.03250,-0.0868,-2.28900,-0.00210,-0.12320,-0.02520
25.0,2.0,50.0,0.04880,-0.0178,-2.26600,-0.00470,-0.12540,-0.00580
25.0,2.0,55.0,0.04420,-0.0087,-2.20300,-0.00780,-0.11860,-0.00260
25.0,2.0,60.0,0.04510,-0.0048,-2.17700,-0.00420,-0.16890,0.00930
25.0,2.0,70.0,0.06770,-0.0113,-2.21100,-0.00640,-0.35050,-0.00390
25.0,2.0,80.0,-0.00460,-0.0203,-2.00900,-0.00280,-0.44740,-0.00100
25.0,2.0,90.0,-0.01680,-0.0263,-2.02600,-0.00080,-0.58390,-0.00020
25.0,4.0,-20.0,-0.11920,-0.0467,0.71500,-0.00810,-0.21760,-0.00030
25.0,4.0,-15.0,-0.14280,-0.0402,0.47200,-0.00490,-0.29330,0.00310
25.0,4.0,-10.0,-0.14820,-0.043,0.19400,-0.00510,-0.29070,0.00750
25.0,4.0,-5.0,-0.13220,-0.0763,0.11400,-0.00710,-0.27820,0.01390
25.0,4.0,0.0,-0.10610,-0.0764,-0.23200,-0.00650,-0.25240,0.01470
25.0,4.0,5.0,-0.07440,-0.0819,-0.59900,-0.01110,-0.25810,0.01240
25.0,4.0,10.0,-0.03260,-0.0786,-0.93600,-0.01580,-0.25300,0.01260
25.0,4.0,15.0,0.01310,-0.077,-1.25500,-0.02190,-0.22970,0.01080
25.0,4.0,20.0,0.02550,-0.0558,-1.54900,-0.02020,-0.21380,0.00520
25.0,4.0,25.0,0.02180,-0.0677,-1.81600,-0.01420,-0.22690,0.01030
25.0,4.0,30.0,0.03790,-0.0647,-2.09400,-0.00720,-0.17820,-0.00060
25.0,4.0,35.0,0.04950,-0.0513,-2.25500,-0.00060,-0.15020,-0.01260
25.0,4.0,40.0,0.04260,-0.0484,-2.32800,-0.00770,-0.14630,-0.01470
25.0,4.0,45.0,0.03400,-0.1048,-2.28800,-0.00790,-0.13040,-0.04030
25.0,4.0,50.0,0.04970,-0.0791,-2.26200,-0.01150,-0.14160,-0.02510
25.0,4.0,55.0,0.03830,-0.0718,-2.10200,-0.01570,-0.15330,-0.00850
25.0,4.0,60.0,0.04330,-0.0571,-2.10300,-0.00810,-0.17730,0.01380
25.0,4.0,70.0,0.07010,-0.03,-1.88500,-0.00970,-0.19310,0.01100
25.0,4.0,80.0,0.02810,-0.0361,-2.01400,-0.00520,-0.39160,0.00420
25.0,4.0,90.0,-0.01850,-0.0418,-2.00500,-0.00170,-0.56730,0.00080
25.0,6.0,-20.0,-0.12000,-0.0747,0.72000,-0.00770,-0.21850,0.00480
25.0,6.0,-15.0,-0.14080,-0.0681,0.47500,-0.00750,-0.28160,0.00930
25.0,6.0,-10.0,-0.14570,-0.0792,0.19800,-0.00760,-0.28250,0.01400
25.0,6.0,-5.0,-0.13090,-0.1177,0.10700,-0.01090,-0.27850,0.02220
25.0,6.0,0.0,-0.10450,-0.1191,-0.23900,-0.01080,-0.25320,0.02300
25.0,6.0,5.0,-0.07040,-0.1233,-0.58800,-0.01430,-0.24820,0.02210
25.0,6.0,10.0,-0.02830,-0.1204,-0.94500,-0.02210,-0.25010,0.02180
25.0,6.0,15.0,0.01360,-0.12,-1.25500,-0.03030,-0.23050,0.02080
25.0,6.0,20.0,0.01830,-0.0984,-1.57700,-0.02150,-0.25890,0.01780
25.0,6.0,25.0,0.02440,-0.1028,-1.79800,-0.02020,-0.22430,0.01790
25.0,6.0,30.0,0.03890,-0.0906,-2.07900,-0.01070,-0.18550,0.00180
25.0,6.0,35.0,0.04870,-0.0806,-2.23100,0.00050,-0.15550,-0.01540
25.0,6.0,40.0,0.03920,-0.0664,-2.27100,-0.00990,-0.15320,-0.02480
25.0,6.0,45.0,0.03420,-0.1365,-2.31200,-0.01050,-0.13500,-0.05110
25.0,6.0,50.0,0.05070,-0.106,-2.25500,-0.01510,-0.14630,-0.04080
25.0,6.0,55.0,0.04100,-0.1065,-2.13500,-0.02150,-0.15230,-0.02230
25.0,6.0,60.0,0.04350,-0.084,-2.15300,-0.01420,-0.19470,0.00670
25.0,6.0,70.0,0.07020,-0.0477,-2.22100,-0.01460,-0.18800,0.00880
25.0,6.0,80.0,0.03110,-0.0655,-2.10100,-0.01010,-0.40820,-0.00430
25.0,6.0,90.0,-0.01830,-0.0611,-2.00000,-0.01980,-0.57000,0.00080
25.0,8.0,-20.0,-0.12400,-0.1078,0.72100,-0.01600,-0.20770,0.00840
25.0,8.0,-15.0,-0.14400,-0.1004,0.47300,-0.00900,-0.27500,0.01450
25.0,8.0,-10.0,-0.14380,-0.1171,0.19800,-0.00960,-0.27940,0.02220
25.0,8.0,-5.0,-0.12800,-0.1575,0.09700,-0.01410,-0.27560,0.03040
25.0,8.0,0.0,-0.10240,-0.1674,-0.24100,-0.01520,-0.25170,0.03190
25.0,8.0,5.0,-0.06880,-0.1705,-0.57700,-0.01860,-0.24280,0.03230
25.0,8.0,10.0,-0.02470,-0.1668,-0.92400,-0.02710,-0.23670,0.03100
25.0,8.0,15.0,0.01580,-0.1642,-1.25700,-0.03790,-0.23100,0.03060
25.0,8.0,20.0,0.01650,-0.1366,-1.57800,-0.02940,-0.27050,0.02680
25.0,8.0,25.0,0.02280,-0.1369,-1.80000,-0.02210,-0.23820,0.02640
25.0,8.0,30.0,0.04170,-0.1159,-2.06600,-0.01280,-0.18750,0.00390
25.0,8.0,35.0,0.04670,-0.0971,-2.19800,0.00290,-0.16160,-0.01810
25.0,8.0,40.0,0.04050,-0.0958,-2.25900,-0.00580,-0.15230,-0.03620
25.0,8.0,45.0,0.03560,-0.1541,-2.28200,-0.01340,-0.14450,-0.06210
25.0,8.0,50.0,0.04870,-0.1177,-2.15300,-0.02300,-0.15080,-0.05430
25.0,8.0,55.0,0.04710,-0.1225,-2.17300,-0.02440,-0.13040,-0.02570
25.0,8.0,60.0,0.04380,-0.1047,-2.17600,-0.01900,-0.19820,-0.00280
25.0,8.0,70.0,0.06360,-0.0715,-2.21200,-0.01810,-0.23710,0.00840
25.0,8.0,80.0,0.00530,-0.0804,-2.01400,-0.01470,-0.42990,0.00160
25.0,8.0,90.0,-0.01300,-0.0836,-2.08500,-0.01300,-0.58850,-0.00080
25.0,10.0,-20.0,-0.12430,-0.1421,0.72100,-0.01860,-0.19460,0.01430
25.0,10.0,-15.0,-0.13970,-0.1317,0.47300,-0.01340,-0.27170,0.01950
25.0,10.0,-10.0,-0.14190,-0.1542,0.20100,-0.01300,-0.27340,0.02770
25.0,10.0,-5.0,-0.12430,-0.2072,0.10100,-0.01750,-0.26320,0.03990
25.0,10.0,0.0,-0.10030,-0.2134,-0.24400,-0.01880,-0.24910,0.04080
25.0,10.0,5.0,-0.06690,-0.2173,-0.57900,-0.02280,-0.24270,0.04150
25.0,10.0,10.0,-0.02360,-0.2171,-0.91300,-0.03320,-0.23300,0.04000
25.0,10.0,15.0,0.01790,-0.2056,-1.24500,-0.04540,-0.21900,0.03810
25.0,10.0,20.0,0.01190,-0.1729,-1.56300,-0.03940,-0.27510,0.03320
25.0,10.0,25.0,0.02140,-0.1692,-1.78500,-0.02770,-0.24650,0.03110
25.0,10.0,30.0,0.04460,-0.1353,-2.04300,-0.01560,-0.18520,0.00180
25.0,10.0,35.0,0.04340,-0.1022,-2.15500,0.00860,-0.16940,-0.02880
25.0,10.0,40.0,0.03810,-0.1075,-2.22900,-0.00680,-0.15620,-0.04800
25.0,10.0,45.0,0.03380,-0.183,-2.23200,-0.01490,-0.14880,-0.07120
25.0,10.0,50.0,0.04950,-0.1508,-2.20100,-0.02580,-0.14210,-0.06640
25.0,10.0,55.0,0.05220,-0.1468,-2.10700,-0.02320,-0.11580,-0.02440
25.0,10.0,60.0,0.04160,-0.1242,-2.14400,-0.02110,-0.21500,-0.00730
25.0,10.0,70.0,0.05460,-0.0859,-2.12500,-0.02090,-0.27010,0.00690
25.0,10.0,80.0,-0.02100,-0.1027,-1.82500,-0.01940,-0.45930,-0.00350
25.0,10.0,90.0,-0.01570,-0.1068,-2.00700,-0.01500,-0.56960,-0.00080
25.0,15.0,-20.0,-0.11280,-0.2221,0.75000,-0.01670,-0.13300,0.03560
25.0,15.0,-15.0,-0.13240,-0.193,0.46500,-0.01930,-0.20800,0.03190
25.0,15.0,-10.0,-0.13750,-0.2482,0.18500,-0.01400,-0.24600,0.04210
25.0,15.0,-5.0,-0.11430,-0.3041,0.08100,-0.02030,-0.25270,0.05360
25.0,15.0,0.0,-0.09840,-0.3198,-0.24400,-0.02150,-0.24910,0.05650
25.0,15.0,5.0,-0.06740,-0.3257,-0.55900,-0.02930,-0.24340,0.05670
25.0,15.0,10.0,-0.02510,-0.3204,-0.87600,-0.04410,-0.22200,0.05310
25.0,15.0,15.0,0.01710,-0.3091,-1.19800,-0.05600,-0.21750,0.05100
25.0,15.0,20.0,0.02730,-0.2479,-1.45300,-0.05200,-0.21110,0.03050
25.0,15.0,25.0,0.04050,-0.2337,-1.66100,-0.04930,-0.18280,0.02390
25.0,15.0,30.0,0.04350,-0.1841,-1.94300,-0.02410,-0.18240,-0.01110
25.0,15.0,35.0,0.03900,-0.1632,-2.03700,-0.00130,-0.18250,-0.04560
25.0,15.0,40.0,0.03550,-0.1539,-2.08900,-0.01200,-0.16360,-0.07330
25.0,15.0,45.0,0.03010,-0.194,-2.09900,-0.02880,-0.16180,-0.08040
25.0,15.0,50.0,0.04780,-0.2201,-2.11000,-0.03920,-0.15500,-0.05300
25.0,15.0,55.0,0.04320,-0.209,-1.95000,-0.03650,-0.15800,-0.01710
25.0,15.0,60.0,0.03630,-0.1885,-2.00000,-0.02550,-0.18080,-0.00720
25.0,15.0,70.0,0.00330,-0.1266,-1.97000,-0.02900,-0.36350,-0.00590
25.0,15.0,80.0,-0.02880,-0.1554,-1.84000,-0.03020,-0.51130,-0.01120
25.0,15.0,90.0,-0.02370,-0.1547,-1.93500,-0.02440,-0.59610,0.00140
25.0,20.0,-20.0,-0.11120,-0.2861,0.75000,-0.00440,-0.10600,0.03690
25.0,20.0,-15.0,-0.12590,-0.254,0.47000,-0.01230,-0.17300,0.03980
25.0,20.0,-10.0,-0.13350,-0.3212,0.19000,-0.01230,-0.21500,0.04760
25.0,20.0,-5.0,-0.10920,-0.4001,0.07700,-0.01840,-0.23700,0.06450
25.0,20.0,0.0,-0.09430,-0.4315,-0.23200,-0.02470,-0.23590,0.06960
25.0,20.0,5.0,-0.06240,-0.443,-0.52800,-0.03580,-0.21990,0.06940
25.0,20.0,10.0,-0.02210,-0.4347,-0.81300,-0.05340,-0.19380,0.06490
25.0,20.0,15.0,0.01890,-0.3966,-1.10300,-0.06370,-0.18380,0.04990
25.0,20.0,20.0,0.03580,-0.328,-1.35800,-0.06530,-0.18110,0.02590
25.0,20.0,25.0,0.04750,-0.3044,-1.59500,-0.06050,-0.18480,0.02240
25.0,20.0,30.0,0.04650,-0.2743,-1.80400,-0.03910,-0.17320,-0.01460
25.0,20.0,35.0,0.04360,-0.2282,-1.91500,-0.02910,-0.16030,-0.04020
25.0,20.0,40.0,0.03470,-0.1575,-1.99100,-0.03670,-0.14320,-0.06410
25.0,20.0,45.0,0.03310,-0.1506,-2.03000,-0.03750,-0.11880,-0.04800
25.0,20.0,50.0,0.05250,-0.1565,-1.98400,-0.04590,-0.15850,-0.02920
25.0,20.0,55.0,0.02720,-0.2153,-1.89200,-0.04740,-0.26120,-0.04240
25.0,20.0,60.0,0.03970,-0.2077,-1.96000,-0.03130,-0.17370,-0.02540
25.0,20.0,70.0,0.00200,-0.1534,-1.90700,-0.04240,-0.35630,-0.01910
25.0,20.0,80.0,-0.03120,-0.2075,-1.89900,-0.03950,-0.52020,-0.01350
25.0,20.0,90.0,-0.03230,-0.1986,-1.94800,-0.03460,-0.61580,-0.00680
25.0,25.0,-20.0,-0.10540,-0.3461,0.74000,0.00740,-0.10200,0.04410
25.0,25.0,-15.0,-0.12120,-0.319,0.49000,-0.00170,-0.15100,0.04590
25.0,25.0,-10.0,-0.12280,-0.3842,0.21000,-0.00650,-0.18300,0.05340
25.0,25.0,-5.0,-0.10260,-0.5013,0.07700,-0.01940,-0.20020,0.07420
25.0,25.0,0.0,-0.08770,-0.5369,-0.20700,-0.02630,-0.19830,0.08240
25.0,25.0,5.0,-0.05860,-0.5506,-0.46700,-0.03780,-0.19390,0.07860
25.0,25.0,10.0,-0.01980,-0.5313,-0.72400,-0.05730,-0.16640,0.07180
25.0,25.0,15.0,0.01710,-0.4868,-0.99000,-0.07080,-0.15020,0.05320
25.0,25.0,20.0,0.04220,-0.4542,-1.24100,-0.07530,-0.14820,0.03740
25.0,25.0,25.0,0.05430,-0.4241,-1.47900,-0.07320,-0.15950,0.03020
25.0,25.0,30.0,0.04660,-0.36,-1.68100,-0.06490,-0.14780,-0.00120
25.0,25.0,35.0,0.04090,-0.3141,-1.76000,-0.05030,-0.13560,-0.01850
25.0,25.0,40.0,0.04780,-0.1807,-1.89700,-0.06540,-0.11590,-0.00520
25.0,25.0,45.0,0.04280,-0.1951,-1.94500,-0.05880,-0.10030,-0.02470
25.0,25.0,50.0,0.04760,-0.1679,-1.84100,-0.05850,-0.15880,-0.01870
25.0,25.0,55.0,0.03470,-0.1709,-1.87700,-0.05520,-0.17020,-0.00420
25.0,25.0,60.0,0.03400,-0.1719,-1.93000,-0.04200,-0.17190,-0.00080
25.0,25.0,70.0,-0.00050,-0.2078,-1.88200,-0.05680,-0.36970,-0.02090
25.0,25.0,80.0,-0.02400,-0.2495,-1.92200,-0.05210,-0.49610,-0.01350
25.0,25.0,90.0,-0.02460,-0.2474,-1.98900,-0.04250,-0.59510,-0.00540
25.0,30.0,-20.0,-0.10200,-0.4081,0.71000,-0.02560,-0.08200,0.04250
25.0,30.0,-15.0,-0.11540,-0.398,0.51500,0.00810,-0.12300,0.04920
25.0,30.0,-10.0,-0.11180,-0.4382,0.25000,0.00080,-0.15000,0.05720
25.0,30.0,-5.0,-0.09100,-0.5794,0.09300,-0.01740,-0.17720,0.07870
25.0,30.0,0.0,-0.07990,-0.64,-0.16400,-0.02690,-0.17480,0.09240
25.0,30.0,5.0,-0.05730,-0.6514,-0.39800,-0.04250,-0.16120,0.08920
25.0,30.0,10.0,-0.01930,-0.6371,-0.62600,-0.05970,-0.13380,0.08140
25.0,30.0,15.0,0.01800,-0.61,-0.89100,-0.07830,-0.11950,0.06840
25.0,30.0,20.0,0.02900,-0.5698,-1.09700,-0.07840,-0.12270,0.04170
25.0,30.0,25.0,0.05470,-0.503,-1.37100,-0.08640,-0.12500,0.03620
25.0,30.0,30.0,0.03490,-0.4189,-1.56800,-0.09890,-0.08140,0.02440
25.0,30.0,35.0,0.03380,-0.3488,-1.67000,-0.06910,-0.08080,0.00710
25.0,30.0,40.0,0.04020,-0.2242,-1.80400,-0.07410,-0.05820,0.00510
25.0,30.0,45.0,0.04500,-0.2662,-1.83400,-0.07380,-0.09330,-0.02070
25.0,30.0,50.0,0.03760,-0.2008,-1.63700,-0.06850,-0.17710,-0.01510
25.0,30.0,55.0,0.03150,-0.2107,-1.76500,-0.06920,-0.18120,0.00310
25.0,30.0,60.0,0.02460,-0.2099,-1.83800,-0.06030,-0.23330,0.00560
25.0,30.0,70.0,0.00580,-0.2421,-1.87400,-0.07200,-0.35340,-0.01040
25.0,30.0,80.0,-0.01520,-0.2954,-1.87300,-0.06530,-0.44600,-0.00580
25.0,30.0,90.0,-0.01500,-0.3047,-1.95100,-0.05460,-0.56340,-0.00720