#              time [s],              Vxb [ft/s],              Vyb [ft/s],              Vzb [ft/s],               p [deg/s],               q [deg/s],               r [deg/s],                 xf [ft],                 yf [ft],                 zf [ft],               phi [deg],             theta [deg],               psi [deg],                da [deg],               deB [deg],                dB [deg],          tau [per-unit],           dadot [deg/s],          deBdot [deg/s],           dBdot [deg/s],     taudot [per-unit/s],        daddot [deg/s/s],       deBddot [deg/s/s],        dBddot [deg/s/s],  tauddot [per-unit/s/s]
 0.0000000000000000e+00,  6.3360447576888077e+02,  2.7337330975778116e-03,  3.2025348914639238e+01, -2.5403425809214016e-02,  8.8619416984141636e-02,  5.0258568840728335e-01,  0.0000000000000000e+00,  0.0000000000000000e+00, -1.5000000000000000e+04,  1.0000000000000000e+01,  2.8496921574446610e+00, -4.9757697530575166e-17,  6.0065387184655272e-03, -1.1980534779500638e+00, -3.1867145664230150e-02,  2.7406183980512239e-01, -9.5195624050516299e-03,  2.4432837376693438e+01,  7.9019446057609537e+00,  1.2577905272870282e-06,  2.7602540258687447e-01, -2.7506897415687348e+02, -5.3805389883186899e+02,  7.5844867220009604e-04
 1.0000000000000000e-02,  6.3360409487649440e+02,  2.6943531432422401e-03,  3.2031321028229684e+01, -2.5411170430951001e-02,  2.2584222550156138e-01,  5.0291382034983134e-01,  6.3438918618307536e+00, -5.5300616927671839e-02, -1.5000000006274728e+04,  1.0000006211291694e+01,  2.8503924101010885e+00,  5.2348312029690137e-03,  5.9113430944150109e-03, -9.5372510418312939e-01,  4.7152300393379386e-02,  2.7406185238302766e-01, -8.1394353921172575e-03,  2.3057492505909071e+01,  5.2116751116016085e+00,  5.0500338882875084e-06,  2.7602540258687447e-01, -2.7506897415687348e+02, -5.3805389883186899e+02,  7.5844867220009604e-04
 2.0000000000000000e-02,  6.3360304773674488e+02,  2.5991536497602481e-03,  3.2047304316514087e+01, -2.5416769183607898e-02,  3.3462535934954224e-01,  5.0330735838362262e-01,  1.2687787096329872e+01, -1.1002936923822088e-01, -1.5000000049030403e+04,  1.0000023262314780e+01,  2.8523004582276816e+00,  1.0686742745442544e-02,  5.8437500106231820e-03, -7.3690362783188235e-01,  7.2366356567802020e-02,  2.7406194080580015e-01, -6.1113042297365498e-03,  2.0395531031549083e+01,  1.8808771930593438e+00,  1.6425740584358198e-05,  1.2960082988926727e-01, -2.5732332071512496e+02, -1.2810568487658406e+02,  1.5166926670140419e-03
 2.9999999999999999e-02,  6.3360146679781292e+02,  2.4611169457107495e-03,  3.2070683532349150e+01, -2.5413270260995387e-02,  4.1836950253270760e-01,  5.0367149204400075e-01,  1.9031684104244356e+01, -1.6418042692020401e-01, -1.5000000161608241e+04,  1.0000049025609833e+01,  2.8551531611352390e+00,  1.6309329741586005e-02,  5.7891170098202799e-03, -5.4581448355214779e-01,  8.4769844254566254e-02,  2.7406218089783935e-01, -4.9528900801274357e-03,  1.7913596047902733e+01,  9.8219247131918208e-01,  3.5286067481821171e-05,  1.0208200003255542e-01, -2.3906367601414402e+02, -5.1631259471448253e+01,  2.2553727124785539e-03
 4.0000000000000001e-02,  6.3359947066111783e+02,  2.2886992758617860e-03,  3.2099196837669815e+01, -2.5399315482923766e-02,  4.8023128435860063e-01,  5.0398382761456129e-01,  2.5375581308543097e+01, -2.1774847304756184e-01, -1.5000000374033079e+04,  1.0000081646655428e+01,  2.8587197512408902e+00,  2.2061416808332159e-02,  5.7446922090206333e-03, -3.7863170687382769e-01,  9.2010205994185662e-02,  2.7406264652714979e-01, -4.0040058451983997e-03,  1.5614222723177253e+01,  6.1066038047674065e-01,  6.1352438665562823e-05,  8.7694846953251554e-02, -2.2081098893095054e+02, -2.2675158697040001e+01,  2.9579015242697780e-03
 5.0000000000000003e-02,  6.3359716478596147e+02,  2.0890050847915133e-03,  3.2130906014763283e+01, -2.5375198496810056e-02,  5.2312338168334627e-01,  5.0424075232029486e-01,  3.1719477189090359e+01, -2.7072873432482197e-01, -1.5000000713128507e+04,  1.0000119509289192e+01,  2.8627993643741640e+00,  2.7906992918394356e-02,  5.7090368929163119e-03, -2.3353002908860263e-01,  9.6983051864101069e-02,  2.7406340794661266e-01, -3.1812915530474340e-03,  1.3496171308695752e+01,  4.5340469300123387e-01,  9.4202657593966968e-05,  7.6848011476941841e-02, -2.0279929396535118e+02, -8.7759787980613879e+00,  3.6121422614110456e-03
 5.9999999999999998e-02,  6.3359464217734615e+02,  1.8681981046539341e-03,  3.2164167523553893e+01, -2.5341864847325528e-02,  5.4971795827322523e-01,  5.0444502036943106e-01,  3.8063370308735031e+01, -3.2311697399772105e-01, -1.5000001202649788e+04,  1.0000161209855777e+01,  2.8672186324060940e+00,  3.3814901419677357e-02,  5.6810663779596846e-03, -1.0870828069991266e-01,  1.0107829985421034e-01,  2.7406453058030167e-01, -2.4595934943966078e-03,  1.1556112640826973e+01,  4.0337776269227305e-01,  1.3331220507228900e-04,  6.7491600253223219e-02, -1.8521243960840420e+02, -1.2294072637307467e+00,  4.2097672342533681e-03
 7.0000000000000007e-02,  6.3359198407906092e+02,  1.6316556611008816e-03,  3.2197604597986292e+01, -2.5300528973803669e-02,  5.6245252728051964e-01,  5.0460143856645157e-01,  4.4407259331839327e+01, -3.7490947160033988e-01, -1.5000001863433114e+04,  1.0000205535751933e+01,  2.8718293350324409e+00,  3.9758464701186221e-02,  5.6598450230283797e-03, -2.4077762720631341e-03,  1.0505060711794653e-01,  2.7406607419071410e-01, -1.8272818980162929e-03,  9.7890597082947366e+00,  4.1320018013021176e-01,  1.7808928635398844e-04,  5.8970719022839707e-02, -1.6819814689804278e+02,  3.1938907513184831e+00,  4.7456490220865160e-03
 8.0000000000000002e-02,  6.3358926068397318e+02,  1.3840836742710389e-03,  3.2230080559226685e+01, -2.5252498896213640e-02,  5.6353777716543818e-01,  5.0471516158801755e-01,  5.0751143036371204e+01, -4.2610299657087619e-01, -1.5000002713557478e+04,  1.0000251446675351e+01,  2.8765061241387544e+00,  4.5715093428427819e-02,  5.6445207399993588e-03,  8.7072913465982102e-02,  1.0934230345681457e-01,  2.7406809236602875e-01, -1.2774170553441287e-03,  8.1887040584823509e+00,  4.5886414517258511e-01,  2.2790400290295676e-04,  5.1002249511593378e-02, -1.5187298306443554e+02,  5.9389022571561316e+00,  5.2172942877071245e-03
 8.9999999999999997e-02,  6.3358653186558581e+02,  1.1296170159215205e-03,  3.2260673480938287e+01, -2.5199087019180944e-02,  5.5496695419211861e-01,  5.0479102055559222e-01,  5.7095020320644728e+01, -4.7669477868994908e-01, -1.5000003768515391e+04,  1.0000298057771824e+01,  2.8811443351434454e+00,  5.1665899880698175e-02,  5.6342966819214971e-03,  1.6136630489758380e-01,  1.1422789002139823e-01,  2.7407063227077216e-01, -8.0520321784054844e-04,  6.7477086601405540e+00,  5.2724679850658018e-01,  2.8211211884621162e-04,  4.3440517989122553e-02, -1.3632609660392293e+02,  7.7376284096429515e+00,  5.6243289009438842e-03
 1.0000000000000001e-01,  6.3358384792919810e+02,  8.7190582112582019e-04,  3.2288652303384403e+01, -2.5141561178525940e-02,  5.3852643575422998e-01,  5.0483330015743666e-01,  6.3438890205709328e+01, -5.2668247690748804e-01, -1.5000005041388975e+04,  1.0000344624238014e+01,  2.8856578976082483e+00,  5.7595324605929921e-02,  5.6284166756425478e-03,  2.2202708666879320e-01,  1.1988723942694618e-01,  2.7407373460840567e-01, -4.0695490912396980e-04,  5.4579652743786919e+00,  6.1091321218241568e-01,  3.4007395942892144e-04,  3.6209143754193152e-02, -1.2162258054844938e+02,  8.9956543255241517e+00,  5.9680392155980729e-03
 1.1000000000000000e-01,  6.3358125037716889e+02,  6.1418697155233681e-04,  3.2313454459382037e+01, -2.5081116251583348e-02,  5.1580716993750741e-01,  5.0484571424206581e-01,  6.9782751834288447e+01, -5.7606414752061041e-01, -1.5000006543028445e+04,  1.0000390527116569e+01,  2.8899773546812755e+00,  6.3490781177439434e-02,  5.6261575837390177e-03,  2.7052561038515766e-01,  1.2644615426504655e-01,  2.7407743374996074e-01, -7.9538542147126369e-05,  4.3108194634498558e+00,  7.0566215846345237e-01,  4.0116901075804034e-04,  2.9274129641175570e-02, -1.0780658163731843e+02,  9.9541349306831002e+00,  6.2509710502256571e-03
 1.2000000000000000e-01,  6.3357877268048173e+02,  3.5934133958217943e-04,  3.2334665045967981e+01, -2.5018857246259317e-02,  4.8821669696676584e-01,  5.0483146421078229e-01,  7.6126604467060744e+01, -6.2483821235280435e-01, -1.5000008282230379e+04,  1.0000435260119151e+01,  2.8940479982407274e+00,  6.9342321606490884e-02,  5.6268259047996053e-03,  3.0824347593779028e-01,  1.3400048259621522e-01,  2.7408175798862083e-01,  1.7997571830200874e-04,  3.2972657173946449e+00,  8.0926119715669498e-01,  4.6480679325167074e-04,  2.2628722448651471e-02, -9.4904167573723285e+01,  1.0765672807965526e+01,  6.4765854485004911e-03
 1.3000000000000000e-01,  6.3357644104770850e+02,  1.0993843471945294e-04,  3.2351997550732598e+01, -2.4955789473002813e-02,  4.5699150643020153e-01,  5.0479332491083129e-01,  8.2470447476968587e+01, -6.7300342740050756e-01, -1.5000010265913617e+04,  1.0000478417371543e+01,  2.8978281241384569e+00,  7.5142323704303168e-02,  5.6297570981050579e-03,  3.3647092473305057e-01,  1.4263137820818045e-01,  2.7408672988582578e-01,  3.7453230447930463e-04,  2.4081151135022800e+00,  9.2075537166002641e-01,  5.3043456277046498e-04,  1.6282594786807728e-02, -8.2925953204749234e+01,  1.1533162092700868e+01,  6.6489684552584073e-03
 1.4000000000000001e-01,  6.3357427518227860e+02, -1.3172943984496690e-04,  3.2365276120781957e+01, -2.4892813583832132e-02,  4.2320951981776028e-01,  5.0473373185136916e-01,  8.8814280342135504e+01, -7.2055885229240935e-01, -1.5000012499290993e+04,  1.0000519682010154e+01,  2.9012874097640768e+00,  8.0885200909951244e-02,  5.6343165508891914e-03,  3.5640577820783592e-01,  1.5241559002941577e-01,  2.7409236667987624e-01,  5.0721237019111924e-04,  1.6341378999386655e+00,  1.0400775223614660e+00,  5.9754235983144920e-04,  1.0253418355555068e-02, -7.1869489507974194e+01,  1.2331268047586788e+01,  6.7725909569382806e-03
 1.4999999999999999e-01,  6.3357228901941755e+02, -3.6362135794956805e-04,  3.2374419344855312e+01, -2.4830724297345473e-02,  3.8780252067230242e-01,  5.0465485818948763e-01,  9.5158102637876823e+01, -7.6750382082089541e-01, -1.5000014986035438e+04,  1.0000558815580703e+01,  2.9044054142724534e+00,  8.6567134588735814e-02,  5.6399013455088803e-03,  3.6915368273182386e-01,  1.6343292865540976e-01,  2.7409868073302240e-01,  5.8128076660798574e-04,  9.6618333630819941e-01,  1.1678300847703693e+00,  6.6566588370342605e-04,  4.5602609278182259e-03, -6.1721423218119085e+01,  1.3219244434193881e+01,  6.8521138174571020e-03
 1.6000000000000000e-01,  6.3357049143502138e+02, -5.8392828211939972e-04,  3.2379425504905875e+01, -2.4770212121110340e-02,  3.5156838444461036e-01,  5.0455867737530335e-01,  1.0150191402819985e+02, -8.1383791274008155e-01, -1.5000017728439314e+04,  1.0000595648202182e+01,  2.9071702002291726e+00,  9.2185828451999116e-02,  5.6459421662213511e-03,  3.7572944493399990e-01,  1.7577219172482314e-01,  2.7410567999755031e-01,  6.0017465741929227e-04,  3.9527903142509668e-01,  1.3051727366330828e+00,  7.3438761918620467e-04, -7.8148276555674160e-04, -5.2459437758501274e+01,  1.4249285938349150e+01,  6.8922332790988129e-03
 1.7000000000000001e-01,  6.3356888691990298e+02, -7.9105821268008988e-04,  3.2380359242110401e+01, -2.4711867617156987e-02,  3.1518298699274666e-01,  5.0444701106599499e-01,  1.0784571425711040e+02, -8.5956092697354425e-01, -1.5000020727566098e+04,  1.0000630069465785e+01,  2.9095770741099956e+00,  9.7740284497373570e-02,  5.6519048386572662e-03,  3.7705926336032580e-01,  1.8953638338807144e-01,  2.7411336848540613e-01,  5.6744772970237394e-04, -8.7288096888307784e-02,  1.4537823012565045e+00,  8.0333659268627721e-04, -5.7639027778271018e-03, -4.4053987904179628e+01,  1.5472626986334797e+01,  6.8975614209154726e-03
 1.7999999999999999e-01,  6.3356747621415411e+02, -9.8362458537580664e-04,  3.2377339573485109e+01, -2.4656187872125149e-02,  2.7921169466860518e-01,  5.0432156366205949e-01,  1.1418950313997433e+02, -9.0467285633311600e-01, -1.5000023983393752e+04,  1.0000662020040942e+01,  2.9116274420174246e+00,  1.0323059968602995e-01,  5.6572911208153985e-03,  3.7398368299623375e-01,  2.0484783774995322e-01,  2.7412174672940404e-01,  4.8668101747875747e-04, -4.8990724457859425e-01,  1.6158688938770769e+00,  8.7218708305913982e-04, -1.0389439666896188e-02, -3.6469841633877714e+01,  1.6944691537779683e+01,  6.8725366536570645e-03
 1.9000000000000000e-01,  6.3356625689770419e+02, -1.1604368335200960e-03,  3.2370529188746993e+01, -2.4603584901314424e-02,  2.4412036022732420e-01,  5.0418394550302092e-01,  1.2053328055512252e+02, -9.4917386381557700e-01, -1.5000027494949354e+04,  1.0000691483960541e+01,  2.9133277761256027e+00,  1.0865778244143751e-01,  5.6616384590068413e-03,  3.6726111846875392e-01,  2.2185376126561296e-01,  2.7413081222706731e-01,  3.6136805811547645e-04, -8.2059366889875784e-01,  1.7942433782775988e+00,  9.4065656394137689e-04, -1.4673152205759892e-02, -2.9667443230155190e+01,  1.8730205342325188e+01,  6.8213595227906033e-03
 2.0000000000000001e-01,  6.3356522393445266e+02, -1.3204923061232486e-03,  3.2360124952486196e+01, -2.4554395771795204e-02,  2.1028576754125752e-01,  5.0403568688230438e-01,  1.2687704643583743e+02, -9.9306426051529462e-01, -1.5000031260434725e+04,  1.0000718481555486e+01,  2.9146886867092356e+00,  1.1402358796025185e-01,  5.6645184819777081e-03,  3.5757180961825857e-01,  2.4073270531550522e-01,  2.7414055986068286e-01,  1.9477841380569777e-04, -1.0869514456151257e+00,  1.9924397891229193e+00,  1.0085031087569978e-03, -1.8644776656195926e-02, -2.3604112113118106e+01,  2.0909076826738392e+01,  6.7479494403333076e-03
 2.0999999999999999e-01,  6.3356437016855250e+02, -1.4629689721013051e-03,  3.2346349533842528e+01, -2.4508894293748199e-02,  1.7800548447642361e-01,  5.0387824487578492e-01,  1.3322080076281807e+02, -1.0363444851668961e+00, -1.5000035277342942e+04,  1.0000743063005638e+01,  2.9157240941295650e+00,  1.1933037126196383e-01,  5.6655340272829553e-03,  3.4552208955645142e-01,  2.6170255704807133e-01,  2.7415098228924245e-01, -1.0200636102117305e-05, -1.2961474680986496e+00,  2.2149049834565679e+00,  1.0755224480657470e-03, -2.2351033325367111e-02, -1.8235092383586689e+01,  2.3583962039991381e+01,  6.6559184214165582e-03
 2.2000000000000000e-01,  6.3356368677249429e+02, -1.5872185430317082e-03,  3.2329444084465798e+01, -2.4467304214421049e-02,  1.4750709748017105e-01,  5.0371300467490498e-01,  1.3956454355718529e+02, -1.0790150853122724e+00, -1.5000039542565739e+04,  1.0000765302470180e+01,  2.9164504948186174e+00,  1.2458095686396467e-01,  5.6643144692556657e-03,  3.3164886025628559e-01,  2.8503080498463657e-01,  2.7416207030964418e-01, -2.5124959596115721e-04, -1.4548952745841657e+00,  2.4672786534995832e+00,  1.1415448320034594e-03, -2.5858758646440893e-02, -1.3514468913516906e+01,  2.6890771968612288e+01,  6.5485583661262104e-03
 2.3000000000000001e-01,  6.3356316364756572e+02, -1.6927598181029505e-03,  3.2309661885365202e+01, -2.4429813967986536e-02,  1.1895681362175130e-01,  5.0354127675029181e-01,  1.4590827487406165e+02, -1.1210767000701907e+00, -1.5000044052491954e+04,  1.0000785292755625e+01,  2.9168863151013897e+00,  1.2977852394818248e-01,  5.6605090353637321e-03,  3.1642418406476808e-01,  3.1104813011806304e-01,  2.7417381318588252e-01, -5.2684175139098449e-04, -1.5694474569011443e+00,  2.7568028570959928e+00,  1.2064318181237439e-03, -2.9259672439524462e-02, -9.3959675498783799e+00,  3.1014068750668844e+01,  6.4288388579303371e-03
 2.3999999999999999e-01,  6.3356278977803481e+02, -1.7792722033632563e-03,  3.2287262884119365e+01, -2.4396593204271098e-02,  9.2467426211608542e-02,  5.0336429077773548e-01,  1.5225199479673978e+02, -1.1625300444742961e+00, -1.5000048803097208e+04,  1.0000803140473945e+01,  2.9170513466058847e+00,  1.3492650588074390e-01,  5.6537776342278460e-03,  3.0025991111826272e-01,  3.4016686212655639e-01,  2.7418619894600665e-01, -8.3653024575986628e-04, -1.6455955972858685e+00,  3.0929261509709440e+00,  1.2700730769449337e-03, -3.2678026434251918e-02, -5.8336605270664705e+00,  3.6210590024321512e+01,  6.2994129063076512e-03
 2.5000000000000000e-01,  6.3356255354102927e+02, -1.8465894949165312e-03,  3.2262509045650546e+01, -2.4367811568180811e-02,  6.8105648892316406e-02,  5.0318318683516505e-01,  1.5859570343143497e+02, -1.2033758953361753e+00, -1.5000053790025129e+04,  1.0000818961636067e+01,  2.9169662570159067e+00,  1.4002850295400351e-01,  5.6437784304485348e-03,  2.8351227211905072e-01,  3.7290665313748189e-01,  2.7419921464742142e-01, -1.1813364408222611e-03, -1.6886769271330162e+00,  3.4882120644135202e+00,  1.3323832836475969e-03, -3.6283212578227329e-02, -2.7826054423635234e+00,  4.2846592664194581e+01,  6.1626284342253144e-03
 2.6000000000000001e-01,  6.3356244297456556e+02, -1.8946941591760119e-03,  3.2235660442212279e+01, -2.4343660580400581e-02,  4.5898830445191302e-02,  5.0299900389570162e-01,  1.6493940090260682e+02, -1.2436150785845699e+00, -1.5000059008660444e+04,  1.0000832877616315e+01,  2.9166521700065862e+00,  1.4508820723772156e-01,  5.6301509054114008e-03,  2.6648637257560237e-01,  4.0993110341482686e-01,  2.7421284661167961e-01, -1.5643077232601892e-03, -1.7035872614094851e+00,  3.9597427006388122e+00,  1.3932991441145668e-03, -4.0311043909358184e-02, -1.9946141293025707e-01,  5.1459534580863739e+01,  6.0205436591686977e-03
 2.7000000000000002e-01,  6.3356244600654418e+02, -1.9237125188465742e-03,  3.2206972011275752e+01, -2.4324380073161310e-02,  2.5841068718444184e-02,  5.0281266502347932e-01,  1.7128308734882594e+02, -1.2832484580301513e+00, -1.5000064454194351e+04,  1.0000845011409735e+01,  2.9161303083548544e+00,  1.5010933844999752e-01,  5.6124922759833310e-03,  2.4944052689086099e-01,  4.5210150715025821e-01,  2.7422708063030371e-01, -1.9913668329013950e-03, -1.6948003656428676e+00,  4.5313635407774511e+00,  1.4527765864025253e-03, -4.5100778018882917e-02,  1.9568405662539998e+00,  6.2864633446863991e+01,  5.8749447984229770e-03
 2.8000000000000003e-01,  6.3356255064777872e+02, -1.9339115062908818e-03,  3.2176690913540220e+01, -2.4310291646947084e-02,  7.8987473483492707e-03,  5.0262495777133187e-01,  1.7762676291915614e+02, -1.3222769255084210e+00, -1.5000070121682580e+04,  1.0000855484083019e+01,  2.9154216944267644e+00,  1.5509558978494595e-01,  5.5903235687533729e-03,  2.3259036526274499e-01,  5.0055837423037597e-01,  2.7424190214340766e-01, -2.4726821660478941e-03, -1.6663950700112704e+00,  5.2374321188778206e+00,  1.5107881337406176e-03, -5.1162288610415704e-02,  3.7242185600666748e+00,  7.8349082173207208e+01,  5.7273646691946784e-03
 2.8999999999999998e-01,  6.3356274515231200e+02, -1.9256980634383245e-03,  3.2145054427312360e+01, -2.4301843415054532e-02, -7.9844762244417524e-03,  5.0243650675554208e-01,  1.8397042777002056e+02, -1.3607013923632274e+00, -1.5000076006096599e+04,  1.0000864411285407e+01,  2.9145469025043766e+00,  1.6005058265757088e-01,  5.5630386326623732e-03,  2.1611262549063565e-01,  5.5685014952781442e-01,  2.7425729639297852e-01, -3.0250193951662408e-03, -1.6220939625949313e+00,  6.1294295375475931e+00,  1.5673204609434363e-03, -5.9305157213253870e-02,  5.1360029232011746e+00,  1.0005040156074767e+02,  5.5791007713690485e-03
 2.9999999999999999e-01,  6.3356301814842163e+02, -1.8996230343785504e-03,  3.2112288320102017e+01, -2.4299673734642566e-02, -2.1883197640560306e-02,  5.0224773249829535e-01,  1.9031408206252053e+02, -1.3985227822540900e+00, -1.5000082102368406e+04,  1.0000871899626111e+01,  2.9135258577285064e+00,  1.6497782933751887e-01,  5.5298231808500482e-03,  2.0014848601084642e-01,  6.2314696498132760e-01,  2.7427324855262653e-01, -3.6760807165554243e-03, -1.5653236945073354e+00,  7.2884807743750990e+00,  1.6223721204133830e-03, -7.0907107064584765e-02,  6.2180506943171228e+00,  1.3175984580475728e+02,  5.4312311226212178e-03
 3.1000000000000000e-01,  6.3356335874393108e+02, -1.8563929498742417e-03,  3.2078605643885382e+01, -2.4304708729985889e-02, -3.3886265662198836e-02,  5.0205878451514041e-01,  1.9665772596017911e+02, -1.4357420253106548e+00, -1.5000088405429387e+04,  1.0000878042613571e+01,  2.9123776768173455e+00,  1.6988070242346467e-01,  5.4895170183312646e-03,  1.8480615160048891e-01,  7.0261976501531653e-01,  2.7428974383538679e-01, -4.4733029851495290e-03, -1.4993245491254192e+00,  8.8514823087191026e+00,  1.6759514002900862e-03, -8.8537346654236043e-02,  6.9817783820660821e+00,  1.8084046106404318e+02,  5.2846248527194011e-03
 3.2000000000000001e-01,  6.3356375660992353e+02, -1.7968966131671278e-03,  3.2044205908440411e+01, -2.4318324811499460e-02, -4.4093196763074848e-02,  5.0186942195525885e-01,  2.0300135962709305e+02, -1.4723600537376249e+00, -1.5000094910243679e+04,  1.0000882915626560e+01,  2.9111205462363938e+00,  1.7476241001400356e-01,  5.4403571211470575e-03,  1.7016199502833801e-01,  8.0017661115570982e-01,  2.7430676758063233e-01, -5.5042990531542959e-03, -1.4273975708610693e+00,  1.1073990228707061e+01,  1.7280742296899006e-03, -1.1766186694671714e-01,  7.4036172708038945e+00,  2.6366112293354792e+02,  5.1399410272434569e-03
 3.3000000000000002e-01,  6.3356420204835490e+02, -1.7222625935729651e-03,  3.2009274602146505e+01, -2.4342651388489973e-02, -5.2610897826284815e-02,  5.0167877376503933e-01,  2.0934498322649841e+02, -1.5083777991481746e+00, -1.5000101611836459e+04,  1.0000886568873536e+01,  2.9097716343463809e+00,  1.7962597513258943e-01,  5.3794310372681786e-03,  1.5625820018326750e-01,  9.2409956958945794e-01,  2.7432430531998059e-01, -6.9565155830144032e-03, -1.3536609915962645e+00,  1.4522529722364750e+01,  1.7787619155051877e-03, -1.7278143902530396e-01,  7.3436985821570415e+00,  4.2604677579798943e+02,  4.9975961358139556e-03
 3.4000000000000002e-01,  6.3356468605401926e+02, -1.6339940528300387e-03,  3.1973983072090274e+01, -2.4381238194463604e-02, -5.9550409279229409e-02,  5.0148476185304269e-01,  2.1568859691981910e+02, -1.5437961923537962e+00, -1.5000108505317472e+04,  1.0000889015891966e+01,  2.9083470360441854e+00,  1.8447421701095110e-01,  5.3012268094867693e-03,  1.4308877519641269e-01,  1.0906272056030051e+00,  2.7434234281894243e-01, -9.4241737715851110e-03, -1.2874848818483999e+00,  2.1142100962924090e+01,  1.8280379669555187e-03, -3.2075019868883725e-01,  5.8915233674158740e+00,  8.9786747231387744e+02,  4.8576141542522235e-03
 3.5000000000000003e-01,  6.3356520040746159e+02, -1.5343834917856606e-03,  3.1938488990247865e+01, -2.4441109335884923e-02, -6.5022269188567322e-02,  5.0128211933690148e-01,  2.2203220086650549e+02, -1.5786161679446959e+00, -1.5000115585899543e+04,  1.0000890209686364e+01,  2.9068617562936740e+00,  1.8930972774328517e-01,  5.1909475618364762e-03,  1.3050850254629948e-01,  1.3469415888479401e+00,  2.7436086607931970e-01,  8.5318359808575911e-03, -1.3910351679677981e+00, -5.1101709510500015e+00,  1.8759167607990158e-03,  3.9119521491773916e+00, -2.6601580591294848e+01, -6.1483218551087211e+03,  4.7181446144462132e-03
 3.5999999999999999e-01,  6.3356573686479283e+02, -1.4206568618254640e-03,  3.1902971654550100e+01, -2.4520837155167247e-02, -6.8904478882706413e-02,  5.0112450311713208e-01,  2.2837579522785188e+02, -1.6128386734677986e+00, -1.5000122848836318e+04,  1.0000890029481665e+01,  2.9053303093260965e+00,  1.9413510027912820e-01,  5.4718635291039208e-03,  1.1526807183705678e-01,  9.8842378658200525e-01,  2.7437986115415841e-01,  2.9659636208153383e-02, -1.4138741825882872e+00, -4.2925890113296845e+01,  1.9223833011144979e-03,  3.1360789628177438e-01,  2.2033777667197022e+01, -1.4148219773406597e+03,  4.5751634486501831e-03
 3.7000000000000000e-01,  6.3356628454287295e+02, -1.2869462799153103e-03,  3.1867647344698387e+01, -2.4582817992125236e-02, -7.1013496786429292e-02,  5.0111102567282872e-01,  2.3471938017636970e+02, -1.6464645779380109e+00, -1.5000130289011733e+04,  1.0000888699731107e+01,  2.9037698127011478e+00,  1.9895450732575834e-01,  5.7841402859995427e-03,  1.0223101889453379e-01,  4.8842378658200486e-01,  2.7439931374534199e-01,  2.8271832132799733e-02, -1.1809787533070586e+00, -5.0000000000000000e+01,  1.9674606329955751e-03, -5.9116871135248583e-01,  2.4545308189047972e+01,  0.0000000000000000e+00,  4.4403029275663563e-03
 3.8000000000000000e-01,  6.3356683497287509e+02, -1.1401727884216043e-03,  3.1832643456172882e+01, -2.4609367015761021e-02, -7.1723662800563012e-02,  5.0119151641005788e-01,  2.4106295587118061e+02, -1.6794946028750763e+00, -1.5000137901513690e+04,  1.0000886677837533e+01,  2.9021956456808544e+00,  2.0377187129039098e-01,  6.0373001717599160e-03,  9.1648496770915591e-02, -1.1576213417995534e-02,  2.7441921036681832e-01,  2.2483003649728467e-02, -9.6034849321356541e-01, -5.0000000000000000e+01,  2.0112393167487346e-03, -5.6659698526176605e-01,  1.9580743829650629e+01, -5.5511151231257726e-13,  4.3154338230655320e-03
 3.9000000000000001e-01,  6.3356738167858509e+02, -9.8372391776765065e-04,  3.1798057544705735e+01, -2.4584289415493746e-02, -7.1337246312390218e-02,  5.0132805441913686e-01,  2.4740652245352291e+02, -1.7119293405320788e+00, -1.5000145681853292e+04,  1.0000884546721924e+01,  2.9006199163313453e+00,  2.0859008409035248e-01,  6.2338003589941125e-03,  8.3024049030262462e-02, -5.1157621341799597e-01,  2.7443953853167696e-01,  1.7157266557092942e-02, -7.8424823308270719e-01, -5.0000000000000000e+01,  2.0538085239940589e-03, -4.9855043326533799e-01,  1.5639308196520984e+01, -5.2041704279304118e-14,  4.1984076259993152e-03
 4.0000000000000002e-01,  6.3356791981207618e+02, -8.1829441142429221e-04,  3.1763962803201075e+01, -2.4494210876668990e-02, -7.0101648986705803e-02,  5.0149151643807421e-01,  2.5375008005092951e+02, -1.7437692798256386e+00, -1.5000153625896657e+04,  1.0000882998083304e+01,  2.8990520942972582e+00,  2.1341123313413563e-01,  6.3804455029017751e-03,  7.5963532109261434e-02, -1.0115762134179964e+00,  2.7446028653729820e-01,  1.2606473153820833e-02, -6.4347650845564974e-01, -5.0000000000000000e+01,  2.0952381684785620e-03, -4.1160824738908325e-01,  1.2515036728890488e+01,  0.0000000000000000e+00,  4.0875212709012764e-03
 4.1000000000000003e-01,  6.3356844585078454e+02, -6.4248228056131419e-04,  3.1730412340566339e+01, -2.4329326391237385e-02, -6.8220483145112559e-02,  5.0165936378455733e-01,  2.6009362878055111e+02, -1.7750148247351893e+00, -1.5000161729814323e+04,  1.0000882807859471e+01,  2.8974994812082531e+00,  2.1823676204111941e-01,  6.4859298220705294e-03,  7.0154518861149456e-02, -1.5115762134179969e+00,  2.7448144329504653e-01,  8.9273725026430949e-03, -5.3048968233619898e-01, -4.7754211718522022e+01,  2.1355831679170695e-03, -3.2421188284647035e-01,  1.0082328494999997e+01,  4.4915765629562401e+02,  3.9814786167991093e-03
 4.1999999999999998e-01,  6.3356895730700614e+02, -4.5392932609183425e-04,  3.1697442841861132e+01, -2.4086340609326837e-02, -6.5860795121377588e-02,  5.0181380149350541e-01,  2.6643716875167104e+02, -1.8056663105370609e+00, -1.5000169990040251e+04,  1.0000884797900991e+01,  2.8959675900561512e+00,  2.2306759507103857e-01,  6.5589929529546367e-03,  6.5353738462537475e-02, -1.9666604477884351e+00,  2.7450299820065654e-01,  6.0646575387020398e-03, -4.3913309599270928e-01, -3.8532832899290241e+01,  2.1748903926949209e-03, -2.4833110994174162e-01,  8.1889887736980338e+00,  1.3951181075507354e+03,  3.8799663387712050e-03
 4.2999999999999999e-01,  6.3356945208820400e+02, -2.5416307364430036e-04,  3.1665080620315230e+01, -2.3784550796161638e-02, -6.3141585647146919e-02,  5.0194133704064903e-01,  2.7278070006609016e+02, -1.8357240433263360e+00, -1.5000178403231863e+04,  1.0000889702689651e+01,  2.8944605367967799e+00,  2.2790424923522673e-01,  6.6072229728445699e-03,  6.1371856941295287e-02, -2.2822328714038003e+00,  2.7452494110290043e-01,  3.8779011763719375e-03, -3.6458508877185297e-01, -2.5963775414203525e+01,  2.2132094388199719e-03, -1.8902016252427650e-01,  6.7206126704730131e+00,  1.1186933894665920e+03,  3.7838428862402226e-03
 4.4000000000000000e-01,  6.3356992827385045e+02, -4.6209635444614019e-05,  3.1633346257957065e+01, -2.3449555187876506e-02, -6.0140372498184873e-02,  5.0203589473379151e-01,  2.7912422281600425e+02, -1.8651883602323627e+00, -1.5000186966222054e+04,  1.0000897990185228e+01,  2.8929815109440238e+00,  2.3274697697378022e-01,  6.6365509764820755e-03,  5.8062036687100409e-02, -2.4859359560725061e+00,  2.7454726238943294e-01,  2.2134712384897187e-03, -3.0310232695966588e-01, -1.6151642886555823e+01,  2.2505938104405688e-03, -1.4386582505216691e-01,  5.5759396919643249e+00,  8.4373311606294646e+02,  3.6930314378791286e-03
 4.5000000000000001e-01,  6.3357038427557632e+02,  1.6823456787989333e-04,  3.1602255369207615e+01, -2.3099588758098040e-02, -5.6913904411856418e-02,  5.0209714984090248e-01,  2.8546773708408563e+02, -1.8940596351891448e+00, -1.5000195675985457e+04,  1.0000909903687148e+01,  2.8915330551783494e+00,  2.3759588685349031e-01,  6.6514923976143643e-03,  5.5309810402101964e-02, -2.6052657291349171e+00,  2.7456995297910924e-01,  9.4676076652965274e-04, -2.5185648682802275e-01, -8.7674339377255368e+00,  2.2870940386970884e-03, -1.0947626933984608e-01,  4.6732283343642935e+00,  6.3310867370310996e+02,  3.6070142134247908e-03
 4.6000000000000002e-01,  6.3357081882538000e+02,  3.8826132335390267e-04,  3.1571819382026987e+01, -2.2747581921704646e-02, -5.3506696527363930e-02,  5.0212778996089502e-01,  2.9181124294453582e+02, -1.9223382713508428e+00, -1.5000204529618810e+04,  1.0000925528608928e+01,  2.8901172163763205e+00,  2.4245101369889069e-01,  6.6554861918126686e-03,  5.3024906950539949e-02, -2.6612846348270169e+00,  2.7459300427020689e-01, -1.6446258090108121e-05, -2.0872706310127251e-01, -3.2455048659130155e+00,  2.3227551812804426e-03, -8.3165135584105918e-02,  3.9526564109857509e+00,  4.7127714065939324e+02,  3.5252143032460316e-03
 4.7000000000000003e-01,  6.3357123094993460e+02,  6.1340877969403922e-04,  3.1542046062763156e+01, -2.2402637706531687e-02, -4.9955763555531905e-02,  5.0213190140313813e-01,  2.9815474046425891e+02, -1.9500246934795264e+00, -1.5000213524328952e+04,  1.0000944839586788e+01,  2.8887356367412873e+00,  2.4731235636929139e-01,  6.6511634724525622e-03,  5.1135269140076510e-02, -2.6701758264531774e+00,  2.7461640808273485e-01, -7.4680800486656848e-04, -1.7211328096991863e-01,  8.4451418380988730e-01,  2.3576166752470361e-03, -6.2907213771185952e-02,  3.3701000152851339e+00,  3.4672666928518800e+02,  3.4470844900713745e-03
 4.7999999999999998e-01,  6.3357161993985551e+02,  8.4344716741036659e-04,  3.1512939906874617e+01, -2.2071076823325608e-02, -4.6293197354629299e-02,  5.0211403440298519e-01,  3.0449822970397207e+02, -1.9771193409642980e+00, -1.5000222657424958e+04,  1.0000967734168832e+01,  2.8873896121315541e+00,  2.5217989708247546e-01,  6.6405500317153372e-03,  4.9582641331141583e-02, -2.6443943511508192e+00,  2.7464015660371183e-01, -1.2973889744811596e-03, -1.4079876367697711e-01,  3.8323862581647843e+00,  2.3917128121997465e-03, -4.7208980151732492e-02,  2.8928034433031820e+00,  2.5084774558579252e+02,  3.3721429004707330e-03
 4.8999999999999999e-01,  6.3357198531855249e+02,  1.0782474600103010e-03,  3.1484502460115813e+01, -2.1757178501352531e-02, -4.2547545699870883e-02,  5.0207867759541835e-01,  3.1084171071917888e+02, -2.0036226617730608e+00, -1.5000231926312499e+04,  1.0000994057148493e+01,  2.8860801327311956e+00,  2.5705361037251134e-01,  6.6252156929629390e-03,  4.8319293866536973e-02, -2.5935281012898819e+00,  2.7466424233897885e-01, -1.7083045150649465e-03, -1.1385302652758372e-01,  5.9722808970168852e+00,  2.4250734342173819e-03, -3.4974127965025782e-02,  2.4963439865754262e+00,  1.7713118218463077e+02,  3.2999815030576524e-03
 5.0000000000000000e-01,  6.3357232681276889e+02,  1.3177037259326661e-03,  3.1456732604067966e+01, -2.1463712036115128e-02, -3.8744535756730557e-02,  5.0202997946964556e-01,  3.1718518356098798e+02, -2.0295351074048100e+00, -1.5000241328489354e+04,  1.0001023618320923e+01,  2.8848079143808443e+00,  2.6193346641696397e-01,  6.6063839414140383e-03,  4.7305580800589907e-02, -2.5249487332104814e+00,  2.7468865807239617e-01, -2.0101469789098464e-03, -9.0558931173865320e-02,  7.4609669777561498e+00,  2.4577246516221929e-03, -2.5394364803954125e-02,  2.1624750841682490e+00,  1.2060603396322179e+02,  3.2302619779045415e-03
 5.1000000000000001e-01,  6.3357264432564125e+02,  1.5616899774538633e-03,  3.1429626822655084e+01, -2.1192324527282889e-02, -3.4907449782492349e-02,  5.0197161806091106e-01,  3.2352864827678712e+02, -2.0548571287953683e+00, -1.5000250861541481e+04,  1.0001056205545032e+01,  2.8835734250262495e+00,  2.6681943148843640e-01,  6.5850127533847421e-03,  4.6508115243059665e-02, -2.4443087617347588e+00,  2.7471339683201129e-01, -2.2264613625093128e-03, -7.0358754270401155e-02,  8.4512186650346131e+00,  2.4896894942838511e-03, -1.7868511915939172e-02,  1.8775602965245797e+00,  7.7444303492470866e+01,  3.1627065544270693e-03
 5.2000000000000002e-01,  6.3357293791248628e+02,  1.8100389024242494e-03,  3.1403179456850246e+01, -2.0943828571018383e-02, -3.1057325277648047e-02,  5.0190675829802500e-01,  3.2987210491079031e+02, -2.0795891730780207e+00, -1.5000260523139365e+04,  1.0001091594394744e+01,  2.8823769085777120e+00,  2.7171146710956939e-01,  6.5618547141638520e-03,  4.5898405715181882e-02, -2.3559243599097890e+00,  2.7473845186228185e-01, -2.3755277844102174e-03, -5.2813883177709901e-02,  9.0618361205869444e+00,  2.5209884650961834e-03, -1.1944772464241700e-02,  1.6314139220136690e+00,  4.4679187617995197e+01,  3.0970876080393893e-03
 5.3000000000000003e-01,  6.3357320775922824e+02,  2.0625341850157718e-03,  3.1377382949845376e+01, -2.0718418921884387e-02, -2.7213074141996585e-02,  5.0183805966118622e-01,  3.3621555350448125e+02, -2.1037316810828686e+00, -1.5000270311034463e+04,  1.0001129555289188e+01,  2.8812184072788822e+00,  2.7660952879155959e-01,  6.5375021976965377e-03,  4.5451837579505466e-02, -2.2630720393230197e+00,  2.7476381660131322e-01, -2.4716517175643149e-03, -3.7574657321908615e-02,  9.3852353878923243e+00,  2.5516399923569666e-03, -7.2800141665777538e-03,  1.4164312491465854e+00,  2.0000665843080654e+01,  3.0332178441172474e-03
 5.4000000000000004e-01,  6.3357345416325484e+02,  2.3189109734677413e-03,  3.1352228082581618e+01, -2.0515837509102127e-02, -2.3391570978782646e-02,  5.0176771112302765e-01,  3.4255899409697304e+02, -2.1272850854586753e+00, -1.5000280223055714e+04,  1.0001169858732165e+01,  2.8800977830428636e+00,  2.8151356482207479e-01,  6.5124216798125656e-03,  4.5146912568743709e-02, -2.1682196521519423e+00,  2.7478948466212899e-01, -2.5261068281377005e-03, -2.4357842506157378e-02,  9.4932611971266923e+00,  2.5816607905265721e-03, -3.6110079480993558e-03,  1.2269317140036602e+00,  1.6044960037930849e+00,  2.9709417898038330e-03
 5.5000000000000004e-01,  6.3357367751645063e+02,  2.5788609452274927e-03,  3.1327704198573379e+01, -2.0335500010312358e-02, -1.9607735563667156e-02,  5.0169747925656660e-01,  3.4890242672530195e+02, -2.1502498093095186e+00, -1.5000290257106086e+04,  1.0001212279118189e+01,  2.8790147378870756e+00,  2.8642351532552324e-01,  6.4869800611337836e-03,  4.4964680729382318e-02, -2.0732068153804857e+00,  2.7481544981712375e-01, -2.5478315943779149e-03, -1.2929873450200068e-02,  9.4416778710003015e+00,  2.6110661435207994e-03, -7.3394529994351291e-04,  1.0586620971877994e+00, -1.1921161229069256e+01,  2.9101288090416181e-03
 5.6000000000000005e-01,  6.3357387829016113e+02,  2.8420396805993692e-03,  3.1303799416741004e+01, -2.0176593223273202e-02, -1.5874620559767134e-02,  5.0162876097990716e-01,  3.5524585142467060e+02, -2.1726262652507544e+00, -1.5000300411159164e+04,  1.0001256597444911e+01,  2.8779688334467259e+00,  2.9133931167893412e-01,  6.4614650479250073e-03,  4.4888315099739708e-02, -1.9793860947319362e+00,  2.7484170598499941e-01, -2.5439497719068993e-03, -3.0944552171650154e-03,  9.2736619565542266e+00,  2.6398701252927626e-03,  1.5103097941466359e-03,  9.0842154941920938e-01, -2.1682021660143175e+01,  2.8506675453510103e-03
 5.7000000000000006e-01,  6.3357405702186145e+02,  3.1080748972078511e-03,  3.1280500831113841e+01, -2.0038149904755581e-02, -1.2203508088265969e-02,  5.0156263592403882e-01,  3.6158926822865146e+02, -2.1944148548019426e+00, -1.5000310683255788e+04,  1.0001302603188938e+01,  2.8769595094899012e+00,  2.9626087628919018e-01,  6.4361010656956456e-03,  4.4902791625039018e-02, -1.8877335762494010e+00,  2.7486824721962960e-01, -2.5201633996169786e-03,  5.3165516700749262e-03,  9.0225316364987176e+00,  2.6680857710903575e-03,  3.2469646638403097e-03,  7.7377982802877998e-01, -2.8544042350968901e+01,  2.7924616141650465e-03
 5.7999999999999996e-01,  6.3357421430333034e+02,  3.3765746579242470e-03,  3.1257794696564510e+01, -1.9919106037315972e-02, -8.6040149847578188e-03,  5.0149991562381191e-01,  3.6793267716936009e+02, -2.2156159680470688e+00, -1.5000321071500783e+04,  1.0001350095542579e+01,  2.8759861013492083e+00,  3.0118812269706879e-01,  6.4110617799326679e-03,  4.4994646133141206e-02, -1.7989354620019626e+00,  2.7489506770042121e-01, -2.4810525067117182e-03,  1.2449785072686572e-02,  8.7138869692323286e+00,  2.6957252108772548e-03,  4.5752139172118298e-03,  6.5286685249355603e-01, -3.3184891102309464e+01,  2.7354263432144677e-03
 5.8999999999999997e-01,  6.3357435077015998e+02,  3.6471350360640776e-03,  3.1235666600072914e+01, -1.9818344311092050e-02, -5.0842048611153363e-03,  5.0144118811823835e-01,  3.7427607827760545e+02, -2.2362299835039807e+00, -1.5000331574059763e+04,  1.0001398884164706e+01,  2.8750478561997803e+00,  3.0612095595530758e-01,  6.3864800155614115e-03,  4.5151787326492748e-02, -1.7134558368647552e+00,  2.7492216172384715e-01, -2.4303057663512657e-03,  1.8435202673134487e-02,  8.3672919384293589e+00,  2.7227997741435779e-03,  5.5741341548759434e-03,  5.4421666759604703e-01, -3.6134115058274951e+01,  2.6794863100532093e-03
 5.9999999999999998e-01,  6.3357446709245369e+02,  3.9193469648915649e-03,  3.1214101617337871e+01, -1.9734726770517828e-02, -1.6507045058369635e-03,  5.0138685740278688e-01,  3.8061947158302115e+02, -2.2562572681551458e+00, -1.5000342189156056e+04,  1.0001448789565233e+01,  2.8741439481371729e+00,  3.1105927322242027e-01,  6.3624556646056426e-03,  4.5363350186603896e-02, -1.6315896232333753e+00,  2.7494952369590409e-01, -2.3708995094592965e-03,  2.3389549605355005e-02,  7.9975981683934867e+00,  2.7493200734168806e-03,  6.3071172235178745e-03,  4.4665271884805541e-01, -3.7804638948899445e+01,  2.6245735446073178e-03
 6.0999999999999999e-01,  6.3357456396658836e+02,  4.1928021551196583e-03,  3.1193084454830277e+01, -1.9667118955564885e-02,  1.6911778517067159e-03,  5.0133717769269648e-01,  3.8696285711418290e+02, -2.2756981776006295e+00, -1.5000352915067735e+04,  1.0001499643216443e+01,  2.8732734920338108e+00,  3.1600296451561827e-01,  6.3390620253722255e-03,  4.5619578318599849e-02, -1.5535038734968853e+00,  2.7497714812531548e-01, -2.3052377455592336e-03,  2.7418834790552866e-02,  7.6159872083193232e+00,  2.7752960720966975e-03,  6.8252355564946705e-03,  3.5920431819151599e-01, -3.8517553065933114e+01,  2.5706261913560576e-03
 6.2000000000000000e-01,  6.3357464210793376e+02,  4.4670980622922895e-03,  3.1172599577606857e+01, -1.9614407392202486e-02,  4.9373346234226718e-03,  5.0129228275409277e-01,  3.9330623489871397e+02, -2.2945530563016305e+00, -1.5000363750124787e+04,  1.0001551287464030e+01,  2.8724355561756036e+00,  3.2095191357148384e-01,  6.3163509096944579e-03,  4.5911726882414954e-02, -1.4792698790669887e+00,  2.7500502961734602e-01, -2.2352624698598173e-03,  3.0620088915333354e-02,  7.2307910804361102e+00,  2.8007371408039746e-03,  7.1698195833885684e-03,  2.8104650676458126e-01, -3.8521672510709521e+01,  2.5175875500993380e-03
 6.3000000000000000e-01,  6.3357470224443591e+02,  4.7418419449116525e-03,  3.1152631323378532e+01, -1.9575511913803842e-02,  8.0847431339447703e-03,  5.0125221071770798e-01,  3.9964960496338125e+02, -2.3128222378891521e+00, -1.5000374692706402e+04,  1.0001603575294226e+01,  2.8716291736998039e+00,  3.2590599876997656e-01,  6.2943567759750291e-03,  4.6231980096906516e-02, -1.4088880518881630e+00,  2.7503316286813156e-01, -2.1625411297085291e-03,  3.3082608166988173e-02,  6.8481377179820662e+00,  2.8256521053676683e-03,  7.3744484468691316e-03,  2.1145734356638152e-01, -3.8008999980099141e+01,  2.4654053626393902e-03
 6.4000000000000001e-01,  6.3357474511098360e+02,  5.0166540871037970e-03,  3.1133164003457850e+01, -1.9549393997179976e-02,  1.1131353542157055e-02,  5.0121692485970726e-01,  4.0599296733418265e+02, -2.3305060455175579e+00, -1.5000385741238408e+04,  1.0001656370000726e+01,  2.8708533528705611e+00,  3.3086509408470932e-01,  6.2731000871002873e-03,  4.6573379045754718e-02, -1.3423071247073473e+00,  2.7506154265945337e-01, -2.0883363878551591e-03,  3.4888835227617529e-02,  6.4724578939182651e+00,  2.8500492886995828e-03,  7.4664999238048396e-03,  1.4978806855948906e-01, -3.7126964832661024e+01,  2.4140313037435092e-03
 6.5000000000000002e-01,  6.3357477144448535e+02,  5.2911702755223259e-03,  3.1114181991301820e+01, -1.9535062056273762e-02,  1.4075981519399568e-02,  5.0118633084923847e-01,  4.1233632203642782e+02, -2.3476047922470404e+00, -1.5000396894190832e+04,  1.0001709544784720e+01,  2.8701070862404610e+00,  3.3582907002954371e-01,  6.2525900482179259e-03,  4.6929756801458868e-02, -1.2794388940097976e+00,  2.7509016385390556e-01, -2.0136620575519799e-03,  3.6114989016167824e-02,  6.1068824912131561e+00,  2.8739365481866815e-03,  7.4683661368309673e-03,  9.5442689150570914e-02, -3.5988115708360738e+01,  2.3634205936762199e-03
 6.6000000000000003e-01,  6.3357478197959335e+02,  5.5650436252262349e-03,  3.1095669799426826e+01, -1.9531574441315907e-02,  1.6918206482221691e-02,  5.0116029094495462e-01,  4.1867966909481197e+02, -2.3641187814425040e+00, -1.5000408150075606e+04,  1.0001762982313327e+01,  2.8693893587547379e+00,  3.4079779457806109e-01,  6.2328268459492476e-03,  4.7295678826078075e-02, -1.2201694748830840e+00,  2.7511902139041711e-01, -1.9393281593915630e-03,  3.6831524399725708e-02,  5.7535529364297568e+00,  2.8973213096805646e-03,  7.3984134952523881e-03,  4.7864387561005667e-02, -3.4677795248318979e+01,  2.3135317051003980e-03
 6.7000000000000004e-01,  6.3357477744501409e+02,  5.8379458475982457e-03,  3.1077612145506876e+01, -1.9538040732756438e-02,  1.9658275918315031e-02,  5.0113863558732985e-01,  4.2502300853348430e+02, -2.3800483071792216e+00, -1.5000419507444398e+04,  1.0001816574255376e+01,  2.8686991548606420e+00,  3.4577113403821297e-01,  6.2138034850300946e-03,  4.7666387289453382e-02, -1.1643678352812024e+00,  2.7514811028009917e-01, -1.8659773666633642e-03,  3.7103480325458675e-02,  5.4138629028155316e+00,  2.9202105988751477e-03,  7.2717450503873579e-03,  6.5267975855875949e-03, -3.3260211474526123e+01,  2.2643261338162152e-03
 6.8000000000000005e-01,  6.3357475856035353e+02,  6.1095680477846245e-03,  3.1059994008480619e+01, -1.9553621790911972e-02,  2.2297016132042043e-02,  5.0112117278940882e-01,  4.3136634037611077e+02, -2.3953936546479087e+00, -1.5000430964886582e+04,  1.0001870220808453e+01,  2.8680354646878707e+00,  3.5074895386938942e-01,  6.1955072986159803e-03,  4.8037748432587249e-02, -1.1118922168267733e+00,  2.7517742560239461e-01, -1.7941145973349763e-03,  3.6990757796736724e-02,  5.0886456827840387e+00,  2.9426110705943450e-03,  7.1008088152902391e-03, -2.9071303329977708e-02, -3.1783232531772342e+01,  2.2157682100232240e-03
 6.9000000000000006e-01,  6.3357472603344638e+02,  6.3796211314764281e-03,  3.1042800675490763e+01, -1.9577528918730717e-02,  2.4835749565465148e-02,  5.0110769568157754e-01,  4.3770966464593164e+02, -2.4101551005537094e+00, -1.5000442521027331e+04,  1.0001923830227295e+01,  2.8673972893677266e+00,  3.5573111943329977e-01,  6.1779211930833950e-03,  4.8406202445388118e-02, -1.0625949216255215e+00,  2.7520696250151105e-01, -1.7241311283103750e-03,  3.6548356467875805e-02,  4.7783187028606804e+00,  2.9645290362895179e-03,  6.8958849896299957e-03, -5.9408962442206066e-02, -3.0282163452899304e+01,  2.1678249290113488e-03
 7.0000000000000007e-01,  6.3357468055812410e+02,  6.6478358923045041e-03,  3.1026017780465310e+01, -1.9609022412045821e-02,  2.7276218715856660e-02,  5.0109798851963827e-01,  4.4405298136581467e+02, -2.4243329135050695e+00, -1.5000454174525827e+04,  1.0001977318360687e+01,  2.8667836455588405e+00,  3.6071749667348357e-01,  6.1610246760497728e-03,  4.8768715561944766e-02, -1.0163258427695596e+00,  2.7523671618312040e-01, -1.6563243168419327e-03,  3.5826589309485318e-02,  4.4829943322062178e+00,  2.9859704899826284e-03,  6.6654773040603693e-03, -8.4944469235932143e-02, -2.8782710677997247e+01,  2.1204658096074720e-03
 7.0999999999999996e-01,  6.3357462281237849e+02,  6.9139628424324051e-03,  3.1009631335126304e+01, -1.9647409705555466e-02,  2.9620516565410000e-02,  5.0109183142197211e-01,  4.5039629055830341e+02, -2.4379273543896325e+00, -1.5000465924073598e+04,  1.0002030608201670e+01,  2.8661935692465508e+00,  3.6570795272104478e-01,  6.1447947067465565e-03,  4.9122734231577821e-02, -9.7293503498139755e-01,  2.7526668191131071e-01, -1.5909137901833404e-03,  3.4871287991704462e-02,  4.2025642854628042e+00,  3.0069411327937751e-03,  6.4166280276581238e-03, -1.0611579432023942e-01, -2.7303298670684736e+01,  2.0736627526219045e-03
 7.1999999999999997e-01,  6.3357455345688186e+02,  7.1777718405550486e-03,  3.0993627753181297e+01, -1.9692043270503605e-02,  3.1871023357992370e-02,  5.0108900406199330e-01,  4.5673959224566153e+02, -2.4509386767352286e+00, -1.5000477768392964e+04,  1.0002083629454237e+01,  2.8656261188813135e+00,  3.7070235642640459e-01,  6.1292064002461061e-03,  4.9466141321778852e-02, -9.3227455706030393e-01,  2.7529685500577628e-01, -1.5280547901543027e-03,  3.3724006726396055e-02,  3.9367634399812244e+00,  3.0274463960672212e-03,  6.1551719781477330e-03, -1.2334045874140531e-01, -2.5856870425626742e+01,  2.0273899020706275e-03
 7.2999999999999998e-01,  6.3357447313382602e+02,  7.4390515636981597e-03,  3.0977993868416839e+01, -1.9742318379087524e-02,  3.4030349496765998e-02,  5.0108928850685330e-01,  4.6308288644991268e+02, -2.4633671270547359e+00, -1.5000489706235581e+04,  1.0002136318118467e+01,  2.8650803779192096e+00,  3.7570057881857816e-01,  6.1142336109434705e-03,  4.9797214366105742e-02, -8.9419976618177299e-01,  2.7532723083923205e-01, -1.4678492217179069e-03,  3.2422228828569266e-02,  3.6852176983879850e+00,  3.0474914631789503e-03,  5.8859417091314155e-03, -1.3701512082395204e-01, -2.4452277893021137e+01,  1.9816235202751963e-03
 7.3999999999999999e-01,  6.3357438246604556e+02,  7.6976088620939968e-03,  3.0962716947374162e+01, -1.9797670818842848e-02,  3.6101284291611899e-02,  5.0109247136250046e-01,  4.6942617319287689e+02, -2.4752129451741620e+00, -1.5000501736381097e+04,  1.0002188616095021e+01,  2.8645554568248768e+00,  3.8070249349477731e-01,  6.0998494158117480e-03,  5.0114585898350238e-02, -8.5857020309254417e-01,  2.7535780483503985e-01, -1.4103548450734586e-03,  3.0999577840676279e-02,  3.4474795699697660e+00,  3.0670812900840368e-03,  5.6129336197582071e-03, -1.4751507675464487e-01, -2.3095347790622569e+01,  1.9363418607420933e-03
 7.5000000000000000e-01,  6.3357428205639394e+02,  7.9532680300285537e-03,  3.0947784697245652e+01, -1.9857574615861091e-02,  3.8086750253444532e-02,  5.0109834535851960e-01,  4.7576945249620320e+02, -2.4864763645437140e+00, -1.5000513857635893e+04,  1.0002240470809397e+01,  2.8640504945940792e+00,  3.8570797694408043e-01,  6.0860265140420013e-03,  5.0417205922919268e-02, -8.2525017478237761e-01,  2.7538857246503373e-01, -1.3555929627984552e-03,  2.9486033436838435e-02,  3.2230543722139156e+00,  3.0862206245679787e-03,  5.3394428352424627e-03, -1.5519380401292332e-01, -2.1789691760547530e+01,  1.8915250360462786e-03
 7.6000000000000001e-01,  6.3357417248734168e+02,  8.2058700199126068e-03,  3.0933185269587920e+01, -1.9921539807186191e-02,  3.9989762611217686e-02,  5.0110671048334698e-01,  4.8211272438139900e+02, -2.4971576125319492e+00, -1.5000526068831921e+04,  1.0002291834855768e+01,  2.8635646598498363e+00,  3.9071690880956972e-01,  6.0727375565557788e-03,  5.0704306567087007e-02, -7.9410911564826581e-01,  2.7541952924753121e-01, -1.3035548826739035e-03,  2.7908151278058558e-02,  3.0114193311302246e+00,  3.1049140242211922e-03,  5.0681731896678921e-03, -1.6038262774305229e-01, -2.0537316456190577e+01,  1.8471548945964112e-03
 7.7000000000000002e-01,  6.3357405432076939e+02,  8.4552716218934086e-03,  3.0918907260404104e+01, -1.9989110288883460e-02,  4.1813393714671299e-02,  5.0111737476107598e-01,  4.8845598886985618e+02, -2.5072569107033367e+00, -1.5000538368825613e+04,  1.0002342665660029e+01,  2.8630971515625965e+00,  3.9572917209374869e-01,  6.0599554163885232e-03,  5.0975368948480440e-02, -7.6502178815977306e-01,  2.7545067074551816e-01, -1.2542073796443273e-03,  2.6289285365827992e-02,  2.8120373575297037e+00,  3.1231658731950525e-03,  4.8013274162473415e-03, -1.6339055470306033e-01, -1.9339078263913532e+01,  1.8032149001756504e-03
 7.8000000000000003e-01,  6.3357392809793009e+02,  8.7013446270474103e-03,  3.0904939707104933e+01, -2.0059861756065715e-02,  4.3560741980017123e-02,  5.0113015474472533e-01,  4.9479924598287425e+02, -2.5167744750797327e+00, -1.5000550756496883e+04,  1.0002392925161407e+01,  2.8626471994414229e+00,  4.0074465331228271e-01,  6.0476534089628923e-03,  5.1230092274403567e-02, -7.3786836849767168e-01,  2.7548199256499512e-01, -1.2074973343642592e-03,  2.4649811120393252e-02,  2.6243668739218107e+00,  3.1409803977616698e-03,  4.5406816397662508e-03, -1.6450429438388783e-01, -1.8195018457665103e+01,  1.7596900131477934e-03
 7.9000000000000004e-01,  6.3357379433955782e+02,  8.9439749885234995e-03,  3.0891272082815878e+01, -2.0133399743775690e-02,  4.5234905035475559e-02,  5.0114487578714895e-01,  5.0114249574168070e+02, -2.5257105163863929e+00, -1.5000563230748185e+04,  1.0002442579511888e+01,  2.8622140640396889e+00,  4.0576324260117341e-01,  6.0358054697012380e-03,  5.1468365170888306e-02, -7.1253445068133681e-01,  2.7551349035347339e-01, -1.1633556889750491e-03,  2.3007347300691545e-02,  2.4478687451724470e+00,  3.1583616806607458e-03,  4.2876474380757540e-03, -1.6398846955645277e-01, -1.7104607292207611e+01,  1.7165665666674071e-03
 8.0000000000000004e-01,  6.3357365354609988e+02,  9.1830619918821434e-03,  3.0877894288456467e+01, -2.0209357772398687e-02,  4.6838956727760624e-02,  5.0116137213933865e-01,  5.0748573816744914e+02, -2.5340652402832284e+00, -1.5000575790503644e+04,  1.0002491598792666e+01,  2.8617970366153100e+00,  4.1078483378243241e-01,  6.0243862951833912e-03,  5.1690239220417399e-02, -6.8891099359422270e-01,  2.7554515979860833e-01, -1.1217008315211354e-03,  2.1376974918409907e-02,  2.2820111109018137e+00,  3.1753136743167790e-03,  4.0433240527069855e-03, -1.6208600689987498e-01, -1.6066919561918940e+01,  1.6738321645393098e-03
 8.1000000000000005e-01,  6.3357350619805436e+02,  9.4185174432428326e-03,  3.0864796642978199e+01, -2.0287395597686123e-02,  4.8375927658361927e-02,  5.0117948691638936e-01,  5.1382897328131480e+02, -2.5418388475820537e+00, -1.5000588434708256e+04,  1.0002539956746828e+01,  2.8613954387821465e+00,  4.1580932439317975e-01,  6.0133714530708152e-03,  5.1895904669256504e-02, -6.6689422846330049e-01,  2.7557699662695972e-01, -1.0824414974192577e-03,  1.9771451428101851e-02,  2.1262727167778253e+00,  3.1918402129904569e-03,  3.8085427676685865e-03, -1.5901869116173556e-01, -1.5080759262878747e+01,  1.6314755701962694e-03
 8.2000000000000006e-01,  6.3357335275639457e+02,  9.6502648816517225e-03,  3.0851969872109432e+01, -2.0367197563091480e-02,  4.9848788929038768e-02,  5.0119907196355418e-01,  5.2017220110438791e+02, -2.5490315344506045e+00, -1.5000601162327126e+04,  1.0002587630527383e+01,  2.8610086219859769e+00,  4.2083661568288250e-01,  6.0027374652350061e-03,  5.2085668248979436e-02, -6.4638553925866615e-01,  2.7560899660286814e-01, -1.0454792584867105e-03,  1.8201418662173990e-02,  1.9801451853412071e+00,  3.2079450238448018e-03,  3.5839050188408235e-03, -1.5498786202383624e-01, -1.4144747024444879e+01,  1.5894866006727043e-03
 8.3000000000000007e-01,  6.3357319366306422e+02,  9.8782388202647200e-03,  3.0839405095919549e+01, -2.0448471050628962e-02,  5.1260438788689563e-02,  5.0121998764836073e-01,  5.2651542165776561e+02, -2.5556434926041134e+00, -1.5000613972344776e+04,  1.0002634600459901e+01,  2.8606359668352264e+00,  4.2586661258318820e-01,  5.9924618679010810e-03,  5.2259933042499984e-02, -6.2729132475647631e-01,  2.7564115552743662e-01, -1.0107106562273027e-03,  1.6675603197197499e-02,  1.8431345463916313e+00,  3.2236317370315667e-03,  3.3698154330418957e-03, -1.5017523097148183e-01, -1.3257380765472460e+01,  1.5478560366766346e-03
 8.3999999999999997e-01,  6.3357302934152972e+02,  1.0102384019454487e-02,  3.0827093815480545e+01, -2.0530945025609818e-02,  5.2613691888158218e-02,  5.0124210259946578e-01,  5.3285863496254126e+02, -2.5616749094852116e+00, -1.5000626863764490e+04,  1.0002680849818992e+01,  2.8602768823137197e+00,  4.3089922365451921e-01,  5.9825232521104601e-03,  5.2419180312923384e-02, -6.0952284833083370e-01,  2.7567346923760877e-01, -9.7802902553810055e-04,  1.5201008067073573e-02,  1.7147622552678623e+00,  3.2389038948532774e-03,  3.1665107047985520e-03, -1.4474379505330506e-01, -1.2417077459281449e+01,  1.5065755276655465e-03
 8.4999999999999998e-01,  6.3357286019737569e+02,  1.0322654793752172e-02,  3.0815027898872227e+01, -2.0614368670200577e-02,  5.3911270865133899e-02,  5.0126529340860271e-01,  5.3920184103981319e+02, -2.5671259684329217e+00, -1.5000639835607702e+04,  1.0002726364617832e+01,  2.8599308048998084e+00,  4.3593436101327254e-01,  5.9729012873903191e-03,  5.2563953203841454e-02, -5.9299607965111922e-01,  2.7570593360533369e-01, -9.4732604702129578e-04,  1.3783094966350247e-02,  1.5945658586786358e+00,  3.2537649600095056e-03,  2.9740849985613414e-03, -1.3883882509134446e-01, -1.1622201858562088e+01,  1.4656375035837473e-03
 8.5999999999999999e-01,  6.3357268661893306e+02,  1.0539014353581217e-02,  3.0803199566747292e+01, -2.0698510100637335e-02,  5.5155799997708532e-02,  5.0128944430845712e-01,  5.4554503991069134e+02, -2.5719968488414691e+00, -1.5000652886913434e+04,  1.0002771133410137e+01,  2.8595971976135766e+00,  4.4097194024314956e-01,  5.9635767311700342e-03,  5.2694842212250390e-02, -5.7763153115726096e-01,  2.7573854453680896e-01, -9.1849306006449010e-04,  1.2425956304375891e-02,  1.4820994171972399e+00,  3.2682183230520159e-03,  2.7925123927997845e-03, -1.3258890730352665e-01, -1.0871086437717040e+01,  1.4250351049183126e-03
 8.7000000000000000e-01,  6.3357250897792949e+02,  1.0751434181995272e-02,  3.0791601377644874e+01, -2.0783155163014981e-02,  5.6349800682050477e-02,  5.0131444683646287e-01,  5.5188823159630260e+02, -2.5762877263096193e+00, -1.5000666016737756e+04,  1.0002815147103824e+01,  2.8592755490113158e+00,  4.4601188029381256e-01,  5.9545314261890293e-03,  5.2812472329928972e-02, -5.6335409130717440e-01,  2.7577129797179473e-01, -8.9142216430355720e-04,  1.1132476672460676e-02,  1.3769337570761140e+00,  3.2822673090709934e-03,  2.6216667593868073e-03, -1.2610701907951583e-01, -1.0162045586508111e+01,  1.3847620988771655e-03
 8.8000000000000000e-01,  6.3357232763015315e+02,  1.0959893446061485e-02,  3.0780226213215560e+01, -2.0868106302773547e-02,  5.7495688506754461e-02,  5.0134019949221353e-01,  5.5823141611779545e+02, -2.5799987727812064e+00, -1.5000679224153288e+04,  1.0002858398785825e+01,  2.8589653721441093e+00,  4.5105410336973573e-01,  5.9457482878839630e-03,  5.2917491745699603e-02, -5.5009285601573865e-01,  2.7580418988299038e-01, -8.6600713362317971e-04,  9.9044834687512986e-03,  1.2786565983753206e+00,  3.2959151836597892e-03,  2.4613393766886827e-03, -1.1949162166235960e-01, -9.4933861536505670e+00,  1.3448128188819884e-03
 8.9000000000000001e-01,  6.3357214291612263e+02,  1.1164378442104385e-02,  3.0769067263497412e+01, -2.0953181503271637e-02,  5.8595771713504517e-02,  5.0136660739434658e-01,  5.6457459349634337e+02, -2.5831301566774862e+00, -1.5000692508248729e+04,  1.0002900883557404e+01,  2.8586662034952144e+00,  4.5609853481181339e-01,  5.9372112835165657e-03,  5.3010561999303998e-02, -5.3778095933966796e-01,  2.7583721627546792e-01, -8.4214416416010962e-04,  8.7428865872981390e-03,  1.1868725888514331e+00,  3.3091651582467488e-03,  2.3112545159253246e-03, -1.1282775462827223e-01, -8.8634157511269080e+00,  1.3051820985099359e-03
 9.0000000000000002e-01,  6.3357195516175602e+02,  1.1364882073717905e-02,  3.0758118012361130e+01, -2.1038213289132725e-02,  5.9652250850541100e-02,  5.0139358194129313e-01,  5.7091776375314737e+02, -2.5856820430219130e+00, -1.5000705868128411e+04,  1.0002942598379445e+01,  2.8583776019089040e+00,  4.6114510297397859e-01,  5.9289054046007608e-03,  5.3092349477445566e-02, -5.2635540423870997e-01,  2.7587037318615532e-01, -8.1973247562420082e-04,  7.6478072186841120e-03,  1.1012032614835789e+00,  3.3220203948275376e-03,  2.1710831912564277e-03, -1.0618811909453277e-01, -8.2704497224439368e+00,  1.2658652176478190e-03
 9.1000000000000003e-01,  6.3357176467903378e+02,  1.1561403361241231e-02,  3.0747372223222996e+01, -2.1123047790349424e-02,  6.0667219441893412e-02,  5.0142104047912162e-01,  5.7726092690943779e+02, -2.5876545935578945e+00, -1.5000719302911884e+04,  1.0002983541927168e+01,  2.8580991475216515e+00,  4.6619373909680761e-01,  5.9208166340040816e-03,  5.3163518143677681e-02, -5.1575689410999637e-01,  2.7590365668336447e-01, -7.9867478348081514e-04,  6.6186959299632054e-03,  1.0212869262697701e+00,  3.3344840101590082e-03,  2.0404552374207008e-03, -9.9634138649648360e-02, -7.7128173203177965e+00,  1.2268578486462878e-03
 9.2000000000000004e-01,  6.3357157176665089e+02,  1.1753946981259793e-02,  3.0736823925106751e+01, -2.1207543863419356e-02,  6.1642665511291064e-02,  5.0144890597879155e-01,  5.8360408298647508e+02, -2.5890479668600510e+00, -1.5000732811733515e+04,  1.0003023714453795e+01,  2.8578304407048085e+00,  4.7124437717981416e-01,  5.9129319089311445e-03,  5.3224723396044830e-02, -5.0592966571331455e-01,  2.7593706286635850e-01, -7.7887765800436462e-04,  5.6544402924709556e-03,  9.4677850269728936e-01,  3.3465590794562431e-03,  1.9189698578694174e-03, -9.3216988848801419e-02, -7.1888673941788861e+00,  1.1881560108006873e-03
 9.3000000000000005e-01,  6.3357137671065379e+02,  1.1942522834617284e-02,  3.0726467399119773e+01, -2.1291572266055107e-02,  6.2580473814999024e-02,  5.0147710672441714e-01,  5.8994723200555086e+02, -2.5898623184394589e+00, -1.5000746393742109e+04,  1.0003063117662631e+01,  2.8575711010264628e+00,  4.7629695385389426e-01,  5.9052390808439943e-03,  5.3276606949527100e-02, -4.9682132405605056e-01,  2.7597058786495360e-01, -7.6025178484331814e-04,  4.7534624087675710e-03,  8.7734929710332399e-01,  3.3582486396621617e-03,  1.8062047743398724e-03, -8.6978587891875361e-02, -6.6969737246147396e+00,  1.1497560303830290e-03
 9.4000000000000006e-01,  6.3357117978505994e+02,  1.2127145641396690e-02,  3.0716297165394849e+01, -2.1375014882256411e-02,  6.3482428652445175e-02,  5.0150557601358869e-01,  5.9629037398798732e+02, -2.5900978008433340e+00, -1.5000760048100556e+04,  1.0003101754587179e+01,  2.8573207662387778e+00,  4.8135140825515038e-01,  5.8977268732342781e-03,  5.3319792644220182e-02, -4.8838267977124805e-01,  2.7600422783915174e-01, -7.4271214047286660e-04,  3.9138067558779042e-03,  8.1268672826822130e-01,  3.3695556923174466e-03,  1.7017240997504288e-03, -8.0952542686057852e-02, -6.2355400424057734e+00,  1.1116545006739623e-03
 9.5000000000000007e-01,  6.3357098125245659e+02,  1.2307834561334713e-02,  3.0706307970536482e+01, -2.1457763994754225e-02,  6.4350217137368493e-02,  5.0153425187037126e-01,  6.0263350895513713e+02, -2.5897545637495680e+00, -1.5000773773985480e+04,  1.0003139629478769e+01,  2.8570790912958826e+00,  4.8640768190111949e-01,  5.8903848380345370e-03,  5.3354883084644658e-02, -4.8056758949068612e-01,  2.7603797897879995e-01, -7.2617809472502032e-04,  3.1332188129850622e-03,  7.5249400449958004e-01,  3.3804832060724422e-03,  1.6050850498196417e-03, -7.5165045892514742e-02, -5.8030047113233882e+00,  1.0738482503214286e-03
 9.5999999999999996e-01,  6.3357078136457710e+02,  1.2484612838166126e-02,  3.0696494775599582e+01, -2.1539721602034732e-02,  6.5185432825265024e-02,  5.0156307677127976e-01,  6.0897663692838250e+02, -2.5888327540565053e+00, -1.5000787570586919e+04,  1.0003176747701364e+01,  2.8568457474063140e+00,  4.9146571857024096e-01,  5.8832033113397778e-03,  5.3382457020479883e-02, -4.7333279968125652e-01,  2.7607183750327319e-01, -7.1057345145033788e-04,  2.4092149790547997e-03,  6.9648975579506045e-01,  3.3910341188964233e-03,  1.5158436051168763e-03, -6.9635720893538408e-02, -5.3978450295805676e+00,  1.0363343144748167e-03
 9.6999999999999997e-01,  6.3357058036285412e+02,  1.2657507466445402e-02,  3.0686852744618960e+01, -2.1620798777328719e-02,  6.5989579605123833e-02,  5.0159199738428706e-01,  6.1531975792913420e+02, -2.5873325159683076e+00, -1.5000801437108004e+04,  1.0003213115633081e+01,  2.8566204211230231e+00,  4.9652546418522808e-01,  5.8761733690055303e-03,  5.3403067384225754e-02, -4.6663779437478498e-01,  2.7610579966117788e-01, -6.9582643728166517e-04,  1.7391443114245216e-03,  6.4440762516802197e-01,  3.4012113400011504e-03,  1.4335592286168737e-03, -6.4378412632515203e-02, -5.0185810958264154e+00,  9.9910990647433633e-04
 9.7999999999999998e-01,  6.3357037847894730e+02,  1.2826548879454870e-02,  3.0677377233699655e+01, -2.1700915067110412e-02,  6.6764075774809403e-02,  5.0162096432073777e-01,  6.2166287197882991e+02, -2.5852539910762395e+00, -1.5000815372764660e+04,  1.0003248740574092e+01,  2.8564028134731374e+00,  5.0158686670086416e-01,  5.8692867825941445e-03,  5.3417239906708373e-02, -4.6044464717789607e-01,  2.7613986173007321e-01, -6.8186964743794797e-04,  1.1202426314978187e-03,  5.9599582372561410e-01,  3.4110177515256327e-03,  1.3577987401265622e-03, -5.9401923352825244e-02, -4.6637791926551397e+00,  9.6217239842211026e-04
 9.8999999999999999e-01,  6.3357017593524620e+02,  1.2991770656879679e-02,  3.0668063780671030e+01, -2.1779997926792978e-02,  6.7510258229965148e-02,  5.0164993189991935e-01,  6.2800597909893247e+02, -2.5825973184361648e+00, -1.5000829376785314e+04,  1.0003283630660516e+01,  2.8561926391288770e+00,  5.0664987599660105e-01,  5.8625359760567713e-03,  5.3425472236855710e-02, -4.5471787790027268e-01,  2.7617402001620839e-01, -6.6863995651727148e-04,  5.4967954978488111e-04,  5.5101665449913639e-01,  3.4204562100098560e-03,  1.2881394440087516e-03, -5.4710692989762180e-02, -4.3320546526404078e+00,  9.2551929842254858e-04
 1.0000000000000000e+00,  6.3356997294534733e+02,  1.3153209251002336e-02,  3.0658908095301591e+01, -2.1857982191437596e-02,  6.8229386705988729e-02,  5.0167885792594102e-01,  6.3434907931092857e+02, -2.5793626346425302e+00, -1.5000843448410611e+04,  1.0003317794783982e+01,  2.8559896256204551e+00,  5.1171444377423203e-01,  5.8559139834637990e-03,  5.3428233497704071e-02, -4.4942431408791333e-01,  2.7620827085427341e-01, -6.5607840130394530e-04,  2.4598961044161573e-05,  5.0924601030597716e-01,  3.4295295476854917e-03,  1.2241715986564795e-03, -5.0305424758381644e-02, -4.0220741859914240e+00,  8.8914823670460501e-04
 1.0100000000000000e+00,  6.3356976971450626e+02,  1.3310903730246236e-02,  3.0649906050066328e+01, -2.1934809579411695e-02,  6.8922648021486413e-02,  5.0170770347651450e-01,  6.4069217263632618e+02, -2.5755500738990835e+00, -1.5000857586893149e+04,  1.0003351242516505e+01,  2.8557935125911751e+00,  5.1678052346080150e-01,  5.8494144080306924e-03,  5.3425964216076594e-02, -4.4453295769415313e-01,  2.7624261060716210e-01, -6.4413004174329375e-04, -4.5784644778015761e-04,  4.7047285104385950e-01,  3.4382405736166325e-03,  1.1655003134738279e-03, -4.6183657006482109e-02, -3.7325576664320947e+00,  8.5305694952353254e-04
 1.0200000000000000e+00,  6.3356956644006391e+02,  1.3464895538970555e-02,  3.0641053671454237e+01, -2.2010428227041988e-02,  6.9591160279672853e-02,  5.0173643270319024e-01,  6.4703525909665291e+02, -2.5711597680865510e+00, -1.5000871791497211e+04,  1.0003383984040376e+01,  2.8556040510945064e+00,  5.2184807011683243e-01,  5.8430313826289331e-03,  5.3419076568748468e-02, -4.4001485706703614e-01,  2.7627703566574574e-01, -6.3274380542868312e-04, -9.0046614736084753e-04,  4.3449866578393020e-01,  3.4465920746878900e-03,  1.1117469494482926e-03, -4.2340282909655781e-02, -3.4622793855537619e+00,  8.1724326472798329e-04
 1.0300000000000000e+00,  6.3356936331184852e+02,  1.3615228272491888e-02,  3.0632347131800294e+01, -2.2084792252410380e-02,  7.0235976991476184e-02,  5.0176501264257467e-01,  6.5337833871345345e+02, -2.5661918468274849e+00, -1.5000886061498510e+04,  1.0003416030082795e+01,  2.8554210029325273e+00,  5.2691704034987719e-01,  5.8367595319221187e-03,  5.3407954893129377e-02, -4.3584298437847452e-01,  2.7631154244865586e-01, -6.2187232020968362e-04, -1.3060076618165428e-03,  4.0113692487230257e-01,  3.4545868164786967e-03,  1.0625500943516033e-03, -3.8768019981483201e-02, -3.2100687967717643e+00,  7.8170509343333664e-04
 1.0400000000000000e+00,  6.3356916051255348e+02,  1.3761947466376443e-02,  3.0623782741623415e+01, -2.2157861346537671e-02,  7.0858091090671024e-02,  5.0179341303804703e-01,  6.5972141150828747e+02, -2.5606464375484612e+00, -1.5000900396183941e+04,  1.0003447391854911e+01,  2.8552441400347774e+00,  5.3198739223333258e-01,  5.8305939362247395e-03,  5.3392956415512137e-02, -4.3199211856959008e-01,  2.7634612740207531e-01, -6.1147173884938623e-04, -1.6771369198920179e-03,  3.7021252697092522e-01,  3.4622275440654407e-03,  1.0175661777078720e-03, -3.5457831633611762e-02, -2.9748107835036954e+00,  7.4644042391547186e-04
 1.0500000000000000e+00,  6.3356895821809201e+02,  1.3905100399112170e-02,  3.0615356942449885e+01, -2.2229600390291683e-02,  7.1458438817231101e-02,  5.0182160617149230e-01,  6.6606447750272707e+02, -2.5545236655398060e+00, -1.5000914794851344e+04,  1.0003478080995052e+01,  2.8550732438763355e+00,  5.3705908523041490e-01,  5.8245300971451310e-03,  5.3374412154731536e-02, -4.2843873383905601e-01,  2.7638078699953716e-01, -6.0150155905135236e-04, -2.0164225945747804e-03,  3.4156124560506790e-01,  3.4695169827181319e-03,  9.7646978189889870e-04, -3.2399303302940663e-02, -2.7554454896677689e+00,  7.1144730662275760e-04
 1.0600000000000001e+00,  6.3356875659792934e+02,  1.4044735907331346e-02,  3.0607066300100254e+01, -2.2299979095444258e-02,  7.2037903450310650e-02,  5.0184956670456604e-01,  6.7240753671835455e+02, -2.5478236540129995e+00, -1.5000929256809261e+04,  1.0003508109515847e+01,  2.8549081049336973e+00,  5.4213208012314373e-01,  5.8185639050437124e-03,  5.3352627963620641e-02, -4.2516089365748871e-01,  2.7641551774172968e-01, -5.9192444163392222e-04, -2.3263239899182892e-03,  3.1502917936755664e-01,  3.4764578385304526e-03,  9.3895370158712625e-04, -2.9580975765761078e-02, -2.5509677578344725e+00,  6.7672385584138675e-04
 1.0700000000000001e+00,  6.3356855581539355e+02,  1.4180904212811237e-02,  3.0598907498416569e+01, -2.2368971668385619e-02,  7.2597318876869946e-02,  5.0187727152902439e-01,  6.7875058917675972e+02, -2.5405465241559004e+00, -1.5000943781376718e+04,  1.0003537489755040e+01,  2.8547485221768865e+00,  5.4720633894615012e-01,  5.8126916083124525e-03,  5.3327885674933170e-02, -4.2213815025170487e-01,  2.7645031615630777e-01, -5.8270602913941831e-04, -2.6091820607952016e-03,  2.9047220946183644e-01,  3.4830527990109520e-03,  9.0472879731365145e-04, -2.6990638409621300e-02, -2.3604262233095596e+00,  6.4226824025847998e-04
 1.0800000000000001e+00,  6.3356835602796639e+02,  1.4313656760533547e-02,  3.0590877333406294e+01, -2.2436556495085799e-02,  7.3137472985998125e-02,  5.0190469962565487e-01,  6.8509363489953751e+02, -2.5326923951859204e+00, -1.5000958367882993e+04,  1.0003566234329751e+01,  2.8545943025961251e+00,  5.5228182492510736e-01,  5.8069097844609240e-03,  5.3300444322404737e-02, -4.1935144946825198e-01,  2.7648517879770990e-01, -5.7381476674493671e-04, -2.8672131790873747e-03,  2.6775546779271275e-01,  3.4893045336159526e-03,  8.7352368158266473e-04, -2.4615585248813309e-02, -2.1829221105151801e+00,  6.0807868074164054e-04
 1.0900000000000001e+00,  6.3356815738755427e+02,  1.4443046067132375e-02,  3.0582972707778893e+01, -2.2502715845970713e-02,  7.3659110882499171e-02,  5.0193183193136703e-01,  6.9143667390828534e+02, -2.5242613844012580e+00, -1.5000973015667405e+04,  1.0003594356093947e+01,  2.8544452607612691e+00,  5.5735850241955076e-01,  5.8012153129775538e-03,  5.3270541411351423e-02, -4.1678304089585061e-01,  2.7652010224698009e-01, -5.6522172696845307e-04, -3.1025052878372291e-03,  2.4675281833083351e-01,  3.4952156942491511e-03,  8.4508427371405973e-04, -2.2442836501157484e-02, -2.0176077818606606e+00,  5.7415344589806130e-04
 1.1000000000000001e+00,  6.3356796004074124e+02,  1.4569125579105635e-02,  3.0575190625851199e+01, -2.2567435599455888e-02,  7.4162937916335450e-02,  5.0195865121401151e-01,  6.9777970622460055e+02, -2.5152536072303064e+00, -1.5000987724079097e+04,  1.0003621868098980e+01,  2.8543012184122416e+00,  5.6243633686985306e-01,  5.7956053499215550e-03,  5.3238394216647993e-02, -4.1441639310163531e-01,  2.7655508311159488e-01, -5.5690043933883987e-04, -3.3170161128564355e-03,  2.2734635400686856e-01,  3.5007889157417896e-03,  8.1917325220857832e-04, -2.0459328502683800e-02, -1.8636850829323282e+00,  5.4049085262963717e-04
 1.1100000000000001e+00,  6.3356776412902514e+02,  1.4691949540206882e-02,  3.0567528188797866e+01, -2.2630704982953331e-02,  7.4649622527109369e-02,  5.0198514195451538e-01,  7.0412273187007770e+02, -2.5056691772793225e+00, -1.5001002492476835e+04,  1.0003648783556928e+01,  2.8541620040785718e+00,  5.6751529474810569e-01,  5.7900773041907770e-03,  5.3204201089094294e-02, -4.1223611381571323e-01,  2.7659011802529493e-01, -5.4882672592543270e-04, -3.5125731288977694e-03,  2.0942591095023647e-01,  3.5060268163106226e-03,  7.9556943047287413e-04, -1.8652074705582909e-02, -1.7204035283940846e+00,  5.0708926113696064e-04
 1.1200000000000001e+00,  6.3356756978903741e+02,  1.4811572867472419e-02,  3.0559982590223800e+01, -2.2692516330236889e-02,  7.5119798904947604e-02,  5.0201129023593849e-01,  7.1046575086630605e+02, -2.4955082063784495e+00, -1.5001017320228797e+04,  1.0003675115806614e+01,  2.8540274527262679e+00,  5.7259534351265684e-01,  5.7846288154030463e-03,  5.3168142754070037e-02, -4.1022787488263057e-01,  2.7662520364792109e-01, -5.4097854338607974e-04, -3.6908750043352472e-03,  1.9288860146973713e-01,  3.5109319979798018e-03,  7.7406707739771511e-04, -1.7008300381912669e-02, -1.5870583677057819e+00,  4.7394707269887617e-04
 1.1300000000000001e+00,  6.3356737715274778e+02,  1.4928051035374496e-02,  3.0552551112036117e+01, -2.2752864854118499e-02,  7.5574069470971714e-02,  5.0203708363907107e-01,  7.1680876323486689e+02, -2.4847708046261729e+00, -1.5001032206712383e+04,  1.0003700878282118e+01,  2.8538974054301796e+00,  5.7767645156605429e-01,  5.7792577333230554e-03,  5.3130383589007589e-02, -4.0837834178631849e-01,  2.7666033666525452e-01, -5.3333583199203323e-04, -3.8534942742009214e-03,  1.7763836679439410e-01,  3.5155070470110875e-03,  7.5447520141158490e-04, -1.5515553591222114e-02, -1.4629885673628191e+00,  4.4106273355826094e-04
 1.1400000000000001e+00,  6.3356718634765548e+02,  1.5041439967623901e-02,  3.0545231120593908e+01, -2.2811748433452000e-02,  7.6013007182031023e-02,  5.0206251114421119e-01,  7.2315176899733069e+02, -2.4734570804322780e+00, -1.5001047151314020e+04,  1.0003726084483608e+01,  2.8537717090701027e+00,  5.8275858821614879e-01,  5.7739620987632056e-03,  5.3091072868586019e-02, -4.0667510754674269e-01,  2.7669551378886131e-01, -5.2588037192336954e-04, -4.0018810164084394e-03,  1.6358555025100238e-01,  3.5197545343285089e-03,  7.3661681232114898e-04, -1.4161794850281436e-02, -1.3475747413155246e+00,  4.0843472992602083e-04
 1.1500000000000001e+00,  6.3356699749696713e+02,  1.5151795936175133e-02,  3.0538020063115134e+01, -2.2869167413542644e-02,  7.6437157665572741e-02,  5.0208756303877633e-01,  7.2949476817525465e+02, -2.4615671405593824e+00, -1.5001062153428968e+04,  1.0003750747950390e+01,  2.8536502160489055e+00,  5.8784172364011467e-01,  5.7687401258845880e-03,  5.3050345968679420e-02, -4.0510663078129844e-01,  2.7673073175594110e-01, -5.1859564699094027e-04, -4.1373673295920241e-03,  1.5064649125412374e-01,  3.5236770159153079e-03,  7.2032817416586934e-04, -1.2935467786426555e-02, -1.2402370580605591e+00,  3.7606158742598754e-04
 1.1599999999999999e+00,  6.3356681071976254e+02,  1.5259175467015537e-02,  3.0530915464320895e+01, -2.2925124419099059e-02,  7.6847041191462906e-02,  5.0211223083042111e-01,  7.3583776079017946e+02, -2.4491010901631003e+00, -1.5001077212461143e+04,  1.0003774882235946e+01,  2.8535327840310263e+00,  5.9292582885115352e-01,  5.7635901858233869e-03,  5.3008325521994179e-02, -4.0366217772166024e-01,  2.7676598732917962e-01, -5.1146671582519461e-04, -4.2611724332998219e-03,  1.3874314021858489e-01,  3.5272770332356678e-03,  7.0545805898326929e-04, -1.1825552955133342e-02, -1.1404331490472386e+00,  3.4394187664599934e-04
 1.1699999999999999e+00,  6.3356662613114963e+02,  1.5363635252345345e-02,  3.0523914923298339e+01, -2.2979624178920091e-02,  7.7243154488281299e-02,  5.0213650716534686e-01,  7.4218074686362752e+02, -2.4360590328308942e+00, -1.5001092327822933e+04,  1.0003798500884939e+01,  2.8534192756997716e+00,  5.9801087566765987e-01,  5.7585107915680842e-03,  5.2965122520013425e-02, -4.0233176797692677e-01,  2.7680127729660581e-01, -5.0448009048312216e-04, -4.3744082323500487e-03,  1.2780269428093449e-01,  3.5305571136290373e-03,  6.9186700943010696e-04, -1.0821606854921598e-02, -1.0476560384825564e+00,  3.1207420203571647e-04
 1.1799999999999999e+00,  6.3356644384240929e+02,  1.5465232068779401e-02,  3.0517016110564629e+01, -2.3032673361561857e-02,  7.7625972412120728e-02,  5.0216038575150601e-01,  7.4852372641709883e+02, -2.4224410706196737e+00, -1.5001107498935024e+04,  1.0003821617411973e+01,  2.8533095585319028e+00,  6.0309683668463177e-01,  5.7535005840137245e-03,  5.2920837357347178e-02, -4.0110612383604155e-01,  2.7683659847145220e-01, -4.9762362235054479e-04, -4.4780852066501854e-03,  1.1775725352685940e-01,  3.5335197707098112e-03,  6.7942661708536459e-04, -9.9137880051058773e-03, -9.6143211233245918e-01,  2.8045721411906706e-04
 1.1899999999999999e+00,  6.3356626396113029e+02,  1.5564022701223548e-02,  3.0510216765315462e+01, -2.3084280421280218e-02,  7.7995949476254725e-02,  5.0218386128641868e-01,  7.5486669947206906e+02, -2.4082473040921810e+00, -1.5001122725226223e+04,  1.0003844245282052e+01,  2.8532035045881008e+00,  6.0818368524712529e-01,  5.7485583191210733e-03,  5.2875560815880421e-02, -3.9997662290638958e-01,  2.7687194769202000e-01, -4.9088639516000091e-04, -4.5731185058739366e-03,  1.0854349726515379e-01,  3.5361675047862443e-03,  6.6801882102340718e-04, -9.0928718396443408e-03, -8.8131914000866129e-01,  2.4908960116753988e-04
 1.2000000000000000e+00,  6.3356608659133622e+02,  1.5660063872099356e-02,  3.0503514692842675e+01, -2.3134455453591170e-02,  7.8353521250218716e-02,  5.0220692938933431e-01,  7.6120966604998648e+02, -2.3934778323522150e+00, -1.5001138006133298e+04,  1.0003866397892596e+01,  2.8531009903179587e+00,  6.1327139542556341e-01,  5.7436828561105244e-03,  5.2829374987229699e-02, -3.9893525389073847e-01,  2.7690732182154792e-01, -4.8425862490012904e-04, -4.6603341451678616e-03,  1.0010237976382222e-01,  3.5385028032491853e-03,  6.5753523095096625e-04, -8.3502560191406183e-03, -8.0690436025765278e-01,  2.1797009142066019e-04
 1.2100000000000000e+00,  6.3356591183360399e+02,  1.5753412175609709e-02,  3.0496907762106652e+01, -2.3183210059835816e-02,  7.8699105636903452e-02,  5.0222958653748162e-01,  7.6755262617226902e+02, -2.3781327530787348e+00, -1.5001153341100808e+04,  1.0003888088556913e+01,  2.8530018963782795e+00,  6.1835994199272071e-01,  5.7388731466230707e-03,  5.2782354132977063e-02, -3.9797457531111313e-01,  2.7694271774808499e-01, -4.7773156636081752e-04, -4.7404752133235013e-03,  9.2378844765059115e-02,  3.5405281409717185e-03,  6.4787647691133424e-04, -7.6779576119872933e-03, -7.3780263949496527e-01,  1.8709745308598225e-04
 1.2200000000000000e+00,  6.3356573978517531e+02,  1.5844124016756243e-02,  3.0490393903450229e+01, -2.3230557220178381e-02,  7.9033104036203922e-02,  5.0225183000617046e-01,  7.7389557986030138e+02, -2.3622121625588806e+00, -1.5001168729580944e+04,  1.0003909330489076e+01,  2.8529061074634736e+00,  6.2344930040221747e-01,  5.7341282247833081e-03,  5.2734565482963229e-02, -3.9708767699543729e-01,  2.7697813238436736e-01, -4.7129742603364963e-04, -4.8142080187413240e-03,  8.5321558022177710e-02,  3.5422459807143950e-03,  6.3895158852224235e-04, -7.0686034715772153e-03, -6.7365470908131597e-01,  1.5647049544931208e-04
 1.2300000000000000e+00,  6.3356557054006169e+02,  1.5932255554835573e-02,  3.0483971106441878e+01, -2.3276511174504650e-02,  7.9355902403620490e-02,  5.0227365781251421e-01,  7.8023852713543215e+02, -2.3457161557199528e+00, -1.5001184171033376e+04,  1.0003930136790057e+01,  2.8528135121470020e+00,  6.2853944676837181e-01,  5.7294471981023977e-03,  5.2686069972602237e-02, -3.9626814415066958e-01,  2.7701356266769928e-01, -4.6494928107420957e-04, -4.8821281112075522e-03,  7.8882657052547975e-02,  3.5436587735193617e-03,  6.3067740336576630e-04, -6.5154150216684015e-03, -6.1412548484462870e-01,  1.2608806554403862e-04
 1.2400000000000000e+00,  6.3356540418914312e+02,  1.6017862651157549e-02,  3.0477637417836895e+01, -2.3321087310724676e-02,  7.9667872211988913e-02,  5.0229506866256046e-01,  7.8658146801897055e+02, -2.3286448261603856e+00, -1.5001199664925096e+04,  1.0003950520435062e+01,  2.8527240027328644e+00,  6.3363035784726807e-01,  5.7248292391618239e-03,  5.2636922920739078e-02, -3.9551002385438633e-01,  2.7704900555983775e-01, -4.5868100402280320e-04, -4.9447661288438234e-03,  7.3017517263093620e-02,  3.5447689591100420e-03,  6.2297800691550500e-04, -6.0121885055858136e-03, -5.5890247304624008e-01,  9.5949052592025731e-05
 1.2500000000000000e+00,  6.3356524082026135e+02,  1.6101000820743127e-02,  3.0471390939646341e+01, -2.3364302060017619e-02,  7.9969371324235677e-02,  5.0231606190162592e-01,  7.9292440253218376e+02, -2.3109982661797432e+00, -1.5001215210730272e+04,  1.0003970494262008e+01,  2.8526374751161927e+00,  6.3872201101891202e-01,  5.7202735780219416e-03,  5.2587174650025360e-02, -3.9480779380540770e-01,  2.7708445804688148e-01, -4.5248719297520283e-04, -5.0025934296704612e-03,  6.7684533589068507e-02,  3.5455789662880402e-03,  6.1578420260457903e-04, -5.5532716597417216e-03, -5.0769426175878341e-01,  6.6052383007608617e-05
 1.2600000000000000e+00,  6.3356508051830838e+02,  1.6181725187773093e-02,  3.0465229827304281e+01, -2.3406172798588240e-02,  8.0260744784728749e-02,  5.0233663746764479e-01,  7.9926733069629370e+02, -2.2927765668077811e+00, -1.5001230807930102e+04,  1.0003990070961040e+01,  2.8525538286521233e+00,  6.4381438427035720e-01,  5.7157794953023198e-03,  5.2536871052145669e-02, -3.9415633318260496e-01,  2.7711991713916351e-01, -4.4636310689827801e-04, -5.0560274763501679e-03,  6.2844916784210392e-02,  3.5460912133189440e-03,  6.0903301278038171e-04, -5.1335376761996081e-03, -4.6022909921283800e-01,  3.6397023173151343e-05
 1.2700000000000000e+00,  6.3356492336531005e+02,  1.6260090444571954e-02,  3.0459152287924827e+01, -2.3446717755534037e-02,  8.0542325536431453e-02,  5.0235679584734927e-01,  8.0561025253247362e+02, -2.2739798178325925e+00, -1.5001246456012672e+04,  1.0004009263065049e+01,  2.8524729660321708e+00,  6.4890745617969470e-01,  5.7113463158839761e-03,  5.2486054100498357e-02, -3.9355089546972349e-01,  2.7715537987114786e-01, -4.4030460578741365e-04, -5.1054369506309217e-03,  5.8462503504139125e-02,  3.5463081083098006e-03,  6.0266720939248955e-04, -4.7483571799511372e-03, -4.1625355680141507e-01,  6.9819749981547702e-06
 1.2800000000000000e+00,  6.3356476944050564e+02,  1.6336150813923159e-02,  3.0453156578641224e+01, -2.3485955926449371e-02,  8.0814435070680216e-02,  5.0237653803511362e-01,  8.1195316806184564e+02, -2.2546081078278810e+00, -1.5001262154472819e+04,  1.0004028082941069e+01,  2.8523947931674001e+00,  6.5400120590080979e-01,  5.7069734031865715e-03,  5.2434762313133050e-02, -3.9298708311252217e-01,  2.7719084330132970e-01, -4.3430809537029072e-04, -5.1511465808933661e-03,  5.4503579344200533e-02,  3.5462320496060210e-03,  5.9663487403209428e-04, -4.3935688725377153e-03, -3.7553127518630203e-01, -2.2193715754070768e-05
 1.2900000000000000e+00,  6.3356461882042379e+02,  1.6409960014523529e-02,  3.0447241005019972e+01, -2.3523906992418291e-02,  8.1077384016003368e-02,  5.0239586549430160e-01,  8.1829607730547673e+02, -2.2346615241793781e+00, -1.5001277902811999e+04,  1.0004046542782591e+01,  2.8523192190777626e+00,  6.5909561314882237e-01,  5.7026601539765702e-03,  5.2383031168880489e-02, -3.9246082388283948e-01,  2.7722630451213998e-01, -4.2837047606941351e-04, -5.1934416723884531e-03,  5.0936714012653157e-02,  3.5458654261605296e-03,  5.9088898614334420e-04, -4.0654494264796767e-03, -3.3784179112317175e-01, -5.1130973344193270e-05
 1.3000000000000000e+00,  6.3356447157895457e+02,  1.6481571229395132e-02,  3.0441403919543696e+01, -2.3560591244071314e-02,  8.1331472671984872e-02,  5.0241478012096552e-01,  8.2463898028437632e+02, -2.2141401531104412e+00, -1.5001293700538146e+04,  1.0004064654602645e+01,  2.8522461557870229e+00,  6.6419065818613010e-01,  5.6984059936651833e-03,  5.2330893479685281e-02, -3.9196834883226911e-01,  2.7726176060985291e-01, -4.2248909594682461e-04, -5.2325723349247412e-03,  4.7732607851233524e-02,  3.5452106178918111e-03,  5.8538703837443420e-04, -3.7606830807779199e-03, -3.0297944116075504e-01, -7.9830680399517313e-05
 1.3100000000000001e+00,  6.3356432778741885e+02,  1.6551037077083029e-02,  3.0435643720157103e+01, -2.3596029510403162e-02,  8.1576991493762352e-02,  5.0243328420975863e-01,  8.3098187701949223e+02, -2.1930440797068549e+00, -1.5001309547165560e+04,  1.0004082430227648e+01,  2.8521755182227571e+00,  6.6928632180899061e-01,  5.6942103720576337e-03,  5.2278379722181995e-02, -3.9150617172581481e-01,  2.7729720872449781e-01, -4.1666170736446743e-04, -5.2687574071768424e-03,  4.4863948946124957e-02,  3.5442699960558347e-03,  5.8009067809699946e-04, -3.4763313696423094e-03, -2.7075233986095742e-01, -1.0829368679576826e-04
 1.3200000000000001e+00,  6.3356418751463457e+02,  1.6618409585476845e-02,  3.0429958848870967e+01, -2.3630243092068678e-02,  8.1814221532334919e-02,  5.0245138042192505e-01,  8.3732476753170818e+02, -2.1713733879408630e+00, -1.5001325442214766e+04,  1.0004099881291946e+01,  2.8521072241209566e+00,  6.7438258533457862e-01,  5.6900727595178939e-03,  5.2225518331541744e-02, -3.9107106985334661e-01,  2.7733264600977403e-01, -4.1088642710640635e-04, -5.3021880805845202e-03,  4.2305280107768316e-02,  3.5430459235874481e-03,  5.7496537351521440e-04, -3.2098033118932389e-03, -2.4098142781037124e-01, -1.3652080688153465e-04
 1.3300000000000001e+00,  6.3356405082698029e+02,  1.6683740168102940e-02,  3.0424347790419596e+01, -2.3663253698892699e-02,  8.2043434835452081e-02,  5.0246907175524513e-01,  8.4366765184183964e+02, -2.1491281606944566e+00, -1.5001341385212405e+04,  1.0004117019233048e+01,  2.8520411939348258e+00,  6.7947943058846927e-01,  5.6859926435155056e-03,  5.2172335960570304e-02, -3.9066006612365944e-01,  2.7736806964296956e-01, -4.0516169972238493e-04, -5.3330312289240301e-03,  4.0032875038359360e-02,  3.5415407554556491e-03,  5.6998010328906837e-04, -2.9588263560087428e-03, -2.1349958607141911e-01, -1.6451281947826827e-04
 1.3400000000000001e+00,  6.3356391778845659e+02,  1.6747079602742486e-02,  3.0418809070967772e+01, -2.3695083391347075e-02,  8.2264894813459485e-02,  5.0248636151581771e-01,  8.5001052997063107e+02, -2.1263084797819416e+00, -1.5001357375691108e+04,  1.0004133855287424e+01,  2.8519773507474051e+00,  6.8457683989249751e-01,  5.6819695255234462e-03,  5.2118857706963263e-02, -3.9027041235257942e-01,  2.7740347682488314e-01, -3.9948626386278465e-04, -5.3614324521479529e-03,  3.8024623039317716e-02,  3.5397568389911008e-03,  5.6510706863098406e-04, -2.7214182887758073e-03, -1.8815081373690890e-01, -1.9227047343139923e-04
 1.3500000000000001e+00,  6.3356378846074495e+02,  1.6808478012238341e-02,  3.0413341256863585e+01, -2.3725754525763806e-02,  8.2478856574097342e-02,  5.0250325329157086e-01,  8.5635340193875231e+02, -2.1029144259718122e+00, -1.5001373413189389e+04,  1.0004150400486944e+01,  2.8519156201876865e+00,  6.8967479605295767e-01,  5.6780029182382499e-03,  5.2065107311527345e-02, -3.8989957366287309e-01,  2.7743886477974938e-01, -3.9385912138853419e-04, -5.3875188451200876e-03,  3.6259921653014580e-02,  3.5376965142025455e-03,  5.6032142621911709e-04, -2.4958603056512941e-03, -1.6478946352371762e-01, -2.1979448427966689e-04
 1.3600000000000001e+00,  6.3356366290326457e+02,  1.6867984847361666e-02,  3.0407942953433984e+01, -2.3755289703068224e-02,  8.2685567229882392e-02,  5.0251975092739731e-01,  8.6269626776679513e+02, -2.0789460790079510e+00, -1.5001389497251523e+04,  1.0004166665655781e+01,  2.8518559303499291e+00,  6.9477328234910585e-01,  5.6740923430956755e-03,  5.2011107330060861e-02, -3.8954521391951913e-01,  2.7747423075516719e-01, -3.8827950905287597e-04, -5.4114015034564759e-03,  3.4719576670955127e-02,  3.5353621140959937e-03,  5.5560104091252518e-04, -2.2806713616263475e-03, -1.4327953288817394e-01, -2.4708553703067749e-04
 1.3700000000000001e+00,  6.3356354117322780e+02,  1.6925648871615646e-02,  3.0402612803820233e+01, -2.3783711720829659e-02,  8.2885266181357831e-02,  5.0253585850181903e-01,  8.6903912747526954e+02, -2.0544035176301798e+00, -1.5001405627427443e+04,  1.0004182661407885e+01,  2.8517982117159364e+00,  6.9987228252193723e-01,  5.6702373280571924e-03,  5.1956879281458215e-02, -3.8920518212945399e-01,  2.7750957202203130e-01, -3.8274687256382447e-04, -5.4331777798843853e-03,  3.3385708977484690e-02,  3.5327559649800358e-03,  5.5092625689777310e-04, -2.0745839239555380e-03, -1.2349400580591285e-01, -2.7414428616090398e-04
 1.3800000000000001e+00,  6.3356342332569295e+02,  1.6981518147860624e-02,  3.0397349487850803e+01, -2.3811043528439820e-02,  8.3078185379168362e-02,  5.0255158030509028e-01,  8.7538198108460062e+02, -2.0292868195941818e+00, -1.5001421803272633e+04,  1.0004198398144894e+01,  2.8517423970800353e+00,  7.0497178076321498e-01,  5.6664374056443990e-03,  5.1902443774463174e-02, -3.8887749973996943e-01,  2.7754488587446680e-01, -3.7726084284660027e-04, -5.4529333053155524e-03,  3.2241667734153573e-02,  3.5298803867544995e-03,  5.4627968654706496e-04, -1.8765211622778742e-03, -1.0531424286031024e-01, -3.0097135894635531e-04
 1.3900000000000001e+00,  6.3356330941361625e+02,  1.7035640026651245e-02,  3.0392151720949524e+01, -2.3837308185240769e-02,  8.3264549567609564e-02,  5.0256692081865362e-01,  8.8172482861512481e+02, -2.0035960616908191e+00, -1.5001438024348025e+04,  1.0004213886054469e+01,  2.8516884214766018e+00,  7.1007176170472652e-01,  5.6626921112002604e-03,  5.1847820615351904e-02, -3.8856034877477091e-01,  2.7758016962976639e-01, -3.7182121433881334e-04, -5.4707437893639025e-03,  3.1271949445577069e-02,  3.5267376931852304e-03,  5.4164601501031819e-04, -1.6855756473921316e-03, -8.8629414854990263e-02, -3.2756735490746476e-04
 1.4000000000000001e+00,  6.3356319948790190e+02,  1.7088061136181890e-02,  3.0387018253077049e+01, -2.3862528821435261e-02,  8.3444576512014243e-02,  5.0258188469587095e-01,  8.8806767008708641e+02, -1.9773313197648636e+00, -1.5001454290219895e+04,  1.0004229135109091e+01,  2.8516362221099185e+00,  7.1517221040775480e-01,  5.6590009813576227e-03,  5.1793028898675895e-02, -3.8825206075105789e-01,  2.7761542062833050e-01, -3.6642792516244769e-04, -5.4866766153485605e-03,  3.0462122481817212e-02,  3.5233301921761355e-03,  5.3701182026363577e-04, -1.5009895495271847e-03, -7.3335977897050320e-02, -3.5393284691932091e-04
 1.4099999999999999e+00,  6.3356309359745057e+02,  1.7138827373742511e-02,  3.0381947867703943e+01, -2.3886728601622408e-02,  8.3618477212071191e-02,  5.0259647674395413e-01,  8.9441050552063371e+02, -1.9504926687331636e+00, -1.5001470600459772e+04,  1.0004244155065168e+01,  2.8515857382862513e+00,  7.2027311235274527e-01,  5.6553635526970115e-03,  5.1738087083044934e-02, -3.8795110632513458e-01,  2.7765063623360992e-01, -3.6108103902473773e-04, -5.5007922447510580e-03,  2.9798756660573716e-02,  3.5196601860271542e-03,  5.3236540727836764e-04, -1.3221363309723613e-03, -5.9337186351650188e-02, -3.8006838287697129e-04
 1.4199999999999999e+00,  6.3356299178920688e+02,  1.7187983898591962e-02,  3.0376939380813930e+01, -2.3909930690810804e-02,  8.3786456102926107e-02,  5.0261070190702606e-01,  9.0075333493581604e+02, -1.9230801826022621e+00, -1.5001486954644333e+04,  1.0004258955462570e+01,  2.8515369113479787e+00,  7.2537445342916174e-01,  5.6517793605771281e-03,  5.1683013053780875e-02, -3.8765608561784642e-01,  2.7768581383205104e-01, -3.5578072871194808e-04, -5.5131454460555871e-03,  2.9269357524991355e-02,  3.5157299716731508e-03,  5.2769665527876888e-04, -1.1485039299458078e-03, -4.6542640764757254e-02, -4.0597448791590475e-04
 1.4299999999999999e+00,  6.3356289410820546e+02,  1.7235575126161050e-02,  3.0371991639935946e+01, -2.3932158222770235e-02,  8.3948711245687466e-02,  5.0262456525024468e-01,  9.0709615835257921e+02, -1.8950939344854940e+00, -1.5001503352355316e+04,  1.0004273545624434e+01,  2.8514896846096911e+00,  7.3047621992551914e-01,  5.6482479381227725e-03,  5.1627824174123822e-02, -3.8736571917463475e-01,  2.7772095083304338e-01, -3.5052726105166238e-04, -5.5237863625611592e-03,  2.8862304982274465e-02,  3.5115418409031843e-03,  5.2299687677836895e-04, -9.7967937116860519e-04, -3.4867867778620658e-02, -4.3165166607739204e-04
 1.4399999999999999e+00,  6.3356280059761536e+02,  1.7281644723502264e-02,  3.0367103523203848e+01, -2.3953434270590983e-02,  8.4105434508753948e-02,  5.0263807194493249e-01,  9.1343897579076258e+02, -1.8665339966195706e+00, -1.5001519793179426e+04,  1.0004287934657327e+01,  2.8514440032961388e+00,  7.3557839851958839e-01,  5.6447688153560948e-03,  5.1572537326529652e-02, -3.8707883951820093e-01,  2.7775604466886911e-01, -3.4532098322501462e-04, -5.5327614332759071e-03,  2.8566795990123104e-02,  3.5070980805990107e-03,  5.1825868855118098e-04, -8.1533477178097184e-04, -2.4233930651651425e-02, -4.5710039475732519e-04
 1.4500000000000000e+00,  6.3356271129878394e+02,  1.7326235605907337e-02,  3.0362273938442755e+01, -2.3973781819327418e-02,  8.4256811741191387e-02,  5.0265122725464917e-01,  9.1978178727009492e+02, -1.8374004403806772e+00, -1.5001536276708253e+04,  1.0004302131451661e+01,  2.8513998144819488e+00,  7.4068097626876661e-01,  5.6413415184582722e-03,  5.1517168945458304e-02, -3.8679438325483229e-01,  2.7779109279465536e-01, -3.4016231031867644e-04, -5.5401141805411173e-03,  2.8372791003550255e-02,  3.5024009729461817e-03,  5.1347589271645469e-04, -6.5521468126106144e-04, -1.4567066662918267e-02, -4.8232113580848248e-04
 1.4600000000000000e+00,  6.3356262625127943e+02,  1.7369389934618108e-02,  3.0357501822281098e+01, -2.3993223740609665e-02,  8.4403022939217059e-02,  5.0266403652215752e-01,  9.2612459281019096e+02, -1.8076933363000967e+00, -1.5001552802538181e+04,  1.0004316144682395e+01,  2.8513570670330473e+00,  7.4578394060060882e-01,  5.6379655691497213e-03,  5.1461735042918830e-02, -3.8651138369812993e-01,  2.7782609268832803e-01, -3.3505171401848930e-04, -5.5458858773581258e-03,  2.8270963920021239e-02,  3.4974527956005389e-03,  5.0864336732098139e-04, -4.9912468214063834e-04, -5.7983500428848596e-03, -5.0731433332007383e-04
 1.4700000000000000e+00,  6.3356254549293203e+02,  1.7411149115560257e-02,  3.0352786139287563e+01, -2.4011782769113588e-02,  8.4544242406696016e-02,  5.0267650515722817e-01,  9.3246739243054765e+02, -1.7774127540793796e+00, -1.5001569370270301e+04,  1.0004329982809972e+01,  2.8513157115497050e+00,  7.5088727930351995e-01,  5.6346404841779024e-03,  5.1406251227911141e-02, -3.8622896397643186e-01,  2.7786104185056737e-01, -3.2998971235065664e-04, -5.5501161067773117e-03,  2.8252655277768966e-02,  3.4922558218991565e-03,  5.0375696624554902e-04, -3.4692120169654774e-04,  2.1366215924301063e-03, -5.3208040695640238e-04
 1.4800000000000000e+00,  6.3356246905987450e+02,  1.7451553799032939e-02,  3.0348125881132198e+01, -2.4029481480785684e-02,  8.4680638910416869e-02,  5.0268863862523816e-01,  9.3881018615054018e+02, -1.7465587626050738e+00, -1.5001585979510339e+04,  1.0004343654081490e+01,  2.8512757003111546e+00,  7.5599098051760483e-01,  5.6313657749027081e-03,  5.1350732720783283e-02, -3.8594633059257455e-01,  2.7789593780476601e-01, -3.2497686038397325e-04, -5.5528432249631002e-03,  2.8309828482656039e-02,  3.4868123210240990e-03,  4.9881342709112621e-04, -1.9850243546115607e-04,  9.2980193849845176e-03, -5.5661976805509896e-04
 1.4900000000000000e+00,  6.3356239698658146e+02,  1.7490643880290806e-02,  3.0343520065770985e+01, -2.4046342272725067e-02,  8.4812375830792361e-02,  5.0270044243651690e-01,  9.4515297398941857e+02, -1.7151314299630329e+00, -1.5001602629868568e+04,  1.0004357166532108e+01,  2.8512369872217476e+00,  7.6109503272567391e-01,  5.6281409469702229e-03,  5.1295194363411879e-02, -3.8566276740677874e-01,  2.7793077809698785e-01, -3.2001374181498510e-04, -5.5541047387953849e-03,  2.8435028856579867e-02,  3.4811245581550768e-03,  4.9381028670650220e-04, -5.3800330995778983e-05,  1.5742055399781102e-02, -5.8093280574933351e-04
 1.5000000000000000e+00,  6.3356232930590761e+02,  1.7528458500959024e-02,  3.0338967736653313e+01, -2.4062387344630339e-02,  8.4939611308522067e-02,  5.0271192213639748e-01,  9.5149575596630370e+02, -1.6831308234523152e+00, -1.5001619320959737e+04,  1.0004370527986586e+01,  2.8511995277585793e+00,  7.6619942474440594e-01,  5.6249655000664084e-03,  5.1239650626007376e-02, -3.8537763001544295e-01,  2.7796556029592911e-01, -3.1510096136192080e-04, -5.5539376081679918e-03,  2.8621345316345834e-02,  3.4751947946304288e-03,  4.8874580390635605e-04,  8.7226456474409468e-05,  2.1521236553412277e-02, -6.0501989918026913e-04
 1.5100000000000000e+00,  6.3356226604912547e+02,  1.7565036051223702e-02,  3.0334467961951766e+01, -2.4077638681724002e-02,  8.5062498387659113e-02,  5.0272308329593418e-01,  9.5783853210018356e+02, -1.6505570095986914e+00, -1.5001636052402990e+04,  1.0004383746061091e+01,  2.8511632789205557e+00,  7.7130414571566808e-01,  5.6218389277429845e-03,  5.1184115611248519e-02, -3.8509034050045182e-01,  2.7800028199288046e-01, -3.1023913790134493e-04, -5.5523784823662634e-03,  2.8862374506546915e-02,  3.4690252880720221e-03,  4.8361888820881629e-04,  2.2459870387125895e-04,  2.6684601486803801e-02, -6.2888141250105781e-04
 1.5200000000000000e+00,  6.3356220724596164e+02,  1.7600414172744522e-02,  3.0330019833813687e+01, -2.4092118039072043e-02,  8.5181185155440348e-02,  5.0273393150324786e-01,  9.6418130240990945e+02, -1.6174100541677738e+00, -1.5001652823821798e+04,  1.0004396828165103e+01,  2.8511281991788833e+00,  7.7640918509799339e-01,  5.6187607173083815e-03,  5.1128603056360050e-02, -3.8480038252531201e-01,  2.7803494080169056e-01, -3.0542889828434589e-04, -5.5494638791415227e-03,  2.9152187222969392e-02,  3.4626182925268059e-03,  4.7842903519099058e-04,  3.5832194107687722e-04,  3.1277941797691555e-02, -6.5251769654217520e-04
 1.5300000000000000e+00,  6.3356215292463241e+02,  1.7634629762238323e-02,  3.0325622467634055e+01, -2.4105846927220658e-02,  8.5295814879166598e-02,  5.0274447235546460e-01,  9.7052406691419242e+02, -1.5836900221777797e+00, -1.5001669634843882e+04,  1.0004409781503504e+01,  2.8510942484289190e+00,  7.8151453265821369e-01,  5.6157303497772976e-03,  5.1073126333665689e-02, -3.8450729675599243e-01,  2.7806953435873100e-01, -3.0067087177614000e-04, -5.5452303144128776e-03,  2.9485296976214354e-02,  3.4559760585750579e-03,  4.7317626645018620e-04,  4.8839100465214360e-04,  3.5344008851301227e-02, -6.7592909380742464e-04
 1.5400000000000000e+00,  6.3356210311187851e+02,  1.7667718975685410e-02,  3.0321275001349200e+01, -2.4118846599076395e-02,  8.5406526140358388e-02,  5.0275471145121453e-01,  9.7686682563159923e+02, -1.5493969779119461e+00, -1.5001686485101147e+04,  1.0004422613078805e+01,  2.8510613879433775e+00,  7.8662017846325460e-01,  5.6127472998728587e-03,  5.1017698450071793e-02, -3.8421067658578772e-01,  2.7810406032286206e-01, -2.9596568506700679e-04, -5.5397143897958166e-03,  2.9856630555724600e-02,  3.4491008334358556e-03,  4.6786107537645418e-04,  6.1479391876006931e-04,  3.8922707050748004e-02, -6.9911593403304420e-04
 1.5500000000000000e+00,  6.3356205783299913e+02,  1.7699717233112814e-02,  3.0316976594750894e+01, -2.4131138037959916e-02,  8.5513452966358997e-02,  5.0276465438365792e-01,  9.8320957858054862e+02, -1.5145309849306039e+00, -1.5001703374229615e+04,  1.0004435329693502e+01,  2.8510295803268577e+00,  7.9172611287208750e-01,  5.6098110360759575e-03,  5.0962332045869772e-02, -3.8391016414487794e-01,  2.7813851637539971e-01, -2.9131395780576636e-04, -5.5329528444877877e-03,  3.0261500465275620e-02,  3.4419948610753229e-03,  4.6248437687162943e-04,  7.3751514284570033e-04,  4.2051274859455846e-02, -7.2207853807348824e-04
 1.5600000000000001e+00,  6.3356201711188487e+02,  1.7730659223911250e-02,  3.0312726428820397e+01, -2.4142741946767333e-02,  8.5616724959511892e-02,  5.0277430673401069e-01,  9.8955232577930747e+02, -1.4790921060829278e+00, -1.5001720301869354e+04,  1.0004447937952543e+01,  2.8509987894716611e+00,  7.9683232652784164e-01,  5.6069210207167434e-03,  5.0907039393182037e-02, -3.8360544657648221e-01,  2.7817290022008356e-01, -2.8671629861260422e-04, -5.5249825774046583e-03,  3.0695579109446508e-02,  3.4346603822760194e-03,  4.5704746176079754e-04,  8.5653827378018147e-04,  4.4764453974721535e-02, -7.4481722178720714e-04
 1.5700000000000001e+00,  6.3356198097104971e+02,  1.7760578912644737e-02,  3.0308523705082038e+01, -2.4153678738176636e-02,  8.5716467424003490e-02,  5.0278367406554136e-01,  9.9589506724598732e+02, -1.4430804035183715e+00, -1.5001737267664417e+04,  1.0004460444265915e+01,  2.8509689805148883e+00,  8.0193881035008008e-01,  5.6040767101037054e-03,  5.0851832394321679e-02, -3.8329625256268901e-01,  2.7820720958304523e-01, -2.8217330152965355e-04, -5.5158406447926942e-03,  3.1154874619332390e-02,  3.4270996347257579e-03,  4.5155195482933427e-04,  9.7184824861262613e-04,  4.7094648002454692e-02, -7.6733228826508652e-04
 1.5800000000000001e+00,  6.3356194943166270e+02,  1.7789509545314035e-02,  3.0304367644975894e+01, -2.4163968525840001e-02,  8.5812801490429302e-02,  5.0279276191801092e-01,  1.0022378029985404e+03, -1.4064959386978015e+00, -1.5001754271262780e+04,  1.0004472854851310e+01,  2.8509401197967748e+00,  8.0704555552723256e-01,  5.6012775546861503e-03,  5.0796722580286183e-02, -3.8298234908409556e-01,  2.7824144221277808e-01, -2.7768554287390328e-04, -5.5055642380501205e-03,  3.1635708215127484e-02,  3.4193148530980958e-03,  4.4599977632071771e-04,  1.0834330999021072e-03,  4.9072071156563889e-02, -7.8962403726734324e-04
 1.5900000000000001e+00,  6.3356192251357857e+02,  1.7817483656037192e-02,  3.0300257489249208e+01, -2.4173631116506021e-02,  8.5905844238118950e-02,  5.0280157580253315e-01,  1.0085805330547555e+03, -1.3693387724043384e+00, -1.5001771312316276e+04,  1.0004485175736917e+01,  2.8509121748202575e+00,  8.1215255350919358e-01,  5.5985229992462273e-03,  5.0741721109560677e-02, -3.8266353839838646e-01,  2.7827559588010720e-01, -2.7325357845717365e-04, -5.4941906458941901e-03,  3.2134693007754261e-02,  3.4113082690856414e-03,  4.4039310702521846e-04,  1.1912853312839844e-03,  5.0724887368791459e-02, -8.1169276522352466e-04
 1.6000000000000001e+00,  6.3356190023536737e+02,  1.7844533074112337e-02,  3.0296192497366086e+01, -2.4182686003018681e-02,  8.5995708815233898e-02,  5.0281012119682966e-01,  1.0149232574322549e+03, -1.3316089647539191e+00, -1.5001788390480537e+04,  1.0004497412764229e+01,  2.8508851142117444e+00,  8.1725979600007992e-01,  5.5958124831170068e-03,  5.0686838767368299e-02, -3.8233965522394048e-01,  2.7830966837815979e-01, -2.6887794114241101e-04, -5.4817572044923938e-03,  3.2648714150035313e-02,  3.4030821114694435e-03,  4.3473435592730677e-04,  1.2954029490752615e-03,  5.2079341087418643e-02, -8.3353875801605985e-04
 1.6100000000000001e+00,  6.3356188261434374e+02,  1.7870688931429853e-02,  3.0292171946935099e+01, -2.4191152358142929e-02,  8.6082504556637574e-02,  5.0281840354085949e-01,  1.0212659761484900e+03, -1.2933065752055868e+00, -1.5001805505414937e+04,  1.0004509571590981e+01,  2.8508589076830524e+00,  8.2236727495115214e-01,  5.5931454404233791e-03,  5.0632085965470829e-02, -3.8201056411538575e-01,  2.7834365752233658e-01, -2.6455913870850382e-04, -5.4683012387542144e-03,  3.3174910254266082e-02,  3.3946386061689507e-03,  4.2902613085413134e-04,  1.3957901985606177e-03,  5.3159879758735054e-02, -8.5516230208248904e-04
 1.6200000000000001e+00,  6.3356186966659504e+02,  1.7895981670202864e-02,  3.0288195133154385e+01, -2.4199049029169192e-02,  8.6166337099525744e-02,  5.0282642823279977e-01,  1.0276086892207381e+03, -1.2544316625715228e+00, -1.5001822656782535e+04,  1.0004521657694134e+01,  2.8508335259945228e+00,  8.2747498255389607e-01,  5.5905213003428367e-03,  5.0577472742593214e-02, -3.8167615701885516e-01,  2.7837756115028317e-01, -2.6029765199594968e-04, -5.4538599975520411e-03,  3.3710655995641797e-02,  3.3859799762669921e-03,  4.2327121165669425e-04,  1.4924580418740315e-03,  5.3989268516407743e-02, -8.7656367830923735e-04
 1.6300000000000001e+00,  6.3356186140700936e+02,  1.7920441050986426e-02,  3.0284261368273860e+01, -2.4206394533251730e-02,  8.6247308496796890e-02,  5.0283420062535888e-01,  1.0339513966660982e+03, -1.2149842850268249e+00, -1.5001839844250017e+04,  1.0004533676372892e+01,  2.8508089409192467e+00,  8.3258291123326489e-01,  5.5879394873834601e-03,  5.0523008765519788e-02, -3.8133635099547292e-01,  2.7841137712186192e-01, -2.5609393331125683e-04, -5.4384705851843271e-03,  3.4253545830714688e-02,  3.3771084420486344e-03,  4.1747252528187486e-04,  1.5854244316687554e-03,  5.4588698498170177e-02, -8.9774316536228420e-04
 1.6400000000000001e+00,  6.3356185784930210e+02,  1.7944096160957799e-02,  3.0280369981074120e+01, -2.4213207053438126e-02,  8.6325517328137508e-02,  5.0284172602240262e-01,  1.0402940985014873e+03, -1.1749645001190452e+00, -1.5001857067487641e+04,  1.0004545632751777e+01,  2.8507851252084202e+00,  8.3769105364108276e-01,  5.5853994216766116e-03,  5.0468703330889528e-02, -3.8099108610224086e-01,  2.7844510331912414e-01, -2.5194840506748465e-04, -5.4221698911237990e-03,  3.4801378760823648e-02,  3.3680262210150605e-03,  4.1163312347255933e-04,  1.6747143804368672e-03,  5.4977887523621663e-02, -9.1870104135249712e-04
 1.6500000000000001e+00,  6.3356185900604237e+02,  1.7966975422431319e-02,  3.0276520316361630e+01, -2.4219504435349370e-02,  8.6401058808794340e-02,  5.0284900967587598e-01,  1.0466367947436370e+03, -1.1343723647774937e+00, -1.5001874326169185e+04,  1.0004557531783776e+01,  2.8507620525577799e+00,  8.4279940264960684e-01,  5.5829005192821104e-03,  5.0414565367697312e-02, -3.8064032342025644e-01,  2.7847873764628223e-01, -2.4786145863984663e-04, -5.4049945197063385e-03,  3.5352144075137502e-02,  3.3587355278974465e-03,  4.0575616205504241e-04,  1.7603599030552276e-03,  5.5175175339150409e-02, -9.3943758217029764e-04
 1.6600000000000001e+00,  6.3356186488867843e+02,  1.7989106601583236e-02,  3.0272711734479838e+01, -2.4225304184472243e-02,  8.6474024896004809e-02,  5.0285605678300205e-01,  1.0529794854090899e+03, -1.0932079353223181e+00, -1.5001891619971897e+04,  1.0004569378253484e+01,  2.8507396975750985e+00,  8.4790795134524743e-01,  5.5804421925038147e-03,  5.0360603440495401e-02, -3.8028404322073811e-01,  2.7851227802968209e-01, -2.4383345341985510e-04, -5.3869807211289469e-03,  3.5904008015342027e-02,  3.3492385746819796e-03,  3.9984488194381426e-04,  1.8423998124350958e-03,  5.5197612701675128e-02, -9.5995306093057140e-04
 1.6699999999999999e+00,  6.3356187550756283e+02,  1.8010516817362841e-02,  3.0268943610835773e+01, -2.4230623464027542e-02,  8.6544504393057789e-02,  5.0286287248374339e-01,  1.0593221705141950e+03, -1.0514712674733657e+00, -1.5001908948576442e+04,  1.0004581176780283e+01,  2.8507180357487347e+00,  8.5301669302244465e-01,  5.5780238502137133e-03,  5.0306825753274734e-02, -3.7992224325994961e-01,  2.7854572241777587e-01, -2.3986471605016714e-04, -5.3681643249603303e-03,  3.6455301303465013e-02,  3.3395375705958306e-03,  3.9390259199378300e-04,  1.9208794212883077e-03,  5.5061044922922756e-02, -9.8024775629925506e-04
 1.6799999999999999e+00,  6.3356189087197640e+02,  1.8031232550568026e-02,  3.0265215335441745e+01, -2.4235479093379728e-02,  8.6612583050959327e-02,  5.0286946185851011e-01,  1.0656648500751057e+03, -1.0091624163588329e+00, -1.5001926311666850e+04,  1.0004592931821566e+01,  2.8506970434171834e+00,  8.5812562117769953e-01,  5.5756448981828114e-03,  5.0253240153996195e-02, -3.7955493719466882e-01,  2.7857906878109401e-01, -2.3595553982425402e-04, -5.3485806769518153e-03,  3.7004507480398151e-02,  3.3296347221128922e-03,  3.8793265318831578e-04,  1.9958501804029326e-03,  5.4780190463787806e-02, -1.0003219402809887e-03
 1.6899999999999999e+00,  6.3356191099015200e+02,  1.8051279653064172e-02,  3.0261526312471752e+01, -2.4239887546955330e-02,  8.6678343667681151e-02,  5.0287582992609958e-01,  1.0720075241077743e+03, -9.6628143652372100e-01, -1.5001943708930472e+04,  1.0004604647675958e+01,  2.8506766977396336e+00,  8.6323472950375923e-01,  5.5733047394172282e-03,  5.0199854139735697e-02, -3.7918215311034165e-01,  2.7861231511221812e-01, -2.3210618423801801e-04, -5.3282645799183166e-03,  3.7550252004586691e-02,  3.3195322329510027e-03,  3.8193846405888617e-04,  2.0673692262967963e-03,  5.4368714373920116e-02, -1.0201758920969064e-03
 1.7000000000000000e+00,  6.3356193586929760e+02,  1.8070683357126933e-02,  3.0257875959832191e+01, -2.4243864953639008e-02,  8.6741866184973773e-02,  5.0288198164185427e-01,  1.0783501926279498e+03, -9.2282838193808892e-01, -1.5001961140057931e+04,  1.0004616328486557e+01,  2.8506569766674827e+00,  8.6834401188395283e-01,  5.5710027744980510e-03,  5.0146674862397829e-02, -3.7880393215457708e-01,  2.7864545942575303e-01, -2.2831687467900362e-04, -5.3072502391997246e-03,  3.8091292063935321e-02,  3.3092323040467800e-03,  3.7592344774399418e-04,  2.1354989174215927e-03,  5.3839297495805641e-02, -1.0398098887476317e-03
 1.7100000000000000e+00,  6.3356196551561868e+02,  1.8089468284890133e-02,  3.0254263708746496e+01, -2.4247427096618056e-02,  8.6803227782730891e-02,  5.0288792189602516e-01,  1.0846928556511732e+03, -8.7880330600512069e-01, -1.5001978604743072e+04,  1.0004627978244194e+01,  2.8506378589168055e+00,  8.7345346238667509e-01,  5.5687384019236482e-03,  5.0093709134951703e-02, -3.7842032726906294e-01,  2.7867849975829906e-01, -2.2458780224261421e-04, -5.2855712130324374e-03,  3.8626507058200886e-02,  3.2987371335391172e-03,  3.6989103953388659e-04,  2.2003063160358455e-03,  5.3203701357307134e-02, -1.0592242127849241e-03
 1.7200000000000000e+00,  6.3356199993434007e+02,  1.8107658457881693e-02,  3.0250689003353283e+01, -2.4250589413647314e-02,  8.6862502970896815e-02,  5.0289365551232734e-01,  1.0910355131927747e+03, -8.3420626156901201e-01, -1.5001996102682922e+04,  1.0004639600790680e+01,  2.8506193239417335e+00,  8.7856307526001987e-01,  5.5665110184531987e-03,  5.0040963438137180e-02, -3.7803140201341306e-01,  2.7871143416842381e-01, -2.2091912366345773e-04, -5.2632603680661345e-03,  3.9154889707815298e-02,  3.2880489167552676e-03,  3.6384467629740837e-04,  2.2618626772247202e-03,  5.2472828565575017e-02, -1.0784191439849858e-03
 1.7300000000000000e+00,  6.3356203912972728e+02,  1.8125277306630837e-02,  3.0247151300317640e+01, -2.4253366997708175e-02,  8.6919763678913922e-02,  5.0289918724667770e-01,  1.0973781652678701e+03, -7.8903730092268021e-01, -1.5002013633577646e+04,  1.0004651199822048e+01,  2.8506013519087370e+00,  8.8367284492655318e-01,  5.5643200194503790e-03,  4.9988443927590380e-02, -3.7763722947490663e-01,  2.7874426073663416e-01, -2.1731096135116869e-04, -5.2403498401278016e-03,  3.9675537751090971e-02,  3.2771698461775381e-03,  3.5778778616039832e-04,  2.3202429104418566e-03,  5.1656780089559449e-02, -1.0973949715609146e-03
 1.7400000000000000e+00,  6.3356208310510715e+02,  1.8142347680331412e-02,  3.0243650068455171e+01, -2.4255774598036541e-02,  8.6975079342712439e-02,  5.0290452178610057e-01,  1.1037208118913568e+03, -7.4329647581530522e-01, -1.5002031197130495e+04,  1.0004662778891843e+01,  2.8505839236717709e+00,  8.8878276597823169e-01,  5.5621647992261753e-03,  4.9936156441334624e-02, -3.7723789125839124e-01,  2.7877697756534736e-01, -2.1376340352359158e-04, -5.2168710002815184e-03,  4.0187646194311775e-02,  3.2661021114016556e-03,  3.5172377935502254e-04,  2.3755250588147715e-03,  5.0764908554601272e-02, -1.1161519836155856e-03
 1.7500000000000000e+00,  6.3356213186288824e+02,  1.8158891856546816e-02,  3.0240184788368410e+01, -2.4257826621495976e-02,  8.7028516989250779e-02,  5.0290966374779467e-01,  1.1100634530779103e+03, -6.9698383745970660e-01, -1.5002048793047772e+04,  1.0004674341414324e+01,  2.8505670207482745e+00,  8.9389283317146029e-01,  5.5600447513799072e-03,  4.9884106507584750e-02, -3.7683347655102040e-01,  2.7880958277886220e-01, -2.1027650442678717e-04, -5.1928544260761112e-03,  4.0690500078360801e-02,  3.2548478991173383e-03,  3.4565604000585883e-04,  2.4277897822666495e-03,  4.9805868255203743e-02, -1.1346904732478771e-03
 1.7600000000000000e+00,  6.3356218540458019e+02,  1.8174931550942838e-02,  3.0236754952095239e+01, -2.4259537134273441e-02,  8.7080141318619075e-02,  5.0291461767834789e-01,  1.1164060888419813e+03, -6.5009943653956226e-01, -1.5002066421038788e+04,  1.0004685890667723e+01,  2.8505506252959818e+00,  8.9900304142228216e-01,  5.5579592691376396e-03,  4.9832299352813102e-02, -3.7642408125682403e-01,  2.7884207452332971e-01, -2.0685028463466261e-04, -5.1683298778644427e-03,  4.1183467729727329e-02,  3.2434093930583355e-03,  3.3958791841905085e-04,  2.4771198600670409e-03,  4.8787662018101495e-02, -1.1530107385526712e-03
 1.7700000000000000e+00,  6.3356224373081341e+02,  1.8190487927035866e-02,  3.0233360062768941e+01, -2.4260919863876233e-02,  8.7130014783724563e-02,  5.0291938805309222e-01,  1.1227487191977918e+03, -6.0264332321647418e-01, -1.5002084080815819e+04,  1.0004697429797462e+01,  2.8505347200905420e+00,  9.0411338580170664e-01,  5.5559077456872139e-03,  4.9780739910027461e-02, -3.7600980719642585e-01,  2.7887445096672336e-01, -2.0348473142067935e-04, -5.1433262800010910e-03,  4.1665994465159249e-02,  3.2317887739635701e-03,  3.3352272437760173e-04,  2.5235997126032924e-03,  4.7717685068282473e-02, -1.1711130804004078e-03
 1.7800000000000000e+00,  6.3356230684135733e+02,  1.8205581605944376e-02,  3.0229999634289506e+01, -2.4261988201409762e-02,  8.7178197667581434e-02,  5.0292397927558952e-01,  1.1290913441593320e+03, -5.5461554713688566e-01, -1.5002101772094073e+04,  1.0004708961819340e+01,  2.8505192885039050e+00,  9.0922386153116541e-01,  5.5538895745092260e-03,  4.9729432827213080e-02, -3.7559076136752084e-01,  2.7890671029880898e-01, -2.0017979919600084e-04, -5.1178717066991493e-03,  4.2137596722271985e-02,  3.2199882195271781e-03,  3.2746372055809876e-04,  2.5673149477850551e-03,  4.6602766354264441e-02, -1.1889978068779761e-03
 1.7900000000000000e+00,  6.3356237473513909e+02,  1.8220232676132726e-02,  3.0226673191005869e+01, -2.4262755204116838e-02,  8.7224748158233154e-02,  5.0292839567723957e-01,  1.1354339637403559e+03, -5.0601615743885620e-01, -1.5002119494591638e+04,  1.0004720489622750e+01,  2.8505043144834605e+00,  9.1433446397809803e-01,  5.5519041497032939e-03,  4.9678382475893477e-02, -3.7516705526198041e-01,  2.7893885073111391e-01, -1.9693541000601387e-04, -5.0919933722817735e-03,  4.2597856586981640e-02,  3.2080099043402224e-03,  3.2141411743929978e-04,  2.6083519356900849e-03,  4.5449206587666519e-02, -1.2066652305131576e-03
 1.8000000000000000e+00,  6.3356244741026080e+02,  1.8234460703136689e-02,  3.0223380267408711e+01, -2.4263233598160194e-02,  8.7269722421338694e-02,  5.0293264151700168e-01,  1.1417765779543793e+03, -4.5684520275869678e-01, -1.5002137248029458e+04,  1.0004732015973795e+01,  2.8504897825319016e+00,  9.1944518865165925e-01,  5.5499508663091057e-03,  4.9627592959767444e-02, -3.7473880423578121e-01,  2.7897087049689578e-01, -1.9375145408071279e-04, -5.0657176255120657e-03,  4.3046416693451287e-02,  3.1958559998490591e-03,  3.1537706762091385e-04,  2.6467974182514628e-03,  4.4262814706263948e-02, -1.2241156677195142e-03
 1.8100000000000001e+00,  6.3356252486401729e+02,  1.8248284739261111e-02,  3.0220120407833470e+01, -2.4263435781630770e-02,  8.7313174670458668e-02,  5.0293672098122333e-01,  1.1481191868146755e+03, -4.0710273123747187e-01, -1.5002155032131286e+04,  1.0004743543518472e+01,  2.8504756776877960e+00,  9.2455603119855390e-01,  5.5480291206216796e-03,  4.9577068123383236e-02, -3.7430612692811138e-01,  2.7900276785111089e-01, -1.9062779043456710e-04, -5.0390699477674506e-03,  4.3482975473840793e-02,  3.1835286742970506e-03,  3.0935566160822327e-04,  2.6827381306715422e-03,  4.3048941371637207e-02, -1.2413494426821692e-03
 1.8200000000000001e+00,  6.3356260709291291e+02,  1.8261723333240679e-02,  3.0216893166173250e+01, -2.4263373827765295e-02,  8.7355157235080097e-02,  5.0294063818356771e-01,  1.1544617903342721e+03, -3.5678879052737100e-01, -1.5002172846623653e+04,  1.0004755074785743e+01,  2.8504619855068283e+00,  9.2966698739898368e-01,  5.5461383105004144e-03,  4.9526811560812095e-02, -3.7386914472630439e-01,  2.7903454107038173e-01, -1.8756424750806540e-04, -5.0120749546873162e-03,  4.3907282732341638e-02,  3.1710300926579534e-03,  3.0335292369211510e-04,  2.7162604853553326e-03,  4.1812510328531539e-02, -1.2583668851373607e-03
 1.8300000000000001e+00,  6.3356269409267804e+02,  1.8274794539855102e-02,  3.0213698105601299e+01, -2.4263059488357386e-02,  8.7395720626422382e-02,  5.0294439716503381e-01,  1.1608043885259483e+03, -3.0590342779795499e-01, -1.5002190691235824e+04,  1.0004766612190638e+01,  2.8504486920437184e+00,  9.3477805316271523e-01,  5.5442778356715183e-03,  4.9476826624289490e-02, -3.7342798127346455e-01,  2.7906618845296405e-01, -1.8456062384872453e-04, -4.9847564009948509e-03,  4.4319135524339928e-02,  3.1583624165804043e-03,  2.9737180817605792e-04,  2.7474502531377129e-03,  4.0558048071126430e-02, -1.2751683303724424e-03
 1.8400000000000001e+00,  6.3356278585828500e+02,  1.8287515929491363e-02,  3.0210534798302707e+01, -2.4262504197347313e-02,  8.7434913601069073e-02,  5.0294800189406141e-01,  1.1671469814022307e+03, -2.5444668974227980e-01, -1.5002208565699775e+04,  1.0004778158037301e+01,  2.8504357838347585e+00,  9.3988922452525958e-01,  5.5424470980234399e-03,  4.9427116432792198e-02, -3.7298276201581759e-01,  2.7909770831871333e-01, -1.8161668882674971e-04, -4.9571371882314820e-03,  4.4718374321034385e-02,  3.1455278043213105e-03,  2.9141519621890489e-04,  2.7763922995360738e-03,  3.9289711267764746e-02, -1.2917541214463289e-03
 1.8500000000000001e+00,  6.3356288238396405e+02,  1.8299904597645317e-02,  3.0207402825215055e+01, -2.4261719074576204e-02,  8.7472783222473163e-02,  5.0295145626671778e-01,  1.1734895689753910e+03, -2.0241862258290266e-01, -1.5002226469750145e+04,  1.0004789714521999e+01,  2.8504232478809786e+00,  9.4500049764416261e-01,  5.5406455018949833e-03,  4.9377683880524860e-02, -3.7253361378704386e-01,  2.7912909900905047e-01, -1.7873218338092229e-04, -4.9292393750087439e-03,  4.5104879440005477e-02,  3.1325284106764580e-03,  2.8548589294657924e-04,  2.8031703450115356e-03,  3.8011312526453553e-02, -1.3081246075241613e-03
 1.8600000000000001e+00,  6.3356298366321869e+02,  1.8311977174356155e-02,  3.0204301775777704e+01, -2.4260714929691268e-02,  8.7509374920384547e-02,  5.0295476410695550e-01,  1.1798321512574419e+03, -1.4981927207777379e-01, -1.5002244403124212e+04,  1.0004801283736118e+01,  2.8504110716318936e+00,  9.5011186879539955e-01,  5.5388724543558214e-03,  4.9328531645292023e-02, -3.7208066442701748e-01,  2.7916035888692686e-01, -1.7590682079137565e-04, -4.9010841895728808e-03,  4.5478567724530031e-02,  3.1193663869083484e-03,  2.7958662496274607e-04,  2.8278667421610618e-03,  3.6726344378457051e-02, -1.3242801460977536e-03
 1.8700000000000001e+00,  6.3356308968884025e+02,  1.8323749833567427e-02,  3.0201231247689389e+01, -2.4259502266189191e-02,  8.7544732548251222e-02,  5.0295792916694149e-01,  1.1861747282601345e+03, -9.6648683526016910e-02, -1.5002262365561855e+04,  1.0004812867669095e+01,  2.8503992429698450e+00,  9.5522333436987883e-01,  5.5371273654791558e-03,  4.9279662196733402e-02, -3.7162404243255326e-01,  2.7919148633678864e-01, -1.7314028747561651e-04, -4.8726920443282985e-03,  4.5839389455284943e-02,  3.1060438806879117e-03,  2.7372003818908148e-04,  2.8505623067553946e-03,  3.5438001772525256e-02, -1.3402210979895888e-03
 1.8800000000000001e+00,  6.3356320045292296e+02,  1.8335238302409088e-02,  3.0198190846673889e+01, -2.4258091285585575e-02,  8.7578898438645802e-02,  5.0296095512744687e-01,  1.1925172999949555e+03, -4.2906901773602187e-02, -1.5002280356805524e+04,  1.0004824468211341e+01,  2.8503877501948760e+00,  9.6033489087004387e-01,  5.5354096486063091e-03,  4.9231077804405457e-02, -3.7116387663791178e-01,  2.7922247976454062e-01, -1.7043224380453877e-04, -4.8440825520846371e-03,  4.6187325478894106e-02,  3.0925630360167907e-03,  2.6788869602646599e-04,  2.8713361419768716e-03,  3.4149202949307282e-02, -1.3559478362346032e-03
 1.8900000000000001e+00,  6.3356331594687799e+02,  1.8346457870394947e-02,  3.0195180186253459e+01, -2.4256491891698862e-02,  8.7611913456770885e-02,  5.0296384559829688e-01,  1.1988598664731230e+03,  1.1406028781085112e-02, -1.5002298376600205e+04,  1.0004836087157104e+01,  2.8503765820101576e+00,  9.6544653490657417e-01,  5.5337187206030650e-03,  4.9182780545691709e-02, -3.7070029592297538e-01,  2.7925333759750898e-01, -1.6778232493539443e-04, -4.8152745437568490e-03,  4.6522384538999442e-02,  3.0789259931412990e-03,  2.6209507780240677e-04,  2.8902655235807321e-03,  3.2862609071759800e-02, -1.3714607388637366e-03
 1.9000000000000001e+00,  6.3356343616144750e+02,  1.8357423398531122e-02,  3.0192198887529774e+01, -2.4254713695037729e-02,  8.7643817052097048e-02,  5.0296660411887284e-01,  1.2052024277055843e+03,  6.6290064181777547e-02, -1.5002316424693388e+04,  1.0004847726207300e+01,  2.8503657275079202e+00,  9.7055826319518501e-01,  5.5320540021076012e-03,  4.9134772313530320e-02, -3.7023342894713179e-01,  2.7928405828440345e-01, -1.6519014165955283e-04, -4.7862860872750724e-03,  4.6844600796919170e-02,  3.0651348884858072e-03,  2.5634157736591174e-04,  2.9074257727745804e-03,  3.1580642512185564e-02, -1.3867601922346014e-03
 1.9100000000000001e+00,  6.3356356108671810e+02,  1.8368149328330675e-02,  3.0189246578972110e+01, -2.4252766017281571e-02,  8.7674647308187512e-02,  5.0296923415866523e-01,  1.2115449837030126e+03,  1.2174516090895662e-01, -1.5002334500835042e+04,  1.0004859386972305e+01,  2.8503551761558867e+00,  9.7567007255351546e-01,  5.5304149177698740e-03,  4.9087054823946208e-02, -3.6976340390703699e-01,  2.7931464029527869e-01, -1.6265528126140758e-04, -4.7571345075052077e-03,  4.7154031528490660e-02,  3.0511918545750617e-03,  2.5063050226350146e-04,  2.9228901812090079e-03,  3.0305503802008978e-02, -1.4018465899212915e-03
 1.9199999999999999e+00,  6.3356369071213442e+02,  1.8378649690730664e-02,  3.0186322896212520e+01, -2.4250657895844061e-02,  8.7704440990764215e-02,  5.0297173911787041e-01,  1.2178875344758037e+03,  1.7777127587457808e-01, -1.5002352604777579e+04,  1.0004871070974703e+01,  2.8503449177841986e+00,  9.8078195989811423e-01,  5.5288008964823731e-03,  4.9039629623380217e-02, -3.6929034831656199e-01,  2.7934508212149495e-01, -1.6017730838646823e-04, -4.7278364069057929e-03,  4.7450754985040519e-02,  3.0370990199535576e-03,  2.4496407272437347e-04,  2.9367299386740585e-03,  2.9039187507962676e-02, -1.4167203343795909e-03
 1.9299999999999999e+00,  6.3356382502651195e+02,  1.8388938114907927e-02,  3.0183427481847751e+01, -2.4248398088510467e-02,  8.7733233594069426e-02,  5.0297412232802907e-01,  1.2242300800340738e+03,  2.3436836641689648e-01, -1.5002370736275825e+04,  1.0004882779651989e+01,  2.8503349425727826e+00,  9.8589392224150574e-01,  5.5272113716021446e-03,  4.8992498095808093e-02, -3.6881438880733619e-01,  2.7937538227567776e-01, -1.5775576591640729e-04, -4.6984076868147135e-03,  4.7734868408214018e-02,  3.0228585090996659e-03,  2.3934442128746526e-04,  2.9490140795312928e-03,  2.7783497126843089e-02, -1.4313818363920179e-03
 1.9399999999999999e+00,  6.3356396401804977e+02,  1.8399027836990121e-02,  3.0180559985247680e+01, -2.4245995078139706e-02,  8.7761059385576948e-02,  5.0297638705270287e-01,  1.2305726203876559e+03,  2.9153639029536726e-01, -1.5002388895086991e+04,  1.0004894514359242e+01,  2.8503252410391831e+00,  9.9100595668934899e-01,  5.5256457811640449e-03,  4.8945661469643922e-02, -3.6833565094839771e-01,  2.7940553929167694e-01, -1.5539017584908520e-04, -4.6688635691370618e-03,  4.8006486188814604e-02,  3.0084724423479177e-03,  2.3377359217695249e-04,  2.9598094559990466e-03,  2.6540058993274003e-02, -1.4458315139576046e-03
 1.9500000000000000e+00,  6.3356410767434318e+02,  1.8408931708659221e-02,  3.0177720062370032e+01, -2.4243457077422620e-02,  8.7787951449106616e-02,  5.0297853648818480e-01,  1.2369151555460969e+03,  3.4927530568564868e-01, -1.5002407080970650e+04,  1.0004906276371718e+01,  2.8503158040268208e+00,  9.9611806043767281e-01,  5.5241035680851629e-03,  4.8899120824425352e-02, -3.6785425908355990e-01,  2.7943555172452472e-01, -1.5308004018103880e-04, -4.6392186182839202e-03,  4.8265738157976482e-02,  2.9939429358055688e-03,  2.2825354143232683e-04,  2.9691807146292552e-03,  2.5310334839101455e-02, -1.4600697945121839e-03
 1.9600000000000000e+00,  6.3356425598239571e+02,  1.8418662205644833e-02,  3.0174907375581157e+01, -2.4240792033688435e-02,  8.7813941726394951e-02,  5.0298057376424032e-01,  1.2432576855186549e+03,  4.0758507117468296e-01, -1.5002425293688701e+04,  1.0004918066887448e+01,  2.8503066226936595e+00,  1.0012302307701992e+00,  5.5225841803604242e-03,  4.8852877097278244e-02, -3.6737033618523818e-01,  2.7946541815039305e-01, -1.5082484179059275e-04, -4.6094867632250720e-03,  4.8512768003167131e-02,  2.9792721012694675e-03,  2.2278613665688244e-04,  2.9771902971403811e-03,  2.4095634199028337e-02, -1.4740971127080700e-03
 1.9700000000000000e+00,  6.3356440892863100e+02,  1.8428231436104649e-02,  3.0172121593482654e+01, -2.4238007633751679e-02,  8.7839061057174234e-02,  5.0298250194487670e-01,  1.2496002103142964e+03,  4.6646564575586125e-01, -1.5002443533005340e+04,  1.0004929887029755e+01,  2.8502976885012847e+00,  1.0063424650557382e+00,  5.5210870712493511e-03,  4.8806931089160850e-02, -3.6688400372349655e-01,  2.7949513716655011e-01, -1.4862404532044169e-04, -4.5796813195275688e-03,  4.8747731800641250e-02,  2.9644620461399792e-03,  2.1737315737332911e-04,  2.9838984423602392e-03,  2.2897125295795420e-02, -1.4879139131895843e-03
 1.9800000000000000e+00,  6.3356456649890481e+02,  1.8437651148890372e-02,  3.0169362390743643e+01, -2.4235111308792336e-02,  8.7863339217811059e-02,  5.0298432402913740e-01,  1.2559427299416934e+03,  5.2591698882426896e-01, -1.5002461798687045e+04,  1.0004941737849736e+01,  2.8502889932043587e+00,  1.0114547607456628e+00,  5.5196116994540153e-03,  4.8761283470887692e-02, -3.6639538154922535e-01,  2.7952470739131585e-01, -1.4647709805767545e-04, -4.5498150113006770e-03,  4.8970796655459184e-02,  2.9495148733266171e-03,  2.1201629517991722e-04,  2.9893632030181198e-03,  2.1715845667791240e-02, -1.5015206494828320e-03
 1.9900000000000000e+00,  6.3356472867851619e+02,  1.8446932741696922e-02,  3.0166629447938480e+01, -2.4232110239262222e-02,  8.7886804958554929e-02,  5.0298604295191851e-01,  1.2622852444092207e+03,  5.8593906017200970e-01, -1.5002480090502537e+04,  1.0004953620328688e+01,  2.8502805288404534e+00,  1.0165671153714582e+00,  5.5181575292881976e-03,  4.8715934788934837e-02, -3.6590458779038737e-01,  2.7955412746401664e-01, -1.4438343080981443e-04, -4.5198999928854717e-03,  4.9182139443043574e-02,  2.9344326811647755e-03,  2.0671715439228539e-04,  2.9936404800229247e-03,  2.0552711849086653e-02, -1.5149177828854804e-03
 2.0000000000000000e+00,  6.3356489545221859e+02,  1.8456087269093570e-02,  3.0163922451389734e+01, -2.4229011359811165e-02,  8.7909486039445719e-02,  5.0298766158480501e-01,  1.2686277537249532e+03,  6.4653181998360509e-01, -1.5002498408222758e+04,  1.0004965535380522e+01,  2.8502722877202431e+00,  1.0216795265423388e+00,  5.5167240308378190e-03,  4.8670885471029983e-02, -3.6541173876036448e-01,  2.7958339604493915e-01, -1.4234245877529225e-04, -4.4899478702383772e-03,  4.9381945644252322e-02,  2.9192175633352062e-03,  2.0147725251183149e-04,  2.9967840493860089e-03,  1.9408528392772052e-02, -1.5281057830218347e-03
 2.0100000000000002e+00,  6.3356506680423115e+02,  1.8465125450435629e-02,  3.0161241093016219e+01, -2.4225821364226588e-02,  8.7931409264928276e-02,  5.0298918273692506e-01,  1.2749702578966635e+03,  7.0769522883147040e-01, -1.5002516751620848e+04,  1.0004977483854077e+01,  2.8502642624180283e+00,  1.0267919919429396e+00,  5.5153106801126917e-03,  4.8626135831530068e-02, -3.6491694887750231e-01,  2.7961251181528335e-01, -1.4035358240683548e-04, -4.4599697219708341e-03,  4.9570408267396407e-02,  2.9038716087753632e-03,  1.9629802117983284e-04,  2.9988456041324329e-03,  1.8283996235934873e-02, -1.5410851289532318e-03
 2.0200000000000000e+00,  6.3356524271824924e+02,  1.8474057677655236e-02,  3.0158585070185939e+01, -2.4222546710380773e-02,  8.7952600517220481e-02,  5.0299060915581839e-01,  1.2813127569318178e+03,  7.6942924767145360e-01, -1.5002535120472112e+04,  1.0004989466535438e+01,  2.8502564457626183e+00,  1.0319045093310713e+00,  5.5139169591896823e-03,  4.8581686076590566e-02, -3.6442033059501655e-01,  2.7964147347711465e-01, -1.3841618826749058e-04, -4.4299761199132577e-03,  4.9747726852653010e-02,  2.8883969015763818e-03,  1.9118080668914481e-04,  2.9998748073828351e-03,  1.7179720815385626e-02, -1.5538563108430353e-03
 2.0300000000000002e+00,  6.3356542317745505e+02,  1.8482894022930876e-02,  3.0155954085573725e+01, -2.4219193625180078e-02,  8.7973084788480690e-02,  5.0299194352831866e-01,  1.2876552508375757e+03,  8.3173383783846744e-01, -1.5002553514554005e+04,  1.0005001484150164e+01,  2.8502488308285123e+00,  1.0370170765355446e+00,  5.5125423563473419e-03,  4.8537536309131803e-02, -3.6392199434044925e-01,  2.7967027975331488e-01, -1.3652964987735823e-04, -4.3999771491956509e-03,  4.9914106552181828e-02,  2.8727955209056884e-03,  1.8612687133733009e-04,  2.9999193361385178e-03,  1.6096219090377922e-02, -1.5664198232956366e-03
 2.0400000000000000e+00,  6.3356560816452793e+02,  1.8491644246234479e-02,  3.0153347847023461e+01, -2.4215768109510920e-02,  8.7992886211817958e-02,  5.0299318848144658e-01,  1.2939977396207851e+03,  8.9460896104215348e-01, -1.5002571933646099e+04,  1.0005013537365503e+01,  2.8502414109273984e+00,  1.0421296914540539e+00,  5.5111863661921352e-03,  4.8493686533606653e-02, -3.6342204846397291e-01,  2.7969892938753277e-01, -1.3469332854976836e-04, -4.3699824278210326e-03,  5.0069757280436458e-02,  2.8570695409125321e-03,  1.8113739418124881e-04,  2.9990249388046788e-03,  1.5033926560326736e-02, -1.5787761753483626e-03
 2.0499999999999998e+00,  6.3356579766165453e+02,  1.8500317802755600e-02,  3.0150766067414683e+01, -2.4212275943177420e-02,  8.8012028091188632e-02,  5.0299434658331221e-01,  1.3003402232879816e+03,  9.5805457936265348e-01, -1.5002590377530063e+04,  1.0005025626792548e+01,  2.8502341795999473e+00,  1.0472423520511263e+00,  5.5098484897763466e-03,  4.8450136660575384e-02, -3.6292059919484054e-01,  2.7972742114413313e-01, -1.3290657421708210e-04, -4.3400011256480818e-03,  5.0214892931274527e-02,  2.8412210306333315e-03,  1.7621347235541286e-04,  2.9972354957663538e-03,  1.3993203607509637e-02, -1.5909258804791520e-03
 2.0600000000000001e+00,  6.3356599165053876e+02,  1.8508923850202405e-02,  3.0148208464533425e+01, -2.4208722689826080e-02,  8.8030532930219854e-02,  5.0299542034402545e-01,  1.3066827018453855e+03,  1.0220706552464174e+00, -1.5002608845989640e+04,  1.0005037752988329e+01,  2.8502271306079043e+00,  1.0523550563561299e+00,  5.5085282347077935e-03,  4.8406886511093691e-02, -3.6241775060534742e-01,  2.7975575380814544e-01, -1.3116872624361297e-04, -4.3100419827846841e-03,  5.0349730655369032e-02,  2.8252520539090416e-03,  1.7135612233841439e-04,  2.9945930769131827e-03,  1.2974341211391380e-02, -1.6028694643788171e-03
 2.0699999999999998e+00,  6.3356619011241173e+02,  1.8517471255979249e-02,  3.0145674760947184e+01, -2.4205113701852909e-02,  8.8048422460000553e-02,  5.0299641221661140e-01,  1.3130251752988977e+03,  1.0866571515020753e+00, -1.5002627338810622e+04,  1.0005049916457892e+01,  2.8502202579264408e+00,  1.0574678024613375e+00,  5.5072251152514743e-03,  4.8363935820919690e-02, -3.6191360458173316e-01,  2.7978392618521131e-01, -1.2947911422669228e-04, -4.2801133273987595e-03,  5.0474490195589986e-02,  2.8091646692818247e-03,  1.6656628104572106e-04,  2.9911380002717262e-03,  1.1977566832799248e-02, -1.6146074610645627e-03
 2.0800000000000001e+00,  6.3356639302804081e+02,  1.8525968604240606e-02,  3.0143164683883800e+01, -2.4201454125288860e-02,  8.8065717665878104e-02,  5.0299732459793156e-01,  1.3193676436541004e+03,  1.1518140312963991e+00, -1.5002645855780824e+04,  1.0005062117656294e+01,  2.8502135557367909e+00,  1.0625805885200525e+00,  5.5059386524232597e-03,  4.8321284244545716e-02, -3.6140826080143562e-01,  2.7981193710153107e-01, -1.2783705878342464e-04, -4.2502230928879968e-03,  5.0589393275085562e-02,  2.7929609299232024e-03,  1.6184480760780798e-04,  2.9869089018807974e-03,  1.1003049066315976e-02, -1.6261404106598901e-03
 2.0899999999999999e+00,  6.3356660037773975e+02,  1.8534424202821715e-02,  3.0140677965114190e+01, -2.4197748904659557e-02,  8.8082438813298386e-02,  5.0299815982960672e-01,  1.3257101069162513e+03,  1.2175412581502814e+00, -1.5002664396690068e+04,  1.0005074356990583e+01,  2.8502070184191282e+00,  1.0676934127447821e+00,  5.5046683740758058e-03,  4.8278931359061930e-02, -3.6090181671623145e-01,  2.7983978540380977e-01, -1.2624187232372099e-04, -4.2203788344290193e-03,  5.0694663034889190e-02,  2.7766428835229702e-03,  1.5719248433292116e-04,  2.9819427899146992e-03,  1.0050902894409557e-02, -1.6374688693865350e-03
 2.1000000000000001e+00,  6.3356681214137723e+02,  1.8542846090045723e-02,  3.0138214340838740e+01, -2.4194002787815555e-02,  8.8098605472724717e-02,  5.0299892019894288e-01,  1.3320525650902841e+03,  1.2838387959348194e+00, -1.5002682961330156e+04,  1.0005086634821721e+01,  2.8502006405457014e+00,  1.0728062734054711e+00,  5.5034138149767852e-03,  4.8236876667857136e-02, -3.6039436754073784e-01,  2.7986746995920153e-01, -1.2469285980824276e-04, -4.1905877449184524e-03,  5.0790523518162663e-02,  2.7602125722003797e-03,  1.5261001876272468e-04,  2.9762751121986623e-03,  9.1211937602863995e-03, -1.6485933951315671e-03
 2.1099999999999999e+00,  6.3356702829838662e+02,  1.8551242041408032e-02,  3.0135773551577280e+01, -2.4190220330729637e-02,  8.8114236543670454e-02,  5.0299960793985665e-01,  1.3383950181808038e+03,  1.3507066088674105e+00, -1.5002701549494848e+04,  1.0005098951466435e+01,  2.8501944168742126e+00,  1.0779191688277812e+00,  5.5021745168796410e-03,  4.8195119604163561e-02, -3.5988600624586820e-01,  2.7989498965525378e-01, -1.2318931949099356e-04, -4.1608566702690218e-03,  5.0877199196372409e-02,  2.7436720324180959e-03,  1.4809804468711413e-04,  2.9699398176874451e-03,  8.2139418816628961e-03, -1.6595145613251786e-03
 2.1200000000000001e+00,  6.3356724882777416e+02,  1.8559619576138092e-02,  3.0133355342062476e+01, -2.4186405902257773e-02,  8.8129350277878590e-02,  5.0300022523380117e-01,  1.3447374661920867e+03,  1.4181446615079489e+00, -1.5002720160979845e+04,  1.0005111307199074e+01,  2.8501883423414123e+00,  1.0830320973914263e+00,  5.5009500285869654e-03,  4.8153659534451755e-02, -3.5937682355681039e-01,  2.7992234339984989e-01, -1.2173054364634183e-04, -4.1311921240953751e-03,  5.0954914536141489e-02,  2.7270232948850533e-03,  1.4365712424323191e-04,  2.9629694170418778e-03,  7.3291260721530674e-03, -1.6702329452833423e-03
 2.1299999999999999e+00,  6.3356747370812843e+02,  1.8567985963639178e-02,  3.0130959461136545e+01, -2.4182563688860691e-02,  8.8143964301680186e-02,  5.0300077421068923e-01,  1.3510799091280760e+03,  1.4861529187550315e+00, -1.5002738795582760e+04,  1.0005123702253377e+01,  2.8501824120569306e+00,  1.0881450575285501e+00,  5.4997399060067141e-03,  4.8112495761681653e-02, -3.5886690795514536e-01,  2.7994953012115148e-01, -1.2031581927930332e-04, -4.1016003018177309e-03,  5.1023893603332988e-02,  2.7102683844759641e-03,  1.3928774916446816e-04,  2.9553950384869580e-03,  6.4666873661467393e-03, -1.6807491365344843e-03
 2.1400000000000001e+00,  6.3356770291762848e+02,  1.8576348229806902e-02,  3.0128585661651183e+01, -2.4178697699283082e-02,  8.8158095637562536e-02,  5.0300125694981490e-01,  1.3574223469923816e+03,  1.5547313458422636e+00, -1.5002757453103104e+04,  1.0005136136824202e+01,  2.8501766212973130e+00,  1.0932580477221572e+00,  5.4985437122013793e-03,  4.8071627528415400e-02, -3.5835634568474373e-01,  2.7997654876753941e-01, -1.1894442881921370e-04, -4.0720870941358227e-03,  5.1084359700656563e-02,  2.6934093201230721e-03,  1.3499034285345521e-04,  2.9472464978946792e-03,  5.6265320985682162e-03, -1.6910637340439264e-03
 2.1499999999999999e+00,  6.3356793643405263e+02,  1.8584713163226966e-02,  3.0126233700370584e+01, -2.4174811769187766e-02,  8.8171760724976775e-02,  5.0300167548077113e-01,  1.3637647797882755e+03,  1.6238799083345687e+00, -1.5002776133342264e+04,  1.0005148611069245e+01,  2.8501709655002712e+00,  1.0983710665045852e+00,  5.4973610174303298e-03,  4.8031054019798937e-02, -3.5784522076113223e-01,  2.8000339830755394e-01, -1.1761565079670435e-04, -4.0426580999466909e-03,  5.1136535038653848e-02,  2.6764481147273345e-03,  1.3076526164841593e-04,  2.9385523399316719e-03,  4.8085355008886579e-03, -1.7011773451036630e-03
 2.1600000000000001e+00,  6.3356817423478640e+02,  1.8593087321253265e-02,  3.0123903337877444e+01, -2.4170909565742214e-02,  8.8184975440412913e-02,  5.0300203178436298e-01,  1.3701072075186928e+03,  1.6935985721245985e+00, -1.5002794836103480e+04,  1.0005161125110661e+01,  2.8501654402591270e+00,  1.1034841124560248e+00,  5.4961913991854452e-03,  4.7990774366416467e-02, -3.5733361498397065e-01,  2.8003007772983396e-01, -1.1632876050350442e-04, -4.0133186387066692e-03,  5.1180640436618248e-02,  2.6593867750696032e-03,  1.2661279699156792e-04,  2.9293399080726427e-03,  4.0125440919913588e-03, -1.7110905864425843e-03
 2.1699999999999999e+00,  6.3356841629683106e+02,  1.8601477035966981e-02,  3.0121594338481859e+01, -2.4166994592155117e-02,  8.8197755116770013e-02,  5.0300232779351572e-01,  1.3764496301862262e+03,  1.7638873034291422e+00, -1.5002813561191826e+04,  1.0005173679036680e+01,  2.8501600413174542e+00,  1.1085971842030806e+00,  5.4950344422202597e-03,  4.7950787647024803e-02, -3.5682160795239987e-01,  2.8005658604305533e-01, -1.1508303063355134e-04, -3.9840737622205656e-03,  5.1216895049646612e-02,  2.6422273017301357e-03,  1.2253317699904820e-04,  2.9196353891480734e-03,  3.2383785136813554e-03, -1.7208040814509187e-03
 2.1800000000000002e+00,  6.3356866259681146e+02,  1.8609888420017779e-02,  3.0119306470133015e+01, -2.4163070192160723e-02,  8.8210114562047470e-02,  5.0300256539417798e-01,  1.3827920477931270e+03,  1.8347460687856356e+00, -1.5002832308414192e+04,  1.0005186272903167e+01,  2.8501547645638969e+00,  1.1137102804173753e+00,  5.4938897385727742e-03,  4.7911092891172055e-02, -3.5630927708297772e-01,  2.8008292227586856e-01, -1.1387773190788150e-04, -3.9549282659478956e-03,  5.1245516123518638e-02,  2.6249716889858977e-03,  1.1852656813492158e-04,  2.9094638653859254e-03,  2.4858362607238461e-03, -1.7303184673966823e-03
 2.1899999999999999e+00,  6.3356891311098434e+02,  1.8618327372348017e-02,  3.0117039504333576e+01, -2.4159139554448962e-02,  8.8222068077382518e-02,  5.0300274642621701e-01,  1.3891344603413008e+03,  1.9061748350486662e+00, -1.5002851077579264e+04,  1.0005198906735149e+01,  2.8501496060271849e+00,  1.1188233998141941e+00,  5.4927568875821021e-03,  4.7871689081705845e-02, -3.5579669762992949e-01,  2.8010908547683505e-01, -1.1271213368074265e-04, -3.9258866997536578e-03,  5.1266718773046401e-02,  2.6076219247078681e-03,  1.1459307729284864e-04,  2.8988493734616264e-03,  1.7546936448287166e-03, -1.7396343882092292e-03
 2.2000000000000002e+00,  6.3356916781524569e+02,  1.8626799583801246e-02,  3.0114793216056672e+01, -2.4155205717039430e-02,  8.8233629474458064e-02,  5.0300287268430843e-01,  1.3954768678323073e+03,  1.9781735693865763e+00, -1.5002869868497502e+04,  1.0005211580528270e+01,  2.8501445618712955e+00,  1.1239365411511701e+00,  5.4916354958991593e-03,  4.7832575157176982e-02, -3.5528394270751679e-01,  2.8013507471436272e-01, -1.1158550452744835e-04, -3.8969533782080810e-03,  5.1280715781648563e-02,  2.5901799902860990e-03,  1.1073275336601054e-04,  2.8878149356537045e-03,  1.0447080756037488e-03, -1.7487524961445867e-03
 2.2100000000000000e+00,  6.3356942668513864e+02,  1.8635310542615816e-02,  3.0112567383665404e+01, -2.4151271571597487e-02,  8.8244812092304198e-02,  5.0300294591881700e-01,  1.4018192702673564e+03,  2.0507422392780601e+00, -1.5002888680981127e+04,  1.0005224294250244e+01,  2.8501396283908087e+00,  1.1290497032270062e+00,  5.4905251774915531e-03,  4.7793750014141684e-02, -3.5477108331429652e-01,  2.8016088907664077e-01, -1.1049711281471167e-04, -3.8681323904131391e-03,  5.1287717423012476e-02,  2.5726478605408976e-03,  1.0694558918132572e-04,  2.8763826233346671e-03,  3.5562019717882911e-04, -1.7576734528956773e-03
 2.2200000000000002e+00,  6.3356968969586103e+02,  1.8643865539805196e-02,  3.0110361788834798e+01, -2.4147339867690895e-02,  8.8255628813515244e-02,  5.0300296783667031e-01,  1.4081616676473084e+03,  2.1238808125088564e+00, -1.5002907514844093e+04,  1.0005237047842229e+01,  2.8501348020064055e+00,  1.1341628848802348e+00,  5.4894255536428651e-03,  4.7755212509368719e-02, -3.5425818835905654e-01,  2.8018652767157354e-01, -1.0944622725263417e-04, -3.8394276093665879e-03,  5.1287931301760521e-02,  2.5550275036229065e-03,  1.0323152323417332e-04,  2.8645735859755776e-03, -3.1284444756973730e-04, -1.7663979307025424e-03
 2.2300000000000000e+00,  6.3356995682227273e+02,  1.8652469674425989e-02,  3.0108176216476089e+01, -2.4143413216985501e-02,  8.8266092079903907e-02,  5.0300294010222357e-01,  1.4145040599726701e+03,  2.1975892571684339e+00, -1.5002926369902081e+04,  1.0005249841220200e+01,  2.8501300792605297e+00,  1.1392760849880144e+00,  5.4883362529465005e-03,  4.7716961461954352e-02, -3.5374532468826131e-01,  2.8021198962671323e-01, -1.0843211742848036e-04, -3.8108427009228528e-03,  5.1281562211710714e-02,  2.5373208809298365e-03,  9.9590441596589076e-05,  2.8524081027714258e-03, -9.6097356239166314e-04, -1.7749266079114501e-03
 2.2400000000000002e+00,  6.3357022803890334e+02,  1.8661127858734982e-02,  3.0106010454663306e+01, -2.4139494097378682e-02,  8.8276213907612908e-02,  5.0300286433811525e-01,  1.4208464472435953e+03,  2.2718675416467695e+00, -1.5002945245972473e+04,  1.0005262674276238e+01,  2.8501254568132000e+00,  1.1443893024649623e+00,  5.4872569112942955e-03,  4.7678995655350262e-02, -3.5323255711482232e-01,  2.8023727408919213e-01, -1.0745405432206400e-04, -3.7823811323271748e-03,  5.1268812010429828e-02,  2.5195299470120980e-03,  9.6022179686683186e-05,  2.8399056163641526e-03, -1.5890666937856651e-03, -1.7832601756362333e-03
 2.2500000000000000e+00,  6.3357050331995902e+02,  1.8669844823236494e-02,  3.0103864294562019e+01, -2.4135584857069264e-02,  8.8286005901703601e-02,  5.0300274212611362e-01,  1.4271888294598803e+03,  2.3467156346311180e+00, -1.5002964142874331e+04,  1.0005275546879808e+01,  2.8501209314379548e+00,  1.1495025362620173e+00,  5.4861871718600592e-03,  4.7641313839307808e-02, -3.5271994844805271e-01,  2.8026238022565347e-01, -1.0651131080326681e-04, -3.7540461803826884e-03,  5.1249879509873648e-02,  2.5016566494867588e-03,  9.2526524072752807e-05,  2.8270847725331231e-03, -2.1974334174501525e-03, -1.7913993294316167e-03
 2.2600000000000002e+00,  6.3357078263932988e+02,  1.8678625121621585e-02,  3.0101737530360250e+01, -2.4131687718562934e-02,  8.8295479270240645e-02,  5.0300257500795365e-01,  1.4335312066209644e+03,  2.4221335051028734e+00, -1.5002983060428387e+04,  1.0005288458879013e+01,  2.8501165000179589e+00,  1.1546157853653438e+00,  5.4851266850782301e-03,  4.7603914731742608e-02, -3.5220755952462485e-01,  2.8028730722218187e-01, -1.0560316211129924e-04, -3.7258409392303092e-03,  5.1224960381221436e-02,  2.4837029289459501e-03,  8.9103214320762462e-05,  2.8139634579427090e-03, -2.7863923129922644e-03, -1.7993447787301132e-03
 2.2700000000000000e+00,  6.3357106597059681e+02,  1.8687473135600329e-02,  3.0099629959201412e+01, -2.4127804782612085e-02,  8.8304644837890606e-02,  5.0300236448616342e-01,  1.4398735787259270e+03,  2.4981211223344189e+00, -1.5003001998457024e+04,  1.0005301410101747e+01,  2.8501121595422183e+00,  1.1597290487952567e+00,  5.4840751086178332e-03,  4.7566797020523202e-02, -3.5169544924042828e-01,  2.8031205428423239e-01, -1.0472888631605008e-04, -3.6977683277896571e-03,  5.1194247072097694e-02,  2.4656707188708249e-03,  8.5751944729067626e-05,  2.8005588301876997e-03, -3.3562695117561542e-03, -1.8070972362949046e-03
 2.2800000000000002e+00,  6.3357135328703862e+02,  1.8696393079628528e-02,  3.0097541381119235e+01, -2.4123938032089298e-02,  8.8313513059051968e-02,  5.0300211202488121e-01,  1.4462159457734867e+03,  2.5746784558860671e+00, -1.5003020956784258e+04,  1.0005314400356880e+01,  2.8501079071019522e+00,  1.1648423256051896e+00,  5.4830321073519091e-03,  4.7529959365186815e-02, -3.5118367458318289e-01,  2.8033662063655929e-01, -1.0388776476165537e-04, -3.6698310968693408e-03,  5.1157928737050003e-02,  2.4475619455482911e-03,  8.2472366149874261e-05,  2.7868873538755504e-03, -3.9073974977821210e-03, -1.8146574282118489e-03
 2.2900000000000000e+00,  6.3357164456163866e+02,  1.8705389005530596e-02,  3.0095471598974637e+01, -2.4120089335793689e-02,  8.8322094030533135e-02,  5.0300181905066133e-01,  1.4525583077619985e+03,  2.6518054756029881e+00, -1.5003039935235716e+04,  1.0005327429435374e+01,  2.8501037398870630e+00,  1.1699556148806838e+00,  5.4819973533226001e-03,  4.7493400398585815e-02, -3.5067229066568728e-01,  2.8036100552314336e-01, -1.0307908249198261e-04, -3.6420318359493800e-03,  5.1116191178493482e-02,  2.4293785279766423e-03,  7.9264087784677712e-05,  2.7729648301166813e-03, -4.4401142135219651e-03, -1.8220260861179195e-03
 2.3000000000000003e+00,  6.3357193976709175e+02,  1.8714464807019639e-02,  3.0093420418394420e+01, -2.4116260452189456e-02,  8.8330397503794580e-02,  5.0300148695326907e-01,  1.4589006646894538e+03,  2.7295021516122246e+00, -1.5003058933638627e+04,  1.0005340497111352e+01,  2.8500996551827553e+00,  1.1750689157384138e+00,  5.4809705257020695e-03,  4.7457118728467827e-02, -3.5016135075961302e-01,  2.8038520820711882e-01, -1.0230212865902808e-04, -3.6143729796801719e-03,  5.1069216798857404e-02,  2.4111223777822910e-03,  7.6126678806229118e-05,  2.7588064237249414e-03, -4.9547617136935698e-03, -1.8292039527523197e-03
 2.3100000000000001e+00,  6.3357223887581074e+02,  1.8723624224116699e-02,  3.0091387647711777e+01, -2.4112453033076138e-02,  8.8338432896770486e-02,  5.0300111708646567e-01,  1.4652430165534770e+03,  2.8077684543196955e+00, -1.5003077951821804e+04,  1.0005353603143153e+01,  2.8500956503662493e+00,  1.1801822273252354e+00,  5.4799513107494195e-03,  4.7421112938992212e-02, -3.4965090632971013e-01,  2.8040922797069900e-01, -1.0155619691396911e-04, -3.5868568141067605e-03,  5.1017184562477925e-02,  2.3927953991365559e-03,  7.3059670206019120e-05,  2.7444266909733067e-03, -5.4516855624300413e-03, -1.8361917764054497e-03
 2.3199999999999998e+00,  6.3357254185993304e+02,  1.8732870847470259e-02,  3.0089373097908549e+01, -2.4108668627190060e-02,  8.8346209305284598e-02,  5.0300071076878161e-01,  1.4715853633513257e+03,  2.8866043544072801e+00, -1.5003096989615624e+04,  1.0005366747274348e+01,  2.8500917229036160e+00,  1.1852955488172676e+00,  5.4789394017637901e-03,  4.7385381592185694e-02, -3.4914100706836348e-01,  2.8043306411510155e-01, -1.0084058577994490e-04, -3.5594854825828051e-03,  5.0960269964850320e-02,  2.3743994886665765e-03,  7.0062556598374115e-05,  2.7298396138020161e-03, -5.9312339628636475e-03, -1.8429903175798369e-03
 2.3300000000000001e+00,  6.3357284869132707e+02,  1.8742208122577677e-02,  3.0087376582559134e+01, -2.4104908683736628e-02,  8.8353735514074674e-02,  5.0300026928427832e-01,  1.4779277050798883e+03,  2.9660098228299097e+00, -1.5003116046852016e+04,  1.0005379929234705e+01,  2.8500878703467287e+00,  1.1904088794189982e+00,  5.4779344990338206e-03,  4.7349923229340556e-02, -3.4863170093041312e-01,  2.8045671596047234e-01, -1.0015459900912853e-04, -3.5322609914737566e-03,  5.0898645012031847e-02,  2.3559365353698048e-03,  6.7134797564899362e-05,  2.7150586080076874e-03, -6.3937566008309575e-03, -1.8496003417745011e-03
 2.3399999999999999e+00,  6.3357315934159863e+02,  1.8751639353910166e-02,  3.0085397917776046e+01, -2.4101174555853228e-02,  8.8361020007439062e-02,  5.0299979388330007e-01,  1.4842700417356821e+03,  3.0459848308126896e+00, -1.5003135123364442e+04,  1.0005393148741138e+01,  2.8500840903303044e+00,  1.1955222183624135e+00,  5.4769363097836076e-03,  4.7314736372356218e-02, -3.4812303416812285e-01,  2.8048018284580895e-01, -9.9497545922580091e-05, -3.5051852156089938e-03,  5.0832478206783112e-02,  2.3374084205440827e-03,  6.4275819744788343e-05,  2.7000965649448491e-03, -6.8396044489160580e-03, -1.8560226233699207e-03
 2.3500000000000001e+00,  6.3357347378209738e+02,  1.8761167708942594e-02,  3.0083436922157023e+01, -2.4097467504002476e-02,  8.8368070979518723e-02,  5.0299928578321207e-01,  1.4906123733148536e+03,  3.1265293498480919e+00, -1.5003154218987884e+04,  1.0005406405498610e+01,  2.8500803805690582e+00,  1.2006355649061611e+00,  5.4759445481153690e-03,  4.7279819525028376e-02, -3.4761505136627746e-01,  2.8050346412888322e-01, -9.8868741733263490e-05, -3.4782599034915954e-03,  5.0761934541529399e-02,  2.3188170176824375e-03,  6.1485018118534354e-05,  2.6849658585348332e-03, -7.2691286018278104e-03, -1.8622579489591083e-03
 2.3599999999999999e+00,  6.3357379198392277e+02,  1.8770796222089926e-02,  3.0081493416733682e+01, -2.4093788699295730e-02,  8.8374896344227266e-02,  5.0299874616912987e-01,  1.4969546998131748e+03,  3.2076433516931284e+00, -1.5003173333558827e+04,  1.0005419699201017e+01,  2.8500767388549546e+00,  1.2057489183347274e+00,  5.4749589349489423e-03,  4.7245171174286386e-02, -3.4710779547729226e-01,  2.8052655918616259e-01, -9.8267507853176938e-05, -3.4514866823161208e-03,  5.0687175498034767e-02,  2.3001641923980887e-03,  5.8761757898775804e-05,  2.6696783765600648e-03, -7.6826800970985903e-03, -1.8683071079106349e-03
 2.3700000000000001e+00,  6.3357411391793039e+02,  1.8780527798551609e-02,  3.0079567224921618e+01, -2.4090139226746850e-02,  8.8381503744841328e-02,  5.0299817619463505e-01,  1.5032970212260443e+03,  3.2893268083666141e+00, -1.5003192466915245e+04,  1.0005433029532032e+01,  2.8500731630545499e+00,  1.2108622779576501e+00,  5.4739791979583055e-03,  4.7210789791382053e-02, -3.4660130785631676e-01,  2.8054946741273118e-01, -9.7693172184136050e-05, -3.4248670627481212e-03,  5.0608359052467480e-02,  2.2814518023606101e-03,  5.6105375909401465e-05,  2.6542455370398518e-03, -8.0806090163587502e-03, -1.8741708995850780e-03
 2.3799999999999999e+00,  6.3357443955473798e+02,  1.8790365218065565e-02,  3.0077658172471939e+01, -2.4086520088456166e-02,  8.8387900563262733e-02,  5.0299757698248015e-01,  1.5096393375484838e+03,  3.3715796921464039e+00, -1.5003211618896585e+04,  1.0005446396165908e+01,  2.8500696511064256e+00,  1.2159756431087432e+00,  5.4730050715052596e-03,  4.7176673833031424e-02, -3.4609562829624291e-01,  2.8057218822220981e-01, -9.7145069393161145e-05, -3.3984024435437074e-03,  5.0525639686699278e-02,  2.2626816971904585e-03,  5.3515182285579404e-05,  2.6386783038428959e-03, -8.4632641372816963e-03, -1.8798501344452455e-03
 2.3900000000000001e+00,  6.3357476886473137e+02,  1.8800311138573344e-02,  3.0075766087424178e+01, -2.4082932206724805e-02,  8.8394093928964343e-02,  5.0299694962528241e-01,  1.5159816487751386e+03,  3.4544019755667206e+00, -1.5003230789343752e+04,  1.0005459798768278e+01,  2.8500662010187185e+00,  1.2210890131453525e+00,  5.4720362965704423e-03,  4.7142821742511179e-02, -3.4559079506258278e-01,  2.8059472104667499e-01, -9.6622541172338832e-05, -3.3720941159689319e-03,  5.0439168403568171e-02,  2.2438557183895847e-03,  5.0990461878883025e-05,  2.6229872111121996e-03, -8.8309924889395774e-03, -1.8853456257295030e-03
 2.3999999999999999e+00,  6.3357510181807049e+02,  1.8810368099797869e-02,  3.0073890800060536e+01, -2.4079376427099539e-02,  8.8400090727629721e-02,  5.0299629518620526e-01,  1.5223239549002747e+03,  3.5377936314154548e+00, -1.5003249978099097e+04,  1.0005473236996892e+01,  2.8500628108667225e+00,  1.2262023874476307e+00,  5.4710726206818128e-03,  4.7109231950712045e-02, -3.4508684492817154e-01,  2.8061706533657760e-01, -9.6124936483201184e-05, -3.3459432680387588e-03,  5.0349092747103932e-02,  2.2249756992581671e-03,  4.8530475948646479e-05,  2.6071823749224073e-03, -9.1841388039082088e-03, -1.8906582005540039e-03
 2.4100000000000001e+00,  6.3357543838469496e+02,  1.8820538526735431e-02,  3.0072032142861403e+01, -2.4075853521348327e-02,  8.8405897609497866e-02,  5.0299561469962850e-01,  1.5286662559177796e+03,  3.6217546327315535e+00, -1.5003269185006397e+04,  1.0005486710502344e+01,  2.8500594787905893e+00,  1.2313157654178342e+00,  5.4701137978407782e-03,  4.7075902877150404e-02, -3.4458381320764070e-01,  2.8063922056066015e-01, -9.5651611786359755e-05, -3.3199509886051135e-03,  5.0255556826703199e-02,  2.2060434648196714e-03,  4.6134463419639145e-05,  2.5912735118066529e-03, -9.5230452762384669e-03, -1.8957886871451245e-03
 2.4199999999999999e+00,  6.3357577853433008e+02,  1.8830824733063380e-02,  3.0070189950462140e+01, -2.4072364190366909e-02,  8.8411520997422582e-02,  5.0299490917180667e-01,  1.5350085518211590e+03,  3.7062849528023811e+00, -1.5003288409910849e+04,  1.0005500218928773e+01,  2.8500562029930867e+00,  1.2364291464796384e+00,  5.4691595884460856e-03,  4.7042832930939943e-02, -3.4408173379163748e-01,  2.8066118620587399e-01, -9.5201931257348551e-05, -3.2941182712759695e-03,  5.0158701345365223e-02,  2.1870608317514622e-03,  4.3801642382601454e-05,  2.5752699540221254e-03, -9.8480509913567542e-03, -1.9007379264968059e-03
 2.4300000000000002e+00,  6.3357612223649244e+02,  1.8841228924465048e-02,  3.0068364059611067e+01, -2.4068909067016687e-02,  8.8416967094656643e-02,  5.0299417958151671e-01,  1.5413508426035382e+03,  3.7913845651611680e+00, -1.5003307652659047e+04,  1.0005513761914530e+01,  2.8500529817374636e+00,  1.2415425300774783e+00,  5.4682097592156313e-03,  4.7010020511724884e-02, -3.4358063918073339e-01,  2.8068296177729518e-01, -9.4775266986724382e-05, -3.2684460181866379e-03,  5.0058663630489456e-02,  2.1680296082932076e-03,  4.1531211742232213e-05,  2.5591806638441913e-03, -1.0159491983796601e-02, -1.9055067651541045e-03
 2.4399999999999999e+00,  6.3357646946049567e+02,  1.8851753201873527e-02,  3.0066554309128595e+01, -2.4065488718894405e-02,  8.8422241892369968e-02,  5.0299342688069293e-01,  1.5476931282576579e+03,  3.8770534435844288e+00, -1.5003326913098974e+04,  1.0005527339092804e+01,  2.8500498133453585e+00,  1.2466559156759016e+00,  5.4672640831063511e-03,  4.6977464010576210e-02, -3.4308056051902769e-01,  2.8070454679803986e-01, -9.4370999167416996e-05, -3.2429350436305429e-03,  4.9955577668209197e-02,  2.1489515941719422e-03,  3.9322352119244767e-05,  2.5430142473747927e-03, -1.0457700472255008e-02, -1.9100960590989723e-03
 2.4500000000000002e+00,  6.3357682017545574e+02,  1.8862399564635646e-02,  3.0064760539867521e+01, -2.4062103651033978e-02,  8.8427351176910807e-02,  5.0299265199505094e-01,  1.5540354087758765e+03,  3.9632915620894700e+00, -1.5003346191079985e+04,  1.0005540950092254e+01,  2.8500466961947972e+00,  1.2517693027589483e+00,  5.4663223392322829e-03,  4.6945161810852273e-02, -3.4258152762736921e-01,  2.8072594080917862e-01, -9.3988516268678478e-05, -3.2175860775550372e-03,  4.9849574140928235e-02,  2.1298285805382271e-03,  3.7174227628458610e-05,  2.5267789677263460e-03, -1.0743004983937413e-02, -1.9145066676440302e-03
 2.4600000000000000e+00,  6.3357717435029667e+02,  1.8873169913597783e-02,  3.0062982594674395e+01, -2.4058754308540948e-02,  8.8432300536818970e-02,  5.0299185582470129e-01,  1.5603776841501658e+03,  4.0500988949318639e+00, -1.5003365486452798e+04,  1.0005554594537584e+01,  2.8500436287182600e+00,  1.2568826908295430e+00,  5.4653843127809775e-03,  4.6913112289025109e-02, -3.4208356903620912e-01,  2.8074714336965062e-01, -9.3627215195504337e-05, -3.1923997689205200e-03,  4.9740780465978809e-02,  2.1106623498828841e-03,  3.5085987006369607e-05,  2.5104827591770863e-03, -1.1015730005947669e-02, -1.9187394634245757e-03
 2.4700000000000002e+00,  6.3357753195375597e+02,  1.8884066054114922e-02,  3.0061220318351943e+01, -2.4055441079160196e-02,  8.8437095369599497e-02,  5.0299103924474986e-01,  1.5667199543721133e+03,  4.1374754166030110e+00, -1.5003384799069474e+04,  1.0005568272050107e+01,  2.8500406094008084e+00,  1.2619960794089105e+00,  5.4644497949283728e-03,  4.6881313815473863e-02, -3.4158671201804963e-01,  2.8076815405617628e-01, -9.3286501436041629e-05, -3.1673766889405543e-03,  4.9629320837529758e-02,  2.0914546759565038e-03,  3.3056764886171758e-05,  2.4941332368161274e-03, -1.1276195683862490e-02, -1.9227953218514636e-03
 2.4800000000000000e+00,  6.3357789295438988e+02,  1.8895089698984527e-02,  3.0059473557622528e+01, -2.4052164295777365e-02,  8.8441740888264508e-02,  5.0299020310588849e-01,  1.5730622194329185e+03,  4.2254211018276706e+00, -1.5003404128783408e+04,  1.0005581982248289e+01,  2.8500376367782749e+00,  1.2671094680360007e+00,  5.4635185827522567e-03,  4.6849764755246298e-02, -3.4109098261945853e-01,  2.8078897246316975e-01, -9.2965789196116771e-05, -3.1425173342019387e-03,  4.9515316270121137e-02,  2.0722073237139354e-03,  3.1085683098799834e-05,  2.4777377109069755e-03, -1.1524717797861662e-02, -1.9266751266622216e-03
 2.4900000000000002e+00,  6.3357825732057870e+02,  1.8906242471306522e-02,  3.0057742161092598e+01, -2.4048924238854692e-02,  8.8446242127651939e-02,  5.0298934823497410e-01,  1.5794044793233941e+03,  4.3139359255615757e+00, -1.5003423475449317e+04,  1.0005595724748249e+01,  2.8500347094355285e+00,  1.2722228562669418e+00,  5.4625904791444505e-03,  4.6818463468789824e-02, -3.4059640569264721e-01,  2.8080959820265056e-01, -9.2664501521750377e-05, -3.1178221296730676e-03,  4.9398884643794785e-02,  2.0529220492365701e-03,  2.9171851774478731e-05,  2.4613031948672549e-03, -1.1761607467408709e-02, -1.9303797688108269e-03
 2.5000000000000000e+00,  6.3357862502053217e+02,  1.8917525907271141e-02,  3.0056025979218077e+01, -2.4045721138801841e-02,  8.8450603950527909e-02,  5.0298847543559599e-01,  1.5857467340339633e+03,  4.4030198629890158e+00, -1.5003442838923223e+04,  1.0005609499164265e+01,  2.8500318260047863e+00,  1.2773362436744988e+00,  5.4616652927218217e-03,  4.6787408312652837e-02, -3.4010300492658263e-01,  2.8083003090415448e-01, -9.2382070409659152e-05, -3.0932914316061213e-03,  4.9280140750998472e-02,  2.0336005996518507e-03,  2.7314370643766133e-05,  2.4448364185219963e-03, -1.1987171091853965e-02, -1.9339101481330410e-03
 2.5100000000000002e+00,  6.3357899602229440e+02,  1.8928941458875855e-02,  3.0054324864270711e+01, -2.4042555178282455e-02,  8.8454831053480718e-02,  5.0298758548863376e-01,  1.5920889835546609e+03,  4.4926728895205059e+00, -1.5003462219062443e+04,  1.0005623305109228e+01,  2.8500289851639886e+00,  1.2824496298475558e+00,  5.4607428377362573e-03,  4.6756597640157702e-02, -3.3961080287762724e-01,  2.8085027021464359e-01, -9.2117936905571340e-05, -3.0689255303268494e-03,  4.9159196344061809e-02,  2.0142447130666579e-03,  2.5512330173796346e-05,  2.4283438373323652e-03, -1.2201710295478540e-02, -1.9372671689055175e-03
 2.5200000000000000e+00,  6.3357937029374932e+02,  1.8940490496572732e-02,  3.0052638670305296e+01, -2.4039426494457134e-02,  8.8458927972613108e-02,  5.0298667915280260e-01,  1.5984312278751306e+03,  4.5828949807904191e+00, -1.5003481615725575e+04,  1.0005637142195093e+01,  2.8500261856352282e+00,  1.2875630143906096e+00,  5.4598229339837103e-03,  4.6726029802046300e-02, -3.3911982099970139e-01,  2.8087031579841581e-01, -9.1871551191830258e-05, -3.0447246529289431e-03,  4.9036160184495706e-02,  1.9948561185090235e-03,  2.3764812574419936e-05,  2.4118316422488918e-03, -1.2405521617742088e-02, -1.9404517426213595e-03
 2.5300000000000002e+00,  6.3357974780262543e+02,  1.8952174311847907e-02,  3.0050967253127769e+01, -2.4036335181163573e-02,  8.8462899089040092e-02,  5.0298575716518912e-01,  1.6047734669846261e+03,  4.6736861126547069e+00, -1.5003501028772489e+04,  1.0005651010033304e+01,  2.8500234261832404e+00,  1.2926763969232791e+00,  5.4589054067124207e-03,  4.6695703147099123e-02, -3.3863007967393732e-01,  2.8089016733701377e-01, -9.1642372664069079e-05, -3.0206889658733445e-03,  4.8911138093052323e-02,  1.9754365358559661e-03,  2.2070892977815685e-05,  2.3953057688708103e-03, -1.2598896670934478e-02, -1.9434647879901200e-03
 2.5400000000000000e+00,  6.3358012851650119e+02,  1.8963994119734491e-02,  3.0049310470264174e+01, -2.4033281291034644e-02,  8.8466748634198539e-02,  5.0298482024177582e-01,  1.6111157008720083e+03,  4.7650462611885809e+00, -1.5003520458064308e+04,  1.0005664908235193e+01,  2.8500207056139297e+00,  1.2977897770798319e+00,  5.4579900865304289e-03,  4.6665616022728833e-02, -3.3814159823784035e-01,  2.8090982452913293e-01, -9.1429869997303794e-05, -2.9968185774959634e-03,  4.8784233000376223e-02,  1.9559876757557753e-03,  2.0429640375241272e-05,  2.3787719066053993e-03, -1.2782121864285378e-02, -1.9463072320480244e-03
 2.5500000000000003e+00,  6.3358051240280952e+02,  1.8975951061260002e-02,  3.0047668180930401e+01, -2.4030264837555215e-02,  8.8470480694975082e-02,  5.0298386907795567e-01,  1.6174579295257474e+03,  4.8569754026842817e+00, -1.5003539903463399e+04,  1.0005678836412363e+01,  2.8500180227729746e+00,  1.3029031545087213e+00,  5.4570768093124746e-03,  4.6635766775549203e-02, -3.3765439501392980e-01,  2.8092928709052889e-01, -9.1233521201227521e-05, -2.9731135404310856e-03,  4.8655544998174552e-02,  1.9365112395697253e-03,  1.8840118840013320e-05,  2.3622355063701540e-03, -1.2955478576048816e-02, -1.9489800051619675e-03
 2.5600000000000001e+00,  6.3358089942884305e+02,  1.8988046205830243e-02,  3.0046040246002750e+01, -2.4027285797058550e-02,  8.8474099218658800e-02,  5.0298290434903525e-01,  1.6238001529339190e+03,  4.9494735136488091e+00, -1.5003559364833365e+04,  1.0005692794177055e+01,  2.8500153765444454e+00,  1.3080165288721395e+00,  5.4561654161064043e-03,  4.6606153751920211e-02, -3.3716848733787685e-01,  2.8094855475392433e-01, -9.1052813665922489e-05, -2.9495738539342333e-03,  4.8525171391193202e-02,  1.9170089193110548e-03,  1.7301388221397557e-05,  2.3457017930135107e-03, -1.3119242820436864e-02, -1.9514840465807148e-03
 2.5699999999999998e+00,  6.3358128956175904e+02,  1.9000280553550426e-02,  3.0044426527989238e+01, -2.4024344110663093e-02,  8.8477608017724016e-02,  5.0298192671072905e-01,  1.6301423710842059e+03,  5.0425405708017355e+00, -1.5003578842039027e+04,  1.0005706781142484e+01,  2.8500127658494994e+00,  1.3131298998455843e+00,  5.4552557530391562e-03,  4.6576775298470520e-02, -3.3668389158610595e-01,  2.8096762726891511e-01, -9.0887244198539346e-05, -2.9261994661428760e-03,  4.8393206749927600e-02,  1.8974823975698146e-03,  1.5812505254827997e-05,  2.3291757652449353e-03, -1.3273685432468849e-02, -1.9538203016589116e-03
 2.5800000000000001e+00,  6.3358168276858373e+02,  1.9012655037485209e-02,  3.0042826891001656e+01, -2.4021439686150552e-02,  8.8481010774449795e-02,  5.0298093679964251e-01,  1.6364845839638974e+03,  5.1361765510730022e+00, -1.5003598334946417e+04,  1.0005720796923168e+01,  2.8500101896451051e+00,  1.3182432671174362e+00,  5.4543476712224336e-03,  4.6547629762597353e-02, -3.3620062320287830e-01,  2.8098650440187573e-01, -9.0736319049728511e-05, -2.9029902762493067e-03,  4.8259742962328225e-02,  1.8779333474605569e-03,  1.4372524507338921e-05,  2.3126622134689257e-03, -1.3419072087406090e-02, -1.9559897201926156e-03
 2.5899999999999999e+00,  6.3358207901621768e+02,  1.9025170525858854e-02,  3.0041241200728347e+01, -2.4018572399786119e-02,  8.8484311045380834e-02,  5.0297993523374518e-01,  1.6428267915598869e+03,  5.2303814316007387e+00, -1.5003617843422760e+04,  1.0005734841135238e+01,  2.8500076469228159e+00,  1.3233566303885513e+00,  5.4534410266581616e-03,  4.6518715492945534e-02, -3.3571869672685939e-01,  2.8100518593586432e-01, -9.0599553931227430e-05, -2.8799461365892872e-03,  4.8124869286525443e-02,  1.8583634325552972e-03,  1.2980499192877225e-05,  2.2961657185349661e-03, -1.3555663073150346e-02, -1.9579932608593219e-03
 2.6000000000000001e+00,  6.3358247827143998e+02,  1.9037827824196878e-02,  3.0039669324407672e+01, -2.4015742098081775e-02,  8.8487512265635976e-02,  5.0297892261283494e-01,  1.6491689938586740e+03,  5.3251551897291449e+00, -1.5003637367336471e+04,  1.0005748913396722e+01,  2.8500051367075869e+00,  1.3284699893718643e+00,  5.4525356801438090e-03,  4.6490030839865568e-02, -3.3523812581714779e-01,  2.8102367167052683e-01, -9.0476474025541752e-05, -2.8570668546609003e-03,  4.7988672403742563e-02,  1.8387743068171130e-03,  1.1635481944258210e-05,  2.2796906671423934e-03, -1.3683713483425539e-02, -1.9598318867775043e-03
 2.6099999999999999e+00,  6.3358288050091312e+02,  1.9050627677410344e-02,  3.0038111130802143e+01, -2.4012948599503550e-02,  8.8490617753068823e-02,  5.0297789951899086e-01,  1.6555111908463612e+03,  5.4204978030063344e+00, -1.5003656906557135e+04,  1.0005763013327829e+01,  2.8500026580566207e+00,  1.3335833437920055e+00,  5.4516314971776508e-03,  4.6461574155852316e-02, -3.3475892327878454e-01,  2.8104196142200066e-01, -9.0366613986940779e-05, -2.8343521950899260e-03,  4.7851236470883254e-02,  1.8191676145473663e-03,  1.0336525775936337e-05,  2.2632412470524571e-03, -1.3803473088436189e-02, -1.9615065671718633e-03
 2.6200000000000001e+00,  6.3358328567118770e+02,  1.9063570771824172e-02,  3.0036566490173225e+01, -2.4010191696123701e-02,  8.8493630712285970e-02,  5.0297686651701834e-01,  1.6618533825086563e+03,  5.5164092491822663e+00, -1.5003676460955501e+04,  1.0005777140551183e+01,  2.8500002100582829e+00,  1.3386966933849265e+00,  5.4507283478640702e-03,  4.6433343795963769e-02, -3.3428110108773013e-01,  2.8106005502281778e-01, -9.0269517933954784e-05, -2.8118018815144448e-03,  4.7712643172850802e-02,  1.7995449903246404e-03,  9.0826848212627151e-06,  2.2468214680437765e-03, -1.3915186518054208e-02, -1.9630182773733261e-03
 2.6299999999999999e+00,  6.3358369374870676e+02,  1.9076657737150719e-02,  3.0035035274256757e+01, -2.4007471155218722e-02,  8.8496554238527605e-02,  5.0297582415488273e-01,  1.6681955688308697e+03,  5.6128895062066286e+00, -1.5003696030403469e+04,  1.0005791294692088e+01,  2.8499977918310138e+00,  1.3438100378975384e+00,  5.4498261068189717e-03,  4.6405338118222027e-02, -3.3380467041532752e-01,  2.8107795232180716e-01, -9.0184739434976806e-05, -2.7894155983833992e-03,  4.7572971774961739e-02,  1.7799080589409029e-03,  7.8730149743327791e-06,  2.2304351581653409e-03, -1.4019093059758321e-02, -1.9643679993741579e-03
 2.6400000000000001e+00,  6.3358410469981038e+02,  1.9089889148409766e-02,  3.0033517356238978e+01, -2.4004786720814179e-02,  8.8499391321414947e-02,  5.0297477296413584e-01,  1.6745377497979157e+03,  5.7099385522268182e+00, -1.5003715614774082e+04,  1.0005805475378738e+01,  2.8499954025223118e+00,  1.3489233770873634e+00,  5.4489246530753706e-03,  4.6377555483996101e-02, -3.3332964165223089e-01,  2.8109565318399660e-01, -9.0111841485884721e-05, -2.7671929927204604e-03,  4.7432299174809914e-02,  1.7602584353515456e-03,  6.7065748440842003e-06,  2.2140859744224045e-03, -1.4115426970606722e-02, -1.9655567184972932e-03
 2.6499999999999999e+00,  6.3358451849074015e+02,  1.9103265527796166e-02,  3.0032012610733169e+01, -2.4002138115177263e-02,  8.8502144848569414e-02,  5.0297371346033126e-01,  1.6808799253943107e+03,  5.8075563655858637e+00, -1.5003735213941509e+04,  1.0005819682242434e+01,  2.8499930413077337e+00,  1.3540367107221911e+00,  5.4480238699892540e-03,  4.6349994258367617e-02, -3.3285602443183132e-01,  2.8111315749051419e-01, -9.0050396480811148e-05, -2.7451336758226698e-03,  4.7290699953836349e-02,  1.7405977246198730e-03,  5.5824261706305288e-06,  2.1977774051357107e-03, -1.4204417224106232e-02, -1.9665854278372273e-03
 2.6600000000000001e+00,  6.3358493508764366e+02,  1.9116787346496422e-02,  3.0030520913756845e+01, -2.3999525040258124e-02,  8.8504817609107514e-02,  5.0297264614343185e-01,  1.6872220956041747e+03,  5.9057429248204452e+00, -1.5003754827781038e+04,  1.0005833914917785e+01,  2.8499907073899369e+00,  1.3591500385797515e+00,  5.4471236451457544e-03,  4.6322652810479648e-02, -3.3238382765315416e-01,  2.8113046513848899e-01, -8.9999986176364776e-05, -2.7232372248872623e-03,  4.7148246429104493e-02,  1.7209275218504890e-03,  4.4996347186437773e-06,  2.1815127819457786e-03, -1.4286287722264897e-02, -1.9674551260395710e-03
 2.6699999999999999e+00,  6.3358535445657867e+02,  1.9130455026455207e-02,  3.0029042142709514e+01, -2.3996947179080852e-02,  8.8507412297016128e-02,  5.0297157149820804e-01,  1.6935642604112288e+03,  6.0044982086588625e+00, -1.5003774456169069e+04,  1.0005848173042876e+01,  2.8499883999977524e+00,  1.3642633604473942e+00,  5.4462238702657267e-03,  4.6295529513869872e-02, -3.3191305950324923e-01,  2.8114757604095120e-01, -8.9960201648695964e-05, -2.7015031845781219e-03,  4.7005008703482301e-02,  1.7012494121421125e-03,  3.4572708151187007e-06,  2.1652952798822916e-03, -1.4361257402173396e-02, -1.9681668156357156e-03
 2.6800000000000002e+00,  6.3358577656351770e+02,  1.9144268942093135e-02,  3.0027576176350980e+01, -2.3994404197085182e-02,  8.8509931514411860e-02,  5.0297048999462735e-01,  1.6999064197987973e+03,  6.1038221960190953e+00, -1.5003794098983093e+04,  1.0005862456259445e+01,  2.8499861183852881e+00,  1.3693766761217767e+00,  5.4453244411127805e-03,  4.6268622746788085e-02, -3.3144372747908452e-01,  2.8116449012673184e-01, -8.9930643244967844e-05, -2.6799310685533795e-03,  4.6861054716212894e-02,  1.6815649705431686e-03,  2.4544099305051594e-06,  2.1491279250662704e-03, -1.4429540051708019e-02, -1.9687215041530558e-03
 2.6899999999999999e+00,  6.3358620137435207e+02,  1.9158229421976803e-02,  3.0026122894780155e+01, -2.3991895743419849e-02,  8.8512377774688719e-02,  5.0296940208823504e-01,  1.7062485737498050e+03,  6.2037148660068073e+00, -1.5003813756101692e+04,  1.0005876764213049e+01,  2.8499838618310660e+00,  1.3744899854085648e+00,  5.4444252574008273e-03,  4.6241930892498805e-02, -3.3097583840892497e-01,  2.8118120734036206e-01, -8.9910920528755907e-05, -2.6585203609336811e-03,  4.6716450293002268e-02,  1.6618757619796239e-03,  1.4901333118821886e-06,  2.1330135988734083e-03, -1.4491344590417095e-02, -1.9691202085558822e-03
 2.7000000000000002e+00,  6.3358662885489628e+02,  1.9172336750442227e-02,  3.0024682179414388e+01, -2.3989421452188586e-02,  8.8514753505557819e-02,  5.0296830822052674e-01,  1.7125907222467802e+03,  6.3041761979134483e+00, -1.5003833427404523e+04,  1.0005891096553194e+01,  2.8499816296371883e+00,  1.3796032881221403e+00,  5.4435262227022054e-03,  4.6215452339569411e-02, -3.3050939847322447e-01,  2.8119772764197143e-01, -8.9900652219592885e-05, -2.6372705177028061e-03,  4.6571259194858008e-02,  1.6421833412189042e-03,  5.6352852072227738e-07,  2.1169550473015791e-03, -1.4546875038434744e-02, -1.9693639435880393e-03
 2.7100000000000000e+00,  6.3358705897089214e+02,  1.9186591169172942e-02,  3.0023253912969281e+01, -2.3986980943649785e-02,  8.8517061051982787e-02,  5.0296720881931245e-01,  1.7189328652718509e+03,  6.4052061712142994e+00, -1.5003853112772309e+04,  1.0005905452933481e+01,  2.8499794211285319e+00,  1.3847165840853179e+00,  5.4426272443564355e-03,  4.6189185482144748e-02, -3.3004441322502781e-01,  2.8121405100718644e-01, -8.9899466127613044e-05, -2.6161809680718523e-03,  4.6425543167016817e-02,  1.6224892528199349e-03, -3.2631012475414720e-07,  2.1009548788891680e-03, -1.4596330529803555e-02, -1.9694537362058250e-03
 2.7200000000000002e+00,  6.3358749168801296e+02,  1.9200992878733582e-02,  3.0021837979438985e+01, -2.3984573825370774e-02,  8.8519302679014492e-02,  5.0296610429907229e-01,  1.7252750028067483e+03,  6.5068047655666117e+00, -1.5003872812086831e+04,  1.0005919833011703e+01,  2.8499772356519690e+00,  1.3898298731290704e+00,  5.4417282333796531e-03,  4.6163128720207974e-02, -3.2958088760988413e-01,  2.8123017742702783e-01, -8.9906999082385158e-05, -2.5952511157972791e-03,  4.6279361986656345e-02,  1.6027950310720780e-03, -1.1802808296684765e-06,  2.0850155760254690e-03, -1.4639905542290750e-02, -1.9693906133655369e-03
 2.7300000000000000e+00,  6.3358792697186766e+02,  1.9215542040060145e-02,  3.0020434264076943e+01, -2.3982199693337720e-02,  8.8521480574528424e-02,  5.0296499506130476e-01,  1.7316171348328032e+03,  6.6089719608076907e+00, -1.5003892525230915e+04,  1.0005934236449992e+01,  2.8499750725756150e+00,  1.3949431550922629e+00,  5.4408291043747878e-03,  4.6137280459828803e-02, -3.2911882598529468e-01,  2.8124610690780788e-01, -8.9922896857278558e-05, -2.5744803404531536e-03,  4.6132773510340577e-02,  1.5831021999618265e-03, -1.9992741490115724e-06,  2.0691394927996281e-03, -1.4677789720862729e-02, -1.9691756086848110e-03
 2.7400000000000002e+00,  6.3358836478800492e+02,  1.9230238775907880e-02,  3.0019042653377106e+01, -2.3979858133022135e-02,  8.8523596851868322e-02,  5.0296388149486637e-01,  1.7379592613309496e+03,  6.7117077369530707e+00, -1.5003912252088419e+04,  1.0005948662914880e+01,  2.8499729312881099e+00,  1.4000564298213944e+00,  5.4399297754425075e-03,  4.6111639113398911e-02, -3.2865823213967732e-01,  2.8126183947102706e-01, -8.9946814089622492e-05, -2.5538679986437224e-03,  4.5985833720865690e-02,  1.5634122731061893e-03, -2.7841723197752304e-06,  2.0533288690865975e-03, -1.4710168174114609e-02, -1.9688097624426214e-03
 2.7500000000000000e+00,  6.3358880510191682e+02,  1.9245083172258072e-02,  3.0017663035055552e+01, -2.3977548720404970e-02,  8.8525653552398942e-02,  5.0296276397630368e-01,  1.7443013822817213e+03,  6.8150120741946383e+00, -1.5003931992544234e+04,  1.0005963112077419e+01,  2.8499708111979118e+00,  1.4051696971703476e+00,  5.4390301680929953e-03,  4.6086203099855928e-02, -3.2819910931087737e-01,  2.8127737515327000e-01, -8.9978414196138350e-05, -2.5334134251615132e-03,  4.5838596772981813e-02,  1.5437267537249375e-03, -3.5358489833964216e-06,  2.0375858273552444e-03, -1.4737221402660846e-02, -1.9682941138077191e-03
 2.7600000000000002e+00,  6.3358924787904346e+02,  1.9260075279684485e-02,  3.0016295298032549e+01, -2.3975271022959294e-02,  8.8527652647971369e-02,  5.0296164287017830e-01,  1.7506434976652549e+03,  6.9188849528988428e+00, -1.5003951746484265e+04,  1.0005977583613236e+01,  2.8499687117326227e+00,  1.4102829570001463e+00,  5.4381302071585848e-03,  4.6060970844895681e-02, -3.2774146020421768e-01,  2.8129271400610156e-01, -9.0017369284078457e-05, -2.5131159341495990e-03,  4.5691115038698452e-02,  1.5240471345934190e-03, -4.2551686046249294e-06,  2.0219123750275757e-03, -1.4759125454011342e-02, -1.9676297124959739e-03
 2.7700000000000000e+00,  6.3358969308477640e+02,  1.9275215114680326e-02,  3.0014939332415018e+01, -2.3973024600592509e-02,  8.8529596043303488e-02,  5.0296051852938384e-01,  1.7569856074612871e+03,  7.0233263536048556e+00, -1.5003971513795421e+04,  1.0005992077202626e+01,  2.8499666323383375e+00,  1.4153962091787191e+00,  5.4372298207073138e-03,  4.6035940781172936e-02, -3.2728528701010340e-01,  2.8130785609596187e-01, -9.0063360058895413e-05, -2.4929748201868419e-03,  4.5543439151990397e-02,  1.5043748979842717e-03, -4.9429863587663232e-06,  2.0063104175238565e-03, -1.4776051887599425e-02, -1.9668176093334787e-03
 2.7800000000000002e+00,  6.3359014068446265e+02,  1.9290502660947194e-02,  3.0013595029479379e+01, -2.3970809006549111e-02,  8.8531485578279084e-02,  5.0295939129545530e-01,  1.7633277116491574e+03,  7.1283362570228190e+00, -1.5003991294365611e+04,  1.0006006592530595e+01,  2.8499645724790121e+00,  1.4205094535806728e+00,  5.4363289399574069e-03,  4.6011111348491944e-02, -3.2683059142117787e-01,  2.8132280150406125e-01, -9.0116075728398625e-05, -2.4729893593210934e-03,  4.5395618052224099e-02,  1.4847115156452193e-03, -5.6001475418759781e-06,  1.9907817556258332e-03, -1.4788168065660275e-02, -1.9658588584769952e-03
 2.7900000000000000e+00,  6.3359059064340886e+02,  1.9305937870646307e-02,  3.0012262281654806e+01, -2.3968623788274915e-02,  8.8533323030167727e-02,  5.0295826149887202e-01,  1.7696698102078058e+03,  7.2339146440320361e+00, -1.5004011088083731e+04,  1.0006021129286925e+01,  2.8499625316358563e+00,  1.4256226900870697e+00,  5.4354274991927458e-03,  4.5986480993986514e-02, -3.2637737464905892e-01,  2.8133755032627478e-01, -9.0175213902964334e-05, -2.4531588101041313e-03,  4.5247699027192681e-02,  1.4650584487352334e-03, -6.2274873712658719e-06,  1.9753280877665667e-03, -1.4795636940623221e-02, -1.9647545235201812e-03
 2.8000000000000003e+00,  6.3359104292688471e+02,  1.9321520665613597e-02,  3.0010940982506835e+01, -2.3966468488243756e-02,  8.8535110115768756e-02,  5.0295712945935300e-01,  1.7760119031157751e+03,  7.3400614956792589e+00, -1.5004030894839656e+04,  1.0006035687166211e+01,  2.8499605093067411e+00,  1.4307359185852142e+00,  5.4345254356793476e-03,  4.5962048172289861e-02, -3.2592563744063402e-01,  2.8135210267303595e-01, -9.0240480493100199e-05, -2.4334824145551249e-03,  4.5099727755662469e-02,  1.4454171477912268e-03, -6.8258306559071264e-06,  1.9599510220347192e-03, -1.4798617365419072e-02, -1.9635056652811365e-03
 2.8100000000000001e+00,  6.3359149750012705e+02,  1.9337250938538907e-02,  3.0009631026721333e+01, -2.3964342644747592e-02,  8.8536848493481410e-02,  5.0295599548614567e-01,  1.7823539903512094e+03,  7.4467767931769124e+00, -1.5004050714524230e+04,  1.0006050265867902e+01,  2.8499585050056431e+00,  1.4358491389684438e+00,  5.4336226895828838e-03,  4.5937811345695412e-02, -3.2547538009394567e-01,  2.8136645866923060e-01, -9.0311589603976112e-05, -2.4139593991068064e-03,  4.4951748348516077e-02,  1.4257890527058807e-03, -7.3959915188745826e-06,  1.9446520676398012e-03, -1.4797264064059866e-02, -1.9621133517944982e-03
 2.8199999999999998e+00,  6.3359195432834338e+02,  1.9353128554110900e-02,  3.0008332310088832e+01, -2.3962245792650952e-02,  8.8538539765304139e-02,  5.0295485987830701e-01,  1.7886960718918554e+03,  7.5540605179014086e+00, -1.5004070547029258e+04,  1.0006064865096327e+01,  2.8499565182620841e+00,  1.4409623511359284e+00,  5.4327192038872681e-03,  4.5913768984307726e-02, -3.2502660247366372e-01,  2.8138061845409007e-01, -9.0388263427037321e-05, -2.3945889755058714e-03,  4.4803803389428756e-02,  1.4061755926580975e-03, -7.9387730937685450e-06,  1.9294326525365300e-03, -1.4791727753205005e-02, -1.9605786577558924e-03
 2.8300000000000001e+00,  6.3359241337671574e+02,  1.9369153350127916e-02,  3.0007044729489181e+01, -2.3960177464110704e-02,  8.8540185478765188e-02,  5.0295372292497942e-01,  1.7950381477150622e+03,  7.6619126513914315e+00, -1.5004090392247494e+04,  1.0006079484560725e+01,  2.8499545486206088e+00,  1.4460755549924749e+00,  5.4318149243143430e-03,  4.5889919566185294e-02, -3.2457930402615709e-01,  2.8139458218108376e-01, -9.0470232129175656e-05, -2.3753703416763672e-03,  4.4655933974904707e-02,  1.3865781860966640e-03, -8.4549673338984846e-06,  1.9142941133642975e-03, -1.4782155151604722e-02, -1.9589026545307996e-03
 2.8399999999999999e+00,  6.3359287461040446e+02,  1.9385325138575982e-02,  3.0005768182876547e+01, -2.3958137189262017e-02,  8.8541787128786922e-02,  5.0295258490565842e-01,  1.8013802177977814e+03,  7.7703331753462379e+00, -1.5004110250072636e+04,  1.0006094123975245e+01,  2.8499525956402754e+00,  1.4511887504483356e+00,  5.4309097992446846e-03,  4.5866261577474199e-02, -3.2413348379416562e-01,  2.8140835001781200e-01, -9.0557233740125922e-05, -2.3563026825792316e-03,  4.4508179753663349e-02,  1.3669982407010770e-03, -8.9453548561546467e-06,  1.8992377060628139e-03, -1.4768689096666928e-02, -1.9570864245865814e-03
 2.8500000000000001e+00,  6.3359333799455146e+02,  1.9401643706674791e-02,  3.0004502569264737e+01, -2.3956124496871480e-02,  8.8543346159486225e-02,  5.0295144609045561e-01,  1.8077222821165681e+03,  7.8793220716240189e+00, -1.5004130120399313e+04,  1.0006108783058977e+01,  2.8499506588941577e+00,  1.4563019374190280e+00,  5.4300037796395405e-03,  4.5842793512533710e-02, -3.2368914043108382e-01,  2.8142192214589778e-01, -9.0649014036336186e-05, -2.3373851710004729e-03,  4.4360578964319733e-02,  1.3474371533317418e-03, -9.4107043858981773e-06,  1.8842646096889314e-03, -1.4751468772056216e-02, -1.9551310492804640e-03
 2.8599999999999999e+00,  6.3359380349428432e+02,  1.9418108817892327e-02,  3.0003247788712805e+01, -2.3954138914958290e-02,  8.8544863965913032e-02,  5.0295030674035379e-01,  1.8140643406475799e+03,  7.9888793222402112e+00, -1.5004150003123083e+04,  1.0006123461535937e+01,  2.8499487379688708e+00,  1.4614151158251540e+00,  5.4290968189639579e-03,  4.5819513874054189e-02, -3.2324627221487923e-01,  2.8143529876087864e-01, -9.0745326424348990e-05, -2.3186169683289660e-03,  4.4213168473361500e-02,  1.3278963100132868e-03, -9.8517732166625107e-06,  1.8693759246124451e-03, -1.4730629419590332e-02, -1.9530376144105653e-03
 2.8700000000000001e+00,  6.3359427107471947e+02,  1.9434720212929104e-02,  3.0002003742310990e+01, -2.3952179971384369e-02,  8.8546341895729325e-02,  5.0294916710745696e-01,  1.8204063933665793e+03,  8.0990049093658989e+00, -1.5004169898140413e+04,  1.0006138159135068e+01,  2.8499468324641173e+00,  1.4665282855922288e+00,  5.4281888731110535e-03,  4.5796421173167130e-02, -3.2280487706161659e-01,  2.8144848007209805e-01, -9.0845931822666678e-05, -2.2999972253096696e-03,  4.4065983812507883e-02,  1.3083770858901545e-03, -1.0269306446875052e-05,  1.8545726792468210e-03, -1.4706302751132912e-02, -1.9508072102158956e-03
 2.8799999999999999e+00,  6.3359474070096599e+02,  1.9451477610672729e-02,  3.0000770332166930e+01, -2.3950247194414378e-02,  8.8547781250830376e-02,  5.0294802743523392e-01,  1.8267484402489317e+03,  8.2096988153261528e+00, -1.5004189805348684e+04,  1.0006152875590237e+01,  2.8499449419922298e+00,  1.4716414466505119e+00,  5.4272799003275045e-03,  4.5773513929547996e-02, -3.2236495253862907e-01,  2.8146146630259644e-01, -9.0950598539670235e-05, -2.2815250827607609e-03,  4.3919059213709491e-02,  1.2888808451877443e-03, -1.0664036953836312e-05,  1.8398558305349167e-03, -1.4678617008545532e-02, -1.9484409302661342e-03
 2.8900000000000001e+00,  6.3359521233812870e+02,  1.9468380709123448e-02,  2.9999547461392176e+01, -2.3948340113246383e-02,  8.8549183288910399e-02,  5.0294688795875642e-01,  1.8330904812696083e+03,  8.3209610225984640e+00, -1.5004209724646169e+04,  1.0006167610640217e+01,  2.8499430661777589e+00,  1.4767545989348478e+00,  5.4263698611402601e-03,  4.5750790671511915e-02, -3.2192649587734240e-01,  2.8147425768900181e-01, -9.1059102152535586e-05, -2.2631996722585041e-03,  4.3772427644697645e-02,  1.2694089412013099e-03, -1.1036685619233968e-05,  1.8252262699164324e-03, -1.4647696793823580e-02, -1.9459398670207372e-03
 2.8999999999999999e+00,  6.3359568595131225e+02,  1.9485429186291751e-02,  2.9998335034088953e+01, -2.3946458258514200e-02,  8.8550549224974587e-02,  5.0294574890493005e-01,  1.8394325164031841e+03,  8.4327915138111162e+00, -1.5004229655932037e+04,  1.0006182364028666e+01,  2.8499412046570476e+00,  1.4818677423845050e+00,  5.4254587182844538e-03,  4.5728249936102826e-02, -3.2148950398573511e-01,  2.8148685448142047e-01, -9.1171225384371809e-05, -2.2450201168078949e-03,  4.3626120844061880e-02,  1.2499627162487748e-03, -1.1387960748010497e-05,  1.8106848202054072e-03, -1.4613663333329337e-02, -1.9433051234862796e-03
 2.9100000000000001e+00,  6.3359616150562397e+02,  1.9502622701068402e-02,  2.9997132955337229e+01, -2.3944601162762123e-02,  8.8551880232799113e-02,  5.0294461049272188e-01,  1.8457745456238404e+03,  8.5451902717416512e+00, -1.5004249599106335e+04,  1.0006197135504115e+01,  2.8499393570778331e+00,  1.4869808769430282e+00,  5.4245464366325727e-03,  4.5705890269175757e-02, -3.2105397346046116e-01,  2.8149925694332678e-01, -9.1286757979624616e-05, -2.2269855314747933e-03,  4.3480169354515000e-02,  1.2305435016374256e-03, -1.1718558302550841e-05,  1.7962322464148940e-03, -1.4576634576046717e-02, -1.9405377987835558e-03
 2.9199999999999999e+00,  6.3359663896617747e+02,  1.9519960894067819e-02,  2.9995941131182008e+01, -2.3942768360892999e-02,  8.8553177446341072e-02,  5.0294347293337993e-01,  1.8521165689053637e+03,  8.6581572793152652e+00, -1.5004269554069986e+04,  1.0006211924819929e+01,  2.8499375230988693e+00,  1.4920940025580864e+00,  5.4236329831248613e-03,  4.5683710225473330e-02, -3.2061990059864481e-01,  2.8151146535145322e-01, -9.1405496579132899e-05, -2.2090950240027918e-03,  4.3334602555933313e-02,  1.2111526176528098e-03, -1.2029161599105809e-05,  1.7818692479853982e-03, -1.4536725140290559e-02, -1.9376389981395868e-03
 2.9300000000000002e+00,  6.3359711829809623e+02,  1.9537443388445621e-02,  2.9994759468620899e+01, -2.3940959390590388e-02,  8.8554441961100169e-02,  5.0294233643064967e-01,  1.8584585862211479e+03,  8.7716925196033131e+00, -1.5004289520724777e+04,  1.0006226731734275e+01,  2.8499357023895424e+00,  1.4972071191813330e+00,  5.4227183267009900e-03,  4.5661708368695701e-02, -3.2018728140934249e-01,  2.8152347999567984e-01, -9.1527244594057701e-05, -2.1913476954078786e-03,  4.3189448697736291e-02,  1.1917913735171027e-03, -1.2320441385854619e-05,  1.7675964709973314e-03, -1.4494046499113874e-02, -1.9346098290018397e-03
 2.9399999999999999e+00,  6.3359759946651650e+02,  1.9555069790690646e-02,  2.9993587875591921e+01, -2.3939173792715710e-02,  8.8555674835433529e-02,  5.0294120118098284e-01,  1.8648005975441929e+03,  8.8857959758217309e+00, -1.5004309498973351e+04,  1.0006241556010092e+01,  2.8499338946295185e+00,  1.5023202267682643e+00,  5.4218024382329802e-03,  4.5639883271565172e-02, -3.1975611162469009e-01,  2.8153530117892356e-01, -9.1651812079637714e-05, -2.1737426405411802e-03,  4.3044734930489062e-02,  1.1724610673613512e-03, -1.2593055730147884e-05,  1.7534145023423398e-03, -1.4448706950331821e-02, -1.9314514021484507e-03
 2.9500000000000002e+00,  6.3359808243659086e+02,  1.9572839691392552e-02,  2.9992426260961551e+01, -2.3937411111681108e-02,  8.8556877091825498e-02,  5.0294006737374330e-01,  1.8711426028471074e+03,  9.0004676313295651e+00, -1.5004329488719202e+04,  1.0006256397415045e+01,  2.8499320995083952e+00,  1.5074333252780883e+00,  5.4208852904593973e-03,  4.5618233515884878e-02, -3.1932638671073271e-01,  2.8154692921702706e-01, -9.1779015608034047e-05, -2.1562789486360961e-03,  4.2900487336541802e-02,  1.1531629862060455e-03, -1.2847649949118665e-05,  1.7393238786744781e-03, -1.4400811839121426e-02, -1.9281648289126672e-03
 2.9600000000000000e+00,  6.3359856717349146e+02,  1.9590752665985388e-02,  2.9991274534513003e+01, -2.3935670895798882e-02,  8.8558049718113860e-02,  5.0293893519140620e-01,  1.8774846021021071e+03,  9.1157074696274343e+00, -1.5004349489866665e+04,  1.0006271255721499e+01,  2.8499303167253651e+00,  1.5125464146735927e+00,  5.4199668579208195e-03,  4.5596757692592450e-02, -3.1889810187795925e-01,  2.8155836443864768e-01, -9.1908678140697949e-05, -2.1389557038162237e-03,  4.2756730960030707e-02,  1.1338984059416901e-03, -1.3084856583661629e-05,  1.7253250852999860e-03, -1.4350463463097514e-02, -1.9247512239584062e-03
 2.9700000000000002e+00,  6.3359905364241308e+02,  1.9608808275467900e-02,  2.9990132606934733e+01, -2.3933952697608230e-02,  8.8559193668673986e-02,  5.0293780480975259e-01,  1.8838265952810182e+03,  9.2315154743560814e+00, -1.5004369502320907e+04,  1.0006286130706448e+01,  2.8499285459888912e+00,  1.5176594949210178e+00,  5.4190471168965833e-03,  4.5575454401808553e-02, -3.1847125209153210e-01,  2.8156960718514590e-01, -9.2040628901389048e-05, -2.1217719856192457e-03,  4.2613489836740258e-02,  1.1146685912927212e-03, -1.3305295554558148e-05,  1.7114185540956198e-03, -1.4297761194992350e-02, -1.9212117058353649e-03
 2.9800000000000000e+00,  6.3359954180857653e+02,  1.9627006067101140e-02,  2.9989000389809163e+01, -2.3932256074180119e-02,  8.8560309865562403e-02,  5.0293667639805950e-01,  1.8901685823552746e+03,  9.3478916292948622e+00, -1.5004389525987925e+04,  1.0006301022151479e+01,  2.8499267870163956e+00,  1.5227725659899372e+00,  5.4181260453427917e-03,  4.5554322252880065e-02, -3.1804583208122444e-01,  2.8158065781047353e-01, -9.2174703248282865e-05, -2.1047268694725906e-03,  4.2470787022558208e-02,  1.0954747957980784e-03, -1.3509573824205233e-05,  1.6976046752353838e-03, -1.4242801641417531e-02, -1.9175473930932406e-03
 2.9900000000000002e+00,  6.3360003163723161e+02,  1.9645345575084041e-02,  2.9987877795601619e+01, -2.3930580587400947e-02,  8.8561399199621110e-02,  5.0293555011928492e-01,  1.8965105632959219e+03,  9.4648359183603272e+00, -1.5004409560774528e+04,  1.0006315929842733e+01,  2.8499250395339573e+00,  1.5278856278531370e+00,  5.4172036228316177e-03,  4.5533359864419101e-02, -3.1762183635108093e-01,  2.8159151668106186e-01, -9.2310742546208429e-05, -2.0878194271472372e-03,  4.2328644621414356e-02,  1.0763182617945502e-03, -1.3698285760907455e-05,  1.6838837898353024e-03, -1.4185678587352842e-02, -1.9137594076123997e-03
 3.0000000000000000e+00,  6.3360052309366040e+02,  1.9663826321207556e-02,  2.9986764737649477e+01, -2.3928925804235834e-02,  8.8562462531543970e-02,  5.0293442613024841e-01,  1.9028525380736157e+03,  9.5823483256047410e+00, -1.5004429606588337e+04,  1.0006330853570816e+01,  2.8499233032760189e+00,  1.5329986804865006e+00,  5.4162798304918675e-03,  4.5512565864337121e-02, -3.1719925918879616e-01,  2.8160218417570942e-01, -9.2448594039146100e-05, -2.0710487272097827e-03,  4.2187083812694724e-02,  1.0572002203917954e-03, -1.3872012826626731e-05,  1.6702561976555922e-03, -1.4126483156573473e-02, -1.9098488729385431e-03
 3.0100000000000002e+00,  6.3360101614318023e+02,  1.9682447815487857e-02,  2.9985661130151502e+01, -2.3927291296972197e-02,  8.8563500692906680e-02,  5.0293330458180652e-01,  1.9091945066586245e+03,  9.7004288352146926e+00, -1.5004449663337777e+04,  1.0006345793130778e+01,  2.8499215779851061e+00,  1.5381117238689002e+00,  5.4153546509508347e-03,  4.5491938889874906e-02, -3.1677809467482704e-01,  2.8161266068546970e-01, -9.2588110723072341e-05, -2.0544138354536955e-03,  4.2046124878078427e-02,  1.0381218914556891e-03, -1.4031323958621475e-05,  1.6567221535618262e-03, -1.4065303766685995e-02, -1.9058169142827062e-03
 3.0200000000000000e+00,  6.3360151075114686e+02,  1.9701209556779377e-02,  2.9984566888157410e+01, -2.3925676643444353e-02,  8.8564514487161211e-02,  5.0293218561902464e-01,  1.9155364690208278e+03,  9.8190774315096370e+00, -1.5004469730932067e+04,  1.0006360748322038e+01,  2.8499198634115577e+00,  1.5432247579820868e+00,  5.4144280682774061e-03,  4.5471477587628047e-02, -3.1635833669123459e-01,  2.8162294661353854e-01, -9.2729151219411639e-05, -2.0379138153014242e-03,  4.1905787227669543e-02,  1.0190844835833426e-03, -1.4176775309238085e-05,  1.6432818768924409e-03, -1.4002226315090712e-02, -1.9016646601865937e-03
 3.0300000000000002e+00,  6.3360200688295731e+02,  1.9720111033367994e-02,  2.9983481927557577e+01, -2.3924081427239861e-02,  8.8565504690596403e-02,  5.0293106938134369e-01,  1.9218784251297197e+03,  9.9382940989405348e+00, -1.5004489809281215e+04,  1.0006375718948314e+01,  2.8499181593132579e+00,  1.5483377828105873e+00,  5.4135000679264465e-03,  4.5451180613568877e-02, -3.1593997893027365e-01,  2.8163304237514136e-01, -9.2871579648098115e-05, -2.0215477281978322e-03,  4.1766089425229712e-02,  1.0000891940892256e-03, -1.4308910428056906e-05,  1.6299355438259525e-03, -1.3937334172875434e-02, -1.8973932386367985e-03
 3.0400000000000000e+00,  6.3360250450405294e+02,  1.9739151723545140e-02,  2.9982406165072977e+01, -2.3922505237888216e-02,  8.8566472053265358e-02,  5.0292995600274315e-01,  1.9282203749544074e+03,  1.0058078822088424e+01, -1.5004509898296006e+04,  1.0006390704817587e+01,  2.8499164654553866e+00,  1.5534507983416013e+00,  5.4125706366844441e-03,  4.5431046633064090e-02, -3.1552301490272999e-01,  2.8164294839742032e-01, -9.3015265501591229e-05, -2.0053146339855926e-03,  4.1627049212719612e-02,  9.8113720899128867e-04, -1.4428260270565848e-05,  1.6166832986219653e-03, -1.3870708329144475e-02, -1.8930037809505827e-03
 3.0500000000000003e+00,  6.3360300357992253e+02,  1.9758331096163227e-02,  2.9981339518245282e+01, -2.3920947671032665e-02,  8.8567417299881213e-02,  5.0292884561189921e-01,  1.9345623184636140e+03,  1.0178431585663086e+01, -1.5004529997888003e+04,  1.0006405705742004e+01,  2.8499147816101749e+00,  1.5585638045649068e+00,  5.4116397626164147e-03,  4.5411074320889165e-02, -3.1510743794601925e-01,  2.8165266511932119e-01, -9.3160083520235903e-05, -1.9892135912687858e-03,  4.1488683535009750e-02,  9.6222970299430968e-04, -1.4535343458368905e-05,  1.6035252447393871e-03, -1.3802427212827848e-02, -1.8884974184452084e-03
 3.0600000000000001e+00,  6.3360350407610508e+02,  1.9777648611172944e-02,  2.9980281905427130e+01, -2.3919408328585714e-02,  8.8568341130682252e-02,  5.0292773833234017e-01,  1.9409042556256775e+03,  1.0299352374501636e+01, -1.5004550107969531e+04,  1.0006420721537832e+01,  2.8499131075566657e+00,  1.5636768014727613e+00,  5.4107074350140394e-03,  4.5391262361238714e-02, -3.1469324123202980e-01,  2.8166219299148021e-01, -9.3305913567492531e-05, -1.9732436577681711e-03,  4.1351008563439394e-02,  9.4336783947046501e-04, -1.4630665992956788e-05,  1.5904614553835488e-03, -1.3732567101243352e-02, -1.8838752863237183e-03
 3.0700000000000003e+00,  6.3360400595819260e+02,  1.9797103720142952e-02,  2.9979233245772583e+01, -2.3917886818869003e-02,  8.8569244222267141e-02,  5.0292663428259565e-01,  1.9472461864085537e+03,  1.0420841173567224e+01, -1.5004570228453676e+04,  1.0006435752025393e+01,  2.8499114430804862e+00,  1.5687897890598130e+00,  5.4097736443450648e-03,  4.5371609447733802e-02, -3.1428041777475046e-01,  2.8167153247611060e-01, -9.3452640505904254e-05, -1.9574038906278856e-03,  4.1214039718234750e-02,  9.2455277044822728e-04, -1.4714721689387784e-05,  1.5774919726735364e-03, -1.3661201939685317e-02, -1.8791385181238206e-03
 3.0800000000000001e+00,  6.3360450919183324e+02,  1.9816695866762490e-02,  2.9978193459227732e+01, -2.3916382756738203e-02,  8.8570127228401740e-02,  5.0292553357634462e-01,  1.9535881107798150e+03,  1.0542897967947651e+01, -1.5004590359254273e+04,  1.0006450797028981e+01,  2.8499097879736279e+00,  1.5739027673230108e+00,  5.4088383822039213e-03,  4.5352114283426156e-02, -3.1386896043766510e-01,  2.8168068404688917e-01, -9.3600154074757657e-05, -1.9416933467537587e-03,  4.1077791691377694e-02,  9.0578563660128329e-04, -1.4787992080878629e-05,  1.5646168021605346e-03, -1.3588403431908393e-02, -1.8742882512690873e-03
 3.0899999999999999e+00,  6.3360501374273406e+02,  1.9836424487327316e-02,  2.9977162466521481e+01, -2.3914895763693472e-02,  8.8570990780798178e-02,  5.0292443632255723e-01,  1.9599300287066530e+03,  1.0665522742854083e+01, -1.5004610500285904e+04,  1.0006465856376805e+01,  2.8499081420342347e+00,  1.5790157362615176e+00,  5.4079016412635697e-03,  4.5332775580798727e-02, -3.1345886194092293e-01,  2.8168964818884262e-01, -9.3748348768121341e-05, -1.9261110831156319e-03,  4.0942278468575309e-02,  8.8706756722900439e-04, -1.4850946592273568e-05,  1.5518359254562658e-03, -1.3514241128387259e-02, -1.8693256231827569e-03
 3.1000000000000001e+00,  6.3360551957666348e+02,  1.9856289011209532e-02,  2.9976140189156474e+01, -2.3913425467976129e-02,  8.8571835489867218e-02,  5.0292334262563432e-01,  1.9662719401558793e+03,  1.0788715483619725e+01, -1.5004630651463887e+04,  1.0006480929900910e+01,  2.8499065050663952e+00,  1.5841286958766287e+00,  5.4069634152285589e-03,  4.5313592061763844e-02, -3.1305011486829359e-01,  2.8169842539823375e-01, -9.3897123713999805e-05, -1.9106561570319380e-03,  4.0807513350207790e-02,  8.6839968025109661e-04, -1.4904042583419014e-05,  1.5391492912825127e-03, -1.3438782545116521e-02, -1.8642517723987916e-03
 3.1099999999999999e+00,  6.3360602665945464e+02,  1.9876288861311691e-02,  2.9975126549400201e+01, -2.3911971504652144e-02,  8.8572661945444858e-02,  5.0292225258554313e-01,  1.9726138450939247e+03,  1.0912476175698506e+01, -1.5004650812704273e+04,  1.0006496017437112e+01,  2.8499048768799433e+00,  1.5892416461716883e+00,  5.4060236987892897e-03,  4.5294562457658089e-02, -3.1264271167391877e-01,  2.8170701618244764e-01, -9.4046382554660151e-05, -1.8953276264506418e-03,  4.0673508972194315e-02,  8.4978308220184852e-04, -1.4947725548650177e-05,  1.5265568249767075e-03, -1.3362093057578382e-02, -1.8590678374508195e-03
 3.1200000000000001e+00,  6.3360653495700763e+02,  1.9896423454505673e-02,  2.9974121470276216e+01, -2.3910533515682928e-02,  8.8573470717494066e-02,  5.0292116629794870e-01,  1.9789557434868432e+03,  1.1036804804663833e+01, -1.5004670983923834e+04,  1.0006511118824923e+01,  2.8499032572902685e+00,  1.5943545871520142e+00,  5.4050824875774657e-03,  4.5275685509234831e-02, -3.1223664468884971e-01,  2.8171542105987779e-01, -9.4196033328030742e-05, -1.8801245502172974e-03,  4.0540277326314676e-02,  8.3121886821635384e-04, -1.4982429125467962e-05,  1.5140584216921632e-03, -1.3284236118349366e-02, -1.8537749596481102e-03
 3.1299999999999999e+00,  6.3360704443529244e+02,  1.9916692202056732e-02,  2.9973124875555538e+01, -2.3909111149984088e-02,  8.8574262356782410e-02,  5.0292008385434295e-01,  1.9852976353003098e+03,  1.1161701356207267e+01, -1.5004691165040062e+04,  1.0006526233907479e+01,  2.8499016461181315e+00,  1.5994675188248186e+00,  5.4041397781227291e-03,  4.5256959966653743e-02, -3.1183190612739248e-01,  2.8172364055981197e-01, -9.4345988350345080e-05, -1.8650459883348663e-03,  4.0407829779559555e-02,  8.1270812201661359e-04, -1.5008575337399605e-05,  1.5016539547940660e-03, -1.3205273232674817e-02, -1.8483742802999326e-03
 3.1400000000000001e+00,  6.3360755506035161e+02,  1.9937094510033206e-02,  2.9972136689748169e+01, -2.3907704063472587e-02,  8.8575037395536488e-02,  5.0291900534216938e-01,  1.9916395204996250e+03,  1.1287165816137316e+01, -1.5004711355971156e+04,  1.0006541362531465e+01,  2.8499000431894808e+00,  1.6045804411991393e+00,  5.4031955678104588e-03,  4.5238384589468134e-02, -3.1142848809325852e-01,  2.8173167522231812e-01, -9.4496164100435752e-05, -1.8500910021927008e-03,  4.0276177093603836e-02,  7.9425191590876056e-04, -1.5026574680734845e-05,  1.4893432736390296e-03, -1.3125263958468889e-02, -1.8428669412706678e-03
 3.1499999999999999e+00,  6.3360806679830284e+02,  1.9957629779702238e-02,  2.9971156838094771e+01, -2.3906311919102918e-02,  8.8575796348073985e-02,  5.0291793084494507e-01,  1.9979813990497121e+03,  1.1413198170378129e+01, -1.5004731556636023e+04,  1.0006556504547042e+01,  2.8498984483352836e+00,  1.6096933542857652e+00,  5.4022498548407204e-03,  4.5219958146609888e-02, -3.1102638258552040e-01,  2.8173952559813015e-01, -9.4646481104765633e-05, -1.8352586548128751e-03,  4.0145329443544396e-02,  7.7585131078305937e-04, -1.5036826185241243e-05,  1.4771262023260930e-03, -1.3044266053419105e-02, -1.8372540838695851e-03
 3.1600000000000001e+00,  6.3360857961534157e+02,  1.9978297407911971e-02,  2.9970185246558458e+01, -2.3904934386892774e-02,  8.8576539711414076e-02,  5.0291686044237904e-01,  2.0043232709151223e+03,  1.1539798404968314e+01, -1.5004751766954267e+04,  1.0006571659807779e+01,  2.8498968613913571e+00,  1.6148062580971678e+00,  5.4013026381883635e-03,  4.5201679416371876e-02, -3.1062558150438763e-01,  2.8174719224853378e-01, -9.4796863824193807e-05, -1.8205480110767404e-03,  4.0015296435871837e-02,  7.5750735610557941e-04, -1.5039717700393557e-05,  1.4650025449008926e-03, -1.2962335481092577e-02, -1.8315368516263998e-03
 3.1699999999999999e+00,  6.3360909347774373e+02,  1.9999096787460532e-02,  2.9969221841816729e+01, -2.3903571143938696e-02,  8.8577267965866846e-02,  5.0291579421048793e-01,  2.0106651360600322e+03,  1.1666966506059662e+01, -1.5004771986846179e+04,  1.0006586828170576e+01,  2.8498952821982106e+00,  1.6199191526474359e+00,  5.4003539175642365e-03,  4.5183547186388354e-02, -3.1022607665680296e-01,  2.8175467574525226e-01, -9.4947240542216012e-05, -1.8059581379244168e-03,  3.9886087126275692e-02,  7.3922108990431769e-04, -1.5035625904047362e-05,  1.4529720855638280e-03, -1.2879526438136479e-02, -1.8257163886259387e-03
 3.1800000000000002e+00,  6.3360960835186813e+02,  2.0020027307452320e-02,  2.9968266551253542e+01, -2.3902221874422210e-02,  8.8577981575602538e-02,  5.0291473222170813e-01,  2.0170069944482475e+03,  1.1794702459915978e+01, -1.5004792216232740e+04,  1.0006602009495584e+01,  2.8498937106008828e+00,  1.6250320379522118e+00,  5.3994036933775191e-03,  4.5165560253613388e-02, -3.0982785976186211e-01,  2.8176197667033187e-01, -9.5097543254549487e-05, -1.7914881045695537e-03,  3.9757710037094350e-02,  7.2099353877752505e-04, -1.5024916562647567e-05,  1.4410345854087821e-03, -1.2795891398131842e-02, -1.8197938367325828e-03
 3.1899999999999999e+00,  6.3361012420415909e+02,  2.0041088353641840e-02,  2.9967319302951488e+01, -2.3900886269606937e-02,  8.8578680989201436e-02,  5.0291367454500546e-01,  2.0233488460432027e+03,  1.1923006252911835e+01, -1.5004812455035602e+04,  1.0006617203646142e+01,  2.8498921464487994e+00,  1.6301449140286266e+00,  5.3984519666991455e-03,  4.5147717424296963e-02, -3.0943092245606107e-01,  2.8176909561602781e-01, -9.5247707560062236e-05, -1.7771369826845974e-03,  3.9630173173629789e-02,  7.0282571787705296e-04, -1.5007944539902036e-05,  1.4291897915824610e-03, -1.2711481294780369e-02, -1.8137703433618280e-03
 3.2000000000000002e+00,  6.3361064100114879e+02,  2.0062279308765515e-02,  2.9966380025684110e+01, -2.3899564027827114e-02,  8.8579366640184745e-02,  5.0291262124598124e-01,  2.0296906908079636e+03,  1.2051877871531426e+01, -1.5004832703177099e+04,  1.0006632410488699e+01,  2.8498905895956224e+00,  1.6352577808952422e+00,  5.3974987392263179e-03,  4.5130017513959696e-02, -3.0903525629838952e-01,  2.8177603318468941e-01, -9.5397672553523745e-05, -1.7629038465905701e-03,  3.9503484040795366e-02,  6.8471863091668019e-04, -1.4985054152399897e-05,  1.4174374272229980e-03, -1.2626345272104244e-02, -1.8076470487127206e-03
 3.2100000000000000e+00,  6.3361115870945991e+02,  2.0083599552861833e-02,  2.9965448648908328e+01, -2.3898254854467959e-02,  8.8580038947527376e-02,  5.0291157238697592e-01,  2.0360325287052267e+03,  1.2181317302367342e+01, -1.5004852960580220e+04,  1.0006647629892733e+01,  2.8498890398991121e+00,  1.6403706385719907e+00,  5.3965440132480750e-03,  4.5112459347365151e-02, -3.0864085277524517e-01,  2.8178278998864614e-01, -9.5547380719916963e-05, -1.7487877734419911e-03,  3.9377649659141888e-02,  6.6667327018043955e-04, -1.4956579126243458e-05,  1.4057772024927946e-03, -1.2540531058591297e-02, -1.8014250985354220e-03
 3.2200000000000002e+00,  6.3361167729580814e+02,  2.0105048463580199e-02,  2.9964525102756991e+01, -2.3896958461938397e-02,  8.8580698316153270e-02,  5.0291052802716996e-01,  2.0423743596973225e+03,  1.2311324532119450e+01, -1.5004873227168619e+04,  1.0006662861730701e+01,  2.8498874972209913e+00,  1.6454834870801209e+00,  5.3955877916119195e-03,  4.5095041758490856e-02, -3.0824770330520668e-01,  2.8178936665009302e-01, -9.5696777830007936e-05, -1.7347878433729409e-03,  3.9252676579989952e-02,  6.4869061649763750e-04, -1.4922842891951200e-05,  1.3942088113172409e-03, -1.2454084771795748e-02, -1.7951056380249820e-03
 3.2300000000000000e+00,  6.3361219672700418e+02,  2.0126625416478722e-02,  2.9963609318031523e+01, -2.3895674569636437e-02,  8.8581345137413517e-02,  5.0290948822268189e-01,  2.0487161837462149e+03,  1.2441899547593687e+01, -1.5004893502866602e+04,  1.0006678105877938e+01,  2.8498859614268155e+00,  1.6505963264421408e+00,  5.3946300776914749e-03,  4.5077763590497692e-02, -3.0785579924364537e-01,  2.8179576380097610e-01, -9.5845812838083871e-05, -1.7209031396726150e-03,  3.9128570900684410e-02,  6.3077163926783476e-04, -1.4884158723235647e-05,  1.3827319287479352e-03, -1.2367051089312553e-02, -1.7886898079355585e-03
 3.2400000000000002e+00,  6.3361271696995652e+02,  2.0148329785311385e-02,  2.9962701226194710e+01, -2.3894402903907739e-02,  8.8581979789548362e-02,  5.0290845302666354e-01,  2.0550580008135043e+03,  1.2573042335700965e+01, -1.5004913787599124e+04,  1.0006693362212603e+01,  2.8498844323858417e+00,  1.6557091566817650e+00,  5.3936708753551579e-03,  4.5060623695697404e-02, -3.0746513188719299e-01,  2.8180198208287838e-01, -9.5994437781165692e-05, -1.7071327489407552e-03,  3.9005338279379763e-02,  6.1291729645529482e-04, -1.4840829893128488e-05,  1.3713462176240230e-03, -1.2279473171616906e-02, -1.7821787545724244e-03
 3.2500000000000000e+00,  6.3361323799167371e+02,  2.0170160942304893e-02,  2.9961800759363566e+01, -2.3893143197997686e-02,  8.8582602638133293e-02,  5.0290742248939313e-01,  2.0613998108604269e+03,  1.2704752883455983e+01, -1.5004934081291778e+04,  1.0006708630615604e+01,  2.8498829099709129e+00,  1.6608219778238655e+00,  5.3927101889358516e-03,  4.5043620935518877e-02, -3.0707569247805777e-01,  2.8180802214690520e-01, -9.6142607679565022e-05, -1.6934757612292030e-03,  3.8882983949164972e-02,  5.9512853457233063e-04, -1.4793149786737598e-05,  1.3600513246864153e-03, -1.2191392871341277e-02, -1.7755736220204067e-03
 3.2600000000000002e+00,  6.3361375975926649e+02,  2.0192118258425450e-02,  2.9960907850302323e+01, -2.3891895191997376e-02,  8.8583214036509872e-02,  5.0290639665836523e-01,  2.0677416138478579e+03,  1.2837031177976156e+01, -1.5004954383870794e+04,  1.0006723910970523e+01,  2.8498813940583392e+00,  1.6659347898944212e+00,  5.3917480232015666e-03,  4.5026754180472819e-02, -3.0668747220820969e-01,  2.8181388465356982e-01, -9.6290280439436093e-05, -1.6799312701730447e-03,  3.8761512731957902e-02,  5.7740628870983580e-04, -1.4741402187476411e-05,  1.3488468865452384e-03, -1.2102850570072632e-02, -1.7688755504785515e-03
 3.2700000000000000e+00,  6.3361428223995040e+02,  2.0214201103635872e-02,  2.9960022432415521e+01, -2.3890658632783897e-02,  8.8583814326201771e-02,  5.0290537557837844e-01,  2.0740834097363113e+03,  1.2969877206480453e+01, -1.5004974695263032e+04,  1.0006739203163555e+01,  2.8498798845277742e+00,  1.6710475929204680e+00,  5.3907843833270628e-03,  4.5010022310115416e-02, -3.0630046222341861e-01,  2.8181957027267940e-01, -9.6437416757279212e-05, -1.6664983731259199e-03,  3.8640929052138860e-02,  5.5975148253450903e-04, -1.4685861381147331e-05,  1.3377325228797175e-03, -1.2013885393735690e-02, -1.7620856845867972e-03
 3.2800000000000002e+00,  6.3361480540104776e+02,  2.0236408847143159e-02,  2.9959144439741188e+01, -2.3889433273955266e-02,  8.8584403837316666e-02,  5.0290435929162136e-01,  2.0804251984859429e+03,  1.3103290956288340e+01, -1.5004995015395974e+04,  1.0006754507083427e+01,  2.8498783812621213e+00,  1.6761603869300556e+00,  5.3898192748664210e-03,  4.4993424213010301e-02, -3.0591465362716691e-01,  2.8182507968322051e-01, -9.6583980025615178e-05, -1.6531761712901257e-03,  3.8521236949451386e-02,  5.4216502828052749e-04, -1.4626792286045993e-05,  1.3267078442791267e-03, -1.1924535143759109e-02, -1.7552051662095248e-03
 3.2900000000000000e+00,  6.3361532920998991e+02,  2.0258740857637059e-02,  2.9958273806944138e+01, -2.3888218875760352e-02,  8.8584982888934349e-02,  5.0290334783775514e-01,  2.0867669800565495e+03,  1.3237272414818646e+01, -1.5005015344197720e+04,  1.0006769822621333e+01,  2.8498768841474154e+00,  1.6812731719522003e+00,  5.3888527037265505e-03,  4.4976958786689614e-02, -3.0553003748442958e-01,  2.8183041357324501e-01, -9.6729936240611258e-05, -1.6399637698238225e-03,  3.8402440091803124e-02,  5.2464782677175094e-04, -1.4564450713169780e-05,  1.3157724489815091e-03, -1.1834836385893312e-02, -1.7482351355457804e-03
 3.3000000000000003e+00,  6.3361585363431971e+02,  2.0281196503519641e-02,  2.9957410469309345e+01, -2.3887015205024127e-02,  8.8585551789481548e-02,  5.0290234125399458e-01,  2.0931087544075731e+03,  1.3371821569588523e+01, -1.5005035681596983e+04,  1.0006785149670872e+01,  2.8498753930727228e+00,  1.6863859480168439e+00,  5.3878846761416088e-03,  4.4960624937613825e-02, -3.0514660482533085e-01,  2.8183557263975595e-01, -9.6875253911832190e-05, -1.6268602779635057e-03,  3.8284541787889058e-02,  5.0720076742727339e-04, -1.4499083531016562e-05,  1.3049259230818431e-03, -1.1744824396919797e-02, -1.7411767333497220e-03
 3.3100000000000001e+00,  6.3361637864169347e+02,  2.0303775153126376e-02,  2.9956554362735424e+01, -2.3885822035068609e-02,  8.8586110837093945e-02,  5.0290133957518623e-01,  2.0994505214980991e+03,  1.3506938408212330e+01, -1.5005056027523080e+04,  1.0006800488127977e+01,  2.8498739079300415e+00,  1.6914987151548084e+00,  5.3869151986483139e-03,  4.4944421581130344e-02, -3.0476434664867180e-01,  2.8184055758859355e-01, -9.7019903973335613e-05, -1.6138648091270481e-03,  3.8167544999215229e-02,  4.8982472825032054e-04, -1.4430928769668091e-05,  1.2941678442096570e-03, -1.1654533337845920e-02, -1.7340311020408419e-03
 3.3200000000000003e+00,  6.3361690419988304e+02,  2.0326476174938737e-02,  2.9955705423728205e+01, -2.3884639145629737e-02,  8.8586660319965815e-02,  5.0290034283388518e-01,  2.1057922812868605e+03,  1.3642622918400622e+01, -1.5005076381905932e+04,  1.0006815837890844e+01,  2.8498724286142139e+00,  1.6966114733977595e+00,  5.3859442780621420e-03,  4.4928347641431284e-02, -3.0438325392534654e-01,  2.8184536913432096e-01, -9.7163859696458842e-05, -1.6009764810025180e-03,  3.8051452351583991e-02,  4.7252057585878094e-04, -1.4360215854977684e-05,  1.2834977806963608e-03, -1.1563996188401739e-02, -1.7267993762670711e-03
 3.3300000000000001e+00,  6.3361743027677824e+02,  2.0349298937788970e-02,  2.9954863589394382e+01, -2.3883466322770570e-02,  8.8587200516687697e-02,  5.0289935106042882e-01,  2.1121340337322381e+03,  1.3778875087959054e+01, -1.5005096744676053e+04,  1.0006831198859871e+01,  2.8498709550228170e+00,  1.7017242227781642e+00,  5.3849719214543847e-03,  4.4912402051510293e-02, -3.0400331760164012e-01,  2.8185000800011073e-01, -9.7307096605166516e-05, -1.5881944156620120e-03,  3.7936266147024202e-02,  4.5528916548799174e-04, -1.4287165886126606e-05,  1.2729152874119674e-03, -1.1473244723725840e-02, -1.7194826978928668e-03
 3.3399999999999999e+00,  6.3361795684038850e+02,  2.0372242811056734e-02,  2.9954028797435271e+01, -2.3882303358791029e-02,  8.8587731696572553e-02,  5.0289836428300960e-01,  2.1184757787922613e+03,  1.3915694904787376e+01, -1.5005117115764546e+04,  1.0006846570937594e+01,  2.8498694870560914e+00,  1.7068369633292542e+00,  5.3839981361300387e-03,  4.4896583753118044e-02, -3.0362452860240607e-01,  2.8185447491763072e-01, -9.7449592391992470e-05, -1.5755177396412760e-03,  3.7821988374614444e-02,  4.3813134099346358e-04, -1.4211991479495786e-05,  1.2624199167282611e-03, -1.1382309758056743e-02, -1.7120822010108197e-03
 3.3500000000000001e+00,  6.3361848385884548e+02,  2.0395307164858507e-02,  2.9953200986140637e+01, -2.3881150052134491e-02,  8.8588254119970747e-02,  5.0289738252774463e-01,  2.1248175164246118e+03,  1.4053082356878390e+01, -1.5005137495103099e+04,  1.0006861954028626e+01,  2.8498680246168453e+00,  1.7119496950849900e+00,  5.3830229296065448e-03,  4.4880891696717468e-02, -3.0324687783414783e-01,  2.8185877062693060e-01, -9.7591326836616021e-05, -1.5629455840146509e-03,  3.7708620721182938e-02,  4.2104793487596177e-04, -1.4134897445214320e-05,  1.2520112085967461e-03, -1.1291220928244507e-02, -1.7045990224895361e-03
 3.3599999999999999e+00,  6.3361901130040451e+02,  2.0418491370229285e-02,  2.9952380094382612e+01, -2.3880006207291558e-02,  8.8588768038574239e-02,  5.0289640581874406e-01,  2.1311592465866224e+03,  1.4191037432316911e+01, -1.5005157882623980e+04,  1.0006877348039584e+01,  2.8498665676103694e+00,  1.7170624180800229e+00,  5.3820463095933064e-03,  4.4865324841437751e-02, -3.0287035618798241e-01,  2.8186289587632823e-01, -9.7732281726043135e-05, -1.5504770844939468e-03,  3.7596164582143175e-02,  4.0403976827862971e-04, -1.4056080440208426e-05,  1.2416886955440832e-03, -1.1200006879707992e-02, -1.6970342969768707e-03
 3.3700000000000001e+00,  6.3361953913344712e+02,  2.0441794799297447e-02,  2.9951566061609693e+01, -2.3878871634701138e-02,  8.8589273695710485e-02,  5.0289543417817728e-01,  2.1375009692352810e+03,  1.4329560119278799e+01, -1.5005178278260028e+04,  1.0006892752879043e+01,  2.8498651159443629e+00,  1.7221751323496641e+00,  5.3810682839720240e-03,  4.4849882155027589e-02, -3.0249495454250497e-01,  2.8186685142229617e-01, -9.7872440776077598e-05, -1.5381113814844764e-03,  3.7484621071348610e-02,  3.8710765100924383e-04, -1.3975729566684222e-05,  1.2314519063499874e-03, -1.1108695279204973e-02, -1.6893891569003086e-03
 3.3799999999999999e+00,  6.3362006732648274e+02,  2.0465216825452555e-02,  2.9950758827840829e+01, -2.3877746150649238e-02,  8.8589771326626168e-02,  5.0289446762633738e-01,  2.1438426843272296e+03,  1.4468650406029914e+01, -1.5005198681944650e+04,  1.0006908168457457e+01,  2.8498636695288506e+00,  1.7272878379298482e+00,  5.3800888607777849e-03,  4.4834562613808061e-02, -3.0212066376655544e-01,  2.8187063802934842e-01, -9.8011789555554814e-05, -1.5258476201700220e-03,  3.7373991031389130e-02,  3.7025238154575447e-04, -1.3894026328758998e-05,  1.2213003565408865e-03, -1.1017312712691111e-02, -1.6816647357975581e-03
 3.3900000000000001e+00,  6.3362059584815074e+02,  2.0488756823506524e-02,  2.9949958333659577e+01, -2.3876629577165600e-02,  8.8590261158761285e-02,  5.0289350618170392e-01,  2.1501843918187687e+03,  1.4608308280925167e+01, -1.5005219093611819e+04,  1.0006923594687120e+01,  2.8498622282761104e+00,  1.7324005348571045e+00,  5.3791080481809129e-03,  4.4819365202624188e-02, -3.0174747472187718e-01,  2.8187425646992709e-01, -9.8150315411184909e-05, -1.5136849505815301e-03,  3.7264275042869742e-02,  3.5347474705571503e-04, -1.3811144797259952e-05,  1.2112335611574854e-03, -1.0925884991186388e-02, -1.6738621622103237e-03
 3.3999999999999999e+00,  6.3362112466722226e+02,  2.0512414169848385e-02,  2.9949164520208328e+01, -2.3875521741918471e-02,  8.8590743412014020e-02,  5.0289254986100296e-01,  2.1565260916658567e+03,  1.4748533732407495e+01, -1.5005239513196060e+04,  1.0006939031482094e+01,  2.8498607921006003e+00,  1.7375132231685235e+00,  5.3781258544695612e-03,  4.4804288914796431e-02, -3.0137537826569805e-01,  2.8187770752428953e-01, -9.8288007394824450e-05, -1.5016225276345816e-03,  3.7155473433828044e-02,  3.3677552341848627e-04, -1.3727251930648029e-05,  1.2012510282322065e-03, -1.0834436817153107e-02, -1.6659825652354213e-03
 3.4100000000000001e+00,  6.3362165375260236e+02,  2.0536188242592669e-02,  2.9948377329182634e+01, -2.3874422478107706e-02,  8.8591218298996202e-02,  5.0289159867926736e-01,  2.1628677838241124e+03,  1.4889326749006941e+01, -1.5005259940632455e+04,  1.0006954478758157e+01,  2.8498593609188871e+00,  1.7426259029017288e+00,  5.3771422880330164e-03,  4.4789332752071497e-02, -3.0100436525320062e-01,  2.8188099198039546e-01, -9.8424856192482884e-05, -1.4896595112064135e-03,  3.7047586289343203e-02,  3.2015547522523641e-04, -1.3642507601038775e-05,  1.1913522574014102e-03, -1.0742992079815198e-02, -1.6580270734145555e-03
 3.4199999999999999e+00,  6.3362218307333148e+02,  2.0560078421721788e-02,  2.9947596702825582e+01, -2.3873331624356415e-02,  8.8591686025280517e-02,  5.0289065264989286e-01,  2.1692094682488155e+03,  1.5030687319339636e+01, -1.5005280375856632e+04,  1.0006969936432737e+01,  2.8498579346495787e+00,  1.7477385740948452e+00,  5.3761573573457115e-03,  4.4774495724572302e-02, -3.0063442653991118e-01,  2.8188411063379404e-01, -9.8560854054890236e-05, -1.4777950661917769e-03,  3.6940613459773806e-02,  3.0361535580114535e-04, -1.3557064880431711e-05,  1.1815367455258997e-03, -1.0651573834063991e-02, -1.6499968114036504e-03
 3.4300000000000002e+00,  6.3362271259858767e+02,  2.0584084089222552e-02,  2.9946822583922263e+01, -2.3872249024601406e-02,  8.8592146789638879e-02,  5.0288971178469455e-01,  2.1755511448949110e+03,  1.5172615432106905e+01, -1.5005300818804761e+04,  1.0006985404424876e+01,  2.8498565132132589e+00,  1.7528512367864766e+00,  5.3751710709519186e-03,  4.4759776850747661e-02, -3.0026555298400515e-01,  2.8188706428751148e-01, -9.8695994729799524e-05, -1.4660283625365909e-03,  3.6834554569659082e-02,  2.8715590723593615e-04, -1.3471070101425651e-05,  1.1718039855113083e-03, -1.0560204188880798e-02, -1.6418929016381837e-03
 3.4399999999999999e+00,  6.3362324229768819e+02,  2.0608204629216947e-02,  2.9946054915794285e+01, -2.3871174527982528e-02,  8.8592600784272918e-02,  5.0288877609396110e-01,  2.1818928137170069e+03,  1.5315111076094267e+01, -1.5005321269413547e+04,  1.0007000882655161e+01,  2.8498550965324254e+00,  1.7579638910156725e+00,  5.3741834374511155e-03,  4.4745175157321571e-02, -2.9989773544851800e-01,  2.8188985375193876e-01, -9.8830273396153997e-05, -1.4543585753038616e-03,  3.6729409026317571e-02,  2.7077786038665042e-04, -1.3384663169468934e-05,  1.1621534610345408e-03, -1.0468904479421485e-02, -1.6337164682189678e-03
 3.4500000000000002e+00,  6.3362377214009143e+02,  2.0632439428087485e-02,  2.9945293642294391e+01, -2.3870107988731199e-02,  8.8593048195036481e-02,  5.0288784558650690e-01,  2.1882344746693798e+03,  1.5458174240170553e+01, -1.5005341727620233e+04,  1.0007016371045678e+01,  2.8498536845314280e+00,  1.7630765368219068e+00,  5.3731944654839955e-03,  4.4730689679241584e-02, -2.9953096480347879e-01,  2.8189247984471921e-01, -9.8963686599642166e-05, -1.4427848847035200e-03,  3.6625176027479910e-02,  2.5448193489430149e-04, -1.3297977528164949e-05,  1.1525846590337819e-03, -1.0377695288110703e-02, -1.6254686302508117e-03
 3.4600000000000000e+00,  6.3362430209539855e+02,  2.0656787874597089e-02,  2.9944538707801108e+01, -2.3869049266058252e-02,  8.8593489201650541e-02,  5.0288692026972326e-01,  2.1945761277059732e+03,  1.5601804913286937e+01, -1.5005362193362582e+04,  1.0007031869519958e+01,  2.8498522771364074e+00,  1.7681891742450493e+00,  5.3722041637191227e-03,  4.4716319459627500e-02, -2.9916523192796840e-01,  2.8189494339063664e-01, -9.9096232190204388e-05, -1.4313064761305853e-03,  3.6521854569460076e-02,  2.3826883921995701e-04, -1.3211140584279389e-05,  1.1430970555531528e-03, -1.0286596315856026e-02, -1.6171505046180784e-03
 3.4700000000000002e+00,  6.3362483213335531e+02,  2.0681249360003991e-02,  2.9943790057213491e+01, -2.3867998224041249e-02,  8.8593923977910924e-02,  5.0288600014962825e-01,  2.2009177727804022e+03,  1.5746003084476060e+01, -1.5005382666578884e+04,  1.0007047378002925e+01,  2.8498508742752406e+00,  1.7733018033253449e+00,  5.3712125408401914e-03,  4.4702063549718972e-02, -2.9880052771208959e-01,  2.8189724522150361e-01, -9.9227909261187424e-05, -1.4199225402099212e-03,  3.6419443454960253e-02,  2.2213927065306541e-04, -1.3124273612330460e-05,  1.1336901285796655e-03, -1.0195626584108533e-02, -1.6087632087602415e-03
 3.4800000000000000e+00,  6.3362536222385393e+02,  2.0705823278171453e-02,  2.9943047635945913e+01, -2.3866954731511483e-02,  8.8594352691888686e-02,  5.0288508523091457e-01,  2.2072594098459522e+03,  1.5890768742851083e+01, -1.5005403147207946e+04,  1.0007062896420852e+01,  2.8498494758774866e+00,  1.7784144241033866e+00,  5.3702196055338989e-03,  4.4687921008823302e-02, -2.9843684305886919e-01,  2.8189938617604970e-01, -9.9358718089930217e-05, -1.4086322728274606e-03,  3.6317941300115196e-02,  2.0609391532810920e-04, -1.3037492136228045e-05,  1.1243633479124362e-03, -1.0104804384902780e-02, -1.6003078562309952e-03
 3.4900000000000002e+00,  6.3362589233693427e+02,  2.0730509025672802e-02,  2.9942311389922939e+01, -2.3865918661940780e-02,  8.8594775506123907e-02,  5.0288417551699627e-01,  2.2136010388555837e+03,  1.6036101877604839e+01, -1.5005423635189085e+04,  1.0007078424701316e+01,  2.8498480818743306e+00,  1.7835270366200955e+00,  5.3692253664783928e-03,  4.4673890904262423e-02, -2.9807416888608729e-01,  2.8190136709981017e-01, -9.9488660080344462e-05, -1.3974348751628189e-03,  3.6217346542180527e-02,  1.9013344825236073e-04, -1.2950905946620937e-05,  1.1151161850159166e-03, -1.0014147202030959e-02, -1.5917855589186985e-03
 3.5000000000000000e+00,  6.3362642244278607e+02,  2.0755306001891734e-02,  2.9941581265574246e+01, -2.3864889893328269e-02,  8.8595192577812787e-02,  5.0288327101005459e-01,  2.2199426597619308e+03,  1.6182002478008883e+01, -1.5005444130462130e+04,  1.0007093962773133e+01,  2.8498466921985317e+00,  1.7886396409166971e+00,  5.3682298323322920e-03,  4.4659972311320045e-02, -2.9771249612802558e-01,  2.8190318884501475e-01, -9.9617737706666253e-05, -1.3863295536965790e-03,  3.6117657446252359e-02,  1.7425853333641312e-04, -1.2864619317737279e-05,  1.1059481082320557e-03, -9.9236719836026492e-03, -1.5831974242708185e-03
 3.5100000000000002e+00,  6.3362695251175035e+02,  2.0780213609118036e-02,  2.9940857209829606e+01, -2.3863868308087250e-02,  8.8595604058988295e-02,  5.0288237171108141e-01,  2.2262842725173059e+03,  1.6328470533412681e+01, -1.5005464632967411e+04,  1.0007109510566336e+01,  2.8498453067843772e+00,  1.7937522370347025e+00,  5.3672330117242595e-03,  4.4646164313188491e-02, -2.9735181573716224e-01,  2.8190485227047690e-01, -9.9745954459245961e-05, -1.3753155202654564e-03,  3.6018872112220067e-02,  1.5846982340805824e-04, -1.2778731198204139e-05,  1.0968585779924636e-03, -9.8333948228557060e-03, -1.5745445614001568e-03
 3.5200000000000000e+00,  6.3362748251432083e+02,  2.0805231252638993e-02,  2.9940139170113941e+01, -2.3862853792932296e-02,  8.8596010096694780e-02,  5.0288147761992230e-01,  2.2326258770736990e+03,  1.6475506033242670e+01, -1.5005485142645755e+04,  1.0007125068012114e+01,  2.8498439255676344e+00,  1.7988648250158852e+00,  5.3662349132431071e-03,  4.4632466000914736e-02, -2.9699211868578118e-01,  2.8190635824148291e-01, -9.9873314791509060e-05, -1.3643919920681966e-03,  3.5920988481480363e-02,  1.4276796023449098e-04, -1.2693335254415604e-05,  1.0878470614594773e-03, -9.7433313250849633e-03, -1.5658280733132884e-03
 3.5300000000000002e+00,  6.3362801242114574e+02,  2.0830358340826572e-02,  2.9939427094342427e+01, -2.3861846238766724e-02,  8.8596410833156558e-02,  5.0288058873531816e-01,  2.2389674733827819e+03,  1.6623108967001464e+01, -1.5005505659438486e+04,  1.0007140635042774e+01,  2.8498425484854959e+00,  1.8039774049022639e+00,  5.3652355454284293e-03,  4.4618876473347127e-02, -2.9663339596753263e-01,  2.8190770762968159e-01, -9.9999824068825157e-05, -1.3535581916815352e-03,  3.5824004343160097e-02,  1.2715357455284060e-04, -1.2608520208803853e-05,  1.0789130158728158e-03, -9.6534963389682642e-03, -1.5570490630167882e-03
 3.5400000000000000e+00,  6.3362854220302938e+02,  2.0855594285220398e-02,  2.9938720930915665e+01, -2.3860845540570549e-02,  8.8596806405940823e-02,  5.0287970505494517e-01,  2.2453090613959075e+03,  1.6771279324266928e+01, -1.5005526183287417e+04,  1.0007156211591703e+01,  2.8498411754765454e+00,  1.8090899767360826e+00,  5.3642349167617306e-03,  4.4605394837081105e-02, -2.9627563859891798e-01,  2.8190890131297397e-01, -1.0012548851850459e-04, -1.3428133470914220e-03,  3.5727917340469505e-02,  1.1162728609237495e-04, -1.2524369727082130e-05,  1.0700559021498115e-03, -9.5639041991501909e-03, -1.5482086290763391e-03
 3.5500000000000003e+00,  6.3362907183093341e+02,  2.0880938500606912e-02,  2.9938020628714888e+01, -2.3859851597289046e-02,  8.8597196948114923e-02,  5.0287882657545402e-01,  2.2516506410641141e+03,  1.6920017094691406e+01, -1.5005546714134844e+04,  1.0007171797593319e+01,  2.8498398064807082e+00,  1.8142025405597919e+00,  5.3632330356580592e-03,  4.4592020206405299e-02, -2.9591883762072324e-01,  2.8190994017540344e-01, -1.0025031518183331e-04, -1.3321566916878181e-03,  3.5632724976802886e-02,  9.6189703605031792e-05, -1.2440962938661793e-05,  1.0612751785710175e-03, -9.4745685341734824e-03, -1.5393078683922895e-03
 3.5600000000000001e+00,  6.3362960127597876e+02,  2.0906390405094611e-02,  2.9937326137097266e+01, -2.3858864311721992e-02,  8.8597582588398380e-02,  5.0287795329250806e-01,  2.2579922123381243e+03,  1.7069322268000818e+01, -1.5005567251923545e+04,  1.0007187392983043e+01,  2.8498384414392137e+00,  1.8193150964160334e+00,  5.3622299104580939e-03,  4.4578751703247349e-02, -2.9556298409938192e-01,  2.8191082510704607e-01, -1.0037431186732210e-04, -1.3215874642941844e-03,  3.5538424621747687e-02,  8.0841424884847622e-05, -1.2358374159096553e-05,  1.0525703001557066e-03, -9.3855024768662969e-03, -1.5303478756445415e-03
 3.5700000000000003e+00,  6.3363013050944676e+02,  2.0931949420185583e-02,  2.9936637405891215e+01, -2.3857883590413752e-02,  8.8597963451309561e-02,  5.0287708520081975e-01,  2.2643337751683503e+03,  1.7219194833993889e+01, -1.5005587796596776e+04,  1.0007202997697243e+01,  2.8498370802945483e+00,  1.8244276443476191e+00,  5.3612255494207128e-03,  4.4565588457119415e-02, -2.9520806912828829e-01,  2.8191155700390114e-01, -1.0049748710503998e-04, -1.3111049091806676e-03,  3.5445013516582878e-02,  6.5583036795713258e-05, -1.2276673384478665e-05,  1.0439407225476518e-03, -9.2967185560954672e-03, -1.5213297421823285e-03
 3.5800000000000001e+00,  6.3363065950278065e+02,  2.0957614970843443e-02,  2.9935954385391803e+01, -2.3856909343544223e-02,  8.8598339657307637e-02,  5.0287622229418649e-01,  2.2706753295048916e+03,  1.7369634782541276e+01, -1.5005608348098258e+04,  1.0007218611673208e+01,  2.8498357229904236e+00,  1.8295401843975170e+00,  5.3602199607159931e-03,  4.4552529605063736e-02, -2.9485408382905026e-01,  2.8191213676778198e-01, -1.0061985010316159e-04, -1.3007082760450456e-03,  3.5352488779900250e-02,  5.0415115304681646e-05, -1.2195926239397768e-05,  1.0353859045825640e-03, -9.2082287805887487e-03, -1.5122545560242817e-03
 3.5899999999999999e+00,  6.3363118822758713e+02,  2.0983386485557823e-02,  2.9935277026356182e+01, -2.3855941484820800e-02,  8.8598711322929458e-02,  5.0287536456552528e-01,  2.2770168752975414e+03,  1.7520642103584798e+01, -1.5005628906372187e+04,  1.0007234234849117e+01,  2.8498343694717323e+00,  1.8346527166088387e+00,  5.3592131524186496e-03,  4.4539574291598515e-02, -2.9450101935269030e-01,  2.8191256530620723e-01, -1.0074141070523850e-04, -1.2903968200535232e-03,  3.5260847413073858e-02,  3.5338225509717846e-05, -1.2116194176431372e-05,  1.0269052937161829e-03, -9.1200445845318438e-03, -1.5031234029683177e-03
 3.6000000000000001e+00,  6.3363171665563766e+02,  2.1009263396405516e-02,  2.9934605279999086e+01, -2.3854979931371416e-02,  8.8599078560921946e-02,  5.0287451200690614e-01,  2.2833584124957856e+03,  1.7672216787136620e+01, -1.5005649471363216e+04,  1.0007249867163985e+01,  2.8498330196845156e+00,  1.8397652410248184e+00,  5.3582051325018884e-03,  4.4526721668662665e-02, -2.9414886688078878e-01,  2.8191284353229218e-01, -1.0086217934962898e-04, -1.2801698018313063e-03,  3.5170086305508184e-02,  2.0352921670241369e-05, -1.2037534701664332e-05,  1.0184983507272019e-03, -9.0321769286027930e-03, -1.4939373649269757e-03
 3.6099999999999999e+00,  6.3363224475886977e+02,  2.1035245139108354e-02,  2.9933939097988372e+01, -2.3854024603638713e-02,  8.8599441480369828e-02,  5.0287366460958516e-01,  2.2896999410488038e+03,  1.7824358823278434e+01, -1.5005670043016462e+04,  1.0007265508557650e+01,  2.8498316735759270e+00,  1.8448777576887991e+00,  5.3571959088316570e-03,  4.4513970895561888e-02, -2.9379761762658013e-01,  2.8191297236464063e-01, -1.0098216702909999e-04, -1.2700264874508638e-03,  3.5080202239429176e-02,  5.4597472320949641e-06, -1.1960001192537462e-05,  1.0101645253612884e-03, -8.9446362872003093e-03, -1.4846975227023025e-03
 3.6200000000000001e+00,  6.3363277250938870e+02,  2.1061331153087986e-02,  2.9933278432440620e+01, -2.3853075425275469e-02,  8.8599800186819191e-02,  5.0287282236403541e-01,  2.2960414609054747e+03,  1.7977068202160712e+01, -1.5005690621277490e+04,  1.0007281158970720e+01,  2.8498303310941964e+00,  1.8499902666442245e+00,  5.3561854891613064e-03,  4.4501321138913648e-02, -2.9344726283600020e-01,  2.8191295272723682e-01, -1.0110138525280453e-04, -1.2599661484542768e-03,  3.4991191894948009e-02, -9.3407651419186082e-06, -1.1883643548371548e-05,  1.0019032739561045e-03, -8.8574326090329180e-03, -1.4754049521004094e-03
 3.6299999999999999e+00,  6.3363329987946838e+02,  2.1087520881517510e-02,  2.9932623235916779e+01, -2.3852132323041293e-02,  8.8600154782396703e-02,  5.0287198525997789e-01,  2.3023829720143744e+03,  1.8130344914001885e+01, -1.5005711206092321e+04,  1.0007296818344559e+01,  2.8498289921886024e+00,  1.8551027679346170e+00,  5.3551738811266009e-03,  4.4488771572592803e-02, -2.9309779378868117e-01,  2.8191278554933780e-01, -1.0121984601002371e-04, -1.2499880618428011e-03,  3.4903051855189576e-02, -2.4048093530404359e-05, -1.1808507895463816e-05,  9.9371404833903214e-04, -8.7705753426536703e-03, -1.4660607255967380e-03
 3.6400000000000001e+00,  6.3363382684155295e+02,  2.1113813771370407e-02,  2.9931973461417858e+01, -2.3851195226700695e-02,  8.8600505365924870e-02,  5.0287115328641152e-01,  2.3087244743237811e+03,  1.8284188949087611e+01, -1.5005731797407418e+04,  1.0007312486621244e+01,  2.8498276568094325e+00,  1.8602152616035705e+00,  5.3541610922411059e-03,  4.4476321377676792e-02, -2.9274920179889641e-01,  2.8191247176536621e-01, -1.0133756173326046e-04, -1.2400915100803367e-03,  3.4815778610386400e-02, -3.8661726736721713e-05, -1.1734636751886663e-05,  9.8559630415384451e-04, -8.6840736179816091e-03, -1.4566659156667302e-03
 3.6499999999999999e+00,  6.3363435336825785e+02,  2.1140209273466336e-02,  2.9931329062380662e+01, -2.3850264068922565e-02,  8.8600852033033320e-02,  5.0287032643164142e-01,  2.3150659677816743e+03,  1.8438600297769970e+01, -1.5005752395169688e+04,  1.0007328163743537e+01,  2.8498263249079581e+00,  1.8653277476947367e+00,  5.3531471298919357e-03,  4.4463969742391196e-02, -2.9240147821647344e-01,  2.8191201231480306e-01, -1.0145454526449921e-04, -1.2302757810739990e-03,  3.4729368562561008e-02, -5.3181164250126708e-05, -1.1662069495862994e-05,  9.7754949711370380e-04, -8.5979359470966642e-03, -1.4472215870142665e-03
 3.6600000000000001e+00,  6.3363487943237135e+02,  2.1166706842514489e-02,  2.9930689992673599e+01, -2.3849338785181126e-02,  8.8601194876266401e-02,  5.0286950468330716e-01,  2.3214074523357394e+03,  1.8593578950466750e+01, -1.5005772999326477e+04,  1.0007343849654854e+01,  2.8498249964364026e+00,  1.8704402262518101e+00,  5.3521320013358159e-03,  4.4451715862055312e-02, -2.9205461442764519e-01,  2.8191140814208121e-01, -1.0157080982207263e-04, -1.2205401681879963e-03,  3.4643818030158341e-02, -6.7605916201363082e-05, -1.1590842018821525e-05,  9.6957308008682568e-04, -8.5121705334367647e-03, -1.4377288032330045e-03
 3.6699999999999999e+00,  6.3363540500685542e+02,  2.1193305937154076e-02,  2.9930056206592493e+01, -2.3848419313658401e-02,  8.8601533985186984e-02,  5.0286868802840956e-01,  2.3277489279333681e+03,  1.8749124897660657e+01, -1.5005793609825561e+04,  1.0007359544299250e+01,  2.8498236713479153e+00,  1.8755526973185193e+00,  5.3511157136954942e-03,  4.4439558939027436e-02, -2.9170860185587028e-01,  2.8191066019647903e-01, -1.0168636896843918e-04, -1.2108839702342628e-03,  3.4559123251803853e-02, -8.1935503346008897e-05, -1.1520987254487449e-05,  9.6166651065987367e-04, -8.4267851374608526e-03, -1.4281886256961559e-03
 3.6800000000000002e+00,  6.3363593006484723e+02,  2.1220006019992407e-02,  2.9929427658856479e+01, -2.3847505595148245e-02,  8.8601869446476855e-02,  5.0286787645333708e-01,  2.3340903945216605e+03,  1.8905238129898621e+01, -1.5005814226615150e+04,  1.0007375247621376e+01,  2.8498223495965345e+00,  1.8806651609386142e+00,  5.3500982739564471e-03,  4.4427498182650627e-02, -2.9136343196260911e-01,  2.8190976943201429e-01, -1.0180123657982540e-04, -1.2013064914478250e-03,  3.4475280390833224e-02, -9.6169457017292100e-05, -1.1452535022757317e-05,  9.5382924662767814e-04, -8.3417870566648688e-03, -1.4186021085604824e-03
 3.6899999999999999e+00,  6.3363645457966027e+02,  2.1246806557640399e-02,  2.9928804304603926e+01, -2.3846597572961991e-02,  8.8602201344033724e-02,  5.0286706994389130e-01,  2.3404318520474271e+03,  1.9061918637791003e+01, -1.5005834849643876e+04,  1.0007390959566450e+01,  2.8498210311371763e+00,  1.8857776171558569e+00,  5.3490796889638977e-03,  4.4415532809198480e-02, -2.9101909624805361e-01,  2.8190873680733869e-01, -1.0191542681604178e-04, -1.1918070414892307e-03,  3.4392285538981077e-02, -1.1030731910388604e-04, -1.1385512220518625e-05,  9.4606074509118003e-04, -8.2571833137645555e-03, -1.4089703087583035e-03
 3.7000000000000002e+00,  6.3363697852478538e+02,  2.1273707020745755e-02,  2.9928186099388405e+01, -2.3845695192835727e-02,  8.8602529759064769e-02,  5.0286626848531146e-01,  2.3467733004571919e+03,  1.9219166412010939e+01, -1.5005855478860796e+04,  1.0007406680080262e+01,  2.8498197159255954e+00,  1.8908900660140098e+00,  5.3480599654201263e-03,  4.4403662041820842e-02, -2.9067558625182949e-01,  2.8190756328563221e-01, -1.0202895409238019e-04, -1.1823849354424671e-03,  3.4310134720069690e-02, -1.2434864201105167e-04, -1.1319943047163863e-05,  9.3836046426154333e-04, -8.1729804685126538e-03, -1.3992942726748199e-03
 3.7100000000000000e+00,  6.3363750187389201e+02,  2.1300706884023805e-02,  2.9927572999174703e+01, -2.3844798402839262e-02,  8.8602854770177153e-02,  5.0286547206229792e-01,  2.3531147396971915e+03,  1.9376981443293552e+01, -1.5005876114215383e+04,  1.0007422409109106e+01,  2.8498184039183623e+00,  1.8960025075568245e+00,  5.3470391098820501e-03,  4.4391885110489630e-02, -2.9033289355365222e-01,  2.8190624983449847e-01, -1.0214183305255223e-04, -1.1730394937896338e-03,  3.4228823894250054e-02, -1.3829298861067749e-04, -1.1255848987243280e-05,  9.3072786630510156e-04, -8.0891846954145169e-03, -1.3895750472503439e-03
 3.7200000000000002e+00,  6.3363802460082911e+02,  2.1327805626286174e-02,  2.9926964960334882e+01, -2.3843907153286773e-02,  8.8603176453465562e-02,  5.0286468065903600e-01,  2.3594561697133809e+03,  1.9535363722435303e+01, -1.5005896755657526e+04,  1.0007438146599796e+01,  2.8498170950728454e+00,  1.9011149418280349e+00,  5.3460171287590752e-03,  4.4380201251945049e-02, -2.8999100977394449e-01,  2.8190479742586000e-01, -1.0225407854201782e-04, -1.1637700424012287e-03,  3.4148348961257596e-02, -1.5213993221352404e-04, -1.1193248905874677e-05,  9.2316241137590908e-04, -8.0058019030770783e-03, -1.3798136733189610e-03
 3.7300000000000000e+00,  6.3363854667962653e+02,  2.1355002730467219e-02,  2.9926361939644369e+01, -2.3843021396649216e-02,  8.8603494882596556e-02,  5.0286389425921796e-01,  2.3657975904514324e+03,  1.9694313240293233e+01, -1.5005917403137522e+04,  1.0007453892499614e+01,  2.8498157893471792e+00,  1.9062273688713463e+00,  5.3449940283112098e-03,  4.4368609709641606e-02, -2.8964992657442706e-01,  2.8190320703585420e-01, -1.0236570558309195e-04, -1.1545759125191474e-03,  3.4068705763884405e-02, -1.6588905653591710e-04, -1.1132159308951930e-05,  9.1566356504035721e-04, -7.9228375715611893e-03, -1.3700111911596456e-03
 3.7400000000000002e+00,  6.3363906808449588e+02,  2.1382297683648476e-02,  2.9925763894278102e+01, -2.3842141087468474e-02,  8.8603810128890167e-02,  5.0286311284606455e-01,  2.3721390018567399e+03,  1.9853829987784323e+01, -1.5005938056606077e+04,  1.0007469646756309e+01,  2.8498144867002466e+00,  1.9113397887304269e+00,  5.3439698146474134e-03,  4.4357109733694666e-02, -2.8930963565866680e-01,  2.8190147964472928e-01, -1.0247672935091876e-04, -1.1454564407528667e-03,  3.3989890091568026e-02, -1.7953995566644105e-04, -1.1072594256408809e-05,  9.0823078821577867e-04, -7.8402968917146015e-03, -1.3601686349451446e-03
 3.7500000000000000e+00,  6.3363958878983146e+02,  2.1409689977080978e-02,  2.9925170781806710e+01, -2.3841266182273273e-02,  8.8604122261398785e-02,  5.0286233640234612e-01,  2.3784804038744182e+03,  2.0013913955884746e+01, -1.5005958716014298e+04,  1.0007485409318074e+01,  2.8498131870916579e+00,  1.9164522014488983e+00,  5.3429444937241914e-03,  4.4345700580826548e-02, -2.8897012877259570e-01,  2.8189961623674087e-01, -1.0258716515022620e-04, -1.1364109690593222e-03,  3.3911897683655517e-02, -1.9309223401320336e-04, -1.1014565605080275e-05,  9.0086355049312343e-04, -7.7581846907870261e-03, -1.3502870344073135e-03
 3.7600000000000002e+00,  6.3364010877021155e+02,  2.1437179106205777e-02,  2.9924582560192732e+01, -2.3840396639496900e-02,  8.8604431346983245e-02,  5.0286156491040324e-01,  2.3848217964493078e+03,  2.0174565135629237e+01, -1.5005979381313693e+04,  1.0007501180133504e+01,  2.8498118904817233e+00,  1.9215646070703289e+00,  5.3419180713444089e-03,  4.4334381514313480e-02, -2.8863139770499369e-01,  2.8189761780004902e-01, -1.0269702839320838e-04, -1.1274388447161932e-03,  3.3834724232351093e-02, -2.0654550627052773e-04, -1.0958082991355235e-05,  8.9356131813267241e-04, -7.6765055700977886e-03, -1.3403674170575617e-03
 3.7700000000000000e+00,  6.3364062800039926e+02,  2.1464764570672555e-02,  2.9923999187786873e+01, -2.3839532419396722e-02,  8.8604737450386467e-02,  5.0286079835216613e-01,  2.3911631795259750e+03,  2.0335783518110375e+01, -1.5006000052456162e+04,  1.0007516959151612e+01,  2.8498105968314404e+00,  1.9266770056382250e+00,  5.3408905531563272e-03,  4.4323151803932224e-02, -2.8829343428794868e-01,  2.8189548532661546e-01, -1.0280633457844861e-04, -1.1185394203163518e-03,  3.3758365385894135e-02, -2.1989939738009648e-04, -1.0903154056690602e-05,  8.8632356183559861e-04, -7.5952637212939184e-03, -1.3304108048561834e-03
 3.7800000000000002e+00,  6.3364114645534346e+02,  2.1492445874356260e-02,  2.9923420623324311e+01, -2.3838673483975517e-02,  8.8605040634304577e-02,  5.0286003670917367e-01,  2.3975045530487155e+03,  2.0497569094477964e+01, -1.5006020729394002e+04,  1.0007532746321784e+01,  2.8498093061024679e+00,  1.9317893971960234e+00,  5.3398619446528399e-03,  4.4312010725907153e-02, -2.8795623039727580e-01,  2.8189321981210141e-01, -1.0291509927097012e-04, -1.1097120537418420e-03,  3.3682816751703898e-02, -2.3315354249764365e-04, -1.0849784447611290e-05,  8.7914975306635338e-04, -7.5144631167533976e-03, -1.3204182186532497e-03
 3.7900000000000000e+00,  6.3364166411017970e+02,  2.1520222525372282e-02,  2.9922846825921027e+01, -2.3837819796904625e-02,  8.8605340959455478e-02,  5.0285927996259172e-01,  2.4038459169615548e+03,  2.0659921855938311e+01, -1.5006041412079892e+04,  1.0007548541593765e+01,  2.8498080182571113e+00,  1.9369017817870844e+00,  5.3388322511709078e-03,  4.4300957562857388e-02, -2.8761977795291460e-01,  2.8189082225576551e-01, -1.0302333808280714e-04, -1.1009561081458386e-03,  3.3608073899191154e-02, -2.4630758694577071e-04, -1.0797977919793624e-05,  8.7203936613433456e-04, -7.4341073857952938e-03, -1.3103906709721589e-03
 3.8000000000000003e+00,  6.3364218094023113e+02,  2.1548094036089715e-02,  2.9922277755070184e+01, -2.3836971323448940e-02,  8.8605638484645408e-02,  5.0285852809323150e-01,  2.4101872712082522e+03,  2.0822841793753636e+01, -1.5006062100466901e+04,  1.0007564344917657e+01,  2.8498067332583008e+00,  1.9420141594546845e+00,  5.3378014778911837e-03,  4.4289991603744236e-02, -2.8728406891929198e-01,  2.8188829366036250e-01, -1.0313106665461686e-04, -1.0922709519342591e-03,  3.3534132362336683e-02, -2.5936118616953752e-04, -1.0747736442148751e-05,  8.6499187618160737e-04, -7.3541999850989951e-03, -1.3003291737811982e-03
 3.8100000000000001e+00,  6.3364269692100947e+02,  2.1576059923143140e-02,  2.9921713370638535e+01, -2.3836128030393700e-02,  8.8605933266832901e-02,  5.0285778108156665e-01,  2.4165286157323003e+03,  2.0986328899241368e+01, -1.5006082794508477e+04,  1.0007580156243892e+01,  2.8498054510695718e+00,  1.9471265302420091e+00,  5.3367696298378155e-03,  4.4279112143818702e-02, -2.8694909530566787e-01,  2.8188563503204211e-01, -1.0323830063815866e-04, -1.0836559587470282e-03,  3.3460987642541767e-02, -2.7231400569482900e-04, -1.0699060266211572e-05,  8.5800676126457213e-04, -7.2747439738840439e-03, -1.2902347312770933e-03
 3.8200000000000003e+00,  6.3364321202821600e+02,  2.1604119707442672e-02,  2.9921153632862879e+01, -2.3835289885973162e-02,  8.8606225361190741e-02,  5.0285703890774947e-01,  2.4228699504769293e+03,  2.1150383163773558e+01, -1.5006103494158444e+04,  1.0007595975523216e+01,  2.8498041716550566e+00,  1.9522388941921474e+00,  5.3357367118784206e-03,  4.4268318484569295e-02, -2.8661484916644114e-01,  2.8188284738024860e-01, -1.0334505567990105e-04, -1.0751105074348335e-03,  3.3388635211412082e-02, -2.8516572109782396e-04, -1.0651948082265864e-05,  8.5108350117435298e-04, -7.1957422520529815e-03, -1.2801083493219044e-03
 3.8300000000000001e+00,  6.3364372623774204e+02,  2.1632272914182689e-02,  2.9920598502346543e+01, -2.3834456859801054e-02,  8.8606514821165966e-02,  5.0285630155162775e-01,  2.4292112753851079e+03,  2.1315004578776193e+01, -1.5006124199371005e+04,  1.0007611802706677e+01,  2.8498028949794580e+00,  1.9573512513480873e+00,  5.3347027287242174e-03,  4.4257609933670006e-02, -2.8628132260143963e-01,  2.8187993171762016e-01, -1.0345134740519456e-04, -1.0666339820313930e-03,  3.3317070512945565e-02, -2.9791601795781743e-04, -1.0606396975976659e-05,  8.4422157951850310e-04, -7.1171974413977972e-03, -1.2699510226755182e-03
 3.8399999999999999e+00,  6.3364423952567006e+02,  2.1660519072848963e-02,  2.9920047940055898e+01, -2.3833628922802868e-02,  8.8606801698537602e-02,  5.0285556899276018e-01,  2.4355525903995467e+03,  2.1480193135728619e+01, -1.5006144910100726e+04,  1.0007627637745616e+01,  2.8498016210080319e+00,  1.9624636017527048e+00,  5.3336676849303167e-03,  4.4246985804928668e-02, -2.8594850775618225e-01,  2.8187688905988945e-01, -1.0355719140295133e-04, -1.0582257717321733e-03,  3.3246288966240461e-02, -3.1056459180167612e-04, -1.0562402575839384e-05,  8.3742048032075926e-04, -7.0391118994761340e-03, -1.2597637460975951e-03
 3.8500000000000001e+00,  6.3364475186827440e+02,  2.1688857717224390e-02,  2.9919501907316921e+01, -2.3832806047150011e-02,  8.8607086043472519e-02,  5.0285484121043167e-01,  2.4418938954626988e+03,  2.1645948826162893e+01, -1.5006165626302547e+04,  1.0007643480591646e+01,  2.8498003497065851e+00,  1.9675759454487634e+00,  5.3326315848961584e-03,  4.4236445418235362e-02, -2.8561639682211482e-01,  2.8187372042578412e-01, -1.0366260321192045e-04, -1.0498852708821357e-03,  3.3176285967770308e-02, -3.2311114807059810e-04, -1.0519959217983303e-05,  8.3067968968675147e-04, -6.9614877945545087e-03, -1.2495475076867968e-03
 3.8599999999999999e+00,  6.3364526324202211e+02,  2.1717288385393434e-02,  2.9918960365811785e+01, -2.3831988206195691e-02,  8.8607367904579529e-02,  5.0285411818366743e-01,  2.4482351905167616e+03,  2.1812271641663155e+01, -1.5006186347931769e+04,  1.0007659331196651e+01,  2.8497990810414464e+00,  1.9726882824789067e+00,  5.3315944328660783e-03,  4.4225988099511025e-02, -2.8528498203682684e-01,  2.8187042683692803e-01, -1.0376759830674373e-04, -1.0416118789362957e-03,  3.3107056893452697e-02, -3.3555540208118879e-04, -1.0479059746673606e-05,  8.2399869948124164e-04, -6.8843270689677872e-03, -1.2393032944313354e-03
 3.8700000000000001e+00,  6.3364577362357363e+02,  2.1745810619745207e-02,  2.9918423277575485e+01, -2.3831175374412684e-02,  8.8607647328961481e-02,  5.0285339989124789e-01,  2.4545764755036812e+03,  2.1979161573865074e+01, -1.5006207074944055e+04,  1.0007675189512746e+01,  2.8497978149794543e+00,  1.9778006128856527e+00,  5.3305562329300235e-03,  4.4215613180656636e-02, -2.8495425568424576e-01,  2.8186700931774250e-01, -1.0387219208556402e-04, -1.0334050004424935e-03,  3.3038597101225892e-02, -3.4789707897553391e-04, -1.0439696017383574e-05,  8.1737699927919420e-04, -6.8076313763931629e-03, -1.2290320844376957e-03
 3.8799999999999999e+00,  6.3364628298978357e+02,  2.1774423966975182e-02,  2.9917890604992493e+01, -2.3830367527332849e-02,  8.8607924362265736e-02,  5.0285268631172197e-01,  2.4609177503651517e+03,  2.2146618614455182e+01, -1.5006227807295423e+04,  1.0007691055492314e+01,  2.8497965514879504e+00,  1.9829129367113905e+00,  5.3295169890243670e-03,  4.4205319999502175e-02, -2.8462421009480232e-01,  2.8186346889534852e-01, -1.0397639985805324e-04, -1.0252640450271458e-03,  3.2970901933046498e-02, -3.6013591367123311e-04, -1.0401858480460472e-05,  8.1081408379035506e-04, -6.7314022594855295e-03, -1.2187348547021393e-03
 3.8900000000000001e+00,  6.3364679131770129e+02,  2.1803127978085889e-02,  2.9917362310793454e+01, -2.3829564641488412e-02,  8.8608199048732850e-02,  5.0285197742342036e-01,  2.4672590150426199e+03,  2.2314642755170343e+01, -1.5006248544942247e+04,  1.0007706929087952e+01,  2.8497952905347579e+00,  1.9880252539983743e+00,  5.3284767049328625e-03,  4.4195107899756093e-02, -2.8429483764558483e-01,  2.8185980659946908e-01, -1.0408023683374641e-04, -1.0171884273393874e-03,  3.2903966716760186e-02, -3.7227165081976622e-04, -1.0365536658174505e-05,  8.0430945376130795e-04, -6.6556409977769227e-03, -1.2084125750044783e-03
 3.8999999999999999e+00,  6.3364729858457179e+02,  2.1831922208386305e-02,  2.9916838358051912e+01, -2.3828766694355068e-02,  8.8608471431243688e-02,  5.0285127320446854e-01,  2.4736002694772847e+03,  2.2483233987797110e+01, -1.5006269287841251e+04,  1.0007722810252474e+01,  2.8497940320881714e+00,  1.9931375647887180e+00,  5.3274353842876921e-03,  4.4184976230955388e-02, -2.8396613076046712e-01,  2.8185602346233213e-01, -1.0418371811167668e-04, -1.0091775670555822e-03,  3.2837786768138949e-02, -3.8430404476208458e-04, -1.0330718927878383e-05,  7.9786260299974235e-04, -6.5803487264703853e-03, -1.1980662134591902e-03
 3.9100000000000001e+00,  6.3364780476783631e+02,  2.1860806217490075e-02,  2.9916318710181059e+01, -2.3827973664296748e-02,  8.8608741551364820e-02,  5.0285057363279861e-01,  2.4799415136101024e+03,  2.2652392304171190e+01, -1.5006290035949505e+04,  1.0007738698938915e+01,  2.8497927761169435e+00,  1.9982498691243937e+00,  5.3263930305706289e-03,  4.4174924348414982e-02, -2.8363808191022205e-01,  2.8185212051857383e-01, -1.0428685867022715e-04, -1.0012308888456686e-03,  3.2772357392987755e-02, -3.9623285948142651e-04, -1.0297392782215845e-05,  7.9147303898296909e-04, -6.5055263037683154e-03, -1.1876967304091913e-03
 3.9199999999999999e+00,  6.3364830984513299e+02,  2.1889779569312706e-02,  2.9915803330930537e+01, -2.3827185530512215e-02,  8.8609009449392595e-02,  5.0284987868616216e-01,  2.4862827473817861e+03,  2.2822117696176829e+01, -1.5006310789224426e+04,  1.0007754595100511e+01,  2.8497915225902721e+00,  2.0033621670472264e+00,  5.3253496471142876e-03,  4.4164951613178474e-02, -2.8331068361260736e-01,  2.8184809880514250e-01, -1.0438967335802363e-04, -9.9334782232875143e-04,  3.2707673888915351e-02, -4.0805786855613275e-04, -1.0265544777079953e-05,  7.8514026440046206e-04, -6.4311745107126115e-03, -1.1773050845320632e-03
 3.9300000000000002e+00,  6.3364881379429744e+02,  2.1918841832067690e-02,  2.9915292184383247e+01, -2.3826402272983275e-02,  8.8609275164395554e-02,  5.0284918834214098e-01,  2.4926239707328091e+03,  2.2992410155746288e+01, -1.5006331547623771e+04,  1.0007770498690684e+01,  2.8497902714777901e+00,  2.0084744585988874e+00,  5.3243052371034685e-03,  4.4155057391968407e-02, -2.8298392843244374e-01,  2.8184395936120271e-01, -1.0449217688465383e-04, -9.8552780206997894e-04,  3.2643731546871918e-02, -4.1977885511523778e-04, -1.0235160548960324e-05,  7.7886378735403242e-04, -6.3572938979738923e-03, -1.1668922272889382e-03
 3.9399999999999999e+00,  6.3364931659336332e+02,  2.1947992578261556e-02,  2.9914785234952216e+01, -2.3825623872424762e-02,  8.8609538734255436e-02,  5.0284850257815872e-01,  2.4989651836034063e+03,  2.3163269674859229e+01, -1.5006352311105635e+04,  1.0007786409663050e+01,  2.8497890227495497e+00,  2.0135867438208952e+00,  5.3232598035765945e-03,  4.4145241057137075e-02, -2.8265780898166992e-01,  2.8183970322804019e-01, -1.0459438381277439e-04, -9.7777026754029741e-04,  3.2580525653044784e-02, -4.3139561179128500e-04, -1.0206225075151657e-05,  7.7264311858227101e-04, -6.2838848674528934e-03, -1.1564591079205023e-03
 3.9500000000000002e+00,  6.3364981822056313e+02,  2.1977231384687969e-02,  2.9914282447377463e+01, -2.3824850310236130e-02,  8.8609800195706911e-02,  5.0284782137149142e-01,  2.5053063859335784e+03,  2.3334696245542215e+01, -1.5006373079628447e+04,  1.0007802327971396e+01,  2.8497877763760187e+00,  2.0186990227546091e+00,  5.3222133494272130e-03,  4.4135501986617601e-02, -2.8233231791938285e-01,  2.8183533144896689e-01, -1.0469630855082503e-04, -9.7007466309077719e-04,  3.2518051490792982e-02, -4.4290794066481582e-04, -1.0178722534975852e-05,  7.6647777132177045e-04, -6.2109475829075110e-03, -1.1460066667856573e-03
 3.9600000000000000e+00,  6.3365031865432843e+02,  2.2006557832420968e-02,  2.9913783786722927e+01, -2.3824081568454752e-02,  8.8610059584375858e-02,  5.0284714469927816e-01,  2.5116475776630905e+03,  2.3506689859868096e+01, -1.5006393853150970e+04,  1.0007818253569688e+01,  2.8497865323280580e+00,  2.0238112954412260e+00,  5.3211658774055780e-03,  4.4125839563875259e-02, -2.8200744795185406e-01,  2.8183084506922690e-01, -1.0479796534535239e-04, -9.6244043792208158e-04,  3.2456304341812986e-02, -4.5431565321440954e-04, -1.0152636370497329e-05,  7.6036726241734823e-04, -6.1384822130916448e-03, -1.1355358431330822e-03
 3.9700000000000002e+00,  6.3365081787329063e+02,  2.2035971506807091e-02,  2.9913289218373400e+01, -2.3823317629710808e-02,  8.8610316934816413e-02,  5.0284647253853088e-01,  2.5179887587314779e+03,  2.3679250509955533e+01, -1.5006414631632295e+04,  1.0007834186412060e+01,  2.8497852905769254e+00,  2.0289235619217783e+00,  5.3201173901203059e-03,  4.4116253177859159e-02, -2.8168319183254659e-01,  2.8182624513590260e-01, -1.0489936827446149e-04, -9.5486704606052766e-04,  3.2395279487559797e-02, -4.6561857028337662e-04, -1.0127949451321764e-05,  7.5431110989343378e-04, -6.0664886375460967e-03, -1.1250475706603405e-03
 3.9800000000000000e+00,  6.3365131585628149e+02,  2.2065471997456759e-02,  2.9912798708031506e+01, -2.3822558477183786e-02,  8.8610572280546793e-02,  5.0284580486614427e-01,  2.5243299290780451e+03,  2.3852378187968402e+01, -1.5006435415031836e+04,  1.0007850126452793e+01,  2.8497840510942547e+00,  2.0340358222371289e+00,  5.3190678900400887e-03,  4.4106742222954048e-02, -2.8135954236210287e-01,  2.8182153269782123e-01, -1.0500053124235129e-04, -9.4735394632443262e-04,  3.2334972211228691e-02, -4.7681652201592107e-04, -1.0104644126637789e-05,  7.4830883732557177e-04, -5.9949666286751467e-03, -1.1145427758485463e-03
 3.9900000000000002e+00,  6.3365181258233360e+02,  2.2095058898234859e-02,  2.9912312221714703e+01, -2.3821804094560570e-02,  8.8610825654083847e-02,  5.0284514165890515e-01,  2.5306710886418709e+03,  2.4026072886115305e+01, -1.5006456203309335e+04,  1.0007866073646339e+01,  2.8497828138520447e+00,  2.0391480764279724e+00,  5.3180173794954589e-03,  4.4097306098932670e-02, -2.8103649238832201e-01,  2.8181670880546228e-01, -1.0510146797350341e-04, -9.3990060229878682e-04,  3.2275377799118016e-02, -4.8790934781273122e-04, -1.0082702103786349e-05,  7.4235996780358396e-04, -5.9239157934598448e-03, -1.1040223835134791e-03
 4.0000000000000000e+00,  6.3365230803068073e+02,  2.2124731807250272e-02,  2.9911829725752320e+01, -2.3821054465995087e-02,  8.8611077086976464e-02,  5.0284448289350148e-01,  2.5370122373618078e+03,  2.4200334596649004e+01, -1.5006476996424850e+04,  1.0007882027947288e+01,  2.8497815788226624e+00,  2.0442603245348261e+00,  5.3169658606806187e-03,  4.4087944210908073e-02, -2.8071403480612050e-01,  2.8181177451086498e-01, -1.0520219200726344e-04, -9.3250648230613117e-04,  3.2216491541520863e-02, -4.9889689628380648e-04, -1.0062104647754351e-05,  7.3646403073171864e-04, -5.8533357261139340e-03, -1.0934873106994058e-03
 4.0099999999999998e+00,  6.3365280218075850e+02,  2.2154490326844949e-02,  2.9911351186782596e+01, -2.3820309576069457e-02,  8.8611326609837920e-02,  5.0284382854653109e-01,  2.5433533751764862e+03,  2.4375163311865936e+01, -1.5006497794338758e+04,  1.0007897989310374e+01,  2.8497803459788189e+00,  2.0493725665980329e+00,  5.3159133356553137e-03,  4.4078655969286548e-02, -2.8039216255749161e-01,  2.8180673086753660e-01, -1.0530271669322994e-04, -9.2517105937312634e-04,  3.2158308733994757e-02, -5.0977902518732838e-04, -1.0042832546477513e-05,  7.3062055586100530e-04, -5.7832257788212431e-03, -1.0829384700094592e-03
 4.0200000000000005e+00,  6.3365329501220469e+02,  2.2184334063581879e-02,  2.9910876571749792e+01, -2.3819569409756686e-02,  8.8611574252377076e-02,  5.0284317859451000e-01,  2.5496945020243165e+03,  2.4550559024105702e+01, -1.5006518597011749e+04,  1.0007913957690485e+01,  2.8497791152935705e+00,  2.0544848026577585e+00,  5.3148598063467540e-03,  4.4069440789720610e-02, -2.8007086863144059e-01,  2.8180157893036123e-01, -1.0540305518777423e-04, -9.1789381121071918e-04,  3.2100824679661501e-02, -5.2055560139373420e-04, -1.0024866362381516e-05,  7.2482907662038123e-04, -5.7135850878295563e-03, -1.0723767712716497e-03
 4.0300000000000002e+00,  6.3365378650485968e+02,  2.2214262628232624e-02,  2.9910405847901298e+01, -2.3818833952384794e-02,  8.8611820043428491e-02,  5.0284253301388093e-01,  2.5560356178434890e+03,  2.4726521725750484e+01, -1.5006539404404826e+04,  1.0007929933042634e+01,  2.8497778867403061e+00,  2.0595970327539832e+00,  5.3138052745515581e-03,  4.4060298093062333e-02, -2.7975014606389836e-01,  2.8179631975550873e-01, -1.0550322044967103e-04, -9.1067422017568898e-04,  3.2044034689441406e-02, -5.3122650082727558e-04, -1.0008186016042125e-05,  7.1908913039378812e-04, -5.6444129564739058e-03, -1.0618031154319594e-03
 4.0400000000000000e+00,  6.3365427663876687e+02,  2.2244275635763918e-02,  2.9909938982784777e+01, -2.3818103189602424e-02,  8.8612064010981720e-02,  5.0284189178102090e-01,  2.5623767225719789e+03,  2.4903051409224652e+01, -1.5006560216479298e+04,  1.0007945915321976e+01,  2.8497766602927372e+00,  2.0647092569265078e+00,  5.3127497419377607e-03,  4.4051227305317096e-02, -2.7942998793765178e-01,  2.8179095440034468e-01, -1.0560322523650109e-04, -9.0351177323840502e-04,  3.1987934083142058e-02, -5.4179160841051394e-04, -9.9927713499707688e-06,  7.1340025706304315e-04, -5.5757083033960587e-03, -1.0512184012157371e-03
 4.0499999999999998e+00,  6.3365476539417284e+02,  2.2274372705323710e-02,  2.9909475944245326e+01, -2.3817377107345859e-02,  8.8612306182209249e-02,  5.0284125487224851e-01,  2.5687178161475467e+03,  2.5080148066994187e+01, -1.5006581033196780e+04,  1.0007961904483782e+01,  2.8497754359248955e+00,  2.0698214752149453e+00,  5.3116932100468282e-03,  4.4042227857597566e-02, -2.7911038738223554e-01,  2.8178548392334052e-01, -1.0570308210215462e-04, -8.9640596195211125e-04,  3.1932518191184853e-02, -5.5225081801445306e-04, -9.9786017816734073e-06,  7.0776200018770675e-04, -5.5074700877619466e-03, -1.0406235195769629e-03
 4.0600000000000005e+00,  6.3365525275152811e+02,  2.2304553460226535e-02,  2.9909016700422693e+01, -2.3816655691807419e-02,  8.8612546583493990e-02,  5.0284062226383186e-01,  2.5750588985077420e+03,  2.5257811691566239e+01, -1.5006601854519191e+04,  1.0007977900483469e+01,  2.8497742136111173e+00,  2.0749336876587234e+00,  5.3106356802957175e-03,  4.4033299186078054e-02, -2.7879133757382807e-01,  2.8177990938398439e-01, -1.0580280339383892e-04, -8.8935628243661695e-04,  3.1877782355309955e-02, -5.6260403240858490e-04, -9.9656565551854276e-06,  7.0217390291113047e-04, -5.4396970872170039e-03, -1.0300193592493536e-03
 4.0700000000000003e+00,  6.3365573869148727e+02,  2.2334817527938210e-02,  2.9908561219748485e+01, -2.3815938929405256e-02,  8.8612785240455391e-02,  5.0283999393199519e-01,  2.5813999695899029e+03,  2.5436042275488560e+01, -1.5006622680408749e+04,  1.0007993903276573e+01,  2.8497729933260438e+00,  2.0800458942970801e+00,  5.3095771539789513e-03,  4.4024440731948833e-02, -2.7847283173512932e-01,  2.8177423184269235e-01, -1.0590240125032489e-04, -8.8236223534378865e-04,  3.1823721929839080e-02, -5.7285116321360689e-04, -9.9539147410680850e-06,  6.9663551566237687e-04, -5.3723880072411648e-03, -1.0194068017499881e-03
 4.0800000000000001e+00,  6.3365622319490910e+02,  2.2365164540060007e-02,  2.9908109470943426e+01, -2.3815226806754439e-02,  8.8613022177974968e-02,  5.0283936985292566e-01,  2.5877410293311609e+03,  2.5614839811349135e+01, -1.5006643510827971e+04,  1.0008009912818743e+01,  2.8497717750446094e+00,  2.0851580951690609e+00,  5.3085176322707111e-03,  4.4015651941371178e-02, -2.7815486313523130e-01,  2.8176845236072012e-01, -1.0600188759956175e-04, -8.7542332581002280e-04,  3.1770332282383254e-02, -5.8299213083480431e-04, -9.9433551063042652e-06,  6.9114639109083172e-04, -5.3055414839244851e-03, -1.0087867224895393e-03
 4.0899999999999999e+00,  6.3365670624285724e+02,  2.2395594132312152e-02,  2.9907661423014630e+01, -2.3814519310639392e-02,  8.8613257420220914e-02,  5.0283875000278011e-01,  2.5940820776684423e+03,  2.5794204291775628e+01, -1.5006664345739666e+04,  1.0008025929065756e+01,  2.8497705587420321e+00,  2.0902702903135211e+00,  5.3074571162269601e-03,  4.4006932265432633e-02, -2.7783742508948167e-01,  2.8176257200007565e-01, -1.0610127415696583e-04, -8.6853906344048126e-04,  3.1717608794849091e-02, -5.9302686441776878e-04, -9.9339563745114228e-06,  6.8570608281751252e-04, -5.2391560229072560e-03, -9.9815999410339615e-04
 4.0999999999999996e+00,  6.3365718781660030e+02,  2.2426105944516779e-02,  2.9907217045252910e+01, -2.3813816427987567e-02,  8.8613490990671701e-02,  5.0283813435769120e-01,  2.6004231145384692e+03,  2.5974135709434933e+01, -1.5006685185106937e+04,  1.0008041951973519e+01,  2.8497693443938141e+00,  2.0953824797691207e+00,  5.3063956067875718e-03,  4.3998281160102369e-02, -2.7752051095933433e-01,  2.8175659182343177e-01, -1.0620057242457304e-04, -8.6170896227940556e-04,  3.1665546864494791e-02, -6.0295530180386192e-04, -9.9256971478745992e-06,  6.8031414938992871e-04, -5.1732300476723227e-03, -9.8752748312054160e-04
 4.1100000000000003e+00,  6.3365766789761187e+02,  2.2456699620580427e-02,  2.9906776307230096e+01, -2.3813118145844411e-02,  8.8613722912139176e-02,  5.0283752289377337e-01,  2.6067641398777646e+03,  2.6154634057032727e+01, -1.5006706028893175e+04,  1.0008057981498041e+01,  2.8497681319757291e+00,  2.1004946635743256e+00,  5.3053331047784686e-03,  4.3989698086187044e-02, -2.7720411415219176e-01,  2.8175051289403957e-01, -1.0629979368958796e-04, -8.5493254077526862e-04,  3.1614141904583830e-02, -6.1277738945263139e-04, -9.9185558551091324e-06,  6.7497015143743952e-04, -5.1077619345194364e-03, -9.7689004663332676e-04
 4.1200000000000001e+00,  6.3365814646757121e+02,  2.2487374808475891e-02,  2.9906339178796390e+01, -2.3812424451349502e-02,  8.8613953206790733e-02,  5.0283691558712906e-01,  2.6131051536226501e+03,  2.6335699327312948e+01, -1.5006726877062059e+04,  1.0008074017595458e+01,  2.8497669214638197e+00,  2.1056068417674032e+00,  5.3042696109137800e-03,  4.3981182509286863e-02, -2.7688822812124264e-01,  2.8174433627564271e-01, -1.0639894902405665e-04, -8.4820932175317255e-04,  3.1563389345332767e-02, -6.2249308240282177e-04, -9.9125110376856245e-06,  6.6967365298933954e-04, -5.0427499159735253e-03, -9.6624854339925860e-04
 4.1299999999999999e+00,  6.3365862350836312e+02,  2.2518131160223758e-02,  2.9905905630077754e+01, -2.3811735331713917e-02,  8.8614181896170680e-02,  5.0283631241385385e-01,  2.6194461557092523e+03,  2.6517331513057439e+01, -1.5006747729577553e+04,  1.0008090060222019e+01,  2.8497657128343832e+00,  2.1107190143864254e+00,  5.3032051257979875e-03,  4.3972733899751981e-02, -2.7657284636528512e-01,  2.8173806303239152e-01, -1.0649804928408604e-04, -8.4153883237183104e-04,  3.1513284634630108e-02, -6.3210234422240953e-04, -9.9075409681907755e-06,  6.6442422327897598e-04, -4.9781922245586323e-03, -9.5560382051833228e-04
 4.1399999999999997e+00,  6.3365909900207839e+02,  2.2548968331873157e-02,  2.9905475631473298e+01, -2.3811050774198733e-02,  8.8614409001221042e-02,  5.0283571335004229e-01,  2.6257871460735028e+03,  2.6699530607085418e+01, -1.5006768586403899e+04,  1.0008106109334088e+01,  2.8497645060639778e+00,  2.1158311814692641e+00,  5.3021396499280983e-03,  4.3964351732639427e-02, -2.7625796242855005e-01,  2.8173169422875827e-01, -1.0659710510977600e-04, -8.3492060411053683e-04,  3.1463823238838499e-02, -6.4160514694209983e-04, -9.9036241707479578e-06,  6.5922142897242592e-04, -4.9140869334827154e-03, -9.4495672342538388e-04
 4.1500000000000004e+00,  6.3365957293101383e+02,  2.2579885983482380e-02,  2.9905049153652712e+01, -2.3810370766094664e-02,  8.8614634542301562e-02,  5.0283511837179307e-01,  2.6321281246511421e+03,  2.6882296602253092e+01, -1.5006789447505620e+04,  1.0008122164888146e+01,  2.8497633011294083e+00,  2.1209433430535918e+00,  5.3010731836957920e-03,  4.3956035487669770e-02, -2.7594356990050833e-01,  2.8172523092945267e-01, -1.0669612692530621e-04, -8.2835417273654545e-04,  3.1415000643410899e-02, -6.5100147100814623e-04, -9.9007389352946262e-06,  6.5406484582583341e-04, -4.8504321520368415e-03, -9.3430808978385430e-04
 4.1600000000000001e+00,  6.3366004527767234e+02,  2.2610883779098843e-02,  2.9904626167553719e+01, -2.3809695294702813e-02,  8.8614858539209071e-02,  5.0283452745521362e-01,  2.6384690913777181e+03,  2.7065629491453134e+01, -1.5006810312847516e+04,  1.0008138226840787e+01,  2.8497620980077216e+00,  2.1260554991768790e+00,  5.3000057273895921e-03,  4.3947784649184696e-02, -2.7562966241568182e-01,  2.8171867419933810e-01, -1.0679512493913404e-04, -8.2183907825080318e-04,  3.1366812353628815e-02, -6.6029130522395085e-04, -9.8988638293222352e-06,  6.4895405132994733e-04, -4.7872258046590494e-03, -9.2365875337123199e-04
 4.1699999999999999e+00,  6.3366051602476330e+02,  2.2641961386738730e-02,  2.9904206644379546e+01, -2.3809024347316476e-02,  8.8615081011196181e-02,  5.0283394057642539e-01,  2.6448100461885929e+03,  2.7249529267614356e+01, -1.5006831182394659e+04,  1.0008154295148726e+01,  2.8497608966762034e+00,  2.1311676498763954e+00,  5.2989372811970093e-03,  4.3939598706104754e-02, -2.7531623365343577e-01,  2.8171202510334820e-01, -1.0689410914464499e-04, -8.1537486488205205e-04,  3.1319253895354504e-02, -6.6947464669177325e-04, -9.8979772728689851e-06,  6.4388862242029078e-04, -4.7244658502034534e-03, -9.1300954019328257e-04
 4.1799999999999997e+00,  6.3366098515520264e+02,  2.2673118478366186e-02,  2.9903790555596419e+01, -2.3808357911204007e-02,  8.8615301976989330e-02,  5.0283335771156856e-01,  2.6511509890189423e+03,  2.7433995923701215e+01, -1.5006852056112393e+04,  1.0008170369768781e+01,  2.8497596971123720e+00,  2.1362797951892087e+00,  5.2978678452066993e-03,  4.3931477151887055e-02, -2.7500327733777474e-01,  2.8170528470640427e-01, -1.0699308932043193e-04, -8.0896108105644538e-04,  3.1272320815325216e-02, -6.7855150076566266e-04, -9.8980578854680346e-06,  6.3886814269384189e-04, -4.6621501553765279e-03, -9.0236127459060456e-04
 4.1900000000000004e+00,  6.3366145265211264e+02,  2.2704354729872082e-02,  2.9903377872931088e+01, -2.3807695973592669e-02,  8.8615521454806376e-02,  5.0283277883680588e-01,  2.6574919198037587e+03,  2.7619029452713416e+01, -1.5006872933966333e+04,  1.0008186450657892e+01,  2.8497584992939702e+00,  2.1413919351521824e+00,  5.2967974194106007e-03,  4.3923419484483625e-02, -2.7469078723712925e-01,  2.8169845407333288e-01, -1.0709207503150939e-04, -8.0259727934515557e-04,  3.1226008681919215e-02, -6.8752188098484906e-04, -9.8990843300223874e-06,  6.3389219956408297e-04, -4.6002765258232976e-03, -8.9171476924661318e-04
 4.2000000000000002e+00,  6.3366191849882250e+02,  2.2735669821052421e-02,  2.9902968568368376e+01, -2.3807038521653511e-02,  8.8615739462373389e-02,  5.0283220392832773e-01,  2.6638328384778524e+03,  2.7804629847685437e+01, -1.5006893815922360e+04,  1.0008202537773125e+01,  2.8497573031989676e+00,  2.1465040698019768e+00,  5.2957260037060690e-03,  4.3915425206300152e-02, -2.7437875716413634e-01,  2.8169153426878457e-01, -1.0719107563055226e-04, -7.9628301644931213e-04,  3.1180313085944045e-02, -6.9638580901811118e-04, -9.9010354776001063e-06,  6.2896037961171394e-04, -4.5388426694883124e-03, -8.8107083739967105e-04
 4.2100000000000000e+00,  6.3366238267886808e+02,  2.2767063435586515e-02,  2.9902562614148732e+01, -2.3806385542487152e-02,  8.8615956016941000e-02,  5.0283163296235556e-01,  2.6701737449758552e+03,  2.7990797101686205e+01, -1.5006914701946616e+04,  1.0008218631071644e+01,  2.8497561088055456e+00,  2.1516161991750486e+00,  5.2946535978979897e-03,  4.3907493824154639e-02, -2.7406718097541038e-01,  2.8168452635715252e-01, -1.0729010025906670e-04, -7.9001785317502364e-04,  3.1135229640905756e-02, -7.0514331461658927e-04, -9.9038902252883476e-06,  6.2407227524599476e-04, -4.4778463381691357e-03, -8.7043028229597907e-04
 4.2199999999999998e+00,  6.3366284517599206e+02,  2.2798535261014614e-02,  2.9902159982765827e+01, -2.3805737023110542e-02,  8.8616171135300195e-02,  5.0283106591514637e-01,  2.6765146392322222e+03,  2.8177531207818632e+01, -1.5006935592005510e+04,  1.0008234730510743e+01,  2.8497549160921021e+00,  2.1567283233076484e+00,  5.2935802017008877e-03,  4.3899624849236651e-02, -2.7375605257131824e-01,  2.8167743140249224e-01, -1.0738915784818977e-04, -7.8380135438356057e-04,  3.1090753983205991e-02, -7.1379443555284489e-04, -9.9076276002802866e-06,  6.1922748303963528e-04, -4.4172852015076551e-03, -8.5979390496145254e-04
 4.2300000000000004e+00,  6.3366330597414401e+02,  2.2830084988715280e-02,  2.9901760646964174e+01, -2.3805092950444574e-02,  8.8616384833797565e-02,  5.0283050276299635e-01,  2.6828555211812341e+03,  2.8364832159219237e+01, -1.5006956486065703e+04,  1.0008250836047832e+01,  2.8497537250372447e+00,  2.1618404422358228e+00,  5.2925058147410258e-03,  4.3891817797066968e-02, -2.7344536589574625e-01,  2.8167025046844146e-01, -1.0748825712081455e-04, -7.7763308897712690e-04,  3.1046881773049543e-02, -7.2233921755980308e-04, -9.9122269246738482e-06,  6.1442559824706423e-04, -4.3571568297815708e-03, -8.4916249643015001e-04
 4.2400000000000002e+00,  6.3366376505748019e+02,  2.2861712313882537e-02,  2.9901364579736743e+01, -2.3804453311302612e-02,  8.8616597128350030e-02,  5.0282994348224441e-01,  2.6891963907569971e+03,  2.8552699949057679e+01, -1.5006977384094122e+04,  1.0008266947640433e+01,  2.8497525356197788e+00,  2.1669525559954126e+00,  5.2914304365584714e-03,  4.3884072187457109e-02, -2.7313511493585724e-01,  2.8166298461814104e-01, -1.0758740659369603e-04, -7.7151262986229190e-04,  3.1003608694857958e-02, -7.3077771426956380e-04, -9.9176676506694611e-06,  6.0966622472682745e-04, -4.2974588088108999e-03, -8.3853684551552757e-04
 4.2500000000000000e+00,  6.3366422241036389e+02,  2.2893416935502529e-02,  2.9900971754322633e+01, -2.3803818092379827e-02,  8.8616808034459094e-02,  5.0282938804927557e-01,  2.6955372478934491e+03,  2.8741134570536467e+01, -1.5006998286057940e+04,  1.0008283065246202e+01,  2.8497513478187155e+00,  2.1720646646220505e+00,  5.2903540666091519e-03,  4.3876387544469722e-02, -2.7282529372184910e-01,  2.8165563491415607e-01, -1.0768661457823181e-04, -7.6543955391668544e-04,  3.0960930457294526e-02, -7.3910998716621341e-04, -9.9239292564866427e-06,  6.0494896439447303e-04, -4.2381887038757809e-03, -8.2791773381444482e-04
 4.2599999999999998e+00,  6.3366467801736519e+02,  2.2925198556330083e-02,  2.9900582144204744e+01, -2.3803187280243363e-02,  8.8617017567224676e-02,  5.0282883644052501e-01,  2.7018780925243586e+03,  2.8930136016890504e+01, -1.5007019191924590e+04,  1.0008299188822901e+01,  2.8497501616132568e+00,  2.1771767681511678e+00,  5.2892767042669068e-03,  4.3868763396378775e-02, -2.7251589632671136e-01,  2.8164820241839772e-01, -1.0778588918303981e-04, -7.5941344196103397e-04,  3.0918842793966457e-02, -7.4733610552489224e-04, -9.9309917060692454e-06,  6.0027342672905337e-04, -4.1793439614632739e-03, -8.1730593792791019e-04
 4.2700000000000005e+00,  6.3366513186326097e+02,  2.2957056882864844e-02,  2.9900195723107466e+01, -2.3802560861323298e-02,  8.8617225741358344e-02,  5.0282828863248030e-01,  2.7082189245833297e+03,  2.9119704281386738e+01, -1.5007040101661751e+04,  1.0008315318328428e+01,  2.8497489769827995e+00,  2.1822888666179852e+00,  5.2881983488254911e-03,  4.3861199275630501e-02, -2.7220691686596976e-01,  2.8164068819204557e-01, -1.0788523831651708e-04, -7.5343387872515641e-04,  3.0877341463855075e-02, -7.5545614635073508e-04, -9.9388349893837341e-06,  5.9563922044644812e-04, -4.1209220608127472e-03, -8.0670222724062602e-04
 4.2800000000000002e+00,  6.3366558393303478e+02,  2.2988991625327245e-02,  2.9899812464994412e+01, -2.3801938821904362e-02,  8.8617432571196170e-02,  5.0282774460168522e-01,  2.7145597440038000e+03,  2.9309839357323703e+01, -1.5007061015237350e+04,  1.0008331453720794e+01,  2.8497477939069253e+00,  2.1874009600575191e+00,  5.2871189995005764e-03,  4.3853694718804272e-02, -2.7189834949743424e-01,  2.8163309329547070e-01, -1.0798466968803497e-04, -7.4750045282666528e-04,  3.0836422251368612e-02, -7.6347019431767765e-04, -9.9474393132352528e-06,  5.9104595925843235e-04, -4.0629204367538876e-03, -7.9610736614114171e-04
 4.2900000000000000e+00,  6.3366603421187710e+02,  2.3021002497634138e-02,  2.9899432344066149e+01, -2.3801321148118382e-02,  8.8617638070711241e-02,  5.0282720432474237e-01,  2.7209005507190473e+03,  2.9500541238031257e+01, -1.5007081932619561e+04,  1.0008347594958151e+01,  2.8497466123654016e+00,  2.1925130485045776e+00,  5.2860386554317304e-03,  4.3846249266573968e-02, -2.7159018842094240e-01,  2.8162541878815922e-01, -1.0808419081080137e-04, -7.4161275672968347e-04,  3.0796080966800188e-02, -7.7137834171571700e-04, -9.9567852400454881e-06,  5.8649326013795750e-04, -4.0053364769311916e-03, -7.8552211346675246e-04
 4.2999999999999998e+00,  6.3366648268518475e+02,  2.3053089217374256e-02,  2.9899055334757964e+01, -2.3800707825937448e-02,  8.8617842253525647e-02,  5.0282666777831642e-01,  2.7272413446621899e+03,  2.9691809916870135e+01, -1.5007102853776802e+04,  1.0008363741998762e+01,  2.8497454323381732e+00,  2.1976251319937656e+00,  5.2849573156843604e-03,  4.3838862463669678e-02, -2.7128242787809825e-01,  2.8161766572863639e-01, -1.0818380900426514e-04, -7.3577038672173153e-04,  3.0756313446516480e-02, -7.7918068839831077e-04, -9.9668534536685299e-06,  5.8198074144585974e-04, -3.9481675795370163e-03, -7.7494722305889471e-04
 4.3100000000000005e+00,  6.3366692933856120e+02,  2.3085251505783371e-02,  2.9898681411737645e+01, -2.3800098841167766e-02,  8.8618045132922027e-02,  5.0282613493913630e-01,  2.7335821257661892e+03,  2.9883645387231624e+01, -1.5007123778677729e+04,  1.0008379894801024e+01,  2.8497442538053672e+00,  2.2027372105594782e+00,  5.2838749792516451e-03,  4.3831533858839533e-02, -2.7097506215201206e-01,  2.8160983517439125e-01, -1.0828353139615442e-04, -7.2997294288180677e-04,  3.0717115553254695e-02, -7.8687734170744105e-04, -9.9776249241896153e-06,  5.7750802653908193e-04, -3.8914110728203591e-03, -7.6438343876713362e-04
 4.3200000000000003e+00,  6.3366737415781631e+02,  2.3117489087719333e-02,  2.9898310549903279e+01, -2.3799494179444155e-02,  8.8618246721854907e-02,  5.0282560578399804e-01,  2.7399228939638492e+03,  3.0076047642537130e+01, -1.5007144707291242e+04,  1.0008396053323473e+01,  2.8497430767472762e+00,  2.2078492842359059e+00,  5.2827916450564373e-03,  4.3824263004812042e-02, -2.7066808556703315e-01,  2.8160192818180224e-01, -1.0838336492562337e-04, -7.2422002904659762e-04,  3.0678483176552848e-02, -7.9446841642351633e-04, -9.9890809686369131e-06,  5.7307474050918514e-04, -3.8350642678210392e-03, -7.5383150444089265e-04
 4.3300000000000001e+00,  6.3366781712896602e+02,  2.3149801691636759e-02,  2.9897942724381078e+01, -2.3798893826225190e-02,  8.8618447032961470e-02,  5.0282508028976713e-01,  2.7462636491878234e+03,  3.0269016676237918e+01, -1.5007165639586474e+04,  1.0008412217524768e+01,  2.8497419011443692e+00,  2.2129613530570333e+00,  5.2817073119531327e-03,  4.3817049458258601e-02, -2.7036149248848101e-01,  2.8159394580606278e-01, -1.0848331634550716e-04, -7.1851125278654812e-04,  3.0640412232683198e-02, -8.0195403470708130e-04, -1.0001203008120224e-05,  5.6868051150074303e-04, -3.7791245061093385e-03, -7.4329215227212199e-04
 4.3399999999999999e+00,  6.3366825823823251e+02,  2.3182189049561663e-02,  2.9897577910523221e+01, -2.3798297766788955e-02,  8.8618646078572089e-02,  5.0282455843338159e-01,  2.7526043913706135e+03,  3.0462552481814694e+01, -1.5007186575532794e+04,  1.0008428387363706e+01,  2.8497407269772799e+00,  2.2180734170566363e+00,  5.2806219787295272e-03,  4.3809892779756311e-02, -2.7005527732237949e-01,  2.8158588910110810e-01, -1.0858339222481326e-04, -7.1284622537267934e-04,  3.0602898664932446e-02, -8.0933432603511957e-04, -1.0013972854063894e-05,  5.6432497126665711e-04, -3.7235890437690659e-03, -7.3276611334268608e-04
 4.3500000000000005e+00,  6.3366869747204396e+02,  2.3214650897065800e-02,  2.9897216083905711e+01, -2.3797705986229364e-02,  8.8618843870720443e-02,  5.0282404019185289e-01,  2.7589451204445736e+03,  3.0656655052777296e+01, -1.5007207515099806e+04,  1.0008444562799221e+01,  2.8497395542268040e+00,  2.2231854762682883e+00,  5.2795356441086363e-03,  4.3802792533751148e-02, -2.6974943451518235e-01,  2.8157775911954208e-01, -1.0868359895184399e-04, -7.0722456174570931e-04,  3.0565938443965341e-02, -8.1660942715387264e-04, -1.0027372552081730e-05,  5.6000775412731935e-04, -3.6684551496522473e-03, -7.2225411040790501e-04
 4.3600000000000003e+00,  6.3366913481703409e+02,  2.3247186973240862e-02,  2.9896857220326257e+01, -2.3797118469453090e-02,  8.8619040421153317e-02,  5.0282352554226939e-01,  2.7652858363419091e+03,  3.0851324382664270e+01, -1.5007228458257343e+04,  1.0008460743790383e+01,  2.8497383828738996e+00,  2.2282975307253543e+00,  5.2784483067504903e-03,  4.3795748288521397e-02, -2.6944395855350017e-01,  2.8156955691256502e-01, -1.0878394273695277e-04, -7.0164588049337448e-04,  3.0529527567880285e-02, -8.2377948199820563e-04, -1.0041384468709598e-05,  5.5572849634591014e-04, -3.6137200676302091e-03, -7.1175685845140373e-04
 4.3700000000000001e+00,  6.3366957026004229e+02,  2.3279797020672524e-02,  2.9896501295802185e+01, -2.3796535201176968e-02,  8.8619235741340105e-02,  5.0282301446179800e-01,  2.7716265389946834e+03,  3.1046560465042639e+01, -1.5007249404975466e+04,  1.0008476930296407e+01,  2.8497372128996803e+00,  2.2334095804609952e+00,  5.2773599652538973e-03,  4.3788759616141280e-02, -2.6913884396382476e-01,  2.8156128352990212e-01, -1.0888442961510282e-04, -6.9610980380081886e-04,  3.0493662062117771e-02, -8.3084464164719476e-04, -1.0055991161301165e-05,  5.5148684216523990e-04, -3.5593810848723447e-03, -7.0127507134645989e-04
 4.3799999999999999e+00,  6.3367000378811315e+02,  2.3312480785414213e-02,  2.9896148286568344e+01, -2.3795956165925961e-02,  8.8619429842481848e-02,  5.0282250692768560e-01,  2.7779672283348168e+03,  3.1242363293507498e+01, -1.5007270355224464e+04,  1.0008493122276638e+01,  2.8497360442854198e+00,  2.2385216255081661e+00,  5.2762706181581883e-03,  4.3781826092445381e-02, -2.6883408531225783e-01,  2.8155294001973208e-01, -1.0898506544871021e-04, -6.9061595744381119e-04,  3.0458337979939003e-02, -8.3780506425769742e-04, -1.0071175560178322e-05,  5.4728242923631875e-04, -3.5054353508813638e-03, -6.9080945075408913e-04
 4.3899999999999997e+00,  6.3367043538849657e+02,  2.3345238016960979e-02,  2.9895798169075054e+01, -2.3795381348031611e-02,  8.8619622735520265e-02,  5.0282200291726198e-01,  2.7843079042940899e+03,  3.1438732861681704e+01, -1.5007291308974849e+04,  1.0008509319690580e+01,  2.8497348770125353e+00,  2.2436336658996185e+00,  5.2751802639449232e-03,  4.3774947296992404e-02, -2.6852967720422599e-01,  2.8154452742861696e-01, -1.0908585593095909e-04, -6.8516397075458839e-04,  3.0423551402460745e-02, -8.4466091500033083e-04, -1.0086920890564155e-05,  5.4311490860212413e-04, -3.4518801445003263e-03, -6.8036069778007111e-04
 4.4000000000000004e+00,  6.3367086504864710e+02,  2.3378068468222876e-02,  2.9895450919986054e+01, -2.3794810731630957e-02,  8.8619814431146152e-02,  5.0282150240794077e-01,  2.7906485668041460e+03,  3.1635669163215550e+01, -1.5007312266197358e+04,  1.0008525522497873e+01,  2.8497337110626040e+00,  2.2487457016678984e+00,  5.2740889010395690e-03,  4.3768122813030289e-02, -2.6822561428420860e-01,  2.8153604680143207e-01, -1.0918680658834117e-04, -6.7975347657968181e-04,  3.0389298438531630e-02, -8.5141236601802542e-04, -1.0103210585851264e-05,  5.3898392637916363e-04, -3.3987126413224755e-03, -6.6992950575880635e-04
 4.4100000000000001e+00,  6.3367129275622403e+02,  2.3410971895498553e-02,  2.9895106516176487e+01, -2.3794244300665898e-02,  8.8620004939807706e-02,  5.0282100537722141e-01,  2.7969892157964910e+03,  3.1833172191786389e+01, -1.5007333226862947e+04,  1.0008541730658305e+01,  2.8497325464173380e+00,  2.2538577328453471e+00,  5.2729965278131563e-03,  4.3761352227460810e-02, -2.6792189123545535e-01,  2.8152749918129660e-01, -1.0928792278366736e-04, -6.7438411127351881e-04,  3.0355575224969660e-02, -8.5805959634812246e-04, -1.0120028478416853e-05,  5.3488913485946255e-04, -3.3459300713413504e-03, -6.5951656025300986e-04
 4.4199999999999999e+00,  6.3367171849909084e+02,  2.3443948058448377e-02,  2.9894764934730890e+01, -2.3793682038883004e-02,  8.8620194271718494e-02,  5.0282051180269094e-01,  2.8033298512024994e+03,  3.2031241941098415e+01, -1.5007354190942791e+04,  1.0008557944131823e+01,  2.8497313830586064e+00,  2.2589697594641045e+00,  5.2719031425838957e-03,  4.3754635130804818e-02, -2.6761850277970922e-01,  2.8151888560950511e-01, -1.0938920971923356e-04, -6.6905551464673018e-04,  3.0322377926728740e-02, -8.6460279186130929e-04, -1.0137358634824000e-05,  5.3083019049828862e-04, -3.2935295768422874e-03, -6.4912254238438927e-04
 4.4299999999999997e+00,  6.3367214226531507e+02,  2.3476996720067790e-02,  2.9894426152941211e+01, -2.3793123929833727e-02,  8.8620382436865139e-02,  5.0282002166202533e-01,  2.8096704729534131e+03,  3.2229878404882264e+01, -1.5007375158408282e+04,  1.0008574162878508e+01,  2.8497302209684086e+00,  2.2640817815561065e+00,  5.2708087436187717e-03,  4.3747971117167876e-02, -2.6731544367692078e-01,  2.8151020712545938e-01, -1.0949067243965899e-04, -6.6376732993886215e-04,  3.0289702736876332e-02, -8.7104214520903537e-04, -1.0155185451235035e-05,  5.2680675106939537e-04, -3.2415083933699687e-03, -6.3874812716854627e-04
 4.4400000000000004e+00,  6.3367256404316788e+02,  2.3510117646660254e-02,  2.9894090148304834e+01, -2.3792569956874982e-02,  8.8620569445014896e-02,  5.0281953493299103e-01,  2.8160110809803455e+03,  3.2429081576894767e+01, -1.5007396129231027e+04,  1.0008590386858613e+01,  2.8497290601288907e+00,  2.2691937991530851e+00,  5.2697133291351025e-03,  4.3741359784206041e-02, -2.6701270872497168e-01,  2.8150146476660093e-01, -1.0959231583479192e-04, -6.5851920381074106e-04,  3.0257545876415794e-02, -8.7737785575412645e-04, -1.0173493575348999e-05,  5.2281847455479626e-04, -3.1898636987380464e-03, -6.2839398184963305e-04
 4.4500000000000002e+00,  6.3367298382112392e+02,  2.3543310607810182e-02,  2.9893756898522632e+01, -2.3792020103170147e-02,  8.8620755305722748e-02,  5.0281905159344675e-01,  2.8223516752142814e+03,  3.2628851450918532e+01, -1.5007417103382844e+04,  1.0008606616032543e+01,  2.8497279005223350e+00,  2.2743058122865727e+00,  5.2686168973020758e-03,  4.3734800733091661e-02, -2.6671029275939245e-01,  2.8149265956834429e-01, -1.0969414464259584e-04, -6.5331078629682349e-04,  3.0225903594394789e-02, -8.8361012951511885e-04, -1.0192267984460593e-05,  5.1886502823452743e-04, -3.1385927057316029e-03, -6.1806077034101540e-04
 4.4600000000000000e+00,  6.3367340158786089e+02,  2.3576575376355893e-02,  2.9893426381497033e+01, -2.3791474351690361e-02,  8.8620940028338410e-02,  5.0281857162134380e-01,  2.8286922555860824e+03,  3.2829188020761784e+01, -1.5007438080835766e+04,  1.0008622850360847e+01,  2.8497267421311547e+00,  2.2794178209878972e+00,  5.2675194462422506e-03,  4.3728293568480105e-02, -2.6640819065308380e-01,  2.8148379256401063e-01, -1.0979616345279239e-04, -6.4814173077744331e-04,  3.0194772168307772e-02, -8.8973917911074573e-04, -1.0211494054849104e-05,  5.1494607564153119e-04, -3.0876925116719786e-03, -6.0774914878439039e-04
 4.4699999999999998e+00,  6.3367381733225920e+02,  2.3609911728362333e-02,  2.9893098575330097e+01, -2.3790932685216204e-02,  8.8621123622013062e-02,  5.0281809499472851e-01,  2.8350328220264869e+03,  3.3030091280257977e+01, -1.5007459061562029e+04,  1.0008639089804253e+01,  2.8497255849379028e+00,  2.2845298252881885e+00,  5.2664209740330200e-03,  4.3721837898476112e-02, -2.6610639731602631e-01,  2.8147486478476208e-01, -1.0989837670909257e-04, -6.4301169396262139e-04,  3.0164147903546237e-02, -8.9576522369625583e-04, -1.0231157206163715e-05,  5.1106128731712587e-04, -3.0371604403665862e-03, -5.9745976832556468e-04
 4.4800000000000004e+00,  6.3367423104340151e+02,  2.3643319443093724e-02,  2.9892773458321631e+01, -2.3790395086339639e-02,  8.8621306095705885e-02,  5.0281762169174249e-01,  2.8413733744661122e+03,  3.3231561223265530e+01, -1.5007480045534085e+04,  1.0008655334323638e+01,  2.8497244289252555e+00,  2.2896418252183746e+00,  5.2653214787080687e-03,  4.3715433334600852e-02, -2.6580490769501286e-01,  2.8146587725953670e-01, -1.1000078871249281e-04, -6.3792033585285870e-04,  3.0134027133690146e-02, -9.0168848889125158e-04, -1.0251243473882259e-05,  5.0721033463538723e-04, -2.9869935308511628e-03, -5.8719327067355341e-04
 4.4900000000000002e+00,  6.3367464271057247e+02,  2.3676798302986177e-02,  2.9892451008967296e+01, -2.3789861537466307e-02,  8.8621487458190318e-02,  5.0281715169062435e-01,  2.8477139128354561e+03,  3.3433597843667478e+01, -1.5007501032724584e+04,  1.0008671583880048e+01,  2.8497232740760245e+00,  2.2947538208091838e+00,  5.2642209582587701e-03,  4.3709079491759055e-02, -2.6550371677335249e-01,  2.8145683101498425e-01, -1.1010340362455134e-04, -6.3286731971542954e-04,  3.0104406220472033e-02, -9.0750920672401912e-04, -1.0271738936848846e-05,  5.0339289285607973e-04, -2.9371891130393212e-03, -5.7695029587192766e-04
 4.5000000000000000e+00,  6.3367505232325823e+02,  2.3710348093620288e-02,  2.9892131205956748e+01, -2.3789332020818055e-02,  8.8621667718060099e-02,  5.0281668496971033e-01,  2.8540544370649018e+03,  3.3636201135371273e+01, -1.5007522023106383e+04,  1.0008687838434689e+01,  2.8497221203731407e+00,  2.2998658120911459e+00,  5.2631194106355778e-03,  4.3702775988206544e-02, -2.6520281957060343e-01,  2.8144772707540222e-01, -1.1020622546973015e-04, -6.2785231205073012e-04,  3.0075281553541087e-02, -9.1322761557601504e-04, -1.0292630098913008e-05,  4.9960864008382537e-04, -2.8877442731502067e-03, -5.6673147452726200e-04
 4.5099999999999998e+00,  6.3367545987114613e+02,  2.3743968603693474e-02,  2.9891814028171790e+01, -2.3788806518435766e-02,  8.8621846883735242e-02,  5.0281622150743566e-01,  2.8603949470847169e+03,  3.3839371092308447e+01, -1.5007543016652540e+04,  1.0008704097948943e+01,  2.8497209677996675e+00,  2.3049777990945928e+00,  5.2620168337493755e-03,  4.3696522445518041e-02, -2.6490221114228168e-01,  2.8143856646267273e-01, -1.1030925813875376e-04, -6.2287498257573794e-04,  3.0046649550676680e-02, -9.1884396011263731e-04, -1.0313903706787388e-05,  4.9585725490905940e-04, -2.8386562994640952e-03, -5.5653743280534502e-04
 4.5200000000000005e+00,  6.3367586534412430e+02,  2.3777659624992509e-02,  2.9891499454684542e+01, -2.3788285012182407e-02,  8.8622024963467647e-02,  5.0281576128233552e-01,  2.8667354428250578e+03,  3.4043107708434356e+01, -1.5007564013336314e+04,  1.0008720362384354e+01,  2.8497198163387880e+00,  2.3100897818496566e+00,  5.2609132254728026e-03,  4.3690318488555029e-02, -2.6460188657958988e-01,  2.8142935019619997e-01, -1.1041250539155835e-04, -6.1793500419209070e-04,  3.0018506657399774e-02, -9.2435849123049336e-04, -1.0335546854131152e-05,  4.9213842182036459e-04, -2.7899223559167785e-03, -5.4636879076583583e-04
 4.5300000000000002e+00,  6.3367626873228107e+02,  2.3811420952365787e-02,  2.9891187464755628e+01, -2.3787767483746319e-02,  8.8622201965346550e-02,  5.0281530427304533e-01,  2.8730759242159688e+03,  3.4247410977727824e+01, -1.5007585013131164e+04,  1.0008736631702632e+01,  2.8497186659738021e+00,  2.3152017603862740e+00,  5.2598085836415443e-03,  4.3684163745434199e-02, -2.6430184100913368e-01,  2.8142007929284812e-01, -1.1051597086009113e-04, -6.1303205294919929e-04,  2.9990849347217380e-02, -9.2977146598784740e-04, -1.0357546851442077e-05,  4.8845182676340165e-04, -2.7415396808284703e-03, -5.3622616069672958e-04
 4.5400000000000000e+00,  6.3367667002590451e+02,  2.3845252383695604e-02,  2.9890878037832373e+01, -2.3787253914644733e-02,  8.8622377897303928e-02,  5.0281485045830221e-01,  2.8794163911873875e+03,  3.4452280894191006e+01, -1.5007606016010741e+04,  1.0008752905865679e+01,  2.8497175166881359e+00,  2.3203137347341851e+00,  5.2587029060556009e-03,  4.3678057847496045e-02, -2.6400206959264555e-01,  2.8141075476688021e-01, -1.1061965805104240e-04, -6.0816580802690225e-04,  2.9963674121408851e-02, -9.3508314754633167e-04, -1.0379891338813561e-05,  4.8479715769602483e-04, -2.6935054808775488e-03, -5.2611015100014781e-04
 4.5499999999999998e+00,  6.3367706921548233e+02,  2.3879153719870518e-02,  2.9890571153547029e+01, -2.3786744286227485e-02,  8.8622552767119514e-02,  5.0281439981694576e-01,  2.8857568436691454e+03,  3.4657717451849003e+01, -1.5007627021948894e+04,  1.0008769184835552e+01,  2.8497163684653297e+00,  2.3254257049229348e+00,  5.2575961904805235e-03,  4.3672000429273661e-02, -2.6370256752670551e-01,  2.8140137762989720e-01, -1.1072357034916124e-04, -6.0333595170920784e-04,  2.9936977509089500e-02, -9.4029380510449786e-04, -1.0402568285938294e-05,  4.8117410583745638e-04, -2.6458169827269121e-03, -5.1602136064141492e-04
 4.5600000000000005e+00,  6.3367746629170085e+02,  2.3913124764757501e-02,  2.9890266791715010e+01, -2.3786238579680902e-02,  8.8622726582425856e-02,  5.0281395232791815e-01,  2.8920972815909704e+03,  3.4863720644749677e+01, -1.5007648030919665e+04,  1.0008785468574493e+01,  2.8497152212890406e+00,  2.3305376709818737e+00,  5.2564884346486176e-03,  4.3665991128461860e-02, -2.6340333004246375e-01,  2.8139194889077812e-01, -1.1082771101964075e-04, -5.9854216934716886e-04,  2.9910756066708209e-02, -9.4540371384230811e-04, -1.0425565809962308e-05,  4.7758236657033956e-04, -2.5984714935310873e-03, -5.0596038692061085e-04
 4.5700000000000003e+00,  6.3367786124544500e+02,  2.3947165325174116e-02,  2.9889964932333140e+01, -2.3785736776031879e-02,  8.8622899350713019e-02,  5.0281350797026547e-01,  2.8984377048824867e+03,  3.5070290466963286e+01, -1.5007669042897289e+04,  1.0008801757044919e+01,  2.8497140751430399e+00,  2.3356496329401550e+00,  5.2553796362601306e-03,  4.3660029585886717e-02, -2.6310435240537133e-01,  2.8138246955562035e-01, -1.1093208321104740e-04, -5.9378414934316162e-04,  2.9885006378303020e-02, -9.5041315486268181e-04, -1.0448872470384286e-05,  4.7402163423639700e-04, -2.5514661877724643e-03, -4.9592781714571270e-04
 4.5800000000000001e+00,  6.3367825406779752e+02,  2.3981275210860721e-02,  2.9889665555577920e+01, -2.3785238856152104e-02,  8.8623071079333232e-02,  5.0281306672313819e-01,  2.9047781134732209e+03,  3.5277426912582349e+01, -1.5007690057856187e+04,  1.0008818050209429e+01,  2.8497129300112078e+00,  2.3407615908267432e+00,  5.2542697929843967e-03,  4.3654115445474997e-02, -2.6280562991489770e-01,  2.8137294062768087e-01, -1.1103668995818336e-04, -5.8906158312070503e-04,  2.9859725055403987e-02, -9.5532241511377776e-04, -1.0472476956805313e-05,  4.7049161025493954e-04, -2.5047983920335427e-03, -4.8592423307349658e-04
 4.5899999999999999e+00,  6.3367864475003853e+02,  2.4015454234452536e-02,  2.9889368641803809e+01, -2.3784744800762442e-02,  8.8623241775505318e-02,  5.0281262856579145e-01,  2.9111185072926010e+03,  3.5485129975721307e+01, -1.5007711075770972e+04,  1.0008834348030799e+01,  2.8497117858775418e+00,  2.3458735446704071e+00,  5.2531589024609670e-03,  4.3648248354224303e-02, -2.6250715790426327e-01,  2.8136336310731808e-01, -1.1114153418470816e-04, -5.8437416509264694e-04,  2.9834908736547237e-02, -9.6013178734197788e-04, -1.0496368349141098e-05,  4.6699199535147408e-04, -2.4584653790514755e-03, -4.7595021257504946e-04
 4.6000000000000005e+00,  6.3367903328364491e+02,  2.4049702211451859e-02,  2.9889074171541534e+01, -2.3784254590437461e-02,  8.8623411446319078e-02,  5.0281219347758599e-01,  2.9174588862699597e+03,  3.5693399650516312e+01, -1.5007732096616443e+04,  1.0008850650471997e+01,  2.8497106427261474e+00,  2.3509854944997257e+00,  5.2520469623007025e-03,  4.3642427962173144e-02, -2.6220893174016674e-01,  2.8135373799193403e-01, -1.1124661870587103e-04, -5.7972159264138622e-04,  2.9810554087463671e-02, -9.6484157002527647e-04, -1.0520535883434338e-05,  4.6352249490064863e-04, -2.4124644376620759e-03, -4.6600632408464528e-04
 4.6100000000000003e+00,  6.3367941966029014e+02,  2.4084018960200130e-02,  2.9888782125496384e+01, -2.3783768205610043e-02,  8.8623580098739496e-02,  5.0281176143798856e-01,  2.9237992503345349e+03,  3.5902235931124906e+01, -1.5007753120367581e+04,  1.0008866957496164e+01,  2.8497095005412372e+00,  2.3560974403430865e+00,  5.2509339700868496e-03,  4.3636653922371475e-02, -2.6191094682251398e-01,  2.8134406627591757e-01, -1.1135194623122334e-04, -5.7510356609205397e-04,  2.9786657800898810e-02, -9.6945206730927175e-04, -1.0544969186038649e-05,  4.6008281497091649e-04, -2.3667928755744983e-03, -4.5609313270580102e-04
 4.6200000000000001e+00,  6.3367980387184321e+02,  2.4118404301850083e-02,  2.9888492484546564e+01, -2.3783285626576143e-02,  8.8623747739610584e-02,  5.0281133242657172e-01,  2.9301395994154741e+03,  3.6111638811725882e+01, -1.5007774146999553e+04,  1.0008883269066629e+01,  2.8497083593071282e+00,  2.3612093822286861e+00,  5.2498199233760780e-03,  4.3630925890851303e-02, -2.6161319858414878e-01,  2.8133434895058784e-01, -1.1145751936735068e-04, -5.7051978868545399e-04,  2.9763216596573962e-02, -9.7396358894610141e-04, -1.0569658039430891e-05,  4.5667266634909779e-04, -2.3214479893952523e-03, -4.4621119466017005e-04
 4.6299999999999999e+00,  6.3368018591036844e+02,  2.4152858060337748e-02,  2.9888205229741516e+01, -2.3782806833499631e-02,  8.8623914375659502e-02,  5.0281090642301574e-01,  2.9364799334418353e+03,  3.6321608286518988e+01, -1.5007795176487707e+04,  1.0008899585146914e+01,  2.8497072190082475e+00,  2.3663213201845332e+00,  5.2487048196995026e-03,  4.3625243526597766e-02, -2.6131568249058251e-01,  2.8132458700413865e-01, -1.1156334062015280e-04, -5.6596996654314873e-04,  2.9740227220723749e-02, -9.7837645023359648e-04, -1.0594592520993715e-05,  4.5329176211197079e-04, -2.2764271806475639e-03, -4.3636106283886006e-04
 4.6399999999999997e+00,  6.3368056576812467e+02,  2.4187380062354602e-02,  2.9887920342300291e+01, -2.3782331806417239e-02,  8.8624080013500126e-02,  5.0281048340710721e-01,  2.9428202523425880e+03,  3.6532144349724668e+01, -1.5007816208807573e+04,  1.0008915905700722e+01,  2.8497060796291236e+00,  2.3714332542384482e+00,  5.2475886565636750e-03,  4.3619606491520441e-02, -2.6101839403973431e-01,  2.8131478142158317e-01, -1.1166941239772451e-04, -5.6145380865969905e-04,  2.9717686446178317e-02, -9.8269097195677834e-04, -1.0619762994337266e-05,  4.4993981457295418e-04, -2.2317277281746011e-03, -4.2654328180622678e-04
 4.6500000000000004e+00,  6.3368094343756479e+02,  2.4221970137319720e-02,  2.9887637803609927e+01, -2.3781860525243548e-02,  8.8624244659636836e-02,  5.0281006335874090e-01,  2.9491605560466178e+03,  3.6743246995583888e+01, -1.5007837243934857e+04,  1.0008932230691949e+01,  2.8497049411543900e+00,  2.3765451844180632e+00,  5.2464714314515480e-03,  4.3614014450424572e-02, -2.6072132876165893e-01,  2.8130493318469951e-01, -1.1177573701246209e-04, -5.5697102686358510e-04,  2.9695591072006346e-02, -9.8690748031591224e-04, -1.0645159953178782e-05,  4.4661654464981542e-04, -2.1873471062193828e-03, -4.1675839002051370e-04
 4.6600000000000001e+00,  6.3368131891133510e+02,  2.4256628117351863e-02,  2.9887357595223829e+01, -2.3781392969776088e-02,  8.8624408320467904e-02,  5.0280964625791913e-01,  2.9555008444827245e+03,  3.6954916218357795e+01, -1.5007858281845443e+04,  1.0008948560084683e+01,  2.8497038035687781e+00,  2.3816571107508238e+00,  5.2453531418234257e-03,  4.3608467070983169e-02, -2.6042448221829417e-01,  2.8129504327197685e-01, -1.1188231668372742e-04, -5.5252133579383538e-04,  2.9673937923569503e-02, -9.9102630687077802e-04, -1.0670774298893638e-05,  4.4332166930507127e-04, -2.1432825814128114e-03, -4.0700692094388161e-04
 4.6699999999999999e+00,  6.3368169218227479e+02,  2.4291353837241621e-02,  2.9887079698860177e+01, -2.3780929119700468e-02,  8.8624571002289002e-02,  5.0280923208475237e-01,  2.9618411175796286e+03,  3.7167152012327620e+01, -1.5007879322515393e+04,  1.0008964893843201e+01,  2.8497026668571235e+00,  2.3867690332639908e+00,  5.2442337851178735e-03,  4.3602964023708696e-02, -2.6012785000318756e-01,  2.8128511265856210e-01, -1.1198915354049331e-04, -5.4810445287747705e-04,  2.9652723852286532e-02, -9.9504778847960733e-04, -1.0696597054285951e-05,  4.4005491396661089e-04, -2.0995316751815990e-03, -3.9728940082197104e-04
 4.6799999999999997e+00,  6.3368206324341509e+02,  2.4326147134423545e-02,  2.9886804096400343e+01, -2.3780468954595561e-02,  8.8624732711296395e-02,  5.0280882081945943e-01,  2.9681813752659700e+03,  3.7379954371794376e+01, -1.5007900365920939e+04,  1.0008981231931974e+01,  2.8497015310043587e+00,  2.3918809519846396e+00,  5.2431133587526159e-03,  4.3597504981925619e-02, -2.5983142774124846e-01,  2.8127514231620726e-01, -1.1209624962344509e-04, -5.4372009830222631e-04,  2.9631945735347092e-02, -9.9897226723541987e-04, -1.0722619537064720e-05,  4.3681600107867906e-04, -2.0560917124433802e-03, -3.8760635034938305e-04
 4.6900000000000004e+00,  6.3368243208797890e+02,  2.4361007848948353e-02,  2.9886530769887333e+01, -2.3780012453938727e-02,  8.8624893453590134e-02,  5.0280841244236774e-01,  2.9745216174703123e+03,  3.7593323291078661e+01, -1.5007921412038488e+04,  1.0008997574315668e+01,  2.8497003959955154e+00,  2.3969928669396623e+00,  5.2419918601254046e-03,  4.3592089621742651e-02, -2.5953521108848060e-01,  2.8126513321321739e-01, -1.1220360688719238e-04, -5.3936799500052676e-04,  2.9611600475642357e-02, -1.0028000904049640e-03, -1.0748833212392342e-05,  4.3360465926121304e-04, -2.0129602285034092e-03, -3.7795828355944780e-04
 4.7000000000000002e+00,  6.3368279870937999e+02,  2.4395935823455055e-02,  2.9886259701524217e+01, -2.3779559597111071e-02,  8.8625053235177137e-02,  5.0280800693391348e-01,  2.9808618441211420e+03,  3.7807258764520377e+01, -1.5007942460844617e+04,  1.0009013920959148e+01,  2.8496992618157209e+00,  2.4021047781557661e+00,  5.2408692866148720e-03,  4.3586717622025609e-02, -2.5923919573173559e-01,  2.8125508631439916e-01, -1.1231122720289467e-04, -5.3504786860400250e-04,  2.9591685001526612e-02, -1.0065316103647019e-03, -1.0775229927068490e-05,  4.3042062004840681e-04, -1.9701345949086633e-03, -3.6834570837919651e-04
 4.7100000000000000e+00,  6.3368316310122236e+02,  2.4430930903143324e-02,  2.9885990873672604e+01, -2.3779110363402734e-02,  8.8625212061974087e-02,  5.0280760427464166e-01,  2.9872020551468727e+03,  3.8021760786478616e+01, -1.5007963512316075e+04,  1.0009030271827466e+01,  2.8496981284501977e+00,  2.4072166856594794e+00,  5.2397456355813467e-03,  4.3581388664370571e-02, -2.5894337738845008e-01,  2.8124500258101010e-01, -1.1241911236034294e-04, -5.3075944743860310e-04,  2.9572196266739535e-02, -1.0101671845425201e-03, -1.0801801562585384e-05,  4.2726361303148819e-04, -1.9276123625067965e-03, -3.5876912718448147e-04
 4.7199999999999998e+00,  6.3368352525729949e+02,  2.4465992935745598e-02,  2.9885724268851117e+01, -2.3778664732018166e-02,  8.8625369939810336e-02,  5.0280720444520655e-01,  2.9935422504758476e+03,  3.8236829351331387e+01, -1.5007984566429775e+04,  1.0009046626885876e+01,  2.8496969958842673e+00,  2.4123285894771462e+00,  5.2386209043676652e-03,  4.3576102433076837e-02, -2.5864775180640082e-01,  2.8123488297070831e-01, -1.1252726406993114e-04, -5.2650246249729034e-04,  2.9553131249914637e-02, -1.0137071753457448e-03, -1.0828540356055460e-05,  4.2413337522637914e-04, -1.8853910022097705e-03, -3.4922903346943978e-04
 4.7300000000000004e+00,  6.3368388517159383e+02,  2.4501121771499556e-02,  2.9885459869733879e+01, -2.3778222682081445e-02,  8.8625526874430635e-02,  5.0280680742637118e-01,  2.9998824300363394e+03,  3.8452464453475422e+01, -1.5008005623162802e+04,  1.0009062986099838e+01,  2.8496958641033365e+00,  2.4174404896349326e+00,  5.2374950902999481e-03,  4.3570858615120625e-02, -2.5835231476345177e-01,  2.8122472843750318e-01, -1.1263568396512828e-04, -5.2227664740603548e-04,  2.9534486954826283e-02, -1.0171519501139580e-03, -1.0855438683370964e-05,  4.2102964302457582e-04, -1.8434680154610066e-03, -3.3972592017315716e-04
 4.7400000000000002e+00,  6.3368424283827596e+02,  2.4536317263120257e-02,  2.9885197659149007e+01, -2.3777784192641566e-02,  8.8625682871497843e-02,  5.0280641319900821e-01,  3.0062225937565522e+03,  3.8668666087325903e+01, -1.5008026682492402e+04,  1.0009079349434996e+01,  2.8496947330929139e+00,  2.4225523861588236e+00,  5.2363681906883626e-03,  4.3565656900128716e-02, -2.5805706206730428e-01,  2.8121453993170603e-01, -1.1274437360432318e-04, -5.1808173841192957e-04,  2.9516260409751600e-02, -1.0205018810466532e-03, -1.0882489154609896e-05,  4.1795215580122232e-04, -1.8018409997378683e-03, -3.3026026635686622e-04
 4.7500000000000000e+00,  6.3368459825170407e+02,  2.4571579265772719e-02,  2.9884937620077153e+01, -2.3777349242677739e-02,  8.8625837936595439e-02,  5.0280602174409927e-01,  3.0125627415646263e+03,  3.8885434247316375e+01, -1.5008047744395986e+04,  1.0009095716857203e+01,  2.8496936028385957e+00,  2.4276642790746279e+00,  5.2352402028278617e-03,  4.3560496980352387e-02, -2.5776198955525675e-01,  2.8120431839988225e-01, -1.1285333447294958e-04, -5.1391747434085795e-04,  2.9498448667387229e-02, -1.0237573451421730e-03, -1.0909684570667899e-05,  4.1490065841311532e-04, -1.7605074731364607e-03, -3.2083255274707712e-04
 4.7599999999999998e+00,  6.3368495140642290e+02,  2.4606907637044272e-02,  2.9884679735650007e+01, -2.3776917811104692e-02,  8.8625992075230059e-02,  5.0280563304273540e-01,  3.0189028733886380e+03,  3.9102768927898467e+01, -1.5008068808851129e+04,  1.0009112088332515e+01,  2.8496924733260642e+00,  2.4327761684079747e+00,  5.2341111239989037e-03,  4.3555378550641899e-02, -2.5746709309395654e-01,  2.8119406478480319e-01, -1.1296256798554432e-04, -5.0978359659412315e-04,  2.9481048804829588e-02, -1.0269187241423768e-03, -1.0937017949282974e-05,  4.1187489092929009e-04, -1.7194650381301729e-03, -3.1144324730279733e-04
 4.7700000000000005e+00,  6.3368530229716339e+02,  2.4642302236916991e-02,  2.9884423989148861e+01, -2.3776489876777881e-02,  8.8626145292833844e-02,  5.0280524707611685e-01,  3.0252429891566012e+03,  3.9320670123541731e+01, -1.5008089875835565e+04,  1.0009128463827180e+01,  2.8496913445410987e+00,  2.4378880541843193e+00,  5.2329809514681507e-03,  4.3550301308420504e-02, -2.5717236857916015e-01,  2.8118378002539940e-01, -1.1307207548752559e-04, -5.0567984911929981e-04,  2.9464057923147421e-02, -1.0299864044632551e-03, -1.0964482446972949e-05,  4.0887460403536192e-04, -1.6787112983029154e-03, -3.0209281687286477e-04
 4.7800000000000002e+00,  6.3368565091884170e+02,  2.4677762927740324e-02,  2.9884170364003154e+01, -2.3776065418498787e-02,  8.8626297594766826e-02,  5.0280486382555323e-01,  3.0315830887964694e+03,  3.9539137828733374e+01, -1.5008110945327191e+04,  1.0009144843307656e+01,  2.8496902164695639e+00,  2.4429999364289379e+00,  5.2318496824891531e-03,  4.3545264953659513e-02, -2.5687781193549358e-01,  2.8117346505671392e-01, -1.1318185825721116e-04, -5.0160597837544914e-04,  2.9447473147254450e-02, -1.0329607771447868e-03, -1.0992071489135860e-05,  4.0589954473925835e-04, -1.6382438805529619e-03, -2.9278171942427459e-04
 4.7900000000000000e+00,  6.3368599726655862e+02,  2.4713289574203622e-02,  2.9883918843789051e+01, -2.3775644415020079e-02,  8.8626448986319079e-02,  5.0280448327246308e-01,  3.0379231722361396e+03,  3.9758172037978163e+01, -1.5008132017304059e+04,  1.0009161226740595e+01,  2.8496890890974114e+00,  2.4481118151669339e+00,  5.2307173143030065e-03,  4.3540269188852995e-02, -2.5658341911621507e-01,  2.8116312080985650e-01, -1.1329191750798667e-04, -4.9756173332722261e-04,  2.9431291625851081e-02, -1.0358422377676701e-03, -1.1019778665966509e-05,  4.0294946490606107e-04, -1.5980604001209612e-03, -2.8351040515241054e-04
 4.7999999999999998e+00,  6.3368634133559874e+02,  2.4748882043308842e-02,  2.9883669412228020e+01, -2.3775226845050800e-02,  8.8626599472712925e-02,  5.0280410539837439e-01,  3.0442632394034522e+03,  3.9977772745798184e+01, -1.5008153091744378e+04,  1.0009177614092861e+01,  2.8496879624106808e+00,  2.4532236904232394e+00,  5.2295838441389934e-03,  4.3535313718992968e-02, -2.5628918610297657e-01,  2.8115274821195857e-01, -1.1340225438954010e-04, -4.9354686540366538e-04,  2.9415510531035513e-02, -1.0386311864118739e-03, -1.1047597645724206e-05,  4.0002411980098285e-04, -1.5581585627310439e-03, -2.7427932369760002e-04
 4.8100000000000005e+00,  6.3368668312142961e+02,  2.4784540204343248e-02,  2.9883422053185434e+01, -2.3774812687261480e-02,  8.8626749059105073e-02,  5.0280373018492419e-01,  3.0506032902261941e+03,  4.0197939946732667e+01, -1.5008174168626516e+04,  1.0009194005331512e+01,  2.8496868363954992e+00,  2.4583355622226102e+00,  5.2284492692152157e-03,  4.3530398251544922e-02, -2.5599510890559435e-01,  2.8114234818612827e-01, -1.1351286998972659e-04, -4.8956112848745886e-04,  2.9400127057904055e-02, -1.0413280275928009e-03, -1.1075522391573211e-05,  3.9712326344030601e-04, -1.5185360635604904e-03, -2.6508891248776419e-04
 4.8200000000000003e+00,  6.3368702261970111e+02,  2.4820263928852174e-02,  2.9883176750669179e+01, -2.3774401920289241e-02,  8.8626897750588546e-02,  5.0280335761385841e-01,  3.0569433246320982e+03,  4.0418673635337747e+01, -1.5008195247928994e+04,  1.0009210400423827e+01,  2.8496857110380747e+00,  2.4634474305896332e+00,  5.2273135867391988e-03,  4.3525522496423219e-02, -2.5570118356181848e-01,  2.8113192165140671e-01, -1.1362376533676013e-04, -4.8560427889089355e-04,  2.9385138424634711e-02, -1.0439331701861622e-03, -1.1103547014127330e-05,  3.9424665587707867e-04, -1.4791905905698420e-03, -2.5593960617521484e-04
 4.8300000000000001e+00,  6.3368735982624446e+02,  2.4856053090611920e-02,  2.9882933488828272e+01, -2.3773994522742800e-02,  8.8627045552194708e-02,  5.0280298766703158e-01,  3.0632833425488489e+03,  4.0639973806186390e+01, -1.5008216329630484e+04,  1.0009226799337259e+01,  2.8496845863247060e+00,  2.4685592955487232e+00,  5.2261767939084805e-03,  4.3520686165967104e-02, -2.5540740613710167e-01,  2.8112146952272454e-01, -1.1373494140029770e-04, -4.8167607532950322e-04,  2.9370541872118031e-02, -1.0464470273835681e-03, -1.1131665693387335e-05,  3.9139405640100104e-04, -1.4401199127656642e-03, -2.4683183330599320e-04
 4.8399999999999999e+00,  6.3368769473707175e+02,  2.4891907565602667e-02,  2.9882692251951500e+01, -2.3773590473207463e-02,  8.8627192468895055e-02,  5.0280262032640743e-01,  3.0696233439040816e+03,  4.0861840453868133e+01, -1.5008237413709814e+04,  1.0009243202039498e+01,  2.8496834622417673e+00,  2.4736711571241243e+00,  5.2250388879111929e-03,  4.3515888974916629e-02, -2.5511377272437613e-01,  2.8111099271085904e-01, -1.1384639909341098e-04, -4.7777627890064072e-04,  2.9356334663851336e-02, -1.0488700166233246e-03, -1.1159872930279797e-05,  3.8856522936723685e-04, -1.4013217403129794e-03, -2.3776601465462800e-04
 4.8500000000000005e+00,  6.3368802734837493e+02,  2.4927827231981406e-02,  2.9882453024466063e+01, -2.3773189750250029e-02,  8.8627338505603129e-02,  5.0280225557405778e-01,  3.0759633286253857e+03,  4.1084273572988941e+01, -1.5008258500145959e+04,  1.0009259608498420e+01,  2.8496823387757240e+00,  2.4787830153399146e+00,  5.2238998659266123e-03,  4.3511130640389091e-02, -2.5482027944382463e-01,  2.8110049212239208e-01, -1.1395813927406095e-04, -4.7390465306196576e-04,  2.9342514085577854e-02, -1.0512025595238207e-03, -1.1188163199712425e-05,  3.8575993836774012e-04, -1.3627939143833682e-03, -2.2874256544457350e-04
 4.8600000000000003e+00,  6.3368835765652489e+02,  2.4963811970055143e-02,  2.9882215790936243e+01, -2.3772792332423652e-02,  8.8627483667176155e-02,  5.0280189339216319e-01,  3.0823032966403039e+03,  4.1307273158170979e+01, -1.5008279588918045e+04,  1.0009276018682103e+01,  2.8496812159131166e+00,  2.4838948702200012e+00,  5.2227597251257116e-03,  4.3506410881855390e-02, -2.5452692244266456e-01,  2.8108996865966857e-01, -1.1407016274650877e-04, -4.7006096361227771e-04,  2.9329077444990095e-02, -1.0534450818333822e-03, -1.1216531288841181e-05,  3.8297795157406466e-04, -1.3245342034285410e-03, -2.1976189645834637e-04
 4.8700000000000001e+00,  6.3368868565807088e+02,  2.4999861662253896e-02,  2.9881980536062070e+01, -2.3772398198272624e-02,  8.8627627958416888e-02,  5.0280153376301207e-01,  3.0886432478763381e+03,  4.1530839204052526e+01, -1.5008300680005344e+04,  1.0009292432558842e+01,  2.8496800936405711e+00,  2.4890067217881273e+00,  5.2216184626716821e-03,  4.3501729421116846e-02, -2.5423369789492484e-01,  2.8107942322075541e-01, -1.1418247026309393e-04, -4.6624497866133312e-04,  2.9316022071777040e-02, -1.0555980133636570e-03, -1.1244972028188118e-05,  3.8021903861486472e-04, -1.2865404391826922e-03, -2.1082440959664173e-04
 4.8799999999999999e+00,  6.3368901134973942e+02,  2.5035976193104062e-02,  2.9881747244677999e+01, -2.3772007326337080e-02,  8.8627771384075058e-02,  5.0280117666900115e-01,  3.0949831822609490e+03,  4.1754971705287751e+01, -1.5008321773387279e+04,  1.0009308850097131e+01,  2.8496789719447939e+00,  2.4941185700678683e+00,  5.2204760757204498e-03,  4.3497085982282163e-02, -2.5394060200122903e-01,  2.8106885669940129e-01, -1.1429506252534362e-04, -4.6245646861433774e-04,  2.9303345317214305e-02, -1.0576617879287879e-03, -1.1273480421750618e-05,  3.7748297078423143e-04, -1.2488104733643902e-03, -2.0193050342954573e-04
 4.8899999999999997e+00,  6.3368933472843366e+02,  2.5072155449201706e-02,  2.9881515901751623e+01, -2.3771619695157672e-02,  8.8627913948849113e-02,  5.0280082209263466e-01,  3.1013230997215569e+03,  4.1979670656546567e+01, -1.5008342869043414e+04,  1.0009325271265670e+01,  2.8496778508125682e+00,  2.4992304150826339e+00,  5.2193325614211753e-03,  4.3492480291744559e-02, -2.5364763098858056e-01,  2.8105826998499683e-01, -1.1440794018546543e-04, -4.5869520615241297e-04,  2.9291044553866209e-02, -1.0596368432813396e-03, -1.1302051603628327e-05,  3.7476952159663448e-04, -1.2113421959946686e-03, -1.9308056709021134e-04
 4.9000000000000004e+00,  6.3368965579123255e+02,  2.5108399319185942e-02,  2.9881286492382372e+01, -2.3771235283280106e-02,  8.8628055657387683e-02,  5.0280047001652461e-01,  3.1076630001855469e+03,  4.2204936052514469e+01, -1.5008363966953460e+04,  1.0009341696033362e+01,  2.8496767302307582e+00,  2.5043422568556748e+00,  5.2181879169167405e-03,  4.3487912078159115e-02, -2.5335478111015169e-01,  2.8104766396253567e-01, -1.1452110384776045e-04, -4.5496096619904506e-04,  2.9279117175364678e-02, -1.0615236210597988e-03, -1.1330680855375395e-05,  3.7207846907692468e-04, -1.1741335043113379e-03, -1.8427498860162076e-04
 4.9100000000000001e+00,  6.3368997453538987e+02,  2.5144707693712409e-02,  2.9881059001800232e+01, -2.3770854069259661e-02,  8.8628196514291005e-02,  5.0280012042339006e-01,  3.1140028835802655e+03,  4.2430767887892316e+01, -1.5008385067097273e+04,  1.0009358124369323e+01,  2.8496756101863081e+00,  2.5094540954100717e+00,  5.2170421393442201e-03,  4.3483381072420578e-02, -2.5306204864507326e-01,  2.8103703951257564e-01, -1.1463455407007239e-04, -4.5125352591200279e-04,  2.9267560596430500e-02, -1.0633225667217255e-03, -1.1359363605995472e-05,  3.6940958833554994e-04, -1.1371822827844144e-03, -1.7551414377426548e-04
 4.9199999999999999e+00,  6.3369029095833332e+02,  2.5181080465426935e-02,  2.9880833415364478e+01, -2.3770476031665582e-02,  8.8628336524112394e-02,  5.0279977329605730e-01,  3.1203427498330279e+03,  4.2657166157396269e+01, -1.5008406169454847e+04,  1.0009374556242863e+01,  2.8496744906662359e+00,  2.5145659307687485e+00,  5.2158952258353391e-03,  4.3478887007640875e-02, -2.5276942989822310e-01,  2.8102639751120123e-01, -1.1474829136474165e-04, -4.4757266466529787e-04,  2.9256372252537480e-02, -1.0650341294826898e-03, -1.1388095327858270e-05,  3.6676266100545320e-04, -1.1004864958197771e-03, -1.6679840841860738e-04
 4.9299999999999997e+00,  6.3369060505766367e+02,  2.5217517528939158e-02,  2.9880609718562425e+01, -2.3770101149085419e-02,  8.8628475691359551e-02,  5.0279942861745930e-01,  3.1266825988711166e+03,  4.2884130855757576e+01, -1.5008427274006319e+04,  1.0009390991623503e+01,  2.8496733716576417e+00,  2.5196777629544669e+00,  5.2147471735169253e-03,  4.3474429619127272e-02, -2.5247692120002252e-01,  2.8101573882998598e-01, -1.1486231620010020e-04, -4.4391816400901981e-04,  2.9245549599448573e-02, -1.0666587622609499e-03, -1.1416871744870411e-05,  3.6413747024620065e-04, -1.0640441217013084e-03, -1.5812814724291239e-04
 4.9400000000000004e+00,  6.3369091683115414e+02,  2.5254018780796340e-02,  2.9880387897008177e+01, -2.3769729400129259e-02,  8.8628614020496030e-02,  5.0279908637063553e-01,  3.1330224306217842e+03,  4.3111661977722449e+01, -1.5008448380731965e+04,  1.0009407430480975e+01,  2.8496722531476975e+00,  2.5247895919898280e+00,  5.2135979795113370e-03,  4.3470008644360694e-02, -2.5218451890623411e-01,  2.8100506433595601e-01, -1.1497662900146905e-04, -4.4028980765857908e-04,  2.9235090113174256e-02, -1.0681969216136153e-03, -1.1445688528898850e-05,  3.6153379984192320e-04, -1.0278531331619570e-03, -1.4950372329013839e-04
 4.9500000000000002e+00,  6.3369122627674903e+02,  2.5290584119457206e-02,  2.9880167936441396e+01, -2.3769360763433913e-02,  8.8628751515942322e-02,  5.0279874653873191e-01,  3.1393622450122539e+03,  4.3339759518051835e+01, -1.5008469489612200e+04,  1.0009423872785204e+01,  2.8496711351236526e+00,  2.5299014178972730e+00,  5.2124476409368958e-03,  4.3465623822974100e-02, -2.5189221939775902e-01,  2.8099437489155371e-01, -1.1509123015222211e-04, -4.3668738147728081e-04,  2.9224991289637028e-02, -1.0696490676753939e-03, -1.1474541620690660e-05,  3.5895143642163260e-04, -9.9191157454385569e-04, -1.4092548905609339e-04
 4.9600000000000000e+00,  6.3369153339256331e+02,  2.5327213445265964e-02,  2.9879949822726079e+01, -2.3768995217666948e-02,  8.8628888182077245e-02,  5.0279840910499984e-01,  3.1457020419697237e+03,  4.3568423471521378e+01, -1.5008490600627578e+04,  1.0009440318506327e+01,  2.8496700175728327e+00,  2.5350132406990862e+00,  5.2112961549082926e-03,  4.3461274896731149e-02, -2.5160001908044138e-01,  2.8098367135460250e-01, -1.1520611999526062e-04, -4.3311067345793797e-04,  2.9215250644651979e-02, -1.0710156641030816e-03, -1.1503426987011725e-05,  3.5639016744694460e-04, -9.5621742246536270e-04, -1.3239379648145042e-04
 4.9699999999999998e+00,  6.3369183817688145e+02,  2.5363906660426355e-02,  2.9879733541849351e+01, -2.3768632741530706e-02,  8.8629024023239036e-02,  5.0279807405279664e-01,  3.1520418214213664e+03,  4.3797653832921199e+01, -1.5008511713758786e+04,  1.0009456767614676e+01,  2.8496689004826372e+00,  2.5401250604173957e+00,  5.2101435185369907e-03,  4.3456961609504942e-02, -2.5130791438486599e-01,  2.8097295457827165e-01, -1.1532129883377086e-04, -4.2955947369519417e-04,  2.9205865713540662e-02, -1.0722971780146892e-03, -1.1532340716060597e-05,  3.5384978509798748e-04, -9.2076879953935289e-04, -1.2390898584956883e-04
 4.9800000000000004e+00,  6.3369214062815638e+02,  2.5400663668975830e-02,  2.9879519079920268e+01, -2.3768273313766169e-02,  8.8629159043726494e-02,  5.0279774136558486e-01,  3.1583815832943314e+03,  4.4027450597055797e+01, -1.5008532828986648e+04,  1.0009473220080801e+01,  2.8496677838405384e+00,  2.5452368770741729e+00,  5.2089897289316171e-03,  4.3452683707257245e-02, -2.5101590176617056e-01,  2.8096222541104221e-01, -1.1543676693235177e-04, -4.2603357436227636e-04,  2.9196834050806302e-02, -1.0734940799228296e-03, -1.1561279000121293e-05,  3.5133008148556288e-04, -8.8556374733257746e-04, -1.1547139577849386e-04
 4.9900000000000002e+00,  6.3369244074500898e+02,  2.5437484376759835e-02,  2.9879306423168625e+01, -2.3767916913156769e-02,  8.8629293247800195e-02,  5.0279741102693176e-01,  3.1647213275157465e+03,  4.4257813758743822e+01, -1.5008553946292122e+04,  1.0009489675875448e+01,  2.8496666676340832e+00,  2.5503486906912309e+00,  5.2078347831983436e-03,  4.3448440938017696e-02, -2.5072397770384985e-01,  2.8095148469667319e-01, -1.1555252451794857e-04, -4.2253276970432641e-04,  2.9188153230184154e-02, -1.0746068436873432e-03, -1.1590238118211966e-05,  3.4883085010818757e-04, -8.5060037735566220e-04, -1.0708135711468460e-04
 5.0000000000000000e+00,  6.3369273852622666e+02,  2.5474368691406232e-02,  2.9879095557943781e+01, -2.3767563518532098e-02,  8.8629426639683387e-02,  5.0279708302050963e-01,  3.1710610540127200e+03,  4.4488743312818059e+01, -1.5008575065656300e+04,  1.0009506134969568e+01,  2.8496655518508924e+00,  2.5554605012902347e+00,  5.2066786784412582e-03,  4.3444233051863158e-02, -2.5043213870156689e-01,  2.8094073327416846e-01, -1.1566857178080679e-04, -4.1905685601030036e-04,  2.9179820844105819e-02, -1.0756359464459083e-03, -1.1619214453432109e-05,  3.4635188869704212e-04, -8.1587683831155927e-04, -9.8739194598356002e-05
 5.0099999999999998e+00,  6.3369303397076283e+02,  2.5511316522299831e-02,  2.9878886470713493e+01, -2.3767213108771515e-02,  8.8629559223563248e-02,  5.0279675733009466e-01,  3.1774007627123428e+03,  4.4720239254125204e+01, -1.5008596187060402e+04,  1.0009522597334307e+01,  2.8496644364786565e+00,  2.5605723088926906e+00,  5.2055214117627275e-03,  4.3440059800897490e-02, -2.5014038128696775e-01,  2.8092997197774427e-01, -1.1578490887544691e-04, -4.1560563158008363e-04,  2.9171834503519838e-02, -1.0765818685559453e-03, -1.1648204475619446e-05,  3.4389299734259381e-04, -7.8139127834827302e-04, -9.0445227418629859e-05
 5.0200000000000005e+00,  6.3369332707773572e+02,  2.5548327780556948e-02,  2.9878679148062758e+01, -2.3766865662807671e-02,  8.8629691003591624e-02,  5.0279643393956708e-01,  3.1837404535416899e+03,  4.4952301577525766e+01, -1.5008617310485784e+04,  1.0009539062941027e+01,  2.8496633215051399e+00,  2.5656841135199548e+00,  5.2043629802637492e-03,  4.3435920939231557e-02, -2.4984870201149648e-01,  2.8091920163679734e-01, -1.1590153592153176e-04, -4.1217889673038789e-04,  2.9164191837919455e-02, -1.0774450935363306e-03, -1.1677204741349939e-05,  3.4145397259653464e-04, -7.4714184117304788e-04, -8.2199768658415919e-05
 5.0300000000000002e+00,  6.3369361784642751e+02,  2.5585402379000158e-02,  2.9878473576692681e+01, -2.3766521159629940e-02,  8.8629821983886220e-02,  5.0279611283291059e-01,  3.1900801264278202e+03,  4.5184930277893869e+01, -1.5008638435913928e+04,  1.0009555531761279e+01,  2.8496622069181763e+00,  2.5707959151932327e+00,  5.2032033810442968e-03,  4.3431816222962882e-02, -2.4955709745020935e-01,  2.8090842307587355e-01, -1.1601845300475668e-04, -4.0877645376726819e-04,  2.9156890494962739e-02, -1.0782261080116936e-03, -1.1706211902607289e-05,  3.3903462003105682e-04, -7.1312675015147969e-04, -7.4003126404601321e-05
 5.0400000000000000e+00,  6.3369390627628343e+02,  2.5622540232133142e-02,  2.9878269743419331e+01, -2.3766179578287732e-02,  8.8629952168531340e-02,  5.0279579399421215e-01,  3.1964197812977814e+03,  4.5418125350117222e+01, -1.5008659563326446e+04,  1.0009572003766824e+01,  2.8496610927056714e+00,  2.5759077139335775e+00,  5.2020426112036541e-03,  4.3427745410156211e-02, -2.4926556420159723e-01,  2.8089763711463711e-01, -1.1613566017776028e-04, -4.0539810694691954e-04,  2.9149928140281067e-02, -1.0789254016569058e-03, -1.1735222698109282e-05,  3.3663474403868070e-04, -6.7934418618301304e-04, -6.5855602637834883e-05
 5.0499999999999998e+00,  6.3369419236691067e+02,  2.5659741256115684e-02,  2.9878067635172616e+01, -2.3765840897893756e-02,  8.8630081561578894e-02,  5.0279547740766151e-01,  3.2027594180786095e+03,  4.5651886789096928e+01, -1.5008680692705078e+04,  1.0009588478929619e+01,  2.8496599788556027e+00,  2.5810195097618953e+00,  5.2008806678407416e-03,  4.3423708260823944e-02, -2.4897409888740374e-01,  2.8088684456784041e-01, -1.1625315746053517e-04, -4.0204366247991358e-04,  2.9143302456977764e-02, -1.0795434671306587e-03, -1.1764233857902164e-05,  3.3425414935893253e-04, -6.4579247421866842e-04, -5.7757492122331834e-05
 5.0600000000000005e+00,  6.3369447611807755e+02,  2.5697005368738719e-02,  2.9877867238995186e+01, -2.3765505097627131e-02,  8.8630210167049223e-02,  5.0279516305755079e-01,  3.2090990366973315e+03,  4.5886214589747382e+01, -1.5008701824031692e+04,  1.0009604957221821e+01,  2.8496588653560111e+00,  2.5861313026989441e+00,  5.1997175480544434e-03,  4.3419704536906613e-02, -2.4868269815245767e-01,  2.8087604624529450e-01, -1.1637094484133896e-04, -3.9871292850968598e-04,  2.9137011145680840e-02, -1.0800808000144019e-03, -1.1793242302853846e-05,  3.3189264468656691e-04, -6.1246978516613039e-04, -4.9709084626312557e-05
 5.0700000000000003e+00,  6.3369475752971232e+02,  2.5734332489399474e-02,  2.9877668542041313e+01, -2.3765172156736455e-02,  8.8630337988931912e-02,  5.0279485092827414e-01,  3.2154386370809648e+03,  4.6121108746996072e+01, -1.5008722957288277e+04,  1.0009621438615794e+01,  2.8496577521950135e+00,  2.5912430927653309e+00,  5.1985532489439148e-03,  4.3415734002253750e-02, -2.4839135866449011e-01,  2.8086524295184012e-01, -1.1648902227767091e-04, -3.9540571508019936e-04,  2.9131051924414297e-02, -1.0805378987621913e-03, -1.1822244962503786e-05,  3.2955004121428005e-04, -5.7937446840130831e-04, -4.1710664921980721e-05
 5.0800000000000001e+00,  6.3369503660190242e+02,  2.5771722539076908e-02,  2.9877471531575811e+01, -2.3764842054542747e-02,  8.8630465031186642e-02,  5.0279454100432730e-01,  3.2217782191565229e+03,  4.6356569255783583e+01, -1.5008744092456951e+04,  1.0009637923084085e+01,  2.8496566393607918e+00,  2.5963548799815195e+00,  5.1973877676088900e-03,  4.3411796422605009e-02, -2.4810007711396939e-01,  2.8085443548731925e-01, -1.1660738969670568e-04, -3.9212183412588311e-04,  2.9125422528073552e-02, -1.0809152646396266e-03, -1.1851238844451889e-05,  3.2722614964898761e-04, -5.4650479974773902e-04, -3.3762510565084385e-05
 5.0899999999999999e+00,  6.3369531333489329e+02,  2.5809175440307124e-02,  2.9877276194972950e+01, -2.3764514770442297e-02,  8.8630591297743880e-02,  5.0279423327030726e-01,  3.2281177828510135e+03,  4.6592596111063393e+01, -1.5008765229519955e+04,  1.0009654410599458e+01,  2.8496555268415982e+00,  2.6014666643678268e+00,  5.1962211011499808e-03,  4.3407891565571233e-02, -2.4780885021392865e-01,  2.8084362464654733e-01, -1.1672604699605121e-04, -3.8886109945366276e-04,  2.9120120708533308e-02, -1.0812134016657566e-03, -1.1880221025689094e-05,  3.2492078479161193e-04, -5.1385910804222347e-04, -2.5864894670489720e-05
 5.1000000000000005e+00,  6.3369558772908749e+02,  2.5846691117158916e-02,  2.9877082519715394e+01, -2.3764190283909442e-02,  8.8630716792505712e-02,  5.0279392771091169e-01,  3.2344573280914428e+03,  4.6829189307801784e+01, -1.5008786368459650e+04,  1.0009670901134859e+01,  2.8496544146257503e+00,  2.6065784459444252e+00,  5.1950532466689689e-03,  4.3404019200615936e-02, -2.4751767469979871e-01,  2.8083281121928594e-01, -1.1684499404435591e-04, -3.8562332672179510e-04,  2.9115144234161831e-02, -1.0814328165547921e-03, -1.1909188635250151e-05,  3.2263376158191034e-04, -4.8143576625301330e-04, -1.8018083136616406e-05
 5.1100000000000003e+00,  6.3369585978504381e+02,  2.5884269495209486e-02,  2.9876890493393127e+01, -2.3763868574499209e-02,  8.8630841519346568e-02,  5.0279362431093888e-01,  3.2407968548048129e+03,  4.7066348840977653e+01, -1.5008807509258522e+04,  1.0009687394663441e+01,  2.8496533027016340e+00,  2.6116902247313436e+00,  5.1938842012690936e-03,  4.3400179099036797e-02, -2.4722654732924540e-01,  2.8082199599021623e-01, -1.1696423068198187e-04, -3.8240833342071659e-04,  2.9110490889696427e-02, -1.0815740186548525e-03, -1.1938138888903892e-05,  3.2036489863719575e-04, -4.4923312708668699e-04, -1.0222336865873141e-05
 5.1200000000000001e+00,  6.3369612950347607e+02,  2.5921910501520273e-02,  2.9876700103702412e+01, -2.3763549621849917e-02,  8.8630965482113799e-02,  5.0279332305528690e-01,  3.2471363629181292e+03,  4.7304074705582522e+01, -1.5008828651899175e+04,  1.0009703891158548e+01,  2.8496521910577011e+00,  2.6168020007484678e+00,  5.1927139620553293e-03,  4.3396371033947521e-02, -2.4693546488200480e-01,  2.8081117973891284e-01, -1.1708375672135174e-04, -3.7921593885986124e-04,  2.9106158476050536e-02, -1.0816375199035563e-03, -1.1967068985069783e-05,  3.1811401353389025e-04, -4.1724960209156949e-04, -2.4779128748876278e-06
 5.1299999999999999e+00,  6.3369639688525206e+02,  2.5959614064612852e-02,  2.9876511338444743e+01, -2.3763233405685636e-02,  8.8631088684628448e-02,  5.0279302392895342e-01,  3.2534758523583978e+03,  4.7542366896620337e+01, -1.5008849796364335e+04,  1.0009720390593719e+01,  2.8496510796824714e+00,  2.6219137740155416e+00,  5.1915425261346666e-03,  4.3392594780259600e-02, -2.4664442415972440e-01,  2.8080036323981816e-01, -1.1720357194762519e-04, -3.7604596414831629e-04,  2.9102144810016283e-02, -1.0816238347588721e-03, -1.1995976269621967e-05,  3.1588092877511643e-04, -3.8548360475900134e-04,  5.2149418117155573e-06
 5.1399999999999997e+00,  6.3369666193139267e+02,  2.5997380114445117e-02,  2.9876324185525821e+01, -2.3762919905818580e-02,  8.8631211130685852e-02,  5.0279272691703525e-01,  3.2598153230526286e+03,  4.7781225409107385e+01, -1.5008870942636844e+04,  1.0009736892942687e+01,  2.8496499685645285e+00,  2.6270255445521702e+00,  5.1903698906163769e-03,  4.3388850114664555e-02, -2.4635342198580448e-01,  2.8078954726221766e-01, -1.1732367611967047e-04, -3.7289823217079825e-04,  2.9098447724373193e-02, -1.0815334801433680e-03, -1.2024858140474161e-05,  3.1366546672516256e-04, -3.5393352360023090e-04,  1.2855981279535318e-05
 5.1500000000000004e+00,  6.3369692464307093e+02,  2.6035208582387431e-02,  2.9876138632954529e+01, -2.3762609102151409e-02,  8.8631332824056289e-02,  5.0279243200472790e-01,  3.2661547749278366e+03,  4.8020650238072193e+01, -1.5008892090699665e+04,  1.0009753398179384e+01,  2.8496488576925225e+00,  2.6321373123778153e+00,  5.1891960526122731e-03,  4.3385136815616183e-02, -2.4606245520523692e-01,  2.8077873257021529e-01, -1.1744406896978677e-04, -3.6977256757663422e-04,  2.9095065067184116e-02, -1.0813669753889394e-03, -1.2053711882786255e-05,  3.1146745210762445e-04, -3.2259791421516873e-04,  2.0444969606180532e-05
 5.1600000000000001e+00,  6.3369718502161072e+02,  2.6073099401198993e-02,  2.9875954668841917e+01, -2.3762300974679424e-02,  8.8631453768485566e-02,  5.0279213917732513e-01,  3.2724942079110424e+03,  4.8260641378555349e+01, -1.5008913240535874e+04,  1.0009769906277928e+01,  2.8496477470551689e+00,  2.6372490775118020e+00,  5.1880210092369811e-03,  4.3381454663313022e-02, -2.4577152068446079e-01,  2.8076791992270989e-01, -1.1756475020428544e-04, -3.6666879675886169e-04,  2.9091994701643042e-02, -1.0811248421782834e-03, -1.2082535015903688e-05,  3.0928671145015392e-04, -2.9147519425844057e-04,  2.7981672534595019e-05
 5.1699999999999999e+00,  6.3369744306848600e+02,  2.6111052505004291e-02,  2.9875772281400209e+01, -2.3761995503492696e-02,  8.8631573967695582e-02,  5.0279184842021851e-01,  3.2788336219292760e+03,  4.8501198825609521e+01, -1.5008934392128667e+04,  1.0009786417212631e+01,  2.8496466366412472e+00,  2.6423608399733167e+00,  5.1868447576081875e-03,  4.3377803439681006e-02, -2.4548061531120408e-01,  2.8075711007337173e-01, -1.1768571950483428e-04, -3.6358674783480092e-04,  2.9089234506423433e-02, -1.0808076044977141e-03, -1.2111325093864217e-05,  3.0712307336201651e-04, -2.6056384966334224e-04,  3.5465863579277458e-05
 5.1799999999999997e+00,  6.3369769878531963e+02,  2.6149067829269790e-02,  2.9875591458941798e+01, -2.3761692668778076e-02,  8.8631693425384878e-02,  5.0279155971889700e-01,  3.2851730169095772e+03,  4.8742322574299259e+01, -1.5008955545461355e+04,  1.0009802930957996e+01,  2.8496455264395997e+00,  2.6474725997814086e+00,  5.1856672948468845e-03,  4.3374182928356327e-02, -2.4518973599433233e-01,  2.8074630377061993e-01, -1.1780697652782791e-04, -3.6052625063952846e-04,  2.9086782374865998e-02, -1.0804157885707405e-03, -1.2140079505909002e-05,  3.0497636568925496e-04, -2.2986246156485641e-04,  4.2897321805843955e-05
 5.1900000000000004e+00,  6.3369795217388219e+02,  2.6187145310780618e-02,  2.9875412189878279e+01, -2.3761392450821137e-02,  8.8631812145229263e-02,  5.0279127305894633e-01,  3.2915123927789969e+03,  4.8984012619700948e+01, -1.5008976700517358e+04,  1.0009819447488713e+01,  2.8496444164391352e+00,  2.6525843569549914e+00,  5.1844886180776309e-03,  4.3370592914668216e-02, -2.4489887966370674e-01,  2.8073550175760031e-01, -1.1792852090534196e-04, -3.5748713669118146e-04,  2.9084636215089714e-02, -1.0799499227997806e-03, -1.2168795996899678e-05,  3.0284642398013806e-04, -1.9936949369191628e-04,  5.0275832386146205e-05
 5.2000000000000002e+00,  6.3369820323609122e+02,  2.6225284887617512e-02,  2.9875234462719458e+01, -2.3761094830008038e-02,  8.8631930130882192e-02,  5.0279098842604875e-01,  3.2978517494645976e+03,  4.9226268956902622e+01, -1.5008997857280216e+04,  1.0009835966779669e+01,  2.8496433066288240e+00,  2.6576961115128417e+00,  5.1833087244287776e-03,  4.3367033185622503e-02, -2.4460804327003052e-01,  2.8072470477216394e-01, -1.1805035224563251e-04, -3.5446923918464800e-04,  2.9082793949881180e-02, -1.0794105377243354e-03, -1.2197472060160828e-05,  3.0073307732970852e-04, -1.6908354827372573e-04,  5.7601182712476950e-05
 5.2100000000000000e+00,  6.3369845197401014e+02,  2.6263486499133806e-02,  2.9875058266072397e+01, -2.3760799786827273e-02,  8.8632047385975396e-02,  5.0279070580598284e-01,  3.3041910868934579e+03,  4.9469091581003980e+01, -1.5009019015733576e+04,  1.0009852488805929e+01,  2.8496421969976984e+00,  2.6628078634736023e+00,  5.1821276110327183e-03,  4.3363503529884523e-02, -2.4431722378470913e-01,  2.8071391354684583e-01, -1.1817247013287585e-04, -3.5147239298116055e-04,  2.9081253515878602e-02, -1.0787981659571518e-03, -1.2226105388508068e-05,  2.9863616336779528e-04, -1.3900325224192639e-04,  6.4873170724236140e-05
 5.2199999999999998e+00,  6.3369869838984675e+02,  2.6301750085932631e-02,  2.9874883588640461e+01, -2.3760507301871358e-02,  8.8632163914119239e-02,  5.0279042518462214e-01,  3.3105304049926713e+03,  4.9712480487116224e+01, -1.5009040175861201e+04,  1.0009869013542751e+01,  2.8496410875348563e+00,  2.6679196128557843e+00,  5.1809452750261201e-03,  4.3360003737762880e-02, -2.4402641819971296e-01,  2.8070312880884479e-01, -1.1829487412831703e-04, -3.4849643457470522e-04,  2.9080012864222286e-02, -1.0781133421150252e-03, -1.2254693700780018e-05,  2.9655551792016920e-04, -1.0912707876231161e-04,  7.2091597691500430e-05
 5.2300000000000004e+00,  6.3369894248595278e+02,  2.6340075589844251e-02,  2.9874710419222364e+01, -2.3760217355838425e-02,  8.8632279718903265e-02,  5.0279014654793575e-01,  3.3168697036893491e+03,  4.9956435670361984e+01, -1.5009061337646959e+04,  1.0009885540965577e+01,  2.8496399782294524e+00,  2.6730313596777640e+00,  5.1797617135501519e-03,  4.3356533601193029e-02, -2.4373562352742467e-01,  2.8069235128000353e-01, -1.1841756377009644e-04, -3.4554120209340824e-04,  2.9079069959898222e-02, -1.0773566027910437e-03, -1.2283234655102160e-05,  2.9449097833920995e-04, -7.9453786050450397e-05,  7.9256267104806604e-05
 5.2400000000000002e+00,  6.3369918426482252e+02,  2.6378462953903399e-02,  2.9874538746711234e+01, -2.3759929929533744e-02,  8.8632394803896647e-02,  5.0278986988198726e-01,  3.3232089829106203e+03,  5.0200957125875156e+01, -1.5009082501074834e+04,  1.0009902071050037e+01,  2.8496388690707093e+00,  2.6781431039577877e+00,  5.1785769237507181e-03,  4.3353092913721011e-02, -2.4344483680051499e-01,  2.8068158167678897e-01, -1.1854053857344562e-04, -3.4260653527067763e-04,  2.9078422781294366e-02, -1.0765284864877830e-03, -1.2311726013681216e-05,  2.9244238620996924e-04, -4.9981934979739154e-05,  8.6366993556911487e-05
 5.2500000000000000e+00,  6.3369942372909156e+02,  2.6416912122327028e-02,  2.9874368560093689e+01, -2.3759645003871142e-02,  8.8632509172648533e-02,  5.0278959517293453e-01,  3.3295482425836353e+03,  5.0446044848800938e+01, -1.5009103666128914e+04,  1.0009918603771940e+01,  2.8496377600479059e+00,  2.6832548457139689e+00,  5.1773909027786830e-03,  4.3349681470487615e-02, -2.4315405507179880e-01,  2.8067082071027377e-01, -1.1866379803155459e-04, -3.3969227542473451e-04,  2.9078069320626686e-02, -1.0756295335506935e-03, -1.2340165608110659e-05,  2.9040958297866918e-04, -2.0710198556096234e-05,  9.3423593861001285e-05
 5.2599999999999998e+00,  6.3369966088153603e+02,  2.6455423040491966e-02,  2.9874199848448917e+01, -2.3759362559874372e-02,  8.8632622828688584e-02,  5.0278932240702900e-01,  3.3358874826355654e+03,  5.0691698834295643e+01, -1.5009124832793401e+04,  1.0009935139107283e+01,  2.8496366511503872e+00,  2.6883665849642919e+00,  5.1762036477900871e-03,  4.3346299068212517e-02, -2.4286327541410246e-01,  2.8066006908611796e-01, -1.1878734161546275e-04, -3.3679826545971516e-04,  2.9078007583318459e-02, -1.0746602861266582e-03, -1.2368551174576343e-05,  2.8839241002219577e-04,  8.3627371694202114e-06,  1.0042589093650170e-04
 5.2700000000000005e+00,  6.3369989572507143e+02,  2.6493995654912807e-02,  2.9874032600947761e+01, -2.3759082578678377e-02,  8.8632735775527327e-02,  5.0278905157061526e-01,  3.3422267029936065e+03,  5.0937919077526665e+01, -1.5009146001052597e+04,  1.0009951677032239e+01,  2.8496355423675537e+00,  2.6934783217266141e+00,  5.1750151559463737e-03,  4.3342945505178421e-02, -2.4257249492013241e-01,  2.8064932750455124e-01, -1.1891116877418911e-04, -3.3392434983409776e-04,  2.9078235587876748e-02, -1.0736212881084814e-03, -1.2396880570696971e-05,  2.8639071510126800e-04,  3.7238174488416993e-05,  1.0737371269886114e-04
 5.2800000000000002e+00,  6.3370012826275138e+02,  2.6532629913219977e-02,  2.9873866806851819e+01, -2.3758805041530502e-02,  8.8632848016656454e-02,  5.0278878265013072e-01,  3.3485659035849762e+03,  5.1184705573672296e+01, -1.5009167170890914e+04,  1.0009968217523165e+01,  2.8496344336888675e+00,  2.6985900560186615e+00,  5.1738254244146032e-03,  4.3339620581215835e-02, -2.4228171070234492e-01,  2.8063859666035579e-01, -1.1903527893531833e-04, -3.3107037455023397e-04,  2.9078751365817845e-02, -1.0725130850791859e-03, -1.2425151654089059e-05,  2.8440434167443900e-04,  6.5917413472063621e-05,  1.1426689316973925e-04
 5.2900000000000000e+00,  6.3370035849776673e+02,  2.6571325764137808e-02,  2.9873702455512554e+01, -2.3758529929791591e-02,  8.8632959555549312e-02,  5.0278851563210525e-01,  3.3549050843369209e+03,  5.1432058317921779e+01, -1.5009188342292871e+04,  1.0009984760556600e+01,  2.8496333251038535e+00,  2.7037017878580354e+00,  5.1726344503676674e-03,  4.3336324097687416e-02, -2.4199091989281607e-01,  2.8062787724284965e-01, -1.1915967150526081e-04, -3.2823618714047242e-04,  2.9079552961577059e-02, -1.0713362242565033e-03, -1.2453362334408610e-05,  2.8243314027788329e-04,  9.4401738370834682e-05,  1.2110527136677779e-04
 5.2999999999999998e+00,  6.3370058643344453e+02,  2.6610083157463025e-02,  2.9873539536370405e+01, -2.3758257224937070e-02,  8.8633070395661193e-02,  5.0278825050316056e-01,  3.3612442451767129e+03,  5.1679977305475134e+01, -1.5009209515243090e+04,  1.0010001306109261e+01,  2.8496322166020924e+00,  2.7088135172622088e+00,  5.1714422309844981e-03,  4.3333055857473025e-02, -2.4170011964311339e-01,  2.8061716993587066e-01, -1.1928434586901372e-04, -3.2542163665125824e-04,  2.9080638431881072e-02, -1.0700912544431038e-03, -1.2481510417230425e-05,  2.8047695756204619e-04,  1.2269232269045960e-04,  1.2788869130363998e-04
 5.3100000000000005e+00,  6.3370081207324654e+02,  2.6648902044043087e-02,  2.9873378038953913e+01, -2.3757986908557897e-02,  8.8633180540429707e-02,  5.0278798725000928e-01,  3.3675833860316543e+03,  5.1928462531543126e+01, -1.5009230689726297e+04,  1.0010017854158038e+01,  2.8496311081732255e+00,  2.7139252442485313e+00,  5.1702487634502870e-03,  4.3329815664954391e-02, -2.4140930712417843e-01,  2.8060647541776079e-01, -1.1940930139063800e-04, -3.2262657362439696e-04,  2.9082005845856178e-02, -1.0687787259710843e-03, -1.2509593907624716e-05,  2.7853564781020571e-04,  1.5079047233079038e-04,  1.3461700310023962e-04
 5.3200000000000003e+00,  6.3370103542076856e+02,  2.6687782375754809e-02,  2.9873217952878854e+01, -2.3757718962361479e-02,  8.8633289993275105e-02,  5.0278772585945541e-01,  3.3739225068290762e+03,  5.2177513991347077e+01, -1.5009251865727323e+04,  1.0010034404679999e+01,  2.8496299998069547e+00,  2.7190369688342249e+00,  5.1690540449566853e-03,  4.3326603326000537e-02, -2.4111847952619625e-01,  2.8059579436135124e-01, -1.1953453741401788e-04, -3.1985085008242448e-04,  2.9083653285282628e-02, -1.0673991906490438e-03, -1.2537610767291410e-05,  2.7660906058714146e-04,  1.7869741270049795e-04,  1.4129006131736224e-04
 5.3300000000000001e+00,  6.3370125647973919e+02,  2.6726724105483241e-02,  2.9873059267847378e+01, -2.3757453368172501e-02,  8.8633398757600568e-02,  5.0278746631839299e-01,  3.3802616074963416e+03,  5.2427131680118933e+01, -1.5009273043231098e+04,  1.0010050957652391e+01,  2.8496288914930372e+00,  2.7241486910363903e+00,  5.1678580727020067e-03,  4.3323418647952742e-02, -2.4082763405847279e-01,  2.8058512743394781e-01, -1.1966005326190672e-04, -3.1709431952062895e-04,  2.9085578843591264e-02, -1.0659532017093471e-03, -1.2565558810476698e-05,  2.7469705177197773e-04,  2.0641424902657405e-04,  1.4790772662199379e-04
 5.3399999999999999e+00,  6.3370147525401853e+02,  2.6765727187100422e-02,  2.9872901973647163e+01, -2.3757190107933694e-02,  8.8633506836792580e-02,  5.0278720861380610e-01,  3.3866006879608472e+03,  5.2677315593101106e+01, -1.5009294222222657e+04,  1.0010067513052631e+01,  2.8496277832212904e+00,  2.7292604108720044e+00,  5.1666608438914472e-03,  4.3320261439610125e-02, -2.4053676794932444e-01,  2.8057447529731705e-01, -1.1978584823681555e-04, -3.1435683687137223e-04,  2.9087780626106001e-02, -1.0644413137555796e-03, -1.2593436172352842e-05,  2.7279947807655599e-04,  2.3394225417970902e-04,  1.5446986412203498e-04
 5.3500000000000005e+00,  6.3370169174759735e+02,  2.6804791575444614e-02,  2.9872746060150565e+01, -2.3756929163706558e-02,  8.8633614234221170e-02,  5.0278695273276819e-01,  3.3929397481500237e+03,  5.2928065725546418e+01, -1.5009315402687136e+04,  1.0010084070858314e+01,  2.8496266749815891e+00,  2.7343721283579239e+00,  5.1654623557372704e-03,  4.3317131511215315e-02, -2.4024587844595066e-01,  2.8056383860767270e-01, -1.1991192162162033e-04, -3.1163825850998695e-04,  2.9090256750175673e-02, -1.0628640827098112e-03, -1.2621240788601135e-05,  2.7091619420048643e-04,  2.6128255975475985e-04,  1.6097634503164183e-04
 5.3600000000000003e+00,  6.3370190596459577e+02,  2.6843917226299394e-02,  2.9872591517313786e+01, -2.3756670517671954e-02,  8.8633720953240222e-02,  5.0278669866244174e-01,  3.3992787879913358e+03,  5.3179382072717964e+01, -1.5009336584609768e+04,  1.0010100631047198e+01,  2.8496255667638644e+00,  2.7394838435108793e+00,  5.1642626054590147e-03,  4.3314028674439925e-02, -2.3995496281432091e-01,  2.8055321801566285e-01, -1.2003827267854316e-04, -3.0893844223771994e-04,  2.9093005344398636e-02, -1.0612220657652219e-03, -1.2648970594900649e-05,  2.6904706025566755e-04,  2.8843628457898683e-04,  1.6742704389561427e-04
 5.3700000000000001e+00,  6.3370211790926214e+02,  2.6883104096373102e-02,  2.9872438335176057e+01, -2.3756414152130714e-02,  8.8633826997187734e-02,  5.0278644639007775e-01,  3.4056178074122872e+03,  5.3431264629889149e+01, -1.5009357767975887e+04,  1.0010117193597221e+01,  2.8496244585581088e+00,  2.7445955563474849e+00,  5.1630615902836996e-03,  4.3310952742370561e-02, -2.3966401833906270e-01,  2.8054261416635740e-01, -1.2016490064988956e-04, -3.0625724725501886e-04,  2.9096024548663012e-02, -1.0595158213222659e-03, -1.2676623674379702e-05,  2.6719193628456123e-04,  3.1540456829627595e-04,  1.7382184469561708e-04
 5.3799999999999999e+00,  6.3370232758597228e+02,  2.6922352143278365e-02,  2.9872286503858799e+01, -2.3756160049504132e-02,  8.8633932369386131e-02,  5.0278619590301499e-01,  3.4119568063404190e+03,  5.3683713392343535e+01, -1.5009378952770929e+04,  1.0010133758486488e+01,  2.8496233503543626e+00,  2.7497072668842359e+00,  5.1618593074460170e-03,  4.3307903529494825e-02, -2.3937304232334766e-01,  2.8053202769923641e-01, -1.2029180475876893e-04, -3.0359453415882510e-04,  2.9099312514448760e-02, -1.0577459089472722e-03, -1.2704198101496354e-05,  2.6535068295420206e-04,  3.4218858885327956e-04,  1.8016063030313546e-04
 5.3899999999999997e+00,  6.3370253499922774e+02,  2.6961661325511681e-02,  2.9872136013564837e+01, -2.3755908192334425e-02,  8.8634037073142435e-02,  5.0278594718867986e-01,  3.4182957847033122e+03,  5.3936728355374804e+01, -1.5009400138980422e+04,  1.0010150325693267e+01,  2.8496222421427349e+00,  2.7548189751375061e+00,  5.1606557541885242e-03,  4.3304880851687384e-02, -2.3908203208877374e-01,  2.8052145924817845e-01, -1.2041898420828735e-04, -3.0095016492168863e-04,  2.9102867404055148e-02, -1.0559128893278015e-03, -1.2731691803254919e-05,  2.6352316447041287e-04,  3.6878933268312227e-04,  1.8644329358163099e-04
 5.4000000000000004e+00,  6.3370274015365533e+02,  2.7001031602433400e-02,  2.9871986854577578e+01, -2.3755658563285119e-02,  8.8634141111748582e-02,  5.0278570023458591e-01,  3.4246347424285882e+03,  5.4190309514286696e+01, -1.5009421326589994e+04,  1.0010166895195999e+01,  2.8496211339133790e+00,  2.7599306811235533e+00,  5.1594509277618512e-03,  4.3301884526196391e-02, -2.3879098497526655e-01,  2.8051090944144985e-01, -1.2054643818187778e-04, -2.9832400287414107e-04,  2.9106687390493428e-02, -1.0540173242034913e-03, -1.2759102914829923e-05,  2.6170924503908689e-04,  3.9520795497292437e-04,  1.9266973128039488e-04
 5.4100000000000001e+00,  6.3370294305400546e+02,  2.7040462934247521e-02,  2.9871839017260228e+01, -2.3755411145141368e-02,  8.8634244488481631e-02,  5.0278545502833283e-01,  3.4309736794439100e+03,  5.4444456864392848e+01, -1.5009442515585373e+04,  1.0010183466973292e+01,  2.8496200256565123e+00,  2.7650423848585177e+00,  5.1582448254248866e-03,  4.3298914371629901e-02, -2.3849989834096386e-01,  2.8050037890169438e-01, -1.2067416584409741e-04, -2.9571591270185289e-04,  2.9110770657935558e-02, -1.0520597763269636e-03, -1.2786429528025546e-05,  2.5990878942118152e-04,  4.2144553319413826e-04,  1.9883984403446813e-04
 5.4199999999999999e+00,  6.3370314370515132e+02,  2.7079955281982020e-02,  2.9871692492054997e+01, -2.3755165920810256e-02,  8.8634347206604014e-02,  5.0278521155760680e-01,  3.4373125956769850e+03,  5.4699170401016872e+01, -1.5009463705952376e+04,  1.0010200041003911e+01,  2.8496189173624051e+00,  2.7701540863584233e+00,  5.1570374444449693e-03,  4.3295970207942354e-02, -2.3820876956210785e-01,  2.8048986824592331e-01, -1.2080216633984697e-04, -2.9312576042585871e-04,  2.9115115400846835e-02, -1.0500408094138659e-03, -1.2813669621886673e-05,  2.5812166577766628e-04,  4.4750304906140091e-04,  2.0495353858508188e-04
 5.4299999999999997e+00,  6.3370334211208751e+02,  2.7119508607469017e-02,  2.9871547269482328e+01, -2.3754922873321014e-02,  8.8634449269363716e-02,  5.0278496981017917e-01,  3.4436514910555652e+03,  5.4954450119492193e+01, -1.5009484897676919e+04,  1.0010216617266796e+01,  2.8496178090213826e+00,  2.7752657856391774e+00,  5.1558287820980897e-03,  4.3293051856421384e-02, -2.3791759603294693e-01,  2.8047937808550610e-01, -1.2093043879460896e-04, -2.9055341337624213e-04,  2.9119719824097938e-02, -1.0479609880875464e-03, -1.2840821331585557e-05,  2.5634774414305878e-04,  4.7338160141794408e-04,  2.1101072666950408e-04
 5.4400000000000004e+00,  6.3370353827992926e+02,  2.7159122873325309e-02,  2.9871403340140120e+01, -2.3754681985825175e-02,  8.8634550679994498e-02,  5.0278472977390676e-01,  3.4499903655074486e+03,  5.5210296015162044e+01, -1.5009506090745012e+04,  1.0010233195741037e+01,  2.8496167006238244e+00,  2.7803774827165770e+00,  5.1546188356690770e-03,  4.3290159139674829e-02, -2.3762637516562587e-01,  2.8046890902616156e-01, -1.2105898231518501e-04, -2.8799874019733884e-04,  2.9124582142928838e-02, -1.0458208778290937e-03, -1.2867882783623126e-05,  2.5458689163758641e-04,  4.9908216476210942e-04,  2.1701132502104480e-04
 5.4500000000000002e+00,  6.3370373221391105e+02,  2.7198798042932858e-02,  2.9871260694702965e+01, -2.3754443241596705e-02,  8.8634651441716159e-02,  5.0278449143673076e-01,  3.4563292189604786e+03,  5.5466708083379281e+01, -1.5009527285142758e+04,  1.0010249776405898e+01,  2.8496155921601680e+00,  2.7854891776062995e+00,  5.1534076024517860e-03,  4.3287291881617437e-02, -2.3733510439008834e-01,  2.8045846166794952e-01, -1.2118779598932742e-04, -2.8546161082409257e-04,  2.9129700582636930e-02, -1.0436210449355167e-03, -1.2894852043782707e-05,  2.5283898301421383e-04,  5.2460577659732012e-04,  2.2295525370364785e-04
 5.4600000000000000e+00,  6.3370392391938537e+02,  2.7238534080419714e-02,  2.9871119323921395e+01, -2.3754206624032079e-02,  8.8634751557734634e-02,  5.0278425478667643e-01,  3.4626680513425490e+03,  5.5723686319506498e+01, -1.5009548480856354e+04,  1.0010266359240795e+01,  2.8496144836208992e+00,  2.7906008703239142e+00,  5.1521950797492905e-03,  4.3284449907458347e-02, -2.3704378115397315e-01,  2.8044803660526285e-01, -1.2131687888565240e-04, -2.8294189647199477e-04,  2.9135073378701925e-02, -1.0413620564614589e-03, -1.2921727221213426e-05,  2.5110388740535690e-04,  5.4995343640176341e-04,  2.2884244110788908e-04
 5.4699999999999998e+00,  6.3370411340182170e+02,  2.7278330950640750e-02,  2.9870979218621127e+01, -2.3753972116650288e-02,  8.8634851031242287e-02,  5.0278401981185272e-01,  3.4690068625816020e+03,  5.5981230718915839e+01, -1.5009569677872089e+04,  1.0010282944225304e+01,  2.8496133749965638e+00,  2.7957125608848750e+00,  5.1509812648740730e-03,  4.3281633043687998e-02, -2.3675240292251432e-01,  2.8043763442682029e-01, -1.2144623005392177e-04, -2.8043946961944143e-04,  2.9140698776231759e-02, -1.0390444801722002e-03, -1.2948506433740305e-05,  2.4938148310281699e-04,  5.7512606982387923e-04,  2.3467281673460489e-04
 5.4800000000000004e+00,  6.3370430066680558e+02,  2.7318188619158898e-02,  2.9870840369702321e+01, -2.3753739703092826e-02,  8.8634949865417978e-02,  5.0278378650045175e-01,  3.4753456526056320e+03,  5.6239341276988995e+01, -1.5009590876176342e+04,  1.0010299531339163e+01,  2.8496122662777585e+00,  2.8008242493045272e+00,  5.1497661551482121e-03,  4.3278841118065958e-02, -2.3646096717844850e-01,  2.8042725571565941e-01, -1.2157584852525990e-04, -2.7795420399316011e-04,  2.9146575030025039e-02, -1.0366688845020217e-03, -1.2975187833885139e-05,  2.4767164215343495e-04,  6.0012468883205450e-04,  2.4044631730112400e-04
 5.4900000000000002e+00,  6.3370448572003716e+02,  2.7358107052226299e-02,  2.9870702768138855e+01, -2.3753509367123612e-02,  8.8635048063427369e-02,  5.0278355484074821e-01,  3.4816844213426830e+03,  5.6498017989117066e+01, -1.5009612075755585e+04,  1.0010316120562262e+01,  2.8496111574551364e+00,  2.8059359355981037e+00,  5.1485497479035677e-03,  4.3276073959608134e-02, -2.3616947142191380e-01,  2.8041690104913025e-01, -1.2170573331182851e-04, -2.7548597456920096e-04,  2.9152700404483988e-02, -1.0342358384957339e-03, -1.3001769478757640e-05,  2.4597424264084447e-04,  6.2495020269895288e-04,  2.4616288396562766e-04
 5.5000000000000000e+00,  6.3370466856733003e+02,  2.7398086216765694e-02,  2.9870566404977591e+01, -2.3753281092628878e-02,  8.8635145628422937e-02,  5.0278332482109933e-01,  3.4880231687208543e+03,  5.6757260850700632e+01, -1.5009633276596380e+04,  1.0010332711874648e+01,  2.8496100485193963e+00,  2.8110476197807275e+00,  5.1473320404819755e-03,  4.3273331398574574e-02, -2.3587791317035883e-01,  2.8040657099888949e-01, -1.2183588340721700e-04, -2.7303465753546777e-04,  2.9159073173370197e-02, -1.0317459117614944e-03, -1.3028249598937559e-05,  2.4428916410580356e-04,  6.4960357454293949e-04,  2.5182246288225592e-04
 5.5099999999999998e+00,  6.3370484921461048e+02,  2.7438126080351944e-02,  2.9870431271337651e+01, -2.3753054863617010e-02,  8.8635242563544284e-02,  5.0278309642994334e-01,  3.4943618946682982e+03,  5.7017069857149593e+01, -1.5009654478685377e+04,  1.0010349305256520e+01,  2.8496089394613002e+00,  2.8161593018674136e+00,  5.1461130302354234e-03,  4.3270613266457425e-02, -2.3558628995844641e-01,  2.8039626613089502e-01, -1.2196629778663741e-04, -2.7060013030182837e-04,  2.9165691619988825e-02, -1.0291996744349091e-03, -1.3054626286229063e-05,  2.4261628261966752e-04,  6.7408574944135765e-04,  2.5742500242563671e-04
 5.5200000000000005e+00,  6.3370502766791583e+02,  2.7478226611193833e-02,  2.9870297358409715e+01, -2.3752830664218360e-02,  8.8635338871918212e-02,  5.0278286965580044e-01,  3.5007005991132237e+03,  5.7277445003883187e+01, -1.5009675682009318e+04,  1.0010365900688239e+01,  2.8496078302716543e+00,  2.8212709818730692e+00,  5.1448927145262427e-03,  4.3267919395968538e-02, -2.3529459933795904e-01,  2.8038598700540079e-01, -1.2209697540653433e-04, -2.6818227147443966e-04,  2.9172554036537728e-02, -1.0265976971179688e-03, -1.3080897693153966e-05,  2.4095548285806289e-04,  6.9839756033914901e-04,  2.6297046096245176e-04
 5.5300000000000002e+00,  6.3370520393339359e+02,  2.7518387778115817e-02,  2.9870164657455309e+01, -2.3752608478684999e-02,  8.8635434556658885e-02,  5.0278264448727084e-01,  3.5070392819838944e+03,  5.7538386286329818e+01, -1.5009696886555028e+04,  1.0010382498150301e+01,  2.8496067209413227e+00,  2.8263826598124915e+00,  5.1436710907272927e-03,  4.3265249621027936e-02, -2.3500283887771564e-01,  2.8037573417695266e-01, -1.2222791520499678e-04, -2.6578096083661754e-04,  2.9179658724318779e-02, -1.0239405508261298e-03, -1.3107061998252627e-05,  2.3930664470873573e-04,  7.2253999561236763e-04,  2.6845879741445067e-04
 5.5400000000000000e+00,  6.3370537801730040e+02,  2.7558609550540097e-02,  2.9870033159806102e+01, -2.3752388291390453e-02,  8.8635529620868042e-02,  5.0278242091303560e-01,  3.5133779432086335e+03,  5.7799893699927146e+01, -1.5009718092309426e+04,  1.0010399097623370e+01,  2.8496056114612172e+00,  2.8314943357003743e+00,  5.1424481562221428e-03,  4.3262603776751805e-02, -2.3471100616347268e-01,  2.8036550819438427e-01, -1.2235911610158478e-04, -2.6339607935508278e-04,  2.9187003993624071e-02, -1.0212288069688874e-03, -1.3133117319347748e-05,  2.3766965159822587e-04,  7.4651386544613975e-04,  2.7388997403400339e-04
 5.5499999999999998e+00,  6.3370554992600046e+02,  2.7598891898468807e-02,  2.9869902856863224e+01, -2.3752170086829370e-02,  8.8635624067634991e-02,  5.0278219892185516e-01,  3.5197165827158219e+03,  5.8061967240121959e+01, -1.5009739299259514e+04,  1.0010415699088256e+01,  2.8496045018223066e+00,  2.8366060095513039e+00,  5.1412239084052611e-03,  4.3259981699440835e-02, -2.3441909879784317e-01,  2.8035530960081328e-01, -1.2249057699730763e-04, -2.6102750915711024e-04,  2.9194588163194306e-02, -1.0184630372777935e-03, -1.3159061826306055e-05,  2.3604438799395021e-04,  7.7032004885953850e-04,  2.7926396417575592e-04
 5.5600000000000005e+00,  6.3370571966596492e+02,  2.7639234792466355e-02,  2.9869773740096576e+01, -2.3751953849617202e-02,  8.8635717900036909e-02,  5.0278197850256945e-01,  3.5260552004339015e+03,  5.8324606902370149e+01, -1.5009760507392384e+04,  1.0010432302525903e+01,  2.8496033920156032e+00,  2.8417176813797620e+00,  5.1399983446821966e-03,  4.3257383226568663e-02, -2.3412711440020878e-01,  2.8034513893363872e-01, -1.2262229677514436e-04, -2.5867513351664998e-04,  2.9202409560679536e-02, -1.0156438137620448e-03, -1.3184893741038320e-05,  2.3443074009809079e-04,  7.9395944818646202e-04,  2.8458073897395873e-04
 5.5700000000000003e+00,  6.3370588724377023e+02,  2.7679638203641846e-02,  2.9869645801044150e+01, -2.3751739564489810e-02,  8.8635811121138802e-02,  5.0278175964409721e-01,  3.5323937962913733e+03,  5.8587812682136587e+01, -1.5009781716695210e+04,  1.0010448907917429e+01,  2.8496022820321794e+00,  2.8468293512001241e+00,  5.1387714624697581e-03,  4.3254808196770501e-02, -2.3383505060662957e-01,  2.8033499672453804e-01, -1.2275427429967511e-04, -2.5633883684179063e-04,  2.9210466522249578e-02, -1.0127717086722216e-03, -1.3210611164022343e-05,  2.3282859487606548e-04,  8.1743286556305189e-04,  2.8984027899971025e-04
 5.5800000000000001e+00,  6.3370605266609732e+02,  2.7720102103631801e-02,  2.9869519031311359e+01, -2.3751527216303043e-02,  8.8635903733993784e-02,  5.0278154233543537e-01,  3.5387323702168023e+03,  5.8851584574895185e+01, -1.5009802927155251e+04,  1.0010465515244070e+01,  2.8496011718631533e+00,  2.8519410190266661e+00,  5.1375432591962032e-03,  4.3252256449831827e-02, -2.3354290506976380e-01,  2.8032488349946527e-01, -1.2288650841712440e-04, -2.5401850466573992e-04,  2.9218757392292863e-02, -1.0098472944503271e-03, -1.3236212325837835e-05,  2.3123784033408522e-04,  8.4074114309332906e-04,  2.9504256537916810e-04
 5.5899999999999999e+00,  6.3370621593973021e+02,  2.7760626464582976e-02,  2.9869393422570379e+01, -2.3751316790032315e-02,  8.8635995741643159e-02,  5.0278132656565877e-01,  3.5450709221388161e+03,  5.9115922576128781e+01, -1.5009824138759855e+04,  1.0010482124487222e+01,  2.8496000614996957e+00,  2.8570526848735560e+00,  5.1363137323014157e-03,  4.3249727826677187e-02, -2.3325067545878372e-01,  2.8031479977864904e-01, -1.2301899795564314e-04, -2.5171402362952319e-04,  2.9227280523636701e-02, -1.0068711436800094e-03, -1.3261695379004289e-05,  2.2965836690701564e-04,  8.6388512593456486e-04,  3.0018758867543521e-04
 5.6000000000000005e+00,  6.3370637707155515e+02,  2.7801211259135313e-02,  2.9869268966559485e+01, -2.3751108270772113e-02,  8.8636087147116460e-02,  5.0278111232391964e-01,  3.5514094519861069e+03,  5.9380826681329133e+01, -1.5009845351496451e+04,  1.0010498735628422e+01,  2.8495989509330255e+00,  2.8621643487548649e+00,  5.1350828792370903e-03,  4.3247222169359237e-02, -2.3295835945929105e-01,  2.8030474607659167e-01, -1.2315174172526533e-04, -2.4942528147226786e-04,  2.9236034277279489e-02, -1.0038438290449249e-03, -1.3287058545432493e-05,  2.2809006454404038e-04,  8.8686560262281409e-04,  3.0527533834144561e-04
 5.6100000000000003e+00,  6.3370653606855910e+02,  2.7841856460405046e-02,  2.9869145655082395e+01, -2.3750901643735504e-02,  8.8636177953431608e-02,  5.0278089959944705e-01,  3.5577479596874305e+03,  5.9646296885996776e+01, -1.5009866565352551e+04,  1.0010515348649356e+01,  2.8495978401544177e+00,  2.8672760106845585e+00,  5.1338506974669103e-03,  4.3244739321047741e-02, -2.3266595477323812e-01,  2.8029472290206814e-01, -1.2328473851792954e-04, -2.4715216702664826e-04,  2.9245017022189804e-02, -1.0007659232952539e-03, -1.3312299986315569e-05,  2.2653282458208045e-04,  9.0968337917999849e-04,  3.1030581160164318e-04
 5.6200000000000001e+00,  6.3370669293782896e+02,  2.7882562041968088e-02,  2.9869023480007634e+01, -2.3750696894253603e-02,  8.8636268163595044e-02,  5.0278068838154666e-01,  3.5640864451716106e+03,  5.9912333185641110e+01, -1.5009887780315752e+04,  1.0010531963531839e+01,  2.8495967291551878e+00,  2.8723876706765026e+00,  5.1326171844667317e-03,  4.3242279126018704e-02, -2.3237345911884727e-01,  2.8028473075812577e-01, -1.2341798710752228e-04, -2.4489457020431503e-04,  2.9254227135439639e-02, -9.9763799917831257e-04, -1.3337417932233212e-05,  2.2498653988457367e-04,  9.3233927078721450e-04,  3.1527901178664232e-04
 5.6299999999999999e+00,  6.3370684768655008e+02,  2.7923327977843349e-02,  2.9868902433267895e+01, -2.3750494007775017e-02,  8.8636357780601818e-02,  5.0278047865959985e-01,  3.5704249083675381e+03,  6.0178935575780280e+01, -1.5009908996373731e+04,  1.0010548580257835e+01,  2.8495956179267092e+00,  2.8774993287444652e+00,  5.1313823377247599e-03,  4.3239841429643655e-02, -2.3208087023052934e-01,  2.8027477014208457e-01, -1.2355148624990534e-04, -2.4265238196680657e-04,  2.9263663001761267e-02, -9.9446062940546824e-04, -1.3362410544379713e-05,  2.2345110761713260e-04,  9.5483399353839173e-04,  3.2019494278225070e-04
 5.6399999999999997e+00,  6.3370700032200523e+02,  2.7964154242476419e-02,  2.9868782506859400e+01, -2.3750292969865260e-02,  8.8636446807435668e-02,  5.0278027042306372e-01,  3.5767633492041718e+03,  6.0446104051941134e+01, -1.5009930213514250e+04,  1.0010565198809443e+01,  2.8495945064604005e+00,  2.8826109849021138e+00,  5.1301461547417337e-03,  4.3237426078379368e-02, -2.3178818585881206e-01,  2.8026484154553766e-01, -1.2368523468288844e-04, -2.4042549433277993e-04,  2.9273323013542119e-02, -9.9123438662138607e-04, -1.3387276053335943e-05,  2.2192641918604791e-04,  9.7716836289225492e-04,  3.2505361402533514e-04
 5.6500000000000004e+00,  6.3370715085157349e+02,  2.8005040810723303e-02,  2.9868663692841285e+01, -2.3750093766206151e-02,  8.8636535247069118e-02,  5.0278006366147021e-01,  3.5831017676105403e+03,  6.0713838609659220e+01, -1.5009951431725147e+04,  1.0010581819168905e+01,  2.8495933947477319e+00,  2.8877226391630164e+00,  5.1289086330311021e-03,  4.3235032919756999e-02, -2.3149540377025848e-01,  2.8025494545435214e-01, -1.2381923112647346e-04, -2.3821380036765654e-04,  2.9283205570943705e-02, -9.8795984334041297e-04, -1.3412012663665477e-05,  2.2041237383861972e-04,  9.9934311742484283e-04,  3.2985504216929837e-04
 5.6600000000000001e+00,  6.3370729928272908e+02,  2.8045987657834417e-02,  2.9868545983334972e+01, -2.3749896382595195e-02,  8.8636623102463633e-02,  5.0277985836442574e-01,  3.5894401635157415e+03,  6.0982139244478638e+01, -1.5009972650994345e+04,  1.0010598441318594e+01,  2.8495922827802205e+00,  2.8928342915406451e+00,  5.1276697701192041e-03,  4.3232661802372015e-02, -2.3120252174739317e-01,  2.8024508234867085e-01, -1.2395347428282701e-04, -2.3601719415789428e-04,  2.9293309081592570e-02, -9.8463757191304840e-04, -1.3436618605950374e-05,  2.1890886811593946e-04,  1.0213590120878183e-03,  3.3459924331237550e-04
 5.6699999999999999e+00,  6.3370744562304026e+02,  2.8086994759438585e-02,  2.9868429370523561e+01, -2.3749700804944922e-02,  8.8636710376569589e-02,  5.0277965452161100e-01,  3.5957785368489454e+03,  6.1251005951952159e+01, -1.5009993871309845e+04,  1.0010615065241025e+01,  2.8495911705494326e+00,  2.8979459420483740e+00,  5.1264295635454456e-03,  4.3230312575873842e-02, -2.3090953758862665e-01,  2.8023525270291388e-01, -1.2408796283632390e-04, -2.3383557081758043e-04,  2.9303631960628865e-02, -9.8126814448153826e-04, -1.3461092093423074e-05,  2.1741579994683885e-04,  1.0432167951713201e-03,  3.3928624298963710e-04
 5.6799999999999997e+00,  6.3370758988016780e+02,  2.8128062091527326e-02,  2.9868313846651223e+01, -2.3749507019282218e-02,  8.8636797072326468e-02,  5.0277945212278030e-01,  3.6021168875393946e+03,  6.1520438727641071e+01, -1.5010015092659731e+04,  1.0010631690918842e+01,  2.8495900580469851e+00,  2.9030575906994804e+00,  5.1251880108624777e-03,  4.3227985090955663e-02, -2.3061644910818060e-01,  2.8022545698578122e-01, -1.2422269545339534e-04, -2.3166882645759578e-04,  2.9314172630252201e-02, -9.7785213293564120e-04, -1.3485431321971153e-05,  2.1593307204802574e-04,  1.0649171297560441e-03,  3.4391606618109993e-04
 5.6900000000000004e+00,  6.3370773206186448e+02,  2.8169189630439240e-02,  2.9868199404022594e+01, -2.3749315011747648e-02,  8.8636883192662899e-02,  5.0277925115776068e-01,  3.6084552155164047e+03,  6.1790437567115191e+01, -1.5010036315032159e+04,  1.0010648318334828e+01,  2.8495889452645384e+00,  2.9081692375071486e+00,  5.1239451096363776e-03,  4.3225679199344690e-02, -2.3032325413602159e-01,  2.8021569566025517e-01, -1.2435767078300641e-04, -2.2951685818145019e-04,  2.9324929520082466e-02, -9.7439010887376797e-04, -1.3509634600241614e-05,  2.1446058318107651e-04,  1.0864608362969928e-03,  3.4848874619351544e-04
 5.7000000000000002e+00,  6.3370787217597331e+02,  2.8210377352844603e-02,  2.9868086035002193e+01, -2.3749124768594743e-02,  8.8636968740496744e-02,  5.0277905161645220e-01,  3.6147935207093642e+03,  6.2061002465952740e+01, -1.5010057538415369e+04,  1.0010664947471895e+01,  2.8495878321938073e+00,  2.9132808824844627e+00,  5.1227008574468175e-03,  4.3223394753792034e-02, -2.3002995051777894e-01,  2.8020596918360374e-01, -1.2449288745646029e-04, -2.2737956408454759e-04,  2.9335901066911765e-02, -9.7088264355562465e-04, -1.3533700089427581e-05,  2.1299823620147615e-04,  1.1078485293026159e-03,  3.5300431744379865e-04
 5.7100000000000000e+00,  6.3370801023042668e+02,  2.8251625235730066e-02,  2.9867973732013819e+01, -2.3748936276189275e-02,  8.8637053718735120e-02,  5.0277885348882712e-01,  3.6211318030477378e+03,  6.2332133419740437e+01, -1.5010078762797677e+04,  1.0010681578313083e+01,  2.8495867188265462e+00,  2.9183925256444185e+00,  5.1214552518872485e-03,  4.3221131608062999e-02, -2.2973653611468337e-01,  2.8019627800738406e-01, -1.2462834408739828e-04, -2.2525684323406383e-04,  2.9347085714382451e-02, -9.6733030785780389e-04, -1.3557626098171261e-05,  2.1154593389528312e-04,  1.1290809648345983e-03,  3.5746282212036209e-04
 5.7199999999999998e+00,  6.3370814623324532e+02,  2.8292933256383476e-02,  2.9867862487539977e+01, -2.3748749521008517e-02,  8.8637138130274615e-02,  5.0277865676492950e-01,  3.6274700624610664e+03,  6.2603830424073379e+01, -1.5010099988167476e+04,  1.0010698210841575e+01,  2.8495856051545636e+00,  2.9235041669999156e+00,  5.1202082905650696e-03,  4.3218889616927353e-02, -2.2944300880349131e-01,  2.8018662257744659e-01, -1.2476403927182193e-04, -2.2314859566135477e-04,  2.9358481913093638e-02, -9.6373367224065196e-04, -1.3581410787665766e-05,  2.1010358064453978e-04,  1.1501587776629487e-03,  3.6186430130145659e-04
 5.7300000000000004e+00,  6.3370828019253679e+02,  2.8334301392379000e-02,  2.9867752294121303e+01, -2.3748564489640495e-02,  8.8637221978001224e-02,  5.0277846143487437e-01,  3.6338082988789679e+03,  6.2876093474555049e+01, -1.5010121214513236e+04,  1.0010714845040670e+01,  2.8495844911697135e+00,  2.9286158065637613e+00,  5.1189599711018120e-03,  4.3216668636149771e-02, -2.2914936647642148e-01,  2.8017700333393925e-01, -1.2489997158839664e-04, -2.2105472234564872e-04,  2.9370088120578997e-02, -9.6009330670663315e-04, -1.3605052527273437e-05,  2.0867108249666015e-04,  1.1710827194088573e-03,  3.6620880550229358e-04
 5.7400000000000002e+00,  6.3370841211649463e+02,  2.8375729621562297e-02,  2.9867643144355991e+01, -2.3748381168783209e-02,  8.8637305264790425e-02,  5.0277826748884780e-01,  3.6401465122311365e+03,  6.3148922566797168e+01, -1.5010142441823504e+04,  1.0010731480893799e+01,  2.8495833768638947e+00,  2.9337274443486687e+00,  5.1177102911333016e-03,  4.3214468522480440e-02, -2.2885560704107971e-01,  2.8016742071131245e-01, -1.2503613959842947e-04, -2.1897512520221063e-04,  2.9381902801100330e-02, -9.5640978075574963e-04, -1.3628549478187394e-05,  2.0724834619290973e-04,  1.1918533845967591e-03,  3.7049638468291036e-04
 5.7500000000000000e+00,  6.3370854201339705e+02,  2.8417217922035824e-02,  2.9867535030899226e+01, -2.3748199545243855e-02,  8.8637387993507358e-02,  5.0277807491710613e-01,  3.6464847024473465e+03,  6.3422317696419825e+01, -1.5010163670086902e+04,  1.0010748118384527e+01,  2.8495822622290556e+00,  2.9388390803672615e+00,  5.1164592483098435e-03,  4.3212289133645727e-02, -2.2856172842039948e-01,  2.8015787513832413e-01, -1.2517254184582586e-04, -2.1690970708546550e-04,  2.9393924425621182e-02, -9.5268366333835870e-04, -1.3651900001091538e-05,  2.0583527715612772e-04,  1.2124715195738728e-03,  3.7472709879528488e-04
 5.7599999999999998e+00,  6.3370866989160584e+02,  2.8458766272144432e-02,  2.9867427946462630e+01, -2.3748019605938038e-02,  8.8637470167006738e-02,  5.0277788370997578e-01,  3.6528228694574514e+03,  6.3696278859051333e+01, -1.5010184899292130e+04,  1.0010764757496537e+01,  2.8495811472571897e+00,  2.9439507146320736e+00,  5.1152068402963852e-03,  4.3210130328338731e-02, -2.2826772855256730e-01,  2.8014836703804569e-01, -1.2530917685732849e-04, -2.1485837177064929e-04,  2.9406151471666350e-02, -9.4891552282203614e-04, -1.3675102300547062e-05,  2.0443178580519417e-04,  1.2329376897212683e-03,  3.7890100446079020e-04
 5.7700000000000005e+00,  6.3370879575956531e+02,  2.8500374650460930e-02,  2.9867321883813702e+01, -2.3747841337888952e-02,  8.8637551788133026e-02,  5.0277769385785254e-01,  3.6591610131913853e+03,  6.3970806050328257e+01, -1.5010206129427956e+04,  1.0010781398213636e+01,  2.8495800319403362e+00,  2.9490623471555462e+00,  5.1139530647726968e-03,  4.3207991966210314e-02, -2.2797360539096614e-01,  2.8013889682786769e-01, -1.2544604314208377e-04, -2.1282102393958344e-04,  2.9418582423029069e-02, -9.4510592695549219e-04, -1.3698154650506534e-05,  2.0303778040796811e-04,  1.2532525828223260e-03,  3.8301816884798621e-04
 5.7800000000000002e+00,  6.3370891962580095e+02,  2.8542043035771947e-02,  2.9867216835775281e+01, -2.3747664728226574e-02,  8.8637632859720483e-02,  5.0277750535120092e-01,  3.6654991335791619e+03,  6.4245899265895275e+01, -1.5010227360483230e+04,  1.0010798040519765e+01,  2.8495789162705814e+00,  2.9541739779500333e+00,  5.1126979194335434e-03,  4.3205873907859939e-02, -2.2767935690410671e-01,  2.8012946491950658e-01, -1.2558313919261701e-04, -2.1079756917300358e-04,  2.9431215770316727e-02, -9.4125544282676950e-04, -1.3721055455024363e-05,  2.0165317290988554e-04,  1.2734168744477623e-03,  3.8707865690492099e-04
 5.7900000000000000e+00,  6.3370904149891828e+02,  2.8583771407063963e-02,  2.9867112795224998e+01, -2.3747489764186835e-02,  8.8637713384593142e-02,  5.0277731818055438e-01,  3.6718372305508792e+03,  6.4521558501405295e+01, -1.5010248592446869e+04,  1.0010814684398978e+01,  2.8495778002400569e+00,  2.9592856070277977e+00,  5.1114414019888445e-03,  4.3203776014826854e-02, -2.2738498107555982e-01,  2.8012007171901115e-01, -1.2572046348426858e-04, -2.0878791393633578e-04,  2.9444050010368001e-02, -9.3736463681883594e-04, -1.3743802875291231e-05,  2.0027787442367960e-04,  1.2934311358070989e-03,  3.9108254468180341e-04
 5.7999999999999998e+00,  6.3370916138760197e+02,  2.8625559743509381e-02,  2.9867009755094735e+01, -2.3747316433110784e-02,  8.8637793365564987e-02,  5.0277713233651433e-01,  3.6781753040367171e+03,  6.4797783752519322e+01, -1.5010269825307869e+04,  1.0010831329835458e+01,  2.8495766838409402e+00,  2.9643972344010163e+00,  5.1101835101638581e-03,  4.3201698149581212e-02, -2.2709047590389936e-01,  2.8011071762677020e-01, -1.2585801447517289e-04, -2.0679196558424451e-04,  2.9457083646069346e-02, -9.3343407456534307e-04, -1.3766395306687915e-05,  1.9891179599273082e-04,  1.3132960047234582e-03,  3.9502990600846343e-04
 5.8100000000000005e+00,  6.3370927930061441e+02,  2.8667408024452855e-02,  2.9866907708370103e+01, -2.3747144722443748e-02,  8.8637872805439930e-02,  5.0277694780974980e-01,  3.6845133539669391e+03,  6.5074575014906472e+01, -1.5010291059055295e+04,  1.0010847976813503e+01,  2.8495755670654539e+00,  2.9695088600817776e+00,  5.1089242416993410e-03,  4.3199640175515169e-02, -2.2679583940263842e-01,  2.8010140303751985e-01, -1.2599579060656196e-04, -2.0480963233773325e-04,  2.9470315186549287e-02, -9.2946432092841998e-04, -1.3788830971125296e-05,  1.9755485330951372e-04,  1.3330120912646232e-03,  3.9892082137614021e-04
 5.8200000000000003e+00,  6.3370939524679477e+02,  2.8709316229397732e-02,  2.9866806648089920e+01, -2.3746974619734483e-02,  8.8637951707011858e-02,  5.0277676459099696e-01,  3.6908513802718926e+03,  6.5351932284243858e+01, -1.5010312293678286e+04,  1.0010864625317538e+01,  2.8495744499058637e+00,  2.9746204840820827e+00,  5.1076635943517268e-03,  4.3197601956934457e-02, -2.2650106960016836e-01,  2.8009212834035163e-01, -1.2613379030309004e-04, -2.0284082327196463e-04,  2.9483743147217596e-02, -9.2545593995409822e-04, -1.3811108333373102e-05,  1.9620695984602093e-04,  1.3525800421355116e-03,  4.0275537349645005e-04
 5.8300000000000001e+00,  6.3370950923505757e+02,  2.8751284337992612e-02,  2.9866706567345673e+01, -2.3746806112634307e-02,  8.8638030073064686e-02,  5.0277658267105885e-01,  3.6971893828820116e+03,  6.5629855556216711e+01, -1.5010333529166051e+04,  1.0010881275332100e+01,  2.8495733323544852e+00,  2.9797321064138478e+00,  5.1064015658932793e-03,  4.3195583359049730e-02, -2.2620616453969408e-01,  2.8008289391872077e-01, -1.2627201197274685e-04, -2.0088544831417960e-04,  2.9497366049444713e-02, -9.2140949481957799e-04, -1.3833225597990085e-05,  1.9486803171099020e-04,  1.3720004032880570e-03,  4.0653365340760986e-04
 5.8399999999999999e+00,  6.3370962127439202e+02,  2.8793312330018209e-02,  2.9866607459281028e+01, -2.3746639188896246e-02,  8.8638107906372471e-02,  5.0277640204080476e-01,  3.7035273617278153e+03,  6.5908344826518217e+01, -1.5010354765507875e+04,  1.0010897926841848e+01,  2.8495722144036728e+00,  2.9848437270889021e+00,  5.1051381541122719e-03,  4.3193584247968174e-02, -2.2591112227917948e-01,  2.8007370015045524e-01, -1.2641045400666308e-04, -1.9894341823575398e-04,  2.9511182420605839e-02, -9.1732554781396409e-04, -1.3855181186377879e-05,  1.9353798397236051e-04,  1.3912738291987272e-03,  4.1025574770701452e-04
 5.8500000000000005e+00,  6.3370973137386034e+02,  2.8835400185374178e-02,  2.9866509317091296e+01, -2.3746473836374168e-02,  8.8638185209699349e-02,  5.0277622269116995e-01,  3.7098653167399102e+03,  6.6187400090849579e+01, -1.5010376002693107e+04,  1.0010914579831555e+01,  2.8495710960458300e+00,  2.9899553461189914e+00,  5.1038733568131460e-03,  4.3191604490685015e-02, -2.2561594089128195e-01,  2.8006454740776449e-01, -1.2654911477958752e-04, -1.9701464464040130e-04,  2.9525190793908845e-02, -9.1320466030495701e-04, -1.3876973398509932e-05,  1.9221673509816297e-04,  1.4104008314030263e-03,  4.1392175409436273e-04
 5.8600000000000003e+00,  6.3370983954259702e+02,  2.8877547884066199e-02,  2.9866412134022955e+01, -2.3746310043021912e-02,  8.8638261985799702e-02,  5.0277604461315484e-01,  3.7162032478489891e+03,  6.6467021344919871e+01, -1.5010397240711171e+04,  1.0010931234286119e+01,  2.8495699772734038e+00,  2.9950669635157752e+00,  5.1026071718166801e-03,  4.3189643955075366e-02, -2.2532061846330129e-01,  2.8005543605724914e-01, -1.2668799264960444e-04, -1.9509903994401471e-04,  2.9539389708343262e-02, -9.0904739267485266e-04, -1.3898600603746185e-05,  1.9090420418089429e-04,  1.4293820552180923e-03,  4.1753177193461612e-04
 5.8700000000000001e+00,  6.3370994578980753e+02,  2.8919755406193261e-02,  2.9866315903373135e+01, -2.3746147796892401e-02,  8.8638338237418110e-02,  5.0277586779782513e-01,  3.7225411549858350e+03,  6.6747208584446142e+01, -1.5010418479551558e+04,  1.0010947890190538e+01,  2.8495688580788805e+00,  3.0001785792908322e+00,  5.1013395969601539e-03,  4.3187702509886135e-02, -2.2502515309711510e-01,  2.8004636645991099e-01, -1.2682708595874060e-04, -1.9319651737605549e-04,  2.9553777708878702e-02, -9.0485430430666523e-04, -1.3920061223485807e-05,  1.8960030941096137e-04,  1.4482180518694051e-03,  4.2108590170288469e-04
 5.8799999999999999e+00,  6.3371005012476712e+02,  2.8962022731934926e-02,  2.9866220618489127e+01, -2.3745987086136774e-02,  8.8638413967289428e-02,  5.0277569223631091e-01,  3.7288790380813180e+03,  6.7027961805153339e+01, -1.5010439719203832e+04,  1.0010964547529937e+01,  2.8495677384547955e+00,  3.0052901934556546e+00,  5.1000706300975054e-03,  4.3185780024727845e-02, -2.2472954290912373e-01,  2.8003733897116301e-01, -1.2696639303277663e-04, -1.9130699097196353e-04,  2.9568353346046759e-02, -9.0062595354824780e-04, -1.3941353583721878e-05,  1.8830497140743499e-04,  1.4669093817421611e-03,  4.2458424998061551e-04
 5.8899999999999997e+00,  6.3371015255681982e+02,  2.9004349841538983e-02,  2.9866126272767897e+01, -2.3745827899003508e-02,  8.8638489178138838e-02,  5.0277551791980646e-01,  3.7352168970663993e+03,  6.7309281002774256e+01, -1.5010460959657625e+04,  1.0010981206289554e+01,  2.8495666183937267e+00,  3.0104018060216551e+00,  5.0988002690994984e-03,  4.3183876370066696e-02, -2.2443378603019418e-01,  2.8002835394084002e-01, -1.2710591218095867e-04, -1.8943037556478756e-04,  2.9583115175877566e-02, -8.9636289765657889e-04, -1.3962476053813089e-05,  1.8701811002607398e-04,  1.4854565846821747e-03,  4.2802692834518455e-04
 5.9000000000000004e+00,  6.3371025309537720e+02,  2.9046736715309076e-02,  2.9866032859655604e+01, -2.3745670223837518e-02,  8.8638563872681847e-02,  5.0277534483956976e-01,  3.7415547318721306e+03,  6.7591166173049572e+01, -1.5010482200902634e+04,  1.0010997866454726e+01,  2.8495654978882947e+00,  3.0155134170001641e+00,  5.0975285118538861e-03,  4.3181991417216549e-02, -2.2413788060560616e-01,  2.8001941171320988e-01, -1.2724564169685050e-04, -1.8756658676302284e-04,  2.9598061760157540e-02, -8.9206569277575803e-04, -1.3983427124552493e-05,  1.8573965032685745e-04,  1.5038602713123711e-03,  4.3141404781896995e-04
 5.9100000000000001e+00,  6.3371035174991732e+02,  2.9089183333592502e-02,  2.9865940372647124e+01, -2.3745514049079288e-02,  8.8638638053624402e-02,  5.0277517298692209e-01,  3.7478925424296531e+03,  6.7873617311727685e+01, -1.5010503442928628e+04,  1.0011014528010918e+01,  2.8495643769311636e+00,  3.0206250264024299e+00,  5.0962553562655614e-03,  4.3180125038331435e-02, -2.2384182479499101e-01,  2.8001051262698451e-01, -1.2738557985804519e-04, -1.8571554094848737e-04,  2.9613191666170234e-02, -8.8773489390905024e-04, -1.4004205113258326e-05,  1.8446951258189412e-04,  1.5221209309635535e-03,  4.3474572553050172e-04
 5.9199999999999999e+00,  6.3371044852998364e+02,  2.9131689676768300e-02,  2.9865848805285573e+01, -2.3745359363263982e-02,  8.8638711723662819e-02,  5.0277500235324724e-01,  3.7542303286702017e+03,  6.8156634414564863e+01, -1.5010524685725442e+04,  1.0011031190943692e+01,  2.8495632555150365e+00,  3.0257366342396188e+00,  5.0949808002567253e-03,  4.3178277106397579e-02, -2.2354561677228277e-01,  2.8000165701533170e-01, -1.2752572492629518e-04, -1.8387715528117969e-04,  2.9628503466620014e-02, -8.8337105487170330e-04, -1.4024808536739529e-05,  1.8320762087965185e-04,  1.5402391589925503e-03,  4.3802208193890118e-04
 5.9299999999999997e+00,  6.3371054344518382e+02,  2.9174255725235288e-02,  2.9865758151161838e+01, -2.3745206155020564e-02,  8.8638784885483934e-02,  5.0277483292999170e-01,  3.7605680905251029e+03,  6.8440217477325120e+01, -1.5010545929282982e+04,  1.0011047855238731e+01,  2.8495621336326660e+00,  3.0308482405228196e+00,  5.0937048417670355e-03,  4.3176447495225811e-02, -2.2324925472565862e-01,  2.7999284520588708e-01, -1.2766607514788173e-04, -1.8205134766600541e-04,  2.9643995739709477e-02, -8.7897472825502392e-04, -1.4045235781703266e-05,  1.8195390215357813e-04,  1.5582154591630541e-03,  4.4124324138914616e-04
 5.9400000000000004e+00,  6.3371063650518852e+02,  2.9216881459400428e-02,  2.9865668403914121e+01, -2.3745054413070898e-02,  8.8638857541765093e-02,  5.0277466470866394e-01,  3.7669058279257770e+03,  6.8724366495780245e+01, -1.5010567173591215e+04,  1.0011064520881821e+01,  2.8495610112768435e+00,  3.0359598452630419e+00,  5.0924274787537676e-03,  4.3174636079444259e-02, -2.2295273685748856e-01,  2.7998407752076659e-01, -1.2780662875318139e-04, -1.8023803676283783e-04,  2.9659667068914635e-02, -8.7454646540139551e-04, -1.4065485278227281e-05,  1.8070827847992685e-04,  1.5760503818684041e-03,  4.4440932933651649e-04
 5.9500000000000002e+00,  6.3371072771973047e+02,  2.9259566859667231e-02,  2.9865579557227477e+01, -2.3744904126228882e-02,  8.8638929695174118e-02,  5.0277449768083382e-01,  3.7732435408037359e+03,  6.9009081465709656e+01, -1.5010588418640176e+04,  1.0011081187858851e+01,  2.8495598884404023e+00,  3.0410714484712140e+00,  5.0911487091919718e-03,  4.3172842734490555e-02, -2.2265606138428032e-01,  2.7997535427657905e-01, -1.2794738395742393e-04, -1.7843714197364848e-04,  2.9675516043082349e-02, -8.7008681636526386e-04, -1.4085555569143861e-05,  1.7947067935953563e-04,  1.5937444514114287e-03,  4.4752047789755299e-04
 5.9600000000000000e+00,  6.3371081709860334e+02,  2.9302311906424384e-02,  2.9865491604833363e+01, -2.3744755283399550e-02,  8.8639001348369453e-02,  5.0277433183813236e-01,  3.7795812290905887e+03,  6.9294362382900545e+01, -1.5010609664419970e+04,  1.0011097856155828e+01,  2.8495587651162180e+00,  3.0461830501581897e+00,  5.0898685310746192e-03,  4.3171067336604786e-02, -2.2235922653662693e-01,  2.7996667578443929e-01, -1.2808833896043207e-04, -1.7664858342654843e-04,  2.9691541256125019e-02, -8.6559632987705704e-04, -1.4105445032484056e-05,  1.7824103006048512e-04,  1.6112981571226447e-03,  4.5057681974382789e-04
 5.9699999999999998e+00,  6.3371090465166037e+02,  2.9345116580034442e-02,  2.9865404540509179e+01, -2.3744607873578197e-02,  8.8639072504000119e-02,  5.0277416717225143e-01,  3.7859188927180380e+03,  6.9580209243147763e+01, -1.5010630910920761e+04,  1.0011114525758853e+01,  2.8495576412972103e+00,  3.0512946503347393e+00,  5.0885869424127633e-03,  4.3169309762822024e-02, -2.2206223055915783e-01,  2.7995804234998151e-01, -1.2822949194673093e-04, -1.7487228197200373e-04,  2.9707741307236780e-02, -8.6107555331003352e-04, -1.4125152228427376e-05,  1.7701926084689196e-04,  1.6287120654933456e-03,  4.5357849365321851e-04
 5.9800000000000004e+00,  6.3371099038881357e+02,  2.9387980860822793e-02,  2.9865318358077847e+01, -2.3744461885849513e-02,  8.8639143164705766e-02,  5.0277400367494285e-01,  3.7922565316178834e+03,  6.9866622042253823e+01, -1.5010652158132785e+04,  1.0011131196654143e+01,  2.8495565169763371e+00,  3.0564062490115633e+00,  5.0873039412356845e-03,  4.3167569890965346e-02, -2.2176507171048218e-01,  2.7994945427337309e-01, -1.2837084108598181e-04, -1.7310815917520196e-04,  2.9724114800817193e-02, -8.5652503265530003e-04, -1.4144675621746053e-05,  1.7580529851345694e-04,  1.6459866505890504e-03,  4.5652563729346013e-04
 5.9900000000000002e+00,  6.3371107432003237e+02,  2.9430904729066606e-02,  2.9865233051407348e+01, -2.3744317309386677e-02,  8.8639213333116737e-02,  5.0277384133801872e-01,  3.7985941457220183e+03,  7.0153600776028796e+01, -1.5010673406046337e+04,  1.0011147868828008e+01,  2.8495553921466010e+00,  3.0615178461992794e+00,  5.0860195255910436e-03,  4.3165847599638520e-02, -2.2146774826314147e-01,  2.7994091184932840e-01, -1.2851238453287259e-04, -1.7135613730838805e-04,  2.9740660346193961e-02, -8.5194531247447392e-04, -1.4164013755272370e-05,  1.7459907485085270e-04,  1.6631224245001340e-03,  4.5941839887932726e-04
 6.0000000000000000e+00,  6.3371115645534280e+02,  2.9473888164984138e-02,  2.9865148614410302e+01, -2.3744174133450518e-02,  8.8639283011854059e-02,  5.0277368015335033e-01,  3.8049317349624348e+03,  7.0441145440290441e+01, -1.5010694654651779e+04,  1.0011164542266876e+01,  2.8495542668010425e+00,  3.0666294419084332e+00,  5.0847336935450271e-03,  4.3164142768219178e-02, -2.2117025850355831e-01,  2.7993241536712360e-01, -1.2865412042733465e-04, -1.6961613934496716e-04,  2.9757376557929618e-02, -8.4733693588025661e-04, -1.4183165137141623e-05,  1.7340051783332940e-04,  1.6801199226313562e-03,  4.6225691996417437e-04
 6.0099999999999998e+00,  6.3371123680482606e+02,  2.9516931148723998e-02,  2.9865065041043536e+01, -2.3744032347388616e-02,  8.8639352203529490e-02,  5.0277352011286813e-01,  3.8112692992712227e+03,  7.0729256030864065e+01, -1.5010715903939537e+04,  1.0011181216957265e+01,  2.8495531409327470e+00,  3.0717410361494939e+00,  5.0834464431824969e-03,  4.3162455276851620e-02, -2.2087260073198289e-01,  2.7992396511061080e-01, -1.2879604689473905e-04, -1.6788808894149411e-04,  2.9774262055506241e-02, -8.4270044450050210e-04, -1.4202128344880560e-05,  1.7220956285978511e-04,  1.6969795929577031e-03,  4.6504135597922398e-04
 6.0200000000000005e+00,  6.3371131537861754e+02,  2.9560033660354604e-02,  2.9864982325307658e+01, -2.3743891940634452e-02,  8.8639420910745517e-02,  5.0277336120856120e-01,  3.8176068385805693e+03,  7.1017932543582575e+01, -1.5010737153900101e+04,  1.0011197892885797e+01,  2.8495520145348374e+00,  3.0768526289328544e+00,  5.0821577726071323e-03,  4.3160785006440348e-02, -2.2057477326244818e-01,  2.7991556135823359e-01, -1.2893816204585324e-04, -1.6617191043628469e-04,  2.9791315463224145e-02, -8.3803637843935810e-04, -1.4220901877955893e-05,  1.7102613818208756e-04,  1.7137019506229575e-03,  4.6777185624955538e-04
 6.0300000000000002e+00,  6.3371139218690598e+02,  2.9603195679853884e-02,  2.9864900461246634e+01, -2.3743752902706552e-02,  8.8639489136095415e-02,  5.0277320343247656e-01,  3.8239443528227589e+03,  7.1307174974286355e+01, -1.5010758404524024e+04,  1.0011214570039197e+01,  2.8495508876004787e+00,  3.0819642202688375e+00,  5.0808676799415798e-03,  4.3159131838642895e-02, -2.2027677442271840e-01,  2.7990720438304201e-01, -1.2908046397729528e-04, -1.6446752885007981e-04,  2.9808535410567129e-02, -8.3334527626323764e-04, -1.4239484409304166e-05,  1.6985017906035629e-04,  1.7302875177095016e-03,  4.7044857898195021e-04
 6.0400000000000000e+00,  6.3371146723993195e+02,  2.9646417187099046e-02,  2.9864819442947375e+01, -2.3743615223207611e-02,  8.8639556882163267e-02,  5.0277304677671941e-01,  3.8302818419301775e+03,  7.1596983318823376e+01, -1.5010779655801918e+04,  1.0011231248404297e+01,  2.8495497601228772e+00,  3.0870758101676872e+00,  5.0795761633275864e-03,  4.3157495655863347e-02, -2.1997860255423685e-01,  2.7989889445270832e-01, -1.2922295077144700e-04, -1.6277486985829051e-04,  2.9825920531759777e-02, -8.2862767494808578e-04, -1.4257874421039815e-05,  1.6868161929751321e-04,  1.7467367208202269e-03,  4.7307168404844076e-04
 6.0499999999999998e+00,  6.3371154054798706e+02,  2.9689698161856494e-02,  2.9864739264539335e+01, -2.3743478891823652e-02,  8.8639624151523974e-02,  5.0277289123345237e-01,  3.8366193058353092e+03,  7.1887357573049087e+01, -1.5010800907724462e+04,  1.0011247927968014e+01,  2.8495486320952765e+00,  3.0921873986395778e+00,  5.0782832209261509e-03,  4.3155876341245729e-02, -2.1968025601208321e-01,  2.7989063182954305e-01, -1.2936562049643358e-04, -1.6109385979761932e-04,  2.9843469465643677e-02, -8.2388410986009898e-04, -1.4276070577425755e-05,  1.6752039283528868e-04,  1.7630500562248205e-03,  4.7564133354158791e-04
 6.0600000000000005e+00,  6.3371161212141271e+02,  2.9733038583771861e-02,  2.9864659920194079e+01, -2.3743343898323173e-02,  8.8639690946743344e-02,  5.0277273679489487e-01,  3.8429567444707391e+03,  7.2178297732826465e+01, -1.5010822160282396e+04,  1.0011264608717374e+01,  2.8495475035109639e+00,  3.0972989856946107e+00,  5.0769888509176577e-03,  4.3154273778667394e-02, -2.1938173316492396e-01,  2.7988241677051112e-01, -1.2950847120694761e-04, -1.5942442565634505e-04,  2.9861180856004952e-02, -8.1911511473074295e-04, -1.4294071525380210e-05,  1.6636643541955497e-04,  1.7792280160299503e-03,  4.7815769232959507e-04
 6.0700000000000003e+00,  6.3371168197059922e+02,  2.9776438432360254e-02,  2.9864581404124909e+01, -2.3743210232556312e-02,  8.8639757270378025e-02,  5.0277258345332287e-01,  3.8492941577691513e+03,  7.2469803794025864e+01, -1.5010843413466519e+04,  1.0011281290639499e+01,  2.8495463743632645e+00,  3.1024105713428134e+00,  5.0756930515020119e-03,  4.3152687852732602e-02, -2.1908303239496310e-01,  2.7987424952724843e-01, -1.2965150094387915e-04, -1.5776649506145715e-04,  2.9879053351591162e-02, -8.1432122161497270e-04, -1.4311875859777167e-05,  1.6521968355943256e-04,  1.7952711009462041e-03,  4.8062093083169717e-04
 6.0800000000000001e+00,  6.3371175010598438e+02,  2.9819897686996659e-02,  2.9864503710586447e+01, -2.3743077884454004e-02,  8.8639823124975578e-02,  5.0277243120106874e-01,  3.8556315456633329e+03,  7.2761875752525171e+01, -1.5010864667267693e+04,  1.0011297973721604e+01,  2.8495452446455420e+00,  3.1075221555941441e+00,  5.0743958208987801e-03,  4.3151118448766165e-02, -2.1878415209789215e-01,  2.7986613034607882e-01, -1.2979470773435904e-04, -1.5611999627726858e-04,  2.9897085605642221e-02, -8.0950296086625465e-04, -1.4329482236203396e-05,  1.6408007327829022e-04,  1.8111797092657750e-03,  4.8303121891193185e-04
 6.0899999999999999e+00,  6.3371181653805286e+02,  2.9863416326906353e-02,  2.9864426833874248e+01, -2.3742946844027155e-02,  8.8639888513074500e-02,  5.0277228003052066e-01,  3.8619689080861717e+03,  7.3054513604209660e+01, -1.5010885921676841e+04,  1.0011314657951001e+01,  2.8495441143512021e+00,  3.1126337384584892e+00,  5.0730971573473248e-03,  4.3149565452807057e-02, -2.1848509068285027e-01,  2.7985805946803111e-01, -1.2993808959225900e-04, -1.5448485819330091e-04,  2.9915276275916534e-02, -8.0466086110895596e-04, -1.4346889344942663e-05,  1.6294754351386191e-04,  1.8269543458625792e-03,  4.8538873254064789e-04
 6.1000000000000005e+00,  6.3371188127733467e+02,  2.9906994331155633e-02,  2.9864350768324407e+01, -2.3742817101365808e-02,  8.8639953437204252e-02,  5.0277212993412224e-01,  3.8683062449706586e+03,  7.3347717344972068e+01, -1.5010907176684948e+04,  1.0011331343315106e+01,  2.8495429834736883e+00,  3.1177453199456640e+00,  5.0717970591069349e-03,  4.3148028751602299e-02, -2.1818584657237380e-01,  2.7985003712885664e-01, -1.3008164451845186e-04, -1.5286101032150815e-04,  2.9933624025135084e-02, -7.9979544920503565e-04, -1.4364095893628529e-05,  1.6182203084468637e-04,  1.8425954978472919e-03,  4.8769364824339216e-04
 6.1100000000000003e+00,  6.3371194433440439e+02,  2.9950631678642536e-02,  2.9864275508313181e+01, -2.3742688646638338e-02,  8.8640017899885210e-02,  5.0277198090437181e-01,  3.8746435562498855e+03,  7.3641486970712421e+01, -1.5010928432283055e+04,  1.0011348029801420e+01,  2.8495418520064852e+00,  3.1228569000654161e+00,  5.0704955244569557e-03,  4.3146508232600626e-02, -2.1788641820234755e-01,  2.7984206355904701e-01, -1.3022537050065840e-04, -1.5124838278410591e-04,  2.9952127520515376e-02, -7.9490725023447254e-04, -1.4381100546523920e-05,  1.6070347663710980e-04,  1.8581035779453262e-03,  4.8994614587629531e-04
 6.1200000000000001e+00,  6.3371200571987993e+02,  2.9994328348087827e-02,  2.9864201048256600e+01, -2.3742561470090625e-02,  8.8640081903628820e-02,  5.0277183293382277e-01,  3.8809808418570483e+03,  7.3935822477338220e+01, -1.5010949688462268e+04,  1.0011364717397539e+01,  2.8495407199431111e+00,  3.1279684788274200e+00,  5.0691925516969218e-03,  4.3145003783946617e-02, -2.1758680402196351e-01,  2.7983413898385195e-01, -1.3036926551366417e-04, -1.4964690630593955e-04,  2.9970785433721475e-02, -7.8999678745363415e-04, -1.4397902054625380e-05,  1.5959181899616995e-04,  1.8734790632746988e-03,  4.9214641029140410e-04
 6.1299999999999999e+00,  6.3371206544442168e+02,  3.0038084318025991e-02,  2.9864127382610089e+01, -2.3742435562045260e-02,  8.8640145450937555e-02,  5.0277168601508249e-01,  3.8873181017254469e+03,  7.4230723860764286e+01, -1.5010970945213745e+04,  1.0011381406091154e+01,  2.8495395872771283e+00,  3.1330800562412855e+00,  5.0678881391466825e-03,  4.3143515294474508e-02, -2.1728700249367314e-01,  2.7982626362329793e-01, -1.3051332751973279e-04, -1.4805651221069463e-04,  2.9989596441085814e-02, -7.8506458227321351e-04, -1.4414499160258389e-05,  1.5848700005149198e-04,  1.8887224098595129e-03,  4.9429462578574001e-04
 6.1400000000000006e+00,  6.3371212351873123e+02,  3.0081899566796539e-02,  2.9864054505868101e+01, -2.3742310912900744e-02,  8.8640208544304905e-02,  5.0277154014081216e-01,  3.8936553357884850e+03,  7.4526191116912813e+01, -1.5010992202528711e+04,  1.0011398095870046e+01,  2.8495384540021353e+00,  3.1381916323165511e+00,  5.0665822851465271e-03,  4.3142042653702403e-02, -2.1698701209314178e-01,  2.7981843769220649e-01, -1.3065755446869294e-04, -1.4647713241083487e-04,  3.0008559223518999e-02, -7.8011115423602261e-04, -1.4430890631771831e-05,  1.5738895992044972e-04,  1.9038340767773231e-03,  4.9639098165241635e-04
 6.1500000000000004e+00,  6.3371217995355039e+02,  3.0125774072535316e-02,  2.9863982412563747e+01, -2.3742187513130699e-02,  8.8640271186215411e-02,  5.0277139530372672e-01,  3.8999925439796689e+03,  7.4822224241713229e+01, -1.5011013460398442e+04,  1.0011414786722096e+01,  2.8495373201117702e+00,  3.1433032070626896e+00,  5.0652749880573085e-03,  4.3140585751826291e-02, -2.1668683130920274e-01,  2.7981066140021321e-01, -1.3080194429795843e-04, -1.4490869941173910e-04,  3.0027672466314353e-02, -7.7513702098354603e-04, -1.4447075220164813e-05,  1.5629763990000046e-04,  1.9188144820271021e-03,  4.9843566884979389e-04
 6.1600000000000001e+00,  6.3371223475966008e+02,  3.0169707813165955e-02,  2.9863911097268428e+01, -2.3742065353283073e-02,  8.8640333379144676e-02,  5.0277125149659407e-01,  3.9063297262326114e+03,  7.5118823231102354e+01, -1.5011034718814280e+04,  1.0011431478635268e+01,  2.8495361855997063e+00,  3.1484147804891038e+00,  5.0639662462605680e-03,  4.3139144479714168e-02, -2.1638645864381550e-01,  2.7980293495178682e-01, -1.3094649493261489e-04, -1.4335114628464014e-04,  3.0046934858984162e-02, -7.7014269822818753e-04, -1.4463051711128333e-05,  1.5521298551979918e-04,  1.9336640519341522e-03,  5.0042888222192521e-04
 6.1699999999999999e+00,  6.3371228794787964e+02,  3.0213700766391568e-02,  2.9863840554591476e+01, -2.3741944423979380e-02,  8.8640395125559490e-02,  5.0277110871223463e-01,  3.9126668824810308e+03,  7.5415988081024281e+01, -1.5011055977767619e+04,  1.0011448171597616e+01,  2.8495350504596582e+00,  3.1535263526051334e+00,  5.0626560581586563e-03,  4.3137718728900598e-02, -2.1608589261202307e-01,  2.7979525854624865e-01, -1.3109120428622946e-04, -1.4180440666735098e-04,  3.0066345095795064e-02, -7.6512869972568637e-04, -1.4478819011787886e-05,  1.5413493793803957e-04,  1.9483833102463541e-03,  5.0237081827832967e-04
 6.1799999999999997e+00,  6.3371233952906516e+02,  3.0257752909686481e-02,  2.9863770779179799e+01, -2.3741824715913913e-02,  8.8640456427917680e-02,  5.0277096694352130e-01,  3.9190040126587501e+03,  7.5713718787430366e+01, -1.5011077237249912e+04,  1.0011464865597290e+01,  2.8495339146853764e+00,  3.1586379234200486e+00,  5.0613444221748434e-03,  4.3136308391580822e-02, -2.1578513174189962e-01,  2.7978763237779231e-01, -1.3123607026056154e-04, -1.4026841476943671e-04,  3.0085901875492177e-02, -7.6009553725829202e-04, -1.4494375855794048e-05,  1.5306344164355684e-04,  1.9629726294433584e-03,  5.0426167519377230e-04
 6.1900000000000004e+00,  6.3371238951410896e+02,  3.0301864220288136e-02,  2.9863701765717519e+01, -2.3741706219852998e-02,  8.8640517288668258e-02,  5.0277082618337909e-01,  3.9253411166996984e+03,  7.6012015346279256e+01, -1.5011098497252671e+04,  1.0011481560622521e+01,  2.8495327782706497e+00,  3.1637494929430563e+00,  5.0600313367534450e-03,  4.3134913360605209e-02, -2.1548417457451322e-01,  2.7978005663550348e-01, -1.3138109074563526e-04, -1.3874310535836833e-04,  3.0105603900926897e-02, -7.5504372059607614e-04, -1.4509721158947217e-05,  1.5199844057011544e-04,  1.9774324575005031e-03,  5.0610165724937928e-04
 6.2000000000000002e+00,  6.3371243791393840e+02,  3.0346034675189114e-02,  2.9863633508925638e+01, -2.3741588926634232e-02,  8.8640577710251398e-02,  5.0277068642478440e-01,  3.9316781945379107e+03,  7.6310877753536744e+01, -1.5011119757767463e+04,  1.0011498256661632e+01,  2.8495316412093050e+00,  3.1688610611832959e+00,  5.0587168003599307e-03,  4.3133533529473654e-02, -2.1518301966388106e-01,  2.7977253150338038e-01, -1.3152626362010063e-04, -1.3722841373659271e-04,  3.0125449879250064e-02, -7.4997375747733392e-04, -1.4524853732961816e-05,  1.5093988378623389e-04,  1.9917632068656450e-03,  5.0789096650574132e-04
 6.2100000000000000e+00,  6.3371248473951471e+02,  3.0390264251129371e-02,  2.9863566003561676e+01, -2.3741472827165742e-02,  8.8640637695098431e-02,  5.0277054766076479e-01,  3.9380152461075295e+03,  7.6610306005175957e+01, -1.5011141018785913e+04,  1.0011514953703035e+01,  2.8495305034952016e+00,  3.1739726281498428e+00,  5.0574008114810430e-03,  4.3132168792330478e-02, -2.1488166557692823e-01,  2.7976505716035394e-01, -1.3167158675149383e-04, -1.3572427575783987e-04,  3.0145438522021593e-02, -7.4488615358638184e-04, -1.4539772545674799e-05,  1.4988771196434243e-04,  2.0059653474403271e-03,  5.0962981168469704e-04
 6.2199999999999998e+00,  6.3371253000183219e+02,  3.0434552924588423e-02,  2.9863499244419344e+01, -2.3741357912425438e-02,  8.8640697245631922e-02,  5.0277040988439892e-01,  3.9443522713428042e+03,  7.6910300097177171e+01, -1.5011162280299701e+04,  1.0011531651735227e+01,  2.8495293651222426e+00,  3.1790841938517098e+00,  5.0560833686249008e-03,  4.3130819043958497e-02, -2.1458011089344065e-01,  2.7975763378030866e-01, -1.3181705799665067e-04, -1.3423062782055541e-04,  3.0165568545342105e-02, -7.3978141251760895e-04, -1.4554476486863139e-05,  1.4884187549134989e-04,  2.0200393169299735e-03,  5.1131840206328628e-04
 6.2300000000000004e+00,  6.3371257371191700e+02,  3.0478900671777977e-02,  2.9863433226328198e+01, -2.3741244173460300e-02,  8.8640756364265605e-02,  5.0277027308881572e-01,  3.9506892701780921e+03,  7.7210860025527907e+01, -1.5011183542300563e+04,  1.0011548350746789e+01,  2.8495282260843640e+00,  3.1841957582978431e+00,  5.0547644703211100e-03,  4.3129484179774066e-02, -2.1427835420602137e-01,  2.7975026153210358e-01, -1.3196267520127316e-04, -1.3274740683736879e-04,  3.0185838669300604e-02, -7.3466003576714818e-04, -1.4568964437632775e-05,  1.4780232114596653e-04,  2.0339854747696458e-03,  5.1295694802886284e-04
 6.2400000000000002e+00,  6.3371261588082621e+02,  3.0523307468634318e-02,  2.9863367944153307e+01, -2.3741131601385641e-02,  8.8640815053404501e-02,  5.0277013726719433e-01,  3.9570262425478563e+03,  7.7511985786222795e+01, -1.5011204804780291e+04,  1.0011565050726395e+01,  2.8495270863755402e+00,  3.1893073214971266e+00,  5.0534441151208753e-03,  4.3128164095821750e-02, -2.1397639412005462e-01,  2.7974294057959331e-01, -1.3210843620064324e-04, -1.3127455024790626e-04,  3.0206247618207817e-02, -7.2952252269388614e-04, -1.4583235435212183e-05,  1.4676899674770998e-04,  2.0478043064043644e-03,  5.1454566663002824e-04
 6.2500000000000000e+00,  6.3371265651964677e+02,  3.0567773290811173e-02,  2.9863303392794922e+01, -2.3741020187384391e-02,  8.8640873315444874e-02,  5.0277000241276348e-01,  3.9633631883866697e+03,  7.7813677375263680e+01, -1.5011226067730731e+04,  1.0011581751662796e+01,  2.8495259459897802e+00,  3.1944188834583822e+00,  5.0521223015970972e-03,  4.3126858688769108e-02, -2.1367422925365723e-01,  2.7973567108164971e-01, -1.3225433881983964e-04, -1.2981199600664849e-04,  3.0226794120779367e-02, -7.2436937050003743e-04, -1.4597288404070219e-05,  1.4574185150385065e-04,  2.0614962079058322e-03,  5.1608477213973528e-04
 6.2599999999999998e+00,  6.3371269563949465e+02,  3.0612298113672467e-02,  2.9863239567188149e+01, -2.3740909922706409e-02,  8.8640931152774216e-02,  5.0276986851880134e-01,  3.9697001076292127e+03,  7.8115934788659544e+01, -1.5011247331143786e+04,  1.0011598453544828e+01,  2.8495248049211299e+00,  3.1995304441903683e+00,  5.0507990283444786e-03,  4.3125567855901617e-02, -2.1337185823763904e-01,  2.7972845319218331e-01, -1.3240038087363118e-04, -1.2835968258642343e-04,  3.0247476910037065e-02, -7.1920107420906938e-04, -1.4611122355414499e-05,  1.4472083254001732e-04,  2.0750616439023802e-03,  5.1757448604747682e-04
 6.2700000000000005e+00,  6.3371273325151355e+02,  3.0656881912285338e-02,  2.9863176462302629e+01, -2.3740800798667767e-02,  8.8640988567771348e-02,  5.0276973557863525e-01,  3.9760370002102754e+03,  7.8418758022426530e+01, -1.5011268595011412e+04,  1.0011615156361415e+01,  2.8495236631636720e+00,  3.2046420037017826e+00,  5.0494742939796245e-03,  4.3124291495117380e-02, -2.1306927971545647e-01,  2.7972128706016552e-01, -1.3254656016682380e-04, -1.2691754895862979e-04,  3.0268294723007762e-02, -7.1401812663794435e-04, -1.4624736283108000e-05,  1.4370589301870187e-04,  2.0885009502368415e-03,  5.1901502817750347e-04
 6.2800000000000002e+00,  6.3371276936687411e+02,  3.0701524661413206e-02,  2.9863114073142217e+01, -2.3740692806650077e-02,  8.8641045562806400e-02,  5.0276960358564093e-01,  3.9823738660647555e+03,  7.8722147072587816e+01, -1.5011289859325620e+04,  1.0011631860101563e+01,  2.8495225207115258e+00,  3.2097535620012616e+00,  5.0481480971411421e-03,  4.3123029504922444e-02, -2.1276649234317888e-01,  2.7971417282965055e-01, -1.3269287449462733e-04, -1.2548553458801006e-04,  3.0289246300902552e-02, -7.0882101838311404e-04, -1.4638129276420899e-05,  1.4269698110636660e-04,  2.1018146284524706e-03,  5.2040662279486674e-04
 6.2900000000000000e+00,  6.3371280399677289e+02,  3.0746226335509060e-02,  2.9863052394744663e+01, -2.3740585938099808e-02,  8.8641102140240804e-02,  5.0276947253324278e-01,  3.9887107051276603e+03,  7.9026101935173756e+01, -1.5011311124078475e+04,  1.0011648564754354e+01,  2.8495213775588435e+00,  3.2148651190973765e+00,  5.0468204364897320e-03,  4.3121781784425620e-02, -2.1246349478943843e-01,  2.7970711063979786e-01, -1.3283932164265548e-04, -1.2406357943958989e-04,  3.0310330389187547e-02, -7.0361023778443940e-04, -1.4651300329210985e-05,  1.4169404857767348e-04,  2.1150030285467039e-03,  5.2174949694008268e-04
 6.2999999999999998e+00,  6.3371283715243123e+02,  3.0790986908708774e-02,  2.9862991422181310e+01, -2.3740480184527599e-02,  8.8641158302427331e-02,  5.0276934241491278e-01,  3.9950475173341074e+03,  7.9330622606221780e+01, -1.5011332389262094e+04,  1.0011665270308960e+01,  2.8495202336998147e+00,  3.2199766749986454e+00,  5.0454913107082890e-03,  4.3120548233333653e-02, -2.1216028573539514e-01,  2.7970010062489487e-01, -1.3298589938712287e-04, -1.2265162395857783e-04,  3.0331545737500430e-02, -6.9838627091421462e-04, -1.4664248565442896e-05,  1.4069704762364373e-04,  2.1280666342992213e-03,  5.2304387709864811e-04
 6.3100000000000005e+00,  6.3371286884509459e+02,  3.0835806354824667e-02,  2.9862931150556765e+01, -2.3740375537507616e-02,  8.8641214051710077e-02,  5.0276921322417090e-01,  4.0013843026193235e+03,  7.9635709081776426e+01, -1.5011353654868650e+04,  1.0011681976754627e+01,  2.8495190891286657e+00,  3.2250882297135193e+00,  5.0441607185019895e-03,  4.3119328751946448e-02, -2.1185686387468841e-01,  2.7969314291437958e-01, -1.3313260549514857e-04, -1.2124960907383406e-04,  3.0352891099439526e-02, -6.9314960155773602e-04, -1.4676973039694940e-05,  1.3970592932510039e-04,  2.1410057535197324e-03,  5.2428999419704494e-04
 6.3200000000000003e+00,  6.3371289908603114e+02,  3.0880684647339011e-02,  2.9862871575008619e+01, -2.3740271988676877e-02,  8.8641269390424590e-02,  5.0276908495458383e-01,  4.0077210609186445e+03,  7.9941361357889193e+01, -1.5011374920890366e+04,  1.0011698684080690e+01,  2.8495179438396545e+00,  3.2301997832503937e+00,  5.0428286585983860e-03,  4.3118123241152176e-02, -2.1155322791340633e-01,  2.7968623763286371e-01, -1.3327943772512292e-04, -1.1985747618362386e-04,  3.0374365232841521e-02, -6.8790071117709537e-04, -1.4689472953994325e-05,  1.3872064871801073e-04,  2.1538209266092987e-03,  5.2548808193722009e-04
 6.3300000000000001e+00,  6.3371292788653113e+02,  3.0925621759397937e-02,  2.9862812690707123e+01, -2.3740169529734623e-02,  8.8641324320897746e-02,  5.0276895759976559e-01,  4.0140577921675181e+03,  8.0247579430618714e+01, -1.5011396187319520e+04,  1.0011715392276557e+01,  2.8495167978270790e+00,  3.2353113356176029e+00,  5.0414951297474871e-03,  4.3116931602422776e-02, -2.1124937657003159e-01,  2.7967938490015604e-01, -1.3342639382683756e-04, -1.1847516715284253e-04,  3.0395966899770348e-02, -6.8264007889730425e-04, -1.4701747388934999e-05,  1.3774115743825954e-04,  2.1665124591564258e-03,  5.2663837402102699e-04
 6.3399999999999999e+00,  6.3371295525790572e+02,  3.0970617663805201e-02,  2.9862754492854904e+01, -2.3740068152441667e-02,  8.8641378845447816e-02,  5.0276883115337678e-01,  4.0203944963015015e+03,  8.0554363296030616e+01, -1.5011417454148441e+04,  1.0011732101331717e+01,  2.8495156510852664e+00,  3.2404228868234246e+00,  5.0401601307218493e-03,  4.3115753737809119e-02, -2.1094530857541094e-01,  2.7967258483128576e-01, -1.3357347154124881e-04, -1.1710262431546554e-04,  3.0417694866088217e-02, -6.7736818148976356e-04, -1.4713795494502455e-05,  1.3676741003609195e-04,  2.1790808046872161e-03,  5.2774110748108119e-04
 6.3500000000000005e+00,  6.3371298121148595e+02,  3.1015672333016206e-02,  2.9862696976686664e+01, -2.3739967848619776e-02,  8.8641432966384479e-02,  5.0276870560912390e-01,  4.0267311732562630e+03,  8.0861712950197600e+01, -1.5011438721369510e+04,  1.0011748811235735e+01,  2.8495145036085847e+00,  3.2455344368760772e+00,  5.0388236603166620e-03,  4.3114589549936466e-02, -2.1064102267270982e-01,  2.7966583753652624e-01, -1.3372066860130181e-04, -1.1573979045754756e-04,  3.0439547901949655e-02, -6.7208549334172977e-04, -1.4725616516094595e-05,  1.3579936154749990e-04,  2.1915263676007923e-03,  5.2879652212564968e-04
 6.3600000000000003e+00,  6.3371300575862222e+02,  3.1060785739132186e-02,  2.9862640137468887e+01, -2.3739868610151035e-02,  8.8641486686008936e-02,  5.0276858096075960e-01,  4.0330678229675809e+03,  8.1169628389199246e+01, -1.5011459988975161e+04,  1.0011765521978258e+01,  2.8495133553914287e+00,  3.2506459857837187e+00,  5.0374857173498232e-03,  4.3113438941999968e-02, -2.1033651761737193e-01,  2.7965914312141893e-01, -1.3386798273208017e-04, -1.1438660881442597e-04,  3.0461524781569920e-02, -6.6679248644231669e-04, -1.4737209638391387e-05,  1.3483696707783952e-04,  2.2038495561816748e-03,  5.2980485776290588e-04
 6.3700000000000001e+00,  6.3371302891068274e+02,  3.1105957853894341e-02,  2.9862583970499553e+01, -2.3739770428977239e-02,  8.8641540006613742e-02,  5.0276845720208185e-01,  4.0394044453713454e+03,  8.1478109609122228e+01, -1.5011481256957879e+04,  1.0011782233549017e+01,  2.8495122064282357e+00,  3.2557575335544540e+00,  5.0361463006620205e-03,  4.3112301817760178e-02, -2.1003179217707843e-01,  2.7965250168679739e-01, -1.3401541165063258e-04, -1.1304302307315014e-04,  3.0483624283159743e-02, -6.6148963036584429e-04, -1.4748574072091032e-05,  1.3388018117733175e-04,  2.2160507617830895e-03,  5.3076635753159841e-04
 6.3799999999999999e+00,  6.3371305067905291e+02,  3.1151188648678350e-02,  2.9862528471107854e+01, -2.3739673297099303e-02,  8.8641592930482932e-02,  5.0276833432693413e-01,  4.0457410404035581e+03,  8.1787156606060179e+01, -1.5011502525310199e+04,  1.0011798945937800e+01,  2.8495110567134718e+00,  3.2608690801963287e+00,  5.0348054091168106e-03,  4.3111178081538505e-02, -2.0972684513170875e-01,  2.7964591332881161e-01, -1.3416295306638678e-04, -1.1170897735341987e-04,  3.0505845188879405e-02, -6.5617739224420194e-04, -1.4759709079936053e-05,  1.3292896276772490e-04,  2.2281303824199876e-03,  5.3168126679101527e-04
 6.3900000000000006e+00,  6.3371307107513428e+02,  3.1196478094488791e-02,  2.9862473634653909e+01, -2.3739577206576629e-02,  8.8641645459892074e-02,  5.0276821232920443e-01,  4.0520776080003325e+03,  8.2096769376113684e+01, -1.5011523794024710e+04,  1.0011815659134493e+01,  2.8495099062416394e+00,  3.2659806257173325e+00,  5.0334630416006927e-03,  4.3110067638213109e-02, -2.0942167527330083e-01,  2.7963937813895251e-01, -1.3431060468167003e-04, -1.1038441620827866e-04,  3.0528186285076048e-02, -6.5085623675019291e-04, -1.4770613976713294e-05,  1.3198326626050972e-04,  2.2400888569084143e-03,  5.3254983201076226e-04
 6.4000000000000004e+00,  6.3371309011034373e+02,  3.1241826161953774e-02,  2.9862419456528482e+01, -2.3739482149526564e-02,  8.8641697597108188e-02,  5.0276809120282551e-01,  4.0584141480978915e+03,  8.2406947915390219e+01, -1.5011545063094047e+04,  1.0011832373129042e+01,  2.8495087550072737e+00,  3.2710921701253977e+00,  5.0321191970231771e-03,  4.3108970393214339e-02, -2.0911628140600722e-01,  2.7963289620407661e-01, -1.3445836419138181e-04, -1.0906928462582854e-04,  3.0550646362031239e-02, -6.4552662608076395e-04, -1.4781287964449960e-05,  1.3104305023048938e-04,  2.2519265338584019e-03,  5.3337230188079733e-04
 6.4100000000000001e+00,  6.3371310779611235e+02,  3.1287232821319670e-02,  2.9862365932152713e+01, -2.3739388118123782e-02,  8.8641749344389759e-02,  5.0276797094177417e-01,  4.0647506606325724e+03,  8.2717692220004253e+01, -1.5011566332510898e+04,  1.0011849087911482e+01,  2.8495076030049447e+00,  3.2762037134284023e+00,  5.0307738743168651e-03,  4.3107886252520593e-02, -2.0881066234606022e-01,  2.7962646760643090e-01, -1.3460622928368758e-04, -1.0776352801674057e-04,  3.0573224214119163e-02, -6.4018901993202738e-04, -1.4791730496705533e-05,  1.3010827158710936e-04,  2.2636438837265595e-03,  5.3414892786654068e-04
 6.4199999999999999e+00,  6.3371312414388456e+02,  3.1332698042446032e-02,  2.9862313056977847e+01, -2.3739295104599729e-02,  8.8641800703986903e-02,  5.0276785154007120e-01,  4.0710871455408228e+03,  8.3029002286077159e+01, -1.5011587602268002e+04,  1.0011865803471913e+01,  2.8495064502292542e+00,  3.2813152556341696e+00,  5.0294270724375034e-03,  4.3106815122654005e-02, -2.0850481692172484e-01,  2.7962009242367797e-01, -1.3475419764017875e-04, -1.0646709220872801e-04,  3.0595918639737082e-02, -6.3484387548830257e-04, -1.4801940801529378e-05,  1.2917889001540778e-04,  2.2752412398575478e-03,  5.3487996087844326e-04
 6.4299999999999997e+00,  6.3371313916511724e+02,  3.1378221794800543e-02,  2.9862260826484953e+01, -2.3739203101242057e-02,  8.8641851678141204e-02,  5.0276773299178101e-01,  4.0774236027592033e+03,  8.3340878109737218e+01, -1.5011608872358147e+04,  1.0011882519800508e+01,  2.8495052966748395e+00,  3.2864267967504652e+00,  5.0280787903640616e-03,  4.3105756910676418e-02, -2.0819874397326549e-01,  2.7961377072892113e-01, -1.3490226693562598e-04, -1.0517992343819539e-04,  3.0618728441087609e-02, -6.2949164739976794e-04, -1.4811918289114195e-05,  1.2825486409017670e-04,  2.2867190305196961e-03,  5.3556565682286476e-04
 6.4400000000000004e+00,  6.3371315287127891e+02,  3.1423804047454061e-02,  2.9862209236184665e+01, -2.3739112100394068e-02,  8.8641902269085832e-02,  5.0276761529101088e-01,  4.0837600322243866e+03,  8.3653319687119605e+01, -1.5011630142774169e+04,  1.0011899236887524e+01,  2.8495041423363694e+00,  3.2915383367850031e+00,  5.0267290270987908e-03,  4.3104711524185241e-02, -2.0789244235290308e-01,  2.7960750259072997e-01, -1.3505043483896321e-04, -1.0390196835234382e-04,  3.0641652424589341e-02, -6.2413278776317306e-04, -1.4821662378330251e-05,  1.2733615308013169e-04,  2.2980776698265978e-03,  5.3620627049608431e-04
 6.4500000000000002e+00,  6.3371316527384852e+02,  3.1469444769075941e-02,  2.9862158281616924e+01, -2.3739022094454162e-02,  8.8641952479045508e-02,  5.0276749843191126e-01,  4.0900964338731565e+03,  8.3966327014366300e+01, -1.5011651413508955e+04,  1.0011915954723280e+01,  2.8495029872085453e+00,  3.2966498757454419e+00,  5.0253777816672823e-03,  4.3103678871309371e-02, -2.0758591092477369e-01,  2.7960128807316587e-01, -1.3519869901286739e-04, -1.0263317400567791e-04,  3.0664689400600839e-02, -6.1876774611614662e-04, -1.4831172401309011e-05,  1.2642271625396535e-04,  2.3093175322009703e-03,  5.3680205891473221e-04
 6.4600000000000000e+00,  6.3371317638431469e+02,  3.1515143927929271e-02,  2.9862107958350709e+01, -2.3738933075875303e-02,  8.8642002310236501e-02,  5.0276738240867525e-01,  4.0964328076424108e+03,  8.4279900087626231e+01, -1.5011672684555439e+04,  1.0011932673298174e+01,  2.8495018312861040e+00,  3.3017614136393876e+00,  5.0240250531185335e-03,  4.3102658860705127e-02, -2.0727914856489107e-01,  2.7959512723580765e-01, -1.3534705711423556e-04, -1.0137348784647553e-04,  3.0687838183470584e-02, -6.1339696939834078e-04, -1.4840447872325269e-05,  1.2551451558651651e-04,  2.3204390417476007e-03,  5.3735328464645860e-04
 6.4699999999999998e+00,  6.3371318621417493e+02,  3.1560901491866425e-02,  2.9862058261983783e+01, -2.3738845037164481e-02,  8.8642051764866711e-02,  5.0276726721553799e-01,  4.1027691534691594e+03,  8.4594038903055122e+01, -1.5011693955906603e+04,  1.0011949392602672e+01,  2.8495006745638123e+00,  3.3068729504743919e+00,  5.0226708405249976e-03,  4.3101651401552442e-02, -2.0697215416110429e-01,  2.7958902013377790e-01, -1.3549550679446896e-04, -1.0012285771403052e-04,  3.0711097591414729e-02, -6.0802090195154180e-04, -1.4849488175552187e-05,  1.2461151090158976e-04,  2.3314425473540713e-03,  5.3786020470789357e-04
 6.4800000000000004e+00,  6.3371319477493444e+02,  3.1606717428324563e-02,  2.9862009188142437e+01, -2.3738757970882186e-02,  8.8642100845135671e-02,  5.0276715284677675e-01,  4.1091054712905243e+03,  8.4908743456815586e+01, -1.5011715227555482e+04,  1.0011966112627317e+01,  2.8494995170364712e+00,  3.3119844862579533e+00,  5.0213151429826441e-03,  4.3100656403550847e-02, -2.0666492661306277e-01,  2.7958296681776862e-01, -1.3564404569955978e-04, -9.8881231842121663e-05,  3.0734466446629537e-02, -6.0263998550023901e-04, -1.4858292842617062e-05,  1.2371366348017926e-04,  2.3423284956080067e-03,  5.3832308555265844e-04
 6.4900000000000002e+00,  6.3371320207810561e+02,  3.1652591704321324e-02,  2.9861960732481243e+01, -2.3738671869641903e-02,  8.8642149553234489e-02,  5.0276703929671018e-01,  4.1154417610437404e+03,  8.5224013745076945e+01, -1.5011736499495155e+04,  1.0011982833362719e+01,  2.8494983586989133e+00,  3.3170960209975213e+00,  5.0199579596110063e-03,  4.3099673776915599e-02, -2.0635746483217168e-01,  2.7957696733406789e-01, -1.3579267147041432e-04, -9.7648558838524946e-05,  3.0757943575399727e-02, -5.9725465912653533e-04, -1.4866861327082005e-05,  1.2282093724003652e-04,  2.3530972581565670e-03,  5.3874218919338713e-04
 6.5000000000000000e+00,  6.3371320813520663e+02,  3.1698524286450688e-02,  2.9861912890682799e+01, -2.3738586726109595e-02,  8.8642197891345934e-02,  5.0276692655969835e-01,  4.1217780226661562e+03,  8.5539849764015415e+01, -1.5011757771718751e+04,  1.0011999554799557e+01,  2.8494971995460041e+00,  3.3222075547004875e+00,  5.0185992895532359e-03,  4.3098703432374076e-02, -2.0604976774155478e-01,  2.7957102172458609e-01, -1.3594138174319952e-04, -9.6424787694034792e-05,  3.0781527808030441e-02, -5.9186535926459985e-04, -1.4875193229957973e-05,  1.2193329165799925e-04,  2.3637492679863155e-03,  5.3911778319373294e-04
 6.5099999999999998e+00,  6.3371321295776113e+02,  3.1744515140878803e-02,  2.9861865658457489e+01, -2.3738502533003192e-02,  8.8642245861644459e-02,  5.0276681463014250e-01,  4.1281142560952330e+03,  8.5856251509813973e+01, -1.5011779044219444e+04,  1.0012016276928589e+01,  2.8494960395726392e+00,  3.3273190873741969e+00,  5.0172391319761424e-03,  4.3097745281161719e-02, -2.0574183427601109e-01,  2.7956513002688260e-01, -1.3609017414936730e-04, -9.5209867776236437e-05,  3.0805217978673704e-02, -5.8647251968412006e-04, -1.4883288004807074e-05,  1.2105069190082026e-04,  2.3742848609397140e-03,  5.3945013289699866e-04
 6.5200000000000005e+00,  6.3371321655729685e+02,  3.1790564233340063e-02,  2.9861819031543234e+01, -2.3738419283092119e-02,  8.8642293466296138e-02,  5.0276670350248442e-01,  4.1344504612685450e+03,  8.6173218978662391e+01, -1.5011800316990457e+04,  1.0012032999740629e+01,  2.8494948787737489e+00,  3.3324306190259407e+00,  5.0158774860702485e-03,  4.3096799235018551e-02, -2.0543366338198130e-01,  2.7955929227419241e-01, -1.3623904631556783e-04, -9.4003748810770390e-05,  3.0829012925295118e-02, -5.8107657146809532e-04, -1.4891145235298311e-05,  1.2017310119238346e-04,  2.3847044633428247e-03,  5.3973951030792115e-04
 6.5300000000000002e+00,  6.3371321894534515e+02,  3.1836671529133199e-02,  2.9861773005705256e+01, -2.3738336969196791e-02,  8.8642340707458744e-02,  5.0276659317120620e-01,  4.1407866381237773e+03,  8.6490752166757133e+01, -1.5011821590025060e+04,  1.0012049723226569e+01,  2.8494937171442936e+00,  3.3375421496629603e+00,  5.0145143510498310e-03,  4.3095865206185503e-02, -2.0512525401750517e-01,  2.7955350849545324e-01, -1.3638799586470954e-04, -9.2806380898315702e-05,  3.0852911490011174e-02, -5.7567794300163015e-04, -1.4898764591834226e-05,  1.1930048129938317e-04,  2.3950084795943869e-03,  5.3998618299024937e-04
 6.5400000000000000e+00,  6.3371322013343979e+02,  3.1882836993117600e-02,  2.9861727576735845e+01, -2.3738255584188139e-02,  8.8642387587281754e-02,  5.0276648363082999e-01,  4.1471227865987312e+03,  8.6808851070301472e+01, -1.5011842863316568e+04,  1.0012066447377372e+01,  2.8494925546792653e+00,  3.3426536792924462e+00,  5.0131497261529543e-03,  4.3094943107400585e-02, -2.0481660515218109e-01,  2.7954777871533237e-01, -1.3653702041565552e-04, -9.1617714498631051e-05,  3.0876912518976833e-02, -5.7027705996360971e-04, -1.4906145597363221e-05,  1.1843279863755169e-04,  2.4051973135376017e-03,  5.4019042461386302e-04
 6.5499999999999998e+00,  6.3371322013311624e+02,  3.1929060589709624e-02,  2.9861682740454114e+01, -2.3738175120987141e-02,  8.8642434107906315e-02,  5.0276637487591802e-01,  4.1534589066313192e+03,  8.7127515685505387e+01, -1.5011864136858345e+04,  1.0012083172184060e+01,  2.8494913913736877e+00,  3.3477652079215390e+00,  5.0117836106415179e-03,  4.3094032851895531e-02, -2.0450771576712565e-01,  2.7954210295425397e-01, -1.3668611758333447e-04, -9.0437700419122158e-05,  3.0901014862153693e-02, -5.6487434529349598e-04, -1.4913287939635068e-05,  1.1757001726341878e-04,  2.4152713221091688e-03,  5.4035250940384920e-04
 6.5600000000000005e+00,  6.3371321895591086e+02,  3.1975342282879085e-02,  2.9861638492705776e+01, -2.3738095572564351e-02,  8.8642480271465332e-02,  5.0276626690107173e-01,  4.1597949981595675e+03,  8.7446746008585606e+01, -1.5011885410643801e+04,  1.0012099897637727e+01,  2.8494902272226161e+00,  3.3528767355573295e+00,  5.0104160038012876e-03,  4.3093134353392203e-02, -2.0419858485493800e-01,  2.7953648122842650e-01, -1.3683528497934779e-04, -8.9266289821086247e-05,  3.0925217373487641e-02, -5.5947021919687632e-04, -1.4920191263034100e-05,  1.1671210234375801e-04,  2.4252309446802780e-03,  5.4047270992005629e-04
 6.5700000000000003e+00,  6.3371321661336003e+02,  3.2021682036145818e-02,  2.9861594829362911e+01, -2.3738016931939450e-02,  8.8642526080083481e-02,  5.0276615970093175e-01,  4.1661310611216149e+03,  8.7766542035765468e+01, -1.5011906684666390e+04,  1.0012116623729542e+01,  2.8494890622211355e+00,  3.3579882622068591e+00,  5.0090469049419309e-03,  4.3092247526099109e-02, -2.0388921141965588e-01,  2.7953091354987003e-01, -1.3698452021190224e-04, -8.8103434208940619e-05,  3.0949518910964417e-02, -5.5406509913148510e-04, -1.4926855246636476e-05,  1.1585902008615585e-04,  2.4350765504000875e-03,  5.4055130316312905e-04
 6.5800000000000001e+00,  6.3371321311699921e+02,  3.2068079812576367e-02,  2.9861551746323741e+01, -2.3737939192180788e-02,  8.8642571535877124e-02,  5.0276605327017765e-01,  4.1724670954557141e+03,  8.8086903763275075e+01, -1.5011927958919614e+04,  1.0012133350450725e+01,  2.8494878963643626e+00,  3.3630997878771192e+00,  5.0076763133970496e-03,  4.3091372284708024e-02, -2.0357959447671872e-01,  2.7952539992644387e-01, -1.3713382088602637e-04, -8.6949085432651754e-05,  3.0973918336336219e-02, -5.4865939977667482e-04, -1.4933279578189322e-05,  1.1501073517162166e-04,  2.4448085239604442e-03,  5.4058856779895059e-04
 6.5899999999999999e+00,  6.3371320847836216e+02,  3.2114535574780764e-02,  2.9861509239512401e+01, -2.3737862346404945e-02,  8.8642616640954408e-02,  5.0276594760352766e-01,  4.1788031011002304e+03,  8.8407831187351178e+01, -1.5011949233397017e+04,  1.0012150077792574e+01,  2.8494867296474480e+00,  3.3682113125750544e+00,  5.0063042285242105e-03,  4.3090508544390456e-02, -2.0326973305292917e-01,  2.7951994036187450e-01, -1.3728318460389863e-04, -8.5803195683587760e-05,  3.0998414515332591e-02, -5.4325353303351495e-04, -1.4939463997484114e-05,  1.1416721464040963e-04,  2.4544272755887531e-03,  5.4058478082816557e-04
 6.6000000000000005e+00,  6.3371320270898013e+02,  3.2161049284909482e-02,  2.9861467304878722e+01, -2.3737786387776280e-02,  8.8642661397415251e-02,  5.0276584269573810e-01,  4.1851390779936428e+03,  8.8729324304237224e+01, -1.5011970508092194e+04,  1.0012166805746453e+01,  2.8494855620655661e+00,  3.3733228363075618e+00,  5.0049306497049716e-03,  4.3089656220794352e-02, -2.0295962618641206e-01,  2.7951453485578320e-01, -1.3743260896528111e-04, -8.4665717483068661e-05,  3.1023006317771447e-02, -5.3784790801368750e-04, -1.4945408279009452e-05,  1.1332842546340514e-04,  2.4639332121821874e-03,  5.4054022313729526e-04
 6.6100000000000003e+00,  6.3371319582038086e+02,  3.2207620904650326e-02,  2.9861425938398021e+01, -2.3737711309506526e-02,  8.8642705807351369e-02,  5.0276573854160345e-01,  4.1914750260745413e+03,  8.9051383110183181e+01, -1.5011991782998779e+04,  1.0012183534303782e+01,  2.8494843936139280e+00,  3.3784343590814867e+00,  5.0035555763449048e-03,  4.3088815230040795e-02, -2.0264927292657373e-01,  2.7950918340371422e-01, -1.3758209156753841e-04, -8.3536603672983544e-05,  3.1047692617500840e-02, -5.3244293101440993e-04, -1.4951112171230434e-05,  1.1249433655436327e-04,  2.4733267334210384e-03,  5.4045517672298793e-04
 6.6200000000000001e+00,  6.3371318782408810e+02,  3.2254250395225698e-02,  2.9861385136070865e+01, -2.3737637104854343e-02,  8.8642749872846302e-02,  5.0276563513595596e-01,  4.1978109452816325e+03,  8.9374007601445740e+01, -1.5012013058110455e+04,  1.0012200263456052e+01,  2.8494832242877717e+00,  3.3835458809036294e+00,  5.0021790078736209e-03,  4.3087985488720892e-02, -2.0233867233406205e-01,  2.7950388599716292e-01, -1.3773163000555097e-04, -8.2415807427240292e-05,  3.1072472292090866e-02, -5.2703900551566169e-04, -1.4956575431283119e-05,  1.1166491259429399e-04,  2.4826081845842288e-03,  5.4032992302668426e-04
 6.6299999999999999e+00,  6.3371317873162036e+02,  3.2300937717389684e-02,  2.9861344893922876e+01, -2.3737563767124908e-02,  8.8642793595975350e-02,  5.0276553247366496e-01,  4.2041468355537327e+03,  8.9697197774288185e+01, -1.5012034333420946e+04,  1.0012216993194823e+01,  2.8494820540823680e+00,  3.3886574017807436e+00,  5.0008009437447938e-03,  4.3087166913892250e-02, -2.0202782348073192e-01,  2.7949864262360391e-01, -1.3788122187273692e-04, -8.1303282245188461e-05,  3.1097344223306848e-02, -5.2163653216917756e-04, -1.4961798007125803e-05,  1.1084012381534269e-04,  2.4917780588883348e-03,  5.4016474626547854e-04
 6.6400000000000006e+00,  6.3371316855449061e+02,  3.2347682831425466e-02,  2.9861305208004509e+01, -2.3737491289669517e-02,  8.8642836978805720e-02,  5.0276543054963729e-01,  4.2104826968297739e+03,  9.0020953624980407e+01, -1.5012055608924024e+04,  1.0012233723511706e+01,  2.8494808829930154e+00,  3.3937689217195355e+00,  4.9994213834361661e-03,  4.3086359423075989e-02, -2.0171672544959590e-01,  2.7949345326651953e-01, -1.3803086476040150e-04, -8.0198981932190025e-05,  3.1122307296741595e-02, -5.1623590878456722e-04, -1.4966779525795590e-05,  1.1001993878433973e-04,  2.5008366280608830e-03,  5.3995993065656116e-04
 6.6500000000000004e+00,  6.3371315730420486e+02,  3.2394485697142622e-02,  2.9861266074390848e+01, -2.3737419665885152e-02,  8.8642880023396375e-02,  5.0276532935881668e-01,  4.2168185290487991e+03,  9.0345275149798795e+01, -1.5012076884613500e+04,  1.0012250454398393e+01,  2.8494797110150434e+00,  3.3988804407266637e+00,  4.9980403264495857e-03,  4.3085562934253606e-02, -2.0140537733479708e-01,  2.7948831790542822e-01, -1.3818055625827667e-04, -7.9102860617645836e-05,  3.1147360401832077e-02, -5.1083753031534425e-04, -1.4971520048007808e-05,  1.0920432412520520e-04,  2.5097843897593469e-03,  5.3971576319258386e-04
 6.6600000000000001e+00,  6.3371314499226185e+02,  3.2441346273874780e-02,  2.9861227489181399e+01, -2.3737348889214104e-02,  8.8642922731798204e-02,  5.0276522889618291e-01,  4.2231543321499648e+03,  9.0670162345026384e+01, -1.5012098160483232e+04,  1.0012267185846623e+01,  2.8494785381438112e+00,  3.4039919588087435e+00,  4.9966577723110006e-03,  4.3084777365863636e-02, -2.0109377824155927e-01,  2.7948323651591322e-01, -1.3833029395525793e-04, -7.8014872728975339e-05,  3.1172502432336824e-02, -5.0544178885060206e-04, -1.4976019348245745e-05,  1.0839325360890069e-04,  2.5186217111895469e-03,  5.3943252975587963e-04
 6.6699999999999999e+00,  6.3371313163015202e+02,  3.2488264520477150e-02,  2.9861189448499886e+01, -2.3737278953143585e-02,  8.8642965106053961e-02,  5.0276512915675275e-01,  4.2294901060725406e+03,  9.0995615206952706e+01, -1.5012119436527124e+04,  1.0012283917848203e+01,  2.8494773643747062e+00,  3.4091034759723406e+00,  4.9952737205704806e-03,  4.3084002636799026e-02, -2.0078192728615035e-01,  2.7947820906965121e-01, -1.3848007543878477e-04, -7.6934972995797409e-05,  3.1197732285691948e-02, -5.0004907360124925e-04, -1.4980277357121791e-05,  1.0758669302668904e-04,  2.5273489598355262e-03,  5.3911052011470584e-04
 6.6799999999999997e+00,  6.3371311722935695e+02,  3.2535240395324239e-02,  2.9861151948494047e+01, -2.3737209851205320e-02,  8.8643007148198283e-02,  5.0276503013557861e-01,  4.2358258507559076e+03,  9.1321633731873860e+01, -1.5012140712739119e+04,  1.0012300650395009e+01,  2.8494761897031480e+00,  3.4142149922239788e+00,  4.9938881708022249e-03,  4.3083238666403720e-02, -2.0046982359584545e-01,  2.7947323553444120e-01, -1.3862989829550371e-04, -7.5863116464831487e-05,  3.1223048863290137e-02, -4.9465977089712093e-04, -1.4984293987898442e-05,  1.0678461316581741e-04,  2.5359665600798104e-03,  5.3875002070655502e-04
 6.6900000000000004e+00,  6.3371310180134822e+02,  3.2582273856307742e-02,  2.9861114985335444e+01, -2.3737141576975186e-02,  8.8643048860257631e-02,  5.0276493182774840e-01,  4.2421615661395626e+03,  9.1648217916092449e+01, -1.5012161989113205e+04,  1.0012317383478971e+01,  2.8494750141245833e+00,  3.4193265075701351e+00,  4.9925011226045705e-03,  4.3082485374469730e-02, -2.0015746630888454e-01,  2.7946831587423326e-01, -1.3877976011160274e-04, -7.4799258466607898e-05,  3.1248451070729044e-02, -4.8927426416766045e-04, -1.4988069231904741e-05,  1.0598698647889603e-04,  2.5444749277013724e-03,  5.3835132518551280e-04
 6.7000000000000002e+00,  6.3371308535758681e+02,  3.2629364860834419e-02,  2.9861078555219251e+01, -2.3737074124072829e-02,  8.8643090244250489e-02,  5.0276483422838603e-01,  4.2484972521631107e+03,  9.1975367755917503e+01, -1.5012183265643411e+04,  1.0012334117092081e+01,  2.8494738376344872e+00,  3.4244380220172417e+00,  4.9911125755999928e-03,  4.3081742681234388e-02, -1.9984485457443085e-01,  2.7946345004915785e-01, -1.3892965847291054e-04, -7.3743354633491927e-05,  3.1273937817537900e-02, -4.8389293393625774e-04, -1.4991603028425366e-05,  1.0519378014495655e-04,  2.5528744337922605e-03,  5.3791472109934258e-04
 6.7100000000000000e+00,  6.3371306790952247e+02,  3.2676513365824091e-02,  2.9861042654364077e+01, -2.3737007486161293e-02,  8.8643131302187206e-02,  5.0276473733265026e-01,  4.2548329087662723e+03,  9.2303083247664603e+01, -1.5012204542323811e+04,  1.0012350851226394e+01,  2.8494726602283675e+00,  3.4295495355716863e+00,  4.9897225294351123e-03,  4.3081010507377060e-02, -1.9953198755253379e-01,  2.7945863801555454e-01, -1.3907959096485321e-04, -7.2695360878173733e-05,  3.1299508017066491e-02, -4.7851615781747590e-04, -1.4994895360110422e-05,  1.0440497091868563e-04,  2.5611654719260839e-03,  5.3744050265705013e-04
 6.7199999999999998e+00,  6.3371304946859266e+02,  3.2723719327707776e-02,  2.9861007279011762e+01, -2.3736941656946665e-02,  8.8643172036070056e-02,  5.0276464113573505e-01,  4.2611685358888799e+03,  9.2631364387655779e+01, -1.5012225819148520e+04,  1.0012367585874028e+01,  2.8494714819017566e+00,  3.4346610482398132e+00,  4.9883309837806958e-03,  4.3080288774016824e-02, -1.9921886441408954e-01,  2.7945387972600150e-01, -1.3922955517295586e-04, -7.1655233396457086e-05,  3.1325160586755774e-02, -4.7314431048660636e-04, -1.4997946261654380e-05,  1.0362052542400379e-04,  2.5693484662080361e-03,  5.3692896351262591e-04
 6.7300000000000004e+00,  6.3371303004622212e+02,  3.2770982702425934e-02,  2.9860972425427196e+01, -2.3736876630177706e-02,  8.8643212447893277e-02,  5.0276454563286854e-01,  4.2675041334708785e+03,  9.2960211172219545e+01, -1.5012247096111694e+04,  1.0012384321027152e+01,  2.8494703026502179e+00,  3.4397725600279232e+00,  4.9869379383316531e-03,  4.3079577402709131e-02, -1.9890548434079866e-01,  2.7944917512934481e-01, -1.3937954868301617e-04, -7.0622928680095826e-05,  3.1350894448128164e-02, -4.6777776369354461e-04, -1.5000755750407133e-05,  1.0284041784824419e-04,  2.5774238082697442e-03,  5.3638039509970896e-04
 6.7400000000000002e+00,  6.3371300965382193e+02,  3.2818303445426675e-02,  2.9860938089898116e+01, -2.3736812399645514e-02,  8.8643252539643128e-02,  5.0276445081931376e-01,  4.2738397014523234e+03,  9.3289623597690721e+01, -1.5012268373207535e+04,  1.0012401056678010e+01,  2.8494691224693431e+00,  3.4448840709422717e+00,  4.9855433928070354e-03,  4.3078876315443222e-02, -1.9859184652512696e-01,  2.7944452417072763e-01, -1.3952956908142667e-04, -6.9598403493535777e-05,  3.1376708526677899e-02, -4.6241688624882747e-04, -1.5003323930452091e-05,  1.0206461946438585e-04,  2.5853919013997242e-03,  5.3579509384784685e-04
 6.7500000000000000e+00,  6.3371298830278863e+02,  3.2865681511664253e-02,  2.9860904268734945e+01, -2.3736748959183162e-02,  8.8643292313297747e-02,  5.0276435669036768e-01,  4.2801752397733835e+03,  9.3619601660410666e+01, -1.5012289650430283e+04,  1.0012417792818891e+01,  2.8494679413547539e+00,  3.4499955809890737e+00,  4.9841473469500247e-03,  4.3078185434639260e-02, -1.9827795017026512e-01,  2.7943992679161983e-01, -1.3967961395495776e-04, -6.8581614871833583e-05,  3.1402601751690629e-02, -4.5706204400698257e-04, -1.5005650775765741e-05,  1.0129310487605891e-04,  2.5932531011464417e-03,  5.3517335452115734e-04
 6.7599999999999998e+00,  6.3371296600450387e+02,  3.2913116855597502e-02,  2.9860870958270585e+01, -2.3736686302665361e-02,  8.8643331770827338e-02,  5.0276426324136092e-01,  4.2865107483743395e+03,  9.3950145356727063e+01, -1.5012310927774219e+04,  1.0012434529442148e+01,  2.8494667593020941e+00,  3.4551070901744989e+00,  4.9827498005279363e-03,  4.3077504683145786e-02, -1.9796379449009316e-01,  2.7943538292984749e-01, -1.3982968089160653e-04, -6.7572520123791553e-05,  3.1428573056741620e-02, -4.5171359986661067e-04, -1.5007736555230218e-05,  1.0052584473174234e-04,  2.6010079093307012e-03,  5.3451547354918842e-04
 6.7700000000000005e+00,  6.3371294277033314e+02,  3.2960609431188392e-02,  2.9860838154860247e+01, -2.3736624424008139e-02,  8.8643370914194067e-02,  5.0276417046765820e-01,  4.2928462271955841e+03,  9.4281254682994032e+01, -1.5012332205233666e+04,  1.0012451266540191e+01,  2.8494655763070429e+00,  3.4602185985046758e+00,  4.9813507533321925e-03,  4.3076833984236784e-02, -1.9764937870913027e-01,  2.7943089251962250e-01, -1.3997976748037998e-04, -6.6571076831263421e-05,  3.1454621379468188e-02, -4.4637191375650556e-04, -1.5009581199459250e-05,  9.9762813773880243e-05,  2.6086566359827443e-03,  5.3382174847180534e-04
 6.7800000000000002e+00,  6.3371291861162547e+02,  3.3008159191900803e-02,  2.9860805854881278e+01, -2.3736563317168471e-02,  8.8643409745352134e-02,  5.0276407836465709e-01,  4.2991816761776190e+03,  9.4612929635571959e+01, -1.5012353482802991e+04,  1.0012468004105498e+01,  2.8494643923653040e+00,  3.4653301059856907e+00,  4.9799502051783287e-03,  4.3076173261609160e-02, -1.9733470206250378e-01,  2.7942645549157236e-01, -1.4012987131144364e-04, -6.5577242834917457e-05,  3.1480745661308769e-02, -4.4103734262724675e-04, -1.5011185012029445e-05,  9.9003985495897738e-05,  2.6161997318531198e-03,  5.3309247738389022e-04
 6.7900000000000000e+00,  6.3371289353971270e+02,  3.3055766090699205e-02,  2.9860774054732978e+01, -2.3736502976144002e-02,  8.8643448266247746e-02,  5.0276398692778845e-01,  4.3055170952610606e+03,  9.4945170210827641e+01, -1.5012374760476598e+04,  1.0012484742130590e+01,  2.8494632074726103e+00,  3.4704416126235884e+00,  4.9785481559059637e-03,  4.3075522439380086e-02, -1.9701976379590411e-01,  2.7942207177276995e-01, -1.4027998997672868e-04, -6.4590976237706427e-05,  3.1506944847880365e-02, -4.3571024045397738e-04, -1.5012548044979842e-05,  9.8249333946313935e-05,  2.6236375824663103e-03,  5.3232795727000727e-04
 6.7999999999999998e+00,  6.3371286756590837e+02,  3.3103430080047576e-02,  2.9860742750836419e+01, -2.3736443394972686e-02,  8.8643486478819200e-02,  5.0276389615251604e-01,  4.3118524843866344e+03,  9.5277976405134183e+01, -1.5012396038248931e+04,  1.0012501480608057e+01,  2.8494620216247211e+00,  3.4755531184243718e+00,  4.9771446053787942e-03,  4.3074881442084406e-02, -1.9670456316554619e-01,  2.7941774128676328e-01, -1.4043012106960983e-04, -6.3612235403144514e-05,  3.1533217888760727e-02, -4.3039095821982961e-04, -1.5013670532498109e-05,  9.7498832965499046e-05,  2.6309705938863844e-03,  5.3152848955570812e-04
 6.8100000000000005e+00,  6.3371284070150750e+02,  3.3151151111908278e-02,  2.9860711939634285e+01, -2.3736384567732489e-02,  8.8643524384996800e-02,  5.0276380603433612e-01,  4.3181878434951786e+03,  9.5611348214871015e+01, -1.5012417316114479e+04,  1.0012518219530534e+01,  2.8494608348174228e+00,  3.4806646233940022e+00,  4.9757395534845714e-03,  4.3074250194672023e-02, -1.9638909943812888e-01,  2.7941346395360556e-01, -1.4058026218564273e-04, -6.2640978950102781e-05,  3.1559563737625744e-02, -4.2507984391314664e-04, -1.5014552674080113e-05,  9.6752457642841332e-05,  2.6381991791167739e-03,  5.3069437178085758e-04
 6.8200000000000003e+00,  6.3371281295778556e+02,  3.3198929137741133e-02,  2.9860681617590696e+01, -2.3736326488541067e-02,  8.8643561986702937e-02,  5.0276371656877727e-01,  4.3245231725276399e+03,  9.5945285636423762e+01, -1.5012438594067768e+04,  1.0012534958890726e+01,  2.8494596470465328e+00,  3.4857761275384007e+00,  4.9743330001350812e-03,  4.3073628622505404e-02, -1.9607337189079366e-01,  2.7940923968988501e-01, -1.4073041092236549e-04, -6.1677165745858891e-05,  3.1585981352113386e-02, -4.1977724252185495e-04, -1.5015194669219053e-05,  9.6010183206489337e-05,  2.6453237181313111e-03,  5.2982590648122975e-04
 6.8300000000000001e+00,  6.3371278434599776e+02,  3.3246764108502545e-02,  2.9860651781191038e+01, -2.3736269151555470e-02,  8.8643599285852095e-02,  5.0276362775140016e-01,  4.3308584714250783e+03,  9.6279788666184416e+01, -1.5012459872103362e+04,  1.0012551698681387e+01,  2.8494584583078901e+00,  3.4908876308634462e+00,  4.9729249452661241e-03,  4.3073016651357106e-02, -1.9575737981108662e-01,  2.7940506840875512e-01, -1.4088056487981902e-04, -6.0720754904709701e-05,  3.1612469694088770e-02, -4.1448349601958863e-04, -1.5015596821488871e-05,  9.5271985023352615e-05,  2.6523446769456415e-03,  5.2892339397205869e-04
 6.8399999999999999e+00,  6.3371275487737864e+02,  3.3294655974644677e-02,  2.9860622426941799e+01, -2.3736212550971823e-02,  8.8643636284350846e-02,  5.0276353957779718e-01,  4.3371937401286632e+03,  9.6614857300551165e+01, -1.5012481150215868e+04,  1.0012568438895325e+01,  2.8494572685973663e+00,  3.4959991333749789e+00,  4.9715153888374849e-03,  4.3072414207407310e-02, -1.9544112249691190e-01,  2.7940095001996462e-01, -1.4103072166065885e-04, -5.9771705788676249e-05,  3.1639027729542905e-02, -4.0919894337409113e-04, -1.5015759347730002e-05,  9.4537838182802224e-05,  2.6592624141617998e-03,  5.2798713512378418e-04
 6.8500000000000005e+00,  6.3371272456314102e+02,  3.3342604686114809e-02,  2.9860593551370403e+01, -2.3736156681025047e-02,  8.8643672984097852e-02,  5.0276345204359263e-01,  4.3435289785796740e+03,  9.6950491535928492e+01, -1.5012502428399932e+04,  1.0012585179525409e+01,  2.8494560779108555e+00,  3.5011106350787999e+00,  4.9701043308329109e-03,  4.3071821217241332e-02, -1.9512459925649575e-01,  2.7939688442988764e-01, -1.4118087887011175e-04, -5.8829978004033866e-05,  3.1665654428308203e-02, -4.0392392052778403e-04, -1.5015682542848103e-05,  9.3807718745671071e-05,  2.6660773388974424e-03,  5.2701743413760896e-04
 6.8600000000000003e+00,  6.3371269341447567e+02,  3.3390610192354675e-02,  2.9860565151025053e+01, -2.3736101535988548e-02,  8.8643709386983932e-02,  5.0276336514444175e-01,  4.3498641867195001e+03,  9.7286691368726963e+01, -1.5012523706650238e+04,  1.0012601920564562e+01,  2.8494548862442839e+00,  3.5062221359806682e+00,  4.9686917712600826e-03,  4.3071237607847229e-02, -1.9480780940834572e-01,  2.7939287154155407e-01, -1.4133103411647109e-04, -5.7895531391586997e-05,  3.1692348764419238e-02, -3.9865876039769395e-04, -1.5015366727767018e-05,  9.3081603744220117e-05,  2.6727898830293281e-03,  5.2601459188397228e-04
 6.8700000000000001e+00,  6.3371266144255048e+02,  3.3438672442299935e-02,  2.9860537222474562e+01, -2.3736047110173929e-02,  8.8643745494892026e-02,  5.0276327887603112e-01,  4.3561993644896411e+03,  9.7623456795363438e+01, -1.5012544984961509e+04,  1.0012618662005758e+01,  2.8494536935935972e+00,  3.5113336360863041e+00,  4.9672777101505815e-03,  4.3070663306613501e-02, -1.9449075228120738e-01,  2.7938891125467968e-01, -1.4148118501109685e-04, -5.6968326033955510e-05,  3.1719109715978140e-02, -3.9340379287545476e-04, -1.5014812197387069e-05,  9.2359467782081097e-05,  2.6794004287512582e-03,  5.2497891256388942e-04
 6.8799999999999999e+00,  6.3371262865850963e+02,  3.3486791384379648e-02,  2.9860509762308201e+01, -2.3735993397930713e-02,  8.8643781309697217e-02,  5.0276319323407814e-01,  4.3625345118317064e+03,  9.7960787812260932e+01, -1.5012566263328508e+04,  1.0012635403842026e+01,  2.8494524999547743e+00,  3.5164451354013888e+00,  4.9658621475598607e-03,  4.3070098241326550e-02, -1.9417342721402617e-01,  2.7938500346569656e-01, -1.4163132916878760e-04, -5.6048322242054176e-05,  3.1745936265197658e-02, -3.8815934481627672e-04, -1.5014019342021041e-05,  9.1641290597683990e-05,  2.6859094154339938e-03,  5.2391069926824654e-04
 6.8900000000000006e+00,  6.3371259507347304e+02,  3.3534966966516047e-02,  2.9860482767135544e+01, -2.3735940393646057e-02,  8.8643816833266720e-02,  5.0276310821433079e-01,  4.3688696286874156e+03,  9.8298684415848612e+01, -1.5012587541746036e+04,  1.0012652146066456e+01,  2.8494513053238184e+00,  3.5215566339315667e+00,  4.9644450835672057e-03,  4.3069542340168659e-02, -1.9385583355590341e-01,  2.7938114806778336e-01, -1.4178146420795406e-04, -5.5135480555439212e-05,  3.1772827398541356e-02, -3.8292574003339302e-04, -1.5012988491269059e-05,  9.0927046725304526e-05,  2.6923172533054188e-03,  5.2281025730846844e-04
 6.9000000000000004e+00,  6.3371256069853598e+02,  3.3583199136124182e-02,  2.9860456233586305e+01, -2.3735888091744470e-02,  8.8643852067459977e-02,  5.0276302381256732e-01,  4.3752047149985947e+03,  9.8637146602561714e+01, -1.5012608820208930e+04,  1.0012668888672181e+01,  2.8494501096967579e+00,  3.5266681316824413e+00,  4.9630265182757016e-03,  4.3068995531715441e-02, -1.9353797066605533e-01,  2.7937734495089589e-01, -1.4193158775063731e-04, -5.4229761745767706e-05,  3.1799782106414057e-02, -3.7770329929243926e-04, -1.5011720044117523e-05,  9.0216715209482897e-05,  2.6986243209515853e-03,  5.2167789088566343e-04
 6.9100000000000001e+00,  6.3371252554476803e+02,  3.3631487840111669e-02,  2.9860430158310194e+01, -2.3735836486687544e-02,  8.8643887014128578e-02,  5.0276294002459632e-01,  4.3815397707071816e+03,  9.8976174368841640e+01, -1.5012630098712072e+04,  1.0012685631652396e+01,  2.8494489130696485e+00,  3.5317796286595771e+00,  4.9616064518121930e-03,  4.3068457744933744e-02, -1.9321983791377514e-01,  2.7937359400179751e-01, -1.4208169742289901e-04, -5.3331126809165214e-05,  3.1826799383321405e-02, -3.7249234032255788e-04, -1.5010214408223784e-05,  8.9510272111019076e-05,  2.7048310605183356e-03,  5.2051390309062475e-04
 6.9199999999999999e+00,  6.3371248962321260e+02,  3.3679833024878605e-02,  2.9860404537976759e+01, -2.3735785572973681e-02,  8.8643921675116352e-02,  5.0276285684625621e-01,  4.3878747957552214e+03,  9.9315767711135877e+01, -1.5012651377250375e+04,  1.0012702375000343e+01,  2.8494477154385716e+00,  3.5368911248685029e+00,  4.9601848843272437e-03,  4.3067928909179258e-02, -1.9290143467838891e-01,  2.7936989510408944e-01, -1.4223179085493974e-04, -5.2439536959645879e-05,  3.1853878228080959e-02, -3.6729317779705343e-04, -1.5008471999922809e-05,  8.8807697792851365e-05,  2.7109378913926555e-03,  5.1931860201028792e-04
 6.9299999999999997e+00,  6.3371245294488642e+02,  3.3728234636317578e-02,  2.9860379369275243e+01, -2.3735735345137825e-02,  8.8643956052259304e-02,  5.0276277427341509e-01,  4.3942097900848685e+03,  9.9655926625897976e+01, -1.5012672655818793e+04,  1.0012719118709322e+01,  2.8494465167996341e+00,  3.5420026203147086e+00,  4.9587618159950943e-03,  4.3067408954194551e-02, -1.9258276034921354e-01,  2.7936624813824157e-01, -1.4238186568115414e-04, -5.1554953627365647e-05,  3.1881017643562534e-02, -3.6210612332498169e-04, -1.5006493244220516e-05,  8.8108968662732698e-05,  2.7169452052054756e-03,  5.1809229240082745e-04
 6.9400000000000004e+00,  6.3371241552077868e+02,  3.3776692619813586e-02,  2.9860354648914434e+01, -2.3735685797751212e-02,  8.8643990147385693e-02,  5.0276269230197057e-01,  4.4005447536383854e+03,  9.9996651109587560e+01, -1.5012693934412317e+04,  1.0012735862772679e+01,  2.8494453171489713e+00,  3.5471141150036480e+00,  4.9573372470136205e-03,  4.3066897810106711e-02, -1.9226381432551765e-01,  2.7936265298162294e-01, -1.4253191954063956e-04, -5.0677338469042259e-05,  3.1908216636649486e-02, -3.5693148547343576e-04, -1.5004278652862997e-05,  8.7414063001940836e-05,  2.7228534121846856e-03,  5.1683527790833241e-04
 6.9500000000000002e+00,  6.3371237736185037e+02,  3.3825206920244245e-02,  2.9860330373622517e+01, -2.3735636925421084e-02,  8.8644023962315993e-02,  5.0276261092784913e-01,  4.4068796863581401e+03,  1.0033794115867019e+02, -1.5012715213025973e+04,  1.0012752607183820e+01,  2.8494441164827382e+00,  3.5522256089407351e+00,  4.9559111776042815e-03,  4.3066395407425170e-02, -1.9194459601648053e-01,  2.7935910950853210e-01, -1.4268195007720785e-04, -4.9806653346433037e-05,  3.1935474218654905e-02, -3.5176956973693356e-04, -1.5001828659531121e-05,  8.6722961520350564e-05,  2.7286629886159649e-03,  5.1554786939524957e-04
 6.9600000000000000e+00,  6.3371233847903409e+02,  3.3873777481979894e-02,  2.9860306540146933e+01, -2.3735588722790468e-02,  8.8644057498862922e-02,  5.0276253014700678e-01,  4.4132145881866118e+03,  1.0067979676961752e+02, -1.5012736491654830e+04,  1.0012769351936194e+01,  2.8494429147971210e+00,  3.5573371021313496e+00,  4.9544836080120764e-03,  4.3065901677039782e-02, -1.9162510484114456e-01,  2.7935561759022820e-01, -1.4283195493938533e-04, -4.8942860332233318e-05,  3.1962789404988548e-02, -3.4662067854852223e-04, -1.4999143775965647e-05,  8.6035641319596521e-05,  2.7343742781128556e-03,  5.1423036828703830e-04
 6.9699999999999998e+00,  6.3371229888323296e+02,  3.3922404248883910e-02,  2.9860283145254240e+01, -2.3735541184537894e-02,  8.8644090758831534e-02,  5.0276244995542785e-01,  4.4195494590663848e+03,  1.0102221793890718e+02, -1.5012757770293989e+04,  1.0012786097023310e+01,  2.8494417120883311e+00,  3.5624485945808329e+00,  4.9530545385054938e-03,  4.3065416550218526e-02, -1.9130534022838078e-01,  2.7935217709496113e-01, -1.4298193178095847e-04, -4.8085921708003742e-05,  3.1990161215129195e-02, -3.4148511128261663e-04, -1.4996224539930855e-05,  8.5352083525887479e-05,  2.7399877502996954e-03,  5.1288308489103453e-04
 6.9800000000000004e+00,  6.3371225858532023e+02,  3.3971087164313102e-02,  2.9860260185729967e+01, -2.3735494305377157e-02,  8.8644123744019060e-02,  5.0276237034912541e-01,  4.4258842989401519e+03,  1.0136520466302275e+02, -1.5012779048938590e+04,  1.0012802842438719e+01,  2.8494405083526013e+00,  3.5675600862944918e+00,  4.9516239693764572e-03,  4.3064939958605622e-02, -1.9098530161684196e-01,  2.7934878788800255e-01, -1.4313187826093062e-04, -4.7235799962088173e-05,  3.2017588672845300e-02, -3.3636316423279246e-04, -1.4993071454499215e-05,  8.4672265657222395e-05,  2.7455037929223613e-03,  5.1150632507377248e-04
 6.9900000000000002e+00,  6.3371221759613866e+02,  3.4019826171117970e-02,  2.9860237658378477e+01, -2.3735448080057085e-02,  8.8644156456215109e-02,  5.0276229132414096e-01,  4.4322191077507105e+03,  1.0170875693845369e+02, -1.5012800327583809e+04,  1.0012819588176027e+01,  2.8494393035861934e+00,  3.5726715772775957e+00,  4.9501919009402751e-03,  4.3064471834219284e-02, -1.9066498845492386e-01,  2.7934544983167647e-01, -1.4328179204358340e-04, -4.6392457784400921e-05,  3.2045070805964540e-02, -3.3125513062837880e-04, -1.4989685074782239e-05,  8.3996169880643759e-05,  2.7509228306411620e-03,  5.1010039581191838e-04
 7.0000000000000000e+00,  6.3371217592649987e+02,  3.4068621211643349e-02,  2.9860215560022834e+01, -2.3735402503361265e-02,  8.8644188897201562e-02,  5.0276221287654377e-01,  4.4385538854409660e+03,  1.0205287476169545e+02, -1.5012821606224858e+04,  1.0012836334228892e+01,  2.8494380977853924e+00,  3.5777830675353774e+00,  4.9487583335355856e-03,  4.3064012109449934e-02, -1.9034440020072269e-01,  2.7934216278538998e-01, -1.4343167079908370e-04, -4.5555858065386282e-05,  3.2072606646781764e-02, -3.2616130063168464e-04, -1.4986066025277717e-05,  8.3323773922287179e-05,  2.7562453328023938e-03,  5.0866560352693605e-04
 7.0099999999999998e+00,  6.3371213358718387e+02,  3.4117472227728908e-02,  2.9860193887504657e+01, -2.3735357570107838e-02,  8.8644221068752638e-02,  5.0276213500243128e-01,  4.4448886319539306e+03,  1.0239755812924935e+02, -1.5012842884856986e+04,  1.0012853080591018e+01,  2.8494368909465053e+00,  3.5828945570730362e+00,  4.9473232675242935e-03,  4.3063560717057976e-02, -1.9002353632198823e-01,  2.7933892660566384e-01, -1.4358151220316226e-04, -4.4725963898802426e-05,  3.2100195231538710e-02, -3.2108196132695589e-04, -1.4982214791708223e-05,  8.2655059394083985e-05,  2.7614716188727297e-03,  5.0720225741593839e-04
 7.0200000000000005e+00,  6.3371209058893839e+02,  3.4166379160709741e-02,  2.9860172637684006e+01, -2.3735313275149245e-02,  8.8644252972634813e-02,  5.0276205769792837e-01,  4.4512233472327216e+03,  1.0274280703762261e+02, -1.5012864163475477e+04,  1.0012869827256159e+01,  2.8494356830658707e+00,  3.5880060458957352e+00,  4.9458867032915223e-03,  4.3063117590171958e-02, -1.8970239629609190e-01,  2.7933574114616344e-01, -1.4373131393763410e-04, -4.3902738565067639e-05,  3.2127835600807099e-02, -3.1601739671759766e-04, -1.4978132102660277e-05,  8.1990007352868537e-05,  2.7666022348048326e-03,  5.0571066445568192e-04
 7.0300000000000002e+00,  6.3371204694247831e+02,  3.4215341951417136e-02,  2.9860151807439223e+01, -2.3735269613371988e-02,  8.8644284610607027e-02,  5.0276198095918756e-01,  4.4575580312205611e+03,  1.0308862148332823e+02, -1.5012885442075651e+04,  1.0012886574218122e+01,  2.8494344741398465e+00,  3.5931175340086021e+00,  4.9444486412455408e-03,  4.3062682662286675e-02, -1.8938097960997208e-01,  2.7933260625772949e-01, -1.4388107369067663e-04, -4.3086145539925991e-05,  3.2155526799625821e-02, -3.1096788774277013e-04, -1.4973818504571773e-05,  8.1328597675848352e-05,  2.7716375286536217e-03,  5.0419113051260937e-04
 7.0400000000000000e+00,  6.3371200265848518e+02,  3.4264360540179339e-02,  2.9860131393666830e+01, -2.3735226579696417e-02,  8.8644315984420491e-02,  5.0276190478238836e-01,  4.4638926838607777e+03,  1.0343500146288508e+02, -1.5012906720652865e+04,  1.0012903321470761e+01,  2.8494332641648179e+00,  3.5982290214167301e+00,  4.9430090818177088e-03,  4.3062255867261159e-02, -1.8905928576009939e-01,  2.7932952178840859e-01, -1.4403078915656940e-04, -4.2276148493406786e-05,  3.2183267877002729e-02, -3.0593371226351291e-04, -1.4969274673982208e-05,  8.0670811627995388e-05,  2.7765779467282610e-03,  5.0264396533885518e-04
 7.0499999999999998e+00,  6.3371195774760645e+02,  3.4313434866822416e-02,  2.9860111393281379e+01, -2.3735184169076485e-02,  8.8644347095818810e-02,  5.0276182916373757e-01,  4.4702273050968033e+03,  1.0378194697281785e+02, -1.5012927999202511e+04,  1.0012920069007976e+01,  2.8494320531371899e+00,  3.6033405081251790e+00,  4.9415680254624094e-03,  4.3061837139316807e-02, -1.8873731425243204e-01,  2.7932648758348422e-01, -1.4418045803615324e-04, -4.1472711281505691e-05,  3.2211057886351958e-02, -3.0091514505724976e-04, -1.4964501244065652e-05,  8.0016630751852036e-05,  2.7814239234035081e-03,  5.0106947591108586e-04
 7.0600000000000005e+00,  6.3371191222045525e+02,  3.4362564870671096e-02,  2.9860091803215337e+01, -2.3735142376499544e-02,  8.8644377946537997e-02,  5.0276175409946877e-01,  4.4765618948721767e+03,  1.0412945800965700e+02, -1.5012949277720016e+04,  1.0012936816823721e+01,  2.8494308410533979e+00,  3.6084519941389721e+00,  4.9401254726569857e-03,  4.3061426413035529e-02, -1.8841506460237234e-01,  2.7932350348550744e-01, -1.4433007803670031e-04, -4.0675797944796534e-05,  3.2238895885038733e-02, -2.9591245783443948e-04, -1.4959498865346065e-05,  7.9366036589974769e-05,  2.7861758139512242e-03,  4.9946796865094545e-04
 7.0700000000000003e+00,  6.3371186608760934e+02,  3.4411750490549786e-02,  2.9860072620418947e+01, -2.3735101196986099e-02,  8.8644408538306407e-02,  5.0276167958584173e-01,  4.4828964531305382e+03,  1.0447753456993867e+02, -1.5012970556200838e+04,  1.0012953564911991e+01,  2.8494296279098994e+00,  3.6135634794631013e+00,  4.9386814239016754e-03,  4.3061023623357911e-02, -1.8809253633473125e-01,  2.7932056933432753e-01, -1.4447964687266907e-04, -3.9885372711546422e-05,  3.2266780935103621e-02, -2.9092591921909335e-04, -1.4954268327122626e-05,  7.8719010060405189e-05,  2.7908341987404961e-03,  4.9783975442088029e-04
 7.0800000000000001e+00,  6.3371181935961124e+02,  3.4460991664783759e-02,  2.9860053841860122e+01, -2.3735060625589607e-02,  8.8644438872844872e-02,  5.0276160561914318e-01,  4.4892309798156339e+03,  1.0482617665020481e+02, -1.5012991834640479e+04,  1.0012970313266829e+01,  2.8494284137031709e+00,  3.6186749641025191e+00,  4.9372358797195324e-03,  4.3060628705581298e-02, -1.8776972898367028e-01,  2.7931768496712306e-01, -1.4462916226557415e-04, -3.9101399991124109e-05,  3.2294712102879507e-02, -2.8595579476543061e-04, -1.4948810253893134e-05,  7.8075534024061314e-05,  2.7953993564368089e-03,  4.9618513631168764e-04
 7.0899999999999999e+00,  6.3371177204696698e+02,  3.4510288331199998e-02,  2.9860035464524309e+01, -2.3735020657396258e-02,  8.8644468951866603e-02,  5.0276153219568576e-01,  4.4955654748713123e+03,  1.0517538424700308e+02, -1.5013013113034467e+04,  1.0012987061882333e+01,  2.8494271984297197e+00,  3.6237864480621544e+00,  4.9357888406563639e-03,  4.3060241595358088e-02, -1.8744664209267367e-01,  2.7931485021843222e-01, -1.4477862194362166e-04, -3.8323844364292703e-05,  3.2322688458458843e-02, -2.8100234695237940e-04, -1.4943125356894215e-05,  7.7435591341875362e-05,  2.7998717597176133e-03,  4.9450442629603796e-04
 7.1000000000000005e+00,  6.3371172416014622e+02,  3.4559640427128620e-02,  2.9860017485414371e+01, -2.3734981287524749e-02,  8.8644498777077266e-02,  5.0276145931180782e-01,  4.5018999382415268e+03,  1.0552515735688681e+02, -1.5013034391378369e+04,  1.0013003810752645e+01,  2.8494259820860748e+00,  3.6288979313468941e+00,  4.9343403072806599e-03,  4.3059862228694012e-02, -1.8712327521450109e-01,  2.7931206492018401e-01, -1.4492802364270675e-04, -3.7552670593964631e-05,  3.2350709076785861e-02, -2.7606583517802345e-04, -1.4937214460122171e-05,  7.6799162723736118e-05,  2.8042519056857658e-03,  4.9279792857512771e-04
 7.1100000000000003e+00,  6.3371167570958119e+02,  3.4609047889404047e-02,  2.9859999901550466e+01, -2.3734942511126088e-02,  8.8644528350175000e-02,  5.0276138696387418e-01,  4.5082343698703307e+03,  1.0587549597641490e+02, -1.5013055669667785e+04,  1.0013020559871952e+01,  2.8494247646687860e+00,  3.6340094139615964e+00,  4.9328902801835097e-03,  4.3059490541946209e-02, -1.8679962791113794e-01,  2.7930932890172866e-01, -1.4507736510625775e-04, -3.6787843626235559e-05,  3.2378773037033258e-02, -2.7114651577342966e-04, -1.4931078248792777e-05,  7.6166230822408620e-05,  2.8085401435064081e-03,  4.9106595234606903e-04
 7.1200000000000001e+00,  6.3371162670566639e+02,  3.4658510654366287e-02,  2.9859982709969938e+01, -2.3734904323383377e-02,  8.8644557672850371e-02,  5.0276131514827449e-01,  4.5145687697018820e+03,  1.0622640010215198e+02, -1.5013076947898349e+04,  1.0013037309234480e+01,  2.8494235461744295e+00,  3.6391208959110837e+00,  4.9314387599785348e-03,  4.3059126471821488e-02, -1.8647569975376044e-01,  2.7930664198986854e-01, -1.4522664408523619e-04, -3.6029328567833352e-05,  3.2406879422514773e-02, -2.6624464198599665e-04, -1.4924717546897030e-05,  7.5536780858035285e-05,  2.8127369527953896e-03,  4.8930880514055225e-04
 7.1299999999999999e+00,  6.3371157715875836e+02,  3.4708028657862357e-02,  2.9859965907727183e+01, -2.3734866719511603e-02,  8.8644586746786422e-02,  5.0276124386142418e-01,  4.5209031376804405e+03,  1.0657786973066827e+02, -1.5013098226065729e+04,  1.0013054058834516e+01,  2.8494223265996061e+00,  3.6442323772001490e+00,  4.9299857473018051e-03,  4.3058769955374852e-02, -1.8615149032268766e-01,  2.7930400400888894e-01, -1.4537585833842269e-04, -3.5277090698961641e-05,  3.2435027320943471e-02, -2.6136046399893262e-04, -1.4918133091692410e-05,  7.4910792915990773e-05,  2.8168427332329968e-03,  4.8752679226990973e-04
 7.1400000000000006e+00,  6.3371152707917463e+02,  3.4757601835247717e-02,  2.9859949491893548e+01, -2.3734829694757442e-02,  8.8644615573658728e-02,  5.0276117309976376e-01,  4.5272374737503678e+03,  1.0692990485853956e+02, -1.5013119504165628e+04,  1.0013070808666381e+01,  2.8494211059409325e+00,  3.6493438578335509e+00,  4.9285312428117662e-03,  4.3058420930007509e-02, -1.8582699920734155e-01,  2.7930141478058856e-01, -1.4552500563263387e-04, -3.4531095476768891e-05,  3.2463215824499819e-02, -2.5649422892847737e-04, -1.4911325750543303e-05,  7.4288251522555040e-05,  2.8208579780363095e-03,  4.8572022182111744e-04
 7.1500000000000004e+00,  6.3371147647719363e+02,  3.4807230121387700e-02,  2.9859933459557215e+01, -2.3734793244399040e-02,  8.8644644155135316e-02,  5.0276110285975872e-01,  4.5335717778561257e+03,  1.0728250548234713e+02, -1.5013140782193781e+04,  1.0013087558724450e+01,  2.8494198841950591e+00,  3.6544553378160174e+00,  4.9270752471891523e-03,  4.3058079333465317e-02, -1.8550222600619765e-01,  2.7929887412431037e-01, -1.4567408374282671e-04, -3.3791308517994886e-05,  3.2491444029735667e-02, -2.5164618081552885e-04, -1.4904296286728038e-05,  7.3669140232549371e-05,  2.8247830688444926e-03,  4.8388940077084120e-04
 7.1600000000000001e+00,  6.3371142536305410e+02,  3.4856913450659215e-02,  2.9859917807823081e+01, -2.3734757363745848e-02,  8.8644672492876775e-02,  5.0276103313789955e-01,  4.5399060499422776e+03,  1.0763567159867789e+02, -1.5013162060145956e+04,  1.0013104309003129e+01,  2.8494186613586527e+00,  3.6595668171522422e+00,  4.9256177611369098e-03,  4.3057745103837149e-02, -1.8517717032674685e-01,  2.7929638185697225e-01, -1.4582309045209837e-04, -3.3057695602093523e-05,  3.2519711037256455e-02, -2.4681656064507422e-04, -1.4897045567605707e-05,  7.3053442947726763e-05,  2.8286184353133554e-03,  4.8203463332010366e-04
 7.1699999999999999e+00,  6.3371137374695445e+02,  3.4906651756952262e-02,  2.9859902533812654e+01, -2.3734722048138385e-02,  8.8644700588536199e-02,  5.0276096393070080e-01,  4.5462402899534873e+03,  1.0798940320412419e+02, -1.5013183338017956e+04,  1.0013121059496894e+01,  2.8494174374284023e+00,  3.6646782958468904e+00,  4.9241587853801104e-03,  4.3057418179553275e-02, -1.8485183178545253e-01,  2.7929393779309747e-01, -1.4597202355210898e-04, -3.2330222673321998e-05,  3.2548015952255788e-02, -2.4200560633514350e-04, -1.4889574434518518e-05,  7.2441142806581630e-05,  2.8323645645535007e-03,  4.8015622866606040e-04
 7.1799999999999997e+00,  6.3371132163905258e+02,  3.4956444973671646e-02,  2.9859887634663941e+01, -2.3734687292948059e-02,  8.8644728443759230e-02,  5.0276089523470191e-01,  4.5525744978345183e+03,  1.0834370029528387e+02, -1.5013204615805616e+04,  1.0013137810200240e+01,  2.8494162124010223e+00,  3.6697897739045944e+00,  4.9226983206658676e-03,  4.3057098499383682e-02, -1.8452621000770175e-01,  2.7929154174484555e-01, -1.4612088084296250e-04, -3.1608855838651629e-05,  3.2576357884316703e-02, -2.3721355273120256e-04, -1.4881883737479653e-05,  7.1832224127207380e-05,  2.8360218479182931e-03,  4.7825449212000063e-04
 7.1900000000000004e+00,  6.3371126904946505e+02,  3.5006293033738735e-02,  2.9859873107531335e+01, -2.3734653093576984e-02,  8.8644756060184113e-02,  5.0276082704646630e-01,  4.5589086735302362e+03,  1.0869856286876023e+02, -1.5013225893504805e+04,  1.0013154561107717e+01,  2.8494149862732505e+00,  3.6749012513299548e+00,  4.9212363677632511e-03,  4.3056786002436502e-02, -1.8420030462776618e-01,  2.7928919352204284e-01, -1.4626966013380282e-04, -3.0893561366040333e-05,  3.2604735947609008e-02, -2.3244063163673797e-04, -1.4873974430589667e-05,  7.1226670395049314e-05,  2.8395908105437262e-03,  4.7632972677289523e-04
 7.2000000000000002e+00,  6.3371121598826687e+02,  3.5056195869593271e-02,  2.9859858949585515e+01, -2.3734619445457770e-02,  8.8644783439441557e-02,  5.0276075936258147e-01,  4.5652428169856021e+03,  1.0905399092116193e+02, -1.5013247171111423e+04,  1.0013171312213926e+01,  2.8494137590418447e+00,  3.6800127281275423e+00,  4.9197729274631915e-03,  4.3056480628156361e-02, -1.8387411528874956e-01,  2.7928689293221282e-01, -1.4641835924234791e-04, -3.0184305677833456e-05,  3.2633149260386657e-02, -2.2768707179654998e-04, -1.4865847277126888e-05,  7.0624467246596889e-05,  2.8430717446960123e-03,  4.7438224126674446e-04
 7.2100000000000000e+00,  6.3371116246549093e+02,  3.5106153413195187e-02,  2.9859845158013339e+01, -2.3734586344053347e-02,  8.8644810583154959e-02,  5.0276069217965880e-01,  4.5715769281456787e+03,  1.0940998444910306e+02, -1.5013268448621404e+04,  1.0013188063513494e+01,  2.8494125307035874e+00,  3.6851242043018959e+00,  4.9183080005784042e-03,  4.3056182316322945e-02, -1.8354764164255846e-01,  2.7928463978060691e-01, -1.4656697599523642e-04, -2.9481055350417190e-05,  3.2661596945274957e-02, -2.2295309889120349e-04, -1.4857503300575526e-05,  7.0025598236658976e-05,  2.8464652329641786e-03,  4.7241233980257276e-04
 7.2199999999999998e+00,  6.3371110849112756e+02,  3.5156165596026585e-02,  2.9859831730017731e+01, -2.3734553784856772e-02,  8.8644837492940290e-02,  5.0276062549433309e-01,  4.5779110069556264e+03,  1.0976654344920311e+02, -1.5013289726030713e+04,  1.0013204815001115e+01,  2.8494113012552815e+00,  3.6902356798575240e+00,  4.9168415879432869e-03,  4.3055891007049353e-02, -1.8322088334984407e-01,  2.7928243387023499e-01, -1.4671550822853091e-04, -2.8783777110754529e-05,  3.2690078129577547e-02, -2.1823893556482450e-04, -1.4848943359623705e-05,  6.9430049695614747e-05,  2.8497716278440351e-03,  4.7042032547126630e-04
 7.2300000000000004e+00,  6.3371105407512425e+02,  3.5206232349093647e-02,  2.9859818662817592e+01, -2.3734521763391043e-02,  8.8644864170406110e-02,  5.0276055930326291e-01,  4.5842450533607052e+03,  1.1012366791808689e+02, -1.5013311003335348e+04,  1.0013221566671499e+01,  2.8494100706937520e+00,  3.6953471547989079e+00,  4.9153736904138335e-03,  4.3055606640780730e-02, -1.8289384007996690e-01,  2.7928027500189562e-01, -1.4686395378758773e-04, -2.8092437843670789e-05,  3.2718591944916962e-02, -2.1354480141677130e-04, -1.4840168451740058e-05,  6.8837803721130290e-05,  2.8529914400386787e-03,  4.6840650413935205e-04
 7.2400000000000002e+00,  6.3371099922738495e+02,  3.5256353602928690e-02,  2.9859805953647680e+01, -2.3734490275208919e-02,  8.8644890617153610e-02,  5.0276049360312980e-01,  4.5905790673062693e+03,  1.1048135785238445e+02, -1.5013332280531336e+04,  1.0013238318519420e+01,  2.8494088390158496e+00,  3.7004586291304942e+00,  4.9139043088675350e-03,  4.3055329158292480e-02, -1.8256651151094572e-01,  2.7927816297420666e-01, -1.4701231052698766e-04, -2.7407004584562605e-05,  3.2747137527284344e-02, -2.0887091300159533e-04, -1.4831179426939089e-05,  6.8248848100752185e-05,  2.8561250331461505e-03,  4.6637117889771531e-04
 7.2500000000000000e+00,  6.3371094395776970e+02,  3.5306529287592266e-02,  2.9859793599758522e+01, -2.3734459315892735e-02,  8.8644916834776655e-02,  5.0276042839063861e-01,  4.5969130487377724e+03,  1.1083961324873118e+02, -1.5013353557614742e+04,  1.0013255070539685e+01,  2.8494076062184401e+00,  3.7055701028567016e+00,  4.9124334442032938e-03,  4.3055058500689039e-02, -1.8223889732942122e-01,  2.7927609758363559e-01, -1.4716057631101282e-04, -2.6727444511418522e-05,  3.2775714017229542e-02, -2.0421748384014552e-04, -1.4821977378093952e-05,  6.7663166528067587e-05,  2.8591729558936738e-03,  4.6431465339227021e-04
 7.2599999999999998e+00,  6.3371088827609435e+02,  3.5356759332675236e-02,  2.9859781598416316e+01, -2.3734428881054224e-02,  8.8644942824861683e-02,  5.0276036366251697e-01,  4.6032469976007660e+03,  1.1119843410376774e+02, -1.5013374834581658e+04,  1.0013271822727148e+01,  2.8494063722984175e+00,  3.7106815759819205e+00,  4.9109610973413148e-03,  4.3054794609402251e-02, -1.8191099723060114e-01,  2.7927407862452985e-01, -1.4730874901388967e-04, -2.6053724954538345e-05,  3.2804320559965482e-02, -1.9958472441960567e-04, -1.4812563198587242e-05,  6.7080744847733095e-05,  2.8621355915857474e-03,  4.6223723071390311e-04
 7.2700000000000005e+00,  6.3371083219212994e+02,  3.5407043667301075e-02,  2.9859769946902823e+01, -2.3734398966334339e-02,  8.8644968588987905e-02,  5.0276029941551548e-01,  4.6095809138408968e+03,  1.1155782041414000e+02, -1.5013396111428210e+04,  1.0013288575076700e+01,  2.8494051372526945e+00,  3.7157930485105100e+00,  4.9094872692230160e-03,  4.3054537426189948e-02, -1.8158281091822190e-01,  2.7927210588914719e-01, -1.4745682651922531e-04, -2.5385813381961189e-05,  3.2832956304710358e-02, -1.9497284219349259e-04, -1.4802937868540350e-05,  6.6501569667695427e-05,  2.8650133573891799e-03,  4.6013921450869339e-04
 7.2800000000000002e+00,  6.3371077571560249e+02,  3.5457382220127995e-02,  2.9859758642515274e+01, -2.3734369567403067e-02,  8.8644994128727159e-02,  5.0276023564640682e-01,  4.6159147974039051e+03,  1.1191777217649893e+02, -1.5013417388150552e+04,  1.0013305327583280e+01,  2.8494039010782068e+00,  3.7209045204468008e+00,  4.9080119608109303e-03,  4.3054286893134612e-02, -1.8125433810450692e-01,  2.7927017916768598e-01, -1.4760480672076188e-04, -2.4723677410563001e-05,  3.2861620405229976e-02, -1.9038204160104895e-04, -1.4793102437460978e-05,  6.5925624612164809e-05,  2.8678067462429959e-03,  4.5802090398174575e-04
 7.2900000000000000e+00,  6.3371071885619233e+02,  3.5507774919351309e-02,  2.9859747682566276e+01, -2.3734340679959279e-02,  8.8645019445643930e-02,  5.0276017235198645e-01,  4.6222486482356308e+03,  1.1227828938750078e+02, -1.5013438664744870e+04,  1.0013322080241863e+01,  2.8494026637719108e+00,  3.7260159917950944e+00,  4.9065351730886008e-03,  4.3054042952641737e-02, -1.8092557851011731e-01,  2.7926829824831517e-01, -1.4775268752250661e-04, -2.4067284802587420e-05,  3.2890312020059799e-02, -1.8581252406446987e-04, -1.4783057911486117e-05,  6.5352896982953673e-05,  2.8705162197219082e-03,  4.5588260333408740e-04
 7.2999999999999998e+00,  6.3371066162353395e+02,  3.5558221692705748e-02,  2.9859737064383712e+01, -2.3734312299730519e-02,  8.8645044541295473e-02,  5.0276010952907191e-01,  4.6285824662820060e+03,  1.1263937204380689e+02, -1.5013459941207384e+04,  1.0013338833047467e+01,  2.8494014253307838e+00,  3.7311274625596633e+00,  4.9050569070604802e-03,  4.3053805547438560e-02, -1.8059653186410574e-01,  2.7926646291720469e-01, -1.4790046683867136e-04, -2.3416603447609110e-05,  3.2919030312220723e-02, -1.8126448798338606e-04, -1.4772805322776235e-05,  6.4783374012497357e-05,  2.8731422127557865e-03,  4.5372461288104699e-04
 7.3100000000000005e+00,  6.3371060402721537e+02,  3.5608722467467879e-02,  2.9859726785310652e+01, -2.3734284422472871e-02,  8.8645069417231728e-02,  5.0276004717450284e-01,  4.6349162514890595e+03,  1.1300102014208373e+02, -1.5013481217534341e+04,  1.0013355585995150e+01,  2.8494001857518247e+00,  3.7362389327447540e+00,  4.9035771637518273e-03,  4.3053574620572785e-02, -1.8026719790387288e-01,  2.7926467295855550e-01, -1.4804814259367262e-04, -2.2771601381962355e-05,  3.2947774449010939e-02, -1.7673812874873941e-04, -1.4762345677473572e-05,  6.4217039116850979e-05,  2.8756851452869997e-03,  4.5154723404825653e-04
 7.3200000000000003e+00,  6.3371054607677797e+02,  3.5659277170458532e-02,  2.9859716842705264e+01, -2.3734257043970763e-02,  8.8645094074995406e-02,  5.0275998528514054e-01,  4.6412500038029120e+03,  1.1336323367900278e+02, -1.5013502493722022e+04,  1.0013372339080011e+01,  2.8493989450320547e+00,  3.7413504023545787e+00,  4.9020959442086067e-03,  4.3053350115410921e-02, -1.7993757637512550e-01,  2.7926292815462972e-01, -1.4819571272245221e-04, -2.2132246784573511e-05,  3.2976543602290111e-02, -1.7223363875385289e-04, -1.4751680077127534e-05,  6.3653880361116901e-05,  2.8781455102545712e-03,  4.4935076493059749e-04
 7.3300000000000001e+00,  6.3371048778171610e+02,  3.5709885728045274e-02,  2.9859707233940707e+01, -2.3734230160036802e-02,  8.8645118516121946e-02,  5.0275992385786827e-01,  4.6475837231697788e+03,  1.1372601265124059e+02, -1.5013523769766736e+04,  1.0013389092297194e+01,  2.8493977031685143e+00,  3.7464618713933269e+00,  4.9006132494973783e-03,  4.3053131975637093e-02, -1.7960766703182710e-01,  2.7926122828578043e-01, -1.4834317517052058e-04, -2.1498507962389626e-05,  3.3005336948473830e-02, -1.6775120739998342e-04, -1.4740809536548734e-05,  6.3093884075662775e-05,  2.8805237264896261e-03,  4.4713550584331817e-04
 7.3399999999999999e+00,  6.3371042915147632e+02,  3.5760548066144975e-02,  2.9859697956405057e+01, -2.3734203766511620e-02,  8.8645142742139527e-02,  5.0275986288959051e-01,  4.6539174095359685e+03,  1.1408935705547876e+02, -1.5013545045664823e+04,  1.0013405845641872e+01,  2.8493964601582649e+00,  3.7515733398651605e+00,  4.8991290807051963e-03,  4.3052920145251673e-02, -1.7927746963615604e-01,  2.7925957313048172e-01, -1.4849052789424336e-04, -2.0870353351770195e-05,  3.3034153668561675e-02, -1.6329102109080185e-04, -1.4729735209328285e-05,  6.2537038048035454e-05,  2.8828202913720792e-03,  4.4490175599152414e-04
 7.3500000000000005e+00,  6.3371037019545759e+02,  3.5811264110226393e-02,  2.9859689007501210e+01, -2.3734177859263697e-02,  8.8645166754569141e-02,  5.0275980237723317e-01,  4.6602510628478840e+03,  1.1445326688840386e+02, -1.5013566321412654e+04,  1.0013422599109269e+01,  2.8493952159983911e+00,  3.7566848077742079e+00,  4.8976434389394934e-03,  4.3052714568570058e-02, -1.7894698395845585e-01,  2.7925796246535861e-01, -1.4863776886088478e-04, -2.0247751527160494e-05,  3.3062992948130268e-02, -1.5885326324626881e-04, -1.4718458118955655e-05,  6.1983326873901650e-05,  2.8850356223462993e-03,  4.4264981291506532e-04
 7.3600000000000003e+00,  6.3371031092301052e+02,  3.5862033785312830e-02,  2.9859680384646794e+01, -2.3734152434189203e-02,  8.8645190554924563e-02,  5.0275974231774345e-01,  4.6665846830520159e+03,  1.1481774214670733e+02, -1.5013587597006628e+04,  1.0013439352694647e+01,  2.8493939706859948e+00,  3.7617962751245755e+00,  4.8961563253279786e-03,  4.3052515190221130e-02, -1.7861620977719342e-01,  2.7925639606521679e-01, -1.4878489604836444e-04, -1.9630671200046999e-05,  3.3091853977062366e-02, -1.5443811430538074e-04, -1.4706979375653866e-05,  6.1432738548974748e-05,  2.8871701637790525e-03,  4.4037997526393468e-04
 7.3700000000000001e+00,  6.3371025134343711e+02,  3.5912857015984741e-02,  2.9859672085274084e+01, -2.3734127487211824e-02,  8.8645214144712353e-02,  5.0275968270808946e-01,  4.6729182700949514e+03,  1.1518278282708563e+02, -1.5013608872443176e+04,  1.0013456106393297e+01,  2.8493927242182013e+00,  3.7669077419203401e+00,  4.8946677410185262e-03,  4.3052321955146057e-02, -1.7828514687891461e-01,  2.7925487370307250e-01, -1.4893190744599450e-04, -1.9019081205079853e-05,  3.3120735950147737e-02, -1.5004575174004984e-04, -1.4695300150358653e-05,  6.0885260444456899e-05,  2.8892244532953259e-03,  4.3809253780226692e-04
 7.3799999999999999e+00,  6.3371019146599031e+02,  3.5963733726382542e-02,  2.9859664106829914e+01, -2.3734103014282609e-02,  8.8645237525431880e-02,  5.0275962354526027e-01,  4.6792518239233668e+03,  1.1554838892624005e+02, -1.5013630147718755e+04,  1.0013472860200562e+01,  2.8493914765921553e+00,  3.7720192081655499e+00,  4.8931776871790587e-03,  4.3052134808597028e-02, -1.7795379505819048e-01,  2.7925339515018199e-01, -1.4907880105415920e-04, -1.8412950507015323e-05,  3.3149638066536716e-02, -1.4567635005513166e-04, -1.4683421483904102e-05,  6.0340879168283003e-05,  2.8911988247946937e-03,  4.3578779918005615e-04
 7.3900000000000006e+00,  6.3371013129987398e+02,  3.6014663840209356e-02,  2.9859656446775592e+01, -2.3734079011379819e-02,  8.8645260698575382e-02,  5.0275956482626549e-01,  4.6855853444840295e+03,  1.1591456044087678e+02, -1.5013651422829857e+04,  1.0013489614111815e+01,  2.8493902278050212e+00,  3.7771306738642307e+00,  4.8916861649974429e-03,  4.3051953696135917e-02, -1.7762215411758386e-01,  2.7925196017607140e-01, -1.4922557488444499e-04, -1.7812248195164394e-05,  3.3178559529831800e-02, -1.4133008079119888e-04, -1.4671344573252022e-05,  5.9799583201899948e-05,  2.8930938342218489e-03,  4.3346605360648159e-04
 7.4000000000000004e+00,  6.3371007085424208e+02,  3.6065647280733734e-02,  2.9859649102586818e+01, -2.3734055474508745e-02,  8.8645283665627933e-02,  5.0275950654813528e-01,  4.6919188317237958e+03,  1.1628129736770674e+02, -1.5013672697772996e+04,  1.0013506368122478e+01,  2.8493889778539860e+00,  3.7822421390203753e+00,  4.8901931756813698e-03,  4.3051778563633125e-02, -1.7729022386759383e-01,  2.7925056854856617e-01, -1.4937222695991762e-04, -1.7216943482001678e-05,  3.3207499548449523e-02, -1.3700711254394386e-04, -1.4659070519951815e-05,  5.9261359430798107e-05,  2.8949098890286421e-03,  4.3112759584575561e-04
 7.4100000000000001e+00,  6.3371001013819875e+02,  3.6116683970792700e-02,  2.9859642071753594e+01, -2.3734032399701576e-02,  8.8645306428067450e-02,  5.0275944870792033e-01,  4.6982522855896150e+03,  1.1664859970344574e+02, -1.5013693972544723e+04,  1.0013523122227996e+01,  2.8493877267362508e+00,  3.7873536036379547e+00,  4.8886987204582446e-03,  4.3051609357266277e-02, -1.7695800412661489e-01,  2.7924922003382052e-01, -1.4951875531520894e-04, -1.6627005709410692e-05,  3.3236457335251310e-02, -1.3270761096418064e-04, -1.4646600538307312e-05,  5.8726195087402131e-05,  2.8966474713289074e-03,  4.2877272010690299e-04
 7.4199999999999999e+00,  6.3370994916079781e+02,  3.6167773832794431e-02,  2.9859635351780152e+01, -2.3734009783017217e-02,  8.8645328987364713e-02,  5.0275939130269132e-01,  4.7045857060285225e+03,  1.1701646744481430e+02, -1.5013715247141612e+04,  1.0013539876423867e+01,  2.8493864744490458e+00,  3.7924650677209111e+00,  4.8872028005750657e-03,  4.3051446023518937e-02, -1.7662549472088881e-01,  2.7924791439634689e-01, -1.4966515799646308e-04, -1.6042404347299875e-05,  3.3265432107693768e-02, -1.2843173876065091e-04, -1.4633935712521985e-05,  5.8194077334763599e-05,  2.8983070171629947e-03,  4.2640172059906374e-04
 7.4299999999999997e+00,  6.3370988793104220e+02,  3.6218916788721391e-02,  2.9859628940184866e+01, -2.3733987620541162e-02,  8.8645351344983428e-02,  5.0275933432953901e-01,  4.7109190929876449e+03,  1.1738490058853766e+02, -1.5013736521560269e+04,  1.0013556630705612e+01,  2.8493852209896149e+00,  3.7975765312731635e+00,  4.8857054172983154e-03,  4.3051288509179331e-02, -1.7629269548446103e-01,  2.7924665139904531e-01, -1.4981143306156373e-04, -1.5463108978680173e-05,  3.3294423087826881e-02, -1.2417965571109570e-04, -1.4621077308942679e-05,  5.7664996389036995e-05,  2.8998890097552184e-03,  4.2401488931085571e-04
 7.4400000000000004e+00,  6.3370982645788422e+02,  3.6270112760133179e-02,  2.9859622834500168e+01, -2.3733965908385311e-02,  8.8645373502380151e-02,  5.0275927778557417e-01,  4.7172524464141961e+03,  1.1775389913134580e+02, -1.5013757795797328e+04,  1.0013573385068799e+01,  2.8493839663552225e+00,  3.8026879942986000e+00,  4.8842065719138343e-03,  4.3051136761339363e-02, -1.7595960625913226e-01,  2.7924543080323266e-01, -1.4995757858038417e-04, -1.4889089304525805e-05,  3.3323429502387432e-02, -1.1995151868171295e-04, -1.4608026455142245e-05,  5.7138938441833737e-05,  2.9013939023546423e-03,  4.2161251656567530e-04
 7.4500000000000002e+00,  6.3370976475022474e+02,  3.6321361668169613e-02,  2.9859617032272485e+01, -2.3733944642687840e-02,  8.8645395461004403e-02,  5.0275922166792730e-01,  4.7235857662554772e+03,  1.1812346306997325e+02, -1.5013779069849450e+04,  1.0013590139509038e+01,  2.8493827105431553e+00,  3.8077994568010873e+00,  4.8827062657267077e-03,  4.3050990727393240e-02, -1.7562622689441326e-01,  2.7924425236867167e-01, -1.5010359263449368e-04, -1.4320315161117952e-05,  3.3352450582650059e-02, -1.1574748162157780e-04, -1.4594784365427116e-05,  5.6615890239866321e-05,  2.9028221498751520e-03,  4.1919489546240042e-04
 7.4600000000000000e+00,  6.3370970281691302e+02,  3.6372663433553769e-02,  2.9859611531062139e+01, -2.3733923819613045e-02,  8.8645417222298586e-02,  5.0275916597374837e-01,  4.7299190524588776e+03,  1.1849359240115926e+02, -1.5013800343713327e+04,  1.0013606894021965e+01,  2.8493814535507136e+00,  3.8129109187844628e+00,  4.8812045000611445e-03,  4.3050850355036141e-02, -1.7529255724747927e-01,  2.7924311585360023e-01, -1.5024947331754795e-04, -1.3756756487432202e-05,  3.3381485564495265e-02, -1.1156769556264449e-04, -1.4581352245427515e-05,  5.6095844497286057e-05,  2.9041742191650141e-03,  4.1676231632427731e-04
 7.4699999999999998e+00,  6.3370964066674651e+02,  3.6424017976595016e-02,  2.9859606328443284e+01, -2.3733903435351179e-02,  8.8645438787698094e-02,  5.0275911070020662e-01,  4.7362523049718739e+03,  1.1886428712164764e+02, -1.5013821617385674e+04,  1.0013623648603255e+01,  2.8493801953752254e+00,  3.8180223802525406e+00,  4.8797012762603568e-03,  4.3050715592263492e-02, -1.7495859718312337e-01,  2.7924202101476042e-01, -1.5039521873553251e-04, -1.3198383339365877e-05,  3.3410533688648443e-02, -1.0741230865029846e-04, -1.4567731352817963e-05,  5.5578785115859223e-05,  2.9054506117674786e-03,  4.1431506614395848e-04
 7.4800000000000004e+00,  6.3370957830847033e+02,  3.6475425217192305e-02,  2.9859601422003831e+01, -2.3733883486118316e-02,  8.8645460158631229e-02,  5.0275905584449099e-01,  4.7425855237420283e+03,  1.1923554722818677e+02, -1.5013842890863241e+04,  1.0013640403248623e+01,  2.8493789360140345e+00,  3.8231338412091089e+00,  4.8781965956864338e-03,  4.3050586387369354e-02, -1.7462434657370629e-01,  2.7924096760742723e-01, -1.5054082700658930e-04, -1.2645165899105290e-05,  3.3439594200349650e-02, -1.0328146614057882e-04, -1.4553922858539398e-05,  5.5064702936255773e-05,  2.9066517284735741e-03,  4.1185343579995027e-04
 7.4900000000000002e+00,  6.3370951575077731e+02,  3.6526885074837270e-02,  2.9859596809345359e+01, -2.3733863968156205e-02,  8.8645481336519324e-02,  5.0275900140380914e-01,  4.7489187087169876e+03,  1.1960737271752950e+02, -1.5013864164142802e+04,  1.0013657157953821e+01,  2.8493776754644995e+00,  3.8282453016579310e+00,  4.8766904597202249e-03,  4.3050462688945509e-02, -1.7428980529911636e-01,  2.7923995538543761e-01, -1.5068629626103339e-04, -1.2097074457082226e-05,  3.3468666349369840e-02, -9.9175310397383481e-05, -1.4539928028939951e-05,  5.4553585468466552e-05,  2.9077780752674439e-03,  4.0937771284001525e-04
 7.5000000000000000e+00,  6.3370945300230744e+02,  3.6578397468617324e-02,  2.9859592488083052e+01, -2.3733844877732110e-02,  8.8645502322776668e-02,  5.0275894737538807e-01,  4.7552518598444858e+03,  1.1997976358643321e+02, -1.5013885437221159e+04,  1.0013673912714633e+01,  2.8493764137240061e+00,  3.8333567616027442e+00,  4.8751828697612132e-03,  4.3050344445880212e-02, -1.7395497324671891e-01,  2.7923898410121928e-01, -1.5083162464165644e-04, -1.1554079417178366e-05,  3.3497749390191282e-02, -9.5093980920226507e-05, -1.4525748095670708e-05,  5.4045422512307789e-05,  2.9088300890213322e-03,  4.0688818259139795e-04
 7.5099999999999998e+00,  6.3370939007164782e+02,  3.6629962317219079e-02,  2.9859588455845625e+01, -2.3733826211138669e-02,  8.8645523118810535e-02,  5.0275889375647320e-01,  4.7615849770723407e+03,  1.2035271983165971e+02, -1.5013906710095142e+04,  1.0013690667526882e+01,  2.8493751507899527e+00,  3.8384682210472643e+00,  4.8736738272273919e-03,  4.3050231607357166e-02, -1.7361985031131255e-01,  2.7923805350581921e-01, -1.5097681030362337e-04, -1.1016151297768308e-05,  3.3526842581953820e-02, -9.1037614349807181e-05, -1.4511384299058957e-05,  5.3540201369603777e-05,  2.9098082637844850e-03,  4.0438513149163935e-04
 7.5200000000000005e+00,  6.3370932696733200e+02,  3.6681579538931523e-02,  2.9859584710275239e+01, -2.3733807964693755e-02,  8.8645543726021250e-02,  5.0275884054432896e-01,  4.7679180603484556e+03,  1.2072624144997529e+02, -1.5013927982761605e+04,  1.0013707422386423e+01,  2.8493738866597602e+00,  3.8435796799951780e+00,  4.8721633335551406e-03,  4.3050124122854257e-02, -1.7328443639507982e-01,  2.7923716334893228e-01, -1.5112185141494952e-04, -1.0483260725474321e-05,  3.3555945188532610e-02, -8.7006344470783807e-05, -1.4496837966170736e-05,  5.3037913089190921e-05,  2.9107130519733003e-03,  4.0186884431301728e-04
 7.5300000000000002e+00,  6.3370926369784013e+02,  3.6733249051649382e-02,  2.9859581249027443e+01, -2.3733790134740331e-02,  8.8645564145802089e-02,  5.0275878773623817e-01,  4.7742511096208154e+03,  1.2110032843815048e+02, -1.5013949255217434e+04,  1.0013724177289147e+01,  2.8493726213308674e+00,  3.8486911384501474e+00,  4.8706513901990928e-03,  4.3050021942142656e-02, -1.7294873140754188e-01,  2.7923631337892979e-01, -1.5126674615612682e-04, -9.9553784476543625e-06,  3.3585056478444723e-02, -8.3000302220083809e-05, -1.4482110267944389e-05,  5.2538542474891448e-05,  2.9115449301510129e-03,  3.9933960582773690e-04
 7.5400000000000000e+00,  6.3370920027159855e+02,  3.6784970772876457e-02,  2.9859578069771096e+01, -2.3733772717646297e-02,  8.8645584379539469e-02,  5.0275873532950210e-01,  4.7805841248374891e+03,  1.2147498079296028e+02, -1.5013970527459542e+04,  1.0013740932230986e+01,  2.8493713548007320e+00,  3.8538025964158154e+00,  4.8691379986320182e-03,  4.3049925015285304e-02, -1.7261273526551094e-01,  2.7923550334288788e-01, -1.5141149272038395e-04, -9.4324753112386768e-06,  3.3614175724770039e-02, -7.9019615695232208e-05, -1.4467202583482503e-05,  5.2042084808248119e-05,  2.9123043349123098e-03,  3.9679769914259836e-04
 7.5499999999999998e+00,  6.3370913669697950e+02,  3.6836744619728981e-02,  2.9859575170188300e+01, -2.3733755709804360e-02,  8.8645604428612829e-02,  5.0275868332144014e-01,  4.7869171059466289e+03,  1.2185019851118395e+02, -1.5013991799484864e+04,  1.0013757687207899e+01,  2.8493700870668297e+00,  3.8589140538957971e+00,  4.8676231603446852e-03,  4.3049833292636432e-02, -1.7227644789304650e-01,  2.7923473298661589e-01, -1.5155608931401683e-04, -8.9145222644663334e-06,  3.3643302205459746e-02, -7.5064410173795657e-05, -1.4452116144438752e-05,  5.1548524546138738e-05,  2.9129918033275791e-03,  3.9424340514402761e-04
 7.5600000000000005e+00,  6.3370907298230077e+02,  3.6888570508939074e-02,  2.9859572547974324e+01, -2.3733739107631893e-02,  8.8645624294394626e-02,  5.0275863170938984e-01,  4.7932500528964692e+03,  1.2222598158960507e+02, -1.5014013071290366e+04,  1.0013774442215887e+01,  2.8493688181266550e+00,  3.8640255108936850e+00,  4.8661068768457378e-03,  4.3049746724840014e-02, -1.7193986922140173e-01,  2.7923400205468440e-01, -1.5170053415608506e-04, -8.4014903835997462e-06,  3.3672435203092099e-02, -7.1134808118931717e-05, -1.4436852269205547e-05,  5.1057851627176327e-05,  2.9136077231427292e-03,  3.9167700582874303e-04
 7.5700000000000003e+00,  6.3370900913582580e+02,  3.6940448356858190e-02,  2.9859570200837538e+01, -2.3733722907570778e-02,  8.8645643978250477e-02,  5.0275858049070699e-01,  4.7995829656353244e+03,  1.2260233002501134e+02, -1.5014034342873041e+04,  1.0013791197250974e+01,  2.8493675479777210e+00,  3.8691369674130462e+00,  4.8645891496615634e-03,  4.3049665262828760e-02, -1.7160299918898464e-01,  2.7923331029045351e-01, -1.5184482547851510e-04, -7.8933508351060622e-06,  3.3701574004684653e-02, -6.7230929179375225e-05, -1.4421412215457401e-05,  5.0570058071632774e-05,  2.9141525950683446e-03,  3.8909878208316922e-04
 7.5800000000000001e+00,  6.3370894516576311e+02,  3.6992378079460556e-02,  2.9859568126499351e+01, -2.3733707106087291e-02,  8.8645663481539100e-02,  5.0275852966276469e-01,  4.8059158441115906e+03,  1.2297924381419477e+02, -1.5014055614229905e+04,  1.0013807952309227e+01,  2.8493662766175607e+00,  3.8742484234574239e+00,  4.8630699803361675e-03,  4.3049588857823312e-02, -1.7126583774130805e-01,  2.7923265743610082e-01, -1.5198896152631715e-04, -7.3900748936985193e-06,  3.3730717902213270e-02, -6.3352890214420055e-05, -1.4405797344949682e-05,  5.0085130209878062e-05,  2.9146269106551516e-03,  3.8650901090788153e-04
 7.5899999999999999e+00,  6.3370888108026611e+02,  3.7044359592346712e-02,  2.9859566322694132e+01, -2.3733691699671947e-02,  8.8645682805612275e-02,  5.0275847922295414e-01,  4.8122486882737458e+03,  1.2335672295395150e+02, -1.5014076885358003e+04,  1.0013824707386750e+01,  2.8493650040437211e+00,  3.8793598790303405e+00,  4.8615493704310371e-03,  4.3049517461330886e-02, -1.7092838483094039e-01,  2.7923204323264922e-01, -1.5213294055804559e-04, -6.8916339482359496e-06,  3.3759866192483501e-02, -5.9500805293931381e-05, -1.4390009002093087e-05,  4.9603058882572367e-05,  2.9150311436908260e-03,  3.8390797318930584e-04
 7.6000000000000005e+00,  6.3370881688743316e+02,  3.7096392810747038e-02,  2.9859564787169155e+01, -2.3733676684839371e-02,  8.8645701951814926e-02,  5.0275842916868385e-01,  4.8185814980703462e+03,  1.2373476744108183e+02, -1.5014098156254404e+04,  1.0013841462479666e+01,  2.8493637302537711e+00,  3.8844713341352946e+00,  4.8600273215250065e-03,  4.3049451025144347e-02, -1.7059064041745836e-01,  2.7923146741999494e-01, -1.5227676084527889e-04, -6.3979994781303198e-06,  3.3789018176803076e-02, -5.5674785706670660e-05, -1.4374048444564695e-05,  4.9123835138551410e-05,  2.9153657202239712e-03,  3.8129594426282074e-04
 7.6100000000000003e+00,  6.3370875259530692e+02,  3.7148477649525329e-02,  2.9859563517684528e+01, -2.3733662058128158e-02,  8.8645720921485163e-02,  5.0275837949738000e-01,  4.8249142734500283e+03,  1.2411337727239004e+02, -1.5014119426916206e+04,  1.0013858217584152e+01,  2.8493624552452981e+00,  3.8895827887757584e+00,  4.8585038352141315e-03,  4.3049389501341323e-02, -1.7025260446740431e-01,  2.7923092973693509e-01, -1.5242042067267910e-04, -5.9091430731213076e-06,  3.3818173161132725e-02, -5.1874939985264706e-05, -1.4357917034122426e-05,  4.8647445863305569e-05,  2.9156311454060636e-03,  3.7867320001884702e-04
 7.6200000000000001e+00,  6.3370868821187457e+02,  3.7200614023182428e-02,  2.9859562512013124e+01, -2.3733647816100736e-02,  8.8645739715954228e-02,  5.0275833020648564e-01,  4.8312470143615074e+03,  1.2449255244468456e+02, -1.5014140697340530e+04,  1.0013874972696399e+01,  2.8493611790159039e+00,  3.8946942429551852e+00,  4.8569789131115530e-03,  4.3049332842282885e-02, -1.6991427695423572e-01,  2.7923042992119523e-01, -1.5256391833859905e-04, -5.4250364266845758e-06,  3.3847330456373448e-02, -4.8101373906207414e-05, -1.4341616149868897e-05,  4.8173883424042884e-05,  2.9158279027387125e-03,  3.7604001579262742e-04
 7.6299999999999999e+00,  6.3370862374506726e+02,  3.7252801845859773e-02,  2.9859561767940523e+01, -2.3733633955343243e-02,  8.8645758336546532e-02,  5.0275828129346134e-01,  4.8375797207535761e+03,  1.2487229295477782e+02, -1.5014161967524524e+04,  1.0013891727812638e+01,  2.8493599015632118e+00,  3.8998056966770021e+00,  4.8554525568473596e-03,  4.3049281000612789e-02, -1.6957565785827686e-01,  2.7922996770945696e-01, -1.5270725215463238e-04, -4.9456513242367406e-06,  3.3876489378006129e-02, -4.4354190495420418e-05, -1.4325147058152249e-05,  4.7703137065477926e-05,  2.9159564240986745e-03,  3.7339666636436117e-04
 7.6400000000000006e+00,  6.3370855920276006e+02,  3.7305041031343134e-02,  2.9859561283264945e+01, -2.3733620472465376e-02,  8.8645776784579675e-02,  5.0275823275578457e-01,  4.8439123925751064e+03,  1.2525259879948622e+02, -1.5014183237465362e+04,  1.0013908482929139e+01,  2.8493586228848597e+00,  3.9049171499446169e+00,  4.8539247680684603e-03,  4.3049233929256400e-02, -1.6923674716667558e-01,  2.7922954283738532e-01, -1.5285042044596049e-04, -4.4709596587476718e-06,  3.3905649246148466e-02, -4.0633490044904749e-05, -1.4308511207469127e-05,  4.7235196032333654e-05,  2.9160172043683806e-03,  3.7074342373875593e-04
 7.6500000000000004e+00,  6.3370849459277179e+02,  3.7357331493066186e-02,  2.9859561055797190e+01, -2.3733607364100268e-02,  8.8645795061364469e-02,  5.0275818459094956e-01,  4.8502450297750456e+03,  1.2563346997563004e+02, -1.5014204507160242e+04,  1.0013925238042198e+01,  2.8493573429785060e+00,  3.9100286027614111e+00,  4.8523955484384403e-03,  4.3049191581419614e-02, -1.6889754487335387e-01,  2.7922915503965606e-01, -1.5299342155128209e-04, -4.0009334248415097e-06,  3.3934809385812614e-02, -3.6939370132161540e-05, -1.4291709855494050e-05,  4.6770050748936359e-05,  2.9160107281601812e-03,  3.6808055881022890e-04
 7.6600000000000001e+00,  6.3370842992286464e+02,  3.7409673144114350e-02,  2.9859561083360571e+01, -2.3733594626904359e-02,  8.8645813168204912e-02,  5.0275813679646741e-01,  4.8565776323024193e+03,  1.2601490648003352e+02, -1.5014225776606389e+04,  1.0013941993148137e+01,  2.8493560618418243e+00,  3.9151400551307463e+00,  4.8508648996374347e-03,  4.3049153910587903e-02, -1.6855805097895935e-01,  2.7922880404998268e-01, -1.5313625382289988e-04, -3.5355447108171488e-06,  3.3963969126706739e-02, -3.3271925617418142e-05, -1.4274744468065812e-05,  4.6307692055937739e-05,  2.9159374506649983e-03,  3.6540834413846703e-04
 7.6699999999999999e+00,  6.3370836520074431e+02,  3.7462065897228405e-02,  2.9859561363790860e+01, -2.3733582257557253e-02,  8.8645831106398301e-02,  5.0275808936986577e-01,  4.8629102001063275e+03,  1.2639690830952476e+02, -1.5014247045801050e+04,  1.0013958748243326e+01,  2.8493547794725074e+00,  3.9202515070559634e+00,  4.8493328233619824e-03,  4.3049120870525398e-02, -1.6821826549081975e-01,  2.7922848960114371e-01, -1.5327891562718821e-04, -3.0747657059349666e-06,  3.3993127803354950e-02, -2.9631248657514062e-05, -1.4257616389596381e-05,  4.5848108920500690e-05,  2.9157978789774576e-03,  3.6272704784236378e-04
 7.6799999999999997e+00,  6.3370830043405965e+02,  3.7514509664808342e-02,  2.9859561894936220e+01, -2.3733570252761606e-02,  8.8645848877235159e-02,  5.0275804230868903e-01,  4.8692427331359477e+03,  1.2677947546093566e+02, -1.5014268314741501e+04,  1.0013975503324154e+01,  2.8493534958682645e+00,  3.9253629585403789e+00,  4.8477993213248910e-03,  4.3049092415273785e-02, -1.6787818842289226e-01,  2.7922821142500953e-01, -1.5342140534386510e-04, -2.6185686882728659e-06,  3.4022284754842751e-02, -2.6017428728097269e-05, -1.4240326947147950e-05,  4.5391294611894077e-05,  2.9155924188838155e-03,  3.6003693804074761e-04
 7.6900000000000004e+00,  6.3370823563040233e+02,  3.7567004358917071e-02,  2.9859562674657145e+01, -2.3733558609242977e-02,  8.8645866481999222e-02,  5.0275799561049728e-01,  4.8755752313405319e+03,  1.2716260793110195e+02, -1.5014289583425038e+04,  1.0013992258387047e+01,  2.8493522110268215e+00,  3.9304744095872857e+00,  4.8462643952551050e-03,  4.3049068499151633e-02, -1.6753781979572288e-01,  2.7922796925256915e-01, -1.5356372136654693e-04, -2.1669260413803071e-06,  3.4051439325047998e-02, -2.2430552623630732e-05, -1.4222877589217153e-05,  4.4937234766615633e-05,  2.9153216221654331e-03,  3.5733828285254305e-04
 7.7000000000000002e+00,  6.3370817079730693e+02,  3.7619549891284243e-02,  2.9859563700826406e+01, -2.3733547323749712e-02,  8.8645883921967553e-02,  5.0275794927286765e-01,  4.8819076946694040e+03,  1.2754630571686297e+02, -1.5014310851848986e+04,  1.0014009013428462e+01,  2.8493509249459241e+00,  3.9355858601999572e+00,  4.8447280468975600e-03,  4.3049049076752957e-02, -1.6719715963639128e-01,  2.7922776281395706e-01, -1.5370586210297440e-04, -1.7198102480326194e-06,  3.4080590862826284e-02, -1.8870704471263670e-05, -1.4205269694909146e-05,  4.4485923902939050e-05,  2.9149859331890761e-03,  3.5463134762105233e-04
 7.7100000000000000e+00,  6.3370810594225077e+02,  3.7672146173310085e-02,  2.9859564971328989e+01, -2.3733536393052816e-02,  8.8645901198410523e-02,  5.0275790329339287e-01,  4.8882401230719652e+03,  1.2793056881506192e+02, -1.5014332120010693e+04,  1.0014025768444883e+01,  2.8493496376233307e+00,  3.9406973103816476e+00,  4.8431902780130456e-03,  4.3049034102946672e-02, -1.6685620797846637e-01,  2.7922759183847973e-01, -1.5384782597462220e-04, -1.2771938767003606e-06,  3.4109738721527956e-02, -1.5337965750262020e-05, -1.4187504634652953e-05,  4.4037350363514628e-05,  2.9145858071456666e-03,  3.5191639657929211e-04
 7.7199999999999998e+00,  6.3370804107265337e+02,  3.7724793116069279e-02,  2.9859566484062036e+01, -2.3733525813945815e-02,  8.8645918312591748e-02,  5.0275785766968184e-01,  4.8945725164976875e+03,  1.2831539722254558e+02, -1.5014353387907531e+04,  1.0014042523432828e+01,  2.8493483490568208e+00,  3.9458087601355833e+00,  4.8416510903780676e-03,  4.3049023532875423e-02, -1.6651496486196074e-01,  2.7922745605464205e-01, -1.5398961141698661e-04, -8.3904959473355694e-07,  3.4138882259327527e-02, -1.1832415292012127e-05, -1.4169583839595447e-05,  4.3591506029836621e-05,  2.9141217530724616e-03,  3.4919369507056597e-04
 7.7300000000000004e+00,  6.3370797619587688e+02,  3.7777490630314763e-02,  2.9859568236934784e+01, -2.3733515583244637e-02,  8.8645935265768208e-02,  5.0275781239935924e-01,  4.9009048748961177e+03,  1.2870079093616442e+02, -1.5014374655536898e+04,  1.0014059278388849e+01,  2.8493470592441890e+00,  3.9509202094649765e+00,  4.8401104857847058e-03,  4.3049017321954777e-02, -1.6617343033327980e-01,  2.7922735519017389e-01, -1.5413121687962882e-04, -4.0535015795316771e-07,  3.4168020839147370e-02, -8.3541292966724812e-06, -1.4151508688844308e-05,  4.3148381326239222e-05,  2.9135942108958523e-03,  3.4646350399734693e-04
 7.7400000000000002e+00,  6.3370791131922545e+02,  3.7830238626481667e-02,  2.9859570227868520e+01, -2.3733505697787489e-02,  8.8645952059190194e-02,  5.0275776748006551e-01,  4.9072371982168715e+03,  1.2908674995277235e+02, -1.5014395922896212e+04,  1.0014076033309522e+01,  2.8493457681832450e+00,  3.9560316583730137e+00,  4.8385684660404750e-03,  4.3049015425872264e-02, -1.6583160444517778e-01,  2.7922728897205612e-01, -1.5427264082632107e-04,  2.3931575124370118e-08,  3.4197153828764044e-02, -4.9031813526002542e-06, -1.4133280648240868e-05,  4.2707965289269947e-05,  2.9130037121351112e-03,  3.4372608481715659e-04
 7.7500000000000000e+00,  6.3370784644994535e+02,  3.7883037014691263e-02,  2.9859572454796513e+01, -2.3733496154434732e-02,  8.8645968694101407e-02,  5.0275772290945675e-01,  4.9135694864096395e+03,  1.2947327426922698e+02, -1.5014417189982918e+04,  1.0014092788191455e+01,  2.8493444758718200e+00,  3.9611431068628611e+00,  4.8370250329681794e-03,  4.3049017800586280e-02, -1.6548948725670454e-01,  2.7922725712654684e-01, -1.5441388173495998e-04,  4.4882266167501753e-07,  3.4226280600788868e-02, -1.4796424363528220e-06, -1.4114901079540545e-05,  4.2270252020861347e-05,  2.9123506928298145e-03,  3.4098169843234448e-04
 7.7599999999999998e+00,  6.3370778159522479e+02,  3.7935885704754826e-02,  2.9859574915663959e+01, -2.3733486950068747e-02,  8.8645985171738884e-02,  5.0275767868520449e-01,  4.9199017394241810e+03,  1.2986036388238935e+02, -1.5014438456794485e+04,  1.0014109543031292e+01,  2.8493431823077553e+00,  3.9662545549376622e+00,  4.8354801884057759e-03,  4.3049024402325498e-02, -1.6514707883316201e-01,  2.7922725937920739e-01, -1.5455493809746364e-04,  8.6935007109765414e-07,  3.4255400532406152e-02,  1.9164190623310432e-06, -1.4096371422563829e-05,  4.1835229863671786e-05,  2.9116356309309742e-03,  3.3823060130442999e-04
 7.7700000000000005e+00,  6.3370771676219374e+02,  3.7988784606177613e-02,  2.9859577608427934e+01, -2.3733478081593824e-02,  8.8646001493333029e-02,  5.0275763480499569e-01,  4.9262339572103274e+03,  1.3024801878912402e+02, -1.5014459723328404e+04,  1.0014126297825701e+01,  2.8493418874889134e+00,  3.9713660026005480e+00,  4.8339339342062301e-03,  4.3049035187587702e-02, -1.6480437924605640e-01,  2.7922729545492808e-01, -1.5469580842016213e-04,  1.2855406683609220e-06,  3.4284513005556391e-02,  5.2849373349815766e-06, -1.4077693117133711e-05,  4.1402889588979840e-05,  2.9108589991165600e-03,  3.3547305322566122e-04
 7.7800000000000002e+00,  6.3370765195792376e+02,  3.8041733628162828e-02,  2.9859580531057333e+01, -2.3733469545936029e-02,  8.8646017660107670e-02,  5.0275759126653263e-01,  4.9325661397179783e+03,  1.3063623898629885e+02, -1.5014480989582191e+04,  1.0014143052571379e+01,  2.8493405914131724e+00,  3.9764774498546172e+00,  4.8323862722373725e-03,  4.3049050113138865e-02, -1.6446138857305087e-01,  2.7922736507795409e-01, -1.5483649122355320e-04,  1.6974212386361793e-06,  3.4313617406980142e-02,  8.6258491488468606e-06, -1.4058867559702582e-05,  4.0973224466058305e-05,  2.9100212853295912e-03,  3.3270930954733301e-04
 7.7900000000000000e+00,  6.3370758718942807e+02,  3.8094732679615655e-02,  2.9859583681532815e+01, -2.3733461340043092e-02,  8.8646033673280028e-02,  5.0275754806753259e-01,  4.9388982868971043e+03,  1.3102502447078518e+02, -1.5014502255553383e+04,  1.0014159807265058e+01,  2.8493392940784261e+00,  3.9815888967029567e+00,  4.8308372043817591e-03,  4.3049069136012474e-02, -1.6411810689791681e-01,  2.7922746797191106e-01, -1.5497698504260573e-04,  2.1050184734195292e-06,  3.4342713128323502e-02,  1.1939093819135748e-05, -1.4039896250803750e-05,  4.0546222490613411e-05,  2.9091229833412410e-03,  3.2993962451045877e-04
 7.7999999999999998e+00,  6.3370752246366112e+02,  3.8147781669147195e-02,  2.9859587057846753e+01, -2.3733453460884277e-02,  8.8646049534060772e-02,  5.0275750520572793e-01,  4.9452303986977422e+03,  1.3141437523945768e+02, -1.5014523521239544e+04,  1.0014176561903488e+01,  2.8493379954825855e+00,  3.9867003431486276e+00,  4.8292867325365205e-03,  4.3049092213508333e-02, -1.6377453431048442e-01,  2.7922760385983048e-01, -1.5511728842665720e-04,  2.5083589753893107e-06,  3.4371799565901293e-02,  1.5224613206243556e-05, -1.4020780560868770e-05,  4.0121877903363339e-05,  2.9081645325222719e-03,  3.2716425291122334e-04
 7.8100000000000005e+00,  6.3370745778751882e+02,  3.8200880505078590e-02,  2.9859590658003178e+01, -2.3733445905450262e-02,  8.8646065243653982e-02,  5.0275746267886601e-01,  4.9515624750699999e+03,  1.3180429128919434e+02, -1.5014544786638256e+04,  1.0014193316483460e+01,  2.8493366956235731e+00,  3.9918117891946769e+00,  4.8277348586132258e-03,  4.3049119303191982e-02, -1.6343067090659877e-01,  2.7922777246417518e-01, -1.5525739993941373e-04,  2.9074692580593357e-06,  3.4400876120912235e-02,  1.8482351704651307e-05, -1.4001521990435937e-05,  3.9700178630639851e-05,  2.9071464696660324e-03,  3.2438344677031164e-04
 7.8200000000000003e+00,  6.3370739316783829e+02,  3.8254029095444925e-02,  2.9859594480017734e+01, -2.3733438670753029e-02,  8.8646080803257268e-02,  5.0275742048470884e-01,  4.9578945159640507e+03,  1.3219477261687629e+02, -1.5014566051747130e+04,  1.0014210071001795e+01,  2.8493353944993340e+00,  3.9969232348441261e+00,  4.8261815845377322e-03,  4.3049150362893494e-02, -1.6308651678806615e-01,  2.7922797350686457e-01, -1.5539731815913932e-04,  3.3023757464723672e-06,  3.4429942199289867e-02,  2.1712256217943280e-05, -1.3982121953304879e-05,  3.9281119051938770e-05,  2.9060692055550416e-03,  3.2159745588790351e-04
 7.8300000000000001e+00,  6.3370732861139766e+02,  3.8307227347999399e-02,  2.9859598521917611e+01, -2.3733431753825730e-02,  8.8646096214061665e-02,  5.0275737862103309e-01,  4.9642265213301353e+03,  1.3258581921938801e+02, -1.5014587316563795e+04,  1.0014226825455330e+01,  2.8493340921078270e+00,  4.0020346800999764e+00,  4.8246269122500431e-03,  4.3049185350706912e-02, -1.6274207206261299e-01,  2.7922820670929954e-01, -1.5553704167843905e-04,  3.6931047830980012e-06,  3.4458997211673406e-02,  2.4914276150478897e-05, -1.3962581906640831e-05,  3.8864688273189669e-05,  2.9049332711529449e-03,  3.1880653061923365e-04
 7.8399999999999999e+00,  6.3370726412491615e+02,  3.8360475170217359e-02,  2.9859602781741515e+01, -2.3733425151722578e-02,  8.8646111477251696e-02,  5.0275733708563031e-01,  4.9705584911185606e+03,  1.3297743109361710e+02, -1.5014608581085904e+04,  1.0014243579840937e+01,  2.8493327884470232e+00,  4.0071461249652156e+00,  4.8230708437041634e-03,  4.3049224224989156e-02, -1.6239733684383270e-01,  2.7922847179238758e-01, -1.5567656910446003e-04,  4.0796826163840453e-06,  3.4488040573402746e-02,  2.8088363410171865e-05, -1.3942903298937903e-05,  3.8450878384053589e-05,  2.9037390750218154e-03,  3.1601092131959481e-04
 7.8500000000000005e+00,  6.3370719971505389e+02,  3.8413772469300361e-02,  2.9859607257539594e+01, -2.3733418861518734e-02,  8.8646126594005406e-02,  5.0275729587630613e-01,  4.9768904252797001e+03,  1.3336960823645430e+02, -1.5014629845311134e+04,  1.0014260334155521e+01,  2.8493314835149146e+00,  4.0122575694428049e+00,  4.8215133808679539e-03,  4.3049266944359239e-02, -1.6205231125114491e-01,  2.7922876847656775e-01, -1.5581589905923850e-04,  4.4621354104711430e-06,  3.4517071704829351e-02,  3.1234472369633785e-05, -1.3923087656755231e-05,  3.8039680433364275e-05,  2.9024872102988201e-03,  3.1321087057277426e-04
 7.8600000000000003e+00,  6.3370713538841187e+02,  3.8467119152180311e-02,  2.9859611947373406e+01, -2.3733412880310178e-02,  8.8646141565494385e-02,  5.0275725499088086e-01,  4.9832223237639901e+03,  1.3376235064479337e+02, -1.5014651109237182e+04,  1.0014277088396005e+01,  2.8493301773095054e+00,  4.0173690135356894e+00,  4.8199545257229786e-03,  4.3049313467697366e-02, -1.6170699540973610e-01,  2.7922909648183497e-01, -1.5595503017897826e-04,  4.8404892438043058e-06,  3.4546090031004797e-02,  3.4352559863393871e-05, -1.3903136289809031e-05,  3.7631086233226803e-05,  2.9011780244837652e-03,  3.1040662817895183e-04
 7.8700000000000001e+00,  6.3370707115153175e+02,  3.8520515125523562e-02,  2.9859616849315863e+01, -2.3733407205213587e-02,  8.8646156392883688e-02,  5.0275721442718868e-01,  4.9895541865219348e+03,  1.3415565831553121e+02, -1.5014672372861767e+04,  1.0014293842559352e+01,  2.8493288698288164e+00,  4.0224804572467932e+00,  4.8183942802643744e-03,  4.3049363754144115e-02, -1.6136138945052483e-01,  2.7922945552776501e-01, -1.5609396111461435e-04,  5.2147701098266274e-06,  3.4575094981543389e-02,  3.7442585187897582e-05, -1.3883050837410518e-05,  3.7225086971239194e-05,  2.8998120832347666e-03,  3.0759843672180300e-04
 7.8799999999999999e+00,  6.3370700701089595e+02,  3.8573960295735024e-02,  2.9859621961451175e+01, -2.3733401833366245e-02,  8.8646171077331998e-02,  5.0275717418307819e-01,  4.9958860135041004e+03,  1.3454953124556769e+02, -1.5014693636182634e+04,  1.0014310596642542e+01,  2.8493275610708837e+00,  4.0275919005790231e+00,  4.8168326465006864e-03,  4.3049417763099562e-02, -1.6101549351010525e-01,  2.7922984533353873e-01, -1.5623269053218779e-04,  5.5850039162862286e-06,  3.4604085991243073e-02,  4.0504510068205721e-05, -1.3862832678664866e-05,  3.6821674320728879e-05,  2.8983898570088314e-03,  3.0478653934017092e-04
 7.8900000000000006e+00,  6.3370694297292744e+02,  3.8627454568962369e-02,  2.9859627281874815e+01, -2.3733396761925901e-02,  8.8646185619991547e-02,  5.0275713425641189e-01,  5.0022178046611180e+03,  1.3494396943180567e+02, -1.5014714899197545e+04,  1.0014327350642588e+01,  2.8493262510337596e+00,  4.0327033435352666e+00,  4.8152696264537305e-03,  4.3049475454222441e-02, -1.6066930773069996e-01,  2.7923026561796638e-01, -1.5637121711189146e-04,  5.9512164869711408e-06,  3.4633062499499802e-02,  4.3538298652444736e-05, -1.3842483262068633e-05,  3.6420839816251867e-05,  2.8969117943365760e-03,  3.0197117750761776e-04
 7.9000000000000004e+00,  6.3370687904398983e+02,  3.8680997851100074e-02,  2.9859632808693455e+01, -2.3733391988070673e-02,  8.8646200022008140e-02,  5.0275709464506624e-01,  5.0085495599436781e+03,  1.3533897287115082e+02, -1.5014736161904288e+04,  1.0014344104556525e+01,  2.8493249397155114e+00,  4.0378147861183900e+00,  4.8137052221584485e-03,  4.3049536787429302e-02, -1.6032283226011523e-01,  2.7923071609951178e-01, -1.5650953954877964e-04,  6.3134335596266814e-06,  3.4662023950359680e-02,  4.6543917497921962e-05, -1.3822004114178478e-05,  3.6022574714801731e-05,  2.8953783773323486e-03,  2.9915259158742766e-04
 7.9100000000000001e+00,  6.3370681523038718e+02,  3.8734590047793699e-02,  2.9859638540024928e+01, -2.3733387508998918e-02,  8.8646214284521199e-02,  5.0275705534693160e-01,  5.0148812793025372e+03,  1.3573454156051176e+02, -1.5014757424300669e+04,  1.0014360858381423e+01,  2.8493236271142202e+00,  4.0429262283312406e+00,  4.8121394356627550e-03,  4.3049601722893634e-02, -1.5997606725169278e-01,  2.7923119649631634e-01, -1.5664765655272459e-04,  6.6716807863022345e-06,  3.4690969792560609e-02,  4.9521335557246529e-05, -1.3801396674812427e-05,  3.5626870620310410e-05,  2.8937900628524097e-03,  2.9633102027749756e-04
 7.9199999999999999e+00,  6.3370675153836407e+02,  3.8788231064443977e-02,  2.9859644473998184e+01, -2.3733383321929129e-02,  8.8646228408663763e-02,  5.0275701635991188e-01,  5.0212129626885126e+03,  1.3613067549679997e+02, -1.5014778686384518e+04,  1.0014377612114369e+01,  2.8493223132279839e+00,  4.0480376701766509e+00,  4.8105722690273941e-03,  4.3049670221045028e-02, -1.5962901286426404e-01,  2.7923170652622292e-01, -1.5678556684835758e-04,  7.0259837413320686e-06,  3.4719899479915856e-02,  5.2470524158908413e-05, -1.3780662453179912e-05,  3.5233720385717299e-05,  2.8921474085062734e-03,  2.9350670005533241e-04
 7.9300000000000006e+00,  6.3370668797410531e+02,  3.8841920806211024e-02,  2.9859650608753231e+01, -2.3733379424099834e-02,  8.8646242395562472e-02,  5.0275697768192462e-01,  5.0275446100524814e+03,  1.3652737467692972e+02, -1.5014799948153684e+04,  1.0014394365752487e+01,  2.8493209980549139e+00,  4.0531491116574339e+00,  4.8090037243257878e-03,  4.3049742242568460e-02, -1.5928166926209444e-01,  2.7923224590679951e-01, -1.5692326917519911e-04,  7.3763679133557710e-06,  3.4748812471089324e-02,  5.5391457001728702e-05, -1.3759802915124717e-05,  3.4843114019021463e-05,  2.8904508261871965e-03,  2.9067986850871190e-04
 7.9400000000000004e+00,  6.3370662454373621e+02,  3.8895659178018578e-02,  2.9859656942441099e+01, -2.3733375812769443e-02,  8.8646256246337679e-02,  5.0275693931090093e-01,  5.0338762213453820e+03,  1.3692463909781790e+02, -1.5014821209606042e+04,  1.0014411119292925e+01,  2.8493196815931388e+00,  4.0582605527763773e+00,  4.8074338036438900e-03,  4.3049817748403295e-02, -1.5893403661484223e-01,  2.7923281435536296e-01, -1.5706076228754428e-04,  7.7228587084395262e-06,  3.4777708229182712e-02,  5.8284110138197139e-05, -1.3738819552509027e-05,  3.4455044997662526e-05,  2.8887007921808549e-03,  2.8785075878447035e-04
 7.9500000000000002e+00,  6.3370656125332232e+02,  3.8949446084558151e-02,  2.9859663473223787e+01, -2.3733372485216186e-02,  8.8646269962103327e-02,  5.0275690124478523e-01,  5.0402077965182125e+03,  1.3732246875638424e+02, -1.5014842470739482e+04,  1.0014427872732846e+01,  2.8493183638408008e+00,  4.0633719935362596e+00,  4.8058625090800370e-03,  4.3049896699742629e-02, -1.5858611509751080e-01,  2.7923341158900228e-01, -1.5719804495428920e-04,  8.0654814490351324e-06,  3.4806586222086620e-02,  6.1148461955041946e-05, -1.3717713796477267e-05,  3.4069503121460294e-05,  2.8868977886010849e-03,  2.8501960458450319e-04
 7.9600000000000000e+00,  6.3370649810886937e+02,  3.9003281430293232e-02,  2.9859670199274223e+01, -2.3733369438737967e-02,  8.8646283543967100e-02,  5.0275686348153525e-01,  5.0465393355220303e+03,  1.3772086364955106e+02, -1.5014863731551921e+04,  1.0014444626069453e+01,  2.8493170447960545e+00,  4.0684834339398339e+00,  4.8042898427448043e-03,  4.3049979058032276e-02, -1.5823790489040052e-01,  2.7923403732460206e-01, -1.5733511595935636e-04,  8.4042613725939372e-06,  3.4835445922736706e-02,  6.3984493164916093e-05, -1.3696487216955407e-05,  3.3686481590301847e-05,  2.8850423414163006e-03,  2.8218663739033683e-04
 7.9699999999999998e+00,  6.3370643511632352e+02,  3.9057165119463569e-02,  2.9859677118776215e+01, -2.3733366670652272e-02,  8.8646296993030324e-02,  5.0275682601912208e-01,  5.0528708383079520e+03,  1.3811982377424329e+02, -1.5014884992041292e+04,  1.0014461379299970e+01,  2.8493157244570728e+00,  4.0735948739898404e+00,  4.8027158067608499e-03,  4.3050064784970081e-02, -1.5788940617905609e-01,  2.7923469127886558e-01, -1.5747197410174632e-04,  8.7392236468306832e-06,  3.4864286808788142e-02,  6.6792186789730988e-05, -1.3675141262436333e-05,  3.3305973257123494e-05,  2.8831348691803261e-03,  2.7935208757322403e-04
 7.9800000000000004e+00,  6.3370637228157102e+02,  3.9111097056089339e-02,  2.9859684229924405e+01, -2.3733364178296048e-02,  8.8646310310388138e-02,  5.0275678885552977e-01,  5.0592023048271521e+03,  1.3851934912738849e+02, -1.5014906252205550e+04,  1.0014478132421646e+01,  2.8493144028220416e+00,  4.0787063136889996e+00,  4.8011404032627693e-03,  4.3050153842505212e-02, -1.5754061915422474e-01,  2.7923537316833785e-01, -1.5760861819496560e-04,  9.0703933489087016e-06,  3.4893108362377717e-02,  6.9571528146792957e-05, -1.3653677381416576e-05,  3.2927967158478825e-05,  2.8811758487344635e-03,  2.7651618383915780e-04
 7.9900000000000002e+00,  6.3370630961043844e+02,  3.9165077143975394e-02,  2.9859691530924227e+01, -2.3733361959025603e-02,  8.8646323497129309e-02,  5.0275675198875525e-01,  5.0655337350308610e+03,  1.3891943970591663e+02, -1.5014927512042672e+04,  1.0014494885431748e+01,  2.8493130798891606e+00,  4.0838177530400106e+00,  4.7995636343969505e-03,  4.3050246192837059e-02, -1.5719154401180851e-01,  2.7923608270942851e-01, -1.5774504706768551e-04,  9.3977954727238800e-06,  3.4921910070619865e-02,  7.2322504826584523e-05, -1.3632097161168115e-05,  3.2552457604474728e-05,  2.8791657993855308e-03,  2.7367915211852278e-04
 8.0000000000000000e+00,  6.3370624710869242e+02,  3.9219105286715510e-02,  2.9859699019991865e+01, -2.3733360010216493e-02,  8.8646336554336375e-02,  5.0275671541680855e-01,  5.0718651288703686e+03,  1.3932009550676023e+02, -1.5014948771550655e+04,  1.0014511638327589e+01,  2.8493117556566459e+00,  4.0889291920455593e+00,  4.7979855023214156e-03,  4.3050341798414667e-02, -1.5684218095281235e-01,  2.7923681961843438e-01, -1.5788125956352542e-04,  9.7214549348025716e-06,  3.4950691425524781e-02,  7.5045106689987585e-05, -1.3610402006814541e-05,  3.2179434811264994e-05,  2.8771051815980170e-03,  2.7084122056210180e-04
 8.0099999999999998e+00,  6.3370618478203971e+02,  3.9273181387696685e-02,  2.9859706695354205e+01, -2.3733358329263411e-02,  8.8646349483085654e-02,  5.0275667913771227e-01,  5.0781964862970199e+03,  1.3972131652685422e+02, -1.5014970030727516e+04,  1.0014528391106490e+01,  2.8493104301227263e+00,  4.0940406307083128e+00,  4.7964060092056801e-03,  4.3050440621935755e-02, -1.5649253018329803e-01,  2.7923758361156231e-01, -1.5801725454087079e-04,  1.0041396574303687e-05,  3.4979451923720283e-02,  7.7739325851646212e-05, -1.3588593462260958e-05,  3.1808893088959534e-05,  2.8749944575025116e-03,  2.6800261176963580e-04
 8.0199999999999996e+00,  6.3370612263612747e+02,  3.9327305350103314e-02,  2.9859714555248793e+01, -2.3733356913580091e-02,  8.8646362284447208e-02,  5.0275664314950197e-01,  5.0845278072622150e+03,  1.4012310276313599e+02, -1.5014991289571291e+04,  1.0014545143765794e+01,  2.8493091032856452e+00,  4.0991520690309180e+00,  4.7948251572305983e-03,  4.3050542626346153e-02, -1.5614259191433796e-01,  2.7923837440495142e-01, -1.5815303087323557e-04,  1.0357645149547621e-05,  3.5008191066641298e-02,  8.0405156657749652e-05, -1.3566673010695940e-05,  3.1440821959828567e-05,  2.8728341266993753e-03,  2.6516354945106425e-04
 8.0299999999999994e+00,  6.3370606067654273e+02,  3.9381477076921523e-02,  2.9859722597923795e+01, -2.3733355760599179e-02,  8.8646374959484950e-02,  5.0275660745022577e-01,  5.0908590917174106e+03,  1.4052545421254516e+02, -1.5015012548080038e+04,  1.0014561896302885e+01,  2.8493077751436604e+00,  4.1042635070160092e+00,  4.7932429485882154e-03,  4.3050647774838746e-02, -1.5579236636196522e-01,  2.7923919171469547e-01, -1.5828858744877807e-04,  1.0670225336280982e-05,  3.5036908360286799e-02,  8.3042595680476945e-05, -1.3544642100611184e-05,  3.1075215387028867e-05,  2.8706246030237312e-03,  2.6232425509583392e-04
 8.0400000000000009e+00,  6.3370599890881294e+02,  3.9435696470943381e-02,  2.9859730821637953e+01, -2.3733354867772151e-02,  8.8646387509256547e-02,  5.0275657203794422e-01,  5.0971903396141179e+03,  1.4092837087202381e+02, -1.5015033806251833e+04,  1.0014578648715156e+01,  2.8493064456950430e+00,  4.1093749446661985e+00,  4.7916593854816225e-03,  4.3050756030852878e-02, -1.5544185374713218e-01,  2.7924003525686503e-01, -1.5842392317079080e-04,  1.0979161734272306e-05,  3.5065603315511250e-02,  8.5651641690270605e-05, -1.3522502301936251e-05,  3.0712064211231587e-05,  2.8683664418656676e-03,  2.5948494686286289e-04
 8.0500000000000007e+00,  6.3370593733840553e+02,  3.9489963434771139e-02,  2.9859739224660540e+01, -2.3733354232569195e-02,  8.8646399934813533e-02,  5.0275653691073019e-01,  5.1035215509038999e+03,  1.4133185273851598e+02, -1.5015055064084774e+04,  1.0014595401000031e+01,  2.8493051149380797e+00,  4.1144863819840811e+00,  4.7900744701247994e-03,  4.3050867358073432e-02, -1.5509105429565495e-01,  2.7924090474752927e-01, -1.5855903695758704e-04,  1.1284478862103283e-05,  3.5094275448045081e-02,  8.8232295650249811e-05, -1.3500255054491615e-05,  3.0351361354764756e-05,  2.8660600642772651e-03,  2.5664584513142004e-04
 8.0600000000000005e+00,  6.3370587597072824e+02,  3.9544277870821591e-02,  2.9859747805271319e+01, -2.3733353852479107e-02,  8.8646412237201266e-02,  5.0275650206666922e-01,  5.1098527255383751e+03,  1.4173589980896821e+02, -1.5015076321576977e+04,  1.0014612153154964e+01,  2.8493037828710683e+00,  4.1195978189722418e+00,  4.7884882047424708e-03,  4.3050981720430120e-02, -1.5473996823817129e-01,  2.7924179990277803e-01, -1.5869392774245711e-04,  1.1586201158903212e-05,  3.5122924278240736e-02,  9.0784560702330259e-05, -1.3477901919523602e-05,  2.9993098005222263e-05,  2.8637059748538697e-03,  2.5380716528468046e-04
 8.0700000000000003e+00,  6.3370581481112890e+02,  3.9598639681330323e-02,  2.9859756561760506e+01, -2.3733353725009187e-02,  8.8646424417458958e-02,  5.0275646750385872e-01,  5.1161838634692140e+03,  1.4214051208032907e+02, -1.5015097578726578e+04,  1.0014628905177419e+01,  2.8493024494923236e+00,  4.1247092556332392e+00,  4.7869005915699503e-03,  4.3051099082096610e-02, -1.5438859581009015e-01,  2.7924272043874332e-01, -1.5882859447347879e-04,  1.1884352988864287e-05,  3.5151549331190940e-02,  9.3308442145058950e-05, -1.3455444284813397e-05,  2.9637267986993996e-05,  2.8613046151871988e-03,  2.5096912326106848e-04
 8.0800000000000001e+00,  6.3370575386489566e+02,  3.9653048768355945e-02,  2.9859765492428721e+01, -2.3733353847685136e-02,  8.8646436476619725e-02,  5.0275643322040831e-01,  5.1225149646481395e+03,  1.4254568954954931e+02, -1.5015118835531732e+04,  1.0014645657064897e+01,  2.8493011148001717e+00,  4.1298206919696199e+00,  4.7853116328530013e-03,  4.3051219407489898e-02, -1.5403693725154749e-01,  2.7924366607162093e-01, -1.5896303611398133e-04,  1.2178958634992669e-05,  3.5180150136925797e-02,  9.5803947428032380e-05, -1.3432883815695535e-05,  2.9283861238683791e-05,  2.8588565317845369e-03,  2.4813193333362795e-04
 8.0899999999999999e+00,  6.3370569313725684e+02,  3.9707505033784438e-02,  2.9859774595586959e+01, -2.3733354218050954e-02,  8.8646448415710566e-02,  5.0275639921443993e-01,  5.1288460290269268e+03,  1.4295143221358168e+02, -1.5015140091990614e+04,  1.0014662408814916e+01,  2.8492997787929539e+00,  4.1349321279839142e+00,  4.7837213308476708e-03,  4.3051342661269310e-02, -1.5368499280735165e-01,  2.7924463651769188e-01, -1.5909725164225597e-04,  1.2470042299803352e-05,  3.5208726230032877e-02,  9.8271086126924137e-05, -1.3410221839233478e-05,  2.8932871723453947e-05,  2.8563620896317030e-03,  2.4529580644473350e-04
 8.0999999999999996e+00,  6.3370563263338124e+02,  3.9762008379333351e-02,  2.9859783869556537e+01, -2.3733354833668834e-02,  8.8646460235752358e-02,  5.0275636548408742e-01,  5.1351770565574006e+03,  1.4335774006938098e+02, -1.5015161348101417e+04,  1.0014679160425015e+01,  2.8492984414690250e+00,  4.1400435636786348e+00,  4.7821296878201563e-03,  4.3051468808335894e-02, -1.5333276272694685e-01,  2.7924563149334347e-01, -1.5923124005103552e-04,  1.2757628114340720e-05,  3.5237277149593377e-02,  1.0070986993238265e-04, -1.3387459916678351e-05,  2.8584291184020725e-05,  2.8538218224684162e-03,  2.4246095464698281e-04
 8.1099999999999994e+00,  6.3370557235837759e+02,  3.9816558706556184e-02,  2.9859793312669062e+01, -2.3733355692119051e-02,  8.8646471937759944e-02,  5.0275633202749603e-01,  5.1415080471914371e+03,  1.4376461311390401e+02, -1.5015182603862355e+04,  1.0014695911892771e+01,  2.8492971028267524e+00,  4.1451549990562757e+00,  4.7805367060466501e-03,  4.3051597813831596e-02, -1.5298024726435980e-01,  2.7924665071509053e-01, -1.5936500034856443e-04,  1.3041740124993491e-05,  3.5265802439741041e-02,  1.0312031263336877e-04, -1.3364599591931675e-05,  2.8238110946761726e-05,  2.8512362076900701e-03,  2.3962758555203895e-04
 8.1200000000000010e+00,  6.3370551231729530e+02,  3.9871155916846625e-02,  2.9859802923266386e+01, -2.3733356790999877e-02,  8.8646483522742126e-02,  5.0275629884282336e-01,  5.1478390008809638e+03,  1.4417205134410955e+02, -1.5015203859271658e+04,  1.0014712663215764e+01,  2.8492957628645148e+00,  4.1502664341193167e+00,  4.7789423878131848e-03,  4.3051729643138394e-02, -1.5262744667815198e-01,  2.7924769389959614e-01, -1.5949853155826504e-04,  1.3322402308071013e-05,  3.5294301649492883e-02,  1.0550243010608983e-04, -1.3341642348186775e-05,  2.7894325668738736e-05,  2.8486057426775941e-03,  2.3679590899213919e-04
 8.1300000000000008e+00,  6.3370545251512408e+02,  3.9925799911442829e-02,  2.9859812699700569e+01, -2.3733358127927481e-02,  8.8646494991701602e-02,  5.0275626592823852e-01,  5.1541699175779531e+03,  1.4458005475695805e+02, -1.5015225114327579e+04,  1.0014729414391610e+01,  2.8492944215807112e+00,  4.1553778688702216e+00,  4.7773467354154846e-03,  4.3051864261877758e-02, -1.5227436123136989e-01,  2.7924876076369265e-01, -1.5963183271788627e-04,  1.3599638555919792e-05,  3.5322774332117370e-02,  1.0785624028897498e-04, -1.3318589573222418e-05,  2.7552923900776637e-05,  2.8459307815921313e-03,  2.3396612758298406e-04
 8.1400000000000006e+00,  6.3370539295679407e+02,  3.9980490591431710e-02,  2.9859822640333846e+01, -2.3733359700535799e-02,  8.8646506345635104e-02,  5.0275623328192209e-01,  5.1605007972344292e+03,  1.4498862334941202e+02, -1.5015246369028384e+04,  1.0014746165417939e+01,  2.8492930789737447e+00,  4.1604893033114365e+00,  4.7757497511588271e-03,  4.3052001635909512e-02, -1.5192099119150965e-01,  2.7924985102440192e-01, -1.5976490288050095e-04,  1.3873472683862150e-05,  3.5351220045756117e-02,  1.1018176317157081e-04, -1.3295442949715643e-05,  2.7213901687696048e-05,  2.8432119461575638e-03,  2.3113844893619549e-04
 8.1500000000000004e+00,  6.3370533364717585e+02,  4.0035227857753222e-02,  2.9859832743538572e+01, -2.3733361506476473e-02,  8.8646517585533297e-02,  5.0275620090206641e-01,  5.1668316398024645e+03,  1.4539775711843572e+02, -1.5015267623372363e+04,  1.0014762916292415e+01,  2.8492917350420393e+00,  4.1656007374453905e+00,  4.7741514373578747e-03,  4.3052141731331435e-02, -1.5156733683045479e-01,  2.7925096439895608e-01, -1.5989774111418645e-04,  1.4143928439222821e-05,  3.5379638353428479e-02,  1.1247902078626266e-04, -1.3272203787385039e-05,  2.6877249384439396e-05,  2.8404495883150960e-03,  2.2831307400218300e-04
 8.1600000000000001e+00,  6.3370527459108052e+02,  4.0090011611204658e-02,  2.9859843007697197e+01, -2.3733363543418724e-02,  8.8646528712380920e-02,  5.0275616878687512e-01,  5.1731624452341784e+03,  1.4580745606099512e+02, -1.5015288877357822e+04,  1.0014779667012718e+01,  2.8492903897840272e+00,  4.1707121712745003e+00,  4.7725517963365435e-03,  4.3052284514478296e-02, -1.5121339842444109e-01,  2.7925210060481764e-01, -1.6003034650175109e-04,  1.4411029485364742e-05,  3.5408028822645689e-02,  1.1474803718880788e-04, -1.3248873725544295e-05,  2.6542959843945967e-05,  2.8376442551271241e-03,  2.2549020650687165e-04
 8.1699999999999999e+00,  6.3370521579325998e+02,  4.0144841752444975e-02,  2.9859853431202229e+01, -2.3733365809049254e-02,  8.8646539727156706e-02,  5.0275613693456322e-01,  5.1794932134817373e+03,  1.4621772017405789e+02, -1.5015310130983082e+04,  1.0014796417576548e+01,  2.8492890431981555e+00,  4.1758236048011650e+00,  4.7709508304278397e-03,  4.3052429951921142e-02, -1.5085917625400189e-01,  2.7925325935969986e-01, -1.6016271814109530e-04,  1.4674799409669961e-05,  3.5436391025631876e-02,  1.1698883843891644e-04, -1.3225454143298574e-05,  2.6211025017098829e-05,  2.8347963421106004e-03,  2.2267004351484825e-04
 8.1799999999999997e+00,  6.3370515725840653e+02,  4.0199718181998946e-02,  2.9859864012456185e+01, -2.3733368301072168e-02,  8.8646550630833446e-02,  5.0275610534335713e-01,  5.1858239444973533e+03,  1.4662854945459338e+02, -1.5015331384246487e+04,  1.0014813167981629e+01,  2.8492876952828849e+00,  4.1809350380277648e+00,  4.7693485419737216e-03,  4.3052578010466490e-02, -1.5050467060392847e-01,  2.7925444038158642e-01, -1.6029485514508149e-04,  1.4935261721111023e-05,  3.5464724539364313e-02,  1.1920145257804635e-04, -1.3201946653940707e-05,  2.5881437271114688e-05,  2.8319064043770365e-03,  2.1985278431114580e-04
 8.1899999999999995e+00,  6.3370509899115336e+02,  4.0254640800261580e-02,  2.9859874749871562e+01, -2.3733371017208856e-02,  8.8646561424377990e-02,  5.0275607401149425e-01,  5.1921546382332845e+03,  1.4703994389957253e+02, -1.5015352637146398e+04,  1.0014829918225711e+01,  2.8492863460366871e+00,  4.1860464709566676e+00,  4.7677449333249381e-03,  4.3052728657155565e-02, -1.5014988176321462e-01,  2.7925564338875142e-01, -1.6042675664144733e-04,  1.5192439855455144e-05,  3.5493028945505413e-02,  1.2138590963217936e-04, -1.3178352619228624e-05,  2.5554189597710700e-05,  2.8289748238431540e-03,  2.1703862651546260e-04
 8.1999999999999993e+00,  6.3370504099607444e+02,  4.0309609507502328e-02,  2.9859885641870797e+01, -2.3733373955197902e-02,  8.8646572108751265e-02,  5.0275604293722331e-01,  5.1984852946418341e+03,  1.4745190350596783e+02, -1.5015373889681192e+04,  1.0014846668306559e+01,  2.8492849954580484e+00,  4.1911579035902253e+00,  4.7661400068408927e-03,  4.3052881859263599e-02, -1.4979481002501838e-01,  2.7925686809977907e-01, -1.6055842177266138e-04,  1.5446357176303671e-05,  3.5521303830259407e-02,  1.2354224158405422e-04, -1.3154673626431967e-05,  2.5229274572265906e-05,  2.8260021275868311e-03,  2.1422776386167847e-04
 8.2100000000000009e+00,  6.3370498327768451e+02,  4.0364624203869409e-02,  2.9859896686886223e+01, -2.3733377112794978e-02,  8.8646582684908284e-02,  5.0275601211880372e-01,  5.2048159136753511e+03,  1.4786442827075339e+02, -1.5015395141849265e+04,  1.0014863418221964e+01,  2.8492836435454647e+00,  4.1962693359307730e+00,  4.7645337648894847e-03,  4.3053037584299091e-02, -1.4943945568660938e-01,  2.7925811423358310e-01, -1.6068984969650054e-04,  1.5697036969893380e-05,  3.5549548784705551e-02,  1.2567048235100615e-04, -1.3130911141396753e-05,  2.4906684145672397e-05,  2.8229887616411727e-03,  2.1142038952867625e-04
 8.2200000000000006e+00,  6.3370492584043950e+02,  4.0419684789393950e-02,  2.9859907883360048e+01, -2.3733380487772772e-02,  8.8646593153798178e-02,  5.0275598155450629e-01,  5.2111464952862261e+03,  1.4827751819090452e+02, -1.5015416393649031e+04,  1.0014880167969737e+01,  2.8492822902974488e+00,  4.2013807679806314e+00,  4.7629262098469625e-03,  4.3053195800002997e-02, -1.4908381904932422e-01,  2.7925938150942609e-01, -1.6082103958537161e-04,  1.5944502439885550e-05,  3.5577763404481190e-02,  1.2777066777936157e-04, -1.3107066629964307e-05,  2.4586409852479444e-05,  2.8199351928549590e-03,  2.0861669614014922e-04
 8.2300000000000004e+00,  6.3370486868873616e+02,  4.0474791163994432e-02,  2.9859919229744303e+01, -2.3733384077920860e-02,  8.8646603516364220e-02,  5.0275595124261230e-01,  5.2174770394268944e+03,  1.4869117326339818e+02, -1.5015437645078920e+04,  1.0014896917547716e+01,  2.8492809357125224e+00,  4.2064921997421045e+00,  4.7613173440977773e-03,  4.3053356474347888e-02, -1.4872790041851977e-01,  2.7926066964693869e-01, -1.6095199062665826e-04,  1.6188776716386312e-05,  3.5605947289903885e-02,  1.2984283562500752e-04, -1.3083141627360242e-05,  2.4268445447673737e-05,  2.8168418916841944e-03,  2.0581687298904851e-04
 8.2400000000000002e+00,  6.3370481182691253e+02,  4.0529943227480839e-02,  2.9859930724500810e+01, -2.3733387881045634e-02,  8.8646613773543825e-02,  5.0275592118141421e-01,  5.2238075460498349e+03,  1.4910539348521266e+02, -1.5015458896137381e+04,  1.0014913666953749e+01,  2.8492795797892212e+00,  4.2116036312174820e+00,  4.7597071700344294e-03,  4.3053519575537325e-02, -1.4837170010352616e-01,  2.7926197836613859e-01, -1.6108270202235851e-04,  1.6429882858729277e-05,  3.5634100045763763e-02,  1.3188702554234604e-04, -1.3059137512692056e-05,  2.3952783020920652e-05,  2.8137092802916854e-03,  2.0302111047866032e-04
 8.2500000000000000e+00,  6.3370475525924769e+02,  4.0585140879558959e-02,  2.9859942366101151e+01, -2.3733391894970195e-02,  8.8646623926268570e-02,  5.0275589136921484e-01,  5.2301380151075673e+03,  1.4952017885332754e+02, -1.5015480146822878e+04,  1.0014930416185713e+01,  2.8492782225260944e+00,  4.2167150624090395e+00,  4.7580956900573302e-03,  4.3053685072005063e-02, -1.4801521841760451e-01,  2.7926330738744953e-01, -1.6121317298924476e-04,  1.6667843848878006e-05,  3.5662221281449677e-02,  1.3390327906759599e-04, -1.3035055864558110e-05,  2.3639415008825836e-05,  2.8105378568900139e-03,  2.0022959457134136e-04
 8.2599999999999998e+00,  6.3370469898996225e+02,  4.0640384019834594e-02,  2.9859954153026624e+01, -2.3733396117534257e-02,  8.8646633975464212e-02,  5.0275586180432774e-01,  5.2364684465526534e+03,  1.4993552936472366e+02, -1.5015501397133894e+04,  1.0014947165241502e+01,  2.8492768639217001e+00,  4.2218264933190337e+00,  4.7564829065746446e-03,  4.3053852932414302e-02, -1.4765845567789718e-01,  2.7926465643171994e-01, -1.6134340275935491e-04,  1.6902682593162103e-05,  3.5690310611272910e-02,  1.3589163958827323e-04, -1.3010898157473361e-05,  2.3328333847994928e-05,  2.8073281077568655e-03,  1.9744250956411368e-04
 8.2699999999999996e+00,  6.3370464302321807e+02,  4.0695672547817835e-02,  2.9859966083768214e+01, -2.3733400546594074e-02,  8.8646643922050669e-02,  5.0275583248507705e-01,  5.2427988403376967e+03,  1.5035144501638317e+02, -1.5015522647068929e+04,  1.0014963914119035e+01,  2.8492755039746136e+00,  4.2269379239497127e+00,  4.7548688220021432e-03,  4.3054023125656926e-02, -1.4730141220537907e-01,  2.7926602522024130e-01, -1.6147339057934193e-04,  1.7134421920542519e-05,  3.5718367654214642e-02,  1.3785215233763930e-04, -1.2986665839931909e-05,  2.3019531628088880e-05,  2.8040804805896744e-03,  1.9466004030911085e-04
 8.2799999999999994e+00,  6.3370458736311855e+02,  4.0751006362927368e-02,  2.9859978156826550e+01, -2.3733405180022312e-02,  8.8646653766942154e-02,  5.0275580340979753e-01,  5.2491291964153406e+03,  1.5076792580528931e+02, -1.5015543896626499e+04,  1.0014980662816249e+01,  2.8492741426834156e+00,  4.2320493543033040e+00,  4.7532534387630578e-03,  4.3054195620852713e-02, -1.4694408832481290e-01,  2.7926741347476669e-01, -1.6160313571054623e-04,  1.7363084586773319e-05,  3.5746392033516122e-02,  1.3978486438636251e-04, -1.2962360403793642e-05,  2.2713001618376569e-05,  2.8007953803417911e-03,  1.9188236943798638e-04
 8.2900000000000009e+00,  6.3370453201370879e+02,  4.0806385364494567e-02,  2.9859990370711881e+01, -2.3733410015707987e-02,  8.8646663511047039e-02,  5.0275577457683396e-01,  5.2554595147382697e+03,  1.5118497172842655e+02, -1.5015565145805138e+04,  1.0014997411331096e+01,  2.8492727800467050e+00,  4.2371607843820245e+00,  4.7516367592879321e-03,  4.3054370387348662e-02, -1.4658648436470870e-01,  2.7926882091752903e-01, -1.6173263742913971e-04,  1.7588693273713964e-05,  3.5774383377182667e-02,  1.4168982461758726e-04, -1.2937983314904507e-05,  2.2408735769749194e-05,  2.7974733529663840e-03,  1.8910967680693891e-04
 8.3000000000000007e+00,  6.3370447697897555e+02,  4.0861809451767796e-02,  2.9860002723944028e+01, -2.3733415051556340e-02,  8.8646673155267974e-02,  5.0275574598454198e-01,  5.2617897952592048e+03,  1.5160258278278027e+02, -1.5015586394603395e+04,  1.0015014159661559e+01,  2.8492714160630901e+00,  4.2422722141880715e+00,  4.7500187860144748e-03,  4.3054547394718187e-02, -1.4622860065726920e-01,  2.7927024727125904e-01, -1.6186189502583739e-04,  1.7811270582729734e-05,  3.5802341317870620e-02,  1.4356708371021960e-04, -1.2913536021758594e-05,  2.2106726033089661e-05,  2.7941147839883967e-03,  1.8634214171698544e-04
 8.3100000000000005e+00,  6.3370442226284752e+02,  4.0917278523916682e-02,  2.9860015215052361e+01, -2.3733420285488784e-02,  8.8646682700501925e-02,  5.0275571763128690e-01,  5.2681200379309075e+03,  1.5202075896533705e+02, -1.5015607643019837e+04,  1.0015030907805636e+01,  2.8492700507311906e+00,  4.2473836437236301e+00,  4.7483995213874154e-03,  4.3054726612760316e-02, -1.4587043753835130e-01,  2.7927169225920323e-01, -1.6199090780602725e-04,  1.8030839048222386e-05,  3.5830265492544575e-02,  1.4541669411949652e-04, -1.2889020016213498e-05,  2.1806967065441758e-05,  2.7907201508027358e-03,  1.8357994013840868e-04
 8.3200000000000003e+00,  6.3370436786919527e+02,  4.0972792480036248e-02,  2.9860027842575750e+01, -2.3733425715442784e-02,  8.8646692147640066e-02,  5.0275568951544480e-01,  5.2744502427061780e+03,  1.5243950027308443e+02, -1.5015628891053046e+04,  1.0015047655761339e+01,  2.8492686840496386e+00,  4.2524950729908744e+00,  4.7467789678583543e-03,  4.3054908011499152e-02, -1.4551199534741832e-01,  2.7927315560514143e-01, -1.6211967509018908e-04,  1.8247421128270548e-05,  3.5858155543073353e-02,  1.4723871006594761e-04, -1.2864436816154561e-05,  2.1509448944191186e-05,  2.7872899549531505e-03,  1.8082324915181462e-04
 8.3300000000000001e+00,  6.3370431380183140e+02,  4.1028351219151167e-02,  2.9860040605062547e+01, -2.3733431339371766e-02,  8.8646701497567926e-02,  5.0275566163540131e-01,  5.2807804095378542e+03,  1.5285880670301086e+02, -1.5015650138701620e+04,  1.0015064403526710e+01,  2.8492673160170781e+00,  4.2576065019919582e+00,  4.7451571278856117e-03,  4.3055091561182882e-02, -1.4515327442748985e-01,  2.7927463703340455e-01, -1.6224819621318658e-04,  1.8461039200113165e-05,  3.5886011115863412e-02,  1.4903318752424217e-04, -1.2839787783339710e-05,  2.1214165424333425e-05,  2.7838246030588232e-03,  1.7807224250710667e-04
 8.3399999999999999e+00,  6.3370426006451089e+02,  4.1083954640219945e-02,  2.9860053501070542e+01, -2.3733437155245046e-02,  8.8646710751165328e-02,  5.0275563398955248e-01,  5.2871105383788099e+03,  1.5327867825210569e+02, -1.5015671385964175e+04,  1.0015081151099800e+01,  2.8492659466321655e+00,  4.2627179307290266e+00,  4.7435340039340907e-03,  4.3055277232283154e-02, -1.4479427512510107e-01,  2.7927613626889192e-01, -1.6237647052441163e-04,  1.8671715571253308e-05,  3.5913831861651077e-02,  1.5080018419822195e-04, -1.2815074461672841e-05,  2.0921108803696245e-05,  2.7803245544745299e-03,  1.7532709228885361e-04
 8.3499999999999996e+00,  6.3370420666093094e+02,  4.1139602642139110e-02,  2.9860066529166925e+01, -2.3733443161047717e-02,  8.8646719909306448e-02,  5.0275560657630403e-01,  5.2934406291819560e+03,  1.5369911491735914e+02, -1.5015692632839342e+04,  1.0015097898478688e+01,  2.8492645758935669e+00,  4.2678293592042023e+00,  4.7419095984751235e-03,  4.3055464995494307e-02, -1.4443499779025684e-01,  2.7927765303708851e-01, -1.6250449738804476e-04,  1.8879472472519269e-05,  3.5941617435941084e-02,  1.5253975950979873e-04, -1.2790298264953583e-05,  2.0630271449496355e-05,  2.7767903035270732e-03,  1.7258797002651276e-04
 8.3599999999999994e+00,  6.3370415359473122e+02,  4.1195295123747380e-02,  2.9860079687928266e+01, -2.3733449354780570e-02,  8.8646728972859801e-02,  5.0275557939407189e-01,  5.2997706819002387e+03,  1.5412011669576219e+02, -1.5015713879325769e+04,  1.0015114645661471e+01,  2.8492632037999628e+00,  4.2729407874196035e+00,  4.7402839139863298e-03,  4.3055654821732604e-02, -1.4407544277638226e-01,  2.7927918706408211e-01, -1.6263227618273693e-04,  1.9084332063267029e-05,  3.5969367498699459e-02,  1.5425197457673637e-04, -1.2765460676368242e-05,  2.0341646700391985e-05,  2.7732222487860257e-03,  1.6985504336373064e-04
 8.3700000000000010e+00,  6.3370410086949403e+02,  4.1251031983829900e-02,  2.9860092975940464e+01, -2.3733455734460004e-02,  8.8646737942688320e-02,  5.0275555244128167e-01,  5.3061006964866419e+03,  1.5454168358430667e+02, -1.5015735125422118e+04,  1.0015131392646262e+01,  2.8492618303500401e+00,  4.2780522153773290e+00,  4.7386569529514685e-03,  4.3055846682135572e-02, -1.4371561044028280e-01,  2.7928073807658005e-01, -1.6275980630171076e-04,  1.9286316424448145e-05,  3.5997081714332982e-02,  1.5593689219882748e-04, -1.2740563118394610e-05,  2.0055225535828349e-05,  2.7696208779178369e-03,  1.6712848105446783e-04
 8.3800000000000008e+00,  6.3370404848874443e+02,  4.1306813121122249e-02,  2.9860106391798730e+01, -2.3733462298117940e-02,  8.8646746819649277e-02,  5.0275552571636861e-01,  5.3124306728941801e+03,  1.5496381557998490e+02, -1.5015756371127065e+04,  1.0015148139431190e+01,  2.8492604555425030e+00,  4.2831636430794653e+00,  4.7370287178602954e-03,  4.3056040548061093e-02, -1.4335550114209555e-01,  2.7928230580192609e-01, -1.6288708715251482e-04,  1.9485447564846354e-05,  3.6024759751859196e-02,  1.5759457684394798e-04, -1.2715607039526775e-05,  1.9771002543468041e-05,  2.7659866266850422e-03,  1.6440844796684209e-04
 8.3900000000000006e+00,  6.3370399645595035e+02,  4.1362638434314758e-02,  2.9860119934107541e+01, -2.3733469043801730e-02,  8.8646755604594382e-02,  5.0275549921777785e-01,  5.3187606110759052e+03,  1.5538651267979003e+02, -1.5015777616439307e+04,  1.0015164886014412e+01,  2.8492590793760630e+00,  4.2882750705280808e+00,  4.7353992112084183e-03,  4.3056236391086869e-02, -1.4299511524524564e-01,  2.7928388996811693e-01, -1.6301411815732719e-04,  1.9681747416567117e-05,  3.6052401284638540e-02,  1.5922509462862672e-04, -1.2690593922948786e-05,  1.9488967800685706e-05,  2.7623199291838610e-03,  1.6169510896891359e-04
 8.4000000000000004e+00,  6.3370394477452271e+02,  4.1418507822056562e-02,  2.9860133601480612e+01, -2.3733475969574057e-02,  8.8646764298369762e-02,  5.0275547294396394e-01,  5.3250905109849018e+03,  1.5580977488071579e+02, -1.5015798861357553e+04,  1.0015181632394098e+01,  2.8492577018494449e+00,  4.2933864977252369e+00,  4.7337684354971489e-03,  4.3056434183009425e-02, -1.4263445311640280e-01,  2.7928549030381866e-01, -1.6314089875276751e-04,  1.9875237837474892e-05,  3.6080005990672064e-02,  1.6082851330423761e-04, -1.2665525165115306e-05,  1.9209116380870238e-05,  2.7586212775211403e-03,  1.5898862615327370e-04
 8.4100000000000001e+00,  6.3370389344781563e+02,  4.1474421182959749e-02,  2.9860147392540867e+01, -2.3733483073512866e-02,  8.8646772901815968e-02,  5.0275544689339102e-01,  5.3314203725742882e+03,  1.5623360217975645e+02, -1.5015820105880526e+04,  1.0015198378568435e+01,  2.8492563229613825e+00,  4.2984979246729758e+00,  4.7321363932333630e-03,  4.3056633895843618e-02, -1.4227351512543221e-01,  2.7928710653838301e-01, -1.6326742838988252e-04,  2.0065940614308758e-05,  3.6107573552634435e-02,  1.6240490224029083e-04, -1.2640402257888522e-05,  1.8931438985903799e-05,  2.7548911149534237e-03,  1.5628916105737246e-04
 8.4199999999999999e+00,  6.3370384247912659e+02,  4.1530378415603517e-02,  2.9860161305920396e+01, -2.3733490353711265e-02,  8.8646781415768081e-02,  5.0275542106453286e-01,  5.3377501957972145e+03,  1.5665799457390676e+02, -1.5015841350006967e+04,  1.0015215124535635e+01,  2.8492549427106235e+00,  4.3036093513733311e+00,  4.7305030869293514e-03,  4.3056835501821711e-02, -1.4191230164535013e-01,  2.7928873840186347e-01, -1.6339370653411719e-04,  2.0253877457133016e-05,  3.6135103657369209e-02,  1.6395433240779317e-04, -1.2615226589047218e-05,  1.8655929578948701e-05,  2.7511298320016596e-03,  1.5359687244310239e-04
 8.4299999999999997e+00,  6.3370379187169658e+02,  4.1586379418538218e-02,  2.9860175340260430e+01, -2.3733497808277441e-02,  8.8646789841055604e-02,  5.0275539545587233e-01,  5.3440799806068626e+03,  1.5708295206016197e+02, -1.5015862593735630e+04,  1.0015231870293915e+01,  2.8492535610959262e+00,  4.3087207778283156e+00,  4.7288685191026808e-03,  4.3057038973392761e-02, -1.4155081305228484e-01,  2.7929038562503117e-01, -1.6351973266518462e-04,  2.0439070002112751e-05,  3.6162595996319040e-02,  1.6547687635704375e-04, -1.2589999624432728e-05,  1.8382579416998618e-05,  2.7473379579646745e-03,  1.5091191740702146e-04
 8.4399999999999995e+00,  6.3370374162871008e+02,  4.1642424090289523e-02,  2.9860189494211308e+01, -2.3733505435334579e-02,  8.8646798178502545e-02,  5.0275537006590199e-01,  5.3504097269564454e+03,  1.5750847463551773e+02, -1.5015883837065287e+04,  1.0015248615841529e+01,  2.8492521781160538e+00,  4.3138322040399348e+00,  4.7272326922760477e-03,  4.3057244283221753e-02, -1.4118904972542376e-01,  2.7929204793939061e-01, -1.6364550627697916e-04,  2.0621539806656593e-05,  3.6190050265342492e-02,  1.6697260821208282e-04, -1.2564722734476599e-05,  1.8111381491770713e-05,  2.7435158467260584e-03,  1.4823445360079922e-04
 8.4499999999999993e+00,  6.3370369175329552e+02,  4.1698512329362419e-02,  2.9860203766432441e+01, -2.3733513233020767e-02,  8.8646806428927472e-02,  5.0275534489312346e-01,  5.3567394347992085e+03,  1.5793456229697003e+02, -1.5015905079994720e+04,  1.0015265361176732e+01,  2.8492507937697908e+00,  4.3189436300101818e+00,  4.7255956089771413e-03,  4.3057451404188894e-02, -1.4082701204697801e-01,  2.7929372507719541e-01, -1.6377102687769218e-04,  2.0801308355659894e-05,  3.6217466164591483e-02,  1.6844160364292123e-04, -1.2539397411038795e-05,  1.7842328309256395e-05,  2.7396640037143558e-03,  1.4556463256985264e-04
 8.4600000000000009e+00,  6.3370364224852528e+02,  4.1754644034245343e-02,  2.9860218155592282e+01, -2.3733521199488912e-02,  8.8646814593143428e-02,  5.0275531993604761e-01,  5.3630691040884276e+03,  1.5836121504151529e+02, -1.5015926322522730e+04,  1.0015282106297803e+01,  2.8492494080559232e+00,  4.3240550557410300e+00,  4.7239572717384937e-03,  4.3057660309388866e-02, -1.4046470040213188e-01,  2.7929541677146347e-01, -1.6389629398991354e-04,  2.0978397066716253e-05,  3.6244843398905761e-02,  1.6988393985172231e-04, -1.2514025033228936e-05,  1.7575413902013297e-05,  2.7357828591419633e-03,  1.4290260919034583e-04
 8.4700000000000006e+00,  6.3370359311741583e+02,  4.1810819103414207e-02,  2.9860232660368293e+01, -2.3733529332906660e-02,  8.8646822671958059e-02,  5.0275529519319462e-01,  5.3693987347774046e+03,  1.5878843286614995e+02, -1.5015947564648130e+04,  1.0015298851203044e+01,  2.8492480209732545e+00,  4.3291664812344433e+00,  4.7223176830973428e-03,  4.3057870972130229e-02, -1.4010211517899984e-01,  2.7929712275599244e-01, -1.6402130715016848e-04,  2.1152827279700033e-05,  3.6272181677288955e-02,  1.7129969556995228e-04, -1.2488607014846641e-05,  1.7310628694367686e-05,  2.7318728168525042e-03,  1.4024853445260876e-04
 8.4800000000000004e+00,  6.3370354436292803e+02,  4.1867037435336506e-02,  2.9860247279446913e+01, -2.3733537631456313e-02,  8.8646830666173543e-02,  5.0275527066309345e-01,  5.3757283268194742e+03,  1.5921621576787089e+02, -1.5015968806369749e+04,  1.0015315595890765e+01,  2.8492466325205927e+00,  4.3342779064923729e+00,  4.7206768455954904e-03,  4.3058083365934460e-02, -1.3973925676858612e-01,  2.7929884276537487e-01, -1.6414606590926462e-04,  2.1324620251215075e-05,  3.6299480713406718e-02,  1.7268895102229656e-04, -1.2463144804381575e-05,  1.7047965608641587e-05,  2.7279344066989449e-03,  1.3760255601625335e-04
 8.4900000000000002e+00,  6.3370349598796713e+02,  4.1923298928475267e-02,  2.9860262011523531e+01, -2.3733546093334730e-02,  8.8646838576586687e-02,  5.0275524634428237e-01,  5.3820578801679985e+03,  1.5964456374367509e+02, -1.5015990047686430e+04,  1.0015332340359302e+01,  2.8492452426967620e+00,  4.3393893315167569e+00,  4.7190347617791575e-03,  4.3058297464535253e-02, -1.3937612556473172e-01,  2.7930057653501289e-01, -1.6427056983214786e-04,  2.1493797172645226e-05,  3.6326740225233689e-02,  1.7405178791563374e-04, -1.2437639772267503e-05,  1.6787418677389358e-05,  2.7239679586955664e-03,  1.3496482265119034e-04
 8.5000000000000000e+00,  6.3370344799538304e+02,  4.1979603481293128e-02,  2.9860276855302441e+01, -2.3733554716753261e-02,  8.8646846403988844e-02,  5.0275522223530833e-01,  5.3883873947763686e+03,  1.6007347679055965e+02, -1.5016011288597030e+04,  1.0015349084607003e+01,  2.8492438515005936e+00,  4.3445007563095173e+00,  4.7173914341988475e-03,  4.3058513241877913e-02, -1.3901272196408146e-01,  2.7930232380113318e-01, -1.6439481849758397e-04,  2.1660379156962967e-05,  3.6353959934933788e-02,  1.7538828943064840e-04, -1.2412093314956825e-05,  1.6528978186159543e-05,  2.7199739813245131e-03,  1.3233548035174745e-04
 8.5099999999999998e+00,  6.3370340038797065e+02,  4.2035950992256321e-02,  2.9860291809496829e+01, -2.3733563499937653e-02,  8.8646854149166066e-02,  5.0275519833472748e-01,  5.3947168705980021e+03,  1.6050295490552176e+02, -1.5016032529100421e+04,  1.0015365828632229e+01,  2.8492424589309295e+00,  4.3496121808725681e+00,  4.7157468654092059e-03,  4.3058730672118392e-02, -1.3864904636603306e-01,  2.7930408430080150e-01, -1.6451881149852010e-04,  2.1824387241853780e-05,  3.6381139569150678e-02,  1.7669854019964170e-04, -1.2386506872270027e-05,  1.6272638792003830e-05,  2.7159528620536214e-03,  1.2971467344691787e-04
 8.5199999999999996e+00,  6.3370335316846968e+02,  4.2092341359838636e-02,  2.9860306872828726e+01, -2.3733572441127969e-02,  8.8646861812898978e-02,  5.0275517464110464e-01,  5.4010463075863436e+03,  1.6093299808555861e+02, -1.5016053769195487e+04,  1.0015382572433367e+01,  2.8492410649866233e+00,  4.3547236052078055e+00,  4.7141010579688771e-03,  4.3058949729622750e-02, -1.3828509917269846e-01,  2.7930585777193717e-01, -1.6464254844182453e-04,  2.1985842398736711e-05,  3.6408278858923115e-02,  1.7798262629265362e-04, -1.2360881788617800e-05,  1.6018392584583170e-05,  2.7119050924341351e-03,  1.2710254515547179e-04
 8.5299999999999994e+00,  6.3370330633956519e+02,  4.2148774482525436e-02,  2.9860322044028987e+01, -2.3733581538578508e-02,  8.8646869395962932e-02,  5.0275515115301339e-01,  5.4073757056948652e+03,  1.6136360632766736e+02, -1.5016075008881127e+04,  1.0015399316008818e+01,  2.8492396696665390e+00,  4.3598350293171197e+00,  4.7124540144403695e-03,  4.3059170388966367e-02, -1.3792088078885462e-01,  2.7930764395332736e-01, -1.6476602894827211e-04,  2.2144765515415170e-05,  3.6435377539617883e-02,  1.7924063519524259e-04, -1.2335219503818440e-05,  1.5766230751499503e-05,  2.7078310471658437e-03,  1.2449923536548820e-04
 8.5400000000000009e+00,  6.3370325990388756e+02,  4.2205250258817648e-02,  2.9860337321837250e+01, -2.3733590790557719e-02,  8.8646876899127938e-02,  5.0275512786903587e-01,  5.4137050648770646e+03,  1.6179477962884519e+02, -1.5016096248156256e+04,  1.0015416059356999e+01,  2.8492382729695493e+00,  4.3649464532023803e+00,  4.7108057373899115e-03,  4.3059392624933059e-02, -1.3755639162190605e-01,  2.7930944258464108e-01, -1.6488925265268936e-04,  2.2301177406493117e-05,  3.6462435350996837e-02,  1.8047265579467124e-04, -1.2309521379634262e-05,  1.5516147464087597e-05,  2.7037312286256289e-03,  1.2190488452022438e-04
 8.5500000000000007e+00,  6.3370321386401281e+02,  4.2261768587235612e-02,  2.9860352705001908e+01, -2.3733600195348124e-02,  8.8646884323158689e-02,  5.0275510478776320e-01,  5.4200343850864629e+03,  1.6222651798608894e+02, -1.5016117487019801e+04,  1.0015432802476340e+01,  2.8492368748945376e+00,  4.3700578768654488e+00,  4.7091562293873155e-03,  4.3059616412514497e-02, -1.3719163208183463e-01,  2.7931125340644325e-01, -1.6501221920336122e-04,  2.2455098814753083e-05,  3.6489452037007875e-02,  1.8167877836317402e-04, -1.2283788751802329e-05,  1.5268134187507816e-05,  2.6996059729335093e-03,  1.1931962917711101e-04
 8.5600000000000005e+00,  6.3370316822246275e+02,  4.2318329366323071e-02,  2.9860368192280088e+01, -2.3733609751246228e-02,  8.8646891668814592e-02,  5.0275508190779494e-01,  5.4263636662766085e+03,  1.6265882139639547e+02, -1.5016138725470701e+04,  1.0015449545365293e+01,  2.8492354754403979e+00,  4.3751693003081735e+00,  4.7075054930058443e-03,  4.3059841726909354e-02, -1.3682660258116591e-01,  2.7931307616020834e-01, -1.6513492826242092e-04,  2.2606550401788531e-05,  3.6516427345762659e-02,  1.8285909454130280e-04, -1.2258023060138758e-05,  1.5022183219582460e-05,  2.6954557780235516e-03,  1.1674360644864876e-04
 8.5700000000000003e+00,  6.3370312298170506e+02,  4.2374932494651109e-02,  2.9860383782437609e+01, -2.3733619456562445e-02,  8.8646898936849822e-02,  5.0275505922773922e-01,  5.4326929084010726e+03,  1.6309168985676141e+02, -1.5016159963507909e+04,  1.0015466288022322e+01,  2.8492340746060347e+00,  4.3802807235323886e+00,  4.7058535308220672e-03,  4.3060068543522532e-02, -1.3646130353491939e-01,  2.7931491058833408e-01, -1.6525737950601026e-04,  2.2755552765707994e-05,  3.6543361030014987e-02,  1.8401369733523192e-04, -1.2232225657730045e-05,  1.4778289564310673e-05,  2.6912810724423236e-03,  1.1417695233717982e-04
 8.5800000000000001e+00,  6.3370307814415378e+02,  4.2431577870822017e-02,  2.9860399474248947e+01, -2.3733629309621015e-02,  8.8646906128013292e-02,  5.0275503674621258e-01,  5.4390221114134520e+03,  1.6352512336418306e+02, -1.5016181201130394e+04,  1.0015483030445910e+01,  2.8492326723903609e+00,  4.3853921465399210e+00,  4.7042003454157242e-03,  4.3060296837964668e-02, -1.3609573536056563e-01,  2.7931675643415504e-01, -1.6537957262374384e-04,  2.2902126423432966e-05,  3.6570252846537199e-02,  1.8514268108061179e-04, -1.2206397888986885e-05,  1.4536441980684332e-05,  2.6870822320003186e-03,  1.1161979673879805e-04
 8.5899999999999999e+00,  6.3370303371216926e+02,  4.2488265393473147e-02,  2.9860415266497220e+01, -2.3733639308759932e-02,  8.8646913243048686e-02,  5.0275501446184001e-01,  5.4453512752673641e+03,  1.6395912191565645e+02, -1.5016202438337134e+04,  1.0015499772634556e+01,  2.8492312687923005e+00,  4.3905035693325765e+00,  4.7025459393695923e-03,  4.3060526586051001e-02, -1.3572989847798866e-01,  2.7931861344195569e-01, -1.6550150731881047e-04,  2.3046291813128497e-05,  3.6597102556313543e-02,  1.8624614142038039e-04, -1.2180541124340825e-05,  1.4296635958422398e-05,  2.6828597232687636e-03,  1.0907227121493189e-04
 8.5999999999999996e+00,  6.3370298968805844e+02,  4.2544994961280828e-02,  2.9860431157974148e+01, -2.3733649452330842e-02,  8.8646920282694455e-02,  5.0275499237325483e-01,  5.4516803999164522e+03,  1.6439368550817724e+02, -1.5016223675127125e+04,  1.0015516514586771e+01,  2.8492298638107862e+00,  4.3956149919121579e+00,  4.7008903152693481e-03,  4.3060757763800930e-02, -1.3536379330943937e-01,  2.7932048135698345e-01, -1.6562318330801655e-04,  2.3188069305652365e-05,  3.6623909924792759e-02,  1.8732417531031452e-04, -1.2154656716876174e-05,  1.4058862546351736e-05,  2.6786139725732991e-03,  1.0653450677189823e-04
 8.6099999999999994e+00,  6.3370294607407493e+02,  4.2601766472964202e-02,  2.9860447147480020e+01, -2.3733659738698992e-02,  8.8646927247683902e-02,  5.0275497047909856e-01,  5.4580094853143783e+03,  1.6482881413874065e+02, -1.5016244911499372e+04,  1.0015533256301085e+01,  2.8492284574447608e+00,  4.4007264142804523e+00,  4.6992334757034321e-03,  4.3060990347437114e-02, -1.3499742027949282e-01,  2.7932235992546189e-01, -1.6574460032172796e-04,  2.3327479193103829e-05,  3.6650674721514252e-02,  1.8837688099958400e-04, -1.2128746028348707e-05,  1.3823114944353863e-05,  2.6743453723772899e-03,  1.0400663108532643e-04
 8.6200000000000010e+00,  6.3370290287241960e+02,  4.2658579827289031e-02,  2.9860463233823669e+01, -2.3733670166243122e-02,  8.8646934138745137e-02,  5.0275494877802129e-01,  5.4643385314148300e+03,  1.6526450780434155e+02, -1.5016266147452896e+04,  1.0015549997776047e+01,  2.8492270496931784e+00,  4.4058378364392317e+00,  4.6975754232629133e-03,  4.3061224313384792e-02, -1.3463077981500904e-01,  2.7932424889460344e-01, -1.6586575810388559e-04,  2.3464541689525803e-05,  3.6677396720255794e-02,  1.8940435800028741e-04, -1.2102810403173434e-05,  1.3589384340038477e-05,  2.6700543759302369e-03,  1.0148876905534416e-04
 8.6300000000000008e+00,  6.3370286008524033e+02,  4.2715434923071526e-02,  2.9860479415822436e+01, -2.3733680733355415e-02,  8.8646940956601084e-02,  5.0275492726868110e-01,  5.4706675381715113e+03,  1.6570076650197402e+02, -1.5016287382986728e+04,  1.0015566739010207e+01,  2.8492256405550020e+00,  4.4109492583902599e+00,  4.6959161605413541e-03,  4.3061459638270905e-02, -1.3426387234508766e-01,  2.7932614801262190e-01, -1.6598665641149807e-04,  2.3599276940955928e-05,  3.6704075698863144e-02,  1.9040670708181791e-04, -1.2076851116372094e-05,  1.3357665945568656e-05,  2.6657413448872872e-03,  9.8981047247374883e-05
 8.6400000000000006e+00,  6.3370281771463249e+02,  4.2772331659182192e-02,  2.9860495692302148e+01, -2.3733691438441392e-02,  8.8646947701969611e-02,  5.0275490594974415e-01,  5.4769965055381508e+03,  1.6613759022863189e+02, -1.5016308618099913e+04,  1.0015583480002155e+01,  2.8492242300292010e+00,  4.4160606801352849e+00,  4.6942556901346834e-03,  4.3061696298923612e-02, -1.3389669830103179e-01,  2.7932805702874508e-01, -1.6610729501520546e-04,  2.3731705016752874e-05,  3.6730711439551207e-02,  1.9138403025143323e-04, -1.2050869625108110e-05,  1.3127949213820881e-05,  2.6614067927256428e-03,  9.6483586675692691e-05
 8.6500000000000004e+00,  6.3370277576263925e+02,  4.2829269934549462e-02,  2.9860512062097079e+01, -2.3733702279919857e-02,  8.8646954375563414e-02,  5.0275488481988462e-01,  5.4833254334684952e+03,  1.6657497898130825e+02, -1.5016329852791509e+04,  1.0015600220750470e+01,  2.8492228181147587e+00,  4.4211721016760492e+00,  4.6925940146410501e-03,  4.3061934272371240e-02, -1.3352925811629665e-01,  2.7932997569322693e-01, -1.6622767369891934e-04,  2.3861845906831222e-05,  3.6757303728687192e-02,  1.9233643073491145e-04, -1.2024867117669216e-05,  1.2900228801849263e-05,  2.6570510344715603e-03,  9.3996510019959804e-05
 8.6600000000000001e+00,  6.3370273423125138e+02,  4.2886249648163656e-02,  2.9860528524049929e+01, -2.3733713256222803e-02,  8.8646960978090106e-02,  5.0275486387778501e-01,  5.4896543219163123e+03,  1.6701293275699555e+02, -1.5016351087060586e+04,  1.0015616961253766e+01,  2.8492214048106659e+00,  4.4262835230142779e+00,  4.6909311366607051e-03,  4.3062173535841748e-02, -1.3316155222645806e-01,  2.7933190375735978e-01, -1.6634779225976380e-04,  2.3989719526510368e-05,  3.6783852356699849e-02,  1.9326401296260588e-04, -1.1998845051223129e-05,  1.2674495133980209e-05,  2.6526745680600671e-03,  9.1519935518928359e-05
 8.6699999999999999e+00,  6.3370269312240805e+02,  4.2943270699080577e-02,  2.9860545077011782e+01, -2.3733724365795340e-02,  8.8646967510252195e-02,  5.0275484312213559e-01,  5.4959831708353877e+03,  1.6745145155268557e+02, -1.5016372320906228e+04,  1.0015633701510655e+01,  2.8492199901159228e+00,  4.4313949441516831e+00,  4.6892670587958549e-03,  4.3062414066761770e-02, -1.3279358106916267e-01,  2.7933384097348618e-01, -1.6646765050809019e-04,  2.4115345719639096e-05,  3.6810357118206245e-02,  1.9416688255558394e-04, -1.1972804614055431e-05,  1.2450743491765867e-05,  2.6482777332194080e-03,  8.9053983076685015e-05
 8.6799999999999997e+00,  6.3370265243799656e+02,  4.3000332986425305e-02,  2.9860561719842089e+01, -2.3733735607095619e-02,  8.8646973972747178e-02,  5.0275482255163451e-01,  5.5023119801795256e+03,  1.6789053536536932e+02, -1.5016393554327529e+04,  1.0015650441519782e+01,  2.8492185740295382e+00,  4.4365063650899748e+00,  4.6876017836505433e-03,  4.3062655842756141e-02, -1.3242534508409395e-01,  2.7933578709501089e-01, -1.6658724826726029e-04,  2.4238744255473081e-05,  3.6836817811803597e-02,  1.9504514631174945e-04, -1.1946747219965758e-05,  1.2228963675032201e-05,  2.6438609862512470e-03,  8.6598768156424333e-05
 8.6899999999999995e+00,  6.3370261217985285e+02,  4.3057436409395813e-02,  2.9860578451408625e+01, -2.3733746978594754e-02,  8.8646980366267461e-02,  5.0275480216498802e-01,  5.5086407499025490e+03,  1.6833018419203700e+02, -1.5016414787323596e+04,  1.0015667181279793e+01,  2.8492171565505320e+00,  4.4416177858308385e+00,  4.6859353138305098e-03,  4.3062898841646879e-02, -1.3205684471292661e-01,  2.7933774187641242e-01, -1.6670658537384835e-04,  2.4359934814794948e-05,  3.6863234240358818e-02,  1.9589891217529419e-04, -1.1920674100605655e-05,  1.2009148189771656e-05,  2.6394247254476243e-03,  8.4154404555991403e-05
 8.7000000000000011e+00,  6.3370257234976168e+02,  4.3114580867266772e-02,  2.9860595270587474e+01, -2.3733758478776748e-02,  8.8646986691500437e-02,  5.0275478196090972e-01,  5.5149694799582985e+03,  1.6877039802967803e+02, -1.5016436019893546e+04,  1.0015683920789355e+01,  2.8492157376779303e+00,  4.4467292063759611e+00,  4.6842676519430661e-03,  4.3063143041452437e-02, -1.3168808039928673e-01,  2.7933970507325440e-01, -1.6682566167735335e-04,  2.4478937020107073e-05,  3.6889606210813448e-02,  1.9672828922844059e-04, -1.1894586600390060e-05,  1.1791292872652199e-05,  2.6349693654777791e-03,  8.1721006073276551e-05
 8.7100000000000009e+00,  6.3370253294945667e+02,  4.3171766259393111e-02,  2.9860612176262990e+01, -2.3733770106138415e-02,  8.8646992949128534e-02,  5.0275476193812152e-01,  5.5212981703006299e+03,  1.6921117687528076e+02, -1.5016457252036513e+04,  1.0015700660047141e+01,  2.8492143174107709e+00,  4.4518406267270043e+00,  4.6825988005969625e-03,  4.3063388420387282e-02, -1.3131905258871029e-01,  2.7934167644219698e-01, -1.6694447704025507e-04,  2.4595770415151123e-05,  3.6915933534111774e-02,  1.9753338769135518e-04, -1.1868485976993477e-05,  1.1575386135720893e-05,  2.6304952935319883e-03,  7.9298686506138529e-05
 8.7200000000000006e+00,  6.3370249398062083e+02,  4.3228992485213745e-02,  2.9860629167327762e+01, -2.3733781859189305e-02,  8.8646999139829152e-02,  5.0275474209535276e-01,  5.5276268208834172e+03,  1.6965252072583277e+02, -1.5016478483751638e+04,  1.0015717399051855e+01,  2.8492128957481024e+00,  4.4569520468856298e+00,  4.6809287624022611e-03,  4.3063634956860740e-02, -1.3094976172860451e-01,  2.7934365574100822e-01, -1.6706303133792741e-04,  2.4710454459356793e-05,  3.6942216025314618e-02,  1.9831431888606566e-04, -1.1842373557475144e-05,  1.1361422705414222e-05,  2.6260029470371879e-03,  7.6887552435959077e-05
 8.7300000000000004e+00,  6.3370245544488660e+02,  4.3286259444255216e-02,  2.9860646242682598e+01, -2.3733793736451628e-02,  8.8647005264274770e-02,  5.0275472243134045e-01,  5.5339554316605509e+03,  1.7009442957832061e+02, -1.5016499715038075e+04,  1.0015734137802198e+01,  2.8492114726889746e+00,  4.4620634668534827e+00,  4.6792575399702040e-03,  4.3063882629476469e-02, -1.3058020826820402e-01,  2.7934564272857471e-01, -1.6718132445853886e-04,  2.4823008543465281e-05,  3.6968453503407564e-02,  1.9907119521711962e-04, -1.1816250564817225e-05,  1.1149394116283716e-05,  2.6214926715507634e-03,  7.4487713774832161e-05
 8.7400000000000002e+00,  6.3370241734383626e+02,  4.3343567036135129e-02,  2.9860663401236490e+01, -2.3733805736460181e-02,  8.8647011323132852e-02,  5.0275470294482916e-01,  5.5402840025859359e+03,  1.7053690342972979e+02, -1.5016520945894992e+04,  1.0015750876296893e+01,  2.8492100482324552e+00,  4.4671748866321996e+00,  4.6775851359130904e-03,  4.3064131417031609e-02, -1.3021039265853637e-01,  2.7934763716491257e-01, -1.6729935630312349e-04,  2.4933451979459153e-05,  3.6994645791439087e-02,  1.9980413016873903e-04, -1.1790118352104032e-05,  1.0939293082490775e-05,  2.6169649347541628e-03,  7.2099276549056647e-05
 8.7500000000000000e+00,  6.3370237967900198e+02,  4.3400915160565941e-02,  2.9860680641906576e+01, -2.3733817857762272e-02,  8.8647017317066021e-02,  5.0275468363457121e-01,  5.5466125336134928e+03,  1.7097994227704473e+02, -1.5016542176321565e+04,  1.0015767614534679e+01,  2.8492086223776156e+00,  4.4722863062234017e+00,  4.6759115528441416e-03,  4.3064381298516058e-02, -1.2984031535237525e-01,  2.7934963881117808e-01, -1.6741712678542211e-04,  2.5041804005421755e-05,  3.7020792716632125e-02,  2.0051323828263341e-04, -1.1763978107621144e-05,  1.0731112110029986e-05,  2.6124201038536525e-03,  6.9722346229819846e-05
 8.7599999999999998e+00,  6.3370234245186600e+02,  4.3458303717358419e-02,  2.9860697963618122e+01, -2.3733830098917646e-02,  8.8647023246731904e-02,  5.0275466449932615e-01,  5.5529410246971565e+03,  1.7142354611724869e+02, -1.5016563406316985e+04,  1.0015784352514302e+01,  2.8492071951235380e+00,  4.4773977256287036e+00,  4.6742367933773820e-03,  4.3064632253111718e-02, -1.2946997680420375e-01,  2.7935164742967822e-01, -1.6753463583157890e-04,  2.5148083782414712e-05,  3.7046894109949671e-02,  2.0119863514689735e-04, -1.1737831123737552e-05,  1.0524843288562296e-05,  2.6078585596557291e-03,  6.7357026622974589e-05
 8.7699999999999996e+00,  6.3370230566386135e+02,  4.3515732606425231e-02,  2.9860715365304490e+01, -2.3733842458498414e-02,  8.8647029112783299e-02,  5.0275464553786131e-01,  5.5592694757908757e+03,  1.7186771494732380e+02, -1.5016584635880452e+04,  1.0015801090234527e+01,  2.8492057664693125e+00,  4.4825091448497068e+00,  4.6725608601275101e-03,  4.3064884260191706e-02, -1.2909937747017627e-01,  2.7935366278388102e-01, -1.6765188338070506e-04,  2.5252310396906547e-05,  3.7072949806454217e-02,  2.0186043737380630e-04, -1.1711678701495865e-05,  1.0320479609804863e-05,  2.6032807412535997e-03,  6.5003418758816103e-05
 8.7799999999999994e+00,  6.3370226931637148e+02,  4.3573201727784429e-02,  2.9860732845907101e+01, -2.3733854935088970e-02,  8.8647034915868103e-02,  5.0275462674895122e-01,  5.5655978868486136e+03,  1.7231244876425095e+02, -1.5016605865011175e+04,  1.0015817827694132e+01,  2.8492043364140365e+00,  4.4876205638880009e+00,  4.6708837557097680e-03,  4.3065137299319656e-02, -1.2872851780807468e-01,  2.7935568463842569e-01, -1.6776886938425680e-04,  2.5354502857994853e-05,  3.7098959645262823e-02,  2.0249876258314503e-04, -1.1685522011832349e-05,  1.0118012608305327e-05,  2.5986870211266266e-03,  6.2661623112516976e-05
 8.7900000000000009e+00,  6.3370223341073097e+02,  4.3630710981563001e-02,  2.9860750404375416e+01, -2.3733867527285936e-02,  8.8647040656629386e-02,  5.0275460813137784e-01,  5.5719262578243470e+03,  1.7275774756500979e+02, -1.5016627093708381e+04,  1.0015834564891909e+01,  2.8492029049568193e+00,  4.4927319827451671e+00,  4.6692054827398247e-03,  4.3065391350248866e-02, -1.2835739827727097e-01,  2.7935771275913268e-01, -1.6788559380600821e-04,  2.5454680094986696e-05,  3.7124923469198094e-02,  2.0311372939117738e-04, -1.1659362338446536e-05,  9.9174347900618998e-06,  2.5940777659268881e-03,  6.0331738493949087e-05
 8.8000000000000007e+00,  6.3370219794822560e+02,  4.3688260268000254e-02,  2.9860768039666905e+01, -2.3733880233698070e-02,  8.8647046335705332e-02,  5.0275458968393039e-01,  5.5782545886720609e+03,  1.7320361134657847e+02, -1.5016648321971301e+04,  1.0015851301826656e+01,  2.8492014720967775e+00,  4.4978434014227711e+00,  4.6675260438336476e-03,  4.3065646392921555e-02, -1.2798601933869067e-01,  2.7935974691301352e-01, -1.6800205662236705e-04,  2.5552860965714065e-05,  3.7150841125095049e-02,  2.0370545739112778e-04, -1.1633200930339313e-05,  9.7187393549584542e-06,  2.5894534128046982e-03,  5.8013861492514338e-05
 8.8100000000000005e+00,  6.3370216293009253e+02,  4.3745849487451416e-02,  2.9860785750747009e+01, -2.3733893052946202e-02,  8.8647051953729336e-02,  5.0275457140540536e-01,  5.5845828793457576e+03,  1.7365004010593398e+02, -1.5016669549799180e+04,  1.0015868038497196e+01,  2.8492000378330302e+00,  4.5029548199223735e+00,  4.6658454416073775e-03,  4.3065902407468180e-02, -1.2761438145476908e-01,  2.7936178686828050e-01, -1.6811825782189771e-04,  2.5649064250288779e-05,  3.7176712463785858e-02,  2.0427406713930277e-04, -1.1607038975792123e-05,  9.5219175599851782e-06,  2.5848143253571756e-03,  5.5708088142483339e-05
 8.8200000000000003e+00,  6.3370212835752068e+02,  4.3803478540390919e-02,  2.9860803536589120e+01, -2.3733905983663164e-02,  8.8647057511330035e-02,  5.0275455329460661e-01,  5.5909111297994496e+03,  1.7409703384005181e+02, -1.5016690777191274e+04,  1.0015884774902357e+01,  2.8491986021647167e+00,  4.5080662382455206e+00,  4.6641636786772097e-03,  4.3066159374206561e-02, -1.2724248508941496e-01,  2.7936383239435630e-01, -1.6823419740539570e-04,  2.5743308656318014e-05,  3.7202537339845701e-02,  2.0481968014130373e-04, -1.1580877723807943e-05,  9.3269636458618949e-06,  2.5801608866117256e-03,  5.3414512257712377e-05
 8.8300000000000001e+00,  6.3370209423165102e+02,  4.3861147327415979e-02,  2.9860821396174547e+01, -2.3733919024493715e-02,  8.8647063009131277e-02,  5.0275453535034498e-01,  5.5972393399871598e+03,  1.7454459254590597e+02, -1.5016712004146850e+04,  1.0015901511040983e+01,  2.8491971650909758e+00,  4.5131776563937498e+00,  4.6624807576592696e-03,  4.3066417273641307e-02, -1.2687033070797218e-01,  2.7936588326188333e-01, -1.6834987538595820e-04,  2.5835612809527728e-05,  3.7228315611797472e-02,  2.0534241882419916e-04, -1.1554718388693201e-05,  9.1338669960809315e-06,  2.5754935037426417e-03,  5.1133224321377974e-05
 8.8399999999999999e+00,  6.3370206055357676e+02,  4.3918855749249877e-02,  2.9860839328492492e+01, -2.3733932174094471e-02,  8.8647068447752109e-02,  5.0275451757143863e-01,  5.6035675098629217e+03,  1.7499271622046902e+02, -1.5016733230665184e+04,  1.0015918246911930e+01,  2.8491957266109562e+00,  4.5182890743685853e+00,  4.6607966811694906e-03,  4.3066676086462752e-02, -1.2649791877717903e-01,  2.7936793924273279e-01, -1.6846529178878207e-04,  2.5925995259662990e-05,  3.7254047141959637e-02,  2.0584240653376713e-04, -1.1528562176080717e-05,  8.9426230309723113e-06,  2.5708125286906234e-03,  4.8864317592214183e-05
 8.8499999999999996e+00,  6.3370202732434348e+02,  4.3976603706745339e-02,  2.9860857332540018e+01, -2.3733945431133829e-02,  8.8647073827806872e-02,  5.0275449995671251e-01,  5.6098956393807803e+03,  1.7544140486071188e+02, -1.5016754456745564e+04,  1.0015934982514068e+01,  2.8491942867238156e+00,  4.5234004921715458e+00,  4.6591114518234941e-03,  4.3066935793546500e-02, -1.2612524976513301e-01,  2.7937000011001401e-01, -1.6858044665107714e-04,  2.6014474482569661e-05,  3.7279731796474001e-02,  2.0631976752061738e-04, -1.1502410282929690e-05,  8.7532215503619956e-06,  2.5661183741810794e-03,  4.6607879777839965e-05
 8.8599999999999994e+00,  6.3370199454494957e+02,  4.4034391100887936e-02,  2.9860875407322013e+01, -2.3733958794291903e-02,  8.8647079149905147e-02,  5.0275448250499899e-01,  5.6162237284947896e+03,  1.7589065846360393e+02, -1.5016775682387288e+04,  1.0015951717846274e+01,  2.8491928454287221e+00,  4.5285119098041333e+00,  4.6574250722364692e-03,  4.3067196375952403e-02, -1.2575232414124957e-01,  2.7937206563808320e-01, -1.6869534002213790e-04,  2.6101068869783709e-05,  3.7305369445430038e-02,  2.0677462691519313e-04, -1.1476263932218127e-05,  8.5656558929103153e-06,  2.5614114176893835e-03,  4.4363999140977888e-05
 8.8700000000000010e+00,  6.3370196221634660e+02,  4.4092217832799388e-02,  2.9860893551851177e+01, -2.3733972262260445e-02,  8.8647084414651897e-02,  5.0275446521513711e-01,  5.6225517771590139e+03,  1.7634047702611292e+02, -1.5016796907589664e+04,  1.0015968452907448e+01,  2.8491914027248457e+00,  4.5336233272678435e+00,  4.6557375450230511e-03,  4.3067457814923896e-02, -1.2537914237622436e-01,  2.7937413560255231e-01, -1.6880997196301324e-04,  2.6185796746928566e-05,  3.7330959962495171e-02,  2.0720711070563991e-04, -1.1450124242846756e-05,  8.3799195360600772e-06,  2.5566919953364676e-03,  4.2132758948370955e-05
 8.8800000000000008e+00,  6.3370193033943929e+02,  4.4150083803740782e-02,  2.9860911765147979e+01, -2.3733985833742793e-02,  8.8647089622647349e-02,  5.0275444808597314e-01,  5.6288797853275228e+03,  1.7679086054520471e+02, -1.5016818132352008e+04,  1.0015985187696494e+01,  2.8491899586113720e+00,  4.5387347445641604e+00,  4.6540488727972087e-03,  4.3067720091887342e-02, -1.2500570494199961e-01,  2.7937620978029731e-01, -1.6892434254664828e-04,  2.6268676360172720e-05,  3.7356503225269393e-02,  2.0761734574048949e-04, -1.1423992481163702e-05,  8.1960031123044112e-06,  2.5519605587055439e-03,  3.9914248017859957e-05
 8.8900000000000006e+00,  6.3370189891508596e+02,  4.4207988915116035e-02,  2.9860930046240629e+01, -2.3733999507453772e-02,  8.8647094774487081e-02,  5.0275443111635987e-01,  5.6352077529543976e+03,  1.7724180901784365e+02, -1.5016839356673650e+04,  1.0016001922212331e+01,  2.8491885130874897e+00,  4.5438461616945567e+00,  4.6523590581721182e-03,  4.3067983188451099e-02, -1.2463201231171898e-01,  2.7937828794946712e-01, -1.6903845185792777e-04,  2.6349725871719361e-05,  3.7381999115068780e-02,  2.0800545970923068e-04, -1.1397869774735156e-05,  8.0138991970238973e-06,  2.5472174011721390e-03,  3.7708545730376571e-05
 8.9000000000000004e+00,  6.3370186794409881e+02,  4.4265933068474990e-02,  2.9860948394165060e+01, -2.3734013282119656e-02,  8.8647099870762011e-02,  5.0275441430515733e-01,  5.6415356799937281e+03,  1.7769332244099218e+02, -1.5016860580553930e+04,  1.0016018656453889e+01,  2.8491870661523961e+00,  4.5489575786604979e+00,  4.6506681037600502e-03,  4.3068247086404776e-02, -1.2425806495969825e-01,  2.7938036988949150e-01, -1.6915229999314385e-04,  2.6428963373695831e-05,  3.7407447516785257e-02,  2.0837158110631915e-04, -1.1371757268480649e-05,  7.8336011982708127e-06,  2.5424629422622332e-03,  3.5515733687320595e-05
 8.9100000000000001e+00,  6.3370183742724419e+02,  4.4323916165516730e-02,  2.9860966807964893e+01, -2.3734027156478068e-02,  8.8647104912058461e-02,  5.0275439765123209e-01,  5.6478635663996092e+03,  1.7814540081161093e+02, -1.5016881803992195e+04,  1.0016035390420113e+01,  2.8491856178052979e+00,  4.5540689954634361e+00,  4.6489760121722554e-03,  4.3068511767718573e-02, -1.2388386336138330e-01,  2.7938245538108925e-01, -1.6926588706049988e-04,  2.6506406877389043e-05,  3.7432848319328520e-02,  2.0871583923943060e-04, -1.1345656202727468e-05,  7.6550995403715732e-06,  2.5376975663905484e-03,  3.3335892934972835e-05
 8.9199999999999999e+00,  6.3370180736524276e+02,  4.4381938108092760e-02,  2.9860985286691399e+01, -2.3734041129277936e-02,  8.8647109898958132e-02,  5.0275438115345783e-01,  5.6541914121261443e+03,  1.7859804412665864e+02, -1.5016903026987804e+04,  1.0016052124109960e+01,  2.8491841680454075e+00,  4.5591804121048156e+00,  4.6472827860188403e-03,  4.3068777214542324e-02, -1.2350940799331170e-01,  2.7938454420627629e-01, -1.6937921317964843e-04,  2.6582074316370285e-05,  3.7458201415044405e-02,  2.0903836420449907e-04, -1.1319567626983312e-05,  7.4783882558774183e-06,  2.5329215767867477e-03,  3.1169100078721974e-05
 8.9299999999999997e+00,  6.3370177775876982e+02,  4.4439998798210208e-02,  2.9861003829403483e+01, -2.3734055199279409e-02,  8.8647114832038146e-02,  5.0275436481071445e-01,  5.6605192171274421e+03,  1.7905125238309213e+02, -1.5016924249540125e+04,  1.0016068857522392e+01,  2.8491827168719470e+00,  4.5642918285860681e+00,  4.6455884279086625e-03,  4.3069043409204900e-02, -1.2313469933308242e-01,  2.7938663614837334e-01, -1.6949227848169122e-04,  2.6655983548576914e-05,  3.7483506700118734e-02,  2.0933928687183915e-04, -1.1293492781575469e-05,  7.3034581854483979e-06,  2.5281354380791679e-03,  2.9015433389291261e-05
 8.9399999999999995e+00,  6.3370174860845566e+02,  4.4498098138035000e-02,  2.9861022435167655e+01, -2.3734069365253799e-02,  8.8647119711871045e-02,  5.0275434862188917e-01,  5.6668469813576194e+03,  1.7950502557786621e+02, -1.5016945471648534e+04,  1.0016085590656393e+01,  2.8491812642841459e+00,  4.5694032449086190e+00,  4.6438929404492065e-03,  4.3069310334213295e-02, -1.2275973785930934e-01,  2.7938873099201372e-01, -1.6960508310929421e-04,  2.6728152354575234e-05,  3.7508764074363037e-02,  2.0961873886947397e-04, -1.1267432742030492e-05,  7.1303030146897900e-06,  2.5233394114473262e-03,  2.6874966141395542e-05
 8.9500000000000011e+00,  6.3370171991488576e+02,  4.4556236029894933e-02,  2.9861041103057989e+01, -2.3734083625983501e-02,  8.8647124539024888e-02,  5.0275433258587521e-01,  5.6731747047707986e+03,  1.7995936370793376e+02, -1.5016966693312421e+04,  1.0016102323510950e+01,  2.8491798102812398e+00,  4.5745146610738807e+00,  4.6421963262464764e-03,  4.3069577972251992e-02, -1.2238452405159511e-01,  2.7939082852315072e-01, -1.6971762721622734e-04,  2.6798598437570010e-05,  3.7533973441072448e-02,  2.0987685256655645e-04, -1.1241388644596265e-05,  6.9589135842642079e-06,  2.5185339304342122e-03,  2.4747773275098907e-05
 8.9600000000000009e+00,  6.3370169167860115e+02,  4.4614412376282886e-02,  2.9861059832156108e+01, -2.3734097980261940e-02,  8.8647129314063114e-02,  5.0275431670157300e-01,  5.6795023873211039e+03,  1.8041426677024538e+02, -1.5016987914531179e+04,  1.0016119056085065e+01,  2.8491783548624734e+00,  4.5796260770832538e+00,  4.6404985879048817e-03,  4.3069846306182047e-02, -1.2200905839048784e-01,  2.7939292852906505e-01, -1.6982991096767974e-04,  2.6867339421657883e-05,  3.7559134707337259e-02,  2.1011376106217397e-04, -1.1215361642863886e-05,  6.7892832328334106e-06,  2.5137193218617254e-03,  2.2633925844673796e-05
 8.9700000000000006e+00,  6.3370166390009854e+02,  4.4672627079859847e-02,  2.9861078621551147e+01, -2.3734112426893487e-02,  8.8647134037544720e-02,  5.0275430096788909e-01,  5.6858300289626677e+03,  1.8086973476174975e+02, -1.5017009135304215e+04,  1.0016135788377754e+01,  2.8491768980270984e+00,  4.5847374929381361e+00,  4.6387997280271228e-03,  4.3070115319040425e-02, -1.2163334135744838e-01,  2.7939503079837197e-01, -1.6994193453999921e-04,  2.6934392857031492e-05,  3.7584247783686263e-02,  2.1032959816314370e-04, -1.1189352821031540e-05,  6.6214038418890887e-06,  2.5088959479392342e-03,  2.0533494349273859e-05
 8.9800000000000004e+00,  6.3370163657983085e+02,  4.4730880043458002e-02,  2.9861097470339725e+01, -2.3734126964693399e-02,  8.8647138710024165e-02,  5.0275428538373679e-01,  5.6921576296496260e+03,  1.8132576767939335e+02, -1.5017030355630946e+04,  1.0016152520388044e+01,  2.8491754397743745e+00,  4.5898489086399081e+00,  4.6370997492140818e-03,  4.3070384994039188e-02, -1.2125737343481413e-01,  2.7939713512102832e-01, -1.7005369812072446e-04,  2.6999776210623903e-05,  3.7609312584464233e-02,  2.1052449837300375e-04, -1.1163363324018714e-05,  6.4552668765929777e-06,  2.5040642076535847e-03,  1.8446547622731022e-05
 8.9900000000000002e+00,  6.3370160971820724e+02,  4.4789171170083797e-02,  2.9861116377625923e+01, -2.3734141592487767e-02,  8.8647143332051537e-02,  5.0275426994803563e-01,  5.6984851893361183e+03,  1.8178236552012041e+02, -1.5017051575510795e+04,  1.0016169252114965e+01,  2.8491739801035671e+00,  4.5949603241899446e+00,  4.6353986540647084e-03,  4.3070655314564638e-02, -1.2088115510575911e-01,  2.7939924128833943e-01, -1.7016520190848132e-04,  2.7063506871997121e-05,  3.7634329027488284e-02,  2.1069859688083620e-04, -1.1137394227353966e-05,  6.2908653980511729e-06,  2.4992243971567697e-03,  1.6373153943761297e-05
 9.0000000000000000e+00,  6.3370158331559355e+02,  4.4847500362920893e-02,  2.9861135342521244e+01, -2.3734156309113418e-02,  8.8647147904172344e-02,  5.0275425465971202e-01,  5.7048127079762880e+03,  1.8223952828087295e+02, -1.5017072794943195e+04,  1.0016185983557570e+01,  2.8491725190139521e+00,  4.6000717395896116e+00,  4.6336964451759123e-03,  4.3070926264176627e-02, -1.2050468685426438e-01,  2.7940134909296593e-01, -1.7027644611256417e-04,  2.7125602157160891e-05,  3.7659297033818789e-02,  2.1085202953908150e-04, -1.1111446589218618e-05,  6.1281916347025020e-06,  2.4943768689445985e-03,  1.4313377705300111e-05
 9.0099999999999998e+00,  6.3370155737231244e+02,  4.4905867525333217e-02,  2.9861154364144600e+01, -2.3734171113417871e-02,  8.8647152426927722e-02,  5.0275423951769838e-01,  5.7111401855242812e+03,  1.8269725595859063e+02, -1.5017094013927588e+04,  1.0016202714714911e+01,  2.8491710565048081e+00,  4.6051831548402617e+00,  4.6319931251424572e-03,  4.3071197826607781e-02, -1.2012796916508275e-01,  2.7940345832893021e-01, -1.7038743095332628e-04,  2.7186079301633772e-05,  3.7684216528333203e-02,  2.1098493285243608e-04, -1.1085521563203777e-05,  5.9672372598742794e-06,  2.4895220339383691e-03,  1.2267284965617433e-05
 9.0199999999999996e+00,  6.3370153188864390e+02,  4.4964272560867907e-02,  2.9861173441622263e+01, -2.3734186004259267e-02,  8.8647156900854465e-02,  5.0275422452093355e-01,  5.7174676219342473e+03,  1.8315554855021085e+02, -1.5017115232463426e+04,  1.0016219445586062e+01,  2.8491695925754259e+00,  4.6102945699432416e+00,  4.6302886965568458e-03,  4.3071469985762660e-02, -1.1975100252369773e-01,  2.7940556879162298e-01, -1.7049815666226649e-04,  2.7244955461484002e-05,  3.7709087439574795e-02,  2.1109744396119906e-04, -1.1059620224838001e-05,  5.8079947101721516e-06,  2.4846602143803135e-03,  1.0234936786979613e-05
 9.0299999999999994e+00,  6.3370150686482543e+02,  4.5022715373258283e-02,  2.9861192574087852e+01, -2.3734200980506305e-02,  8.8647161326484855e-02,  5.0275420966836304e-01,  5.7237950171603379e+03,  1.8361440605266856e+02, -1.5017136450550168e+04,  1.0016236176170102e+01,  2.8491681272251022e+00,  4.6154059848998852e+00,  4.6285831620092120e-03,  4.3071742725717010e-02, -1.1937378741629127e-01,  2.7940768027780943e-01, -1.7060862348123346e-04,  2.7302247717143446e-05,  3.7733909699191416e-02,  2.1118970062737570e-04, -1.1033743571585329e-05,  5.6504564222007587e-06,  2.4797917096138749e-03,  8.2163964520975969e-06
 9.0400000000000009e+00,  6.3370148230105224e+02,  4.5081195866426740e-02,  2.9861211760682302e+01, -2.3734216041038168e-02,  8.8647165704346872e-02,  5.0275419495893825e-01,  5.7301223711567072e+03,  1.8407382846289636e+02, -1.5017157668187283e+04,  1.0016252906466125e+01,  2.8491666604531360e+00,  4.6205173997115230e+00,  4.6268765240872209e-03,  4.3072016030717003e-02, -1.1899632432971385e-01,  2.7940979258563553e-01, -1.7071883166265976e-04,  2.7357973065090620e-05,  3.7758683242352049e-02,  2.1126184122087461e-04, -1.1007892713672709e-05,  5.4946131672332440e-06,  2.4749169225121146e-03,  6.2117222476834540e-06
 9.0500000000000007e+00,  6.3370145819747756e+02,  4.5139713944487590e-02,  2.9861231000553829e+01, -2.3734231184744461e-02,  8.8647170034964140e-02,  5.0275418039161690e-01,  5.7364496838775067e+03,  1.8453381577782417e+02, -1.5017178885374249e+04,  1.0016269636473227e+01,  2.8491651922588392e+00,  4.6256288143794659e+00,  4.6251687853759585e-03,  4.3072289885178312e-02, -1.1861861375144418e-01,  2.7941190551463385e-01, -1.7082878146987642e-04,  2.7412148428940824e-05,  3.7783408007833447e-02,  2.1131400469720957e-04, -1.0982068726628681e-05,  5.3404596023212183e-06,  2.4700361730968178e-03,  4.2209730155564193e-06
 9.0600000000000005e+00,  6.3370143455421317e+02,  4.5198269511750037e-02,  2.9861250292857910e+01, -2.3734246410525149e-02,  8.8647174318855951e-02,  5.0275416596536315e-01,  5.7427769552768941e+03,  1.8499436799437962e+02, -1.5017200102110550e+04,  1.0016286366190526e+01,  2.8491637226415296e+00,  4.6307402289050250e+00,  4.6234599484578235e-03,  4.3072564273685582e-02, -1.1824065616955720e-01,  2.7941401886572947e-01, -1.7093847317659251e-04,  2.7464790660139990e-05,  3.7808083937741876e-02,  2.1134633059472391e-04, -1.0956272616588959e-05,  5.1879866375117424e-06,  2.4651498085893559e-03,  2.2442064873119241e-06
 9.0700000000000003e+00,  6.3370141137132941e+02,  4.5256862472720968e-02,  2.9861269636757246e+01, -2.3734261717290494e-02,  8.8647178556537268e-02,  5.0275415167914705e-01,  5.7491041853090255e+03,  1.8545548510948763e+02, -1.5017221318395681e+04,  1.0016303095617140e+01,  2.8491622516005295e+00,  4.6358516432894961e+00,  4.6217500159124267e-03,  4.3072839180991515e-02, -1.1786245207268936e-01,  2.7941613244124575e-01, -1.7104790706679742e-04,  2.7515916516119319e-05,  3.7832710977465350e-02,  2.1135895901247987e-04, -1.0930505424389580e-05,  5.0371845583543282e-06,  2.4602581361056136e-03,  2.8147706387927721e-07
 9.0800000000000001e+00,  6.3370138864885553e+02,  4.5315492732107714e-02,  2.9861289031421737e+01, -2.3734277103960980e-02,  8.8647182748518752e-02,  5.0275413753194498e-01,  5.7554313739280569e+03,  1.8591716712007059e+02, -1.5017242534229144e+04,  1.0016319824752200e+01,  2.8491607791351723e+00,  4.6409630575341714e+00,  4.6200389903164876e-03,  4.3073114592015904e-02, -1.1748400195000791e-01,  2.7941824604490972e-01, -1.7115708343509053e-04,  2.7565542682143094e-05,  3.7857289075867689e-02,  2.1135203059353020e-04, -1.0904768234232718e-05,  4.8880486464011193e-06,  2.4553615443624268e-03, -1.6671608538133143e-06
 9.0899999999999999e+00,  6.3370136638678014e+02,  4.5374160194820976e-02,  2.9861308476028455e+01, -2.3734292569467262e-02,  8.8647186895306790e-02,  5.0275412352273952e-01,  5.7617585210881443e+03,  1.8637941402304818e+02, -1.5017263749610451e+04,  1.0016336553594851e+01,  2.8491593052447919e+00,  4.6460744716403282e+00,  4.6183268742437250e-03,  4.3073390491845158e-02, -1.1710530629117202e-01,  2.7942035948185762e-01, -1.7126600258630614e-04,  2.7613685770270270e-05,  3.7881818185250243e-02,  2.1132568651661027e-04, -1.0879062008889904e-05,  4.7405689790338349e-06,  2.4504603321485676e-03, -3.6016545301721808e-06
 9.0999999999999996e+00,  6.3370134458505140e+02,  4.5432864765977417e-02,  2.9861327969761614e+01, -2.3734308112750097e-02,  8.8647190997403549e-02,  5.0275410965051892e-01,  5.7680856267434428e+03,  1.8684222581533743e+02, -1.5017284964539120e+04,  1.0016353282144250e+01,  2.8491578299287355e+00,  4.6511858856092374e+00,  4.6166136702647615e-03,  4.3073666865731310e-02, -1.1672636558630292e-01,  2.7942247255864006e-01, -1.7137466483520982e-04,  2.7660362307211396e-05,  3.7906298261096538e-02,  2.1128006847670916e-04, -1.0853387771847985e-05,  4.5947384091917523e-06,  2.4455548371106126e-03, -5.5219534500497015e-06
 9.1099999999999994e+00,  6.3370132324357735e+02,  4.5491606350902561e-02,  2.9861347511812543e+01, -2.3734323732760271e-02,  8.8647195055306952e-02,  5.0275409591427767e-01,  5.7744126908481076e+03,  1.8730560249385255e+02, -1.5017306179014677e+04,  1.0016370010399555e+01,  2.8491563531863546e+00,  4.6562972994421621e+00,  4.6148993809470209e-03,  4.3073943699091302e-02, -1.1634718032595011e-01,  2.7942458508322715e-01, -1.7148307050691690e-04,  2.7705588744734517e-05,  3.7930729262279160e-02,  2.1121531867117311e-04, -1.0827746572612743e-05,  4.4505490959239714e-06,  2.4406454000865975e-03, -7.4280076534084490e-06
 9.1200000000000010e+00,  6.3370130236222599e+02,  4.5550384855133443e-02,  2.9861367101379649e+01, -2.3734339428458550e-02,  8.8647199069510685e-02,  5.0275408231301644e-01,  5.7807397133562927e+03,  1.8776954405550512e+02, -1.5017327393036658e+04,  1.0016386738359941e+01,  2.8491548750170033e+00,  4.6614087131403537e+00,  4.6131840088546230e-03,  4.3074220977506204e-02, -1.1596775100105729e-01,  2.7942669686501348e-01, -1.7159121993660641e-04,  2.7749381453776936e-05,  3.7955111150982317e-02,  2.1113157978867831e-04, -1.0802139365285941e-05,  4.3079927125594118e-06,  2.4357323405440655e-03, -9.3197688455491548e-06
 9.1300000000000008e+00,  6.3370128194082611e+02,  4.5609200184421210e-02,  2.9861386737668404e+01, -2.3734355198815608e-02,  8.8647203040504260e-02,  5.0275406884574170e-01,  5.7870666942221478e+03,  1.8823405049720361e+02, -1.5017348606604604e+04,  1.0016403466024594e+01,  2.8491533954200499e+00,  4.6665201267050556e+00,  4.6114675565482885e-03,  4.3074498686720378e-02, -1.1558807810293041e-01,  2.7942880771482292e-01, -1.7169911346927148e-04,  2.7791756723045162e-05,  3.7979443892541383e-02,  2.1102899498970823e-04, -1.0776567164680799e-05,  4.1670611405921323e-06,  2.4308159705944614e-03, -1.1197190952217307e-05
 9.1400000000000006e+00,  6.3370126197916693e+02,  4.5668052244733928e-02,  2.9861406419891303e+01, -2.3734371042811966e-02,  8.8647206968772971e-02,  5.0275405551146568e-01,  5.7933936333998226e+03,  1.8869912181585386e+02, -1.5017369819718067e+04,  1.0016420193392701e+01,  2.8491519143948647e+00,  4.6716315401375015e+00,  4.6097500265852376e-03,  4.3074776812640665e-02, -1.1520816212320648e-01,  2.7943091744491327e-01, -1.7180675145980607e-04,  2.7832730770464036e-05,  3.8003727455595528e-02,  2.1090770789822694e-04, -1.0751030942238630e-05,  4.0277483431829296e-06,  2.4258966402347297e-03, -1.3060227344042221e-05
 9.1500000000000004e+00,  6.3370124247699891e+02,  4.5726940942259139e-02,  2.9861426147267835e+01, -2.3734386959437925e-02,  8.8647210854798000e-02,  5.0275404230920662e-01,  5.7997205308434641e+03,  1.8916475800835869e+02, -1.5017391032376605e+04,  1.0016436920463470e+01,  2.8491504319408252e+00,  4.6767429534389198e+00,  4.6080314215190925e-03,  4.3075055341335787e-02, -1.1482800355381852e-01,  2.7943302586898089e-01, -1.7191413427308113e-04,  2.7872319728270461e-05,  3.8027961812209361e-02,  2.1076786258234398e-04, -1.0725531712774585e-05,  3.8900432181023232e-06,  2.4209746825322098e-03, -1.4908835832550618e-05
 9.1600000000000001e+00,  6.3370122343403386e+02,  4.5785866183406507e-02,  2.9861445919024469e+01, -2.3734402947693516e-02,  8.8647214699056356e-02,  5.0275402923798884e-01,  5.8060473865072154e+03,  1.8963095907161798e+02, -1.5017412244579782e+04,  1.0016453647236109e+01,  2.8491489480573158e+00,  4.6818543666105272e+00,  4.6063117438997761e-03,  4.3075334259035231e-02, -1.1444760288696230e-01,  2.7943513280216492e-01, -1.7202126228336325e-04,  2.7910539647166873e-05,  3.8052146937332783e-02,  2.1060960354036157e-04, -1.0700070343650404e-05,  3.7539405611798851e-06,  2.4160503421523016e-03, -1.6742972563933027e-05
 9.1699999999999999e+00,  6.3370120484994527e+02,  4.5844827874810347e-02,  2.9861465734394610e+01, -2.3734419006588420e-02,  8.8647218502020980e-02,  5.0275401629684202e-01,  5.8123742003452171e+03,  1.9009772500252862e+02, -1.5017433456327171e+04,  1.0016470373709838e+01,  2.8491474627437272e+00,  4.6869657796535282e+00,  4.6045909962734253e-03,  4.3075613552128730e-02, -1.1406696061507188e-01,  2.7943723806105170e-01, -1.7212813587463347e-04,  2.7947406505344260e-05,  3.8076282809072194e-02,  2.1043307569246664e-04, -1.0674647910394642e-05,  3.6194310742977841e-06,  2.4111240057301726e-03, -1.8562597015049047e-05
 9.1799999999999997e+00,  6.3370118672436854e+02,  4.5903825923332198e-02,  2.9861485592618575e+01, -2.3734435135141934e-02,  8.8647222264160649e-02,  5.0275400348480204e-01,  5.8187009723116053e+03,  1.9056505579798443e+02, -1.5017454667618355e+04,  1.0016487099883891e+01,  2.8491459759994560e+00,  4.6920771925691263e+00,  4.6028691811822835e-03,  4.3075893207165337e-02, -1.1368607723078088e-01,  2.7943934146367877e-01, -1.7223475544071739e-04,  2.7982936198767724e-05,  3.8100369409063813e-02,  2.1023842435575094e-04, -1.0649265306389887e-05,  3.4865076103952995e-06,  2.4061959925937211e-03, -2.0367670328092814e-05
 9.1899999999999995e+00,  6.3370116905690145e+02,  4.5962860236063378e-02,  2.9861505492943568e+01, -2.3734451332382864e-02,  8.8647225985940117e-02,  5.0275399080091043e-01,  5.8250277023605131e+03,  1.9103295145487616e+02, -1.5017475878452920e+04,  1.0016503825757503e+01,  2.8491444878239056e+00,  4.6971886053585115e+00,  4.6011463011646110e-03,  4.3076173210852706e-02, -1.1330495322689062e-01,  2.7944144282953881e-01, -1.7234112138457598e-04,  2.8017144541520930e-05,  3.8124406721793049e-02,  2.1002579523864110e-04, -1.0623923468384930e-05,  3.3551609407429426e-06,  2.4012665539304787e-03, -2.2158153090143024e-05
 9.2000000000000011e+00,  6.3370115184710426e+02,  4.6021930720327495e-02,  2.9861525434623648e+01, -2.3734467597349516e-02,  8.8647229667820029e-02,  5.0275397824421419e-01,  5.8313543904460694e+03,  1.9150141197009145e+02, -1.5017497088830463e+04,  1.0016520551329931e+01,  2.8491429982164873e+00,  4.7023000180228651e+00,  4.5994223587545917e-03,  4.3076453550056168e-02, -1.1292358909634496e-01,  2.7944354197958354e-01, -1.7244723411854023e-04,  2.8050047271367167e-05,  3.8148394734807196e-02,  2.0979533442709559e-04, -1.0598623324460611e-05,  3.2253850285042328e-06,  2.3963360488984493e-03, -2.3934009218958928e-05
 9.2100000000000009e+00,  6.3370113509450016e+02,  4.6081037283682881e-02,  2.9861545416919700e+01, -2.3734483929089587e-02,  8.8647233310257034e-02,  5.0275396581376630e-01,  5.8376810365223955e+03,  1.9197043734051462e+02, -1.5017518298750585e+04,  1.0016537276600427e+01,  2.8491415071766126e+00,  4.7074114305633596e+00,  4.5976973564822400e-03,  4.3076734211798133e-02, -1.1254198533219442e-01,  2.7944563873622735e-01, -1.7255309406453826e-04,  2.8081660044532764e-05,  3.8172333439036428e-02,  2.0954718836785794e-04, -1.0573365872082914e-05,  3.0971696041161223e-06,  2.3914047962704152e-03, -2.5695202632293174e-05
 9.2200000000000006e+00,  6.3370111879857564e+02,  4.6140179833925030e-02,  2.9861565439099412e+01, -2.3734500326660146e-02,  8.8647236913703742e-02,  5.0275395350862517e-01,  5.8440076405436112e+03,  1.9244002756302692e+02, -1.5017539508212896e+04,  1.0016554001568263e+01,  2.8491400147037074e+00,  4.7125228429811612e+00,  4.5959712968733010e-03,  4.3077015183257059e-02, -1.1216014242756425e-01,  2.7944773292335090e-01, -1.7265870165348815e-04,  2.8111998438482600e-05,  3.8196222828184558e-02,  2.0928150385457925e-04, -1.0548151917894495e-05,  2.9705091858513045e-06,  2.3864730333556980e-03, -2.7441700023446206e-05
 9.2300000000000004e+00,  6.3370110295878055e+02,  4.6199358279089081e-02,  2.9861585500437233e+01, -2.3734516789127538e-02,  8.8647240478608724e-02,  5.0275394132785511e-01,  5.8503342024638287e+03,  1.9291018263450630e+02, -1.5017560717217013e+04,  1.0016570726232713e+01,  2.8491385207971986e+00,  4.7176342552774271e+00,  4.5942441824491703e-03,  4.3077296451766903e-02, -1.1177806087563075e-01,  2.7944982436630444e-01, -1.7276405732537443e-04,  2.8141077954014260e-05,  3.8220062899098468e-02,  2.0899842801125779e-04, -1.0522982459363233e-05,  2.8453939204810087e-06,  2.3815411494266707e-03, -2.9173468640843048e-05
 9.2400000000000002e+00,  6.3370108757452863e+02,  4.6258572527452205e-02,  2.9861605600214361e+01, -2.3734533315567352e-02,  8.8647244005416612e-02,  5.0275392927052553e-01,  5.8566607222371540e+03,  1.9338090255182740e+02, -1.5017581925762559e+04,  1.0016587450593061e+01,  2.8491370254565225e+00,  4.7227456674533048e+00,  4.5925160157267936e-03,  4.3077578004816139e-02, -1.1139574116958230e-01,  2.7945191289191113e-01, -1.7286916152957723e-04,  2.8168914003798884e-05,  3.8243853651791344e-02,  2.0869810828938907e-04, -1.0497858381198103e-05,  2.7218160364440630e-06,  2.3766093891487332e-03, -3.0890475732904470e-05
 9.2500000000000000e+00,  6.3370107264519766e+02,  4.6317822487535951e-02,  2.9861625737718704e+01, -2.3734549905064330e-02,  8.8647247494568079e-02,  5.0275391733571195e-01,  5.8629871998176877e+03,  1.9385218731186151e+02, -1.5017603133849163e+04,  1.0016604174648601e+01,  2.8491355286811153e+00,  4.7278570795099357e+00,  4.5907867992185788e-03,  4.3077859830046979e-02, -1.1101318380259494e-01,  2.7945399832847023e-01, -1.7297401472402018e-04,  2.8195521927302281e-05,  3.8267595089078302e-02,  2.0838069245133096e-04, -1.0472780507392757e-05,  2.5997686642355022e-06,  2.3716780682415573e-03, -3.2592691878720327e-05
 9.2599999999999998e+00,  6.3370105817013007e+02,  4.6377108068108540e-02,  2.9861645912244853e+01, -2.3734566556712342e-02,  8.8647250946499861e-02,  5.0275390552249521e-01,  5.8693136351595249e+03,  1.9432403691147655e+02, -1.5017624341476463e+04,  1.0016620898398637e+01,  2.8491340304704260e+00,  4.7329684914484487e+00,  4.5890565354323133e-03,  4.3078141915254685e-02, -1.1063038926780075e-01,  2.7945608050576015e-01, -1.7307861737569084e-04,  2.8220916984192982e-05,  3.8291287216751221e-02,  2.0804632853977268e-04, -1.0447749826739573e-05,  2.4792427139043120e-06,  2.3667474663425681e-03, -3.4280090432938024e-05
 9.2699999999999996e+00,  6.3370104414863283e+02,  4.6436429178187258e-02,  2.9861666123094057e+01, -2.3734583269614296e-02,  8.8647254361644737e-02,  5.0275389382996138e-01,  5.8756400282167515e+03,  1.9479645134753704e+02, -1.5017645548644103e+04,  1.0016637621842476e+01,  2.8491325308239075e+00,  4.7380799032699681e+00,  4.5873252268710651e-03,  4.3078424248386663e-02, -1.1024735805825993e-01,  2.7945815925504103e-01, -1.7318296996051059e-04,  2.8245114350872783e-05,  3.8314930043662057e-02,  2.0769516488051030e-04, -1.0422767137211353e-05,  2.3602306220561373e-06,  2.3618179158247828e-03, -3.5952641419535891e-05
 9.2799999999999994e+00,  6.3370103057997812e+02,  4.6495785727040717e-02,  2.9861686369574187e+01, -2.3734600042882102e-02,  8.8647257740431598e-02,  5.0275388225720219e-01,  5.8819663789434471e+03,  1.9526943061690397e+02, -1.5017666755351733e+04,  1.0016654344979440e+01,  2.8491310297410166e+00,  4.7431913149756104e+00,  4.5855928760331031e-03,  4.3078706817541702e-02, -1.0986409066692752e-01,  2.7946023440905776e-01, -1.7328707296292893e-04,  2.8268129125678423e-05,  3.8338523581729116e-02,  2.0732735007132619e-04, -1.0397833349536073e-05,  2.2427243395736510e-06,  2.3568896982680979e-03, -3.7610320413600716e-05
 9.2900000000000009e+00,  6.3370101746340345e+02,  4.6555177624191132e-02,  2.9861706650999718e+01, -2.3734616875636591e-02,  8.8647261083285453e-02,  5.0275387080331502e-01,  5.8882926872936850e+03,  1.9574297471643493e+02, -1.5017687961599009e+04,  1.0016671067808860e+01,  2.8491295272212169e+00,  4.7483027265664814e+00,  4.5838594854118063e-03,  4.3078989610969176e-02, -1.0948058758662529e-01,  2.7946230580204245e-01, -1.7339092687611518e-04,  2.8289976330279386e-05,  3.8362067845444152e-02,  2.0694303295708253e-04, -1.0372949287711084e-05,  2.1267165806190717e-06,  2.3519630447385188e-03, -3.9253102435127504e-05
 9.3000000000000007e+00,  6.3370100479811197e+02,  4.6614604779416480e-02,  2.9861726966691688e+01, -2.3734633767007469e-02,  8.8647264390627478e-02,  5.0275385946740236e-01,  5.8946189532215267e+03,  1.9621708364298371e+02, -1.5017709167385596e+04,  1.0016687790330066e+01,  2.8491280232639786e+00,  4.7534141380436790e+00,  4.5821250574955806e-03,  4.3079272617068308e-02, -1.0909684931001859e-01,  2.7946437326971690e-01, -1.7349453220179474e-04,  2.8310670896134530e-05,  3.8385562852377139e-02,  2.0654236262407805e-04, -1.0348115845118962e-05,  2.0121965899067867e-06,  2.3470383411773213e-03, -4.0880964169433619e-05
 9.3100000000000005e+00,  6.3370099258327298e+02,  4.6674067102752813e-02,  2.9861747315977674e+01, -2.3734650716133260e-02,  8.8647267662874937e-02,  5.0275384824857194e-01,  5.9009451766810298e+03,  1.9669175739340076e+02, -1.5017730372711161e+04,  1.0016704512542406e+01,  2.8491265178687777e+00,  4.7585255494082928e+00,  4.5803895947677704e-03,  4.3079555824387099e-02, -1.0871287632957777e-01,  2.7946643664929494e-01, -1.7359788945024910e-04,  2.8330227682533175e-05,  3.8409008623114513e-02,  2.0612548838061956e-04, -1.0323333845749679e-05,  1.8991606898222911e-06,  2.3421158062976065e-03, -4.2493884522267355e-05
 9.3200000000000003e+00,  6.3370098081802189e+02,  4.6733564504496387e-02,  2.9861767698191773e+01, -2.3734667722161241e-02,  8.8647270900441319e-02,  5.0275383714593724e-01,  5.9072713576262404e+03,  1.9716699596453284e+02, -1.5017751577575382e+04,  1.0016721234445233e+01,  2.8491250110350950e+00,  4.7636369606614082e+00,  4.5786530997065757e-03,  4.3079839221621959e-02, -1.0832866913755632e-01,  2.7946849577948452e-01, -1.7370099914000247e-04,  2.8348661467587125e-05,  3.8432405180875831e-02,  2.0569255975711349e-04, -1.0298604104925108e-05,  1.7875963209679975e-06,  2.3371957459662361e-03, -4.4091840178952169e-05
 9.3300000000000001e+00,  6.3370096950146080e+02,  4.6793096895205784e-02,  2.9861788112674560e+01, -2.3734684784247388e-02,  8.8647274103736295e-02,  5.0275382615861675e-01,  5.9135974960111971e+03,  1.9764279935322301e+02, -1.5017772781977937e+04,  1.0016737956037906e+01,  2.8491235027624167e+00,  4.7687483718040955e+00,  4.5769155747849705e-03,  4.3080122797616451e-02, -1.0794422822596027e-01,  2.7947055050049008e-01, -1.7380386179776029e-04,  2.8365986948567560e-05,  3.8455752551684028e-02,  2.0524372648656356e-04, -1.0273927446638903e-05,  1.6774998751190756e-06,  2.3322784156732828e-03, -4.5674813931031179e-05
 9.3399999999999999e+00,  6.3370095863265897e+02,  4.6852664185704086e-02,  2.9861808558773063e+01, -2.3734701901556306e-02,  8.8647277273165750e-02,  5.0275381528573426e-01,  5.9199235917899287e+03,  1.9811916755631060e+02, -1.5017793985918519e+04,  1.0016754677319792e+01,  2.8491219930502369e+00,  4.7738597828374258e+00,  4.5751770224706206e-03,  4.3080406541360930e-02, -1.0755955408652265e-01,  2.7947260065401425e-01, -1.7390647795864137e-04,  2.8382218744336159e-05,  3.8479050764379921e-02,  2.0477913847405819e-04, -1.0249304729579182e-05,  1.5688592786001324e-06,  2.3273641235056369e-03, -4.7242788570047503e-05
 9.3499999999999996e+00,  6.3370094821065265e+02,  4.6912266287080923e-02,  2.9861829035840735e+01, -2.3734719073261187e-02,  8.8647280409131765e-02,  5.0275380452641893e-01,  5.9262496449164546e+03,  1.9859610057063122e+02, -1.5017815189396819e+04,  1.0016771398290269e+01,  2.8491204818980518e+00,  4.7789711937624562e+00,  4.5734374452257977e-03,  4.3080690441991337e-02, -1.0717464721067269e-01,  2.7947464608325956e-01, -1.7400884816604786e-04,  2.8397371384242860e-05,  3.8502299850828994e-02,  2.0429894580509692e-04, -1.0224736751718746e-05,  1.4616687027402887e-06,  2.3224531663091786e-03, -4.8795745222209723e-05
 9.3599999999999994e+00,  6.3370093823444574e+02,  4.6971903110694609e-02,  2.9861849543237430e+01, -2.3734736298543748e-02,  8.8647283512032715e-02,  5.0275379387980501e-01,  5.9325756553447836e+03,  1.9907359839301668e+02, -1.5017836392412537e+04,  1.0016788118948718e+01,  2.8491189693053673e+00,  4.7840826045802354e+00,  4.5716968455072997e-03,  4.3080974488788615e-02, -1.0678950808950609e-01,  2.7947668663293035e-01, -1.7411097297108591e-04,  2.8411459330327818e-05,  3.8525499845393392e-02,  2.0380329873724578e-04, -1.0200224258986878e-05,  1.3559205147560094e-06,  2.3175457472543104e-03, -5.0333668344386549e-05
 9.3700000000000010e+00,  6.3370092870301005e+02,  4.7031574568174160e-02,  2.9861870080329368e+01, -2.3734753576594159e-02,  8.8647286582263257e-02,  5.0275378334503218e-01,  5.9389016230289162e+03,  1.9955166102029506e+02, -1.5017857594965380e+04,  1.0016804839294537e+01,  2.8491174552716880e+00,  4.7891940152918098e+00,  4.5699552257663758e-03,  4.3081258671177944e-02, -1.0640413721376477e-01,  2.7947872214923430e-01, -1.7421285293271440e-04,  2.8424496958249526e-05,  3.8548650785010831e-02,  2.0329234766690312e-04, -1.0175768066707239e-05,  1.2516050695852685e-06,  2.3126421762328583e-03, -5.1856545724142328e-05
 9.3800000000000008e+00,  6.3370091961528567e+02,  4.7091280571421187e-02,  2.9861890646489108e+01, -2.3734770906611018e-02,  8.8647289620214315e-02,  5.0275377292124490e-01,  5.9452275479228392e+03,  2.0003028844929028e+02, -1.5017878797055060e+04,  1.0016821559327120e+01,  2.8491159397965315e+00,  4.7943054258982123e+00,  4.5682125884486452e-03,  4.3081542978727780e-02, -1.0601853507380582e-01,  2.7948075247988369e-01, -1.7431448861818789e-04,  2.8436498559700814e-05,  3.8571752709665300e-02,  2.0276624312643308e-04, -1.0151369024894320e-05,  1.1487152201672891e-06,  2.3077427539764813e-03, -5.3364362373467034e-05
 9.3900000000000006e+00,  6.3370091097018110e+02,  4.7151021032612123e-02,  2.9861911241095520e+01, -2.3734788287801251e-02,  8.8647292626273119e-02,  5.0275376260759308e-01,  5.9515534299805304e+03,  2.0050948067682262e+02, -1.5017899998681294e+04,  1.0016838279045876e+01,  2.8491144228794174e+00,  4.7994168364004688e+00,  4.5664689359940121e-03,  4.3081827401149138e-02, -1.0563270215957148e-01,  2.7948277747409683e-01, -1.7441588060244952e-04,  2.8447478350735518e-05,  3.8594805661982527e-02,  2.0222513577583965e-04, -1.0127027827433898e-05,  1.0472429867736557e-06,  2.3028477094678571e-03, -5.4857107745223239e-05
 9.4000000000000004e+00,  6.3370090276657368e+02,  4.7210795864200010e-02,  2.9861931863533751e+01, -2.3734805719380088e-02,  8.8647295600823253e-02,  5.0275375240323139e-01,  5.9578792691559565e+03,  2.0098923769970833e+02, -1.5017921199843804e+04,  1.0016854998450219e+01,  2.8491129045198713e+00,  4.8045282467996016e+00,  4.5647242708365962e-03,  4.3082111928294795e-02, -1.0524663896056619e-01,  2.7948479698259920e-01, -1.7451702946794819e-04,  2.8457450463801377e-05,  3.8617809687068037e-02,  2.0166917638620317e-04, -1.0102745272300581e-05,  9.4717962639827162e-07,  2.2979573076343665e-03, -5.6334770182078405e-05
 9.4100000000000001e+00,  6.3370089500331005e+02,  4.7270604978916470e-02,  2.9861952513195209e+01, -2.3734823200570999e-02,  8.8647298544244621e-02,  5.0275374230732006e-01,  5.9642050654030727e+03,  2.0146955951475968e+02, -1.5017942400542319e+04,  1.0016871717539571e+01,  2.8491113847174203e+00,  4.8096396570966231e+00,  4.5629785954046532e-03,  4.3082396550158414e-02, -1.0486034596583013e-01,  2.7948681085762456e-01, -1.7461793580492355e-04,  2.8466428954321883e-05,  3.8640764832789103e-02,  2.0109851582295486e-04, -1.0078522122772701e-05,  8.4851847770298929e-07,  2.2930718365788837e-03, -5.7797342467582859e-05
 9.4199999999999999e+00,  6.3370088767920618e+02,  4.7330448289773598e-02,  2.9861973189477521e+01, -2.3734840730605625e-02,  8.8647301456913519e-02,  5.0275373231902398e-01,  5.9705308186758211e+03,  2.0195044611878492e+02, -1.5017963600776573e+04,  1.0016888436313360e+01,  2.8491098634716034e+00,  4.8147510672925362e+00,  4.5612319121204978e-03,  4.3082681256873881e-02, -1.0447382366391042e-01,  2.7948881895291566e-01, -1.7471860021098785e-04,  2.8474427794106856e-05,  3.8663671149539440e-02,  2.0051330504034388e-04, -1.0054359090086880e-05,  7.5124947929164787e-07,  2.2881915134887886e-03, -5.9244814054617874e-05
 9.4299999999999997e+00,  6.3370088079304776e+02,  4.7390325710065878e-02,  2.9861993891784504e+01, -2.3734858308723739e-02,  8.8647304339202621e-02,  5.0275372243751337e-01,  5.9768565289281341e+03,  2.0243189750858821e+02, -1.5017984800546305e+04,  1.0016905154771022e+01,  2.8491083407819606e+00,  4.8198624773883392e+00,  4.5594842234004335e-03,  4.3082966038714296e-02, -1.0408707254283936e-01,  2.7949082112372536e-01, -1.7481902329112589e-04,  2.8481460873434113e-05,  3.8686528690235054e-02,  1.9991369507033489e-04, -1.0030256937521447e-05,  6.5536638615973383e-07,  2.2833166256342884e-03, -6.0677179947179840e-05
 9.4399999999999995e+00,  6.3370087434359084e+02,  4.7450237153372030e-02,  2.9862014619526153e+01, -2.3734875934173179e-02,  8.8647307191481006e-02,  5.0275371266196289e-01,  5.9831821961139294e+03,  2.0291391368096961e+02, -1.5018005999851259e+04,  1.0016921872912002e+01,  2.8491068166480358e+00,  4.8249738873850196e+00,  4.5577355316546754e-03,  4.3083250886091350e-02, -1.0370009309010574e-01,  2.7949281722681707e-01, -1.7491920565802647e-04,  2.8487542007638885e-05,  3.8709337510614027e-02,  1.9929983700038610e-04, -1.0006216445700192e-05,  5.6086045530082874e-07,  2.2784474508482900e-03, -6.2094434039031081e-05
 9.4500000000000011e+00,  6.3370086832956167e+02,  4.7510182533556773e-02,  2.9862035372118591e+01, -2.3734893606209798e-02,  8.8647310014114203e-02,  5.0275370299155286e-01,  5.9895078201871147e+03,  2.0339649463272514e+02, -1.5018027198691187e+04,  1.0016938590735752e+01,  2.8491052910693826e+00,  4.8300852972835608e+00,  4.5559858392872727e-03,  4.3083535789554449e-02, -1.0331288579262703e-01,  2.7949480712046537e-01, -1.7501914793149399e-04,  2.8492684925327823e-05,  3.8732097668852682e-02,  1.9867188196796883e-04, -9.9822382478007403e-06,  4.6772308248670748e-07,  2.2735841968820874e-03, -6.3496572444412839e-05
 9.4600000000000009e+00,  6.3370086274965729e+02,  4.7570161764772696e-02,  2.9862056148984053e+01, -2.3734911324097399e-02,  8.8647312807464157e-02,  5.0275369342546816e-01,  5.9958334011015804e+03,  2.0387964036064639e+02, -1.5018048397065842e+04,  1.0016955308241727e+01,  2.8491037640455552e+00,  4.8351967070849362e+00,  4.5542351486960453e-03,  4.3083820739789856e-02, -1.0292545113672863e-01,  2.7949679066445643e-01, -1.7511885073832743e-04,  2.8496903275305237e-05,  3.8754809225540053e-02,  1.9802998115492777e-04, -9.9583231157750285e-06,  3.7594691248978235e-07,  2.2687271399036558e-03, -6.4883590167322247e-05
 9.4700000000000006e+00,  6.3370085760254585e+02,  4.7630174761462016e-02,  2.9862076949550854e+01, -2.3734929087107687e-02,  8.8647315571889332e-02,  5.0275368396289855e-01,  6.0021589388112070e+03,  2.0436335086152098e+02, -1.5018069594974986e+04,  1.0016972025429393e+01,  2.8491022355761153e+00,  4.8403081167901156e+00,  4.5524834622725063e-03,  4.3084105727619955e-02, -1.0253778960811624e-01,  2.7949876772008847e-01, -1.7521831471271058e-04,  2.8500210627613927e-05,  3.8777472243806947e-02,  1.9737428576527692e-04, -9.9344717608561356e-06,  2.8552354924827990e-07,  2.2638765134753570e-03, -6.6255487762847997e-05
 9.4800000000000004e+00,  6.3370085288686687e+02,  4.7690221438358264e-02,  2.9862097773253360e+01, -2.3734946894520222e-02,  8.8647318307744610e-02,  5.0275367460303877e-01,  6.0084844332698613e+03,  2.0484762613213218e+02, -1.5018090792418383e+04,  1.0016988742298219e+01,  2.8491007056606286e+00,  4.8454195264000548e+00,  4.5507307824017912e-03,  4.3084390744002408e-02, -1.0214990169185251e-01,  2.7950073815017173e-01, -1.7531754049572606e-04,  2.8502620475976455e-05,  3.8800086789333436e-02,  1.9670494701140993e-04, -9.9106848422407578e-06,  1.9644612325731840e-07,  2.2590325918226814e-03, -6.7612263010555340e-05
 9.4900000000000002e+00,  6.3370084860123143e+02,  4.7750301710488052e-02,  2.9862118619531955e+01, -2.3734964745622346e-02,  8.8647321015381392e-02,  5.0275366534508847e-01,  6.0148098844313954e+03,  2.0533246616925899e+02, -1.5018111989395804e+04,  1.0017005458847686e+01,  2.8490991742986664e+00,  4.8505309359157103e+00,  4.5489771114625918e-03,  4.3084675780029474e-02, -1.0176178787232959e-01,  2.7950270181902870e-01, -1.7541652873533645e-04,  2.8504146222866396e-05,  3.8822652930242806e-02,  1.9602211611680493e-04, -9.8869630798391394e-06,  1.0870325473089545e-07,  2.2541955900513408e-03, -6.8953915910444251e-05
 9.5000000000000000e+00,  6.3370084474422276e+02,  4.7810415493172755e-02,  2.9862139487833023e+01, -2.3734982639709135e-02,  8.8647323695147648e-02,  5.0275365618825207e-01,  6.0211352922496480e+03,  2.0581787096967608e+02, -1.5018133185907023e+04,  1.0017022175077276e+01,  2.8490976414898048e+00,  4.8556423453380244e+00,  4.5472224518270845e-03,  4.3084960826926866e-02, -1.0137344863324767e-01,  2.7950465859249407e-01, -1.7551528008635651e-04,  2.8504801191306990e-05,  3.8845170736938460e-02,  1.9532594428828682e-04, -9.8633071241725805e-06,  2.2290433387973491e-08,  2.2493657490797307e-03, -7.0280449793183817e-05
 9.5099999999999998e+00,  6.3370084131439637e+02,  4.7870562702030106e-02,  2.9862160377608905e+01, -2.3735000576083357e-02,  8.8647326347387881e-02,  5.0275364713173876e-01,  6.0274606566784423e+03,  2.0630384053015376e+02, -1.5018154381951821e+04,  1.0017038890986480e+01,  2.8490961072336236e+00,  4.8607537546679360e+00,  4.5454668058608648e-03,  4.3085245876053301e-02, -1.0098488445759084e-01,  2.7950660833791446e-01, -1.7561379521027965e-04,  2.8504598634932539e-05,  3.8867640282302378e-02,  1.9461658271325148e-04, -9.8397176604568575e-06, -6.2801708278217747e-08,  2.2445433237040361e-03, -7.1591865213885549e-05
 9.5199999999999996e+00,  6.3370083831028046e+02,  4.7930743252975930e-02,  2.9862181288317881e+01, -2.3735018554055399e-02,  8.8647328972443096e-02,  5.0275363817476271e-01,  6.0337859776715886e+03,  2.0679037484745791e+02, -1.5018175577529983e+04,  1.0017055606574797e+01,  2.8490945715297107e+00,  4.8658651639063768e+00,  4.5437101759228790e-03,  4.3085530918899564e-02, -1.0059609582760164e-01,  2.7950855092414834e-01, -1.7571207477553821e-04,  2.8503551718559501e-05,  3.8890061641639599e-02,  1.9389418254856373e-04, -9.8161953912549747e-06, -1.4658156632930200e-07,  2.2397285437404223e-03, -7.2888167723664571e-05
 9.5299999999999994e+00,  6.3370083573037607e+02,  4.7990957062225684e-02,  2.9862202219424137e+01, -2.3735036572943222e-02,  8.8647331570650939e-02,  5.0275362931654255e-01,  6.0401112551828810e+03,  2.0727747391835001e+02, -1.5018196772641295e+04,  1.0017072321841733e+01,  2.8490930343776513e+00,  4.8709765730542678e+00,  4.5419525643653541e-03,  4.3085815947087672e-02, -1.0020708322475806e-01,  2.7951048622156544e-01, -1.7581011945679389e-04,  2.8501673526163692e-05,  3.8912434892447868e-02,  1.9315889490388678e-04, -9.7927408630030891e-06, -2.2905691232641096e-07,  2.2349216186043110e-03, -7.4169361208288297e-05
 9.5400000000000009e+00,  6.3370083357315752e+02,  4.8051204046295988e-02,  2.9862223170397733e+01, -2.3735054632072306e-02,  8.8647334142345671e-02,  5.0275362055630191e-01,  6.0464364891660998e+03,  2.0776513773958715e+02, -1.5018217967285555e+04,  1.0017089036786796e+01,  2.8490914957770443e+00,  4.8760879821125300e+00,  4.5401939735337429e-03,  4.3086100952370088e-02, -9.9817847129752627e-02,  2.7951241410204641e-01, -1.7590792993547730e-04,  2.8498977059849569e-05,  3.8934760114828361e-02,  1.9241087083897524e-04, -9.7693548736774842e-06, -3.1023635049805241e-07,  2.2301228574936093e-03, -7.5435451774009477e-05
 9.5500000000000007e+00,  6.3370083183707277e+02,  4.8111484122006311e-02,  2.9862244140714584e+01, -2.3735072730775599e-02,  8.8647336687858111e-02,  5.0275361189326884e-01,  6.0527616795750064e+03,  2.0825336630792162e+02, -1.5018239161462558e+04,  1.0017105751409510e+01,  2.8490899557274876e+00,  4.8811993910820686e+00,  4.5384344057666443e-03,  4.3086385926628869e-02, -9.9428388022461442e-02,  2.7951433443898221e-01, -1.7600550689940631e-04,  2.8495475244694808e-05,  3.8957037391046528e-02,  1.9165026133860917e-04, -9.7460379090007197e-06, -3.9012668096029543e-07,  2.2253323854471824e-03, -7.6686448302612999e-05
 9.5600000000000005e+00,  6.3370083052054383e+02,  4.8171797206480377e-02,  2.9862265129856414e+01, -2.3735090868393462e-02,  8.8647339207515774e-02,  5.0275360332667640e-01,  6.0590868263633502e+03,  2.0874215962010149e+02, -1.5018260355172108e+04,  1.0017122465709384e+01,  2.8490884142285862e+00,  4.8863107999637885e+00,  4.5366738633957548e-03,  4.3086670861874982e-02, -9.9038706381931713e-02,  2.7951624710727319e-01, -1.7610285104265592e-04,  2.8491180924933908e-05,  3.8979266805634072e-02,  1.9087721730981906e-04, -9.7227907409212764e-06, -4.6873727121978573e-07,  2.2205505320616993e-03, -7.7922357455409975e-05
 9.5700000000000003e+00,  6.3370082962196670e+02,  4.8232143217147701e-02,  2.9862286137310747e+01, -2.3735109044273610e-02,  8.8647341701642804e-02,  5.0275359485576210e-01,  6.0654119294848633e+03,  2.0923151767287010e+02, -1.5018281548414012e+04,  1.0017139179685962e+01,  2.8490868712799484e+00,  4.8914222087585850e+00,  4.5349123487457912e-03,  4.3086955750247367e-02, -9.8648802686348777e-02,  2.7951815198332841e-01, -1.7619996306554963e-04,  2.8486106859113620e-05,  3.9001448445415282e-02,  1.9009188957364435e-04, -9.6996138378162259e-06, -5.4607589283775069e-07,  2.2157774241805374e-03, -7.9143189779532541e-05
 9.5800000000000001e+00,  6.3370082913971191e+02,  4.8292522071745052e-02,  2.9862307162570865e+01, -2.3735127257771063e-02,  8.8647344170560041e-02,  5.0275358647976809e-01,  6.0717369888932626e+03,  2.0972144046296617e+02, -1.5018302741188083e+04,  1.0017155893338776e+01,  2.8490853268811875e+00,  4.8965336174673455e+00,  4.5331498641344439e-03,  4.3087240584012164e-02, -9.8258677413023424e-02,  2.7952004894506466e-01, -1.7629684367438005e-04,  2.8480265728756445e-05,  3.9023582399271839e-02,  1.8929442885118734e-04, -9.6765079282694314e-06, -6.2215017859748471e-07,  2.2110133471310131e-03, -8.0348954711876406e-05
 9.5899999999999999e+00,  6.3370082907212509e+02,  4.8352933688317903e-02,  2.9862328205135782e+01, -2.3735145508248096e-02,  8.8647346614585038e-02,  5.0275357819794131e-01,  6.0780620045422475e+03,  2.1021192798712383e+02, -1.5018323933494135e+04,  1.0017172606667360e+01,  2.8490837810319207e+00,  4.9016450260909519e+00,  4.5313864118723037e-03,  4.3087525355561943e-02, -9.7868331038363357e-02,  2.7952193787190543e-01, -1.7639349358194509e-04,  2.8473670136281488e-05,  3.9045668758691671e-02,  1.8848498575252794e-04, -9.6534735847396367e-06, -6.9696831639379431e-07,  2.2062585368355201e-03, -8.1539665020006355e-05
 9.5999999999999996e+00,  6.3370082941752685e+02,  4.8413377985221814e-02,  2.9862349264510215e+01, -2.3735163795074180e-02,  8.8647349034032041e-02,  5.0275357000953302e-01,  6.0843869763855000e+03,  2.1070298024207250e+02, -1.5018345125331989e+04,  1.0017189319671269e+01,  2.8490822337317718e+00,  4.9067564346302799e+00,  4.5296219942628051e-03,  4.3087810057414890e-02, -9.7477764037849607e-02,  2.7952381864477971e-01, -1.7648991350681058e-04,  2.8466332603269746e-05,  3.9067707617118086e-02,  1.8766371076007050e-04, -9.6305113883592078e-06, -7.7053828595466896e-07,  2.2015131484477250e-03, -8.2715333471487156e-05
 9.6099999999999994e+00,  6.3370083017421325e+02,  4.8473854881123865e-02,  2.9862370340204553e+01, -2.3735182117625941e-02,  8.8647351429211999e-02,  5.0275356191379905e-01,  6.0907119043766870e+03,  2.1119459722453686e+02, -1.5018366316701467e+04,  1.0017206032350057e+01,  2.8490806849803665e+00,  4.9118678430861982e+00,  4.5278566136021676e-03,  4.3088094682214008e-02, -9.7086976886021012e-02,  2.7952569114612064e-01, -1.7658610417338135e-04,  2.8458265564216567e-05,  3.9089699070100348e-02,  1.8683075422852707e-04, -9.6076219289324207e-06, -8.4286952417566838e-07,  2.1967774486983203e-03, -8.3875972833868712e-05
 9.6200000000000010e+00,  6.3370083134045626e+02,  4.8534364295003997e-02,  2.9862391431734835e+01, -2.3735200475287089e-02,  8.8647353800432704e-02,  5.0275355391000021e-01,  6.0970367884694588e+03,  2.1168677893123697e+02, -1.5018387507602400e+04,  1.0017222744703275e+01,  2.8490791347773348e+00,  4.9169792514595683e+00,  4.5260902721793372e-03,  4.3088379222726174e-02, -9.6695970056447547e-02,  2.7952755525986428e-01, -1.7668206631179053e-04,  2.8449481375562324e-05,  3.9111643215415798e-02,  1.8598626636833060e-04, -9.5848057529005873e-06, -9.1396820667265377e-07,  2.1920516143911031e-03, -8.5021599205414478e-05
 9.6300000000000008e+00,  6.3370083291450385e+02,  4.8594906146156289e-02,  2.9862412538622713e+01, -2.3735218867448386e-02,  8.8647356147998638e-02,  5.0275354599740130e-01,  6.1033616286174438e+03,  2.1217952535888782e+02, -1.5018408698034616e+04,  1.0017239456730497e+01,  2.8490775831223156e+00,  4.9220906597512419e+00,  4.5243229722759315e-03,  4.3088663671841519e-02, -9.6304744021712643e-02,  2.7952941087144800e-01, -1.7677780065799455e-04,  2.8439992323659509e-05,  3.9133540152880425e-02,  1.8513039723444931e-04, -9.5620634847641470e-06, -9.8384217439577456e-07,  2.1873358778402396e-03, -8.6152227574135885e-05
 9.6400000000000006e+00,  6.3370083489458057e+02,  4.8655480354190386e-02,  2.9862433660395432e+01, -2.3735237293507582e-02,  8.8647358472211127e-02,  5.0275353817527180e-01,  6.1096864247742578e+03,  2.1267283650419981e+02, -1.5018429887997954e+04,  1.0017256168431294e+01,  2.8490760300149427e+00,  4.9272020679620692e+00,  4.5225547161661774e-03,  4.3088948022572647e-02, -9.5913299253389955e-02,  2.7953125786780897e-01, -1.7687330795377316e-04,  2.8429810601874379e-05,  3.9155389984477235e-02,  1.8426329671528523e-04, -9.5393956709575913e-06, -1.0525021826302443e-06,  2.1826304415218756e-03, -8.7267876258682439e-05
 9.6500000000000004e+00,  6.3370083727888755e+02,  4.8716086839032627e-02,  2.9862454796585784e+01, -2.3735255752869354e-02,  8.8647360773368308e-02,  5.0275353044288584e-01,  6.1160111768934967e+03,  2.1316671236387842e+02, -1.5018451077492253e+04,  1.0017272879805235e+01,  2.8490744754548660e+00,  4.9323134760928893e+00,  4.5207855061168561e-03,  4.3089232268053557e-02, -9.5521636222023115e-02,  2.7953309613738231e-01, -1.7696858894624407e-04,  2.8418948323436551e-05,  3.9177192814241063e-02,  1.8338511451887864e-04, -9.5168028232260518e-06, -1.1199535049355925e-06,  2.1779355112439931e-03, -8.8368563022637618e-05
 9.6600000000000001e+00,  6.3370084006560307e+02,  4.8776725520927419e-02,  2.9862475946732101e+01, -2.3735274244945287e-02,  8.8647363051765099e-02,  5.0275352279952157e-01,  6.1223358849287379e+03,  2.1366115293462425e+02, -1.5018472266517356e+04,  1.0017289590851904e+01,  2.8490729194417299e+00,  4.9374248841445390e+00,  4.5190153443872526e-03,  4.3089516401539116e-02, -9.5129755397105151e-02,  2.7953492557009935e-01, -1.7706364438788697e-04,  2.8407417526633057e-05,  3.9198948748264129e-02,  1.8249600017839320e-04, -9.4942855053546545e-06, -1.1862058557632844e-06,  2.1732512933692978e-03, -8.9454305074458318e-05
 9.6699999999999999e+00,  6.3370084325288281e+02,  4.8837396320438403e-02,  2.9862497110378207e+01, -2.3735292769153784e-02,  8.8647365307693349e-02,  5.0275351524446210e-01,  6.1286605488335417e+03,  2.1415615821313301e+02, -1.5018493455073110e+04,  1.0017306301570896e+01,  2.8490713619751875e+00,  4.9425362921178460e+00,  4.5172442332290985e-03,  4.3089800416404089e-02, -9.4737657247057849e-02,  2.7953674605738588e-01, -1.7715847503686275e-04,  2.8395230165443371e-05,  3.9220657894630112e-02,  1.8159610302715233e-04, -9.4718442898021484e-06, -1.2512663821740411e-06,  2.1685779798275942e-03, -9.0525125173716557e-05
 9.6799999999999997e+00,  6.3370084683886000e+02,  4.8898099158449636e-02,  2.9862518287073403e+01, -2.3735311324920044e-02,  8.8647367541441729e-02,  5.0275350777699457e-01,  6.1349851685614494e+03,  2.1465172819609541e+02, -1.5018514643159368e+04,  1.0017323011961796e+01,  2.8490698030548964e+00,  4.9476477000136301e+00,  4.5154721748865154e-03,  4.3090084306142425e-02, -9.4345342239212565e-02,  2.7953855749215989e-01, -1.7725308165662321e-04,  2.8382398112661907e-05,  3.9242320363557105e-02,  1.8068557218476163e-04, -9.4494796622911083e-06, -1.3151441741188769e-06,  2.1639158055698307e-03, -9.1581043304426752e-05
 9.6899999999999995e+00,  6.3370085082164599e+02,  4.8958833956166854e-02,  2.9862539476372429e+01, -2.3735329911675995e-02,  8.8647369753295804e-02,  5.0275350039641042e-01,  6.1413097440659831e+03,  2.1514786288019718e+02, -1.5018535830775982e+04,  1.0017339722024206e+01,  2.8490682426805152e+00,  4.9527591078327085e+00,  4.5136991715959661e-03,  4.3090368064366343e-02, -9.3952810839786724e-02,  2.7954035976882957e-01, -1.7734746501559174e-04,  2.8368933163364946e-05,  3.9263936267047148e-02,  1.7976455656264385e-04, -9.4271921345632826e-06, -1.3778456847688773e-06,  2.1592648931364894e-03, -9.2622081115921443e-05
 9.7000000000000011e+00,  6.3370085519933025e+02,  4.9019600635118489e-02,  2.9862560677835440e+01, -2.3735348528860251e-02,  8.8647371943538056e-02,  5.0275349310200590e-01,  6.1476342753006475e+03,  2.1564456226211914e+02, -1.5018557017922811e+04,  1.0017356431757731e+01,  2.8490666808517098e+00,  4.9578705155758893e+00,  4.5119252255862033e-03,  4.3090651684805692e-02, -9.3560063513871569e-02,  2.7954215278329114e-01, -1.7744162588731303e-04,  2.8354847040818782e-05,  3.9285505719020966e-02,  1.7883320484467406e-04, -9.4049822096918318e-06, -1.4393788244635718e-06,  2.1546255016266368e-03, -9.3648262478028389e-05
 9.7100000000000009e+00,  6.3370085996998102e+02,  4.9080399117156857e-02,  2.9862581891027968e+01, -2.3735367175918051e-02,  8.8647374112447885e-02,  5.0275348589308111e-01,  6.1539587622189247e+03,  2.1614182633853679e+02, -1.5018578204599717e+04,  1.0017373141161972e+01,  2.8490651175681485e+00,  4.9629819232439711e+00,  4.5101503390782196e-03,  4.3090935161307159e-02, -9.3167100725406252e-02,  2.7954393643292647e-01, -1.7753556505067795e-04,  2.8340151371487091e-05,  3.9307028835618991e-02,  1.7789166547599702e-04, -9.3828504601354946e-06, -1.4997550423779344e-06,  2.1499978172801830e-03, -9.4659611260543161e-05
 9.7200000000000006e+00,  6.3370086513164551e+02,  4.9141229324459260e-02,  2.9862603115520908e+01, -2.3735385852301227e-02,  8.8647376260301655e-02,  5.0275347876894061e-01,  6.1602832047742804e+03,  2.1663965510612081e+02, -1.5018599390806563e+04,  1.0017389850236549e+01,  2.8490635528295054e+00,  4.9680933308377524e+00,  4.5083745142851898e-03,  4.3091218487833122e-02, -9.2773922937159206e-02,  2.7954571061660066e-01, -1.7762928328948974e-04,  2.8324857700296517e-05,  3.9328505734769072e-02,  1.7694008665192595e-04, -9.3607973022245662e-06, -1.5589791957371756e-06,  2.1453820127360439e-03, -9.5656153553673378e-05
 9.7300000000000004e+00,  6.3370087068235000e+02,  4.9202091179529048e-02,  2.9862624350890478e+01, -2.3735404557468132e-02,  8.8647378387372633e-02,  5.0275347172889362e-01,  6.1666076029201604e+03,  2.1713804856153666e+02, -1.5018620576543217e+04,  1.0017406558981079e+01,  2.8490619866354545e+00,  4.9732047383580227e+00,  4.5065977534124299e-03,  4.3091501658461165e-02, -9.2380530610710887e-02,  2.7954747523465950e-01, -1.7772278139206591e-04,  2.8308977510772041e-05,  3.9349936536069309e-02,  1.7597861631524588e-04, -9.3388232130096711e-06, -1.6170587091580282e-06,  2.1407782473116055e-03, -9.6637913782342223e-05
 9.7400000000000002e+00,  6.3370087662010042e+02,  4.9262984605196576e-02,  2.9862645596718192e+01, -2.3735423290883607e-02,  8.8647380493931158e-02,  5.0275346477225302e-01,  6.1729319566099903e+03,  2.1763700670144470e+02, -1.5018641761809551e+04,  1.0017423267395188e+01,  2.8490604189856774e+00,  4.9783161458055627e+00,  4.5048200586573486e-03,  4.3091784667383337e-02, -9.1986924206437837e-02,  2.7954923018892697e-01, -1.7781606015182560e-04,  2.8292522194842732e-05,  3.9371321361109247e-02,  1.7500740214782359e-04, -9.3169287389287076e-06, -1.6740044767039211e-06,  2.1361867606762642e-03, -9.7604919702125312e-05
 9.7500000000000000e+00,  6.3370088294288246e+02,  4.9323909524620325e-02,  2.9862666852590831e+01, -2.3735442052018930e-02,  8.8647382580244544e-02,  5.0275345789833636e-01,  6.1792562657971757e+03,  2.1813652952250007e+02, -1.5018662946605440e+04,  1.0017439975478505e+01,  2.8490588498798579e+00,  4.9834275531811532e+00,  4.5030414322093934e-03,  4.3092067508905062e-02, -9.1593104183488719e-02,  2.7955097538270246e-01, -1.7790912036691508e-04,  2.8275503061864819e-05,  3.9392660333374137e-02,  1.7402659154841887e-04, -9.2951142789680719e-06, -1.7298221188789169e-06,  2.1316076923017869e-03, -9.8557200178821285e-05
 9.7599999999999998e+00,  6.3370088964866204e+02,  4.9384865861287833e-02,  2.9862688118100415e+01, -2.3735460840351750e-02,  8.8647384646577079e-02,  5.0275345110646519e-01,  6.1855805304351015e+03,  2.1863661702135272e+02, -1.5018684130930762e+04,  1.0017456683230664e+01,  2.8490572793176852e+00,  4.9885389604855606e+00,  4.5012618762500104e-03,  4.3092350177444574e-02, -9.1199070999770371e-02,  2.7955271072075794e-01, -1.7800196283994753e-04,  2.8257931345560587e-05,  3.9413953578165829e-02,  1.7303633163268475e-04, -9.2733803275239563e-06, -1.7845211419676637e-06,  2.1270412660368905e-03, -9.9494782968005758e-05
 9.7699999999999996e+00,  6.3370089673538541e+02,  4.9445853539016656e-02,  2.9862709392844170e+01, -2.3735479655366057e-02,  8.8647386693190153e-02,  5.0275344439596548e-01,  6.1919047504771343e+03,  2.1913726919464736e+02, -1.5018705314785397e+04,  1.0017473390651300e+01,  2.8490557072988505e+00,  4.9936503677195487e+00,  4.4994813929525946e-03,  4.3092632667531973e-02, -9.0804825111925419e-02,  2.7955443610933511e-01, -1.7809458837817654e-04,  2.8239818195691705e-05,  3.9435201222599310e-02,  1.7203676922761623e-04, -9.2517273182772314e-06, -1.8381088318087608e-06,  2.1224876206594541e-03, -1.0041769804570040e-04
 9.7799999999999994e+00,  6.3370090420097983e+02,  4.9506872481955323e-02,  2.9862730676424508e+01, -2.3735498496552116e-02,  8.8647388720342182e-02,  5.0275343776616710e-01,  6.1982289258766168e+03,  2.1963848603902346e+02, -1.5018726498169228e+04,  1.0017490097740058e+01,  2.8490541338230493e+00,  4.9987617748838797e+00,  4.4976999844824469e-03,  4.3092914973808488e-02, -9.0410366975318401e-02,  2.7955615145614249e-01, -1.7818699779335010e-04,  2.8221174683607836e-05,  3.9456403395411149e-02,  1.7102805085210626e-04, -9.2301557196015926e-06, -1.8905935844634958e-06,  2.1179469424090131e-03, -1.0132597705324339e-04
 9.7900000000000009e+00,  6.3370091204335358e+02,  4.9567922614584231e-02,  2.9862751968448990e+01, -2.3735517363406441e-02,  8.8647390728288700e-02,  5.0275343121640437e-01,  6.2045530565868758e+03,  2.2014026755111524e+02, -1.5018747681082141e+04,  1.0017506804496591e+01,  2.8490525588899822e+00,  5.0038731819793023e+00,  4.4959176529967273e-03,  4.3093197091025645e-02, -9.0015697044017143e-02,  2.7955785667035216e-01, -1.7827919190151382e-04,  2.8202011803991384e-05,  3.9477560227087316e-02,  1.7001032270867985e-04, -9.2086659131394910e-06, -1.9419823388264355e-06,  2.1134193928237710e-03, -1.0221965163202681e-04
 9.8000000000000007e+00,  6.3370092026039606e+02,  4.9629003861716453e-02,  2.9862773268530297e+01, -2.3735536255431726e-02,  8.8647392717282281e-02,  5.0275342474601570e-01,  6.2108771425612103e+03,  2.2064261372755132e+02, -1.5018768863524027e+04,  1.0017523510920549e+01,  2.8490509824993526e+00,  5.0089845890065616e+00,  4.4941344006444164e-03,  4.3093479014044568e-02, -8.9620815770776602e-02,  2.7955955166259666e-01, -1.7837117152293169e-04,  2.8182340473804124e-05,  3.9498671849954599e-02,  1.6898373067786659e-04, -9.1872583672662516e-06, -1.9922836991260481e-06,  2.1089051799317647e-03, -1.0309875453363033e-04
 9.8100000000000005e+00,  6.3370092884997871e+02,  4.9690116148498768e-02,  2.9862794576286202e+01, -2.3735555172136789e-02,  8.8647394687572670e-02,  5.0275341835434340e-01,  6.2172011837529044e+03,  2.2114552456495528e+02, -1.5018790045494778e+04,  1.0017540217011586e+01,  2.8490494046508648e+00,  5.0140959959664002e+00,  4.4923502295662688e-03,  4.3093760737835121e-02, -8.9225723607018068e-02,  2.7956123634496571e-01, -1.7846293748225957e-04,  2.8162171521184987e-05,  3.9519738398030725e-02,  1.6794842031542603e-04, -9.1659334983122426e-06, -2.0415068247015873e-06,  2.1044044352936729e-03, -1.0396331795448520e-04
 9.8200000000000003e+00,  6.3370093780995478e+02,  4.9751259400412286e-02,  2.9862815891339547e+01, -2.3735574113036555e-02,  8.8647396639406725e-02,  5.0275341204073409e-01,  6.2235251801152190e+03,  2.2164900005994517e+02, -1.5018811226994289e+04,  1.0017556922769371e+01,  2.8490478253442308e+00,  5.0192074028595490e+00,  4.4905651418947713e-03,  4.3094042257474992e-02, -8.8830421002816004e-02,  2.7956291063100297e-01, -1.7855449060806062e-04,  2.8141515697605635e-05,  3.9540760006824001e-02,  1.6690453683299378e-04, -9.1446916618974094e-06, -2.0896578911689724e-06,  2.0999173233616558e-03, -1.0481337853196940e-04
 9.8300000000000001e+00,  6.3370094713815979e+02,  4.9812433543273388e-02,  2.9862837213318205e+01, -2.3735593077651985e-02,  8.8647398573028405e-02,  5.0275340580453842e-01,  6.2298491316013924e+03,  2.2215304020913365e+02, -1.5018832408022457e+04,  1.0017573628193567e+01,  2.8490462445791644e+00,  5.0243188096867382e+00,  4.4887791397541076e-03,  4.3094323568149073e-02, -8.8434908406881604e-02,  2.7956457443570237e-01, -1.7864583173313219e-04,  2.8120383678207395e-05,  3.9561736813631551e-02,  1.6585222509247008e-04, -9.1235333524179462e-06, -2.1367459884792184e-06,  2.0954440381471878e-03, -1.0564896957277365e-04
 9.8399999999999999e+00,  6.3370095683241198e+02,  4.9873638503234459e-02,  2.9862858541855051e+01, -2.3735612065510024e-02,  8.8647400488678960e-02,  5.0275339964511112e-01,  6.2361730381646421e+03,  2.2265764500912795e+02, -1.5018853588579184e+04,  1.0017590333283843e+01,  2.8490446623553831e+00,  5.0294302164486870e+00,  4.4869922252601087e-03,  4.3094604665148556e-02, -8.8039186266543390e-02,  2.7956622767550482e-01, -1.7873696169421819e-04,  2.8098786052436253e-05,  3.9582668957474795e-02,  1.6479162959770829e-04, -9.1024588647768405e-06, -2.1827791657492534e-06,  2.0909847305018220e-03, -1.0647012937959231e-04
 9.8499999999999996e+00,  6.3370096689051229e+02,  4.9934874206784635e-02,  2.9862879876587943e+01, -2.3735631076143578e-02,  8.8647402386596658e-02,  5.0275339356181092e-01,  6.2424968997581645e+03,  2.2316281445652979e+02, -1.5018874768664373e+04,  1.0017607038039881e+01,  2.8490430786726084e+00,  5.0345416231461124e+00,  4.4852044005202233e-03,  4.3094885543870122e-02, -8.7643255027732125e-02,  2.7956787026829433e-01, -1.7882788133174871e-04,  2.8076733334798143e-05,  3.9603556578737972e-02,  1.6372289448896365e-04, -9.0814686413285821e-06, -2.2277643618729808e-06,  2.0865395221337569e-03, -1.0727689236933916e-04
 9.8599999999999994e+00,  6.3370097731024509e+02,  4.9996140580750546e-02,  2.9862901217159688e+01, -2.3735650109091427e-02,  8.8647404267017171e-02,  5.0275338755400067e-01,  6.2488207163351335e+03,  2.2366854854793542e+02, -1.5018895948277928e+04,  1.0017623742461353e+01,  2.8490414935305646e+00,  5.0396530297797248e+00,  4.4834156676334738e-03,  4.3095166199815252e-02, -8.7247115134968647e-02,  2.7956950213339460e-01, -1.7891859149004116e-04,  2.8054235968325896e-05,  3.9624399819390109e-02,  1.6264616353177676e-04, -9.0605630203426361e-06, -2.2717089320775361e-06,  2.0821086089969874e-03, -1.0806929906513535e-04
 9.8700000000000010e+00,  6.3370098808937814e+02,  5.0057437552297010e-02,  2.9862922563218003e+01, -2.3735669163898222e-02,  8.8647406130173287e-02,  5.0275338162104710e-01,  6.2551444878487009e+03,  2.2417484727993562e+02, -1.5018917127419760e+04,  1.0017640446547947e+01,  2.8490399069289789e+00,  5.0447644363502286e+00,  4.4816260286904223e-03,  4.3095446628589489e-02, -8.6850767031344270e-02,  2.7957112319156496e-01, -1.7900909301714693e-04,  2.8031304302384760e-05,  3.9645198823198932e-02,  1.6156158010037801e-04, -9.0397424008086256e-06, -2.3146242561497204e-06,  2.0776921527684814e-03, -1.0884738721460203e-04
 9.8800000000000008e+00,  6.3370099922566305e+02,  5.0118765048927642e-02,  2.9862943914415499e+01, -2.3735688240114405e-02,  8.8647407976295042e-02,  5.0275337576232082e-01,  6.2614682142519951e+03,  2.2468171064911536e+02, -1.5018938306089776e+04,  1.0017657150299351e+01,  2.8490383188675832e+00,  5.0498758428583193e+00,  4.4798354857731306e-03,  4.3095726825901300e-02, -8.6454211158504615e-02,  2.7957273336499661e-01, -1.7909938676494535e-04,  2.8007948607578533e-05,  3.9665953735486412e-02,  1.6046928718316597e-04, -9.0190071556920896e-06, -2.3565147055927165e-06,  2.0732903040222347e-03, -1.0961119623065697e-04
 9.8900000000000006e+00,  6.3370101071683541e+02,  5.0180122998485649e-02,  2.9862965270409649e+01, -2.3735707337296172e-02,  8.8647409805609756e-02,  5.0275336997719666e-01,  6.2677918954981233e+03,  2.2518913865205428e+02, -1.5018959484287892e+04,  1.0017673853715259e+01,  2.8490367293461123e+00,  5.0549872493046921e+00,  4.4780440409551234e-03,  4.3096006787561640e-02, -8.6057447956634558e-02,  2.7957433257730863e-01, -1.7918947358875337e-04,  2.7984179087545732e-05,  3.9686664702884442e-02,  1.5936942736605514e-04, -8.9983576059136609e-06, -2.3973893009677693e-06,  2.0689031755839241e-03, -1.1036076719151326e-04
 9.9000000000000004e+00,  6.3370102256061534e+02,  5.0241511329154311e-02,  2.9862986630862753e+01, -2.3735726455005435e-02,  8.8647411618342026e-02,  5.0275336426505324e-01,  6.2741155315401702e+03,  2.2569713128532635e+02, -1.5018980662014021e+04,  1.0017690556795367e+01,  2.8490351383643038e+00,  5.0600986556900320e+00,  4.4762516963013557e-03,  4.3096286509483051e-02, -8.5660477864446943e-02,  2.7957592075354393e-01, -1.7927935434718830e-04,  2.7960005856767541e-05,  3.9707331873522503e-02,  1.5826214282699594e-04, -8.9777940810724042e-06, -2.4372568546705480e-06,  2.0645309520284975e-03, -1.1109614062033066e-04
 9.9100000000000001e+00,  6.3370103475470751e+02,  5.0302929969457691e-02,  2.9863007995441915e+01, -2.3735745592809755e-02,  8.8647413414713744e-02,  5.0275335862527326e-01,  6.2804391223311977e+03,  2.2620568854549984e+02, -1.5019001839268081e+04,  1.0017707259539373e+01,  2.8490335459218996e+00,  5.0652100620150202e+00,  4.4744584538681798e-03,  4.3096565987678775e-02, -8.5263301319164125e-02,  2.7957749782016517e-01, -1.7936902990232096e-04,  2.7935438953394828e-05,  3.9727955397014250e-02,  1.5714757533036642e-04, -8.9573169454602512e-06, -2.4761238198723834e-06,  2.0601737463211470e-03, -1.1181735870558407e-04
 9.9199999999999999e+00,  6.3370104729680179e+02,  5.0364378848261143e-02,  2.9863029363819013e+01, -2.3735764750282318e-02,  8.8647415194944165e-02,  5.0275335305724300e-01,  6.2867626678242441e+03,  2.2671481042913740e+02, -1.5019023016049992e+04,  1.0017723961946984e+01,  2.8490319520186453e+00,  5.0703214682803335e+00,  4.4726643157033093e-03,  4.3096845218262118e-02, -8.4865918756506675e-02,  2.7957906370505053e-01, -1.7945850111956153e-04,  2.7910488337168956e-05,  3.9748535424392342e-02,  1.5602586620478199e-04, -8.9369265026538117e-06, -2.5139994253021675e-06,  2.0558317292974403e-03, -1.1252446641130600e-04
 9.9299999999999997e+00,  6.3370106018457307e+02,  5.0425857894771879e-02,  2.9863050735670665e+01, -2.3735783927001881e-02,  8.8647416959249811e-02,  5.0275334756035306e-01,  6.2930861679723257e+03,  2.2722449693279600e+02, -1.5019044192359675e+04,  1.0017740664017907e+01,  2.8490303566542856e+00,  5.0754328744866406e+00,  4.4708692838457886e-03,  4.3097124197445519e-02, -8.4468330610676295e-02,  2.7958061833748926e-01, -1.7954776886748604e-04,  2.7885163891503455e-05,  3.9769072108129952e-02,  1.5489715635142229e-04, -8.9166230822505430e-06, -2.5508897077975968e-06,  2.0515050182246851e-03, -1.1321750426063687e-04
 9.9399999999999995e+00,  6.3370107341568200e+02,  5.0487367038539455e-02,  2.9863072110678210e+01, -2.3735803122552711e-02,  8.8647418707844636e-02,  5.0275334213399758e-01,  6.2994096227284354e+03,  2.2773474805302683e+02, -1.5019065368197056e+04,  1.0017757365751857e+01,  2.8490287598285740e+00,  5.0805442806346042e+00,  4.4690733603259597e-03,  4.3097402921539948e-02, -8.4070537314344093e-02,  2.7958216164817756e-01, -1.7963683401795059e-04,  2.7859475418277387e-05,  3.9789565602072009e-02,  1.5376158623846631e-04, -8.8964070138463282e-06, -2.5868049369211891e-06,  2.0471937708929646e-03, -1.1389651832781194e-04
 9.9500000000000011e+00,  6.3370108698777506e+02,  5.0548906209456332e-02,  2.9863093488527671e+01, -2.3735822336524555e-02,  8.8647420440939886e-02,  5.0275333677757483e-01,  6.3057330320455430e+03,  2.2824556378637547e+02, -1.5019086543562058e+04,  1.0017774067148551e+01,  2.8490271615412657e+00,  5.0856556867248841e+00,  4.4672765471654293e-03,  4.3097681386953884e-02, -8.3672539298634802e-02,  2.7958369356921403e-01, -1.7972569744559123e-04,  2.7833432638192164e-05,  3.9810016061418797e-02,  1.5261929587616710e-04, -8.8762785142847630e-06, -2.6217510801226153e-06,  2.0428980984640872e-03, -1.1456155413201560e-04
 9.9600000000000009e+00,  6.3370110089848492e+02,  5.0610475337758344e-02,  2.9863114868909726e+01, -2.3735841568512595e-02,  8.8647422158744299e-02,  5.0275333149048651e-01,  6.3120563958765933e+03,  2.2875694412938142e+02, -1.5019107718454610e+04,  1.0017790768207702e+01,  2.8490255617921147e+00,  5.0907670927581323e+00,  4.4654788463770476e-03,  4.3097959590192712e-02, -8.3274336993115664e-02,  2.7958521403409509e-01, -1.7981436002830823e-04,  2.7807045198391982e-05,  3.9830423642825560e-02,  1.5147042481400742e-04, -8.8562380259203269e-06, -2.6557368804082125e-06,  2.0386181821819595e-03, -1.1521265830261521e-04
 9.9700000000000006e+00,  6.3370111514543066e+02,  5.0672074354025078e-02,  2.9863136251519681e+01, -2.3735860818117398e-02,  8.8647423861463917e-02,  5.0275332627213842e-01,  6.3183797141745090e+03,  2.2926888907857870e+02, -1.5019128892874643e+04,  1.0017807468929041e+01,  2.8490239605808840e+00,  5.0958784987349981e+00,  4.4636802599648633e-03,  4.3098237527857852e-02, -8.2875930825778307e-02,  2.7958672297771031e-01, -1.7990282264709231e-04,  2.7780322666565753e-05,  3.9850788504293563e-02,  1.5031511214347635e-04, -8.8362857308958306e-06, -2.6887694848377645e-06,  2.0343541114188103e-03, -1.1584987580360246e-04
 9.9800000000000004e+00,  6.3370112972621803e+02,  5.0733703189180406e-02,  2.9863157636057444e+01, -2.3735880084944861e-02,  8.8647425549302314e-02,  5.0275332112194004e-01,  6.3247029868921882e+03,  2.2978139863049535e+02, -1.5019150066822089e+04,  1.0017824169312293e+01,  2.8490223579073364e+00,  5.1009899046561200e+00,  4.4618807899241058e-03,  4.3098515196646044e-02, -8.2477321223029809e-02,  2.7958822033633796e-01, -1.7999108618541076e-04,  2.7753274526449194e-05,  3.9871110805068402e-02,  1.4915349648703431e-04, -8.8164219327894630e-06, -2.7208585384742629e-06,  2.0301060435491160e-03, -1.1647325548481076e-04
 9.9900000000000002e+00,  6.3370114463843993e+02,  5.0795361774492821e-02,  2.9863179022227492e+01, -2.3735899368606185e-02,  8.8647427222460440e-02,  5.0275331603930484e-01,  6.3310262139825063e+03,  2.3029447278165361e+02, -1.5019171240296879e+04,  1.0017840869357187e+01,  2.8490207537712386e+00,  5.1061013105221384e+00,  4.4600804382411551e-03,  4.3098792593348381e-02, -8.2078508609676956e-02,  2.7958970604764005e-01, -1.8007915152940364e-04,  2.7725910193774385e-05,  3.9891390705541228e-02,  1.4798571598418112e-04, -8.7966468657888899e-06, -2.7520079964872331e-06,  2.0258740510149284e-03, -1.1708284508583021e-04
 1.0000000000000000e+01,  6.3370115987967665e+02,  5.0857050041575813e-02,  2.9863200409738837e+01, -2.3735918668717812e-02,  8.8647428881136733e-02,  5.0275331102364973e-01,  6.3373493953983143e+03,  2.3080811152856984e+02, -1.5019192413298950e+04,  1.0017857569063462e+01,  2.8490191481723595e+00,  5.1112127163336796e+00,  4.4582792068935178e-03,  4.3099069714849919e-02, -8.1679493408919002e-02,  2.7959118005065764e-01, -1.8012313476373259e-04,  2.7712150153791949e-05,  3.9901520075796303e-02,  1.4740030175875200e-04, -8.7966468657888899e-06, -2.7520079964872331e-06,  2.0258740510149284e-03, -1.1708284508583021e-04
