#              time [s],              Vxb [ft/s],              Vyb [ft/s],              Vzb [ft/s],               p [deg/s],               q [deg/s],               r [deg/s],                 xf [ft],                 yf [ft],                 zf [ft],               phi [deg],             theta [deg],               psi [deg],                da [deg],               deB [deg],                dB [deg],          tau [per-unit],           dadot [deg/s],          deBdot [deg/s],           dBdot [deg/s],     taudot [per-unit/s],        daddot [deg/s/s],       deBddot [deg/s/s],        dBddot [deg/s/s],  tauddot [per-unit/s/s]
 0.0000000000000000e+00,  6.3384412927569042e+02, -2.1574662143679650e-03,  2.6867721768434347e+01, -3.9604936349023970e-02,  1.9127164287154572e-01,  5.0516278628649658e-01,  0.0000000000000000e+00,  0.0000000000000000e+00, -1.5000000000000000e+04,  9.9999999999999982e+00,  2.3903651108681121e+00, -2.4869723644862327e-17,  5.3708704059146229e-03,  1.7424682438704797e+00,  2.6790091075902189e-02,  2.7758322632433702e-01,  1.5539443873209806e+00,  1.9494159508244273e+00, -1.3683974579574798e+00,  0.0000000000000000e+00, -4.3978959107061755e+01, -9.9074633046356357e+00, -3.9245725902083599e+01,  0.0000000000000000e+00
 9.9900099900099900e-03,  6.3384417300904079e+02, -2.5095685015277596e-03,  2.6865511437200571e+01, -4.1593604228037248e-02,  1.9814031605730970e-01,  5.0525278599425605e-01,  6.3376258739552433e+00, -4.6335461549218061e-02, -1.5000000068584030e+04,  9.9998202430711434e+00,  2.3914063088190645e+00,  5.3130358743517193e-03,  2.0894790359171172e-02,  1.7619429286939006e+00,  1.3119786800602691e-02,  2.7758322632433702e-01,  1.3342692669060867e+00,  1.8999281221299436e+00, -1.5644300548709842e+00,  0.0000000000000000e+00, -4.3978959107061755e+01, -9.9074633046356357e+00, -3.9245725902083599e+01,  0.0000000000000000e+00
 1.9980019980019980e-02,  6.3384409377060524e+02, -2.9255685116995490e-03,  2.6863856345006660e+01, -4.7583474205507965e-02,  2.0267475269861790e-01,  5.0547270432100500e-01,  1.2675255437425596e+01, -9.2082091511778916e-02, -1.5000000274516509e+04,  9.9996005905829417e+00,  2.3925032232974455e+00,  1.0637666766183827e-02,  3.2029597017424846e-02,  1.7804288457112378e+00, -4.4672526777638291e-03,  2.7758322632433702e-01,  8.9161926604777986e-01,  1.8366235682476790e+00, -1.7792428842292916e+00,  0.0000000000000000e+00, -4.4639571064771310e+01, -2.7661083825937811e+00, -3.7598025354494724e+00,  0.0000000000000000e+00
 2.9970029970029968e-02,  6.3384390373701706e+02, -3.4239531991847117e-03,  2.6862466619628048e+01, -5.6158613173325343e-02,  2.0504615341992302e-01,  5.0577690409209142e-01,  1.9012887931279977e+01, -1.3723991514573972e-01, -1.5000000618453600e+04,  9.9993080496655686e+00,  2.3936332944820298e+00,  1.5971045158934313e-02,  3.8709361109376561e-02,  1.7986387042832648e+00, -2.2429521575606924e-02,  2.7758322632433702e-01,  3.8002912473881773e-01,  2.2074048456396542e+00, -1.5849133248117597e+00,  0.0000000000000000e+00, -5.7780775225282902e+01,  7.6996520116467309e+01,  4.2664580330839300e+01,  0.0000000000000000e+00
 3.9960039960039960e-02,  6.3384362599165286e+02, -4.0122472079219375e-03,  2.6861014463817693e+01, -6.5882087124089911e-02,  2.0508403662833954e-01,  5.0612340882882056e-01,  2.5350522530010895e+01, -1.8180876950376842e-01, -1.5000001101734919e+04,  9.9989234065535122e+00,  2.3947738641831164e+00,  2.1309828857066341e-02,  3.9622586522695930e-02,  1.8245328386311110e+00, -3.6133852574102683e-02,  2.7758322632433702e-01, -3.0034156329282291e-01,  2.5929854149545557e+00, -1.0430805287219336e+00,  0.0000000000000000e+00, -7.8429436518651542e+01,  1.9670986037603264e-01,  6.5810345446343803e+01,  0.0000000000000000e+00
 4.9950049950049952e-02,  6.3384329161961330e+02, -4.6821373413937530e-03,  2.6859097315898033e+01, -7.4545575139698977e-02,  2.0225171061453320e-01,  5.0645888201258193e-01,  3.1688158417877023e+01, -2.2578824353629279e-01, -1.5000001726715915e+04,  9.9984453795878210e+00,  2.3958990250386667e+00,  2.6649618139347978e-02,  3.2708530673955523e-02,  1.8504466046819572e+00, -4.3270291380240966e-02,  2.7758322632433702e-01, -9.6723672428716034e-01,  2.2254664795367103e+00, -6.4870643445355991e-01,  0.0000000000000000e+00, -5.5082974712414753e+01, -7.3774000731028863e+01,  1.3143348226184646e+01,  0.0000000000000000e+00
 5.9940059940059937e-02,  6.3384293480042766e+02, -5.4108171182635882e-03,  2.6856443666929561e+01, -8.0234643918329226e-02,  1.9692275656367372e-01,  5.0674045372724352e-01,  3.8025794869413701e+01, -2.6917775129988736e-01, -1.5000002496279425e+04,  9.9978942100823254e+00,  2.3969823281456537e+00,  3.1985368465595798e-02,  2.0297177446029394e-02,  1.8689977033571192e+00, -4.9095020095652329e-02,  2.7758322632433702e-01, -1.4546364532842613e+00,  1.5482756830382038e+00, -6.6646559148347384e-01,  0.0000000000000000e+00, -4.2494451032804960e+01, -6.1799596727972002e+01, -1.6698731463573452e+01,  0.0000000000000000e+00
 6.9930069930069935e-02,  6.3384258557274632e+02, -6.1648772943267774e-03,  2.6852902905592124e+01, -8.1443376883983148e-02,  1.8981724822917453e-01,  5.0693407796613177e-01,  4.4363431311509970e+01, -3.1197672741503268e-01, -1.5000003412845414e+04,  9.9973073244869770e+00,  2.3980029125240501e+00,  3.7312630283380027e-02,  3.6448652736705777e-03,  1.8813811837636396e+00, -5.6586287214076610e-02,  2.7758322632433702e-01, -1.7594190361690165e+00,  8.4167948490904965e-01, -6.1761603569959556e-01,  0.0000000000000000e+00, -1.8523022060723036e+01, -7.9660962137484645e+01,  2.6478412531505871e+01,  0.0000000000000000e+00
 7.9920079920079920e-02,  6.3384226730177124e+02, -6.9036425915704157e-03,  2.6848416668557039e+01, -7.7362774638765494e-02,  1.8172227988230094e-01,  5.0701176288049055e-01,  5.0701067326857611e+01, -3.5418468966110161e-01, -1.5000004478061479e+04,  9.9967338547206683e+00,  2.3989470460778652e+00,  4.2627867389278283e-02, -1.4856050049855057e-02,  1.8858144762823750e+00, -6.1435000828910985e-02,  2.7758322632433702e-01, -1.7344714086670887e+00,  2.1996158816821898e-01, -6.1968011140158819e-01,  0.0000000000000000e+00,  2.3517537086609238e+01, -4.4806960790029727e+01, -2.6891640487044739e+01,  0.0000000000000000e+00
 8.9910089910089905e-02,  6.3384199543448926e+02, -7.5866353673111992e-03,  2.6843011396069290e+01, -6.8024072585297468e-02,  1.7337469451600501e-01,  5.0696600291647376e-01,  5.7038702645384127e+01, -3.9580130771403282e-01, -1.5000005692567911e+04,  9.9962273405201199e+00,  2.3998092057878355e+00,  4.7928807419701826e-02, -3.1009908126271236e-02,  1.8857760206900775e+00, -6.8967508221101342e-02,  2.7758322632433702e-01, -1.2434229445129898e+00, -2.0428900675838133e-01, -4.7121907906391214e-01,  0.0000000000000000e+00,  7.4790365437041132e+01, -4.0128008314275668e+01,  5.6613539161047356e+01,  0.0000000000000000e+00
 9.9900099900099903e-02,  6.3384177818896251e+02, -8.1870628862767622e-03,  2.6836744083716635e+01, -5.5095326141245703e-02,  1.6522545317670037e-01,  5.0683293895194215e-01,  6.3376337104570368e+01, -4.3682640878959034e-01, -1.5000007056282522e+04,  9.9958333158573875e+00,  2.4005896389505228e+00,  5.3214348808488666e-02, -3.9699665324839872e-02,  1.8817327778456441e+00, -7.0849967443574566e-02,  2.7758322632433702e-01, -5.9104248719612373e-01, -5.5594343528820866e-01, -2.1470046707127807e-01,  0.0000000000000000e+00,  5.5816202117795441e+01, -3.0273208277395756e+01, -5.2585130401220317e+00,  0.0000000000000000e+00
 1.0989010989010989e-01,  6.3384161905031090e+02, -8.6948937514742791e-03,  2.6829701335825160e+01, -4.0664518813975190e-02,  1.5764151599284457e-01,  5.0665709448539920e-01,  6.9713970619406169e+01, -4.7725999629583848e-01, -1.5000008568598456e+04,  9.9955765653016062e+00,  2.4012925569225985e+00,  5.8484534738529305e-02, -4.2818948829490493e-02,  1.8746682597452582e+00, -7.3257227842905101e-02,  2.7758322632433702e-01, -1.5016471449833688e-01, -6.7124076759668916e-01, -9.6837016533669565e-02,  0.0000000000000000e+00,  3.2447527976301529e+01,  7.1906823492380791e+00,  2.8854775837751305e+01,  0.0000000000000000e+00
 1.1988011988011987e-01,  6.3384151755722769e+02, -9.1092312783576067e-03,  2.6821982783658495e+01, -2.6124914719620983e-02,  1.5080984568635789e-01,  5.0646514850156443e-01,  7.6051603162879232e+01, -5.1710221165513537e-01, -1.5000010228523564e+04,  9.9954644411906663e+00,  2.4019249901148370e+00,  6.3740288782554069e-02, -4.2699959320810638e-02,  1.8683213738976583e+00, -7.2784772968722808e-02,  2.7758322632433702e-01,  5.1264475489802973e-02, -6.5989745220246665e-01,  3.7907502659818937e-01,  0.0000000000000000e+00,  7.8785958593240881e+00, -4.9197506073147395e+00,  6.6422815197246891e+01,  0.0000000000000000e+00
 1.2987012987012986e-01,  6.3384147069323615e+02, -9.4324256709452572e-03,  2.6813660279459999e+01, -1.1984239454322244e-02,  1.4468981846959270e-01,  5.0626546481601165e-01,  8.2389234736082258e+01, -5.5635324147201859e-01, -1.5000012035013673e+04,  9.9954950755870833e+00,  2.4024940260575578e+00,  6.8982755778261892e-02, -4.1794683584938985e-02,  1.8614834954654886e+00, -6.5683301237546676e-02,  2.7758322632433702e-01,  1.9952620883944250e-01, -6.9252454071504055e-01,  8.3712764858430455e-01,  0.0000000000000000e+00,  2.1803403157273756e+01, -1.6121925129027486e+00,  2.5279319724373511e+01,  0.0000000000000000e+00
 1.3986013986013987e-01,  6.3384147333534429e+02, -9.6674045510317993e-03,  2.6804824825790220e+01,  1.2641542967997347e-03,  1.3927703277911899e-01,  5.0605790456735267e-01,  8.8726865360206958e+01, -5.9501330016490472e-01, -1.5000013986870148e+04,  9.9956623406946452e+00,  2.4030072698237874e+00,  7.4213161498459773e-02, -3.8713421681660934e-02,  1.8544847197375176e+00, -5.6058945824181243e-02,  2.7758322632433702e-01,  4.2497062401287078e-01, -7.6269712416911351e-01,  1.3899097510524394e+00,  0.0000000000000000e+00,  2.3330568760446553e+01, -1.2436358694602642e+01,  8.5387657189746932e+01,  0.0000000000000000e+00
 1.4985014985014986e-01,  6.3384151933699718e+02, -9.8227968581898559e-03,  2.6795583025443307e+01,  1.2990120734054507e-02,  1.3465928633249091e-01,  5.0585379738604974e-01,  9.5064495060854412e+01, -6.3308263910042517e-01, -1.5000016082791317e+04,  9.9959542712755951e+00,  2.4034720374513130e+00,  7.9432799135965848e-02, -3.3303762026240261e-02,  1.8462447916858860e+00, -3.7912876641094315e-02,  2.7758322632433702e-01,  6.7799743452137196e-01, -7.3861712894111176e-01,  1.5862510673253583e+00,  0.0000000000000000e+00,  2.7325398703355184e+01,  1.7257173739248838e+01, -4.6080125671909173e+01,  0.0000000000000000e+00
 1.5984015984015984e-01,  6.3384160151731112e+02, -9.9112513687279781e-03,  2.6786037646720285e+01,  2.2449224447304086e-02,  1.3084070563597111e-01,  5.0566452910003445e-01,  1.0140212386897839e+02, -6.7056156913911447e-01, -1.5000018321229985e+04,  9.9963521468436412e+00,  2.4038963311880641e+00,  8.4643178684004464e-02, -2.5167019393521641e-02,  1.8397271347436892e+00, -2.4365617805692581e-02,  2.7758322632433702e-01,  8.6993778955963319e-01, -5.9189322196845251e-01,  1.2533814860073631e+00,  0.0000000000000000e+00,  1.1101060375304666e+01,  1.2116952436677559e+01, -2.0560364507953484e+01,  0.0000000000000000e+00
 1.6983016983016982e-01,  6.3384171242797333e+02, -9.9487685803927271e-03,  2.6776256101932827e+01,  2.9082793426596736e-02,  1.2763629706072854e-01,  5.0549664859374321e-01,  1.0773975180399151e+02, -7.0745041712293999e-01, -1.5000020700638572e+04,  9.9968303048502420e+00,  2.4042870480745462e+00,  8.9845730733573131e-02, -1.5922387609464381e-02,  1.8344187532849179e+00, -1.2870289508080076e-02,  2.7758322632433702e-01,  9.9410929740317711e-01, -5.4398064749678832e-01,  1.1734058455568233e+00,  0.0000000000000000e+00,  1.3758075494972791e+01, -2.5248550274503825e+00,  4.5492412897553365e+00,  0.0000000000000000e+00
 1.7982017982017981e-01,  6.3384184518820211e+02, -9.9545283716834330e-03,  2.6766312005904446e+01,  3.2626772675034686e-02,  1.2498021658628578e-01,  5.0536204904369686e-01,  1.1407737887057088e+02, -7.4374951860955563e-01, -1.5000023219473276e+04,  9.9973590217998698e+00,  2.4046499120204254e+00,  9.5041764935332132e-02, -5.3046957690825501e-03,  1.8288583905379592e+00, -9.2094556679502590e-04,  2.7758322632433702e-01,  1.0775766791409849e+00, -5.0132704939744044e-01,  1.3270813735430120e+00,  0.0000000000000000e+00,  2.9520943289366479e+00,  1.1064105366939653e+01,  2.6216599413079944e+01,  0.0000000000000000e+00
 1.8981018981018982e-01,  6.3384199341955593e+02, -9.9489852824800207e-03,  2.6756274766139242e+01,  3.2890262746167222e-02,  1.2282314677141740e-01,  5.0526697585688141e-01,  1.2041500506162248e+02, -7.7945923808839235e-01, -1.5000025876087853e+04,  9.9979064971198213e+00,  2.4049900452466693e+00,  1.0023258003533055e-01,  5.6076159697760943e-03,  1.8244022288214325e+00,  1.3644822850421684e-02,  2.7758322632433702e-01,  1.0990784591249512e+00, -4.2535831405363755e-01,  1.4959412093004241e+00,  0.0000000000000000e+00,  1.3525620238534231e+00,  4.1448354488896779e+00,  7.5891397055539329e+00,  0.0000000000000000e+00
 1.9980019980019981e-01,  6.3384215123941431e+02, -9.9498002615021567e-03,  2.6746194468396350e+01,  2.9924715181069182e-02,  1.2106962284750272e-01,  5.0520002852084411e-01,  1.2675263035524451e+02, -8.1457994371165454e-01, -1.5000028668798062e+04,  9.9984401986648983e+00,  2.4053117226427760e+00,  1.0541929929153514e-01,  1.6654913803843568e-02,  1.8203597229244999e+00,  2.8967989683962723e-02,  2.7758322632433702e-01,  1.0753364439656479e+00, -3.6461166363605174e-01,  1.6267267982302567e+00,  0.0000000000000000e+00, -6.1057134587462958e+00,  8.0166439647111130e+00,  1.8594135198198135e+01,  0.0000000000000000e+00
 2.0979020979020979e-01,  6.3384231342950852e+02, -9.9742028472195304e-03,  2.6736120216142410e+01,  2.3838474043726417e-02,  1.1966696236442034e-01,  5.0515789529806399e-01,  1.3309025471496983e+02, -8.4911199976756213e-01, -1.5000031595870854e+04,  9.9989283042200174e+00,  2.4056185465558171e+00,  1.1060283706357006e-01,  2.7092859605453361e-02,  1.8171172804970359e+00,  4.6146856781096125e-02,  2.7758322632433702e-01,  9.7202803253587666e-01, -2.9696856675582811e-01,  1.7408265864123718e+00,  0.0000000000000000e+00, -1.4576630509493887e+01,  5.5255040307096550e+00,  4.2486423958612765e+00,  0.0000000000000000e+00
 2.1978021978021978e-01,  6.3384247539561602e+02, -1.0036410911953550e-02,  2.6726086821999317e+01,  1.5029485740520038e-02,  1.1852038778482914e-01,  5.0513174464853050e-01,  1.3942787809023150e+02, -8.8305577030127802e-01, -1.5000034655526964e+04,  9.9993415051186716e+00,  2.4059134503298973e+00,  1.1578392640919563e-01,  3.6076053315049886e-02,  1.8144262850272805e+00,  6.3749739662231866e-02,  2.7758322632433702e-01,  7.5339480997073116e-01, -2.4082600578264499e-01,  1.6556264998973322e+00,  0.0000000000000000e+00, -2.9193740648048262e+01,  5.7142366761216143e+00, -2.1305699716172171e+01,  0.0000000000000000e+00
 2.2977022977022976e-01,  6.3384263343267332e+02, -1.0146694472298391e-02,  2.6716122627744792e+01,  4.1749305627510700e-03,  1.1757170176949265e-01,  5.0511274137815931e-01,  1.4576550041622247e+02, -9.1641160806282285e-01, -1.5000037845969953e+04,  9.9996556345252543e+00,  2.4061985790419107e+00,  1.2096307065463817e-01,  4.2145702961511919e-02,  1.8123055720897903e+00,  7.9226307328495352e-02,  2.7758322632433702e-01,  4.0784343982307297e-01, -1.8866214160013084e-01,  1.4207928708548956e+00,  0.0000000000000000e+00, -3.9985643655512945e+01,  4.7289689332177227e+00, -2.5707992818123660e+01,  0.0000000000000000e+00
 2.3976023976023975e-01,  6.3384278448745386e+02, -1.0308126316415707e-02,  2.6706248182457905e+01, -7.6267075453623221e-03,  1.1676030953695098e-01,  5.0508484390470398e-01,  1.5210312161608283e+02, -9.4917984601092853e-01, -1.5000041165377061e+04,  9.9998555728291354e+00,  2.4064754657441969e+00,  1.2614053309446360e-01,  4.4224773391434956e-02,  1.8106568116686366e+00,  9.2137209609382612e-02,  2.7758322632433702e-01, -3.3565529066023943e-03, -1.1837864857731768e-01,  1.0570267802070017e+00,  0.0000000000000000e+00, -4.2336594888967987e+01,  9.3417863699494230e+00, -4.7117978529584299e+01,  0.0000000000000000e+00
 2.4975024975024976e-01,  6.3384292608414523e+02, -1.0515529359112215e-02,  2.6696470780614597e+01, -1.9128093453724317e-02,  1.1598313902539459e-01,  5.0502809064975740e-01,  1.5844074160205275e+02, -9.8136078744066202e-01, -1.5000044611896890e+04,  9.9999380796361486e+00,  2.4067450696304431e+00,  1.3131629187009464e-01,  4.2078638967374009e-02,  1.8099403643260077e+00,  1.0034572351644745e-01,  2.7758322632433702e-01, -3.6373622671291805e-01, -9.3443021263694429e-02,  7.3466473420462219e-01,  0.0000000000000000e+00, -2.9811415807056328e+01, -4.3496737817620383e+00, -1.7418903080092285e+01,  0.0000000000000000e+00
 2.5974025974025972e-01,  6.3384305666828743e+02, -1.0756757962229798e-02,  2.6686795278111966e+01, -2.9248669021057137e-02,  1.1521317340662449e-01,  5.0492576284147150e-01,  1.6477836027493638e+02, -1.0129546946713828e+00, -1.5000048183703038e+04,  9.9999117552904764e+00,  2.4070075177843333e+00,  1.3648998178611657e-01,  3.6957316314253780e-02,  1.8087898182367945e+00,  1.0681582567740702e-01,  2.7758322632433702e-01, -6.0100687635882455e-01, -1.0539187377012289e-01,  5.3652050148819752e-01,  0.0000000000000000e+00, -1.7690168252054328e+01,  1.9575135099750256e+00, -2.2249572309735747e+01,  0.0000000000000000e+00
 2.6973026973026976e-01,  6.3384317508586014e+02, -1.1015825333647228e-02,  2.6677230646877653e+01, -3.7323851050719330e-02,  1.1445564029568077e-01,  5.0476941169353451e-01,  1.7111597753077163e+02, -1.0439618181997901e+00, -1.5000051878897320e+04,  9.9997941052417012e+00,  2.4072629602234055e+00,  1.4166110944678018e-01,  3.0070509569595286e-02,  1.8078346325823489e+00,  1.1106541385587199e-01,  2.7758322632433702e-01, -7.4034277204437748e-01, -8.9387422522293994e-02,  3.1609075668678194e-01,  0.0000000000000000e+00, -1.0204878064193560e+01,  1.2465776298402866e+00, -2.1880462599507457e+01,  0.0000000000000000e+00
 2.7972027972027974e-01,  6.3384328046580879e+02, -1.1275242366085542e-02,  2.6667779406798864e+01, -4.3008908208204216e-02,  1.1368563600243391e-01,  5.0455697675945377e-01,  1.7745359326124216e+02, -1.0743824085886113e+00, -1.5000055695531975e+04,  9.9996074335117608e+00,  2.4075114427786555e+00,  1.4682911446688751e-01,  2.2165252936743707e-02,  1.8070038557488366e+00,  1.1313132531150857e-01,  2.7758322632433702e-01, -8.0447470140291288e-01, -7.9852655550273502e-02,  1.1318901185679991e-01,  0.0000000000000000e+00, -2.6343341933847761e+00,  6.6228271795826210e-01, -1.8740466715455018e+01,  0.0000000000000000e+00
 2.8971028971028973e-01,  6.3384337231492805e+02, -1.1517254522388653e-02,  2.6658441806431071e+01, -4.6169851439016370e-02,  1.1288640320772080e-01,  5.0429013525844735e-01,  1.8379120735411146e+02, -1.1042167201466573e+00, -1.5000059631634771e+04,  9.9993764593743304e+00,  2.4077528087559519e+00,  1.5199340122436905e-01,  1.3997088962144487e-02,  1.8062391749289968e+00,  1.1332693257428957e-01,  2.7758322632433702e-01, -7.9765648994492533e-01, -7.5502337341406725e-02, -7.4855227808821867e-02,  0.0000000000000000e+00,  3.9993401272738880e+00,  2.0865098745686528e-01, -1.8905990065602481e+01,  0.0000000000000000e+00
 2.9970029970029971e-01,  6.3384345044808379e+02, -1.1725479217036431e-02,  2.6649216549991817e+01, -4.6890799157922332e-02,  1.1204785660090227e-01,  5.0397544721518006e-01,  1.9012881969478181e+02, -1.1334650176828656e+00, -1.5000063685210700e+04,  9.9991261161990348e+00,  2.4079867655326113e+00,  1.5715339175889415e-01,  6.2280603304514992e-03,  1.8054953175402171e+00,  1.1163571636427937e-01,  2.7758322632433702e-01, -7.3299987112783704e-01, -7.5188234305429133e-02, -2.2062645705737305e-01,  0.0000000000000000e+00,  8.9449149599072122e+00, -1.4576755965415020e-01, -1.0277410029957482e+01,  0.0000000000000000e+00
 3.0969030969030970e-01,  6.3384351493205224e+02, -1.1886095378912028e-02,  2.6640101352878332e+01, -4.5425637778358889e-02,  1.1116515084668871e-01,  5.0362295386601419e-01,  1.9646643016773635e+02, -1.1621275835857880e+00, -1.5000067854244335e+04,  9.9988796084841773e+00,  2.4082129352416168e+00,  1.6230858251801905e-01, -6.4826310834176031e-04,  1.8047369125053119e+00,  1.0891881155416223e-01,  2.7758322632433702e-01, -6.2676704596078892e-01, -7.7866572033649176e-02, -3.2043936953104507e-01,  0.0000000000000000e+00,  1.2322896638535836e+01, -3.9043565353550175e-01, -9.7051350472716642e+00,  0.0000000000000000e+00
 3.1968031968031968e-01,  6.3384356602165178e+02, -1.1988443519199135e-02,  2.6631093387845524e+01, -4.2138229108452142e-02,  1.1023774657527939e-01,  5.0324457393335920e-01,  2.0280403865783066e+02, -1.1902047213038951e+00, -1.5000072136702533e+04,  9.9986570075373500e+00,  2.4084308979689983e+00,  1.6745857494838839e-01, -6.2947577706631572e-03,  1.8039395418752091e+00,  1.0523333135866408e-01,  2.7758322632433702e-01, -4.7036056054092323e-01, -8.2481919362233452e-02, -4.0172418449657543e-01,  0.0000000000000000e+00,  1.8989681742521277e+01, -5.3355688164707304e-01, -6.5680849088275215e+00,  0.0000000000000000e+00
 3.2967032967032966e-01,  6.3384360410662350e+02, -1.2025965096725572e-02,  2.6622189613458279e+01, -3.7527709250501334e-02,  1.0926817732870583e-01,  5.0285552477763307e-01,  2.0914164505130472e+02, -1.2176967585040317e+00, -1.5000076530537681e+04,  9.9984741755866189e+00,  2.4086402249737442e+00,  1.7260310665552417e-01, -1.0046076505762799e-02,  1.8030889221084641e+00,  1.0089235432146343e-01,  2.7758322632433702e-01, -2.7287837881953225e-01, -8.8155405042860721e-02, -4.2687509940467794e-01,  0.0000000000000000e+00,  2.0546251038101214e+01, -6.0227495161450451e-01,  1.5328717442253994e+00,  0.0000000000000000e+00
 3.3966033966033965e-01,  6.3384362966403194e+02, -1.1996959312000505e-02,  2.6613386973136826e+01, -3.2229659683882750e-02,  1.0826093615172663e-01,  5.0247211685201232e-01,  2.1547924923662208e+02, -1.2446040516082184e+00, -1.5000081033691995e+04,  9.9983411690287696e+00,  2.4088404979921250e+00,  1.7774208400820915e-01, -1.1746873231592870e-02,  1.8021781951211060e+00,  9.6704358343585609e-02,  2.7758322632433702e-01, -8.3432438762093095e-02, -9.4258614871629287e-02, -4.0633224259896161e-01,  0.0000000000000000e+00,  1.7380826161398119e+01, -6.1958765610496302e-01,  2.5798081882790060e+00,  0.0000000000000000e+00
 3.4965034965034963e-01,  6.3384364318209373e+02, -1.1903701744894702e-02,  2.6604682575269656e+01, -2.6820140094635583e-02,  1.0722198785592203e-01,  5.0210738144759604e-01,  2.2181685110487001e+02, -1.2709269833328862e+00, -1.5000085644100438e+04,  9.9982618871545803e+00,  2.4090313294721413e+00,  1.8287556848615330e-01, -1.1713058299211212e-02,  1.8012056331000399e+00,  9.2773827995809854e-02,  2.7758322632433702e-01,  6.9402658217683169e-02, -1.0038700069029276e-01, -3.9045266846663090e-01,  0.0000000000000000e+00,  1.3216760253953101e+01, -6.0731518479146551e-01,  5.9928255301360256e-01,  0.0000000000000000e+00
 3.5964035964035962e-01,  6.3384364513177718e+02, -1.1751577651297938e-02,  2.6596073750485871e+01, -2.1758623781259138e-02,  1.0615785416819191e-01,  5.0177141916543655e-01,  2.2815445054977974e+02, -1.2966659566066154e+00, -1.5000090359693337e+04,  9.9982350497803374e+00,  2.4092123783974211e+00,  1.8800374682981033e-01, -1.0360206733737063e-02,  1.8001724608415797e+00,  8.8903106226370210e-02,  2.7758322632433702e-01,  1.7851186690909376e-01, -1.0627501277039506e-01, -3.9429760347121828e-01,  0.0000000000000000e+00,  8.6269033260673087e+00, -5.7146483364501399e-01, -1.3690385409319998e+00,  0.0000000000000000e+00
 3.6963036963036960e-01,  6.3384363594373212e+02, -1.1548061680636537e-02,  2.6587558124121419e+01, -1.7351508581039593e-02,  1.0507528643162888e-01,  5.0147130925830952e-01,  2.3449204746759207e+02, -1.3218213885203951e+00, -1.5000095178399650e+04,  9.9982555326071498e+00,  2.4093833586304574e+00,  1.9312690318752035e-01, -8.1463876316968525e-03,  1.7990822562215105e+00,  8.4895754000380921e-02,  2.7758322632433702e-01,  2.5070904976942615e-01, -1.1176219072387769e-01, -4.1026168025608234e-01,  0.0000000000000000e+00,  5.8269726825713510e+00, -5.2706819264227023e-01, -1.8269696313979991e+00,  0.0000000000000000e+00
 3.7962037962037964e-01,  6.3384361600599402e+02, -1.1301857140662452e-02,  2.6579133650745142e+01, -1.3795864539555660e-02,  1.0398081526221700e-01,  5.0121152018420323e-01,  2.4082964175683577e+02, -1.3463937042385021e+00, -1.5000100098149314e+04,  9.9983157535249152e+00,  2.4095440440654841e+00,  1.9824538934303726e-01, -5.3510349101720932e-03,  1.7979394500379058e+00,  8.0706069657817098e-02,  2.7758322632433702e-01,  2.9533410585916331e-01, -1.1678199210901015e-01, -4.1710789525214115e-01,  0.0000000000000000e+00,  3.1069635465940091e+00, -4.7789604466124619e-01,  4.5635738918703050e-01,  0.0000000000000000e+00
 3.8961038961038963e-01,  6.3384358566927733e+02, -1.1022296295989543e-02,  2.6570798586137325e+01, -1.1202953059262024e-02,  1.0288028402765816e-01,  5.0099427386639273e-01,  2.4716723331815078e+02, -1.3703833326901624e+00, -1.5000105116876462e+04,  9.9984065947199205e+00,  2.4096942672484962e+00,  2.0335960151524840e-01, -2.2456062958494203e-03,  1.7967489496858660e+00,  7.6561929919419042e-02,  2.7758322632433702e-01,  3.1407811470111563e-01, -1.2128736605844977e-01, -4.0666609379429652e-01,  0.0000000000000000e+00,  6.4558702356466213e-01, -4.2407982001649897e-01,  1.6340912626736879e+00,  0.0000000000000000e+00
 3.9960039960039961e-01,  6.3384354524416813e+02, -1.0718695817374817e-02,  2.6562551481496143e+01, -9.6047224141849793e-03,  1.0177880730145282e-01,  5.0081953920338595e-01,  2.5350482205412732e+02, -1.3937907023972589e+00, -1.5000110232522286e+04,  9.9985182319351757e+00,  2.4098339153384343e+00,  2.0846995513888988e-01,  9.2425209684320064e-04,  1.7955161260407340e+00,  7.2580872978610378e-02,  2.7758322632433702e-01,  3.1030221072473080e-01, -1.2523770524252856e-01, -3.7353274055352476e-01,  0.0000000000000000e+00, -1.4015229996368985e+00, -3.6677808463607520e-01,  4.9992060561288278e+00,  0.0000000000000000e+00
 4.0959040959040960e-01,  6.3384349499970631e+02, -1.0399841636402233e-02,  2.6554391196964577e+01, -8.9657686419541693e-03,  1.0068085901226868e-01,  5.0068522956547779e-01,  2.5984240786910300e+02, -1.4166162380861060e+00, -1.5000115443037210e+04,  9.9986408697357856e+00,  2.4099629262077995e+00,  2.1357686389956904e-01,  3.9542380742750684e-03,  1.7942466978328684e+00,  6.9098738299968002e-02,  2.7758322632433702e-01,  2.8861879309956401e-01, -1.2860344172469901e-01, -3.1991523619247919e-01,  0.0000000000000000e+00, -2.9394972089214937e+00, -3.0704235909445077e-01,  5.7350183169525026e+00,  0.0000000000000000e+00
 4.1958041958041958e-01,  6.3384343516669639e+02, -1.0073480319882389e-02,  2.6546316901967476e+01, -9.1986196580114647e-03,  9.9590343226513944e-02,  5.0058710945096196e-01,  2.6617999066897715e+02, -1.4388603573150092e+00, -1.5000120746382523e+04,  9.9987653391617091e+00,  2.4100812855105236e+00,  2.1868071649107326e-01,  6.6908613495817396e-03,  1.7929466267055751e+00,  6.6188960167571836e-02,  2.7758322632433702e-01,  2.5367374291030920e-01, -1.3133116590499416e-01, -2.7969055778982937e-01,  0.0000000000000000e+00, -4.0565018389673213e+00, -2.3904802180063528e-01,  2.3179622992579922e+00,  0.0000000000000000e+00
 4.2957042957042957e-01,  6.3384336594073500e+02, -9.7461898607566749e-03,  2.6538328077427185e+01, -1.0180593855176442e-02,  9.8510684713897470e-02,  5.0052044171984544e-01,  2.7251757036104846e+02, -1.4605234683320192e+00, -1.5000126140531980e+04,  9.9988835335858361e+00,  2.4101890233393006e+00,  2.2378186197907954e-01,  9.0226445260294958e-03,  1.7916226985140873e+00,  6.3510515367104281e-02,  2.7758322632433702e-01,  2.0032949520051863e-01, -1.3336817258704523e-01, -2.7269247923043854e-01,  0.0000000000000000e+00, -6.6230165525327624e+00, -1.6876071594598893e-01, -9.1694697166802108e-01,  0.0000000000000000e+00
 4.3956043956043955e-01,  6.3384328748759435e+02, -9.4232177288400450e-03,  2.6530424487045121e+01, -1.1740192158058998e-02,  9.7444738309399953e-02,  5.0048024830549620e-01,  2.7885514685387926e+02, -1.4816059694435930e+00, -1.5000131623472920e+04,  9.9989887698214996e+00,  2.4102862093263591e+00,  2.2888060763117368e-01,  1.0693448666275416e-02,  1.7902819279525872e+00,  6.0740558984146494e-02,  2.7758322632433702e-01,  1.2928023800550495e-01, -1.3472077390525122e-01, -2.6729571857686701e-01,  0.0000000000000000e+00, -7.6010447379089783e+00, -1.0203006795885106e-01,  1.9973784545129751e+00,  0.0000000000000000e+00
 4.4955044955044954e-01,  6.3384319995398232e+02, -9.1079491805646628e-03,  2.6522606104782280e+01, -1.3647079649731553e-02,  9.6394633580726086e-02,  5.0045999380318740e-01,  2.8519272005722979e+02, -1.5021082469222609e+00, -1.5000137193207094e+04,  9.9990764205995077e+00,  2.4103729476100537e+00,  2.3397720846068953e-01,  1.1605666264401222e-02,  1.7889309747597366e+00,  5.8169941569364683e-02,  2.7758322632433702e-01,  5.6695350520848210e-02, -1.3541248444864359e-01, -2.3146030802269243e-01,  0.0000000000000000e+00, -6.9304497365193098e+00, -3.6450382828305074e-02,  5.1768707384327772e+00,  0.0000000000000000e+00
 4.5954045954045952e-01,  6.3384310347525752e+02, -8.8018719810471144e-03,  2.6514873058625501e+01, -1.5677948983937498e-02,  9.5361805581375539e-02,  5.0045231983747307e-01,  2.9153028988206142e+02, -1.5220306731300235e+00, -1.5000142847751327e+04,  9.9991441584645102e+00,  2.4104493722354632e+00,  2.3907185314900536e-01,  1.1826222902456199e-02,  1.7875763838077592e+00,  5.6115977405271522e-02,  2.7758322632433702e-01, -6.8923753637263269e-03, -1.3544325459480372e-01, -1.5993746713053933e-01,  0.0000000000000000e+00, -5.7998129855725189e+00,  3.0290199567051358e-02,  9.1420020081762825e+00,  0.0000000000000000e+00
 4.6953046953046951e-01,  6.3384299817811234e+02, -8.5047199932620325e-03,  2.6507225571570238e+01, -1.7641547251025378e-02,  9.4347058791803995e-02,  5.0044945222821569e-01,  2.9786785624057961e+02, -1.5413736062476457e+00, -1.5000148585138295e+04,  9.9991917345799664e+00,  2.4105156415309414e+00,  2.4416465771894111e-01,  1.1467956466924173e-02,  1.7862248158267735e+00,  5.4974387780542720e-02,  2.7758322632433702e-01, -5.7813754742274195e-02, -1.3480896470892023e-01, -6.8143690748332902e-02,  0.0000000000000000e+00, -4.3946471660127688e+00,  9.6694635586823022e-02,  9.2351120235414523e+00,  0.0000000000000000e+00
 4.7952047952047949e-01,  6.3384288418283666e+02, -8.2147428622438203e-03,  2.6499663898086418e+01, -1.9388792488190365e-02,  9.3350576938212290e-02,  5.0044398146568292e-01,  3.0420541904625753e+02, -1.5601373906420082e+00, -1.5000154403416704e+04,  9.9992206031279292e+00,  2.4105719324606589e+00,  2.4925566299291946e-01,  1.0671102927585586e-02,  1.7848828979993892e+00,  5.4754465102607529e-02,  2.7758322632433702e-01, -9.4187901494290835e-02, -1.3351105987991915e-01,  2.4406827784711864e-02,  0.0000000000000000e+00, -2.8874570137410034e+00,  1.6314591117911784e-01,  9.2935017867740815e+00,  0.0000000000000000e+00
 4.8951048951048953e-01,  6.3384276160437219e+02, -7.9291655819800546e-03,  2.6492188258358350e+01, -2.0817322263005807e-02,  9.2371943860584990e-02,  5.0042995693459646e-01,  3.1054297821386547e+02, -1.5783223586929618e+00, -1.5000160300652113e+04,  9.9992334733420609e+00,  2.4106184326971545e+00,  2.5434484415225289e-01,  9.5860803131920837e-03,  1.7835572621828191e+00,  5.5462036687330171e-02,  2.7758322632433702e-01, -1.1573877613944167e-01, -1.3148675833584153e-01,  1.0171937849332667e-01,  0.0000000000000000e+00, -1.4270280902181842e+00,  2.4211925794521816e-01,  6.1844708650905691e+00,  0.0000000000000000e+00
 4.9950049950049952e-01,  6.3384263054260816e+02, -7.6444943210933819e-03,  2.6484798813473688e+01, -2.1871131992988829e-02,  9.1410464173093259e-02,  5.0040258432543272e-01,  3.1688053365943193e+02, -1.5959288327569201e+00, -1.5000166274927240e+04,  9.9992338413575155e+00,  2.4106553340378571e+00,  2.5943212183950493e-01,  8.3586398678564770e-03,  1.7822557899407310e+00,  5.6786820317259415e-02,  2.7758322632433702e-01, -1.2351402454362434e-01, -1.2867094648749317e-01,  1.4817854617107881e-01,  0.0000000000000000e+00, -1.2957664029905561e-01,  3.2160627409427117e-01,  3.1166545039952607e+00,  0.0000000000000000e+00
 5.0949050949050945e-01,  6.3384249108033634e+02, -7.3570050877466734e-03,  2.6477495624484607e+01, -2.2536382300935479e-02,  9.0464998588165202e-02,  5.0035915066117675e-01,  3.2321808530010856e+02, -1.6129571276241843e+00, -1.5000172324342217e+04,  9.9992255459819805e+00,  2.4106828266217875e+00,  2.6451737845434897e-01,  7.1182676349977993e-03,  1.7809864141011509e+00,  5.8422647000438629e-02,  2.7758322632433702e-01, -1.1952067943371632e-01, -1.2514157672016771e-01,  1.5429014369441021e-01,  0.0000000000000000e+00,  9.2904433130263631e-01,  3.8497355332428895e-01, -1.8931126798243108e+00,  0.0000000000000000e+00
 5.1948051948051943e-01,  6.3384234328800324e+02, -7.0631550071201758e-03,  2.6470278590963929e+01, -2.2834444630618553e-02,  8.9533877016122324e-02,  5.0029915708605832e-01,  3.2955563305404570e+02, -1.6294075533697705e+00, -1.5000178447014889e+04,  9.9992123812086930e+00,  2.4107010899783030e+00,  2.6960047799468206e-01,  5.9706143047452698e-03,  1.7797554587375308e+00,  5.9869540470993875e-02,  2.7758322632433702e-01, -1.0637172962510588e-01, -1.2103195028204208e-01,  9.7901331348684451e-02,  0.0000000000000000e+00,  1.7033754203811116e+00,  4.3777365958839282e-01, -9.3959275517899190e+00,  0.0000000000000000e+00
 5.2947052947052942e-01,  6.3384218721803654e+02, -6.7600224934979006e-03,  2.6463147459541172e+01, -2.2813352232963401e-02,  8.8615335920529309e-02,  5.0022480482601450e-01,  3.3589317684024019e+02, -1.6452804184606626e+00, -1.5000184641081089e+04,  9.9991977872092441e+00,  2.4107102855091318e+00,  2.7468128924072316e-01,  4.9929583517789016e-03,  1.7785681933162949e+00,  6.0378717556855900e-02,  2.7758322632433702e-01, -8.6954023275097242e-02, -1.1647026893281445e-01, -3.4451624784466894e-02,  0.0000000000000000e+00,  2.1840493908904994e+00,  4.7547494652684563e-01, -1.7101134266066843e+01,  0.0000000000000000e+00
 5.3946053946053951e-01,  6.3384202290370263e+02, -6.4457807748151460e-03,  2.6456101834169345e+01, -2.2538653955654079e-02,  8.7707621869555455e-02,  5.0014148517981716e-01,  3.4223071657833179e+02, -1.6605760335396076e+00, -1.5000190904694509e+04,  9.9991846307166270e+00,  2.4107105514897129e+00,  2.7975971579280895e-01,  4.2332711823656957e-03,  1.7774283804371749e+00,  5.9181196319456071e-02,  2.7758322632433702e-01, -6.4097966260169822e-02, -1.1173779164801877e-01, -2.2445593685290843e-01,  0.0000000000000000e+00,  2.3917332234979418e+00,  4.7196700588924617e-01, -2.0937729010034964e+01,  0.0000000000000000e+00
 5.4945054945054950e-01,  6.3384185037635916e+02, -6.1199309790805076e-03,  2.6449141113721407e+01, -2.2084493593675304e-02,  8.6808646510646181e-02,  5.0005683009163049e-01,  3.4856825218845802e+02, -1.6752947147656549e+00, -1.5000197236026734e+04,  9.9991750762640113e+00,  2.4107019964735010e+00,  2.8483572346444563e-01,  3.7122797052220554e-03,  1.7763356700066442e+00,  5.5894083453900664e-02,  2.7758322632433702e-01, -4.0365174164632679e-02, -1.0724590499544931e-01, -4.1731273286402643e-01,  0.0000000000000000e+00,  2.3595717540286389e+00,  4.2730870195527876e-01, -1.7672201551390401e+01,  0.0000000000000000e+00
 5.5944055944055948e-01,  6.3384166967710826e+02, -5.7832349130515388e-03,  2.6442264481418359e+01, -2.1525736531023545e-02,  8.5916205480422309e-02,  4.9997878977601434e-01,  3.5490578359125016e+02, -1.6894367853395846e+00, -1.5000203633267414e+04,  9.9991705411797049e+00,  2.4106846942226481e+00,  2.8990935292976722e-01,  3.4267741960593489e-03,  1.7752856051125905e+00,  5.0843279578916087e-02,  2.7758322632433702e-01, -1.7888542575409023e-02, -1.0327501707019472e-01, -5.4829941696150397e-01,  0.0000000000000000e+00,  2.1402498901339393e+00,  3.6766306068068988e-01, -8.5513326049246210e+00,  0.0000000000000000e+00
 5.6943056943056947e-01,  6.3384148085494928e+02, -5.4373735684127367e-03,  2.6435470976082716e+01, -2.0931615338713294e-02,  8.5028479089680253e-02,  4.9991354834508384e-01,  3.6124331070788361e+02, -1.7030025747501649e+00, -1.5000210094623400e+04,  9.9991717212972233e+00,  2.4106586860447594e+00,  2.9498071261570624e-01,  3.3548662671519453e-03,  1.7742722331021448e+00,  4.4939050147976514e-02,  2.7758322632433702e-01,  1.7273561552079643e-03, -9.9965995402591656e-02, -5.9317303396812193e-01,  0.0000000000000000e+00,  1.7868530357355832e+00,  2.9480307717344389e-01, -4.3236551980028382e-01,  0.0000000000000000e+00
 5.7942057942057945e-01,  6.3384128396973904e+02, -5.0845158683308512e-03,  2.6428759538997753e+01, -2.0361070625296292e-02,  8.4144031599779762e-02,  4.9986454528698987e-01,  3.6758083346013007e+02, -1.7159924161584117e+00, -1.5000216618317250e+04,  9.9991786708965833e+00,  2.4106239893979451e+00,  3.0004995559037101e-01,  3.4612868065530145e-03,  1.7732882825271241e+00,  3.8991670508623948e-02,  2.7758322632433702e-01,  1.7413033806370975e-02, -9.7453971649617444e-02, -5.7141110299950293e-01,  0.0000000000000000e+00,  1.3534196300272530e+00,  2.0810407817199181e-01,  4.7891040997177896e+00,  0.0000000000000000e+00
 5.8941058941058944e-01,  6.3384107909529246e+02, -4.7269716157931846e-03,  2.6422129068906290e+01, -1.9859786637816200e-02,  8.3261974911179995e-02,  4.9983265850435948e-01,  3.7391835177046619e+02, -1.7284066433311653e+00, -1.5000223202585950e+04,  9.9991909207605598e+00,  2.4105806066404227e+00,  3.0511725355508723e-01,  3.7027790305160005e-03,  1.7723251008014531e+00,  3.3522244893241196e-02,  2.7758322632433702e-01,  2.8610779897865403e-02, -9.5845053797213225e-02, -5.2469648980243278e-01,  0.0000000000000000e+00,  8.8836913748993263e-01,  1.1400127587933408e-01,  4.5631614623356720e+00,  0.0000000000000000e+00
 5.9940059940059942e-01,  6.3384086632137894e+02, -4.3670805441928450e-03,  2.6415578483001369e+01, -1.9458982091388796e-02,  8.2381983792820621e-02,  4.9981766877426992e-01,  3.8025586556222288e+02, -1.7402455884558166e+00, -1.5000229845679652e+04,  9.9992076172465065e+00,  2.4105285341184604e+00,  3.1018277910700381e-01,  4.0329307605563190e-03,  1.7713732964372697e+00,  2.8508224158924997e-02,  2.7758322632433702e-01,  3.5229113835391068e-02, -9.5150158657629991e-02, -4.8448199191314495e-01,  0.0000000000000000e+00,  4.3662131680270605e-01,  2.5116731065228552e-02,  3.4877810150997868e+00,  0.0000000000000000e+00
 6.0939060939060941e-01,  6.3384064575043328e+02, -4.0072147784292892e-03,  2.6409106795647475e+01, -1.9175549965477712e-02,  8.1504432665182994e-02,  4.9981932708479532e-01,  3.8659337475974502e+02, -1.7515095815394508e+00, -1.5000236545860600e+04,  9.9992276669347984e+00,  2.4104677685609772e+00,  3.1524670214301193e-01,  4.4066574288255120e-03,  1.7704239987303716e+00,  2.3842285014856687e-02,  2.7758322632433702e-01,  3.7583579431689405e-02, -9.5190522016153883e-02, -4.5696336371318941e-01,  0.0000000000000000e+00,  3.4742695576221991e-02, -3.3197475441710769e-02,  2.0214483505313443e+00,  0.0000000000000000e+00
 6.1938061938061939e-01,  6.3384041747339847e+02, -3.6497145003433745e-03,  2.6402713295256561e+01, -1.9013369455067361e-02,  8.0630974995071769e-02,  4.9983731764427680e-01,  3.9293087928847916e+02, -1.7621989503845075e+00, -1.5000243301402019e+04,  9.9992498741183802e+00,  2.4103983169574708e+00,  3.2030919119510776e-01,  4.7838514285221409e-03,  1.7694713879054784e+00,  1.9378087021798340e-02,  2.7758322632433702e-01,  3.6296354572294402e-02, -9.5740706955872612e-02, -4.4251289553377698e-01,  0.0000000000000000e+00, -2.9244511242710219e-01, -7.6949549489979910e-02,  8.7153537898703304e-01,  0.0000000000000000e+00
 6.2937062937062938e-01,  6.3384018156458239e+02, -3.2969405042800226e-03,  2.6396397621393710e+01, -1.8965520317779937e-02,  7.9764076209713222e-02,  4.9987186164692449e-01,  3.9926837907492694e+02, -1.7723140210008597e+00, -1.5000250110586678e+04,  9.9992730604619222e+00,  2.4103202074866741e+00,  3.2537041804342082e-01,  5.1318593183818434e-03,  1.7685110974924920e+00,  1.5000868520675333e-02,  2.7758322632433702e-01,  3.2181115779469721e-02, -9.6764823015384735e-02, -4.2875311534813332e-01,  0.0000000000000000e+00, -5.3142569389639982e-01, -1.2807848562434562e-01,  1.8831726141788212e+00,  0.0000000000000000e+00
 6.3936063936063936e-01,  6.3383993809439232e+02, -2.9511418675909964e-03,  2.6390159730969589e+01, -1.9016890726436180e-02,  7.8906358618069536e-02,  4.9992276607953873e-01,  4.0560587404668416e+02, -1.7818551177561122e+00, -1.5000256971706220e+04,  9.9992961601514363e+00,  2.4102334934158414e+00,  3.3043055974231250e-01,  5.4268307647752818e-03,  1.7675380248082679e+00,  1.0811591210646829e-02,  2.7758322632433702e-01,  2.6134093636282371e-02, -9.8323241612828016e-02, -4.1431060133758174e-01,  0.0000000000000000e+00, -6.7918813916970777e-01, -1.8391691758379902e-01,  1.0082186907336119e+00,  0.0000000000000000e+00
 6.4935064935064934e-01,  6.3383968713394393e+02, -2.6143997162723000e-03,  2.6383999896759239e+01, -1.9147007615157394e-02,  7.8060546090795047e-02,  4.9998960083119504e-01,  4.1194336413255178e+02, -1.7908225627807073e+00, -1.5000263883060978e+04,  9.9993182875093645e+00,  2.4101382548599042e+00,  3.3548979412853952e-01,  5.6540190313944779e-03,  1.7665465971605674e+00,  6.7229344280163609e-03,  2.7758322632433702e-01,  1.9039533341759757e-02, -1.0039280407436792e-01, -3.9825015858087476e-01,  0.0000000000000000e+00, -7.4114283179372065e-01, -2.3040948721648891e-01,  2.2070819491591407e+00,  0.0000000000000000e+00
 6.5934065934065933e-01,  6.3383942875342893e+02, -2.2886245994712786e-03,  2.6377918727533789e+01, -1.9332758590639643e-02,  7.7229528746934853e-02,  5.0007181054978400e-01,  4.1828084926267189e+02, -1.7992166758954424e+00, -1.5000270842959890e+04,  9.9993387766928645e+00,  2.4100346000415671e+00,  3.4054829967861483e-01,  5.8072410213538981e-03,  1.7655321745770118e+00,  2.8545450851548294e-03,  2.7758322632433702e-01,  1.1701791307485936e-02, -1.0283831047145854e-01, -3.5993798989916964e-01,  0.0000000000000000e+00, -7.2787312346789879e-01, -2.5918089348105677e-01,  5.4630142209182333e+00,  0.0000000000000000e+00
 6.6933066933066931e-01,  6.3383916301459999e+02, -1.9753877515190344e-03,  2.6371917206816349e+01, -1.9550746183534813e-02,  7.6416467240416397e-02,  5.0016782837470075e-01,  4.2461832936861151e+02, -1.8070377739487584e+00, -1.5000277849720018e+04,  9.9993571957530367e+00,  2.4099226684169737e+00,  3.4560625005491857e-01,  5.8878210555200709e-03,  1.7644918856626362e+00, -4.6863380173727388e-04,  2.7758322632433702e-01,  4.7881992854472881e-03, -1.0550060128549668e-01, -2.9899553129523915e-01,  0.0000000000000000e+00, -6.5622799934423892e-01, -2.7380972748937882e-01,  6.7376659915886483e+00,  0.0000000000000000e+00
 6.7932067932067930e-01,  6.3383888996532653e+02, -1.6757902184757626e-03,  2.6365996715760758e+01, -1.9779247099024368e-02,  7.5624746607318147e-02,  5.0027498183359853e-01,  4.3095580438340301e+02, -1.8142861695399382e+00, -1.5000284901665906e+04,  9.9993733389058441e+00,  2.4098026355097488e+00,  3.5066380308834572e-01,  5.9029093387454523e-03,  1.7634242704554235e+00, -3.1193916040607346e-03,  2.7758322632433702e-01, -1.2145856995858621e-03, -1.0827137770078731e-01, -2.3616700170081864e-01,  0.0000000000000000e+00, -5.4552955465939823e-01, -2.8089971085180404e-01,  5.8406056332143370e+00,  0.0000000000000000e+00
 6.8931068931068928e-01,  6.3383860964435087e+02, -1.3905631301067572e-03,  2.6360158976470998e+01, -1.9999765494854847e-02,  7.4857597946589055e-02,  5.0039069157988336e-01,  4.3729327424156770e+02, -1.8209621704625500e+00, -1.5000291997129567e+04,  9.9993872014292382e+00,  2.4096747140921355e+00,  3.5572109585794393e-01,  5.8635536089748988e-03,  1.7623286213729101e+00, -5.1872552143410406e-03,  2.7758322632433702e-01, -6.0030213046925913e-03, -1.1105841574718919e-01, -1.8282351808050043e-01,  0.0000000000000000e+00, -4.1311525348296940e-01, -2.7706530603785279e-01,  4.8387597875733750e+00,  0.0000000000000000e+00
 6.9930069930069927e-01,  6.3383832208246361e+02, -1.1201467499432885e-03,  2.6354406011117625e+01, -2.0197920940827150e-02,  7.4117983205957264e-02,  5.0051271523394458e-01,  4.4363073887914851e+02, -1.8270660799962837e+00, -1.5000299134450792e+04,  9.9993989425516858e+00,  2.4095391515150353e+00,  3.6077824701648825e-01,  5.7829688531372088e-03,  1.7612053210898453e+00, -6.7722091481266754e-03,  2.7758322632433702e-01, -9.4331119347135645e-03, -1.1373747866522896e-01, -1.4920586108833606e-01,  0.0000000000000000e+00, -2.7358889064722974e-01, -2.5928309015370871e-01,  1.8914951422579382e+00,  0.0000000000000000e+00
 7.0929070929070925e-01,  6.3383802730356888e+02, -8.6480320214215559e-04,  2.6348740086356987e+01, -2.0363813074911953e-02,  7.3408477007491521e-02,  5.0063950151519154e-01,  4.4996819823372829e+02, -1.8325981973911096e+00, -1.5000306311977958e+04,  9.9994088423022607e+00,  2.4093962255341812e+00,  3.6583536069495970e-01,  5.6750798440455569e-03,  1.7600561442767018e+00, -8.1683913000220789e-03,  2.7758322632433702e-01, -1.1492393081247547e-02, -1.1614784880268129e-01, -1.4693237864874970e-01,  0.0000000000000000e+00, -1.3867919488887367e-01, -2.2327301136424890e-01, -1.4363439578527524e+00,  0.0000000000000000e+00
 7.1928071928071924e-01,  6.3383772531932698e+02, -6.2483658939676277e-04,  2.6343163688057604e+01, -2.0491978761910581e-02,  7.2731369428993622e-02,  5.0077088647760071e-01,  4.5630565224441210e+02, -1.8375588190594039e+00, -1.5000313528068726e+04,  9.9994172571153470e+00,  2.4092462391260439e+00,  3.7089253656449234e-01,  5.5533506097556395e-03,  1.7588846847501314e+00, -9.7079210092405541e-03,  2.7758322632433702e-01, -1.2274208790125583e-02, -1.1811806683806685e-01, -1.5554692580586674e-01,  0.0000000000000000e+00, -1.7840310028509165e-02, -1.7116463931993889e-01, -2.8828838300207732e-01,  0.0000000000000000e+00
 7.2927072927072922e-01,  6.3383741612732945e+02, -4.0062732170459913e-04,  2.6337679469102127e+01, -2.0580939137851514e-02,  7.2088570461620094e-02,  5.0090717888146929e-01,  4.6264310085174259e+02, -1.8419482397934031e+00, -1.5000320781090746e+04,  9.9994245777932314e+00,  2.4090895153014396e+00,  3.7594988015477776e-01,  5.4298409071799111e-03,  1.7576961429412759e+00, -1.1276221985453980e-02,  2.7758322632433702e-01, -1.1947737820976878e-02, -1.1948443088455164e-01, -1.7037973079314023e-01,  0.0000000000000000e+00,  8.3199798052079846e-02, -1.0238144278631886e-01, -2.6812391754500791e+00,  0.0000000000000000e+00
 7.3926073926073921e-01,  6.3383709970318398e+02, -1.9260006366010092e-04,  2.6332290241056519e+01, -2.0632535396852392e-02,  7.1481772886125283e-02,  5.0104877805507986e-01,  4.6898054399756450e+02, -1.8457667526978809e+00, -1.5000328069422249e+04,  9.9994311930674442e+00,  2.4089263942131498e+00,  3.8100750218569279e-01,  5.3146345693764812e-03,  1.7564973834337567e+00, -1.3112111434677920e-02,  2.7758322632433702e-01, -1.0738667691223676e-02, -1.2016199579778457e-01, -1.8192760160721241e-01,  0.0000000000000000e+00,  1.5885604192449754e-01, -3.3267052843044806e-02,  3.6935543847261937e-01,  0.0000000000000000e+00
 7.4925074925074930e-01,  6.3383677600059173e+02, -1.3496790944349217e-06,  2.6326998921533974e+01, -2.0651224561758715e-02,  7.0912335597850651e-02,  5.0119655212896586e-01,  4.7531798162482698e+02, -1.8490146498623108e+00, -1.5000335391452600e+04,  9.9994374599798164e+00,  2.4087572294962225e+00,  3.8606552431236324e-01,  5.2152821121504659e-03,  1.7552953038643970e+00, -1.4911139100483218e-02,  2.7758322632433702e-01, -8.9043724987826062e-03, -1.2019461545571938e-01, -1.7092862843564460e-01,  0.0000000000000000e+00,  2.0836985560220281e-01,  2.6736597324494280e-02,  1.8326389904752476e+00,  0.0000000000000000e+00
 7.5924075924075929e-01,  6.3383644495605279e+02,  1.7263912361956447e-04,  2.6321808463959638e+01, -2.0643162274454046e-02,  7.0381146343495432e-02,  5.0135003819008050e-01,  4.8165541367738973e+02, -1.8516922214598064e+00, -1.5000342745582842e+04,  9.9994436820379455e+00,  2.4085823856328270e+00,  3.9112407151129208e-01,  5.1367250289412634e-03,  1.7540958926154606e+00, -1.6527268845979527e-02,  2.7758322632433702e-01, -6.7143670366268228e-03, -1.1971034929206122e-01, -1.5878953178570249e-01,  0.0000000000000000e+00,  2.3006923792139294e-01,  7.0213488640003444e-02,  5.9760815884333551e-01,  0.0000000000000000e+00
 7.6923076923076927e-01,  6.3383610649989066e+02,  3.2887520196025880e-04,  2.6316721783405747e+01, -2.0615378277902569e-02,  6.9888497132291810e-02,  5.0150897992780930e-01,  4.8799284009986513e+02, -1.8537997549312186e+00, -1.5000350130226658e+04,  9.9994500961476085e+00,  2.4084022336073851e+00,  3.9618326557512562e-01,  5.0811289246054745e-03,  1.7529034886937265e+00, -1.8083757118179569e-02,  2.7758322632433702e-01, -4.4203075480690702e-03, -1.1888243205034242e-01, -1.6139674781625193e-01,  0.0000000000000000e+00,  2.2920147168786936e-01,  9.5535543152100624e-02, -1.1195728081593355e+00,  0.0000000000000000e+00
 7.7922077922077926e-01,  6.3383576056880668e+02,  4.6679563539513944e-04,  2.6311741681070078e+01, -2.0575021041529751e-02,  6.9434026926267933e-02,  5.0167353674296078e-01,  4.9433026083756067e+02, -1.8553375351974186e+00, -1.5000357543811377e+04,  9.9994568678452023e+00,  2.4082171439520361e+00,  4.0124322758678005e-01,  5.0484071958130103e-03,  1.7517206192478214e+00, -1.9751979092058485e-02,  2.7758322632433702e-01, -2.2267479849943537e-03, -1.1782954379218134e-01, -1.8805663307344420e-01,  0.0000000000000000e+00,  2.0994915283968904e-01,  1.1525268613174733e-01, -4.2177362203305595e+00,  0.0000000000000000e+00
 7.8921078921078924e-01,  6.3383540711102012e+02,  5.8562111383203249e-04,  2.6306870789052251e+01, -2.0528734150949676e-02,  6.9016844566525029e-02,  5.0184491012899490e-01,  5.0066767583647282e+02, -1.8563058452379020e+00, -1.5000364984779191e+04,  9.9994640935507881e+00,  2.4080274797986840e+00,  4.0630408360626558e-01,  5.0366384553748181e-03,  1.7505492520545221e+00, -2.1841132404362269e-02,  2.7758322632433702e-01, -2.8660197176755335e-04, -1.1657392037430159e-01, -2.2036471341504849e-01,  0.0000000000000000e+00,  1.7846807900831657e-01,  1.3612312212777838e-01, -2.2503414640586188e+00,  0.0000000000000000e+00
 7.9920079920079923e-01,  6.3383504608714293e+02,  6.8433541910871420e-04,  2.6302111531837006e+01, -2.0482233099164620e-02,  6.8635646040864862e-02,  5.0202465291136522e-01,  5.0700508504328087e+02, -1.8567049669681146e+00, -1.5000372451588302e+04,  9.9994718082337428e+00,  2.4078335903441057e+00,  4.1136597299762401e-01,  5.0426808826907815e-03,  1.7493914699895936e+00, -2.4154870468982528e-02,  2.7758322632433702e-01,  1.3048192131405504e-03, -1.1508058995287324e-01, -2.3179616054927632e-01,  0.0000000000000000e+00,  1.4013444221028595e-01,  1.6284162824218013e-01, -3.8234252213797601e-02,  0.0000000000000000e+00
 8.0919080919080921e-01,  6.3383467746256940e+02,  7.6189131938422046e-04,  2.6297466131914319e+01, -2.0440016542581076e-02,  6.8289013474252286e-02,  5.0221337796850629e-01,  5.1334248840530506e+02, -1.8565351805992609e+00, -1.5000379942713324e+04,  9.9994799960262455e+00,  2.4076358091572332e+00,  4.1642904345965659e-01,  5.0627087693236802e-03,  1.7482499395679512e+00, -2.6472424323428726e-02,  2.7758322632433702e-01,  2.4928659027844231e-03, -1.1332547647241500e-01, -2.2987518227609977e-01,  0.0000000000000000e+00,  9.7712505056417459e-02,  1.8853209054555703e-01,  4.2281410250374685e-01,  0.0000000000000000e+00
 8.1918081918081920e-01,  6.3383430120836761e+02,  8.1723252331531175e-04,  2.6292936592776311e+01, -2.0405257643873888e-02,  6.7975355674526255e-02,  5.0241132512809483e-01,  5.1967988587040668e+02, -1.8557967637049704e+00, -1.5000387456645882e+04,  9.9994886028071779e+00,  2.4074344543623600e+00,  4.2149344364977342e-01,  5.0924883932359248e-03,  1.7471272247054295e+00, -2.8747781203769734e-02,  2.7758322632433702e-01,  3.2590046931351572e-03, -1.1130780627843104e-01, -2.0741835090354485e-01,  0.0000000000000000e+00,  5.5668480771799547e-02,  2.1540548229003353e-01,  4.0730435382817474e+00,  0.0000000000000000e+00
 8.2917082917082918e-01,  6.3383391730338860e+02,  8.4937362223867676e-04,  2.6288524673751898e+01, -2.0379830099529088e-02,  6.7692881424692597e-02,  5.0261803914575665e-01,  5.2601727738692625e+02, -1.8544899907166355e+00, -1.5000394991894849e+04,  9.9994975492546239e+00,  2.4072298271787576e+00,  4.2655931943237840e-01,  5.1278237482074995e-03,  1.7460260073745759e+00, -3.0616647118704345e-02,  2.7758322632433702e-01,  3.6275884388348458e-03, -1.0903242859008631e-01, -1.6830946735365826e-01,  0.0000000000000000e+00,  1.8121985117278219e-02,  2.4012513091657889e-01,  3.7565549484055518e+00,  0.0000000000000000e+00
 8.3916083916083917e-01,  6.3383352573553600e+02,  8.5754127156195345e-04,  2.6284231866171105e+01, -2.0364414075102002e-02,  6.7439576659633765e-02,  5.0283220333817547e-01,  5.3235466290359545e+02, -1.8526151316170583e+00, -1.5000402546986817e+04,  9.9995067429011613e+00,  2.4070222118364479e+00,  4.3162680311354057e-01,  5.1649676827231344e-03,  1.7449487546037294e+00, -3.2110607724322345e-02,  2.7758322632433702e-01,  3.6543551781626307e-03, -1.0652028747700940e-01, -1.2445341668123362e-01,  0.0000000000000000e+00, -1.2763283903855690e-02,  2.6280551992142231e-01,  5.0234263962138650e+00,  0.0000000000000000e+00
 8.4915084915084915e-01,  6.3383312650409505e+02,  8.4107343261866953e-04,  2.6280059373525074e+01, -2.0358708285038614e-02,  6.7213251000099200e-02,  5.0305265982219427e-01,  5.3869204236948781e+02, -1.8501724516967801e+00, -1.5000410120466608e+04,  9.9995160890566446e+00,  2.4068118735686439e+00,  4.3669601186929308e-01,  5.2008378376812783e-03,  1.7438977299025078e+00, -3.3103228870577144e-02,  2.7758322632433702e-01,  3.4113300146889495e-03, -1.0378207207894342e-01, -6.9499868892401631e-02,  0.0000000000000000e+00, -3.5890353823575305e-02,  2.8538520277138513e-01,  5.9782738711103054e+00,  0.0000000000000000e+00
 8.5914085914085914e-01,  6.3383271961563275e+02,  7.9954486623732028e-04,  2.6276008112070116e+01, -2.0361668073148632e-02,  6.7011643054861195e-02,  5.0327765111320222e-01,  5.4502941573393844e+02, -1.8471622111170092e+00, -1.5000417710897735e+04,  9.9995254992345579e+00,  2.4065990581347942e+00,  4.4176704444306303e-01,  5.2331261245750615e-03,  1.7428751867300243e+00, -3.3499216493401297e-02,  2.7758322632433702e-01,  2.9708199493873148e-03, -1.0086302881251889e-01, -5.9183967057503091e-03,  0.0000000000000000e+00, -5.2299761249812018e-02,  2.9900725916680554e-01,  6.7507368606572937e+00,  0.0000000000000000e+00
 8.6913086913086912e-01,  6.3383230508935537e+02,  7.3278570066705900e-04,  2.6272078696071421e+01, -2.0371708920452751e-02,  6.6832351746808571e-02,  5.0350510709394791e-01,  5.5136678294646970e+02, -1.8435846643335771e+00, -1.5000425316862713e+04,  9.9995348974120226e+00,  2.4063839915232363e+00,  4.4683997667560982e-01,  5.2601948796270788e-03,  1.7418824845715883e+00, -3.3221478555007719e-02,  2.7758322632433702e-01,  2.4019848426315138e-03, -9.7850838752674307e-02,  6.1939132125253316e-02,  0.0000000000000000e+00, -6.1581027122699368e-02,  3.0403319081408164e-01,  6.8343404113096371e+00,  0.0000000000000000e+00
 8.7912087912087911e-01,  6.3383188295927027e+02,  6.4093776188872415e-04,  2.6268271435239381e+01, -2.0386938894617922e-02,  6.6672917540968685e-02,  5.0373252561862369e-01,  5.5770414395676505e+02, -1.8394400595872913e+00, -1.5000432936963371e+04,  9.9995442241135297e+00,  2.4061668795350020e+00,  4.5191485762646422e-01,  5.2811178297225442e-03,  1.7409201250166841e+00, -3.2261671395993639e-02,  2.7758322632433702e-01,  1.7694106592066599e-03, -9.4796675846241088e-02,  1.0355627373146252e-01,  0.0000000000000000e+00, -6.5060324398956496e-02,  3.0741022305384780e-01,  1.4974113382534160e+00,  0.0000000000000000e+00
 8.8911088911088909e-01,  6.3383145327132456e+02,  5.2429815920637766e-04,  2.6264586352053801e+01, -2.0405345391506624e-02,  6.6530968691910247e-02,  5.0395830275126907e-01,  5.6404149871464381e+02, -1.8347286388846824e+00, -1.5000440569821089e+04,  9.9995534384632254e+00,  2.4059479077707908e+00,  4.5699170995425964e-01,  5.2955477399508882e-03,  1.7399884450941410e+00, -3.1152422136796681e-02,  2.7758322632433702e-01,  1.1305156204248022e-03, -9.1719592810098671e-02,  1.0908845339174945e-01,  0.0000000000000000e+00, -6.2846462365171468e-02,  3.0862180078186408e-01, -3.8986897026404277e-01,  0.0000000000000000e+00
 8.9910089910089908e-01,  6.3383101607899482e+02,  3.8306029396513512e-04,  2.6261023210491192e+01, -2.0424930200411681e-02,  6.6404322200748267e-02,  5.0418246959785362e-01,  5.7037884716999849e+02, -1.8294506397459909e+00, -1.5000448214077276e+04,  9.9995625194045044e+00,  2.4057272404953181e+00,  4.6207054572600098e-01,  5.3037055544063565e-03,  1.7390875657197791e+00, -3.0082081917637008e-02,  2.7758322632433702e-01,  5.5228935741010517e-04, -8.8672195446781996e-02,  1.1777280037519056e-01,  0.0000000000000000e+00, -5.2914435490370913e-02,  3.0146715135413443e-01,  2.1284752363489541e+00,  0.0000000000000000e+00
 9.0909090909090906e-01,  6.3383057144493796e+02,  2.1747552572710591e-04,  2.6257581537308130e+01, -2.0443932189745682e-02,  6.6290940417499292e-02,  5.0440465641277443e-01,  5.7671618927275506e+02, -1.8236062959086248e+00, -1.5000455868393656e+04,  9.9995714646987004e+00,  2.4055050211024080e+00,  4.6715137298841930e-01,  5.3065824923466945e-03,  1.7382167728574420e+00, -2.8799319232197470e-02,  2.7758322632433702e-01,  1.0060015389259156e-04, -8.5731519993374916e-02,  1.5637801684019298e-01,  0.0000000000000000e+00, -3.7513743053835362e-02,  2.8725607441796402e-01,  5.6002890999445656e+00,  0.0000000000000000e+00
 9.1908091908091905e-01,  6.3383011943958206e+02,  2.8042221384366511e-05,  2.6254260656165389e+01, -2.0460992683978937e-02,  6.6189013521909687e-02,  5.0462329736514089e-01,  5.8305352497284332e+02, -1.8171958363151264e+00, -1.5000463531451809e+04,  9.9995802873069994e+00,  2.4052813754660147e+00,  4.7223418725404703e-01,  5.3057155474911235e-03,  1.7373746482373940e+00, -2.6957646016734053e-02,  2.7758322632433702e-01, -1.8762505454575156e-04, -8.2962229740342758e-02,  2.2629263038174297e-01,  0.0000000000000000e+00, -2.0188943675520953e-02,  2.6715583423907574e-01,  8.3966165310737519e+00,  0.0000000000000000e+00
 9.2907092907092903e-01,  6.3382966014108615e+02, -1.8433702895777733e-04,  2.6251059720199663e+01, -2.0475261912862714e-02,  6.6096983221106853e-02,  5.0483550048894876e-01,  5.8939085422017092e+02, -1.8102194836530676e+00, -1.5000471201953003e+04,  9.9995890103173899e+00,  2.4050564167339950e+00,  4.7731895906797422e-01,  5.3028337400081180e-03,  1.7365591858496430e+00, -2.4277987955838971e-02,  2.7758322632433702e-01, -3.1832223982886944e-04, -8.0406623548505474e-02,  3.1590359846197830e-01,  0.0000000000000000e+00, -5.9766328181592608e-03,  2.4447652536674791e-01,  9.5434992785893691e+00,  0.0000000000000000e+00
 9.3906093906093902e-01,  6.3382919363579606e+02, -4.1832112582377646e-04,  2.6247977739444824e+01, -2.0486362144358942e-02,  6.6013539679793523e-02,  5.0503774429812798e-01,  5.9572817696463778e+02, -1.8026774531789247e+00, -1.5000478878617712e+04,  9.9995976614481403e+00,  2.4048302494772780e+00,  4.8240562399028220e-01,  5.2993554627792580e-03,  1.7357681222923689e+00, -2.0645885807703521e-02,  2.7758322632433702e-01, -3.2463808960118403e-04, -7.8055108713289689e-02,  4.1816369674482867e-01,  0.0000000000000000e+00,  4.7121996937418784e-03,  2.2629674464345259e-01,  1.0928972397637283e+01,  0.0000000000000000e+00
 9.4905094905094900e-01,  6.3382872000988959e+02, -6.7203822824877884e-04,  2.6245013629273352e+01, -2.0494218289485874e-02,  6.5937720201733843e-02,  5.0522565762994620e-01,  6.0206549315611301e+02, -1.7945699520640310e+00, -1.5000486560185251e+04,  9.9996062689925242e+00,  2.4046029738835530e+00,  4.8749407717300841e-01,  5.2963474644916108e-03,  1.7349996432180088e+00, -1.5923068939958283e-02,  2.7758322632433702e-01, -2.4659046110077712e-04, -7.5940416060684135e-02,  5.0554937671319122e-01,  0.0000000000000000e+00,  1.0912935532039588e-02,  1.9706472440817757e-01,  6.5656407320289185e+00,  0.0000000000000000e+00
 9.5904095904095898e-01,  6.3382823936002490e+02, -9.4321755166855447e-04,  2.6242166209705911e+01, -2.0499024311948714e-02,  6.5868630643168960e-02,  5.0539548036359405e-01,  6.0840280274443217e+02, -1.7858971790116445e+00, -1.5000494245413649e+04,  9.9996148588482789e+00,  2.4043746884591228e+00,  4.9258417017202355e-01,  5.2944285804395821e-03,  1.7342508312621854e+00, -1.0544999160087318e-02,  2.7758322632433702e-01, -1.2573468140300324e-04, -7.4145873505015558e-02,  5.4457238849466727e-01,  0.0000000000000000e+00,  1.3282391563454473e-02,  1.6220269523658784e-01,  1.2467662266231667e+00,  0.0000000000000000e+00
 9.6903096903096908e-01,  6.3382775179531382e+02, -1.2295271826127043e-03,  2.6239434227194145e+01, -2.0501151026110411e-02,  6.5805555225091281e-02,  5.0554554109876759e-01,  6.1474010567950359e+02, -1.7766593259827868e+00, -1.5000501933079635e+04,  9.9996234528191188e+00,  2.4041454883056237e+00,  4.9767572579791980e-01,  5.2938352830449974e-03,  1.7335182071839426e+00, -5.0425017372675756e-03,  2.7758322632433702e-01,  1.0756401054267175e-05, -7.2697248684517865e-02,  5.5818691800035158e-01,  0.0000000000000000e+00,  1.4043123144490924e-02,  1.2781199382704911e-01,  1.4788625804148399e+00,  0.0000000000000000e+00
 9.7902097902097907e-01,  6.3382725743290871e+02, -1.5286386054913187e-03,  2.6236816394089722e+01, -2.0501064503251853e-02,  6.5748050055655746e-02,  5.0567510937267945e-01,  6.2107740191137486e+02, -1.7668565802913276e+00, -1.5000509621978956e+04,  9.9996320680331507e+00,  2.4039154645303942e+00,  5.0276855612136595e-01,  5.2946434935475595e-03,  1.7327983387809762e+00,  6.0758661414553642e-04,  2.7758322632433702e-01,  1.5390848846197911e-04, -7.1579529278884557e-02,  5.7900035505363345e-01,  0.0000000000000000e+00,  1.4615924754532850e-02,  9.5955431180818521e-02,  2.6879875176515613e+00,  0.0000000000000000e+00
 9.8901098901098905e-01,  6.3382675639823719e+02, -1.8380627855121756e-03,  2.6234311412186045e+01, -2.0499294533848772e-02,  6.5695889933760201e-02,  5.0578295175692844e-01,  6.2741469139033165e+02, -1.7564891246994792e+00, -1.5000517310926045e+04,  9.9996407161893242e+00,  2.4036847065311435e+00,  5.0786246316549544e-01,  5.2969103777195624e-03,  1.7320880467587900e+00,  6.5259369251426764e-03,  2.7758322632433702e-01,  3.0118803030391295e-04, -7.0739048568320653e-02,  6.0784810711168957e-01,  0.0000000000000000e+00,  1.4869439522222319e-02,  7.2308807074075776e-02,  3.0873324443712904e+00,  0.0000000000000000e+00
 9.9900099900099903e-01,  6.3382624881918184e+02, -2.1551182878696202e-03,  2.6231918002374464e+01, -2.0496380353427698e-02,  6.5649098861899305e-02,  5.0586750569244010e-01,  6.3375197406694554e+02, -1.7455571369486165e+00, -1.5000524998753572e+04,  9.9996494030068845e+00,  2.4034533051946956e+00,  5.1295723471384413e-01,  5.3006612364107746e-03,  1.7313849711772136e+00,  1.2752403939054413e-02,  2.7758322632433702e-01,  4.4602446482217435e-04, -7.0093302909412653e-02,  6.3909957377581383e-01,  0.0000000000000000e+00,  1.4126814668333624e-02,  5.6969473839306659e-02,  3.1692111817864044e+00,  0.0000000000000000e+00
 1.0089910089910090e+00,  6.3382573482410544e+02, -2.4769441313167331e-03,  2.6229634919657848e+01, -2.0492835293545730e-02,  6.5607855091281184e-02,  5.0592715979073100e-01,  6.4008924989212630e+02, -1.7340607896132902e+00, -1.5000532684312268e+04,  9.9996581282977086e+00,  2.4032213552582968e+00,  5.1805264290122499e-01,  5.3058219554382871e-03,  1.7306875811661944e+00,  1.9295159178405685e-02,  2.7758322632433702e-01,  5.7650562856859685e-04, -6.9559820666055858e-02,  6.6895618222688535e-01,  0.0000000000000000e+00,  1.1995514313699659e-02,  4.9833671280800455e-02,  2.8080818301173753e+00,  0.0000000000000000e+00
 1.0189810189810189e+00,  6.3382521454080052e+02, -2.8004905902286902e-03,  2.6227460959459776e+01, -2.0489131320336227e-02,  6.5572408582290312e-02,  5.0596021443551409e-01,  6.4642651881714710e+02, -1.7220002501017728e+00, -1.5000540366470614e+04,  9.9996668862818101e+00,  2.4029889564707059e+00,  5.2314844398041138e-01,  5.3121798303881690e-03,  1.7299951645704992e+00,  2.6118161825705387e-02,  2.7758322632433702e-01,  6.7749612284693074e-04, -6.9037640717067278e-02,  6.8109755603539235e-01,  0.0000000000000000e+00,  8.2227826408235762e-03,  5.4706754506637749e-02, -3.7737879365348409e-01,  0.0000000000000000e+00
 1.0289710289710290e+00,  6.3382468808951865e+02, -3.1226497339940473e-03,  2.6225394980263452e+01, -2.0485699803736410e-02,  6.5543154232708428e-02,  5.0596577504341878e-01,  6.5276378079365270e+02, -1.7093756809856180e+00, -1.5000548044114797e+04,  9.9996756661332729e+00,  2.4027562141119465e+00,  5.2824438084428771e-01,  5.3193583415091549e-03,  1.7293082077252939e+00,  3.2903501956335596e-02,  2.7758322632433702e-01,  7.3870063800606173e-04, -6.8407660928431965e-02,  6.6757117329699356e-01,  0.0000000000000000e+00,  4.0303612940344466e-03,  7.1415199178152505e-02, -2.3306030305739505e+00,  0.0000000000000000e+00
 1.0389610389610389e+00,  6.3382415557295110e+02, -3.4403997587824212e-03,  2.6223435937026856e+01, -2.0482905173716350e-02,  6.5520716210449650e-02,  5.0594397373262001e-01,  6.5910103577359018e+02, -1.6961872413125949e+00, -1.5000555716148468e+04,  9.9996844528999009e+00,  2.4025232390485773e+00,  5.3334019393628973e-01,  5.3269390838947836e-03,  1.7286283781383627e+00,  3.9456247206264693e-02,  2.7758322632433702e-01,  7.6190570953550316e-04, -6.7611955597846357e-02,  6.3509081427878067e-01,  0.0000000000000000e+00,  6.1529402615973731e-04,  8.7885008005085863e-02, -4.1719648448722726e+00,  0.0000000000000000e+00
 1.0489510489510490e+00,  6.3382361707931227e+02, -3.7508595580628881e-03,  2.6221582871106154e+01, -2.0481059581189589e-02,  6.5505690325417198e-02,  5.0589564760301942e-01,  6.6543828370910467e+02, -1.6824350876405549e+00, -1.5000563381492721e+04,  9.9996932285658406e+00,  2.4022901476530278e+00,  5.3843562973945092e-01,  5.3345812328085655e-03,  1.7279573195015607e+00,  4.5592629114752786e-02,  2.7758322632433702e-01,  7.5466105053790633e-04, -6.6692518937180742e-02,  5.9243064991460281e-01,  0.0000000000000000e+00, -2.0656747574786293e-03,  9.6186211460168800e-02, -4.3686000608361413e+00,  0.0000000000000000e+00
 1.0589410589410588e+00,  6.3382307269207058e+02, -4.0513201354795882e-03,  2.6219834869324032e+01, -2.0480431551316888e-02,  6.5498436914901051e-02,  5.0582205395387880e-01,  6.7177552455250236e+02, -1.6681193747236740e+00, -1.5000571039086020e+04,  9.9997019726198175e+00,  2.4020570591205819e+00,  5.4353044624127667e-01,  5.3420172267626739e-03,  1.7272958602774799e+00,  5.1293023428334673e-02,  2.7758322632433702e-01,  7.3063998309843647e-04, -6.5722191503074109e-02,  5.6443840714313276e-01,  0.0000000000000000e+00, -2.7433429439032357e-03,  9.8073340847979223e-02, -1.2354469420121645e+00,  0.0000000000000000e+00
 1.0689310689310689e+00,  6.3382252249435771e+02, -4.3391300221861488e-03,  2.6218191038983861e+01, -2.0481184990326671e-02,  6.5499095592149822e-02,  5.0572387690293541e-01,  6.7811275825626240e+02, -1.6532402555263344e+00, -1.5000578687884454e+04,  9.9997106628263666e+00,  2.4018240932025532e+00,  5.4862441260185912e-01,  5.3491794342690737e-03,  1.7266441888021986e+00,  5.6870119766963226e-02,  2.7758322632433702e-01,  7.0182526477199252e-04, -6.4738677290399352e-02,  5.4498056304697162e-01,  0.0000000000000000e+00, -3.0253636650492198e-03,  9.8826204529361888e-02, -2.6600134460380342e+00,  0.0000000000000000e+00
 1.0789210789210790e+00,  6.3382196657273437e+02, -4.6115970847582224e-03,  2.6216650485509781e+01, -2.0483446767915806e-02,  6.5507586796543754e-02,  5.0560120113968221e-01,  6.8444998477307615e+02, -1.6377978802495943e+00, -1.5000586326861607e+04,  9.9997192757150533e+00,  2.4015913694705859e+00,  5.5371730030327815e-01,  5.3560397095753012e-03,  1.7260023802117377e+00,  6.2181745966735820e-02,  2.7758322632433702e-01,  6.6540882795026676e-04, -6.3721698133577379e-02,  5.0285600600207614e-01,  0.0000000000000000e+00, -4.2652069866617633e-03,  1.0477302266653965e-01, -5.7733228743511980e+00,  0.0000000000000000e+00
 1.0889110889110889e+00,  6.3382140500911294e+02, -4.8662613882831289e-03,  2.6215212338192007e+01, -2.0487406062817435e-02,  6.5523894191985482e-02,  5.0545543406164495e-01,  6.9078720405586319e+02, -1.6217923968792050e+00, -1.5000593955008411e+04,  9.9997277865029890e+00,  2.4013590056256664e+00,  5.5880888731046585e-01,  5.3624743159464017e-03,  1.7253710280003289e+00,  6.6917192813957749e-02,  2.7758322632433702e-01,  6.1979304970506916e-04, -6.2658850744722799e-02,  4.4680025711380295e-01,  0.0000000000000000e+00, -4.8670718180267971e-03,  1.0800902458214565e-01, -5.4490380530811029e+00,  0.0000000000000000e+00
 1.0989010989010990e+00,  6.3382083788098248e+02, -5.1009169646596087e-03,  2.6213875745266602e+01, -2.0493229239986765e-02,  6.5547982895338405e-02,  5.0528845048241378e-01,  6.9712441605774052e+02, -1.6052239525230270e+00, -1.5000601571333224e+04,  9.9997361692916211e+00,  2.4011271162224022e+00,  5.6389896897884151e-01,  5.3684231870918860e-03,  1.7247504551219330e+00,  7.1108824030947662e-02,  2.7758322632433702e-01,  5.7208684012546287e-04, -6.1574876593811487e-02,  3.8898754026110921e-01,  0.0000000000000000e+00, -4.6837113398103900e-03,  1.0900260043029991e-01, -6.1250678608281905e+00,  0.0000000000000000e+00
 1.1088911088911089e+00,  6.3382026526393554e+02, -5.3136071638919561e-03,  2.6212639863618620e+01, -2.0501009218928303e-02,  6.5579766726152317e-02,  5.0510239006068247e-01,  7.0346162073200651e+02, -1.5880926936663400e+00, -1.5000609174861647e+04,  9.9997443976009013e+00,  2.4008958117823260e+00,  5.6898735970227354e-01,  5.3739046224424150e-03,  1.7241407607357173e+00,  7.4689171640353533e-02,  2.7758322632433702e-01,  5.3423143295773035e-04, -6.0467826062192399e-02,  3.3445349415727599e-01,  0.0000000000000000e+00, -2.8949411751696776e-03,  1.1262891599984241e-01, -4.7926481691592224e+00,  0.0000000000000000e+00
 1.1188811188811190e+00,  6.3381968722920158e+02, -5.5026328114297848e-03,  2.6211503869280676e+01, -2.0510742988027516e-02,  6.5619177134755943e-02,  5.0489944175900758e-01,  7.0979881803212550e+02, -1.5703987665880368e+00, -1.5000616764636332e+04,  9.9997524454328257e+00,  2.4006651981269824e+00,  5.7407389595056679e-01,  5.3790971417963362e-03,  1.7235423067490621e+00,  7.7791211526597528e-02,  2.7758322632433702e-01,  5.0800739414809154e-04, -5.9320059069170178e-02,  2.8688950568223326e-01,  0.0000000000000000e+00, -2.3551113945200043e-03,  1.1715403600320515e-01, -4.7296623235443347e+00,  0.0000000000000000e+00
 1.1288711288711288e+00,  6.3381910384290711e+02, -5.6665360511983119e-03,  2.6210466956207657e+01, -2.0522373420080113e-02,  6.5666154530676354e-02,  5.0468182426238806e-01,  7.1613600791168778e+02, -1.5521423172910125e+00, -1.5000624339716769e+04,  9.9997602879374661e+00,  2.4004353767927760e+00,  5.7915843509530995e-01,  5.3840546203274917e-03,  1.7229555447702993e+00,  8.0421229695942606e-02,  2.7758322632433702e-01,  4.8360353835544533e-04, -5.8126533662878094e-02,  2.4405973037125334e-01,  0.0000000000000000e+00, -2.5305405351677655e-03,  1.2178975033647033e-01, -3.8448586937138534e+00,  0.0000000000000000e+00
 1.1388611388611389e+00,  6.3381851516426855e+02, -5.8040525951832530e-03,  2.6209528336141211e+01, -2.0535833851033684e-02,  6.5720666623831775e-02,  5.0445139848045562e-01,  7.2247319032436076e+02, -1.5333234915467766e+00, -1.5000631899178941e+04,  9.9997679017582399e+00,  2.4002064451404741e+00,  5.8424085529498704e-01,  5.3887595501550863e-03,  1.7223809374451085e+00,  8.2667529815733456e-02,  2.7758322632433702e-01,  4.5095054678766428e-04, -5.6893690567551378e-02,  1.9243428251128383e-01,  0.0000000000000000e+00, -4.0065883767020048e-03,  1.2502543734793903e-01, -6.4905559678520435e+00,  0.0000000000000000e+00
 1.1488511488511488e+00,  6.3381792124435060e+02, -5.9142096621308017e-03,  2.6208687250528808e+01, -2.0551014327772385e-02,  6.5782749083563477e-02,  5.0421062678410122e-01,  7.2881036522381373e+02, -1.5139424348212251e+00, -1.5000639442115182e+04,  9.9997752650872833e+00,  2.3999784971571341e+00,  5.8932105444697980e-01,  5.3930646212623102e-03,  1.7218188076960226e+00,  8.4266070505358864e-02,  2.7758322632433702e-01,  4.0596412029186878e-04, -5.5663756260908512e-02,  1.2648400496175044e-01,  0.0000000000000000e+00, -4.9996942077562678e-03,  1.2120741084196295e-01, -6.7126895975645473e+00,  0.0000000000000000e+00
 1.1588411588411589e+00,  6.3381732213269913e+02, -5.9964355274728046e-03,  2.6207942958448090e+01, -2.0567733570572570e-02,  6.5852391785804473e-02,  5.0396265942072227e-01,  7.3514753256368294e+02, -1.4939992933622328e+00, -1.5000646967634011e+04,  9.9997823587891741e+00,  2.3997516220050916e+00,  5.9439895914359930e-01,  5.3968707213896891e-03,  1.7212687744828525e+00,  8.5194682762022175e-02,  2.7758322632433702e-01,  3.5044133795030262e-04, -5.4508043085335647e-02,  6.7378480305834890e-02,  0.0000000000000000e+00, -6.1159668170252830e-03,  1.1016636690772363e-01, -5.1202364385497514e+00,  0.0000000000000000e+00
 1.1688311688311688e+00,  6.3381671788274184e+02, -6.0504607670320920e-03,  2.6207294726821935e+01, -2.0585799671442712e-02,  6.5929533707224042e-02,  5.0371034656227143e-01,  7.4148469229757870e+02, -1.4734942144040017e+00, -1.5000654474860046e+04,  9.9997891668075543e+00,  2.3995259032003053e+00,  5.9947452607420437e-01,  5.4000664461963822e-03,  1.7207297359061058e+00,  8.5612293888092827e-02,  2.7758322632433702e-01,  2.8834305399752085e-04, -5.3471238782293658e-02,  2.2936379811570273e-02,  0.0000000000000000e+00, -6.3161096303216259e-03,  9.7401854561283724e-02, -3.7770720804020290e+00,  0.0000000000000000e+00
 1.1788211788211789e+00,  6.3381610855420149e+02, -6.0761705037313462e-03,  2.6206741825575008e+01, -2.0605053017169292e-02,  6.6014095292957514e-02,  5.0345560615067553e-01,  7.4782184437913099e+02, -1.4524273454250156e+00, -1.5000661962933886e+04,  9.9997956758167366e+00,  2.3993014194476618e+00,  6.0454773539770490e-01,  5.4026318213696595e-03,  1.7202004180636259e+00,  8.5652952088926676e-02,  2.7758322632433702e-01,  2.2505695907043698e-04, -5.2550523093338804e-02, -1.8362985300350972e-02,  0.0000000000000000e+00, -6.3537665740805715e-03,  8.6925426367478228e-02, -4.4910608150046079e+00,  0.0000000000000000e+00
 1.1888111888111887e+00,  6.3381549421452451e+02, -6.0736610072057952e-03,  2.6206283522004249e+01, -2.0625352230318299e-02,  6.6105977847196129e-02,  5.0320042044024815e-01,  7.5415898876203983e+02, -1.4307988335414319e+00, -1.5000669431011704e+04,  9.9998018746676678e+00,  2.3990782454184698e+00,  6.0961858534990032e-01,  5.4045630887352520e-03,  1.7196797754047404e+00,  8.5245401074899002e-02,  2.7758322632433702e-01,  1.5956291807314084e-04, -5.1714350252600065e-02, -5.9993569823618184e-02,  0.0000000000000000e+00, -6.7581404335781215e-03,  8.0476376348416867e-02, -3.8433822065534922e+00,  0.0000000000000000e+00
 1.1988011988011988e+00,  6.3381487493646773e+02, -6.0432403958952116e-03,  2.6205919081561909e+01, -2.0646543451690317e-02,  6.6205099325731265e-02,  5.0294669710217543e-01,  7.6049612540012242e+02, -1.4086088257030223e+00, -1.5000676878265389e+04,  9.9998077544882431e+00,  2.3988564514210196e+00,  6.1468709378633113e-01,  5.4058198916608312e-03,  1.7191671643123252e+00,  8.4454279365178062e-02,  2.7758322632433702e-01,  8.7426615563997994e-05, -5.0923643484475069e-02, -9.6972819395512763e-02,  0.0000000000000000e+00, -7.6835473287522830e-03,  7.7823118630206994e-02, -3.5598635577398072e+00,  0.0000000000000000e+00
 1.2087912087912087e+00,  6.3381425079558232e+02, -5.9853772414954929e-03,  2.6205647770823514e+01, -2.0668458035357030e-02,  6.6311410928619877e-02,  5.0269606391833443e-01,  7.6683325424733937e+02, -1.3858574684235501e+00, -1.5000684303882288e+04,  9.9998133087093137e+00,  2.3986361041346953e+00,  6.1975329581907179e-01,  5.4063098742610062e-03,  1.7186623199904651e+00,  8.3307882205857789e-02,  2.7758322632433702e-01,  9.2067579516479487e-08, -5.0129907678808310e-02, -1.4530231715243050e-01,  0.0000000000000000e+00, -9.8008291777409249e-03,  8.1082789664278926e-02, -6.1157018931951237e+00,  0.0000000000000000e+00
 1.2187812187812188e+00,  6.3381362186521233e+02, -5.9007933849504366e-03,  2.6205468866801791e+01, -2.0690875840813854e-02,  6.6424963173518675e-02,  5.0245067098364748e-01,  7.7317037525778051e+02, -1.3625449077809970e+00, -1.5000691707065180e+04,  9.9998185333418732e+00,  2.3984172671290818e+00,  6.2481724381090442e-01,  5.4058217311729094e-03,  1.7181655677553060e+00,  8.1551136165329302e-02,  2.7758322632433702e-01, -1.0991852382066836e-04, -4.9279916802235729e-02, -2.1084666251022074e-01,  0.0000000000000000e+00, -1.2223291220576091e-02,  8.9085383825552089e-02, -7.0062760474344898e+00,  0.0000000000000000e+00
 1.2287712287712287e+00,  6.3381298821286100e+02, -5.7906218652321300e-03,  2.6205381666743680e+01, -2.0713476707004842e-02,  6.6545879151574783e-02,  5.0221363279540987e-01,  7.7950748838561356e+02, -1.3386712905494185e+00, -1.5000699087032375e+04,  9.9998234281883835e+00,  2.3982000003258523e+00,  6.2987901707736904e-01,  5.4041136999588950e-03,  1.7176777062681428e+00,  7.9095161676183051e-02,  2.7758322632433702e-01, -2.3694580570788755e-04, -4.8351875032366848e-02, -2.8395495148070504e-01,  0.0000000000000000e+00, -1.3207570613245203e-02,  9.6708578502198148e-02, -7.6300034044564757e+00,  0.0000000000000000e+00
 1.2387612387612388e+00,  6.3381234990376186e+02, -5.6563874983446838e-03,  2.6205385474140762e+01, -2.0735864002235756e-02,  6.6674219945664331e-02,  5.0198836159437477e-01,  7.8584459358505012e+02, -1.3142367648170470e+00, -1.5000706443017705e+04,  9.9998279979330960e+00,  2.3979843589606067e+00,  6.3493872717217492e-01,  5.4010875492406839e-03,  1.7171994963260879e+00,  7.5877710561319214e-02,  2.7758322632433702e-01, -3.6423648922927427e-04, -4.7352803618062746e-02, -3.5537874812105702e-01,  0.0000000000000000e+00, -1.2276024227736434e-02,  1.0330551864148245e-01, -6.6690406829419953e+00,  0.0000000000000000e+00
 1.2487512487512487e+00,  6.3381170700220309e+02, -5.5000059920459364e-03,  2.6205479588112098e+01, -2.0757621348995611e-02,  6.6809962161132108e-02,  5.0177832440507408e-01,  7.9218169081031863e+02, -1.2892414802621246e+00, -1.5000713774270664e+04,  9.9998322527979067e+00,  2.3977703924470872e+00,  6.3999652026467679e-01,  5.3968362476266418e-03,  1.7167315963057439e+00,  7.1994687188249848e-02,  2.7758322632433702e-01, -4.7545523265010123e-04, -4.6303675390678721e-02, -4.1010139376376259e-01,  0.0000000000000000e+00, -9.9899682051131315e-03,  1.0672995248079893e-01, -4.2864329747276653e+00,  0.0000000000000000e+00
 1.2587412587412588e+00,  6.3381105957636669e+02, -5.3236395830613854e-03,  2.6205663284446903e+01, -2.0778394421624258e-02,  6.6952932352991601e-02,  5.0158617767892644e-01,  7.9851878001566479e+02, -1.2636855876790680e+00, -1.5000721080056566e+04,  9.9998362081212466e+00,  2.3975581438884315e+00,  6.4505257310904995e-01,  5.3915879441927298e-03,  1.7162743479666338e+00,  6.7683876520085201e-02,  2.7758322632433702e-01, -5.5625920381339544e-04, -4.5223571129081090e-02, -4.3865254265350490e-01,  0.0000000000000000e+00, -6.1869868217783704e-03,  1.0950692069104809e-01, -1.4295070329987536e+00,  0.0000000000000000e+00
 1.2687312687312686e+00,  6.3381040769805725e+02, -5.1295386286332699e-03,  2.6205935805609979e+01, -2.0797954230710344e-02,  6.7102868098076363e-02,  5.0141339500487947e-01,  8.0485586115537319e+02, -1.2375692377441319e+00, -1.5000728359656237e+04,  9.9998398830403339e+00,  2.3973476505241340e+00,  6.5010708254326222e-01,  5.3857221776203801e-03,  1.7158280284510170e+00,  6.3230400621746258e-02,  2.7758322632433702e-01, -5.9640504511724744e-04, -4.4096657087141035e-02, -4.4269693845363123e-01,  0.0000000000000000e+00, -1.8502106072528076e-03,  1.1610127050535066e-01,  6.1981899381346706e-01,  0.0000000000000000e+00
 1.2787212787212787e+00,  6.3380975143663034e+02, -4.9198891436547801e-03,  2.6206296365074941e+01, -2.0816251893485415e-02,  6.7259500942241784e-02,  5.0126016778249360e-01,  8.1119293418373923e+02, -1.2108925795179861e+00, -1.5000735612365866e+04,  9.9998432983699885e+00,  2.3971389456503318e+00,  6.5516025279508550e-01,  5.3796717594751025e-03,  1.7153932958769806e+00,  5.8838782844687978e-02,  2.7758322632433702e-01, -5.9853203171185063e-04, -4.2903580004427365e-02, -4.2483756020393110e-01,  0.0000000000000000e+00,  1.4243878910118893e-03,  1.2275276145382746e-01,  2.9556285317754227e+00,  0.0000000000000000e+00
 1.2887112887112888e+00,  6.3380909086032761e+02, -4.6967394942801170e-03,  2.6206744139737772e+01, -2.0833400789064847e-02,  6.7422499536965788e-02,  5.0112575327076203e-01,  8.1752999905503248e+02, -1.1836557592256898e+00, -1.5000742837496904e+04,  9.9998464745431441e+00,  2.3969320600654460e+00,  6.6021228514750341e-01,  5.3737634956680953e-03,  1.7149708140653142e+00,  5.4742137680608684e-02,  2.7758322632433702e-01, -5.7412000255233487e-04, -4.1638559823106658e-02, -3.8867921553569917e-01,  0.0000000000000000e+00,  3.4629003467244622e-03,  1.3050427884667148e-01,  4.2832720708054239e+00,  0.0000000000000000e+00
 1.2987012987012987e+00,  6.3380842603461576e+02, -4.4618646492823417e-03,  2.6207278268353615e+01, -2.0849646813997858e-02,  6.7591498999541588e-02,  5.0100832764039505e-01,  8.2386705572345318e+02, -1.1558589189907957e+00, -1.5000750034375676e+04,  9.9998494295654901e+00,  2.3967270234189444e+00,  6.6526336719241608e-01,  5.3682008303531778e-03,  1.7145613566197757e+00,  5.1072964352466221e-02,  2.7758322632433702e-01, -5.4886142576260550e-04, -4.0285419533380572e-02, -3.5901107696555146e-01,  0.0000000000000000e+00,  1.5938667265793596e-03,  1.4039440715649093e-01,  1.6562892709381460e+00,  0.0000000000000000e+00
 1.3086913086913088e+00,  6.3380775701986011e+02, -4.2168720859241454e-03,  2.6207897860029970e+01, -2.0865209703677806e-02,  6.7766173224035567e-02,  5.0090636841190239e-01,  8.3020410414307412e+02, -1.1275021962383391e+00, -1.5000757202343364e+04,  9.9998521782546170e+00,  2.3965238651150416e+00,  6.7031366780061397e-01,  5.3627972334150962e-03,  1.7141659105781337e+00,  4.7569089189788479e-02,  2.7758322632433702e-01, -5.5827413039497291e-04, -3.8846461785776776e-02, -3.6096034497767887e-01,  0.0000000000000000e+00, -3.4782901939793133e-03,  1.4768493391378956e-01, -2.0465327269660523e+00,  0.0000000000000000e+00
 1.3186813186813187e+00,  6.3380708387041170e+02, -3.9634767063165717e-03,  2.6208601998674023e+01, -2.0880147397584984e-02,  6.7946232067052623e-02,  5.0081997862466843e-01,  8.3654114426778312e+02, -1.0985857249498281e+00, -1.5000764340756179e+04,  9.9998547336575871e+00,  2.3963226129059172e+00,  6.7536334788627850e-01,  5.3570465020735579e-03,  1.7137852035371428e+00,  4.3860969447817297e-02,  2.7758322632433702e-01, -6.1394853677736302e-04, -3.7371334354293038e-02, -3.8606367179584800e-01,  0.0000000000000000e+00, -7.6677259637751892e-03,  1.4763557786925466e-01, -2.9791533020314125e+00,  0.0000000000000000e+00
 1.3286713286713288e+00,  6.3380640663932957e+02, -3.7036398139533265e-03,  2.6209389736480961e+01, -2.0894313265769082e-02,  6.8131347426962544e-02,  5.0075055655259026e-01,  8.4287817605124246e+02, -1.0691096375319880e+00, -1.5000771448985339e+04,  9.9998571096503550e+00,  2.3961232900901890e+00,  6.8041257635040753e-01,  5.3505305293835804e-03,  1.7134192305710549e+00,  3.9855529313747563e-02,  2.7758322632433702e-01, -6.9542967784987227e-04, -3.5933789076106643e-02, -4.0857016989376599e-01,  0.0000000000000000e+00, -8.6447984789411840e-03,  1.4016098682366127e-01, -1.5266476171717711e+00,  0.0000000000000000e+00
 1.3386613386613386e+00,  6.3380572538310025e+02, -3.4394445559746893e-03,  2.6210260086997685e+01, -2.0907478868485544e-02,  6.8321135641647851e-02,  5.0069926388675179e-01,  8.4921519944690897e+02, -1.0390740653998110e+00, -1.5000778526417498e+04,  9.9998593226051096e+00,  2.3959259140664493e+00,  6.8546153503533769e-01,  5.3431518032154186e-03,  1.7130672457134444e+00,  3.5697729290099699e-02,  2.7758322632433702e-01, -7.7164565244357665e-04, -3.4593698082756516e-02, -4.2331521913735437e-01,  0.0000000000000000e+00, -6.6136396347184351e-03,  1.2812523004503487e-01, -1.4253112413946247e+00,  0.0000000000000000e+00
 1.3486513486513487e+00,  6.3380504016330542e+02, -3.1730177357610426e-03,  2.6211212027785571e+01, -2.0919430231204624e-02,  6.8515214398217603e-02,  5.0066682946182928e-01,  8.5555221440805906e+02, -1.0084791383979574e+00, -1.5000785572454462e+04,  9.9998613914734413e+00,  2.3957304968978606e+00,  6.9051041379457734e-01,  5.3351130338302622e-03,  1.7127280477921787e+00,  3.1397682777536691e-02,  2.7758322632433702e-01, -8.1872708101044000e-04, -3.3379339771311328e-02, -4.3072782076345340e-01,  0.0000000000000000e+00, -2.8120623643676118e-03,  1.1498930390629140e-01, -5.8691604150393741e-02,  0.0000000000000000e+00
 1.3586413586413586e+00,  6.3380435104870185e+02, -2.9065498753249198e-03,  2.6212244503754878e+01, -2.0930016160947487e-02,  6.8713216437484473e-02,  5.0065386612852047e-01,  8.6188922088784716e+02, -9.7732498462239048e-01, -1.5000792586513096e+04,  9.9998633373480690e+00,  2.3955370457414640e+00,  6.9555940898554014e-01,  5.3267936197786466e-03,  1.7124003258378937e+00,  2.7091778825295440e-02,  2.7758322632433702e-01, -8.2729072554204111e-04, -3.2290697759307624e-02, -4.1972014666191548e-01,  0.0000000000000000e+00,  1.0976207291410762e-03,  1.0295682689685043e-01,  2.2624279592782814e+00,  0.0000000000000000e+00
 1.3686313686313687e+00,  6.3380365811613865e+02, -2.6421107354234969e-03,  2.6213356424937611e+01, -2.0939226630457084e-02,  6.8914759724460969e-02,  5.0065987531196177e-01,  8.6822621883938029e+02, -9.4561172970784435e-01, -1.5000799568025128e+04,  9.9998651822041005e+00,  2.3953455638868606e+00,  7.0060871741208275e-01,  5.3185837486046470e-03,  1.7120828790057789e+00,  2.3011665861214708e-02,  2.7758322632433702e-01, -8.0125338196065812e-04, -3.1301906551930228e-02, -3.9694918535046386e-01,  0.0000000000000000e+00,  4.1150554558518028e-03,  9.4999172820103853e-02,  2.2963184952743321e+00,  0.0000000000000000e+00
 1.3786213786213786e+00,  6.3380296144655188e+02, -2.3816089482593620e-03,  2.6214546674504088e+01, -2.0947175031646739e-02,  6.9119507336252051e-02,  5.0068382397492828e-01,  8.7456320821576071e+02, -9.1333949568510275e-01, -1.5000806516436804e+04,  9.9998669470732029e+00,  2.3951560525436832e+00,  7.0565852659363049e-01,  5.3107845611980141e-03,  1.7117749131195734e+00,  1.9160726170940522e-02,  2.7758322632433702e-01, -7.4760886367700315e-04, -3.0362194145956038e-02, -3.6694839221162134e-01,  0.0000000000000000e+00,  6.6245771045359159e-03,  9.3131250855929423e-02,  3.7098402911219437e+00,  0.0000000000000000e+00
 1.3886113886113887e+00,  6.3380226111971820e+02, -2.1268074183604367e-03,  2.6215814123376763e+01, -2.0954039009337455e-02,  6.9327210919451668e-02,  5.0072445761846218e-01,  8.8090018897012158e+02, -8.8050840076596570e-01, -1.5000813431208788e+04,  9.9998686510749444e+00,  2.3949685118999242e+00,  7.1070901290489963e-01,  5.3036465085711405e-03,  1.7114762417601055e+00,  1.5680029653190309e-02,  2.7758322632433702e-01, -6.7161366408506444e-04, -2.9417749991730618e-02, -3.2779896384283902e-01,  0.0000000000000000e+00,  8.5896618537702162e-03,  9.5946468820000075e-02,  4.1278752683082862e+00,  0.0000000000000000e+00
 1.3986013986013985e+00,  6.3380155721158269e+02, -1.8792355968236835e-03,  2.6217157638605396e+01, -2.0960043625404736e-02,  6.9537677059118883e-02,  5.0078000137042700e-01,  8.8723716105558026e+02, -8.4711855881487153e-01, -1.5000820311815749e+04,  9.9998703106729732e+00,  2.3947829427478369e+00,  7.1576033699440778e-01,  5.2973657067707401e-03,  1.7111871458869714e+00,  1.2611296323930755e-02,  2.7758322632433702e-01, -5.8331908126573557e-04, -2.8443468099806506e-02, -2.8859745089378352e-01,  0.0000000000000000e+00,  9.0869136266594312e-03,  9.9104765943207218e-02,  3.7202676240926240e+00,  0.0000000000000000e+00
 1.4085914085914086e+00,  6.3380084979617675e+02, -1.6402352185224363e-03,  2.6218576076727580e+01, -2.0965435214102782e-02,  6.9750683301303504e-02,  5.0084874351114306e-01,  8.9357412442523537e+02, -8.1317007912235828e-01, -1.5000827157746186e+04,  9.9998719392375754e+00,  2.3945993469372531e+00,  7.2081264173875670e-01,  5.2919917816727242e-03,  1.7109079406991703e+00,  9.9138468181496821e-03,  2.7758322632433702e-01, -4.9644034857250095e-04, -2.7437762503509381e-02, -2.5366175952028847e-01,  0.0000000000000000e+00,  8.3062086585261527e-03,  1.0223749443547719e-01,  3.2738577888810849e+00,  0.0000000000000000e+00
 1.4185814185814185e+00,  6.3380013894646788e+02, -1.4109891125153140e-03,  2.6220068279254477e+01, -2.0970444975968200e-02,  6.9965962899461484e-02,  5.0092914541935230e-01,  8.9991107903216107e+02, -7.7866306657887441e-01, -1.5000833968502402e+04,  9.9998735470666471e+00,  2.3944177267318616e+00,  7.2586605357566858e-01,  5.2874468186873734e-03,  1.7106389388439442e+00,  7.5431293005483709e-03,  2.7758322632433702e-01, -4.2166550614405922e-04, -2.6395526390608017e-02, -2.2980482050753212e-01,  0.0000000000000000e+00,  6.6637147956478899e-03,  1.0641817536737576e-01,  1.5023014014727134e+00,  0.0000000000000000e+00
 1.4285714285714286e+00,  6.3379942473382903e+02, -1.1925686754260486e-03,  2.6221633072599840e+01, -2.0975263006276574e-02,  7.0183229395919852e-02,  5.0102003475979040e-01,  9.0624802482939810e+02, -7.4359762194691259e-01, -1.5000840743600334e+04,  9.9998751417673972e+00,  2.3942380840436437e+00,  7.3092068464700932e-01,  5.2835668964350806e-03,  1.7103805575545028e+00,  5.3223419129042873e-03,  2.7758322632433702e-01, -3.6926427456111728e-04, -2.5300981621155006e-02, -2.2313187111780589e-01,  0.0000000000000000e+00,  3.8270117672570964e-03,  1.1270968747711700e-01, -1.6637693364952730e-01,  0.0000000000000000e+00
 1.4385614385614385e+00,  6.3379870722454359e+02, -9.8609228814580956e-04,  2.6223269281289351e+01, -2.0980022865984466e-02,  7.0402258288137745e-02,  5.0112126753136588e-01,  9.1258496176993913e+02, -7.0797384273399100e-01, -1.5000847482569461e+04,  9.9998767290371706e+00,  2.3940604194266393e+00,  7.3597664002847329e-01,  5.2800689111037347e-03,  1.7101334247256395e+00,  3.0849500574353685e-03,  2.7758322632433702e-01, -3.3376443021397882e-04, -2.4133282062386609e-02, -2.0773816537541401e-01,  0.0000000000000000e+00,  3.2800570710400227e-03,  1.2106376418831652e-01,  3.2481968232763858e+00,  0.0000000000000000e+00
 1.4485514485514486e+00,  6.3379798648017209e+02, -7.9261559086877067e-04,  2.6224975731492076e+01, -2.0984781241473072e-02,  7.0622841684125054e-02,  5.0123228937969166e-01,  9.1892188980669584e+02, -6.7179182385168013e-01, -1.5000854184952868e+04,  9.9998783135883329e+00,  2.3938847315677974e+00,  7.4103402307357813e-01,  5.2768982764507854e-03,  1.7098983740967129e+00,  1.1717292180908230e-03,  2.7758322632433702e-01, -2.9453492864991629e-04, -2.2882087495336292e-02, -1.7378273463223770e-01,  0.0000000000000000e+00,  4.5736891420852990e-03,  1.2942538813515733e-01,  3.5496804115075116e+00,  0.0000000000000000e+00
 1.4585414585414584e+00,  6.3379726255680123e+02, -6.1295021393991073e-04,  2.6226751245756859e+01, -2.0989600929890165e-02,  7.0844743622041795e-02,  5.0135158036782634e-01,  9.2525880889244331e+02, -6.3505165644626227e-01, -1.5000860850306459e+04,  9.9998798990837550e+00,  2.3937110191090127e+00,  7.4609292509541547e-01,  5.2741840973444956e-03,  1.7096762401602981e+00, -3.8723245269924890e-04,  2.7758322632433702e-01, -2.4066353289297978e-04, -2.1562116015766731e-02, -1.2993098892394148e-01,  0.0000000000000000e+00,  6.2113642884534005e-03,  1.3483290207466872e-01,  5.2294390792933907e+00,  0.0000000000000000e+00
 1.4685314685314685e+00,  6.3379653550183332e+02, -4.4771903761232863e-04,  2.6228594645135381e+01, -2.0994528014400830e-02,  7.1067762745233062e-02,  5.0147744689576501e-01,  9.3159571897978230e+02, -5.9775342753952287e-01, -1.5000867478198981e+04,  9.9998814880203906e+00,  2.3935392810724432e+00,  7.5115342204001712e-01,  5.2720898142551214e-03,  1.7094675625879063e+00, -1.4242945366332812e-03,  2.7758322632433702e-01, -1.7308580212707135e-04, -2.0221673608563862e-02, -7.1047835072439683e-02,  0.0000000000000000e+00,  7.3176974108814701e-03,  1.3352366784734584e-01,  6.5589683217772743e+00,  0.0000000000000000e+00
 1.4785214785214784e+00,  6.3379580535672710e+02, -2.9720586187246482e-04,  2.6230504751622792e+01, -2.0999634636476878e-02,  7.1291691598116089e-02,  5.0160733308879546e-01,  9.3793262002103870e+02, -5.5989721933992187e-01, -1.5000874068211448e+04,  9.9998830814527029e+00,  2.3933695183405055e+00,  7.5621556841656046e-01,  5.2707258395597390e-03,  1.7092722107175695e+00, -1.8067696169837574e-03,  2.7758322632433702e-01, -1.0133894551198984e-04, -1.8944262813426115e-02, -7.1869502437913848e-03,  0.0000000000000000e+00,  7.0460232834578564e-03,  1.2221397333923106e-01,  6.2259808209181227e+00,  0.0000000000000000e+00
 1.4885114885114885e+00,  6.3379507216527304e+02, -1.6134769823846458e-04,  2.6232480374007391e+01, -2.1005019371127476e-02,  7.1516250091357370e-02,  5.0173835162180636e-01,  9.4426951196826747e+02, -5.2148310851831992e-01, -1.5000880619936979e+04,  9.9998846784078328e+00,  2.3932017341958018e+00,  7.6127939088309149e-01,  5.2700650600990377e-03,  1.7090890558383873e+00, -1.5678899460996425e-03,  2.7758322632433702e-01, -4.4794322827196228e-05, -1.7815873940003345e-02,  4.8308998085798624e-02,  0.0000000000000000e+00,  4.2742101780376364e-03,  1.0368947911996539e-01,  4.8843080346658008e+00,  0.0000000000000000e+00
 1.4985014985014986e+00,  6.3379433597577349e+02, -3.9818511801883477e-05,  2.6234520315699925e+01, -2.1010747228963501e-02,  7.1741197858414582e-02,  5.0186795792395944e-01,  9.5060639477328448e+02, -4.8251116627654012e-01, -1.5000887132980546e+04,  9.9998862759149123e+00,  2.3930359340229126e+00,  7.6634488857365279e-01,  5.2698308480946601e-03,  1.7089162492002867e+00, -8.4155487001474373e-04,  2.7758322632433702e-01, -1.8830154565322680e-05, -1.6885934173290838e-02,  8.5557228221083387e-02,  0.0000000000000000e+00,  9.2381630798945473e-04,  8.2484462175916304e-02,  2.5727876384179966e+00,  0.0000000000000000e+00
 1.5084915084915085e+00,  6.3379359684298731e+02,  6.7851665670761526e-05,  2.6236623385499929e+01, -2.1016808340090863e-02,  7.1966373662211494e-02,  5.0199443618324835e-01,  9.5694326838772668e+02, -4.4298145903777608e-01, -1.5000893606958849e+04,  9.9998878698105003e+00,  2.3928721250548972e+00,  7.7141203872290531e-01,  5.2696888332345957e-03,  1.7087516745362237e+00,  1.4154518319273217e-04,  2.7758322632433702e-01, -2.5798407006330009e-05, -1.6163093851231720e-02,  1.0600394683307149e-01,  0.0000000000000000e+00, -2.3188604466791228e-03,  6.2228170300318679e-02,  1.5206454277020223e+00,  0.0000000000000000e+00
 1.5184815184815186e+00,  6.3379285482739851e+02,  1.6218979160266745e-04,  2.6238788409092713e+01, -2.1023110680625078e-02,  7.2191728123779511e-02,  5.0211679293779576e-01,  9.6328013276312652e+02, -4.0289404954288244e-01, -1.5000900041500248e+04,  9.9998894559101856e+00,  2.3927103156416236e+00,  7.7648080572309874e-01,  5.2693153954072210e-03,  1.7085933102622002e+00,  1.2764061056709994e-03,  2.7758322632433702e-01, -6.0788914833339096e-05, -1.5622853526816213e-02,  1.1465169102072875e-01,  0.0000000000000000e+00, -4.6862392202880994e-03,  4.5927942647666233e-02,  2.1063295866695753e-01,  0.0000000000000000e+00
 1.5284715284715285e+00,  6.3379210999192878e+02,  2.4375237372571692e-04,  2.6241014246171517e+01, -2.1029469035440066e-02,  7.2417354249851101e-02,  5.0223452307382244e-01,  9.6961698785097042e+02, -3.6224899748685135e-01, -1.5000906436244453e+04,  9.9998910310643403e+00,  2.3925505157097633e+00,  7.8155114632976219e-01,  5.2684742695016619e-03,  1.7084395296106130e+00,  2.4322882605299686e-03,  2.7758322632433702e-01, -1.1371501886673419e-04, -1.5218987393872804e-02,  1.1273379221243737e-01,  0.0000000000000000e+00, -5.9095668071976028e-03,  3.4926057167604330e-02, -5.9459630008689124e-01,  0.0000000000000000e+00
 1.5384615384615385e+00,  6.3379136239968398e+02,  3.1304415337217998e-04,  2.6243299802851638e+01, -2.1035593015762310e-02,  7.2643464854054235e-02,  5.0234773566821811e-01,  9.7595383360271842e+02, -3.2104636027332917e-01, -1.5000912790842576e+04,  9.9998925944802792e+00,  2.3923927370193012e+00,  7.8662301584969496e-01,  5.2670433670582353e-03,  1.7082892345899949e+00,  3.5288295264989176e-03,  2.7758322632433702e-01, -1.7486891074090230e-04, -1.4903138635055021e-02,  1.0601523111333379e-01,  0.0000000000000000e+00, -6.3334423460108596e-03,  2.8306864347715836e-02, -7.5045963195364540e-01,  0.0000000000000000e+00
 1.5484515484515484e+00,  6.3379061211351097e+02,  3.7051956199881417e-04,  2.6245644036339314e+01, -2.1041168414376553e-02,  7.2870340770636186e-02,  5.0245675370044818e-01,  9.8229066996984034e+02, -2.7928619354839523e-01, -1.5000919104956687e+04,  9.9998941485415624e+00,  2.3922369933747034e+00,  7.9169637242290514e-01,  5.2649803851711743e-03,  1.7081417646029196e+00,  4.5504746963608124e-03,  2.7758322632433702e-01, -2.3544623305108217e-04, -1.4632043719833007e-02,  9.8459229395173140e-02,  0.0000000000000000e+00, -5.7941375804871544e-03,  2.5966337679731485e-02, -7.6225191202211751e-01,  0.0000000000000000e+00
 1.5584415584415585e+00,  6.3378985919542151e+02,  4.1659331538985636e-04,  2.6248045954779240e+01, -2.1045900561324514e-02,  7.3098290267159430e-02,  5.0256193151803985e-01,  9.8862749690382157e+02, -2.3696855135416658e-01, -1.5000925378259872e+04,  9.9998956988503060e+00,  2.3920833009075100e+00,  7.9677117807569653e-01,  5.2623391466176542e-03,  1.7079968860641241e+00,  5.4960468970318465e-03,  2.7758322632433702e-01, -2.8513373612005393e-04, -1.4360349364437582e-02,  9.4919144762648483e-02,  0.0000000000000000e+00, -4.1533005339209929e-03,  2.8426872270432512e-02,  5.3526968590680818e-02,  0.0000000000000000e+00
 1.5684315684315684e+00,  6.3378910370514575e+02,  4.5167656034695544e-04,  2.6250504613791914e+01, -2.1049564037361149e-02,  7.3327611986159585e-02,  5.0266339863203446e-01,  9.9496431435617274e+02, -1.9409348609486318e-01, -1.5000931610435851e+04,  9.9998972537946571e+00,  2.3919316782665949e+00,  8.0184739818037321e-01,  5.2592834074265179e-03,  1.7078548445356980e+00,  6.4469611052049370e-03,  2.7758322632433702e-01, -3.1539281754388898e-04, -1.4044992119798424e-02,  9.1117660258033736e-02,  0.0000000000000000e+00, -1.9045675671307898e-03,  3.4707648106327059e-02, -8.1458416641455422e-01,  0.0000000000000000e+00
 1.5784215784215785e+00,  6.3378834569896821e+02,  4.7618649359269127e-04,  2.6253019109527916e+01, -2.1052006608667687e-02,  7.3558564468937659e-02,  5.0276122688600855e-01,  1.0013011222784118e+03, -1.5066104824621965e-01, -1.5000937801179005e+04,  9.9998988235988175e+00,  2.3917821468195246e+00,  8.0692499872936840e-01,  5.2560375918215725e-03,  1.7077162668409513e+00,  7.3165795695200320e-03,  2.7758322632433702e-01, -3.2441902214037943e-04, -1.3653101232735505e-02,  7.7872806733847597e-02,  0.0000000000000000e+00,  9.7521406913401212e-05,  4.3748907483669178e-02, -1.8370355091275112e+00,  0.0000000000000000e+00
 1.5884115884115884e+00,  6.3378758522816088e+02,  4.9039895378090231e-04,  2.6255588571395037e+01, -2.1053073129223665e-02,  7.3791355575442405e-02,  5.0285626591867050e-01,  1.0076379206220410e+03, -1.0667128688792576e-01, -1.5000943950194294e+04,  9.9999004202092490e+00,  2.3916347294522193e+00,  8.1200395057750563e-01,  5.2528015088822546e-03,  1.7075820553002787e+00,  8.0028613396474456e-03,  2.7758322632433702e-01, -3.1227566289791358e-04, -1.3169925343426122e-02,  5.9541823601717121e-02,  0.0000000000000000e+00,  2.3335791134282574e-03,  5.2982905556069604e-02, -1.8328273139250113e+00,  0.0000000000000000e+00
 1.5984015984015985e+00,  6.3378682234101643e+02,  4.9445078468195278e-04,  2.6258212150100785e+01, -2.1052660737942503e-02,  7.4026100926056479e-02,  5.0294959612901147e-01,  1.0139747093385096e+03, -6.2124250377763403e-02, -1.5000950057197217e+04,  9.9999020573273043e+00,  2.3914894488960061e+00,  8.1708423488323190e-01,  5.2497983178375982e-03,  1.7074531314694543e+00,  8.5062263947291647e-03,  2.7758322632433702e-01, -2.7474644158645526e-04, -1.2595119955666917e-02,  4.6270673406232130e-02,  0.0000000000000000e+00,  5.1797709931257017e-03,  6.2093133073322947e-02, -8.2405695521108524e-01,  0.0000000000000000e+00
 1.6083916083916083e+00,  6.3378605708385805e+02,  4.8837535986925959e-04,  2.6260889006332093e+01, -2.1050755077162926e-02,  7.4262826766764545e-02,  5.0304218375652709e-01,  1.0203114883792144e+03, -1.7019986414448986e-02, -1.5000956121914045e+04,  9.9999037496945302e+00,  2.3913463266987356e+00,  8.2216584338502741e-01,  5.2473120694899178e-03,  1.7073304045519138e+00,  8.9273503187929423e-03,  2.7758322632433702e-01, -2.0418009035381562e-04, -1.1924900877406969e-02,  4.7308238317513927e-02,  0.0000000000000000e+00,  8.9476125236487639e-03,  7.2084726394318815e-02,  1.0317774504497013e+00,  0.0000000000000000e+00
 1.6183816183816184e+00,  6.3378528949753024e+02,  4.7226279483921266e-04,  2.6263618307632566e+01, -2.1047486052626733e-02,  7.4501517982457216e-02,  5.0313401932450330e-01,  1.0266482576954340e+03,  2.8641458567518964e-02, -1.5000962144081415e+04,  9.9999055117201490e+00,  2.3912053835034488e+00,  8.2724877308676548e-01,  5.2457187955528067e-03,  1.7072148717116640e+00,  9.4514459415326393e-03,  2.7758322632433702e-01, -1.0200558478167455e-04, -1.1164234430018001e-02,  5.4297920805322274e-02,  0.0000000000000000e+00,  1.1507723491893889e-02,  8.0200696372952934e-02,  3.6755698360952999e-01,  0.0000000000000000e+00
 1.6283716283716283e+00,  6.3378451962044142e+02,  4.4626606371669139e-04,  2.6266399217334353e+01, -2.1043101322192503e-02,  7.4742069875312206e-02,  5.0322481259171425e-01,  1.0329850172383044e+03,  7.4860040334542993e-02, -1.5000968123446279e+04,  9.9999073557404436e+00,  2.3910666398839453e+00,  8.3233301818068950e-01,  5.2452739958679063e-03,  1.7071073429249404e+00,  1.0012223861356823e-02,  2.7758322632433702e-01,  1.7128256644582569e-05, -1.0334206600706558e-02,  6.0413008645222657e-02,  0.0000000000000000e+00,  1.2342871561642797e-02,  8.5970875055197835e-02,  8.5668360193852744e-01,  0.0000000000000000e+00
 1.6383616383616384e+00,  6.3378374749133729e+02,  4.1053828237154011e-04,  2.6269230882790811e+01, -2.1037901167350541e-02,  7.4984287054860016e-02,  5.0331441072665351e-01,  1.0393217669587868e+03,  1.2163571672237938e-01, -1.5000974059765840e+04,  9.9999092912680823e+00,  2.3909301151771740e+00,  8.3741857098073802e-01,  5.2460610184627884e-03,  1.7070083940573042e+00,  1.0658499061317307e-02,  2.7758322632433702e-01,  1.3914349984444932e-04, -9.4531508266358852e-03,  7.1092336870582848e-02,  0.0000000000000000e+00,  1.2084580126970538e-02,  9.0416490913750772e-02,  1.2813179087785838e+00,  0.0000000000000000e+00
 1.6483516483516483e+00,  6.3378297314824351e+02,  3.6532123599399918e-04,  2.6272112431136733e+01, -2.1032231226007572e-02,  7.5227922668093070e-02,  5.0340224039241344e-01,  1.0456585068076670e+03,  1.6896844787054296e-01, -1.5000979952807620e+04,  9.9999113244041098e+00,  2.3907958271537386e+00,  8.4250541977570592e-01,  5.2480540857748883e-03,  1.7069184687825500e+00,  1.1432650172457379e-02,  2.7758322632433702e-01,  2.5619863638624781e-04, -8.5314228741357242e-03,  8.8000594789978681e-02,  0.0000000000000000e+00,  1.1349858208697529e-02,  9.4113445176781857e-02,  2.1037153266844637e+00,  0.0000000000000000e+00
 1.6583416583416584e+00,  6.3378219662834533e+02,  3.1099022831401079e-04,  2.6275042964418628e+01, -2.1026478419396696e-02,  7.5472684541761745e-02,  5.0348728499155637e-01,  1.0519952367355229e+03,  2.1685819666192141e-01, -1.5000985802349071e+04,  9.9999134573036006e+00,  2.3906637922145482e+00,  8.4759354499039019e-01,  5.2511798723366395e-03,  1.7068379360578210e+00,  1.2416752703474723e-02,  2.7758322632433702e-01,  3.6140143906539501e-04, -7.5898905856981039e-03,  1.0378471590807142e-01,  0.0000000000000000e+00,  9.7117428876677472e-03,  9.4381318968429606e-02,  1.0562657211577031e+00,  0.0000000000000000e+00
 1.6683316683316682e+00,  6.3378141797034789e+02,  2.4803659802012521e-04,  2.6278021554660523e+01, -2.1021007542108193e-02,  7.5718232463625607e-02,  5.0356856721103394e-01,  1.0583319566927180e+03,  2.6530492914427767e-01, -1.5000991608177706e+04,  9.9999156877749513e+00,  2.3905340255829164e+00,  8.5268291549175823e-01,  5.2552748937482229e-03,  1.7067668226170016e+00,  1.3506270869921342e-02,  2.7758322632433702e-01,  4.4444418276991818e-04, -6.6633506554213112e-03,  1.1267181453907979e-01,  0.0000000000000000e+00,  6.9134144019778031e-03,  9.1111975072984533e-02,  7.2293142477017380e-01,  0.0000000000000000e+00
 1.6783216783216783e+00,  6.3378063721602746e+02,  1.7698728103516200e-04,  2.6281047243643183e+01, -2.1016092223490400e-02,  7.5964216118110078e-02,  5.0364548116312979e-01,  1.0646686666294167e+03,  3.1430861408034660e-01, -1.5000997370091023e+04,  9.9999180101227161e+00,  2.3904065403095118e+00,  8.5777349222217869e-01,  5.2600598759883861e-03,  1.7067048021785918e+00,  1.4667937809150641e-02,  2.7758322632433702e-01,  4.9623440054168523e-04, -5.7808004292018407e-03,  1.1854876616089220e-01,  0.0000000000000000e+00,  3.4549871959299733e-03,  8.5574580216153454e-02,  4.5363428991667126e-01,  0.0000000000000000e+00
 1.6883116883116882e+00,  6.3377985440956229e+02,  9.8415173982025183e-05,  2.6284119048951418e+01, -2.1011907329928109e-02,  7.6210317947633013e-02,  5.0371753160987687e-01,  1.0710053664955990e+03,  3.6386922270374783e-01, -1.5001003087896353e+04,  9.9999204161614426e+00,  2.3902813470866739e+00,  8.6286523012380212e-01,  5.2651896669858190e-03,  1.7066513221089257e+00,  1.5874877586422684e-02,  2.7758322632433702e-01,  5.1268997658358980e-04, -4.9589048942193870e-03,  1.2185510188290785e-01,  0.0000000000000000e+00, -1.6058087234068410e-04,  7.8968905887333810e-02,  2.0829412163086158e-01,  0.0000000000000000e+00
 1.6983016983016983e+00,  6.3377906959748577e+02,  1.2928918070427278e-05,  2.6287235970337669e+01, -2.1008520858202640e-02,  7.6456267092286756e-02,  5.0378432580533417e-01,  1.0773420562410849e+03,  4.1398672857016278e-01, -1.5001008761410889e+04,  9.9999228962948905e+00,  2.3901584544684455e+00,  8.6795807926164159e-01,  5.2703034319640822e-03,  1.7066057231597263e+00,  1.7102605179438509e-02,  2.7758322632433702e-01,  4.9649772037989694e-04, -4.2087379054595248e-03,  1.2289467455403844e-01,  0.0000000000000000e+00, -3.0811088196374460e-03,  7.1214525262379730e-02, -1.7167287024444537e-04,  0.0000000000000000e+00
 1.7082917082917084e+00,  6.3377828282839403e+02, -7.8836151690070324e-05,  2.6290396997563114e+01, -2.1005909501449645e-02,  7.6701853532309947e-02,  5.0384556372878375e-01,  1.0836787358155432e+03,  4.6466110741521166e-01, -1.5001014390461523e+04,  9.9999254405722162e+00,  2.3900378692250257e+00,  8.7305198587792820e-01,  5.2751097013590438e-03,  1.7065672314414839e+00,  1.8330315639450451e-02,  2.7758322632433702e-01,  4.5439989225352830e-04, -3.5322080951587192e-03,  1.2201715255103028e-01,  0.0000000000000000e+00, -5.3468763712626113e-03,  6.4226742759849423e-02, -1.7550823213226174e-01,  0.0000000000000000e+00
 1.7182817182817183e+00,  6.3377749415238100e+02, -1.7622609964732926e-04,  2.6293601118200840e+01, -2.1003978124345454e-02,  7.6946929053657367e-02,  5.0390102857247110e-01,  1.0900154051685236e+03,  5.1589233702010195e-01, -1.5001019974884581e+04,  9.9999280395360532e+00,  2.3899195968154241e+00,  8.7814689336408580e-01,  5.2793823508902266e-03,  1.7065351495714114e+00,  1.9540510325313239e-02,  2.7758322632433702e-01,  3.9473731527954801e-04, -2.9204970355970489e-03,  1.1949486901428852e-01,  0.0000000000000000e+00, -6.5975715389282406e-03,  5.8237811364397103e-02, -3.2945293192343833e-01,  0.0000000000000000e+00
 1.7282717282717284e+00,  6.3377670362035133e+02, -2.7857644836859008e-04,  2.6296847324016575e+01, -2.1002586009395776e-02,  7.7191399292056678e-02,  5.0395058182714259e-01,  1.0963520642494916e+03,  5.6768039708317697e-01, -1.5001025514525811e+04,  9.9999306848540428e+00,  2.3898036418180357e+00,  8.8324274315860085e-01,  5.2829965608051886e-03,  1.7065088798523611e+00,  2.0717825509865805e-02,  2.7758322632433702e-01,  3.2786739507738966e-04, -2.3614525249680452e-03,  1.1423940100407463e-01,  0.0000000000000000e+00, -6.7897864855438663e-03,  5.3682899663529439e-02, -7.2269176372138377e-01,  0.0000000000000000e+00
 1.7382617382617382e+00,  6.3377591128355039e+02, -3.8523179890129710e-04,  2.6300134615703175e+01, -2.1001570605423750e-02,  7.7435210622496170e-02,  5.0399423626442164e-01,  1.1026887130078087e+03,  6.2002526906801547e-01, -1.5001031009240109e+04,  9.9999333696881205e+00,  2.3896900082300951e+00,  8.8833947581614714e-01,  5.2859331479946699e-03,  1.7064879677027807e+00,  2.1823015839880163e-02,  2.7758322632433702e-01,  2.6405129401086872e-04, -1.8392917132272766e-03,  1.0713964164746195e-01,  0.0000000000000000e+00, -5.9861969479736415e-03,  5.0853694846972483e-02, -6.9868005947247436e-01,  0.0000000000000000e+00
 1.7482517482517483e+00,  6.3377511719302754e+02, -4.9557231681196176e-04,  2.6303462005709736e+01, -2.1000770906629787e-02,  7.7678334885053810e-02,  5.0403219414749612e-01,  1.1090253513927864e+03,  6.7292693593621444e-01, -1.5001036458891520e+04,  9.9999360888963462e+00,  2.3895786994455666e+00,  8.9343703302054689e-01,  5.2882723109352759e-03,  1.7064721307671817e+00,  2.2858477690634274e-02,  2.7758322632433702e-01,  2.1337228359782966e-04, -1.3313721080605140e-03,  1.0781564583528179e-01,  0.0000000000000000e+00, -4.1597409367167782e-03,  5.0831810107413423e-02,  8.3401609787400610e-01,  0.0000000000000000e+00
 1.7582417582417582e+00,  6.3377432139762266e+02, -6.0894614520502375e-04,  2.6306828521536175e+01, -2.1000076399922026e-02,  7.7920765113217050e-02,  5.0406429999666846e-01,  1.1153619793536668e+03,  7.2638538214245019e-01, -1.5001041863352915e+04,  9.9999388387776964e+00,  2.3894697185254996e+00,  8.9853535735880485e-01,  5.2901963304841371e-03,  1.7064613668614608e+00,  2.3977174597827850e-02,  2.7758322632433702e-01,  1.8474052125128250e-04, -8.1265779821662100e-04,  1.1916922676059440e-01,  0.0000000000000000e+00, -1.5723378850619654e-03,  5.3014794723334036e-02,  1.4389708033735775e+00,  0.0000000000000000e+00
 1.7682317682317683e+00,  6.3377352394271895e+02, -7.2457757760512737e-04,  2.6310233205905767e+01, -2.0999459934264678e-02,  7.8162494386902662e-02,  5.0408981080204973e-01,  1.1216985968396189e+03,  7.8040059428350816e-01, -1.5001047222505946e+04,  9.9999416161209371e+00,  2.3893630693449261e+00,  9.0363438653098671e-01,  5.2919634302409958e-03,  1.7064558938481365e+00,  2.5239481222314480e-02,  2.7758322632433702e-01,  1.8052360137715517e-04, -2.7599642980663546e-04,  1.3323182639446562e-01,  0.0000000000000000e+00,  7.2811052626167261e-04,  5.4424811232345119e-02,  1.3763616433274455e+00,  0.0000000000000000e+00
 1.7782217782217782e+00,  6.3377272487168284e+02, -8.4159807713860837e-04,  2.6313675112327413e+01, -2.0998972365933656e-02,  7.8403491079022489e-02,  5.0410793089346884e-01,  1.1280352037997022e+03,  8.3497256140968268e-01, -1.5001052536240590e+04,  9.9999444172614229e+00,  2.3892587569670778e+00,  9.0873405041242750e-01,  5.2938031956465178e-03,  1.7064558524472788e+00,  2.6639149151163825e-02,  2.7758322632433702e-01,  1.9611315888979104e-04,  2.7014017257415162e-04,  1.4580778070174516e-01,  0.0000000000000000e+00,  2.3929188877680279e-03,  5.4911736564288501e-02,  1.1413444089899161e+00,  0.0000000000000000e+00
 1.7882117882117883e+00,  6.3377192422660005e+02, -9.5906414076497057e-04,  2.6317153302886304e+01, -2.0998724856413971e-02,  7.8643702478780761e-02,  5.0411793706772878e-01,  1.1343718001828879e+03,  8.9010127496759961e-01, -1.5001057804455195e+04,  9.9999472373919804e+00,  2.3891567873663400e+00,  9.1383427124143068e-01,  5.2958817750739587e-03,  1.7064612912541819e+00,  2.8152723593977719e-02,  2.7758322632433702e-01,  2.2463170668901854e-04,  8.1838547952675135e-04,  1.5589300510850557e-01,  0.0000000000000000e+00,  3.3164943816373226e-03,  5.4846973887622011e-02,  8.7771751724351854e-01,  0.0000000000000000e+00
 1.7982017982017982e+00,  6.3377112204870343e+02, -1.0759810960400342e-03,  2.6320666846885558e+01, -2.0998861520058577e-02,  7.8883060174801567e-02,  5.0411926176576594e-01,  1.1407083859380398e+03,  9.4578672862569824e-01, -1.5001063027056245e+04,  9.9999500701439157e+00,  2.3890571670352418e+00,  9.1893496479755266e-01,  5.2982913416343104e-03,  1.7064722038055111e+00,  2.9753894507977122e-02,  2.7758322632433702e-01,  2.5864544543051675e-04,  1.3645909198559576e-03,  1.6392772680478651e-01,  0.0000000000000000e+00,  3.4930561144106225e-03,  5.4503355266285143e-02,  7.3083376635192665e-01,  0.0000000000000000e+00
 1.8081918081918082e+00,  6.3377031837853633e+02, -1.1913098448435343e-03,  2.6324214819969509e+01, -2.0999541556575112e-02,  7.9121484983190646e-02,  5.0411142875219983e-01,  1.1470449610139258e+03,  1.0020289180921695e+00, -1.5001068203958437e+04,  9.9999529074029194e+00,  2.3889599026338755e+00,  9.2403604164674924e-01,  5.3010495162414016e-03,  1.7064885558080252e+00,  3.1428002850816608e-02,  2.7758322632433702e-01,  2.9037421596081903e-04,  1.9081199084859512e-03,  1.7029211775614486e-01,  0.0000000000000000e+00,  2.8590437457559018e-03,  5.4311148257439608e-02,  5.4331730211001572e-01,  0.0000000000000000e+00
 1.8181818181818181e+00,  6.3376951325611310e+02, -1.3039717574388915e-03,  2.6327796303232336e+01, -2.1000918153347387e-02,  7.9358888808169589e-02,  5.0409402688921900e-01,  1.1533815253592147e+03,  1.0588278409990894e+00, -1.5001073335084306e+04,  9.9999557392843794e+00,  2.3888650007729733e+00,  9.2913740783284282e-01,  5.3040930242708902e-03,  1.7065103280794069e+00,  3.3156334423184809e-02,  2.7758322632433702e-01,  3.1510904807847034e-04,  2.4515572671673495e-03,  1.7328167083952845e-01,  0.0000000000000000e+00,  2.0928696441978849e-03,  5.4485010950576354e-02,  5.5191225183377407e-02,  0.0000000000000000e+00
 1.8281718281718282e+00,  6.3376870672106656e+02, -1.4128767827715604e-03,  2.6331410381851146e+01, -2.1003108509714014e-02,  7.9595172609278841e-02,  5.0406684208245955e-01,  1.1597180789224853e+03,  1.1161834967386353e+00, -1.5001078420364332e+04,  9.9999585543890159e+00,  2.3887724677230882e+00,  9.3423896597304912e-01,  5.3073454013178945e-03,  1.7065375379712053e+00,  3.4890174096361630e-02,  2.7758322632433702e-01,  3.2992203237219847e-04,  2.9996118682899990e-03,  1.7299761599227551e-01,  0.0000000000000000e+00,  8.7268981140649360e-04,  5.5235520194178177e-02, -1.1205900560341291e-01,  0.0000000000000000e+00
 1.8381618381618381e+00,  6.3376789881263153e+02, -1.5169474114242795e-03,  2.6335056143407911e+01, -2.1006188168181214e-02,  7.9830224361608068e-02,  5.0402984695520991e-01,  1.1660546216522214e+03,  1.1740958861619624e+00, -1.5001083459736723e+04,  9.9999613403100351e+00,  2.3886823088968638e+00,  9.3934061750719811e-01,  5.3106848730695355e-03,  1.7065702603844677e+00,  3.6612830247206296e-02,  2.7758322632433702e-01,  3.3206022167196661e-04,  3.5574098880000867e-03,  1.7126806677263376e-01,  0.0000000000000000e+00, -4.4462431359291928e-04,  5.6435643351781417e-02, -2.3419674816886410e-01,  0.0000000000000000e+00
 1.8481518481518482e+00,  6.3376708956963444e+02, -1.6151145992880850e-03,  2.6338732675879985e+01, -2.1010193403607880e-02,  8.0063916658956805e-02,  5.0398307277211185e-01,  1.1723911534968070e+03,  1.2325650114276823e+00, -1.5001088453147302e+04,  9.9999640840706991e+00,  2.3885945285312062e+00,  9.4444226369436701e-01,  5.3139799711814702e-03,  1.7066086150918447e+00,  3.8312113492418247e-02,  2.7758322632433702e-01,  3.2022004712017925e-04,  4.1292468323070233e-03,  1.6846951576875599e-01,  0.0000000000000000e+00, -1.9257786316749068e-03,  5.8046112898467277e-02, -3.2607316280746623e-01,  0.0000000000000000e+00
 1.8581418581418581e+00,  6.3376627903062172e+02, -1.7063224335873654e-03,  2.6342439065323283e+01, -2.1015119669881135e-02,  8.0296104676760044e-02,  5.0392660006705081e-01,  1.1787276744045394e+03,  1.2915908759087307e+00, -1.5001093400549442e+04,  9.9999667725420522e+00,  2.3885091294308367e+00,  9.4954380612218536e-01,  5.3170828760089996e-03,  1.7066527628186796e+00,  3.9978854538290330e-02,  2.7758322632433702e-01,  2.9270345151331269e-04,  4.7208421618222052e-03,  1.5993230498748523e-01,  0.0000000000000000e+00, -3.5830438088197752e-03,  6.0391272070472297e-02, -1.3830764356029435e+00,  0.0000000000000000e+00
 1.8681318681318682e+00,  6.3376546723324100e+02, -1.7895526429419809e-03,  2.6346174395384896e+01, -2.1020916318566299e-02,  8.0526639350825921e-02,  5.0386069386273191e-01,  1.1850641843236051e+03,  1.3511734840705398e+00, -1.5001098301903890e+04,  9.9999693928996525e+00,  2.3884261126909703e+00,  9.5464514746281903e-01,  5.3198281919909270e-03,  1.7067029376125604e+00,  4.1507564141518849e-02,  2.7758322632433702e-01,  2.4529796347674858e-04,  5.3442478665437412e-03,  1.3650643580205510e-01,  0.0000000000000000e+00, -5.9075348961003639e-03,  6.4414550014779290e-02, -3.3067825753201681e+00,  0.0000000000000000e+00
 1.8781218781218780e+00,  6.3376465421006617e+02, -1.8639793607439271e-03,  2.6349937757919562e+01, -2.1027466524651074e-02,  8.0755438385484976e-02,  5.0378658985482672e-01,  1.1914006832020707e+03,  1.4113128407803921e+00, -1.5001103157178808e+04,  9.9999719334119987e+00,  2.3883454770215375e+00,  9.5974619703338004e-01,  5.3219839342203232e-03,  1.7067595409978313e+00,  4.2706255853016704e-02,  2.7758322632433702e-01,  1.8003440036888017e-04,  5.9962705193267437e-03,  1.0490882624732296e-01,  0.0000000000000000e+00, -7.1582304380949030e-03,  6.6120385072377844e-02, -3.0190588575372090e+00,  0.0000000000000000e+00
 1.8881118881118881e+00,  6.3376383999078485e+02, -1.9289907611893928e-03,  2.6353728250489318e+01, -2.1034600289742387e-02,  8.0982414858784393e-02,  5.0370590126396675e-01,  1.1977371709878371e+03,  1.4720089502889384e+00, -1.5001107966349598e+04,  9.9999743844320363e+00,  2.3882672177445214e+00,  9.6484687911746336e-01,  5.3234252829073882e-03,  1.7068227432173422e+00,  4.3603644586020805e-02,  2.7758322632433702e-01,  1.1106561068568905e-04,  6.6474940791513759e-03,  7.6805212060750527e-02,  0.0000000000000000e+00, -6.6493212564799654e-03,  6.4254571604513588e-02, -2.6072847026145967e+00,  0.0000000000000000e+00
 1.8981018981018980e+00,  6.3376302460575494e+02, -1.9841203682584257e-03,  2.6357544968884657e+01, -2.1042143517176631e-02,  8.1207447415639789e-02,  5.0362005455995418e-01,  1.2040736476286600e+03,  1.5332618162201062e+00, -1.5001112729399012e+04,  9.9999767386689147e+00,  2.3881913264975734e+00,  9.6994713277937861e-01,  5.3242030273409164e-03,  1.7068923580623498e+00,  4.4240825524560171e-02,  2.7758322632433702e-01,  5.2790570379033746e-05,  7.2681960437303164e-03,  5.2768962710770813e-02,  0.0000000000000000e+00, -5.0173418129124316e-03,  6.0009961704190366e-02, -2.2047724172513439e+00,  0.0000000000000000e+00
 1.9080919080919081e+00,  6.3376220808675191e+02, -2.0290280064251694e-03,  2.6361387007681017e+01, -2.1049954173361116e-02,  8.1430412151469136e-02,  5.0353029905636693e-01,  1.2104101130721285e+03,  1.5950714417586176e+00, -1.5001117446316726e+04,  9.9999789909641841e+00,  2.3881177913724567e+00,  9.7504691003354205e-01,  5.3244800395583179e-03,  1.7069679619195146e+00,  4.4657969515306935e-02,  2.7758322632433702e-01,  1.3160282978207318e-05,  7.8405192611905074e-03,  3.4589370595303169e-02,  0.0000000000000000e+00, -2.9166417247330225e-03,  5.4569146431340004e-02, -1.4347819242652793e+00,  0.0000000000000000e+00
 1.9180819180819180e+00,  6.3376139046748290e+02, -2.0634723171203879e-03,  2.6365253462133442e+01, -2.1057943634502519e-02,  8.1651198247906703e-02,  5.0343765134517526e-01,  1.2167465672657008e+03,  1.6574378298436945e+00, -1.5001122117099432e+04,  9.9999811377788657e+00,  2.3880465973182528e+00,  9.8014617398366610e-01,  5.3244659700577637e-03,  1.7070490117938422e+00,  4.4931921840150643e-02,  2.7758322632433702e-01, -6.7587075037314536e-06,  8.3594434014870374e-03,  2.2964774855680055e-02,  0.0000000000000000e+00, -1.0711401697511213e-03,  4.9319466456025064e-02, -8.9246214280726976e-01,  0.0000000000000000e+00
 1.9280719280719281e+00,  6.3376057178452345e+02, -2.0872449341202254e-03,  2.6369143427533331e+01, -2.1066084504772594e-02,  8.1869696735616809e-02,  5.0334267050038006e-01,  1.2230830101567119e+03,  1.7203609835584515e+00, -1.5001126741750551e+04,  9.9999831764555349e+00,  2.3879777268369029e+00,  9.8524489533311133e-01,  5.3243450004473543e-03,  1.7071349837656982e+00,  4.5116806175760082e-02,  2.7758322632433702e-01, -1.4580895198697456e-05,  8.8372581992167756e-03,  7.0327462959042606e-03,  0.0000000000000000e+00, -4.9486180678109471e-04,  4.6339056049487244e-02, -2.2971299748597791e+00,  0.0000000000000000e+00
 1.9380619380619382e+00,  6.3375975207361967e+02, -2.1002617275815349e-03,  2.6373056005757963e+01, -2.1074341700225003e-02,  8.2085844849882919e-02,  5.0324634690433057e-01,  1.2294194416924026e+03,  1.7838409062569076e+00, -1.5001131320279939e+04,  9.9999851048131845e+00,  2.3879111603952956e+00,  9.9034305111490117e-01,  5.3241746434803672e-03,  1.7072255803892311e+00,  4.5072436251657223e-02,  2.7758322632433702e-01, -2.0281472984829340e-05,  9.2890734661733743e-03, -1.5403215723377908e-02,  0.0000000000000000e+00, -6.4639386600246558e-04,  4.4114360395203361e-02, -2.1945496214004776e+00,  0.0000000000000000e+00
 1.9480519480519480e+00,  6.3375893136850232e+02, -2.1026309087619761e-03,  2.6376990310284938e+01, -2.1082652909858203e-02,  8.2299616768135422e-02,  5.0315009003263900e-01,  1.2357558618198948e+03,  1.8478776007875863e+00, -1.5001135852704076e+04,  9.9999869217371504e+00,  2.3878468758207907e+00,  9.9544063103046687e-01,  5.3239397762118931e-03,  1.7073205796391482e+00,  4.4809049617850434e-02,  2.7758322632433702e-01, -2.7033483076511796e-05,  9.7146145947004936e-03, -3.6046025269783302e-02,  0.0000000000000000e+00, -7.0535855435236306e-04,  4.1078973535925795e-02, -1.9381408497898835e+00,  0.0000000000000000e+00
 1.9580419580419581e+00,  6.3375810970261136e+02, -2.0945914610222393e-03,  2.6380945466457003e+01, -2.1090963527780334e-02,  8.2511004019854645e-02,  5.0305516862487287e-01,  1.2420922704861941e+03,  1.9124710694114373e+00, -1.5001140339045738e+04,  9.9999886272344920e+00,  2.3877848484435726e+00,  1.0005376379631272e+00,  5.3236345139483689e-03,  1.7074196785829314e+00,  4.4352235946566648e-02,  2.7758322632433702e-01, -3.3454282166029483e-05,  1.0106719763339083e-02, -5.4239828341252329e-02,  0.0000000000000000e+00, -5.8008542336907823e-04,  3.7420481225520032e-02, -1.7042585251182183e+00,  0.0000000000000000e+00
 1.9680319680319680e+00,  6.3375728710934914e+02, -2.0764977481162500e-03,  2.6384920613778885e+01, -2.1099227597180841e-02,  8.2720021538453731e-02,  5.0296271437065310e-01,  1.2484286676382003e+03,  1.9776213139459047e+00, -1.5001144779333983e+04,  9.9999902223013279e+00,  2.3877250515419033e+00,  1.0056340866073734e+00,  5.3232713589857986e-03,  1.7075225121019522e+00,  4.3725336763879359e-02,  2.7758322632433702e-01, -3.8090117586764432e-05,  1.0460670940568545e-02, -7.0052581219738091e-02,  0.0000000000000000e+00, -3.4800882786205893e-04,  3.3440544455818177e-02, -1.4614546011546334e+00,  0.0000000000000000e+00
 1.9780219780219781e+00,  6.3375646362213240e+02, -2.0488048909837603e-03,  2.6388914908684701e+01, -2.1107409699049222e-02,  8.2926711348595653e-02,  5.0287372383627171e-01,  1.2547650532227146e+03,  2.0433283359004388e+00, -1.5001149173603826e+04,  9.9999917087741768e+00,  2.3876674568257381e+00,  1.0107300021891714e+00,  5.3228734726379441e-03,  1.7076286829973284e+00,  4.2952583974144309e-02,  2.7758322632433702e-01, -4.0390783472289322e-05,  1.0774679317169794e-02, -8.3475106224109419e-02,  0.0000000000000000e+00, -1.1258448242002448e-04,  2.9423932539751962e-02, -1.2257349047205057e+00,  0.0000000000000000e+00
 1.9880119880119880e+00,  6.3375563927431915e+02, -2.0120537515557154e-03,  2.6392927527410027e+01, -2.1115484766655309e-02,  8.3131143612348191e-02,  5.0278905817098518e-01,  1.2611014271864383e+03,  2.1095921366146815e+00, -1.5001153521896264e+04,  9.9999930891713635e+00,  2.3876120349459482e+00,  1.0158254191762244e+00,  5.3224643503250136e-03,  1.7077377904099875e+00,  4.2057502473687364e-02,  2.7758322632433702e-01, -4.0606203844598011e-05,  1.1049737213901917e-02, -9.4630079973691161e-02,  0.0000000000000000e+00,  6.9457323883825056e-05,  2.5642658386019052e-02, -1.0074908399457605e+00,  0.0000000000000000e+00
 1.9980019980019981e+00,  6.3375481409902977e+02, -1.9668568232940127e-03,  2.6396957668687552e+01, -2.1123436251282129e-02,  8.3333415176327336e-02,  5.0270944806577900e-01,  1.2674377894760066e+03,  2.1764127173950332e+00, -1.5001157824257985e+04,  9.9999943665465469e+00,  2.3875587559972540e+00,  1.0209203800127122e+00,  5.3220621598738162e-03,  1.7078494569676361e+00,  4.1061873085559072e-02,  2.7758322632433702e-01, -3.9690836350488872e-05,  1.1289263830626674e-02, -1.0368514141568985e-01,  0.0000000000000000e+00,  1.1379924843673407e-04,  2.2310570282302138e-02, -8.0533246074259146e-01,  0.0000000000000000e+00
 2.0079920079920082e+00,  6.3375398812890683e+02, -1.9138851553044125e-03,  2.6401004556011952e+01, -2.1131252780511863e-02,  8.3533645885347590e-02,  5.0263550116821154e-01,  1.2737741400379653e+03,  2.2437900796447785e+00, -1.5001162080741198e+04,  9.9999955443698312e+00,  2.3875075899838336e+00,  1.0260149339164126e+00,  5.3216713266217072e-03,  1.7079633501268832e+00,  3.9985871276570661e-02,  2.7758322632433702e-01, -3.9165780283386435e-05,  1.1498512178431659e-02, -1.1080863459576556e-01,  0.0000000000000000e+00, -8.6830238027409652e-06,  1.9580948948229964e-02, -6.2079087390831933e-01,  0.0000000000000000e+00
 2.0179820179820180e+00,  6.3375316139585516e+02, -1.8538558458056093e-03,  2.6405067439288651e+01, -2.1138923442031717e-02,  8.3731973189596326e-02,  5.0256770838012821e-01,  1.2801104788188115e+03,  2.3117242249881653e+00, -1.5001166291403621e+04,  9.9999966264524254e+00,  2.3874585072284713e+00,  1.0311091357326418e+00,  5.3212796268012211e-03,  1.7080791974707017e+00,  3.8847914352376944e-02,  2.7758322632433702e-01, -4.0598754866134939e-05,  1.1683948339487141e-02, -1.1618478814022364e-01,  0.0000000000000000e+00, -2.7819848766342500e-04,  1.7543370495051998e-02, -4.5551506569193678e-01,  0.0000000000000000e+00
 2.0279720279720279e+00,  6.3375233393078918e+02, -1.7875204450147906e-03,  2.6409145595747834e+01, -2.1146433196766446e-02,  8.3928545632775492e-02,  5.0250645156198681e-01,  1.2864468057649810e+03,  2.3802151553880604e+00, -1.5001170456308104e+04,  9.9999976169213625e+00,  2.3874114787105540e+00,  1.0362030448464938e+00,  5.3208601626883179e-03,  1.7081967956481516e+00,  3.7664496888154632e-02,  2.7758322632433702e-01, -4.5342236292661003e-05,  1.1852632222759346e-02, -1.1999629451789801e-01,  0.0000000000000000e+00, -6.7144649392710421e-04,  1.6227142936043753e-02, -3.0754851111848097e-01,  0.0000000000000000e+00
 2.0379620379620378e+00,  6.3375150576342457e+02, -1.7156543011257784e-03,  2.6413238330077139e+01, -2.1153759123483828e-02,  8.4123515818992259e-02,  5.0245201178856502e-01,  1.2927831208228586e+03,  2.4492628732556496e+00, -1.5001174575522868e+04,  9.9999985202383961e+00,  2.3873664763228577e+00,  1.0412967241637023e+00,  5.3203736880141550e-03,  1.7083160132993283e+00,  3.6450385990381008e-02,  2.7758322632433702e-01, -5.4347639524541939e-05,  1.2011682405641306e-02, -1.2241285213801872e-01,  0.0000000000000000e+00, -1.1314352330956711e-03,  1.5614703676977839e-02, -1.7624632443023069e-01,  0.0000000000000000e+00
 2.0479520479520481e+00,  6.3375067692210428e+02, -1.6390467528040918e-03,  2.6417344973784207e+01, -2.1160867891056787e-02,  8.4317033393233390e-02,  5.0240457742663303e-01,  1.2991194239387871e+03,  2.5188673815523619e+00, -1.5001178649121000e+04,  9.9999993412538863e+00,  2.3873234730448711e+00,  1.0463902391582727e+00,  5.3197742957647506e-03,  1.7084367893026100e+00,  3.5218685656625760e-02,  2.7758322632433702e-01, -6.7977520989342532e-05,  1.2167859639570093e-02, -1.2359434207971758e-01,  0.0000000000000000e+00, -1.5972670361573801e-03,  1.5651978555565105e-02, -6.0287961897875858e-02,  0.0000000000000000e+00
 2.0579420579420580e+00,  6.3374984743369851e+02, -1.5584922494980742e-03,  2.6421464883847300e+01, -2.1167714887543331e-02,  8.4509238468501710e-02,  5.0236425240464044e-01,  1.3054557150590601e+03,  2.5890286838833911e+00, -1.5001182677180523e+04,  1.0000000085280005e+01,  2.3872824430345880e+00,  1.0514836569896000e+00,  5.3190154957865957e-03,  1.7085591273780409e+00,  3.3980968566210801e-02,  2.7758322632433702e-01, -8.5896807875576013e-05,  1.2327264204698662e-02, -1.2369476625541344e-01,  0.0000000000000000e+00, -1.9901741984662286e-03,  1.6260815383119808e-02,  4.0183041924115703e-02,  0.0000000000000000e+00
 2.0679320679320679e+00,  6.3374901732355556e+02, -1.4747825498553884e-03,  2.6425597440747431e+01, -2.1174245497640465e-02,  8.4700255819990175e-02,  5.0233106548564788e-01,  1.3117919941299278e+03,  2.6597467845822953e+00, -1.5001186659784304e+04,  1.0000000758165861e+01,  2.3872433616442090e+00,  1.0565770456936510e+00,  5.3180580758271766e-03,  1.7086830882877189e+00,  3.2747261755418727e-02,  2.7758322632433702e-01, -1.0724358659921837e-04,  1.2495130628319086e-02, -1.2285488370934121e-01,  0.0000000000000000e+00, -2.2834509020070231e-03,  1.7346042625689440e-02,  1.2796144379954663e-01,  0.0000000000000000e+00
 2.0779220779220777e+00,  6.3374818661551592e+02, -1.3886999020883879e-03,  2.6429742045996029e+01, -2.1180397602217290e-02,  8.4890190063520152e-02,  5.0230497902805893e-01,  1.3181282610975961e+03,  2.7310216887855541e+00, -1.5001190597019886e+04,  1.0000001366355114e+01,  2.3872062053673617e+00,  1.0616704734561502e+00,  5.3168727667836143e-03,  1.7088087803376477e+00,  3.1526325535055161e-02,  2.7758322632433702e-01, -1.3163038470658407e-04,  1.2674473302745791e-02, -1.2119663070472113e-01,  0.0000000000000000e+00, -2.5987860790881142e-03,  1.8558360794593064e-02,  2.0402080772484879e-01,  0.0000000000000000e+00
 2.0879120879120880e+00,  6.3374735533197827e+02, -1.3010111383217455e-03,  2.6433898119417595e+01, -2.1186103129309179e-02,  8.5079123030595269e-02,  5.0228589739318341e-01,  1.3244645159082183e+03,  2.8028534024977585e+00, -1.5001194488979427e+04,  1.0000001916922788e+01,  2.3871709517322950e+00,  1.0667640079623781e+00,  5.3154280981107613e-03,  1.7089363245175440e+00,  3.0325750652427270e-02,  2.7758322632433702e-01, -1.5662570937662301e-04,  1.2869251532999023e-02, -1.1884391117379772e-01,  0.0000000000000000e+00, -2.4052779198536303e-03,  2.0436240902103588e-02,  2.6699364236597783e-01,  0.0000000000000000e+00
 2.0979020979020979e+00,  6.3374652349400867e+02, -1.2124627612194051e-03,  2.6438065096293673e+01, -2.1191293278083681e-02,  8.5267111507519283e-02,  5.0227367573487414e-01,  1.3308007585078963e+03,  2.8752419326470671e+00, -1.5001198335759573e+04,  1.0000002417600177e+01,  2.3871375791659908e+00,  1.0718577158269988e+00,  5.3137433819808845e-03,  1.7090659082404049e+00,  2.9151821815298937e-02,  2.7758322632433702e-01, -1.7955929680843756e-04,  1.3083294605754478e-02, -1.1591335627950110e-01,  0.0000000000000000e+00, -2.1860262839948946e-03,  2.2415182263480663e-02,  3.1970344747269630e-01,  0.0000000000000000e+00
 2.1078921078921078e+00,  6.3374569112145844e+02, -1.1237772331832618e-03,  2.6442242423717378e+01, -2.1195908810370295e-02,  8.5454182354637601e-02,  5.0226812934945342e-01,  1.3371369888426814e+03,  2.9481872871299930e+00, -1.5001202137461543e+04,  1.0000002876694319e+01,  2.3871060667937578e+00,  1.0769516621088298e+00,  5.3118404997729305e-03,  1.7091977290051714e+00,  2.8009799478011691e-02,  2.7758322632433702e-01, -1.9978932768091939e-04,  1.3317354994307029e-02, -1.1250374580699779e-01,  0.0000000000000000e+00, -1.8640258966760156e-03,  2.4443707524740593e-02,  3.6290056912247409e-01,  0.0000000000000000e+00
 2.1178821178821177e+00,  6.3374485823315797e+02, -1.0356499591466207e-03,  2.6446429557386612e+01, -2.1199899416029601e-02,  8.5640333682326111e-02,  5.0226904117454152e-01,  1.3434732068585515e+03,  3.0216894748466525e+00, -1.5001205894190653e+04,  1.0000003302983353e+01,  2.3870763942139170e+00,  1.0820459099043842e+00,  5.3097515872220251e-03,  1.7093319892592722e+00,  2.6903994726248059e-02,  2.7758322632433702e-01, -2.1623586005108128e-04,  1.3571711770871764e-02, -1.0870939442823872e-01,  0.0000000000000000e+00, -1.4285698838313267e-03,  2.6478519143579324e-02,  3.9672857690459690e-01,  0.0000000000000000e+00
 2.1278721278721280e+00,  6.3374402484711459e+02, -9.4874718386785844e-04,  2.6450625958398088e+01, -2.1203227025727033e-02,  8.5825535263006222e-02,  5.0227616968836497e-01,  1.3498094125014281e+03,  3.0957485057265690e+00, -1.5001209606056749e+04,  1.0000003705596653e+01,  2.3870485412656439e+00,  1.0871405200177009e+00,  5.3075201029687130e-03,  1.7094688920775165e+00,  2.5837783605319586e-02,  2.7758322632433702e-01, -2.2809074519747520e-04,  1.3845991532334598e-02, -1.0460211553382379e-01,  0.0000000000000000e+00, -9.4477812247671384e-04,  2.8432289101279425e-02,  4.2554865775726469e-01,  0.0000000000000000e+00
 2.1378621378621379e+00,  6.3374319098071624e+02, -8.6370421216063050e-04,  2.6454831090230670e+01, -2.1205866858087265e-02,  8.6009729962246428e-02,  5.0228925314316708e-01,  1.3561456057171579e+03,  3.1703643907463772e+00, -1.5001213273173751e+04,  1.0000004093873200e+01,  2.3870224877939901e+00,  1.0922355506979871e+00,  5.3051943295757218e-03,  1.7096086324467314e+00,  2.4814042367929879e-02,  2.7758322632433702e-01, -2.3409170237319418e-04,  1.4139543197666679e-02, -1.0031059655075275e-01,  0.0000000000000000e+00, -2.5661350410118201e-04,  3.0336754298141127e-02,  4.3361344265401414e-01,  0.0000000000000000e+00
 2.1478521478521477e+00,  6.3374235665092488e+02, -7.8112532069253332e-04,  2.6459044415926204e+01, -2.1207811601593757e-02,  8.6192835276308263e-02,  5.0230802188053780e-01,  1.3624817864515076e+03,  3.2455371419394496e+00, -1.5001216895659716e+04,  1.0000004477204726e+01,  2.3869982134197314e+00,  1.0973310574426933e+00,  5.3028429460781398e-03,  1.7097514004331142e+00,  2.3833575882027846e-02,  2.7758322632433702e-01, -2.3357251591169851e-04,  1.4451244562724288e-02, -9.5944396318377922e-02,  0.0000000000000000e+00,  3.6055463369156094e-04,  3.2065858986455663e-02,  4.4049984386699070e-01,  0.0000000000000000e+00
 2.1578421578421580e+00,  6.3374152187448374e+02, -7.0158423868015604e-04,  2.6463265395519926e+01, -2.1209071539909877e-02,  8.6374745495660252e-02,  5.0233220426025293e-01,  1.3688179546501763e+03,  3.3212667723911369e+00, -1.5001220473636809e+04,  1.0000004864849851e+01,  2.3869756973052971e+00,  1.1024270929204945e+00,  5.3005275460410225e-03,  1.7098973686018308e+00,  2.2897071412517712e-02,  2.7758322632433702e-01, -2.2701270616826941e-04,  1.4779286709047566e-02, -9.1526251173093487e-02,  0.0000000000000000e+00,  9.5271927694292875e-04,  3.3608178707463979e-02,  4.4401281421894190e-01,  0.0000000000000000e+00
 2.1678321678321679e+00,  6.3374068666810604e+02, -6.2562458428283498e-04,  2.6467493483805306e+01, -2.1209673030685453e-02,  8.6555334418889199e-02,  5.0236152970871017e-01,  1.3751541102587580e+03,  3.3975532962300981e+00, -1.5001224007231092e+04,  1.0000005265764878e+01,  2.3869549179407614e+00,  1.1075237069264001e+00,  5.2983072276731793e-03,  1.7100466908768515e+00,  2.2004879554893091e-02,  2.7758322632433702e-01, -2.1446418147296574e-04,  1.5121735810875567e-02, -8.7125400234366809e-02,  0.0000000000000000e+00,  1.5594953670578660e-03,  3.4950131478435405e-02,  4.3703754371453812e-01,  0.0000000000000000e+00
 2.1778221778221778e+00,  6.3373985104864994e+02, -5.5376094145212582e-04,  2.6471728128429277e+01, -2.1209657435853280e-02,  8.6734458214833124e-02,  5.0239573363376211e-01,  1.3814902532227823e+03,  3.4743967286145088e+00, -1.5001227496572505e+04,  1.0000005688449241e+01,  2.3869358529506712e+00,  1.1126209463792733e+00,  5.2962425474101940e-03,  1.7101995011854647e+00,  2.1156304175067846e-02,  2.7758322632433702e-01, -1.9618659024993342e-04,  1.5476513487330337e-02, -8.2822888099515227e-02,  0.0000000000000000e+00,  2.0996783957932422e-03,  3.6076359347810193e-02,  4.2432538568275785e-01,  0.0000000000000000e+00
 2.1878121878121877e+00,  6.3373901503326863e+02, -4.8648078770327215e-04,  2.6475968768326851e+01, -2.1209080037994710e-02,  8.6911958382642193e-02,  5.0243456360036176e-01,  1.3878263834876734e+03,  3.5517970857100654e+00, -1.5001230941794969e+04,  1.0000006140801485e+01,  2.3869184789182873e+00,  1.1177188553878059e+00,  5.2943874156801737e-03,  1.7103559119255494e+00,  2.0350076595861837e-02,  2.7758322632433702e-01, -1.7279171961240113e-04,  1.5841452111773634e-02, -7.8600332830775985e-02,  0.0000000000000000e+00,  2.5839747058398962e-03,  3.6984353265807547e-02,  4.2103017911848162e-01,  0.0000000000000000e+00
 2.1978021978021980e+00,  6.3373817863954082e+02, -4.2424635217029675e-04,  2.6480214832498284e+01, -2.1208007690169162e-02,  8.7087664745939375e-02,  5.0247778163576862e-01,  1.3941625009987624e+03,  3.6297543846630527e+00, -1.5001234343036016e+04,  1.0000006629996481e+01,  2.3869027712328181e+00,  1.1228174753584252e+00,  5.2927901653999562e-03,  1.7105160137151705e+00,  1.9585867954672705e-02,  2.7758322632433702e-01, -1.4364974055954769e-04,  1.6217513666389967e-02, -6.8916874093690475e-02,  0.0000000000000000e+00,  3.2502495005412987e-03,  3.8303169968381318e-02,  1.5175982600460161e+00,  0.0000000000000000e+00
 2.2077922077922079e+00,  6.3373734188486947e+02, -3.6746362883298108e-04,  2.6484465740137772e+01, -2.1206528617148123e-02,  8.7261404013237592e-02,  5.0252494441843842e-01,  1.4004986057012925e+03,  3.7082686436399954e+00, -1.5001237700436801e+04,  1.0000007162333029e+01,  2.3868887040856683e+00,  1.1279168445422105e+00,  5.2915172909936692e-03,  1.7106799381726301e+00,  1.8973116074509366e-02,  2.7758322632433702e-01, -1.0535456371523726e-04,  1.6611932612180129e-02, -4.9617423381162498e-02,  0.0000000000000000e+00,  4.4164449036902358e-03,  4.0659502978736460e-02,  2.3461517726023686e+00,  0.0000000000000000e+00
 2.2177822177822177e+00,  6.3373650478458433e+02, -3.1636564496505536e-04,  2.6488720902282225e+01, -2.1204784690244879e-02,  8.7433007461755641e-02,  5.0257490177371900e-01,  1.4068346975403788e+03,  3.7873398824200466e+00, -1.5001241014142017e+04,  1.0000007742609752e+01,  2.3868762513916852e+00,  1.1330169929304181e+00,  5.2906851791119395e-03,  1.7108479204606686e+00,  1.8594510844159980e-02,  2.7758322632433702e-01, -5.8317809223791523e-05,  1.7020092850241829e-02, -2.7523764802822065e-02,  0.0000000000000000e+00,  5.0003133454973089e-03,  4.1054176681216664e-02,  2.0769986747814371e+00,  0.0000000000000000e+00
 2.2277722277722276e+00,  6.3373566735385987e+02, -2.7104594140206479e-04,  2.6492979718768641e+01, -2.1202940429530897e-02,  8.7602291976473234e-02,  5.0262645829755115e-01,  1.4131707764609966e+03,  3.8669681228646713e+00, -1.5001244284299617e+04,  1.0000008373546274e+01,  2.3868653874602948e+00,  1.1381179381732698e+00,  5.2903521000001869e-03,  1.7110199999678397e+00,  1.8423190703823616e-02,  2.7758322632433702e-01, -9.4998274319268338e-06,  1.7420951169352009e-02, -8.1440137014639809e-03,  0.0000000000000000e+00,  4.7730466092338617e-03,  3.9197658804718399e-02,  1.8028274957103803e+00,  0.0000000000000000e+00
 2.2377622377622379e+00,  6.3373482960883757e+02, -2.3149244106539531e-04,  2.6497241578318064e+01, -2.1201154670871355e-02,  8.7769075400241703e-02,  5.0267856402930222e-01,  1.4195068424079559e+03,  3.9471533887870640e+00, -1.5001247511060665e+04,  1.0000009055751100e+01,  2.3868560867316462e+00,  1.1432196865498305e+00,  5.2904953723700429e-03,  1.7111959914131032e+00,  1.8431793287687171e-02,  2.7758322632433702e-01,  3.3829562059277949e-05,  1.7794812106524716e-02,  8.5200934576372435e-03,  0.0000000000000000e+00,  3.9014971669052443e-03,  3.5649300817256507e-02,  1.5333267575416494e+00,  0.0000000000000000e+00
 2.2477522477522478e+00,  6.3373399156695871e+02, -1.9760232421225831e-04,  2.6501505861405196e+01, -2.1199562053503596e-02,  8.7933195412606191e-02,  5.0273030788501583e-01,  1.4258428953259547e+03,  4.0278957057687528e+00, -1.5001250694579436e+04,  1.0000009787933127e+01,  2.3868483236360460e+00,  1.1483222343887813e+00,  5.2910280153260466e-03,  1.7113755406692688e+00,  1.8593422341338848e-02,  2.7758322632433702e-01,  6.6486655568626172e-05,  1.8127747579618637e-02,  2.2554202893455787e-02,  0.0000000000000000e+00,  2.6364529536660230e-03,  3.1004380896066320e-02,  1.2763019515091496e+00,  0.0000000000000000e+00
 2.2577422577422577e+00,  6.3373315324705106e+02, -1.6919573558672583e-04,  2.6505771944445776e+01, -2.1198260171641982e-02,  8.8094523087986029e-02,  5.0278090922138075e-01,  1.4321789351595392e+03,  4.1091951009825447e+00, -1.5001253835013200e+04,  1.0000010567269999e+01,  2.3868420726268034e+00,  1.1534255694421822e+00,  5.2918237770767087e-03,  1.7115581841719367e+00,  1.8882426712131837e-02,  2.7758322632433702e-01,  8.5823923186598370e-05,  1.8411604028064337e-02,  3.4115659954018773e-02,  0.0000000000000000e+00,  1.2348680234520548e-03,  2.5823680082763392e-02,  1.0383017520155873e+00,  0.0000000000000000e+00
 2.2677322677322675e+00,  6.3373231466920049e+02, -1.4602838240524674e-04,  2.6510039204676179e+01, -2.1197303719268871e-02,  8.8252971024613491e-02,  5.0282970869616117e-01,  1.4385149618531600e+03,  4.1910516030237241e+00, -1.5001256932522174e+04,  1.0000011389867259e+01,  2.3868373083348655e+00,  1.1585296721910745e+00,  5.2927427790260785e-03,  1.7117434048856137e+00,  1.9275053908851703e-02,  2.7758322632433702e-01,  9.1581118974856161e-05,  1.8643425646724599e-02,  4.3399173784933541e-02,  0.0000000000000000e+00, -8.2277426642419607e-05,  2.0587007973104303e-02,  8.2025771693372718e-01,  0.0000000000000000e+00
 2.2777222777222779e+00,  6.3373147585450408e+02, -1.2780311726666554e-04,  2.6514307025174634e+01, -2.1196705236102550e-02,  8.8408496486040530e-02,  5.0287615919896667e-01,  1.4448509753511603e+03,  4.2734652417507082e+00, -1.5001259987269483e+04,  1.0000012251239422e+01,  2.3868340057944306e+00,  1.1636345170703544e+00,  5.2936535696636190e-03,  1.7119306801888543e+00,  1.9749543071471178e-02,  2.7758322632433702e-01,  8.5449879748219533e-05,  1.8824515560706048e-02,  5.0616313969064776e-02,  0.0000000000000000e+00, -1.1451966665302210e-03,  1.5667192805980626e-02,  6.2461374792933122e-01,  0.0000000000000000e+00
 2.2877122877122877e+00,  6.3373063682473639e+02, -1.1418066302025581e-04,  2.6518574799584702e+01, -2.1196441313986465e-02,  8.8561100357526207e-02,  5.0291981747462122e-01,  1.4511869755977978e+03,  4.3564360481353477e+00, -1.5001262999420893e+04,  1.0000013146751471e+01,  2.3868321406932136e+00,  1.1687400736091584e+00,  5.2944500693307382e-03,  1.7121195190826308e+00,  2.0286368873268592e-02,  2.7758322632433702e-01,  7.0458692519925799e-05,  1.8959337471670865e-02,  5.6002657945193789e-02,  0.0000000000000000e+00, -1.8560390165745491e-03,  1.1324153769092186e-02,  4.5373231609145587e-01,  0.0000000000000000e+00
 2.2977022977022976e+00,  6.3372979760197359e+02, -1.0478949318090881e-04,  2.6522841936218882e+01, -2.1196462177244867e-02,  8.8710822904425071e-02,  5.0296033579214361e-01,  1.4575229625372622e+03,  4.4399640541227559e+00, -1.5001265969144926e+04,  1.0000014071976205e+01,  2.3868316896102422e+00,  1.1738463074850691e+00,  5.2950613357479331e-03,  1.7123094881303462e+00,  2.0868477296150361e-02,  2.7758322632433702e-01,  5.0266730402007020e-05,  1.9054444148704865e-02,  5.9783340568944333e-02,  0.0000000000000000e+00, -2.1863917994328365e-03,  7.7162029731142343e-03,  3.0316034518341245e-01,  0.0000000000000000e+00
 2.3076923076923075e+00,  6.3372895820823305e+02, -9.9234968098938666e-05,  2.6527107861345332e+01, -2.1196702838710224e-02,  8.8857737367083661e-02,  5.0299745434442100e-01,  1.4638589361136878e+03,  4.5240492925010143e+00, -1.5001268896612512e+04,  1.0000015022943408e+01,  2.3868326302143856e+00,  1.1789531814895922e+00,  5.2954543996085006e-03,  1.7125002272574301e+00,  2.1480841212308425e-02,  2.7758322632433702e-01,  2.8517527234643485e-05,  1.9117512993722906e-02,  6.2164440354890244e-02,  0.0000000000000000e+00, -2.1677986746731714e-03,  4.9101797995826880e-03,  1.7353583196323374e-01,  0.0000000000000000e+00
 2.3176823176823178e+00,  6.3372811866514917e+02, -9.7107722786135594e-05,  2.6531372021561847e+01, -2.1197094079773170e-02,  8.9001942342411697e-02,  5.0303099371199944e-01,  1.4701948962711413e+03,  4.6086917967802314e+00, -1.5001271781997124e+04,  1.0000015996272991e+01,  2.3868349414059837e+00,  1.1840606564083305e+00,  5.2956311165118621e-03,  1.7126914564219291e+00,  2.2110524056487842e-02,  2.7758322632433702e-01,  8.4235934257105034e-06,  1.9156585477178464e-02,  6.3330091240698966e-02,  0.0000000000000000e+00, -1.8550068738751692e-03,  2.9121313882202633e-03,  5.9827475375668411e-02,  0.0000000000000000e+00
 2.3276723276723277e+00,  6.3372727899368351e+02, -9.7991283330654109e-05,  2.6535633885248313e+01, -2.1197571838190928e-02,  8.9143553749103349e-02,  5.0306084751658053e-01,  1.4765308429536697e+03,  4.6938916010817771e+00, -1.5001274625474525e+04,  1.0000016989202608e+01,  2.3868386033941742e+00,  1.1891686918117457e+00,  5.2956227031734499e-03,  1.7128829762180131e+00,  2.2746177700634092e-02,  2.7758322632433702e-01, -7.5485406309677885e-06,  1.9179455486914410e-02,  6.3443027158395282e-02,  0.0000000000000000e+00, -1.3426143642718169e-03,  1.6664445608309297e-03, -3.7217704653147769e-02,  0.0000000000000000e+00
 2.3376623376623376e+00,  6.3372643921392034e+02, -1.0146907697067388e-04,  2.6539892943147336e+01, -2.1198084318235003e-02,  8.9282697006699455e-02,  5.0308697580578277e-01,  1.4828667761052691e+03,  4.7796487400364489e+00, -1.5001277427222805e+04,  1.0000017999528453e+01,  2.3868435977073066e+00,  1.1942772467666067e+00,  5.2954802965192354e-03,  1.7130746623257636e+00,  2.3378117006705515e-02,  2.7758322632433702e-01, -1.7871688155825525e-05,  1.9193222182852528e-02,  6.2658446415387606e-02,  0.0000000000000000e+00, -7.2407977020477331e-04,  1.0896479660656090e-03, -1.1985536009670777e-01,  0.0000000000000000e+00
 2.3476523476523479e+00,  6.3372559934490539e+02, -1.0713052800605679e-04,  2.6544148708179101e+01, -2.1198596208707485e-02,  8.9419499918938966e-02,  5.0310939737631311e-01,  1.4892026956699126e+03,  4.8659632486926503e+00, -1.5001280187422328e+04,  1.0000019025486122e+01,  2.3868499071422704e+00,  1.1993862804620450e+00,  5.2952656264870198e-03,  1.7132664571807075e+00,  2.3998094711930561e-02,  2.7758322632433702e-01, -2.1920038206904305e-05,  1.9204046484512256e-02,  6.1110770870791427e-02,  0.0000000000000000e+00, -8.6399910021189478e-05,  1.0773772262120300e-03, -1.8998928393144407e-01,  0.0000000000000000e+00
 2.3576423576423577e+00,  6.3372475940455490e+02, -1.1457640377595009e-04,  2.6548400714611741e+01, -2.1199090235544837e-02,  8.9554086538603195e-02,  5.0312818259935599e-01,  1.4955386015915235e+03,  4.9528351624345293e+00, -1.5001282906255492e+04,  1.0000020065599431e+01,  2.3868575156612728e+00,  1.2044957527512605e+00,  5.2950423337178986e-03,  1.7134583595582213e+00,  2.4599111429698364e-02,  2.7758322632433702e-01, -1.9887154746730967e-05,  1.9216994800882237e-02,  5.8918838352617658e-02,  0.0000000000000000e+00,  4.9338317874799743e-04,  1.5148757109727515e-03, -2.4883560620721348e-01,  0.0000000000000000e+00
 2.3676323676323676e+00,  6.3372391940961518e+02, -1.2342338527267246e-04,  2.6552648516728102e+01, -2.1199566331614701e-02,  8.9686572192673147e-02,  5.0314344637969644e-01,  1.5018744938140258e+03,  5.0402645169096880e+00, -1.5001285583906772e+04,  1.0000021118522161e+01,  2.3868664082461852e+00,  1.2096056246137419e+00,  5.2948682807378343e-03,  1.7136504131207850e+00,  2.5175294279415415e-02,  2.7758322632433702e-01, -1.2628923718565141e-05,  1.9235981540874005e-02,  5.6189931895631089e-02,  0.0000000000000000e+00,  9.5971467309081807e-04,  2.2862696353789856e-03, -2.9749146648150315e-01,  0.0000000000000000e+00
 2.3776223776223775e+00,  6.3372307937568326e+02, -1.3330785324154761e-04,  2.6556891687129298e+01, -2.1200038908318220e-02,  8.9817059731325574e-02,  5.0315534119960970e-01,  1.5082103722812894e+03,  5.1282513479664331e+00, -1.5001288220562832e+04,  1.0000022182895327e+01,  2.3868765707220878e+00,  1.2147158585408244e+00,  5.2947900075696755e-03,  1.7138426948537433e+00,  2.5721787391649022e-02,  2.7758322632433702e-01, -1.4473589639731943e-06,  1.9263787332532062e-02,  5.3021313583935949e-02,  0.0000000000000000e+00,  1.2788345907784524e-03,  3.2804498546499311e-03, -3.3686591951962092e-01,  0.0000000000000000e+00
 2.3876123876123878e+00,  6.3372223931724830e+02, -1.4388892112535454e-04,  2.6561129814810325e+01, -2.1200532912394918e-02,  8.9945636979319302e-02,  5.0316405041175571e-01,  1.5145462369371730e+03,  5.2167956915998781e+00, -1.5001290816412184e+04,  1.0000023257234790e+01,  2.3868879895617812e+00,  1.2198264188484569e+00,  5.2948393624768159e-03,  1.7140353039765799e+00,  2.6234661184189371e-02,  2.7758322632433702e-01,  1.2124334516006422e-05,  1.9302128270886471e-02,  4.9501955612253942e-02,  0.0000000000000000e+00,  1.4382184439134379e-03,  4.3954060039025199e-03, -3.6770954641110948e-01,  0.0000000000000000e+00
 2.3976023976023977e+00,  6.3372139924777218e+02, -1.5485074872831196e-04,  2.6565362503130540e+01, -2.1201079303572751e-02,  9.0072375309195499e-02,  5.0316978183994698e-01,  1.5208820877254955e+03,  5.3058975839068250e+00, -1.5001293371645308e+04,  1.0000024339859257e+01,  2.3869006516821378e+00,  1.2249372719219616e+00,  5.2950322520155498e-03,  1.7142283517622525e+00,  2.6710837453831928e-02,  2.7758322632433702e-01,  2.6250129751943017e-05,  1.9351886666851673e-02,  4.5756790912330259e-02,  0.0000000000000000e+00,  1.3897657623209833e-03,  5.5662248682448361e-03, -3.8207242651382500e-01,  0.0000000000000000e+00
 2.4075924075924076e+00,  6.3372055917979969e+02, -1.6590388472302936e-04,  2.6569589367772743e+01, -2.1201709997716443e-02,  9.0197329107879962e-02,  5.0317275976414400e-01,  1.5272179245900427e+03,  5.3955570610491490e+00, -1.5001295886454604e+04,  1.0000025428861818e+01,  2.3869145442429134e+00,  1.2300483863926726e+00,  5.2953638405937378e-03,  1.7144219550588347e+00,  2.7148882780839316e-02,  2.7758322632433702e-01,  3.9785683121673702e-05,  1.9412936621328397e-02,  4.1824251206202867e-02,  0.0000000000000000e+00,  1.3200520222991317e-03,  6.6559760179951506e-03, -4.0522202265288659e-01,  0.0000000000000000e+00
 2.4175824175824174e+00,  6.3371971912506774e+02, -1.7678596172549446e-04,  2.6573810034778049e+01, -2.1202454119427477e-02,  9.0320536131493170e-02,  5.0317321962988171e-01,  1.5335537474745674e+03,  5.4857741592278524e+00, -1.5001298361034260e+04,  1.0000026522127978e+01,  2.3869296544587906e+00,  1.2351597332303801e+00,  5.2958271707592396e-03,  1.7146162226238175e+00,  2.7546486828581226e-02,  2.7758322632433702e-01,  5.1899496624942829e-05,  1.9484352486662141e-02,  3.7718126975750062e-02,  0.0000000000000000e+00,  1.1051334410555576e-03,  7.6414802219074759e-03, -4.1682404828358832e-01,  0.0000000000000000e+00
 2.4275724275724277e+00,  6.3371887909463555e+02, -1.8726318264465419e-04,  2.6578024138805553e+01, -2.1203336378762986e-02,  9.0442018962148013e-02,  5.0317140896243884e-01,  1.5398895563227966e+03,  5.5765489146567582e+00, -1.5001300795580250e+04,  1.0000027617372394e+01,  2.3869459694203021e+00,  1.2402712858430742e+00,  5.2964007935732572e-03,  1.7148112528108159e+00,  2.7902491711423741e-02,  2.7758322632433702e-01,  6.1464050175114368e-05,  1.9564865505728671e-02,  3.3542546210700595e-02,  0.0000000000000000e+00,  8.0969017968876469e-04,  8.4772261952115718e-03, -4.1912722087930715e-01,  0.0000000000000000e+00
 2.4375624375624376e+00,  6.3371803909900052e+02, -1.9713003909126880e-04,  2.6582231321570795e+01, -2.1204373621999797e-02,  9.0561786538046474e-02,  5.0316757878398677e-01,  1.5462253510784039e+03,  5.6678813635429979e+00, -1.5001303190290313e+04,  1.0000028712204498e+01,  2.3869634759389995e+00,  1.2453830201244491e+00,  5.2970552237097913e-03,  1.7150071290275284e+00,  2.8216667572051775e-02,  2.7758322632433702e-01,  6.7884236963599136e-05,  1.9652805882931029e-02,  2.9368938906974798e-02,  0.0000000000000000e+00,  4.7563121536559164e-04,  9.1284373206133879e-03, -4.1642896132673735e-01,  0.0000000000000000e+00
 2.4475524475524475e+00,  6.3371719914821415e+02, -2.0620885014318373e-04,  2.6586431230531812e+01, -2.1205573567513944e-02,  9.0679836148109899e-02,  5.0316197927511663e-01,  1.5525611316850236e+03,  5.7597715420747502e+00, -1.5001305545363915e+04,  1.0000029804213895e+01,  2.3869821604205224e+00,  1.2504949144442861e+00,  5.2977571219841183e-03,  1.7152039162650203e+00,  2.8489283697577077e-02,  2.7758322632433702e-01,  7.1009267227829977e-05,  1.9746240216125383e-02,  2.5246908853540220e-02,  0.0000000000000000e+00,  1.4999984353342792e-04,  9.5771161848965634e-03, -4.0880145537087448e-01,  0.0000000000000000e+00
 2.4575424575424574e+00,  6.3371635925199291e+02, -2.1434898847056921e-04,  2.6590623517836573e+01, -2.1206934714579365e-02,  9.0796155640878701e-02,  5.0315485642174107e-01,  1.5588968980862676e+03,  5.8522194864138148e+00, -1.5001307861002011e+04,  1.0000030891061156e+01,  2.3870020087652621e+00,  1.2556069496045068e+00,  5.2984739902877699e-03,  1.7154016593015768e+00,  2.8721101315379246e-02,  2.7758322632433702e-01,  7.0970659294398934e-05,  1.9843109576467011e-02,  2.1228433622445472e-02,  0.0000000000000000e+00, -1.5772915180599831e-04,  9.8161297555852088e-03, -3.9569728589419151e-01,  0.0000000000000000e+00
 2.4675324675324677e+00,  6.3371551941980545e+02, -2.2142581543514411e-04,  2.6594807839532919e+01, -2.1208447075582934e-02,  9.0910725714226884e-02,  5.0314644900856542e-01,  1.5652326502256942e+03,  5.9452252326915218e+00, -1.5001310137407247e+04,  1.0000031970563510e+01,  2.3870230062964986e+00,  1.2607191087688858e+00,  5.2991751171748156e-03,  1.7156003819908239e+00,  2.8913428225498070e-02,  2.7758322632433702e-01,  6.8187840831291613e-05,  1.9941346715315757e-02,  1.7356423546471156e-02,  0.0000000000000000e+00, -3.9939110450808320e-04,  9.8509454419330508e-03, -3.7947913131585820e-01,  0.0000000000000000e+00
 2.4775224775224776e+00,  6.3371467966095543e+02, -2.2733933444187720e-04,  2.6598983855032465e+01, -2.1210093542810202e-02,  9.1023522169062593e-02,  5.0313698596114154e-01,  1.5715683880468093e+03,  6.0387888170082480e+00, -1.5001312374783762e+04,  1.0000033040769839e+01,  2.3870451377162611e+00,  1.2658313773669869e+00,  5.2998363847099736e-03,  1.7158000878073774e+00,  2.9067883004619433e-02,  2.7758322632433702e-01,  6.3225407554006689e-05,  2.0038971647417490e-02,  1.3655621017754251e-02,  0.0000000000000000e+00, -5.9408803760465539e-04,  9.6935659647456856e-03, -3.6142153493333534e-01,  0.0000000000000000e+00
 2.4875124875124874e+00,  6.3371383998464194e+02, -2.3201282893648085e-04,  2.6603151226809395e+01, -2.1211851908050458e-02,  9.1134518041546611e-02,  5.0312668508152081e-01,  1.5779041114931022e+03,  6.1329102754349343e+00, -1.5001314573337120e+04,  1.0000034100016668e+01,  2.3870683870857432e+00,  1.2709437429848973e+00,  5.3004383620809895e-03,  1.7160007610447183e+00,  2.9186267806272377e-02,  2.7758322632433702e-01,  5.6654428813285272e-05,  2.0134162928684654e-02,  1.0152969833127946e-02,  0.0000000000000000e+00, -7.2142190628778709e-04,  9.3637285449401069e-03, -3.3980923222885878e-01,  0.0000000000000000e+00
 2.4975024975024973e+00,  6.3371300040001131e+02, -2.3539123592606118e-04,  2.6607309620307088e+01, -2.1213696669364294e-02,  9.1243685531429503e-02,  5.0311575105940443e-01,  1.5842398205079978e+03,  6.2275896440166161e+00, -1.5001316733274283e+04,  1.0000035146965052e+01,  2.3870927378288798e+00,  1.2760561952422380e+00,  5.3009683413296196e-03,  1.7162023687849735e+00,  2.9270739544741867e-02,  2.7758322632433702e-01,  4.9131134136277173e-05,  2.0225320715991466e-02,  6.8754977406508700e-03,  0.0000000000000000e+00, -7.8474168804899824e-04,  8.8860604739735942e-03, -3.1634068068501497e-01,  0.0000000000000000e+00
 2.5074925074925076e+00,  6.3371216091618294e+02, -2.3743946670137217e-04,  2.6611458704020915e+01, -2.1215601036341427e-02,  9.1350997673197792e-02,  5.0310437433209387e-01,  1.5905755150348989e+03,  6.3228269587777151e+00, -1.5001318854803612e+04,  1.0000036180617810e+01,  2.3871181727562654e+00,  1.2811687256570776e+00,  5.3014200031226734e-03,  1.7164048633567262e+00,  2.9323640388503165e-02,  2.7758322632433702e-01,  4.1260633562950748e-05,  2.0311103947683502e-02,  3.8389442201057955e-03,  0.0000000000000000e+00, -7.9093252673093539e-04,  8.2877425107720833e-03, -2.9157733412810255e-01,  0.0000000000000000e+00
 2.5174825174825175e+00,  6.3371132154226973e+02, -2.3814067564407768e-04,  2.6615598149723596e+01, -2.1217538732643249e-02,  9.1456429721099894e-02,  5.0309273028989709e-01,  1.5969111950171480e+03,  6.4186222557284536e+00, -1.5001320938134595e+04,  1.0000037200316950e+01,  2.3871446741058322e+00,  1.2862813275040894e+00,  5.3017927296125957e-03,  1.7166081850476644e+00,  2.9347441726961764e-02,  2.7758322632433702e-01,  3.3561721336684705e-05,  2.0390448277182730e-02,  1.0538098358263668e-03,  0.0000000000000000e+00, -7.5038970096769281e-04,  7.5969922548828981e-03, -2.6600656960464969e-01,  0.0000000000000000e+00
 2.5274725274725274e+00,  6.3371048228738357e+02, -2.3749450765719212e-04,  2.6619727632797229e+01, -2.1219485489173254e-02,  9.1559960233554546e-02,  5.0308097879078428e-01,  1.6032468603980665e+03,  6.5149755708721360e+00, -1.5001322983478038e+04,  1.0000038205724779e+01,  2.3871722235967927e+00,  1.2913939956685976e+00,  5.3020905669855442e-03,  1.7168122649207058e+00,  2.9344695530078117e-02,  2.7758322632433702e-01,  2.6439157772742854e-05,  2.0462568962009403e-02, -1.4737649512187420e-03,  0.0000000000000000e+00, -6.7554752453348249e-04,  6.8415688474169492e-03, -2.4001390276178700e-01,  0.0000000000000000e+00
 2.5374625374625372e+00,  6.3370964316062850e+02, -2.3551533771294268e-04,  2.6623846832640286e+01, -2.1221420149912427e-02,  9.1661571859134400e-02,  5.0306926387399142e-01,  1.6095825111209310e+03,  6.6118869402128055e+00, -1.5001324991045914e+04,  1.0000039196791532e+01,  2.3872008024933806e+00,  1.2965067264985468e+00,  5.3023209845131499e-03,  1.7170170275843679e+00,  2.9317995873790560e-02,  2.7758322632433702e-01,  2.0175554536109363e-05,  2.0526952948435057e-02, -3.7434672503680708e-03,  0.0000000000000000e+00, -5.7842584344044155e-04,  6.0481052350900340e-03, -2.1438049752792107e-01,  0.0000000000000000e+00
 2.5474525474525476e+00,  6.3370880417108674e+02, -2.3223055089677754e-04,  2.6627955433116384e+01, -2.1223325381848054e-02,  9.1761251838867935e-02,  5.0305771386691844e-01,  1.6159181471289833e+03,  6.7093563997633598e+00, -1.5001326961051136e+04,  1.0000040173714259e+01,  2.3872303916752138e+00,  1.3016195176564214e+00,  5.3024936749682837e-03,  1.7172223938507445e+00,  2.9269900979621212e-02,  2.7758322632433702e-01,  1.4928601153998070e-05,  2.0583335697772723e-02, -5.7583749734177077e-03,  0.0000000000000000e+00, -4.7201422365822810e-04,  5.2397211823110527e-03, -1.8900402862661203e-01,  0.0000000000000000e+00
 2.5574425574425574e+00,  6.3370796532780241e+02, -2.2767886353555671e-04,  2.6632053123017894e+01, -2.1225187982680385e-02,  9.1858992251310612e-02,  5.0304644160146061e-01,  1.6222537683654261e+03,  6.8073839855534324e+00, -1.5001328893707741e+04,  1.0000041136890495e+01,  2.3872609717108548e+00,  1.3067323679738976e+00,  5.3026192582624806e-03,  1.7174282830428649e+00,  2.9202943426769226e-02,  2.7758322632433702e-01,  1.0740459301550576e-05,  2.0631671147593095e-02, -7.5230204781640969e-03,  0.0000000000000000e+00, -3.6645177520181567e-04,  4.4370358716357226e-03, -1.6427800142358515e-01,  0.0000000000000000e+00
 2.5674325674325673e+00,  6.3370712663974791e+02, -2.2190868843650335e-04,  2.6636139596521360e+01, -2.1226998837676914e-02,  9.1954790032599765e-02,  5.0303554475358803e-01,  1.6285893747734390e+03,  6.9059697336372778e+00, -1.5001330789230726e+04,  1.0000042086871046e+01,  2.3872925229323281e+00,  1.3118452773091838e+00,  5.3027082695597232e-03,  1.7176346150524946e+00,  2.9119590880157396e-02,  2.7758322632433702e-01,  7.5617483268632690e-06,  2.0672100724052359e-02, -9.0448976706895869e-03,  0.0000000000000000e+00, -2.6992616193054485e-04,  3.6569653356006040e-03, -1.4040181252005543e-01,  0.0000000000000000e+00
 2.5774225774225776e+00,  6.3370628811581150e+02, -2.1497656736790295e-04,  2.6640214553613600e+01, -2.1228752597931746e-02,  9.2048646808440840e-02,  5.0302510634817366e-01,  1.6349249662961622e+03,  7.0051136801013705e+00, -1.5001332647835870e+04,  1.0000043024314676e+01,  2.3873250255080105e+00,  1.3169582464084757e+00,  5.3027703421451352e-03,  1.7178413120283604e+00,  2.9022226190591610e-02,  2.7758322632433702e-01,  5.2738694904369255e-06,  2.0704916649751083e-02, -1.0333231830746782e-02,  0.0000000000000000e+00, -1.8810718112200424e-04,  2.9127829892841889e-03, -1.1752268632339233e-01,  0.0000000000000000e+00
 2.5874125874125875e+00,  6.3370544976475276e+02, -2.0694567742727871e-04,  2.6644277700475502e+01, -2.1230447156212470e-02,  9.2140568577006823e-02,  5.0301519537614170e-01,  1.6412605428767126e+03,  7.1048158610715140e+00, -1.5001334469739902e+04,  1.0000043949947194e+01,  2.3873584595122588e+00,  1.3220712767725284e+00,  5.3028136415775142e-03,  1.7180482997008413e+00,  2.8913132701720894e-02,  2.7758322632433702e-01,  3.7142596221939862e-06,  2.0730525987943157e-02, -1.1398537609279037e-02,  0.0000000000000000e+00, -1.2412671450025091e-04,  2.2142065166765759e-03, -9.5751530538716503e-02,  0.0000000000000000e+00
 2.5974025974025974e+00,  6.3370461159519061e+02, -1.9788441892741804e-04,  2.6648328749811885e+01, -2.1232083001008525e-02,  9.2230565281227847e-02,  5.0300586750263920e-01,  1.6475961044581754e+03,  7.2050763127195765e+00, -1.5001336255160217e+04,  1.0000044864527045e+01,  2.3873928049901094e+00,  1.3271843705291160e+00,  5.3028445531265976e-03,  1.7182555083517959e+00,  2.8794483181415208e-02,  2.7758322632433702e-01,  2.7002101637492067e-06,  2.0749416301727639e-02, -1.2252239361553771e-02,  0.0000000000000000e+00, -7.8885987080396316e-05,  1.5676343029765913e-03, -7.5159560266687325e-02,  0.0000000000000000e+00
 2.6073926073926073e+00,  6.3370377361557189e+02, -1.8786509454957558e-04,  2.6652367421121244e+01, -2.1233662523385401e-02,  9.2318650306991171e-02,  5.0299716586904697e-01,  1.6539316509836076e+03,  7.3058950712694672e+00, -1.5001338004315063e+04,  1.0000045768817637e+01,  2.3874280420161096e+00,  1.3322975303121065e+00,  5.3028675918305361e-03,  1.7184628734531235e+00,  2.8668332714477066e-02,  2.7758322632433702e-01,  2.0486319615893113e-06,  2.0762124186171828e-02, -1.2905922121852528e-02,  0.0000000000000000e+00, -5.1559968992004906e-05,  9.7648416284266276e-04, -5.5707728345179987e-02,  0.0000000000000000e+00
 2.6173826173826176e+00,  6.3370293583414616e+02, -1.7696267313391858e-04,  2.6656393440902729e+01, -2.1235189341792006e-02,  9.2404839939682695e-02,  5.0298912188458988e-01,  1.6602671823960418e+03,  7.4072721730026041e+00, -1.5001339717423138e+04,  1.0000046663566877e+01,  2.3874641507465761e+00,  1.3374107591476025e+00,  5.3028854848341219e-03,  1.7186703360078632e+00,  2.8536622599560010e-02,  2.7758322632433702e-01,  1.5947397534752440e-06,  2.0769207767447652e-02, -1.3371641297515204e-02,  0.0000000000000000e+00, -3.9309251072430383e-05,  4.4164880857729024e-04, -3.7529250622486625e-02,  0.0000000000000000e+00
 2.6273726273726274e+00,  6.3370209825895517e+02, -1.6525365244680762e-04,  2.6660406542799709e+01, -2.1236667697018766e-02,  9.2489152808481356e-02,  5.0298175611193607e-01,  1.6666026986384902e+03,  7.5092076542624335e+00, -1.5001341394703926e+04,  1.0000047549493653e+01,  2.3875011114649936e+00,  1.3425240603471753e+00,  5.3028994547626735e-03,  1.7188778426392863e+00,  2.8401167054187049e-02,  2.7758322632433702e-01,  1.2035702538269104e-06,  2.0771223394582004e-02, -1.3661893825814278e-02,  0.0000000000000000e+00, -3.9002882757172282e-05, -3.8120256372738747e-05, -2.0579305542927726e-02,  0.0000000000000000e+00
 2.6373626373626373e+00,  6.3370126089780911e+02, -1.5281502411941555e-04,  2.6664406467683815e+01, -2.1238101947893565e-02,  9.2571609342133113e-02,  5.0297507918337370e-01,  1.6729381996539446e+03,  7.6117015514584585e+00, -1.5001343036377375e+04,  1.0000048427279964e+01,  2.3875389046203992e+00,  1.3476374374092244e+00,  5.3029095321918407e-03,  1.7190853454662964e+00,  2.8263657687955333e-02,  2.7758322632433702e-01,  7.7453098075126073e-07,  2.0768706691902779e-02, -1.3788933727522988e-02,  0.0000000000000000e+00, -4.6890779712573756e-05, -4.6572362000767169e-04, -4.8540827791561424e-03,  0.0000000000000000e+00
 2.6473526473526472e+00,  6.3370042375828098e+02, -1.3972333733256522e-04,  2.6668392963682376e+01, -2.1239496187243315e-02,  9.2652231255155926e-02,  5.0296909271601942e-01,  1.6792736853853653e+03,  7.7147539010690789e+00, -1.5001344642663944e+04,  1.0000049297567955e+01,  2.3875775108589758e+00,  1.3527508939283319e+00,  5.3029149299071441e-03,  1.7192928018139497e+00,  2.8125663882807971e-02,  2.7758322632433702e-01,  2.4440183864640842e-07,  2.0762158149727230e-02, -1.3764957909015808e-02,  0.0000000000000000e+00, -5.9241074536815201e-05, -8.4529452344510357e-04,  9.6540416442318505e-03,  0.0000000000000000e+00
 2.6573426573426575e+00,  6.3369958684769779e+02, -1.2605386289801928e-04,  2.6672365786155979e+01, -2.1240853982895491e-02,  9.2731041078883344e-02,  5.0296379022958948e-01,  1.6856091557756952e+03,  7.8183647396439371e+00, -1.5001346213784556e+04,  1.0000050160960535e+01,  2.3876169110492009e+00,  1.3578644335128534e+00,  5.3029144153454600e-03,  1.7195001738009563e+00,  2.7988633553909060e-02,  2.7758322632433702e-01, -4.1457276258702057e-07,  2.0752032766736074e-02, -1.3602085070942623e-02,  0.0000000000000000e+00, -7.2685640630115890e-05, -1.1818071513841194e-03,  2.2953100538019373e-02,  0.0000000000000000e+00
 2.6673326673326674e+00,  6.3369875017312938e+02, -1.1187985694714221e-04,  2.6676324697633543e+01, -2.1242178236508136e-02,  9.2808061747213136e-02,  5.0295915805675850e-01,  1.6919446107678591e+03,  7.9225341038050940e+00, -1.5001347749960501e+04,  1.0000051018024269e+01,  2.3876570863010711e+00,  1.3629780597106993e+00,  5.3029066467350644e-03,  1.7197074278432551e+00,  2.7853893951320603e-02,  2.7758322632433702e-01, -1.1995440543969387e-06,  2.0738733388306781e-02, -1.3312363399951375e-02,  0.0000000000000000e+00, -8.4465611990226479e-05, -1.4807284102526708e-03,  3.5049177994488721e-02,  0.0000000000000000e+00
 2.6773226773226773e+00,  6.3369791374139982e+02, -9.7271922448778059e-05,  2.6680269467710101e+01, -2.1243471144349407e-02,  9.2883316242930322e-02,  5.0295517623726460e-01,  1.6982800503047738e+03,  8.0272620302475719e+00, -1.5001349251413478e+04,  1.0000051869293509e+01,  2.3876980179799263e+00,  1.3680917759433933e+00,  5.3028904484312862e-03,  1.7199145341084150e+00,  2.7722652267196748e-02,  2.7758322632433702e-01, -2.0838729508436126e-06,  2.0722607302266445e-02, -1.2908300892204950e-02,  0.0000000000000000e+00, -9.2577033078399698e-05, -1.7477140150225930e-03,  4.5844136056346525e-02,  0.0000000000000000e+00
 2.6873126873126871e+00,  6.3369707755907723e+02, -8.2297468422321197e-05,  2.6684199872917070e+01, -2.1244734238601546e-02,  9.2956827307106527e-02,  5.0295181940227662e-01,  1.7046154743293168e+03,  8.1325485557388593e+00, -1.5001350718365431e+04,  1.0000052715274846e+01,  2.3877396877156385e+00,  1.3732055854482941e+00,  5.3028650109118707e-03,  1.7201214659511925e+00,  2.7595985841586242e-02,  2.7758322632433702e-01, -3.0248575948969699e-06,  2.0703945380044188e-02, -1.2401749143669054e-02,  0.0000000000000000e+00, -9.5808092661093833e-05, -1.9884028137810697e-03,  5.5567524000483377e-02,  0.0000000000000000e+00
 2.6973026973026974e+00,  6.3369624163247988e+02, -6.7020263471847440e-05,  2.6688115696570190e+01, -2.1245968485318248e-02,  9.3028617211103698e-02,  5.0294905764138009e-01,  1.7109508827843640e+03,  8.2383937171177308e+00, -1.5001352151038565e+04,  1.0000053556451343e+01,  2.3877820774077021e+00,  1.3783194912289183e+00,  5.3028300117161035e-03,  1.7203281993507735e+00,  2.7474865071519042e-02,  2.7758322632433702e-01, -3.9715376563167008e-06,  2.0682983483763521e-02, -1.1803673242213663e-02,  0.0000000000000000e+00, -9.3717255635134288e-05, -2.2081688216087801e-03,  6.4167271470884565e-02,  0.0000000000000000e+00
 2.7072927072927073e+00,  6.3369540596768923e+02, -5.1500061787273518e-05,  2.6692016728602763e+01, -2.1247174415402848e-02,  9.3098707587535176e-02,  5.0294685720659049e-01,  1.7172862756127681e+03,  8.3447975512920518e+00, -1.5001353549655425e+04,  1.0000054393285579e+01,  2.3878251692269381e+00,  1.3834334960129970e+00,  5.3027856595101461e-03,  1.7205347123744446e+00,  2.7360148214369183e-02,  2.7758322632433702e-01, -4.8719441446113324e-06,  2.0659905769567440e-02, -1.1126326391611251e-02,  0.0000000000000000e+00, -8.6544123321431195e-05, -2.4119895605385216e-03,  7.1437568019769498e-02,  0.0000000000000000e+00
 2.7172827172827172e+00,  6.3369457057054967e+02, -3.5792320138370287e-05,  2.6695902765390063e+01, -2.1248352267348353e-02,  9.3167119317375799e-02,  5.0294518132016719e-01,  1.7236216527573729e+03,  8.4517600952361231e+00, -1.5001354914438580e+04,  1.0000055226221935e+01,  2.3878689456146303e+00,  1.3885476022172289e+00,  5.3027326701747526e-03,  1.7207409846808348e+00,  2.7252560847910428e-02,  2.7758322632433702e-01, -5.6791033949395652e-06,  2.0634848966329240e-02, -1.0382456423059730e-02,  0.0000000000000000e+00, -7.5049158594282895e-05, -2.6043824477490858e-03,  7.7485199684246775e-02,  0.0000000000000000e+00
 2.7272727272727271e+00,  6.3369373544667837e+02, -1.9947996240973943e-05,  2.6699773609569856e+01, -2.1249502123471375e-02,  9.3233872466403855e-02,  5.0294399091020003e-01,  1.7299570141609963e+03,  8.5592813859870471e+00, -1.5001356245610823e+04,  1.0000056055687667e+01,  2.3879133892793498e+00,  1.3936618119198381e+00,  5.3026721909108466e-03,  1.7209469970690765e+00,  2.7152706527594765e-02,  2.7758322632433702e-01, -6.3554988243492829e-06,  2.0607907504357263e-02, -9.5843216222957234e-03,  0.0000000000000000e+00, -6.0365206373569786e-05, -2.7892982389490480e-03,  8.2301387428662817e-02,  0.0000000000000000e+00
 2.7372627372627374e+00,  6.3369290060147648e+02, -4.0134173144728065e-06,  2.6703629069864668e+01, -2.1250624026784969e-02,  9.3298986264530606e-02,  5.0294324528426837e-01,  1.7362923597664515e+03,  8.6673614606404303e+00, -1.5001357543395046e+04,  1.0000056882092949e+01,  2.3879584831922327e+00,  1.3987761268398764e+00,  5.3026056871812591e-03,  1.7211527310845183e+00,  2.7061065910402020e-02,  2.7758322632433702e-01, -6.8759511865713420e-06,  2.0579139309419684e-02, -8.7442565390895410e-03,  0.0000000000000000e+00, -4.3829356543285263e-05, -2.9700943875540313e-03,  8.5879642229213363e-02,  0.0000000000000000e+00
 2.7472527472527473e+00,  6.3369206604013516e+02,  1.1969784852037246e-05,  2.6707468960908148e+01, -2.1251718070234790e-02,  9.3362479121202935e-02,  5.0294290275530629e-01,  1.7426276895165349e+03,  8.7760003563455076e+00, -1.5001358808014174e+04,  1.0000057705830171e+01,  2.3880042105810255e+00,  1.4038905483229676e+00,  5.3025348092687573e-03,  1.7213581686836503e+00,  2.6977996107233334e-02,  2.7758322632433702e-01, -7.2388934741603155e-06,  2.0548572361487001e-02, -7.8786884963621441e-03,  0.0000000000000000e+00, -2.8831689431995667e-05, -3.1494085886609336e-03,  8.7407079924848516e-02,  0.0000000000000000e+00
 2.7572427572427571e+00,  6.3369123176765072e+02,  2.7964673786917375e-05,  2.6711293103079868e+01, -2.1252784457577882e-02,  9.3424368670560379e-02,  5.0294292125453899e-01,  1.7489630033540304e+03,  8.8851981102995587e+00, -1.5001360039691186e+04,  1.0000058527272987e+01,  2.3880505549234394e+00,  1.4090050773330707e+00,  5.3024610539450122e-03,  1.7215632919708617e+00,  2.6903649556828352e-02,  2.7758322632433702e-01, -7.4668540971047867e-06,  2.0516204945671072e-02, -6.9917545298790237e-03,  0.0000000000000000e+00, -1.6806027281487858e-05, -3.3305480576875921e-03,  9.0157100165074097e-02,  0.0000000000000000e+00
 2.7672327672327670e+00,  6.3369039778883030e+02,  4.3938986750091079e-05,  2.6715101322349295e+01, -2.1253823475327494e-02,  9.3484671839280817e-02,  5.0294325861697198e-01,  1.7552983012217064e+03,  8.9949547597419404e+00, -1.5001361238649017e+04,  1.0000059346774716e+01,  2.3880974999401183e+00,  1.4141197144497333e+00,  5.3023856213747092e-03,  1.7217680828683790e+00,  2.6838300712030957e-02,  2.7758322632433702e-01, -7.5303181876575158e-06,  2.0482024117984627e-02, -6.0954336342927901e-03,  0.0000000000000000e+00,  4.1005163527976094e-06, -3.5124536450480671e-03,  8.9286343131260965e-02,  0.0000000000000000e+00
 2.7772227772227773e+00,  6.3368956410829855e+02,  5.9865086530222187e-05,  2.6718893450131766e+01, -2.1254835516733728e-02,  9.3543404927608875e-02,  5.0294387300619803e-01,  1.7616335830623248e+03,  9.1052703419479393e+00, -1.5001362405110609e+04,  1.0000060164668096e+01,  2.3881450295881921e+00,  1.4192344598660820e+00,  5.3023105980371668e-03,  1.7219725232219703e+00,  2.6781862671028295e-02,  2.7758322632433702e-01, -7.4245166239764347e-06,  2.0446006757862716e-02, -5.2110577334365206e-03,  0.0000000000000000e+00,  1.7080956696154527e-05, -3.6982218513580364e-03,  8.7765712220162259e-02,  0.0000000000000000e+00
 2.7872127872127872e+00,  6.3368873073051077e+02,  7.5719689701108696e-05,  2.6722669323155436e+01, -2.1255821221107276e-02,  9.3600583699695025e-02,  5.0294472412840774e-01,  1.7679688488186343e+03,  9.2161448942215181e+00, -1.5001363539298745e+04,  1.0000060981263237e+01,  2.3881931280535929e+00,  1.4243493133989313e+00,  5.3022372793842202e-03,  1.7221765944919127e+00,  2.6734183674399857e-02,  2.7758322632433702e-01, -7.2132036536135994e-06,  2.0408112949982508e-02, -4.3466046148928654e-03,  0.0000000000000000e+00,  2.5223899970517948e-05, -3.8881184863505730e-03,  8.5297802112298898e-02,  0.0000000000000000e+00
 2.7972027972027971e+00,  6.3368789765975771e+02,  9.1483721918708384e-05,  2.6726428783341216e+01, -2.1256781310058523e-02,  9.3656223482457904e-02,  5.0294577310125566e-01,  1.7743040984333754e+03,  9.3275784538876323e+00, -1.5001364641436123e+04,  1.0000061796846818e+01,  2.3882417797438285e+00,  1.4294642745019484e+00,  5.3021664780840477e-03,  1.7223802777264654e+00,  2.6695017423977490e-02,  2.7758322632433702e-01, -6.9397152058248625e-06,  2.0368301655339646e-02, -3.5122968962573225e-03,  0.0000000000000000e+00,  2.9528487276755596e-05, -4.0821027010601489e-03,  8.1730603158519391e-02,  0.0000000000000000e+00
 2.8071928071928074e+00,  6.3368706490017428e+02,  1.0714210223817555e-04,  2.6730171677694933e+01, -2.1257716539091920e-02,  9.3710339263328765e-02,  5.0294698278362959e-01,  1.7806393318492776e+03,  9.4395710582846650e+00, -1.5001365711745324e+04,  1.0000062611682083e+01,  2.3882909692813903e+00,  1.4345793422805264e+00,  5.3020986237357522e-03,  1.7225835535659455e+00,  2.6664007912236873e-02,  2.7758322632433702e-01, -6.6462261028683841e-06,  2.0326533119055828e-02, -2.7183341781138065e-03,  0.0000000000000000e+00,  2.9228031135130676e-05, -4.2799582629594254e-03,  7.7220733013810869e-02,  0.0000000000000000e+00
 2.8171828171828173e+00,  6.3368623245574997e+02,  1.2268350327926031e-04,  2.6733897858210224e+01, -2.1258627645462921e-02,  9.3762945784437543e-02,  5.0294831803915618e-01,  1.7869745490090652e+03,  9.5521227447563799e+00, -1.5001366750448722e+04,  1.0000063426009545e+01,  2.3883406814976502e+00,  1.4396945155097456e+00,  5.3020336863537207e-03,  1.7227864022643087e+00,  2.6640705052786404e-02,  2.7758322632433702e-01, -6.3670039967365704e-06,  2.0282772041064070e-02, -1.9748362488528621e-03,  0.0000000000000000e+00,  2.6672234512487366e-05, -4.4810095510811115e-03,  7.1627552424240598e-02,  0.0000000000000000e+00
 2.8271728271728271e+00,  6.3368540033032559e+02,  1.3810009281653538e-04,  2.6737607181782625e+01, -2.1259515300185626e-02,  9.3814057630202966e-02,  5.0294974593378361e-01,  1.7933097498554484e+03,  9.6652335506439115e+00, -1.5001367757768454e+04,  1.0000064240048314e+01,  2.3883909014272087e+00,  1.4448097926549226e+00,  5.3019714108686845e-03,  1.7229888037565761e+00,  2.6624550644527525e-02,  2.7758322632433702e-01, -6.1240019730021011e-06,  2.0236990448461046e-02, -1.2920955587686438e-03,  0.0000000000000000e+00,  2.1976770639153983e-05, -4.6844652880442062e-03,  6.5057133730621455e-02,  0.0000000000000000e+00
 2.8371628371628370e+00,  6.3368456852760312e+02,  1.5338722624800430e-04,  2.6741299510132176e+01, -2.1260380123699150e-02,  9.3863689306405360e-02,  5.0295123612832804e-01,  1.7996449343311347e+03,  9.7789035132775108e+00, -1.5001368733926440e+04,  1.0000065053997700e+01,  2.3884416143026188e+00,  1.4499251718946160e+00,  5.3019113286719424e-03,  1.7231907377378044e+00,  2.6614888957706112e-02,  2.7758322632433702e-01, -5.9464875555279518e-06,  2.0189168694930912e-02, -6.7740161386035730e-04,  0.0000000000000000e+00,  1.3561615739144157e-05, -4.8894497685990444e-03,  5.8004594040013339e-02,  0.0000000000000000e+00
 2.8471528471528473e+00,  6.3368373705115232e+02,  1.6854315266205927e-04,  2.6744974709734180e+01, -2.1261222653868338e-02,  9.3911855308112635e-02,  5.0295276088529406e-01,  1.8059801023788268e+03,  9.8931326699679580e+00, -1.5001369679144287e+04,  1.0000065868038870e+01,  2.3884928055493906e+00,  1.4550406511467171e+00,  5.3018525999285141e-03,  1.7233921837504809e+00,  2.6611016146748098e-02,  2.7758322632433702e-01, -5.8413250326010381e-06,  2.0139296284987805e-02, -1.3175429370443237e-04,  0.0000000000000000e+00,  7.4919213508236268e-06, -5.0950067020109745e-03,  5.1233999455201684e-02,  0.0000000000000000e+00
 2.8571428571428572e+00,  6.3368290590441234e+02,  1.8356871935739708e-04,  2.6748632651756584e+01, -2.1262043354086969e-02,  9.3958570176058853e-02,  5.0295429512436751e-01,  1.8123152539412304e+03,  1.0007921057998354e+01, -1.5001370593643302e+04,  1.0000066682336959e+01,  2.3885444607816257e+00,  1.4601562280942237e+00,  5.3017946188810812e-03,  1.7235931212799620e+00,  2.6612256504285444e-02,  2.7758322632433702e-01, -5.8353048079068886e-06,  2.0087375469481628e-02,  3.3502703219658427e-04,  0.0000000000000000e+00, -6.2866723670291783e-06, -5.2995405624149828e-03,  4.2215621990181244e-02,  0.0000000000000000e+00
 2.8671328671328671e+00,  6.3368207509069657e+02,  1.9846706449729034e-04,  2.6752273212001999e+01, -2.1262842626684150e-02,  9.4003848542140001e-02,  5.0295581652081656e-01,  1.8186503889610221e+03,  1.0123268714615588e+01, -1.5001371477644499e+04,  1.0000067497042574e+01,  2.3885965657980197e+00,  1.4652719002117507e+00,  5.3017360104218626e-03,  1.7237935299137073e+00,  2.6617709993545232e-02,  2.7758322632433702e-01, -5.9573374785827031e-06,  2.0033419718137192e-02,  7.1284299760252965e-04,  0.0000000000000000e+00, -1.8144268302269122e-05, -5.5024008567414844e-03,  3.3423134284089911e-02,  0.0000000000000000e+00
 2.8771228771228770e+00,  6.3368124461318689e+02,  2.1324328417144745e-04,  2.6755896270855068e+01, -2.1263620806497411e-02,  9.4047705165446319e-02,  5.0295730567358043e-01,  1.8249855073809051e+03,  1.0239175677022107e+01, -1.5001372331368457e+04,  1.0000068312293918e+01,  2.3886491065779927e+00,  1.4703876647940648e+00,  5.3016755911592314e-03,  1.7239933894061985e+00,  2.6626499121620160e-02,  2.7758322632433702e-01, -6.1914754684820645e-06,  1.9977450998167588e-02,  1.0029598047654827e-03,  0.0000000000000000e+00, -2.8730157275609851e-05, -5.7025368810837947e-03,  2.4658250509937311e-02,  0.0000000000000000e+00
 2.8871128871128873e+00,  6.3368041447495000e+02,  2.2790412426626426e-04,  2.6759501713231074e+01, -2.1264378225313629e-02,  9.4090154954321492e-02,  5.0295874601633639e-01,  1.8313206091435582e+03,  1.0355641982367517e+01, -1.5001373155035441e+04,  1.0000069128218270e+01,  2.3887020692780738e+00,  1.4755035189845778e+00,  5.3016123046182966e-03,  1.7241926797838005e+00,  2.6637749150483604e-02,  2.7758322632433702e-01, -6.5259669042574795e-06,  1.9919500992928895e-02,  1.2054997484742204e-03,  0.0000000000000000e+00, -3.8235028166627514e-05, -5.8990541677024725e-03,  1.5890246220551543e-02,  0.0000000000000000e+00
 2.8971028971028971e+00,  6.3367958467892822e+02,  2.4245767442680619e-04,  2.6763089428526996e+01, -2.1265115260510670e-02,  9.4131212980059525e-02,  5.0296012377810295e-01,  1.8376556941916679e+03,  1.0472667667740446e+01, -1.5001373948865232e+04,  1.0000069944932939e+01,  2.3887554402285289e+00,  1.4806194598033904e+00,  5.3015452022100954e-03,  1.7243913814340293e+00,  2.6650585030680584e-02,  2.7758322632433702e-01, -6.9479402157494639e-06,  1.9859609374139695e-02,  1.3212620813487274e-03,  0.0000000000000000e+00, -4.6244028794038097e-05, -6.0912479139839833e-03,  7.2853728209189873e-03,  0.0000000000000000e+00
 2.9070929070929070e+00,  6.3367875522794634e+02,  2.5691307195631992e-04,  2.6766659310573758e+01, -2.1265832385036175e-02,  9.4170894482236631e-02,  5.0296142790994713e-01,  1.8439907624679211e+03,  1.0590252770160559e+01, -1.5001374713077175e+04,  1.0000070762545750e+01,  2.3888092059302424e+00,  1.4857354841747499e+00,  5.3014734846339659e-03,  1.7245894751758912e+00,  2.6664147993267794e-02,  2.7758322632433702e-01, -7.4410129233884891e-06,  1.9797821998542860e-02,  1.3526981345907628e-03,  0.0000000000000000e+00, -5.2469127275295841e-05, -6.2785846805023613e-03, -9.9187496186342442e-04,  0.0000000000000000e+00
 2.9170829170829169e+00,  6.3367792612471067e+02,  2.7128021897275095e-04,  2.6770211257588166e+01, -2.1266530214684640e-02,  9.4209214867114602e-02,  5.0296264997988149e-01,  1.8503258139150005e+03,  1.0708397326570889e+01, -1.5001375447890121e+04,  1.0000071581155010e+01,  2.3888633530517089e+00,  1.4908515889536718e+00,  5.3013965306232145e-03,  1.7247869423131210e+00,  2.6677611966436643e-02,  2.7758322632433702e-01, -7.9865337056042533e-06,  1.9734189192386644e-02,  1.3038754195850725e-03,  0.0000000000000000e+00, -5.6744133324334385e-05, -6.4607031118843680e-03, -8.7824325822697166e-03,  0.0000000000000000e+00
 2.9270729270729272e+00,  6.3367709737181156e+02,  2.8556951589000297e-04,  2.6773745172125103e+01, -2.1267209548935660e-02,  9.4246189700602001e-02,  5.0296378403840580e-01,  1.8566608484755820e+03,  1.0827101373830260e+01, -1.5001376153522446e+04,  1.0000072400848801e+01,  2.3889178684262267e+00,  1.4959677709513366e+00,  5.3013139135309568e-03,  1.7249837646702446e+00,  2.6690199450202561e-02,  2.7758322632433702e-01, -8.5647421995303568e-06,  1.9668764084991568e-02,  1.1804048936254667e-03,  0.0000000000000000e+00, -5.9013207159670439e-05, -6.6374033886100609e-03, -1.5936366714843105e-02,  0.0000000000000000e+00
 2.9370629370629371e+00,  6.3367626897172624e+02,  2.9979161399553463e-04,  2.6777260961029018e+01, -2.1267871402294587e-02,  9.4281834697217196e-02,  5.0296482645742424e-01,  1.8629958660923662e+03,  1.0946364948706005e+01, -1.5001376830191984e+04,  1.0000073221704262e+01,  2.3889727390492359e+00,  1.5010840269590513e+00,  5.3012254069029442e-03,  1.7251799246125215e+00,  2.6701196479795793e-02,  2.7758322632433702e-01, -9.1557930494868349e-06,  1.9601601110149119e-02,  9.8933161576942501e-04,  0.0000000000000000e+00, -5.9315173001576928e-05, -6.8086241749350501e-03, -2.2316503511941428e-02,  0.0000000000000000e+00
 2.9470529470529470e+00,  6.3367544092681464e+02,  3.1395718956148350e-04,  2.6780758535384937e+01, -2.1268517023891906e-02,  9.4316165706374591e-02,  5.0296577574565282e-01,  1.8693308667080371e+03,  1.1066188087867168e+01, -1.5001377478116057e+04,  1.0000074043785968e+01,  2.3890279520758835e+00,  1.5062003537704365e+00,  5.3011309806028951e-03,  1.7253754050520658e+00,  2.6709966315652499e-02,  2.7758322632433702e-01, -9.7406128178886144e-06,  1.9532754778909818e-02,  7.3899003288449767e-04,  0.0000000000000000e+00, -5.7765744632460761e-05, -6.9744113391736985e-03, -2.7801881381621613e-02,  0.0000000000000000e+00
 2.9570429570429568e+00,  6.3367461323932957e+02,  3.2807674155354048e-04,  2.6784237810468326e+01, -2.1269147903973894e-02,  9.4349198697132361e-02,  5.0296663234387851e-01,  1.8756658502652781e+03,  1.1186570827877674e+01, -1.5001378097511377e+04,  1.0000074867144667e+01,  2.3890834948186854e+00,  1.5113167482017242e+00,  5.3010307892642251e-03,  1.7255701894432689e+00,  2.6715961515417861e-02,  2.7758322632433702e-01, -1.0301577854942277e-05,  1.9462278790429426e-02,  4.3882616957718147e-04,  0.0000000000000000e+00, -5.4539455785727073e-05, -7.1348815545136278e-03, -3.2290924052500392e-02,  0.0000000000000000e+00
 2.9670329670329672e+00,  6.3367378591140891e+02,  3.4216041459492706e-04,  2.6787698705694492e+01, -2.1269765766788400e-02,  9.4380949742309969e-02,  5.0296739840374771e-01,  1.8820008167067920e+03,  1.1307513205190411e+01, -1.5001378688594039e+04,  1.0000075691815477e+01,  2.3891393547455255e+00,  1.5164332071098785e+00,  5.3009251548715277e-03,  1.7257642617711553e+00,  2.6718734071288407e-02,  2.7758322632433702e-01, -1.0823017031946481e-05,  1.9390225515876918e-02,  9.9190034350310130e-05,  0.0000000000000000e+00, -4.9852667450513597e-05, -7.2901840108982102e-03, -3.5704230219918538e-02,  0.0000000000000000e+00
 2.9770229770229770e+00,  6.3367295894508129e+02,  3.5621784840572516e-04,  2.6791141144566861e+01, -2.1270372550178267e-02,  9.4411435002632799e-02,  5.0296807755400219e-01,  1.8883357659752796e+03,  1.1429015256140875e+01, -1.5001379251579576e+04,  1.0000076517816458e+01,  2.3891955194777790e+00,  1.5215497274084790e+00,  5.3008145451676827e-03,  1.7259576065364932e+00,  2.6717943334285999e-02,  2.7758322632433702e-01, -1.1291333507079628e-05,  1.9316645863216811e-02, -2.6895809957381542e-04,  0.0000000000000000e+00, -4.3904290871093276e-05, -7.4404624517415401e-03, -3.7999026191691106e-02,  0.0000000000000000e+00
 2.9870129870129869e+00,  6.3367213234226915e+02,  3.7025805447781385e-04,  2.6794565054624854e+01, -2.1270970372898088e-02,  9.4440670711319979e-02,  5.0296867465826656e-01,  1.8946706980134416e+03,  1.1551077016941976e+01, -1.5001379786682786e+04,  1.0000077345147105e+01,  2.3892519767887999e+00,  1.5266663060812085e+00,  5.3006995538024551e-03,  1.7261502087414493e+00,  2.6713360283085134e-02,  2.7758322632433702e-01, -1.1695174768112075e-05,  1.9241589457989334e-02, -6.5434620793032442e-04,  0.0000000000000000e+00, -3.6944729587654035e-05, -7.5858298747133786e-03, -3.9155673101284080e-02,  0.0000000000000000e+00
 2.9970029970029972e+00,  6.3367130610478671e+02,  3.8428931518877000e-04,  2.6797970367390519e+01, -2.1271561492286737e-02,  9.4468673159461017e-02,  5.0296919559971842e-01,  1.9010056127639887e+03,  1.1673698523678693e+01, -1.5001380294117918e+04,  1.0000078173787374e+01,  2.3893087146025778e+00,  1.5317829401930423e+00,  5.3005808753421460e-03,  1.7263420538783112e+00,  2.6704869483977701e-02,  2.7758322632433702e-01, -1.2027798384188061e-05,  1.9165104944074415e-02, -1.0449852125417860e-03,  0.0000000000000000e+00, -2.9646518350757649e-05, -7.7263698110534053e-03, -3.9050255621929687e-02,  0.0000000000000000e+00
 3.0069930069930071e+00,  6.3367048023434438e+02,  3.9831912112058145e-04,  2.6801357018314725e+01, -2.1272148248907833e-02,  9.4495458681530572e-02,  5.0296964697487589e-01,  1.9073405101696392e+03,  1.1796879812303153e+01, -1.5001380774098479e+04,  1.0000079003696811e+01,  2.3893657209927297e+00,  1.5368996268989743e+00,  5.3004592381504234e-03,  1.7265331279211511e+00,  2.6692481457659723e-02,  2.7758322632433702e-01, -1.2283858605490102e-05,  1.9087240752619271e-02, -1.4292632051622720e-03,  0.0000000000000000e+00, -2.1616737953856776e-05, -7.8620413183512830e-03, -3.7882198500686116e-02,  0.0000000000000000e+00
 3.0169830169830170e+00,  6.3366965473254743e+02,  4.1235413181924983e-04,  2.6804724946722864e+01, -2.1272733009904305e-02,  9.4521043641741923e-02,  5.0297003586350431e-01,  1.9136753901731183e+03,  1.1920620918630551e+01, -1.5001381226837229e+04,  1.0000079834814315e+01,  2.3894229841818468e+00,  1.5420163634498461e+00,  5.3003354436017766e-03,  1.7267234173299120e+00,  2.6676312776581852e-02,  2.7758322632433702e-01, -1.2458746949228700e-05,  1.9008045761715175e-02, -1.7964711374505924e-03,  0.0000000000000000e+00, -1.3395908462610688e-05, -7.9927958606492572e-03, -3.5632829543436481e-02,  0.0000000000000000e+00
 3.0269730269730268e+00,  6.3366882960089947e+02,  4.2640015730413501e-04,  2.6808074095758858e+01, -2.1273318108032967e-02,  9.4545444420736549e-02,  5.0297036961501662e-01,  1.9200102527171587e+03,  1.2044921878334662e+01, -1.5001381652546215e+04,  1.0000080667058365e+01,  2.3894804925410673e+00,  1.5471331471961234e+00,  5.3002103121374518e-03,  1.7269129090552513e+00,  2.6656587928439932e-02,  2.7758322632433702e-01, -1.2551757882018654e-05,  1.8927569666517562e-02, -2.1362049221021260e-03,  0.0000000000000000e+00, -5.2248802819938556e-06, -8.1185183978283084e-03, -3.2381874143809469e-02,  0.0000000000000000e+00
 3.0369630369630372e+00,  6.3366800484080591e+02,  4.4046216538862676e-04,  2.6811404412329296e+01, -2.1273905778100826e-02,  9.4568677402235499e-02,  5.0297065562752752e-01,  1.9263450977445002e+03,  1.2169782726944481e+01, -1.5001382051436865e+04,  1.0000081500327841e+01,  2.3895382345898799e+00,  1.5522499755894805e+00,  5.3000846592285095e-03,  1.7271015905500222e+00,  2.6633631359556834e-02,  2.7758322632433702e-01, -1.2564516224120456e-05,  1.8845863440438215e-02, -2.4389785841117109e-03,  0.0000000000000000e+00,  2.6706601932128789e-06, -8.2390680632567631e-03, -2.8233412990508744e-02,  0.0000000000000000e+00
 3.0469530469530470e+00,  6.3366718045357209e+02,  4.5454431095384696e-04,  2.6814715847045790e+01, -2.1274498094390224e-02,  9.4590758959593055e-02,  5.0297090114325960e-01,  1.9326799251978944e+03,  1.2295203499840527e+01, -1.5001382423719675e+04,  1.0000082334503146e+01,  2.3895961989962253e+00,  1.5573668461822403e+00,  5.2999592728522546e-03,  1.7272894497833320e+00,  2.6607857087598538e-02,  2.7758322632433702e-01, -1.2504520011850337e-05,  1.8762979107909257e-02, -2.6961497422425418e-03,  0.0000000000000000e+00,  9.3405815033211292e-06, -8.3543753091243293e-03, -2.3252252867272095e-02,  0.0000000000000000e+00
 3.0569430569430569e+00,  6.3366635644040525e+02,  4.6864998704028270e-04,  2.6818008354167297e+01, -2.1275096903355665e-02,  9.4611705442363164e-02,  5.0297111304895492e-01,  1.9390147350200928e+03,  1.2421184232251866e+01, -1.5001382769604455e+04,  1.0000083169448244e+01,  2.3896543745767147e+00,  1.5624837566248573e+00,  5.2998348186688322e-03,  1.7274764752474829e+00,  2.6579762233837703e-02,  2.7758322632433702e-01, -1.2373828329439760e-05,  1.8678970617591047e-02, -2.9009094465535924e-03,  0.0000000000000000e+00,  1.6823893315276536e-05, -8.4641244525817706e-03, -1.7740639935800710e-02,  0.0000000000000000e+00
 3.0669330669330668e+00,  6.3366553280241988e+02,  4.8278189418766824e-04,  2.6821281891540636e+01, -2.1275703773264407e-02,  9.4631533162424203e-02,  5.0297129770912485e-01,  1.9453495271538784e+03,  1.2547724959253426e+01, -1.5001383089300132e+04,  1.0000084005012907e+01,  2.3897127502971842e+00,  1.5676007046614298e+00,  5.2997120435150031e-03,  1.7276626559894777e+00,  2.6549896858896169e-02,  2.7758322632433702e-01, -1.2175342732511199e-05,  1.8593892699767682e-02, -3.0481946781423354e-03,  0.0000000000000000e+00,  2.2912923189766631e-05, -8.5684746955730431e-03, -1.1745863428279020e-02,  0.0000000000000000e+00
 3.0769230769230771e+00,  6.3366470954063709e+02,  4.9694211321315814e-04,  2.6824536420540408e+01, -2.1276319970738245e-02,  9.4650258379886998e-02,  5.0297146087574929e-01,  1.9516843015420272e+03,  1.2674825715763292e+01, -1.5001383383014951e+04,  1.0000084841035585e+01,  2.3897713152731566e+00,  1.5727176881240710e+00,  5.2995915550777730e-03,  1.7278479815951306e+00,  2.6518859243265427e-02,  2.7758322632433702e-01, -1.1921937527405303e-05,  1.8507799221240375e-02, -3.1340564603785140e-03,  0.0000000000000000e+00,  2.7818798872433321e-05, -8.6674397055930257e-03, -5.4436653754038021e-03,  0.0000000000000000e+00
 3.0869130869130870e+00,  6.3366388665598470e+02,  5.1113219687563512e-04,  2.6827771906008479e+01, -2.1276946403900737e-02,  9.4667897290426045e-02,  5.0297160755639170e-01,  1.9580190581273280e+03,  1.2802486536540433e+01, -1.5001383650956215e+04,  1.0000085677346204e+01,  2.3898300587704990e+00,  1.5778347049261168e+00,  5.2994738429650049e-03,  1.7280324421877042e+00,  2.6487278348199295e-02,  2.7758322632433702e-01, -1.1625303374626774e-05,  1.8420743236469365e-02, -3.1563595423935455e-03,  0.0000000000000000e+00,  3.1567358513880602e-05, -8.7611684456457804e-03,  9.7858835600866858e-04,  0.0000000000000000e+00
 3.0969030969030968e+00,  6.3366306414930409e+02,  5.2535326783464530e-04,  2.6830988316192389e+01, -2.1277583592901696e-02,  9.4684466012946208e-02,  5.0297174193157490e-01,  1.9643537968525895e+03,  1.2930707456182725e+01, -1.5001383893330394e+04,  1.0000086513769835e+01,  2.3898889702060844e+00,  1.5829517530542354e+00,  5.2993592812840742e-03,  1.7282160284130421e+00,  2.6455795116544278e-02,  2.7758322632433702e-01, -1.1297522482865480e-05,  1.8332775644405431e-02, -3.1148049788260971e-03,  0.0000000000000000e+00,  3.4054376016731088e-05, -8.8499434855536397e-03,  7.3406352701945767e-03,  0.0000000000000000e+00
 3.1068931068931067e+00,  6.3366224202134356e+02,  5.3960612109455039e-04,  2.6834185622683723e+01, -2.1278231651058892e-02,  9.4699980578588389e-02,  5.0297186730128451e-01,  1.9706885176606286e+03,  1.3059488509124698e+01, -1.5001384110343090e+04,  1.0000087350130185e+01,  2.3899480391484662e+00,  1.5880688305598383e+00,  5.2992481182400726e-03,  1.7283987314113687e+00,  2.6425044482488485e-02,  2.7758322632433702e-01, -1.0951594583488465e-05,  1.8243943960390537e-02, -3.0108832913254414e-03,  0.0000000000000000e+00,  3.5200389438498026e-05, -8.9341596541472404e-03,  1.3464486567422943e-02,  0.0000000000000000e+00
 3.1168831168831170e+00,  6.3366142027276976e+02,  5.5389132769225174e-04,  2.6837363800356687e+01, -2.1278890277048709e-02,  9.4714456921559054e-02,  5.0297198606059301e-01,  1.9770232204942708e+03,  1.3188829729636165e+01, -1.5001384302199032e+04,  1.0000088186253446e+01,  2.3900072553185243e+00,  1.5931859355501257e+00,  5.2991404682054830e-03,  1.7285805427778851e+00,  2.6395637608226087e-02,  2.7758322632433702e-01, -1.0601181050313922e-05,  1.8154291281150901e-02, -2.8478289047869092e-03,  0.0000000000000000e+00,  3.4952399903044795e-05, -9.0143067296278943e-03,  1.9179001617590903e-02,  0.0000000000000000e+00
 3.1268731268731269e+00,  6.3366059890416329e+02,  5.6820933647718332e-04,  2.6840522827306515e+01, -2.1279558758278503e-02,  9.4727910872209678e-02,  5.0297209970377965e-01,  1.9833579052963664e+03,  1.3318731151820165e+01, -1.5001384469102077e+04,  1.0000089021972041e+01,  2.3900666085900357e+00,  1.5983030661789885e+00,  5.2990363064308755e-03,  1.7287614545138892e+00,  2.6368144804071163e-02,  2.7758322632433702e-01, -1.0264011302149894e-05,  1.8063855783517411e-02, -2.6336215867316611e-03,  0.0000000000000000e+00,  3.2548983679440021e-05, -9.0908798966767984e-03,  2.3705303457082091e-02,  0.0000000000000000e+00
 3.1368631368631368e+00,  6.3365977791602120e+02,  5.8256056741060806e-04,  2.6843662684788775e+01, -2.1280235997089510e-02,  9.4740358153281898e-02,  5.0297220888499128e-01,  1.9896925720097631e+03,  1.3449192809611596e+01, -1.5001384611255142e+04,  1.0000089857128264e+01,  2.3901260889901752e+00,  1.6034202206381616e+00,  5.2989353930545909e-03,  1.7289414589773560e+00,  2.6343017796303377e-02,  2.7758322632433702e-01, -9.9529183524034483e-06,  1.7972669471697476e-02, -2.3720743298372192e-03,  0.0000000000000000e+00,  2.9731824859799094e-05, -9.1646197296746529e-03,  2.8656457373185753e-02,  0.0000000000000000e+00
 3.1468531468531467e+00,  6.3365895730876207e+02,  5.9694549536171485e-04,  2.6846783357160259e+01, -2.1280920527958287e-02,  9.4751814378132279e-02,  5.0297231347324678e-01,  1.9960272205773467e+03,  1.3580214736775567e+01, -1.5001384728860196e+04,  1.0000090691577814e+01,  2.3901856866998070e+00,  1.6085373971492378e+00,  5.2988374469233350e-03,  1.7291205488090280e+00,  2.6320750711566924e-02,  2.7758322632433702e-01, -9.6769582309251888e-06,  1.7880758426515320e-02, -2.0671768115872787e-03,  0.0000000000000000e+00,  2.5515391460104643e-05, -9.2359715157133999e-03,  3.2384025780442388e-02,  0.0000000000000000e+00
 3.1568431568431570e+00,  6.3365813708272697e+02,  6.1136474202512199e-04,  2.6849884831819615e+01, -2.1281610520061917e-02,  9.4762295049925449e-02,  5.0297241254364422e-01,  2.0023618509419914e+03,  1.3711796966905888e+01, -1.5001384822118340e+04,  1.0000091525192962e+01,  2.3902453920538127e+00,  1.6136545939554578e+00,  5.2987420472357912e-03,  1.7292987168879757e+00,  2.6301715562305629e-02,  2.7758322632433702e-01, -9.4510451794948886e-06,  1.7788144017076391e-02, -1.7311675660783112e-03,  0.0000000000000000e+00,  1.9712401436241247e-05, -9.3054332539598307e-03,  3.4885025170452201e-02,  0.0000000000000000e+00
 3.1668331668331668e+00,  6.3365731723817623e+02,  6.2581913717803760e-04,  2.6852967099151208e+01, -2.1282303852439937e-02,  9.4771815566430800e-02,  5.0297250455196785e-01,  2.0086964630466102e+03,  1.3843939533423534e+01, -1.5001384891229663e+04,  1.0000092357865766e+01,  2.3903051955412473e+00,  1.6187718093146373e+00,  5.2986486148518166e-03,  1.7294759562818967e+00,  2.6286161949007916e-02,  2.7758322632433702e-01, -9.2869951638285512e-06,  1.7694842764082893e-02, -1.3735022412693116e-03,  0.0000000000000000e+00,  1.3130411700200972e-05, -9.3734775954177080e-03,  3.6719572856316531e-02,  0.0000000000000000e+00
 3.1768231768231767e+00,  6.3365649777530098e+02,  6.4030977098609272e-04,  2.6856030152469430e+01, -2.1282998165727283e-02,  9.4780391225271057e-02,  5.0297258744764306e-01,  2.0150310568341074e+03,  1.3976642469575134e+01, -1.5001384936393304e+04,  1.0000093189510363e+01,  2.3903650878053013e+00,  1.6238890414934231e+00,  5.2985564928868635e-03,  1.7296522601999453e+00,  2.6274272960082466e-02,  2.7758322632433702e-01, -9.1950433601446552e-06,  1.7600867836877469e-02, -1.0039604879591192e-03,  0.0000000000000000e+00,  5.2783393973152983e-06, -9.4403028311078590e-03,  3.7262686156384818e-02,  0.0000000000000000e+00
 3.1868131868131866e+00,  6.3365567869421454e+02,  6.5483803920040446e-04,  2.6859073987965076e+01, -2.1283690919952979e-02,  9.4788037230039243e-02,  5.0297265875247810e-01,  2.0213656322474353e+03,  1.4109905808431376e+01, -1.5001384957807451e+04,  1.0000094020064942e+01,  2.3904250596431584e+00,  1.6290062887625083e+00,  5.2984648977017637e-03,  1.7298276219729432e+00,  2.6266102798399343e-02,  2.7758322632433702e-01, -9.1858375981080149e-06,  1.7506230765864866e-02, -6.3470980003103741e-04,  0.0000000000000000e+00, -3.4353458376206826e-06, -9.5060387855377525e-03,  3.6661301566813569e-02,  0.0000000000000000e+00
 3.1968031968031969e+00,  6.3365485999496343e+02,  6.6940565219080666e-04,  2.6862098604653578e+01, -2.1284379457368011e-02,  9.4794768698137424e-02,  5.0297271581056047e-01,  2.0277001892295352e+03,  1.4243729582885349e+01, -1.5001384955669260e+04,  1.0000094849493044e+01,  2.3904851020056546e+00,  1.6341235493933530e+00,  5.2983729596681201e-03,  1.7300020350404222e+00,  2.6261591445596331e-02,  2.7758322632433702e-01, -9.2684866981562811e-06,  1.7410942697996160e-02, -2.7636615493979656e-04,  0.0000000000000000e+00, -1.3111003992042052e-05, -9.5706324017763907e-03,  3.5079096180452102e-02,  0.0000000000000000e+00
 3.2067932067932068e+00,  6.3365404167752456e+02,  6.8401465132507324e-04,  2.6865104004323875e+01, -2.1285061068246156e-02,  9.4800600666549897e-02,  5.0297275579024547e-01,  2.0340347277233793e+03,  1.4378113825650860e+01, -1.5001384930174960e+04,  1.0000095677784449e+01,  2.3905452059966739e+00,  1.6392408216567729e+00,  5.2982797131523500e-03,  1.7301754929559201e+00,  2.6260580997101844e-02,  2.7758322632433702e-01, -9.4476360017913300e-06,  1.7315015995142281e-02,  6.1796446784836141e-05,  0.0000000000000000e+00, -2.2754686595653409e-05, -9.6338935096475665e-03,  3.2621056684819821e-02,  0.0000000000000000e+00
 3.2167832167832167e+00,  6.3365322374180812e+02,  6.9866740065555510e-04,  2.6868090191488744e+01, -2.1285733059661822e-02,  9.4805548097958589e-02,  5.0297277589439382e-01,  2.0403692476719493e+03,  1.4513058569260551e+01, -1.5001384881519652e+04,  1.0000096504955216e+01,  2.3906053628726167e+00,  1.6443581038216228e+00,  5.2981841957120404e-03,  1.7303479894059595e+00,  2.6262826139837787e-02,  2.7758322632433702e-01, -9.7250713312022678e-06,  1.7218465976008464e-02,  3.6932920727620862e-04,  0.0000000000000000e+00, -3.2787866352458783e-05, -9.6954203208660453e-03,  2.8947001965554022e-02,  0.0000000000000000e+00
 3.2267732267732270e+00,  6.3365240618765961e+02,  7.1336655664596532e-04,  2.6871057173336002e+01, -2.1286392823067091e-02,  9.4809625884406459e-02,  5.0297277351594738e-01,  2.0467037490182545e+03,  1.4648563846064329e+01, -1.5001384809897543e+04,  1.0000097331047275e+01,  2.3906655640414503e+00,  1.6494753941558540e+00,  5.2980854060328455e-03,  1.7305195182501460e+00,  2.6267960202042428e-02,  2.7758322632433702e-01, -1.0103447148525195e-05,  1.7121311994564389e-02,  6.3696877073084418e-04,  0.0000000000000000e+00, -4.2962972275590564e-05, -9.7548067642375252e-03,  2.4634438638063454e-02,  0.0000000000000000e+00
 3.2367632367632369e+00,  6.3365158901485881e+02,  7.2811503456276822e-04,  2.6874004959679610e+01, -2.1287037901198600e-02,  9.4812848848457129e-02,  5.0297274630955124e-01,  2.0530382317053200e+03,  1.4784629688227207e+01, -1.5001384715501752e+04,  1.0000098156127375e+01,  2.3907258010615799e+00,  1.6545926909288802e+00,  5.2979823286361458e-03,  1.7306900735616950e+00,  2.6275552788603638e-02,  2.7758322632433702e-01, -1.0581302729668281e-05,  1.7023578061187091e-02,  8.5704108591890915e-04,  0.0000000000000000e+00, -5.2703715069209391e-05, -9.8115266979730310e-03,  1.9424038862583728e-02,  0.0000000000000000e+00
 3.2467532467532467e+00,  6.3365077222312732e+02,  7.4291596066894730e-04,  2.6876933562911287e+01, -2.1287666051800238e-02,  9.4815231741941730e-02,  5.0297269232260577e-01,  2.0593726956761848e+03,  1.4921256127727528e+01, -1.5001384598524348e+04,  1.0000098980285225e+01,  2.3907860656406794e+00,  1.6597099924144345e+00,  5.2978739913928921e-03,  1.7308596496799400e+00,  2.6285083900062785e-02,  2.7758322632433702e-01, -1.1148472916617688e-05,  1.6925293046868857e-02,  1.0231199318997547e-03,  0.0000000000000000e+00, -6.0843756358063319e-05, -9.8651331685377618e-03,  1.3824946102781966e-02,  0.0000000000000000e+00
 3.2567432567432566e+00,  6.3364995581212361e+02,  7.5777260533282400e-04,  2.6879842997951155e+01, -2.1288275306140334e-02,  9.4816789242049782e-02,  5.0297261013058459e-01,  2.0657071408739112e+03,  1.5058443196354904e+01, -1.5001384459156379e+04,  1.0000099803631493e+01,  2.3908463496340935e+00,  1.6648272968950657e+00,  5.2977595819245250e-03,  1.7310282412549391e+00,  2.6295994745284951e-02,  2.7758322632433702e-01, -1.1778738711829260e-05,  1.6826489913920516e-02,  1.1344106362324402e-03,  0.0000000000000000e+00, -6.5335455843344405e-05, -9.9152540476451726e-03,  8.4554529046265859e-03,  0.0000000000000000e+00
 3.2667332667332669e+00,  6.3364913978145023e+02,  7.7268832422213395e-04,  2.6882733282198654e+01, -2.1288864068531199e-02,  9.4817535943463968e-02,  5.0297249881813466e-01,  2.0720415672415852e+03,  1.5196190925708416e+01, -1.5001384297587858e+04,  1.0000100626294527e+01,  2.3909066450431840e+00,  1.6699446026672906e+00,  5.2976386519580903e-03,  1.7311958432846137e+00,  2.6307749447240257e-02,  2.7758322632433702e-01, -1.2496067205221065e-05,  1.6727207887661067e-02,  1.1806014409205953e-03,  0.0000000000000000e+00, -7.8273708533693225e-05, -9.9610076094964368e-03,  7.9194619394194244e-04,  0.0000000000000000e+00
 3.2767232767232768e+00,  6.3364832413065153e+02,  7.8766647202922031e-04,  2.6885604435481998e+01, -2.1289431074147623e-02,  9.4817486351329638e-02,  5.0297235819855024e-01,  2.0783759747223080e+03,  1.5334499347194308e+01, -1.5001384114007644e+04,  1.0000101448417139e+01,  2.3909669440134675e+00,  1.6750619080471358e+00,  5.2975099102520930e-03,  1.7313624512027446e+00,  2.6319583185662986e-02,  2.7758322632433702e-01, -1.3310564639341094e-05,  1.6627488612592306e-02,  1.1550058100410886e-03,  0.0000000000000000e+00, -8.4788677777079580e-05, -1.0002791259343861e-02, -5.9161914960244883e-03,  0.0000000000000000e+00
 3.2867132867132867e+00,  6.3364750885921330e+02,  8.0271030870428326e-04,  2.6888456480007779e+01, -2.1289975427903854e-02,  9.4816654871195685e-02,  5.0297218886326778e-01,  2.0847103632591975e+03,  1.5473368492024203e+01, -1.5001383908603621e+04,  1.0000102270153436e+01,  2.3910272388322880e+00,  1.6801792113777922e+00,  5.2973727066106509e-03,  1.7315280608393109e+00,  2.6330826486401917e-02,  2.7758322632433702e-01, -1.4182664872606612e-05,  1.6527373191162500e-02,  1.0627364115391269e-03,  0.0000000000000000e+00, -8.9805788922678879e-05, -1.0040316110903122e-02, -1.2556142084068493e-02,  0.0000000000000000e+00
 3.2967032967032965e+00,  6.3364669396657143e+02,  8.1782291758682364e-04,  2.6891289440309269e+01, -2.1290496658810155e-02,  9.4815055797624975e-02,  5.0297199215242505e-01,  2.0910447327954025e+03,  1.5612798391212941e+01, -1.5001383681562547e+04,  1.0000103091665146e+01,  2.3910875219264960e+00,  1.6852965110368672e+00,  5.2972265403245684e-03,  1.7316926684493212e+00,  2.6340816680399032e-02,  2.7758322632433702e-01, -1.5096798482626030e-05,  1.6426903700726650e-02,  9.0536616412472282e-04,  0.0000000000000000e+00, -9.3203759803273651e-05, -1.0073675874280824e-02, -1.8949381448290697e-02,  0.0000000000000000e+00
 3.3066933066933069e+00,  6.3364587945210337e+02,  8.3300712155524642e-04,  2.6894103343194537e+01, -2.1290994737660097e-02,  9.4812703303609053e-02,  5.0297177015206307e-01,  2.0973790832740870e+03,  1.5752789075576654e+01, -1.5001383433070101e+04,  1.0000103913117593e+01,  2.3911477858599905e+00,  1.6904138054435471e+00,  5.2970710722753337e-03,  1.7318562707034613e+00,  2.6348915720450363e-02,  2.7758322632433702e-01, -1.6036422089049656e-05,  1.6326120516566928e-02,  6.8621937055799169e-04,  0.0000000000000000e+00, -9.4908886202734263e-05, -1.0103117594495713e-02, -2.4923806623768408e-02,  0.0000000000000000e+00
 3.3166833166833167e+00,  6.3364506531514212e+02,  8.4826540313490497e-04,  2.6896898217694471e+01, -2.1291470083022099e-02,  9.4809611431061480e-02,  5.0297152566776215e-01,  2.1037134146384419e+03,  1.5893340575730960e+01, -1.5001383163310898e+04,  1.0000104734675475e+01,  2.3912080233312132e+00,  1.6955310930655978e+00,  5.2969061322908212e-03,  1.7320188646634385e+00,  2.6354527357133457e-02,  2.7758322632433702e-01, -1.6984488453522931e-05,  1.6225060898842104e-02,  4.1028508808293372e-04,  0.0000000000000000e+00, -9.4893999964742386e-05, -1.0129017874086437e-02, -3.0318236727740779e-02,  0.0000000000000000e+00
 3.3266733266733266e+00,  6.3364425155495871e+02,  8.6359983107655105e-04,  2.6899674095010628e+01, -2.1291923555220232e-02,  9.4805794083151110e-02,  5.0297126217554655e-01,  2.1100477268316695e+03,  1.6034452922089134e+01, -1.5001382872468364e+04,  1.0000105556498710e+01,  2.3912682271705883e+00,  1.7006483724260097e+00,  5.2967317218566819e-03,  1.7321804477443972e+00,  2.6357113224707764e-02,  2.7758322632433702e-01, -1.7923902069622403e-05,  1.6123757893312295e-02,  8.4086969859271704e-05,  0.0000000000000000e+00, -9.3176605978374173e-05, -1.0151843832981391e-02, -3.4986626540637118e-02,  0.0000000000000000e+00
 3.3366633366633365e+00,  6.3364343817078804e+02,  8.7901199572573468e-04,  2.6902431008464212e+01, -2.1292356438385143e-02,  9.4801265019046468e-02,  5.0297098375151883e-01,  2.1163820197970144e+03,  1.6176126144860561e+01, -1.5001382560724940e+04,  1.0000106378738387e+01,  2.3913283903380513e+00,  1.7057656421090264e+00,  5.2965480123693502e-03,  1.7323410176682998e+00,  2.6356207416471305e-02,  2.7758322632433702e-01, -1.8837953516517343e-05,  1.6022239654393984e-02, -2.8448708572414256e-04,  0.0000000000000000e+00, -8.9816493690074751e-05, -1.0172107598392726e-02, -3.8801899387162823e-02,  0.0000000000000000e+00
 3.3466533466533468e+00,  6.3364262516180656e+02,  8.9450295524953402e-04,  2.6905168993445361e+01, -2.1292770411033831e-02,  9.4796037851411344e-02,  5.0297069498227820e-01,  2.1227162934777220e+03,  1.6318360274049109e+01, -1.5001382228261868e+04,  1.0000107201532851e+01,  2.3913885059206375e+00,  1.7108829007653550e+00,  5.2963553391690392e-03,  1.7325005724128166e+00,  2.6351429167050938e-02,  2.7758322632433702e-01, -1.9686420290397816e-05,  1.5920529802342508e-02, -6.8478529656525601e-04,  0.0000000000000000e+00, -8.0046554440793677e-05, -1.0190204782312980e-02, -4.1337802423227231e-02,  0.0000000000000000e+00
 3.3566433566433567e+00,  6.3364181252714877e+02,  9.1007319658174986e-04,  2.6907888087364153e+01, -2.1293167559451751e-02,  9.4790126046384579e-02,  5.0297040084070255e-01,  2.1290505478170762e+03,  1.6461155339451864e+01, -1.5001381875259272e+04,  1.0000108025003902e+01,  2.3914485671302490e+00,  1.7160001471163973e+00,  5.2961546772986130e-03,  1.7326591101718432e+00,  2.6342525392563907e-02,  2.7758322632433702e-01, -2.0503677442110648e-05,  1.5818645546797766e-02, -1.1104706273668346e-03,  0.0000000000000000e+00, -8.3568327332026200e-05, -1.0207023177814606e-02, -4.3884400803244926e-02,  0.0000000000000000e+00
 3.3666333666333665e+00,  6.3364100026590552e+02,  9.2572260747151506e-04,  2.6910588329602589e+01, -2.1293550244052158e-02,  9.4783542927015116e-02,  5.0297010659791441e-01,  2.1353847827583791e+03,  1.6604511370657942e+01, -1.5001381501896263e+04,  1.0000108849253216e+01,  2.3915085673016776e+00,  1.7211173799571888e+00,  5.2959456752840819e-03,  1.7328166292668985e+00,  2.6329241941728924e-02,  2.7758322632433702e-01, -2.1305389577785623e-05,  1.5716600628316674e-02, -1.5534227937275135e-03,  0.0000000000000000e+00, -7.6934442230105650e-05, -1.0222369502100551e-02, -4.4794622902163989e-02,  0.0000000000000000e+00
 3.3766233766233764e+00,  6.3364018837712104e+02,  9.4145045191117117e-04,  2.6913269761468865e+01, -2.1293920907171093e-02,  9.4776301679144651e-02,  5.0296981775270166e-01,  2.1417189982449527e+03,  1.6748428397047423e+01, -1.5001381108350693e+04,  1.0000109674361106e+01,  2.3915684998907301e+00,  1.7262345981589788e+00,  5.2957289951891667e-03,  1.7329731281664149e+00,  2.6311487974107813e-02,  2.7758322632433702e-01, -2.2025308204525378e-05,  1.5614407734001835e-02, -1.9992028385890201e-03,  0.0000000000000000e+00, -6.7193266843290322e-05, -1.0236647939660384e-02, -4.4450542079117625e-02,  0.0000000000000000e+00
 3.3866133866133867e+00,  6.3363937685979488e+02,  9.5725537601831496e-04,  2.6915932426152470e+01, -2.1294282207705722e-02,  9.4768415356788510e-02,  5.0296953982938875e-01,  2.1480531942201542e+03,  1.6892906447790381e+01, -1.5001380694799356e+04,  1.0000110500384974e+01,  2.3916283584726807e+00,  1.7313518006701742e+00,  5.2955056091860894e-03,  1.7331286054454000e+00,  2.6289297829069802e-02,  2.7758322632433702e-01, -2.2625548951715039e-05,  1.5512077408739468e-02, -2.4337853648965309e-03,  0.0000000000000000e+00, -5.2974930744078656e-05, -1.0249883177865158e-02, -4.2552879687645095e-02,  0.0000000000000000e+00
 3.3966033966033966e+00,  6.3363856571289591e+02,  9.7313542693510703e-04,  2.6918576368681357e+01, -2.1294636960185357e-02,  9.4759896889516415e-02,  5.0296927823393478e-01,  2.1543873706273498e+03,  1.7037945551846423e+01, -1.5001380261417902e+04,  1.0000111327357327e+01,  2.3916881367411169e+00,  1.7364689865156397e+00,  5.2952769362690525e-03,  1.7332830597829731e+00,  2.6262860893890100e-02,  2.7758322632433702e-01, -2.3026920600668786e-05,  1.5409621793000684e-02, -2.8361609523484634e-03,  0.0000000000000000e+00, -2.7379673376359396e-05, -1.0261731093108219e-02, -3.8002712920220040e-02,  0.0000000000000000e+00
 3.4065934065934065e+00,  6.3363775493534206e+02,  9.8908811793089416e-04,  2.6921201635879832e+01, -2.1294988327882489e-02,  9.4750759088769898e-02,  5.0296903788585579e-01,  2.1607215274099512e+03,  1.7183545737964174e+01, -1.5001379808380852e+04,  1.0000112155283432e+01,  2.3917478285072051e+00,  1.7415861547938134e+00,  5.2950455308524097e-03,  1.7334364899967087e+00,  2.6232631276575328e-02,  2.7758322632433702e-01, -2.3324025300062059e-05,  1.5307051273649501e-02, -3.2064483841161761e-03,  0.0000000000000000e+00, -3.2100687442276743e-05, -1.0272886880930358e-02, -3.6128830919689547e-02,  0.0000000000000000e+00
 3.4165834165834168e+00,  6.3363694452601601e+02,  1.0051104711934920e-03,  2.6923808276328057e+01, -2.1295339338494604e-02,  9.4741014655049277e-02,  5.0296882335485438e-01,  2.1670556645113802e+03,  1.7329707034681096e+01, -1.5001379335861535e+04,  1.0000112984139232e+01,  2.3918074276994621e+00,  1.7467033046715896e+00,  5.2948109217775428e-03,  1.7335888949732559e+00,  2.6198795991110555e-02,  2.7758322632433702e-01, -2.3595593021655962e-05,  1.5204379209990576e-02, -3.5449634459776814e-03,  0.0000000000000000e+00, -2.2267170420822191e-05, -1.0282060263586237e-02, -3.1641884464983047e-02,  0.0000000000000000e+00
 3.4265734265734267e+00,  6.3363613448376782e+02,  1.0211990614200869e-03,  2.6926396340322199e+01, -2.1295692778348259e-02,  9.4730676182298884e-02,  5.0296863878074538e-01,  2.1733897818750816e+03,  1.7476429470323453e+01, -1.5001378844032146e+04,  1.0000113813873892e+01,  2.3918669283631977e+00,  1.7518204353809743e+00,  5.2945740904323966e-03,  1.7337402737971082e+00,  2.6161802836096253e-02,  2.7758322632433702e-01, -2.3769399435637536e-05,  1.5101626022994594e-02, -3.8346299126364699e-03,  0.0000000000000000e+00, -1.2528873658183373e-05, -1.0289127773076709e-02, -2.6349342160089908e-02,  0.0000000000000000e+00
 3.4365634365634365e+00,  6.3363532480740730e+02,  1.0373500971475071e-03,  2.6928965879834834e+01, -2.1296051245555624e-02,  9.4719756159544838e-02,  5.0296848767104663e-01,  2.1797238794445393e+03,  1.7623713073006122e+01, -1.5001378333063843e+04,  1.0000114644411511e+01,  2.3919263246604756e+00,  1.7569375462134866e+00,  5.2943360087019057e-03,  1.7338906257629261e+00,  2.6122180008840097e-02,  2.7758322632433702e-01, -2.3847547579163816e-05,  1.4998814952250524e-02, -4.0680685490473226e-03,  0.0000000000000000e+00, -3.1163846757781483e-06, -1.0293648589886345e-02, -2.0385072849363337e-02,  0.0000000000000000e+00
 3.4465534465534464e+00,  6.3363451549570777e+02,  1.0535595063065882e-03,  2.6931516948475007e+01, -2.1296417088709937e-02,  9.4708266970385410e-02,  5.0296837280339390e-01,  2.1860579571632488e+03,  1.7771557870632972e+01, -1.5001377803126485e+04,  1.0000115475653079e+01,  2.3919856108702562e+00,  1.7620546365132403e+00,  5.2940976159552905e-03,  1.7340399504195307e+00,  2.6080522745206197e-02,  2.7758322632433702e-01, -2.3834440683711066e-05,  1.4895973468315934e-02, -4.2393228003632924e-03,  0.0000000000000000e+00,  5.7403851453127245e-06, -1.0295216493751987e-02, -1.3900028264112577e-02,  0.0000000000000000e+00
 3.4565434565434567e+00,  6.3363370654741300e+02,  1.0698230299327775e-03,  2.6934049601448866e+01, -2.1296792352223048e-02,  9.4696220889949931e-02,  5.0296829614588190e-01,  2.1923920149747423e+03,  1.7919963890897126e+01, -1.5001377254388857e+04,  1.0000116307478942e+01,  2.3920447813886776e+00,  1.7671717056691547e+00,  5.2938597961008325e-03,  1.7341882476104449e+00,  2.6037478254587083e-02,  2.7758322632433702e-01, -2.3736737608310749e-05,  1.4793132678676012e-02, -4.3440092557188864e-03,  0.0000000000000000e+00,  1.3819770549830378e-05, -1.0293509592160395e-02, -7.0582000980770124e-03,  0.0000000000000000e+00
 3.4665334665334666e+00,  6.3363289796122933e+02,  1.0861363216844026e-03,  2.6936563895518827e+01, -2.1297178729447419e-02,  9.4683630079621384e-02,  5.0296825879754414e-01,  2.1987260528225743e+03,  1.8068931161281423e+01, -1.5001376687018588e+04,  1.0000117139751687e+01,  2.3921038307294471e+00,  1.7722887531065004e+00,  5.2936233554636159e-03,  1.7343355175060178e+00,  2.5993729353483541e-02,  2.7758322632433702e-01, -2.3563446519513751e-05,  1.4690326325875308e-02, -4.3799956115245621e-03,  0.0000000000000000e+00,  2.0873105427434101e-05, -1.0288322238606346e-02, -1.4626833419970869e-04,  0.0000000000000000e+00
 3.4765234765234765e+00,  6.3363208973583471e+02,  1.1024950480604469e-03,  2.6939059888963136e+01, -2.1297577524561441e-02,  9.4670506580152913e-02,  5.0296826096518876e-01,  2.2050600706503228e+03,  1.8218459709059037e+01, -1.5001376101182123e+04,  1.0000117972319494e+01,  2.3921627535241892e+00,  1.7774057782779953e+00,  5.2933889979685745e-03,  1.7344817606239489e+00,  2.5949965854756424e-02,  2.7758322632433702e-01, -2.3325239589479686e-05,  1.4587589226183454e-02, -4.3461657802755828e-03,  0.0000000000000000e+00,  2.6815921965386448e-05, -1.0279645119702896e-02,  6.9190005502454280e-03,  0.0000000000000000e+00
 3.4865134865134864e+00,  6.3363128186987274e+02,  1.1188949865942285e-03,  2.6941537641534186e+01, -2.1297989624069865e-02,  9.4656862303913444e-02,  5.0296830197651032e-01,  2.2113940684016006e+03,  1.8368549561293989e+01, -1.5001375497044723e+04,  1.0000118805019984e+01,  2.3922215445228119e+00,  1.7825227806547692e+00,  5.2931573167105794e-03,  1.7346269778302172e+00,  2.5906892874357157e-02,  2.7758322632433702e-01, -2.3033534808369127e-05,  1.4484955541628866e-02, -4.2417925126527166e-03,  0.0000000000000000e+00,  3.1583375212843819e-05, -1.0267618528061030e-02,  1.3976527627833080e-02,  0.0000000000000000e+00
 3.4965034965034967e+00,  6.3363047436195563e+02,  1.1353321373647558e-03,  2.6943997214417465e+01, -2.1298415478359759e-02,  9.4642709026140512e-02,  5.0296838018661616e-01,  2.2177280460200409e+03,  1.8519200744841896e+01, -1.5001374874770572e+04,  1.0000119637683996e+01,  2.3922801985937374e+00,  1.7876397597172418e+00,  5.2929287874828928e-03,  1.7347711703250803e+00,  2.5865214755602522e-02,  2.7758322632433702e-01, -2.2702888044593618e-05,  1.4382457439575228e-02, -4.0700144691240862e-03,  0.0000000000000000e+00,  3.4612106895012630e-05, -1.0252501503076990e-02,  2.0413436686598483e-02,  0.0000000000000000e+00
 3.5064935064935066e+00,  6.3362966721066971e+02,  1.1518028244520005e-03,  2.6946438670188744e+01, -2.1298855094295143e-02,  9.4628058377835431e-02,  5.0296849303870617e-01,  2.2240620034493054e+03,  1.8670413286350712e+01, -1.5001374234522595e+04,  1.0000120470139569e+01,  2.3923387107242173e+00,  1.7927567149453356e+00,  5.2927037125538442e-03,  1.7349143396172217e+00,  2.5825573903945086e-02,  2.7758322632433702e-01, -2.2348053811868403e-05,  1.4280123191662442e-02, -3.8354262089821990e-03,  0.0000000000000000e+00,  3.6425706496676074e-05, -1.0234814929126668e-02,  2.6551132993825020e-02,  0.0000000000000000e+00
 3.5164835164835164e+00,  6.3362886041456807e+02,  1.1683037824125450e-03,  2.6948862072773451e+01, -2.1299308037975192e-02,  9.4612921840424191e-02,  5.0296863715347895e-01,  2.2303959406330805e+03,  1.8822187212261433e+01, -1.5001373576462631e+04,  1.0000121302216181e+01,  2.3923970760203872e+00,  1.7978736458097440e+00,  5.2924822729212171e-03,  1.7350564874717669e+00,  2.5788582863315167e-02,  2.7758322632433702e-01, -2.1981564246142033e-05,  1.4177975953651643e-02, -3.5467803588773101e-03,  0.0000000000000000e+00,  3.6945504561743792e-05, -1.0215062120635334e-02,  3.1235766197174435e-02,  0.0000000000000000e+00
 3.5264735264735263e+00,  6.3362805397217767e+02,  1.1848322310209639e-03,  2.6951267487405424e+01, -2.1299773472842572e-02,  9.4597310743154348e-02,  5.0296880844050851e-01,  2.2367298575150930e+03,  1.8974522548808846e+01, -1.5001372900751354e+04,  1.0000122133748580e+01,  2.3924552897070805e+00,  1.8029905517640736e+00,  5.2922645204610142e-03,  1.7351976158600519e+00,  2.5754709161509976e-02,  2.7758322632433702e-01, -2.1625476988217909e-05,  1.4076032651159316e-02, -3.2087903086602341e-03,  0.0000000000000000e+00,  3.4343164474569170e-05, -1.0193987038265802e-02,  3.6429841856268991e-02,  0.0000000000000000e+00
 3.5364635364635366e+00,  6.3362724788199921e+02,  1.2013859424010889e-03,  2.6953654980587299e+01, -2.1300250168178905e-02,  9.4581236262259283e-02,  5.0296900217089080e-01,  2.2430637540390780e+03,  1.9127419322022021e+01, -1.5001372207548166e+04,  1.0000122964580411e+01,  2.3925133471275202e+00,  1.8081074322380293e+00,  5.2920501954589151e-03,  1.7353377268853765e+00,  2.5724471168836440e-02,  2.7758322632433702e-01, -2.1301196089448232e-05,  1.3974303664694305e-02, -2.8275076785438864e-03,  0.0000000000000000e+00,  3.0577871459119374e-05, -1.0172156052028892e-02,  3.9902940693023053e-02,  0.0000000000000000e+00
 3.5464535464535465e+00,  6.3362644214250577e+02,  1.2179633058080740e-03,  2.6956024620051082e+01, -2.1300736462168634e-02,  9.4564709421882623e-02,  5.0296921302822561e-01,  2.2493976301488115e+03,  1.9280877557724999e+01, -1.5001371497011434e+04,  1.0000123794568335e+01,  2.3925712437428821e+00,  1.8132242866310146e+00,  5.2918389221375487e-03,  1.7354768227264794e+00,  2.5698215501599009e-02,  2.7758322632433702e-01, -2.1016001983496168e-05,  1.3872792835413279e-02, -2.4141682088386412e-03,  0.0000000000000000e+00,  2.6517988552577894e-05, -1.0150311970094826e-02,  4.2847621141978827e-02,  0.0000000000000000e+00
 3.5564435564435564e+00,  6.3362563675214597e+02,  1.2345633671135823e-03,  2.6958376474722144e+01, -2.1301230368715850e-02,  9.4547741100793323e-02,  5.0296943527681193e-01,  2.2557314857880974e+03,  1.9434897281537232e+01, -1.5001370769298337e+04,  1.0000124623585350e+01,  2.3926289751316898e+00,  1.8183411143068704e+00,  5.2916302953193847e-03,  1.7356149055634067e+00,  2.5676236039788716e-02,  2.7758322632433702e-01, -2.0780069905692259e-05,  1.3771498252711494e-02, -1.9782786033695318e-03,  0.0000000000000000e+00,  2.0715613423765360e-05, -1.0128863486802610e-02,  4.4417477872937872e-02,  0.0000000000000000e+00
 3.5664335664335662e+00,  6.3362483170934604e+02,  1.2511858569645051e-03,  2.6960710614683652e+01, -2.1301729629374454e-02,  9.4530342040234583e-02,  5.0296966288131295e-01,  2.2620653209007619e+03,  1.9589478518874202e+01, -1.5001370024564756e+04,  1.0000125451523877e+01,  2.3926865369890562e+00,  1.8234579145901657e+00,  5.2914237359256468e-03,  1.7357519775367234e+00,  2.5658689455577640e-02,  2.7758322632433702e-01, -2.0606750492569531e-05,  1.3670413826404970e-02, -1.5318874159739066e-03,  0.0000000000000000e+00,  1.3982933083312721e-05, -1.0108238659702532e-02,  4.4950037843658495e-02,  0.0000000000000000e+00
 3.5764235764235766e+00,  6.3362402701250971e+02,  1.2678311997419711e-03,  2.6963027111143596e+01, -2.1302231772174367e-02,  9.4512522853798117e-02,  5.0296988966314471e-01,  2.2683991354306600e+03,  1.9744621294947297e+01, -1.5001369262965642e+04,  1.0000126278298007e+01,  2.3927439251257594e+00,  1.8285746867637420e+00,  5.2912185720328199e-03,  1.7358880407047934e+00,  2.5645628898610415e-02,  2.7758322632433702e-01, -2.0506638635477875e-05,  1.3569530380404616e-02, -1.0853762701961795e-03,  0.0000000000000000e+00,  6.0594607064367901e-06, -1.0088627229568096e-02,  4.4441493541041537e-02,  0.0000000000000000e+00
 3.5864135864135864e+00,  6.3362322266001468e+02,  1.2845005039715859e-03,  2.6965326036403280e+01, -2.1302734172959394e-02,  9.4494294038408935e-02,  5.0297010945635023e-01,  2.2747329293216808e+03,  1.9900325634764478e+01, -1.5001368484654548e+04,  1.0000127103845204e+01,  2.3928011354671241e+00,  1.8336914300679654e+00,  5.2910140128759869e-03,  1.7360230970248434e+00,  2.5637003616013281e-02,  2.7758322632433702e-01, -2.0493624865411115e-05,  1.3468837953941661e-02, -6.5028938051741919e-04,  0.0000000000000000e+00, -3.4541039389807411e-06, -1.0069996548375740e-02,  4.2662901772650155e-02,  0.0000000000000000e+00
 3.5964035964035963e+00,  6.3362241865022258e+02,  1.3011955419998526e-03,  2.6967607463828170e+01, -2.1303234120160053e-02,  9.4475665985946991e-02,  5.0297031626249389e-01,  2.2810667025177368e+03,  2.0056591563130038e+01, -1.5001367689784069e+04,  1.0000127928127679e+01,  2.3928581640518440e+00,  1.8388081437010959e+00,  5.2908091089985459e-03,  1.7361571483562208e+00,  2.5632636103794883e-02,  2.7758322632433702e-01, -2.0576285710168060e-05,  1.3368327483403841e-02, -2.3834893593511363e-04,  0.0000000000000000e+00, -1.3094597181360029e-05, -1.0052199653295875e-02,  3.9807575232728362e-02,  0.0000000000000000e+00
 3.6063936063936062e+00,  6.3362161498147373e+02,  1.3179187087784771e-03,  2.6969871467819193e+01, -2.1303728883024186e-02,  9.4456648992875064e-02,  5.0297050436891344e-01,  2.2874004549627812e+03,  2.0213419104644721e+01, -1.5001366878505454e+04,  1.0000128751133028e+01,  2.3929150070305214e+00,  1.8439248268216846e+00,  5.2906028982763831e-03,  1.7362901964750612e+00,  2.5632241399511081e-02,  2.7758322632433702e-01, -2.0755012779925935e-05,  1.3267992336243210e-02,  1.4134386039280138e-04,  0.0000000000000000e+00, -2.2686562184258031e-05, -1.0034896808203277e-02,  3.6206922592120126e-02,  0.0000000000000000e+00
 3.6163836163836165e+00,  6.3362081165208929e+02,  1.3346729647543492e-03,  2.6972118123785830e+01, -2.1304215781408727e-02,  9.4437253268674637e-02,  5.0297066851684091e-01,  2.2937341866007700e+03,  2.0370808283705372e+01, -1.5001366050968911e+04,  1.0000129572874053e+01,  2.3929716606641676e+00,  1.8490414785519598e+00,  5.2903944234285174e-03,  1.7364222431081937e+00,  2.5635460156949584e-02,  2.7758322632433702e-01, -2.1031009121664618e-05,  1.3167830314120948e-02,  4.7999589756406093e-04,  0.0000000000000000e+00, -3.2567905431825498e-05, -1.0017540020673395e-02,  3.1591215249565326e-02,  0.0000000000000000e+00
 3.6263736263736264e+00,  6.3362000866037647e+02,  1.3514617719010994e-03,  2.6974347508118992e+01, -2.1304692253432705e-02,  9.4417488941129113e-02,  5.0297080399043381e-01,  2.3000678973757144e+03,  2.0528759124504909e+01, -1.5001365207323464e+04,  1.0000130393388318e+01,  2.3930281213224958e+00,  1.8541580979825887e+00,  5.2901826982939323e-03,  1.7365532899878309e+00,  2.5641831727134738e-02,  2.7758322632433702e-01, -2.1404096891372604e-05,  1.3067844759460698e-02,  7.6920182438227323e-04,  0.0000000000000000e+00, -4.2124266063619120e-05, -9.9995680223671640e-03,  2.6307811299437905e-02,  0.0000000000000000e+00
 3.6363636363636362e+00,  6.3361920600461963e+02,  1.3682890099949341e-03,  2.6976559698164380e+01, -2.1305155919445533e-02,  9.4397366059080112e-02,  5.0297090676301592e-01,  2.3064015872316431e+03,  2.0687271651031704e+01, -1.5001364347716973e+04,  1.0000131212736791e+01,  2.3930843854820631e+00,  1.8592746841786290e+00,  5.2899667691449735e-03,  1.7366833389075835e+00,  2.5650828824769410e-02,  2.7758322632433702e-01, -2.1870464572807774e-05,  1.2968044987812495e-02,  1.0025669299238370e-03,  0.0000000000000000e+00, -5.1242543759798549e-05, -9.9803462615449690e-03,  2.0411882829987276e-02,  0.0000000000000000e+00
 3.6463536463536466e+00,  6.3361840368309026e+02,  1.3851588884203389e-03,  2.6978754772195508e+01, -2.1305604641424215e-02,  9.4376894591250857e-02,  5.0297097357179821e-01,  2.3127352561126172e+03,  2.0846345887069536e+01, -1.5001363472296136e+04,  1.0000132031001948e+01,  2.3931404497242368e+00,  1.8643912361865564e+00,  5.2897457259747952e-03,  1.7368123917857892e+00,  2.5661863034425924e-02,  2.7758322632433702e-01, -2.2417709704118728e-05,  1.2868446205016601e-02,  1.1759884960741234e-03,  0.0000000000000000e+00, -5.8315931528652710e-05, -9.9593300541928904e-03,  1.4307114713299669e-02,  0.0000000000000000e+00
 3.6563436563436564e+00,  6.3361760169404693e+02,  1.4020758492910409e-03,  2.6980932809385781e+01, -2.1306036575878991e-02,  9.4356084421870726e-02,  5.0297100199295763e-01,  2.3190689039627273e+03,  2.1005981856196723e+01, -1.5001362581206477e+04,  1.0000132848285649e+01,  2.3931963107329457e+00,  1.8695077530420079e+00,  5.2895188628571789e-03,  1.7369404507198716e+00,  2.5674325098417244e-02,  2.7758322632433702e-01, -2.3012918531451548e-05,  1.2769068469704607e-02,  1.2908264131933241e-03,  0.0000000000000000e+00, -6.0844875703277005e-05, -9.9360925553252308e-03,  8.6834362939587142e-03,  0.0000000000000000e+00
 3.6663336663336663e+00,  6.3361680003572837e+02,  1.4190444821634341e-03,  2.6983093889779756e+01, -2.1306450294782790e-02,  9.4334945342127413e-02,  5.0297099037166693e-01,  2.3254025307260872e+03,  2.1166179581785915e+01, -1.5001361674592416e+04,  1.0000133664705656e+01,  2.3932519652924595e+00,  1.8746242337777483e+00,  5.2892859274027383e-03,  1.7370675180289401e+00,  2.5687653771952264e-02,  2.7758322632433702e-01, -2.3691007583632470e-05,  1.2669939122674237e-02,  1.3372972197077443e-03,  0.0000000000000000e+00, -7.4908552543345112e-05, -9.9096027201550849e-03,  6.2001917022832219e-04,  0.0000000000000000e+00
 3.6763236763236762e+00,  6.3361599870636326e+02,  1.4360694110097747e-03,  2.6985238094263043e+01, -2.1306844683979087e-02,  9.4313487041942590e-02,  5.0297093803652415e-01,  2.3317361363468622e+03,  2.1326939087003581e+01, -1.5001360752597206e+04,  1.0000134480392330e+01,  2.3933074102849266e+00,  1.8797406774316827e+00,  5.2890455160523112e-03,  1.7371935963566882e+00,  2.5701044323586230e-02,  2.7758322632433702e-01, -2.4468853544525830e-05,  1.2571087963081840e-02,  1.3091828399055755e-03,  0.0000000000000000e+00, -8.0816208827613032e-05, -9.8803994301867783e-03, -6.2485180066164650e-03,  0.0000000000000000e+00
 3.6863136863136865e+00,  6.3361519770416294e+02,  1.4531551770665138e-03,  2.6987365504531599e+01, -2.1307218978128668e-02,  9.4291719098929125e-02,  5.0297084531646596e-01,  2.3380697207692128e+03,  2.1488260394809437e+01, -1.5001359815362934e+04,  1.0000135295485853e+01,  2.3933626426875394e+00,  1.8848570830568787e+00,  5.2887970392200305e-03,  1.7373186886176131e+00,  2.5713811271251077e-02,  2.7758322632433702e-01, -2.5298204239572673e-05,  1.2472543672038617e-02,  1.2135707178207392e-03,  0.0000000000000000e+00, -8.5219800320763070e-05, -9.8481676366661015e-03, -1.2893028834767563e-02,  0.0000000000000000e+00
 3.6963036963036964e+00,  6.3361439702732889e+02,  1.4703061326330176e-03,  2.6989476203060043e+01, -2.1307572824056233e-02,  9.4269650966503180e-02,  5.0297071351602718e-01,  2.3444032839373585e+03,  2.1650143527955816e+01, -1.5001358863030573e+04,  1.0000136110132765e+01,  2.3934176595697010e+00,  1.8899734497309149e+00,  5.2885400574261459e-03,  1.7374427980284572e+00,  2.5725291490775456e-02,  2.7758322632433702e-01, -2.6163846352760760e-05,  1.2374335886257326e-02,  1.0530716217804017e-03,  0.0000000000000000e+00, -8.8081750739377632e-05, -9.8130310768037819e-03, -1.9238890192513187e-02,  0.0000000000000000e+00
 3.7062937062937062e+00,  6.3361359667404884e+02,  1.4875263503199207e-03,  2.6991570273068714e+01, -2.1307906291217208e-02,  9.4247291961942814e-02,  5.0297054478909531e-01,  2.3507368257955427e+03,  2.1812588508987517e+01, -1.5001357895739924e+04,  1.0000136924482138e+01,  2.3934724580901161e+00,  1.8950897765649015e+00,  5.2882742850471481e-03,  1.7375659280958600e+00,  2.5734851663294641e-02,  2.7758322632433702e-01, -2.7049212552814072e-05,  1.2276492015749539e-02,  8.3238816951252640e-04,  0.0000000000000000e+00, -8.9168562511297616e-05, -9.7753117988553379e-03, -2.4941936951515972e-02,  0.0000000000000000e+00
 3.7162837162837161e+00,  6.3361279664249616e+02,  1.5048195209973441e-03,  2.6993647798490699e+01, -2.1308219871510610e-02,  9.4224651257449638e-02,  5.0297034219805692e-01,  2.3570703462880301e+03,  2.1975595360241169e+01, -1.5001356913629668e+04,  1.0000137738681667e+01,  2.3935270354938956e+00,  1.9002060627115651e+00,  5.2879996136188968e-03,  1.7376880825842165e+00,  2.5741922623033448e-02,  2.7758322632433702e-01, -2.7939025509058503e-05,  1.2179035845936230e-02,  5.5785794214744929e-04,  0.0000000000000000e+00, -8.8971991328959919e-05, -9.7354133977147258e-03, -3.0019014566969301e-02,  0.0000000000000000e+00
 3.7262737262737264e+00,  6.3361199693083847e+02,  1.5221888844399866e-03,  2.6995708863939097e+01, -2.1308514467135300e-02,  9.4201737871783070e-02,  5.0297010949998466e-01,  2.3634038453591302e+03,  2.2139164103845218e+01, -1.5001355916837392e+04,  1.0000138552873823e+01,  2.3935813891097197e+00,  1.9053223073732091e+00,  5.2877160627592549e-03,  1.7378092654753992e+00,  2.5745997676124760e-02,  2.7758322632433702e-01, -2.8818052053120739e-05,  1.2081986427892594e-02,  2.3699347306407404e-04,  0.0000000000000000e+00, -8.7009122792297740e-05, -9.6938800946211202e-03, -3.4218052143521735e-02,  0.0000000000000000e+00
 3.7362637362637363e+00,  6.3361119753722403e+02,  1.5396371593976131e-03,  2.6997753554674457e+01, -2.1308791368346763e-02,  9.4178560666182215e-02,  5.0296985111554127e-01,  2.3697373229531690e+03,  2.2303294761719471e+01, -1.5001354905499458e+04,  1.0000139367192201e+01,  2.3936355163470968e+00,  1.9104385098078349e+00,  5.2874238283630902e-03,  1.7379294809144441e+00,  2.5746657757360403e-02,  2.7758322632433702e-01, -2.9660268131717886e-05,  1.1985357835865157e-02, -1.2236438451620484e-04,  0.0000000000000000e+00, -8.1602536142720710e-05, -9.6511640293250878e-03, -3.7725390944050467e-02,  0.0000000000000000e+00
 3.7462537462537462e+00,  6.3361039845980076e+02,  1.5571664915992490e-03,  2.6999781956573084e+01, -2.1309052220308183e-02,  9.4155128342603187e-02,  5.0296957196492653e-01,  2.3760707790145002e+03,  2.2467987355575637e+01, -1.5001353879751154e+04,  1.0000140181757853e+01,  2.3936894146937782e+00,  1.9155546693349406e+00,  5.2871234500093704e-03,  1.7380487331644274e+00,  2.5743552833277283e-02,  2.7758322632433702e-01, -3.0427923210359355e-05,  1.1889158827948425e-02, -5.0954617687522534e-04,  0.0000000000000000e+00, -7.2082010601303247e-05, -9.6078773556048554e-03, -3.9788403886226349e-02,  0.0000000000000000e+00
 3.7562437562437561e+00,  6.3360959969670057e+02,  1.5747784131867094e-03,  2.7001794156096416e+01, -2.1309299163213145e-02,  9.4131449445133172e-02,  5.0296927737249220e-01,  2.3824042134875431e+03,  2.2633241906917160e+01, -1.5001352839726707e+04,  1.0000140996675626e+01,  2.3937430817134469e+00,  1.9206707853395022e+00,  5.2868158778493967e-03,  1.7381670265453721e+00,  2.5736477014565693e-02,  2.7758322632433702e-01, -3.1191587881186094e-05,  1.1793390710759129e-02, -9.1990156770733274e-04,  0.0000000000000000e+00, -8.0803656498347660e-05, -9.5648997056394375e-03, -4.2364745358364701e-02,  0.0000000000000000e+00
 3.7662337662337664e+00,  6.3360880124604751e+02,  1.5924738107744769e-03,  2.7003790240262802e+01, -2.1309534365330070e-02,  9.4107532367102037e-02,  5.0296897300694210e-01,  2.3887376263166921e+03,  2.2799058437039559e+01, -1.5001351785559074e+04,  1.0000141812030735e+01,  2.3937965150435554e+00,  1.9257868572752397e+00,  5.2865002414602957e-03,  1.7382843653464606e+00,  2.5725173181574839e-02,  2.7758322632433702e-01, -3.1961580515519879e-05,  1.1698052344503305e-02, -1.3462406427917956e-03,  0.0000000000000000e+00, -7.3348868895273321e-05, -9.5218412187765313e-03, -4.2988337473543851e-02,  0.0000000000000000e+00
 3.7762237762237763e+00,  6.3360800310596107e+02,  1.6102529026972346e-03,  2.7005770296620060e+01, -2.1309760085526572e-02,  9.4083385357680391e-02,  5.0296866475790469e-01,  2.3950710174464266e+03,  2.2965436967030868e+01, -1.5001350717380255e+04,  1.0000142627889270e+01,  2.3938497123933486e+00,  1.9309028846674432e+00,  5.2861772848321036e-03,  1.7384007538649426e+00,  2.5709579099624798e-02,  2.7758322632433702e-01, -3.2650217863017978e-05,  1.1603141600333202e-02, -1.7735221082825891e-03,  0.0000000000000000e+00, -6.4516328073702540e-05, -9.4792897641300146e-03, -4.2553411917706105e-02,  0.0000000000000000e+00
 3.7862137862137861e+00,  6.3360720527454941e+02,  1.6281152446293993e-03,  2.7007734413220010e+01, -2.1309978764407354e-02,  9.4059016529990741e-02,  5.0296835854671462e-01,  2.4014043868212243e+03,  2.3132377517772120e+01, -1.5001349635321005e+04,  1.0000143444296688e+01,  2.3939026715422833e+00,  1.9360188671138716e+00,  5.2858478894550406e-03,  1.7385161963474662e+00,  2.5689738174416346e-02,  2.7758322632433702e-01, -3.3245630668795715e-05,  1.1508653126934221e-02, -2.1912699985249802e-03,  0.0000000000000000e+00, -5.4685315643002677e-05, -9.4373026103460721e-03, -4.1079715708821546e-02,  0.0000000000000000e+00
 3.7962037962037960e+00,  6.3360640774991691e+02,  1.6460597484958927e-03,  2.7009682678594242e+01, -2.1310192969885969e-02,  9.4034433870988310e-02,  5.0296806018157980e-01,  2.4077377343855974e+03,  2.3299880109938293e+01, -1.5001348539511082e+04,  1.0000144261275860e+01,  2.3939553903388067e+00,  1.9411348042841121e+00,  5.2855130364670927e-03,  1.7386306969843619e+00,  2.5665797481272651e-02,  2.7758322632433702e-01, -3.3721770192213654e-05,  1.1414582222322080e-02, -2.5869597107928558e-03,  0.0000000000000000e+00, -4.0637816945417189e-05, -9.3956924929537357e-03, -3.8137364687217873e-02,  0.0000000000000000e+00
 3.8061938061938063e+00,  6.3360561053016158e+02,  1.6640847169420846e-03,  2.7011615181731440e+01, -2.1310405335701381e-02,  9.4009645251174348e-02,  5.0296777521662672e-01,  2.4140710600841044e+03,  2.3467944763998933e+01, -1.5001347430079077e+04,  1.0000145078826447e+01,  2.3940078666994871e+00,  1.9462506959175649e+00,  5.2851741278128386e-03,  1.7387442599283318e+00,  2.5638050667707198e-02,  2.7758322632433702e-01, -3.4000895027253469e-05,  1.1320927744035593e-02, -2.9401754575242248e-03,  0.0000000000000000e+00, -1.5242975029554072e-05, -9.3539340600005162e-03, -3.2576427808401483e-02,  0.0000000000000000e+00
 3.8161838161838162e+00,  6.3360481361337759e+02,  1.6821879281498139e-03,  2.7013532012055993e+01, -2.1310618766122506e-02,  9.3984658432505377e-02,  5.0296750855494177e-01,  2.4204043638613148e+03,  2.3636571500219585e+01, -1.5001346307152477e+04,  1.0000145896923062e+01,  2.3940600986086453e+00,  1.9513665418191202e+00,  5.2848336979051096e-03,  1.7388568893468801e+00,  2.5607052716886552e-02,  2.7758322632433702e-01, -3.4191518952204301e-05,  1.1227687924288075e-02, -3.2551805054309648e-03,  0.0000000000000000e+00, -2.2919934745450607e-05, -9.3126778535030912e-03, -3.0487582782514032e-02,  0.0000000000000000e+00
 3.8261738261738261e+00,  6.3360401699764782e+02,  1.7003666865354854e-03,  2.7015433259407068e+01, -2.1310835936760034e-02,  9.3959481075873624e-02,  5.0296726466501174e-01,  2.4267376456618476e+03,  2.3805760338662939e+01, -1.5001345170857690e+04,  1.0000146715513971e+01,  2.3941120841184262e+00,  1.9564823418526733e+00,  5.2844909805810263e-03,  1.7389685893573885e+00,  2.5573012096170116e-02,  2.7758322632433702e-01, -3.4380386347451657e-05,  1.1134864919076634e-02, -3.5357297704815185e-03,  0.0000000000000000e+00, -1.4891317783069599e-05, -9.2704877898275931e-03, -2.5678380080607487e-02,  0.0000000000000000e+00
 3.8361638361638359e+00,  6.3360322068106404e+02,  1.7186178716304089e-03,  2.7017319014018092e+01, -2.1311059203841309e-02,  9.3934120745468183e-02,  5.0296704751942634e-01,  2.4330709054303443e+03,  2.3975511299190174e+01, -1.5001344021320019e+04,  1.0000147534524611e+01,  2.3941638213484788e+00,  1.9615980959372279e+00,  5.2841467770989668e-03,  1.7390793641704381e+00,  2.5536408765428380e-02,  2.7758322632433702e-01, -3.4490653086066065e-05,  1.1042468748181837e-02, -3.7654130839258606e-03,  0.0000000000000000e+00, -7.1840832876890685e-06, -9.2272256232610681e-03, -2.0304219270966199e-02,  0.0000000000000000e+00
 3.8461538461538463e+00,  6.3360242466170280e+02,  1.7369380271869527e-03,  2.7019189366496132e+01, -2.1311290678248319e-02,  9.3908584910067053e-02,  5.0296686039586214e-01,  2.4394041431114715e+03,  2.4145824401462306e+01, -1.5001342858663689e+04,  1.0000148353859846e+01,  2.3942153084861353e+00,  1.9667138040405960e+00,  5.2838018566432427e-03,  1.7391892181036059e+00,  2.5497779067520248e-02,  2.7758322632433702e-01, -3.4526296871674448e-05,  1.0950512251781825e-02, -3.9392677562273999e-03,  0.0000000000000000e+00,  4.8197408891082991e-08, -9.1824649560213710e-03, -1.4501486123801578e-02,  0.0000000000000000e+00
 3.8561438561438561e+00,  6.3360162893763913e+02,  1.7553234499086225e-03,  2.7021044407801185e+01, -2.1311532180664131e-02,  9.3882880941927704e-02,  5.0296670580571345e-01,  2.4457373586499457e+03,  2.4316699664941574e+01, -1.5001341683011884e+04,  1.0000149173406449e+01,  2.3942665437866792e+00,  1.9718294661720372e+00,  5.2834569409976346e-03,  1.7392981556240201e+00,  2.5457702116952308e-02,  2.7758322632433702e-01, -3.4492824266836990e-05,  1.0859012147162532e-02, -4.0537367657821240e-03,  0.0000000000000000e+00,  6.6530180797222723e-06, -9.1358559888095880e-03, -8.4152095890363213e-03,  0.0000000000000000e+00
 3.8661338661338660e+00,  6.3360083350695368e+02,  1.7737702831268846e-03,  2.7022884229224527e+01, -2.1311785204815050e-02,  9.3857016113242556e-02,  5.0296658544203920e-01,  2.4520705519904936e+03,  2.4488137108893604e+01, -1.5001340494486674e+04,  1.0000149993035821e+01,  2.3943175255738289e+00,  1.9769450823742354e+00,  5.2831126893252240e-03,  1.7394061813832695e+00,  2.5416785325946181e-02,  2.7758322632433702e-01, -3.4397235242297182e-05,  1.0767988057312203e-02, -4.1067367412295436e-03,  0.0000000000000000e+00,  1.2483904632993285e-05, -9.0871667991782781e-03, -2.1953854955553687e-03,  0.0000000000000000e+00
 3.8761238761238763e+00,  6.3360003836771216e+02,  1.7922746131038749e-03,  2.7024708922366926e+01, -2.1312050889235403e-02,  9.3830997590670484e-02,  5.0296650014786581e-01,  2.4584037230778808e+03,  2.4660136752388237e+01, -1.5001339293209014e+04,  1.0000150812606979e+01,  2.3943682522401213e+00,  1.9820606527149192e+00,  5.2827696835502360e-03,  1.7395133002405498e+00,  2.5375649434809858e-02,  2.7758322632433702e-01, -3.4247937135788844e-05,  1.0677461191859892e-02, -4.0976890970393113e-03,  0.0000000000000000e+00,  1.7405576289975986e-05, -9.0363116643741408e-03,  4.0067238624398680e-03,  0.0000000000000000e+00
 3.8861138861138862e+00,  6.3359924351798668e+02,  1.8108325656057114e-03,  2.7026518579115763e+01, -2.1312329997820317e-02,  9.3804832428658350e-02,  5.0296644990538641e-01,  2.4647368718569160e+03,  2.4832698614301911e+01, -1.5001338079298805e+04,  1.0000151631970081e+01,  2.3944187222473654e+00,  1.9871761772782170e+00,  5.2824284148569765e-03,  1.7396195172712188e+00,  2.5334913415915424e-02,  2.7758322632433702e-01, -3.4054607820425403e-05,  1.0587452813533427e-02, -4.0275145139734691e-03,  0.0000000000000000e+00,  2.1298952645936100e-05, -8.9833656766312719e-03,  1.0042227667359887e-02,  0.0000000000000000e+00
 3.8961038961038961e+00,  6.3359844895584445e+02,  1.8294404004138474e-03,  2.7028313291621913e+01, -2.1312622909275488e-02,  9.3778527562383002e-02,  5.0296643384603867e-01,  2.4710699982724200e+03,  2.5005822713319301e+01, -1.5001336852874952e+04,  1.0000152450969686e+01,  2.3944689341269623e+00,  1.9922916561560275e+00,  5.2820892718055722e-03,  1.7397248377593018e+00,  2.5295179614350849e-02,  2.7758322632433702e-01, -3.3828010792349289e-05,  1.0497982634772519e-02, -3.8985917580068811e-03,  0.0000000000000000e+00,  2.4065772374902406e-05, -8.9285641113030622e-03,  1.5768108077151389e-02,  0.0000000000000000e+00
 3.9060939060939059e+00,  6.3359765467934938e+02,  1.8480946015225460e-03,  2.7030093152276123e+01, -2.1312929615424352e-02,  9.3752089801191221e-02,  5.0296645028099185e-01,  2.4774031022692543e+03,  2.5179509067934823e+01, -1.5001335614055246e+04,  1.0000153269448434e+01,  2.3945188864801752e+00,  1.9974070894395599e+00,  5.2817525305254610e-03,  1.7398292671740114e+00,  2.5257019474696506e-02,  2.7758322632433702e-01, -3.3576850444588448e-05,  1.0409067234102044e-02, -3.7148991496149661e-03,  0.0000000000000000e+00,  2.6216529246669023e-05, -8.8722991028793961e-03,  2.1007152122892975e-02,  0.0000000000000000e+00
 3.9160839160839163e+00,  6.3359686068656811e+02,  1.8667919609029924e-03,  2.7031858253685616e+01, -2.1313249728185914e-02,  9.3725525823367892e-02,  5.0296649675101335e-01,  2.4837361837923168e+03,  2.5353757696454611e+01, -1.5001334362956379e+04,  1.0000154087250445e+01,  2.3945685779782493e+00,  2.0025224772112438e+00,  5.2814184056628232e-03,  1.7399328111306125e+00,  2.5220955855117782e-02,  2.7758322632433702e-01, -3.3305007356191266e-05,  1.0320718753827287e-02, -3.4825461089715215e-03,  0.0000000000000000e+00,  2.8206457050445455e-05, -8.8150666481267917e-03,  2.5509926613924098e-02,  0.0000000000000000e+00
 3.9260739260739261e+00,  6.3359606697556171e+02,  1.8855296482766929e-03,  2.7033608688651000e+01, -2.1313582568305105e-02,  9.3698842173981736e-02,  5.0296657012927881e-01,  2.4900692427865220e+03,  2.5528568616997923e+01, -1.5001333099694113e+04,  1.0000154904224539e+01,  2.3946180073623342e+00,  2.0076378195374209e+00,  5.2810870958130496e-03,  1.7400354753409211e+00,  2.5187438133857914e-02,  2.7758322632433702e-01, -3.3045528081167282e-05,  1.0232944689124177e-02, -3.2063050728032283e-03,  0.0000000000000000e+00,  2.3741293809504478e-05, -8.7573011054816342e-03,  2.9793528826983176e-02,  0.0000000000000000e+00
 3.9360639360639360e+00,  6.3359527354439444e+02,  1.9043052742677865e-03,  2.7035344550143751e+01, -2.1313927044574171e-02,  9.3672045262543274e-02,  5.0296666669233481e-01,  2.4964022791968268e+03,  2.5703941847498953e+01, -1.5001331824383058e+04,  1.0000155720227248e+01,  2.3946671734432803e+00,  2.0127531164618526e+00,  5.2807581553515111e-03,  1.7401372655699556e+00,  2.5156893815701135e-02,  2.7758322632433702e-01, -3.2819882692179100e-05,  1.0145746490082104e-02, -2.8920245524462320e-03,  0.0000000000000000e+00,  2.1432913065930251e-05, -8.6997783427414186e-03,  3.3125431348488256e-02,  0.0000000000000000e+00
 3.9460539460539459e+00,  6.3359448039112601e+02,  1.9231169552267743e-03,  2.7037065931284250e+01, -2.1314281708856742e-02,  9.3645141364937429e-02,  5.0296678213376844e-01,  2.5027352929682238e+03,  2.5879877405708253e+01, -1.5001330537136861e+04,  1.0000156535126617e+01,  2.3947160751013143e+00,  2.0178683679997933e+00,  5.2804313539011180e-03,  1.7402381875585051e+00,  2.5129655425517330e-02,  2.7758322632433702e-01, -3.2622003307133288e-05,  1.0059119370355479e-02, -2.5489509527776388e-03,  0.0000000000000000e+00,  1.8182539820094661e-05, -8.6429710264841319e-03,  3.5557903305152010e-02,  0.0000000000000000e+00
 3.9560439560439562e+00,  6.3359368751382112e+02,  1.9419633543494828e-03,  2.7038772925322387e+01, -2.1314644843210648e-02,  9.3618136629090951e-02,  5.0296691172572028e-01,  2.5090682840457230e+03,  2.6056375309194195e+01, -1.5001329238068090e+04,  1.0000157348805196e+01,  2.3947647112856401e+00,  2.0229835741326627e+00,  5.2801063670736463e-03,  1.7403382469759567e+00,  2.5105965724736546e-02,  2.7758322632433702e-01, -3.2461641911267535e-05,  9.9730537641660455e-03, -2.1859626497475479e-03,  0.0000000000000000e+00,  1.3921811632228729e-05, -8.5873633326401556e-03,  3.7112354961471361e-02,  0.0000000000000000e+00
 3.9660339660339661e+00,  6.3359289491054221e+02,  1.9608437070316028e-03,  2.7040465625618555e+01, -2.1315014505664542e-02,  9.3591037082405334e-02,  5.0296705045039414e-01,  2.5154012523743668e+03,  2.6233435575344227e+01, -1.5001327927288279e+04,  1.0000158161162245e+01,  2.3948130810138357e+00,  2.0280987348043391e+00,  5.2797827696471466e-03,  1.7404374493719750e+00,  2.5085979848099797e-02,  2.7758322632433702e-01, -3.2348470726044775e-05,  9.8875358834800298e-03, -1.8119618352413129e-03,  0.0000000000000000e+00,  8.7350596495127904e-06, -8.5333163807444438e-03,  3.7762608102685842e-02,  0.0000000000000000e+00
 3.9760239760239759e+00,  6.3359210257935524e+02,  1.9797578340246106e-03,  2.7042144125627061e+01, -2.1315388579767346e-02,  9.3563848641067024e-02,  5.0296719312306659e-01,  2.5217341978992445e+03,  2.6411058221366556e+01, -1.5001326604907956e+04,  1.0000158972115619e+01,  2.3948611833710847e+00,  2.0332138499187566e+00,  5.2794600439822169e-03,  1.7405358001404618e+00,  2.5069762691065391e-02,  2.7758322632433702e-01, -3.2291174772997926e-05,  9.8025490779910986e-03, -1.4360009127502064e-03,  0.0000000000000000e+00,  2.7355901504655333e-06, -8.4810420781395619e-03,  3.7504768580034577e-02,  0.0000000000000000e+00
 3.9860139860139858e+00,  6.3359131051832537e+02,  1.9987061404775812e-03,  2.7043808518880805e+01, -2.1315764826854596e-02,  9.3536577120582429e-02,  5.0296733451758435e-01,  2.5280671205654494e+03,  2.6589243264290580e+01, -1.5001325271036658e+04,  1.0000159781603340e+01,  2.3949090175093328e+00,  2.0383289193386696e+00,  5.2791375913300038e-03,  1.7406333044984084e+00,  2.5057288521171721e-02,  2.7758322632433702e-01, -3.2297171897848534e-05,  9.7180754180709889e-03, -1.0670605023366041e-03,  0.0000000000000000e+00, -3.9362145456998290e-06, -8.4305846378229417e-03,  3.6357101584763081e-02,  0.0000000000000000e+00
 3.9960039960039961e+00,  6.3359051872552425e+02,  2.0176896010646191e-03,  2.7045458898977415e+01, -2.1316140939989004e-02,  9.3509228246682022e-02,  5.0296746949127213e-01,  2.5344000203181427e+03,  2.6767990720968385e+01, -1.5001323925782828e+04,  1.0000160589584400e+01,  2.3949565826463139e+00,  2.0434439428856943e+00,  5.2788147458423997e-03,  1.7407299674814822e+00,  2.5048442800908816e-02,  2.7758322632433702e-01, -3.2372360936619772e-05,  9.6340973759501802e-03, -7.1383158547745466e-04,  0.0000000000000000e+00, -1.1116631016158367e-05, -8.3818193948061916e-03,  3.4359327570442591e-02,  0.0000000000000000e+00
 4.0059940059940056e+00,  6.3358972719902010e+02,  2.0367097317291333e-03,  2.7047095359567024e+01, -2.1316514598512349e-02,  9.3481807665695651e-02,  5.0296759310628958e-01,  2.5407328971024776e+03,  2.6947300608075246e+01, -1.5001322569254036e+04,  1.0000161396039340e+01,  2.3950038780644367e+00,  2.0485589203416028e+00,  5.2784907909116897e-03,  1.7408257939564693e+00,  2.5043026151831512e-02,  2.7758322632433702e-01, -3.2520915071677144e-05,  9.5505994507516720e-03, -3.8450751369710360e-04,  0.0000000000000000e+00, -1.8623906822472525e-05, -8.3344652298924463e-03,  3.1571351599981354e-02,  0.0000000000000000e+00
 4.0159840159840163e+00,  6.3358893593689356e+02,  2.0557685488918429e-03,  2.7048717994340318e+01, -2.1316883522124158e-02,  9.3454320953540906e-02,  5.0296770074452779e-01,  2.5470657508636591e+03,  2.7127172942110622e+01, -1.5001321201556742e+04,  1.0000162200970156e+01,  2.3950509031096203e+00,  2.0536738514507684e+00,  5.2781649773094991e-03,  1.7409207886493294e+00,  2.5040760333102680e-02,  2.7758322632433702e-01, -3.2745134189900340e-05,  9.4675695929229524e-03, -8.6591356530376780e-05,  0.0000000000000000e+00, -2.6264760645955468e-05, -8.2881123073744057e-03,  2.8071463064795087e-02,  0.0000000000000000e+00
 4.0259740259740262e+00,  6.3358814493722434e+02,  2.0748685172608779e-03,  2.7050326897017769e+01, -2.1317245523384543e-02,  9.3426773622581963e-02,  5.0296778821338062e-01,  2.5533985815469268e+03,  2.7307607739398694e+01, -1.5001319822796404e+04,  1.0000163004399820e+01,  2.3950976571899787e+00,  2.0587887359237298e+00,  5.2778365424763270e-03,  1.7410149561860981e+00,  2.5041296054797938e-02,  2.7758322632433702e-01, -3.3045365489813876e-05,  9.3850003027989275e-03,  1.7327642106604410e-04,  0.0000000000000000e+00, -3.3841545596441178e-05, -8.2422595755392691e-03,  2.3954066010007252e-02,  0.0000000000000000e+00
 4.0359640359640361e+00,  6.3358735419809534e+02,  2.0940124876430532e-03,  2.7051922161338698e+01, -2.1317598557533061e-02,  9.3399171125808866e-02,  5.0296785183993120e-01,  2.5597313890975361e+03,  2.7488605016088954e+01, -1.5001318433077611e+04,  1.0000163806371239e+01,  2.3951441397743976e+00,  2.0639035734417508e+00,  5.2775047302467655e-03,  1.7411083011428918e+00,  2.5044222399457645e-02,  2.7758322632433702e-01, -3.3419996280488344e-05,  9.3028893100358528e-03,  3.8946566256046534e-04,  0.0000000000000000e+00, -4.1159538696587260e-05, -8.1963611756284589e-03,  1.9327020137176378e-02,  0.0000000000000000e+00
 4.0459540459540460e+00,  6.3358656371759650e+02,  2.1132036263786761e-03,  2.7053503881050382e+01, -2.1317940768533682e-02,  9.3371518858021668e-02,  5.0296788855146612e-01,  2.5660641734607866e+03,  2.7670164788156548e+01, -1.5001317032503863e+04,  1.0000164606945949e+01,  2.3951903503909731e+00,  2.0690183636622423e+00,  5.2771688102829107e-03,  1.7412008281003846e+00,  2.5049077586517428e-02,  2.7758322632433702e-01, -3.3856946849610520e-05,  9.2212394546907182e-03,  5.5891340068174513e-04,  0.0000000000000000e+00, -4.6317965241673154e-05, -8.1499398644677302e-03,  1.4596417034704229e-02,  0.0000000000000000e+00
 4.0559440559440558e+00,  6.3358577349382176e+02,  2.1324453382026189e-03,  2.7055072149895651e+01, -2.1318270530304655e-02,  9.3343822153973563e-02,  5.0296789594051960e-01,  2.5723969345820001e+03,  2.7852287071402881e+01, -1.5001315621177702e+04,  1.0000165406201994e+01,  2.3952362886253455e+00,  2.0741331062249144e+00,  5.2768282677722479e-03,  1.7412925416914371e+00,  2.5055389500370367e-02,  2.7758322632433702e-01, -3.4319843097495749e-05,  9.1400579059076233e-03,  6.8421587473802296e-04,  0.0000000000000000e+00, -4.6353863584951462e-05, -8.1026062019079817e-03,  1.0489138271362889e-02,  0.0000000000000000e+00
 4.0659340659340657e+00,  6.3358498352486902e+02,  2.1517412038151514e-03,  2.7056627061600977e+01, -2.1318586584258767e-02,  9.3316086282568239e-02,  5.0296787216994210e-01,  2.5787296724065236e+03,  2.8034971881455743e+01, -1.5001314199200702e+04,  1.0000166204231643e+01,  2.3952819541189623e+00,  2.0792478007579160e+00,  5.2764830991321116e-03,  1.7413834466399631e+00,  2.5062748233365340e-02,  2.7758322632433702e-01, -3.4856930151418697e-05,  9.0593594515090692e-03,  7.5477084355289094e-04,  0.0000000000000000e+00, -6.1170964610424535e-05, -8.0532243686827817e-03,  3.6359664853738427e-03,  0.0000000000000000e+00
 4.0759240759240756e+00,  6.3358419380884368e+02,  2.1710948858203343e-03,  2.7058168709862418e+01, -2.1318887883331188e-02,  9.3288316441213145e-02,  5.0296781621307485e-01,  2.5850623868797647e+03,  2.8218219233770082e+01, -1.5001312766673525e+04,  1.0000167001138124e+01,  2.3953273465673046e+00,  2.0843624468840258e+00,  5.2761318256113804e-03,  1.7414735478742844e+00,  2.5070469836904891e-02,  2.7758322632433702e-01, -3.5494056979403776e-05,  8.9791613883520027e-03,  7.6368334326473828e-04,  0.0000000000000000e+00, -6.6381826352498758e-05, -8.0024278752815689e-03, -1.8516840430550137e-03,  0.0000000000000000e+00
 4.0859140859140863e+00,  6.3358340434385912e+02,  2.1905100294802231e-03,  2.7059697188331320e+01, -2.1319173625567168e-02,  9.3260517747393398e-02,  5.0296772787509270e-01,  2.5913950779471243e+03,  2.8402029143627967e+01, -1.5001311323695774e+04,  1.0000167797034187e+01,  2.3953724657176148e+00,  2.0894770442291364e+00,  5.2757739271644911e-03,  1.7415628504639062e+00,  2.5078006641822179e-02,  2.7758322632433702e-01, -3.6177203459188153e-05,  8.8994801033460205e-03,  7.1837788697993803e-04,  0.0000000000000000e+00, -7.0384098900328894e-05, -7.9497653829152994e-03, -7.2184683051617071e-03,  0.0000000000000000e+00
 4.0959040959040962e+00,  6.3358261512802471e+02,  2.2099901829044687e-03,  2.7061212590598821e+01, -2.1319443331041629e-02,  9.3232695228671364e-02,  5.0296760771956817e-01,  2.5977277455540520e+03,  2.8586401626138702e+01, -1.5001309870366200e+04,  1.0000168592039413e+01,  2.3954173113667268e+00,  2.0945915924297513e+00,  5.2754090043634445e-03,  1.7416513596645611e+00,  2.5084823041439955e-02,  2.7758322632433702e-01, -3.6893994715032037e-05,  8.8203341100249882e-03,  6.2068769902524988e-04,  0.0000000000000000e+00, -7.3117510519290414e-05, -7.8952624800342087e-03, -1.2339107323372830e-02,  0.0000000000000000e+00
 4.1058941058941061e+00,  6.3358182615946691e+02,  2.2295387160609689e-03,  2.7062715010179119e+01, -2.1319696854411922e-02,  9.3204853813152008e-02,  5.0296745704521340e-01,  2.6040603896460239e+03,  2.8771336696239572e+01, -1.5001308406782553e+04,  1.0000169386277209e+01,  2.3954618833588097e+00,  2.0997060911402472e+00,  5.2750367844129420e-03,  1.7417390809156550e+00,  2.5090407994450056e-02,  2.7758322632433702e-01, -3.7631667615765486e-05,  8.7417409475939022e-03,  4.7365757358057892e-04,  0.0000000000000000e+00, -7.4564604207548590e-05, -7.8390886386692296e-03, -1.7096323790650649e-02,  0.0000000000000000e+00
 4.1158841158841160e+00,  6.3358103743630886e+02,  2.2491587450591839e-03,  2.7064204540492650e+01, -2.1319934388542145e-02,  9.3176998320803617e-02,  5.0296727784543482e-01,  2.6103930101685528e+03,  2.8956834368696036e+01, -1.5001306933041638e+04,  1.0000170179871777e+01,  2.3955061815831318e+00,  2.1048205400396944e+00,  5.2746571228926000e-03,  1.7418260198233542e+00,  2.5094286729223782e-02,  2.7758322632433702e-01, -3.8377471934061358e-05,  8.6637158528209534e-03,  2.8145093883669077e-04,  0.0000000000000000e+00, -7.4745420315286621e-05, -7.7815353348754902e-03, -2.1383444485076203e-02,  0.0000000000000000e+00
 4.1258741258741258e+00,  6.3358024895668655e+02,  2.2688530634326870e-03,  2.7065681274848995e+01, -2.1320156459016623e-02,  9.3149133456390767e-02,  5.0296707275193719e-01,  2.6167256070671847e+03,  2.9142894658102062e+01, -1.5001305449239388e+04,  1.0000170972944911e+01,  2.3955502059717793e+00,  2.1099349388382582e+00,  5.2742700017569168e-03,  1.7419121821314956e+00,  2.5096031389831408e-02,  2.7758322632433702e-01, -3.9119016468781182e-05,  8.5862707013020893e-03,  4.9232401035354202e-05,  0.0000000000000000e+00, -7.3711795535623203e-05, -7.7229839992011091e-03, -2.5106706782751918e-02,  0.0000000000000000e+00
 4.1358641358641357e+00,  6.3357946071873710e+02,  2.2886240819517275e-03,  2.7067145306429509e+01, -2.1320363909723129e-02,  9.3121263804618798e-02,  5.0296684496400090e-01,  2.6230581802874772e+03,  2.9329517578880758e+01, -1.5001303955470745e+04,  1.0000171765613013e+01,  2.3955939564974549e+00,  2.1150492872829387e+00,  5.2738755241619551e-03,  1.7419975736835200e+00,  2.5095270393580133e-02,  2.7758322632433702e-01, -3.9844198408331668e-05,  8.5094133200129037e-03, -2.1733152358151413e-04,  0.0000000000000000e+00, -7.1469628762386100e-05, -7.6638637348942764e-03, -2.8259390925545743e-02,  0.0000000000000000e+00
 4.1458541458541456e+00,  6.3357867272060696e+02,  2.3084737758880176e-03,  2.7068596728270904e+01, -2.1320557879939712e-02,  9.3093393827948040e-02,  5.0296659817845146e-01,  2.6293907297750411e+03,  2.9516703145284946e+01, -1.5001302451829726e+04,  1.0000172557984349e+01,  2.3956374331713608e+00,  2.1201635851626248e+00,  5.2734739138766305e-03,  1.7420822003796477e+00,  2.5091689101647961e-02,  2.7758322632433702e-01, -4.0542302514174822e-05,  8.4331471226690696e-03, -5.1140201131147020e-04,  0.0000000000000000e+00, -6.8290813227415420e-05, -7.6046289733414001e-03, -3.0613520717992157e-02,  0.0000000000000000e+00
 4.1558441558441555e+00,  6.3357788496045009e+02,  2.3284036406929906e-03,  2.7070035633249255e+01, -2.1320739773655319e-02,  9.3065527867221748e-02,  5.0296633652150979e-01,  2.6357232554754996e+03,  2.9704451371397536e+01, -1.5001300938409539e+04,  1.0000173350156224e+01,  2.3956806360412237e+00,  2.1252778323123662e+00,  5.2730654881476859e-03,  1.7421660681315254e+00,  2.5085052571176308e-02,  2.7758322632433702e-01, -4.1204326960565278e-05,  8.3574712262381584e-03, -8.2495346695490607e-04,  0.0000000000000000e+00, -6.4246480940315982e-05, -7.5456854920520249e-03, -3.2159480701828919e-02,  0.0000000000000000e+00
 4.1658341658341662e+00,  6.3357709743642226e+02,  2.3484146734614473e-03,  2.7071462114065152e+01, -2.1320911222587141e-02,  9.3037670144295315e-02,  5.0296606435508007e-01,  2.6420557573345168e+03,  2.9892762271133044e+01, -1.5001299415302321e+04,  1.0000174142212764e+01,  2.3957235651894582e+00,  2.1303920286166580e+00,  5.2726506506006951e-03,  1.7422491828217304e+00,  2.5075206514895615e-02,  2.7758322632433702e-01, -4.1821548435462773e-05,  8.2823810755882025e-03, -1.1504878397840933e-03,  0.0000000000000000e+00, -5.9321258334158363e-05, -7.4873626680687895e-03, -3.3012500738572238e-02,  0.0000000000000000e+00
 4.1758241758241761e+00,  6.3357631014669346e+02,  2.3685073585720364e-03,  2.7072876263230363e+01, -2.1321074044004601e-02,  9.3009824767693774e-02,  5.0296578621175891e-01,  2.6483882352977848e+03,  3.0081635858237515e+01, -1.5001297882599409e+04,  1.0000174934222954e+01,  2.3957662207317401e+00,  2.1355061740110424e+00,  5.2722298927743499e-03,  1.7423315502708978e+00,  2.5062065801150651e-02,  2.7758322632433702e-01, -4.2386301790068369e-05,  8.2078692502359617e-03, -1.4806304162039625e-03,  0.0000000000000000e+00, -5.3742363257506332e-05, -7.4299047675229742e-03, -3.3082043060673146e-02,  0.0000000000000000e+00
 4.1858141858141860e+00,  6.3357552308943639e+02,  2.3886816622377734e-03,  2.7074278173055230e+01, -2.1321230194207324e-02,  9.2981995739894727e-02,  5.0296550670018414e-01,  2.6547206893110251e+03,  3.0271072146290379e+01, -1.5001296340391318e+04,  1.0000175726238886e+01,  2.3958086028156824e+00,  2.1406202684831928e+00,  5.2718037714440504e-03,  1.7424131762133435e+00,  2.5045623489596835e-02,  2.7758322632433702e-01, -4.2892792843390633e-05,  8.1339265138456306e-03, -1.8076112499599963e-03,  0.0000000000000000e+00, -4.7657145617611307e-05, -7.3734310578216578e-03, -3.2379519857285585e-02,  0.0000000000000000e+00
 4.1958041958041958e+00,  6.3357473626283650e+02,  2.4089370411098168e-03,  2.7075667935637991e+01, -2.1321381719266629e-02,  9.2954186965634414e-02,  5.0296523039570407e-01,  2.6610531193199863e+03,  3.0461071148705059e+01, -1.5001294788767444e+04,  1.0000176518294822e+01,  2.3958507116198060e+00,  2.1457343120729409e+00,  5.2713728939163401e-03,  1.7424940662851605e+00,  2.5025949692260342e-02,  2.7758322632433702e-01, -4.3336721349904864e-05,  8.0605430730711636e-03, -2.1238651434315873e-03,  0.0000000000000000e+00, -4.1217341386538479e-05, -7.3179337852267790e-03, -3.0934509615727676e-02,  0.0000000000000000e+00
 4.2057942057942057e+00,  6.3357394966508036e+02,  2.4292724626883808e-03,  2.7077045642854795e+01, -2.1321530704393670e-02,  9.2926402260562160e-02,  5.0296496173358385e-01,  2.6673855252704498e+03,  3.0651632878730641e+01, -1.5001293227816559e+04,  1.0000177310406421e+01,  2.3958925473527755e+00,  2.1508483048712699e+00,  5.2709379028856107e-03,  1.7425742260249932e+00,  2.5003188621596204e-02,  2.7758322632433702e-01, -4.3715449378297178e-05,  7.9877098366064759e-03, -2.4224313983205715e-03,  0.0000000000000000e+00, -3.4604009897604318e-05, -7.2632801550038262e-03, -2.8838454613047682e-02,  0.0000000000000000e+00
 4.2157842157842156e+00,  6.3357316329437094e+02,  2.4496864368672793e-03,  2.7078411386351082e+01, -2.1321679223299847e-02,  9.2898645359492049e-02,  5.0296470490725420e-01,  2.6737179071082305e+03,  3.0842757349452484e+01, -1.5001291657626414e+04,  1.0000178102570469e+01,  2.3959341102528908e+00,  2.1559622470182900e+00,  5.2704994583643262e-03,  1.7426536608872905e+00,  2.4977549464521669e-02,  2.7758322632433702e-01, -4.4027802080627905e-05,  7.9154194957684644e-03, -2.6968065498162224e-03,  0.0000000000000000e+00, -2.7929001109007573e-05, -7.2092460807662018e-03, -2.6091450716382244e-02,  0.0000000000000000e+00
 4.2257742257742255e+00,  6.3357237714891642e+02,  2.4701770524725971e-03,  2.7079765257533278e+01, -2.1321829288859867e-02,  9.2870919923783310e-02,  5.0296446380366899e-01,  2.6800502647791704e+03,  3.1034444573794339e+01, -1.5001290078283921e+04,  1.0000178894765218e+01,  2.3959754005877976e+00,  2.1610761387003850e+00,  5.2700582265203634e-03,  1.7427323762646689e+00,  2.4949306372848628e-02,  2.7758322632433702e-01, -4.4273933257691275e-05,  7.8436674014389605e-03, -2.9409187218521161e-03,  0.0000000000000000e+00, -2.1346460539079412e-05, -7.1555232040005270e-03, -2.2779806125204249e-02,  0.0000000000000000e+00
 4.2357642357642353e+00,  6.3357159122693133e+02,  2.4907420292940206e-03,  2.7081107347561634e+01, -2.1321982806332226e-02,  9.2843229546724942e-02,  5.0296424189907851e-01,  2.6863825982291423e+03,  3.1226694564519590e+01, -1.5001288489875114e+04,  1.0000179686951068e+01,  2.3960164186544595e+00,  2.1661899801464708e+00,  5.2696148642932435e-03,  1.7428103775186878e+00,  2.4918789849699450e-02,  2.7758322632433702e-01, -4.4455006653469388e-05,  7.7724521059060253e-03, -3.1488166038596320e-03,  0.0000000000000000e+00, -1.4904433296093695e-05, -7.1017789616235989e-03, -1.8841349852727236e-02,  0.0000000000000000e+00
 4.2457542457542461e+00,  6.3357080552664399e+02,  2.5113787813943441e-03,  2.7082437747342237e+01, -2.1322141530068766e-02,  9.2815577756665407e-02,  5.0296404213298818e-01,  2.6927149074040476e+03,  3.1419507334232385e+01, -1.5001286892485186e+04,  1.0000180479071657e+01,  2.3960571647792719e+00,  2.1713037716234536e+00,  5.2691700145992152e-03,  1.7428876700130387e+00,  2.4886392954190092e-02,  2.7758322632433702e-01, -4.4574060315801673e-05,  7.7017757336283266e-03, -3.3162297672255079e-03,  0.0000000000000000e+00, -8.9301099028293206e-06, -7.0476307683710925e-03, -1.4674765453120043e-02,  0.0000000000000000e+00
 4.2557442557442560e+00,  6.3357002004629055e+02,  2.5320844847429155e-03,  2.7083756547519673e+01, -2.1322307025160893e-02,  9.2787968018537503e-02,  5.0296386687478811e-01,  2.6990471922497982e+03,  3.1612882895380295e+01, -1.5001285286198534e+04,  1.0000181271055299e+01,  2.3960976393184317e+00,  2.1764175134303994e+00,  5.2687242736775431e-03,  1.7429642591517274e+00,  2.4852531512691945e-02,  2.7758322632433702e-01, -4.4635927765557334e-05,  7.6316438208680172e-03, -3.4406846783677121e-03,  0.0000000000000000e+00, -3.4557535378566929e-06, -6.9927781663110273e-03, -1.0241107757518660e-02,  0.0000000000000000e+00
 4.2657342657342658e+00,  6.3356923478411488e+02,  2.5528561442964932e-03,  2.7085063838468837e+01, -2.1322480634185344e-02,  9.2760403733188598e-02,  5.0296371789356020e-01,  2.7053794527123769e+03,  3.1806821260255177e+01, -1.5001283671098603e+04,  1.0000182062816902e+01,  2.3961378426583293e+00,  2.1815312058927550e+00,  5.2682781878706326e-03,  1.7430401504090600e+00,  2.4817648005571357e-02,  2.7758322632433702e-01, -4.4646139352034997e-05,  7.5620646312317234e-03, -3.5200557473760172e-03,  0.0000000000000000e+00,  1.4113939250285402e-06, -6.9369755988751454e-03, -5.6489802579442515e-03,  0.0000000000000000e+00
 4.2757242757242757e+00,  6.3356844973837099e+02,  2.5736906659601733e-03,  2.7086359710287024e+01, -2.1322663450059873e-02,  9.2732888234744640e-02,  5.0296359632633547e-01,  2.7117116887377642e+03,  3.2001322440995210e+01, -1.5001282047268058e+04,  1.0000182854260038e+01,  2.3961777752159734e+00,  2.1866448493561386e+00,  5.2678322429212587e-03,  1.7431153493541496e+00,  2.4782200728528589e-02,  2.7758322632433702e-01, -4.4611220435534318e-05,  7.4930483982764123e-03, -3.5533103212759451e-03,  0.0000000000000000e+00,  5.5793731584069177e-06, -6.8800742387782618e-03, -1.0085854368213896e-03,  0.0000000000000000e+00
 4.2857142857142856e+00,  6.3356766490732161e+02,  2.5945849296767315e-03,  2.7087644252784212e+01, -2.1322856295502929e-02,  9.2705424786573717e-02,  5.0296350266177492e-01,  2.7180439002719695e+03,  3.2196386449586832e+01, -1.5001280414788747e+04,  1.0000183645279265e+01,  2.3962174374394207e+00,  2.1917584441799054e+00,  5.2673868547949976e-03,  1.7431898616657688e+00,  2.4746652794357053e-02,  2.7758322632433702e-01, -4.4538532483016359e-05,  7.4246062692413378e-03, -3.5405116235990709e-03,  0.0000000000000000e+00,  8.9727549356894471e-06, -6.8220399940437521e-03,  3.5708847117316709e-03,  0.0000000000000000e+00
 4.2957042957042955e+00,  6.3356688028924304e+02,  2.6155358619072365e-03,  2.7088917555474037e+01, -2.1323059709402271e-02,  9.2678016576437539e-02,  5.0296343673934907e-01,  2.7243760872610510e+03,  3.2392013297866292e+01, -1.5001278773741682e+04,  1.0000184435762669e+01,  2.3962568298082005e+00,  2.1968719907306284e+00,  5.2669423621523673e-03,  1.7432636931357528e+00,  2.4711461235549587e-02,  2.7758322632433702e-01, -4.4436103279176308e-05,  7.3567491237789351e-03, -3.4827961161290034e-03,  0.0000000000000000e+00,  1.1533571673088714e-05, -6.7629605275294795e-03,  7.9837598837759136e-03,  0.0000000000000000e+00
 4.3056943056943053e+00,  6.3356609588241190e+02,  2.6365405058130084e-03,  2.7090179707563511e+01, -2.1323273940218292e-02,  9.2650666711484739e-02,  5.0296339776377308e-01,  2.7307082496510798e+03,  3.2588202997521655e+01, -1.5001277124207074e+04,  1.0000185225594533e+01,  2.3962959528336496e+00,  2.2019854893756277e+00,  5.2664990205636454e-03,  1.7433368496602499e+00,  2.4677066458370461e-02,  2.7758322632433702e-01, -4.4308022542475350e-05,  7.2894862724387881e-03, -3.3823958607263659e-03,  0.0000000000000000e+00,  1.4108191814047912e-05, -6.7030623107026269e-03,  1.2116371247801195e-02,  0.0000000000000000e+00
 4.3156843156843161e+00,  6.3356531168512367e+02,  2.6575960875348014e-03,  2.7091430797943129e+01, -2.1323498946368463e-02,  9.2623378213751148e-02,  5.0296338433405985e-01,  2.7370403873881596e+03,  3.2784955560094296e+01, -1.5001275466264253e+04,  1.0000186014657881e+01,  2.3963348070591826e+00,  2.2070989404766999e+00,  5.2660570869766934e-03,  1.7434093372171202e+00,  2.4643880898671935e-02,  2.7758322632433702e-01, -4.4150534239815481e-05,  7.2228242633526306e-03, -3.2426230739996081e-03,  0.0000000000000000e+00,  1.7420966378456715e-05, -6.6426719083457816e-03,  1.5866140654894757e-02,  0.0000000000000000e+00
 4.3256743256743260e+00,  6.3356452769567693e+02,  2.6787000756020637e-03,  2.7092670915176718e+01, -2.1323734500222603e-02,  9.2596154017711582e-02,  5.0296339449463612e-01,  2.7433725004184362e+03,  3.2982270996980837e+01, -1.5001273799991804e+04,  1.0000186802836803e+01,  2.3963733930604425e+00,  2.2122123443842487e+00,  5.2656168920074053e-03,  1.7434811618333439e+00,  2.4612278784564273e-02,  2.7758322632433702e-01, -4.4003080495194717e-05,  7.1567672955486546e-03, -3.0670676992637790e-03,  0.0000000000000000e+00,  1.2099273295012682e-05, -6.5819330460738911e-03,  1.9280045367246122e-02,  0.0000000000000000e+00
 4.3356643356643358e+00,  6.3356374391238103e+02,  2.6998502365848964e-03,  2.7093900147490732e+01, -2.1323980012498262e-02,  9.2568996966779282e-02,  5.0296342577489661e-01,  2.7497045886880505e+03,  3.3180149319434840e+01, -1.5001272125467491e+04,  1.0000187590018660e+01,  2.3964117114453498e+00,  2.2173257014318679e+00,  5.2651779045492170e-03,  1.7435523295706776e+00,  2.4582600824760572e-02,  2.7758322632433702e-01, -4.3887377168987057e-05,  7.0913151710199785e-03, -2.8604246953480195e-03,  0.0000000000000000e+00,  1.1064532611761008e-05, -6.5215822845672358e-03,  2.2089884016689404e-02,  0.0000000000000000e+00
 4.3456543456543457e+00,  6.3356296033355761e+02,  2.7210446820327659e-03,  2.7095118582765600e+01, -2.1324234583022433e-02,  9.2541909813780021e-02,  5.0296347526022644e-01,  2.7560366521432197e+03,  3.3378590538568204e+01, -1.5001270442768289e+04,  1.0000188376097537e+01,  2.3964497628540462e+00,  2.2224390119314368e+00,  5.2647400213346983e-03,  1.7436228464521455e+00,  2.4555127441999877e-02,  2.7758322632433702e-01, -4.3785368354991727e-05,  7.0264624878760657e-03, -2.6285325601059948e-03,  0.0000000000000000e+00,  9.3576319501035176e-06, -6.4619248808442959e-03,  2.4334921458764508e-02,  0.0000000000000000e+00
 4.3556443556443556e+00,  6.3356217695753469e+02,  2.7422819050640099e-03,  2.7096326308526265e+01, -2.1324497091040014e-02,  9.2514895223791915e-02,  5.0296353967297647e-01,  2.7623686907301276e+03,  3.3577594665353082e+01, -1.5001268751970421e+04,  1.0000189160976740e+01,  2.3964875479587140e+00,  2.2275522761689883e+00,  5.2643030720146517e-03,  1.7436927184315743e+00,  2.4530082691691522e-02,  2.7758322632433702e-01, -4.3703680360941025e-05,  6.9622003417926489e-03, -2.3772392128853584e-03,  0.0000000000000000e+00,  6.9963044588473143e-06, -6.4033567650558570e-03,  2.5974006654807456e-02,  0.0000000000000000e+00
 4.3656343656343655e+00,  6.3356139378265152e+02,  2.7635608079866450e-03,  2.7097523411935146e+01, -2.1324766228769203e-02,  9.2487955778437783e-02,  5.0296361545460944e-01,  2.7687007043950553e+03,  3.3777161710622934e+01, -1.5001267053149262e+04,  1.0000189944570550e+01,  2.3965250674632919e+00,  2.2326654944013864e+00,  5.2638668209278863e-03,  1.7437619513540794e+00,  2.4507630155029141e-02,  2.7758322632433702e-01, -4.3648692466848598e-05,  6.8985162019650353e-03, -2.1127290244072183e-03,  0.0000000000000000e+00,  4.0122719384563256e-06, -6.3462080284326303e-03,  2.6980933078516806e-02,  0.0000000000000000e+00
 4.3756243756243753e+00,  6.3356061080725749e+02,  2.7848807199711534e-03,  2.7098709979785291e+01, -2.1325040537460222e-02,  9.2461093981930809e-02,  5.0296369885281689e-01,  2.7750326930842548e+03,  3.3977291685074086e+01, -1.5001265346379465e+04,  1.0000190726805958e+01,  2.3965623221030787e+00,  2.2377786668538482e+00,  5.2634309702670624e-03,  1.7438305509231220e+00,  2.4487870323571498e-02,  2.7758322632433702e-01, -4.3626383477975183e-05,  6.8353947141797343e-03, -1.8413716579084849e-03,  0.0000000000000000e+00,  4.5398763400232420e-07, -6.2907138261847949e-03,  2.7344811694530270e-02,  0.0000000000000000e+00
 4.3856143856143852e+00,  6.3355982802971209e+02,  2.8062414045572962e-03,  2.7099886098494977e+01, -2.1325318445120992e-02,  9.2434312268450752e-02,  5.0296378601147451e-01,  2.7813646567440364e+03,  3.4177984599267297e+01, -1.5001263631734890e+04,  1.0000191507623882e+01,  2.3965993126442804e+00,  2.2428917937183468e+00,  5.2629951649143403e-03,  1.7438985226770400e+00,  2.4470839512513488e-02,  2.7758322632433702e-01, -4.3642157831170686e-05,  6.7728187468899187e-03, -1.5695690377392011e-03,  0.0000000000000000e+00, -3.6120131441308921e-06, -6.2369948251754844e-03,  2.7070072863344580e-02,  0.0000000000000000e+00
 4.3956043956043960e+00,  6.3355904544838495e+02,  2.8276430570168794e-03,  2.7101051854103414e+01, -2.1325598305146073e-02,  9.2407613010275752e-02,  5.0296387306127699e-01,  2.7876965953207332e+03,  3.4379240463628321e+01, -1.5001261909288640e+04,  1.0000192286979969e+01,  2.3966360398834747e+00,  2.2480048751529340e+00,  5.2625589990816244e-03,  1.7439658719770059e+00,  2.4456510302837447e-02,  2.7758322632433702e-01, -4.3700665855699989e-05,  6.7107705847218608e-03, -1.3036041819373251e-03,  0.0000000000000000e+00, -8.1012933666350898e-06, -6.1850472408693504e-03,  2.6176091268189275e-02,  0.0000000000000000e+00
 4.4055944055944058e+00,  6.3355826306165989e+02,  2.8490862918297477e-03,  2.7102207332267501e+01, -2.1325878435133835e-02,  9.2380998526033306e-02,  5.0296395620894241e-01,  2.7940285087607031e+03,  3.4581059288449453e+01, -1.5001260179113056e+04,  1.0000193064845311e+01,  2.3966725046469466e+00,  2.2531179112819277e+00,  5.2621220247374033e-03,  1.7440326040074041e+00,  2.4444793474912341e-02,  2.7758322632433702e-01, -4.3805633411055728e-05,  6.6492331629757206e-03, -1.0494956350503304e-03,  0.0000000000000000e+00, -1.2913211215194467e-05, -6.1347445927673076e-03,  2.4696439818596920e-02,  0.0000000000000000e+00
 4.4155844155844157e+00,  6.3355748086792607e+02,  2.8705721207546711e-03,  2.7103352618259393e+01, -2.1326157155220727e-02,  9.2354471088404388e-02,  5.0296403182293981e-01,  2.8003603970103231e+03,  3.4783441083890480e+01, -1.5001258441279777e+04,  1.0000193841206610e+01,  2.3967087077900198e+00,  2.2582309021970133e+00,  5.2616837616508341e-03,  1.7440987237884540e+00,  2.4435541359080198e-02,  2.7758322632433702e-01, -4.3959715159583121e-05,  6.5881912348366590e-03, -8.1286111060912484e-04,  0.0000000000000000e+00, -1.7933954839989328e-05, -6.0858494206729122e-03,  2.2677791974532974e-02,  0.0000000000000000e+00
 4.4255744255744256e+00,  6.3355669886558837e+02,  2.8921019221861844e-03,  2.7104487796964609e+01, -2.1326432825281367e-02,  9.2328032930667728e-02,  5.0296409651379725e-01,  2.8066922600160201e+03,  3.4986385859979436e+01, -1.5001256695859624e+04,  1.0000194616065995e+01,  2.3967446501962804e+00,  2.2633438479591756e+00,  5.2612437087501988e-03,  1.7441642361999083e+00,  2.4428552493681390e-02,  2.7758322632433702e-01, -4.4164383332493744e-05,  6.5276323694535938e-03, -5.9879368848762859e-04,  0.0000000000000000e+00, -2.3040613376718388e-05, -6.0380354290169129e-03,  2.0178505934191068e-02,  0.0000000000000000e+00
 4.4355644355644355e+00,  6.3355591705306290e+02,  2.9136774026780857e-03,  2.7105612952880310e+01, -2.1326703880361161e-02,  9.2301686251565623e-02,  5.0296414720724036e-01,  2.8130240977242238e+03,  3.5189893626613433e+01, -1.5001254942922727e+04,  1.0000195389440595e+01,  2.3967803327767250e+00,  2.2684567486013592e+00,  5.2608013563894456e-03,  1.7442291460136179e+00,  2.4423577449220305e-02,  2.7758322632433702e-01, -4.4419860450394146e-05,  6.4675476954755146e-03, -4.1175351465119048e-04,  0.0000000000000000e+00, -2.8105905626942883e-05, -5.9909163013945905e-03,  1.7266936867864287e-02,  0.0000000000000000e+00
 4.4455544455544453e+00,  6.3355513542877475e+02,  2.9353005516795346e-03,  2.7106728170113687e+01, -2.1326968863721398e-02,  9.2275433218121969e-02,  5.0296418120858355e-01,  2.8193559100814009e+03,  3.5393964393559763e+01, -1.5001253182538518e+04,  1.0000196161361705e+01,  2.3968157564688415e+00,  2.2735696041318612e+00,  5.2603561990508902e-03,  1.7442934579320857e+00,  2.4420325650231816e-02,  2.7758322632433702e-01, -4.4715153590639591e-05,  6.4079319737885467e-03, -2.5389646673161498e-04,  0.0000000000000000e+00, -3.1011781050194998e-05, -5.9441511803365790e-03,  1.4336044125635092e-02,  0.0000000000000000e+00
 4.4555444555444552e+00,  6.3355435399116050e+02,  2.9569735906669835e-03,  2.7107833532380116e+01, -2.1327226456895877e-02,  9.2249275966225633e-02,  5.0296419625706446e-01,  2.8256876970340568e+03,  3.5598598170455737e+01, -1.5001251414775590e+04,  1.0000196931873885e+01,  2.3968509222355792e+00,  2.2786824145382796e+00,  5.2599079467272949e-03,  1.7443571766224848e+00,  2.4418504592742151e-02,  2.7758322632433702e-01, -4.5011912662441383e-05,  6.3487831541495475e-03, -1.2168214906443951e-04,  0.0000000000000000e+00, -2.8399385124524557e-05, -5.8974425113912706e-03,  1.2133262271333746e-02,  0.0000000000000000e+00
 4.4655344655344651e+00,  6.3355357273867219e+02,  2.9786989393981479e-03,  2.7108929123000603e+01, -2.1327475630098413e-02,  9.2223216597892635e-02,  5.0296419041041551e-01,  2.8320194585286995e+03,  3.5803794966810486e+01, -1.5001249639701959e+04,  1.0000197701032915e+01,  2.3968858310643393e+00,  2.2837951797913600e+00,  5.2594568601365558e-03,  1.7444203067463544e+00,  2.4417894438462297e-02,  2.7758322632433702e-01, -4.5370593354458003e-05,  6.2901064848850654e-03, -2.6641693167783919e-05,  0.0000000000000000e+00, -4.3408489417604020e-05, -5.8496266753016359e-03,  6.8938369991760739e-03,  0.0000000000000000e+00
 4.4755244755244759e+00,  6.3355279166976800e+02,  3.0004791471566149e-03,  2.7110015024898367e+01, -2.1327715441575919e-02,  9.2197257178845249e-02,  5.0296416230756036e-01,  2.8383511945118903e+03,  3.6009554792004735e+01, -1.5001247857384840e+04,  1.0000198468903712e+01,  2.3969204839659701e+00,  2.2889078998488230e+00,  5.2590014413655675e-03,  1.7444828530757293e+00,  2.4417972291180357e-02,  2.7758322632433702e-01, -4.5826253611634600e-05,  6.2319094975899891e-03,  2.3156890236887310e-05,  0.0000000000000000e+00, -4.7814694069147303e-05, -5.8014101811722689e-03,  3.0758393984387788e-03,  0.0000000000000000e+00
 4.4855144855144857e+00,  6.3355201078292077e+02,  3.0223168172748924e-03,  2.7111091320595101e+01, -2.1327945069543296e-02,  9.2171399733514972e-02,  5.0296411119817452e-01,  2.8446829049302055e+03,  3.6215877655291770e+01, -1.5001246067890801e+04,  1.0000199235559952e+01,  2.3969548819732394e+00,  2.2940205746617011e+00,  5.2585412506737858e-03,  1.7445448204226299e+00,  2.4418357113591905e-02,  2.7758322632433702e-01, -4.6321705623156489e-05,  6.1741989601837681e-03,  3.4843824105919355e-05,  0.0000000000000000e+00, -5.1374798637123969e-05, -5.7522394076081401e-03, -7.3611523785901598e-04,  0.0000000000000000e+00
 4.4955044955044956e+00,  6.3355123007661598e+02,  3.0442145513534546e-03,  2.7112158092206126e+01, -2.1328163901201121e-02,  9.2145646238192519e-02,  5.0296403687458202e-01,  2.8510145897302300e+03,  3.6422763565797752e+01, -1.5001244271285645e+04,  1.0000200001082595e+01,  2.3969890261394102e+00,  2.2991332041797934e+00,  5.2580759327617082e-03,  1.7446062136943143e+00,  2.4418668471482174e-02,  2.7758322632433702e-01, -4.6848229465326565e-05,  6.1169848417696173e-03,  8.9178069945915205e-06,  0.0000000000000000e+00, -5.4035274565327343e-05, -5.7020270989050726e-03, -4.4542733878288766e-03,  0.0000000000000000e+00
 4.5054945054945055e+00,  6.3355044954934965e+02,  3.0661748896292982e-03,  2.7113215421434855e+01, -2.1328371548573068e-02,  9.2119998614065959e-02,  5.0296393966608743e-01,  2.8573462488586119e+03,  3.6630212532522108e+01, -1.5001242467634511e+04,  1.0000200765557853e+01,  2.3970229175368245e+00,  2.3042457883569152e+00,  5.2576052221130400e-03,  1.7446670379019860e+00,  2.4418535291553835e-02,  2.7758322632433702e-01, -4.7396751946489204e-05,  6.0602774445848310e-03, -5.3267100278529401e-05,  0.0000000000000000e+00, -5.5778926163433693e-05, -5.6507938174892173e-03, -7.9951450482500762e-03,  0.0000000000000000e+00
 4.5154845154845153e+00,  6.3354966919962590e+02,  3.0882002538995174e-03,  2.7114263389566378e+01, -2.1328567858125300e-02,  9.2094458720350353e-02,  5.0296382042098375e-01,  2.8636778822619995e+03,  3.6838224564338617e+01, -1.5001240657001892e+04,  1.0000201529075129e+01,  2.3970565572553904e+00,  2.3093583271559552e+00,  5.2571289447108293e-03,  1.7447272981587416e+00,  2.4417604193754331e-02,  2.7758322632433702e-01, -4.7958182454403952e-05,  6.0040863595353577e-03, -1.4955316217694204e-04,  0.0000000000000000e+00, -5.6619461521100153e-05, -5.5986614094155184e-03, -1.1281324543812357e-02,  0.0000000000000000e+00
 4.5254745254745252e+00,  6.3354888902596349e+02,  3.1102928942710797e-03,  2.7115302077460928e+01, -2.1328752913765309e-02,  9.2069028348123569e-02,  5.0296368047691964e-01,  2.8700094898870743e+03,  3.7046799669995387e+01, -1.5001238839451531e+04,  1.0000202291724845e+01,  2.3970899464010529e+00,  2.3144708205537960e+00,  5.2566470166693956e-03,  1.7447869996674112e+00,  2.4415547216385464e-02,  2.7758322632433702e-01, -4.8523692286560125e-05,  5.9484195339208372e-03, -2.7704787799505149e-04,  0.0000000000000000e+00, -5.6595606876566493e-05, -5.5458370786116151e-03, -1.4243117562973450e-02,  0.0000000000000000e+00
 4.5354645354645351e+00,  6.3354810902689189e+02,  3.1324548408903185e-03,  2.7116331565546794e+01, -2.1328927033133285e-02,  9.2043709215399810e-02,  5.0296352162056934e-01,  2.8763410716805411e+03,  3.7255937858115786e+01, -1.5001237015046565e+04,  1.0000203053596133e+01,  2.3971230860943158e+00,  2.3195832685457720e+00,  5.2561594403694395e-03,  1.7448461476998789e+00,  2.4412068771616568e-02,  2.7758322632433702e-01, -4.9084935763902705e-05,  5.8932825361540384e-03, -4.3220805346228089e-04,  0.0000000000000000e+00, -5.5765337287852195e-05, -5.4925898742486864e-03, -1.6819949565568593e-02,  0.0000000000000000e+00
 4.5454545454545459e+00,  6.3354732920095046e+02,  3.1546878616640532e-03,  2.7117351933813627e+01, -2.1329090757392359e-02,  9.2018502963860022e-02,  5.0296334603778126e-01,  2.8826726275891415e+03,  3.7465639137199069e+01, -1.5001235183849427e+04,  1.0000203814775027e+01,  2.3971559774687456e+00,  2.3246956711497502e+00,  5.2556662986721148e-03,  1.7449047475702315e+00,  2.4406911690841762e-02,  2.7758322632433702e-01, -4.9634216451522355e-05,  5.8386780747435385e-03, -6.1093674732527335e-04,  0.0000000000000000e+00, -5.4200656373597919e-05, -5.4392233001329428e-03, -1.8961534945801328e-02,  0.0000000000000000e+00
 4.5554445554445557e+00,  6.3354654954669127e+02,  3.1769934268214709e-03,  2.7118363261805822e+01, -2.1329244834979846e-02,  9.1993411157492225e-02,  5.0296315625557497e-01,  2.8890041575596356e+03,  3.7675903515620952e+01, -1.5001233345921863e+04,  1.0000204575342092e+01,  2.3971886216695708e+00,  2.3298080284096279e+00,  5.2551677477330454e-03,  1.7449628046044692e+00,  2.4399862243198480e-02,  2.7758322632433702e-01, -5.0164605260897049e-05,  5.7846058062873580e-03, -8.0869061615700772e-04,  0.0000000000000000e+00, -5.1983183262769564e-05, -5.3860448448460859e-03, -2.0628789594305214e-02,  0.0000000000000000e+00
 4.5654345654345656e+00,  6.3354577006267732e+02,  3.1993726809871384e-03,  2.7119365628616489e+01, -2.1329390199994015e-02,  9.1968435283230635e-02,  5.0296295507752820e-01,  2.8953356615387975e+03,  3.7886731001634672e+01, -1.5001231501325015e+04,  1.0000205335370801e+01,  2.3972210198523838e+00,  2.3349203403982606e+00,  5.2546640088567123e-03,  1.7450203241098177e+00,  2.4390754036173291e-02,  2.7758322632433702e-01, -5.0670018985424812e-05,  5.7310624416942128e-03, -1.0205950219942838e-03,  0.0000000000000000e+00, -4.9200644387691112e-05, -5.3333367467017726e-03, -2.1794472454317947e-02,  0.0000000000000000e+00
 4.5754245754245755e+00,  6.3354499074748480e+02,  3.2218264232455919e-03,  2.7120359112882095e+01, -2.1329527946050780e-02,  9.1943576753498152e-02,  5.0296274551419728e-01,  2.9016671394734581e+03,  3.8098121603371311e+01, -1.5001229650119407e+04,  1.0000206094925840e+01,  2.3972531731819813e+00,  2.3400326072197166e+00,  5.2541553597413287e-03,  1.7450773113465610e+00,  2.4379470734267526e-02,  2.7758322632433702e-01, -5.1145268134171420e-05,  5.6780421267608730e-03, -1.2415641399833863e-03,  0.0000000000000000e+00, -4.5944235191379846e-05, -5.2813303029528589e-03, -2.2443544967100926e-02,  0.0000000000000000e+00
 4.5854145854145854e+00,  6.3354421159969684e+02,  3.2443550954813962e-03,  2.7121343792778266e+01, -2.1329659296549681e-02,  9.1918836910396387e-02,  5.0296253071029373e-01,  2.9079985913104406e+03,  3.8310075328841421e+01, -1.5001227792364774e+04,  1.0000206854061702e+01,  2.3972850828313685e+00,  2.3451448290107972e+00,  5.2536421253775081e-03,  1.7451337715049577e+00,  2.4365947559849947e-02,  2.7758322632433702e-01, -5.1586082083025907e-05,  5.6255370512150894e-03, -1.4664232146221123e-03,  0.0000000000000000e+00, -4.2306717369290359e-05, -5.2301858213132284e-03, -2.2573241775572531e-02,  0.0000000000000000e+00
 4.5954045954045952e+00,  6.3354343261791189e+02,  3.2669587790802842e-03,  2.7122319746015961e+01, -2.1329785572348835e-02,  9.1894217031149250e-02,  5.0296231387038848e-01,  2.9143300169966174e+03,  3.8522592185935061e+01, -1.5001225928120359e+04,  1.0000207612821580e+01,  2.3973167499808863e+00,  2.3502570059419368e+00,  5.2531246687906189e-03,  1.7451897096892426e+00,  2.4350171569140211e-02,  2.7758322632433702e-01, -5.1989117970144097e-05,  5.5735382223260337e-03, -1.6900300757593607e-03,  0.0000000000000000e+00, -3.8381067231771607e-05, -5.1799797222758124e-03, -2.2192851824105096e-02,  0.0000000000000000e+00
 4.6053946053946051e+00,  6.3354265380074003e+02,  3.2896371998812199e-03,  2.7123287049838972e+01, -2.1329908157862225e-02,  9.1869718334316203e-02,  5.0296209818488558e-01,  2.9206614164788743e+03,  3.8735672182423720e+01, -1.5001224057444773e+04,  1.0000208371236596e+01,  2.3973481758175956e+00,  2.3553691382172572e+00,  5.2526033817617210e-03,  1.7452451309099992e+00,  2.4332180725169440e-02,  2.7758322632433702e-01, -5.2351957832311906e-05,  5.5220363200418985e-03, -1.9073930537096633e-03,  0.0000000000000000e+00, -3.4259473174225217e-05, -5.1307011150081624e-03, -2.1323216361545980e-02,  0.0000000000000000e+00
 4.6153846153846150e+00,  6.3354187514680405e+02,  3.3123897410814920e-03,  2.7124245781022104e+01, -2.1330028466570127e-02,  9.1845341986232398e-02,  5.0296188675795783e-01,  2.9269927897041189e+03,  3.8949315325960754e+01, -1.5001222180395867e+04,  1.0000209129325359e+01,  2.3973793615348202e+00,  2.3604812260739978e+00,  5.2520786756271361e-03,  1.7453000400852474e+00,  2.4312061817817341e-02,  2.7758322632433702e-01, -5.2673096577582393e-05,  5.4710225470039993e-03, -2.1137825392200786e-03,  0.0000000000000000e+00, -3.0032503629393109e-05, -5.0822562471303269e-03, -1.9995958637656710e-02,  0.0000000000000000e+00
 4.6253746253746257e+00,  6.3354109665473379e+02,  3.3352154636195467e-03,  2.7125196015869957e+01, -2.1330147906883156e-02,  9.1821089107149159e-02,  5.0296168253909312e-01,  2.9333241366192970e+03,  3.9163521624083117e+01, -1.5001220297030994e+04,  1.0000209887093627e+01,  2.3974103083318572e+00,  2.3655932697812663e+00,  5.2515509722396913e-03,  1.7453544420497995e+00,  2.4289947307802404e-02,  2.7758322632433702e-01, -5.2951921851529785e-05,  5.4204893930672295e-03, -2.3048336257936045e-03,  0.0000000000000000e+00, -2.5788316214872237e-05, -5.0344811710106609e-03, -1.8252468894361936e-02,  0.0000000000000000e+00
 4.6353646353646356e+00,  6.3354031832317662e+02,  3.3581131333993556e-03,  2.7126137830216251e+01, -2.1330267849228136e-02,  9.1796960776585140e-02,  5.0296148825971565e-01,  2.9396554571713782e+03,  3.9378291084211824e+01, -1.5001218407406886e+04,  1.0000210644534707e+01,  2.3974410174138931e+00,  2.3707052696380901e+00,  5.2510206951705621e-03,  1.7454083415716224e+00,  2.4266011195923361e-02,  2.7758322632433702e-01, -5.3188685754674908e-05,  5.3704312386416552e-03, -2.4766375485161577e-03,  0.0000000000000000e+00, -2.1611817194308750e-05, -4.9871613450370575e-03, -1.6142676434671464e-02,  0.0000000000000000e+00
 4.6453546453546455e+00,  6.3353954015078909e+02,  3.3810812545768880e-03,  2.7127071299423356e+01, -2.1330389595132778e-02,  9.1772958037508123e-02,  5.0296130637623382e-01,  2.9459867513073450e+03,  3.9593623713654146e+01, -1.5001216511579578e+04,  1.0000211401629603e+01,  2.3974714899920415e+00,  2.3758172259709189e+00,  5.2504882612356019e-03,  1.7454617433732489e+00,  2.4240464040099784e-02,  2.7758322632433702e-01, -5.3384467795843988e-05,  5.3208447377802231e-03, -2.6258199857812775e-03,  0.0000000000000000e+00, -1.7583747447741044e-05, -4.9400561274217745e-03, -1.3723647505805852e-02,  0.0000000000000000e+00
 4.6553446553446554e+00,  6.3353876213623948e+02,  3.4041181080083768e-03,  2.7127996498382050e+01, -2.1330514348987129e-02,  9.1749081899083165e-02,  5.0296113902067607e-01,  2.9523180189742075e+03,  3.9809519519604187e+01, -1.5001214609604660e+04,  1.0000212158347951e+01,  2.3975017272835277e+00,  2.3809291391306395e+00,  5.2499540724373784e-03,  1.7455146521557938e+00,  2.4213547260143516e-02,  2.7758322632433702e-01, -5.3541128390003511e-05,  5.2717289501063198e-03, -2.7496047011649036e-03,  0.0000000000000000e+00, -1.3779703502996209e-05, -4.8929245648939258e-03, -1.1058052513996336e-02,  0.0000000000000000e+00
 4.6653346653346652e+00,  6.3353798427820880e+02,  3.4272217938625419e-03,  2.7128913501511189e+01, -2.1330643193051980e-02,  9.1725333337880480e-02,  5.0296098795986421e-01,  2.9586492601190084e+03,  4.0025978509144544e+01, -1.5001212701536966e+04,  1.0000212914648918e+01,  2.3975317305119668e+00,  2.3860410094890669e+00,  5.2494185084206169e-03,  1.7455670726230013e+00,  2.4185526883233353e-02,  2.7758322632433702e-01, -5.3661252428395074e-05,  5.2230852099310939e-03, -2.8458614486679317e-03,  0.0000000000000000e+00, -1.0269128982995008e-05, -4.8455522181863218e-03, -8.2125483361101086e-03,  0.0000000000000000e+00
 4.6753246753246751e+00,  6.3353720657538804e+02,  3.4503902773280011e-03,  2.7129822382756561e+01, -2.1330777066171036e-02,  9.1701713297587722e-02,  5.0296085456386197e-01,  2.9649804746888208e+03,  4.0243000689247836e+01, -1.5001210787430822e+04,  1.0000213670482253e+01,  2.3975615009077011e+00,  2.3911528374351612e+00,  5.2488819195417062e-03,  1.7456190095026456e+00,  2.4156686891538763e-02,  2.7758322632433702e-01, -5.3748082860313928e-05,  5.1749167481781313e-03, -2.9131375211335912e-03,  0.0000000000000000e+00, -7.1143234871603933e-06, -4.7977738247569103e-03, -5.2561213715151631e-03,  0.0000000000000000e+00
 4.6853146853146850e+00,  6.3353642902648346e+02,  3.4736214363016451e-03,  2.7130723215590255e+01, -2.1330916746531443e-02,  9.1678222687417099e-02,  5.0296073978419154e-01,  2.9713116626307124e+03,  4.0460586066777786e+01, -1.5001208867339947e+04,  1.0000214425789872e+01,  2.3975910397081712e+00,  2.3962646233709428e+00,  5.2483446206511800e-03,  1.7456704675630248e+00,  2.4127322337356559e-02,  2.7758322632433702e-01, -5.3805444668361950e-05,  5.1272281044545936e-03, -2.9506727644508287e-03,  0.0000000000000000e+00, -4.3695104845319415e-06, -4.7494926486494060e-03, -2.2584343406218824e-03,  0.0000000000000000e+00
 4.6953046953046957e+00,  6.3353565163020778e+02,  3.4969131099269355e-03,  2.7131616073008772e+01, -2.1331062838703025e-02,  9.1654862379525914e-02,  5.0296064414207475e-01,  2.9776428238918129e+03,  4.0678734648490909e+01, -1.5001206941317490e+04,  1.0000215180507137e+01,  2.3976203481583060e+00,  2.4013763677072442e+00,  5.2478068856821984e-03,  1.7457214516226147e+00,  2.4097732390750533e-02,  2.7758322632433702e-01, -5.3837659989425341e-05,  5.0800243901937383e-03, -2.9583982897545377e-03,  0.0000000000000000e+00, -2.0799967923589643e-06, -4.7006909463735910e-03,  7.1178417481938111e-04,  0.0000000000000000e+00
 4.7052947052947056e+00,  6.3353487438528919e+02,  3.5202631468595198e-03,  2.7132501027531188e+01, -2.1331215765077214e-02,  9.1631633205851520e-02,  5.0296056772672215e-01,  2.9839739584192394e+03,  4.0897446441037829e+01, -1.5001205009416055e+04,  1.0000215934564652e+01,  2.3976494275109164e+00,  2.4064880708593748e+00,  5.2472689431289138e-03,  1.7457719665518399e+00,  2.4068213480418404e-02,  2.7758322632433702e-01, -5.3849455372123316e-05,  5.0333104730907498e-03, -2.9369194799684839e-03,  0.0000000000000000e+00, -2.8143882329573343e-07, -4.6514352576896151e-03,  3.5882735443749135e-03,  0.0000000000000000e+00
 4.7152847152847155e+00,  6.3353409729046689e+02,  3.5436694521732552e-03,  2.7133378151197022e+01, -2.1331375761720152e-02,  9.1608535954822670e-02,  5.0296051020345800e-01,  2.9903050661601696e+03,  4.1116721450964768e+01, -1.5001203071687580e+04,  1.0000216687889779e+01,  2.3976782790269904e+00,  2.4115997332428463e+00,  5.2467309724879502e-03,  1.7458220172664327e+00,  2.4039052680861053e-02,  2.7758322632433702e-01, -5.3820651319546185e-05,  4.9870895250347406e-03, -2.8872142491060283e-03,  0.0000000000000000e+00,  6.0480101492373893e-06, -4.6019985431234606e-03,  6.3627136742887905e-03,  0.0000000000000000e+00
 4.7252747252747254e+00,  6.3353332034448761e+02,  3.5671300318611157e-03,  2.7134247515563722e+01, -2.1331542939038994e-02,  9.1585571368852564e-02,  5.0296047082992223e-01,  2.9966361470617726e+03,  4.1336559684714970e+01, -1.5001201128183568e+04,  1.0000217440408312e+01,  2.3977069039760006e+00,  2.4167113552691801e+00,  5.2461936054402115e-03,  1.7458716087001922e+00,  2.4010526882034668e-02,  2.7758322632433702e-01, -5.3786696758650948e-05,  4.9413642555675283e-03, -2.8113025067884379e-03,  0.0000000000000000e+00,  7.4969294198896402e-07, -4.5522004042125291e-03,  8.8348171376930254e-03,  0.0000000000000000e+00
 4.7352647352647352e+00,  6.3353254354611340e+02,  3.5906430343960495e-03,  2.7135109191704078e+01, -2.1331717247690032e-02,  9.1562740141884494e-02,  5.0296044848061905e-01,  3.0029672010712620e+03,  4.1556961148630094e+01, -1.5001199178954863e+04,  1.0000218192045148e+01,  2.3977353036361113e+00,  2.4218229373419264e+00,  5.2456563132120531e-03,  1.7459207458229875e+00,  2.3982882800605541e-02,  2.7758322632433702e-01, -5.3785076127639831e-05,  4.8961351582099810e-03, -2.7126779368852987e-03,  0.0000000000000000e+00, -4.2524261356325104e-07, -4.5026648867684772e-03,  1.0909821756915693e-02,  0.0000000000000000e+00
 4.7452547452547451e+00,  6.3353176689411634e+02,  3.6142067850747348e-03,  2.7135963250203616e+01, -2.1331898313769856e-02,  9.1540042917131761e-02,  5.0296044170274090e-01,  3.0092982281358627e+03,  4.1777925848951099e+01, -1.5001197224051870e+04,  1.0000218942727169e+01,  2.3977634792943197e+00,  2.4269344798530867e+00,  5.2451189785445544e-03,  1.7459694335784781e+00,  2.3956327522656341e-02,  2.7758322632433702e-01, -5.3790090161587030e-05,  4.8513983362387667e-03, -2.5934540544309942e-03,  0.0000000000000000e+00, -5.7856698266523430e-07, -4.4536468718687919e-03,  1.2958799510436310e-02,  0.0000000000000000e+00
 4.7552447552447550e+00,  6.3353099038727669e+02,  3.6378198163285031e-03,  2.7136809761158428e+01, -2.1332085604591818e-02,  9.1517480288395112e-02,  5.0296044875526724e-01,  3.0156292282028321e+03,  4.1999453791820507e+01, -1.5001195263524296e+04,  1.0000219692385331e+01,  2.3977914322464833e+00,  2.4320459831799708e+00,  5.2445815861358975e-03,  1.7460176768586766e+00,  2.3931065536780746e-02,  2.7758322632433702e-01, -5.3799020296959220e-05,  4.8071475834689298e-03, -2.4567811037946420e-03,  0.0000000000000000e+00, -1.2092461188475717e-06, -4.4053538326526993e-03,  1.4403125206961707e-02,  0.0000000000000000e+00
 4.7652347652347649e+00,  6.3353021402438947e+02,  3.6614808960716925e-03,  2.7137648794173991e+01, -2.1332278449705967e-02,  9.1495052801559743e-02,  5.0296046763954338e-01,  3.0219602012194455e+03,  4.2221544983282776e+01, -1.5001193297421403e+04,  1.0000220440956014e+01,  2.3978191637973447e+00,  2.4371574476823534e+00,  5.2440440730441157e-03,  1.7460654804832427e+00,  2.3907240987115989e-02,  2.7758322632433702e-01, -5.3815205912740586e-05,  4.7633740410072947e-03, -2.3062340918410819e-03,  0.0000000000000000e+00, -2.0311141610609168e-06, -4.3581093681239478e-03,  1.5736386586119474e-02,  0.0000000000000000e+00
 4.7752247752247756e+00,  6.3352943780425937e+02,  3.6851890488216752e-03,  2.7138480418363727e+01, -2.1332476062763998e-02,  9.1472760957433605e-02,  5.0296049613108451e-01,  3.0282911471330017e+03,  4.2444199429285547e+01, -1.5001191325791940e+04,  1.0000221188382239e+01,  2.3978466752604244e+00,  2.4422688737002476e+00,  5.2435063572465320e-03,  1.7461128491671882e+00,  2.3884986933547157e-02,  2.7758322632433702e-01, -5.3841794145416624e-05,  4.7200663368478840e-03, -2.1449729623228284e-03,  0.0000000000000000e+00, -3.2918500206824673e-06, -4.3120930045897838e-03,  1.6548091543433788e-02,  0.0000000000000000e+00
 4.7852147852147855e+00,  6.3352866172570066e+02,  3.7089435736535436e-03,  2.7139304702349019e+01, -2.1332677564198363e-02,  9.1450605215961253e-02,  5.0296053184281408e-01,  3.0346220658908155e+03,  4.2667417135681525e+01, -1.5001189348684078e+04,  1.0000221934614572e+01,  2.3978739679580001e+00,  2.4473802615516758e+00,  5.2429683129213301e-03,  1.7461597875029600e+00,  2.3864384384472175e-02,  2.7758322632433702e-01, -5.3882741543863420e-05,  4.6772113575250900e-03, -1.9775382171010082e-03,  0.0000000000000000e+00, -4.9058191478856659e-06, -4.2674738558753826e-03,  1.6972344449992603e-02,  0.0000000000000000e+00
 4.7952047952047954e+00,  6.3352788578754303e+02,  3.7327440496308958e-03,  2.7140121714259575e+01, -2.1332882003852225e-02,  9.1428586001367648e-02,  5.0296057229749325e-01,  3.0409529574402413e+03,  4.2891198108228586e+01, -1.5001187366145430e+04,  1.0000222679611971e+01,  2.3979010432209238e+00,  2.4524916115314426e+00,  5.2424297789939074e-03,  1.7462062999435624e+00,  2.3845475680458226e-02,  2.7758322632433702e-01, -5.3941490069893687e-05,  4.6347947762525920e-03, -1.8077912895516973e-03,  0.0000000000000000e+00, -6.8556357633740712e-06, -4.2243257148788099e-03,  1.7010990445379855e-02,  0.0000000000000000e+00
 4.8051948051948052e+00,  6.3352710998862119e+02,  3.7565903369204214e-03,  2.7140931521734590e+01, -2.1333088383504270e-02,  9.1406703707670761e-02,  5.0296061498421274e-01,  3.0472838217286417e+03,  4.3115542352591639e+01, -1.5001185378223154e+04,  1.0000223423342248e+01,  2.3979279023884064e+00,  2.4576029239104531e+00,  5.2418905608719816e-03,  1.7462523907951928e+00,  2.3828264678387227e-02,  2.7758322632433702e-01, -5.4021232055960205e-05,  4.5928019633285945e-03, -1.6395319357966312e-03,  0.0000000000000000e+00, -9.1087098471435233e-06, -4.1826354325055033e-03,  1.6674532176384756e-02,  0.0000000000000000e+00
 4.8151848151848151e+00,  6.3352633432778941e+02,  3.7804825717322570e-03,  2.7141734191924357e+01, -2.1333295679025168e-02,  9.1384958704238489e-02,  5.0296065741412010e-01,  3.0536146587034018e+03,  4.3340449874343058e+01, -1.5001183384963912e+04,  1.0000224165782500e+01,  2.3979545468077501e+00,  2.4627141989356232e+00,  5.2413504336980840e-03,  1.7462980642185539e+00,  2.3812717799623129e-02,  2.7758322632433702e-01, -5.4124762498061339e-05,  4.5512188477516563e-03, -1.4764142539508886e-03,  0.0000000000000000e+00, -1.1618084661503730e-05, -4.1423043059975783e-03,  1.5981627729133304e-02,  0.0000000000000000e+00
 4.8251748251748250e+00,  6.3352555880390662e+02,  3.8044211553676347e-03,  2.7142529791492944e+01, -2.1333502861940846e-02,  9.1363351340937704e-02,  5.0296069717411074e-01,  3.0599454683119402e+03,  4.3565920678963437e+01, -1.5001181386413795e+04,  1.0000224906919303e+01,  2.3979809778340568e+00,  2.4678254368303256e+00,  5.2408091470358565e-03,  1.7463433242387043e+00,  2.3798765892094502e-02,  2.7758322632433702e-01, -5.4254345718501311e-05,  4.5100327265715640e-03, -1.3218686575754224e-03,  0.0000000000000000e+00, -1.4324476070578703e-05, -4.1031571542571024e-03,  1.4958400665235409e-02,  0.0000000000000000e+00
 4.8351648351648349e+00,  6.3352478341584549e+02,  3.8284067377788297e-03,  2.7143318386620503e+01, -2.1333708920191721e-02,  9.1341881952455961e-02,  5.0296073197739688e-01,  3.0662762505016881e+03,  4.3791954771842960e+01, -1.5001179382618366e+04,  1.0000225646748602e+01,  2.3980071968298691e+00,  2.4729366377953617e+00,  5.2402664307866255e-03,  1.7463881747625414e+00,  2.3786306837433810e-02,  2.7758322632433702e-01, -5.4411606927982682e-05,  4.4692329521822637e-03, -1.1790315711931441e-03,  0.0000000000000000e+00, -1.7159218067591670e-05, -4.0649576784808688e-03,  1.3637584028497013e-02,  0.0000000000000000e+00
 4.8451548451548447e+00,  6.3352400816248905e+02,  3.8524401961569192e-03,  2.7144100043005938e+01, -2.1333912877870381e-02,  9.1320550861448260e-02,  5.0296075970986698e-01,  3.0726070052200967e+03,  4.4018552158281608e+01, -1.5001177373622802e+04,  1.0000226385275596e+01,  2.3980332051647935e+00,  2.4780478020103818e+00,  5.2397220020422904e-03,  1.7464326196023843e+00,  2.3775208817744989e-02,  2.7758322632433702e-01, -5.4586387491755339e-05,  4.4288110712716643e-03, -1.0489899041992601e-03,  0.0000000000000000e+00, -1.7831850800178887e-05, -4.0275028797813967e-03,  1.2396757703668430e-02,  0.0000000000000000e+00
 4.8551448551448555e+00,  6.3352323304273534e+02,  3.8765226091591254e-03,  2.7144874825869699e+01, -2.1334113813707090e-02,  9.1299358380262555e-02,  5.0296077847135046e-01,  3.0789377324146390e+03,  4.4245712843489869e+01, -1.5001175359471710e+04,  1.0000227122514328e+01,  2.3980590042150403e+00,  2.4831589296358261e+00,  5.2391757936739031e-03,  1.7464766624962331e+00,  2.3765347998189069e-02,  2.7758322632433702e-01, -5.4738573089790240e-05,  4.3887605792066638e-03, -9.2713490512846429e-04,  0.0000000000000000e+00, -1.2635705926407877e-05, -3.9906056316315651e-03,  1.1998613110304113e-02,  0.0000000000000000e+00
 4.8651348651348654e+00,  6.3352245805548944e+02,  3.9006552505060914e-03,  2.7145642799956015e+01, -2.1334311020115557e-02,  9.1278304810072458e-02,  5.0296078644040099e-01,  3.0852684320328262e+03,  4.4473436832590096e+01, -1.5001173340209163e+04,  1.0000227858486538e+01,  2.3980845953630205e+00,  2.4882700208145114e+00,  5.2386283242582786e-03,  1.7465203071264443e+00,  2.3756684643816348e-02,  2.7758322632433702e-01, -5.4938520684635146e-05,  4.3490815398555763e-03, -8.2546732120226398e-04,  0.0000000000000000e+00, -2.7393802561054293e-05, -3.9531380464947934e-03,  8.3552371917285911e-03,  0.0000000000000000e+00
 4.8751248751248752e+00,  6.3352168319967245e+02,  3.9248395454014855e-03,  2.7146404029534480e+01, -2.1334503764376272e-02,  9.1257390440664291e-02,  5.0296078215064477e-01,  3.0915991040221834e+03,  4.4701724130616263e+01, -1.5001171315878883e+04,  1.0000228593220301e+01,  2.3981099799970038e+00,  2.4933810756731689e+00,  5.2380781209329513e-03,  1.7465635572322942e+00,  2.3748855144618594e-02,  2.7758322632433702e-01, -5.5229140253690941e-05,  4.3097757109026805e-03, -7.5282160080373194e-04,  0.0000000000000000e+00, -3.0788235163917105e-05, -3.9158889098751294e-03,  6.1884360320577101e-03,  0.0000000000000000e+00
 4.8851148851148851e+00,  6.3352090847421118e+02,  3.9490770191040591e-03,  2.7147158578401950e+01, -2.1334691316731196e-02,  9.1236615548079728e-02,  5.0296076452521921e-01,  3.0979297483302262e+03,  4.4930574742515269e+01, -1.5001169286523998e+04,  1.0000229326750810e+01,  2.3981351595101859e+00,  2.4984920943266800e+00,  5.2375248449325305e-03,  1.7466064165312576e+00,  2.3741643253190899e-02,  2.7758322632433702e-01, -5.5551046688392685e-05,  4.2708438250390664e-03, -7.0220209721217307e-04,  0.0000000000000000e+00, -3.3657433063371730e-05, -3.8782746400204552e-03,  3.9455885869724818e-03,  0.0000000000000000e+00
 4.8951048951048950e+00,  6.3352013387804845e+02,  3.9733692654238626e-03,  2.7147906509882894e+01, -2.1334873047645510e-02,  9.1215980390437476e-02,  5.0296073281202758e-01,  3.1042603649045318e+03,  4.5159988673146970e+01, -1.5001167252187190e+04,  1.0000230059119914e+01,  2.3981601353000048e+00,  2.5036030768813884e+00,  5.2369682099102062e-03,  1.7466488887772500e+00,  2.3734825132686283e-02,  2.7758322632433702e-01, -5.5898778417551655e-05,  4.2322902319786131e-03, -6.7410967487864396e-04,  0.0000000000000000e+00, -3.5958459114255630e-05, -3.8401546906824207e-03,  1.6785143642001122e-03,  0.0000000000000000e+00
 4.9050949050949049e+00,  6.3351935941013596e+02,  3.9977179092859343e-03,  2.7148647886829924e+01, -2.1335048445160838e-02,  9.1195485203395765e-02,  5.0296068659162585e-01,  3.1105909536926933e+03,  4.5389965927284635e+01, -1.5001165212910708e+04,  1.0000230790375003e+01,  2.3981849087673233e+00,  2.5087140234382872e+00,  5.2364079862228892e-03,  1.7466909777746538e+00,  2.3728174528418099e-02,  2.7758322632433702e-01, -5.6266598420607297e-05,  4.1941203170977647e-03, -6.6853362680709615e-04,  0.0000000000000000e+00, -3.7679105497484598e-05, -3.8014622684634999e-03, -5.6218954027621617e-04,  0.0000000000000000e+00
 4.9150849150849147e+00,  6.3351858506943483e+02,  4.0221245696041314e-03,  2.7149382771622943e+01, -2.1335217128565395e-02,  9.1175130195272763e-02,  5.0296062577750744e-01,  3.1169215146423048e+03,  4.5620506509616064e+01, -1.5001163168736310e+04,  1.0000231520568057e+01,  2.3982094813156376e+00,  2.5138249340962853e+00,  5.2358440021495548e-03,  1.7467326873849842e+00,  2.3721467817465362e-02,  2.7758322632433702e-01, -5.6648773174093099e-05,  4.1563397620764525e-03, -6.8496940694145548e-04,  0.0000000000000000e+00, -3.8832280150874569e-05, -3.7622048467660521e-03, -2.7282536426284183e-03,  0.0000000000000000e+00
 4.9250749250749255e+00,  6.3351781085492109e+02,  4.0465908232834675e-03,  2.7150111226168463e+01, -2.1335378857802356e-02,  9.1154915542265069e-02,  5.0296055060897926e-01,  3.1232520477009966e+03,  4.5851610424743512e+01, -1.5001161119705290e+04,  1.0000232249754253e+01,  2.3982338543501909e+00,  2.5189358089553888e+00,  5.2352761426030271e-03,  1.7467740215261438e+00,  2.3714488825981705e-02,  2.7758322632433702e-01, -5.7039793043398875e-05,  4.1189538205540482e-03, -7.2244689280662850e-04,  0.0000000000000000e+00, -3.9449897684138735e-05, -3.7224606460190121e-03, -4.7747390275789843e-03,  0.0000000000000000e+00
 4.9350649350649354e+00,  6.3351703676557804e+02,  4.0711181711196552e-03,  2.7150833311898207e+01, -2.1335533538307572e-02,  9.1134841384186718e-02,  5.0296046163702646e-01,  3.1295825528164205e+03,  4.6083277677184462e+01, -1.5001159065858528e+04,  1.0000232977990802e+01,  2.3982580292771081e+00,  2.5240466481197879e+00,  5.2347043459448914e-03,  1.7468149841646157e+00,  2.3707033314112582e-02,  2.7758322632433702e-01, -5.7434532251191532e-05,  4.0819666737107385e-03, -7.7956807439380634e-04,  0.0000000000000000e+00, -3.9576891715441621e-05, -3.6823661520479990e-03, -6.6609215261672966e-03,  0.0000000000000000e+00
 4.9450549450549453e+00,  6.3351626280040034e+02,  4.0957080062976837e-03,  2.7151549089767805e+01, -2.1335681221225991e-02,  9.1114907821091148e-02,  5.0296035970368624e-01,  3.1359130299362382e+03,  4.6315508271371918e+01, -1.5001157007236367e+04,  1.0000233705335470e+01,  2.3982820075024573e+00,  2.5291574517007662e+00,  5.2341285995011052e-03,  1.7468555793018423e+00,  2.3698913040279532e-02,  2.7758322632433702e-01, -5.7828351972501040e-05,  4.0453809215325182e-03, -8.5455291977820170e-04,  0.0000000000000000e+00, -3.9265816490722476e-05, -3.6421014340317749e-03, -8.3510445197888146e-03,  0.0000000000000000e+00
 4.9550449550449551e+00,  6.3351548895839449e+02,  4.1203615861106664e-03,  2.7152258620255026e+01, -2.1335822099188006e-02,  9.1095114911065131e-02,  5.0296024591560284e-01,  3.1422434790081302e+03,  4.6548302211655667e+01, -1.5001154943878830e+04,  1.0000234431845387e+01,  2.3983057904314031e+00,  2.5342682198193680e+00,  5.2335489343170692e-03,  1.7468958109562547e+00,  2.3689959329701429e-02,  2.7758322632433702e-01, -5.8217154044557378e-05,  4.0091972492565372e-03, -9.4529205836254562e-04,  0.0000000000000000e+00, -3.8572358334957690e-05, -3.6018697556196039e-03, -9.8149310247970523e-03,  0.0000000000000000e+00
 4.9650349650349650e+00,  6.3351471523857515e+02,  4.1450800074269989e-03,  2.7152961963358791e+01, -2.1335956498019830e-02,  9.1075462669359647e-02,  5.0296012161255166e-01,  3.1485738999798241e+03,  4.6781659502301913e+01, -1.5001152875825404e+04,  1.0000235157575638e+01,  2.3983293794673357e+00,  2.5393789526087729e+00,  5.2329654196001151e-03,  1.7469356831429863e+00,  2.3680026086066494e-02,  2.7758322632433702e-01, -5.8597395252014252e-05,  3.9734142942215349e-03, -1.0494048427754218e-03,  0.0000000000000000e+00, -3.7551931397909665e-05, -3.5618778423879534e-03, -1.1028448414660984e-02,  0.0000000000000000e+00
 4.9750249750249749e+00,  6.3351394163997031e+02,  4.1698641863325203e-03,  2.7153659178598186e+01, -2.1336084864909829e-02,  9.1055951068920851e-02,  5.0295998833178135e-01,  3.1549042927990422e+03,  4.7015580147494440e+01, -1.5001150803115135e+04,  1.0000235882578165e+01,  2.3983527760110745e+00,  2.5444896502163568e+00,  5.2323781571891569e-03,  1.7469751998532421e+00,  2.3668992199975647e-02,  2.7758322632433702e-01, -5.8966073079442323e-05,  3.9380287143150356e-03, -1.1643012964294250e-03,  0.0000000000000000e+00, -3.6257369653190980e-05, -3.5223152548934087e-03, -1.1973821606870742e-02,  0.0000000000000000e+00
 4.9850149850149847e+00,  6.3351316816161682e+02,  4.1947148422667663e-03,  2.7154350325011798e+01, -2.1336207753652560e-02,  9.1036580042244242e-02,  5.0295984776912295e-01,  3.1612346574135249e+03,  4.7250064151335529e+01, -1.5001148725786767e+04,  1.0000236606900629e+01,  2.3983759814601608e+00,  2.5496003128053690e+00,  5.2317872762818445e-03,  1.7470143650353802e+00,  2.3656763322901071e-02,  2.7758322632433702e-01, -5.9320485137678410e-05,  3.9030354698408000e-03, -1.2875548851174288e-03,  0.0000000000000000e+00, -3.4695924405673738e-05, -3.4833322888486273e-03, -1.2701546848467915e-02,  0.0000000000000000e+00
 4.9950049950049946e+00,  6.3351239480256220e+02,  4.2196324841450028e-03,  2.7155035461158352e+01, -2.1336325807666996e-02,  9.1017349484497939e-02,  5.0295970175333893e-01,  3.1675649937710482e+03,  4.7485111517845709e+01, -1.5001146643878441e+04,  1.0000237330585565e+01,  2.3983989972082309e+00,  2.5547109405563098e+00,  5.2311929327108816e-03,  1.7470531825799123e+00,  2.3643266827645629e-02,  2.7758322632433702e-01, -5.9654054049905172e-05,  3.8684278551694268e-03, -1.4138306393023535e-03,  0.0000000000000000e+00, -3.2084571822652725e-05, -3.4451121683255551e-03, -1.2578859139365749e-02,  0.0000000000000000e+00
 5.0049950049950054e+00,  6.3351162156186422e+02,  4.2446174134691209e-03,  2.7155714645116579e+01, -2.1336439743153166e-02,  9.0998259256593841e-02,  5.0295955213037558e-01,  3.1738953018194043e+03,  4.7720722250965707e+01, -1.5001144557428035e+04,  1.0000238053669451e+01,  2.3984218246444891e+00,  2.5598215336676526e+00,  5.2305953870900382e-03,  1.7470916563012178e+00,  2.3628514958479445e-02,  2.7758322632433702e-01, -5.9971649439048342e-05,  3.8341991149620966e-03, -1.5429034053990591e-03,  0.0000000000000000e+00, -3.1498025083807355e-05, -3.4074816211817766e-03, -1.3261508633193874e-02,  0.0000000000000000e+00
 5.0149850149850153e+00,  6.3351084843858894e+02,  4.2696697166091924e-03,  2.7156387934487110e+01, -2.1336550325932267e-02,  9.0979309190738780e-02,  5.0295940082164403e-01,  3.1802255815064000e+03,  4.7956896354555838e+01, -1.5001142466472915e+04,  1.0000238776182320e+01,  2.3984444651534051e+00,  2.5649320923559649e+00,  5.2299946979568546e-03,  1.7471297899548366e+00,  2.3612439586778514e-02,  2.7758322632433702e-01, -6.0276464789307651e-05,  3.8003422186579593e-03, -1.6742568967973179e-03,  0.0000000000000000e+00, -2.9526008037570858e-05, -3.3706690189404050e-03, -1.3035460344722926e-02,  0.0000000000000000e+00
 5.0249750249750251e+00,  6.3351007543181743e+02,  4.2947892646244398e-03,  2.7157055386394504e+01, -2.1336658351458031e-02,  9.0960499094588990e-02,  5.0295924973742712e-01,  3.1865558327798562e+03,  4.8193633832398000e+01, -1.5001140371050038e+04,  1.0000239498147170e+01,  2.3984669201143003e+00,  2.5700426168566382e+00,  5.2293910621192229e-03,  1.7471675872146775e+00,  2.3595063272229749e-02,  2.7758322632433702e-01, -6.0561072282346563e-05,  3.7668497554420471e-03, -1.8019889964835062e-03,  0.0000000000000000e+00, -2.7452412068819754e-05, -3.3345221168852744e-03, -1.2536506012452256e-02,  0.0000000000000000e+00
 5.0349650349650350e+00,  6.3350930254064065e+02,  4.3199757213538545e-03,  2.7157717057488782e+01, -2.1336764627329977e-02,  9.0941828755629964e-02,  5.0295910075605355e-01,  3.1928860555876381e+03,  4.8430934688195997e+01, -1.5001138271196005e+04,  1.0000240219579831e+01,  2.3984891909012100e+00,  2.5751531074233323e+00,  5.2287846865226419e-03,  1.7472050516882121e+00,  2.3576435810624997e-02,  2.7758322632433702e-01, -6.0825039117248504e-05,  3.7337156883745161e-03, -1.9238471897582256e-03,  0.0000000000000000e+00, -2.5393748278549544e-05, -3.2989181100345133e-03, -1.1859504281146883e-02,  0.0000000000000000e+00
 5.0449550449550449e+00,  6.3350852976415604e+02,  4.3452285582051848e-03,  2.7158373003948856e+01, -2.1336869955083257e-02,  9.0923297944665513e-02,  5.0295895564974635e-01,  3.1992162498776074e+03,  4.8668798925575786e+01, -1.5001136166946992e+04,  1.0000240940488993e+01,  2.3985112788828484e+00,  2.5802635643273280e+00,  5.2281757766223748e-03,  1.7472421869287309e+00,  2.3556624766939874e-02,  2.7758322632433702e-01, -6.1068339816047594e-05,  3.7009352864986176e-03, -2.0378397032784698e-03,  0.0000000000000000e+00, -2.3315051621030424e-05, -3.2637183455204483e-03, -1.0961796925606244e-02,  0.0000000000000000e+00
 5.0549450549450547e+00,  6.3350775710147298e+02,  4.3705470683417331e-03,  2.7159023281484412e+01, -2.1336975113260152e-02,  9.0904906418929288e-02,  5.0295881606825854e-01,  3.2055464155976451e+03,  4.8907226548087415e+01, -1.5001134058338774e+04,  1.0000241660876123e+01,  2.3985331854226022e+00,  2.5853739878563777e+00,  5.2275645398729706e-03,  1.7472789964491811e+00,  2.3535719732637416e-02,  2.7758322632433702e-01, -6.1290944669116170e-05,  3.6685053303041597e-03, -2.1418965914934769e-03,  0.0000000000000000e+00, -2.1250439963298007e-05, -3.2287588846100809e-03, -9.8703920950384081e-03,  0.0000000000000000e+00
 5.0649350649350646e+00,  6.3350698455171187e+02,  4.3959303853227149e-03,  2.7159667945339262e+01, -2.1337080841775803e-02,  9.0886653924050820e-02,  5.0295868350750816e-01,  3.2118765526956577e+03,  4.9146217559205510e+01, -1.5001131945406687e+04,  1.0000242380735905e+01,  2.3985549118787048e+00,  2.5904843783133051e+00,  5.2269511823232915e-03,  1.7473154837385272e+00,  2.3513829630246699e-02,  2.7758322632433702e-01, -6.1492372045766062e-05,  3.6364241720506763e-03, -2.2338312610011551e-03,  0.0000000000000000e+00, -1.9075320842010691e-05, -3.1938889977373673e-03, -8.5349287403989945e-03,  0.0000000000000000e+00
 5.0749250749250745e+00,  6.3350621211400448e+02,  4.4213775045476430e-03,  2.7160307050293724e+01, -2.1337187827931248e-02,  9.0868540194946903e-02,  5.0295855928255850e-01,  3.2182066611195792e+03,  4.9385771962329997e+01, -1.5001129828185809e+04,  1.0000243100056453e+01,  2.3985764596043770e+00,  2.5955947360143594e+00,  5.2263359210508774e-03,  1.7473516522767945e+00,  2.3491087739410620e-02,  2.7758322632433702e-01, -6.1670658168573120e-05,  3.6046915592875465e-03, -2.3108157542250014e-03,  0.0000000000000000e+00, -1.6617560944511365e-05, -3.1589800774089183e-03, -6.8773668030351525e-03,  0.0000000000000000e+00
 5.0849150849150853e+00,  6.3350543978749010e+02,  4.4468873173160641e-03,  2.7160940650666973e+01, -2.1337296695158135e-02,  9.0850564954983823e-02,  5.0295844443696103e-01,  3.2245367408173465e+03,  4.9625889760787047e+01, -1.5001127706710684e+04,  1.0000243818819991e+01,  2.3985978299481245e+00,  2.6007050612870239e+00,  5.2257190013409024e-03,  1.7473875055479036e+00,  2.3467659485307137e-02,  2.7758322632433702e-01, -6.1831936789312922e-05,  3.5733090312672069e-03, -2.3742383750789148e-03,  0.0000000000000000e+00, -1.5670418927594950e-05, -3.1238020322628536e-03, -5.8198418919178886e-03,  0.0000000000000000e+00
 5.0949050949050951e+00,  6.3350466757131687e+02,  4.4724586274856081e-03,  2.7161568800319216e+01, -2.1337407990619939e-02,  9.0832727916095313e-02,  5.0295833984160609e-01,  3.2308667917369226e+03,  4.9866570957830518e+01, -1.5001125581015534e+04,  1.0000244537003239e+01,  2.3986190242540486e+00,  2.6058153544675755e+00,  5.2251005177184236e-03,  1.7474230470626340e+00,  2.3443650409239212e-02,  2.7758322632433702e-01, -6.1980168655617466e-05,  3.5422787965199900e-03, -2.4246410847488082e-03,  0.0000000000000000e+00, -1.4005600706024318e-05, -3.0884509641616181e-03, -4.2707805839732379e-03,  0.0000000000000000e+00
 5.1048951048951050e+00,  6.3350389546464578e+02,  4.4980901713328383e-03,  2.7162191552653667e+01, -2.1337522176891100e-02,  9.0815028776931359e-02,  5.0295824617261176e-01,  3.2371968138262905e+03,  5.0107815556642613e+01, -1.5001123451134237e+04,  1.0000245254578413e+01,  2.3986400438619824e+00,  2.6109256158994767e+00,  5.2244806363327982e-03,  1.7474582803490328e+00,  2.3419215107989479e-02,  2.7758322632433702e-01, -6.2112481254773369e-05,  3.5116029015657543e-03, -2.4594202407260688e-03,  0.0000000000000000e+00, -1.2483381644985245e-05, -3.0528632056764059e-03, -2.6920064426744087e-03,  0.0000000000000000e+00
 5.1148851148851149e+00,  6.3350312346664680e+02,  4.5237806476477139e-03,  2.7162808960617788e+01, -2.1337639627029673e-02,  9.0797467220327860e-02,  5.0295816386677994e-01,  3.2435268070334537e+03,  5.0349623560334614e+01, -1.5001121317100273e+04,  1.0000245971513740e+01,  2.3986608901077697e+00,  2.6160358459311772e+00,  5.2238595091019446e-03,  1.7474932089587691e+00,  2.3394511143690240e-02,  2.7758322632433702e-01, -6.2222096935345169e-05,  3.4812831944518300e-03, -2.4776490230442060e-03,  0.0000000000000000e+00, -9.4616776054908094e-06, -3.0171421585312888e-03, -9.5739577741677353e-04,  0.0000000000000000e+00
 5.1248751248751248e+00,  6.3350235157649774e+02,  4.5495287446295002e-03,  2.7163421076704825e+01, -2.1337760621188910e-02,  9.0780042911061981e-02,  5.0295809312012218e-01,  3.2498567713064213e+03,  5.0591994971948260e+01, -1.5001119178946763e+04,  1.0000246687774483e+01,  2.3986815643234971e+00,  2.6211460449136332e+00,  5.2232374375928313e-03,  1.7475278364568141e+00,  2.3369711631005579e-02,  2.7758322632433702e-01, -6.2285809764331914e-05,  3.4513201505843539e-03, -2.4767926609333283e-03,  0.0000000000000000e+00, -3.2936307576546584e-06, -2.9814592237375130e-03,  1.1288394720144908e-03,  0.0000000000000000e+00
 5.1348651348651346e+00,  6.3350157979338701e+02,  4.5753331781690446e-03,  2.7164027952954484e+01, -2.1337885476760486e-02,  9.0762755493570060e-02,  5.0295803380374848e-01,  3.2561867065932424e+03,  5.0834929794456393e+01, -1.5001117036706364e+04,  1.0000247403323131e+01,  2.3987020678377711e+00,  2.6262562131976841e+00,  5.2226150373783815e-03,  1.7475621664043353e+00,  2.3345024776838426e-02,  2.7758322632433702e-01, -6.2362442787520188e-05,  3.4217154560003357e-03, -2.4625310465096555e-03,  0.0000000000000000e+00, -1.2048300484638804e-05, -2.9454006319829923e-03,  1.7263357356048779e-03,  0.0000000000000000e+00
 5.1448551448551445e+00,  6.3350080811651094e+02,  4.6011927018537535e-03,  2.7164629640954196e+01, -2.1338014288320346e-02,  9.0745604590957082e-02,  5.0295798565930927e-01,  3.2625166128419596e+03,  5.1078428030764393e+01, -1.5001114890411558e+04,  1.0000248118119771e+01,  2.3987224019760141e+00,  2.6313663511312964e+00,  5.2219914347399338e-03,  1.7475962023999909e+00,  2.3320510211494897e-02,  2.7758322632433702e-01, -6.2479986348440244e-05,  3.3924682987151009e-03, -2.4386249836247978e-03,  0.0000000000000000e+00, -1.1483920412112027e-05, -2.9098802564906756e-03,  3.0596580539216907e-03,  0.0000000000000000e+00
 5.1548451548451553e+00,  6.3350003654507589e+02,  4.6271061285187856e-03,  2.7165226191839942e+01, -2.1338146972399205e-02,  9.0728589803761583e-02,  5.0295794822155215e-01,  3.2688464900006461e+03,  5.1322489683710373e+01, -1.5001112740094315e+04,  1.0000248832124640e+01,  2.3987425680603849e+00,  2.6364764590584788e+00,  5.2213666860027883e-03,  1.7476299479887252e+00,  2.3296301000941825e-02,  2.7758322632433702e-01, -6.2590890144166556e-05,  3.3635735683963724e-03, -2.4010531002845842e-03,  0.0000000000000000e+00, -1.0719019492295907e-05, -2.8748447533185392e-03,  4.4622329907888225e-03,  0.0000000000000000e+00
 5.1648351648351651e+00,  6.3349926507829741e+02,  4.6530723571570776e-03,  2.7165817656297357e+01, -2.1338283362761726e-02,  9.0711710710211488e-02,  5.0295792081770530e-01,  3.2751763380173961e+03,  5.1567114756066729e+01, -1.5001110585786335e+04,  1.0000249545299058e+01,  2.3987625674100368e+00,  2.6415865373168210e+00,  5.2207408675042860e-03,  1.7476634066670917e+00,  2.3272537122578121e-02,  2.7758322632433702e-01, -6.2695789461230690e-05,  3.3350257460854457e-03, -2.3522486959919797e-03,  0.0000000000000000e+00, -1.0281823783385492e-05, -2.8404292733587083e-03,  5.3084087486116758e-03,  0.0000000000000000e+00
 5.1748251748251750e+00,  6.3349849371539960e+02,  4.6790903885979892e-03,  2.7166404084563652e+01, -2.1338423222566068e-02,  9.0694966867384985e-02,  5.0295790260339823e-01,  3.2815061568403203e+03,  5.1812303250540644e+01, -1.5001108427518922e+04,  1.0000250257606131e+01,  2.3987824013411716e+00,  2.6466965862356879e+00,  5.2201140228766898e-03,  1.7476965818697658e+00,  2.3249303024997930e-02,  2.7758322632433702e-01, -6.2795083401840024e-05,  3.3068172665587535e-03, -2.2937273594188382e-03,  0.0000000000000000e+00, -9.5968231266025492e-06, -2.8069083278852345e-03,  6.4075628333313860e-03,  0.0000000000000000e+00
 5.1848151848151849e+00,  6.3349772245561826e+02,  4.7051593361993275e-03,  2.7166985526429198e+01, -2.1338566255947444e-02,  9.0678357813388136e-02,  5.0295789261542323e-01,  3.2878359464175392e+03,  5.2058055169775201e+01, -1.5001106265323071e+04,  1.0000250969011404e+01,  2.3988020711671152e+00,  2.6518066061347434e+00,  5.2194862204832703e-03,  1.7477294769421479e+00,  2.3226708404108214e-02,  2.7758322632433702e-01, -6.2888756811883221e-05,  3.2789387736240788e-03, -2.2258166255537093e-03,  0.0000000000000000e+00, -9.1565935640447425e-06, -2.7743659576366822e-03,  7.1881660864676023e-03,  0.0000000000000000e+00
 5.1948051948051948e+00,  6.3349695129819065e+02,  4.7312784464080800e-03,  2.7167562031239797e+01, -2.1338712118387657e-02,  9.0661883069572999e-02,  5.0295788972944189e-01,  3.2941657066971911e+03,  5.2304370516350062e+01, -1.5001104099229437e+04,  1.0000251679483259e+01,  2.3988215781983975e+00,  2.6569165973225295e+00,  5.2188575042590698e-03,  1.7477620951319761e+00,  2.3204831164347507e-02,  2.7758322632433702e-01, -6.2978894090287693e-05,  3.2513799078663077e-03, -2.1509283566021132e-03,  0.0000000000000000e+00, -8.8888895725309520e-06, -2.7429189670691561e-03,  7.8044653576421121e-03,  0.0000000000000000e+00
 5.2047952047952046e+00,  6.3349618024237236e+02,  4.7574471061863164e-03,  2.7168133647899715e+01, -2.1338860426142314e-02,  9.0645542144093066e-02,  5.0295789272275548e-01,  3.3004954376274395e+03,  5.2551249292782153e+01, -1.5001101929268238e+04,  1.0000252388993385e+01,  2.3988409237427870e+00,  2.6620265600951973e+00,  5.2182279009210268e-03,  1.7477944395776697e+00,  2.3183732812567713e-02,  2.7758322632433702e-01, -6.3067402336652870e-05,  3.2241295270138458e-03, -2.0707258313943564e-03,  0.0000000000000000e+00, -8.8304613497773118e-06, -2.7126072795937758e-03,  8.2520801889510095e-03,  0.0000000000000000e+00
 5.2147852147852145e+00,  6.3349540928742067e+02,  4.7836648496405749e-03,  2.7168700424874626e+01, -2.1339010764517895e-02,  9.0629334535470701e-02,  5.0295790030104048e-01,  3.3068251391564645e+03,  5.2798691501526612e+01, -1.5001099755469557e+04,  1.0000253097516961e+01,  2.3988601091053776e+00,  2.6671364947356051e+00,  5.2175974163002955e-03,  1.7478265133043440e+00,  2.3163458020863104e-02,  2.7758322632433702e-01, -6.3156480958441276e-05,  3.1971763951541593e-03, -1.9868988249051355e-03,  0.0000000000000000e+00, -9.0030787322631458e-06, -2.6834097187154993e-03,  8.5300865101911819e-03,  0.0000000000000000e+00
 5.2247752247752244e+00,  6.3349463843260821e+02,  4.8099313616245445e-03,  2.7169262410195213e+01, -2.1339162695305922e-02,  9.0613259736149809e-02,  5.0295791112542643e-01,  3.3131548112324613e+03,  5.3046697144977649e+01, -1.5001097577862964e+04,  1.0000253805033093e+01,  2.3988791355885639e+00,  2.6722464015127589e+00,  5.2169660331696094e-03,  1.7478583192259245e+00,  2.3144034534347831e-02,  2.7758322632433702e-01, -6.3248470264670563e-05,  3.1705097885769543e-03, -1.9011300536514969e-03,  0.0000000000000000e+00, -9.4131803754023885e-06, -2.6552449180125546e-03,  8.6408214947697928e-03,  0.0000000000000000e+00
 5.2347652347652351e+00,  6.3349386767721307e+02,  4.8362464783670046e-03,  2.7169819651461108e+01, -2.1339315763584228e-02,  9.0597317235725547e-02,  5.0295792383936555e-01,  3.3194844538036273e+03,  5.3295266225468808e+01, -1.5001095396477802e+04,  1.0000254511524814e+01,  2.3988980044920898e+00,  2.6773562806815003e+00,  5.2163337106007016e-03,  1.7478898601532666e+00,  2.3125473404406530e-02,  2.7758322632433702e-01, -6.3345703287130949e-05,  3.1441200627213973e-03, -1.8150638865275489e-03,  0.0000000000000000e+00, -1.0052870721165684e-05, -2.6279781982697851e-03,  8.5896251634440431e-03,  0.0000000000000000e+00
 5.2447552447552450e+00,  6.3349309702051903e+02,  4.8626101852314706e-03,  2.7170372195844706e+01, -2.1339469504096167e-02,  9.0581506523567917e-02,  5.0295793709478565e-01,  3.3258140668181982e+03,  5.3544398745273789e+01, -1.5001093211343037e+04,  1.0000255216979332e+01,  2.3989167171130177e+00,  2.6824661324824377e+00,  5.2157003847522840e-03,  1.7479211388075973e+00,  2.3107769521629996e-02,  2.7758322632433702e-01, -6.3438388702645102e-05,  3.1179987472499645e-03, -1.7284975887371394e-03,  0.0000000000000000e+00, -8.5027494642050072e-06, -2.6015091591388689e-03,  8.7409476542115033e-03,  0.0000000000000000e+00
 5.2547452547452549e+00,  6.3349232646182804e+02,  4.8890226117635155e-03,  2.7170920090095233e+01, -2.1339623447394537e-02,  9.0565827090608966e-02,  5.0295794957705164e-01,  3.3321436502244210e+03,  5.3794094706607275e+01, -1.5001091022487350e+04,  1.0000255921388113e+01,  2.3989352747457025e+00,  2.6875759571421955e+00,  5.2150662103269225e-03,  1.7479521578305344e+00,  2.3090937988048146e-02,  2.7758322632433702e-01, -6.3484631299005670e-05,  3.0921383544990550e-03, -1.6355301595473949e-03,  0.0000000000000000e+00, -7.5501832718037298e-07, -2.5757414695933021e-03,  9.8711316695755825e-03,  0.0000000000000000e+00
 5.2647352647352648e+00,  6.3349155600044037e+02,  4.9154840484794370e-03,  2.7171463380542395e+01, -2.1339777283316489e-02,  9.0550278429140374e-02,  5.0295795984858782e-01,  3.3384732039705468e+03,  5.4044354111625331e+01, -1.5001088829939104e+04,  1.0000256624746175e+01,  2.3989536786818535e+00,  2.6926857548731435e+00,  5.2144319605505057e-03,  1.7479829197937011e+00,  2.3075091596364315e-02,  2.7758322632433702e-01, -6.3562654249539269e-05,  3.0665372030438311e-03, -1.5480645768571196e-03,  0.0000000000000000e+00, -1.4865176369644330e-05, -2.5496090517425534e-03,  7.6394779850177336e-03,  0.0000000000000000e+00
 5.2747252747252746e+00,  6.3349078563567264e+02,  4.9419949255814577e-03,  2.7172002113099829e+01, -2.1339930587525330e-02,  9.0534860033559025e-02,  5.0295796662908177e-01,  3.3448027280048591e+03,  5.4295176962426162e+01, -1.5001086633726321e+04,  1.0000257327051340e+01,  2.3989719302106458e+00,  2.6977955258729676e+00,  5.2137962272250336e-03,  1.7480134273051207e+00,  2.3060007626872180e-02,  2.7758322632433702e-01, -6.3721958224669678e-05,  3.0411946368531636e-03, -1.4751486023383620e-03,  0.0000000000000000e+00, -1.7027479451463792e-05, -2.5239726996290966e-03,  6.9583001136376815e-03,  0.0000000000000000e+00
 5.2847152847152845e+00,  6.3349001536684739e+02,  4.9685557834128462e-03,  2.7172536333268702e+01, -2.1340082842370833e-02,  9.0519571399463511e-02,  5.0295796882908350e-01,  3.3511322222756503e+03,  5.4546563261050551e+01, -1.5001084433876793e+04,  1.0000258028306042e+01,  2.3989900306182768e+00,  2.7029052703270060e+00,  5.2131587945520108e-03,  1.7480436829233086e+00,  2.3045618097816096e-02,  2.7758322632433702e-01, -6.3901603254214577e-05,  3.0161085205224441e-03, -1.4095709276280637e-03,  0.0000000000000000e+00, -1.8937455463426443e-05, -2.4982677897810081e-03,  6.1703503633641875e-03,  0.0000000000000000e+00
 5.2947052947052944e+00,  6.3348924519329717e+02,  4.9951672634428092e-03,  2.7173066086139993e+01, -2.1340233537515598e-02,  9.0504412021151684e-02,  5.0295796548356941e-01,  3.3574616867312211e+03,  5.4798513009482065e+01, -1.5001082230417895e+04,  1.0000258728517389e+01,  2.3990079811877894e+00,  2.7080149884095781e+00,  5.2125194719152591e-03,  1.7480736892136226e+00,  2.3031844371574916e-02,  2.7758322632433702e-01, -6.4099632289745149e-05,  2.9912802441962052e-03, -1.3520855210850968e-03,  0.0000000000000000e+00, -2.0707957449795025e-05, -2.4723531307320810e-03,  5.3382280265379346e-03,  0.0000000000000000e+00
 5.3046953046953043e+00,  6.3348847511436043e+02,  5.0218300942533470e-03,  2.7173591416397532e+01, -2.1340382185431987e-02,  9.0489381388720258e-02,  5.0295795575487801e-01,  3.3637911213199077e+03,  5.5051026209648015e+01, -1.5001080023376773e+04,  1.0000259427697365e+01,  2.3990257831987778e+00,  2.7131246802852544e+00,  5.2118780826181498e-03,  1.7481034487623535e+00,  2.3018603402090120e-02,  2.7758322632433702e-01, -6.4312916417647690e-05,  2.9667123928576759e-03, -1.3035378897394245e-03,  0.0000000000000000e+00, -2.1991524956864579e-05, -2.4461307072149632e-03,  4.3810077688537863e-03,  0.0000000000000000e+00
 5.3146853146853150e+00,  6.3348770512938768e+02,  5.0485450786154932e-03,  2.7174112368319378e+01, -2.1340528335743247e-02,  9.0474478984660808e-02,  5.0295793892171781e-01,  3.3701205259900375e+03,  5.5304102863419381e+01, -1.5001077812780282e+04,  1.0000260125862290e+01,  2.3990434379271393e+00,  2.7182343461100920e+00,  5.2112344985602611e-03,  1.7481329641865069e+00,  2.3005799658493208e-02,  2.7758322632433702e-01, -6.4537120437497807e-05,  2.9424082484853543e-03, -1.2649755086314200e-03,  0.0000000000000000e+00, -2.2894119817125847e-05, -2.4195589961236662e-03,  3.3391809289684852e-03,  0.0000000000000000e+00
 5.3246753246753249e+00,  6.3348693523773261e+02,  5.0753130672124228e-03,  2.7174628985779098e+01, -2.1340671587860318e-02,  9.0459704280745762e-02,  5.0295791446833282e-01,  3.3764499006899759e+03,  5.5557742972611578e+01, -1.5001075598654961e+04,  1.0000260823032658e+01,  2.3990609466447275e+00,  2.7233439860330377e+00,  5.2105886296623556e-03,  1.7481622381379476e+00,  2.2993329166153428e-02,  2.7758322632433702e-01, -6.4770026777959263e-05,  2.9183712396200997e-03, -1.2367183192405619e-03,  0.0000000000000000e+00, -2.3733729542684281e-05, -2.3926501787263433e-03,  2.3179083870922971e-03,  0.0000000000000000e+00
 5.3346653346653348e+00,  6.3348616543876403e+02,  5.1021349392165278e-03,  2.7175141312247536e+01, -2.1340811599949494e-02,  9.0445056734559881e-02,  5.0295788205275582e-01,  3.3827792453680977e+03,  5.5811946538985090e+01, -1.5001073381027085e+04,  1.0000261519232534e+01,  2.3990783106188371e+00,  2.7284536001979252e+00,  5.2099403921311311e-03,  1.7481912733021836e+00,  2.2981090001765125e-02,  2.7758322632433702e-01, -6.5010322836381722e-05,  2.8946044500780537e-03, -1.2187194399115226e-03,  0.0000000000000000e+00, -2.4373541353490310e-05, -2.3654610875913158e-03,  1.2854672545814085e-03,  0.0000000000000000e+00
 5.3446553446553446e+00,  6.3348539573185508e+02,  5.1290115858032065e-03,  2.7175649390793165e+01, -2.1340948095770806e-02,  9.0430535786571009e-02,  5.0295784149542011e-01,  3.3891085599727826e+03,  5.6066713564245028e+01, -1.5001071159922543e+04,  1.0000262214489041e+01,  2.3990955311118176e+00,  2.7335631887451051e+00,  5.2092897221131772e-03,  1.7482200723926944e+00,  2.2968979127393957e-02,  2.7758322632433702e-01, -6.5256205598079292e-05,  2.8711101848311825e-03, -1.2110013994704025e-03,  0.0000000000000000e+00, -2.4852187538364485e-05, -2.3380908148322864e-03,  2.5968444173085783e-04,  0.0000000000000000e+00
 5.3546453546453545e+00,  6.3348462611638456e+02,  5.1559438923574862e-03,  2.7176153264082952e+01, -2.1341080868928514e-02,  9.0416140857939323e-02,  5.0295779277750052e-01,  3.3954378444524395e+03,  5.6322044050042543e+01, -1.5001068935367062e+04,  1.0000262908831797e+01,  2.3991126093805915e+00,  2.7386727518129463e+00,  5.2086365718394612e-03,  1.7482486381410414e+00,  2.2956894169607875e-02,  2.7758322632433702e-01, -6.5506249118611637e-05,  2.8478896187365431e-03, -1.2134142285695358e-03,  0.0000000000000000e+00, -2.5206525272213148e-05, -2.3106665173146307e-03, -7.4273282737733013e-04,  0.0000000000000000e+00
 5.3646353646353644e+00,  6.3348385659174198e+02,  5.1829327213372056e-03,  2.7176652974383273e+01, -2.1341209784592381e-02,  9.0401871349195070e-02,  5.0295773603634508e-01,  3.4017670987554866e+03,  5.6577937997974743e+01, -1.5001066707386062e+04,  1.0000263602292144e+01,  2.3991295466761553e+00,  2.7437822895393995e+00,  5.2079809059469712e-03,  1.7482769732841776e+00,  2.2944735086863097e-02,  2.7758322632433702e-01, -6.5759370362531474e-05,  2.8249425852608476e-03, -1.2256476294740719e-03,  0.0000000000000000e+00, -2.5468347760536758e-05, -2.2833295845196906e-03, -1.7063940337108327e-03,  0.0000000000000000e+00
 5.3746253746253743e+00,  6.3348308715732674e+02,  5.2099788960824111e-03,  2.7177148563560614e+01, -2.1341334778940475e-02,  9.0387726639890378e-02,  5.0295767155821181e-01,  3.4080963228303463e+03,  5.6834395409584957e+01, -1.5001064476004605e+04,  1.0000264294902630e+01,  2.3991463442431544e+00,  2.7488918020634605e+00,  5.2073226983057443e-03,  1.7483050805503373e+00,  2.2932405705482519e-02,  2.7758322632433702e-01, -6.6014767978904261e-05,  2.8022675057995461e-03, -1.2472448802567566e-03,  0.0000000000000000e+00, -2.5662255037881743e-05, -2.2562213236077106e-03, -2.6173755729935822e-03,  0.0000000000000000e+00
 5.3846153846153850e+00,  6.3348231781254037e+02,  5.2370831858265122e-03,  2.7177640073082937e+01, -2.1341455856656144e-02,  9.0373706089237199e-02,  5.0295759976858923e-01,  3.4144255166254798e+03,  5.7091416286363788e+01, -1.5001062241247600e+04,  1.0000264986696306e+01,  2.3991630033194085e+00,  2.7540012895265282e+00,  5.2066619295637762e-03,  1.7483329626449329e+00,  2.2919815109235589e-02,  2.7758322632433702e-01, -6.6271845406826863e-05,  2.7798614639699547e-03, -1.2776180192499316e-03,  0.0000000000000000e+00, -2.5804646032222481e-05, -2.2294682506763899e-03, -3.4633268534398592e-03,  0.0000000000000000e+00
 5.3946053946053949e+00,  6.3348154855679786e+02,  5.2642462921300972e-03,  2.7178127544021006e+01, -2.1341573086860216e-02,  9.0359809037667868e-02,  5.0295752122040649e-01,  3.4207546800893488e+03,  5.7349000629748616e+01, -1.5001060003139610e+04,  1.0000265677706048e+01,  2.3991795251354593e+00,  2.7591107520737159e+00,  5.2059985855104031e-03,  1.7483606222379291e+00,  2.2906878871931071e-02,  2.7758322632433702e-01, -6.6530377456105354e-05,  2.7577204726973435e-03, -1.3166443360277920e-03,  0.0000000000000000e+00, -2.5953470232740042e-05, -2.2031582021249398e-03, -4.3497417654761979e-03,  0.0000000000000000e+00
 5.4045954045954048e+00,  6.3348077938951985e+02,  5.2914688343163154e-03,  2.7178611017050507e+01, -2.1341686597851978e-02,  9.0346034809270420e-02,  5.0295743659505776e-01,  3.4270838131704263e+03,  5.7607148441124863e+01, -1.5001057761704908e+04,  1.0000266367964056e+01,  2.3991959109142322e+00,  2.7642201898550782e+00,  5.2053326512929250e-03,  1.7483880619550767e+00,  2.2893508529095174e-02,  2.7758322632433702e-01, -6.6789619203834732e-05,  2.7358395927608676e-03, -1.3628213501467752e-03,  0.0000000000000000e+00, -2.5946727662680357e-05, -2.1773939611575738e-03, -4.8948964611443277e-03,  0.0000000000000000e+00
 5.4145854145854146e+00,  6.3348001031013314e+02,  5.3187513383480415e-03,  2.7179090532454207e+01, -2.1341796571078039e-02,  9.0332382714664761e-02,  5.0295734668441561e-01,  3.4334129158172191e+03,  5.7865859721826062e+01, -1.5001055516967566e+04,  1.0000267057501377e+01,  2.3992121618706417e+00,  2.7693296030267409e+00,  5.2046641275842525e-03,  1.7484152843676546e+00,  2.2879649674125941e-02,  2.7758322632433702e-01, -6.7049090999499875e-05,  2.7142135202449331e-03, -1.4152331476631518e-03,  0.0000000000000000e+00, -2.5999525829482996e-05, -2.1521457565326163e-03, -5.5979454016343872e-03,  0.0000000000000000e+00
 5.4245754245754245e+00,  6.3347924131807542e+02,  5.3460942307320299e-03,  2.7179566130124627e+01, -2.1341903234647720e-02,  9.0318852054097384e-02,  5.0295725235868560e-01,  3.4397419879782215e+03,  5.8125134473134352e+01, -1.5001053268951373e+04,  1.0000267746347376e+01,  2.3992282792113211e+00,  2.7744389917517491e+00,  5.2039930091151128e-03,  1.7484422919954412e+00,  2.2865232142528478e-02,  2.7758322632433702e-01, -6.7308275326289979e-05,  2.6928369446436152e-03, -1.4729897341216379e-03,  0.0000000000000000e+00, -2.5889176393895396e-05, -2.1274446788512140e-03, -5.9649232073546530e-03,  0.0000000000000000e+00
 5.4345654345654344e+00,  6.3347847241278748e+02,  5.3734978330549077e-03,  2.7180037849567270e+01, -2.1342006856610481e-02,  9.0305442120555496e-02,  5.0295715453029199e-01,  3.4460710296019533e+03,  5.8384972696280840e+01, -1.5001051017679862e+04,  1.0000268434529319e+01,  2.3992442641344205e+00,  2.7795483562008991e+00,  5.2033193068984126e-03,  1.7484690873036115e+00,  2.2850219309807827e-02,  2.7758322632433702e-01, -6.7566311005038762e-05,  2.6717048766485263e-03, -1.5345665608347344e-03,  0.0000000000000000e+00, -2.5769566491612873e-05, -2.1031953337656661e-03, -6.3627575006074306e-03,  0.0000000000000000e+00
 5.4445554445554443e+00,  6.3347770359372362e+02,  5.4009623614461938e-03,  2.7180505729903633e+01, -2.1342107738458488e-02,  9.0292152202849377e-02,  5.0295705414545810e-01,  3.4524000406369623e+03,  5.8645374392446357e+01, -1.5001048763176310e+04,  1.0000269122072055e+01,  2.3992601178295021e+00,  2.7846576965528107e+00,  5.2026430328712559e-03,  1.7484956727122574e+00,  2.2834571471982330e-02,  2.7758322632433702e-01, -6.7822750666897771e-05,  2.6508131782214317e-03, -1.5995937795840844e-03,  0.0000000000000000e+00, -2.5569653812560233e-05, -2.0793226913387690e-03, -6.6556916930126083e-03,  0.0000000000000000e+00
 5.4545454545454541e+00,  6.3347693486033927e+02,  5.4284879218930776e-03,  2.7180969809874981e+01, -2.1342206208585381e-02,  9.0278981588291202e-02,  5.0295695218273395e-01,  3.4587290210318024e+03,  5.8906339562761758e+01, -1.5001046505463701e+04,  1.0000269808997748e+01,  2.3992758414774480e+00,  2.7897670129943806e+00,  5.2019642069849881e-03,  1.7485220506038757e+00,  2.2818259394131821e-02,  2.7758322632433702e-01, -6.8076729540703676e-05,  2.6301586312411887e-03, -1.6670171337043831e-03,  0.0000000000000000e+00, -2.5276916723987512e-05, -2.0557176140822866e-03, -6.8424638018855467e-03,  0.0000000000000000e+00
 5.4645354645354649e+00,  6.3347616621210182e+02,  5.4560745094901575e-03,  2.7181430127845658e+01, -2.1342302616051065e-02,  9.0265929564627895e-02,  5.0295684963541887e-01,  3.4650579707350357e+03,  5.9167868208308526e+01, -1.5001044244564826e+04,  1.0000270495325582e+01,  2.3992914362504152e+00,  2.7948763057209978e+00,  5.2012828584548582e-03,  1.7485482233342602e+00,  2.2801264436343879e-02,  2.7758322632433702e-01, -6.8327268340311978e-05,  2.6097391491020669e-03, -1.7357764358985844e-03,  0.0000000000000000e+00, -2.4880950957591798e-05, -2.0322627101697428e-03, -6.9231484973931289e-03,  0.0000000000000000e+00
 5.4745254745254748e+00,  6.3347539764848477e+02,  5.4837220095755538e-03,  2.7181886721806766e+01, -2.1342397324696599e-02,  9.0252995421229110e-02,  5.0295674749435382e-01,  3.4713868896952295e+03,  5.9429960330119002e+01, -1.5001041980502168e+04,  1.0000271181071636e+01,  2.3993069033118379e+00,  2.7999855749365943e+00,  5.2005990267983684e-03,  1.7485741932442174e+00,  2.2783578546261719e-02,  2.7758322632433702e-01, -6.8573299429403753e-05,  2.5895537944500358e-03, -1.8048184458322185e-03,  0.0000000000000000e+00, -2.4374473077972650e-05, -2.0088452911899758e-03, -6.8990618913044779e-03,  0.0000000000000000e+00
 5.4845154845154847e+00,  6.3347462916897007e+02,  5.5114302006710955e-03,  2.7182339629379495e+01, -2.1342490707619101e-02,  9.0240178449490907e-02,  5.0295664673132212e-01,  3.4777157778609935e+03,  5.9692615929177407e+01, -1.5001039713298138e+04,  1.0000271866248733e+01,  2.3993222438164588e+00,  2.8050948208535442e+00,  5.1999127625621628e-03,  1.7485999626708126e+00,  2.2765204127735843e-02,  2.7758322632433702e-01, -6.8813701158470524e-05,  2.5696026647599036e-03, -1.8731088033444722e-03,  0.0000000000000000e+00, -2.3753953081196160e-05, -1.9853708727745919e-03, -6.7726676826488866e-03,  0.0000000000000000e+00
 5.4945054945054945e+00,  6.3347386077304191e+02,  5.5391987591214232e-03,  2.7182788887818255e+01, -2.1342583141986188e-02,  9.0227477942501966e-02,  5.0295654828328829e-01,  3.4840446351809333e+03,  5.9955835006420074e+01, -1.5001037442974641e+04,  1.0000272550866343e+01,  2.3993374589104124e+00,  2.8102040436924218e+00,  5.1992241276743231e-03,  1.7486255339568000e+00,  2.2746153794946145e-02,  2.7758322632433702e-01, -6.9047336882741326e-05,  2.5498866604339830e-03, -1.9396430502106820e-03,  0.0000000000000000e+00, -2.3019918917818883e-05, -1.9617731932747551e-03, -6.5474885399664524e-03,  0.0000000000000000e+00
 5.5044955044955044e+00,  6.3347309246019722e+02,  5.5670272653087060e-03,  2.7183234534013952e+01, -2.1342675004152597e-02,  9.0214893194077314e-02,  5.0295645303765413e-01,  3.4903734616036641e+03,  6.0219617562736055e+01, -1.5001035169553525e+04,  1.0000273234930686e+01,  2.3993525497312906e+00,  2.8153132436815587e+00,  5.1985331953916785e-03,  1.7486509094572349e+00,  2.2726450020838528e-02,  2.7758322632433702e-01, -6.9273095509250911e-05,  2.5304071563137481e-03, -2.0034568066033785e-03,  0.0000000000000000e+00, -2.2176958109400051e-05, -1.9380235315962764e-03, -6.2280254898515368e-03,  0.0000000000000000e+00
 5.5144855144855143e+00,  6.3347232422993750e+02,  5.5949152113020468e-03,  2.7183676604495961e+01, -2.1342766665032736e-02,  9.0202423497335038e-02,  5.0295636181870285e-01,  3.4967022570778231e+03,  6.0483963598967506e+01, -1.5001032893056392e+04,  1.0000273918444480e+01,  2.3993675174082356e+00,  2.8204224210565196e+00,  5.1978400498419704e-03,  1.7486760915423407e+00,  2.2706124687921103e-02,  2.7758322632433702e-01, -6.9489930912707459e-05,  2.5111656125577269e-03, -2.0636351916409963e-03,  0.0000000000000000e+00, -2.1233489662600819e-05, -1.9141335283592500e-03, -5.8196871946797086e-03,  0.0000000000000000e+00
 5.5244755244755241e+00,  6.3347155608177138e+02,  5.6228620097877437e-03,  2.7184115135435373e+01, -2.1342858485686456e-02,  9.0190068143021634e-02,  5.0295627537536791e-01,  3.5030310215520608e+03,  6.0748873115910420e+01, -1.5001030613504530e+04,  1.0000274601407263e+01,  2.3993823630620832e+00,  2.8255315760593787e+00,  5.1971447851836324e-03,  1.7487010825963469e+00,  2.2685218548478069e-02,  2.7758322632433702e-01, -6.9662938578924838e-05,  2.4921623840924181e-03, -2.1181593275824404e-03,  0.0000000000000000e+00, -1.3402645114117565e-05, -1.8903128103956108e-03, -5.0960448207975507e-03,  0.0000000000000000e+00
 5.5344655344655340e+00,  6.3347078801521320e+02,  5.6508670051586959e-03,  2.7184550162646836e+01, -2.1342950889226921e-02,  9.0177826418187099e-02,  5.0295619436024341e-01,  3.5093597549750416e+03,  6.1014346114315444e+01, -1.5001028330919067e+04,  1.0000275283815117e+01,  2.3993970878054403e+00,  2.8306407089379158e+00,  5.1964481829372966e-03,  1.7487258849965683e+00,  2.2663803822235141e-02,  2.7758322632433702e-01, -6.9831924240384383e-05,  2.4733986954180243e-03, -2.1672515780322881e-03,  0.0000000000000000e+00, -2.0428284310703637e-05, -1.8661776621959043e-03, -4.7322237192809419e-03,  0.0000000000000000e+00
 5.5444555444555448e+00,  6.3347002002978297e+02,  5.6789294863627245e-03,  2.7184981721590816e+01, -2.1343044306967311e-02,  9.0165697604459805e-02,  5.0295611932005879e-01,  3.5156884572954386e+03,  6.1280382594887790e+01, -1.5001026045320878e+04,  1.0000275965659705e+01,  2.3994116927428424e+00,  2.8357498199445543e+00,  5.1957495419420663e-03,  1.7487505011516999e+00,  2.2641916818647252e-02,  2.7758322632433702e-01, -7.0039061713680212e-05,  2.4548748700327608e-03, -2.2118329429403581e-03,  0.0000000000000000e+00, -2.1040637843120730e-05, -1.8422921799336567e-03, -4.1929655353143370e-03,  0.0000000000000000e+00
 5.5544455544455547e+00,  6.3346925212501185e+02,  5.7070486947032525e-03,  2.7185409847375151e+01, -2.1343138956778435e-02,  9.0153680975936692e-02,  5.0295605072222771e-01,  3.5220171284619423e+03,  6.1546982558288462e+01, -1.5001023756730609e+04,  1.0000276646929933e+01,  2.3994261789708502e+00,  2.8408589093354593e+00,  5.1950488010848754e-03,  1.7487749334455200e+00,  2.2619611355842725e-02,  2.7758322632433702e-01, -7.0242798777607896e-05,  2.4365881406057063e-03, -2.2504903436032283e-03,  0.0000000000000000e+00, -1.9747522354577848e-05, -1.8187110513844585e-03, -3.5462460773723172e-03,  0.0000000000000000e+00
 5.5644355644355645e+00,  6.3346848430043110e+02,  5.7352238360938064e-03,  2.7185834574757504e+01, -2.1343235034583921e-02,  9.0141775799595231e-02,  5.0295598893130133e-01,  3.5283457684232480e+03,  6.1814146005134539e+01, -1.5001021465168737e+04,  1.0000277327612848e+01,  2.3994405475781004e+00,  2.8459679773696540e+00,  5.1943460894190371e-03,  1.7487991842314323e+00,  2.2596951976617218e-02,  2.7758322632433702e-01, -7.0432297475560982e-05,  2.4185348821342883e-03, -2.2824056860237221e-03,  0.0000000000000000e+00, -1.8190116975629053e-05, -1.7955512945934489e-03, -2.8432054752106136e-03,  0.0000000000000000e+00
 5.5744255744255744e+00,  6.3346771655558200e+02,  5.7634540931360808e-03,  2.7186255938147514e+01, -2.1343332718619715e-02,  9.0129981335385995e-02,  5.0295593420412055e-01,  3.5346743771280812e+03,  6.2081872936000046e+01, -1.5001019170655461e+04,  1.0000278007693813e+01,  2.3994547996454756e+00,  2.8510770243079517e+00,  5.1936415623740750e-03,  1.7488232558207875e+00,  2.2574008844633460e-02,  2.7758322632433702e-01, -7.0605353192224835e-05,  2.4007101607990966e-03, -2.3070560577167724e-03,  0.0000000000000000e+00, -1.6455637500474150e-05, -1.7729579167119116e-03, -2.0917989377381395e-03,  0.0000000000000000e+00
 5.5844155844155843e+00,  6.3346694889001151e+02,  5.7917386375009585e-03,  2.7186673971609011e+01, -2.1343432171398918e-02,  9.0118296836985870e-02,  5.0295588668634195e-01,  3.5410029545251623e+03,  6.2350163351415851e+01, -1.5001016873210729e+04,  1.0000278687156603e+01,  2.3994689362461776e+00,  2.8561860504118273e+00,  5.1929353930515601e-03,  1.7488471504684113e+00,  2.2550856950489011e-02,  2.7758322632433702e-01, -7.0760645490750010e-05,  2.3831076900768964e-03, -2.3240024761810238e-03,  0.0000000000000000e+00, -1.4633880664266538e-05, -1.7510567218726111e-03, -1.3008740388050040e-03,  0.0000000000000000e+00
 5.5944055944055942e+00,  6.3346618130327215e+02,  5.8200766424595946e-03,  2.7187088708862884e+01, -2.1343533539691005e-02,  9.0106721553166499e-02,  5.0295584641038726e-01,  3.5473315005632376e+03,  6.2619017251870837e+01, -1.5001014572854405e+04,  1.0000279365983513e+01,  2.3994829584458963e+00,  2.8612950559423886e+00,  5.1922277632633707e-03,  1.7488708703600497e+00,  2.2527575228725748e-02,  2.7758322632433702e-01, -7.0897732209014526e-05,  2.3657200809018507e-03, -2.3328988253442000e-03,  0.0000000000000000e+00, -1.2810880332291815e-05, -1.7299426349716353e-03, -4.8017506366291804e-04,  0.0000000000000000e+00
 5.6043956043956040e+00,  6.3346541379492510e+02,  5.8484672954102392e-03,  2.7187500183290005e+01, -2.1343636952671968e-02,  9.0095254729658708e-02,  5.0295581329483108e-01,  3.5536600151910602e+03,  6.2888434637812288e+01, -1.5001012269606041e+04,  1.0000280044155506e+01,  2.3994968673029553e+00,  2.8664040411591558e+00,  5.1915188549454859e-03,  1.7488944176028949e+00,  2.2504245585347270e-02,  2.7758322632433702e-01, -7.1016987637975457e-05,  2.3485391949471419e-03, -2.3335007146129414e-03,  0.0000000000000000e+00, -1.1064056546316211e-05, -1.7096707331400328e-03,  3.5967683204009558e-04,  0.0000000000000000e+00
 5.6143856143856148e+00,  6.3346464636453379e+02,  5.8769098102427041e-03,  2.7187908427933959e+01, -2.1343742518563167e-02,  9.0083895611347026e-02,  5.0295578714526501e-01,  3.5599884983573920e+03,  6.3158415509646524e+01, -1.5001009963484947e+04,  1.0000280721652322e+01,  2.3995106638684867e+00,  2.8715130063190171e+00,  5.1908088424314431e-03,  1.7489177942200886e+00,  2.2480951837824389e-02,  2.7758322632433702e-01, -7.1119500209173650e-05,  2.3315565660540728e-03, -2.3256739990958840e-03,  0.0000000000000000e+00, -9.4589602075629006e-06, -1.6902515712522925e-03,  1.2072316144747669e-03,  0.0000000000000000e+00
 5.6243756243756247e+00,  6.3346387901166986e+02,  5.9054034393805606e-03,  2.7188313475505087e+01, -2.1343850320183693e-02,  9.0072643444587819e-02,  5.0295576765664252e-01,  3.5663169500110080e+03,  6.3428959867739493e+01, -1.5001007654510366e+04,  1.0000281398452668e+01,  2.3995243491866507e+00,  2.8766219516750606e+00,  5.1900978859103376e-03,  1.7489410021496692e+00,  2.2457778572378320e-02,  2.7758322632433702e-01, -7.1206945274453854e-05,  2.3147638554669773e-03, -2.3094026654252140e-03,  0.0000000000000000e+00, -8.0475418609002616e-06, -1.6716490883048752e-03,  2.0502893864140156e-03,  0.0000000000000000e+00
 5.6343656343656345e+00,  6.3346311173591414e+02,  5.9339474853381787e-03,  2.7188715358383710e+01, -2.1343960409898492e-02,  9.0061497479427891e-02,  5.0295575441713003e-01,  3.5726453701007158e+03,  6.3700067712416768e+01, -1.5001005342701192e+04,  1.0000282074534498e+01,  2.3995379242948158e+00,  2.8817308774755785e+00,  5.1893861262421433e-03,  1.7489640432481699e+00,  2.2434809926427282e-02,  2.7758322632433702e-01, -7.1281447330899669e-05,  2.2981532998561137e-03, -2.2847957657115741e-03,  0.0000000000000000e+00, -6.8677698395499430e-06, -1.6537841449899967e-03,  2.8760119362567539e-03,  0.0000000000000000e+00
 5.6443556443556444e+00,  6.3346234453684588e+02,  5.9625413116292892e-03,  2.7189114108624015e+01, -2.1344072804454453e-02,  9.0050456971506487e-02,  5.0295574691346845e-01,  3.5789737585752960e+03,  6.3971739043964611e+01, -1.5001003028076264e+04,  1.0000282749875261e+01,  2.3995513902238161e+00,  2.8868397839629587e+00,  5.1886736811684615e-03,  1.7489869192985175e+00,  2.2412128307329138e-02,  2.7758322632433702e-01, -7.1332764117936582e-05,  2.2817177351118255e-03, -2.2502552346042666e-03,  0.0000000000000000e+00, -3.4058509252425577e-06, -1.6366159168165776e-03,  4.0390023914262350e-03,  0.0000000000000000e+00
 5.6543456543456543e+00,  6.3346157741405978e+02,  5.9911843528644071e-03,  2.7189509757957566e+01, -2.1344187480167587e-02,  9.0039521183453305e-02,  5.0295574453781533e-01,  3.5853021153835857e+03,  6.4243973862630753e+01, -1.5001000710654034e+04,  1.0000283424452228e+01,  2.3995647479981663e+00,  2.8919486713728428e+00,  5.1879608961898369e-03,  1.7490096320141062e+00,  2.2389849781879745e-02,  2.7758322632433702e-01, -7.1316815530303275e-05,  2.2654503999048601e-03, -2.1984743867643729e-03,  0.0000000000000000e+00,  6.5987581694313079e-06, -1.6201045916179567e-03,  6.3275233461206467e-03,  0.0000000000000000e+00
 5.6643356643356642e+00,  6.3346081036714759e+02,  6.0198761489808393e-03,  2.7189902337797417e+01, -2.1344304538642309e-02,  9.0028689384691440e-02,  5.0295574640991914e-01,  3.5916304404744033e+03,  6.4516772168624016e+01, -1.5000998390452942e+04,  1.0000284098242249e+01,  2.3995779986364139e+00,  2.8970575399324345e+00,  5.1872487697692546e-03,  1.7490321830427713e+00,  2.2368202745156024e-02,  2.7758322632433702e-01, -7.1318694835458170e-05,  2.2493497385242573e-03, -2.1405719512578403e-03,  0.0000000000000000e+00, -6.9749950614418258e-06, -1.6032478167787407e-03,  5.2645442422873303e-03,  0.0000000000000000e+00
 5.6743256743256740e+00,  6.3346004339571562e+02,  6.0486163447136454e-03,  2.7190291879240881e+01, -2.1344423904254128e-02,  9.0017960852271803e-02,  5.0295575163221462e-01,  3.5979587337965777e+03,  6.4790133962115959e+01, -1.5000996067491113e+04,  1.0000284771221247e+01,  2.3995911431515662e+00,  2.9021663898585723e+00,  5.1865359472420755e-03,  1.7490545740668240e+00,  2.2347081111524943e-02,  2.7758322632433702e-01, -7.1390822321998912e-05,  2.2334146871129260e-03, -2.0855289903169991e-03,  0.0000000000000000e+00, -7.4649277440129098e-06, -1.5869494757698001e-03,  5.7550565380691350e-03,  0.0000000000000000e+00
 5.6843156843156839e+00,  6.3345927649937130e+02,  6.0774046806270285e-03,  2.7190678413073275e+01, -2.1344545337540519e-02,  9.0007334870558800e-02,  5.0295575932446157e-01,  3.6042869952989831e+03,  6.5064059243240237e+01, -1.5000993741786535e+04,  1.0000285443366694e+01,  2.3996041825510837e+00,  2.9072752213581583e+00,  5.1858223797128710e-03,  1.7490768067128435e+00,  2.2326533834260580e-02,  2.7758322632433702e-01, -7.1468993185818622e-05,  2.2176423205749799e-03, -2.0258677550144908e-03,  0.0000000000000000e+00, -8.1848791933287339e-06, -1.5706783051071638e-03,  6.1891227694745900e-03,  0.0000000000000000e+00
 5.6943056943056947e+00,  6.3345850967772787e+02,  6.1062409922062076e-03,  2.7191061969770743e+01, -2.1344668537241054e-02,  8.9996810729744844e-02,  5.0295576861002300e-01,  3.6106152249304678e+03,  6.5338548012094208e+01, -1.5000991413356984e+04,  1.0000286114658374e+01,  2.3996171178369465e+00,  2.9123840346282730e+00,  5.1851079953302709e-03,  1.7490988826046976e+00,  2.2306604233302874e-02,  2.7758322632433702e-01, -7.1554354892610579e-05,  2.2020329736886445e-03, -1.9623254507129002e-03,  0.0000000000000000e+00, -8.9045345064213977e-06, -1.5543129415371150e-03,  6.5320465517034717e-03,  0.0000000000000000e+00
 5.7042957042957045e+00,  6.3345774293040620e+02,  6.1351252161572223e-03,  2.7191442579503061e+01, -2.1344793149820945e-02,  8.9986387723751601e-02,  5.0295577858356744e-01,  3.6169434226399108e+03,  6.5613600268737756e+01, -1.5000989082220072e+04,  1.0000286785079101e+01,  2.3996299500057070e+00,  2.9174928298559730e+00,  5.1843927222724592e-03,  1.7491208033756545e+00,  2.2287326532548033e-02,  2.7758322632433702e-01, -7.1646599013928356e-05,  2.1865880363872970e-03, -1.8958987199794305e-03,  0.0000000000000000e+00, -9.5627385807585279e-06, -1.5377635062121800e-03,  6.7665849411541910e-03,  0.0000000000000000e+00
 5.7142857142857144e+00,  6.3345697625703178e+02,  6.1640573913103215e-03,  2.7191820272135669e+01, -2.1344918781312613e-02,  8.9976065147890305e-02,  5.0295578832594590e-01,  3.6232715883761916e+03,  6.5889216013195465e+01, -1.5000986748393181e+04,  1.0000287454615071e+01,  2.3996426800485624e+00,  2.9226016072181271e+00,  5.1836764948504721e-03,  1.7491425706773527e+00,  2.2268724138997591e-02,  2.7758322632433702e-01, -7.1745246995386748e-05,  2.1713096121356332e-03, -1.8277051786123001e-03,  0.0000000000000000e+00, -1.0186587307214155e-05, -1.5209770289709200e-03,  6.8857620405454864e-03,  0.0000000000000000e+00
 5.7242757242757243e+00,  6.3345620965723492e+02,  6.1930376577957035e-03,  2.7192195077231691e+01, -2.1345045009056662e-02,  8.9965842296323317e-02,  5.0295579691944381e-01,  3.6295997220882155e+03,  6.6165395245455258e+01, -1.5000984411893587e+04,  1.0000288123256281e+01,  2.3996553089513797e+00,  2.9277103668813016e+00,  5.1829592508040199e-03,  1.7491641861850877e+00,  2.2250808946561774e-02,  2.7758322632433702e-01, -7.1850138986982132e-05,  2.1562001344090503e-03, -1.7589244516675981e-03,  0.0000000000000000e+00, -1.0812789410180671e-05, -1.5039404118909778e-03,  6.8841394937839782e-03,  0.0000000000000000e+00
 5.7342657342657342e+00,  6.3345544313065636e+02,  6.2220662545042780e-03,  2.7192567024053449e+01, -2.1345171392837370e-02,  8.9955718459550610e-02,  5.0295580346321556e-01,  3.6359278237248955e+03,  6.6442137965470366e+01, -1.5000982072738308e+04,  1.0000288790996686e+01,  2.3996678376946412e+00,  2.9328191090018705e+00,  5.1822409276379450e-03,  1.7491856515991191e+00,  2.2233580793309927e-02,  2.7758322632433702e-01, -7.1961499147495686e-05,  2.1412619746259990e-03, -1.6907818252139479e-03,  0.0000000000000000e+00, -1.1481514724633937e-05, -1.4866791766759281e-03,  6.7580143222369842e-03,  0.0000000000000000e+00
 5.7442557442557440e+00,  6.3345467667693367e+02,  6.2511435148485048e-03,  2.7192936141564150e+01, -2.1345297485095824e-02,  8.9945692922147047e-02,  5.0295580708868470e-01,  3.6422558932351503e+03,  6.6719444173158308e+01, -1.5000979730944224e+04,  1.0000289457834359e+01,  2.3996802672533564e+00,  2.9379278337262740e+00,  5.1815214586132608e-03,  1.7492069686421232e+00,  2.2217027091912145e-02,  2.7758322632433702e-01, -7.2079942377830406e-05,  2.1264970800090291e-03, -1.6245299786919669e-03,  0.0000000000000000e+00, -1.2230819988377432e-05, -1.4692527256415021e-03,  6.5056053514637750e-03,  0.0000000000000000e+00
 5.7542457542457539e+00,  6.3345391029571749e+02,  6.2802698608630430e-03,  2.7193302458428857e+01, -2.1345422840063341e-02,  8.9935764960945422e-02,  5.0295580697469022e-01,  3.6485839305679019e+03,  6.6997313868402287e+01, -1.5000977386528019e+04,  1.0000290123771597e+01,  2.3996925985969306e+00,  2.9430365411913679e+00,  5.1808007689490773e-03,  1.7492281390532651e+00,  2.2201122651877521e-02,  2.7758322632433702e-01, -7.2206430181282285e-05,  2.1119066749583390e-03, -1.5614289462105399e-03,  0.0000000000000000e+00, -1.3092038263329707e-05, -1.4517463654878117e-03,  6.1272213513035691e-03,  0.0000000000000000e+00
 5.7642357642357647e+00,  6.3345314398665971e+02,  6.3094457957104258e-03,  2.7193666003015906e+01, -2.1345547021794743e-02,  8.9925933843828021e-02,  5.0295580236214998e-01,  3.6549119356721117e+03,  6.7275747051050985e+01, -1.5000975039506233e+04,  1.0000290788814789e+01,  2.3997048326889767e+00,  2.9481452315249483e+00,  5.1800787726955528e-03,  1.7492491645796848e+00,  2.2185829710369476e-02,  2.7758322632433702e-01, -7.2342186400225976e-05,  2.0974910518436673e-03, -1.5027245276683099e-03,  0.0000000000000000e+00, -1.4086356769196006e-05, -1.4342613820693185e-03,  5.6254032408505046e-03,  0.0000000000000000e+00
 5.7742257742257745e+00,  6.3345237774942063e+02,  6.3386718946812984e-03,  2.7194026803398266e+01, -2.1345669611183157e-02,  8.9916198829228633e-02,  5.0295579256801193e-01,  3.6612399084967124e+03,  6.7554743720918850e+01, -1.5000972689895134e+04,  1.0000291452974349e+01,  2.3997169704871117e+00,  2.9532539048464224e+00,  5.1793553706194024e-03,  1.7492700469663889e+00,  2.2171098185790241e-02,  2.7758322632433702e-01, -7.2488585246322109e-05,  2.0832494695724366e-03, -1.4496254486704391e-03,  0.0000000000000000e+00, -1.5222692218605044e-05, -1.4169033886496393e-03,  5.0050323745362375e-03,  0.0000000000000000e+00
 5.7842157842157844e+00,  6.3345161158366216e+02,  6.3679487948040689e-03,  2.7194384887355103e+01, -2.1345790212106246e-02,  8.9906559166385597e-02,  5.0295577699825622e-01,  3.6675678489906823e+03,  6.7834303877786368e+01, -1.5000970337711024e+04,  1.0000292116264568e+01,  2.3997290129427253e+00,  2.9583625612676276e+00,  5.1786304493140079e-03,  1.7492907879457102e+00,  2.2156866164941495e-02,  2.7758322632433702e-01, -7.2647024452202345e-05,  2.0691801610801439e-03, -1.4032796484499341e-03,  0.0000000000000000e+00, -1.6496836798617953e-05, -1.3997721715074266e-03,  4.2733968296089810e-03,  0.0000000000000000e+00
 5.7942057942057943e+00,  6.3345084548905209e+02,  6.3972771832038868e-03,  2.7194740282373150e+01, -2.1345908456884631e-02,  8.9897014096318714e-02,  5.0295575515972202e-01,  3.6738957571030060e+03,  6.8114427521400458e+01, -1.5000967982969831e+04,  1.0000292778703328e+01,  2.3997409610007141e+00,  2.9634712008937116e+00,  5.1779038816193584e-03,  1.7493113892273495e+00,  2.2143060630376656e-02,  2.7758322632433702e-01, -7.2818795694066062e-05,  2.0552804505764815e-03, -1.3647501522765228e-03,  0.0000000000000000e+00, -1.7891765822498429e-05, -1.3829498713257727e-03,  3.4402083043080177e-03,  0.0000000000000000e+00
 5.8041958041958042e+00,  6.3345007946526698e+02,  6.4266577843749423e-03,  2.7195093015649103e+01, -2.1346024011233065e-02,  8.9887562853441766e-02,  5.0295572667053312e-01,  3.6802236327826586e+03,  6.8395114651475083e+01, -1.5000965625687408e+04,  1.0000293440311957e+01,  2.3997528155992356e+00,  2.9685798238242072e+00,  5.1771755283211195e-03,  1.7493318524901773e+00,  2.2129598429631275e-02,  2.7758322632433702e-01, -7.3004962952770617e-05,  2.0415469622644638e-03, -1.3349910534995349e-03,  0.0000000000000000e+00, -1.9378919370156488e-05, -1.3664944887402360e-03,  2.5175632708450517e-03,  0.0000000000000000e+00
 5.8141858141858140e+00,  6.3344931351198409e+02,  6.4560913465531913e-03,  2.7195443114091720e+01, -2.1346136578857478e-02,  8.9878204667662692e-02,  5.0295569126889195e-01,  3.6865514759786424e+03,  6.8676365267690642e+01, -1.5000963265879425e+04,  1.0000294101114712e+01,  2.3997645776694583e+00,  2.9736884301541111e+00,  5.1764452410009215e-03,  1.7493521793764457e+00,  2.2116387482454588e-02,  2.7758322632433702e-01, -7.3206257367470424e-05,  2.0279758959956167e-03, -1.3148241856778325e-03,  0.0000000000000000e+00, -2.0920222452744752e-05, -1.3504329782830118e-03,  1.5198436670598040e-03,  0.0000000000000000e+00
 5.8241758241758239e+00,  6.3344854762889008e+02,  6.4855786273991496e-03,  2.7195790604324543e+01, -2.1346245905804175e-02,  8.9868938766792417e-02,  5.0295564882004562e-01,  3.6928792866399644e+03,  6.8958179369694861e+01, -1.5000960903561438e+04,  1.0000294761138688e+01,  2.3997762481352747e+00,  2.9787970199751594e+00,  5.1757128658362550e-03,  1.7493723714890983e+00,  2.2103328216131219e-02,  2.7758322632433702e-01, -7.3422994759843172e-05,  2.0145633431664545e-03, -1.3049171018324071e-03,  0.0000000000000000e+00, -2.2470603500279854e-05, -1.3347600981152351e-03,  4.6355451879440032e-04,  0.0000000000000000e+00
 5.8341658341658338e+00,  6.3344778181567017e+02,  6.5151203792198345e-03,  2.7196135512688535e+01, -2.1346351784611969e-02,  8.9859764379050397e-02,  5.0295559932123535e-01,  3.6992070647156438e+03,  6.9240556957102342e+01, -1.5000958538748799e+04,  1.0000295420413181e+01,  2.3997878279131366e+00,  2.9839055933770533e+00,  5.1749782480986269e-03,  1.7493924303922932e+00,  2.2090315212687707e-02,  2.7758322632433702e-01, -7.3655019520353079e-05,  2.0013056040929411e-03, -1.3057629930593037e-03,  0.0000000000000000e+00, -2.3980753554457932e-05, -1.3194392643843011e-03, -6.3290194243065376e-04,  0.0000000000000000e+00
 5.8441558441558445e+00,  6.3344701607202012e+02,  6.5447173339767484e-03,  2.7196477865245662e+01, -2.1346454058253281e-02,  8.9850680735464525e-02,  5.0295554290445033e-01,  3.7055348101547083e+03,  6.9523498029495954e+01, -1.5000956171456621e+04,  1.0000296078969420e+01,  2.3997993179117683e+00,  2.9890141504487966e+00,  5.1742412370746095e-03,  1.7494123576150542e+00,  2.2077239045440723e-02,  2.7758322632433702e-01, -7.3901676178926920e-05,  1.9881994779688008e-03, -1.3176631707108053e-03,  0.0000000000000000e+00, -2.5399909492021773e-05, -1.3044071856684600e-03, -1.7495136233999142e-03,  0.0000000000000000e+00
 5.8541458541458544e+00,  6.3344625039763935e+02,  6.5743701883410341e-03,  2.7196817687781543e+01, -2.1346552623795048e-02,  8.9841687071966048e-02,  5.0295547983685718e-01,  3.7118625229062059e+03,  6.9807002586425710e+01, -1.5000953801700065e+04,  1.0000296736840017e+01,  2.3998107190320277e+00,  2.9941226912800407e+00,  5.1735016911320150e-03,  1.7494321546575873e+00,  2.2063988276209968e-02,  2.7758322632433702e-01, -7.4161807956514461e-05,  1.9752424928888299e-03, -1.3407127046376702e-03,  0.0000000000000000e+00, -2.6678472380346256e-05, -1.2895812273593498e-03, -2.8650030687466092e-03,  0.0000000000000000e+00
 5.8641358641358643e+00,  6.3344548479223192e+02,  6.6040795890668913e-03,  2.7197155005809275e+01, -2.1346647435659335e-02,  8.9832782631028604e-02,  5.0295541051880299e-01,  3.7181902029191751e+03,  7.0091070627409991e+01, -1.5000951429493949e+04,  1.0000297394058503e+01,  2.3998220321666772e+00,  2.9992312159623951e+00,  5.1727594826698840e-03,  1.7494518229995275e+00,  2.2050451578814596e-02,  2.7758322632433702e-01, -7.4434141069421687e-05,  1.9624330538006948e-03, -1.3747435989189454e-03,  0.0000000000000000e+00, -2.7842616823678992e-05, -1.2748684780853434e-03, -3.9479819663647492e-03,  0.0000000000000000e+00
 5.8741258741258742e+00,  6.3344471925550613e+02,  6.6338461189608278e-03,  2.7197489844572349e+01, -2.1346738508326451e-02,  8.9823966662735774e-02,  5.0295533547931337e-01,  3.7245178501426876e+03,  7.0375702151934902e+01, -1.5000949054853039e+04,  1.0000298050658751e+01,  2.3998332582002777e+00,  3.0043397245907513e+00,  5.1720144955062523e-03,  1.7494713641092117e+00,  2.2036520871636163e-02,  2.7758322632433702e-01, -7.4715348082155010e-05,  1.9497703345949140e-03, -1.4180944898471138e-03,  0.0000000000000000e+00, -2.8455027125533662e-05, -1.2602079069119591e-03, -4.7308663974546927e-03,  0.0000000000000000e+00
 5.8841158841158840e+00,  6.3344395378717627e+02,  6.6636702932506651e-03,  2.7197822229048132e+01, -2.1346825917602220e-02,  8.9815238424915525e-02,  5.0295525531161434e-01,  3.7308454645258080e+03,  7.0660897159455018e+01, -1.5000946677791884e+04,  1.0000298706674457e+01,  2.3998443980090514e+00,  3.0094482172642749e+00,  5.1712666685223884e-03,  1.7494907794497692e+00,  2.2022118022573894e-02,  2.7758322632433702e-01, -7.5001236537269354e-05,  1.9372545538373978e-03, -1.4707374151552183e-03,  0.0000000000000000e+00, -2.8779841588358207e-05, -1.2454514007428075e-03, -5.8082472492279515e-03,  0.0000000000000000e+00
 5.8941058941058939e+00,  6.3344318838695983e+02,  6.6935525471646315e-03,  2.7198152183950462e+01, -2.1346909804588060e-02,  8.9806597182893258e-02,  5.0295517070195572e-01,  3.7371730460176209e+03,  7.0946655649393676e+01, -1.5000944298324976e+04,  1.0000299362138470e+01,  2.3998554524608515e+00,  3.0145566940871666e+00,  5.1705159693017115e-03,  1.7495100704939037e+00,  2.2007135508695999e-02,  2.7758322632433702e-01, -7.5293172944712261e-05,  1.9248869522539237e-03, -1.5344799266447753e-03,  0.0000000000000000e+00, -2.9665827181714202e-05, -1.2305424362687332e-03, -6.9530035509815027e-03,  0.0000000000000000e+00
 5.9040959040959038e+00,  6.3344242305457897e+02,  6.7234932116343807e-03,  2.7198479733732924e+01, -2.1346990372702490e-02,  8.9798042209916121e-02,  5.0295508252301846e-01,  3.7435005945672242e+03,  7.1232977621142965e+01, -1.5000941916466554e+04,  1.0000300017082282e+01,  2.3998664224150121e+00,  3.0196651551698954e+00,  5.1697623094225939e-03,  1.7495292387295345e+00,  2.1991459082980593e-02,  2.7758322632433702e-01, -7.5589760170315974e-05,  1.9126688813368542e-03, -1.6078018794868406e-03,  0.0000000000000000e+00, -2.9710935384149973e-05, -1.2155153613286156e-03, -7.7260514080001366e-03,  0.0000000000000000e+00
 5.9140859140859137e+00,  6.3344165778976208e+02,  6.7534925040559348e-03,  2.7198804902591537e+01, -2.1347067885593023e-02,  8.9789572785458655e-02,  5.0295499175023173e-01,  3.7498281101236948e+03,  7.1519863074063821e+01, -1.5000939532230790e+04,  1.0000300671535456e+01,  2.3998773087221097e+00,  3.0247736006309172e+00,  5.1690056843832237e-03,  1.7495482856563680e+00,  2.1975011595019939e-02,  2.7758322632433702e-01, -7.5885142497178333e-05,  1.9006017099152659e-03, -1.6881887366334265e-03,  0.0000000000000000e+00, -2.9424606454366382e-05, -1.2003323572563761e-03, -8.3673973927608399e-03,  0.0000000000000000e+00
 5.9240759240759244e+00,  6.3344089259223927e+02,  6.7835505235016311e-03,  2.7199127714466755e+01, -2.1347142665337559e-02,  8.9781188193630845e-02,  5.0295489942708238e-01,  3.7561555926361693e+03,  7.1807312007486345e+01, -1.5000937145631691e+04,  1.0000301325524980e+01,  2.3998881122239109e+00,  3.0298820305973724e+00,  5.1682461227593136e-03,  1.7495672127896726e+00,  2.1957729038292611e-02,  2.7758322632433702e-01, -7.6167746240049007e-05,  1.8886866652346338e-03, -1.7739396981380497e-03,  0.0000000000000000e+00, -2.7152662868341617e-05, -1.1850595878061230e-03, -8.7999451004641543e-03,  0.0000000000000000e+00
 5.9340659340659343e+00,  6.3344012746174621e+02,  6.8136672459564954e-03,  2.7199448193045907e+01, -2.1347215088853067e-02,  8.9772887721679767e-02,  5.0295480664683689e-01,  3.7624830420537564e+03,  7.2095324420710099e+01, -1.5000934756683102e+04,  1.0000301979074854e+01,  2.3998988337533032e+00,  3.0349904452057084e+00,  5.1674838512915143e-03,  1.7495860216536754e+00,  2.1939568244407789e-02,  2.7758322632433702e-01, -7.6410517556474493e-05,  1.8769241062889350e-03, -1.8623435254199066e-03,  0.0000000000000000e+00, -2.1450154679361089e-05, -1.1698047131395023e-03, -8.8985011213472010e-03,  0.0000000000000000e+00
 5.9440559440559442e+00,  6.3343936239802304e+02,  6.8438425249875701e-03,  2.7199766361765590e+01, -2.1347285738068166e-02,  8.9764670659192761e-02,  5.0295471450600859e-01,  3.7688104583255904e+03,  7.2383900313004517e+01, -1.5000932365398741e+04,  1.0000302632204932e+01,  2.3999094741342524e+00,  3.0400988446019719e+00,  5.1667194390918516e-03,  1.7496047137708173e+00,  2.1920519377445061e-02,  2.7758322632433702e-01, -7.6667385128344570e-05,  1.8653152821165525e-03, -1.9537132855309402e-03,  0.0000000000000000e+00, -2.9974733209028382e-05, -1.1542818861714646e-03, -9.3937248528819552e-03,  0.0000000000000000e+00
 5.9540459540459540e+00,  6.3343859740081427e+02,  6.8740760899316661e-03,  2.7200082243812805e+01, -2.1347355085405424e-02,  8.9756536295725234e-02,  5.0295462412522407e-01,  3.7751378414008032e+03,  7.2673039683608778e+01, -1.5000929971792186e+04,  1.0000303284929732e+01,  2.3999200341818328e+00,  3.0452072289418348e+00,  5.1659520354048341e-03,  1.7496232906902811e+00,  2.1900533013927651e-02,  2.7758322632433702e-01, -7.6959747803543216e-05,  1.8538599196518783e-03, -2.0476748014034082e-03,  0.0000000000000000e+00, -2.8556274365740894e-05, -1.1390816792563327e-03, -9.4173706247863437e-03,  0.0000000000000000e+00
 5.9640359640359639e+00,  6.3343783246986641e+02,  6.9043675450258385e-03,  2.7200395862127394e+01, -2.1347423539261421e-02,  8.9748483920292069e-02,  5.0295453663184142e-01,  3.7814651912285631e+03,  7.2962742531732445e+01, -1.5000927575876891e+04,  1.0000303937260179e+01,  2.3999305147021559e+00,  3.0503155983908767e+00,  5.1651817817930795e-03,  1.7496417539290521e+00,  2.1879606794000438e-02,  2.7758322632433702e-01, -7.7235156413090733e-05,  1.8425550869533118e-03, -2.1408991851659632e-03,  0.0000000000000000e+00, -2.6580529265672782e-05, -1.1241458269967380e-03, -9.2461510044773883e-03,  0.0000000000000000e+00
 5.9740259740259738e+00,  6.3343706760493160e+02,  6.9347163741040538e-03,  2.7200707239403847e+01, -2.1347491542315158e-02,  8.9740512821468041e-02,  5.0295445312480946e-01,  3.7877925077580098e+03,  7.3253008856555738e+01, -1.5000925177666195e+04,  1.0000304589203376e+01,  2.3999409164924206e+00,  3.0554239531243925e+00,  5.1644088754365406e-03,  1.7496601049777327e+00,  2.1857757805432827e-02,  2.7758322632433702e-01, -7.7488573934677589e-05,  1.8313975427618691e-03, -2.2314245029896604e-03,  0.0000000000000000e+00, -2.4153658556015904e-05, -1.1095945201300896e-03, -8.8770176238270378e-03,  0.0000000000000000e+00
 5.9840159840159837e+00,  6.3343630280576599e+02,  6.9651219471628624e-03,  2.7201016398093159e+01, -2.1347559568641969e-02,  8.9732622287600317e-02,  5.0295437465172443e-01,  3.7941197909383191e+03,  7.3543838657229557e+01, -1.5000922777173222e+04,  1.0000305240762270e+01,  2.3999512403409340e+00,  3.0605322933270549e+00,  5.1636335585376414e-03,  1.7496783452885478e+00,  2.1835022887846799e-02,  2.7758322632433702e-01, -7.7716082047160813e-05,  1.8203829054238743e-03, -2.3172803079151774e-03,  0.0000000000000000e+00, -2.1393465563815391e-05, -1.0955358749202184e-03, -8.3113145222815099e-03,  0.0000000000000000e+00
 5.9940059940059944e+00,  6.3343553807213050e+02,  6.9955835294322017e-03,  2.7201323360405695e+01, -2.1347628117532571e-02,  8.9724811607518468e-02,  5.0295430218606452e-01,  3.8004470407186782e+03,  7.3835231932876837e+01, -1.5000920374411075e+04,  1.0000305891935387e+01,  2.3999614870272730e+00,  3.0656406191922758e+00,  5.1628561065644694e-03,  1.7496964762645544e+00,  2.1811458498581373e-02,  2.7758322632433702e-01, -7.7914955476080566e-05,  1.8095058261370217e-03, -2.3965322800706562e-03,  0.0000000000000000e+00, -1.8420994905919242e-05, -1.0820553983075865e-03, -7.5549303032448308e-03,  0.0000000000000000e+00
 6.0039960039960043e+00,  6.3343477340378445e+02,  7.0261002928604386e-03,  2.7201628148312935e+01, -2.1347697704265933e-02,  8.9717080071666039e-02,  5.0295423660513405e-01,  3.8067742570482546e+03,  7.4127188682590770e+01, -1.5000917969392629e+04,  1.0000306542716533e+01,  2.3999716573224021e+00,  3.0707489309213312e+00,  5.1620768161704869e-03,  1.7497144992511080e+00,  2.1787140125008223e-02,  2.7758322632433702e-01, -7.8083659831361781e-05,  1.7987602536917767e-03, -2.4673278464135999e-03,  0.0000000000000000e+00, -1.5353617020685180e-05, -1.0692082052465061e-03, -6.6183420785906749e-03,  0.0000000000000000e+00
 6.0139860139860142e+00,  6.3343400880049921e+02,  7.0566713298639370e-03,  2.7201930783550491e+01, -2.1347768848308264e-02,  8.9709426973534831e-02,  5.0295417866920622e-01,  3.8131014398762632e+03,  7.4419708905437901e+01, -1.5000915562130662e+04,  1.0000307193094692e+01,  2.3999817519889080e+00,  3.0758572287223944e+00,  5.1612959934809258e-03,  1.7497324155303624e+00,  2.1762161238912770e-02,  2.7758322632433702e-01, -7.8221788753691628e-05,  1.7881397650707938e-03, -2.5279416680104669e-03,  0.0000000000000000e+00, -1.2299793229750919e-05, -1.0570136166742673e-03, -5.5165450051022601e-03,  0.0000000000000000e+00
 6.0239760239760241e+00,  6.3343324426204265e+02,  7.0872956691330992e-03,  2.7202231287620581e+01, -2.1347842059578400e-02,  8.9701851611248828e-02,  5.0295412900240655e-01,  3.8194285891518998e+03,  7.4712792600456822e+01, -1.5000913152637884e+04,  1.0000307843053964e+01,  2.3999917717812336e+00,  3.0809655128092213e+00,  5.1605139432683153e-03,  1.7497502263193412e+00,  2.1736631799973049e-02,  2.7758322632433702e-01, -7.8330000984466961e-05,  1.7776379528934279e-03, -2.5770115773283073e-03,  0.0000000000000000e+00, -9.3642953714694677e-06, -1.0454491812344345e-03, -4.3072508403294617e-03,  0.0000000000000000e+00
 6.0339660339660339e+00,  6.3343247978819534e+02,  7.1179722932301417e-03,  2.7202529681795369e+01, -2.1347917823517661e-02,  8.9694353289118442e-02,  5.0295408807582831e-01,  3.8257557048243830e+03,  7.5006439766658318e+01, -1.5000910740926771e+04,  1.0000308492573717e+01,  2.4000017174459978e+00,  3.0860737833997676e+00,  5.1597309584962212e-03,  1.7497679327721785e+00,  2.1710672496109008e-02,  2.7758322632433702e-01, -7.8409935770659475e-05,  1.7672488140375348e-03, -2.6138069167701023e-03,  0.0000000000000000e+00, -6.6386488242722325e-06, -1.0344564177153898e-03, -3.0591761159179730e-03,  0.0000000000000000e+00
 6.0439560439560438e+00,  6.3343171537872900e+02,  7.1487001482155865e-03,  2.7202825987119635e+01, -2.1347996585676869e-02,  8.9686931319391844e-02,  5.0295405625264467e-01,  3.8320827868429319e+03,  7.5300650403027191e+01, -1.5000908327009804e+04,  1.0000309141628827e+01,  2.4000115897223164e+00,  3.0911820407148438e+00,  5.1589473111849854e-03,  1.7497855359859553e+00,  2.1684407885552068e-02,  2.7758322632433702e-01, -7.8450453999769903e-05,  1.7569665162484576e-03, -2.6341647838887469e-03,  0.0000000000000000e+00, -1.4731006436357118e-06, -1.0240595996578888e-03, -1.0164688812347379e-03,  0.0000000000000000e+00
 6.0539460539460537e+00,  6.3343095103343137e+02,  7.1794781727101574e-03,  2.7203120224413873e+01, -2.1348078736650167e-02,  8.9679585022563513e-02,  5.0295403367322911e-01,  3.8384098351567864e+03,  7.5595424508521631e+01, -1.5000905910899184e+04,  1.0000309790190075e+01,  2.4000213893421067e+00,  3.0962902849767113e+00,  5.1581635168578641e-03,  1.7498030369982773e+00,  2.1658041831096247e-02,  2.7758322632433702e-01, -7.8405630276688011e-05,  1.7467854401474229e-03, -2.6288477481950794e-03,  0.0000000000000000e+00,  1.0446810004629730e-05, -1.0141918357692817e-03,  2.0809394271069539e-03,  0.0000000000000000e+00
 6.0639360639360635e+00,  6.3343018675208691e+02,  7.2103053497322668e-03,  2.7203412414277128e+01, -2.1348164776172386e-02,  8.9672313727082398e-02,  5.0295402007076517e-01,  3.8447368497151770e+03,  7.5890762082073849e+01, -1.5000903492607129e+04,  1.0000310438224068e+01,  2.4000311170307191e+00,  3.1013985164059901e+00,  5.1573807651255112e-03,  1.7498204367939503e+00,  2.1631883455018701e-02,  2.7758322632433702e-01, -7.8362015377040047e-05,  1.7367048515431567e-03, -2.6093026754785819e-03,  0.0000000000000000e+00, -1.7151070958028315e-06, -1.0039420027892760e-03,  1.8319841307125170e-03,  0.0000000000000000e+00
 6.0739260739260743e+00,  6.3342942253448712e+02,  7.2411807130721793e-03,  2.7203702577089640e+01, -2.1348254990607655e-02,  8.9665116770330483e-02,  5.0295401506972559e-01,  3.8510638304673621e+03,  7.6186663122591114e+01, -1.5000901072145682e+04,  1.0000311085692779e+01,  2.4000407735075844e+00,  3.1065067352185376e+00,  5.1565978422249562e-03,  1.7498377363959106e+00,  2.1605907911506263e-02,  2.7758322632433702e-01, -7.8377070970380436e-05,  1.7267241535720667e-03, -2.5836671141452388e-03,  0.0000000000000000e+00, -1.2990226909428291e-06, -9.9419373102288240e-04,  3.3002552482226367e-03,  0.0000000000000000e+00
 6.0839160839160842e+00,  6.3342865838042576e+02,  7.2721033494415038e-03,  2.7203990733015655e+01, -2.1348349454823959e-02,  8.9657993498379635e-02,  5.0295401820444174e-01,  3.8573907773625915e+03,  7.6483127628955216e+01, -1.5000898649526773e+04,  1.0000311732556545e+01,  2.4000503594863689e+00,  3.1116149416251324e+00,  5.1558147896815475e-03,  1.7498549367770386e+00,  2.1580261734456357e-02,  2.7758322632433702e-01, -7.8385816133366620e-05,  1.7168405744578984e-03, -2.5423881501690296e-03,  0.0000000000000000e+00, -4.5175893819422902e-07, -9.8449880764889773e-04,  4.9637933398372401e-03,  0.0000000000000000e+00
 6.0939060939060941e+00,  6.3342789428970070e+02,  7.3030724260020174e-03,  2.7204276902005606e+01, -2.1348448129374701e-02,  8.9650943264413849e-02,  5.0295402882086826e-01,  3.8637176903501390e+03,  7.6780155600023932e+01, -1.5000896224762193e+04,  1.0000312378775257e+01,  2.4000598756752942e+00,  3.1167231358298961e+00,  5.1550316920524614e-03,  1.7498720389048907e+00,  2.1555110945468921e-02,  2.7758322632433702e-01, -7.8389539003589874e-05,  1.7070544641037721e-03, -2.4863136339962465e-03,  0.0000000000000000e+00, -2.9355968050123391e-07, -9.7468048524724398e-04,  6.2623247979540818e-03,  0.0000000000000000e+00
 6.1038961038961039e+00,  6.3342713026211345e+02,  7.3340872140040397e-03,  2.7204561103798156e+01, -2.1348550866554499e-02,  8.9643965426835698e-02,  5.0295404605359229e-01,  3.8700445693792908e+03,  7.7077747034630747e+01, -1.5000893797863673e+04,  1.0000313024309518e+01,  2.4000693227775685e+00,  3.1218313180284563e+00,  5.1542485651260312e-03,  1.7498890437593384e+00,  2.1530585138372516e-02,  2.7758322632433702e-01, -7.8394529690596108e-05,  1.6973673791431307e-03, -2.4188628713494604e-03,  0.0000000000000000e+00, -7.0557585814698473e-07, -9.6467392387316741e-04,  7.2413178839325762e-03,  0.0000000000000000e+00
 6.1138861138861138e+00,  6.3342636629746744e+02,  7.3651470947188203e-03,  2.7204843357922275e+01, -2.1348657415501297e-02,  8.9637059348553788e-02,  5.0295406895293271e-01,  3.8763714143993093e+03,  7.7375901931585233e+01, -1.5000891368842758e+04,  1.0000313669121534e+01,  2.4000787014917169e+00,  3.1269394884061836e+00,  5.1534653677829190e-03,  1.7499059523390394e+00,  2.1506782016970431e-02,  2.7758322632433702e-01, -7.8401468127254094e-05,  1.6877810917301981e-03, -2.3409896951000686e-03,  0.0000000000000000e+00, -6.8349916078279590e-07, -9.5450081619599561e-04,  8.3488920011959254e-03,  0.0000000000000000e+00
 6.1238761238761237e+00,  6.3342560239557338e+02,  7.3962515707686307e-03,  2.7205123683698694e+01, -2.1348767432041865e-02,  8.9630224394458335e-02,  5.0295409645504408e-01,  3.8826982253594883e+03,  7.7674620289673584e+01, -1.5000888937710959e+04,  1.0000314313176178e+01,  2.4000880125117487e+00,  3.1320476471375343e+00,  5.1526821022263858e-03,  1.7499227656592731e+00,  2.1483812117491397e-02,  2.7758322632433702e-01, -7.8409026802383691e-05,  1.6782975207929791e-03, -2.2528687265072596e-03,  0.0000000000000000e+00, -8.2974760016267549e-07, -9.4411008543524109e-04,  9.2929259110846284e-03,  0.0000000000000000e+00
 6.1338661338661336e+00,  6.3342483855624084e+02,  7.4274002799109302e-03,  2.7205402100240949e+01, -2.1348880489965787e-02,  8.9623459929212279e-02,  5.0295412738332645e-01,  3.8890250022091504e+03,  7.7973902107659029e+01, -1.5000886504479548e+04,  1.0000314956441679e+01,  2.4000972565273582e+00,  3.1371557943848005e+00,  5.1518987538607935e-03,  1.7499394847570373e+00,  2.1461769654802454e-02,  2.7758322632433702e-01, -7.8419602084908686e-05,  1.6689188147497951e-03, -2.1569060489996005e-03,  0.0000000000000000e+00, -1.2874239613396830e-06, -9.3350686441020017e-04,  9.9188021259489344e-03,  0.0000000000000000e+00
 6.1438561438561434e+00,  6.3342407477928759e+02,  7.4585930014648087e-03,  2.7205678626456759e+01, -2.1348996092260635e-02,  8.9616765315547145e-02,  5.0295416048602160e-01,  3.8953517448975740e+03,  7.8273747384282316e+01, -1.5000884069159858e+04,  1.0000315598890428e+01,  2.4001064342241092e+00,  3.1422639302972080e+00,  5.1511152770099041e-03,  1.7499561106905368e+00,  2.1440717091537359e-02,  2.7758322632433702e-01, -7.8435067036110892e-05,  1.6596466317320047e-03, -2.0543090633652786e-03,  0.0000000000000000e+00, -1.8086592700418688e-06, -9.2278417573664546e-04,  1.0621114398023285e-02,  0.0000000000000000e+00
 6.1538461538461542e+00,  6.3342331106452912e+02,  7.4898296615425151e-03,  2.7205953281049084e+01, -2.1349113682620605e-02,  8.9610139912795803e-02,  5.0295419445837453e-01,  3.9016784533741038e+03,  7.8574156118261286e+01, -1.5000881631762997e+04,  1.0000316240499663e+01,  2.4001155462834949e+00,  3.1473720550102655e+00,  5.1503316196542777e-03,  1.7499726445298991e+00,  2.1420724518671278e-02,  2.7758322632433702e-01, -7.8458241218017118e-05,  1.6504821225364465e-03, -1.9472203300365584e-03,  0.0000000000000000e+00, -2.8308119475827348e-06, -9.1195056521401255e-04,  1.0818050014385837e-02,  0.0000000000000000e+00
 6.1638361638361641e+00,  6.3342254741179011e+02,  7.5211103384257285e-03,  2.7206226082516782e+01, -2.1349232657043523e-02,  8.9603583075830898e-02,  5.0295422795344713e-01,  3.9080051275880419e+03,  7.8875128308291707e+01, -1.5000879192299984e+04,  1.0000316881251837e+01,  2.4001245933830071e+00,  3.1524801686451975e+00,  5.1495476797827709e-03,  1.7499890873563217e+00,  2.1401811590437726e-02,  2.7758322632433702e-01, -7.8492309981734352e-05,  1.6414256762742299e-03, -1.8380281956071178e-03,  0.0000000000000000e+00, -3.9897545479096091e-06, -9.0114997649639911e-04,  1.1042215298404776e-02,  0.0000000000000000e+00
 6.1738261738261739e+00,  6.3342178382089128e+02,  7.5524352633757324e-03,  2.7206497049156269e+01, -2.1349352375472544e-02,  8.9597094154575507e-02,  5.0295425959123585e-01,  3.9143317674887330e+03,  7.9176663953047210e+01, -1.5000876750781748e+04,  1.0000317521135145e+01,  2.4001335761960978e+00,  3.1575882713088568e+00,  5.1487633417325648e-03,  1.7500054402477068e+00,  2.1384000678599208e-02,  2.7758322632433702e-01, -7.8540167845230068e-05,  1.6324767441799639e-03, -1.7285655928883413e-03,  0.0000000000000000e+00, -5.5913897239329590e-06, -8.9042622877568550e-04,  1.0872197765894522e-02,  0.0000000000000000e+00
 6.1838161838161838e+00,  6.3342102029166369e+02,  7.5838048212294737e-03,  2.7206766199061796e+01, -2.1349472173763002e-02,  8.9590672494351625e-02,  5.0295428799709940e-01,  3.9206583730255147e+03,  7.9478763051180323e+01, -1.5000874307219128e+04,  1.0000318160143776e+01,  2.4001424953922230e+00,  3.1626963630932479e+00,  5.1479784456599890e-03,  1.7500217042742874e+00,  2.1367274815355042e-02,  2.7758322632433702e-01, -7.8605646124495999e-05,  1.6236340546106531e-03, -1.6220387151446407e-03,  0.0000000000000000e+00, -7.5173617851076901e-06, -8.7988022300032934e-04,  1.0454483158394604e-02,  0.0000000000000000e+00
 6.1938061938061937e+00,  6.3342025682394001e+02,  7.6152195414463221e-03,  2.7207033550127765e+01, -2.1349591375578479e-02,  8.9584317436898167e-02,  5.0295431184800932e-01,  3.9269849441477477e+03,  7.9781425601321359e+01, -1.5000871861622785e+04,  1.0000318798278029e+01,  2.4001513516367101e+00,  3.1678044440759687e+00,  5.1471927993524550e-03,  1.7500378804885581e+00,  2.1351592312662253e-02,  2.7758322632433702e-01, -7.8691828940335518e-05,  1.6148954805633685e-03, -1.5209025856086885e-03,  0.0000000000000000e+00, -9.7364379459638849e-06, -8.6958230126606996e-04,  9.7929699747032577e-03,  0.0000000000000000e+00
 6.2037962037962036e+00,  6.3341949341754992e+02,  7.6466800879459200e-03,  2.7207299120049839e+01, -2.1349709304555792e-02,  8.9578028321803005e-02,  5.0295432990180511e-01,  3.9333114808047635e+03,  8.0084651602080029e+01, -1.5000869414003362e+04,  1.0000319435544613e+01,  2.4001601455906325e+00,  3.1729125143208048e+00,  5.1464061813454968e-03,  1.7500539699182547e+00,  2.1336887151306917e-02,  2.7758322632433702e-01, -7.8801407206701443e-05,  1.6062582992605399e-03, -1.4275449363285975e-03,  0.0000000000000000e+00, -1.2201130980492708e-05, -8.5958139556024276e-04,  8.8972314111711807e-03,  0.0000000000000000e+00
 6.2137862137862134e+00,  6.3341873007233505e+02,  7.6781872458658758e-03,  2.7207562926327167e+01, -2.1349825296749662e-02,  8.9571804488354542e-02,  5.0295434102537184e-01,  3.9396379829459347e+03,  8.0388441052043916e+01, -1.5000866964371406e+04,  1.0000320071956361e+01,  2.4001688779106298e+00,  3.1780205738786944e+00,  5.1456183456620114e-03,  1.7500699735614704e+00,  2.1323069936312031e-02,  2.7758322632433702e-01, -7.8936528995053739e-05,  1.5977194293973070e-03, -1.3442298849289040e-03,  0.0000000000000000e+00, -1.4850251048340040e-05, -8.4990035104468530e-04,  7.7824418790349952e-03,  0.0000000000000000e+00
 6.2237762237762242e+00,  6.3341796678813455e+02,  7.7097419054577565e-03,  2.7207824986264288e+01, -2.1349938713307887e-02,  8.9565645277649486e-02,  5.0295434422108709e-01,  3.9459644505206493e+03,  8.0692793949780381e+01, -1.5000864512737266e+04,  1.0000320707532225e+01,  2.4001775492486837e+00,  3.1831286227888973e+00,  5.1448290279190222e-03,  1.7500858923843765e+00,  2.1310029411348297e-02,  2.7758322632433702e-01, -7.9098678598872563e-05,  1.5892757060078566e-03, -1.2730430399787620e-03,  0.0000000000000000e+00, -1.7612099636185922e-05, -8.4053307152324650e-04,  6.4691644799829418e-03,  0.0000000000000000e+00
 6.2337662337662341e+00,  6.3341720356479186e+02,  7.7413450434078140e-03,  2.7208085316973754e+01, -2.1350048953258878e-02,  8.9559550034782998e-02,  5.0295433865090289e-01,  3.9522908834782747e+03,  8.0997710293834729e+01, -1.5000862059111258e+04,  1.0000321342297095e+01,  2.4001861602519168e+00,  3.1882366610805000e+00,  5.1440379524832127e-03,  1.7501017273218302e+00,  2.1297634510937830e-02,  2.7758322632433702e-01, -7.9288589397169719e-05,  1.5809241645440692e-03, -1.2158394199582559e-03,  0.0000000000000000e+00, -2.0408042182201710e-05, -8.3144552954108318e-04,  4.9830002481332800e-03,  0.0000000000000000e+00
 6.2437562437562439e+00,  6.3341644040215226e+02,  7.7729977019350607e-03,  2.7208343935378753e+01, -2.1350155466219514e-02,  8.9553518110939354e-02,  5.0295432365744452e-01,  3.9586172817681872e+03,  8.1303190082732002e+01, -1.5000859603503621e+04,  1.0000321976281231e+01,  2.4001947115623343e+00,  3.1933446887740717e+00,  5.1432448403186792e-03,  1.7501174792807710e+00,  2.1285736915445035e-02,  2.7758322632433702e-01, -7.9506192917875069e-05,  1.5726622996161304e-03, -1.1741955410468762e-03,  0.0000000000000000e+00, -2.3156182663008756e-05, -8.2257982903227863e-04,  3.3541043099250554e-03,  0.0000000000000000e+00
 6.2537462537462538e+00,  6.3341567730006773e+02,  7.8047009660771518e-03,  2.7208600858215636e+01, -2.1350257764767937e-02,  8.9547548865207174e-02,  5.0295429878161435e-01,  3.9649436453397898e+03,  8.1609233314975810e+01, -1.5000857145924485e+04,  1.0000322609519925e+01,  2.4002032038165533e+00,  3.1984527058835699e+00,  5.1424494171601783e-03,  1.7501331491459984e+00,  2.1274174060567263e-02,  2.7758322632433702e-01, -7.9750604004680798e-05,  1.5644882751682258e-03, -1.1493669563869579e-03,  0.0000000000000000e+00, -2.5774916915498326e-05, -8.1385986543823898e-04,  1.6165783389906192e-03,  0.0000000000000000e+00
 6.2637362637362637e+00,  6.3341491425839058e+02,  7.8364559396270368e-03,  2.7208856102036940e+01, -2.1350355436172870e-02,  8.9541641665988533e-02,  5.0295426377618324e-01,  3.9712699741424940e+03,  8.1915839989048720e+01, -1.5000854686383846e+04,  1.0000323242052852e+01,  2.4002116376455502e+00,  3.2035607124183358e+00,  5.1416514216572470e-03,  1.7501487377877674e+00,  2.1262772540692049e-02,  2.7758322632433702e-01, -8.0020139931525158e-05,  1.5564010634949348e-03, -1.1422524161217452e-03,  0.0000000000000000e+00, -2.8186175638743703e-05, -8.0519991155467141e-04, -1.9224737789500749e-04,  0.0000000000000000e+00
 6.2737262737262736e+00,  6.3341415127697599e+02,  7.8682637202240422e-03,  2.7209109683213956e+01, -2.1350448153135547e-02,  8.9535795891891909e-02,  5.0295421861497935e-01,  3.9775962681257001e+03,  8.2223010103412378e+01, -1.5000852224891591e+04,  1.0000323873923366e+01,  2.4002200136743657e+00,  3.2086687083852996e+00,  5.1408506131655424e-03,  1.7501642460703439e+00,  2.1251351834470925e-02,  2.7758322632433702e-01, -8.0312369732942382e-05,  1.5484004963737432e-03, -1.1533656679178805e-03,  0.0000000000000000e+00, -3.0318230604984862e-05, -7.9651362610787388e-04, -2.0326256316912871e-03,  0.0000000000000000e+00
 6.2837162837162834e+00,  6.3341338835568104e+02,  7.9001253741363513e-03,  2.7209361617939546e+01, -2.1350535683186296e-02,  8.9530010932064794e-02,  5.0295416349735433e-01,  3.9839225272388162e+03,  8.2530743656507198e+01, -1.5000849761457614e+04,  1.0000324505177586e+01,  2.4002283325218272e+00,  3.2137766937911709e+00,  5.1400467789053401e-03,  1.7501796748606220e+00,  2.1239728271602781e-02,  2.7758322632433702e-01, -8.0624188920950409e-05,  1.5404872240568481e-03, -1.1828157383646184e-03,  0.0000000000000000e+00, -3.2107970834223630e-05, -7.8772349173456045e-04, -3.8632784717457258e-03,  0.0000000000000000e+00
 6.2937062937062933e+00,  6.3341262549436840e+02,  7.9320419112898881e-03,  2.7209611922230579e+01, -2.1350617896384230e-02,  8.9524286185967042e-02,  5.0295409884772602e-01,  3.9902487514312757e+03,  8.2839040646752593e+01, -1.5000847296091622e+04,  1.0000325135863669e+01,  2.4002365948002589e+00,  3.2188846686446499e+00,  5.1392397402600289e-03,  1.7501950250358596e+00,  2.1227719152385718e-02,  2.7758322632433702e-01, -8.0951914243658092e-05,  1.5326625840559713e-03, -1.2302963339210005e-03,  0.0000000000000000e+00, -3.3502638772572575e-05, -7.7876943642729340e-04, -5.6423367586525214e-03,  0.0000000000000000e+00
 6.3036963036963041e+00,  6.3341186269290324e+02,  7.9640142611075663e-03,  2.7209860611930345e+01, -2.1350694770997512e-02,  8.9518621062642717e-02,  5.0295402531007694e-01,  3.9965749406525129e+03,  8.3147901072546730e+01, -1.5000844828803294e+04,  1.0000325766030723e+01,  2.4002448011151940e+00,  3.2239926329587276e+00,  5.1384293580413309e-03,  1.7502102974896740e+00,  2.1215146926269694e-02,  2.7758322632433702e-01, -8.1291393019329732e-05,  1.5249283925231560e-03, -1.2950847835350998e-03,  0.0000000000000000e+00, -3.4461012116887464e-05, -7.6961570844227107e-04, -7.3283108540897479e-03,  0.0000000000000000e+00
 6.3136863136863139e+00,  6.3341109995114857e+02,  7.9960432497163027e-03,  2.7210107702710506e+01, -2.1350766396885629e-02,  8.9513014979588162e-02,  5.0295394373743740e-01,  4.0029010948519553e+03,  8.3457324932266474e+01, -1.5000842359602200e+04,  1.0000326395727798e+01,  2.4002529520650842e+00,  3.2291005867527174e+00,  5.1376155366032990e-03,  1.7502254931356103e+00,  2.1201843332534866e-02,  2.7758322632433702e-01, -8.1638121867912090e-05,  1.5172866765746982e-03, -1.3760507206268858e-03,  0.0000000000000000e+00, -3.4954103368574738e-05, -7.6025582445247368e-04, -8.8810697516738240e-03,  0.0000000000000000e+00
 6.3236763236763238e+00,  6.3341033726897592e+02,  8.0281295790604456e-03,  2.7210353210073098e+01, -2.1350832976370776e-02,  8.9507467361357576e-02,  5.0295385517647084e-01,  4.0092272139790603e+03,  8.3767312224267826e+01, -1.5000839888497751e+04,  1.0000327025002925e+01,  2.4002610482410391e+00,  3.2342085300543180e+00,  5.1367982267352787e-03,  1.7502406129077874e+00,  2.1187653405378048e-02,  2.7758322632433702e-01, -8.1987370245362051e-05,  1.5097393771762067e-03, -1.4716744751474399e-03,  0.0000000000000000e+00, -3.4965421796907509e-05, -7.5071351512556478e-04, -1.0262805903341304e-02,  0.0000000000000000e+00
 6.3336663336663337e+00,  6.3340957464625592e+02,  8.0602738084287594e-03,  2.7210597149352171e+01, -2.1350894822455668e-02,  8.9501977638059921e-02,  5.0295376084741561e-01,  4.0155532979832742e+03,  8.4077862946885531e+01, -1.5000837415499376e+04,  1.0000327653901987e+01,  2.4002690902265518e+00,  3.2393164629014004e+00,  5.1359774273076874e-03,  1.7502556577585309e+00,  2.1172439247117335e-02,  2.7758322632433702e-01, -8.2325897015770143e-05,  1.5022878899733814e-03, -1.5797413117977679e-03,  0.0000000000000000e+00, -3.2807637638795117e-05, -7.4107422288009317e-04, -1.1372174794054635e-02,  0.0000000000000000e+00
 6.3436563436563436e+00,  6.3340881208286271e+02,  8.0924763388569368e-03,  2.7210839535715330e+01, -2.1350952354328580e-02,  8.9496545243911096e-02,  5.0295366211974279e-01,  4.0218793468140570e+03,  8.4388977098432974e+01, -1.5000834940616343e+04,  1.0000328282467734e+01,  2.4002770785972980e+00,  3.2444243853436241e+00,  5.1351533536680306e-03,  1.7502706286498448e+00,  2.1156090142405066e-02,  2.7758322632433702e-01, -8.2625275859440084e-05,  1.4949325960535061e-03, -1.6968410485473130e-03,  0.0000000000000000e+00, -2.7128006863927353e-05, -7.3145561987893713e-04, -1.2071192503204556e-02,  0.0000000000000000e+00
 6.3536463536463534e+00,  6.3340804957867419e+02,  8.1247374044090721e-03,  2.7211080384165459e+01, -2.1351006245358340e-02,  8.9491169616510186e-02,  5.0295356045438055e-01,  4.0282053604208722e+03,  8.4700654677202394e+01, -1.5000832463857883e+04,  1.0000328910738181e+01,  2.4002850139209153e+00,  3.2495322974436847e+00,  5.1343265726451611e-03,  1.7502855265416688e+00,  2.1138536329064442e-02,  2.7758322632433702e-01, -8.2939282631497009e-05,  1.4876745667529452e-03, -1.8227896179840036e-03,  0.0000000000000000e+00, -3.5736148901868894e-05, -7.2160184609337938e-04, -1.3143711098021199e-02,  0.0000000000000000e+00
 6.3636363636363633e+00,  6.3340728713356600e+02,  8.1570570611336456e-03,  2.7211319709541705e+01, -2.1351057101372528e-02,  8.9485850194914493e-02,  5.0295345742166231e-01,  4.0345313387531946e+03,  8.5012895681465565e+01, -1.5000829985233169e+04,  1.0000329538745108e+01,  2.4002928967569011e+00,  3.2546401992781524e+00,  5.1334962251439248e-03,  1.7503003524174123e+00,  2.1119670769418373e-02,  2.7758322632433702e-01, -8.3287294571873761e-05,  1.4805133485588267e-03, -1.9563539548995775e-03,  0.0000000000000000e+00, -3.3935841561556179e-05, -7.1207403636913788e-04, -1.3595869152477022e-02,  0.0000000000000000e+00
 6.3736263736263732e+00,  6.3340652474742058e+02,  8.1894351786967225e-03,  2.7211557526520721e+01, -2.1351105505997933e-02,  8.9480586419375424e-02,  5.0295335466985669e-01,  4.0408572817605000e+03,  8.5325700109472749e+01, -1.5000827504751134e+04,  1.0000330166515349e+01,  2.4003007276564436e+00,  3.2597480909385634e+00,  5.1326624908355333e-03,  1.7503151072279537e+00,  2.1099448337957558e-02,  2.7758322632433702e-01, -8.3613740099926738e-05,  1.4734459861803734e-03, -2.0929207364790386e-03,  0.0000000000000000e+00, -3.1418553155392628e-05, -7.0281191178408965e-04, -1.3744800519748784e-02,  0.0000000000000000e+00
 6.3836163836163839e+00,  6.3340576242012185e+02,  8.2218714397169074e-03,  2.7211793849618594e+01, -2.1351152115790362e-02,  8.9475377731638328e-02,  5.0295325387376022e-01,  4.0471831893922927e+03,  8.5639067959453584e+01, -1.5000825022420864e+04,  1.0000330794070061e+01,  2.4003085071623285e+00,  3.2648559725318416e+00,  5.1318256209461240e-03,  1.7503297918976557e+00,  2.1077854171286922e-02,  2.7758322632433702e-01, -8.3912081257795569e-05,  1.4664693234201793e-03, -2.2294144636475768e-03,  0.0000000000000000e+00, -2.8309346649946625e-05, -6.9391597280668788e-04, -1.3581243659391650e-02,  0.0000000000000000e+00
 6.3936063936063938e+00,  6.3340500015155249e+02,  8.2543653425249872e-03,  2.7212028693192131e+01, -2.1351197651626075e-02,  8.9470223575356764e-02,  5.0295315669678342e-01,  4.0535090615980507e+03,  8.5952999229617504e+01, -1.5000822538251141e+04,  1.0000331421424292e+01,  2.4003162358089649e+00,  3.2699638441804568e+00,  5.1309859257754374e-03,  1.7503444073143357e+00,  2.1054904592430132e-02,  2.7758322632433702e-01, -8.4177101096364452e-05,  1.4595792983885640e-03, -2.3627034883464070e-03,  0.0000000000000000e+00, -2.4747625030795741e-05, -6.8546703853573237e-04, -1.3103219085293442e-02,  0.0000000000000000e+00
 6.4035964035964037e+00,  6.3340423794160336e+02,  8.2869162082145915e-03,  2.7212262071440797e+01, -2.1351242885988470e-02,  8.9465123396897814e-02,  5.0295306475247936e-01,  4.0598348983272754e+03,  8.6267493918152780e+01, -1.5000820052250794e+04,  1.0000332048586166e+01,  2.4003239141224619e+00,  3.2750717060220418e+00,  5.1301437607843585e-03,  1.7503589543211999e+00,  2.1030647308382899e-02,  2.7758322632433702e-01, -8.4404218483355946e-05,  1.4527711164603666e-03, -2.4892755049403369e-03,  0.0000000000000000e+00, -2.0721275844900887e-05, -6.7753098348940295e-04, -1.2236498636811590e-02,  0.0000000000000000e+00
 6.4135864135864136e+00,  6.3340347579016100e+02,  8.3195231919132896e-03,  2.7212493998408622e+01, -2.1351288626588898e-02,  8.9460076646432435e-02,  5.0295297956644180e-01,  4.0661606995294887e+03,  8.6582552023227947e+01, -1.5000817564428562e+04,  1.0000332675556656e+01,  2.4003315426207452e+00,  3.2801795582087698e+00,  5.1292995278037420e-03,  1.7503734337102690e+00,  2.1005168818105650e-02,  2.7758322632433702e-01, -8.4587885312406211e-05,  1.4460394391908105e-03, -2.6045843473508938e-03,  0.0000000000000000e+00, -1.6048823330963007e-05, -6.7015080587570222e-04, -1.0848331613782184e-02,  0.0000000000000000e+00
 6.4235764235764234e+00,  6.3340271369711706e+02,  8.3521853065734297e-03,  2.7212724487985735e+01, -2.1351335697962614e-02,  8.9455082778666317e-02,  5.0295290248898161e-01,  4.0724864651541911e+03,  8.6898173542991827e+01, -1.5000815074793074e+04,  1.0000333302329055e+01,  2.4003391218138894e+00,  3.2852874009060469e+00,  5.1284536931457490e-03,  1.7503878462180869e+00,  2.0978607661083181e-02,  2.7758322632433702e-01, -8.4728257660155018e-05,  1.4393791604037033e-03, -2.7062176476921403e-03,  0.0000000000000000e+00, -1.2053720688348788e-05, -6.6323700730320774e-04, -9.4986551145356153e-03,  0.0000000000000000e+00
 6.4335664335664333e+00,  6.3340195166236833e+02,  8.3849014471383838e-03,  2.7212953553911429e+01, -2.1351384919408477e-02,  8.9450141253938645e-02,  5.0295283464852014e-01,  4.0788121951509015e+03,  8.7214358475573277e+01, -1.5000812583352847e+04,  1.0000333928888935e+01,  2.4003466522044246e+00,  3.2903952342907594e+00,  5.1276066555228199e-03,  1.7504021925346527e+00,  2.0951098535434479e-02,  2.7758322632433702e-01, -8.4836050923418530e-05,  1.4327859788281828e-03, -2.7953970139693923e-03,  0.0000000000000000e+00, -9.5264906170067783e-06, -6.5671794411602063e-04, -8.3550540141704276e-03,  0.0000000000000000e+00
 6.4435564435564432e+00,  6.3340118968581055e+02,  8.4176704018119972e-03,  2.7213181209775538e+01, -2.1351437078017056e-02,  8.9445251540987217e-02,  5.0295277706796648e-01,  4.0851378894691552e+03,  8.7531106819082083e+01, -1.5000810090116413e+04,  1.0000334555214280e+01,  2.4003541342878028e+00,  3.2955030585491620e+00,  5.1267586671532731e-03,  1.7504164733105709e+00,  2.0922755572891985e-02,  2.7758322632433702e-01, -8.4911019314609374e-05,  1.4262555914485307e-03, -2.8700724657891212e-03,  0.0000000000000000e+00, -5.4821813001549665e-06, -6.5066560927758035e-04, -6.5949714401644195e-03,  0.0000000000000000e+00
 6.4535464535464540e+00,  6.3340042776734128e+02,  8.4504908741092448e-03,  2.7213407469021210e+01, -2.1351492907468742e-02,  8.9440413116987763e-02,  5.0295273057215584e-01,  4.0914635480584884e+03,  8.7848418571609486e+01, -1.5000807595092207e+04,  1.0000335181275743e+01,  2.4003615685526762e+00,  3.3006108738757960e+00,  5.1259101316603901e-03,  1.7504306891498664e+00,  2.0893754430223906e-02,  2.7758322632433702e-01, -8.4881417169564480e-05,  1.4197825987633840e-03, -2.9160868858949672e-03,  0.0000000000000000e+00,  1.1408530738142476e-05, -6.4522752628876502e-04, -2.6171154650257052e-03,  0.0000000000000000e+00
 6.4635364635364638e+00,  6.3339966590686060e+02,  8.4833615146690296e-03,  2.7213632344947108e+01, -2.1351553164511039e-02,  8.9435625467389854e-02,  5.0295269569647305e-01,  4.0977891708684256e+03,  8.8166293731227597e+01, -1.5000805098288500e+04,  1.0000335807037150e+01,  2.4003689554813614e+00,  3.3057186804713088e+00,  5.1250627347422927e-03,  1.7504448405952615e+00,  2.0864492098648327e-02,  2.7758322632433702e-01, -8.4811371268762422e-05,  1.4133662504005327e-03, -2.9387551315071441e-03,  0.0000000000000000e+00,  2.6146586031840920e-06, -6.3932541596664432e-04, -1.9210673065059450e-03,  0.0000000000000000e+00
 6.4735264735264737e+00,  6.3339890410427358e+02,  8.5162809757156656e-03,  2.7213855850709006e+01, -2.1351618575097556e-02,  8.9430888085182458e-02,  5.0295267260344190e-01,  4.1041147578485288e+03,  8.8484732295990867e+01, -1.5000802599713585e+04,  1.0000336432454461e+01,  2.4003762955506276e+00,  3.3108264785384485e+00,  5.1242155987679073e-03,  1.7504589282357885e+00,  2.0835038043980007e-02,  2.7758322632433702e-01, -8.4790720312863982e-05,  1.4070073196810913e-03, -2.9491592775139257e-03,  0.0000000000000000e+00,  1.5196627676838510e-06, -6.3373251406550514e-04, -1.6184272405175176e-04,  0.0000000000000000e+00
 6.4835164835164836e+00,  6.3339814235948427e+02,  8.5492479021374423e-03,  2.7214077999321947e+01, -2.1351689526497263e-02,  8.9426200471575443e-02,  5.0295266137087280e-01,  4.1104403089483467e+03,  8.8803734263936065e+01, -1.5000800099375612e+04,  1.0000337057478358e+01,  2.4003835892320513e+00,  3.3159342682805266e+00,  5.1233686144563214e-03,  1.7504729526296208e+00,  2.0805567837359339e-02,  2.7758322632433702e-01, -8.4768441732803140e-05,  1.4007040498095254e-03, -2.9400129285182463e-03,  0.0000000000000000e+00,  2.9405089604968110e-06, -6.2818211422202357e-04,  1.9929417929867724e-03,  0.0000000000000000e+00
 6.4935064935064934e+00,  6.3339738067240035e+02,  8.5822609712818462e-03,  2.7214298803661517e+01, -2.1351766258771575e-02,  8.9421562134390314e-02,  5.0295266180695919e-01,  4.1167658241174368e+03,  8.9123299633082496e+01, -1.5000797597282748e+04,  1.0000337682056447e+01,  2.4003908369924440e+00,  3.3210420498993969e+00,  5.1225219236084108e-03,  1.7504869143306898e+00,  2.0776296526926696e-02,  2.7758322632433702e-01, -8.4732695784933996e-05,  1.3944567918560075e-03, -2.9094637902105694e-03,  0.0000000000000000e+00,  4.2158298029074745e-06, -6.2251892807226321e-04,  4.1229956962102301e-03,  0.0000000000000000e+00
 6.5034965034965033e+00,  6.3339661904293041e+02,  8.6153189227599087e-03,  2.7214518276465821e+01, -2.1351848865273949e-02,  8.9416972586612173e-02,  5.0295267345169226e-01,  4.1230913033053639e+03,  8.9443428401432286e+01, -1.5000795093443028e+04,  1.0000338306134443e+01,  2.4003980392943647e+00,  3.3261498235928748e+00,  5.1216756535015775e-03,  1.7505008139041833e+00,  2.0747436692699787e-02,  2.7758322632433702e-01, -8.4685180325773146e-05,  1.3882670043231789e-03, -2.8580062828800885e-03,  0.0000000000000000e+00,  5.2967651210927677e-06, -6.1667653600007693e-04,  6.1787972713521645e-03,  0.0000000000000000e+00
 6.5134865134865132e+00,  6.3339585747098613e+02,  8.6484205871227553e-03,  2.7214736430336139e+01, -2.1351937295551144e-02,  8.9412431344662952e-02,  5.0295269558449729e-01,  4.1294167464616958e+03,  8.9764120566971442e+01, -1.5000792587864367e+04,  1.0000338929657717e+01,  2.4004051965966378e+00,  3.3312575895521070e+00,  5.1208299120134903e-03,  1.7505146519331738e+00,  2.0719193504291730e-02,  2.7758322632433702e-01, -8.4628136003621983e-05,  1.3821366699406862e-03, -2.7866242639971736e-03,  0.0000000000000000e+00,  6.1235081735709322e-06, -6.1061640737496072e-04,  8.1118829090075211e-03,  0.0000000000000000e+00
 6.5234765234765231e+00,  6.3339509595647962e+02,  8.6815649127562136e-03,  2.7214953277737777e+01, -2.1352031360705039e-02,  8.9407937926550787e-02,  5.0295272723791906e-01,  4.1357421535360199e+03,  9.0085376127669576e+01, -1.5000790080554667e+04,  1.0000339552572454e+01,  2.4004123093548029e+00,  3.3363653479590871e+00,  5.1199847816533533e-03,  1.7505284290224639e+00,  2.0691759884228316e-02,  2.7758322632433702e-01, -8.4564421548134506e-05,  1.3760680030955312e-03, -2.6967747438971842e-03,  0.0000000000000000e+00,  6.6321258142701377e-06, -6.0433069501278716e-04,  9.8759910149857390e-03,  0.0000000000000000e+00
 6.5334665334665338e+00,  6.3339433449932835e+02,  8.7147509903598933e-03,  2.7215168831001286e+01, -2.1352130740793077e-02,  8.9403491850059330e-02,  5.0295276721709781e-01,  4.1420675244779086e+03,  9.0407195081480324e+01, -1.5000787571521787e+04,  1.0000340174826984e+01,  2.4004193780215455e+00,  3.3414730989842898e+00,  5.1191403131813596e-03,  1.7505421457993695e+00,  2.0665311891027049e-02,  2.7758322632433702e-01, -8.4497521376713898e-05,  1.3700631489832909e-03, -2.5903603521989860e-03,  0.0000000000000000e+00,  6.7612885041341207e-06, -5.9784109825765938e-04,  1.1428170202992794e-02,  0.0000000000000000e+00
 6.5434565434565437e+00,  6.3339357309944842e+02,  8.7479780744251206e-03,  2.7215383102322320e+01, -2.1352234993959301e-02,  8.9399092631142069e-02,  5.0295281412469417e-01,  4.1483928592369521e+03,  9.0729577426342672e+01, -1.5000785060773458e+04,  1.0000340796372928e+01,  2.4004264030470548e+00,  3.3465808427845971e+00,  5.1182965194879844e-03,  1.7505558029115544e+00,  2.0640004432635927e-02,  2.7758322632433702e-01, -8.4431489148662579e-05,  1.3641238978062400e-03, -2.4696910359934187e-03,  0.0000000000000000e+00,  6.4583635524916838e-06, -5.9119698740007598e-04,  1.2729826901384135e-02,  0.0000000000000000e+00
 6.5534465534465536e+00,  6.3339281175675785e+02,  8.7812456011872909e-03,  2.7215596103762504e+01, -2.1352343567092372e-02,  8.9394739782680810e-02,  5.0295286639072700e-01,  4.1547181577627543e+03,  9.1052523160179092e+01, -1.5000782548317411e+04,  1.0000341417166323e+01,  2.4004333848793169e+00,  3.3516885795013978e+00,  5.1174533703412265e-03,  1.7505694010221029e+00,  2.0615967414783425e-02,  2.7758322632433702e-01, -8.4370835584859937e-05,  1.3582514445142182e-03, -2.3374357155181557e-03,  0.0000000000000000e+00,  5.6844799207958937e-06, -5.8446816166271478e-04,  1.3747688257763829e-02,  0.0000000000000000e+00
 6.5634365634365635e+00,  6.3339205047117764e+02,  8.8145532026015494e-03,  2.7215807847249799e+01, -2.1352455807889002e-02,  8.9390432813725842e-02,  5.0295292230672484e-01,  4.1610434200049094e+03,  9.1376032280898812e+01, -1.5000780034161220e+04,  1.0000342037168592e+01,  2.4004403239643750e+00,  3.3567963092590696e+00,  5.1166107885072679e-03,  1.7505829408025537e+00,  2.0593302420337863e-02,  2.7758322632433702e-01, -8.4320233818955333e-05,  1.3524462592790433e-03, -2.1970084575887051e-03,  0.0000000000000000e+00,  4.4459936133061506e-06, -5.7772992241931012e-04,  1.4365848779712529e-02,  0.0000000000000000e+00
 6.5734265734265733e+00,  6.3339128924263127e+02,  8.8479007134935807e-03,  2.7216018344579151e+01, -2.1352570978206697e-02,  8.9386171229388925e-02,  5.0295298007724532e-01,  4.1673686459130158e+03,  9.1700104786394945e+01, -1.5000777518312478e+04,  1.0000342656347444e+01,  2.4004472207464413e+00,  3.3619040321638503e+00,  5.1157686503848039e-03,  1.7505964229253852e+00,  2.0572071141904531e-02,  2.7758322632433702e-01, -8.4284662583959698e-05,  1.3467079081473088e-03, -2.0514863440149944e-03,  0.0000000000000000e+00,  2.6753676328216645e-06, -5.7108797415393868e-04,  1.4767678357744648e-02,  0.0000000000000000e+00
 6.5834165834165832e+00,  6.3339052807104179e+02,  8.8812881715206616e-03,  2.7216227607413121e+01, -2.1352688268639321e-02,  8.9381954531410540e-02,  5.0295303788681789e-01,  4.1736938354367021e+03,  9.2024740674547374e+01, -1.5000775000778642e+04,  1.0000343274677533e+01,  2.4004540756680242e+00,  3.3670117483032338e+00,  5.1149267792648312e-03,  1.7506098480534658e+00,  2.0552313682195705e-02,  2.7758322632433702e-01, -8.4269247982878890e-05,  1.3410350450499587e-03, -1.9033070562408001e-03,  0.0000000000000000e+00,  4.1063550355625778e-07, -5.6461921793558888e-04,  1.4897815054649419e-02,  0.0000000000000000e+00
 6.5934065934065931e+00,  6.3338976695633687e+02,  8.9147158270415396e-03,  2.7216435647282786e+01, -2.1352806814516369e-02,  8.9377782218562102e-02,  5.0295309384533482e-01,  4.1800189885255659e+03,  9.2349939943221258e+01, -1.5000772481567163e+04,  1.0000343892141260e+01,  2.4004608891698904e+00,  3.3721194577457312e+00,  5.1140849491264047e-03,  1.7506232168323792e+00,  2.0534043028892727e-02,  2.7758322632433702e-01, -8.4278460519186053e-05,  1.3354256731211867e-03, -1.7560789716153165e-03,  0.0000000000000000e+00, -2.2549852722504074e-06, -5.5837704220458714e-04,  1.4577247487372744e-02,  0.0000000000000000e+00
 6.6033966033966029e+00,  6.3338900589844332e+02,  8.9481841399880191e-03,  2.7216642475588969e+01, -2.1352925713286740e-02,  8.9373653788394833e-02,  5.0295314607471053e-01,  4.1863441051292575e+03,  9.2675702590267591e+01, -1.5000769960685348e+04,  1.0000344508729079e+01,  2.4004676616911684e+00,  3.3772271605403019e+00,  5.1132428939397725e-03,  1.7506365298850965e+00,  2.0517227189256339e-02,  2.7758322632433702e-01, -8.4316184004124217e-05,  1.3298772474077966e-03, -1.6137772837130008e-03,  0.0000000000000000e+00, -5.2972564131213089e-06, -5.5241778560423925e-04,  1.3911550430655563e-02,  0.0000000000000000e+00
 6.6133866133866137e+00,  6.3338824489729029e+02,  8.9816937683351080e-03,  2.7216848103603464e+01, -2.1353044042702680e-02,  8.9369568739208802e-02,  5.0295319276733896e-01,  4.1926691851973756e+03,  9.3002028613523521e+01, -1.5000767438140549e+04,  1.0000345124439862e+01,  2.4004743936692305e+00,  3.3823348567168550e+00,  5.1124003100853632e-03,  1.7506497878063534e+00,  2.0501799726520838e-02,  2.7758322632433702e-01, -8.4385817016975449e-05,  1.3243868522271117e-03, -1.4799711881373731e-03,  0.0000000000000000e+00, -8.6432727596943678e-06, -5.4675932956883735e-04,  1.2876429903584235e-02,  0.0000000000000000e+00
 6.6233766233766236e+00,  6.3338748395281027e+02,  9.0152455538651567e-03,  2.7217052542471070e+01, -2.1353160879847420e-02,  8.9365526572165899e-02,  5.0295323222810850e-01,  4.1989942286795813e+03,  9.3328918010812103e+01, -1.5000764913939947e+04,  1.0000345739280990e+01,  2.4004810855395795e+00,  3.3874425462871538e+00,  5.1115568636297430e-03,  1.7506629911608653e+00,  2.0487657335347499e-02,  2.7758322632433702e-01, -8.4489970159111680e-05,  1.3189515372005120e-03, -1.3584635958427363e-03,  0.0000000000000000e+00, -1.2208186295226172e-05, -5.4139073876814973e-04,  1.1449390073814359e-02,  0.0000000000000000e+00
 6.6333666333666335e+00,  6.3338672306493515e+02,  9.0488404942502803e-03,  2.7217255803211401e+01, -2.1353275320619394e-02,  8.9361526793843779e-02,  5.0295326297270970e-01,  4.2053192355254987e+03,  9.3656370779942549e+01, -1.5000762388090790e+04,  1.0000346353268370e+01,  2.4004877377356180e+00,  3.3925502292463756e+00,  5.1107121987934729e-03,  1.7506761404844193e+00,  2.0474657596733770e-02,  2.7758322632433702e-01, -8.4630594943863470e-05,  1.3135684718954585e-03, -1.2517338132477236e-03,  0.0000000000000000e+00, -1.5944895612083236e-05, -5.3629893530358658e-04,  9.9179124017074530e-03,  0.0000000000000000e+00
 6.6433566433566433e+00,  6.3338596223360025e+02,  9.0824797266738904e-03,  2.7217457896720909e+01, -2.1353386499414637e-02,  8.9357568917747807e-02,  5.0295328367693815e-01,  4.2116442056847782e+03,  9.3984386918710058e+01, -1.5000759860600101e+04,  1.0000346966426283e+01,  2.4004943506883136e+00,  3.3976579055751035e+00,  5.1098659426518436e-03,  1.7506892362851789e+00,  2.0462647668749143e-02,  2.7758322632433702e-01, -8.4809386585860282e-05,  1.3082352639893810e-03, -1.1613875155475433e-03,  0.0000000000000000e+00, -1.9849191115680535e-05, -5.3140928749315325e-04,  8.1694163978688564e-03,  0.0000000000000000e+00
 6.6533466533466532e+00,  6.3338520145874236e+02,  9.1161645054338297e-03,  2.7217658833775243e+01, -2.1353493608941673e-02,  8.9353652466263450e-02,  5.0295329322563032e-01,  4.2179691391070692e+03,  9.4312966424895180e+01, -1.5000757331474961e+04,  1.0000347578786787e+01,  2.4005009248260447e+00,  3.4027655752409784e+00,  5.1090177055549942e-03,  1.7507022790511324e+00,  2.0451453050968585e-02,  2.7758322632433702e-01, -8.5024045707310012e-05,  1.3029502661307797e-03, -1.0898465704217712e-03,  0.0000000000000000e+00, -2.3125564998555262e-05, -5.2664728379882124e-04,  6.1530808163108687e-03,  0.0000000000000000e+00
 6.6633366633366631e+00,  6.3338444074030065e+02,  9.1498961828293656e-03,  2.7217858625031553e+01, -2.1353595919670326e-02,  8.9349776971543129e-02,  5.0295329068054229e-01,  4.2242940357420321e+03,  9.4642109296265019e+01, -1.5000754800722356e+04,  1.0000348190389301e+01,  2.4005074605743024e+00,  3.4078732382007026e+00,  5.1081671605198295e-03,  1.7507152692575292e+00,  2.0440872512496960e-02,  2.7758322632433702e-01, -8.5271991570362010e-05,  1.2977127274473462e-03, -1.0396454094459379e-03,  0.0000000000000000e+00, -2.6513196784455411e-05, -5.2190796062460455e-04,  3.8971916110510426e-03,  0.0000000000000000e+00
 6.6733266733266730e+00,  6.3338368007821327e+02,  9.1836761663856917e-03,  2.7218057281030475e+01, -2.1353692797737064e-02,  8.9345941976985005e-02,  5.0295327541964163e-01,  4.2306188955393218e+03,  9.4971815530571988e+01, -1.5000752268349192e+04,  1.0000348801279751e+01,  2.4005139583553952e+00,  3.4129808944024855e+00,  5.1073139694596823e-03,  1.7507282073773551e+00,  2.0430680914915719e-02,  2.7758322632433702e-01, -8.5552697659745021e-05,  1.2925228113383500e-03, -1.0124767209197280e-03,  0.0000000000000000e+00, -2.9684162310783472e-05, -5.1711324438488075e-04,  1.5419798318871223e-03,  0.0000000000000000e+00
 6.6833166833166837e+00,  6.3338291947242351e+02,  9.2175058882167371e-03,  2.7218254812198708e+01, -2.1353783720248445e-02,  8.9342147037375488e-02,  5.0295324711282086e-01,  4.2369437184486051e+03,  9.5302085125553504e+01, -1.5000749734362371e+04,  1.0000349411509641e+01,  2.4005204185880058e+00,  3.4180885437890405e+00,  5.1064578159112431e-03,  1.7507410938891244e+00,  2.0420643207383678e-02,  2.7758322632433702e-01, -8.5863803454637105e-05,  1.2873815581340730e-03, -1.0098105659500098e-03,  0.0000000000000000e+00, -3.2599217826609280e-05, -5.1216564711133975e-04, -1.0082156069495614e-03,  0.0000000000000000e+00
 6.6933066933066936e+00,  6.3338215892287360e+02,  9.2513867683843200e-03,  2.7218451228850682e+01, -2.1353868288956603e-02,  8.9338391718714424e-02,  5.0295320574708124e-01,  4.2432685044195623e+03,  9.5632918078933344e+01, -1.5000747198768629e+04,  1.0000350021135095e+01,  2.4005268416867911e+00,  3.4231961863006402e+00,  5.1055984089510981e-03,  1.7507539292866086e+00,  2.0410504879632002e-02,  2.7758322632433702e-01, -8.6200701637673263e-05,  1.2822905858245897e-03, -1.0311449171416423e-03,  0.0000000000000000e+00, -3.4847798416462407e-05, -5.0704700925864165e-04, -3.2629215016062069e-03,  0.0000000000000000e+00
 6.7032967032967035e+00,  6.3338139842950761e+02,  9.2853201780008863e-03,  2.7218646541190790e+01, -2.1353946241517974e-02,  8.9334675597515900e-02,  5.0295315164363852e-01,  4.2495932534018584e+03,  9.5964314388419425e+01, -1.5000744661574814e+04,  1.0000350630215486e+01,  2.4005332280619363e+00,  3.4283038218782278e+00,  5.1047355241702307e-03,  1.7507667140806493e+00,  2.0400040911336893e-02,  2.7758322632433702e-01, -8.6558754615984805e-05,  1.2772521621186178e-03, -1.0763251172049690e-03,  0.0000000000000000e+00, -3.6834407841508971e-05, -5.0164541667696854e-04, -5.7821545510719080e-03,  0.0000000000000000e+00
 6.7132867132867133e+00,  6.3338063799227325e+02,  9.3193074142104652e-03,  2.7218840759314684e+01, -2.1354017459570353e-02,  8.9330998258942279e-02,  5.0295308536740702e-01,  4.2559179653451902e+03,  9.6296274051704884e+01, -1.5000742122787582e+04,  1.0000351238812433e+01,  2.4005395781186927e+00,  3.4334114504665747e+00,  5.1038689633044251e-03,  1.7507794488103272e+00,  2.0388999882285250e-02,  2.7758322632433702e-01, -8.6932778479007983e-05,  1.2722688408266772e-03, -1.1446330624302755e-03,  0.0000000000000000e+00, -3.8045169535733419e-05, -4.9601550596951188e-04, -7.8930960830346578e-03,  0.0000000000000000e+00
 6.7232767232767232e+00,  6.3337987761111810e+02,  9.3533496623775299e-03,  2.7219033893210391e+01, -2.1354081974099239e-02,  8.9327359295984496e-02,  5.0295300780735441e-01,  4.2622426401992334e+03,  9.6628797066467598e+01, -1.5000739582413573e+04,  1.0000351846988144e+01,  2.4005458922570253e+00,  3.4385190720168350e+00,  5.1029986055193014e-03,  1.7507921340375090e+00,  2.0377171119879744e-02,  2.7758322632433702e-01, -8.7316608711662214e-05,  1.2673430826406187e-03, -1.2340392203233266e-03,  0.0000000000000000e+00, -3.8797643041643311e-05, -4.9012128287941243e-04, -1.0006016727154347e-02,  0.0000000000000000e+00
 6.7332667332667331e+00,  6.3337911728598942e+02,  9.3874479733147675e-03,  2.7219225952760265e+01, -2.1354139966758466e-02,  8.9323758307321574e-02,  5.0295292009044446e-01,  4.2685672779136903e+03,  9.6961883430370207e+01, -1.5000737040459300e+04,  1.0000352454804270e+01,  2.4005521708711628e+00,  3.4436266864893761e+00,  5.1021243757177785e-03,  1.7508047703504399e+00,  2.0364343754007062e-02,  2.7758322632433702e-01, -8.7704960618998734e-05,  1.2624772089244432e-03, -1.3435014636242544e-03,  0.0000000000000000e+00, -3.8950408807128162e-05, -4.8402663509895100e-04, -1.1908324381691695e-02,  0.0000000000000000e+00
 6.7432567432567430e+00,  6.3337835701683798e+02,  9.4216032341555463e-03,  2.7219416947741021e+01, -2.1354191767840366e-02,  8.9320194896005192e-02,  5.0295282359442650e-01,  4.2748918784382467e+03,  9.7295533141059465e+01, -1.5000734496931393e+04,  1.0000353062320331e+01,  2.4005584143492191e+00,  3.4487342938562380e+00,  5.1012462586537870e-03,  1.7508173583573676e+00,  2.0350327933793346e-02,  2.7758322632433702e-01, -8.8081208618732965e-05,  1.2576725565453673e-03, -1.4691847597474092e-03,  0.0000000000000000e+00, -3.6374440739665563e-05, -4.7786477119202256e-04, -1.3253471502164146e-02,  0.0000000000000000e+00
 6.7532467532467528e+00,  6.3337759680361626e+02,  9.4558161479007165e-03,  2.7219606887825304e+01, -2.1354237850857542e-02,  8.9316668667880850e-02,  5.0295271990078860e-01,  4.2812164417226240e+03,  9.7629746196166295e+01, -1.5000731951836242e+04,  1.0000353669592478e+01,  2.4005646230728699e+00,  3.4538418941033604e+00,  5.1003645114097119e-03,  1.7508298986732480e+00,  2.0334989413152968e-02,  2.7758322632433702e-01, -8.8417763057575341e-05,  1.2529295586343559e-03, -1.6075363663867622e-03,  0.0000000000000000e+00, -3.1003757917364368e-05, -4.7168341058132732e-04, -1.4444520147047698e-02,  0.0000000000000000e+00
 6.7632367632367636e+00,  6.3337683664627502e+02,  9.4900872235394295e-03,  2.7219795782582082e+01, -2.1354278973921732e-02,  8.9313179230617712e-02,  5.0295261070001174e-01,  4.2875409677165153e+03,  9.7964522593307052e+01, -1.5000729405180295e+04,  1.0000354276671494e+01,  2.4005707974170201e+00,  3.4589494872322861e+00,  5.0994796699813079e-03,  1.7508423919149827e+00,  2.0318209325074329e-02,  2.7758322632433702e-01, -8.8771463403066077e-05,  1.2482493558639651e-03, -1.7601411917114453e-03,  0.0000000000000000e+00, -3.9807051249877897e-05, -4.6529318405083282e-04, -1.6106965882952840e-02,  0.0000000000000000e+00
 6.7732267732267735e+00,  6.3337607654476676e+02,  9.5244167489938539e-03,  2.7219983641477693e+01, -2.1354315857939298e-02,  8.9309726193333674e-02,  5.0295249791293573e-01,  4.2938654563696437e+03,  9.8299862330080700e+01, -1.5000726856969968e+04,  1.0000354883601023e+01,  2.4005769377496531e+00,  3.4640570732614133e+00,  5.0985908557972630e-03,  1.7508548387203182e+00,  2.0299821756974916e-02,  2.7758322632433702e-01, -8.9158299593638556e-05,  1.2436311898715003e-03, -1.9245865233606099e-03,  0.0000000000000000e+00, -3.7637554101939962e-05, -4.5926364765173271e-04, -1.6814989513193199e-02,  0.0000000000000000e+00
 6.7832167832167833e+00,  6.3337531649905009e+02,  9.5588047757061163e-03,  2.7220170473876518e+01, -2.1354349231456637e-02,  8.9306309166071740e-02,  5.0295238360090322e-01,  4.3001899076317241e+03,  9.8635765404071009e+01, -1.5000724307211522e+04,  1.0000355490418590e+01,  2.4005830444314147e+00,  3.4691646522282440e+00,  5.0976982853740424e-03,  1.7508672396910041e+00,  2.0279756047884307e-02,  2.7758322632433702e-01, -8.9519604547224843e-05,  1.2390718874781413e-03, -2.0941107530481574e-03,  0.0000000000000000e+00, -3.4695697606034807e-05, -4.5350869149871575e-04, -1.7123761270254188e-02,  0.0000000000000000e+00
 6.7932067932067932e+00,  6.3337455650907975e+02,  9.5932511167540549e-03,  2.7220356289041931e+01, -2.1354379921341381e-02,  8.9302927760126355e-02,  5.0295226988542607e-01,  4.3065143214524805e+03,  9.8972231812846445e+01, -1.5000721755911192e+04,  1.0000356097154675e+01,  2.4005891178154770e+00,  3.4742722241902424e+00,  5.0968022523098060e-03,  1.7508795954013867e+00,  2.0257981382288640e-02,  2.7758322632433702e-01, -8.9849025870309164e-05,  1.2345682944868075e-03, -2.2645376991576776e-03,  0.0000000000000000e+00, -3.1254451275447162e-05, -4.4811062536636404e-04, -1.6995713340872125e-02,  0.0000000000000000e+00
 6.8031968031968031e+00,  6.3337379657481074e+02,  9.6277553549548658e-03,  2.7220541096137648e+01, -2.1354408839155473e-02,  8.9299581588506677e-02,  5.0295215885426725e-01,  4.3128386977816490e+03,  9.9309261553959274e+01, -1.5000719203075252e+04,  1.0000356703831978e+01,  2.4005951582475373e+00,  3.4793797892250198e+00,  5.0959031000419684e-03,  1.7508919063901947e+00,  2.0234510539409629e-02,  2.7758322632433702e-01, -9.0139231668247722e-05,  1.2301165448580763e-03, -2.4320496955252914e-03,  0.0000000000000000e+00, -2.6844749471853000e-05, -4.4312965030561730e-04, -1.6540188331924627e-02,  0.0000000000000000e+00
 6.8131868131868130e+00,  6.3337303669620349e+02,  9.6623168496001929e-03,  2.7220724904228820e+01, -2.1354436965163953e-02,  8.9296270266998407e-02,  5.0295205254398323e-01,  4.3191630365689452e+03,  9.9646854624945959e+01, -1.5000716648709804e+04,  1.0000357310464516e+01,  2.4006011660659277e+00,  3.4844873474298081e+00,  5.0950012686600907e-03,  1.7509041731545307e+00,  2.0209388980779643e-02,  2.7758322632433702e-01, -9.0382687576195472e-05,  1.2257123314199068e-03, -2.5932288719281490e-03,  0.0000000000000000e+00, -2.1895123299288385e-05, -4.3859388001592415e-04, -1.5727882783927765e-02,  0.0000000000000000e+00
 6.8231768231768228e+00,  6.3337227687321320e+02,  9.6969347375109472e-03,  2.7220907722283521e+01, -2.1354465327797629e-02,  8.9292993415541699e-02,  5.0295195295796824e-01,  4.3254873377641279e+03,  9.9985011023327431e+01, -1.5000714092821025e+04,  1.0000357917057059e+01,  2.4006071416017094e+00,  3.4895948989210259e+00,  5.0940972521383481e-03,  1.7509163961470662e+00,  2.0182697774735740e-02,  2.7758322632433702e-01, -9.0575528297670116e-05,  1.2213510852034303e-03, -2.7429845370391392e-03,  0.0000000000000000e+00, -1.6711589140739346e-05, -4.3452761251178173e-04, -1.4253201371315983e-02,  0.0000000000000000e+00
 6.8331668331668336e+00,  6.3337151710580622e+02,  9.7316079518078302e-03,  2.7221089559174164e+01, -2.1354494976955109e-02,  8.9289750659082776e-02,  5.0295186196696307e-01,  4.3318116013169220e+03,  1.0032373074660995e+02, -1.5000711535414925e+04,  1.0000358523604735e+01,  2.4006130851788554e+00,  3.4947024438336340e+00,  5.0931915677950024e-03,  1.7509285757736157e+00,  2.0154584094924714e-02,  2.7758322632433702e-01, -9.0719079475474226e-05,  1.2170286414985231e-03, -2.8776089602980384e-03,  0.0000000000000000e+00, -1.2027356655641669e-05, -4.3082561721058231e-04, -1.2698608165114755e-02,  0.0000000000000000e+00
 6.8431568431568435e+00,  6.3337075739393970e+02,  9.7663352528769790e-03,  2.7221270423679197e+01, -2.1354526955727485e-02,  8.9286541628181823e-02,  5.0295178120634698e-01,  4.3381358271770887e+03,  1.0066301379228392e+02, -1.5000708976497444e+04,  1.0000359130092859e+01,  2.4006189971146226e+00,  3.4998099823193352e+00,  5.0922846831178590e-03,  1.7509407124036396e+00,  2.0125203090214299e-02,  2.7758322632433702e-01, -9.0818349152730813e-05,  1.2127416404336042e-03, -2.9960988247877650e-03,  0.0000000000000000e+00, -7.8464327303189213e-06, -4.2743199599702404e-04, -1.1023062705702092e-02,  0.0000000000000000e+00
 6.8531468531468533e+00,  6.3336999773758066e+02,  9.8011152453910816e-03,  2.7221450324484561e+01, -2.1354562270050129e-02,  8.9283365960873523e-02,  5.0295171214713619e-01,  4.3444600152943785e+03,  1.0100286015782601e+02, -1.5000706416074643e+04,  1.0000359736497186e+01,  2.4006248777199914e+00,  3.5049175145443319e+00,  5.0913770153643784e-03,  1.7509528063758222e+00,  2.0094721980543340e-02,  2.7758322632433702e-01, -9.0809332610373791e-05,  1.2084857584888117e-03, -3.0855121265469473e-03,  0.0000000000000000e+00,  9.6515445101931749e-06, -4.2459556935043984e-04, -6.8774803064863945e-03,  0.0000000000000000e+00
 6.8631368631368632e+00,  6.3336923813669080e+02,  9.8359464186641484e-03,  2.7221629270185609e+01, -2.1354601954084951e-02,  8.9280223302157527e-02,  5.0295165591527446e-01,  4.3507841656185428e+03,  1.0134326984069688e+02, -1.5000703854152451e+04,  1.0000360342783948e+01,  2.4006307273001077e+00,  3.5100250406873656e+00,  5.0904703108379315e-03,  1.7509648579732398e+00,  2.0063554496277298e-02,  2.7758322632433702e-01, -9.0749601798591653e-05,  1.2042603686277548e-03, -3.1490982247237165e-03,  0.0000000000000000e+00,  2.3065640085909702e-06, -4.2132748083313003e-04, -5.8524565485029503e-03,  0.0000000000000000e+00
 6.8731268731268731e+00,  6.3336847859123429e+02,  9.8708272030232861e-03,  2.7221807269288064e+01, -2.1354647014149599e-02,  8.9277113303361452e-02,  5.0295161323054727e-01,  4.3571082780993584e+03,  1.0168424283834523e+02, -1.5000701290736641e+04,  1.0000360948909018e+01,  2.4006365461551442e+00,  3.5151325609352142e+00,  5.0895638365072637e-03,  1.7509768675220485e+00,  2.0031802935094316e-02,  2.7758322632433702e-01, -9.0726892954620414e-05,  1.2000664336317664e-03, -3.1968882824500717e-03,  0.0000000000000000e+00,  2.2397465544506635e-06, -4.1829830536379203e-04, -3.7151130083134948e-03,  0.0000000000000000e+00
 6.8831168831168830e+00,  6.3336771910117932e+02,  9.9057559673001363e-03,  2.7221984330209395e+01, -2.1354698120270240e-02,  8.9274035622809084e-02,  5.0295158467773116e-01,  4.3634323526865746e+03,  1.0202577914820478e+02, -1.5000698725833121e+04,  1.0000361554820415e+01,  2.4006423345806969e+00,  3.5202400754806931e+00,  5.0886575857039731e-03,  1.7509888353245611e+00,  1.9999680604520054e-02,  2.7758322632433702e-01, -9.0692918367803942e-05,  1.1959027685528839e-03, -3.2210260070266693e-03,  0.0000000000000000e+00,  4.5619657262084312e-06, -4.1526744342846943e-04, -1.1172594519213573e-03,  0.0000000000000000e+00
 6.8931068931068928e+00,  6.3336695966649245e+02,  9.9407310652040760e-03,  2.7222160461279962e+01, -2.1354755782102941e-02,  8.9270989924254071e-02,  5.0295157051524964e-01,  4.3697563893299885e+03,  1.0236787876769611e+02, -1.5000696159447583e+04,  1.0000362160460419e+01,  2.4006480928683125e+00,  3.5253475845202087e+00,  5.0877517901862287e-03,  1.7510007616832584e+00,  1.9967446771117760e-02,  2.7758322632433702e-01, -9.0636746512405092e-05,  1.1917701049039913e-03, -3.2190182664233297e-03,  0.0000000000000000e+00,  6.6836397246415338e-06, -4.1209181907983462e-04,  1.5192091207099285e-03,  0.0000000000000000e+00
 6.9030969030969027e+00,  6.3336620028714356e+02,  9.9757508728779004e-03,  2.7222335670743888e+01, -2.1354820342694855e-02,  8.9267975875487002e-02,  5.0295157066735230e-01,  4.3760803879793457e+03,  1.0271054169422766e+02, -1.5000693591585827e+04,  1.0000362765767086e+01,  2.4006538213060939e+00,  3.5304550882504904e+00,  5.0868466616977312e-03,  1.7510126469150686e+00,  1.9935364555240868e-02,  2.7758322632433702e-01, -9.0559014644529091e-05,  1.1876701155194068e-03, -3.1901834628451169e-03,  0.0000000000000000e+00,  8.8782802233260367e-06, -4.0872605570339647e-04,  4.2535185556195872e-03,  0.0000000000000000e+00
 6.9130869130869135e+00,  6.3336544096310297e+02,  1.0010813826110777e-02,  2.7222509966759393e+01, -2.1354891975460349e-02,  8.9264993146666083e-02,  5.0295158472405210e-01,  4.3824043485844522e+03,  1.0305376792519432e+02, -1.5000691022253435e+04,  1.0000363370675757e+01,  2.4006595201793082e+00,  3.5355625868653018e+00,  5.0859424192642600e-03,  1.7510244913558961e+00,  1.9903706841790183e-02,  2.7758322632433702e-01, -9.0457355626580503e-05,  1.1836047610689182e-03, -3.1330692490416871e-03,  0.0000000000000000e+00,  1.1473855169981587e-05, -4.0515790528439238e-04,  7.1807470478267186e-03,  0.0000000000000000e+00
 6.9230769230769234e+00,  6.3336468169434022e+02,  1.0045918467063011e-02,  2.7222683357399259e+01, -2.1354970688622469e-02,  8.9262041407565260e-02,  5.0295161187469783e-01,  4.3887282710950649e+03,  1.0339755745797993e+02, -1.5000688451456086e+04,  1.0000363975120715e+01,  2.4006651897710496e+00,  3.5406700805518856e+00,  5.0850393219249723e-03,  1.7510362953618432e+00,  1.9872765769046227e-02,  2.7758322632433702e-01, -9.0347251448891311e-05,  1.1795771401496595e-03, -3.0525391201501246e-03,  0.0000000000000000e+00,  1.0569001204197625e-05, -4.0117180276171325e-04,  8.9413847562914827e-03,  0.0000000000000000e+00
 6.9330669330669332e+00,  6.3336392248082598e+02,  1.0081063472451831e-02,  2.7222855850650831e+01, -2.1355056319328516e-02,  8.9259120327410874e-02,  5.0295165102992423e-01,  4.3950521554610032e+03,  1.0374191028995595e+02, -1.5000685879199393e+04,  1.0000364579036571e+01,  2.4006708303628077e+00,  3.5457775694874392e+00,  5.0841372793751713e-03,  1.7510480593307243e+00,  1.9842717049179791e-02,  2.7758322632433702e-01, -9.0236443259167362e-05,  1.1755899034691345e-03, -2.9521034761797963e-03,  0.0000000000000000e+00,  1.1614798378538134e-05, -3.9707298067939413e-04,  1.1165831166568519e-02,  0.0000000000000000e+00
 6.9430569430569431e+00,  6.3336316332253500e+02,  1.0116247674153483e-02,  2.7223027454416552e+01, -2.1355148542067090e-02,  8.9256229573263027e-02,  5.0295170088138597e-01,  4.4013760016320502e+03,  1.0408682641848365e+02, -1.5000683305488874e+04,  1.0000365182359909e+01,  2.4006764422349418e+00,  3.5508850538366250e+00,  5.0832363959857282e-03,  1.7510597836716029e+00,  1.9813782682609068e-02,  2.7758322632433702e-01, -9.0120362203074267e-05,  1.1716446381335203e-03, -2.8316465913242280e-03,  0.0000000000000000e+00,  1.1624629051299524e-05, -3.9276913951059389e-04,  1.2949637181516481e-02,  0.0000000000000000e+00
 6.9530469530469530e+00,  6.3336240421943955e+02,  1.0151470088795359e-02,  2.7223198176513186e+01, -2.1355246879742440e-02,  8.9253368807991881e-02,  5.0295175984723428e-01,  4.4076998095579938e+03,  1.0443230584091187e+02, -1.5000680730329997e+04,  1.0000365785030784e+01,  2.4006820256669803e+00,  3.5559925337495151e+00,  5.0823366727377473e-03,  1.7510714688140037e+00,  1.9786140693708779e-02,  2.7758322632433702e-01, -9.0004064433698612e-05,  1.1677426244653978e-03, -2.6927524870010372e-03,  0.0000000000000000e+00,  1.1658184377707105e-05, -3.8841399684750103e-04,  1.4856962503986633e-02,  0.0000000000000000e+00
 6.9630369630369628e+00,  6.3336164517151565e+02,  1.0186729938839276e-02,  2.7223368024672556e+01, -2.1355350715375667e-02,  8.9250537689980730e-02,  5.0295182615478651e-01,  4.4140235791886498e+03,  1.0477834855458013e+02, -1.5000678153728284e+04,  1.0000366386994047e+01,  2.4006875809380488e+00,  3.5611000093589862e+00,  5.0814381129800600e-03,  1.7510831151925712e+00,  1.9759981434117540e-02,  2.7758322632433702e-01, -8.9886591836352549e-05,  1.1638840469349733e-03, -2.5357037841513240e-03,  0.0000000000000000e+00,  1.1859829610975733e-05, -3.8407322474350421e-04,  1.6584187806526377e-02,  0.0000000000000000e+00
 6.9730269730269727e+00,  6.3336088617873770e+02,  1.0222026688817377e-02,  2.7223537006540781e+01, -2.1355459310162667e-02,  8.9247735871477829e-02,  5.0295189773880455e-01,  4.4203473104738259e+03,  1.0512495455681669e+02, -1.5000675575689065e+04,  1.0000366988200591e+01,  2.4006931083272063e+00,  3.5662074807784374e+00,  5.0805407368369210e-03,  1.7510947232405158e+00,  1.9735477281438023e-02,  2.7758322632433702e-01, -8.9785311419774335e-05,  1.1600693157798015e-03, -2.3686821058178631e-03,  0.0000000000000000e+00,  8.4165097879809707e-06, -3.7963595252189282e-04,  1.6853552195832830e-02,  0.0000000000000000e+00
 6.9830169830169826e+00,  6.3336012724108184e+02,  1.0257360048547694e-02,  2.7223705129678788e+01, -2.1355571811154814e-02,  8.9244963000873617e-02,  5.0295197244487388e-01,  4.4266710033633162e+03,  1.0547212384494048e+02, -1.5000672996217785e+04,  1.0000367588608402e+01,  2.4006986081137649e+00,  3.5713149480996669e+00,  5.0796442006639806e-03,  1.7511062934006787e+00,  1.9712655118316984e-02,  2.7758322632433702e-01, -8.9712334725293013e-05,  1.1562976002782285e-03, -2.1977597995285793e-03,  0.0000000000000000e+00,  6.1934244463824572e-06, -3.7546149088270672e-04,  1.7365093523261065e-02,  0.0000000000000000e+00
 6.9930069930069934e+00,  6.3335936835852590e+02,  1.0292729973388070e-02,  2.7223872401563149e+01, -2.1355687269164269e-02,  8.9242218723628280e-02,  5.0295204807223470e-01,  4.4329946578069494e+03,  1.0581985641626000e+02, -1.5000670415319695e+04,  1.0000368188183643e+01,  2.4007040805773348e+00,  3.5764224113925005e+00,  5.0787482825966554e-03,  1.7511178260896723e+00,  1.9691565996732156e-02,  2.7758322632433702e-01, -8.9664025034592388e-05,  1.1525664049426630e-03, -2.0237658550937843e-03,  0.0000000000000000e+00,  3.4781756318809941e-06, -3.7152381529748758e-04,  1.7468494152583825e-02,  0.0000000000000000e+00
 7.0029970029970032e+00,  6.3335860953104759e+02,  1.0328136668951323e-02,  2.7224038829586306e+01, -2.1355804662032400e-02,  8.9239502683295877e-02,  5.0295212238523856e-01,  4.4393182737545540e+03,  1.0616815226807421e+02, -1.5000667833000105e+04,  1.0000368786901513e+01,  2.4007095259978994e+00,  3.5815298707042378e+00,  5.0778527116523003e-03,  1.7511293217004777e+00,  1.9672220236097326e-02,  2.7758322632433702e-01, -8.9645060547217806e-05,  1.1488730988138873e-03, -1.8508040527129965e-03,  0.0000000000000000e+00,  3.1851474130876199e-07, -3.6787607169364212e-04,  1.7158458684066718e-02,  0.0000000000000000e+00
 7.0129870129870131e+00,  6.3335785075862589e+02,  1.0363580587022430e-02,  2.7224204421057685e+01, -2.1355922917098733e-02,  8.9236814523467739e-02,  5.0295219316541551e-01,  4.4456418511559223e+03,  1.0651701139767218e+02, -1.5000665249264239e+04,  1.0000369384746699e+01,  2.4007149446557787e+00,  3.5866373260596101e+00,  5.0769571724958119e-03,  1.7511407805971411e+00,  1.9654586894779849e-02,  2.7758322632433702e-01, -8.9659559425200449e-05,  1.1452146530419394e-03, -1.6829823801741816e-03,  0.0000000000000000e+00, -3.2211901134322470e-06, -3.6454477185035654e-04,  1.6439440158204418e-02,  0.0000000000000000e+00
 7.0229770229770230e+00,  6.3335709204124123e+02,  1.0399062415689960e-02,  2.7224369183205091e+01, -2.1356040934742741e-02,  8.9234153889970760e-02,  5.0295225826351342e-01,  4.4519653899609102e+03,  1.0686643380233312e+02, -1.5000662664117332e+04,  1.0000369981713987e+01,  2.4007203368316046e+00,  3.5917447774611664e+00,  5.0760613118635851e-03,  1.7511522031121269e+00,  1.9638594214515425e-02,  2.7758322632433702e-01, -8.9710922783698988e-05,  1.1415879203199996e-03, -1.5243157710833329e-03,  0.0000000000000000e+00, -7.0617542579761134e-06, -3.6152711908198749e-04,  1.5325614981783866e-02,  0.0000000000000000e+00
 7.0329670329670328e+00,  6.3335633337887532e+02,  1.0434583063883680e-02,  2.7224533123176069e+01, -2.1356157612615743e-02,  8.9231520433149483e-02,  5.0295231565024812e-01,  4.4582888901193364e+03,  1.0721641947932731e+02, -1.5000660077564507e+04,  1.0000370577808319e+01,  2.4007257028061733e+00,  3.5968522248902506e+00,  5.0751647464661676e-03,  1.7511635895465980e+00,  1.9624131035217745e-02,  2.7758322632433702e-01, -8.9801898746408800e-05,  1.1379899234752044e-03, -1.3785261589200418e-03,  0.0000000000000000e+00, -1.1151633476528177e-05, -3.5879184924603348e-04,  1.3861465373307369e-02,  0.0000000000000000e+00
 7.0429570429570427e+00,  6.3335557477150917e+02,  1.0470143640642419e-02,  2.7224696248039589e+01, -2.1356271870140726e-02,  8.9228913810047134e-02,  5.0295236346459593e-01,  4.4646123515810405e+03,  1.0756696842591414e+02, -1.5000657489610883e+04,  1.0000371173044787e+01,  2.4007310428602526e+00,  3.6019596683084014e+00,  5.0742670681323881e-03,  1.7511749401735350e+00,  1.9611051234317223e-02,  2.7758322632433702e-01, -8.9934166276616943e-05,  1.1344181439819211e-03, -1.2490979894894812e-03,  0.0000000000000000e+00, -1.5328326071142007e-05, -3.5627840530928876e-04,  1.2050054146691145e-02,  0.0000000000000000e+00
 7.0529470529470526e+00,  6.3335481621912413e+02,  1.0505745434056371e-02,  2.7224858564788104e+01, -2.1356382672931200e-02,  8.9226333686193815e-02,  5.0295240003349928e-01,  4.4709357742958564e+03,  1.0791808063934388e+02, -1.5000654900261565e+04,  1.0000371767448344e+01,  2.4007363572743348e+00,  3.6070671076591379e+00,  5.0733678600270744e-03,  1.7511862552437805e+00,  1.9599174032430743e-02,  2.7758322632433702e-01, -9.0108126955065965e-05,  1.1308707623541932e-03, -1.1392711198119927e-03,  0.0000000000000000e+00, -1.9498601755154500e-05, -3.5390739655176146e-04,  9.9372851627312717e-03,  0.0000000000000000e+00
 7.0629370629370634e+00,  6.3335405772170725e+02,  1.0541389880309886e-02,  2.7225020080339068e+01, -2.1356489056570678e-02,  8.9223779737173992e-02,  5.0295242392813522e-01,  4.4772591582136283e+03,  1.0826975611685654e+02, -1.5000652309521529e+04,  1.0000372361053417e+01,  2.4007416463283668e+00,  3.6121745428701759e+00,  5.0724667059554637e-03,  1.7511975349939617e+00,  1.9588288574580719e-02,  2.7758322632433702e-01, -9.0322549880085307e-05,  1.1273468370372537e-03, -1.0521606671243737e-03,  0.0000000000000000e+00, -2.3428867833714789e-05, -3.5158245189947170e-04,  7.5022274653294869e-03,  0.0000000000000000e+00
 7.0729270729270732e+00,  6.3335329927924181e+02,  1.0577078526005904e-02,  2.7225180801537459e+01, -2.1356590149110715e-02,  8.9221251649807723e-02,  5.0295243404279644e-01,  4.4835825032842131e+03,  1.0862199485568179e+02, -1.5000649717395849e+04,  1.0000372953903014e+01,  2.4007469103013666e+00,  3.6172819738560436e+00,  5.0715632136758238e-03,  1.7512087796561089e+00,  1.9578151841279406e-02,  2.7758322632433702e-01, -9.0575852814405811e-05,  1.1238463551285236e-03, -9.9001670891687402e-04,  0.0000000000000000e+00, -2.7282379616446128e-05, -3.4921402623832399e-04,  4.9389929678207833e-03,  0.0000000000000000e+00
 7.0829170829170831e+00,  6.3335254089171292e+02,  1.0612812989683225e-02,  2.7225340735156941e+01, -2.1356685191302825e-02,  8.9218749122408361e-02,  5.0295242959874586e-01,  4.4899058094574457e+03,  1.0897479685303860e+02, -1.5000647123889443e+04,  1.0000373546048017e+01,  2.4007521494709518e+00,  3.6223894005215223e+00,  5.0706569986065245e-03,  1.7512199894665916e+00,  1.9568508020956006e-02,  2.7758322632433702e-01, -9.0866102904574368e-05,  1.1203702297659787e-03, -9.5415879470141566e-04,  0.0000000000000000e+00, -3.0825688435299338e-05, -3.4670627134316594e-04,  2.2397614581140608e-03,  0.0000000000000000e+00
 7.0929070929070930e+00,  6.3335178255910751e+02,  1.0648594925586946e-02,  2.7225499887902181e+01, -2.1356773554878302e-02,  8.9216271864490396e-02,  5.0295241015094705e-01,  4.4962290766831920e+03,  1.0932816210613601e+02, -1.5000644529007186e+04,  1.0000374137545982e+01,  2.4007573641128936e+00,  3.6274968227648046e+00,  5.0697477071242839e-03,  1.7512311646756846e+00,  1.9559087729497160e-02,  2.7758322632433702e-01, -9.1189731083944303e-05,  1.1169202420945787e-03, -9.4563137085511035e-04,  0.0000000000000000e+00, -3.3964673074561413e-05, -3.4398126047113699e-04, -5.3257120408370232e-04,  0.0000000000000000e+00
 7.1028971028971029e+00,  6.3335102428141295e+02,  1.0684425984555840e-02,  2.7225658266409706e+01, -2.1356854758144892e-02,  8.9213819595988300e-02,  5.0295237560098094e-01,  4.5025523049113062e+03,  1.0968209061217097e+02, -1.5000641932754061e+04,  1.0000374728459924e+01,  2.4007625545006070e+00,  3.6326042404809398e+00,  5.0688350259574947e-03,  1.7512423055553448e+00,  1.9549614287272588e-02,  2.7758322632433702e-01, -9.1542283107457181e-05,  1.1134988395035148e-03, -9.6484015844671995e-04,  0.0000000000000000e+00, -3.6616242032717391e-05, -3.4098353825987932e-04, -3.3130280717565816e-03,  0.0000000000000000e+00
 7.1128871128871127e+00,  6.3335026605861651e+02,  1.0720307774712804e-02,  2.7225815877249612e+01, -2.1356928478436447e-02,  8.9211392046013915e-02,  5.0295232620182673e-01,  4.5088754940916433e+03,  1.1003658236832958e+02, -1.5000639335134820e+04,  1.0000375318856861e+01,  2.4007677209046712e+00,  3.6377116535652472e+00,  5.0679186904787803e-03,  1.7512534124047456e+00,  1.9539810203853869e-02,  2.7758322632433702e-01, -9.1917971539223536e-05,  1.1101088397448963e-03, -1.0111951795321935e-03,  0.0000000000000000e+00, -3.8596582006908143e-05, -3.3769441341554473e-04, -5.9672471495553206e-03,  0.0000000000000000e+00
 7.1228771228771226e+00,  6.3334950789070774e+02,  1.0756241822886384e-02,  2.7225972726926294e+01, -2.1356994561036596e-02,  8.9208988951279461e-02,  5.0295226255437930e-01,  4.5151986441740837e+03,  1.1039163737178646e+02, -1.5000636736154276e+04,  1.0000375908806500e+01,  2.4007728635922958e+00,  3.6428190619167964e+00,  5.0669985030496181e-03,  1.7512644855521429e+00,  1.9529410587381835e-02,  2.7758322632433702e-01, -9.2310615038794459e-05,  1.1067532021991418e-03, -1.0835746080351202e-03,  0.0000000000000000e+00, -4.0010646607191352e-05, -3.3410422324450350e-04, -8.5231144367307766e-03,  0.0000000000000000e+00
 7.1328671328671325e+00,  6.3334874977767697e+02,  1.0792229543196806e-02,  2.7226128821879218e+01, -2.1357053024540520e-02,  8.9206610054046023e-02,  5.0295218556330012e-01,  4.5215217551084970e+03,  1.1074725561970379e+02, -1.5000634135817299e+04,  1.0000376498379438e+01,  2.4007779828267934e+00,  3.6479264654416244e+00,  5.0660743225459373e-03,  1.7512755253558385e+00,  1.9518160361535485e-02,  2.7758322632433702e-01, -9.2715860206698728e-05,  1.1034348837461209e-03, -1.1815958802984428e-03,  0.0000000000000000e+00, -4.1119436008067362e-05, -3.3022313104041738e-04, -1.1100744270396177e-02,  0.0000000000000000e+00
 7.1428571428571432e+00,  6.3334799171951181e+02,  1.0828272198782201e-02,  2.7226284168483723e+01, -2.1357104061256547e-02,  8.9204255100699056e-02,  5.0295209645398131e-01,  4.5278448268447455e+03,  1.1110343710923276e+02, -1.5000631534128524e+04,  1.0000377087645658e+01,  2.4007830788671316e+00,  3.6530338640559377e+00,  5.0651460383102235e-03,  1.7512865322031668e+00,  1.9505802278085162e-02,  2.7758322632433702e-01, -9.3125805499802357e-05,  1.1001561014401945e-03, -1.3023118203838542e-03,  0.0000000000000000e+00, -4.0951611671277100e-05, -3.2618908660604428e-04, -1.3066586934702380e-02,  0.0000000000000000e+00
 7.1528471528471531e+00,  6.3334723371620362e+02,  1.0864370867580499e-02,  2.7226438773051008e+01, -2.1357148034101749e-02,  8.9201923840479216e-02,  5.0295199678217017e-01,  4.5341678593327224e+03,  1.1146018183751052e+02, -1.5000628931092668e+04,  1.0000377676672905e+01,  2.4007881519673528e+00,  3.6581412576890155e+00,  5.0642136670913957e-03,  1.7512975064967264e+00,  1.9492140145343999e-02,  2.7758322632433702e-01, -9.3526692414326205e-05,  1.0969183868986170e-03, -1.4431578867513649e-03,  0.0000000000000000e+00, -3.9305948615565240e-05, -3.2200136462751631e-04, -1.5130795552060868e-02,  0.0000000000000000e+00
 7.1628371628371630e+00,  6.3334647576774603e+02,  1.0900526420126632e-02,  2.7226592641828827e+01, -2.1357185469620916e-02,  8.9199616023463504e-02,  5.0295188832354265e-01,  4.5404908525222927e+03,  1.1181748980166347e+02, -1.5000626326714411e+04,  1.0000378265525219e+01,  2.4007932023761689e+00,  3.6632486462862484e+00,  5.0632773731271201e-03,  1.7513084486544535e+00,  1.9476967954673546e-02,  2.7758322632433702e-01, -9.3893714892692506e-05,  1.0937222305304267e-03, -1.6013532271302777e-03,  0.0000000000000000e+00, -3.4171951553368241e-05, -3.1786914028421114e-04, -1.6539911591797820e-02,  0.0000000000000000e+00
 7.1728271728271729e+00,  6.3334571787412619e+02,  1.0936739492292319e-02,  2.7226745781002005e+01, -2.1357217188669952e-02,  8.9197331400734825e-02,  5.0295177308812311e-01,  4.5468138063633487e+03,  1.1217536099880355e+02, -1.5000623720998343e+04,  1.0000378854260696e+01,  2.4007982303365187e+00,  3.6683560298112794e+00,  5.0623376687918414e-03,  1.7513193590887450e+00,  1.9460145075870867e-02,  2.7758322632433702e-01, -9.4271981453020585e-05,  1.0905678919431187e-03, -1.7738838489741401e-03,  0.0000000000000000e+00, -4.1557013824313983e-05, -3.1362944489483462e-04, -1.8000718901343821e-02,  0.0000000000000000e+00
 7.1828171828171827e+00,  6.3334496003533900e+02,  1.0973010468619990e-02,  2.7226898196692083e+01, -2.1357243998839502e-02,  8.9195069722797185e-02,  5.0295165327141067e-01,  4.5531367208057918e+03,  1.1253379542603166e+02, -1.5000621113949095e+04,  1.0000379442929807e+01,  2.4008032360852427e+00,  3.6734634082480331e+00,  5.0613938170541327e-03,  1.7513302382227240e+00,  1.9441525719928809e-02,  2.7758322632433702e-01, -9.4674422598126315e-05,  1.0874543656579376e-03, -1.9576924169905020e-03,  0.0000000000000000e+00, -3.9011703425854921e-05, -3.0969851739844290e-04, -1.8797756415532246e-02,  0.0000000000000000e+00
 7.1928071928071926e+00,  6.3334420225137671e+02,  1.1009339468925596e-02,  2.7227049894958196e+01, -2.1357266737231657e-02,  8.9192830739732124e-02,  5.0295153120316316e-01,  4.5594595957994961e+03,  1.1289279308043402e+02, -1.5000618505571205e+04,  1.0000380031575908e+01,  2.4008082198527911e+00,  3.6785707816023114e+00,  5.0604460719367340e-03,  1.7513410864486982e+00,  1.9421030342264663e-02,  2.7758322632433702e-01, -9.5047132558114740e-05,  1.0843787189775760e-03, -2.1472743707108555e-03,  0.0000000000000000e+00, -3.5604830563827295e-05, -3.0604594800997246e-04, -1.9156550719282957e-02,  0.0000000000000000e+00
 7.2027972027972025e+00,  6.3334344452223138e+02,  1.1045726343315838e-02,  2.7227200881797820e+01, -2.1357286352952486e-02,  8.9190614201906493e-02,  5.0295140928267912e-01,  4.5657824312943667e+03,  1.1325235395908476e+02, -1.5000615895869210e+04,  1.0000380620234353e+01,  2.4008131818630498e+00,  3.6836781499028466e+00,  5.0594947734465779e-03,  1.7513519041311951e+00,  1.9398623135099421e-02,  2.7758322632433702e-01, -9.5382290660522170e-05,  1.0813378371016605e-03, -2.3381943771792011e-03,  0.0000000000000000e+00, -3.1493821538141774e-05, -3.0273860354829190e-04, -1.9065634575680345e-02,  0.0000000000000000e+00
 7.2127872127872124e+00,  6.3334268684789561e+02,  1.1082170673009373e-02,  2.7227351163146942e+01, -2.1357303890125388e-02,  8.9188419860783089e-02,  5.0295128992247662e-01,  4.5721052272403131e+03,  1.1361247805904512e+02, -1.5000613284847572e+04,  1.0000381208931490e+01,  2.4008181223332423e+00,  3.6887855132016512e+00,  5.0585403318635968e-03,  1.7513626916002887e+00,  1.9374313171891453e-02,  2.7758322632433702e-01, -9.5673720462098282e-05,  1.0783280791246109e-03, -2.5259563066785135e-03,  0.0000000000000000e+00, -2.6850424738244659e-05, -2.9981494344742541e-04, -1.8524303710103211e-02,  0.0000000000000000e+00
 7.2227772227772231e+00,  6.3334192922836530e+02,  1.1118671777541026e-02,  2.7227500744881485e+01, -2.1357320466071621e-02,  8.9186247469961830e-02,  5.0295117549118185e-01,  4.5784279835872339e+03,  1.1397316537736286e+02, -1.5000610672510789e+04,  1.0000381797683788e+01,  2.4008230414740370e+00,  3.6938928715739072e+00,  5.0575832106001823e-03,  1.7513734491477611e+00,  1.9348154477623326e-02,  2.7758322632433702e-01, -9.5916983611291152e-05,  1.0753455779513345e-03, -2.7061112020424355e-03,  0.0000000000000000e+00, -2.1850857730165833e-05, -2.9728179144248570e-04, -1.7542706341752850e-02,  0.0000000000000000e+00
 7.2327672327672330e+00,  6.3334117166363421e+02,  1.1155228728230928e-02,  2.7227649632817915e+01, -2.1357337245402681e-02,  8.9184096786312603e-02,  5.0295106825702030e-01,  4.5847507002850252e+03,  1.1433441591107334e+02, -1.5000608058863208e+04,  1.0000382386497234e+01,  2.4008279394896519e+00,  3.6990002251172514e+00,  5.0566239086146198e-03,  1.7513841770264216e+00,  1.9320245016006488e-02,  2.7758322632433702e-01, -9.6109383796497917e-05,  1.0723865642172884e-03, -2.8743648141560424e-03,  0.0000000000000000e+00, -1.6667659347373217e-05, -2.9511275812312405e-04, -1.6141666803365942e-02,  0.0000000000000000e+00
 7.2427572427572429e+00,  6.3334041415369916e+02,  1.1191840367648110e-02,  2.7227797832714835e+01, -2.1357355411011008e-02,  8.9181967571036483e-02,  5.0295097033325975e-01,  4.5910733772836184e+03,  1.1469622965719903e+02, -1.5000605443909328e+04,  1.0000382975366882e+01,  2.4008328165781170e+00,  3.7041075739505027e+00,  5.0556629431916609e-03,  1.7513948754527404e+00,  1.9290724611206622e-02,  2.7758322632433702e-01, -9.6238059240306544e-05,  1.0694474436817273e-03, -3.0249481740385457e-03,  0.0000000000000000e+00, -9.0931645031151966e-06, -2.9329917309622438e-04, -1.4005121845111566e-02,  0.0000000000000000e+00
 7.2527472527472527e+00,  6.3333965669855343e+02,  1.1228505334649797e-02,  2.7227945350273526e+01, -2.1357376133101794e-02,  8.9179859590509308e-02,  5.0295088362696627e-01,  4.5973960145329202e+03,  1.1505860661275055e+02, -1.5000602827653447e+04,  1.0000383564276886e+01,  2.4008376729316554e+00,  3.7092149182119050e+00,  5.0547010702681602e-03,  1.7514055446077139e+00,  1.9259806491050673e-02,  2.7758322632433702e-01, -9.6257642175955136e-05,  1.0665247579867655e-03, -3.1467344840212380e-03,  0.0000000000000000e+00,  5.1726607862659009e-06, -2.9182250303509531e-04, -1.0376497413423707e-02,  0.0000000000000000e+00
 7.2627372627372626e+00,  6.3333889929819486e+02,  1.1265222118669798e-02,  2.7228092191139375e+01, -2.1357400698189311e-02,  8.9177772615971859e-02,  5.0295080961304328e-01,  4.6037186119828457e+03,  1.1542154677472627e+02, -1.5000600210099879e+04,  1.0000384153199887e+01,  2.4008425087372482e+00,  3.7143222580562218e+00,  5.0537397135777557e-03,  1.7514161846387142e+00,  1.9227852793344061e-02,  2.7758322632433702e-01, -9.6243756734476873e-05,  1.0636183113821652e-03, -3.2464626455654105e-03,  0.0000000000000000e+00, -2.3927954023174623e-06, -2.9004810720589146e-04, -9.5890805277199075e-03,  0.0000000000000000e+00
 7.2727272727272725e+00,  6.3333814195261914e+02,  1.1301989083879856e-02,  2.7228238360902839e+01, -2.1357430209105487e-02,  8.9175706424399981e-02,  5.0295074954152308e-01,  4.6100411695833218e+03,  1.1578505014011236e+02, -1.5000597591252910e+04,  1.0000384742096708e+01,  2.4008473241773514e+00,  3.7194295936508324e+00,  5.0527781180856532e-03,  1.7514267957228264e+00,  1.9194942102527889e-02,  2.7758322632433702e-01, -9.6251044596664832e-05,  1.0607282646111673e-03, -3.3292936378854212e-03,  0.0000000000000000e+00,  9.3376539228960585e-07, -2.8853925634792616e-04, -6.9936841347463894e-03,  0.0000000000000000e+00
 7.2827172827172824e+00,  6.3333738466182626e+02,  1.1338804489701036e-02,  2.7228383865100213e+01, -2.1357465554346280e-02,  8.9173660798318760e-02,  5.0295070442397960e-01,  4.6163636872842744e+03,  1.1614911670588467e+02, -1.5000594971116871e+04,  1.0000385330918878e+01,  2.4008521194302603e+00,  3.7245369251740992e+00,  5.0518166157836166e-03,  1.7514373780106345e+00,  1.9161333439939757e-02,  2.7758322632433702e-01, -9.6226029950175501e-05,  1.0578536287649473e-03, -3.3853504690653131e-03,  0.0000000000000000e+00,  4.0741668340167726e-06, -2.8696284005586995e-04, -4.2288934674978972e-03,  0.0000000000000000e+00
 7.2927072927072931e+00,  6.3333662742581237e+02,  1.1375666535620461e-02,  2.7228528709214384e+01, -2.1357507470263326e-02,  8.9171635524651960e-02,  5.0295067492803769e-01,  4.6226861650356377e+03,  1.1651374646900730e+02, -1.5000592349695882e+04,  1.0000385919610117e+01,  2.4008568946707030e+00,  3.7296442528122862e+00,  5.0508555200846506e-03,  1.7514479316594651e+00,  1.9127302732516591e-02,  2.7758322632433702e-01, -9.6170860704643051e-05,  1.0549955122984942e-03, -3.4132624114309221e-03,  0.0000000000000000e+00,  6.9707161215795437e-06, -2.8523207652801820e-04, -1.3590773940967749e-03,  0.0000000000000000e+00
 7.3026973026973030e+00,  6.3333587024457779e+02,  1.1412573402101995e-02,  2.7228672898675281e+01, -2.1357556527398690e-02,  8.9169630393465149e-02,  5.0295066136038447e-01,  4.6290086027873440e+03,  1.1687893942643397e+02, -1.5000589726994254e+04,  1.0000386508107781e+01,  2.4008616500704947e+00,  3.7347515767561084e+00,  5.0498951200652420e-03,  1.7514584568420490e+00,  1.9093136388762314e-02,  2.7758322632433702e-01, -9.6088307569353686e-05,  1.0521557930427096e-03, -3.4123154276931122e-03,  0.0000000000000000e+00,  9.5564215642059014e-06, -2.8327971848945526e-04,  1.5486635384367945e-03,  0.0000000000000000e+00
 7.3126873126873129e+00,  6.3333511311811912e+02,  1.1449523292092388e-02,  2.7228816438860363e+01, -2.1357613120836779e-02,  8.9167645196399692e-02,  5.0295066365819441e-01,  4.6353310004893210e+03,  1.1724469557510844e+02, -1.5000587103016094e+04,  1.0000387096344454e+01,  2.4008663857991688e+00,  3.7398588971971169e+00,  5.0489356737795687e-03,  1.7514689537532322e+00,  1.9059124602093153e-02,  2.7758322632433702e-01, -9.5981835857094613e-05,  1.0493368908589661e-03, -3.3824715859451598e-03,  0.0000000000000000e+00,  1.1759215230061404e-05, -2.8106449869595750e-04,  4.4260735795033602e-03,  0.0000000000000000e+00
 7.3226773226773227e+00,  6.3333435604643887e+02,  1.1486514472151595e-02,  2.7228959335094050e+01, -2.1357677464417593e-02,  8.9165679724931848e-02,  5.0295068138916499e-01,  4.6416533580915129e+03,  1.1761101491196445e+02, -1.5000584477765511e+04,  1.0000387684249599e+01,  2.4008711020246714e+00,  3.7449662143240481e+00,  5.0479774010670983e-03,  1.7514794226140942e+00,  1.9025554538893281e-02,  2.7758322632433702e-01, -9.5855631942588939e-05,  1.0465414892503644e-03, -3.3243725760748934e-03,  0.0000000000000000e+00,  1.3506808453974153e-05, -2.7857490334613804e-04,  7.2053481965240716e-03,  0.0000000000000000e+00
 7.3326673326673326e+00,  6.3333359902953498e+02,  1.1523545312242813e-02,  2.7229101592648018e+01, -2.1357749588659668e-02,  8.9163733768614320e-02,  5.0295071376025280e-01,  4.6479756755438793e+03,  1.1797789743392595e+02, -1.5000581851246707e+04,  1.0000388271751191e+01,  2.4008757989139333e+00,  3.7500735283192630e+00,  5.0470204763381583e-03,  1.7514898636730973e+00,  1.8992703571602147e-02,  2.7758322632433702e-01, -9.5714580421281118e-05,  1.0437722357127597e-03, -3.2393272123964591e-03,  0.0000000000000000e+00,  1.4731706111852662e-05, -2.7582965488229336e-04,  9.8207336118987035e-03,  0.0000000000000000e+00
 7.3426573426573425e+00,  6.3333284206740836e+02,  1.1560614323245016e-02,  2.7229243216740624e+01, -2.1357829342255313e-02,  8.9161807113470506e-02,  5.0295075963487013e-01,  4.6542979527963316e+03,  1.1834534313790878e+02, -1.5000579223463654e+04,  1.0000388858777423e+01,  2.4008804766334917e+00,  3.7551808393552037e+00,  5.0460650218379019e-03,  1.7515002772042183e+00,  1.8960832716467778e-02,  2.7758322632433702e-01, -9.5564192435553002e-05,  1.0410314452977808e-03, -3.1292831721903757e-03,  0.0000000000000000e+00,  1.5375968630916423e-05, -2.7287658619651290e-04,  1.2210083237359422e-02,  0.0000000000000000e+00
 7.3526473526473524e+00,  6.3333208516006118e+02,  1.1597720191301954e-02,  2.7229384212536583e+01, -2.1357916397014003e-02,  8.9159899540696516e-02,  5.0295081755822568e-01,  4.6606201897988531e+03,  1.1871335202081940e+02, -1.5000576594420469e+04,  1.0000389445258389e+01,  2.4008851353500198e+00,  3.7602881475911847e+00,  5.0451111018639215e-03,  1.7515106635021742e+00,  1.8930180431298644e-02,  2.7758322632433702e-01, -9.5410489338319183e-05,  1.0383208410053811e-03, -2.9967835754117151e-03,  0.0000000000000000e+00,  1.5395391435295362e-05, -2.6978639314191274e-04,  1.4316336037728784e-02,  0.0000000000000000e+00
 7.3626373626373622e+00,  6.3333132830749366e+02,  1.1634861808191423e-02,  2.7229524585146525e+01, -2.1358010256138347e-02,  8.9158010825813580e-02,  5.0295088579020919e-01,  4.6669423865013750e+03,  1.1908192407955688e+02, -1.5000573964121126e+04,  1.0000390031127692e+01,  2.4008897752307843e+00,  3.7653954531703540e+00,  5.0441587183546188e-03,  1.7515210228753673e+00,  1.8900956920755257e-02,  2.7758322632433702e-01, -9.5259848819991824e-05,  1.0356413544217228e-03, -2.8449093529818370e-03,  0.0000000000000000e+00,  1.4762840332993205e-05, -2.6664682089723191e-04,  1.6088883292706350e-02,  0.0000000000000000e+00
 7.3726273726273730e+00,  6.3333057150970819e+02,  1.1672038296989073e-02,  2.7229664339626389e+01, -2.1358110265711692e-02,  8.9156140738365142e-02,  5.0295096234510417e-01,  4.6732645428538744e+03,  1.1945105931101158e+02, -1.5000571332569629e+04,  1.0000390616323909e+01,  2.4008943964440590e+00,  3.7705027562171054e+00,  5.0432078081812043e-03,  1.7515313556371277e+00,  1.8873339085584719e-02,  2.7758322632433702e-01, -9.5118822672766261e-05,  1.0329930017056836e-03, -2.6772086763882960e-03,  0.0000000000000000e+00,  1.3470594341562165e-05, -2.6355339285379076e-04,  1.7484792161319474e-02,  0.0000000000000000e+00
 7.3826173826173829e+00,  6.3332981476670591e+02,  1.1709249032408916e-02,  2.7229803480977605e+01, -2.1358215629252678e-02,  8.9154289042216769e-02,  5.0295104503719545e-01,  4.6795866588062818e+03,  1.1982075771206638e+02, -1.5000568699769914e+04,  1.0000391200792093e+01,  2.4008989991594509e+00,  3.7756100568348447e+00,  5.0422582423771409e-03,  1.7515416620961806e+00,  1.8847466237910334e-02,  2.7758322632433702e-01, -9.4993936551052778e-05,  1.0303748543827882e-03, -2.4976150253996653e-03,  0.0000000000000000e+00,  1.1531607226323448e-05, -2.6059970119906846e-04,  1.8469856766627105e-02,  0.0000000000000000e+00
 7.3926073926073927e+00,  6.3332905807849045e+02,  1.1746493655323804e-02,  2.7229942014146946e+01, -2.1358325425157747e-02,  8.9152455496460351e-02,  5.0295113153125026e-01,  4.6859087343085866e+03,  1.2019101927959686e+02, -1.5000566065725920e+04,  1.0000391784484968e+01,  2.4009035835481396e+00,  3.7807173551042599e+00,  5.0413098274309336e-03,  1.7515519425473052e+00,  1.8823436687474836e-02,  2.7758322632433702e-01, -9.4891482508697585e-05,  1.0277851006908042e-03, -2.3103557486714252e-03,  0.0000000000000000e+00,  8.9796920531861910e-06, -2.5786898793611781e-04,  1.9019450434366932e-02,  0.0000000000000000e+00
 7.4025974025974026e+00,  6.3332830144506306e+02,  1.1783772081104451e-02,  2.7230079944026592e+01, -2.1358438626798249e-02,  8.9150639856867248e-02,  5.0295121939669063e-01,  4.6922307693107341e+03,  1.2056184401047105e+02, -1.5000563430441576e+04,  1.0000392367364048e+01,  2.4009081497830755e+00,  3.7858246510820992e+00,  5.0403623086606834e-03,  1.7515621972630275e+00,  1.8801305283890925e-02,  2.7758322632433702e-01, -9.4817314779451349e-05,  1.0252211948875941e-03, -2.1198532170531659e-03,  0.0000000000000000e+00,  5.8686873419117022e-06, -2.5542495386655359e-04,  1.9119156395609026e-02,  0.0000000000000000e+00
 7.4125874125874125e+00,  6.3332754486642841e+02,  1.1821084501558535e-02,  2.7230217275455011e+01, -2.1358554124973502e-02,  8.9148841877793636e-02,  5.0295130616419614e-01,  4.6985527637627074e+03,  1.2093323190155016e+02, -1.5000560793920678e+04,  1.0000392949400613e+01,  2.4009126980390549e+00,  3.7909319448005463e+00,  5.0394153755871883e-03,  1.7515724264872630e+00,  1.8781081977843405e-02,  2.7758322632433702e-01, -9.4776912076731282e-05,  1.0226800781728670e-03, -1.9305351636401374e-03,  0.0000000000000000e+00,  2.2199337426454136e-06, -2.5330661242182784e-04,  1.8782317897679774e-02,  0.0000000000000000e+00
 7.4225774225774224e+00,  6.3332678834259082e+02,  1.1858431380401170e-02,  2.7230354013217770e+01, -2.1358670752352229e-02,  8.9147061314394135e-02,  5.0295138938343664e-01,  4.7048747176144689e+03,  1.2130518294968797e+02, -1.5000558156167159e+04,  1.0000393530576307e+01,  2.4009172284927192e+00,  3.7960392362670823e+00,  5.0384686640637458e-03,  1.7515826304314226e+00,  1.8762733152749265e-02,  2.7758322632433702e-01, -9.4775433095734975e-05,  1.0201584509204173e-03, -1.7466287065152268e-03,  0.0000000000000000e+00, -1.9238417471842594e-06, -2.5152316351862466e-04,  1.8035754818727746e-02,  0.0000000000000000e+00
 7.4325674325674322e+00,  6.3332603187355153e+02,  1.1895813450354339e-02,  2.7230490162048465e+01, -2.1358787309394191e-02,  8.9145297924755729e-02,  5.0295146663146051e-01,  4.7111966308159917e+03,  1.2167769715173127e+02, -1.5000555517184770e+04,  1.0000394110883695e+01,  2.4009217413225508e+00,  3.8011465254647612e+00,  5.0375217605403205e-03,  1.7515928092734951e+00,  1.8746184301389555e-02,  2.7758322632433702e-01, -9.4816486571762667e-05,  1.0176531070894121e-03, -1.5726929499646604e-03,  0.0000000000000000e+00, -6.2950641535619911e-06, -2.5004667144862849e-04,  1.6786183642696063e-02,  0.0000000000000000e+00
 7.4425574425574421e+00,  6.3332527545931862e+02,  1.1933231691820340e-02,  2.7230625726630183e+01, -2.1358902591897364e-02,  8.9143551472498556e-02,  5.0295153563164419e-01,  4.7175185033172638e+03,  1.2205077450451944e+02, -1.5000552876977323e+04,  1.0000394690326393e+01,  2.4009262367087816e+00,  3.8062538123529768e+00,  5.0365742287676067e-03,  1.7516029631608350e+00,  1.8731310716186535e-02,  2.7758322632433702e-01, -9.4901344936578112e-05,  1.0151611846299536e-03, -1.4131470502430461e-03,  0.0000000000000000e+00, -1.0693580483331798e-05, -2.4883620492590773e-04,  1.5154905481557578e-02,  0.0000000000000000e+00
 7.4525474525474529e+00,  6.3332451909989493e+02,  1.1970687316227050e-02,  2.7230760711597121e+01, -2.1359015418284003e-02,  8.9141821728659712e-02,  5.0295159425777136e-01,  4.7238403350682629e+03,  1.2242441500488546e+02, -1.5000550235548530e+04,  1.0000395268919084e+01,  2.4009307148331533e+00,  3.8113610968690366e+00,  5.0356256297723568e-03,  1.7516130922142470e+00,  1.8717949595090991e-02,  2.7758322632433702e-01, -9.5029906358811043e-05,  1.0126804205898066e-03, -1.2719080766639419e-03,  0.0000000000000000e+00, -1.5044416247701563e-05, -2.4781275591148215e-04,  1.3121137028978141e-02,  0.0000000000000000e+00
 7.4625374625374628e+00,  6.3332376279528830e+02,  1.2008181728915598e-02,  2.7230895121536260e+01, -2.1359124658834654e-02,  8.9140108473675844e-02,  5.0295164065593090e-01,  4.7301621260189577e+03,  1.2279861864965372e+02, -1.5000547592902163e+04,  1.0000395846687278e+01,  2.4009351758786659e+00,  3.8164683789301979e+00,  5.0346755293398581e-03,  1.7516231965358717e+00,  1.8705897967402040e-02,  2.7758322632433702e-01, -9.5200086326751123e-05,  1.0102093265158991e-03, -1.1522380358022957e-03,  0.0000000000000000e+00, -1.9025613333055901e-05, -2.4690027769380137e-04,  1.0836805151533829e-02,  0.0000000000000000e+00
 7.4725274725274726e+00,  6.3332300654550500e+02,  1.2045716489509554e-02,  2.7231028960988958e+01, -2.1359229261466453e-02,  8.9138411498662487e-02,  5.0295167330634027e-01,  4.7364838761193450e+03,  1.2317338543564178e+02, -1.5000544949041923e+04,  1.0000396423666709e+01,  2.4009396200291575e+00,  3.8215756584366516e+00,  5.0337235301454487e-03,  1.7516332762167748e+00,  1.8694927856113923e-02,  2.7758322632433702e-01, -9.5408299441177737e-05,  1.0077471863761296e-03, -1.0551485686979781e-03,  0.0000000000000000e+00, -2.2658652175151556e-05, -2.4602017828807019e-04,  8.6005061627507946e-03,  0.0000000000000000e+00
 7.4825174825174825e+00,  6.3332225035054819e+02,  1.2083293284767911e-02,  2.7231162234452285e+01, -2.1359328277391180e-02,  8.9136730605090933e-02,  5.0295169095334391e-01,  4.7428055853194201e+03,  1.2354871535965901e+02, -1.5000542303971468e+04,  1.0000396999902511e+01,  2.4009440474688186e+00,  3.8266829352747056e+00,  5.0327692696107637e-03,  1.7516433313447903e+00,  1.8684816077917565e-02,  2.7758322632433702e-01, -9.5661799403592060e-05,  1.0052949808776806e-03, -9.8565126835408736e-04,  0.0000000000000000e+00, -2.8092040300197015e-05, -2.4491136250139560e-04,  5.3128533660962715e-03,  0.0000000000000000e+00
 7.4925074925074924e+00,  6.3332149421042766e+02,  1.2120913883725635e-02,  2.7231294946381041e+01, -2.1359420877868338e-02,  8.9135065605998418e-02,  5.0295169272759865e-01,  4.7491272535691578e+03,  1.2392460841850597e+02, -1.5000539657694444e+04,  1.0000397575448421e+01,  2.4009484583818392e+00,  3.8317902093196645e+00,  5.0318122054820403e-03,  1.7516533620305785e+00,  1.8675234524078876e-02,  2.7758322632433702e-01, -9.5961543548143992e-05,  1.0028544237631004e-03, -9.4713812649910452e-04,  0.0000000000000000e+00, -3.1916737439100179e-05, -2.4368817183758064e-04,  2.3974776332714117e-03,  0.0000000000000000e+00
 7.5024975024975022e+00,  6.3332073812515284e+02,  1.2158580089698846e-02,  2.7231427101188750e+01, -2.1359506374170598e-02,  8.9133416325284071e-02,  5.0295167815939679e-01,  4.7554488808185679e+03,  1.2430106460897569e+02, -1.5000537010214533e+04,  1.0000398150365388e+01,  2.4009528529517539e+00,  3.8368974804400175e+00,  5.0308519560533583e-03,  1.7516633683962142e+00,  1.8665892239226274e-02,  2.7758322632433702e-01, -9.6297002570335563e-05,  1.0004273876622510e-03, -9.3809478244356902e-04,  0.0000000000000000e+00, -3.5242158803654294e-05, -2.4220445555247613e-04, -5.8700015335319295e-04,  0.0000000000000000e+00
 7.5124875124875121e+00,  6.3331998209472806e+02,  1.2196293701135412e-02,  2.7231558703248815e+01, -2.1359584236785654e-02,  8.9131782596156492e-02,  5.0295164715334617e-01,  4.7617704670176454e+03,  1.2467808392785135e+02, -1.5000534361535254e+04,  1.0000398724720478e+01,  2.4009572313609029e+00,  3.8420047485011466e+00,  5.0298881894466690e-03,  1.7516733505897726e+00,  1.8656491371582502e-02,  2.7758322632433702e-01, -9.6662794275082775e-05,  9.9801669805096361e-04, -9.5886049237465154e-04,  0.0000000000000000e+00, -3.7989340487593827e-05, -2.4041560461836672e-04, -3.5702949748577799e-03,  0.0000000000000000e+00
 7.5224775224775229e+00,  6.3331922611916320e+02,  1.2234056469281491e-02,  2.7231689756895378e+01, -2.1359654109610281e-02,  8.9130164259609901e-02,  5.0295159999275052e-01,  4.7680920121163799e+03,  1.2505566637190748e+02, -1.5000531711660198e+04,  1.0000399298585103e+01,  2.4009615937898481e+00,  3.8471120133691032e+00,  5.0289206314924175e-03,  1.7516833087897816e+00,  1.8646734187430576e-02,  2.7758322632433702e-01, -9.7052833690469841e-05,  9.9562547740901291e-04, -1.0090717554787532e-03,  0.0000000000000000e+00, -4.0096550472894938e-05, -2.3830676790014037e-04, -6.4819998985830339e-03,  0.0000000000000000e+00
 7.5324675324675328e+00,  6.3331847019846759e+02,  1.2271870056733570e-02,  2.7231820266423654e+01, -2.1359715819988426e-02,  8.9128561162649098e-02,  5.0295153733499975e-01,  4.7744135160647920e+03,  1.2543381193790840e+02, -1.5000529060592959e+04,  1.0000399872033631e+01,  2.4009659404168069e+00,  3.8522192749142836e+00,  5.0279490718904158e-03,  1.7516932432067038e+00,  1.8636330097746762e-02,  2.7758322632433702e-01, -9.7459254039505147e-05,  9.9325676654420428e-04, -1.0871625101840331e-03,  0.0000000000000000e+00, -4.1268803403107779e-05, -2.3590914724340155e-04, -9.1517691934046349e-03,  0.0000000000000000e+00
 7.5424575424575426e+00,  6.3331771433264976e+02,  1.2309735997866873e-02,  2.7231950236090537e+01, -2.1359769384255586e-02,  8.9126973156424275e-02,  5.0295146019802162e-01,  4.7807349788128668e+03,  1.2581252062260924e+02, -1.5000526408336971e+04,  1.0000400445141459e+01,  2.4009702714170387e+00,  3.8573265330151045e+00,  5.0269733936494703e-03,  1.7517031540798225e+00,  1.8625012658755571e-02,  2.7758322632433702e-01, -9.7870832775208516e-05,  9.9091311379915278e-04, -1.1896379324712152e-03,  0.0000000000000000e+00, -4.1129259484706527e-05, -2.3329013231592963e-04, -1.1363810348489455e-02,  0.0000000000000000e+00
 7.5524475524475525e+00,  6.3331695852171663e+02,  1.2347655672660923e-02,  2.7232079670114306e+01, -2.1359815011419748e-02,  8.9125400093627946e-02,  5.0295136986655387e-01,  4.7870564003106438e+03,  1.2619179242275379e+02, -1.5000523754895823e+04,  1.0000401017983343e+01,  2.4009745869623269e+00,  3.8624337875611552e+00,  5.0259936106961060e-03,  1.7517130416705160e+00,  1.8612561108086997e-02,  2.7758322632433702e-01, -9.8288640287057659e-05,  9.8859723472780633e-04, -1.3173188881048931e-03,  0.0000000000000000e+00, -4.2515804387492631e-05, -2.3034885776759587e-04, -1.4197916969373179e-02,  0.0000000000000000e+00
 7.5624375624375624e+00,  6.3331620276567969e+02,  1.2385630265343646e-02,  2.7232208572675198e+01, -2.1359853093215614e-02,  8.9123841828310749e-02,  5.0295126798097622e-01,  4.7933777805081154e+03,  1.2657162733507677e+02, -1.5000521100272914e+04,  1.0000401590631682e+01,  2.4009788872205164e+00,  3.8675410384560438e+00,  5.0250095846527260e-03,  1.7517229062723245e+00,  1.8598692601051178e-02,  2.7758322632433702e-01, -9.8710028284940723e-05,  9.8631082644716809e-04, -1.4690364008848461e-03,  0.0000000000000000e+00, -4.1846072788697181e-05, -2.2739008001622626e-04, -1.6175929089173782e-02,  0.0000000000000000e+00
 7.5724275724275723e+00,  6.3331544706454815e+02,  1.2423660728845357e-02,  2.7232336947915066e+01, -2.1359884195499564e-02,  8.9122298214583298e-02,  5.0295115649132838e-01,  4.7996991193552967e+03,  1.2695202535630152e+02, -1.5000518444471742e+04,  1.0000402163154694e+01,  2.4009831723548527e+00,  3.8726482856208877e+00,  5.0240213823587445e-03,  1.7517327481805349e+00,  1.8583209731445942e-02,  2.7758322632433702e-01, -9.9113308709739898e-05,  9.8405372656922311e-04, -1.6374177361014374e-03,  0.0000000000000000e+00, -3.8890668256098964e-05, -2.2448131554832462e-04, -1.7534014221188145e-02,  0.0000000000000000e+00
 7.5824175824175821e+00,  6.3331469141833020e+02,  1.2461747767364461e-02,  2.7232464799937478e+01, -2.1359909048345095e-02,  8.9120769105236544e-02,  5.0295103755692627e-01,  4.8060204168022046e+03,  1.2733298648314003e+02, -1.5000515787495671e+04,  1.0000402735614999e+01,  2.4009874425235709e+00,  3.8777555289968495e+00,  5.0230292987644195e-03,  1.7517425676854428e+00,  1.8565976961968232e-02,  2.7758322632433702e-01, -9.9481872781747907e-05,  9.8182533993056457e-04, -1.8192865592797840e-03,  0.0000000000000000e+00, -3.4895858959906143e-05, -2.2164168951112578e-04, -1.8876124179117278e-02,  0.0000000000000000e+00
 7.5924075924075920e+00,  6.3331393582703299e+02,  1.2499891823559850e-02,  2.7232592132807856e+01, -2.1359928630128863e-02,  8.9119254351545704e-02,  5.0295091347104881e-01,  4.8123416727988770e+03,  1.2771451071229367e+02, -1.5000513129348126e+04,  1.0000403308067693e+01,  2.4009916978795736e+00,  3.8828627685468802e+00,  5.0220337325529154e-03,  1.7517523650704436e+00,  1.8546860349642150e-02,  2.7758322632433702e-01, -9.9847831050647672e-05,  9.7962473783440697e-04, -2.0112844256281997e-03,  0.0000000000000000e+00, -3.8368986474713442e-05, -2.1891885013089924e-04, -1.9561848663852143e-02,  0.0000000000000000e+00
 7.6023976023976028e+00,  6.3331318029067131e+02,  1.2538093060976802e-02,  2.7232718950553412e+01, -2.1359943925247423e-02,  8.9117753803544725e-02,  5.0295078668876225e-01,  4.8186628872953352e+03,  1.2809659804045288e+02, -1.5000510470032486e+04,  1.0000403880558606e+01,  2.4009959385701776e+00,  3.8879700042569820e+00,  5.0210343371050658e-03,  1.7517621406072776e+00,  1.8525791458958676e-02,  2.7758322632433702e-01, -1.0021847888673397e-04,  9.7745002764697666e-04, -2.2104565545279847e-03,  0.0000000000000000e+00, -3.5834710309760855e-05, -2.1645812939262175e-04, -2.0312411541883551e-02,  0.0000000000000000e+00
 7.6123876123876126e+00,  6.3331242480925187e+02,  1.2576351361864435e-02,  2.7232845257163476e+01, -2.1359955957820989e-02,  8.9116267310313871e-02,  5.0295065972639730e-01,  4.8249840602415698e+03,  1.2847924846429567e+02, -1.5000507809552133e+04,  1.0000404453124730e+01,  2.4010001647368995e+00,  3.8930772361373647e+00,  5.0200313653423912e-03,  1.7517718945415255e+00,  1.8502695383517714e-02,  2.7758322632433702e-01, -1.0055637411949801e-04,  9.7529805042574386e-04, -2.4130995211592093e-03,  0.0000000000000000e+00, -3.1811915288704452e-05, -2.1436771030689582e-04, -2.0256710377666579e-02,  0.0000000000000000e+00
 7.6223776223776225e+00,  6.3331166938278807e+02,  1.2614666313480608e-02,  2.7232971056590095e+01, -2.1359965842276354e-02,  8.9114794722048113e-02,  5.0295053518700406e-01,  4.8313051915876567e+03,  1.2886246198049045e+02, -1.5000505147910359e+04,  1.0000405025793398e+01,  2.4010043765153291e+00,  3.8981844642232906e+00,  5.0190252187410399e-03,  1.7517816270818116e+00,  1.8477577682312139e-02,  2.7758322632433702e-01, -1.0085008373228585e-04,  9.7316517191086164e-04, -2.6123429255281482e-03,  0.0000000000000000e+00, -2.6988749191422326e-05, -2.1263456837252999e-04, -1.9631819176995486e-02,  0.0000000000000000e+00
 7.6323676323676324e+00,  6.3331091401128492e+02,  1.2653037221567022e-02,  2.7233096352748660e+01, -2.1359974763054426e-02,  8.9113335890263976e-02,  5.0295041562107046e-01,  4.8376262812836167e+03,  1.2924623858569248e+02, -1.5000502485110479e+04,  1.0000405598581482e+01,  2.4010085740350888e+00,  3.9032916885752149e+00,  5.0180163786544335e-03,  1.7517913384011041e+00,  1.8450500719670998e-02,  2.7758322632433702e-01, -1.0109360631918659e-04,  9.7104793959005306e-04, -2.8030274952749084e-03,  0.0000000000000000e+00, -2.1764472706106467e-05, -2.1123534225334464e-04, -1.8543231686306338e-02,  0.0000000000000000e+00
 7.6423576423576423e+00,  6.3331015869475596e+02,  1.2691463125414942e-02,  2.7233221149518776e+01, -2.1359983948374676e-02,  8.9111890668875149e-02,  5.0295030346616665e-01,  4.8439473292794737e+03,  1.2963057827654811e+02, -1.5000499821155738e+04,  1.0000406171494683e+01,  2.4010127574200402e+00,  3.9083989092779365e+00,  5.0170053664669303e-03,  1.7518010286390462e+00,  1.8421573136952002e-02,  2.7758322632433702e-01, -1.0127327481952534e-04,  9.6894304159022020e-04, -2.9789982805348033e-03,  0.0000000000000000e+00, -1.4205161061710825e-05, -2.1016523731319614e-04, -1.6686119522725022e-02,  0.0000000000000000e+00
 7.6523476523476521e+00,  6.3330940343321163e+02,  1.2729942819249178e-02,  2.7233345450744547e+01, -2.1359994640715349e-02,  8.9110458915127949e-02,  5.0295020098905718e-01,  4.8502683355252721e+03,  1.3001548104968992e+02, -1.5000497156049454e+04,  1.0000406744527323e+01,  2.4010169267885191e+00,  3.9135061264392061e+00,  5.0159929366000973e-03,  1.7518106979024346e+00,  1.8390980274505468e-02,  2.7758322632433702e-01, -1.0134580502727497e-04,  9.6684729141888204e-04, -3.1289527356665836e-03,  0.0000000000000000e+00, -3.1538652976533178e-07, -2.0940394698870478e-04, -1.3334762394657730e-02,  0.0000000000000000e+00
 7.6623376623376620e+00,  6.3330864822666274e+02,  1.2768474902684367e-02,  2.7233469260235871e+01, -2.1360008204917073e-02,  8.9109040489455768e-02,  5.0295011006039936e-01,  4.8565892999710613e+03,  1.3040094690174217e+02, -1.5000494489794817e+04,  1.0000407317661722e+01,  2.4010210822538451e+00,  3.9186133401871559e+00,  5.0149804752575942e-03,  1.7518203462672464e+00,  1.8359056598776846e-02,  2.7758322632433702e-01, -1.0137796133385139e-04,  9.6476006647381327e-04, -3.2583330111628536e-03,  0.0000000000000000e+00, -6.1223060468366728e-06, -2.0845848701406752e-04, -1.2567168759695780e-02,  0.0000000000000000e+00
 7.6723276723276719e+00,  6.3330789307512202e+02,  1.2807057805484627e-02,  2.7233592581768665e+01, -2.1360025867551057e-02,  8.9107635256617454e-02,  5.0295003233119551e-01,  4.8629102225668767e+03,  1.3078697582931775e+02, -1.5000491822395075e+04,  1.0000407890867402e+01,  2.4010252239250085e+00,  3.9237205506666442e+00,  5.0139674029071133e-03,  1.7518299738278387e+00,  1.8325878715840876e-02,  2.7758322632433702e-01, -1.0141891523545747e-04,  9.6268118803035827e-04, -3.3715049714178411e-03,  0.0000000000000000e+00, -2.0766650556030696e-06, -2.0773297735705767e-04, -1.0089857683382131e-02,  0.0000000000000000e+00
 7.6823176823176826e+00,  6.3330713797859892e+02,  1.2845689812114196e-02,  2.7233715419085943e+01, -2.1360048677453801e-02,  8.9106243085628867e-02,  5.0294996918852064e-01,  4.8692311032627695e+03,  1.3117356782901936e+02, -1.5000489153853403e+04,  1.0000408464103442e+01,  2.4010293519070065e+00,  3.9288277580375439e+00,  5.0129541233048377e-03,  1.7518395806566176e+00,  1.8291693862085179e-02,  2.7758322632433702e-01, -1.0141947281795905e-04,  9.6060981338682747e-04, -3.4592468905993083e-03,  0.0000000000000000e+00,  1.9650370387892032e-06, -2.0695622627778105e-04, -7.4760745367470167e-03,  0.0000000000000000e+00
 7.6923076923076925e+00,  6.3330638293710558e+02,  1.2884369089328119e-02,  2.7233837775897943e+01, -2.1360077551855570e-02,  8.9104863849492774e-02,  5.0294992177971420e-01,  4.8755519420087830e+03,  1.3156072289744034e+02, -1.5000486484172969e+04,  1.0000409037319459e+01,  2.4010334663014032e+00,  3.9339349624717954e+00,  5.0119410398138473e-03,  1.7518491668311031e+00,  1.8256762893850878e-02,  2.7758322632433702e-01, -1.0138253439541095e-04,  9.5854676420745752e-04, -3.5185357416550869e-03,  0.0000000000000000e+00,  5.4300351562418209e-06, -2.0606621944063076e-04, -4.3935534445885072e-03,  0.0000000000000000e+00
 7.7022977022977024e+00,  6.3330562795065487e+02,  1.2923093735702818e-02,  2.7233959655882764e+01, -2.1360113255812940e-02,  8.9103497423480407e-02,  5.0294989085314323e-01,  4.8818727387549970e+03,  1.3194844103116458e+02, -1.5000483813356961e+04,  1.0000409610457103e+01,  2.4010375672068389e+00,  3.9390421641506990e+00,  5.0109284982419924e-03,  1.7518587324401182e+00,  1.8221393447666497e-02,  2.7758322632433702e-01, -1.0131223232656122e-04,  9.5649371004810082e-04, -3.5473594679625770e-03,  0.0000000000000000e+00,  8.6444390274736083e-06, -2.0495522326257763e-04, -1.3769565621711026e-03,  0.0000000000000000e+00
 7.7122877122877123e+00,  6.3330487301925984e+02,  1.2961861831936993e-02,  2.7234081062686187e+01, -2.1360156386674295e-02,  8.9102143683800566e-02,  5.0294987674141811e-01,  4.8881934934514129e+03,  1.3233672222676651e+02, -1.5000481141408423e+04,  1.0000410183451356e+01,  2.4010416547198363e+00,  3.9441493632605953e+00,  5.0099168193877422e-03,  1.7518682775945407e+00,  1.8185886580804674e-02,  2.7758322632433702e-01, -1.0121218222651860e-04,  9.5445303490754307e-04, -3.5458385174338717e-03,  0.0000000000000000e+00,  1.1385591001058858e-05, -2.0358793987708819e-04,  1.6814508580178596e-03,  0.0000000000000000e+00
 7.7222777222777221e+00,  6.3330411814293097e+02,  1.3000671481808791e-02,  2.7234201999921417e+01, -2.1360207362466892e-02,  8.9100802506207250e-02,  5.0294987938571800e-01,  4.8945142060481367e+03,  1.3272556648081240e+02, -1.5000478468330504e+04,  1.0000410756232258e+01,  2.4010457289354390e+00,  3.9492565599889637e+00,  5.0089062768188851e-03,  1.7518778024308257e+00,  1.8150547523242244e-02,  2.7758322632433702e-01, -1.0108701595596538e-04,  9.5242735363066928e-04, -3.5134464262055434e-03,  0.0000000000000000e+00,  1.3672696363697048e-05, -2.0195345175304550e-04,  4.8034458058935281e-03,  0.0000000000000000e+00
 7.7322677322677320e+00,  6.3330336332168304e+02,  1.3039520863010148e-02,  2.7234322471168969e+01, -2.1360266413492531e-02,  8.9099473764151838e-02,  5.0294989829160630e-01,  4.9008348764952170e+03,  1.3311497378986044e+02, -1.5000475794126318e+04,  1.0000411328726416e+01,  2.4010497899479635e+00,  3.9543637545203509e+00,  5.0078970987892215e-03,  1.7518873071120957e+00,  1.8115687851010358e-02,  2.7758322632433702e-01, -1.0093783979952721e-04,  9.5041927112704538e-04, -3.4503732628235629e-03,  0.0000000000000000e+00,  1.6192370155223310e-05, -2.0006466547247713e-04,  7.8238015031791858e-03,  0.0000000000000000e+00
 7.7422577422577419e+00,  6.3330260855552547e+02,  1.3078408269428765e-02,  2.7234442479975844e+01, -2.1360333582119067e-02,  8.9098157326986491e-02,  5.0294993256711440e-01,  4.9071555047427082e+03,  1.3350494415046055e+02, -1.5000473118798871e+04,  1.0000411900858836e+01,  2.4010538378516624e+00,  3.9594709470322669e+00,  5.0068895367629505e-03,  1.7518967918268522e+00,  1.8081608996512503e-02,  2.7758322632433702e-01, -1.0077315625453353e-04,  9.4843155159358929e-04, -3.3600285073854979e-03,  0.0000000000000000e+00,  1.6777275551615913e-05, -1.9787678511698191e-04,  1.0263218535490769e-02,  0.0000000000000000e+00
 7.7522477522477526e+00,  6.3330185384447509e+02,  1.3117332144535188e-02,  2.7234562029855084e+01, -2.1360408720318604e-02,  8.9096853059176667e-02,  5.0294998099532084e-01,  4.9134760907406790e+03,  1.3389547755915615e+02, -1.5000470442351252e+04,  1.0000412472554620e+01,  2.4010578727413301e+00,  3.9645781376914346e+00,  5.0058836491138061e-03,  1.7519062567934462e+00,  1.8048554414299357e-02,  2.7758322632433702e-01, -1.0060394722585415e-04,  9.4646640947301471e-04, -3.2455607441181722e-03,  0.0000000000000000e+00,  1.7098371989994791e-05, -1.9554466742203449e-04,  1.2653227670627074e-02,  0.0000000000000000e+00
 7.7622377622377625e+00,  6.3330109918854293e+02,  1.3156291108241914e-02,  2.7234681124285213e+01, -2.1360491491959517e-02,  8.9095560819649255e-02,  5.0295004208160610e-01,  4.9197966344391953e+03,  1.3428657401248284e+02, -1.5000467764786436e+04,  1.0000413043740764e+01,  2.4010618947127664e+00,  3.9696853266510854e+00,  5.0048794678873090e-03,  1.7519157022446239e+00,  1.8016762627998652e-02,  2.7758322632433702e-01, -1.0043405948920807e-04,  9.4452496343336843e-04, -3.1083347796651267e-03,  0.0000000000000000e+00,  1.6913152887443911e-05, -1.9313282972354800e-04,  1.4819410412900779e-02,  0.0000000000000000e+00
 7.7722277722277724e+00,  6.3330034458774253e+02,  1.3195283992865533e-02,  2.7234799766709418e+01, -2.1360581382379364e-02,  8.9094280460725733e-02,  5.0295011403175238e-01,  4.9261171357883377e+03,  1.3467823350697043e+02, -1.5000465086107431e+04,  1.0000413614347844e+01,  2.4010659038632047e+00,  3.9747925140479383e+00,  5.0038769745985373e-03,  1.7519251284210873e+00,  1.7986449823297057e-02,  2.7758322632433702e-01, -1.0026930837567834e-04,  9.4260764328270004e-04, -2.9517026695304953e-03,  0.0000000000000000e+00,  1.6070020041208839e-05, -1.9071466444026797e-04,  1.6538338036052740e-02,  0.0000000000000000e+00
 7.7822177822177823e+00,  6.3329959004208661e+02,  1.3234309867482169e-02,  2.7234917960535295e+01, -2.1360677710847906e-02,  8.9093011828270827e-02,  5.0295019480830327e-01,  4.9324375947381686e+03,  1.3507045603914131e+02, -1.5000462406317274e+04,  1.0000414184311719e+01,  2.4010699002917244e+00,  3.9798996999996064e+00,  5.0028760851025802e-03,  1.7519345355641700e+00,  1.7957787549686355e-02,  2.7758322632433702e-01, -1.0011639374203450e-04,  9.4071393677421769e-04, -2.7792707919214888e-03,  0.0000000000000000e+00,  1.4543489614286766e-05, -1.8840537855789867e-04,  1.7982523861270774e-02,  0.0000000000000000e+00
 7.7922077922077921e+00,  6.3329883555158915e+02,  1.3273368054001245e-02,  2.7235035709134433e+01, -2.1360779646433601e-02,  8.9091754762509842e-02,  5.0295028220579530e-01,  4.9387580112387623e+03,  1.3546324160551313e+02, -1.5000459725418810e+04,  1.0000414753574859e+01,  2.4010738840995693e+00,  3.9850068846023841e+00,  5.0018766470512439e-03,  1.7519439239043395e+00,  1.7930919937344580e-02,  2.7758322632433702e-01, -9.9981960215512629e-05,  9.3884233914047748e-04, -2.5941751461954800e-03,  0.0000000000000000e+00,  1.2370102395392438e-05, -1.8628846771690400e-04,  1.9073624413076674e-02,  0.0000000000000000e+00
 7.8021978021978020e+00,  6.3329808111626335e+02,  1.3312458151917998e-02,  2.7235153015842389e+01, -2.1360886227181498e-02,  8.9090509098633697e-02,  5.0295037380598651e-01,  4.9450783852402028e+03,  1.3585659020259644e+02, -1.5000457043415054e+04,  1.0000415322087907e+01,  2.4010778553903704e+00,  3.9901140679296385e+00,  5.0008784435398327e-03,  1.7519532936528641e+00,  1.7905955878433698e-02,  2.7758322632433702e-01, -9.9872127291430755e-05,  9.3699063980628972e-04, -2.4009811960122550e-03,  0.0000000000000000e+00,  9.6184490058003291e-06, -1.8442173898748567e-04,  1.9603804413605416e-02,  0.0000000000000000e+00
 7.8121878121878119e+00,  6.3329732673612159e+02,  1.3351580048383776e-02,  2.7235269883958697e+01, -2.1360996382375985e-02,  8.9089274668769133e-02,  5.0295046707866287e-01,  4.9513987166925699e+03,  1.3625050182689657e+02, -1.5000454360308897e+04,  1.0000415889810645e+01,  2.4010818142704498e+00,  3.9952212500299540e+00,  4.9998811999525140e-03,  1.7519626449960439e+00,  1.7882948285076604e-02,  2.7758322632433702e-01, -9.9791355952261692e-05,  9.3515596297460957e-04, -2.2043453838137541e-03,  0.0000000000000000e+00,  6.5519730958454054e-06, -1.8288056271488864e-04,  1.9762685188534884e-02,  0.0000000000000000e+00
 7.8221778221778218e+00,  6.3329657241117968e+02,  1.3390733917914482e-02,  2.7235386316747793e+01, -2.1361108956976051e-02,  8.9088051304141727e-02,  5.0295055945638245e-01,  4.9577190055459414e+03,  1.3664497647491299e+02, -1.5000451676103219e+04,  1.0000416456712939e+01,  2.4010857608488911e+00,  4.0003284309264933e+00,  4.9988846102540733e-03,  1.7519719780876888e+00,  1.7861913013622235e-02,  2.7758322632433702e-01, -9.9741203405831464e-05,  9.3333483468434331e-04, -2.0072308715574122e-03,  0.0000000000000000e+00,  3.4885666986000111e-06, -1.8170932098809627e-04,  1.9699640165165580e-02,  0.0000000000000000e+00
 7.8321678321678325e+00,  6.3329581814144888e+02,  1.3429920227820434e-02,  2.7235502317439163e+01, -2.1361222740256553e-02,  8.9086838836588161e-02,  5.0295064832403957e-01,  4.9640392517504069e+03,  1.3704001414313981e+02, -1.5000448990800935e+04,  1.0000417022775597e+01,  2.4010896952376193e+00,  4.0054356106166127e+00,  4.9978883687156342e-03,  1.7519812930446890e+00,  1.7842843772158373e-02,  2.7758322632433702e-01, -9.9733792199153975e-05,  9.3152435756755074e-04, -1.8169668101521599e-03,  0.0000000000000000e+00, -2.0048431217690558e-06, -1.8074819779376007e-04,  1.8391224928164713e-02,  0.0000000000000000e+00
 7.8421578421578424e+00,  6.3329506392694532e+02,  1.3469139725879140e-02,  2.7235617889228948e+01, -2.1361336488379259e-02,  8.9085637101973994e-02,  5.0295073114871225e-01,  4.9703594552560353e+03,  1.3743561482806555e+02, -1.5000446304404864e+04,  1.0000417587990507e+01,  2.4010936175514024e+00,  4.0105427890719119e+00,  4.9968919270932510e-03,  1.7519905899629649e+00,  1.7825609980452361e-02,  2.7758322632433702e-01, -9.9774323983061554e-05,  9.2972164618081415e-04, -1.6401315352567410e-03,  0.0000000000000000e+00, -6.1096200156382370e-06, -1.8015462183919003e-04,  1.7011197105913079e-02,  0.0000000000000000e+00
 7.8521478521478523e+00,  6.3329430976768481e+02,  1.3508393407851635e-02,  2.7235733035280941e+01, -2.1361448954378252e-02,  8.9084445942638521e-02,  5.0295080561240313e-01,  4.9766796160129379e+03,  1.3783177852617320e+02, -1.5000443616917813e+04,  1.0000418152361199e+01,  2.4010975279076598e+00,  4.0156499662397049e+00,  4.9958948757289597e-03,  1.7519998689017555e+00,  1.7810073911314082e-02,  2.7758322632433702e-01, -9.9858098257752593e-05,  9.2792366877361113e-04, -1.4786854300050942e-03,  0.0000000000000000e+00, -1.0661989777509900e-05, -1.7980045508285888e-04,  1.5310313165466978e-02,  0.0000000000000000e+00
 7.8621378621378621e+00,  6.3329355566367883e+02,  1.3547682492356114e-02,  2.7235847758728276e+01, -2.1361558918249656e-02,  8.9083265208824022e-02,  5.0295086961726965e-01,  4.9829997339711908e+03,  1.3822850523393959e+02, -1.5000440928342639e+04,  1.0000418715902585e+01,  2.4011014264260959e+00,  4.0207571420453654e+00,  4.9948967602948943e-03,  1.7520091298964069e+00,  1.7796065816016695e-02,  2.7758322632433702e-01, -9.9987466859773175e-05,  9.2612845402972844e-04, -1.3360560115339951e-03,  0.0000000000000000e+00, -1.5237604347010561e-05, -1.7960153664245944e-04,  1.3244096412447415e-02,  0.0000000000000000e+00
 7.8721278721278720e+00,  6.3329280161494444e+02,  1.3587008394377221e-02,  2.7235962062674652e+01, -2.1361665215408075e-02,  8.9082094760017078e-02,  5.0295092130789609e-01,  4.9893198090808983e+03,  1.3862579494783563e+02, -1.5000438238682156e+04,  1.0000419278640807e+01,  2.4011053132284417e+00,  4.0258643163944825e+00,  4.9938971241433499e-03,  1.7520183729667711e+00,  1.7783379485509208e-02,  2.7758322632433702e-01, -1.0016211095603636e-04,  9.2433492216666938e-04, -1.2156491243043904e-03,  0.0000000000000000e+00, -1.9726143724879146e-05, -1.7946354234197744e-04,  1.0861362410919728e-02,  0.0000000000000000e+00
 7.8821178821178819e+00,  6.3329204762149641e+02,  1.3626372691525846e-02,  2.7236075950195961e+01, -2.1361766764307871e-02,  8.9080934465861392e-02,  5.0295095911528753e-01,  4.9956398412921471e+03,  1.3902364766432612e+02, -1.5000435547939071e+04,  1.0000419840612500e+01,  2.4011091884380531e+00,  4.0309714891755410e+00,  4.9928955193167517e-03,  1.7520275981266200e+00,  1.7771777122224400e-02,  2.7758322632433702e-01, -1.0038076824019220e-04,  9.2254298236628081e-04, -1.1205709405766563e-03,  0.0000000000000000e+00, -2.4049044563121398e-05, -1.7928280569580818e-04,  8.1732899713728661e-03,  0.0000000000000000e+00
 7.8921078921078918e+00,  6.3329129368335077e+02,  1.3665777086438773e-02,  2.7236189424341461e+01, -2.1361862592147063e-02,  8.9079784206476317e-02,  5.0295098179409670e-01,  5.0019598305550453e+03,  1.3942206337986937e+02, -1.5000432856116204e+04,  1.0000420401864067e+01,  2.4011130521795017e+00,  4.0360786602629162e+00,  4.9918915143883011e-03,  1.7520368053939912e+00,  1.7760990455727457e-02,  2.7758322632433702e-01, -1.0064109505120030e-04,  9.2075351476000075e-04, -1.0534339468996606e-03,  0.0000000000000000e+00, -2.8068383001591311e-05, -1.7896860907325274e-04,  5.2675361627519913e-03,  0.0000000000000000e+00
 7.9020979020979025e+00,  6.3329053980052163e+02,  1.3705223360987501e-02,  2.7236302488135010e+01, -2.1361951858032715e-02,  8.9078643872391353e-02,  5.0295098848200714e-01,  5.0082797768196733e+03,  1.3982104209091602e+02, -1.5000430163216284e+04,  1.0000420962450580e+01,  2.4011169045780507e+00,  4.0411858295204155e+00,  4.9908847082268176e-03,  1.7520459948002416e+00,  1.7750729490917713e-02,  2.7758322632433702e-01, -1.0093965452722977e-04,  9.1896827962198208e-04, -1.0163496856654944e-03,  0.0000000000000000e+00, -3.1703224099508405e-05, -1.7843546555807937e-04,  2.1567329363278267e-03,  0.0000000000000000e+00
 7.9120879120879124e+00,  6.3328978597302739e+02,  1.3744713325504887e-02,  2.7236415144576380e+01, -2.1362033873003186e-02,  8.9077513363962843e-02,  5.0295097876065620e-01,  5.0145996800361590e+03,  1.4022058379391009e+02, -1.5000427469241949e+04,  1.0000421522434436e+01,  2.4011207457590773e+00,  4.0462929968051391e+00,  4.9898747380740707e-03,  1.7520551663985791e+00,  1.7740683768701172e-02,  2.7758322632433702e-01, -1.0127132526274153e-04,  9.1718949796283319e-04, -1.0082485405242001e-03,  0.0000000000000000e+00, -3.4697257149045550e-05, -1.7767662261168184e-04, -5.3488367903180994e-04,  0.0000000000000000e+00
 7.9220779220779223e+00,  6.3328903220088216e+02,  1.3784248788845552e-02,  2.7236527396641648e+01, -2.1362108116222328e-02,  8.9076392589008929e-02,  5.0295095251210187e-01,  5.0209195401545803e+03,  1.4062068848528753e+02, -1.5000424774196004e+04,  1.0000422081884141e+01,  2.4011245758474136e+00,  4.0514001619717463e+00,  4.9888613051246649e-03,  1.7520643202647364e+00,  1.7730584664933213e-02,  2.7758322632433702e-01, -1.0163083313385783e-04,  9.1542001106150698e-04, -1.0287262503423191e-03,  0.0000000000000000e+00, -3.7276218648437823e-05, -1.7657465503384729e-04, -3.5647538265556815e-03,  0.0000000000000000e+00
 7.9320679320679321e+00,  6.3328827848410185e+02,  1.3823831523117313e-02,  2.7236639247283684e+01, -2.1362174247873171e-02,  8.9075281461455255e-02,  5.0295090996205749e-01,  5.0272393571250632e+03,  1.4102135616147689e+02, -1.5000422078081057e+04,  1.0000422640872378e+01,  2.4011283949669511e+00,  4.0565073248750769e+00,  4.9878441519974701e-03,  1.7520734565086902e+00,  1.7720129797665362e-02,  2.7758322632433702e-01, -1.0201309654847077e-04,  9.1366309222787833e-04, -1.0790593854339825e-03,  0.0000000000000000e+00, -3.9252916957074238e-05, -1.7516049545860798e-04, -6.5119398187954867e-03,  0.0000000000000000e+00
 7.9420579420579420e+00,  6.3328752482270409e+02,  1.3863463215716874e-02,  2.7236750699432626e+01, -2.1362232117153476e-02,  8.9074179899860273e-02,  5.0295085172402609e-01,  5.0335591308977155e+03,  1.4142258681889831e+02, -1.5000419380899795e+04,  1.0000423199474552e+01,  2.4011322032400253e+00,  4.0616144853739780e+00,  4.9868230814174028e-03,  1.7520825752715741e+00,  1.7709025036852614e-02,  2.7758322632433702e-01, -1.0241186995190723e-04,  9.1192174050584945e-04, -1.1580755821319424e-03,  0.0000000000000000e+00, -4.0581518410905746e-05, -1.7345811929157144e-04, -9.3071027601362624e-03,  0.0000000000000000e+00
 7.9520479520479519e+00,  6.3328677121670421e+02,  1.3903145428488674e-02,  2.7236861755995651e+01, -2.1362281765729730e-02,  8.9073087825581057e-02,  5.0295077878413397e-01,  5.0398788614226351e+03,  1.4182438045396253e+02, -1.5000416682654863e+04,  1.0000423757766916e+01,  2.4011360007867855e+00,  4.0667216433350264e+00,  4.9857979607896398e-03,  1.7520916767232857e+00,  1.7696991424395993e-02,  2.7758322632433702e-01, -1.0282052587956305e-04,  9.1019858170916465e-04, -1.2639279328917523e-03,  0.0000000000000000e+00, -4.1231398305790482e-05, -1.7151827180473988e-04, -1.1884537861977903e-02,  0.0000000000000000e+00
 7.9620379620379618e+00,  6.3328601766611882e+02,  1.3942879559915539e-02,  2.7236972419857295e+01, -2.1362323426632343e-02,  8.9072005161077189e-02,  5.0295069247722091e-01,  5.0461985486499561e+03,  1.4222673706307231e+02, -1.5000413983348910e+04,  1.0000424315824754e+01,  2.4011397877245728e+00,  4.0718287986361466e+00,  4.9847687252559730e-03,  1.7521007610574224e+00,  1.7683771731500132e-02,  2.7758322632433702e-01, -1.0323221017785963e-04,  9.0849562945142181e-04, -1.3941390176222188e-03,  0.0000000000000000e+00, -4.1187798213185528e-05, -1.6941277019536687e-04, -1.4183721301061806e-02,  0.0000000000000000e+00
 7.9720279720279716e+00,  6.3328526417096327e+02,  1.3982666811225298e-02,  2.7237082693878982e+01, -2.1362357518625610e-02,  8.9070931828487132e-02,  5.0295059445476720e-01,  5.0525181925297666e+03,  1.4262965664262069e+02, -1.5000411282984493e+04,  1.0000424873720826e+01,  2.4011435641674108e+00,  4.0769359511698289e+00,  4.9837353791677046e-03,  1.7521098284841139e+00,  1.7669136498968976e-02,  2.7758322632433702e-01, -1.0364000210651011e-04,  9.0681410608801992e-04, -1.5456597755080139e-03,  0.0000000000000000e+00, -4.0452145903561034e-05, -1.6722820714961463e-04, -1.6150734427687038e-02,  0.0000000000000000e+00
 7.9820179820179824e+00,  6.3328451073125404e+02,  1.4022508157206057e-02,  2.7237192580898803e+01, -2.1362384636195119e-02,  8.9069867748585135e-02,  5.0295048664541098e-01,  5.0588377930122106e+03,  1.4303313918899175e+02, -1.5000408581564234e+04,  1.0000425431523336e+01,  2.4011473302253905e+00,  4.0820431008461071e+00,  4.9826979959431555e-03,  1.7521188792213802e+00,  1.7652889418303168e-02,  2.7758322632433702e-01, -1.0403707590967860e-04,  9.0515433856216770e-04, -1.7149418292975813e-03,  0.0000000000000000e+00, -3.9042029490769178e-05, -1.6505725152599098e-04, -1.7739532740983267e-02,  0.0000000000000000e+00
 7.9920079920079923e+00,  6.3328375734700762e+02,  1.4062404322410429e-02,  2.7237302083731567e+01, -2.1362405535397328e-02,  8.9068812840172443e-02,  5.0295037120900243e-01,  5.0651573500474024e+03,  1.4343718469855892e+02, -1.5000405879090735e+04,  1.0000425989294703e+01,  2.4011510860042731e+00,  4.0871502475950443e+00,  4.9816567163123663e-03,  1.7521279134858834e+00,  1.7634871926955037e-02,  2.7758322632433702e-01, -1.0441686036824832e-04,  9.0351574296826333e-04, -1.8980215641266347e-03,  0.0000000000000000e+00, -3.6990819113958346e-05, -1.6298958638171813e-04, -1.8913030171776798e-02,  0.0000000000000000e+00
 8.0019980019980022e+00,  6.3328300401824060e+02,  1.4102355763301884e-02,  2.7237411205168318e+01, -2.1362421115913677e-02,  8.9067767019930730e-02,  5.0295025048526754e-01,  5.0714768635854580e+03,  1.4384179316768632e+02, -1.5000403175566489e+04,  1.0000426547089884e+01,  2.4011548316051021e+00,  4.0922573913687481e+00,  4.9806117449867470e-03,  1.7521369314839770e+00,  1.7614966909529409e-02,  2.7758322632433702e-01, -1.0477190215418379e-04,  9.0189690429009551e-04, -2.0920781565752582e-03,  0.0000000000000000e+00, -3.4088546429394235e-05, -1.6110191699552333e-04, -1.9937099636421183e-02,  0.0000000000000000e+00
 8.0119880119880111e+00,  6.3328225074496720e+02,  1.4142362654869629e-02,  2.7237519947976871e+01, -2.1362432411012582e-02,  8.9066730202818134e-02,  5.0295012695029151e-01,  5.0777963335765080e+03,  1.4424696459272744e+02, -1.5000400470994089e+04,  1.0000427104955131e+01,  2.4011585671239049e+00,  4.0973645321429473e+00,  4.9795633716139811e-03,  1.7521459334040510e+00,  1.7593072163586902e-02,  2.7758322632433702e-01, -1.0510830396082416e-04,  9.0029585885730229e-04, -2.2936517648011264e-03,  0.0000000000000000e+00, -3.3259095260945441e-05, -1.5942737864166483e-04, -2.0417936730418491e-02,  0.0000000000000000e+00
 8.0219780219780219e+00,  6.3328149752720549e+02,  1.4182424879623765e-02,  2.7237628314901400e+01, -2.1362440558156483e-02,  8.9065702302982205e-02,  5.0295000319614436e-01,  5.0841157599706794e+03,  1.4465269897002668e+02, -1.5000397765376014e+04,  1.0000427662926839e+01,  2.4011622926514602e+00,  4.1024716699181303e+00,  4.9785116789735438e-03,  1.7521549194132249e+00,  1.7569139701441475e-02,  2.7758322632433702e-01, -1.0541967213263072e-04,  8.9870986806696860e-04, -2.4938232565953383e-03,  0.0000000000000000e+00, -2.9076812736599111e-05, -1.5808797756712291e-04, -1.9656395926824118e-02,  0.0000000000000000e+00
 8.0319680319680327e+00,  6.3328074436497195e+02,  1.4222542035334334e-02,  2.7237736308663052e+01, -2.1362446701062757e-02,  8.9064683233855690e-02,  5.0294988177969924e-01,  5.0904351427181073e+03,  1.4505899629591750e+02, -1.5000395058714827e+04,  1.0000428221031004e+01,  2.4011660082732091e+00,  4.1075788047202479e+00,  4.9774570844584838e-03,  1.7521638896451712e+00,  1.7543245525093485e-02,  2.7758322632433702e-01, -1.0565943912116120e-04,  8.9713535443754981e-04, -2.6807435111989969e-03,  0.0000000000000000e+00, -1.8924538365321189e-05, -1.5712965105849107e-04, -1.7765039044780877e-02,  0.0000000000000000e+00
 8.0419580419580416e+00,  6.3327999125828103e+02,  1.4262713470216197e-02,  2.7237843931960118e+01, -2.1362452083314564e-02,  8.9063672908033312e-02,  5.0294976502809241e-01,  5.0967544817689086e+03,  1.4546585656672320e+02, -1.5000392351012970e+04,  1.0000428779282641e+01,  2.4011697140694741e+00,  4.1126859365992150e+00,  4.9764006012688253e-03,  1.7521728441955313e+00,  1.7515578392526411e-02,  2.7758322632433702e-01, -1.0584918107116503e-04,  8.9557026468061113e-04, -2.8593491400727825e-03,  0.0000000000000000e+00, -1.9061800025445969e-05, -1.5620131828062130e-04, -1.7991807855751413e-02,  0.0000000000000000e+00
 8.0519480519480524e+00,  6.3327923820714909e+02,  1.4302938278309181e-02,  2.7237951187468294e+01, -2.1362457975917994e-02,  8.9062671240557542e-02,  5.0294965526095126e-01,  5.1030737770732449e+03,  1.4587327977875796e+02, -1.5000389642272907e+04,  1.0000429337685123e+01,  2.4011734101157685e+00,  4.1177930656272714e+00,  4.9753422157058132e-03,  1.7521817831569531e+00,  1.7486115672144979e-02,  2.7758322632433702e-01, -1.0601876330673377e-04,  8.9401285410305382e-04, -3.0322795416363743e-03,  0.0000000000000000e+00, -1.4888563535415789e-05, -1.5559227934636074e-04, -1.6628858537280071e-02,  0.0000000000000000e+00
 8.0619380619380614e+00,  6.3327848521159331e+02,  1.4343215307168328e-02,  2.7238058077841924e+01, -2.1362465616929668e-02,  8.9061678149342877e-02,  5.0294955469203895e-01,  5.1093930285812248e+03,  1.4628126592832504e+02, -1.5000386932497138e+04,  1.0000429896230166e+01,  2.4011770964827925e+00,  4.1229001918992720e+00,  4.9742823442596997e-03,  1.7521907065902187e+00,  1.7454993386699511e-02,  2.7758322632433702e-01, -1.0614484159430585e-04,  8.9246056233754846e-04, -3.1881109141474366e-03,  0.0000000000000000e+00, -1.0352309636513961e-05, -1.5517653210780940e-04, -1.4568582239434944e-02,  0.0000000000000000e+00
 8.0719280719280722e+00,  6.3327773227163084e+02,  1.4383543187385873e-02,  2.7238164605714189e+01, -2.1362476196941902e-02,  8.9060693555401166e-02,  5.0294946534716511e-01,  5.1157122362430036e+03,  1.4668981501171928e+02, -1.5000384221688109e+04,  1.0000430454898078e+01,  2.4011807732367694e+00,  4.1280073155307608e+00,  4.9732214396499830e-03,  1.7521996145368199e+00,  1.7422417152381794e-02,  2.7758322632433702e-01, -1.0622638844122004e-04,  8.9091213532231856e-04, -3.3225226226106823e-03,  0.0000000000000000e+00, -5.9733691157068830e-06, -1.5481855634123326e-04, -1.2340641794907174e-02,  0.0000000000000000e+00
 8.0819180819180811e+00,  6.3327697938727601e+02,  1.4423920371315270e-02,  2.7238270773697511e+01, -2.1362490831665065e-02,  8.9059717382458173e-02,  5.0294938894872543e-01,  5.1220314000087092e+03,  1.4709892702522544e+02, -1.5000381509848212e+04,  1.0000431013658456e+01,  2.4011844404399199e+00,  4.1331144366556076e+00,  4.9721599388962388e-03,  1.7522085070324829e+00,  1.7388609318315682e-02,  2.7758322632433702e-01, -1.0626476978725785e-04,  8.8936733005323600e-04, -3.4332618696401060e-03,  0.0000000000000000e+00, -1.7105763610632140e-06, -1.5445145852909374e-04, -9.8293554603837083e-03,  0.0000000000000000e+00
 8.0919080919080919e+00,  6.3327622655854771e+02,  1.4464345166673800e-02,  2.7238376584384149e+01, -2.1362510536607492e-02,  8.9058749556973696e-02,  5.0294932691263727e-01,  5.1283505198285129e+03,  1.4750860196511965e+02, -1.5000378796979847e+04,  1.0000431572470919e+01,  2.4011880981510023e+00,  4.1382215554230708e+00,  4.9710982674264614e-03,  1.7522173841138440e+00,  1.7353820511629744e-02,  2.7758322632433702e-01, -1.0626165162131534e-04,  8.8782665878816918e-04, -3.5177960777479996e-03,  0.0000000000000000e+00,  2.3348331808601494e-06, -1.5399092872146644e-04, -7.0943930028781292e-03,  0.0000000000000000e+00
 8.1018981018981027e+00,  6.3327547378546137e+02,  1.4504815775723727e-02,  2.7238482040345975e+01, -2.1362536203983366e-02,  8.9057790007469148e-02,  5.0294928031542063e-01,  5.1346695956525227e+03,  1.4791883982766942e+02, -1.5000376083085415e+04,  1.0000432131285843e+01,  2.4011917464259027e+00,  4.1433286719945324e+00,  4.9700368289737349e-03,  1.7522262458268643e+00,  1.7318323682396636e-02,  2.7758322632433702e-01, -1.0621969289664500e-04,  8.8629142375431440e-04, -3.5742146319761013e-03,  0.0000000000000000e+00,  6.0653035000322116e-06, -1.5336312507204265e-04, -4.2006015535241120e-03,  0.0000000000000000e+00
 8.1118881118881117e+00,  6.3327472106803464e+02,  1.4545330336880231e-02,  2.7238587144135121e+01, -2.1362568582490814e-02,  8.9056838663490623e-02,  5.0294924986931633e-01,  5.1409886274309210e+03,  1.4832964060913250e+02, -1.5000373368167326e+04,  1.0000432690045891e+01,  2.4011953853182519e+00,  4.1484357865401158e+00,  4.9689759958401148e-03,  1.7522350922341987e+00,  1.7282407631869983e-02,  2.7758322632433702e-01, -1.0614213795645557e-04,  8.8476352735391477e-04, -3.6008363638973767e-03,  0.0000000000000000e+00,  9.4611955258934833e-06, -1.5252173428794834e-04, -1.1290691771153193e-03,  0.0000000000000000e+00
 8.1218781218781224e+00,  6.3327396840628478e+02,  1.4585886967761355e-02,  2.7238691898283143e+01, -2.1362608260395096e-02,  8.9055895454292225e-02,  5.0294923590604490e-01,  5.1473076151138421e+03,  1.4874100430576075e+02, -1.5000370652227908e+04,  1.0000433248687235e+01,  2.4011990148801017e+00,  4.1535428992349388e+00,  4.9679161069366429e-03,  1.7522439234198184e+00,  1.7246378899901185e-02,  2.7758322632433702e-01, -1.0603217938269249e-04,  8.8324520660085703e-04, -3.5956654707897696e-03,  0.0000000000000000e+00,  1.2552510941475096e-05, -1.5144608047423032e-04,  2.1642819772582931e-03,  0.0000000000000000e+00
 8.1318681318681314e+00,  6.3327321580022669e+02,  1.4626483826528114e-02,  2.7238796305301040e+01, -2.1362655652538497e-02,  8.9054960306532316e-02,  5.0294923825595839e-01,  5.1536265586514364e+03,  1.4915293091379715e+02, -1.5000367935269498e+04,  1.0000433807140981e+01,  2.4012026351626274e+00,  4.1586500102549477e+00,  4.9668574707775236e-03,  1.7522527394910739e+00,  1.7210566163922136e-02,  2.7758322632433702e-01, -1.0589741075151531e-04,  8.8173938361255555e-04, -3.5616086730179820e-03,  0.0000000000000000e+00,  1.4428169020197039e-05, -1.5001968178371199e-04,  4.6538889366536957e-03,  0.0000000000000000e+00
 8.1418581418581422e+00,  6.3327246324988016e+02,  1.4667119138611656e-02,  2.7238900367678504e+01, -2.1362710991120030e-02,  8.9054033144189443e-02,  5.0294925644574162e-01,  5.1599454579938683e+03,  1.4956542042947831e+02, -1.5000365217294440e+04,  1.0000434365334939e+01,  2.4012062462168857e+00,  4.1637571197725061e+00,  4.9658002745539952e-03,  1.7522615405903201e+00,  1.7175217887453274e-02,  2.7758322632433702e-01, -1.0574509782329837e-04,  8.8024874582618340e-04, -3.5009434763441281e-03,  0.0000000000000000e+00,  1.6064879208835206e-05, -1.4840600304799956e-04,  7.4912834374519762e-03,  0.0000000000000000e+00
 8.1518481518481511e+00,  6.3327171075525848e+02,  1.4707791227447605e-02,  2.7239004087883547e+01, -2.1362774319566045e-02,  8.9053113887049104e-02,  5.0294928968866048e-01,  5.1662643130912793e+03,  1.4997847284903426e+02, -1.5000362498305090e+04,  1.0000434923195249e+01,  2.4012098480942456e+00,  4.1688642279537573e+00,  4.9647446816102250e-03,  1.7522703268786028e+00,  1.7140617243315861e-02,  2.7758322632433702e-01, -1.0557703644801703e-04,  8.7877503193371982e-04, -3.4116397431431214e-03,  0.0000000000000000e+00,  1.7581008122488372e-05, -1.4663151822322926e-04,  1.0387323949389793e-02,  0.0000000000000000e+00
 8.1618381618381619e+00,  6.3327095831638314e+02,  1.4748498561919527e-02,  2.7239107468361446e+01, -2.1362845492432534e-02,  8.9052202448967624e-02,  5.0294933682351972e-01,  5.1725831238938308e+03,  1.5039208816868782e+02, -1.5000359778303662e+04,  1.0000435480648200e+01,  2.4012134408469574e+00,  4.1739713349551053e+00,  4.9636908432563326e-03,  1.7522790985330161e+00,  1.7107053257220645e-02,  2.7758322632433702e-01, -1.0540045179823596e-04,  8.7731990150013864e-04, -3.2961281519126679e-03,  0.0000000000000000e+00,  1.7771238761801637e-05, -1.4468559456407110e-04,  1.2738096614886280e-02,  0.0000000000000000e+00
 8.1718281718281727e+00,  6.3327020593326677e+02,  1.4789239797883935e-02,  2.7239210511534264e+01, -2.1362924179685352e-02,  8.9051298736827419e-02,  5.0294939631009972e-01,  5.1789018903516881e+03,  1.5080626638465631e+02, -1.5000357057292471e+04,  1.0000436037621887e+01,  2.4012170245287185e+00,  4.1790784409195618e+00,  4.9626387784773929e-03,  1.7522878557477637e+00,  1.7074760536983934e-02,  2.7758322632433702e-01, -1.0522808546091310e-04,  8.7588465269626732e-04, -3.1603207798953344e-03,  0.0000000000000000e+00,  1.6736501972109153e-05, -1.4265121598655892e-04,  1.4450539263040678e-02,  0.0000000000000000e+00
 8.1818181818181817e+00,  6.3326945360592788e+02,  1.4830013796709727e-02,  2.7239313219800209e+01, -2.1363009871614252e-02,  8.9050402651606089e-02,  5.0294946639372817e-01,  5.1852206124150243e+03,  1.5122100749315155e+02, -1.5000354335273840e+04,  1.0000436594048015e+01,  2.4012205991951885e+00,  4.1841855459735369e+00,  4.9615883840063643e-03,  1.7522965987258772e+00,  1.7043909984895064e-02,  2.7758322632433702e-01, -1.0506738509460197e-04,  8.7446922509868319e-04, -3.0067408217162245e-03,  0.0000000000000000e+00,  1.5435711363379911e-05, -1.4071738904979919e-04,  1.6296168364417420e-02,  0.0000000000000000e+00
 8.1918081918081924e+00,  6.3326870133438388e+02,  1.4870819647075553e-02,  2.7239415595533046e+01, -2.1363101891653323e-02,  8.9049514088301238e-02,  5.0294954510496848e-01,  5.1915392900339857e+03,  1.5163631149037948e+02, -1.5000351612249971e+04,  1.0000437149863421e+01,  2.4012241649042489e+00,  4.1892926502249690e+00,  4.9605395300239543e-03,  1.7523053276603531e+00,  1.7014685795291303e-02,  2.7758322632433702e-01, -1.0491979709580036e-04,  8.7307242256837625e-04, -2.8369110792323725e-03,  0.0000000000000000e+00,  1.4111405996700366e-05, -1.3892247751763444e-04,  1.7703746080850194e-02,  0.0000000000000000e+00
 8.2017982017982014e+00,  6.3326794911865022e+02,  1.4911656700635786e-02,  2.7239517641081921e+01, -2.1363199414372216e-02,  8.9048632935928698e-02,  5.0294963019643202e-01,  5.1978579231587382e+03,  1.5205217837254142e+02, -1.5000348888223052e+04,  1.0000437705011615e+01,  2.4012277217163760e+00,  4.1943997537608482e+00,  4.9594920843640906e-03,  1.7523140427303241e+00,  1.6987228444850462e-02,  2.7758322632433702e-01, -1.0478989924715042e-04,  8.7169254935528422e-04, -2.6555052075581814e-03,  0.0000000000000000e+00,  1.1894143303021473e-05, -1.3732813974340550e-04,  1.8613709428323258e-02,  0.0000000000000000e+00
 8.2117882117882122e+00,  6.3326719695874453e+02,  1.4952524575532884e-02,  2.7239619358771140e+01, -2.1363301486337676e-02,  8.9047759079476332e-02,  5.0294971931018273e-01,  5.2041765117394625e+03,  1.5246860813583308e+02, -1.5000346163195418e+04,  1.0000438259444188e+01,  2.4012312696949447e+00,  4.1995068566452138e+00,  4.9584458257432920e-03,  1.7523227440949056e+00,  1.6961628748187244e-02,  2.7758322632433702e-01, -1.0468519689641239e-04,  8.7032722960673668e-04, -2.4671604329098745e-03,  0.0000000000000000e+00,  9.0672673147303010e-06, -1.3600887391580589e-04,  1.9092914456268258e-02,  0.0000000000000000e+00
 8.2217782217782212e+00,  6.3326644485468239e+02,  1.4993423166863860e-02,  2.7239720750900535e+01, -2.1363407047701774e-02,  8.9046892401549241e-02,  5.0294980999455208e-01,  5.2104950557263173e+03,  1.5288560077644601e+02, -1.5000343437169156e+04,  1.0000438813121757e+01,  2.4012348089063664e+00,  4.2046139589181992e+00,  4.9574004720384880e-03,  1.7523314318857608e+00,  1.6937934530107009e-02,  2.7758322632433702e-01, -1.0461115697730522e-04,  8.6897352060120070e-04, -2.2763066430923841e-03,  0.0000000000000000e+00,  5.7555244905241456e-06, -1.3500366899250695e-04,  1.9116014265193763e-02,  0.0000000000000000e+00
 8.2317682317682319e+00,  6.3326569280648289e+02,  1.5034352648156630e-02,  2.7239821819745945e+01, -2.1363514957191614e-02,  8.9046032784417667e-02,  5.0294989976258209e-01,  5.2168135550694797e+03,  1.5330315629056687e+02, -1.5000340710146542e+04,  1.0000439366015046e+01,  2.4012383394201824e+00,  4.2097210605953537e+00,  4.9563556927367525e-03,  1.7523401062032093e+00,  1.6916148095977607e-02,  2.7758322632433702e-01, -1.0457346559782579e-04,  8.6762821055225050e-04, -2.0871317252093213e-03,  0.0000000000000000e+00,  1.7902896812610289e-06, -1.3432740280733358e-04,  1.8756804294995790e-02,  0.0000000000000000e+00
 8.2417582417582409e+00,  6.3326494081415967e+02,  1.5075313469944403e-02,  2.7239922567559834e+01, -2.1363624018738682e-02,  8.9045180112098291e-02,  5.0294998612633357e-01,  5.2231320097191037e+03,  1.5372127467437653e+02, -1.5000337982129728e+04,  1.0000439918105398e+01,  2.4012418613091091e+00,  4.2148281616675591e+00,  4.9553110921064635e-03,  1.7523487671147429e+00,  1.6896233596536393e-02,  2.7758322632433702e-01, -1.0457397898477467e-04,  8.6628808547302048e-04, -1.9042292597926393e-03,  0.0000000000000000e+00, -1.8930697484271116e-06, -1.3396563805451490e-04,  1.7860269281424382e-02,  0.0000000000000000e+00
 8.2517482517482517e+00,  6.3326418887773320e+02,  1.5116306351278566e-02,  2.7240022996572336e+01, -2.1363733010276328e-02,  8.9044334272547265e-02,  5.0295006666445452e-01,  5.2294504196253893e+03,  1.5413995592405274e+02, -1.5000335253120837e+04,  1.0000440469385362e+01,  2.4012453746489966e+00,  4.2199352621011270e+00,  4.9542663025472465e-03,  1.7523574146564656e+00,  1.6878101557320412e-02,  2.7758322632433702e-01, -1.0461449709614392e-04,  8.6495021905629282e-04, -1.7319758140678892e-03,  0.0000000000000000e+00, -6.2186561495601695e-06, -1.3387521855895575e-04,  1.6624870552637224e-02,  0.0000000000000000e+00
 8.2617382617382624e+00,  6.3326343699721735e+02,  1.5157332256497076e-02,  2.7240123108992464e+01, -2.1363840712806594e-02,  8.9043495159631225e-02,  5.0295013910661135e-01,  5.2357687847384959e+03,  1.5455920003576725e+02, -1.5000332523122084e+04,  1.0000441019858771e+01,  2.4012488795187270e+00,  4.2250423618391366e+00,  4.9532208923642827e-03,  1.7523660488374013e+00,  1.6861628685166403e-02,  2.7758322632433702e-01, -1.0469968951333453e-04,  8.6361239060286259e-04, -1.5755309463731729e-03,  0.0000000000000000e+00, -1.0836865770133889e-05, -1.3395803783313820e-04,  1.4695391959873239e-02,  0.0000000000000000e+00
 8.2717282717282714e+00,  6.3326268517263100e+02,  1.5198392372171170e-02,  2.7240222907009258e+01, -2.1363945937507373e-02,  8.9042662674988574e-02,  5.0295020137570179e-01,  5.2420871050086171e+03,  1.5497900700568741e+02, -1.5000329792135532e+04,  1.0000441569540575e+01,  2.4012523759999036e+00,  4.2301494608030854e+00,  4.9521744006588682e-03,  1.7523746696492848e+00,  1.6846622417532736e-02,  2.7758322632433702e-01, -1.0482789243999539e-04,  8.6227282440200952e-04, -1.4379232278869608e-03,  0.0000000000000000e+00, -1.4829360147372623e-05, -1.3422311557765277e-04,  1.2853673281066737e-02,  0.0000000000000000e+00
 8.2817182817182822e+00,  6.3326193340399379e+02,  1.5239488072948513e-02,  2.7240322392793246e+01, -2.1364047555054364e-02,  8.9041836729249771e-02,  5.0295025168002305e-01,  5.2484053803859251e+03,  1.5539937682997561e+02, -1.5000327060163318e+04,  1.0000442118456615e+01,  2.4012558641765938e+00,  4.2352565588950997e+00,  4.9511264289788682e-03,  1.7523832770656611e+00,  1.6832898950343487e-02,  2.7758322632433702e-01, -1.0499926824270473e-04,  8.6093064460096460e-04, -1.3215797551772038e-03,  0.0000000000000000e+00, -1.9480075555036579e-05, -1.3448128059154164e-04,  1.0438289955426864e-02,  0.0000000000000000e+00
 8.2917082917082912e+00,  6.3326118169131882e+02,  1.5280620897475922e-02,  2.7240421568497482e+01, -2.1364144520402129e-02,  8.9041017242209780e-02,  5.0295028845606249e-01,  5.2547236108205907e+03,  1.5582030950478816e+02, -1.5000324327207589e+04,  1.0000442666642964e+01,  2.4012593441349384e+00,  4.2403636560007509e+00,  4.9500765131814915e-03,  1.7523918710607653e+00,  1.6820217227619106e-02,  2.7758322632433702e-01, -1.0521296006885552e-04,  8.5958611132950114e-04, -1.2306601765162475e-03,  0.0000000000000000e+00, -2.3301028040351954e-05, -1.3469428035544609e-04,  7.7638096924967813e-03,  0.0000000000000000e+00
 8.3016983016983019e+00,  6.3326043003462701e+02,  1.5321792503940833e-02,  2.7240520436258876e+01, -2.1364235898597303e-02,  8.9040204143358795e-02,  5.0295031049217254e-01,  5.2610417962628162e+03,  1.5624180502627516e+02, -1.5000321593270357e+04,  1.0000443214145031e+01,  2.4012628159627210e+00,  4.2454707519917401e+00,  4.9490242719345354e-03,  1.7524004516133400e+00,  1.6808310335428078e-02,  2.7758322632433702e-01, -1.0546487445218688e-04,  8.5824013075763597e-04, -1.1668523474284570e-03,  0.0000000000000000e+00, -2.7132231502587913e-05, -1.3477103013197135e-04,  5.0105176908790414e-03,  0.0000000000000000e+00
 8.3116883116883109e+00,  6.3325967843393516e+02,  1.5363004623294114e-02,  2.7240618998199047e+01, -2.1364320885762653e-02,  8.9039397371684578e-02,  5.0295031698270942e-01,  5.2673599366627650e+03,  1.5666386339058198e+02, -1.5000318858353754e+04,  1.0000443761016491e+01,  2.4012662797488655e+00,  4.2505778467295903e+00,  4.9479693228827466e-03,  1.7524090187157255e+00,  1.6796903494403752e-02,  2.7758322632433702e-01, -1.0575217750928344e-04,  8.5689435247064845e-04, -1.1303894852897252e-03,  0.0000000000000000e+00, -3.0385840528142511e-05, -1.3465378292292309e-04,  2.2893473092951474e-03,  0.0000000000000000e+00
 8.3216783216783217e+00,  6.3325892688926126e+02,  1.5404259026067135e-02,  2.7240717256425189e+01, -2.1364398827354927e-02,  8.9038596874000245e-02,  5.0295030744677893e-01,  5.2736780319706422e+03,  1.5708648459384708e+02, -1.5000316122459852e+04,  1.0000444307318173e+01,  2.4012697355828290e+00,  4.2556849400694867e+00,  4.9469113413149694e-03,  1.7524175723796231e+00,  1.6785725130926785e-02,  2.7758322632433702e-01, -1.0607189603573011e-04,  8.5555127261184355e-04, -1.1231271830341057e-03,  0.0000000000000000e+00, -3.3621808468364075e-05, -1.3423080479457207e-04, -8.3543439773993346e-04,  0.0000000000000000e+00
 8.3316683316683324e+00,  6.3325817540062224e+02,  1.5445557481283944e-02,  2.7240815213030459e+01, -2.1364469233320572e-02,  8.9037802603798108e-02,  5.0295028176331080e-01,  5.2799960821366267e+03,  1.5750966863220179e+02, -1.5000313385590660e+04,  1.0000444853116402e+01,  2.4012731835540921e+00,  4.2607920318635308e+00,  4.9458500042806339e-03,  1.7524261126472462e+00,  1.6774463390846626e-02,  2.7758322632433702e-01, -1.0641979819293118e-04,  8.5421376606720104e-04, -1.1464186914550117e-03,  0.0000000000000000e+00, -3.6028203401397309e-05, -1.3353800545806127e-04, -3.8275255881053704e-03,  0.0000000000000000e+00
 8.3416583416583414e+00,  6.3325742396803946e+02,  1.5486901705212660e-02,  2.7240912870094544e+01, -2.1364531789152954e-02,  8.9037014520137292e-02,  5.0295024023706136e-01,  5.2863140871109099e+03,  1.5793341550177087e+02, -1.5000310647748207e+04,  1.0000445398481654e+01,  2.4012766237515364e+00,  4.2658991219646909e+00,  4.9447850716208049e-03,  1.7524346395877364e+00,  1.6762819662566045e-02,  2.7758322632433702e-01, -1.0678904720931316e-04,  8.5288456282661565e-04, -1.1986247317646961e-03,  0.0000000000000000e+00, -3.7895449678274952e-05, -1.3256848330713919e-04, -6.6241236818935434e-03,  0.0000000000000000e+00
 8.3516483516483522e+00,  6.3325667259152590e+02,  1.5528293317922019e-02,  2.7241010229683713e+01, -2.1364586363087832e-02,  8.9036232585753564e-02,  5.0295018358016774e-01,  5.2926320468436970e+03,  1.5835772519866995e+02, -1.5000307908934521e+04,  1.0000445943486772e+01,  2.4012800562627965e+00,  4.2710062102307758e+00,  4.9437163569837446e-03,  1.7524431532978522e+00,  1.6750514844757421e-02,  2.7758322632433702e-01, -1.0717387396159735e-04,  8.5156633116795102e-04, -1.2778241188966565e-03,  0.0000000000000000e+00, -3.9146866129020855e-05, -1.3134149475752506e-04, -9.2315936219251344e-03,  0.0000000000000000e+00
 8.3616383616383612e+00,  6.3325592127110258e+02,  1.5569733814204748e-02,  2.7241107293850380e+01, -2.1364633009164514e-02,  8.9035456764809243e-02,  5.0295011280139212e-01,  5.2989499612851650e+03,  1.5878259771900952e+02, -1.5000305169151641e+04,  1.0000446488205451e+01,  2.4012834811736035e+00,  4.2761132965282194e+00,  4.9426437354777161e-03,  1.7524516539000474e+00,  1.6737288711139539e-02,  2.7758322632433702e-01, -1.0756752302453301e-04,  8.5026147045968883e-04, -1.3828131246928911e-03,  0.0000000000000000e+00, -3.9661676270698978e-05, -1.2989161903657144e-04, -1.1787205338481283e-02,  0.0000000000000000e+00
 8.3716283716283719e+00,  6.3325517000678531e+02,  1.5611224520186968e-02,  2.7241204064633468e+01, -2.1364671965899751e-02,  8.9034687021954620e-02,  5.0295002928264587e-01,  5.3052678303855109e+03,  1.5920803305888981e+02, -1.5000302428401523e+04,  1.0000447032710289e+01,  2.4012868985673017e+00,  4.2812203807349851e+00,  4.9415671557245132e-03,  1.7524601415390202e+00,  1.6722886210897424e-02,  2.7758322632433702e-01, -1.0796145097363859e-04,  8.4897154769282156e-04, -1.5095471184563467e-03,  0.0000000000000000e+00, -3.9202699140240887e-05, -1.2835091889025507e-04, -1.3584940212962807e-02,  0.0000000000000000e+00
 8.3816183816183809e+00,  6.3325441879859318e+02,  1.5652766570997411e-02,  2.7241300544057701e+01, -2.1364703650635530e-02,  8.9033923320390007e-02,  5.0294993464530768e-01,  5.3115856540949562e+03,  1.5963403121440325e+02, -1.5000299686686127e+04,  1.0000447577071249e+01,  2.4012903085242234e+00,  4.2863274627439552e+00,  4.9404866635301909e-03,  1.7524686163685328e+00,  1.6707127929552000e-02,  2.7758322632433702e-01, -1.0834870504473951e-04,  8.4769753277232779e-04, -1.6543605431813344e-03,  0.0000000000000000e+00, -3.8325565894165169e-05, -1.2670686819259497e-04, -1.5406707416980093e-02,  0.0000000000000000e+00
 8.3916083916083917e+00,  6.3325366764654439e+02,  1.5694360894441321e-02,  2.7241396734133186e+01, -2.1364728649776944e-02,  8.9033165620752086e-02,  5.0294983069275678e-01,  5.3179034323636752e+03,  1.6006059218163367e+02, -1.5000296944007509e+04,  1.0000448121353935e+01,  2.4012937111213630e+00,  4.2914345424648621e+00,  4.9394023464329100e-03,  1.7524770785526620e+00,  1.6689832054190504e-02,  2.7758322632433702e-01, -1.0872380990368677e-04,  8.4643984540424665e-04, -1.8154768145178469e-03,  0.0000000000000000e+00, -3.6770426869005193e-05, -1.2508214288217199e-04, -1.6848770104619413e-02,  0.0000000000000000e+00
 8.4015984015984024e+00,  6.3325291655065280e+02,  1.5736008185883613e-02,  2.7241492636855565e+01, -2.1364747704637806e-02,  8.9032413881199937e-02,  5.0294971944157640e-01,  5.3242211651418756e+03,  1.6048771595665647e+02, -1.5000294200367533e+04,  1.0000448665618110e+01,  2.4012971064319921e+00,  4.2965416198261090e+00,  4.9383143596360111e-03,  1.7524855282535559e+00,  1.6670854666524668e-02,  2.7758322632433702e-01, -1.0908519394861256e-04,  8.4519824169560929e-04, -1.9912518876325194e-03,  0.0000000000000000e+00, -3.5578658923196927e-05, -1.2348691960207891e-04, -1.8341399532903101e-02,  0.0000000000000000e+00
 8.4115884115884114e+00,  6.3325216551093865e+02,  1.5777708880544302e-02,  2.7241588254205212e+01, -2.1364761690736731e-02,  8.9031668058037250e-02,  5.0294960314072112e-01,  5.3305388523797665e+03,  1.6091540253553654e+02, -1.5000291455768162e+04,  1.0000449209916241e+01,  2.4013004945252696e+00,  4.3016486947769534e+00,  4.9372228220782924e-03,  1.7524939656304181e+00,  1.6650046801690355e-02,  2.7758322632433702e-01, -1.0942757388920358e-04,  8.4397148417661861e-04, -2.1777054908738592e-03,  0.0000000000000000e+00, -3.2965805183126581e-05, -1.2210993569984402e-04, -1.8986611836013585e-02,  0.0000000000000000e+00
 8.4215784215784222e+00,  6.3325141452741889e+02,  1.5819463138748005e-02,  2.7241683588147932e+01, -2.1364771597410289e-02,  8.9030928105737733e-02,  5.0294948418931462e-01,  5.3368564940275401e+03,  1.6134365191433184e+02, -1.5000288710211369e+04,  1.0000449754292397e+01,  2.4013038754658687e+00,  4.3067557672896495e+00,  4.9361279945233398e-03,  1.7525023908206723e+00,  1.6627344067306409e-02,  2.7758322632433702e-01, -1.0974123279298625e-04,  8.4275745137886026e-04, -2.3683907055286925e-03,  0.0000000000000000e+00, -2.9828707354165387e-05, -1.2093943041138037e-04, -1.9188568137884408e-02,  0.0000000000000000e+00
 8.4315684315684312e+00,  6.3325066360010976e+02,  1.5861270845222725e-02,  2.7241778640634468e+01, -2.1364778505788731e-02,  8.9030193977165911e-02,  5.0294936504232346e-01,  5.3431740900354362e+03,  1.6177246408908917e+02, -1.5000285963699002e+04,  1.0000450298781244e+01,  2.4013072493137688e+00,  4.3118628373602812e+00,  4.9350301900544565e-03,  1.7525108039411350e+00,  1.6602726308073398e-02,  2.7758322632433702e-01, -1.1002134853077813e-04,  8.4155395981033590e-04, -2.5588621049647850e-03,  0.0000000000000000e+00, -2.6250463351766590e-05, -1.1999958160720916e-04, -1.8943806029221796e-02,  0.0000000000000000e+00
 8.4415584415584419e+00,  6.3324991272902855e+02,  1.5903131611759123e-02,  2.7241873413600725e+01, -2.1364783563667476e-02,  8.9029465624362272e-02,  5.0294924815279185e-01,  5.3494916403536345e+03,  1.6220183905584699e+02, -1.5000283216233009e+04,  1.0000450843407304e+01,  2.4013106161242459e+00,  4.3169699050090697e+00,  4.9339297657814661e-03,  1.7525192050856035e+00,  1.6576217951323097e-02,  2.7758322632433702e-01, -1.1026397843121657e-04,  8.4035870203205004e-04, -2.7446923251674311e-03,  0.0000000000000000e+00, -2.2324042716010967e-05, -1.1929102560563065e-04, -1.8259404055348396e-02,  0.0000000000000000e+00
 8.4515484515484509e+00,  6.3324916191419436e+02,  1.5945044786268320e-02,  2.7241967908968206e+01, -2.1364787958640965e-02,  8.9028742999397670e-02,  5.0294913591426915e-01,  5.3558091449323456e+03,  1.6263177681063470e+02, -1.5000280467815259e+04,  1.0000451388184365e+01,  2.4013139759478479e+00,  4.3220769702800661e+00,  4.9328271135623243e-03,  1.7525275943247920e+00,  1.6547887300577546e-02,  2.7758322632433702e-01, -1.1046614396552442e-04,  8.3916948527237162e-04, -2.9215763896673964e-03,  0.0000000000000000e+00, -1.8149497252420922e-05, -1.1879016968197319e-04, -1.7152785657545067e-02,  0.0000000000000000e+00
 8.4615384615384617e+00,  6.3324841115562128e+02,  1.5987009468009437e-02,  2.7242062128644243e+01, -2.1364792890159846e-02,  8.9028026055174264e-02,  5.0294903060480134e-01,  5.3621266037218038e+03,  1.6306227734947157e+02, -1.5000277718447702e+04,  1.0000451933115126e+01,  2.4013173288306340e+00,  4.3271840332402833e+00,  4.9317226500179192e-03,  1.7525359717086859e+00,  1.6517844796684389e-02,  2.7758322632433702e-01, -1.1062588755916942e-04,  8.3798445868357024e-04, -3.0854328442719969e-03,  0.0000000000000000e+00, -1.3831170195309140e-05, -1.1845215339606749e-04, -1.5651276554296274e-02,  0.0000000000000000e+00
 8.4715284715284707e+00,  6.3324766045332854e+02,  1.6029024528611716e-02,  2.7242156074522303e+01, -2.1364799541210483e-02,  8.9027314746059280e-02,  5.0294893433378118e-01,  5.3684440166722134e+03,  1.6349334066836846e+02, -1.5000274968132102e+04,  1.0000452478191312e+01,  2.4013206748143747e+00,  4.3322910939782959e+00,  4.9306168061185847e-03,  1.7525443372710194e+00,  1.6486240290701983e-02,  2.7758322632433702e-01, -1.1074230190479807e-04,  8.3680230066814770e-04, -3.2324992951993864e-03,  0.0000000000000000e+00, -9.4749817995463198e-06, -1.1821588129153068e-04, -1.3791426921367487e-02,  0.0000000000000000e+00
 8.4815184815184814e+00,  6.3324690980733226e+02,  1.6071088638380606e-02,  2.7242249748482358e+01, -2.1364809050329944e-02,  8.9026609028252365e-02,  5.0294884899292780e-01,  5.3747613837337803e+03,  1.6392496676332831e+02, -1.5000272216870388e+04,  1.0000453023393771e+01,  2.4013240139369425e+00,  4.3373981526023169e+00,  4.9295100166132279e-03,  1.7525526910353726e+00,  1.6453259396180905e-02,  2.7758322632433702e-01, -1.1081553277194534e-04,  8.3562235163863385e-04, -3.3594200883390905e-03,  0.0000000000000000e+00, -5.1858378053083625e-06, -1.1800991440224571e-04, -1.1618115865259284e-02,  0.0000000000000000e+00
 8.4915084915084922e+00,  6.3324615921765110e+02,  1.6113200297254378e-02,  2.7242343152391232e+01, -2.1364822484663090e-02,  8.9025908859824934e-02,  5.0294877621252254e-01,  5.3810787048567481e+03,  1.6435715563034398e+02, -1.5000269464664350e+04,  1.0000453568693080e+01,  2.4013273462327294e+00,  4.3425052092378955e+00,  4.9284027095597045e-03,  1.7525610330223009e+00,  1.6419119010215682e-02,  2.7758322632433702e-01, -1.1084675679361609e-04,  8.3444468255387957e-04, -3.4633240696405679e-03,  0.0000000000000000e+00, -1.0652113312010254e-06, -1.1775943638043181e-04, -9.1834611912348946e-03,  0.0000000000000000e+00
 8.5014985014985012e+00,  6.3324540868430097e+02,  1.6155357869669418e-02,  2.7242436288102716e+01, -2.1364840814741590e-02,  8.9025214200400091e-02,  5.0294871732390722e-01,  5.3873959799913237e+03,  1.6478990726540113e+02, -1.5000266711515886e+04,  1.0000454114050108e+01,  2.4013306717331373e+00,  4.3476122640250701e+00,  4.9272952961977711e-03,  1.7525693632568022e+00,  1.6384062112072204e-02,  2.7758322632433702e-01, -1.1083813613316687e-04,  8.3327008691671395e-04, -3.5418906202602188e-03,  0.0000000000000000e+00,  2.7910675531315304e-06, -1.1739461018012649e-04, -6.5455622428194212e-03,  0.0000000000000000e+00
 8.5114885114885119e+00,  6.3324465820729938e+02,  1.6197559622502501e-02,  2.7242529157457621e+01, -2.1364864891615151e-02,  8.9024525010485744e-02,  5.0294867332914317e-01,  5.3937132090877194e+03,  1.6522322166447734e+02, -1.5000263957426803e+04,  1.0000454659417143e+01,  2.4013339904671724e+00,  4.3527193171153664e+00,  4.9261881613852157e-03,  1.7525776817752863e+00,  1.6348351964855838e-02,  2.7758322632433702e-01, -1.1079363318796169e-04,  8.3209999890276746e-04, -3.5932129779444755e-03,  0.0000000000000000e+00,  6.1184220769470690e-06, -1.1685701021196198e-04, -3.7291737655688333e-03,  0.0000000000000000e+00
 8.5214785214785209e+00,  6.3324390778666225e+02,  1.6239803767236861e-02,  2.7242621762283598e+01, -2.1364895426736294e-02,  8.9023841250467917e-02,  5.0294864486732727e-01,  5.4000303920961651e+03,  1.6565709882354304e+02, -1.5000261202398848e+04,  1.0000455204738927e+01,  2.4013373024620335e+00,  4.3578263686683014e+00,  4.9250816371930167e-03,  1.7525859886314057e+00,  1.6312269644980407e-02,  2.7758322632433702e-01, -1.1071681923807106e-04,  8.3093635515469743e-04, -3.6162685480951810e-03,  0.0000000000000000e+00,  9.2597306911574000e-06, -1.1610446815165480e-04, -8.8655137860246390e-04,  0.0000000000000000e+00
 8.5314685314685317e+00,  6.3324315742240901e+02,  1.6282088505516375e-02,  2.7242714104395080e+01, -2.1364932975260341e-02,  8.9023162879348500e-02,  5.0294863217866492e-01,  5.4063475289669132e+03,  1.6609153873856039e+02, -1.5000258446433862e+04,  1.0000455749954085e+01,  2.4013406077437329e+00,  4.3629334188477458e+00,  4.9239760371247148e-03,  1.7525942839002644e+00,  1.6276098847011779e-02,  2.7758322632433702e-01, -1.1060903859998735e-04,  8.2978127788558697e-04, -3.6101303392137105e-03,  0.0000000000000000e+00,  1.2317953053200634e-05, -1.1514200112426477e-04,  2.1154207966728724e-03,  0.0000000000000000e+00
 8.5414585414585407e+00,  6.3324240711455582e+02,  1.6324412065413352e-02,  2.7242806185592272e+01, -2.1364977925462689e-02,  8.9022489853642792e-02,  5.0294863516172317e-01,  5.4126646196501570e+03,  1.6652654140548580e+02, -1.5000255689533617e+04,  1.0000456294996493e+01,  2.4013439063377984e+00,  4.3680404678180285e+00,  4.9228716663918181e-03,  1.7526025676779169e+00,  1.6240139168672441e-02,  2.7758322632433702e-01, -1.1047766596827219e-04,  8.2863721616274050e-04, -3.5760814005110801e-03,  0.0000000000000000e+00,  1.3982847816174410e-05, -1.1389915578959451e-04,  4.7011767315937626e-03,  0.0000000000000000e+00
 8.5514485514485514e+00,  6.3324165686312017e+02,  1.6366772742303082e-02,  2.7242898007661118e+01, -2.1365030488349309e-02,  8.9021822126017058e-02,  5.0294865334464156e-01,  5.4189816640961344e+03,  1.6696210682026859e+02, -1.5000252931699910e+04,  1.0000456839796950e+01,  2.4013471982697929e+00,  4.3731475157406567e+00,  4.9217686911513228e-03,  1.7526108400883995e+00,  1.6204648669179391e-02,  2.7758322632433702e-01, -1.1033100589608330e-04,  8.2750643097135028e-04, -3.5157352705952019e-03,  0.0000000000000000e+00,  1.5378498634074715e-05, -1.1248403951199565e-04,  7.3801184775013091e-03,  0.0000000000000000e+00
 8.5614385614385622e+00,  6.3324090666811833e+02,  1.6409168932796123e-02,  2.7242989572372387e+01, -2.1365090692438596e-02,  8.9021159644598377e-02,  5.0294868593556974e-01,  5.4252986622550925e+03,  1.6739823497885354e+02, -1.5000250172934515e+04,  1.0000457384284822e+01,  2.4013504835659023e+00,  4.3782545627708132e+00,  4.9206672506895985e-03,  1.7526191012729413e+00,  1.6169894707721483e-02,  2.7758322632433702e-01, -1.1017359954136705e-04,  8.2639054789211816e-04, -3.4296232126123051e-03,  0.0000000000000000e+00,  1.6134253582080815e-05, -1.1091575296498216e-04,  9.8595155307360880e-03,  0.0000000000000000e+00
 8.5714285714285712e+00,  6.3324015652956768e+02,  1.6451599175605746e-02,  2.7243080881481127e+01, -2.1365158383939143e-02,  8.9020502351662714e-02,  5.0294873178687416e-01,  5.4316156140772373e+03,  1.6783492587717708e+02, -1.5000247413239123e+04,  1.0000457928389665e+01,  2.4013537622534451e+00,  4.3833616090541137e+00,  4.9195674204312156e-03,  1.7526273513880577e+00,  1.6136124728867458e-02,  2.7758322632433702e-01, -1.1001028311508423e-04,  8.2529062172454891e-04, -3.3189314219771115e-03,  0.0000000000000000e+00,  1.6561694959740155e-05, -1.0928946578238983e-04,  1.2300980954429995e-02,  0.0000000000000000e+00
 8.5814185814185819e+00,  6.3323940644748552e+02,  1.6494062183392364e-02,  2.7243171936725684e+01, -2.1365233231117976e-02,  8.9019850183549215e-02,  5.0294878946321231e-01,  5.4379325195128167e+03,  1.6827217951117339e+02, -1.5000244652615507e+04,  1.0000458472042979e+01,  2.4013570343614257e+00,  4.3884686547231313e+00,  4.9184692430349515e-03,  1.7526355905960527e+00,  1.6103582391598065e-02,  2.7758322632433702e-01, -1.0984902480330836e-04,  8.2420724858786999e-04, -3.1873995270725788e-03,  0.0000000000000000e+00,  1.5722219057790451e-05, -1.0760183618071767e-04,  1.4031704405457698e-02,  0.0000000000000000e+00
 8.5914085914085909e+00,  6.3323865642188684e+02,  1.6536556875468070e-02,  2.7243262739827426e+01, -2.1365314732834029e-02,  8.9019203070165323e-02,  5.0294885722041993e-01,  5.4442493785120732e+03,  1.6870999587676886e+02, -1.5000241891065391e+04,  1.0000459015179809e+01,  2.4013602999209431e+00,  4.3935756998947335e+00,  4.9173726347208598e-03,  1.7526438190653522e+00,  1.6072440422632242e-02,  2.7758322632433702e-01, -1.0969758790171328e-04,  8.2314022536370392e-04, -3.0391927297859873e-03,  0.0000000000000000e+00,  1.4595448641545503e-05, -1.0601621329733548e-04,  1.5639296411318258e-02,  0.0000000000000000e+00
 8.6013986013986017e+00,  6.3323790645279030e+02,  1.6579082394848541e-02,  2.7243353292490248e+01, -2.1365402230899406e-02,  8.9018560936107799e-02,  5.0294893311903821e-01,  5.4505661910252338e+03,  1.6914837496988690e+02, -1.5000239128590481e+04,  1.0000459557740232e+01,  2.4013635589655751e+00,  4.3986827446675010e+00,  4.9162774830369153e-03,  1.7526520369542018e+00,  1.6042859260133810e-02,  2.7758322632433702e-01, -1.0956033917090027e-04,  8.2208828828833473e-04, -2.8768175817856017e-03,  0.0000000000000000e+00,  1.2881747267217029e-05, -1.0458158919158599e-04,  1.6868208218359378e-02,  0.0000000000000000e+00
 8.6113886113886107e+00,  6.3323715654021055e+02,  1.6621638129269780e-02,  2.7243443596400216e+01, -2.1365494926585907e-02,  8.9017923701267529e-02,  5.0294901503266320e-01,  5.4568829570025446e+03,  1.6958731678644523e+02, -1.5000236365192510e+04,  1.0000460099670851e+01,  2.4013668115316871e+00,  4.4037897891198066e+00,  4.9151836169552075e-03,  1.7526602444057775e+00,  1.6014961549869294e-02,  2.7758322632433702e-01, -1.0944294003567727e-04,  8.2104959642712429e-04, -2.7041946039534030e-03,  0.0000000000000000e+00,  1.0621559604429187e-05, -1.0336452142274429e-04,  1.7690911943647202e-02,  0.0000000000000000e+00
 8.6213786213786214e+00,  6.3323640668416590e+02,  1.6664223724146433e-02,  2.7243533653225782e+01, -2.1365591900261372e-02,  8.9017291282192740e-02,  5.0294910069897536e-01,  5.4631996763942443e+03,  1.7002682132235799e+02, -1.5000233600873136e+04,  1.0000460640925990e+01,  2.4013700576586454e+00,  4.4088968333082477e+00,  4.9140908109083304e-03,  1.7526684415415430e+00,  1.5988829397916959e-02,  2.7758322632433702e-01, -1.0935104953060773e-04,  8.2002179656518782e-04, -2.5261231872832483e-03,  0.0000000000000000e+00,  7.7749195085456907e-06, -1.0240101092231919e-04,  1.7958985673670026e-02,  0.0000000000000000e+00
 8.6313686313686322e+00,  6.3323565688466954e+02,  1.6706839086737223e-02,  2.7243623464617823e+01, -2.1365692133722896e-02,  8.9016663593887907e-02,  5.0294918778872855e-01,  5.4695163491505646e+03,  1.7046688857353510e+02, -1.5000230835634058e+04,  1.0000461181468747e+01,  2.4013732973889699e+00,  4.4140038772666355e+00,  4.9129987808007496e-03,  1.7526766284576569e+00,  1.5964489558115379e-02,  2.7758322632433702e-01, -1.0928869316486524e-04,  8.1900198603366127e-04, -2.3460940549055059e-03,  0.0000000000000000e+00,  4.7088249150451701e-06, -1.0176505750388657e-04,  1.8082846628396137e-02,  0.0000000000000000e+00
 8.6413586413586412e+00,  6.3323490714174216e+02,  1.6749484385731841e-02,  2.7243713032210152e+01, -2.1365794534733439e-02,  8.9016040551689338e-02,  5.0294927395851552e-01,  5.4758329752217569e+03,  1.7090751853588114e+02, -1.5000228069476925e+04,  1.0000461721271844e+01,  2.4013765307684185e+00,  4.4191109210055410e+00,  4.9119072206353061e-03,  1.7526848052175876e+00,  1.5941954391824942e-02,  2.7758322632433702e-01, -1.0925974128634266e-04,  8.1798718229172235e-04, -2.1683730302658414e-03,  0.0000000000000000e+00,  1.0873411651758986e-06, -1.0139865163227637e-04,  1.7496902504465155e-02,  0.0000000000000000e+00
 8.6513486513486519e+00,  6.3323415745539728e+02,  1.6792160047814978e-02,  2.7243802357620481e+01, -2.1365897963105465e-02,  8.9015422073112555e-02,  5.0294935689053244e-01,  5.4821495545580592e+03,  1.7134871120529752e+02, -1.5000225302403400e+04,  1.0000462260318276e+01,  2.4013797578459846e+00,  4.4242179645123709e+00,  4.9108157689868367e-03,  1.7526929718579025e+00,  1.5921165421646531e-02,  2.7758322632433702e-01, -1.0926734794745272e-04,  8.1697449468387366e-04, -1.9972506306345380e-03,  0.0000000000000000e+00, -2.6101947194108550e-06, -1.0134140745903256e-04,  1.6761801901722152e-02,  0.0000000000000000e+00
 8.6613386613386609e+00,  6.3323340782565390e+02,  1.6834866746791032e-02,  2.7243891442450902e+01, -2.1366001257698872e-02,  8.9014808079603241e-02,  5.0294943432827433e-01,  5.4884660871097121e+03,  1.7179046657768092e+02, -1.5000222534415143e+04,  1.0000462798601653e+01,  2.4013829786738139e+00,  4.4293250077519417e+00,  4.9097240568401522e-03,  1.7527011283843146e+00,  1.5902049284319757e-02,  2.7758322632433702e-01, -1.0931336277853863e-04,  8.1596127612545261e-04, -1.8361860239520032e-03,  0.0000000000000000e+00, -6.6019744639890150e-06, -1.0150494793687028e-04,  1.5483332356121711e-02,  0.0000000000000000e+00
 8.6713286713286717e+00,  6.3323265825252440e+02,  1.6877605390004186e-02,  2.7243980288289393e+01, -2.1366103263953037e-02,  8.9014198498284666e-02,  5.0294950413842743e-01,  5.4947825728269891e+03,  1.7223278464892385e+02, -1.5000219765513804e+04,  1.0000463336126259e+01,  2.4013861933071294e+00,  4.4344320506672261e+00,  4.9086316858144383e-03,  1.7527092747805024e+00,  1.5884478388200937e-02,  2.7758322632433702e-01, -1.0939971297757478e-04,  8.1494554746530505e-04, -1.6897047733569306e-03,  0.0000000000000000e+00, -1.0685335383047094e-05, -1.0184392982467219e-04,  1.3842214013012140e-02,  0.0000000000000000e+00
 8.6813186813186807e+00,  6.3323190873602925e+02,  1.6920377093149013e-02,  2.7244068896710264e+01, -2.1366202860862427e-02,  8.9013593263431653e-02,  5.0294956437689453e-01,  5.5010990116601115e+03,  1.7267566541491419e+02, -1.5000216995700974e+04,  1.0000463872907011e+01,  2.4013894018040207e+00,  4.4395390931809615e+00,  4.9075382483890519e-03,  1.7527174110126356e+00,  1.5868288949187750e-02,  2.7758322632433702e-01, -1.0952682691477706e-04,  8.1392592768294420e-04, -1.5612293286278245e-03,  0.0000000000000000e+00, -1.4762874844849447e-05, -1.0228395060397871e-04,  1.1878570021755219e-02,  0.0000000000000000e+00
 8.6913086913086914e+00,  6.3323115927618403e+02,  1.6963183152309800e-02,  2.7244157269275870e+01, -2.1366298987063798e-02,  8.9012992317395220e-02,  5.0294961333358579e-01,  5.5074154035593292e+03,  1.7311910887153530e+02, -1.5000214224978294e+04,  1.0000464408969005e+01,  2.4013926042251370e+00,  4.4446461351977495e+00,  4.9064433376243329e-03,  1.7527255370367998e+00,  1.5853284995021560e-02,  2.7758322632433702e-01, -1.0969416065407819e-04,  8.1290181576934963e-04, -1.4537440826870964e-03,  0.0000000000000000e+00, -1.8737339763237788e-05, -1.0274325449765048e-04,  9.6399762155787994e-03,  0.0000000000000000e+00
 8.7012987012987004e+00,  6.3323040987300772e+02,  1.7006025011887256e-02,  2.7244245407537530e+01, -2.1366390665438637e-02,  8.9012395611042877e-02,  5.0294964957154720e-01,  5.5137317484749246e+03,  1.7356311501466556e+02, -1.5000211453347301e+04,  1.0000464944346877e+01,  2.4013958006333240e+00,  4.4497531766065679e+00,  4.9053465568674919e-03,  1.7527336528071564e+00,  1.5839243113369827e-02,  2.7758322632433702e-01, -1.0990021193283173e-04,  8.1187342155535189e-04, -1.3697267236909795e-03,  0.0000000000000000e+00, -2.2514126243222542e-05, -1.0314126714469313e-04,  7.1802990554440038e-03,  0.0000000000000000e+00
 8.7112887112887112e+00,  6.3322966052651236e+02,  1.7048904229184363e-02,  2.7244333313036403e+01, -2.1366477025663220e-02,  8.9011803103700576e-02,  5.0294967195949469e-01,  5.5200480463571093e+03,  1.7400768384017809e+02, -1.5000208680809688e+04,  1.0000465479084069e+01,  2.4013989910932221e+00,  4.4548602172836684e+00,  4.9042475291941065e-03,  1.7527417582839837e+00,  1.5825917827715048e-02,  2.7758322632433702e-01, -1.1014377870542097e-04,  8.1084171213418438e-04, -1.3107197572668362e-03,  0.0000000000000000e+00, -2.6247941631098444e-05, -1.0340695895859799e-04,  4.6328956226454601e-03,  0.0000000000000000e+00
 8.7212787212787219e+00,  6.3322891123672025e+02,  1.7091822440246617e-02,  2.7244420987304085e+01, -2.1366557323986249e-02,  8.9011214762506286e-02,  5.0294967967211590e-01,  5.5263642971561640e+03,  1.7445281534394024e+02, -1.5000205907366964e+04,  1.0000466013231682e+01,  2.4014021756708011e+00,  4.4599672570956272e+00,  4.9031458819682825e-03,  1.7527498534407655e+00,  1.5813054906431426e-02,  2.7758322632433702e-01, -1.1041813355504411e-04,  8.0980819265136065e-04, -1.2773388134422099e-03,  0.0000000000000000e+00, -2.8677899261489326e-05, -1.0350364151714216e-04,  2.0499693310673268e-03,  0.0000000000000000e+00
 8.7312687312687309e+00,  6.3322816200364468e+02,  1.7134781326339363e-02,  2.7244508431863586e+01, -2.1366630961230853e-02,  8.9010630561335638e-02,  5.0294967220005427e-01,  5.5326805008223246e+03,  1.7489850952181462e+02, -1.5000203133020739e+04,  1.0000466546847244e+01,  2.4014053544328990e+00,  4.4650742959022622e+00,  4.9020413726795203e-03,  1.7527579382678529e+00,  1.5800396572701218e-02,  2.7758322632433702e-01, -1.1071319580091722e-04,  8.0877476274192448e-04, -1.2691418449764171e-03,  0.0000000000000000e+00, -3.0393562362308425e-05, -1.0338902635197229e-04, -4.0893624421558969e-04,  0.0000000000000000e+00
 8.7412587412587417e+00,  6.3322741282730374e+02,  1.7177782569699498e-02,  2.7244595648229314e+01, -2.1366697498262938e-02,  8.9010050479288699e-02,  5.0294964937980313e-01,  5.5389966573058728e+03,  1.7534476636965593e+02, -1.5000200357772537e+04,  1.0000467079993399e+01,  2.4014085274467005e+00,  4.4701813335601930e+00,  4.9009338301041283e-03,  1.7527660127766844e+00,  1.5787697427011319e-02,  2.7758322632433702e-01, -1.1103120672133849e-04,  8.0774420191708049e-04, -1.2882858003916470e-03,  0.0000000000000000e+00, -3.3272223906031502e-05, -1.0292925078179822e-04, -3.4236836299134815e-03,  0.0000000000000000e+00
 8.7512487512487507e+00,  6.3322666370771367e+02,  1.7220827814722610e-02,  2.7244682637907463e+01, -2.1366756664021064e-02,  8.9009474499588376e-02,  5.0294961141396655e-01,  5.5453127665570491e+03,  1.7579158588331464e+02, -1.5000197581623923e+04,  1.0000467612736360e+01,  2.4014116947791586e+00,  4.4752883699261217e+00,  4.8998229669508222e-03,  1.7527740770131459e+00,  1.5774656596669417e-02,  2.7758322632433702e-01, -1.1137798899821817e-04,  8.0671958193526507e-04, -1.3375927539803459e-03,  0.0000000000000000e+00, -3.6153587925280506e-05, -1.0219966957764074e-04, -6.4475684785441790e-03,  0.0000000000000000e+00
 8.7612387612387614e+00,  6.3322591464489301e+02,  1.7263918617499041e-02,  2.7244769402396127e+01, -2.1366808351948964e-02,  8.9008902609110291e-02,  5.0294955893658377e-01,  5.5516288285261253e+03,  1.7623896805863276e+02, -1.5000194804576451e+04,  1.0000468145144348e+01,  2.4014148564963627e+00,  4.4803954048607713e+00,  4.8987084956586095e-03,  1.7527821310500498e+00,  1.5760972297061662e-02,  2.7758322632433702e-01, -1.1174471927933375e-04,  8.0570304732513302e-04, -1.4143905890346184e-03,  0.0000000000000000e+00, -3.7265814354057458e-05, -1.0131055937080426e-04, -8.9273580993213409e-03,  0.0000000000000000e+00
 8.7712287712287704e+00,  6.3322516563885540e+02,  1.7307056408166134e-02,  2.7244855943185339e+01, -2.1366852625709677e-02,  8.9008334796114100e-02,  5.0294949293421398e-01,  5.5579448431633446e+03,  1.7668691289144522e+02, -1.5000192026631683e+04,  1.0000468677286147e+01,  2.4014180126628806e+00,  4.4855024382329001e+00,  4.8975903052269594e-03,  1.7527901749761294e+00,  1.5746397044440953e-02,  2.7758322632433702e-01, -1.1211919292002021e-04,  8.0469628237890100e-04, -1.5148850174643315e-03,  0.0000000000000000e+00, -3.7703808511375791e-05, -1.0024378286484181e-04, -1.1191626472307460e-02,  0.0000000000000000e+00
 8.7812187812187812e+00,  6.3322441668962153e+02,  1.7350242459586902e-02,  2.7244942261756464e+01, -2.1366889720206287e-02,  8.9007771048648668e-02,  5.0294941470235666e-01,  5.5642608104189885e+03,  1.7713542037757915e+02, -1.5000189247791044e+04,  1.0000469209229511e+01,  2.4014211633411460e+00,  4.4906094699225152e+00,  4.8964683519439238e-03,  1.7527982088978495e+00,  1.5730704864145292e-02,  2.7758322632433702e-01, -1.1249468420894227e-04,  8.0370077004847005e-04, -1.6366620836111726e-03,  0.0000000000000000e+00, -3.7469547532815118e-05, -9.9057785673126964e-05, -1.3188142170317182e-02,  0.0000000000000000e+00
 8.7912087912087920e+00,  6.3322366779720596e+02,  1.7393477857779588e-02,  2.7245028359582264e+01, -2.1366920036643224e-02,  8.9007211353468091e-02,  5.0294932581416629e-01,  5.5705767302433114e+03,  1.7758449051285641e+02, -1.5000186468056119e+04,  1.0000469741039618e+01,  2.4014243085909692e+00,  4.4957164998237813e+00,  4.8953426591888186e-03,  1.7528062329335730e+00,  1.5713696503309858e-02,  2.7758322632433702e-01, -1.1286457377263954e-04,  8.0271737275088115e-04, -1.7768186300002934e-03,  0.0000000000000000e+00, -3.6582343117371839e-05, -9.7818353318448518e-05, -1.4871198416753679e-02,  0.0000000000000000e+00
 8.8011988011988009e+00,  6.3322291896162335e+02,  1.7436763476812677e-02,  2.7245114238126323e+01, -2.1366944133376437e-02,  8.9006655695271705e-02,  5.0294922808275955e-01,  5.5768926025865876e+03,  1.7803412329308711e+02, -1.5000183687428369e+04,  1.0000470272777440e+01,  2.4014274484691081e+00,  4.5008235278475146e+00,  4.8942133155049101e-03,  1.7528142472069954e+00,  1.5695203992417014e-02,  2.7758322632433702e-01, -1.1322251305018606e-04,  8.0174628804763164e-04, -1.9320327058709999e-03,  0.0000000000000000e+00, -3.5077100247439374e-05, -9.6592804272122045e-05, -1.6202659572562096e-02,  0.0000000000000000e+00
 8.8111888111888117e+00,  6.3322217018289302e+02,  1.7480099958739635e-02,  2.7245199898842625e+01, -2.1366962712766755e-02,  8.9006104056301993e-02,  5.0294912351802468e-01,  5.5832084273990768e+03,  1.7848431871407584e+02, -1.5000180905909343e+04,  1.0000470804498464e+01,  2.4014305830287954e+00,  4.5059305539233776e+00,  4.8930804711158878e-03,  1.7528222518404271e+00,  1.5675094451244504e-02,  2.7758322632433702e-01, -1.1355945245942755e-04,  8.0078686932065588e-04, -2.0973123804637361e-03,  0.0000000000000000e+00, -3.2378169482710087e-05, -9.5482824868415859e-05, -1.6886331280904100e-02,  0.0000000000000000e+00
 8.8211788211788207e+00,  6.3322142146102874e+02,  1.7523487701904820e-02,  2.7245285343175777e+01, -2.1366976605097291e-02,  8.9005556416103734e-02,  5.0294901426168437e-01,  5.5895242046310605e+03,  1.7893507677161747e+02, -1.5000178123500420e+04,  1.0000471336251332e+01,  2.4014337123194824e+00,  4.5110375780014662e+00,  4.8919443953758506e-03,  1.7528302469446442e+00,  1.5653299649151006e-02,  2.7758322632433702e-01, -1.1387101997056717e-04,  7.9983814321984243e-04, -2.2689204189284490e-03,  0.0000000000000000e+00, -2.9997646247443072e-05, -9.4452140514436048e-05, -1.7469598019731865e-02,  0.0000000000000000e+00
 8.8311688311688314e+00,  6.3322067279604914e+02,  1.7566926858323059e-02,  2.7245370572560152e+01, -2.1366986749307967e-02,  8.9005012751420157e-02,  5.0294890250304392e-01,  5.5958399342327994e+03,  1.7938639746149886e+02, -1.5000175340203161e+04,  1.0000471868076671e+01,  2.4014368363866270e+00,  4.5161446000532974e+00,  4.8908053258617306e-03,  1.7528382326225094e+00,  1.5629761375941239e-02,  2.7758322632433702e-01, -1.1415877160326383e-04,  7.9889899914542355e-04, -2.4447878366660909e-03,  0.0000000000000000e+00, -2.7610230618427856e-05, -9.3564503184224662e-05, -1.7739059011361778e-02,  0.0000000000000000e+00
 8.8411588411588404e+00,  6.3321992418796708e+02,  1.7610417329014603e-02,  2.7245455588420580e+01, -2.1366994164997842e-02,  8.9004473037710308e-02,  5.0294879049200636e-01,  5.6021556161545695e+03,  1.7983828077949764e+02, -1.5000172556019012e+04,  1.0000472400006176e+01,  2.4014399552716124e+00,  4.5212516200721122e+00,  4.8896635008383229e-03,  1.7528462089626091e+00,  1.5604452739327508e-02,  2.7758322632433702e-01, -1.1441184449667720e-04,  7.9796744283211301e-04, -2.6192515202120366e-03,  0.0000000000000000e+00, -2.3054962642929864e-05, -9.2933070740550624e-05, -1.7188570434554393e-02,  0.0000000000000000e+00
 8.8511488511488512e+00,  6.3321917563680074e+02,  1.7653958767241476e-02,  2.7245540392171655e+01, -2.1366999934226520e-02,  8.9003937248846546e-02,  5.0294868045358088e-01,  5.6084712503466471e+03,  1.8029072672138466e+02, -1.5000169770949422e+04,  1.0000472932061943e+01,  2.4014430690116617e+00,  4.5263586380732628e+00,  4.8885193749227361e-03,  1.7528541760279606e+00,  1.5577428678234705e-02,  2.7758322632433702e-01, -1.1463140682340075e-04,  7.9704200737551966e-04, -2.7902759602551779e-03,  0.0000000000000000e+00, -2.0901415169163292e-05, -9.2339107655233955e-05, -1.7050522462129479e-02,  0.0000000000000000e+00
 8.8611388611388620e+00,  6.3321842714256502e+02,  1.7697550577124046e-02,  2.7245624985218594e+01, -2.1367005168613028e-02,  8.9003405358930532e-02,  5.0294857462439191e-01,  5.6147868367592973e+03,  1.8074373528292011e+02, -1.5000166984995829e+04,  1.0000473464255949e+01,  2.4014461776399023e+00,  4.5314656540939211e+00,  4.8873731630396534e-03,  1.7528621338778414e+00,  1.5548702969891836e-02,  2.7758322632433702e-01, -1.1482119812746383e-04,  7.9612132438011500e-04, -2.9552396142729729e-03,  0.0000000000000000e+00, -1.7094803902221846e-05, -9.1981628038957292e-05, -1.5975201072180763e-02,  0.0000000000000000e+00
 8.8711288711288709e+00,  6.3321767870527719e+02,  1.7741191924402658e-02,  2.7245709368957360e+01, -2.1367010982817031e-02,  8.9002877342700681e-02,  5.0294847516427199e-01,  5.6211023753428190e+03,  1.8119730645985743e+02, -1.5000164198159659e+04,  1.0000473996589893e+01,  2.4014492811853607e+00,  4.5365726681930196e+00,  4.8862252450900196e-03,  1.7528700825479282e+00,  1.5518382931695785e-02,  2.7758322632433702e-01, -1.1497074549642571e-04,  7.9520353374054977e-04, -3.1067074945638137e-03,  0.0000000000000000e+00, -1.2844579363942717e-05, -9.1760058002001628e-05, -1.4348668562045966e-02,  0.0000000000000000e+00
 8.8811188811188817e+00,  6.3321693032495216e+02,  1.7784881762734305e-02,  2.7245793544774351e+01, -2.1367018471322503e-02,  8.9002353175414509e-02,  5.0294838405192044e-01,  5.6274178660474645e+03,  1.8165144024794077e+02, -1.5000161410442397e+04,  1.0000474529055262e+01,  2.4014523796732341e+00,  4.5416796804498407e+00,  4.8850760452475170e-03,  1.7528780220603337e+00,  1.5486630892078374e-02,  2.7758322632433702e-01, -1.1508085391159785e-04,  7.9428792768208942e-04, -3.2423357826756433e-03,  0.0000000000000000e+00, -9.1991253535221294e-06, -9.1544274901755781e-05, -1.2804114717942636e-02,  0.0000000000000000e+00
 8.8911088911088907e+00,  6.3321618200160412e+02,  1.7828618860134295e-02,  2.7245877514047336e+01, -2.1367028683161617e-02,  8.9001832833122449e-02,  5.0294830304258575e-01,  5.6337333088235182e+03,  1.8210613664290636e+02, -1.5000158621845361e+04,  1.0000475061633553e+01,  2.4014554731252260e+00,  4.5467866909620565e+00,  4.8839259273295481e-03,  1.7528859524365932e+00,  1.5453600997975993e-02,  2.7758322632433702e-01, -1.1515313590740776e-04,  7.9337433871570036e-04, -3.3600534516871256e-03,  0.0000000000000000e+00, -5.2717302076226673e-06, -9.1356236169357519e-05, -1.0762962618156343e-02,  0.0000000000000000e+00
 8.9010989010989015e+00,  6.3321543373525071e+02,  1.7872401823437606e-02,  2.7245961278144897e+01, -2.1367042597530576e-02,  8.9001316292944804e-02,  5.0294823366143204e-01,  5.6400487036213053e+03,  1.8256139564048314e+02, -1.5000155832370016e+04,  1.0000475594296759e+01,  2.4014585615599615e+00,  4.5518936998435819e+00,  4.8827752832913251e-03,  1.7528938736954729e+00,  1.5419496956979731e-02,  2.7758322632433702e-01, -1.1518580465061292e-04,  7.9246283225445726e-04, -3.4554756648281209e-03,  0.0000000000000000e+00, -1.2685521820491667e-06, -9.1127357371505351e-05, -8.3405644526711453e-03,  0.0000000000000000e+00
 8.9110889110889104e+00,  6.3321468552590761e+02,  1.7916229132194660e-02,  2.7246044838427167e+01, -2.1367061101465624e-02,  8.9000803532767694e-02,  5.0294817717096874e-01,  5.6463640503910574e+03,  1.8301721723639184e+02, -1.5000153042017777e+04,  1.0000476127008103e+01,  2.4014616449934496e+00,  4.5570007072218397e+00,  4.8816245126512142e-03,  1.7529017858598150e+00,  1.5384560525152255e-02,  2.7758322632433702e-01, -1.1518131345467905e-04,  7.9155432205878316e-04, -3.5268522264138781e-03,  0.0000000000000000e+00,  2.1676896080079553e-06, -9.0756383802445998e-05, -5.9490231767976463e-03,  0.0000000000000000e+00
 8.9210789210789212e+00,  6.3321393737359085e+02,  1.7960099175479027e-02,  2.7246128196245138e+01, -2.1367084969386357e-02,  8.9000294530285545e-02,  5.0294813450338394e-01,  5.6526793490830942e+03,  1.8347360142634574e+02, -1.5000150250789999e+04,  1.0000476659722914e+01,  2.4014647234395650e+00,  4.5621077132351280e+00,  4.8804739583471757e-03,  1.7529096889666429e+00,  1.5349030379029405e-02,  2.7758322632433702e-01, -1.1514413499712499e-04,  7.9065030670599583e-04, -3.5737273338750947e-03,  0.0000000000000000e+00,  5.2754375943170005e-06, -9.0227489825571599e-05, -3.4353733369379999e-03,  0.0000000000000000e+00
 8.9310689310689302e+00,  6.3321318927831589e+02,  1.8004010289461969e-02,  2.7246211352940733e+01, -2.1367114845583894e-02,  8.8999789262371801e-02,  5.0294810626141284e-01,  5.6589945996476745e+03,  1.8393054820605161e+02, -1.5000147458688072e+04,  1.0000477192389663e+01,  2.4014677969106253e+00,  4.5672147180292910e+00,  4.8793239305333896e-03,  1.7529175830687402e+00,  1.5313157381618288e-02,  2.7758322632433702e-01, -1.1507729017483197e-04,  7.8975245103998033e-04, -3.5947950858800540e-03,  0.0000000000000000e+00,  8.1068958287466222e-06, -8.9523214510740378e-05, -7.8239061445486459e-04,  0.0000000000000000e+00
 8.9410589410589409e+00,  6.3321244124009911e+02,  1.8047960793179954e-02,  2.7246294309846625e+01, -2.1367151229402394e-02,  8.8999287704257316e-02,  5.0294809272223695e-01,  5.6653098020351099e+03,  1.8438805757120915e+02, -1.5000144665713386e+04,  1.0000477724951406e+01,  2.4014708654179717e+00,  4.5723217217544789e+00,  4.8781747117902360e-03,  1.7529254682363939e+00,  1.5277206301389444e-02,  2.7758322632433702e-01, -1.1498447669851357e-04,  7.8886260517491711e-04, -3.5893689848325539e-03,  0.0000000000000000e+00,  1.0474362128146314e-05, -8.8623927660862103e-05,  1.8686960441001580e-03,  0.0000000000000000e+00
 8.9510489510489517e+00,  6.3321169325895266e+02,  1.8091949028652830e-02,  2.7246377068285444e+01, -2.1367194464229692e-02,  8.8998789828334757e-02,  5.0294809381419248e-01,  5.6716249561956784e+03,  1.8484612951751302e+02, -1.5000141871867309e+04,  1.0000478257346940e+01,  2.4014739289724929e+00,  4.5774287245617611e+00,  4.8770265383915610e-03,  1.7529333445593531e+00,  1.5241441717585664e-02,  2.7758322632433702e-01, -1.1487060401227495e-04,  7.8798266264505732e-04, -3.5577780406630777e-03,  0.0000000000000000e+00,  1.2322949658872548e-05, -8.7540566831103382e-05,  4.4558109786925898e-03,  0.0000000000000000e+00
 8.9610389610389607e+00,  6.3321094533489668e+02,  1.8135973399066849e-02,  2.7246459629569443e+01, -2.1367244730079449e-02,  8.8998295603193792e-02,  5.0294810912090571e-01,  5.6779400620796659e+03,  1.8530476404064913e+02, -1.5000139077151196e+04,  1.0000478789512313e+01,  2.4014769875852413e+00,  4.5825357265998203e+00,  4.8758795948269538e-03,  1.7529412121457375e+00,  1.5206121825052521e-02,  2.7758322632433702e-01, -1.1474106178075712e-04,  7.8711431291010690e-04, -3.5009622059794421e-03,  0.0000000000000000e+00,  1.3611405090995001e-05, -8.6303050105975620e-05,  6.9187191249713590e-03,  0.0000000000000000e+00
 8.9710289710289715e+00,  6.3321019746794423e+02,  1.8180032405262770e-02,  2.7246541994999891e+01, -2.1367302040007492e-02,  8.8997804992813415e-02,  5.0294813789345105e-01,  5.6842551196373779e+03,  1.8576396113630096e+02, -1.5000136281566332e+04,  1.0000479321382437e+01,  2.4014800412679360e+00,  4.5876427280114704e+00,  4.8747340096846527e-03,  1.7529490711190516e+00,  1.5171492422760901e-02,  2.7758322632433702e-01, -1.1460072546008799e-04,  7.8625880317498645e-04, -3.4200359460885609e-03,  0.0000000000000000e+00,  1.4483926306966812e-05, -8.4969998865129544e-05,  9.2827181051832967e-03,  0.0000000000000000e+00
 8.9810189810189804e+00,  6.3320944965811100e+02,  1.8224124679686374e-02,  2.7246624165866301e+01, -2.1367366240459464e-02,  8.8997317956006863e-02,  5.0294817907019052e-01,  5.6905701288191058e+03,  1.8622372080014537e+02, -1.5000133485114138e+04,  1.0000479852892562e+01,  2.4014830900335027e+00,  4.5927497289305421e+00,  4.8735898700425365e-03,  1.7529569216123344e+00,  1.5137789438517285e-02,  2.7758322632433702e-01, -1.1445340343189729e-04,  7.8541676059838770e-04, -3.3160300055207468e-03,  0.0000000000000000e+00,  1.5009943736811290e-05, -8.3606924969934222e-05,  1.1539271196493285e-02,  0.0000000000000000e+00
 8.9910089910089912e+00,  6.3320870190541143e+02,  1.8268249024651576e-02,  2.7246706143445905e+01, -2.1367437016763111e-02,  8.8996834445678991e-02,  5.0294823125190258e-01,  5.6968850895751229e+03,  1.8668404302785433e+02, -1.5000130687795883e+04,  1.0000480383979761e+01,  2.4014861338965683e+00,  4.5978567294787434e+00,  4.8724472283973022e-03,  1.7529647637616210e+00,  1.5105238076996251e-02,  2.7758322632433702e-01, -1.1430930149500410e-04,  7.8458858397113329e-04, -3.1932411270637856e-03,  0.0000000000000000e+00,  1.3839264029204711e-05, -8.2194035806406295e-05,  1.3043062270590681e-02,  0.0000000000000000e+00
 9.0009990009990002e+00,  6.3320795420986076e+02,  1.8312404437142608e-02,  2.7246787929003219e+01, -2.1367513899013018e-02,  8.8996354409618839e-02,  5.0294829279843556e-01,  5.7032000018557574e+03,  1.8714492781509415e+02, -1.5000127889612922e+04,  1.0000480914584438e+01,  2.4014891728739367e+00,  4.6029637297625152e+00,  4.8713059679147642e-03,  1.7529725977079182e+00,  1.5073988416997530e-02,  2.7758322632433702e-01, -1.1417802413745415e-04,  7.8377392497915672e-04, -3.0557881560326450e-03,  0.0000000000000000e+00,  1.2442462952295998e-05, -8.0900694387319943e-05,  1.4475022529843947e-02,  0.0000000000000000e+00
 9.0109890109890109e+00,  6.3320720657147376e+02,  1.8356590127473111e-02,  2.7246869523789616e+01, -2.1367596272492614e-02,  8.8995877791269176e-02,  5.0294836186246628e-01,  5.7095148656112870e+03,  1.8760637515752867e+02, -1.5000125090566542e+04,  1.0000481444651733e+01,  2.4014922069848872e+00,  4.6080707298711552e+00,  4.8701659491937567e-03,  1.7529804235803019e+00,  1.5044183368584011e-02,  2.7758322632433702e-01, -1.1406072211108453e-04,  7.8297141421533384e-04, -2.9062418671181815e-03,  0.0000000000000000e+00,  1.1041402724869837e-05, -7.9761960516072533e-05,  1.5464144510777551e-02,  0.0000000000000000e+00
 9.0209790209790217e+00,  6.3320645899026727e+02,  1.8400805532289167e-02,  2.7246950929043429e+01, -2.1367683395056316e-02,  8.8995404530507291e-02,  5.0294843646617482e-01,  5.7158296807920278e+03,  1.8806838505081683e+02, -1.5000122290658064e+04,  1.0000481974132814e+01,  2.4014952362514776e+00,  4.6131777298748782e+00,  4.8690270324080491e-03,  1.7529882414924181e+00,  1.5015921646425734e-02,  2.7758322632433702e-01, -1.1396102366827809e-04,  7.8217922008043470e-04, -2.7481290827378498e-03,  0.0000000000000000e+00,  8.9182255270077880e-06, -7.8835305304644941e-05,  1.6190034922214224e-02,  0.0000000000000000e+00
 9.0309690309690307e+00,  6.3320571146625298e+02,  1.8445050321561650e-02,  2.7247032145989881e+01, -2.1367774415262601e-02,  8.8994934564854813e-02,  5.0294851453721257e-01,  5.7221444473482425e+03,  1.8853095749061259e+02, -1.5000119489888755e+04,  1.0000482502986040e+01,  2.4014982606986677e+00,  4.6182847298238396e+00,  4.8678890056639210e-03,  1.7529960515367471e+00,  1.4989275694603236e-02,  2.7758322632433702e-01, -1.1388472937777065e-04,  7.8139506631926610e-04, -2.5847130925834255e-03,  0.0000000000000000e+00,  6.3558914325821241e-06, -7.8152277681308875e-05,  1.6525846306701838e-02,  0.0000000000000000e+00
 9.0409590409590415e+00,  6.3320496399944830e+02,  1.8489324407422146e-02,  2.7247113175841061e+01, -2.1367868393119209e-02,  8.8994467830841723e-02,  5.0294859392932345e-01,  5.7284591652302752e+03,  1.8899409247256705e+02, -1.5000116688259946e+04,  1.0000483031177895e+01,  2.4015012803544620e+00,  4.6233917297473131e+00,  4.8667516132396621e-03,  1.7530038537814554e+00,  1.4964279027193298e-02,  2.7758322632433702e-01, -1.1383485434367246e-04,  7.8061635721305778e-04, -2.4194601062967535e-03,  0.0000000000000000e+00,  3.6290903938752234e-06, -7.7745285381609222e-05,  1.6557801547890261e-02,  0.0000000000000000e+00
 9.0509490509490504e+00,  6.3320421658986538e+02,  1.8533627944444339e-02,  2.7247194019796954e+01, -2.1367964322879487e-02,  8.8994004265657484e-02,  5.0294867247386621e-01,  5.7347738343883957e+03,  1.8945778999232704e+02, -1.5000113885772831e+04,  1.0000483558683692e+01,  2.4015042952499948e+00,  4.6284987296531863e+00,  4.8656145829997118e-03,  1.7530116482671609e+00,  1.4940934833338566e-02,  2.7758322632433702e-01, -1.1380960579492220e-04,  7.7984015177395632e-04, -2.2541427107162326e-03,  0.0000000000000000e+00,  1.4256690659288416e-06, -7.7651043526493911e-05,  1.6538741047330451e-02,  0.0000000000000000e+00
 9.0609390609390612e+00,  6.3320346923752174e+02,  1.8577961334666493e-02,  2.7247274679045450e+01, -2.1368061159705250e-02,  8.8993543808072034e-02,  5.0294874796125977e-01,  5.7410884547729293e+03,  1.8992205004553509e+02, -1.5000111082428763e+04,  1.0000484085488203e+01,  2.4015073054195764e+00,  4.6336057295276740e+00,  4.8644776950419613e-03,  1.7530194350032691e+00,  1.4919241210795372e-02,  2.7758322632433702e-01, -1.1381292555436216e-04,  7.7906404555468729e-04, -2.0933894570977197e-03,  0.0000000000000000e+00, -2.0902849058085945e-06, -7.7725421571172711e-05,  1.5644060327096240e-02,  0.0000000000000000e+00
 9.0709290709290702e+00,  6.3320272194242955e+02,  1.8622325218697149e-02,  2.7247355154763316e+01, -2.1368157844318784e-02,  8.8993086400365531e-02,  5.0294881823565829e-01,  5.7474030263341565e+03,  1.9038687262783006e+02, -1.5000108278228956e+04,  1.0000484611585827e+01,  2.4015103109007452e+00,  4.6387127293353156e+00,  4.8633405984731511e-03,  1.7530272139823568e+00,  1.4899108870159791e-02,  2.7758322632433702e-01, -1.1386130666767227e-04,  7.7828666361375661e-04, -1.9461439722978839e-03,  0.0000000000000000e+00, -7.5956139788762830e-06, -7.7906443003154663e-05,  1.3834485729831172e-02,  0.0000000000000000e+00
 9.0809190809190810e+00,  6.3320197470460459e+02,  1.8666720444579329e-02,  2.7247435448117226e+01, -2.1368253317885961e-02,  8.8992631991102036e-02,  5.0294888135523985e-01,  5.7537175490224145e+03,  1.9085225773484751e+02, -1.5000105473174692e+04,  1.0000485136980773e+01,  2.4015133117340595e+00,  4.6438197290202448e+00,  4.8622027438597901e-03,  1.7530349851863583e+00,  1.4880357215344866e-02,  2.7758322632433702e-01, -1.1395605139049698e-04,  7.7750625016681052e-04, -1.8155230766327358e-03,  0.0000000000000000e+00, -1.1372279532656683e-05, -7.8332329061602370e-05,  1.2315817582297299e-02,  0.0000000000000000e+00
 9.0909090909090917e+00,  6.3320122752406292e+02,  1.8711148042365656e-02,  2.7247515560264869e+01, -2.1368346549187182e-02,  8.8992180535702431e-02,  5.0294893559192289e-01,  5.7600320227879865e+03,  1.9131820536221716e+02, -1.5000102667267161e+04,  1.0000485661686943e+01,  2.4015163079627855e+00,  4.6489267285084761e+00,  4.8610637542895246e-03,  1.7530427485727698e+00,  1.4862834682814479e-02,  2.7758322632433702e-01, -1.1408805971829747e-04,  7.7672117303225559e-04, -1.7015021503630303e-03,  0.0000000000000000e+00, -1.5055787690972727e-05, -7.8840113290123577e-05,  1.0511171856928117e-02,  0.0000000000000000e+00
 9.1008991008991007e+00,  6.3320048040081599e+02,  1.8755609201530542e-02,  2.7247595492355671e+01, -2.1368436563197230e-02,  8.8991731996648782e-02,  5.0294897943202754e-01,  5.7663464475811970e+03,  1.9178471550556594e+02, -1.5000099860507613e+04,  1.0000486185727640e+01,  2.4015192996326045e+00,  4.6540337277099839e+00,  4.8599232621471368e-03,  1.7530505040909143e+00,  1.4846361168384566e-02,  2.7758322632433702e-01, -1.1425602697741416e-04,  7.7593095943760747e-04, -1.6067178159505308e-03,  0.0000000000000000e+00, -1.8571257584188980e-05, -7.9360648358417125e-05,  8.4646518924545219e-03,  0.0000000000000000e+00
 9.1108891108891115e+00,  6.3319973333488326e+02,  1.8800105241731688e-02,  2.7247675245531997e+01, -2.1368522465085270e-02,  8.8991286343770057e-02,  5.0294901161112515e-01,  5.7726608233523275e+03,  1.9225178816051550e+02, -1.5000097052897310e+04,  1.0000486709135073e+01,  2.4015222867912716e+00,  4.6591407265209925e+00,  4.8587809165876782e-03,  1.7530582516888424e+00,  1.4830732428749533e-02,  2.7758322632433702e-01, -1.1445566822656156e-04,  7.7513566180452474e-04, -1.5322062202407856e-03,  0.0000000000000000e+00, -2.1396920495119550e-05, -7.9857937784748231e-05,  6.4525695686366361e-03,  0.0000000000000000e+00
 9.1208791208791204e+00,  6.3319898632627587e+02,  1.8844637583462429e-02,  2.7247754820929440e+01, -2.1368603462196104e-02,  8.8990843553936452e-02,  5.0294903112606948e-01,  5.7789751500517159e+03,  1.9271942332268191e+02, -1.5000094244437450e+04,  1.0000487231949343e+01,  2.4015252694882365e+00,  4.6642477248264651e+00,  4.8576364356091436e-03,  1.7530659913169244e+00,  1.4815747657490644e-02,  2.7758322632433702e-01, -1.1468489808076445e-04,  7.7433617005533205e-04, -1.4798705698104494e-03,  0.0000000000000000e+00, -2.4494896316299383e-05, -8.0200310403632713e-05,  4.0250276475167950e-03,  0.0000000000000000e+00
 9.1308691308691312e+00,  6.3319823937501110e+02,  1.8889207719675928e-02,  2.7247834219677838e+01, -2.1368678883017793e-02,  8.8990403610207686e-02,  5.0294903722488171e-01,  5.7852894276296574e+03,  1.9318762098767706e+02, -1.5000091435129219e+04,  1.0000487754217563e+01,  2.4015282477742632e+00,  4.6693547225027849e+00,  4.8564895100326180e-03,  1.7530737229409914e+00,  1.4801164585196877e-02,  2.7758322632433702e-01, -1.1494635586545217e-04,  7.7353419019769785e-04, -1.4527226658744461e-03,  0.0000000000000000e+00, -2.7848952178185258e-05, -8.0356057094736682e-05,  1.4099827204711284e-03,  0.0000000000000000e+00
 9.1408591408591402e+00,  6.3319749248110156e+02,  1.8933817173961472e-02,  2.7247913442901400e+01, -2.1368748189833055e-02,  8.8989966501953288e-02,  5.0294902950827014e-01,  5.7916036560364782e+03,  1.9365638115110690e+02, -1.5000088624973823e+04,  1.0000488275992687e+01,  2.4015312217009996e+00,  4.6744617194205205e+00,  4.8553398051223214e-03,  1.7530814465454998e+00,  1.4786722229601045e-02,  2.7758322632433702e-01, -1.1523464742356201e-04,  7.7273151023345762e-04, -1.4515175109787461e-03,  0.0000000000000000e+00, -2.9867017755406226e-05, -8.0340471746158311e-05, -1.1687107103519920e-03,  0.0000000000000000e+00
 9.1508491508491510e+00,  6.3319674564456557e+02,  1.8978467465165415e-02,  2.7247992491719526e+01, -2.1368810991719958e-02,  8.8989532223302734e-02,  5.0294900790008046e-01,  5.7979178352224790e+03,  1.9412570380857233e+02, -1.5000085813972499e+04,  1.0000488797332197e+01,  2.4015341913204260e+00,  4.6795687154477950e+00,  4.8541871194747047e-03,  1.7530891621320051e+00,  1.4772163236326174e-02,  2.7758322632433702e-01, -1.1554162148134910e-04,  7.7193000857140660e-04, -1.4754897184621884e-03,  0.0000000000000000e+00, -3.1589188613568711e-05, -8.0120160996468217e-05, -3.6305252278332136e-03,  0.0000000000000000e+00
 9.1608391608391599e+00,  6.3319599886541459e+02,  1.9023160060036171e-02,  2.7248071367246652e+01, -2.1368867053513405e-02,  8.8989100772047414e-02,  5.0294897270404593e-01,  5.8042319651379703e+03,  1.9459558895566690e+02, -1.5000083002126392e+04,  1.0000489318296784e+01,  2.4015371566842649e+00,  4.6846757104539902e+00,  4.8530312812166002e-03,  1.7530968697224942e+00,  1.4757241915545857e-02,  2.7758322632433702e-01, -1.1586196970302817e-04,  7.7113162215426201e-04, -1.5227036735591638e-03,  0.0000000000000000e+00, -3.2544525366580662e-05, -7.9716799715880601e-05, -5.8217085825813617e-03,  0.0000000000000000e+00
 9.1708291708291707e+00,  6.3319525214366615e+02,  1.9067896343690934e-02,  2.7248150070592089e+01, -2.1368916299956239e-02,  8.8988672148013287e-02,  5.0294892453484108e-01,  5.8105460457332974e+03,  1.9506603658797863e+02, -1.5000080189436660e+04,  1.0000489838948884e+01,  2.4015401178434224e+00,  4.6897827043129716e+00,  4.8518721950051137e-03,  1.7531045693572229e+00,  1.4741739586504812e-02,  2.7758322632433702e-01, -1.1618572579059333e-04,  7.7033793630994652e-04, -1.5892202466411555e-03,  0.0000000000000000e+00, -3.2271443366026465e-05, -7.9179106302357225e-05, -7.4949093484605253e-03,  0.0000000000000000e+00
 9.1808191808191815e+00,  6.3319450547933172e+02,  1.9112677608077489e-02,  2.7248228602859957e+01, -2.1368958818937103e-02,  8.8988246350439865e-02,  5.0294886416654694e-01,  5.8168600769587438e+03,  1.9553704670108905e+02, -1.5000077375904477e+04,  1.0000490359351103e+01,  2.4015430748475746e+00,  4.6948896969056282e+00,  4.8507098880939108e-03,  1.7531122610898531e+00,  1.4725489263265312e-02,  2.7758322632433702e-01, -1.1651789467971978e-04,  7.6955131563352988e-04, -1.6782499566906752e-03,  0.0000000000000000e+00, -3.4228768235017964e-05, -7.8302353129939431e-05, -1.0328838603423875e-02,  0.0000000000000000e+00
 9.1908091908091905e+00,  6.3319375887242938e+02,  1.9157505004965353e-02,  2.7248306965148945e+01, -2.1368994851989974e-02,  8.8987823379117814e-02,  5.0294879274193793e-01,  5.8231740587646536e+03,  1.9600861929057172e+02, -1.5000074561531072e+04,  1.0000490879564831e+01,  2.4015460277447715e+00,  4.6999966881219706e+00,  4.8495441651413831e-03,  1.7531199450078849e+00,  1.4708208118838665e-02,  2.7758322632433702e-01, -1.1685850731875012e-04,  7.6877337416964909e-04, -1.7901872419720359e-03,  0.0000000000000000e+00, -3.3961882098854493e-05, -7.7441527939016837e-05, -1.2081005909904808e-02,  0.0000000000000000e+00
 9.2007992007992012e+00,  6.3319301232297016e+02,  1.9202379506892887e-02,  2.7248385158552210e+01, -2.1369024787019568e-02,  8.8987403233263582e-02,  5.0294871172286215e-01,  5.8294879911013313e+03,  1.9648075435199425e+02, -1.5000071746317564e+04,  1.0000491399648805e+01,  2.4015489765807563e+00,  4.7051036778650435e+00,  4.8483750527828469e-03,  1.7531276211972291e+00,  1.4689721286402734e-02,  2.7758322632433702e-01, -1.1719291073324235e-04,  7.6800422509655021e-04, -1.9178187201017696e-03,  0.0000000000000000e+00, -3.2985681482491705e-05, -7.6542116495361250e-05, -1.3470816011668184e-02,  0.0000000000000000e+00
 9.2107892107892102e+00,  6.3319226583097179e+02,  1.9247301891617354e-02,  2.7248463184157178e+01, -2.1369049150443738e-02,  8.8986985910136623e-02,  5.0294862278022079e-01,  5.8358018739191075e+03,  1.9695345188091545e+02, -1.5000068930265090e+04,  1.0000491919657799e+01,  2.4015519213985383e+00,  4.7102106660533343e+00,  4.8472026484434163e-03,  1.7531352897476471e+00,  1.4669890062492976e-02,  2.7758322632433702e-01, -1.1751323526008105e-04,  7.6724392684813570e-04, -2.0568483916542186e-03,  0.0000000000000000e+00, -3.1143288790617467e-05, -7.5669592837225948e-05, -1.4362924233132414e-02,  0.0000000000000000e+00
 9.2207792207792210e+00,  6.3319151939644723e+02,  1.9292272735233280e-02,  2.7248541043044511e+01, -2.1369068595689013e-02,  8.8986571404037346e-02,  5.0294852768684251e-01,  5.8421157071683065e+03,  1.9742671187288735e+02, -1.5000066113374756e+04,  1.0000492439641402e+01,  2.4015548622380760e+00,  4.7153176526223790e+00,  4.8460271359944337e-03,  1.7531429507462171e+00,  1.4648625414441611e-02,  2.7758322632433702e-01, -1.1781913030653247e-04,  7.6649254673786030e-04, -2.2063633693114875e-03,  0.0000000000000000e+00, -3.0096899508957805e-05, -7.4756705239917355e-05, -1.5569974293853192e-02,  0.0000000000000000e+00
 9.2307692307692299e+00,  6.3319077301940888e+02,  1.9337292391143880e-02,  2.7248618736288851e+01, -2.1369083884794162e-02,  8.8986159707352366e-02,  5.0294842838965181e-01,  5.8484294907992526e+03,  1.9790053432345439e+02, -1.5000063295647748e+04,  1.0000492959642830e+01,  2.4015577991360462e+00,  4.7204246375259178e+00,  4.8448486198658632e-03,  1.7531506042840455e+00,  1.4625806878290949e-02,  2.7758322632433702e-01, -1.1810866077456224e-04,  7.6574955459308481e-04, -2.3640197669465464e-03,  0.0000000000000000e+00, -2.7867100190602274e-05, -7.3990322144134639e-05, -1.5992836512685907e-02,  0.0000000000000000e+00
 9.2407592407592407e+00,  6.3319002669987310e+02,  1.9382360976601468e-02,  2.7248696264957964e+01, -2.1369095869959932e-02,  8.8985750810630621e-02,  5.0294832695301339e-01,  5.8547432247622646e+03,  1.9837491922815221e+02, -1.5000060477085133e+04,  1.0000493479698017e+01,  2.4015607321255521e+00,  4.7255316207375051e+00,  4.8436673225923446e-03,  1.7531582504376175e+00,  1.4601392252264858e-02,  2.7758322632433702e-01, -1.1837443044637246e-04,  7.6501364107424896e-04, -2.5238759420987866e-03,  0.0000000000000000e+00, -2.5339988107909123e-05, -7.3339564313188216e-05, -1.6010369752835030e-02,  0.0000000000000000e+00
 9.2507492507492515e+00,  6.3318928043785434e+02,  1.9427478382251003e-02,  2.7248773630113099e+01, -2.1369105473844022e-02,  8.8985344702379135e-02,  5.0294822542472795e-01,  5.8610569090076633e+03,  1.9884986658250932e+02, -1.5000057657688141e+04,  1.0000493999834834e+01,  2.4015636612360018e+00,  4.7306386022510676e+00,  4.8424834963804210e-03,  1.7531658892718791e+00,  1.4575379786540719e-02,  2.7758322632433702e-01, -1.1861092912220580e-04,  7.6428362172258123e-04, -2.6827498737094311e-03,  0.0000000000000000e+00, -2.2007046791812115e-05, -7.2810309904282645e-05, -1.5796191355568645e-02,  0.0000000000000000e+00
 9.2607392607392605e+00,  6.3318853423336338e+02,  1.9472644268317275e-02,  2.7248850832808454e+01, -2.1369113669527047e-02,  8.8984941369916554e-02,  5.0294812587300408e-01,  5.8673705434858075e+03,  1.9932537638204545e+02, -1.5000054837457747e+04,  1.0000494520072531e+01,  2.4015665864931250e+00,  4.7357455820806571e+00,  4.8412974738586342e-03,  1.7531735208396499e+00,  1.4547790856186748e-02,  2.7758322632433702e-01, -1.1881444632273899e-04,  7.6355827245987217e-04, -2.8372423567817363e-03,  0.0000000000000000e+00, -1.8737096754933676e-05, -7.2404612490075144e-05, -1.5133203755507219e-02,  0.0000000000000000e+00
 9.2707292707292712e+00,  6.3318778808641605e+02,  1.9517858069426158e-02,  2.7248927874092054e+01, -2.1369121456884757e-02,  8.8984540799845177e-02,  5.0294803032814217e-01,  5.8736841281469933e+03,  1.9980144862227425e+02, -1.5000052016395155e+04,  1.0000495040421203e+01,  2.4015695079189632e+00,  4.7408525602606009e+00,  4.8401095813689777e-03,  1.7531811451814188e+00,  1.4518691627564062e-02,  2.7758322632433702e-01, -1.1898445860029877e-04,  7.6283647352903600e-04, -2.9833993882297052e-03,  0.0000000000000000e+00, -1.5299361212533605e-05, -7.2099533463320666e-05, -1.4127433940376480e-02,  0.0000000000000000e+00
 9.2807192807192802e+00,  6.3318704199702586e+02,  1.9563119011610314e-02,  2.7249004755004815e+01, -2.1369129838466370e-02,  8.8984142978403027e-02,  5.0294794070880566e-01,  5.8799976629415751e+03,  2.0027808329869839e+02, -1.5000049194501426e+04,  1.0000495560881774e+01,  2.4015724255319881e+00,  4.7459595368446879e+00,  4.8389201619984884e-03,  1.7531887623276325e+00,  1.4488182476801540e-02,  2.7758322632433702e-01, -1.1911970499172901e-04,  7.6211738032791801e-04, -3.1179236691123110e-03,  0.0000000000000000e+00, -1.1776966351801267e-05, -7.1862925400520425e-05, -1.2804327092321485e-02,  0.0000000000000000e+00
 9.2907092907092910e+00,  6.3318629596520907e+02,  1.9608426131366870e-02,  2.7249081476581608e+01, -2.1369139795846658e-02,  8.8983747891810558e-02,  5.0294785877892145e-01,  5.8863111478198698e+03,  2.0075528040681641e+02, -1.5000046371777666e+04,  1.0000496081445959e+01,  2.4015753393473296e+00,  4.7510665119048285e+00,  4.8377295672832289e-03,  1.7531963723019048e+00,  1.4456395450359021e-02,  2.7758322632433702e-01, -1.1921975699375770e-04,  7.6140051331622164e-04, -3.2378084478368965e-03,  0.0000000000000000e+00, -8.2534444543438786e-06, -7.1653850341097395e-05, -1.1196605608340876e-02,  0.0000000000000000e+00
 9.3006993006993000e+00,  6.3318554999097546e+02,  1.9653778298929444e-02,  2.7249158039850634e+01, -2.1369152266583261e-02,  8.8983355526442501e-02,  5.0294778610835966e-01,  5.8926245827322291e+03,  2.0123303994211676e+02, -1.5000043548224958e+04,  1.0000496602096547e+01,  2.4015782493771036e+00,  4.7561734855293656e+00,  4.8365381488717401e-03,  1.7532039751251014e+00,  1.4423490999322282e-02,  2.7758322632433702e-01, -1.1928501344634921e-04,  7.6068582408427064e-04, -3.3404061578321473e-03,  0.0000000000000000e+00, -4.8108973544751494e-06, -7.1426933895485931e-05, -9.3434559327084995e-03,  0.0000000000000000e+00
 9.3106893106893107e+00,  6.3318480407434038e+02,  1.9699174245194989e-02,  2.7249234445833778e+01, -2.1369168122343650e-02,  8.8982965868783431e-02,  5.0294772403830279e-01,  5.8989379676289755e+03,  2.0171136190008065e+02, -1.5000040723844306e+04,  1.0000497122807774e+01,  2.4015811556307569e+00,  4.7612804578209857e+00,  4.8353462503312539e-03,  1.7532115708198686e+00,  1.4389654068584154e-02,  2.7758322632433702e-01, -1.1931693240760049e-04,  7.5997371017812686e-04, -3.4233995282024633e-03,  0.0000000000000000e+00, -1.5792786901558116e-06, -7.1138270100954524e-05, -7.2718168154886102e-03,  0.0000000000000000e+00
 9.3206793206793215e+00,  6.3318405821531724e+02,  1.9744612591661128e-02,  2.7249310695546654e+01, -2.1369188148731070e-02,  8.8982578905167101e-02,  5.0294767365207971e-01,  5.9052513024604441e+03,  2.0219024627618506e+02, -1.5000037898636938e+04,  1.0000497643546190e+01,  2.4015840581154997e+00,  4.7663874288942907e+00,  4.8341541941782813e-03,  1.7532191594150150e+00,  1.4355091408349200e-02,  2.7758322632433702e-01, -1.1931822086224319e-04,  7.5926498396037038e-04, -3.4847482119603375e-03,  0.0000000000000000e+00,  1.3213300728111238e-06, -7.0748718707406828e-05, -5.0101896727757162e-03,  0.0000000000000000e+00
 9.3306693306693305e+00,  6.3318331241392139e+02,  1.9790091890767792e-02,  2.7249386789998262e+01, -2.1369213027082151e-02,  8.8982194621085295e-02,  5.0294763570248613e-01,  5.9115645871769857e+03,  2.0266969306589615e+02, -1.5000035072603774e+04,  1.0000498164271242e+01,  2.4015869568368120e+00,  4.7714943988729779e+00,  4.8329622698944459e-03,  1.7532267409494182e+00,  1.4320028729683848e-02,  2.7758322632433702e-01, -1.1928990129031624e-04,  7.5856083780246654e-04, -3.5237579786514153e-03,  0.0000000000000000e+00,  4.3482482269659576e-06, -7.0221342104940761e-05, -2.7995656187781923e-03,  0.0000000000000000e+00
 9.3406593406593412e+00,  6.3318256667016465e+02,  1.9835610651838326e-02,  2.7249462730190729e+01, -2.1369243320262875e-02,  8.8981813000951121e-02,  5.0294761068258709e-01,  5.9178778217289200e+03,  2.0314970226467756e+02, -1.5000032245745935e+04,  1.0000498684936467e+01,  2.4015898517989629e+00,  4.7766013678867267e+00,  4.8317707795670862e-03,  1.7532343154757104e+00,  1.4284686653530991e-02,  2.7758322632433702e-01, -1.1923459178406577e-04,  7.5786268071945432e-04, -3.5399771986620687e-03,  0.0000000000000000e+00,  6.7247149243777552e-06, -6.9549705914113087e-05, -4.4752222735460747e-04,  0.0000000000000000e+00
 9.3506493506493502e+00,  6.3318182098406180e+02,  1.9881167371180945e-02,  2.7249538517119298e+01, -2.1369279459546600e-02,  8.8981434027326139e-02,  5.0294759880535733e-01,  5.9241910060666050e+03,  2.0363027386798370e+02, -1.5000029418064461e+04,  1.0000499205490533e+01,  2.4015927430054402e+00,  4.7817083360687587e+00,  4.8305799603682907e-03,  1.7532418830609211e+00,  1.4249299914525766e-02,  2.7758322632433702e-01, -1.1915762742937219e-04,  7.5717198738387329e-04, -3.5327508308898459e-03,  0.0000000000000000e+00,  8.6835488852743152e-06, -6.8727099869211812e-05,  1.8942410553535695e-03,  0.0000000000000000e+00
 9.3606393606393610e+00,  6.3318107535562456e+02,  1.9926760569425099e-02,  2.7249614151771677e+01, -2.1369321734898503e-02,  8.8981057680047673e-02,  5.0294759997307736e-01,  5.9305041401403723e+03,  2.0411140787126416e+02, -1.5000026589560362e+04,  1.0000499725878534e+01,  2.4015956304594583e+00,  4.7868153035528263e+00,  4.8293900077902756e-03,  1.7532494437871466e+00,  1.4214102221345381e-02,  2.7758322632433702e-01, -1.1906337974534005e-04,  7.5649019630547921e-04, -3.5024537026565892e-03,  0.0000000000000000e+00,  1.0184837457961323e-05, -6.7767474025281406e-05,  4.1712440169445111e-03,  0.0000000000000000e+00
 9.3706293706293700e+00,  6.3318032978486724e+02,  1.9972388825315844e-02,  2.7249689635127577e+01, -2.1369370289045495e-02,  8.8980683935541802e-02,  5.0294761378234920e-01,  5.9368172239005989e+03,  2.0459310426996404e+02, -1.5000023760234784e+04,  1.0000500246043314e+01,  2.4015985141644509e+00,  4.7919222704701649e+00,  4.8282010716620902e-03,  1.7532569977501580e+00,  1.4179320819567593e-02,  2.7758322632433702e-01, -1.1895656647045081e-04,  7.5581853601872410e-04, -3.4499956494223492e-03,  0.0000000000000000e+00,  1.1199180174867223e-05, -6.6698915383100351e-05,  6.3308582405504840e-03,  0.0000000000000000e+00
 9.3806193806193807e+00,  6.3317958427180349e+02,  2.0018050807868767e-02,  2.7249764968158388e+01, -2.1369425115110890e-02,  8.8980312766282654e-02,  5.0294763953612787e-01,  5.9431302572975637e+03,  2.0507536305952235e+02, -1.5000020930088616e+04,  1.0000500765926811e+01,  2.4016013941245582e+00,  4.7970292369465142e+00,  4.8270132532154415e-03,  1.7532645450565976e+00,  1.4145171239338941e-02,  2.7758322632433702e-01, -1.1883903628805960e-04,  7.5515769183830117e-04, -3.3754669800540849e-03,  0.0000000000000000e+00,  1.2330362337734461e-05, -6.5602089524107026e-05,  8.5897813669145572e-03,  0.0000000000000000e+00
 9.3906093906093915e+00,  6.3317883881644639e+02,  2.0063745309032353e-02,  2.7249840151826348e+01, -2.1369486058536443e-02,  8.8979944140275422e-02,  5.0294767624517167e-01,  5.9494432402816565e+03,  2.0555818423537195e+02, -1.5000018099122984e+04,  1.0000501285471412e+01,  2.4016042703451088e+00,  4.8021362030992814e+00,  4.8258266653426482e-03,  1.7532720858159290e+00,  1.4111878921864210e-02,  2.7758322632433702e-01, -1.1871662907056703e-04,  7.5450813550314905e-04, -3.2810247525596747e-03,  0.0000000000000000e+00,  1.2175562606391201e-05, -6.4439088786797776e-05,  1.0317552577525143e-02,  0.0000000000000000e+00
 9.4005994005994005e+00,  6.3317809341880695e+02,  2.0109471276564803e-02,  2.7249915187084422e+01, -2.1369552822525034e-02,  8.8979578020639938e-02,  5.0294772261971121e-01,  5.9557561728032169e+03,  2.0604156779294317e+02, -1.5000015267338820e+04,  1.0000501804621333e+01,  2.4016071428330532e+00,  4.8072431690346278e+00,  4.8246412925946509e-03,  1.7532796201442200e+00,  1.4079616299227859e-02,  2.7758322632433702e-01, -1.1860131325371692e-04,  7.5387019134456098e-04, -3.1717869589848275e-03,  0.0000000000000000e+00,  1.0910663927001979e-05, -6.3277331762518293e-05,  1.1551853696159549e-02,  0.0000000000000000e+00
 9.4105894105894112e+00,  6.3317734807890042e+02,  2.0155227827148889e-02,  2.7249990074875775e+01, -2.1369624971110893e-02,  8.8979214367098672e-02,  5.0294777721559369e-01,  5.9620690548125885e+03,  2.0652551372766072e+02, -1.5000012434737215e+04,  1.0000502323323900e+01,  2.4016100115973908e+00,  4.8123501348449826e+00,  4.8234570087341824e-03,  1.7532871481574144e+00,  1.4048506555051327e-02,  2.7758322632433702e-01, -1.1849747232633459e-04,  7.5324317390337056e-04, -3.0501789416227717e-03,  0.0000000000000000e+00,  9.8782897349398866e-06, -6.2251559963807715e-05,  1.2794071379724319e-02,  0.0000000000000000e+00
 9.4205794205794202e+00,  6.3317660279673771e+02,  2.0201014262500323e-02,  2.7250064816133687e+01, -2.1369701941889242e-02,  8.8978853136026270e-02,  5.0294783842326440e-01,  5.9683818862601211e+03,  2.0701002203494556e+02, -1.5000009601319141e+04,  1.0000502841530860e+01,  2.4016128766493083e+00,  4.8174571006077631e+00,  4.8222737107299889e-03,  1.7532946699578844e+00,  1.4018673663031601e-02,  2.7758322632433702e-01, -1.1840612811358559e-04,  7.5262569460202481e-04, -2.9177199370811562e-03,  0.0000000000000000e+00,  8.4088216574094692e-06, -6.1367796165627021e-05,  1.3724221329507335e-02,  0.0000000000000000e+00
 9.4305694305694310e+00,  6.3317585757233473e+02,  2.0246830085872507e-02,  2.7250139411781586e+01, -2.1369783061751833e-02,  8.8978494281088991e-02,  5.0294790448832505e-01,  5.9746946670961515e+03,  2.0749509271021418e+02, -1.5000006767085561e+04,  1.0000503359199419e+01,  2.4016157380025165e+00,  4.8225640663836566e+00,  4.8210912519287162e-03,  1.7533021856338300e+00,  1.3990210452412343e-02,  2.7758322632433702e-01, -1.1833148750166714e-04,  7.5201613277213518e-04, -2.7776256583557850e-03,  0.0000000000000000e+00,  6.5342288486654143e-06, -6.0666482178270163e-05,  1.4322653271312396e-02,  0.0000000000000000e+00
 9.4405594405594400e+00,  6.3317511240569991e+02,  2.0292675011652786e-02,  2.7250213862732700e+01, -2.1369867564082184e-02,  8.8978137754330194e-02,  5.0294797355379151e-01,  5.9810073972710552e+03,  2.0798072574887939e+02, -1.5000003932037522e+04,  1.0000503876293296e+01,  2.4016185956733800e+00,  4.8276710322155205e+00,  4.8199094452454402e-03,  1.7533096952552425e+00,  1.3963176646880637e-02,  2.7758322632433702e-01, -1.1827739473458560e-04,  7.5141252534353985e-04, -2.6332686115986192e-03,  0.0000000000000000e+00,  4.2951431210596978e-06, -6.0175725026518090e-05,  1.4577627489472495e-02,  0.0000000000000000e+00
 9.4505494505494507e+00,  6.3317436729684835e+02,  2.0338548969934943e-02,  2.7250288169890936e+01, -2.1369954607840490e-02,  8.8977783507430977e-02,  5.0294804370442237e-01,  5.9873200767351618e+03,  2.0846692114635019e+02, -1.5000001096176004e+04,  1.0000504392783576e+01,  2.4016214496810724e+00,  4.8327779981274714e+00,  4.8187280672187345e-03,  1.7533171988710996e+00,  1.3937597692939844e-02,  2.7758322632433702e-01, -1.1824724653742547e-04,  7.5081270931722551e-04, -2.4880979274671355e-03,  0.0000000000000000e+00,  1.7405259504000401e-06, -5.9907443441610533e-05,  1.4485543473650834e-02,  0.0000000000000000e+00
 9.4605394605394597e+00,  6.3317362224579279e+02,  2.0384452105996098e-02,  2.7250362334150697e+01, -2.1370043298072551e-02,  8.8977431493059672e-02,  5.0294811301208620e-01,  5.9936327054388403e+03,  2.0895367889803131e+02, -1.4999998259501917e+04,  1.0000504908649125e+01,  2.4016243000476352e+00,  4.8378849641246013e+00,  4.8175468628970401e-03,  1.7533246965081759e+00,  1.3913464400577598e-02,  2.7758322632433702e-01, -1.1824391220588876e-04,  7.5021447887450897e-04, -2.3455578783083942e-03,  0.0000000000000000e+00, -1.0729927767527237e-06, -5.9858291190248165e-05,  1.4050974367929535e-02,  0.0000000000000000e+00
 9.4705294705294705e+00,  6.3317287725254357e+02,  2.0430384774732014e-02,  2.7250436356397870e+01, -2.1370132707365350e-02,  8.8977081666222799e-02,  5.0294817958108706e-01,  5.9999452833324294e+03,  2.0944099899932402e+02, -1.4999995422016289e+04,  1.0000505423877330e+01,  2.4016271467979791e+00,  4.8429919301930422e+00,  4.8163655514903451e-03,  1.7533321881713768e+00,  1.3890733399666949e-02,  2.7758322632433702e-01, -1.1826966201380604e-04,  7.4961574594239783e-04, -2.2090070221978974e-03,  0.0000000000000000e+00, -4.0821187703911034e-06, -6.0008041805050428e-05,  1.3286507025350549e-02,  0.0000000000000000e+00
 9.4805194805194812e+00,  6.3317213231711548e+02,  2.0476347530215207e-02,  2.7250510237510383e+01, -2.1370221897764944e-02,  8.8976733985517184e-02,  5.0294824159240747e-01,  6.0062578103662818e+03,  2.0992888144562602e+02, -1.4999992583720083e+04,  1.0000505938464036e+01,  2.4016299899598041e+00,  4.8480988963005744e+00,  4.8151838326869738e-03,  1.7533396738457572e+00,  1.3869328396138076e-02,  2.7758322632433702e-01, -1.1832610720766186e-04,  7.4901469284665884e-04, -2.0816398927008877e-03,  0.0000000000000000e+00, -7.2182090374377689e-06, -6.0322787975223573e-05,  1.2212392299988068e-02,  0.0000000000000000e+00
 9.4905094905094902e+00,  6.3317138743952057e+02,  2.0522341110659044e-02,  2.7250583978358755e+01, -2.1370309942673405e-02,  8.8976388414201274e-02,  5.0294829734580881e-01,  6.0125702864907662e+03,  2.1041732623233025e+02, -1.4999989744614226e+04,  1.0000506452413811e+01,  2.4016328295635052e+00,  4.8532058623975018e+00,  4.8140013935041781e-03,  1.7533471534999052e+00,  1.3849142193019580e-02,  2.7758322632433702e-01, -1.1841415451935934e-04,  7.4840989959214829e-04, -1.9664130827569248e-03,  0.0000000000000000e+00, -1.0408862764398712e-05, -6.0756821577795683e-05,  1.0856015050793562e-02,  0.0000000000000000e+00
 9.5004995004995010e+00,  6.3317064261977032e+02,  2.0568366419172427e-02,  2.7250657579807239e+01, -2.1370395948248161e-02,  8.8976044921008968e-02,  5.0294834529885923e-01,  6.0188827116562325e+03,  2.1090633335482659e+02, -1.4999986904699686e+04,  1.0000506965739655e+01,  2.4016356656419289e+00,  4.8583128284180779e+00,  4.8128179155137599e-03,  1.7533546270905043e+00,  1.3830039423455620e-02,  2.7758322632433702e-01, -1.1853397759247156e-04,  7.4780043776002426e-04, -1.8659774534876251e-03,  0.0000000000000000e+00, -1.3579716472667089e-05, -6.1257437213423668e-05,  9.2511979289204814e-03,  0.0000000000000000e+00
 9.5104895104895100e+00,  6.3316989785787746e+02,  2.0614424500787064e-02,  2.7250731042714293e+01, -2.1370479073841608e-02,  8.8975703480657170e-02,  5.0294838410197718e-01,  6.0251950858130413e+03,  2.1139590280850015e+02, -1.4999984063977410e+04,  1.0000507478462698e+01,  2.4016384982301768e+00,  4.8634197942822768e+00,  4.8116330822635693e-03,  1.7533620945675927e+00,  1.3811859926216630e-02,  2.7758322632433702e-01, -1.1868500698713553e-04,  7.4718592127311675e-04, -1.7826180377729264e-03,  0.0000000000000000e+00, -1.6656368339061174e-05, -6.1768763465476544e-05,  7.4373570971623653e-03,  0.0000000000000000e+00
 9.5204795204795207e+00,  6.3316915315385688e+02,  2.0660516516323304e-02,  2.7250804367933359e+01, -2.1370558551040711e-02,  8.8975364074016697e-02,  5.0294841262868628e-01,  6.0315074089115369e+03,  2.1188603458873092e+02, -1.4999981222448316e+04,  1.0000507990611585e+01,  2.4016413273652661e+00,  4.8685267598977875e+00,  4.8104465867028282e-03,  1.7533695558801401e+00,  1.3794422679444173e-02,  2.7758322632433702e-01, -1.1886593966095089e-04,  7.4656651344184627e-04, -1.7182030090906982e-03,  0.0000000000000000e+00, -1.9566352958775660e-05, -6.2236684354871957e-05,  5.4585316450199090e-03,  0.0000000000000000e+00
 9.5304695304695297e+00,  6.3316840850771860e+02,  2.0706643713729374e-02,  2.7250877556313839e+01, -2.1370633700896591e-02,  8.8975026687945311e-02,  5.0294843000043943e-01,  6.0378196809020974e+03,  2.1237672869089522e+02, -1.4999978380113356e+04,  1.0000508502221850e+01,  2.4016441530857904e+00,  4.8736337251624038e+00,  4.8092581384141997e-03,  1.7533770109814477e+00,  1.3777530195765268e-02,  2.7758322632433702e-01, -1.1907476798207078e-04,  7.4594288873436093e-04, -1.6741428545304280e-03,  0.0000000000000000e+00, -2.2241076929424622e-05, -6.2612982083695497e-05,  3.3623112979462772e-03,  0.0000000000000000e+00
 9.5404595404595405e+00,  6.3316766391947647e+02,  2.0752807397584588e-02,  2.7250950608700983e+01, -2.1370703948971261e-02,  8.8974691314809312e-02,  5.0294843560543390e-01,  6.0441319017350679e+03,  2.1286798511036412e+02, -1.4999975536973461e+04,  1.0000509013335009e+01,  2.4016469754315528e+00,  4.8787406899665431e+00,  4.8080674704594302e-03,  1.7533844598339610e+00,  1.3760973271761248e-02,  2.7758322632433702e-01, -1.1930778091431076e-04,  7.4531608578042095e-04, -1.6509084868568894e-03,  0.0000000000000000e+00, -2.4408112107139633e-05, -6.2872969281796702e-05,  1.2892091102665599e-03,  0.0000000000000000e+00
 9.5504495504495512e+00,  6.3316691938914369e+02,  2.0799008897494531e-02,  2.7251023525936944e+01, -2.1370768837877013e-02,  8.8974357951740191e-02,  5.0294842911105031e-01,  6.0504440713608101e+03,  2.1335980384250226e+02, -1.4999972693029527e+04,  1.0000509523997559e+01,  2.4016497944430979e+00,  4.8838476541959439e+00,  4.8068743665677597e-03,  1.7533919024117330e+00,  1.3744545011212680e-02,  2.7758322632433702e-01, -1.1955823599411391e-04,  7.4468730708725261e-04, -1.6473723154833782e-03,  0.0000000000000000e+00, -2.5732994867324895e-05, -6.3008525103768549e-05, -5.8126760126043110e-04,  0.0000000000000000e+00
 9.5604395604395602e+00,  6.3316617491673128e+02,  2.0845249546622202e-02,  2.7251096308860255e+01, -2.1370828039600963e-02,  8.8974026598952052e-02,  5.0294841039956151e-01,  6.0567561897297219e+03,  2.1385218488267151e+02, -1.4999969848282461e+04,  1.0000510034259808e+01,  2.4016526101613422e+00,  4.8889546177342416e+00,  4.8056786945154919e-03,  1.7533993387012354e+00,  1.3728058739983359e-02,  2.7758322632433702e-01, -1.1982923612204722e-04,  7.4405859416271959e-04, -1.6662852413758280e-03,  0.0000000000000000e+00, -2.8521230744921593e-05, -6.2859802387748369e-05, -3.2051001624080690e-03,  0.0000000000000000e+00
 9.5704295704295710e+00,  6.3316543050225357e+02,  2.0891530641542980e-02,  2.7251168958306472e+01, -2.1370881356855304e-02,  8.8973697259925572e-02,  5.0294837968509643e-01,  6.0630682567921140e+03,  2.1434512822622659e+02, -1.4999967002733209e+04,  1.0000510544174716e+01,  2.4016554226271620e+00,  4.8940615804653298e+00,  4.8044801760358507e-03,  1.7534067687173107e+00,  1.3711252598797579e-02,  2.7758322632433702e-01, -1.2012041435207535e-04,  7.4343188753921185e-04, -1.7091392120060661e-03,  0.0000000000000000e+00, -2.9772650906713087e-05, -6.2606863638500562e-05, -5.3742647577656689e-03,  0.0000000000000000e+00
 9.5804195804195800e+00,  6.3316468614572034e+02,  2.0937853402442821e-02,  2.7251241475108266e+01, -2.1370928726746698e-02,  8.8973369940306024e-02,  5.0294833751103385e-01,  6.0693802724983716e+03,  2.1483863386851422e+02, -1.4999964156382634e+04,  1.0000511053796727e+01,  2.4016582318807935e+00,  4.8991685422769873e+00,  4.8032786862367291e-03,  1.7534141924852022e+00,  1.3693910104378842e-02,  2.7758322632433702e-01, -1.2042172941748517e-04,  7.4280844083397281e-04, -1.7728874488379379e-03,  0.0000000000000000e+00, -3.0550625188334246e-05, -6.2207166750362429e-05, -7.3881322559752128e-03,  0.0000000000000000e+00
 9.5904095904095907e+00,  6.3316394184714602e+02,  2.0984218939762524e-02,  2.7251313860094889e+01, -2.1370970223436703e-02,  8.8973044646738664e-02,  5.0294828473981312e-01,  6.0756922367988664e+03,  2.1533270180487827e+02, -1.4999961309231670e+04,  1.0000511563180499e+01,  2.4016610379613317e+00,  4.9042755030638441e+00,  4.8020741474760608e-03,  1.7534216100447999e+00,  1.3675830272147471e-02,  2.7758322632433702e-01, -1.2072745674191356e-04,  7.4218941164505309e-04, -1.8540496851857196e-03,  0.0000000000000000e+00, -3.0655985162229976e-05, -6.1722476871354568e-05, -8.8605474608508695e-03,  0.0000000000000000e+00
 9.6003996003995997e+00,  6.3316319760654346e+02,  2.1030628235298589e-02,  2.7251386114092462e+01, -2.1371006056038852e-02,  8.8972721385351561e-02,  5.0294822244500559e-01,  6.0820041496439771e+03,  2.1582733203065408e+02, -1.4999958461281138e+04,  1.0000512072379664e+01,  2.4016638409062270e+00,  4.9093824627301670e+00,  4.8008665492388887e-03,  1.7534290214444759e+00,  1.3656866154624882e-02,  2.7758322632433702e-01, -1.2103264140361947e-04,  7.4157588005500962e-04, -1.9508894994607483e-03,  0.0000000000000000e+00, -3.0441984111293001e-05, -6.1106547455359902e-05, -1.0526783357010135e-02,  0.0000000000000000e+00
 9.6103896103896105e+00,  6.3316245342392335e+02,  2.1077082129202816e-02,  2.7251458237923057e+01, -2.1371036563392575e-02,  8.8972400160692730e-02,  5.0294815184523955e-01,  6.0883160109840364e+03,  2.1632252454116991e+02, -1.4999955612532012e+04,  1.0000512581445568e+01,  2.4016666407509755e+00,  4.9144894211916181e+00,  4.7996559128825819e-03,  1.7534364267457001e+00,  1.3636851460969435e-02,  2.7758322632433702e-01, -1.2133259249555885e-04,  7.4096860184817812e-04, -2.0617497888096286e-03,  0.0000000000000000e+00, -2.9608224497126003e-05, -6.0470549539115109e-05, -1.1667446570670594e-02,  0.0000000000000000e+00
 9.6203796203796212e+00,  6.3316170929929763e+02,  2.1123581292594670e-02,  2.7251530232405045e+01, -2.1371062205847047e-02,  8.8972080975924281e-02,  5.0294807437917977e-01,  6.0946278207694368e+03,  2.1681827933174839e+02, -1.4999952762985087e+04,  1.0000513090426070e+01,  2.4016694375288155e+00,  4.9195963783769168e+00,  4.7984423216165997e-03,  1.7534438260119454e+00,  1.3615672352650661e-02,  2.7758322632433702e-01, -1.2162230972488813e-04,  7.4036780858215167e-04, -2.1833403563232641e-03,  0.0000000000000000e+00, -2.8393164812431708e-05, -5.9808262332556042e-05, -1.2674985045520714e-02,  0.0000000000000000e+00
 9.6303696303696302e+00,  6.3316096523268300e+02,  2.1170126218896745e-02,  2.7251602098352432e+01, -2.1371083553629374e-02,  8.8971763832024889e-02,  5.0294799160350445e-01,  6.1009395789505570e+03,  2.1731459639770415e+02, -1.4999949912641316e+04,  1.0000513599364508e+01,  2.4016722312703997e+00,  4.9247033342295268e+00,  4.7972258967042625e-03,  1.7534512193093081e+00,  1.3593228277026912e-02,  2.7758322632433702e-01, -1.2189779823920933e-04,  7.3977350818053877e-04, -2.3134914712491690e-03,  0.0000000000000000e+00, -2.6759635754673325e-05, -5.9170678070349636e-05, -1.3381268162645805e-02,  0.0000000000000000e+00
 9.6403596403596410e+00,  6.3316022122408333e+02,  2.1216717210329916e-02,  2.7251673836574668e+01, -2.1371101272829943e-02,  8.8971448727940522e-02,  5.0294790519106891e-01,  6.1072512854777469e+03,  2.1781147573434387e+02, -1.4999947061501520e+04,  1.0000514108298596e+01,  2.4016750220035727e+00,  4.9298102887088655e+00,  4.7960068011722598e-03,  1.7534586067014195e+00,  1.3569448746831497e-02,  2.7758322632433702e-01, -1.2215509720386126e-04,  7.3918531345490174e-04, -2.4491230703478956e-03,  0.0000000000000000e+00, -2.4751616968646505e-05, -5.8585906002176753e-05, -1.3772177976919485e-02,  0.0000000000000000e+00
 9.6503496503496500e+00,  6.3315947727351704e+02,  2.1263354371240703e-02,  2.7251745447876967e+01, -2.1371116109028053e-02,  8.8971135660675257e-02,  5.0294781689036294e-01,  6.1135629403013936e+03,  2.1830891733696916e+02, -1.4999944209566571e+04,  1.0000514617259794e+01,  2.4016778097531826e+00,  4.9349172417912071e+00,  4.7947852354214681e-03,  1.7534659882466399e+00,  1.3544294749147834e-02,  2.7758322632433702e-01, -1.2239072300373538e-04,  7.3860260405902186e-04, -2.5870514465413889e-03,  0.0000000000000000e+00, -2.2420668166151289e-05, -5.8072515052981739e-05, -1.3841082937018202e-02,  0.0000000000000000e+00
 9.6603396603396607e+00,  6.3315873338099243e+02,  2.1310037606158821e-02,  2.7251816933059221e+01, -2.1371128869113520e-02,  8.8970824625524247e-02,  5.0294772848356528e-01,  6.1198745433718595e+03,  2.1880692120087261e+02, -1.4999941356837286e+04,  1.0000515126272365e+01,  2.4016805945409754e+00,  4.9400241934702542e+00,  4.7935614320812761e-03,  1.7534733639962059e+00,  1.3517759407240261e-02,  2.7758322632433702e-01, -1.2260173869675238e-04,  7.3802462986518355e-04, -2.7240645309216122e-03,  0.0000000000000000e+00, -1.9824673575850284e-05, -5.7637918553451689e-05, -1.3588936555902910e-02,  0.0000000000000000e+00
 9.6703296703296697e+00,  6.3315798954652348e+02,  2.1356766622587835e-02,  2.7251888292916927e+01, -2.1371140401771141e-02,  8.8970515616399584e-02,  5.0294764174418072e-01,  6.1261860946395445e+03,  2.1930548732134005e+02, -1.4999938503314566e+04,  1.0000515635353054e+01,  2.4016833763855514e+00,  4.9451311437572372e+00,  4.7923356502327218e-03,  1.7534807339934904e+00,  1.3489867885393157e-02,  2.7758322632433702e-01, -1.2278581054525739e-04,  7.3745062397565257e-04, -2.8569972659943225e-03,  0.0000000000000000e+00, -1.7026510494851885e-05, -5.7278060530644661e-05, -1.3024197005653958e-02,  0.0000000000000000e+00
 9.6803196803196805e+00,  6.3315724577012031e+02,  2.1403540938423320e-02,  2.7251959528240576e+01, -2.1371151577119735e-02,  8.8970208626185043e-02,  5.0294755839523386e-01,  6.1324975940547893e+03,  2.1980461569364857e+02, -1.4999935648999257e+04,  1.0000516144510676e+01,  2.4016861553023987e+00,  4.9502380926806016e+00,  4.7911081691333190e-03,  1.7534880982744072e+00,  1.3460676544782833e-02,  2.7758322632433702e-01, -1.2294150309375096e-04,  7.3687990801038798e-04, -2.9827147048750173e-03,  0.0000000000000000e+00, -1.4143137713564815e-05, -5.6979275715328895e-05, -1.2144434258261455e-02,  0.0000000000000000e+00
 9.6903096903096895e+00,  6.3315650205179566e+02,  2.1450359893783712e-02,  2.7252030639815914e+01, -2.1371163266010320e-02,  8.8969903647056897e-02,  5.0294748006903633e-01,  6.1388090415680117e+03,  2.2030430631307070e+02, -1.4999932793892183e+04,  1.0000516653746054e+01,  2.4016889313040375e+00,  4.9553450402853532e+00,  4.7898792765445350e-03,  1.7534954568687753e+00,  1.3430273185995056e-02,  2.7758322632433702e-01, -1.2306853576757467e-04,  7.3631198710380789e-04, -3.0980771346070081e-03,  0.0000000000000000e+00, -1.1288803585940336e-05, -5.6718489782007426e-05, -1.0951124174083313e-02,  0.0000000000000000e+00
 9.7002997002997002e+00,  6.3315575839156031e+02,  2.1497222675094782e-02,  2.7252101628423787e+01, -2.1371176319262369e-02,  8.8969600670493643e-02,  5.0294740821939954e-01,  6.1451204371295516e+03,  2.2080455917486981e+02, -1.4999929937994199e+04,  1.0000517163051885e+01,  2.4016917044002049e+00,  4.9604519866317709e+00,  4.7886492573297711e-03,  1.7535028098026211e+00,  1.3398776901733743e-02,  2.7758322632433702e-01, -1.2316494846038582e-04,  7.3574666543892858e-04, -3.2010585430728745e-03,  0.0000000000000000e+00, -8.0130175170425372e-06, -5.6458907513712453e-05, -9.6657538008386532e-03,  0.0000000000000000e+00
 9.7102897102897110e+00,  6.3315501478942519e+02,  2.1544128326819966e-02,  2.7252172494840334e+01, -2.1371191548992381e-02,  8.8969299687781084e-02,  5.0294734417502496e-01,  6.1514317806898071e+03,  2.2130537427430289e+02, -1.4999927081306090e+04,  1.0000517672413224e+01,  2.4016944745981545e+00,  4.9655589317936792e+00,  4.7874184384134582e-03,  1.7535101571018510e+00,  1.3366315972347241e-02,  2.7758322632433702e-01, -1.2323041441862355e-04,  7.3518403365628615e-04, -3.2896512109393998e-03,  0.0000000000000000e+00, -5.0932673199580143e-06, -5.6179975384397428e-05, -8.0704983059812566e-03,  0.0000000000000000e+00
 9.7202797202797200e+00,  6.3315427124540406e+02,  2.1591075769816930e-02,  2.7252243239836869e+01, -2.1371209709184762e-02,  8.8969000689925054e-02,  5.0294728909815190e-01,  6.1577430721991750e+03,  2.2180675160662040e+02, -1.4999924223828737e+04,  1.0000518181807729e+01,  2.4016972419028999e+00,  4.9706658758572955e+00,  4.7861871111875409e-03,  1.7535174987943025e+00,  1.3333049604811877e-02,  2.7758322632433702e-01, -1.2326741755463210e-04,  7.3462446481914207e-04, -3.3614471387296823e-03,  0.0000000000000000e+00, -2.3147605089539960e-06, -5.5845705811840199e-05, -6.3030464376334361e-03,  0.0000000000000000e+00
 9.7302697302697307e+00,  6.3315352775950589e+02,  2.1638063829667001e-02,  2.7252313864179836e+01, -2.1371231477996255e-02,  8.8968703667329507e-02,  5.0294724393050161e-01,  6.1640543116080089e+03,  2.2230869116706594e+02, -1.4999921365562934e+04,  1.0000518691206276e+01,  2.4017000063175171e+00,  4.9757728189191495e+00,  4.7849555529478312e-03,  1.7535248349133359e+00,  1.3299154191353642e-02,  2.7758322632433702e-01, -1.2327767344302051e-04,  7.3406864249752918e-04, -3.4149392444885202e-03,  0.0000000000000000e+00,  2.6153165359349333e-07, -5.5429922975062285e-05, -4.4060731352860956e-03,  0.0000000000000000e+00
 9.7402597402597397e+00,  6.3315278433174581e+02,  2.1685091264316857e-02,  2.7252384368630548e+01, -2.1371257442384880e-02,  8.8968408609463007e-02,  5.0294720937319404e-01,  6.1703654988666940e+03,  2.2281119295087714e+02, -1.4999918506509490e+04,  1.0000519200573809e+01,  2.4017027678435712e+00,  4.9808797610838917e+00,  4.7837240208090590e-03,  1.7535321655004463e+00,  1.3264819050476443e-02,  2.7758322632433702e-01, -1.2326348218924372e-04,  7.3351747626214403e-04, -3.4490601992288954e-03,  0.0000000000000000e+00,  2.5795573525209161e-06, -5.4913557349057952e-05, -2.4249420037370734e-03,  0.0000000000000000e+00
 9.7502497502497505e+00,  6.3315204096213040e+02,  2.1732156793062889e-02,  2.7252454753945280e+01, -2.1371288085072673e-02,  8.8968115504417147e-02,  5.0294718587245157e-01,  6.1766766339256465e+03,  2.2331425695328508e+02, -1.4999915646669238e+04,  1.0000519709870060e+01,  2.4017055264815155e+00,  4.9859867024617976e+00,  4.7824927461108833e-03,  1.7535394906071673e+00,  1.3230241899660758e-02,  2.7758322632433702e-01, -1.2322767366819017e-04,  7.3297201638958546e-04, -3.4632038778292114e-03,  0.0000000000000000e+00,  4.5893085623991234e-06, -5.4287509137155454e-05, -4.0662245204618850e-04,  0.0000000000000000e+00
 9.7602397602397595e+00,  6.3315129765067422e+02,  2.1779259126190734e-02,  2.7252525020874597e+01, -2.1371323774114572e-02,  8.8967824338405652e-02,  5.0294717361136199e-01,  6.1829877167352224e+03,  2.2381788316951483e+02, -1.4999912786042931e+04,  1.0000520219050692e+01,  2.4017082822311506e+00,  4.9910936431662236e+00,  4.7812619294270772e-03,  1.7535468102959786e+00,  1.3195624167802534e-02,  2.7758322632433702e-01, -1.2317354197132201e-04,  7.3243334804120339e-04, -3.4572358509413854e-03,  0.0000000000000000e+00,  6.2478571506048897e-06, -5.3553894208947652e-05,  1.6014214349889520e-03,  0.0000000000000000e+00
 9.7702297702297702e+00,  6.3315055439738853e+02,  2.1826396994572773e-02,  2.7252595170163357e+01, -2.1371364755280852e-02,  8.8967535095259162e-02,  5.0294717250784937e-01,  6.1892987472458226e+03,  2.2432207159478673e+02, -1.4999909924631414e+04,  1.0000520728068299e+01,  2.4017110350920365e+00,  4.9962005833109897e+00,  4.7800317362812865e-03,  1.7535541246400952e+00,  1.3161166258283308e-02,  2.7758322632433702e-01, -1.2310220568471458e-04,  7.3190232358730689e-04, -3.4304844255652217e-03,  0.0000000000000000e+00,  8.0336674260129613e-06, -5.2757201448104430e-05,  3.7542139252573826e-03,  0.0000000000000000e+00
 9.7802197802197810e+00,  6.3314981120228128e+02,  2.1873569178532708e-02,  2.7252665202550290e+01, -2.1371411147391817e-02,  8.8967247755976545e-02,  5.0294718221885570e-01,  6.1956097254078295e+03,  2.2482682222431507e+02, -1.4999907062435484e+04,  1.0000521236873579e+01,  2.4017137850639347e+00,  5.0013075230078003e+00,  4.7788023448979118e-03,  1.7535614337190273e+00,  1.3127083020438588e-02,  2.7758322632433702e-01, -1.2300894465046858e-04,  7.3137923039664229e-04, -3.3802350073360798e-03,  0.0000000000000000e+00,  1.0637191632225091e-05, -5.1966055335960312e-05,  6.3057196042772719e-03,  0.0000000000000000e+00
 9.7902097902097900e+00,  6.3314906806536828e+02,  2.1920774556459490e-02,  2.7252735118766921e+01, -2.1371462947855899e-02,  8.8966962296783206e-02,  5.0294720200752374e-01,  6.2019206511716193e+03,  2.2533213505330980e+02, -1.4999904199455948e+04,  1.0000521745416416e+01,  2.4017165321473124e+00,  5.0064144623631472e+00,  4.7775740151094490e-03,  1.7535687376117315e+00,  1.3093629095299571e-02,  2.7758322632433702e-01, -1.2291309371619978e-04,  7.3086544801142812e-04, -3.3130734455074917e-03,  0.0000000000000000e+00,  8.5521654083879181e-06, -5.0893178183916219e-05,  7.1400250738062609e-03,  0.0000000000000000e+00
 9.8001998001998007e+00,  6.3314832498665601e+02,  2.1968012116342375e-02,  2.7252804919538164e+01, -2.1371520019416688e-02,  8.8966678691500684e-02,  5.0294723098118899e-01,  6.2082315244875963e+03,  2.2583801007697542e+02, -1.4999901335693550e+04,  1.0000522253647036e+01,  2.4017192763438691e+00,  5.0115214014750853e+00,  4.7763465388296561e-03,  1.7535760364252813e+00,  1.3060887746802075e-02,  2.7758322632433702e-01, -1.2282866573254487e-04,  7.3036171553501916e-04, -3.2344010566991740e-03,  0.0000000000000000e+00,  8.3503169193269983e-06, -4.9954063593168393e-05,  8.6101871656191330e-03,  0.0000000000000000e+00
 9.8101898101898097e+00,  6.3314758196615833e+02,  2.2015280970473006e-02,  2.7252874605581560e+01, -2.1371582094870462e-02,  8.8966396911106138e-02,  5.0294726806465140e-01,  6.2145423453061467e+03,  2.2634444729051228e+02, -1.4999898471149087e+04,  1.0000522761517354e+01,  2.4017220176567040e+00,  5.0166283404322112e+00,  4.7751198959139936e-03,  1.7535833302534005e+00,  1.3029005697563325e-02,  2.7758322632433702e-01, -1.2274988875651146e-04,  7.2986724310953612e-04, -3.1428753010330737e-03,  0.0000000000000000e+00,  7.4208336825591715e-06, -4.9039315988520542e-05,  9.7132691187343106e-03,  0.0000000000000000e+00
 9.8201798201798205e+00,  6.3314683900388377e+02,  2.2062580371113822e-02,  2.7252944177607294e+01, -2.1371648788420620e-02,  8.8966116924136307e-02,  5.0294731205931775e-01,  6.2208531135776720e+03,  2.2685144668911676e+02, -1.4999895605823289e+04,  1.0000523268982075e+01,  2.4017247560906205e+00,  5.0217352793116294e+00,  4.7738939935997558e-03,  1.7535906191873813e+00,  1.2998093035492724e-02,  2.7758322632433702e-01, -1.2268072348411537e-04,  7.2938131849261420e-04, -3.0402585190305162e-03,  0.0000000000000000e+00,  6.4260538511396704e-06, -4.8242792319262998e-05,  1.0830610638178020e-02,  0.0000000000000000e+00
 9.8301698301698295e+00,  6.3314609609984529e+02,  2.2109909732420930e-02,  2.7253013636318062e+01, -2.1371719607209839e-02,  8.8965838696537375e-02,  5.0294736157696629e-01,  6.2271638292525377e+03,  2.2735900826798050e+02, -1.4999892739717017e+04,  1.0000523775999802e+01,  2.4017274916523306e+00,  5.0268422181778307e+00,  4.7726687326076177e-03,  1.7535979033067171e+00,  1.2968261271608670e-02,  2.7758322632433702e-01, -1.2262088754151035e-04,  7.2890275291330475e-04, -2.9285247995620963e-03,  0.0000000000000000e+00,  5.5531018583858557e-06, -4.7566036658474025e-05,  1.1538479999399883e-02,  0.0000000000000000e+00
 9.8401598401598402e+00,  6.3314535325405097e+02,  2.2157268637230328e-02,  2.7253082982408710e+01, -2.1371793967109861e-02,  8.8965562192587735e-02,  5.0294741514147501e-01,  6.2334744922811860e+03,  2.2786713202229078e+02, -1.4999889872830932e+04,  1.0000524282533934e+01,  2.4017302243507168e+00,  5.0319491570809483e+00,  4.7714440258167087e-03,  1.7536051826789480e+00,  1.2939581051485490e-02,  2.7758322632433702e-01, -1.2257290692499530e-04,  7.2843015848301693e-04, -2.8106684070277168e-03,  0.0000000000000000e+00,  4.0526175657481707e-06, -4.7047368272178871e-05,  1.2056369785930944e-02,  0.0000000000000000e+00
 9.8501498501498510e+00,  6.3314461046651422e+02,  2.2204656841057119e-02,  2.7253152216566910e+01, -2.1371871207511137e-02,  8.8965287375729604e-02,  5.0294747121383432e-01,  6.2397851026139542e+03,  2.2837581794723243e+02, -1.4999887005165867e+04,  1.0000524788553493e+01,  2.4017329541968944e+00,  5.0370560960562605e+00,  4.7702197234782470e-03,  1.7536124573558376e+00,  1.2912104060679041e-02,  2.7758322632433702e-01, -1.2254170685930556e-04,  7.2796187472559963e-04, -2.6890158824026552e-03,  0.0000000000000000e+00,  2.1936355875168909e-06, -4.6703039975729531e-05,  1.2298465644054591e-02,  0.0000000000000000e+00
 9.8601398601398600e+00,  6.3314386773724050e+02,  2.2252074279052739e-02,  2.7253221339472987e+01, -2.1371950607453068e-02,  8.8965014209442958e-02,  5.0294752820169109e-01,  6.2460956602012739e+03,  2.2888506603798496e+02, -1.4999884136722561e+04,  1.0000525294033869e+01,  2.4017356812043773e+00,  5.0421630351235560e+00,  4.7689956400652741e-03,  1.7536197273717498e+00,  1.2885854460428494e-02,  2.7758322632433702e-01, -1.2253095705812991e-04,  7.2749612274084234e-04, -2.5662410357712492e-03,  0.0000000000000000e+00, -4.1525392152553303e-08, -4.6540507372682088e-05,  1.2281058651553135e-02,  0.0000000000000000e+00
 9.8701298701298708e+00,  6.3314312506624697e+02,  2.2299521073940804e-02,  2.7253290351800349e+01, -2.1372031402666528e-02,  8.8964742658087556e-02,  5.0294758444917331e-01,  6.2524061649935102e+03,  2.2939487628972421e+02, -1.4999881267501754e+04,  1.0000525798957160e+01,  2.4017384053891035e+00,  5.0472699742865439e+00,  4.7677715525080546e-03,  1.7536269927429053e+00,  1.2860830513510784e-02,  2.7758322632433702e-01, -1.2253772494958773e-04,  7.2703087871317258e-04, -2.4439657395950950e-03,  0.0000000000000000e+00, -1.3134064777003227e-06, -4.6601346966811371e-05,  1.2198455642913272e-02,  0.0000000000000000e+00
 9.8801198801198797e+00,  6.3314238245353829e+02,  2.2346997528811214e-02,  2.7253359254216047e+01, -2.1372112805992313e-02,  8.8964472687968199e-02,  5.0294763832622191e-01,  6.2587166169411003e+03,  2.2990524869762226e+02, -1.4999878397504161e+04,  1.0000526303312581e+01,  2.4017411267695423e+00,  5.0523769135326821e+00,  4.7665473338724751e-03,  1.7536342534632325e+00,  1.2837023976120901e-02,  2.7758322632433702e-01, -1.2256705532286217e-04,  7.2656472557045286e-04, -2.3270964674085293e-03,  0.0000000000000000e+00, -4.5585342518430810e-06, -4.6722512205673557e-05,  1.1198772648837471e-02,  0.0000000000000000e+00
 9.8901098901098905e+00,  6.3314163989912720e+02,  2.2394504119346254e-02,  2.7253428047381025e+01, -2.1372194024065781e-02,  8.8964204268338773e-02,  5.0294768826570857e-01,  6.2650270159944130e+03,  2.3041618325684880e+02, -1.4999875526730557e+04,  1.0000526807096698e+01,  2.4017438453666502e+00,  5.0574838528334558e+00,  4.7653226602938116e-03,  1.7536415095206390e+00,  1.2814335079596529e-02,  2.7758322632433702e-01, -1.2262658717035216e-04,  7.2609649520141999e-04, -2.2200989625450248e-03,  0.0000000000000000e+00, -7.3597416156558651e-06, -4.7017207674709942e-05,  1.0222127824836377e-02,  0.0000000000000000e+00
 9.9000999000998995e+00,  6.3314089740302359e+02,  2.2442041467302450e-02,  2.7253496731951277e+01, -2.1372274272048894e-02,  8.8963937373066501e-02,  5.0294773287250250e-01,  6.2713373621038463e+03,  2.3092767996256674e+02, -1.4999872655181658e+04,  1.0000527310313283e+01,  2.4017465612036473e+00,  5.0625907921457909e+00,  4.7640972522107299e-03,  1.7536487608857141e+00,  1.2792666354491630e-02,  2.7758322632433702e-01, -1.2271354090004981e-04,  7.2562478275860220e-04, -2.1236596212055440e-03,  0.0000000000000000e+00, -1.0048395069815508e-05, -4.7419623377403789e-05,  9.0850283113278318e-03,  0.0000000000000000e+00
 9.9100899100899102e+00,  6.3314015496523803e+02,  2.2489610330018124e-02,  2.7253565308578068e+01, -2.1372352793139641e-02,  8.8963671980480732e-02,  5.0294777087974485e-01,  6.2776476552198101e+03,  2.3143973880993727e+02, -1.4999869782858228e+04,  1.0000527812973361e+01,  2.4017492743058235e+00,  5.0676977314134470e+00,  4.7628708412948096e-03,  1.7536560075182965e+00,  1.2771904317934081e-02,  2.7758322632433702e-01, -1.2282678378927587e-04,  7.2514873063724570e-04, -2.0393117748313729e-03,  0.0000000000000000e+00, -1.2622831353236050e-05, -4.7886011318166722e-05,  7.8014105327814196e-03,  0.0000000000000000e+00
 9.9200799200799192e+00,  6.3313941258578211e+02,  2.2537211581566900e-02,  2.7253633777908675e+01, -2.1372428875895435e-02,  8.8963408073733471e-02,  5.0294780117861893e-01,  6.2839578952927095e+03,  2.3195235979411632e+02, -1.4999866909760956e+04,  1.0000528315094840e+01,  2.4017519847003657e+00,  5.0728046705684120e+00,  4.7616431706165386e-03,  1.7536632493718407e+00,  1.2751920864485010e-02,  2.7758322632433702e-01, -1.2296453243806947e-04,  7.2466791427470989e-04, -1.9683780082871581e-03,  0.0000000000000000e+00, -1.4954448135247228e-05, -4.8373424461508624e-05,  6.3995295293705658e-03,  0.0000000000000000e+00
 9.9300699300699300e+00,  6.3313867026466437e+02,  2.2584846198543302e-02,  2.7253702140586981e+01, -2.1372501870655619e-02,  8.8963145640469532e-02,  5.0294782279466244e-01,  6.2902680822729280e+03,  2.3246554291025512e+02, -1.4999864035890541e+04,  1.0000528816701964e+01,  2.4017546924160835e+00,  5.0779116095324985e+00,  4.7604140074798632e-03,  1.7536704863977026e+00,  1.2732576086000272e-02,  2.7758322632433702e-01, -1.2312220900630088e-04,  7.2418219631014086e-04, -1.9109008983770293e-03,  0.0000000000000000e+00, -1.6612400826866533e-05, -4.8867312032302657e-05,  5.1073878746024388e-03,  0.0000000000000000e+00
 9.9400599400599408e+00,  6.3313792800189640e+02,  2.2632515239582582e-02,  2.7253770397253881e+01, -2.1372571205984868e-02,  8.8962884672731654e-02,  5.0294783493225503e-01,  6.2965782161108846e+03,  2.3297928815350147e+02, -1.4999861161247733e+04,  1.0000529317824833e+01,  2.4017573974832507e+00,  5.0830185482186208e+00,  4.7591831864206083e-03,  1.7536777185465922e+00,  1.2713741026355595e-02,  2.7758322632433702e-01, -1.2330704448544833e-04,  7.2369264739106942e-04, -1.8721500526447737e-03,  0.0000000000000000e+00, -2.0391662096261967e-05, -4.9140381578695081e-05,  2.6505314410283278e-03,  0.0000000000000000e+00
 9.9500499500499497e+00,  6.3313718579748797e+02,  2.2680219813459357e-02,  2.7253838548547524e+01, -2.1372636395584798e-02,  8.8962625167307380e-02,  5.0294783704928570e-01,  6.3028882967569652e+03,  2.3349359551899701e+02, -1.4999858285833247e+04,  1.0000529818498501e+01,  2.4017600999332593e+00,  5.0881254865330598e+00,  4.7579503302673668e-03,  1.7536849457912569e+00,  1.2695170490542834e-02,  2.7758322632433702e-01, -1.2352090241350664e-04,  7.2320034965582547e-04, -1.8547224636516219e-03,  0.0000000000000000e+00, -2.2422695101014497e-05, -4.9417625017146347e-05,  8.3847187540070920e-04,  0.0000000000000000e+00
 9.9600399600399605e+00,  6.3313644365144967e+02,  2.2727961040037412e-02,  2.7253906595104091e+01, -2.1372697048731536e-02,  8.8962367125485414e-02,  5.0294782891094492e-01,  6.3091983241615844e+03,  2.3400846500187953e+02, -1.4999855409647742e+04,  1.0000530318762259e+01,  2.4017627997981355e+00,  5.0932324243783107e+00,  4.7567152363224363e-03,  1.7536921681040278e+00,  1.2676683634474445e-02,  2.7758322632433702e-01, -1.2375335029062487e-04,  7.2270586770621658e-04, -1.8554551589205193e-03,  0.0000000000000000e+00, -2.4113369898053242e-05, -4.9577661294554248e-05, -9.8515746823398800e-04,  0.0000000000000000e+00
 9.9700299700299695e+00,  6.3313570156379126e+02,  2.2775740029173919e-02,  2.7253974537557735e+01, -2.1372752881291167e-02,  8.8962110551564944e-02,  5.0294781051769666e-01,  6.3155082982751474e+03,  2.3452389659728067e+02, -1.4999852532691948e+04,  1.0000530818658801e+01,  2.4017654971101488e+00,  5.0983393616557402e+00,  4.7554777358559657e-03,  1.7536993854689333e+00,  1.2658098459395572e-02,  2.7758322632433702e-01, -1.2400082996999993e-04,  7.2221042730947495e-04, -1.8742492702117893e-03,  0.0000000000000000e+00, -2.5432061912832449e-05, -4.9609506133127019e-05, -2.7774236122782773e-03,  0.0000000000000000e+00
 9.9800199800199803e+00,  6.3313495953452446e+02,  2.2823557854666828e-02,  2.7254042376540738e+01, -2.1372803722346109e-02,  8.8961855452020899e-02,  5.0294778210441460e-01,  6.3218182190480547e+03,  2.3503989030032787e+02, -1.4999849654966585e+04,  1.0000531318233071e+01,  2.4017681919014082e+00,  5.1034462982678868e+00,  4.7542376972620967e-03,  1.7537065978827953e+00,  1.2639236096608076e-02,  2.7758322632433702e-01, -1.2425951677108444e-04,  7.2171530743235523e-04, -1.9105824448223828e-03,  0.0000000000000000e+00, -2.6357035664290194e-05, -4.9513493266238922e-05, -4.4964779447626323e-03,  0.0000000000000000e+00
 9.9900099900099892e+00,  6.3313421756365904e+02,  2.2871415529152807e-02,  2.7254110112683289e+01, -2.1372849517928363e-02,  8.8961601834638429e-02,  5.0294774413395793e-01,  6.3281280864307246e+03,  2.3555644610614053e+02, -1.4999846776472308e+04,  1.0000531817531366e+01,  2.4017708842034824e+00,  5.1085532341207589e+00,  4.7529950282281718e-03,  1.7537138053551957e+00,  1.2619924983974545e-02,  2.7758322632433702e-01, -1.2439117029589217e-04,  7.2146798728623437e-04, -1.9330423746165735e-03,  0.0000000000000000e+00, -2.6357035664294884e-05, -4.9513493266247731e-05, -4.4964779447634329e-03,  0.0000000000000000e+00
