#              time [s],              Vxb [ft/s],              Vyb [ft/s],              Vzb [ft/s],               p [deg/s],               q [deg/s],               r [deg/s],                 xf [ft],                 yf [ft],                 zf [ft],               phi [deg],             theta [deg],               psi [deg],                da [deg],               deB [deg],                dB [deg],          tau [per-unit],           dadot [deg/s],          deBdot [deg/s],           dBdot [deg/s],     taudot [per-unit/s],        daddot [deg/s/s],       deBddot [deg/s/s],        dBddot [deg/s/s],  tauddot [per-unit/s/s]
 0.0000000000000000e+00,  6.3371067205277120e+02,  2.2655162823548236e-02,  2.9850264791017320e+01,  7.9000984555625187e-01,  8.8648634038056590e-02,  5.0275138655398344e-01,  0.0000000000000000e+00,  0.0000000000000000e+00, -1.5000000000000000e+04,  1.0000000000000000e+01,  2.6563057655975619e+00,  0.0000000000000000e+00,  5.2763314442607441e-03,  4.2903512643121464e-02, -2.6190755327598242e-01,  2.7433066213374246e-01,  3.2309474745213307e+00,  6.2837512973718118e-02, -2.6498085246419061e+00,  0.0000000000000000e+00, -1.0600423277488668e+01, -3.2261401092908599e+00,  7.0879845803499741e-01,  0.0000000000000000e+00
 9.9900099900099900e-03,  6.3371067128545849e+02,  2.6860065842941361e-02,  2.9850055820372418e+01,  7.6641614304320016e-01,  8.8674198571086896e-02,  5.0275552051770889e-01,  6.3375879075055419e+00, -5.1277276573968696e-02, -1.4999999999991980e+04,  1.0008018650842100e+01,  2.6563056718683842e+00,  5.1052883137658496e-03,  3.7553528991926384e-02,  4.3531260025476290e-02, -2.8837916690876869e-01,  2.7433066213374246e-01,  3.1779983073011073e+00,  4.6722927013224308e-02, -2.6462680728035695e+00,  0.0000000000000000e+00, -1.0600423277488668e+01, -3.2261401092908599e+00,  7.0879845803499741e-01,  0.0000000000000000e+00
 1.9980019980019980e-02,  6.3371066684185405e+02,  3.0894980650086681e-02,  2.9849446589542296e+01,  7.3382842186118158e-01,  8.8570563752192633e-02,  5.0305475493809415e-01,  1.2675180330456698e+01, -1.0198955866462223e-01, -1.5000000000041886e+04,  1.0015756336718740e+01,  2.6563041642331462e+00,  1.0211909471514886e-02,  6.8772801120606547e-02,  4.3837037658370701e-02, -3.1478004224308670e-01,  2.7433066213374246e-01,  3.1103270395518972e+00, -1.3564617882212205e-02, -2.6370444923819152e+00,  0.0000000000000000e+00, -2.9473645259033514e+00, -8.8434263787755327e+00,  1.1377623423802090e+00,  0.0000000000000000e+00
 2.9970029970029968e-02,  6.3371065609042796e+02,  3.4676156364316736e-02,  2.9848470595255137e+01,  6.9256957055904933e-01,  8.8350454088054420e-02,  5.0365744901373166e-01,  1.9012777151539531e+01, -1.5213685380827502e-01, -1.5000000000277078e+04,  1.0023125148026860e+01,  2.6562989275781317e+00,  1.5322312779169199e-02,  9.9697925386569672e-02,  4.3260238689168354e-02, -3.4106736855476100e-01,  2.7433066213374246e-01,  3.0902508419460193e+00, -1.1464136634958147e-01, -2.6057250328407973e+00,  0.0000000000000000e+00, -1.0718902347933066e+00, -1.1392138664391796e+01,  5.1323934577515065e+00,  0.0000000000000000e+00
 3.9960039960039960e-02,  6.3371063693662859e+02,  3.8126976025757722e-02,  2.9847184684205629e+01,  6.4285981338914444e-01,  8.8078918821556662e-02,  5.0453208899035495e-01,  2.5350378222140847e+01, -2.0171918948309925e-01, -1.5000000000778480e+04,  1.0030039729551252e+01,  2.6562875934033872e+00,  2.0438831782562832e-02,  1.3051607468596158e-01,  4.1546500868169273e-02, -3.6684248046168405e-01,  2.7433066213374246e-01,  2.9484520668756145e+00, -2.2133371127696405e-01, -2.5460777924584694e+00,  0.0000000000000000e+00, -2.7316224534301629e+01, -9.9676687900702028e+00,  6.8089840667904733e+00,  0.0000000000000000e+00
 4.9950049950049952e-02,  6.3371060763131720e+02,  4.1181265822666513e-02,  2.9845664204525320e+01,  5.8515812470572537e-01,  8.7829648032856172e-02,  5.0561946380547740e-01,  3.1687983369457839e+01, -2.5073659932688536e-01, -1.5000000001538247e+04,  1.0036417406107308e+01,  2.6562681617054968e+00,  2.5563561091921042e-02,  1.5860805659287566e-01,  3.8837986715602638e-02, -3.9193805371876639e-01,  2.7433066213374246e-01,  2.4969425884916605e+00, -3.0065247803621747e-01, -2.4664740489167651e+00,  0.0000000000000000e+00, -6.3075973038166104e+01, -5.9119483151323067e+00,  9.1276853902588915e+00,  0.0000000000000000e+00
 5.9940059940059937e-02,  6.3371056690363741e+02,  4.3789410034375309e-02,  2.9843993298680545e+01,  5.2109881448791950e-01,  8.7645652730561852e-02,  5.0684496224929254e-01,  3.8025592401976212e+01, -2.9918909006366834e-01, -1.5000000002468545e+04,  1.0042185563411184e+01,  2.6562390190278249e+00,  3.0698145364185792e-02,  1.8040503749298775e-01,  3.5539458349963131e-02, -4.1612268123924179e-01,  2.7433066213374246e-01,  1.9392845353612878e+00, -3.3850959649023910e-01, -2.3654308166916689e+00,  0.0000000000000000e+00, -4.8567169198534387e+01, -1.6670467993628519e+00,  1.1101169701205217e+01,  0.0000000000000000e+00
 6.9930069930069935e-02,  6.3371051436826167e+02,  4.5914215817071481e-02,  2.9842254785562588e+01,  4.5248436746263121e-01,  8.7523429143013906e-02,  5.0817207208023596e-01,  4.4363205115447670e+01, -3.4707662121621013e-01, -1.5000000003446785e+04,  1.0047290228972800e+01,  2.6561986663244403e+00,  3.5843688755730879e-02,  1.9735500035633796e-01,  3.2074558214299158e-02, -4.3919940869762092e-01,  2.7433066213374246e-01,  1.4849991754707685e+00, -3.4328877141490638e-01, -2.2135168548098969e+00,  0.0000000000000000e+00, -4.2380759851547552e+01,  7.1025597944446694e-01,  1.9312005467525552e+01,  0.0000000000000000e+00
 7.9920079920079920e-02,  6.3371045092539225e+02,  4.7522244739913594e-02,  2.9840523151104403e+01,  3.8077130219272420e-01,  8.7425520617847308e-02,  5.0961016484587973e-01,  5.0700821301263062e+01, -3.9439914292496270e-01, -1.5000000004369982e+04,  1.0051693408557167e+01,  2.6561453818442562e+00,  4.1001042682579106e-02,  2.1007535068920691e-01,  2.8680541838176789e-02, -4.6034879222445452e-01,  2.7433066213374246e-01,  9.1307558310305714e-01, -3.3635251209919570e-01, -2.0691428052695766e+00,  0.0000000000000000e+00, -7.2118343340468456e+01,  6.7838313556085383e-01,  9.5916792504468376e+00,  0.0000000000000000e+00
 8.9910089910089905e-02,  6.3371037885631290e+02,  4.8587278934434715e-02,  2.9838862364615959e+01,  3.0766790251044768e-01,  8.7312119431992810e-02,  5.1116378344338820e-01,  5.7038440758388141e+01, -4.4115661622023578e-01, -1.5000000005174470e+04,  1.0055371919295423e+01,  2.6560771565023611e+00,  4.6170966967695327e-02,  2.1559826875000543e-01,  2.5354228302227319e-02, -4.8054092328842163e-01,  2.7433066213374246e-01,  1.8088022789812822e-01, -3.3577587664359859e-01, -1.5651770002664074e+00,  0.0000000000000000e+00, -7.4467166771558269e+01, -5.6294071735035744e-01,  9.1302274911187325e+01,  0.0000000000000000e+00
 9.9900099900099903e-02,  6.3371030159993040e+02,  4.9104167020797056e-02,  2.9837328079285179e+01,  2.3565419857391576e-01,  8.7175626732658884e-02,  5.1278342368442587e-01,  6.3376063307733737e+01, -4.8734897474608591e-01, -1.5000000005802482e+04,  1.0058324171245500e+01,  2.6559920449823435e+00,  5.1353890431468090e-02,  2.1368934125660208e-01,  2.1971733114028964e-02, -4.9162105996204508e-01,  2.7433066213374246e-01, -4.6915334317794838e-01, -3.4160193692134161e-01, -1.0795984677157568e+00,  0.0000000000000000e+00, -5.5669554157872248e+01, -6.0343655025379073e-01,  5.9105473054528996e+00,  0.0000000000000000e+00
 1.0989010989010989e-01,  6.3371022337051522e+02,  4.9088998133803817e-02,  2.9835972058667050e+01,  1.6654721798212746e-01,  8.7062076526711274e-02,  5.1439356492310839e-01,  6.9713688807306738e+01, -5.3297610287859887e-01, -1.5000000006131653e+04,  1.0060570692185269e+01,  2.6558888114822294e+00,  5.6549739025216247e-02,  2.0622457557961685e-01,  1.8529014777325388e-02, -5.0211132224378141e-01,  2.7433066213374246e-01, -1.0764170668339634e+00, -3.3503051693786007e-01, -1.0150626673903735e+00,  0.0000000000000000e+00, -6.5904643318061886e+01,  1.9190348309468437e+00,  7.0095199196890077e+00,  0.0000000000000000e+00
 1.1988011988011987e-01,  6.3371014908356540e+02,  4.8582071193104877e-02,  2.9834836286238158e+01,  1.0224625381767244e-01,  8.7017973680133281e-02,  5.1588646141713723e-01,  7.6051317167260237e+01, -5.7803782443405660e-01, -1.5000000005917373e+04,  1.0062149728073503e+01,  2.6557674460178164e+00,  6.1757861791425325e-02,  1.9218250675442500e-01,  1.5277816691694101e-02, -5.1190203233747711e-01,  2.7433066213374246e-01, -1.5929311963067632e+00, -2.9899116592962255e-01, -2.7982559385361799e-01,  0.0000000000000000e+00, -3.7501485402392674e+01,  5.2960432409022848e+00,  1.4018494220236951e+02,  0.0000000000000000e+00
 1.2987012987012986e-01,  6.3371008364099987e+02,  4.7642329326226515e-02,  2.9833943697398524e+01,  4.4394120495070077e-02,  8.7052283508029391e-02,  5.1717229245715024e-01,  8.2388948359165255e+01, -6.2253388073816129e-01, -1.5000000004809941e+04,  1.0063118144369554e+01,  2.6556290532421998e+00,  6.6976896499086336e-02,  1.7439777845061061e-01,  1.2555165308202063e-02, -5.0770224319989765e-01,  2.7433066213374246e-01, -1.8648428570065823e+00, -2.3397255854812413e-01,  4.2148484712138140e-01,  0.0000000000000000e+00, -1.6935229069711628e+01,  7.7206819568736087e+00,  2.1740808082555754e-01,  0.0000000000000000e+00
 1.3986013986013987e-01,  6.3371003097972402e+02,  4.6331918843543707e-02,  2.9833295697469566e+01, -6.3741477866951857e-03,  8.7146024858556173e-02,  5.1822715454347323e-01,  8.8726582412836237e+01, -6.6646398099123971e-01, -1.5000000002403811e+04,  1.0063544005614803e+01,  2.6554754774240918e+00,  7.2205110923312193e-02,  1.5492290921183591e-01,  1.0603040297126182e-02, -5.0348075667071623e-01,  2.7433066213374246e-01, -2.0389831736690462e+00, -1.5226609350054862e-01,  4.3733864045457682e-01,  0.0000000000000000e+00, -1.7927662326113616e+01,  8.6369523456509913e+00,  2.9565213444801648e+00,  0.0000000000000000e+00
 1.4985014985014986e-01,  6.3370999362094699e+02,  4.4710321031130387e-02,  2.9832875395876041e+01, -4.9661309938231576e-02,  8.7277858509284267e-02,  5.1907089972640064e-01,  9.5064219404968696e+01, -7.0982785146582605e-01, -1.4999999998273201e+04,  1.0063499966764443e+01,  2.6553090146317104e+00,  7.7440816954851971e-02,  1.3365885390177848e-01,  9.5128857177815083e-03, -4.9896420842558042e-01,  2.7433066213374246e-01, -2.1991654225488784e+00, -6.6050244005538244e-02,  9.1300094428842715e-01,  0.0000000000000000e+00, -1.4140823899628035e+01,  8.6234607232501137e+00,  9.2271071883056024e+01,  0.0000000000000000e+00
 1.5984015984015984e-01,  6.3370997220231834e+02,  4.2832752856696327e-02,  2.9832653902165060e+01, -8.5120293104424621e-02,  8.7435497514409793e-02,  5.1974259570258841e-01,  1.0140185944316507e+02, -7.5262525878092079e-01, -1.4999999991992174e+04,  1.0063062508836675e+01,  2.6551322586089681e+00,  8.2682585905788517e-02,  1.1098354012994026e-01,  9.2833551022103340e-03, -4.8523897956205636e-01,  2.7433066213374246e-01, -2.2393434603948275e+00,  1.7821136520682290e-02,  1.4588661733082606e+00,  0.0000000000000000e+00,  6.0971807228691874e+00,  8.1675896580992440e+00,  1.7011146966714133e+01,  0.0000000000000000e+00
 1.6983016983016982e-01,  6.3370996564912753e+02,  4.0750489232717464e-02,  2.9832596815550499e+01, -1.1282660845940763e-01,  8.7612817891319097e-02,  5.2027997943308613e-01,  1.0773950264650590e+02, -7.9485601794932226e-01, -1.4999999983165764e+04,  1.0062309974184414e+01,  2.6549478739921097e+00,  8.7929289694606685e-02,  8.8916726820962771e-02,  9.8689523815314040e-03, -4.6981603313470610e-01,  2.7433066213374246e-01, -2.1472140932240062e+00,  9.7981978948816190e-02,  1.6290053867861114e+00,  0.0000000000000000e+00,  1.2347118584729170e+01,  7.8806109960131705e+00,  1.7050723571551600e+01,  0.0000000000000000e+00
 1.7982017982017981e-01,  6.3370997229693842e+02,  3.8512674769197952e-02,  2.9832671736965736e+01, -1.3331300285586242e-01,  8.7821992111099839e-02,  5.2069858534317937e-01,  1.1407714913219752e+02, -8.3651998449433274e-01, -1.4999999971443074e+04,  1.0061317237426509e+01,  2.6547584887128934e+00,  9.3180028588969163e-02,  6.8082159645944149e-02,  1.1241036999289578e-02, -4.5269141938650970e-01,  2.7433066213374246e-01, -1.9963415197133003e+00,  1.7745980263717845e-01,  1.3407331959749551e+00,  0.0000000000000000e+00,  1.7857570632113593e+01,  8.0308493063969877e+00, -7.4762816171944507e+01,  0.0000000000000000e+00
 1.8981018981018982e-01,  6.3370999086826282e+02,  3.6168206664520711e-02,  2.9832846492363672e+01, -1.4721432936415774e-01,  8.8053164719686647e-02,  5.2098901199646819e-01,  1.2041479901463816e+02, -8.7761702966989152e-01, -1.4999999956514936e+04,  1.0060153348461931e+01,  2.6545666902936129e+00,  9.8433941071396386e-02,  4.9029783370147545e-02,  1.3414602783872635e-02, -4.4302815709125043e-01,  2.7433066213374246e-01, -1.7980836717441715e+00,  2.5077491893990528e-01,  3.6464487001093293e-01,  0.0000000000000000e+00,  2.1833650531305956e+01,  6.6468369774089178e+00, -1.2065006668605257e+02,  0.0000000000000000e+00
 1.9980019980019981e-01,  6.3371002070318946e+02,  3.3765856316394019e-02,  2.9833085142210734e+01, -1.5529612030510234e-01,  8.8265441268508382e-02,  5.2113360545677756e-01,  1.2675245240667954e+02, -9.1814701043849400e-01, -1.4999999938158422e+04,  1.0058880309087998e+01,  2.6543746089570743e+00,  1.0368999940296436e-01,  3.2156411958747882e-02,  1.6251524890196781e-02, -4.4540580759807946e-01,  2.7433066213374246e-01, -1.5462990063521322e+00,  3.0175718875310942e-01, -1.9524146445101503e-01,  0.0000000000000000e+00,  2.8573639480180780e+01,  3.5598134391944689e+00,  8.5608225267707585e+00,  0.0000000000000000e+00
 2.0979020979020979e-01,  6.3371006095622113e+02,  3.1348511942520661e-02,  2.9833352172961398e+01, -1.5846445296636161e-01,  8.8421319932208822e-02,  5.2113273928004178e-01,  1.3309010941832014e+02, -9.5810976907584244e-01, -1.4999999916247081e+04,  1.0057551821544383e+01,  2.6541837785563933e+00,  1.0894702741748610e-01,  1.8134698328146917e-02,  1.9443717444274419e-02, -4.4692908545191007e-01,  2.7433066213374246e-01, -1.2433812687082009e+00,  3.1713713102685104e-01, -2.3170001272545501e-01,  0.0000000000000000e+00,  3.2070491596134282e+01, -4.8074899599140514e-01, -1.5859823891313644e+01,  0.0000000000000000e+00
 2.1978021978021978e-01,  6.3371011002748742e+02,  2.8948766014462741e-02,  2.9833614352743837e+01, -1.5776815233688016e-01,  8.8487576175818733e-02,  5.2101288957671121e-01,  1.3942777014784693e+02, -9.9750516584502291e-01, -1.4999999890739216e+04,  1.0056211742667477e+01,  2.6539951701811582e+00,  1.1420391748015454e-01,  7.3136293671754492e-03,  2.2587931104519475e-02, -4.5003517848170493e-01,  2.7433066213374246e-01, -9.3372241958804325e-01,  2.8832478442582166e-01, -5.4064188724542517e-01,  0.0000000000000000e+00,  2.9923209997721305e+01, -5.2874827935346724e+00, -4.5990339387584406e+01,  0.0000000000000000e+00
 2.2977022977022976e-01,  6.3371016613998700e+02,  2.6588646132393191e-02,  2.9833842409189145e+01, -1.5425423007478178e-01,  8.8447795874426222e-02,  5.2081417722525014e-01,  1.4576543467297483e+02, -1.0363330974571143e+00, -1.4999999861672022e+04,  1.0054893357537679e+01,  2.6538091574276779e+00,  1.1945978274852589e-01, -5.2109427101477686e-04,  2.5204452397837286e-02, -4.5773112116110937e-01,  2.7433066213374246e-01, -7.1738414529858252e-01,  2.1827738561826535e-01, -1.0881683870104759e+00,  0.0000000000000000e+00,  1.3387712515028769e+01, -8.7360064477381094e+00, -6.3624465865378831e+01,  0.0000000000000000e+00
 2.3976023976023975e-01,  6.3371022779261000e+02,  2.4281819595635152e-02,  2.9834019171393440e+01, -1.4869257652387519e-01,  8.8334604905794867e-02,  5.2057232330242120e-01,  1.5210310305244235e+02, -1.0745935059978833e+00, -1.4999999829105263e+04,  1.0053620503045511e+01,  2.6536259217012632e+00,  1.2471405954362574e-01, -7.0197201892397776e-03,  2.6949117630358940e-02, -4.7177680459580035e-01,  2.7433066213374246e-01, -6.4471508793568477e-01,  1.2844949784945359e-01, -1.4556179176816466e+00,  0.0000000000000000e+00,  1.1606327690231872e+00, -9.2475366835779536e+00, -9.9389301749899523e+00,  0.0000000000000000e+00
 2.4975024975024976e-01,  6.3371029346743683e+02,  2.2040012431274347e-02,  2.9834140419950330e+01, -1.4129386279842593e-01,  8.8205465436723376e-02,  5.2030069588857919e-01,  1.5844077532966858e+02, -1.1122863633708371e+00, -1.4999999793066831e+04,  1.0052412244277534e+01,  2.6534458640682486e+00,  1.2996642796626623e-01, -1.3402514609390107e-02,  2.7770875931292904e-02, -4.8681439623966377e-01,  2.7433066213374246e-01, -5.5668569836234050e-01,  4.6960947446426350e-02, -1.2680237296862928e+00,  0.0000000000000000e+00,  1.6462851023560521e+01, -7.0664711071081152e+00,  4.7495286611660248e+01,  0.0000000000000000e+00
 2.5974025974025972e-01,  6.3371036163282713e+02,  1.9874050223917770e-02,  2.9834210753327998e+01, -1.3235174076820114e-01,  8.8107121192906535e-02,  5.2000433062382434e-01,  1.6477845153439370e+02, -1.1494116534865193e+00, -1.4999999753538796e+04,  1.0051285891377951e+01,  2.6532697040872630e+00,  1.3521667830618550e-01, -1.8142311565110709e-02,  2.7887398298619206e-02, -4.9711194405007192e-01,  2.7433066213374246e-01, -3.9761660416121991e-01, -7.3807934692356877e-03, -9.6728074367572714e-01,  0.0000000000000000e+00,  1.5382781635503665e+01, -3.8127454242074212e+00,  1.2713459187654724e+01,  0.0000000000000000e+00
 2.6973026973026976e-01,  6.3371043089854095e+02,  1.7790876343285984e-02,  2.9834237617532658e+01, -1.2245802789253336e-01,  8.8053020072012197e-02,  5.1968904094988189e-01,  1.7111613168258782e+02, -1.1859693761879129e+00, -1.4999999710484582e+04,  1.0050253823160109e+01,  2.6530982555353986e+00,  1.4046469723800253e-01, -2.1346902304918983e-02,  2.7623407530309174e-02, -5.0614068482459340e-01,  2.7433066213374246e-01, -2.6802576904825781e-01, -3.3336535869591351e-02, -1.2663832388134690e+00,  0.0000000000000000e+00,  1.0561303554111223e+01, -1.3835942043437832e+00, -7.2593778714230766e+01,  0.0000000000000000e+00
 2.7972027972027974e-01,  6.3371050032450648e+02,  1.5797160588194251e-02,  2.9834226600212126e+01, -1.1199586198943508e-01,  8.8023483922453891e-02,  5.1934890626721419e-01,  1.7745381577748628e+02, -1.2219595313467297e+00, -1.4999999663888822e+04,  1.0049323520228370e+01,  2.6529321001446200e+00,  1.4571035290266177e-01, -2.3497471785855133e-02,  2.7221333645880117e-02, -5.2241430646392750e-01,  2.7433066213374246e-01, -1.4536141308337033e-01, -4.4087832419074262e-02, -1.4196129012677385e+00,  0.0000000000000000e+00,  1.3996100510059353e+01, -7.6881536486267066e-01,  4.1917200290887116e+01,  0.0000000000000000e+00
 2.8971028971028973e-01,  6.3371056937309277e+02,  1.3897876903540315e-02,  2.9834180479703893e+01, -1.0131996165106641e-01,  8.7985596811673727e-02,  5.1898188767401965e-01,  1.8379150381121698e+02, -1.2573821029083103e+00, -1.4999999613782493e+04,  1.0048498949941193e+01,  2.6527713776820794e+00,  1.5095340299148668e-01, -2.4251226242648659e-02,  2.6742531757700298e-02, -5.3450457895581693e-01,  2.7433066213374246e-01,  3.3022942049036372e-02, -5.6482751712670622e-02, -1.2727846046231943e+00,  0.0000000000000000e+00,  2.1716447387448486e+01, -1.7126474777153218e+00, -1.2522175302649330e+01,  0.0000000000000000e+00
 2.9970029970029971e-01,  6.3371063783598674e+02,  1.2092715042633944e-02,  2.9834100891818832e+01, -9.1008131586594862e-02,  8.7914090718692772e-02,  5.1860151364651919e-01,  1.9012919576562925e+02, -1.2922370757134483e+00, -1.4999999560245080e+04,  1.0047779608161868e+01,  2.6526157747028876e+00,  1.5619359379376554e-01, -2.2837672743916345e-02,  2.6092807138134451e-02, -5.4784456829456074e-01,  2.7433066213374246e-01,  1.4561147375669981e-01, -8.1111872873586482e-02, -1.4986317024472124e+00,  0.0000000000000000e+00,  8.2377666042574438e-01, -3.2181025787000368e+00, -3.2692413681719152e+01,  0.0000000000000000e+00
 3.0969030969030970e-01,  6.3371070571722601e+02,  1.0377495219127982e-02,  2.9833990831734699e+01, -8.1398124739311684e-02,  8.7804380597593309e-02,  5.1822022182282124e-01,  1.9646689161484548e+02, -1.3265244489714281e+00, -1.4999999503385272e+04,  1.0047159528927093e+01,  2.6524646812731780e+00,  1.6143077070787507e-01, -2.1341906087669643e-02,  2.5121914917069200e-02, -5.6444727031340358e-01,  2.7433066213374246e-01,  1.3936355807541298e-01, -1.1794213782123700e-01, -1.3523242489863543e+00,  0.0000000000000000e+00, -2.0746093798193712e+00, -4.1553164638195987e+00,  6.1983165864582979e+01,  0.0000000000000000e+00
 3.1968031968031968e-01,  6.3371077323218753e+02,  8.7481444937600652e-03,  2.9833856181073440e+01, -7.2430044861763174e-02,  8.7671333725866094e-02,  5.1784314327869063e-01,  2.0280459132791836e+02, -1.3602442240876569e+00, -1.4999999443311030e+04,  1.0046632005228785e+01,  2.6523174374651783e+00,  1.6666482564316321e-01, -2.0053186069082921e-02,  2.3736320867979867e-02, -5.7486403380877360e-01,  2.7433066213374246e-01,  1.1845474412414478e-01, -1.5834973223728735e-01, -1.0189659631356001e+00,  0.0000000000000000e+00, -2.1113351732245218e+00, -3.9342839382736874e+00,  4.7551629627380754e+00,  0.0000000000000000e+00
 3.2967032967032966e-01,  6.3371084085768621e+02,  7.2004725410043154e-03,  2.9833705548752594e+01, -6.4007295245176996e-02,  8.7539583106714100e-02,  5.1747387257156507e-01,  2.0914229487368237e+02, -1.3933964083382639e+00, -1.4999999380110059e+04,  1.0046191099879286e+01,  2.6521735042714529e+00,  1.7189571182400809e-01, -1.8975177933341077e-02,  2.1958084103137387e-02, -5.8480623061581316e-01,  2.7433066213374246e-01,  8.6575415568928518e-02, -1.9089434688036386e-01, -9.9421706995647463e-01,  0.0000000000000000e+00, -4.2709064035297777e+00, -2.5811479132702315e+00,  1.9956545172281887e-01,  0.0000000000000000e+00
 3.3966033966033965e-01,  6.3371090886445529e+02,  5.7316345368174544e-03,  2.9833548715465831e+01, -5.6055268328764687e-02,  8.7430850114168276e-02,  5.1711030857355988e-01,  2.1548000222206690e+02, -1.4259810101572394e+00, -1.4999999313842527e+04,  1.0045831683788546e+01,  2.6520325309353607e+00,  1.7712341688821193e-01, -1.8323407536237197e-02,  1.9922248003237334e-02, -5.9472851073098087e-01,  2.7433066213374246e-01,  5.7039808425555963e-02, -2.0770043074574829e-01, -8.4141065808269710e-01,  0.0000000000000000e+00, -1.6421221465734108e+00, -7.8343007657973451e-01,  3.0392278205407447e+01,  0.0000000000000000e+00
 3.4965034965034963e-01,  6.3371097760216969e+02,  4.3413374188077053e-03,  2.9833393620874553e+01, -4.8408627326544960e-02,  8.7351577741908437e-02,  5.1674256936071394e-01,  2.2181771334497651e+02, -1.4579980288062078e+00, -1.4999999244550645e+04,  1.0045549936329644e+01,  2.6518942866330839e+00,  1.8234788849843750e-01, -1.7835521421341958e-02,  1.7808225346978582e-02, -6.0161763237570720e-01,  2.7433066213374246e-01,  1.0042656981837587e-01, -2.0866321053260289e-01, -7.4181698597699686e-01,  0.0000000000000000e+00,  1.0328151777415961e+01,  5.9068156325144672e-01, -1.0453625049846234e+01,  0.0000000000000000e+00
 3.5964035964035962e-01,  6.3371104748191522e+02,  3.0289398207342054e-03,  2.9833244374467117e+01, -4.1215129499879884e-02,  8.7293055151539109e-02,  5.1636814701702471e-01,  2.2815542821676428e+02, -1.4894474535306683e+00, -1.4999999172278380e+04,  1.0045342374208213e+01,  2.6517585146536762e+00,  1.8756901001355944e-01, -1.6316882664741177e-02,  1.5753152887700815e-02, -6.0955002893231947e-01,  2.7433066213374246e-01,  2.0019744664496467e-01, -2.0031338401981222e-01, -9.4364196730602157e-01,  0.0000000000000000e+00,  9.6459777632671280e+00,  1.0809537046092301e+00, -2.9951736212224535e+01,  0.0000000000000000e+00
 3.6963036963036960e-01,  6.3371111892161559e+02,  1.7922670972014573e-03,  2.9833100865868087e+01, -3.4769649084966756e-02,  8.7238639057271916e-02,  5.1598820467332984e-01,  2.3449314681481368e+02, -1.5203292717244485e+00, -1.4999999097084006e+04,  1.0045202961401511e+01,  2.6516248341491466e+00,  1.9278665259327760e-01, -1.3835572437426582e-02,  1.3805959931997321e-02, -6.2047161773646686e-01,  2.7433066213374246e-01,  2.7986481125536050e-01, -1.9177962211635477e-01, -1.0917239514655108e+00,  0.0000000000000000e+00,  6.3034286317342438e+00,  6.2750542846281965e-01,  3.0572298349415566e-01,  0.0000000000000000e+00
 3.7962037962037964e-01,  6.3371119220393120e+02,  6.2718478520182828e-04,  2.9832959385678372e+01, -2.9287685162036729e-02,  8.7171106000984128e-02,  5.1560660055723706e-01,  2.4083086911770789e+02, -1.5506434705051921e+00, -1.4999999019042602e+04,  1.0045123058537985e+01,  2.6514927171269496e+00,  1.9800069277432553e-01, -1.0725178144154541e-02,  1.1921392206055356e-02, -6.3136269529526678e-01,  2.7433066213374246e-01,  3.2766696019197766e-01, -1.9061283488990699e-01, -1.1297668337834963e+00,  0.0000000000000000e+00,  3.2665615853765022e+00, -3.9391462572796937e-01, -7.9219080235548356e+00,  0.0000000000000000e+00
 3.8961038961038963e-01,  6.3371126776623237e+02, -4.7207393676297545e-04,  2.9832814494185151e+01, -2.4889396642749532e-02,  8.7081273624425790e-02,  5.1522918869485645e-01,  2.4716859510547766e+02, -1.5803900410185363e+00, -1.4999998938238679e+04,  1.0045092357085753e+01,  2.6513615466983160e+00,  2.0321104222435216e-01, -7.2887800259984420e-03,  9.9975116824487214e-03, -6.4304438164822508e-01,  2.7433066213374246e-01,  3.4720621164654780e-01, -1.9932524938217233e-01, -1.2256862628027718e+00,  0.0000000000000000e+00,  6.4519655582825164e-01, -1.3503107556234464e+00, -1.1281161666103440e+01,  0.0000000000000000e+00
 3.9960039960039961e-01,  6.3371134617140967e+02, -1.5121236631427863e-03,  2.9832661338865798e+01, -2.1610382126319945e-02,  8.6973491237483755e-02,  5.1486115691238088e-01,  2.5350632476174511e+02, -1.6095689806683482e+00, -1.4999998854750926e+04,  1.0045099783541911e+01,  2.6512307379691382e+00,  2.0841767113166709e-01, -3.7879910982694730e-03,  7.9388697408770900e-03, -6.5585193131530217e-01,  2.7433066213374246e-01,  3.4296580114555969e-01, -2.1415414960878132e-01, -1.2833648632648744e+00,  0.0000000000000000e+00, -1.4941267381260783e+00, -1.6184350697436751e+00, -2.6609414640949619e-01,  0.0000000000000000e+00
 4.0959040959040960e-01,  6.3371142798921210e+02, -2.4997081628004947e-03,  2.9832497228863023e+01, -1.9415366979747536e-02,  8.6863056185709719e-02,  5.1450503042520246e-01,  2.5984405807552469e+02, -1.6381802934649639e+00, -1.4999998768634674e+04,  1.0045134277869909e+01,  2.6510998789822713e+00,  2.1362061482537054e-01, -4.3631646664660343e-04,  5.7187074944610849e-03, -6.6868603725791287e-01,  2.7433066213374246e-01,  3.1989707024283581e-01, -2.2754935427064599e-01, -1.2784495360042132e+00,  0.0000000000000000e+00, -3.1242331885992480e+00, -1.0632849035616319e+00,  1.2501426639938795e+00,  0.0000000000000000e+00
 4.1958041958041958e-01,  6.3371151375754175e+02, -3.4408237595319620e-03,  2.9832321260721820e+01, -1.8213625404815376e-02,  8.6765178977763049e-02,  5.1415905518274707e-01,  2.6618179504219421e+02, -1.6662239875940910e+00, -1.4999998679914481e+04,  1.0045185425117511e+01,  2.6509687929929955e+00,  2.1881995199351584e-01,  2.6035587567322378e-03,  3.3924290961089409e-03, -6.8139537858811361e-01,  2.7433066213374246e-01,  2.8305013072382673e-01, -2.3320675244872663e-01, -1.2916228071740739e+00,  0.0000000000000000e+00, -4.2525241031063681e+00, -6.9326211690116324e-02, -3.8874315522000131e+00,  0.0000000000000000e+00
 4.2957042957042957e-01,  6.3371160397615972e+02, -4.3399511085112745e-03,  2.9832133041245154e+01, -1.7875067202196605e-02,  8.6686499252074237e-02,  5.1381715294427344e-01,  2.7251953566359191e+02, -1.6937000694550410e+00, -1.4999998588589526e+04,  1.0045243926858351e+01,  2.6508374964361381e+00,  2.2401575599656198e-01,  5.2190308005627189e-03,  1.0592319210599556e-03, -6.9449268675190035e-01,  2.7433066213374246e-01,  2.3726343608752959e-01, -2.2975959324179465e-01, -1.3672316989200699e+00,  0.0000000000000000e+00, -4.9139721630803193e+00,  7.5944748491790648e-01, -1.1249468575348388e+01,  0.0000000000000000e+00
 4.3956043956043955e-01,  6.3371169915743690e+02, -5.1997173023647508e-03,  2.9831931236901237e+01, -1.8245593263154614e-02,  8.6621329245910150e-02,  5.1347069740475104e-01,  2.7885727994745577e+02, -1.7206085370964581e+00, -1.4999998494646892e+04,  1.0045301914643328e+01,  2.6507060922795143e+00,  2.2920804314068355e-01,  7.3440869502892706e-03, -1.1981721674633769e-03, -7.0871269524985325e-01,  2.7433066213374246e-01,  1.8692722470228915e-01, -2.2106823894679895e-01, -1.4369753515165113e+00,  0.0000000000000000e+00, -5.1633373562448277e+00,  9.8056164494023024e-01, -2.7132106744591864e+00,  0.0000000000000000e+00
 4.4955044955044954e-01,  6.3371179981983266e+02, -6.0210262694858838e-03,  2.9831713469075570e+01, -1.9160634029621936e-02,  8.6558673595262425e-02,  5.1311118346267826e-01,  2.8519502790666780e+02, -1.7469493762470383e+00, -1.4999998398074293e+04,  1.0045353118853757e+01,  2.6505746666667984e+00,  2.3439674166040297e-01,  8.9538404849241384e-03, -3.3577159100449160e-03, -7.2320348298599646e-01,  2.7433066213374246e-01,  1.3582876262109350e-01, -2.1224503109797133e-01, -1.3425141216751983e+00,  0.0000000000000000e+00, -5.0665747524105464e+00,  7.8584456639506239e-01,  2.1624348888690040e+01,  0.0000000000000000e+00
 4.5954045954045952e-01,  6.3371190636831909e+02, -6.8037711770434451e-03,  2.9831478087544522e+01, -2.0455855779497347e-02,  8.6494850801070736e-02,  5.1273367150341687e-01,  2.9153277955811063e+02, -1.7727225630157313e+00, -1.4999998298860015e+04,  1.0045392918513528e+01,  2.6504432924623380e+00,  2.3958170885624053e-01,  1.0057948341320108e-02, -5.4388321294608034e-03, -7.3553615422438268e-01,  2.7433066213374246e-01,  8.7066619731289999e-02, -2.0477847558479467e-01, -1.2056644923301811e+00,  0.0000000000000000e+00, -4.6956062541281174e+00,  7.0895984734289941e-01,  5.7729469061824128e+00,  0.0000000000000000e+00
 4.6953046953046951e-01,  6.3371201901887753e+02, -7.5471957374495195e-03,  2.9831225530511627e+01, -2.1977389293962559e-02,  8.6436199229143071e-02,  5.1233668960866263e-01,  2.9787053492124136e+02, -1.7979280712615571e+00, -1.4999998196983335e+04,  1.0045418290822186e+01,  2.6503121067204765e+00,  2.4476278288300085e-01,  1.0693433286748114e-02, -7.4491939437071452e-03, -7.4729268363195411e-01,  2.7433066213374246e-01,  4.2998957467015549e-02, -1.9608845817200682e-01, -1.1374226140851544e+00,  0.0000000000000000e+00, -4.1267397311796321e+00,  1.0307816386972284e+00,  7.8890771184719464e+00,  0.0000000000000000e+00
 4.7952047952047949e-01,  6.3371213783096482e+02, -8.2500040323710694e-03,  2.9830957855217338e+01, -2.3589374933541456e-02,  8.6390014562019182e-02,  5.1192068613396868e-01,  3.0420829401665554e+02, -1.8225658762570029e+00, -1.4999998092408605e+04,  1.0045427665901938e+01,  2.6501813606027445e+00,  2.4993981469109261e-01,  1.0917068370631108e-02, -9.3566834415888100e-03, -7.5826188077953061e-01,  2.7433066213374246e-01,  5.2407335123208732e-03, -1.8367470319125584e-01, -9.2192347397784236e-01,  0.0000000000000000e+00, -3.4324567045502232e+00,  1.4544521084490141e+00,  3.5253850731011255e+01,  0.0000000000000000e+00
 4.8951048951048953e-01,  6.3371226279562609e+02, -8.9107000454540265e-03,  2.9830677073235549e+01, -2.5177334624643753e-02,  8.6355803657147956e-02,  5.1148758347291812e-01,  3.1054605686489805e+02, -1.8466359557721632e+00, -1.4999997985092587e+04,  1.0045420727747008e+01,  2.6500513620792807e+00,  2.5511267400912485e-01,  1.0798143247034245e-02, -1.1119018183292684e-02, -7.6571273306208087e-01,  2.7433066213374246e-01, -2.5270534286243505e-02, -1.6804880964885635e-01, -3.8003391714034790e-01,  0.0000000000000000e+00, -2.6758991087223518e+00,  1.6738517787393556e+00,  7.3232438547854898e+01,  0.0000000000000000e+00
 4.9950049950049952e-01,  6.3371239379615793e+02, -9.5280027169920550e-03,  2.9830385035682419e+01, -2.6649226721309816e-02,  8.6330572771390418e-02,  5.1104125814194112e-01,  3.1688382348513773e+02, -1.8701382920842029e+00, -1.4999997874993742e+04,  1.0045398193886250e+01,  2.6499224039864329e+00,  2.6028125426250154e-01,  1.0412162590686181e-02, -1.2714302015991542e-02, -7.6585496603708003e-01,  2.7433066213374246e-01, -4.8174175897592222e-02, -1.5049437306627919e-01,  3.2383050688286164e-01,  0.0000000000000000e+00, -1.9094099418696193e+00,  1.8405464250927710e+00,  6.7681219141591740e+01,  0.0000000000000000e+00
 5.0949050949050945e-01,  6.3371253052099166e+02, -1.0101266781316644e-02,  2.9830084511436024e+01, -2.7936405990044755e-02,  8.6316466602556013e-02,  5.1058830794245869e-01,  3.2322159389342022e+02, -1.8930728772851697e+00, -1.4999997762071453e+04,  1.0045361589904127e+01,  2.6497947730869260e+00,  2.6544550272450745e-01,  9.8356222500793587e-03, -1.4125898764037513e-02, -7.5924259306442132e-01,  2.7433066213374246e-01, -6.3602302775809805e-02, -1.3041594516805158e-01,  8.4455917085129795e-01,  0.0000000000000000e+00, -1.1793010591495512e+00,  2.1791548401324086e+00,  3.6568659384889543e+01,  0.0000000000000000e+00
 5.1948051948051943e-01,  6.3371267245434854e+02, -1.0630372002633771e-02,  2.9829779448743238e+01, -2.8995465287192383e-02,  8.6319937900594515e-02,  5.1013615344246921e-01,  3.2955936810095312e+02, -1.9154397163397054e+00, -1.4999997646282136e+04,  1.0045313004878169e+01,  2.6496687825731566e+00,  2.7060544559926270e-01,  9.1413873104502254e-03, -1.5320015206162394e-02, -7.4898065692916205e-01,  2.7433066213374246e-01, -7.2108309529432119e-02, -1.0544640155646436e-01,  1.0478935930167677e+00,  0.0000000000000000e+00, -5.2360149292567881e-01,  2.8197477909072952e+00,  4.1388919326382103e+00,  0.0000000000000000e+00
 5.2947052947052942e-01,  6.3371281887786438e+02, -1.1115629678988253e-02,  2.9829474799403943e+01, -2.9806347780828264e-02,  8.6348227204370714e-02,  5.0969156855052866e-01,  3.3589714611239100e+02, -1.9372388265651921e+00, -1.4999997527575793e+04,  1.0045254846721400e+01,  2.6495447992866783e+00,  2.7576119353428247e-01,  8.3948967849558406e-03, -1.6232719973956880e-02, -7.3830565813901139e-01,  2.7433066213374246e-01, -7.4567963262629947e-02, -7.3094355523482465e-02,  9.5826507225425817e-01,  0.0000000000000000e+00,  3.1178815539390406e-02,  3.6571318248955618e+00, -2.2082521789291331e+01,  0.0000000000000000e+00
 5.3946053946053951e-01,  6.3371296888252596e+02, -1.1557396517743736e-02,  2.9829176103308040e+01, -3.0369088638541795e-02,  8.6407871287955629e-02,  5.0925823316361984e-01,  3.4223492792428885e+02, -1.9584702335479873e+00, -1.4999997405897853e+04,  1.0045189623781988e+01,  2.6494232313078188e+00,  2.8091291949432651e-01,  7.6515179145934756e-03, -1.6780441889948264e-02, -7.2983450163936658e-01,  2.7433066213374246e-01, -7.2068099787344339e-02, -3.2445699945337664e-02,  7.2141425083013044e-01,  0.0000000000000000e+00,  4.6929385221277659e-01,  4.4807290218489868e+00, -2.5335012659818794e+01,  0.0000000000000000e+00
 5.4945054945054950e-01,  6.3371312151029645e+02, -1.1955500043058467e-02,  2.9828887787962465e+01, -3.0699697034270491e-02,  8.6494684182196802e-02,  5.0883465890335899e-01,  3.4857271352366871e+02, -1.9791339639934014e+00, -1.4999997281192902e+04,  1.0045119760155790e+01,  2.6493044983340224e+00,  2.8606080868168310e-01,  6.9549747112826197e-03, -1.6880985707130463e-02, -7.2389178699355416e-01,  2.7433066213374246e-01, -6.5793958212525580e-02,  1.1916251220177951e-02,  6.0607630827766568e-01,  0.0000000000000000e+00,  7.8678929106600670e-01,  4.4005336014872292e+00,  2.2443565608148077e+00,  0.0000000000000000e+00
 5.5944055944055948e-01,  6.3371327606905675e+02, -1.2309046070007504e-02,  2.9828609832909311e+01, -3.0824174512806446e-02,  8.6583633665488519e-02,  5.0841552382049382e-01,  3.5491050288799136e+02, -1.9992300358246098e+00, -1.4999997153426502e+04,  1.0045047461610265e+01,  2.6491888560846610e+00,  2.9120497805982243e-01,  6.3369533149426156e-03, -1.6542354952482172e-02, -7.1772508489056208e-01,  2.7433066213374246e-01, -5.6911584133473032e-02,  4.9172462369235233e-02,  6.2287195425924990e-01,  0.0000000000000000e+00,  9.9146199956031400e-01,  3.0581598705540411e+00,  1.1181317646983546e+00,  0.0000000000000000e+00
 5.6943056943056947e-01,  6.3371343210240843e+02, -1.2616690271303278e-02,  2.9828339197499620e+01, -3.0774170523754911e-02,  8.6650631071727782e-02,  5.0799510225502675e-01,  3.6124829598613150e+02, -2.0187584546496877e+00, -1.4999997022598372e+04,  1.0044974639802383e+01,  2.6490762900428586e+00,  2.9634543944224362e-01,  5.8178801232012410e-03, -1.5898518926526363e-02, -7.1144679290246027e-01,  2.7433066213374246e-01, -4.6495702553163751e-02,  7.0310398398906820e-02,  4.8401856716518671e-01,  0.0000000000000000e+00,  1.0937974928176046e+00,  1.1736549225862125e+00, -2.8916579860929819e+01,  0.0000000000000000e+00
 5.7942057942057945e-01,  6.3371358931232407e+02, -1.2876329832777464e-02,  2.9828072668006953e+01, -3.0587180215865203e-02,  8.6686833629128726e-02,  5.0756651389075591e-01,  3.6758609277968372e+02, -2.0377192154057555e+00, -1.4999996888729585e+04,  1.0044902856287647e+01,  2.6489666165601058e+00,  3.0148211271225350e-01,  5.4079682489453383e-03, -1.5137551787668849e-02, -7.0805438424790101e-01,  2.7433066213374246e-01, -3.5508849890401956e-02,  7.4835878903895675e-02,  3.2010958901090125e-01,  0.0000000000000000e+00,  1.1057704102673080e+00, -2.6765372548742644e-01, -3.8979975655581436e+00,  0.0000000000000000e+00
 5.8941058941058944e-01,  6.3371374739404337e+02, -1.3085574738504288e-02,  2.9827809806307013e+01, -3.0301604826454678e-02,  8.6706398900921591e-02,  5.0712490075668593e-01,  3.7392389322465579e+02, -2.0561123051692713e+00, -1.4999996751839408e+04,  1.0044833283338891e+01,  2.6488596660187347e+00,  3.0661485517706971e-01,  5.1084125929234800e-03, -1.4403296570804172e-02, -7.0505099691822648e-01,  2.7433066213374246e-01, -2.4749222925050149e-02,  7.1594784935930245e-02,  2.5891167848221897e-01,  0.0000000000000000e+00,  1.0483069081961252e+00, -3.8121328689923578e-01, -8.3538241222840544e+00,  0.0000000000000000e+00
 5.9940059940059942e-01,  6.3371390595730895e+02, -1.3242332276526438e-02,  2.9827553545805607e+01, -2.9953213099897846e-02,  8.6733267110463072e-02,  5.0666864746244011e-01,  3.8026169727244780e+02, -2.0739377124016025e+00, -1.4999996611920864e+04,  1.0044766724167699e+01,  2.6487554798311228e+00,  3.1174353265701377e-01,  4.9134782804128680e-03, -1.3707086554183730e-02, -7.0288132373876577e-01,  2.7433066213374246e-01, -1.4824165294223087e-02,  7.0730799948430803e-02,  2.1426006643619713e-01,  0.0000000000000000e+00,  9.3868962949545331e-01,  2.0824349240184714e-01, -5.8542860932951613e-01,  0.0000000000000000e+00
 6.0939060939060941e-01,  6.3371406478631695e+02, -1.3344638414663374e-02,  2.9827305538554310e+01, -2.9574632581441232e-02,  8.6770103876830873e-02,  5.0619698865940099e-01,  3.8659950487098189e+02, -2.0911954273756859e+00, -1.4999996468950267e+04,  1.0044703638129194e+01,  2.6486542351230460e+00,  3.1686802306864020e-01,  4.8122254741577841e-03, -1.2990093774631730e-02, -7.0077007650991086e-01,  2.7433066213374246e-01, -6.1663578235632331e-03,  7.3532979151857206e-02,  3.9077926261590695e-01,  0.0000000000000000e+00,  7.9460342613065038e-01,  3.5275278412412098e-01,  3.5924571684507434e+01,  0.0000000000000000e+00
 6.1938061938061939e-01,  6.3371422385032997e+02, -1.3391071258330545e-02,  2.9827064647104663e+01, -2.9192096289939455e-02,  8.6804799543406738e-02,  5.0571162025894745e-01,  3.9293731596578169e+02, -2.1078854397257198e+00, -1.4999996322913112e+04,  1.0044644186839045e+01,  2.6485560353849467e+00,  3.2198819389289507e-01,  4.7902743278941222e-03, -1.2237896161539231e-02, -6.9507354626392248e-01,  2.7433066213374246e-01,  9.8676177489155918e-04,  7.5857625155175065e-02,  7.6160965363318001e-01,  0.0000000000000000e+00,  6.3745111747999961e-01,  1.1264134574011368e-01,  3.8315672597150666e+01,  0.0000000000000000e+00
 6.2937062937062938e-01,  6.3371438305468109e+02, -1.3381557387697767e-02,  2.9826830196382254e+01, -2.8823549172504872e-02,  8.6837217271770600e-02,  5.0521952791504099e-01,  3.9927513050012686e+02, -2.1240077445724550e+00, -1.4999996173805424e+04,  1.0044588314815153e+01,  2.6484608978843323e+00,  3.2710394283473121e-01,  4.8319409941356374e-03, -1.1474456908394466e-02, -6.8555310041334383e-01,  2.7433066213374246e-01,  6.5647164714372373e-03,  7.6679775161496738e-02,  8.3249877157138286e-01,  0.0000000000000000e+00,  4.7925541276844563e-01,  5.1953085525484388e-02, -2.4123671185922454e+01,  0.0000000000000000e+00
 6.3936063936063936e-01,  6.3371454234176747e+02, -1.3316405168047571e-02,  2.9826601706207484e+01, -2.8486307818767771e-02,  8.6867268441519679e-02,  5.0472541454272279e-01,  4.0561294841491952e+02, -2.1395623475725629e+00, -1.4999996021621322e+04,  1.0044535800693062e+01,  2.6483688548832278e+00,  3.3221523994454394e-01,  4.9214374941566044e-03, -1.0705832721749088e-02, -6.7844020417458417e-01,  2.7433066213374246e-01,  1.0567190516429069e-02,  7.6221442786345475e-02,  1.0527607549693396e+00,  0.0000000000000000e+00,  3.2203989103891928e-01, -1.4371122703076511e-01,  6.8220120262193433e+01,  0.0000000000000000e+00
 6.4935064935064934e-01,  6.3371470172737452e+02, -1.3196611178912208e-02,  2.9826378347513824e+01, -2.8191184705275568e-02,  8.6895560417246248e-02,  5.0423519686370055e-01,  4.1195076964960992e+02, -2.1545492581918362e+00, -1.4999995866359021e+04,  1.0044486268160625e+01,  2.6482799018382774e+00,  3.3732208474872666e-01,  5.0430736717865677e-03, -9.9515509586173348e-03, -6.6451891949487552e-01,  2.7433066213374246e-01,  1.3111166986227168e-02,  7.6504173638497625e-02,  1.4719512277631677e+00,  0.0000000000000000e+00,  1.8726419821466073e-01,  2.0031394363162397e-01,  1.5701812391130954e+01,  0.0000000000000000e+00
 6.5934065934065933e-01,  6.3371486102593769e+02, -1.3025129104911009e-02,  2.9826162231292969e+01, -2.7939683908030560e-02,  8.6937743910974502e-02,  5.0376031304539848e-01,  4.1828859414199633e+02, -2.1689685025495842e+00, -1.4999995708005948e+04,  1.0044439300544139e+01,  2.6481941206009458e+00,  3.4242459375595186e-01,  5.1833988725028014e-03, -9.1772778038969882e-03, -6.4903058923426116e-01,  2.7433066213374246e-01,  1.4404671626457408e-02,  8.1765642183742479e-02,  1.4682957845927107e+00,  0.0000000000000000e+00,  7.1695430759433063e-02,  8.5303205912639657e-01, -1.6433632113856440e+01,  0.0000000000000000e+00
 6.6933066933066931e-01,  6.3371502018860417e+02, -1.2804317112285267e-02,  2.9825953974331732e+01, -2.7737287057381578e-02,  8.6990402351197288e-02,  5.0330306920929624e-01,  4.2462642182822032e+02, -2.1828201180037401e+00, -1.4999995546541426e+04,  1.0044394447419961e+01,  2.6481116600820980e+00,  3.4752296666046961e-01,  5.3308792986888134e-03, -8.3178717941069964e-03, -6.3518234038213406e-01,  2.7433066213374246e-01,  1.4617983827814486e-02,  8.9791800840353264e-02,  1.4807461986591079e+00,  0.0000000000000000e+00, -2.8990328047745845e-02,  7.5380490392708221e-01,  1.8926205009949197e+01,  0.0000000000000000e+00
 6.7932067932067930e-01,  6.3371517937865167e+02, -1.2536711572622599e-02,  2.9825751025620221e+01, -2.7583999408490194e-02,  8.7035766414422663e-02,  5.0286529062672636e-01,  4.3096425264359743e+02, -2.1961041404647195e+00, -1.4999995381960343e+04,  1.0044351225401259e+01,  2.6480325409967111e+00,  3.5261739237137563e-01,  5.4754664814501437e-03, -7.3832358290647562e-03, -6.1944525059971356e-01,  2.7433066213374246e-01,  1.3945746242013481e-02,  9.3969408560719420e-02,  1.7504559754411015e+00,  0.0000000000000000e+00, -1.0559163662961547e-01,  8.2552161690215439e-02,  3.5069692301805922e+01,  0.0000000000000000e+00
 6.8931068931068928e-01,  6.3371533874320676e+02, -1.2225243680645486e-02,  2.9825551124639894e+01, -2.7473963213932581e-02,  8.7068894253862356e-02,  5.0244941966072387e-01,  4.3730208652286382e+02, -2.2088206068227989e+00, -1.4999995214272853e+04,  1.0044309182035949e+01,  2.6479566602334885e+00,  3.5770805978546777e-01,  5.6095155872405312e-03, -6.4403611335531628e-03, -6.0020819501867551e-01,  2.7433066213374246e-01,  1.2636075481009354e-02,  9.2325916355843973e-02,  1.8351738749937592e+00,  0.0000000000000000e+00, -1.5660444972341081e-01, -4.1157930110628871e-01, -1.8109168811363826e+01,  0.0000000000000000e+00
 6.9930069930069927e-01,  6.3371549839422528e+02, -1.1872512126090183e-02,  2.9825353485780159e+01, -2.7402406479094966e-02,  8.7095127541961415e-02,  5.0205466848008284e-01,  4.4363992340021616e+02, -2.2209695577859501e+00, -1.4999995043487717e+04,  1.0044267927968425e+01,  2.6478839231682860e+00,  3.6279517796718896e-01,  5.7279355220297510e-03, -5.5385621756013411e-03, -5.8277843991052758e-01,  2.7433066213374246e-01,  1.0893349584219825e-02,  8.7774027675058042e-02,  1.6839664038443396e+00,  0.0000000000000000e+00, -1.9228927481385311e-01, -4.9970881278705453e-01, -1.2162566912750004e+01,  0.0000000000000000e+00
 7.0929070929070925e-01,  6.3371565845013527e+02, -1.1480368521956739e-02,  2.9825158123685057e+01, -2.7365698011482437e-02,  8.7119531860646165e-02,  5.0167753489511924e-01,  4.4997776320967444e+02, -2.2325510319813877e+00, -1.4999994869604086e+04,  1.0044227107620372e+01,  2.6478143083060313e+00,  3.6787893888680334e-01,  5.8271649295825855e-03, -4.6866343068786773e-03, -5.6656251262418322e-01,  2.7433066213374246e-01,  8.8646294771540859e-03,  8.2323137609175229e-02,  1.5669752935756467e+00,  0.0000000000000000e+00, -2.1386049062070808e-01, -5.9155937840268924e-01, -1.1259053363042336e+01,  0.0000000000000000e+00
 7.1928071928071924e-01,  6.3371581914888361e+02, -1.1050163115286317e-02,  2.9824963913288279e+01, -2.7358819252162287e-02,  8.7137337731357484e-02,  5.0131385743090773e-01,  4.5631560588558409e+02, -2.2435650634720736e+00, -1.4999994692619590e+04,  1.0044186408960096e+01,  2.6477478007677422e+00,  3.7295949808636197e-01,  5.9050509960987636e-03, -3.8937442413520865e-03, -5.5147024223668850e-01,  2.7433066213374246e-01,  6.6919713007684159e-03,  7.5297600467741602e-02,  1.4710068855478624e+00,  0.0000000000000000e+00, -2.2110567629170316e-01, -8.1495315731232920e-01, -7.9538219241200592e+00,  0.0000000000000000e+00
 7.2927072927072922e-01,  6.3371598067832315e+02, -1.0582934727642468e-02,  2.9824770436024689e+01, -2.7374421031977056e-02,  8.7151545543801265e-02,  5.0096046625751012e-01,  4.6265345136289011e+02, -2.2540116809206152e+00, -1.4999994512533689e+04,  1.0044145578979917e+01,  2.6476843640843999e+00,  3.7803696713623069e-01,  5.9608706498776587e-03, -3.1821867450856391e-03, -5.3717176566018998e-01,  2.7433066213374246e-01,  4.5123401341797672e-03,  6.9874491478792045e-02,  1.2749749327753779e+00,  0.0000000000000000e+00, -2.1525648325934446e-01, -2.7075326227537216e-01, -3.1291775020931375e+01,  0.0000000000000000e+00
 7.3926073926073921e-01,  6.3371614288862793e+02, -1.0078794647502453e-02,  2.9824581605864918e+01, -2.7407651780869582e-02,  8.7186372512963212e-02,  5.0061124681512692e-01,  4.6899129957628969e+02, -2.2638909112047734e+00, -1.4999994329325962e+04,  1.0044104429550023e+01,  2.6476241165921843e+00,  3.8311144397233327e-01,  5.9952076421363213e-03, -2.4976505055120863e-03, -5.2599621760581183e-01,  2.7433066213374246e-01,  2.4241896193544213e-03,  7.4498886629059444e-02,  1.0092907335012915e+00,  0.0000000000000000e+00, -2.0279124980868504e-01,  1.1965571713589751e+00, -2.1898201673739372e+01,  0.0000000000000000e+00
 7.4925074925074930e-01,  6.3371630550450561e+02, -9.5370830168131689e-03,  2.9824402207648241e+01, -2.7453772308145805e-02,  8.7253628020417570e-02,  5.0025988537297461e-01,  4.7532915045906554e+02, -2.2732027768149470e+00, -1.4999994142948130e+04,  1.0044062815436092e+01,  2.6475673972078448e+00,  3.8818299710547594e-01,  6.0093060069077173e-03, -1.6936975017477806e-03, -5.1700611663918505e-01,  2.7433066213374246e-01,  4.8232337485981663e-04,  9.0729401195746920e-02,  8.3211970085148113e-01,  0.0000000000000000e+00, -1.8597037233913288e-01,  2.0527918448918445e+00, -1.3571439062752496e+01,  0.0000000000000000e+00
 7.5924075924075929e-01,  6.3371646847968304e+02, -8.9561887634893676e-03,  2.9824232133852746e+01, -2.7508947690735135e-02,  8.7331271348052436e-02,  4.9989858066533166e-01,  4.8166700394278274e+02, -2.2819472897893465e+00, -1.4999993953359262e+04,  1.0044020631759592e+01,  2.6475144860017328e+00,  3.9325161486302024e-01,  6.0048444728028512e-03, -6.8487525684580498e-04, -5.0937044935703091e-01,  2.7433066213374246e-01, -1.2552159778587600e-03,  1.1005051450452102e-01,  1.3137201091524560e+00,  0.0000000000000000e+00, -1.6188500607512479e-01,  1.8152950395246079e+00,  1.0998784080460639e+02,  0.0000000000000000e+00
 7.6923076923076927e-01,  6.3371663168560940e+02, -8.3354902317594320e-03,  2.9824070613134761e+01, -2.7561534836040298e-02,  8.7409075423177940e-02,  4.9953012578409300e-01,  4.8800485995690804e+02, -2.2901244526150926e+00, -1.4999993760542173e+04,  1.0043977832632848e+01,  2.6474654721705924e+00,  3.9831720642261942e-01,  5.9842267665908590e-03,  5.0511397686402669e-04, -4.9075796261016497e-01,  2.7433066213374246e-01, -2.6244797502069724e-03,  1.2661466256913187e-01,  1.9176725290171490e+00,  0.0000000000000000e+00, -1.1224160114898744e-01,  1.5008474030104895e+00,  1.0923433652304643e+01,  0.0000000000000000e+00
 7.7922077922077926e-01,  6.3371679493103261e+02, -7.6772259296652391e-03,  2.9823917642716872e+01, -2.7598086010664970e-02,  8.7485031304807087e-02,  4.9917001532741734e-01,  4.9434271842791651e+02, -2.2977342848579978e+00, -1.4999993564486935e+04,  1.0043934530739799e+01,  2.6474203901785178e+00,  4.0337979646111577e-01,  5.9524073149565581e-03,  1.8448882310489365e-03, -4.7105531391213284e-01,  2.7433066213374246e-01, -3.4952042323835898e-03,  1.3811469902843559e-01,  1.7174885088922947e+00,  0.0000000000000000e+00, -6.2077440182771469e-02,  8.0145989614211688e-01, -5.1000274481300522e+01,  0.0000000000000000e+00
 7.8921078921078924e-01,  6.3371695825437052e+02, -6.9834190645668825e-03,  2.9823770669733168e+01, -2.7621666691510352e-02,  8.7544339673933033e-02,  4.9882497989301960e-01,  5.0068057927995039e+02, -2.3047768181734134e+00, -1.4999993365198174e+04,  1.0043890887386818e+01,  2.6473791587332260e+00,  4.0843950238871263e-01,  5.9143925161935845e-03,  3.2646484229866147e-03, -4.5644250788704221e-01,  2.7433066213374246e-01, -3.9453640946581284e-03,  1.4023555491657519e-01,  1.5976878230282563e+00,  0.0000000000000000e+00, -2.8044564244591230e-02, -3.7686454733657532e-01,  2.7016177171320059e+01,  0.0000000000000000e+00
 7.9920079920079923e-01,  6.3371712177900440e+02, -6.2571000278699683e-03,  2.9823626860939594e+01, -2.7634389373075729e-02,  8.7581030195115872e-02,  4.9850356355267472e-01,  5.0701844243587215e+02, -2.3112520870923237e+00, -1.4999993162697265e+04,  1.0043847023687327e+01,  2.6473415571114893e+00,  4.1349647341049112e-01,  5.8735788615168353e-03,  4.6467974201912961e-03, -4.3913347928619367e-01,  2.7433066213374246e-01, -4.0553922669663168e-03,  1.3218533845707098e-01,  1.8665188198153768e+00,  0.0000000000000000e+00,  6.0169241484919148e-03, -1.2347887878561630e+00,  2.6803788385461495e+01,  0.0000000000000000e+00
 8.0919080919080921e-01,  6.3371728560844781e+02, -5.5030565162203851e-03,  2.9823485143261006e+01, -2.7631481567124340e-02,  8.7601306600135612e-02,  4.9821729957650812e-01,  5.1335630781785835e+02, -2.3171601403970423e+00, -1.4999992957005186e+04,  1.0043803088445390e+01,  2.6473073635324598e+00,  4.1855096793922786e-01,  5.8333656976727790e-03,  5.9057141264245950e-03, -4.1914942457404769e-01,  2.7433066213374246e-01, -3.8351391610580445e-03,  1.1960273162812618e-01,  1.7569855394364930e+00,  0.0000000000000000e+00,  3.8077747654344275e-02, -1.2842490992985878e+00, -4.8732351117314067e+01,  0.0000000000000000e+00
 8.1918081918081920e-01,  6.3371744962546404e+02, -4.7247370297588088e-03,  2.9823348456176753e+01, -2.7616207710394945e-02,  8.7632179304082514e-02,  4.9796334385953078e-01,  5.1969417534787738e+02, -2.3225010373457979e+00, -1.4999992748127941e+04,  1.0043759249871279e+01,  2.6472764733432315e+00,  4.2360332206897261e-01,  5.7969527044527385e-03,  7.0364623877862235e-03, -4.0402887310364638e-01,  2.7433066213374246e-01, -3.3808102540223723e-03,  1.1384846835804030e-01,  1.5193536674524528e+00,  0.0000000000000000e+00,  5.2878899534197325e-02,  1.3224559262739483e-01,  1.1584503461092244e+00,  0.0000000000000000e+00
 8.2917082917082918e-01,  6.3371761354702392e+02, -3.9235679740584383e-03,  2.9823221886873636e+01, -2.7593984024717008e-02,  8.7691119622551980e-02,  4.9773047908275531e-01,  5.2603204494697820e+02, -2.3272748318559828e+00, -1.4999992536032096e+04,  1.0043715614322467e+01,  2.6472490945006473e+00,  4.2865383490813863e-01,  5.7658170412487556e-03,  8.1804087989129116e-03, -3.8879270794163107e-01,  2.7433066213374246e-01, -2.8245255502128744e-03,  1.1958144133000455e-01,  1.4483188022917330e+00,  0.0000000000000000e+00,  5.8489298168464168e-02,  1.0154955963598469e+00, -1.5379630351285353e+01,  0.0000000000000000e+00
 8.3916083916083917e-01,  6.3371777732975340e+02, -3.1001656668439770e-03,  2.9823105492107477e+01, -2.7566223261680331e-02,  8.7760245096785261e-02,  4.9750891893434929e-01,  5.3236991653538826e+02, -2.3314815648983274e+00, -1.4999992320689402e+04,  1.0043672258288865e+01,  2.6472253933353986e+00,  4.3370269981290532e-01,  5.7405186275254084e-03,  9.4257019747993002e-03, -3.7509143449641896e-01,  2.7433066213374246e-01, -2.2613227904007714e-03,  1.2938660268747443e-01,  1.3211610284440698e+00,  0.0000000000000000e+00,  5.4263894345918877e-02,  9.4749770740562178e-01, -1.0077355973016845e+01,  0.0000000000000000e+00
 8.4915084915084915e-01,  6.3371794092553421e+02, -2.2532848658622525e-03,  2.9822997843549796e+01, -2.7537724045521465e-02,  8.7824501468594468e-02,  4.9728504969295623e-01,  5.3870779003210919e+02, -2.3351212595353719e+00, -1.4999992102089571e+04,  1.0043629217681040e+01,  2.6472053903020520e+00,  4.3874996538037292e-01,  5.7206357667152737e-03,  1.0765555705755556e-02, -3.6239588419649482e-01,  2.7433066213374246e-01, -1.7698513233681090e-03,  1.3536798526932162e-01,  1.3432810770171244e+00,  0.0000000000000000e+00,  4.4128693354020199e-02,  2.4997508548018901e-01,  1.4505789697342395e+01,  0.0000000000000000e+00
 8.5914085914085914e-01,  6.3371810435218799e+02, -1.3819842961358363e-03,  2.9822896568892705e+01, -2.7508189224895205e-02,  8.7873297933396960e-02,  4.9705534175250993e-01,  5.4504566535477773e+02, -2.3381939247198140e+00, -1.4999991880237345e+04,  1.0043586497530800e+01,  2.6471889832341238e+00,  4.4379556557371036e-01,  5.7051569627228488e-03,  1.2130357025135395e-02, -3.4825265173883407e-01,  2.7433066213374246e-01, -1.3603666783588576e-03,  1.3328265760917377e-01,  1.5241467900400980e+00,  0.0000000000000000e+00,  3.7850132576831959e-02, -6.6745768304179154e-01,  2.1703526049856915e+01,  0.0000000000000000e+00
 8.6913086913086912e-01,  6.3371826770044254e+02, -4.8638421079249904e-04,  2.9822799286353028e+01, -2.7475767898322127e-02,  8.7902521785780494e-02,  4.9682440061047739e-01,  5.5138354242021944e+02, -2.3406995693626409e+00, -1.4999991655146752e+04,  1.0043544113230499e+01,  2.6471759922126439e+00,  4.4883942932613274e-01,  5.6934556133015103e-03,  1.3428545867777008e-02, -3.3194340087901036e-01,  2.7433066213374246e-01, -9.9166137414919840e-04,  1.2290538724843254e-01,  1.5019332292613030e+00,  0.0000000000000000e+00,  3.5964669325941868e-02, -1.4100718431785995e+00, -2.6150680917771677e+01,  0.0000000000000000e+00
 8.7912087912087911e-01,  6.3371843109400390e+02,  4.3228628475025310e-04,  2.9822704552942071e+01, -2.7442154336925737e-02,  8.7915618552207905e-02,  4.9659973153037607e-01,  5.5772142114526321e+02, -2.3426382120164386e+00, -1.4999991426833070e+04,  1.0043502094913245e+01,  2.6471662229923223e+00,  4.5388156023357529e-01,  5.6853435486539337e-03,  1.4586009118011169e-02, -3.1824399580953733e-01,  2.7433066213374246e-01, -6.5557479978311844e-04,  1.0696386256219174e-01,  1.6043500992213722e+00,  0.0000000000000000e+00,  3.1319862862147364e-02, -1.7814213990068102e+00,  4.6654538283777541e+01,  0.0000000000000000e+00
 8.8911088911088909e-01,  6.3371859467022159e+02,  1.3713601167463087e-03,  2.9822611940431074e+01, -2.7407204968077678e-02,  8.7920037726845313e-02,  4.9639321204195658e-01,  5.6405930144751255e+02, -2.3440098807989638e+00, -1.4999991195306340e+04,  1.0043460450185908e+01,  2.6471595157856287e+00,  4.5892204229939826e-01,  5.6803572157034460e-03,  1.5565685978909709e-02, -2.9988845384162033e-01,  2.7433066213374246e-01, -3.0460211859234770e-04,  9.0825655478980361e-02,  1.9091689577660882e+00,  0.0000000000000000e+00,  3.8944867912244968e-02, -1.4494476590521113e+00,  1.4370197196874662e+01,  0.0000000000000000e+00
 8.9910089910089908e-01,  6.3371875842495990e+02,  2.3252991120413968e-03,  2.9822523468395065e+01, -2.7365496588589319e-02,  8.7931391409001233e-02,  4.9622403613508165e-01,  5.7039718324557214e+02, -2.3448146284592148e+00, -1.4999990960563739e+04,  1.0043419238825610e+01,  2.6471558106285902e+00,  4.6396115279848349e-01,  5.6792575922385022e-03,  1.6400707529179607e-02, -2.8009876188813698e-01,  2.7433066213374246e-01,  1.4200953514934204e-04,  7.9466917807651194e-02,  1.8120973760839176e+00,  0.0000000000000000e+00,  5.0466785166841353e-02, -8.2457162274798845e-01, -3.3803927849645220e+01,  0.0000000000000000e+00
 9.0909090909090906e-01,  6.3371892240637249e+02,  3.2885480209767924e-03,  2.9822440014131423e+01, -2.7319599567986318e-02,  8.7949652585151819e-02,  4.9610015654559769e-01,  5.7673506645895191e+02, -2.3450525264494577e+00, -1.4999990722595841e+04,  1.0043378542074086e+01,  2.6471550955636896e+00,  4.6899931947029505e-01,  5.6831945690530832e-03,  1.7153436584457185e-02, -2.6368271206172189e-01,  2.7433066213374246e-01,  6.4686202922150488e-04,  7.4540729233542435e-02,  1.2953612418452647e+00,  0.0000000000000000e+00,  5.0604684146405690e-02, -1.6165132978858640e-01, -6.9646646224933164e+01,  0.0000000000000000e+00
 9.1908091908091905e-01,  6.3371908647193334e+02,  4.2568041287846014e-03,  2.9822364150047299e+01, -2.7277194009367491e-02,  8.7985965451855525e-02,  4.9601783643791131e-01,  5.8307295100774456e+02, -2.3447236479038835e+00, -1.4999990481389641e+04,  1.0043338389949666e+01,  2.6471573830631225e+00,  4.7403699291483292e-01,  5.6921819085066641e-03,  1.7890032788591043e-02, -2.5421741839472511e-01,  2.7433066213374246e-01,  1.0727349791243104e-03,  7.9057914438175642e-02,  9.1047089465409259e-01,  0.0000000000000000e+00,  3.4655080424136023e-02,  1.0659918077561559e+00, -7.4084012827395069e+00,  0.0000000000000000e+00
 9.2907092907092903e-01,  6.3371925031046703e+02,  5.2278996325285541e-03,  2.9822299621755690e+01, -2.7243975614786805e-02,  8.8048438627123166e-02,  4.9596429969837885e-01,  5.8941083681159887e+02, -2.3438280544402104e+00, -1.4999990236912829e+04,  1.0043298726469930e+01,  2.6471628369705651e+00,  4.7907454492924512e-01,  5.7046278353692532e-03,  1.8733015294510644e-02, -2.4549148539530646e-01,  2.7433066213374246e-01,  1.3330140534724242e-03,  9.2845860054619034e-02,  7.4830538076700193e-01,  0.0000000000000000e+00,  1.7452790260356392e-02,  1.6943549046558113e+00, -2.5057134597456354e+01,  0.0000000000000000e+00
 9.3906093906093902e-01,  6.3371941379068176e+02,  6.2008967343458359e-03,  2.9822245734002720e+01, -2.7218806218846554e-02,  8.8116311877156656e-02,  4.9592664983267887e-01,  5.9574872378924920e+02, -2.3423657911086986e+00, -1.4999989989141217e+04,  1.0043259479256635e+01,  2.6471715582177833e+00,  4.8411221896004852e-01,  5.7188155559286906e-03,  1.9745094927544470e-02, -2.3926626193584397e-01,  2.7433066213374246e-01,  1.4085099855740916e-03,  1.0630175313423107e-01,  3.7797490818897966e-01,  0.0000000000000000e+00, -2.3385046536025795e-03,  9.9951488988252135e-01, -4.9083026012664000e+01,  0.0000000000000000e+00
 9.4905094905094900e-01,  6.3371957692699789e+02,  7.1778714205722859e-03,  2.9822198740166435e+01, -2.7205150856006072e-02,  8.8166529229367699e-02,  4.9588356669875966e-01,  6.0208661185851690e+02, -2.3403368763240682e+00, -1.4999989738078926e+04,  1.0043220556083385e+01,  2.6471834218529646e+00,  4.8915004991852595e-01,  5.7327698930230812e-03,  2.0856926446043731e-02, -2.3793953917774444e-01,  2.7433066213374246e-01,  1.2565208741315526e-03,  1.1008008195376280e-01,  2.1781021817465596e-01,  0.0000000000000000e+00, -2.8089715457193722e-02, -2.4309346021226880e-01,  1.7018055071796375e+01,  0.0000000000000000e+00
 9.5904095904095898e-01,  6.3371973976843469e+02,  8.1621233017023075e-03,  2.9822155249844126e+01, -2.7203100624168617e-02,  8.8191188454619679e-02,  4.9582087706620814e-01,  6.0842450093664286e+02, -2.3377413003822984e+00, -1.4999989483743835e+04,  1.0043181822747034e+01,  2.6471981913240361e+00,  4.9418785358785017e-01,  5.7439208680991512e-03,  2.1944497164382886e-02, -2.3491440942486183e-01,  2.7433066213374246e-01,  9.0413217817370093e-04,  1.0159815784662593e-01,  5.4323202886807309e-01,  0.0000000000000000e+00, -4.2458501473566772e-02, -1.4549877460364060e+00,  4.8131391429025847e+01,  0.0000000000000000e+00
 9.6903096903096908e-01,  6.3371990243863036e+02,  9.1553050394934145e-03,  2.9822112587531471e+01, -2.7205732494053694e-02,  8.8191610430142814e-02,  4.9574161373981596e-01,  6.1476239094118966e+02, -2.3345790473709855e+00, -1.4999989226158104e+04,  1.0043143183427166e+01,  2.6472155931041055e+00,  4.9922539271643090e-01,  5.7508344720075709e-03,  2.2886859669752551e-02, -2.2708575238717349e-01,  2.7433066213374246e-01,  5.1089793612097713e-04,  8.4768601988190639e-02,  9.6559054676824874e-01,  0.0000000000000000e+00, -3.6266993785388141e-02, -1.9142893368223215e+00,  3.6424783854588888e+01,  0.0000000000000000e+00
 9.7902097902097907e-01,  6.3372006494318430e+02,  1.0155737416628959e-02,  2.9822071564740028e+01, -2.7203929241652314e-02,  8.8187360040769339e-02,  4.9566554532931451e-01,  6.2110028179089898e+02, -2.3308501195103841e+00, -1.4999988965332928e+04,  1.0043104632698100e+01,  2.6472354389575368e+00,  5.0426256857602691e-01,  5.7541286190705993e-03,  2.3638175525785305e-02, -2.1562189100791371e-01,  2.7433066213374246e-01,  2.3962220055667445e-04,  6.8932576730368539e-02,  9.1519977299322752e-01,  0.0000000000000000e+00, -1.8042408474585450e-02, -1.2560829197937389e+00, -4.6513016764349615e+01,  0.0000000000000000e+00
 9.8901098901098905e-01,  6.3372022715844662e+02,  1.1159896304126313e-02,  2.9822035473604853e+01, -2.7199348048068228e-02,  8.8199036152540655e-02,  4.9561008248831162e-01,  6.2743817340596479e+02, -2.3265545493803792e+00, -1.4999988701257589e+04,  1.0043066225240940e+01,  2.6472577137773592e+00,  5.0929952505648790e-01,  5.7556221283623496e-03,  2.4264133930099574e-02, -2.0880004263705906e-01,  2.7433066213374246e-01,  1.0074886475025187e-04,  6.2652123793657838e-02,  6.5176926433443538e-01,  0.0000000000000000e+00, -9.7600333538603607e-03, -1.2637581357444454e-03, -6.2257710691406007e+00,  0.0000000000000000e+00
 9.9900099900099903e-01,  6.3372038888456484e+02,  1.2163197937373976e-02,  2.9822007538119021e+01, -2.7196632499391443e-02,  8.8233561030064939e-02,  4.9558884014386906e-01,  6.3377606570772616e+02, -2.3216923867157377e+00, -1.4999988433905703e+04,  1.0043027970586424e+01,  2.6472825266157480e+00,  5.1433655421593205e-01,  5.7561415834012737e-03,  2.4889966210973273e-02, -2.0259952808414877e-01,  2.7433066213374246e-01,  1.9109813603364516e-05,  6.6898150702452405e-02,  4.8244662555418366e-01,  0.0000000000000000e+00, -6.5841046857464938e-03,  8.5131834527641936e-01, -2.7672621214665806e+01,  0.0000000000000000e+00
 1.0089910089910090e+00,  6.3372054996298391e+02,  1.3160945819584165e-02,  2.9821988362099070e+01, -2.7198922992168841e-02,  8.8280029600876775e-02,  4.9560604400152769e-01,  6.4011395861797860e+02, -2.3162636920018969e+00, -1.4999988163258071e+04,  1.0042989853430862e+01,  2.6473099307018857e+00,  5.1937403987560049e-01,  5.7560039428199592e-03,  2.5600760317760960e-02, -1.9916074941919326e-01,  2.7433066213374246e-01, -6.7445698642172789e-05,  7.6112198883235102e-02,  4.2349165308196579e-01,  0.0000000000000000e+00, -1.0744308865810126e-02,  9.9333410051620419e-01,  1.5869835725727496e+01,  0.0000000000000000e+00
 1.0189810189810189e+00,  6.3372071022989780e+02,  1.4150464587268766e-02,  2.9821977222019068e+01, -2.7207166846225542e-02,  8.8327064625523311e-02,  4.9565271427492352e-01,  6.4645185205841199e+02, -2.3102685172805102e+00, -1.4999987889309963e+04,  1.0042951823600180e+01,  2.6473398669577524e+00,  5.2441230173974440e-01,  5.7547940169948367e-03,  2.6410689465383556e-02, -1.9413815639419946e-01,  2.7433066213374246e-01, -1.7795424097441899e-04,  8.4208905620806837e-02,  6.5988840742585775e-01,  0.0000000000000000e+00, -1.1379501309105767e-02,  6.2762658834575136e-01,  3.1456794493920341e+01,  0.0000000000000000e+00
 1.0289710289710290e+00,  6.3372086952640825e+02,  1.5130243527608131e-02,  2.9821973041926736e+01, -2.7216429259728898e-02,  8.8369435866094165e-02,  4.9571861605928097e-01,  6.5278974595039540e+02, -2.3037069014717502e+00, -1.4999987612068835e+04,  1.0042913851079978e+01,  2.6473721829108481e+00,  5.2945155061020033e-01,  5.7524484135297611e-03,  2.7283255934560297e-02, -1.8597616585424107e-01,  2.7433066213374246e-01, -2.5939369801743315e-04,  8.9228735991714145e-02,  7.8849659893430046e-01,  0.0000000000000000e+00, -4.9246779909056801e-03,  3.7734345190989305e-01, -5.7094345539300946e+00,  0.0000000000000000e+00
 1.0389610389610389e+00,  6.3372102765637806e+02,  1.6099987903966054e-02,  2.9821975601935698e+01, -2.7223689339631870e-02,  8.8407872757276268e-02,  4.9579315008821145e-01,  6.5912764021518308e+02, -2.2965788733100010e+00, -1.4999987331540564e+04,  1.0042875948669263e+01,  2.6474067419307437e+00,  5.3449190950993997e-01,  5.7496113257257571e-03,  2.8193481393289931e-02, -1.7838397859331434e-01,  2.7433066213374246e-01, -2.9409156870361872e-04,  9.0724273642571643e-02,  6.0604398729665621e-01,  0.0000000000000000e+00, -2.0218357204686730e-03, -7.7936814208221114e-02, -3.0817578295926296e+01,  0.0000000000000000e+00
 1.0489510489510490e+00,  6.3372118453896553e+02,  1.7060547003246791e-02,  2.9821983178379799e+01, -2.7231685966670100e-02,  8.8435759230622482e-02,  4.9586663013970134e-01,  6.6546553477424095e+02, -2.2888844478269648e+00, -1.4999987047736771e+04,  1.0042838122304762e+01,  2.6474433668842110e+00,  5.3953339141046941e-01,  5.7465724581111073e-03,  2.9095928734611677e-02, -1.7386739487928290e-01,  2.7433066213374246e-01, -3.4480920110432873e-04,  8.7893868655579202e-02,  4.6316298156505731e-01,  0.0000000000000000e+00, -8.1318342861534700e-03, -4.8871026418766617e-01,  2.2128009484601696e+00,  0.0000000000000000e+00
 1.0589410589410588e+00,  6.3372134004946690e+02,  1.8012741614140303e-02,  2.9821995374380897e+01, -2.7243969215283569e-02,  8.8457948584049012e-02,  4.9593593938963187e-01,  6.7180342954968398e+02, -2.2806236300575566e+00, -1.4999986760669415e+04,  1.0042800334522875e+01,  2.6474818801320898e+00,  5.4457593348639943e-01,  5.7427220309983979e-03,  2.9949602645149655e-02, -1.6912997296763888e-01,  2.7433066213374246e-01, -4.5205093821090383e-04,  8.2933800293539098e-02,  5.1071482550591085e-01,  0.0000000000000000e+00, -1.3337961482582877e-02, -5.0429542189276322e-01,  7.3070782084987167e+00,  0.0000000000000000e+00
 1.0689310689310689e+00,  6.3372149403660717e+02,  1.8955563217146129e-02,  2.9822012503989601e+01, -2.7259084191190944e-02,  8.8479150796612435e-02,  4.9600926631921749e-01,  6.7814132446454687e+02, -2.2717964298727971e+00, -1.4999986470344145e+04,  1.0042762543530531e+01,  2.6475221596739145e+00,  5.4961951367227913e-01,  5.7375404713336667e-03,  3.0752947721495574e-02, -1.6366330246158239e-01,  2.7433066213374246e-01, -5.9686535154038960e-04,  7.7916429381248764e-02,  4.7638406665041189e-01,  0.0000000000000000e+00, -1.5653884065981172e-02, -5.0018223474757817e-01, -1.4180096131368233e+01,  0.0000000000000000e+00
 1.0789210789210790e+00,  6.3372164638635991e+02,  1.9887835171180302e-02,  2.9822034216732256e+01, -2.7278250999167912e-02,  8.8498478297234881e-02,  4.9609026194118561e-01,  6.8447921944283087e+02, -2.2624028650839230e+00, -1.4999986176768356e+04,  1.0042724714469795e+01,  2.6475640741897601e+00,  5.5466417473042362e-01,  5.7307966493492391e-03,  3.1506374460958837e-02, -1.5961180979780037e-01,  2.7433066213374246e-01, -7.7835312552039678e-04,  7.2868668150923285e-02,  4.0205486675273866e-01,  0.0000000000000000e+00, -2.0679968284814599e-02, -5.1037956356374448e-01, -7.0060968814670399e-01,  0.0000000000000000e+00
 1.0889110889110889e+00,  6.3372179699125434e+02,  2.0808797729192120e-02,  2.9822060062860047e+01, -2.7302617729820185e-02,  8.8514411832236822e-02,  4.9617838617777349e-01,  6.9081711440953723e+02, -2.2524429536216792e+00, -1.4999985879950271e+04,  1.0042686794760952e+01,  2.6476074894761896e+00,  5.5970996298536269e-01,  5.7219889603342582e-03,  3.2208865167068466e-02, -1.5563023819079841e-01,  2.7433066213374246e-01, -1.0057985805798830e-03,  6.6924077705651813e-02,  4.2363464386493893e-01,  0.0000000000000000e+00, -2.4854611818094560e-02, -6.7972744357960546e-01,  5.0208810660091991e+00,  0.0000000000000000e+00
 1.0989010989010990e+00,  6.3372194578743563e+02,  2.1718114001963891e-02,  2.9822088960854721e+01, -2.7331293585379592e-02,  8.8523291707426302e-02,  4.9627068394995183e-01,  6.9715500929063865e+02, -2.2419167108143738e+00, -1.4999985579902146e+04,  1.0042648732543071e+01,  2.6476522433197909e+00,  5.6475690434879311e-01,  5.7107007736133773e-03,  3.2843518870662169e-02, -1.5114758114915025e-01,  2.7433066213374246e-01, -1.2664498425884042e-03,  5.8885927902397009e-02,  4.6770291002219844e-01,  0.0000000000000000e+00, -2.7327770836011407e-02, -9.2951014703200718e-01,  3.8015858186741611e+00,  0.0000000000000000e+00
 1.1088911088911089e+00,  6.3372209273144608e+02,  2.2616346900668237e-02,  2.9822119909405068e+01, -2.7363189853210627e-02,  8.8524129989711695e-02,  4.9636106965663729e-01,  7.0349290401312726e+02, -2.2308241463389455e+00, -1.4999985276637961e+04,  1.0042610483933389e+01,  2.6476981626484393e+00,  5.6980497710339728e-01,  5.6966852671756487e-03,  3.3385407183100374e-02, -1.4628552470384140e-01,  2.7433066213374246e-01, -1.5446420504514331e-03,  4.8716020808173520e-02,  5.1098770903954849e-01,  0.0000000000000000e+00, -2.8366309178167005e-02, -1.1065052532315363e+00,  4.8640309445993291e+00,  0.0000000000000000e+00
 1.1188811188811190e+00,  6.3372223778886075e+02,  2.3504728335822987e-02,  2.9822152338376377e+01, -2.7397197087089514e-02,  8.8518932392366967e-02,  4.9644369698512503e-01,  7.0983079850513798e+02, -2.2191652632322643e+00, -1.4999984970169227e+04,  1.0042572013855764e+01,  2.6477450955405075e+00,  5.7485410356028721e-01,  5.6798387945833787e-03,  3.3816865939756545e-02, -1.4093803651299544e-01,  2.7433066213374246e-01, -1.8258473863875275e-03,  3.7694283033751212e-02,  5.6055749888348305e-01,  0.0000000000000000e+00, -2.7930999076239131e-02, -1.1000466492078096e+00,  5.0598409821563752e+00,  0.0000000000000000e+00
 1.1288711288711288e+00,  6.3372238091910492e+02,  2.4384600059227476e-02,  2.9822186253939321e+01, -2.7432329847359355e-02,  8.8511634655755289e-02,  4.9651583339904826e-01,  7.1616869269604263e+02, -2.2069400605962994e+00, -1.4999984660502319e+04,  1.0042533296509099e+01,  2.6477929344661035e+00,  5.7990417186942633e-01,  5.6602047999151587e-03,  3.4138539711247251e-02, -1.3508557467619939e-01,  2.7433066213374246e-01, -2.0948367472836860e-03,  2.7689751963586192e-02,  5.8768334272660783e-01,  0.0000000000000000e+00, -2.5920670975171773e-02, -9.0286047103922917e-01,  3.7075295523720730e-01,  0.0000000000000000e+00
 1.1388611388611389e+00,  6.3372252207058068e+02,  2.5256919802375079e-02,  2.9822222061871170e+01, -2.7467800630771581e-02,  8.8505955851196458e-02,  4.9657870872500920e-01,  7.2250658651647461e+02, -2.1941485379882413e+00, -1.4999984347638039e+04,  1.0042494315383403e+01,  2.6478416185375031e+00,  5.8495507233377242e-01,  5.6379839145177706e-03,  3.4370107737230794e-02, -1.2919611158339289e-01,  2.7433066213374246e-01, -2.3364481936016274e-03,  2.0140223657951963e-02,  5.7085052470298392e-01,  0.0000000000000000e+00, -2.2449940577680180e-02, -6.0855509574874378e-01, -3.7406831235667326e+00,  0.0000000000000000e+00
 1.1488511488511488e+00,  6.3372266118490393e+02,  2.6122013749210676e-02,  2.9822260211217284e+01, -2.7503037543040860e-02,  8.8503611024107337e-02,  4.9663640335942194e-01,  7.2884447989825867e+02, -2.1807906988649313e+00, -1.4999984031574126e+04,  1.0042455062501693e+01,  2.6478911149028730e+00,  5.9000672775851171e-01,  5.6135225183247166e-03,  3.4540941782335202e-02, -1.2367996978702889e-01,  2.7433066213374246e-01, -2.5381743370826645e-03,  1.5403176943668866e-02,  5.2706054684968051e-01,  0.0000000000000000e+00, -1.7935633347223472e-02, -3.3980165645073263e-01, -5.0260704426645972e+00,  0.0000000000000000e+00
 1.1588411588411589e+00,  6.3372279819833227e+02,  2.6979663139442459e-02,  2.9822300948977496e+01, -2.7537645480231535e-02,  8.8504261397680334e-02,  4.9669353172340952e-01,  7.3518237277424703e+02, -2.1668665517589156e+00, -1.4999983712308462e+04,  1.0042415536901560e+01,  2.6479413931036144e+00,  5.9505910514416938e-01,  5.5872711405500850e-03,  3.4677863520321081e-02, -1.1866543132665602e-01,  2.7433066213374246e-01, -2.6926292492170977e-03,  1.2809787011557116e-02,  4.9717275511089171e-01,  0.0000000000000000e+00, -1.2986240062090031e-02, -1.7939500795804034e-01, -9.5746546344092998e-01,  0.0000000000000000e+00
 1.1688311688311688e+00,  6.3372293305408709e+02,  2.7829385011480214e-02,  2.9822344162984390e+01, -2.7571321588290683e-02,  8.8505806806233683e-02,  4.9675318144495795e-01,  7.4152026507813162e+02, -2.1523761090861990e+00, -1.4999983389841567e+04,  1.0042375742796255e+01,  2.6479924070424166e+00,  6.0011220651967445e-01,  5.5597237321265728e-03,  3.4796881582765914e-02, -1.1374644820639170e-01,  2.7433066213374246e-01, -2.7985879360593641e-03,  1.1009676241591050e-02,  4.7908870733484138e-01,  0.0000000000000000e+00, -8.2266890437317584e-03, -1.8098716818916596e-01, -2.6629609013243467e+00,  0.0000000000000000e+00
 1.1788211788211789e+00,  6.3372306572160153e+02,  2.8670825589868991e-02,  2.9822389311039199e+01, -2.7603808445253446e-02,  8.8505112603613184e-02,  4.9681573711645910e-01,  7.4785815674437981e+02, -2.1373193844405258e+00, -1.4999983064177999e+04,  1.0042335687862140e+01,  2.6480440828362721e+00,  6.0516604555040254e-01,  5.5313552976717761e-03,  3.4897837071601621e-02, -1.0909322938190395e-01,  2.7433066213374246e-01, -2.8605656882582315e-03,  8.5107274793158119e-03,  4.6484358392117592e-01,  0.0000000000000000e+00, -4.1812569464814249e-03, -3.1930237401833700e-01, -1.8891280609147607e-01,  0.0000000000000000e+00
 1.1888111888111887e+00,  6.3372319619561438e+02,  2.9504031131735730e-02,  2.9822435651500104e+01, -2.7634903767776036e-02,  8.8499933209965215e-02,  4.9687917407063104e-01,  7.5419604770826095e+02, -2.1216963895012944e+00, -1.4999982735325919e+04,  1.0042295381574075e+01,  2.6480963220992497e+00,  6.1022062240245678e-01,  5.5025695725210138e-03,  3.4966926087847149e-02, -1.0445886411206251e-01,  2.7433066213374246e-01, -2.8864503236750178e-03,  4.5264736869873598e-03,  4.9038392599741243e-01,  0.0000000000000000e+00, -1.0008470639592509e-03, -4.7834523520581951e-01,  5.3020892897540177e+00,  0.0000000000000000e+00
 1.1988011988011988e+00,  6.3372332447670590e+02,  3.0329383587245417e-02,  2.9822482654660650e+01, -2.7664427521686987e-02,  8.8490559753224216e-02,  4.9694075911221686e-01,  7.6053393790591610e+02, -2.1055071327978410e+00, -1.4999982403294553e+04,  1.0042254834294148e+01,  2.6481490235023517e+00,  6.1527591238051516e-01,  5.4736839625334141e-03,  3.4988276106306664e-02, -9.9295348742595019e-02,  2.7433066213374246e-01, -2.8840323624366895e-03, -5.8819841653896593e-04,  5.1554330067395104e-01,  0.0000000000000000e+00,  1.4849229038725600e-03, -5.4561211992015135e-01, -2.6518247951097557e-01,  0.0000000000000000e+00
 1.2087912087912087e+00,  6.3372345056522556e+02,  3.1147458512704632e-02,  2.9822530158641577e+01, -2.7692299097606364e-02,  8.8479071890856339e-02,  4.9699845494724948e-01,  7.6687182727442655e+02, -2.0887516205673151e+00, -1.4999982068091280e+04,  1.0042214057075759e+01,  2.6482021054596765e+00,  6.2033187118507083e-01,  5.4449465482965045e-03,  3.4955173871732484e-02, -9.4158298664031526e-02,  2.7433066213374246e-01, -2.8597451128481166e-03, -5.7332786177837934e-03,  4.9765634932305070e-01,  0.0000000000000000e+00,  3.3773844637597231e-03, -4.8443293636906359e-01, -3.3157851809392760e+00,  0.0000000000000000e+00
 1.2187812187812188e+00,  6.3372357445581929e+02,  3.1958803403305210e-02,  2.9822578319583140e+01, -2.7718603636386552e-02,  8.8467955360667080e-02,  4.9705180279147088e-01,  7.7320971575184751e+02, -2.0714298581429724e+00, -1.4999981729720288e+04,  1.0042173060831754e+01,  2.6482555156646082e+00,  6.2538844802616467e-01,  5.4165461980409443e-03,  3.4873725084972322e-02, -8.9352164939936668e-02,  2.7433066213374246e-01, -2.8191455332076624e-03, -9.8518400948902230e-03,  4.4623817704221957e-01,  0.0000000000000000e+00,  4.7506513802592909e-03, -3.4010307134764406e-01, -6.9781329096831257e+00,  0.0000000000000000e+00
 1.2287712287712287e+00,  6.3372369614341267e+02,  3.2763763198782547e-02,  2.9822627363985610e+01, -2.7743587854663944e-02,  8.8458510309729330e-02,  4.9710184293229198e-01,  7.7954760327718998e+02, -2.0535418515185890e+00, -1.4999981388183605e+04,  1.0042131855363609e+01,  2.6483092240470980e+00,  6.3044560001558780e-01,  5.3886199642164314e-03,  3.4758333909796615e-02, -8.5242450970880290e-02,  2.7433066213374246e-01, -2.7673757155757743e-03, -1.2509069348109135e-02,  3.9820847935998188e-01,  0.0000000000000000e+00,  5.6136661096446733e-03, -1.9187422514678223e-01, -2.6374125663008665e+00,  0.0000000000000000e+00
 1.2387612387612388e+00,  6.3372381561995473e+02,  3.3562427909537076e-02,  2.9822677450495814e+01, -2.7767560244003710e-02,  8.8450944695241465e-02,  4.9715035285316594e-01,  7.8588548979034488e+02, -2.0350876081200990e+00, -1.4999981043482974e+04,  1.0042090448430029e+01,  2.6483632073872090e+00,  6.3550329973314512e-01,  5.3612539759515182e-03,  3.4623793629465646e-02, -8.1395951566110861e-02,  2.7433066213374246e-01, -2.7087218765252897e-03, -1.3842940899710523e-02,  3.9165276557278456e-01,  0.0000000000000000e+00,  6.1288324682623307e-03, -7.5166859483815796e-02,  1.3249586661039634e+00,  0.0000000000000000e+00
 1.2487512487512487e+00,  6.3372393287334899e+02,  3.4354676684641566e-02,  2.9822728635643518e+01, -2.7790745678708817e-02,  8.8444737257090025e-02,  4.9719899746708945e-01,  7.9222337523193767e+02, -2.0160671371048031e+00, -1.4999980695620905e+04,  1.0042048845989763e+01,  2.6484174412384967e+00,  6.4056153635480151e-01,  5.3344996470031389e-03,  3.4481751674038164e-02, -7.7417220889505978e-02,  2.7433066213374246e-01, -2.6459970713970924e-03, -1.4350079416513560e-02,  4.1677573333848883e-01,  0.0000000000000000e+00,  6.4286735184027628e-03, -2.6362271580152207e-02,  3.7046594805900397e+00,  0.0000000000000000e+00
 1.2587412587412588e+00,  6.3372404789963639e+02,  3.5140325132179663e-02,  2.9822780785565460e+01, -2.7813259319113590e-02,  8.8438694129018156e-02,  4.9724865969171089e-01,  7.9856125954323284e+02, -1.9964804487659624e+00, -1.4999980344601834e+04,  1.0042007052892973e+01,  2.6484718915358409e+00,  6.4562030920299840e-01,  5.3083869015979300e-03,  3.4337078756008832e-02, -7.3068764086820379e-02,  2.7433066213374246e-01, -2.5808782906014357e-03, -1.4692800204918959e-02,  4.6931468080916666e-01,  0.0000000000000000e+00,  6.6081063968877604e-03, -4.2250430258608626e-02,  6.8136378030396676e+00,  0.0000000000000000e+00
 1.2687312687312686e+00,  6.3372416070390136e+02,  3.5919212858693907e-02,  2.9822833650278373e+01, -2.7835103974622685e-02,  8.8431707116662428e-02,  4.9729947988699480e-01,  8.0489914266608866e+02, -1.9763275537122407e+00, -1.4999979990432124e+04,  1.0041965073617764e+01,  2.6485265137247196e+00,  6.5067961997919244e-01,  5.2829336471909225e-03,  3.4188189232381441e-02, -6.8040304190022133e-02,  2.7433066213374246e-01, -2.5138696180622335e-03, -1.5395661264129881e-02,  5.4763256399901616e-01,  0.0000000000000000e+00,  6.8070298454605488e-03, -9.8462353795418248e-02,  8.8656024115682062e+00,  0.0000000000000000e+00
 1.2787212787212787e+00,  6.3372427130210099e+02,  3.6691197850252683e-02,  2.9822886946490918e+01, -2.7856192657495681e-02,  8.8423186407101520e-02,  4.9735136468201724e-01,  8.1123702454297836e+02, -1.9556084625696257e+00, -1.4999979633119892e+04,  1.0041922913157830e+01,  2.6485812559480553e+00,  6.5573946913074632e-01,  5.2581597364018814e-03,  3.4029473136345897e-02, -6.2127054516410471e-02,  2.7433066213374246e-01, -2.4439749328123823e-03, -1.6633092477861339e-02,  6.4654531588492525e-01,  0.0000000000000000e+00,  7.1858861415540825e-03, -1.4927137519365349e-01,  1.0936730515992004e+01,  0.0000000000000000e+00
 1.2887112887112888e+00,  6.3372437971448448e+02,  3.7456081709172299e-02,  2.9822940490102376e+01, -2.7876391708979209e-02,  8.8413422332005706e-02,  4.9740457718080472e-01,  8.1757490511701133e+02, -1.9343231864151695e+00, -1.4999979272673854e+04,  1.0041880577820690e+01,  2.6486360668353788e+00,  6.6079985852270429e-01,  5.2341029792026626e-03,  3.3855859712344248e-02, -5.5122315860652860e-02,  2.7433066213374246e-01, -2.3685185507704635e-03, -1.8207754356381192e-02,  7.6491783346220699e-01,  0.0000000000000000e+00,  7.9204815432432577e-03, -1.6597593288598031e-01,  1.2761447502978124e+01,  0.0000000000000000e+00
 1.2987012987012987e+00,  6.3372448596459753e+02,  3.8213475797624893e-02,  2.9822994215400527e+01, -2.7895516843094673e-02,  8.8403196876679524e-02,  4.9746022408993618e-01,  8.2391278433197931e+02, -1.9124717377706764e+00, -1.4999978909102738e+04,  1.0041838075993850e+01,  2.6486909006322410e+00,  6.6586079865793257e-01,  5.2108366884344396e-03,  3.3665681840514106e-02, -4.6843980920761988e-02,  2.7433066213374246e-01, -2.2837032457772234e-03, -1.9576369904670116e-02,  8.3594592533236278e-01,  0.0000000000000000e+00,  9.0595425164034533e-03, -1.0802089988146311e-01,  1.4583764894270768e+00,  0.0000000000000000e+00
 1.3086913086913088e+00,  6.3372459004915004e+02,  3.8962812825332996e-02,  2.9823048404000382e+01, -2.7913556110158510e-02,  8.8394808462959717e-02,  4.9751985117991615e-01,  8.3025066213230889e+02, -1.8900541316810235e+00, -1.4999978542414381e+04,  1.0041795418313258e+01,  2.6487457254802056e+00,  6.7092231748377140e-01,  5.1884745427235972e-03,  3.3464723450512678e-02, -3.8420099570295969e-02,  2.7433066213374246e-01, -2.1878769409152815e-03, -1.9830858965699128e-02,  8.5260354311828424e-01,  0.0000000000000000e+00,  1.0124883716957356e-02,  5.7072189863455379e-02,  1.8764785913143585e+00,  0.0000000000000000e+00
 1.3186813186813187e+00,  6.3372469194176574e+02,  3.9703391241247978e-02,  2.9823103566113083e+01, -2.7930697813428565e-02,  8.8390239521513411e-02,  4.9758495952573217e-01,  8.3658853846285592e+02, -1.8670703855713453e+00, -1.4999978172614268e+04,  1.0041752615277598e+01,  2.6488005330686941e+00,  6.7598446272208990e-01,  5.1671228634411273e-03,  3.3269460882158479e-02, -2.9808945094222852e-02,  2.7433066213374246e-01, -2.0828369441638927e-03, -1.8425259557370906e-02,  8.6905056367787037e-01,  0.0000000000000000e+00,  1.0904123632670668e-02,  2.2432881168385474e-01,  1.4162149247147813e+00,  0.0000000000000000e+00
 1.3286713286713288e+00,  6.3372479162388299e+02,  4.0434393796117886e-02,  2.9823159972972359e+01, -2.7947133097827686e-02,  8.8388929555041351e-02,  4.9765671393928157e-01,  8.4292641326880698e+02, -1.8435205185658412e+00, -1.4999977799707836e+04,  1.0041709676254948e+01,  2.6488553215039432e+00,  6.8104729679744291e-01,  5.1468594189640789e-03,  3.3096586396419353e-02, -2.1056451944364504e-02,  2.7433066213374246e-01, -1.9721504949981048e-03, -1.5826310200855360e-02,  8.5304024780001320e-01,  0.0000000000000000e+00,  1.1255303490320114e-02,  2.9598084949055803e-01, -4.6214801634617331e+00,  0.0000000000000000e+00
 1.3386613386613386e+00,  6.3372488908423929e+02,  4.1155033311971567e-02,  2.9823217595057233e+01, -2.7963094447566401e-02,  8.8389090292756600e-02,  4.9773544782421231e-01,  8.4926428649558329e+02, -1.8194045502529064e+00, -1.4999977423702836e+04,  1.0041666608931042e+01,  2.6489100760683537e+00,  6.8611088712441282e-01,  5.1277192571474589e-03,  3.2953250888135395e-02, -1.2765183899417401e-02,  2.7433066213374246e-01, -1.8613795620075521e-03, -1.3052481562627491e-02,  7.9548917032032573e-01,  0.0000000000000000e+00,  1.0921037294388525e-02,  2.5933964388266117e-01, -6.9002455479717568e+00,  0.0000000000000000e+00
 1.3486513486513487e+00,  6.3372498432941939e+02,  4.1864680848222820e-02,  2.9823276132187431e+01, -2.7978903408835930e-02,  8.8388498286466194e-02,  4.9782056130907021e-01,  8.5560215808877695e+02, -1.7947224991877075e+00, -1.4999977044609770e+04,  1.0041623418004159e+01,  2.6489647643908083e+00,  6.9117529594321536e-01,  5.1096690181247672e-03,  3.2835797554009213e-02, -5.1625624274748896e-03,  2.7433066213374246e-01, -1.7572265163746641e-03, -1.1215992616198701e-02,  7.6601653751658172e-01,  0.0000000000000000e+00,  9.9304024413156521e-03,  1.0832544319238289e-01,  9.9982446066220187e-01,  0.0000000000000000e+00
 1.3586413586413586e+00,  6.3372507740905951e+02,  4.2562793799354071e-02,  2.9823334945149146e+01, -2.7994729376529463e-02,  8.8384395756319636e-02,  4.9791127772611160e-01,  8.6194002799427244e+02, -1.7694743819858194e+00, -1.4999976662442665e+04,  1.0041580104989853e+01,  2.6490193319590687e+00,  6.9624057355835778e-01,  5.0926098362408722e-03,  3.2729155131567989e-02,  2.5398418251896173e-03,  2.7433066213374246e-01, -1.6635821491276476e-03, -1.1323331119135263e-02,  7.7287079506120548e-01,  0.0000000000000000e+00,  8.8171998815370616e-03, -1.2981461148028287e-01,  3.7239789977148618e-01,  0.0000000000000000e+00
 1.3686313686313687e+00,  6.3372516841003358e+02,  4.3248838432198199e-02,  2.9823393278894091e+01, -2.8010567354700831e-02,  8.8375194864224266e-02,  4.9800714343016700e-01,  8.6827789615853078e+02, -1.7436602138498229e+00, -1.4999976277218797e+04,  1.0041536670373088e+01,  2.6490737026388924e+00,  7.0130676024245697e-01,  5.0764306135467922e-03,  3.2609557172008509e-02,  1.0279411499821915e-02,  2.7433066213374246e-01, -1.5801606253746988e-03, -1.3679952020249068e-02,  7.6904107181981518e-01,  0.0000000000000000e+00,  7.8837891738033038e-03, -3.4198089292270101e-01, -1.1391084926978343e+00,  0.0000000000000000e+00
 1.3786213786213786e+00,  6.3372525743594394e+02,  4.3922264853421565e-02,  2.9823450612126706e+01, -2.8026406190134745e-02,  8.8361509587345233e-02,  4.9810815285518584e-01,  8.7461576252885470e+02, -1.7172800094837686e+00, -1.4999975888956284e+04,  1.0041493114730200e+01,  2.6491277977475987e+00,  7.0637389364555325e-01,  5.0610381953742449e-03,  3.2455829416877698e-02,  1.7905297805605496e-02,  2.7433066213374246e-01, -1.5046021022048107e-03, -1.7627639401267294e-02,  7.4468272266176261e-01,  0.0000000000000000e+00,  7.2430271648083085e-03, -4.4834612075714797e-01, -3.7374330087442771e+00,  0.0000000000000000e+00
 1.3886113886113887e+00,  6.3372534459585995e+02,  4.4582421069845383e-02,  2.9823506762819505e+01, -2.8042238100501087e-02,  8.8345448173382607e-02,  4.9821489300579042e-01,  8.8095362705360367e+02, -1.6903337840494033e+00, -1.4999975497672202e+04,  1.0041449439064172e+01,  2.6491815522786930e+00,  7.1144201724410649e-01,  5.0463686334827600e-03,  3.2257356584570601e-02,  2.5158187177379603e-02,  2.7433066213374246e-01, -1.4351031838818285e-03, -2.1823712598142191e-02,  6.2526926761098911e-01,  0.0000000000000000e+00,  6.6706562834526976e-03, -3.9170773325720709e-01, -2.0169140692420584e+01,  0.0000000000000000e+00
 1.3986013986013985e+00,  6.3372542996550089e+02,  4.5228699130182633e-02,  2.9823562101937362e+01, -2.8058429025572106e-02,  8.8330957364291585e-02,  4.9832755740717238e-01,  8.8729148968226002e+02, -1.6628215535758242e+00, -1.4999975103380539e+04,  1.0041405643650045e+01,  2.6492349300268572e+00,  7.1651118536776515e-01,  5.0323648050868957e-03,  3.2019791203128603e-02,  3.0398190265365513e-02,  2.7433066213374246e-01, -1.3751943742712255e-03, -2.4459648374592045e-02,  4.4377662765446463e-01,  0.0000000000000000e+00,  5.3230874005900618e-03, -1.3600660918805385e-01, -1.6165685826875649e+01,  0.0000000000000000e+00
 1.4085914085914086e+00,  6.3372551356799715e+02,  4.5860664039563424e-02,  2.9823617501525717e+01, -2.8075524141992828e-02,  8.8322175535387293e-02,  4.9844543856251650e-01,  8.9362935036518240e+02, -1.6347433336500015e+00, -1.4999974706090272e+04,  1.0041361723712912e+01,  2.6492879389326918e+00,  7.2158145738645785e-01,  5.0188922224084099e-03,  3.1768652321341989e-02,  3.4024853064581688e-02,  2.7433066213374246e-01, -1.3317890392376503e-03, -2.4100737482079013e-02,  2.8108482299337795e-01,  0.0000000000000000e+00,  3.3666606731316746e-03,  2.0786056986916315e-01, -1.6405213466273910e+01,  0.0000000000000000e+00
 1.4185814185814185e+00,  6.3372559539676024e+02,  4.6478085157222043e-02,  2.9823673805529246e+01, -2.8093852636036507e-02,  8.8320514756663415e-02,  4.9856701575052315e-01,  8.9996720905326788e+02, -1.6060991381490011e+00, -1.4999974305807000e+04,  1.0041317670090182e+01,  2.6493406175789271e+00,  7.2665288704573805e-01,  5.0057556334737558e-03,  3.1538257986703448e-02,  3.6014270644853581e-02,  2.7433066213374246e-01, -1.3098020883434555e-03, -2.0669290303034920e-02,  1.5705132427252136e-01,  0.0000000000000000e+00,  1.0351268958861497e-03,  4.7911515537546467e-01, -8.4262929776415962e+00,  0.0000000000000000e+00
 1.4285714285714286e+00,  6.3372567543729645e+02,  4.7080986667369762e-02,  2.9823731422522300e+01, -2.8113480349145206e-02,  8.8324020569907097e-02,  4.9869024359711028e-01,  9.0630506569760325e+02, -1.5768889776582939e+00, -1.4999973902536556e+04,  1.0041273470574735e+01,  2.6493930073746639e+00,  7.3172550908162548e-01,  4.9927223505134358e-03,  3.1355679488114518e-02,  3.7162741661435260e-02,  2.7433066213374246e-01, -1.3093512010535512e-03, -1.5701879476885578e-02,  1.4804602475154088e-01,  0.0000000000000000e+00, -9.4485926044734689e-04,  5.1536049201959877e-01,  6.6234320135413043e+00,  0.0000000000000000e+00
 1.4385614385614385e+00,  6.3372575371375069e+02,  4.7669422119898351e-02,  2.9823789946108654e+01, -2.8133908482371940e-02,  8.8327550624989093e-02,  4.9881392804018465e-01,  9.1264292024930728e+02, -1.5471128591646759e+00, -1.4999973496289485e+04,  1.0041229113791236e+01,  2.6494451161410297e+00,  7.3679933371677431e-01,  4.9795947703158427e-03,  3.1224534121031409e-02,  3.8972233177351899e-02,  2.7433066213374246e-01, -1.3216768353136650e-03, -1.1633482964505735e-02,  1.8407680446161553e-01,  0.0000000000000000e+00, -1.5227327184274030e-03,  2.9913248975881190e-01,  5.8993008441564476e-01,  0.0000000000000000e+00
 1.4485514485514486e+00,  6.3372583028930910e+02,  4.8243295520442459e-02,  2.9823848461303921e+01, -2.8154387214947355e-02,  8.8326381324323605e-02,  4.9893829209975932e-01,  9.1898077265959273e+02, -1.5167707879425392e+00, -1.4999973087082981e+04,  1.0041184594830806e+01,  2.6494969030173565e+00,  7.4187435740874108e-01,  4.9663152209367392e-03,  3.1123242266046472e-02,  4.0840599892436567e-02,  2.7433066213374246e-01, -1.3345346165643556e-03, -1.0242593668519094e-02,  1.2154999298743503e-01,  0.0000000000000000e+00, -1.0513950879608987e-03, -2.0676452702286369e-02, -1.3107797741546586e+01,  0.0000000000000000e+00
 1.4585414585414584e+00,  6.3372590523752115e+02,  4.8802436283335089e-02,  2.9823906231036972e+01, -2.8174685994348084e-02,  8.8319914115833315e-02,  4.9906414081945893e-01,  9.2531862287995295e+02, -1.4858627691171862e+00, -1.4999972674938590e+04,  1.0041139914080969e+01,  2.6495482967056927e+00,  7.4695057736106552e-01,  4.9529307420128586e-03,  3.1019886894887171e-02,  4.1400804465812138e-02,  2.7433066213374246e-01, -1.3421598575218950e-03, -1.1194643564182037e-02, -2.4715768689480500e-02,  0.0000000000000000e+00, -4.7517815173847680e-04, -1.6992393640943512e-01, -1.6174607746171919e+01,  0.0000000000000000e+00
 1.4685314685314685e+00,  6.3372597859226244e+02,  4.9346632914862777e-02,  2.9823963406479084e+01, -2.8194970359080418e-02,  8.8312702944179367e-02,  4.9919220965521266e-01,  9.3165647086223908e+02, -1.4543888086113197e+00, -1.4999972259875522e+04,  1.0041095072440468e+01,  2.6495992472632692e+00,  7.5202800379002821e-01,  4.9394988401670710e-03,  3.0899573063964913e-02,  4.0346778340199195e-02,  2.7433066213374246e-01, -1.3455504964619207e-03, -1.2243497526340784e-02, -2.2505667732898627e-01,  0.0000000000000000e+00, -2.0362776405466991e-04, -4.0056626814746137e-02, -2.3933642163457154e+01,  0.0000000000000000e+00
 1.4785214785214784e+00,  6.3372605035323181e+02,  4.9875785223679733e-02,  2.9824020804170200e+01, -2.8215584131718367e-02,  8.8310032837930486e-02,  4.9932219192559713e-01,  9.3799431655863407e+02, -1.4223489129819848e+00, -1.4999971841907114e+04,  1.0041050069112107e+01,  2.6496497560863603e+00,  7.5710666040244090e-01,  4.9260466162094237e-03,  3.0775261569685557e-02,  3.6904167556142085e-02,  2.7433066213374246e-01, -1.3510673749360337e-03, -1.1076099432231413e-02, -4.2610459619620572e-01,  0.0000000000000000e+00, -9.0085130646274747e-04,  2.7376972525544258e-01, -1.6316151193760202e+01,  0.0000000000000000e+00
 1.4885114885114885e+00,  6.3372612048910923e+02,  5.0390145180156998e-02,  2.9824079431650848e+01, -2.8237034592461623e-02,  8.8314869675151633e-02,  4.9945206483907073e-01,  9.4433215992150303e+02, -1.3897430870805501e+00, -1.4999971421041366e+04,  1.0041004898475782e+01,  2.6496998702582193e+00,  7.6218656734419821e-01,  4.9125044870214959e-03,  3.0678272376008241e-02,  3.1833199994620663e-02,  2.7433066213374246e-01, -1.3673675511547371e-03, -6.8963995248951630e-03, -5.3729405685678366e-01,  0.0000000000000000e+00, -2.3624439725246681e-03,  5.6300619619324721e-01, -5.9439788304886161e+00,  0.0000000000000000e+00
 1.4985014985014986e+00,  6.3372618897049347e+02,  5.0890218035329914e-02,  2.9824139834487838e+01, -2.8259312551272887e-02,  8.8325804928233997e-02,  4.9957933358740469e-01,  9.5067000090314275e+02, -1.3565713320797959e+00, -1.4999970997285287e+04,  1.0040959551130483e+01,  2.6497496491157566e+00,  7.6726772257557851e-01,  4.8987265852173207e-03,  3.0637471369387950e-02,  2.6169021564997442e-02,  2.7433066213374246e-01, -1.3979165936719713e-03, -8.5165705481350738e-04, -5.8014648672413660e-01,  0.0000000000000000e+00, -3.7534743394225258e-03,  6.4715124631710363e-01, -2.6350776289541722e+00,  0.0000000000000000e+00
 1.5084915084915085e+00,  6.3372625579460725e+02,  5.1376756242523483e-02,  2.9824201812169321e+01, -2.8282123807555896e-02,  8.8338174535131903e-02,  4.9970159712579276e-01,  9.5700783945561454e+02, -1.3228336448446560e+00, -1.4999970570649526e+04,  1.0040914018135673e+01,  2.6497991267106538e+00,  7.7235009306212821e-01,  4.8845740855495284e-03,  3.0661256251036943e-02,  2.0241861598534024e-02,  2.7433066213374246e-01, -1.4392043286394003e-03,  4.6547862174980068e-03, -5.7399104211227825e-01,  0.0000000000000000e+00, -4.5123302010567556e-03,  4.5523869679966206e-01,  3.8673976402481767e+00,  0.0000000000000000e+00
 1.5184815184815186e+00,  6.3372632100999499e+02,  5.1850478924648884e-02,  2.9824264455087530e+01, -2.8304802140213543e-02,  8.8346379177044271e-02,  4.9981802577593221e-01,  9.6334567553078193e+02, -1.2885300185546391e+00, -1.4999970141151394e+04,  1.0040868294013844e+01,  2.6498482876532532e+00,  7.7743361823925883e-01,  4.8699712539757743e-03,  3.0730474091016282e-02,  1.4700669075241639e-02,  2.7433066213374246e-01, -1.4820786467515089e-03,  7.2880257420546426e-03, -5.5544932835314964e-01,  0.0000000000000000e+00, -4.0711082849873882e-03,  7.1935856016576635e-02, -1.5534654567062725e-01,  0.0000000000000000e+00
 1.5284715284715285e+00,  6.3372638471609878e+02,  5.2311912765080314e-02,  2.9824326576751254e+01, -2.8326793864193459e-02,  8.8346749831149027e-02,  4.9992937417535532e-01,  9.6968350908059961e+02, -1.2536604452836808e+00, -1.4999969708814469e+04,  1.0040822379590848e+01,  2.6498970703434424e+00,  7.8251822914635261e-01,  4.8549621245754723e-03,  3.0806871150978094e-02,  9.1439729201494221e-03,  2.7433066213374246e-01, -1.5161814308384826e-03,  6.0403687612355277e-03, -5.4123020979981273e-01,  0.0000000000000000e+00, -2.7562690892247699e-03, -3.2171678357656353e-01,  3.0020140800486734e+00,  0.0000000000000000e+00
 1.5384615384615385e+00,  6.3372644703205719e+02,  5.2761302912164194e-02,  2.9824387355741766e+01, -2.8347741010963098e-02,  8.8340074730467372e-02,  5.0003752570650628e-01,  9.7602134005752157e+02, -1.2182249182401936e+00, -1.4999969273665229e+04,  1.0040776280457264e+01,  2.6499453935341823e+00,  7.8760386744386668e-01,  4.8396779186942861e-03,  3.0851160779552456e-02,  3.8868786696509808e-03,  2.7433066213374246e-01, -1.5320835802113222e-03,  2.0616379352773515e-03, -4.9973912492355660e-01,  0.0000000000000000e+00, -4.2734121521771960e-04, -4.7482512778026364e-01,  5.3045011121777881e+00,  0.0000000000000000e+00
 1.5484515484515484e+00,  6.3372650804421187e+02,  5.3198562421026573e-02,  2.9824446927960281e+01, -2.8367175119773696e-02,  8.8331778161340441e-02,  5.0014491481585621e-01,  9.8235916841472999e+02, -1.1822234341196005e+00, -1.4999968835726886e+04,  1.0040730007564486e+01,  2.6499932057701789e+00,  7.9269050356249904e-01,  4.8243510640317896e-03,  3.0848062718116503e-02, -8.4082478062093475e-04,  2.7433066213374246e-01, -1.5207526988427903e-03, -1.8206974796821658e-03, -5.0804981483199640e-01,  0.0000000000000000e+00,  2.6957836651978449e-03, -3.0241842229463212e-01, -6.9683012318474411e+00,  0.0000000000000000e+00
 1.5584415584415585e+00,  6.3372656778830617e+02,  5.3623520394045963e-02,  2.9824506259718230e+01, -2.8385007319773222e-02,  8.8328510282365019e-02,  5.0025300540219053e-01,  9.8869699410613828e+02, -1.1456559935755981e+00, -1.4999968395016078e+04,  1.0040683576877035e+01,  2.6500405122900577e+00,  7.9777814025621197e-01,  4.8092932493867379e-03,  3.0814783207530835e-02, -6.2639667815377531e-03,  2.7433066213374246e-01, -1.4818374564557065e-03, -2.7659364525035993e-03, -6.1368251506724447e-01,  0.0000000000000000e+00,  5.0950478606963129e-03,  1.1318157993578100e-01, -1.4179365355249233e+01,  0.0000000000000000e+00
 1.5684315684315684e+00,  6.3372662625174200e+02,  5.4036215272336305e-02,  2.9824566621482571e+01, -2.8401727827781473e-02,  8.8334275715907337e-02,  5.0036140195928080e-01,  9.9503481708612605e+02, -1.1085225987793539e+00, -1.4999967951542842e+04,  1.0040637002747982e+01,  2.6500873740848432e+00,  8.0286679632355762e-01,  4.7947439220446626e-03,  3.0792799252532015e-02, -1.3102213693053385e-02,  2.7433066213374246e-01, -1.4290569989390334e-03,  3.6905001060098862e-04, -8.0194910251485785e-01,  0.0000000000000000e+00,  5.4715997341416318e-03,  5.1444270997775776e-01, -2.3511605451762982e+01,  0.0000000000000000e+00
 1.5784215784215785e+00,  6.3372668341096653e+02,  5.4437162526848409e-02,  2.9824628791474968e+01, -2.8418356099723093e-02,  8.8347927449266658e-02,  5.0046746852315305e-01,  1.0013726373091351e+03, -1.0708232496451824e+00, -1.4999967505315708e+04,  1.0040590291626122e+01,  2.6501338682395801e+00,  8.0795647882356025e-01,  4.7807406619953486e-03,  3.0822156834116269e-02, -2.2286925872743696e-02,  2.7433066213374246e-01, -1.3859501469243652e-03,  6.2865152189143384e-03, -9.8640137461066857e-01,  0.0000000000000000e+00,  3.1583920391949757e-03,  6.7023382472657544e-01, -1.3415739421818349e+01,  0.0000000000000000e+00
 1.5884115884115884e+00,  6.3372673927215635e+02,  5.4827393782327670e-02,  2.9824692594667610e+01, -2.8435741505198300e-02,  8.8363752339185864e-02,  5.0056735533106911e-01,  1.0077104547293881e+03, -1.0325579400562646e+00, -1.4999967056346910e+04,  1.0040543437779947e+01,  2.6501800437003955e+00,  8.1304715475805622e-01,  4.7670526104178022e-03,  3.0918403952210623e-02, -3.2810532866093707e-02,  2.7433066213374246e-01, -1.3718961307803315e-03,  1.2176925338756152e-02, -1.0387048549901066e+00,  0.0000000000000000e+00, -3.4477800715945240e-04,  5.0902628126575611e-01,  2.9445826498548779e+00,  0.0000000000000000e+00
 1.5984015984015985e+00,  6.3372679386591938e+02,  5.5208202555957292e-02,  2.9824757248409995e+01, -2.8453832441717272e-02,  8.8376461773178483e-02,  5.0065786100224940e-01,  1.0140482693008012e+03, -9.9372665733478494e-01, -1.4999966604655694e+04,  1.0040496429006906e+01,  2.6502258971749582e+00,  8.1813874343786996e-01,  4.7533301498918455e-03,  3.1065452045679828e-02, -4.3040269628789769e-02,  2.7433066213374246e-01, -1.3867107345333523e-03,  1.5814364533348883e-02, -9.4211434651114356e-01,  0.0000000000000000e+00, -2.6211056641952915e-03,  2.1918904549170937e-01,  1.6392837147633522e+01,  0.0000000000000000e+00
 1.6083916083916083e+00,  6.3372684722432427e+02,  5.5580762292237233e-02,  2.9824822103900942e+01, -2.8471597103583868e-02,  8.8384800111248704e-02,  5.0073813912506271e-01,  1.0203860809770044e+03, -9.5432938530774913e-01, -1.4999966150265063e+04,  1.0040449257496041e+01,  2.6502713967537161e+00,  8.2323113580547680e-01,  4.7393461022353176e-03,  3.1234375271558253e-02, -5.1633996332849812e-02,  2.7433066213374246e-01, -1.4093701309061445e-03,  1.6951124944069293e-02, -7.5876003375352064e-01,  0.0000000000000000e+00, -1.9153054896377348e-03,  8.3903887345162347e-03,  2.0314696266442599e+01,  0.0000000000000000e+00
 1.6183816183816184e+00,  6.3372689938042583e+02,  5.5945757130595457e-02,  2.9824886942973954e+01, -2.8487555123797251e-02,  8.8390522961218285e-02,  5.0081043962774718e-01,  1.0267238897115064e+03, -9.1436610916797467e-01, -1.4999965693198057e+04,  1.0040401928859270e+01,  2.6503165147707146e+00,  8.2832422944322859e-01,  4.7251709065170974e-03,  3.1404135860746148e-02, -5.8200310263225738e-02,  2.7433066213374246e-01, -1.4090817444469476e-03,  1.6616658231069736e-02, -5.6024087283563839e-01,  0.0000000000000000e+00,  1.9730404587689748e-03, -7.5350624677027481e-02,  1.9428839749317433e+01,  0.0000000000000000e+00
 1.6283716283716283e+00,  6.3372695038880147e+02,  5.6303169698419406e-02,  2.9824951719876694e+01, -2.8500407236193549e-02,  8.8395122456376082e-02,  5.0087954380749311e-01,  1.0330616954579739e+03, -8.7383681958374915e-01, -1.4999965233476700e+04,  1.0040354464761995e+01,  2.6503612356031576e+00,  8.3341796067233986e-01,  4.7111926208277862e-03,  3.1566376435016190e-02, -6.2827620165729695e-02,  2.7433066213374246e-01, -1.3588671415016124e-03,  1.5709897908826081e-02, -3.9526904059965196e-01,  0.0000000000000000e+00,  8.0799230508871046e-03, -1.0618279183615223e-01,  1.3598521064327077e+01,  0.0000000000000000e+00
 1.6383616383616384e+00,  6.3372700032826663e+02,  5.6652249512630412e-02,  2.9825016320533692e+01, -2.8509385686922423e-02,  8.8398810448139936e-02,  5.0095134587343593e-01,  1.0393994981705091e+03, -8.3274151486218440e-01, -1.4999964771123749e+04,  1.0040306900177059e+01,  2.6504055415986620e+00,  8.3851232253621533e-01,  4.6980207138797025e-03,  3.1718019934848567e-02, -6.6097793591890108e-02,  2.7433066213374246e-01, -1.2463158893693802e-03,  1.4499715304089958e-02, -3.5600113886822532e-01,  0.0000000000000000e+00,  1.4452837625985824e-02, -1.3609576563201975e-01, -5.7370871376954602e+00,  0.0000000000000000e+00
 1.6483516483516483e+00,  6.3372704928691064e+02,  5.6991914360802316e-02,  2.9825080585511735e+01, -2.8514812302757427e-02,  8.8401490862873189e-02,  5.0103013287423170e-01,  1.0457372978037654e+03, -7.9108020036459847e-01, -1.4999964306163725e+04,  1.0040259275270564e+01,  2.6504494041639224e+00,  8.4360736229975541e-01,  4.6862912044567696e-03,  3.1856081036496509e-02, -6.9940530033226700e-02,  2.7433066213374246e-01, -1.0824907199951182e-03,  1.3158717684080015e-02, -4.9359928033584571e-01,  0.0000000000000000e+00,  1.8344961282741438e-02, -1.3237195789397083e-01, -2.1810060784122161e+01,  0.0000000000000000e+00
 1.6583416583416584e+00,  6.3372709732940643e+02,  5.7321356189019124e-02,  2.9825144601744807e+01, -2.8518197107692718e-02,  8.8404521505914685e-02,  5.0111633102849407e-01,  1.0520750943129026e+03, -7.4885288444515896e-01, -1.4999963838621390e+04,  1.0040211622050135e+01,  2.6504927951465729e+00,  8.4870315442009281e-01,  4.6763925276660139e-03,  3.1980931377087927e-02, -7.5959917075123784e-02,  2.7433066213374246e-01, -9.0109464526927612e-04,  1.2343782507261593e-02, -6.6349354537921568e-01,  0.0000000000000000e+00,  1.7970532877372165e-02, -3.0778064505077411e-02, -1.2202771077560525e+01,  0.0000000000000000e+00
 1.6683316683316682e+00,  6.3372714448182001e+02,  5.7640480851801991e-02,  2.9825208834743197e+01, -2.8521347433947859e-02,  8.8410500132891562e-02,  5.0120629472144851e-01,  1.0584128876533539e+03, -7.0605957295929334e-01, -1.4999963368518826e+04,  1.0040163953834004e+01,  2.6505357087993340e+00,  8.5379976057407725e-01,  4.6682873154404005e-03,  3.2102710057620616e-02, -8.3197144326517716e-02,  2.7433066213374246e-01, -7.3430109208635300e-04,  1.3184612017347693e-02, -6.1042152415999362e-01,  0.0000000000000000e+00,  1.5421536469849071e-02,  1.9911213242431480e-01,  2.2827789725648788e+01,  0.0000000000000000e+00
 1.6783216783216783e+00,  6.3372719071296615e+02,  5.7949544024808827e-02,  2.9825274176940599e+01, -2.8523995003829190e-02,  8.8422780769422532e-02,  5.0129622746433589e-01,  1.0647506777805229e+03, -6.6270026674926030e-01, -1.4999962895873628e+04,  1.0040116273029742e+01,  2.6505781766289638e+00,  8.5889720560288874e-01,  4.6617211771747781e-03,  3.2244360188623346e-02, -8.8156151324074700e-02,  2.7433066213374246e-01, -5.8085613289119331e-04,  1.6721339011790893e-02, -3.1953623743352694e-01,  0.0000000000000000e+00,  1.5298144361021912e-02,  5.0894061186321427e-01,  3.5407444676989869e+01,  0.0000000000000000e+00
 1.6883116883116882e+00,  6.3372723595892182e+02,  5.8248642316903243e-02,  2.9825341521997863e+01, -2.8524263931126472e-02,  8.8442473477745392e-02,  5.0138513527406681e-01,  1.0710884646494176e+03, -6.1877496453037806e-01, -1.4999962420700143e+04,  1.0040068593227460e+01,  2.6506202608880067e+00,  8.6399549052305424e-01,  4.6566817982997173e-03,  3.2436802745168886e-02, -8.9581484734779990e-02,  2.7433066213374246e-01, -4.0997179958564972e-04,  2.2895366370414304e-02, -3.5343573130180300e-02,  0.0000000000000000e+00,  1.8912899166747921e-02,  7.2709966533319270e-01,  2.1487926716540155e+01,  0.0000000000000000e+00
 1.6983016983016983e+00,  6.3372728015439179e+02,  5.8537283291128214e-02,  2.9825411292653918e+01, -2.8520498977278180e-02,  8.8467540285321750e-02,  5.0147598862503684e-01,  1.0774262482144179e+03, -5.7428366707996670e-01, -1.4999961943014012e+04,  1.0040020947730742e+01,  2.6506620165126891e+00,  8.6909462266961246e-01,  4.6535299324278120e-03,  3.2701810066154101e-02, -8.8862316621380999e-02,  2.7433066213374246e-01, -1.9412315976239839e-04,  3.0692621455658799e-02,  9.0416783504217446e-02,  0.0000000000000000e+00,  2.4299998525866045e-02,  8.3391080273280593e-01,  3.6892966816664043e+00,  0.0000000000000000e+00
 1.7082917082917084e+00,  6.3372732318611111e+02,  5.8814226475383452e-02,  2.9825483980504117e+01, -2.8512468779578672e-02,  8.8497884819291259e-02,  5.0157452104933731e-01,  1.0837640284289903e+03, -5.2922638105203479e-01, -1.4999961462834177e+04,  1.0039973381242342e+01,  2.6507034769517324e+00,  8.7419465106125016e-01,  4.6528032136890799e-03,  3.3050041935092145e-02, -8.7774955593836565e-02,  2.7433066213374246e-01,  7.1518833461843177e-05,  3.9483087743266365e-02,  7.7176216959358571e-02,  0.0000000000000000e+00,  2.8881528517627032e-02,  9.2594054804614245e-01, -6.3400581039474355e+00,  0.0000000000000000e+00
 1.7182817182817183e+00,  6.3372736493872162e+02,  5.9077605085619211e-02,  2.9825559917282497e+01, -2.8501278469811799e-02,  8.8532015849119017e-02,  5.0168665808892621e-01,  1.0901018052453248e+03, -4.8360312086093377e-01, -1.4999960980180678e+04,  1.0039925936825037e+01,  2.6507446679480187e+00,  8.7929568807656899e-01,  4.6549588801493274e-03,  3.3490682948137444e-02, -8.7320334264550659e-02,  2.7433066213374246e-01,  3.7126700943025881e-04,  4.7866615996535238e-02,  7.0556685413736678e-02,  0.0000000000000000e+00,  3.1128056311249805e-02,  7.5244180825828733e-01,  5.0148278885139312e+00,  0.0000000000000000e+00
 1.7282717282717284e+00,  6.3372740542315103e+02,  5.9325158971362563e-02,  2.9825638025462581e+01, -2.8487927122299535e-02,  8.8561577669044669e-02,  5.0181670592442862e-01,  1.0964395786146247e+03, -4.3741390610846376e-01, -1.4999960495081148e+04,  1.0039878647693888e+01,  2.6507855571204804e+00,  8.8439789153224757e-01,  4.6602211359554188e-03,  3.4006417879078862e-02, -8.6365231609546123e-02,  2.7433066213374246e-01,  6.8599450325431137e-04,  5.2491233314796749e-02,  1.3976629013367925e-01,  0.0000000000000000e+00,  3.1880387952325548e-02,  1.7340657885766733e-01,  8.8409349764185770e+00,  0.0000000000000000e+00
 1.7382617382617382e+00,  6.3372744475993500e+02,  5.9554611067736477e-02,  2.9825716264847216e+01, -2.8472870361140358e-02,  8.8578471468916356e-02,  5.0196608562280920e-01,  1.1027773484877766e+03, -3.9065875821284235e-01, -1.4999960007575322e+04,  1.0039831540793644e+01,  2.6508260174610623e+00,  8.8950143390691327e-01,  4.6686650640305324e-03,  3.4539458838542973e-02, -8.4527800995146479e-02,  2.7433066213374246e-01,  1.0014341209019606e-03,  5.0913196823563864e-02,  1.5296934875594451e-01,  0.0000000000000000e+00,  3.1270623500733868e-02, -4.8932948440249091e-01, -6.1976826402410694e+00,  0.0000000000000000e+00
 1.7482517482517483e+00,  6.3372748307555037e+02,  5.9764182872930477e-02,  2.9825793262572347e+01, -2.8457010508845929e-02,  8.8583492954706564e-02,  5.0213263502661809e-01,  1.1091151148158356e+03, -3.4333769745414972e-01, -1.4999959517708076e+04,  1.0039784637059705e+01,  2.6508658820011997e+00,  8.9460647695274953e-01,  4.6802298096997137e-03,  3.5023664568860358e-02, -8.3308900965071708e-02,  2.7433066213374246e-01,  1.2965491726317948e-03,  4.4951664947649420e-02,  1.5462085055367723e-02,  0.0000000000000000e+00,  2.7811409855578943e-02, -7.0416919715558068e-01, -2.1331271552614417e+01,  0.0000000000000000e+00
 1.7582417582417582e+00,  6.3372752038234501e+02,  5.9952895007343916e-02,  2.9825869796678926e+01, -2.8442140142186757e-02,  8.8588831676620503e-02,  5.0231144918168080e-01,  1.1154528775501583e+03, -2.9545074061074328e-01, -1.4999959025515476e+04,  1.0039737942321111e+01,  2.6509050549231343e+00,  8.9971315643314309e-01,  4.6945701424047940e-03,  3.5437594002332172e-02, -8.4218868226807464e-02,  2.7433066213374246e-01,  1.5369651818834438e-03,  4.0547337554502329e-02, -2.8221513366714429e-01,  0.0000000000000000e+00,  2.0319875196601223e-02, -1.7757714695246743e-01, -3.8263707635632514e+01,  0.0000000000000000e+00
 1.7682317682317683e+00,  6.3372755655572178e+02,  6.0120711984239676e-02,  2.9825948549144631e+01, -2.8431057746978818e-02,  8.8609115585087148e-02,  5.0249573295144023e-01,  1.1217906366420204e+03, -2.4699789940844127e-01, -1.4999958531014447e+04,  1.0039691438292390e+01,  2.6509435942942114e+00,  9.0482157485283765e-01,  4.7109384047423399e-03,  3.5833801183335928e-02, -8.8947564974405258e-02,  2.7433066213374246e-01,  1.6745422798712750e-03,  4.3394177158870707e-02, -6.7989402398377474e-01,  0.0000000000000000e+00,  7.2230598205625975e-03,  7.4751443574701637e-01, -4.1351606205756930e+01,  0.0000000000000000e+00
 1.7782217782217782e+00,  6.3372759142007294e+02,  6.0268657581616175e-02,  2.9826032151766331e+01, -2.8427393337644418e-02,  8.8649424411621075e-02,  5.0267710467903193e-01,  1.1281283920420724e+03, -1.9797917700585796e-01, -1.4999958034207297e+04,  1.0039645071409790e+01,  2.6509816749156809e+00,  9.0993177810668702e-01,  4.7280275306140103e-03,  3.6304610528982935e-02, -9.7803164410299459e-02,  2.7433066213374246e-01,  1.6568950534769651e-03,  5.4222934064629441e-02, -9.3301074115724392e-01,  0.0000000000000000e+00, -1.0756034544703438e-02,  1.4204026967858834e+00, -9.3223605723716361e+00,  0.0000000000000000e+00
 1.7882117882117883e+00,  6.3372762484027407e+02,  6.0398535795644123e-02,  2.9826121464536090e+01, -2.8433210838262283e-02,  8.8702036335767939e-02,  5.0284777092299004e-01,  1.1344661436998385e+03, -1.4839456444846857e-01, -1.4999957535096426e+04,  1.0039598752650463e+01,  2.6510194726104732e+00,  9.1504372674443957e-01,  4.7440432010156059e-03,  3.6917176489322530e-02, -1.0758913822430023e-01,  2.7433066213374246e-01,  1.4665160522300072e-03,  6.8483768590387975e-02, -8.7835646370459020e-01,  0.0000000000000000e+00, -2.7357841504937554e-02,  1.4346163752709755e+00,  2.0264146918392932e+01,  0.0000000000000000e+00
 1.7982017982017982e+00,  6.3372765674450852e+02,  6.0512202669108020e-02,  2.9826215477613918e+01, -2.8447095136316457e-02,  8.8754012542430760e-02,  5.0300377427897980e-01,  1.1408038915633911e+03, -9.8244042493165373e-02, -1.4999957033696544e+04,  1.0039552386424804e+01,  2.6510570669912705e+00,  9.2015730152915376e-01,  4.7573285506385858e-03,  3.7672917593725951e-02, -1.1535274410469686e-01,  2.7433066213374246e-01,  1.1429939739883272e-03,  7.9837418741177488e-02, -6.8150663933462630e-01,  0.0000000000000000e+00, -3.7411278559046822e-02,  8.3838438491708778e-01,  1.9145187920473848e+01,  0.0000000000000000e+00
 1.8081918081918082e+00,  6.3372768715919847e+02,  6.0611196512285935e-02,  2.9826311914511290e+01, -2.8466348273833281e-02,  8.8793390454967341e-02,  5.0314508030542149e-01,  1.1471416355794629e+03, -4.7527587307295664e-02, -1.4999956530037573e+04,  1.0039505898466453e+01,  2.6510944184819207e+00,  9.2527234101068079e-01,  4.7668802434529351e-03,  3.8512329710924477e-02, -1.2120565449472233e-01,  2.7433066213374246e-01,  7.5175022167624792e-04,  8.3442027348853295e-02, -4.9062335545618374e-01,  0.0000000000000000e+00, -4.0915720653831492e-02, -1.1674174166039110e-01,  1.9069645511990366e+01,  0.0000000000000000e+00
 1.8181818181818181e+00,  6.3372771622592654e+02,  6.0696445155403893e-02,  2.9826408066938921e+01, -2.8488444494045320e-02,  8.8813341772268892e-02,  5.0327527209881151e-01,  1.1534793756941965e+03,  3.7548243086974265e-03, -1.4999956024162133e+04,  1.0039459240401550e+01,  2.6511313883765433e+00,  9.3038868323532098e-01,  4.7723485350876617e-03,  3.9340090967329412e-02, -1.2515540854937585e-01,  2.7433066213374246e-01,  3.5642919757479307e-04,  7.7970528489270843e-02, -3.4691649936266661e-01,  0.0000000000000000e+00, -3.8227548371279799e-02, -9.7865233002801788e-01,  9.7004670779317763e+00,  0.0000000000000000e+00
 1.8281718281718282e+00,  6.3372774411187811e+02,  6.0767932622829444e-02,  2.9826502359549057e+01, -2.8510873863213888e-02,  8.8817701420298670e-02,  5.0340105678045377e-01,  1.1598171118541295e+03,  5.5603208829697666e-02, -1.4999955516116606e+04,  1.0039412391746442e+01,  2.6511678093164961e+00,  9.3550621596432271e-01,  4.7740017059419420e-03,  4.0070182427992825e-02, -1.2813705308338699e-01,  2.7433066213374246e-01,  9.7930850077023129e-06,  6.6946514103478211e-02, -3.3971215041222652e-01,  0.0000000000000000e+00, -3.1169001364651804e-02, -1.2283553500076660e+00, -8.2581564180536642e+00,  0.0000000000000000e+00
 1.8381618381618381e+00,  6.3372777090020850e+02,  6.0825110632612311e-02,  2.9826595490713082e+01, -2.8532628028740393e-02,  8.8820288100933384e-02,  5.0352821599562569e-01,  1.1661548440067036e+03,  1.0801757231020893e-01, -1.4999955005937623e+04,  1.0039365354420250e+01,  2.6512035921812913e+00,  9.4062491008664451e-01,  4.7725442011217816e-03,  4.0677683656709596e-02, -1.3194286410206768e-01,  2.7433066213374246e-01, -2.6208471787670610e-04,  5.7235445492124171e-02, -3.9717400508342443e-01,  0.0000000000000000e+00, -2.3260934772806788e-02, -7.1580058598541441e-01, -3.2457068871201735e+00,  0.0000000000000000e+00
 1.8481518481518482e+00,  6.3372779656968430e+02,  6.0867329885324339e-02,  2.9826689839020460e+01, -2.8553397043350200e-02,  8.8835236097023054e-02,  5.0365968191584265e-01,  1.1724925721001964e+03,  1.6099791247560477e-01, -1.4999954493644807e+04,  1.0039318138342574e+01,  2.6512387852917696e+00,  9.4574480748631229e-01,  4.7687652480423075e-03,  4.1213747772490809e-02, -1.3607259764049837e-01,  2.7433066213374246e-01, -4.5470937056977319e-04,  5.4341391991214884e-02, -4.3585511951403849e-01,  0.0000000000000000e+00, -1.5302520696345258e-02,  1.3641107510337472e-01, -4.4982522218887544e+00,  0.0000000000000000e+00
 1.8581418581418581e+00,  6.3372782108125148e+02,  6.0894127899579722e-02,  2.9826787410736756e+01, -2.8572613953564373e-02,  8.8865617613302542e-02,  5.0379532822263828e-01,  1.1788302960833300e+03,  2.1454422351903560e-01, -1.4999953979247037e+04,  1.0039270759956846e+01,  2.6512735238729057e+00,  9.5086598131400302e-01,  4.7634590988126953e-03,  4.1763425754436166e-02, -1.4065125809835216e-01,  2.7433066213374246e-01, -5.7684717570930205e-04,  5.8589394684125246e-02, -5.1558154327390759e-01,  0.0000000000000000e+00, -9.1494678925884265e-03,  7.1403906401728001e-01, -1.1462977814837062e+01,  0.0000000000000000e+00
 1.8681318681318682e+00,  6.3372784440881674e+02,  6.0905834087243885e-02,  2.9826888781478072e+01, -2.8590755109360808e-02,  8.8905115327223297e-02,  5.0393082189137905e-01,  1.1851680159047826e+03,  2.6865650321009032e-01, -1.4999953462755699e+04,  1.0039223235286356e+01,  2.6513079238488380e+00,  9.5598847817068466e-01,  4.7572398299462176e-03,  4.2384365048896908e-02, -1.4637392717644057e-01,  2.7433066213374246e-01, -6.5199258314559876e-04,  6.6162535045838911e-02, -5.3630573254727731e-01,  0.0000000000000000e+00, -5.8946426761581888e-03,  8.0210363639779714e-01,  7.3139951223084516e+00,  0.0000000000000000e+00
 1.8781218781218780e+00,  6.3372786654184199e+02,  6.0903362796334293e-02,  2.9826993314720845e+01, -2.8607578161848762e-02,  8.8944690287166867e-02,  5.0406133469374492e-01,  1.1915057315126285e+03,  3.2333475773561005e-01, -1.4999952944190982e+04,  1.0039175573935642e+01,  2.6513420325928174e+00,  9.6111227960261270e-01,  4.7504322739746214e-03,  4.3085354526580799e-02, -1.5136665735004601e-01,  2.7433066213374246e-01, -6.9578858688809772e-04,  7.2554600500820451e-02, -5.0175841127197485e-01,  0.0000000000000000e+00, -2.8733172730901024e-03,  4.7758786768950873e-01, -3.9762140299290238e-01,  0.0000000000000000e+00
 1.8881118881118881e+00,  6.3372788749749338e+02,  6.0887788616115220e-02,  2.9827099787569253e+01, -2.8622425349784493e-02,  8.8977917746548535e-02,  5.0418390362666132e-01,  1.1978434428541550e+03,  3.7857899980333393e-01, -1.4999952423582388e+04,  1.0039127790199085e+01,  2.6513758234101670e+00,  9.6623731311912242e-01,  4.7433379600783235e-03,  4.3834007416545667e-02, -1.5639907025879771e-01,  2.7433066213374246e-01, -7.1653248732215949e-04,  7.5437270580833160e-02, -5.4223580430823604e-01,  0.0000000000000000e+00, -1.2796115938090730e-03,  9.9522682329033954e-02, -7.7059526828665819e+00,  0.0000000000000000e+00
 1.8981018981018980e+00,  6.3372790725672473e+02,  6.0860422256491423e-02,  2.9827207751948698e+01, -2.8636280102178533e-02,  8.9006766672833693e-02,  5.0429631563011856e-01,  1.2041811498759355e+03,  4.3438924585784311e-01, -1.4999951900961854e+04,  1.0039079895216599e+01,  2.6514092505977072e+00,  9.7136347589152527e-01,  4.7361159405615912e-03,  4.4592592700024018e-02, -1.6220053955400676e-01,  2.7433066213374246e-01, -7.3190516959238607e-04,  7.6033447981561891e-02, -5.3942279115733482e-01,  0.0000000000000000e+00, -1.7979993966902950e-03,  1.9832033296859203e-02,  8.2691179156769934e+00,  0.0000000000000000e+00
 1.9080919080919081e+00,  6.3372792577144526e+02,  6.0822373987093677e-02,  2.9827317707594787e+01, -2.8649650548373522e-02,  8.9036647831175347e-02,  5.0439884928954526e-01,  1.2105188525238821e+03,  4.9076551281663577e-01, -1.4999951376355066e+04,  1.0039031890187537e+01,  2.6514423181891571e+00,  9.7649066282116515e-01,  4.7287144801663877e-03,  4.5353157226367083e-02, -1.6717674840379940e-01,  2.7433066213374246e-01, -7.4522900955546322e-04,  7.6809492753483047e-02, -3.7339554668185770e-01,  0.0000000000000000e+00, -8.6943336391775408e-04,  1.3553213004175427e-01,  2.4969536428313550e+01,  0.0000000000000000e+00
 1.9180819180819180e+00,  6.3372794301047509e+02,  6.0774066592798569e-02,  2.9827430229308025e+01, -2.8661133005654524e-02,  8.9070287372532295e-02,  5.0449508556924161e-01,  1.2168565507435467e+03,  5.4770781407696634e-01, -1.4999950849783527e+04,  1.0038983782043164e+01,  2.6514750648090124e+00,  9.8161879521225603e-01,  4.7212262500609826e-03,  4.6127247899893808e-02, -1.6966099003716076e-01,  2.7433066213374246e-01, -7.2837444847220312e-04,  7.9305075720805501e-02, -1.6571190818178128e-01,  0.0000000000000000e+00,  4.2437164927864304e-03,  3.6408358001620161e-01,  1.6608727999401772e+01,  0.0000000000000000e+00
 1.9280719280719281e+00,  6.3372795890107886e+02,  6.0715215071313930e-02,  2.9827546165219452e+01, -2.8668784445633484e-02,  8.9110141051501418e-02,  5.0459018161332425e-01,  1.2231942444801164e+03,  6.0521615607484958e-01, -1.4999950321266622e+04,  1.0038935598822192e+01,  2.6515075501418699e+00,  9.8674784478266864e-01,  4.7141615441329771e-03,  4.6937674223785773e-02, -1.7048767564019862e-01,  2.7433066213374246e-01, -6.4914123317374583e-04,  8.3619180857627873e-02, -7.1113267832207630e-02,  0.0000000000000000e+00,  1.1618773209963041e-02,  4.9960026837581323e-01,  2.3299197985826736e+00,  0.0000000000000000e+00
 1.9380619380619382e+00,  6.3372797344553351e+02,  6.0645172431303594e-02,  2.9827665252397352e+01, -2.8672065830789271e-02,  8.9150605645344508e-02,  5.0468839331381166e-01,  1.2295319336782979e+03,  6.6329053903323709e-01, -1.4999949790825951e+04,  1.0038887383961903e+01,  2.6515398173670337e+00,  9.9187783004928953e-01,  4.7082563952523162e-03,  4.7797960804142135e-02, -1.7108183454929279e-01,  2.7433066213374246e-01, -5.0203558071932968e-04,  8.7028680900377978e-02, -6.2412814181991710e-02,  0.0000000000000000e+00,  1.7831778411412272e-02,  1.8298164018256038e-01, -5.8808897780933944e-01,  0.0000000000000000e+00
 1.9480519480519480e+00,  6.3372798675968306e+02,  6.0563083383799080e-02,  2.9827785723618074e+01, -2.8671367041538224e-02,  8.9181779225728397e-02,  5.0479269946283012e-01,  1.2358696182827127e+03,  7.2193096067637175e-01, -1.4999949258495122e+04,  1.0038839181381501e+01,  2.6515718161230080e+00,  9.9700879023387201e-01,  4.7041308631995240e-03,  4.8676509007010108e-02, -1.7173468491456409e-01,  2.7433066213374246e-01, -3.0246652438360299e-04,  8.5976804722439099e-02, -7.8466799464112821e-02,  0.0000000000000000e+00,  2.2121946667000219e-02, -3.9356725100592260e-01, -2.6259188756713066e+00,  0.0000000000000000e+00
 1.9580419580419581e+00,  6.3372799896495883e+02,  6.0468050139175236e-02,  2.9827906050743763e+01, -2.8667336516828186e-02,  8.9201508248015191e-02,  5.0490446510909937e-01,  1.2422072982381922e+03,  7.8113741756354493e-01, -1.4999948724316702e+04,  1.0038791030435917e+01,  2.6516034246965265e+00,  1.0021407754302114e+00,  4.7022131080518446e-03,  4.9515779080314744e-02, -1.7264960277035399e-01,  2.7433066213374246e-01, -6.8162691529593424e-05,  8.0455902266874560e-02, -4.8716904449468114e-02,  0.0000000000000000e+00,  2.4785680670372515e-02, -7.1171742059809839e-01,  8.5818478576031776e+00,  0.0000000000000000e+00
 1.9680319680319680e+00,  6.3372801011946706e+02,  6.0359242988960782e-02,  2.9828026216942561e+01, -2.8660241865825106e-02,  8.9216975633395812e-02,  5.0502386239467167e-01,  1.2485449734898239e+03,  8.4090990506184393e-01, -1.4999948188329789e+04,  1.0038742965054627e+01,  2.6516345492079867e+00,  1.0072738466793780e+00,  4.7027689712608707e-03,  5.0284019541812795e-02, -1.7270804963882919e-01,  2.7433066213374246e-01,  1.9655980331668871e-04,  7.4016779603725255e-02,  6.3058561271973262e-02,  0.0000000000000000e+00,  2.8211762797853195e-02, -5.7739493656439367e-01,  1.3795600379829397e+01,  0.0000000000000000e+00
 1.9780219780219781e+00,  6.3372802024774558e+02,  6.0235582172945293e-02,  2.9828147196337358e+01, -2.8649046867955014e-02,  8.9236085251993807e-02,  5.0515217623821573e-01,  1.2548826439830696e+03,  9.0124841600511940e-01, -1.4999947650563436e+04,  1.0038695024446309e+01,  2.6516651742511090e+00,  1.0124080840677752e+00,  4.7061403768493808e-03,  5.0994635815653909e-02, -1.7138969145622865e-01,  2.7433066213374246e-01,  4.9966133000258026e-04,  7.0392119486861832e-02,  8.6309118434916482e-02,  0.0000000000000000e+00,  3.2469162844662322e-02, -1.4826201883166321e-01, -9.1408388358081609e+00,  0.0000000000000000e+00
 1.9880119880119880e+00,  6.3372802932426816e+02,  6.0095995810629799e-02,  2.9828270434249223e+01, -2.8634223659643326e-02,  8.9264682656629776e-02,  5.0528990984134248e-01,  1.2612203096637113e+03,  9.6215294021416620e-01, -1.4999947111039121e+04,  1.0038647254500132e+01,  2.6516953472481775e+00,  1.0175435899145662e+00,  4.7127522146175656e-03,  5.1690455495596248e-02, -1.7098359172804165e-01,  2.7433066213374246e-01,  8.2667201227325628e-04,  7.1556065230562266e-02, -5.5018587802027105e-02,  0.0000000000000000e+00,  3.2998375745927046e-02,  3.8128395672048809e-01, -1.9152967952827957e+01,  0.0000000000000000e+00
 1.9980019980019981e+00,  6.3372803729465954e+02,  5.9939715674547943e-02,  2.9828397106763433e+01, -2.8618197734891000e-02,  8.9303131587275292e-02,  5.0543594078152232e-01,  1.2675579704774132e+03,  1.0236234675081046e+00, -1.4999946569773378e+04,  1.0038599685114582e+01,  2.6517251544283282e+00,  1.0226804699821452e+00,  4.7226573001715238e-03,  5.2424327428652155e-02, -1.7248896393978563e-01,  2.7433066213374246e-01,  1.1322427981399351e-03,  7.6501514113285818e-02, -2.0723312174612515e-01,  0.0000000000000000e+00,  2.8176895584583972e-02,  6.0879490960092653e-01, -1.1320381742780693e+01,  0.0000000000000000e+00
 2.0079920079920082e+00,  6.3372804416969768e+02,  5.9766255596580185e-02,  2.9828526875162645e+01, -2.8603486633191014e-02,  8.9343357153473871e-02,  5.0558823909947292e-01,  1.2738956263694299e+03,  1.0856599911884741e+00, -1.4999946026787471e+04,  1.0038552318981319e+01,  2.6517546446895275e+00,  1.0278188081977766e+00,  4.7353744483466355e-03,  5.3218957276081495e-02, -1.7512411364105118e-01,  2.7433066213374246e-01,  1.3734213589748762e-03,  8.1110017783810023e-02, -2.9356520748322101e-01,  0.0000000000000000e+00,  2.0107052294568124e-02,  3.1382752523783519e-01, -5.9633018217851923e+00,  0.0000000000000000e+00
 2.0179820179820180e+00,  6.3372805004575173e+02,  5.9575347947318155e-02,  2.9828657996953659e+01, -2.8591316983990981e-02,  8.9374802167658723e-02,  5.0574455669288920e-01,  1.2802332772847021e+03,  1.1482625097672750e+00, -1.4999945482114304e+04,  1.0038505138449461e+01,  2.6517837728840381e+00,  1.0329586508185504e+00,  4.7500982863648280e-03,  5.4044907204552455e-02, -1.7835440265073910e-01,  2.7433066213374246e-01,  1.5334358055929371e-03,  8.1276523627329483e-02, -2.8196454495079631e-01,  0.0000000000000000e+00,  1.1927839918364526e-02, -2.8049305536542679e-01,  8.2857544607774205e+00,  0.0000000000000000e+00
 2.0279720279720279e+00,  6.3372805503504219e+02,  5.9366854766014568e-02,  2.9828788863068233e+01, -2.8581238905319967e-02,  8.9394484091705501e-02,  5.0590329949783397e-01,  1.2865709231680705e+03,  1.2114310264288217e+00, -1.4999944935795631e+04,  1.0038458118728824e+01,  2.6518124241336274e+00,  1.0381000085249019e+00,  4.7660125263804601e-03,  5.4842863842062085e-02, -1.8075777088282527e-01,  2.7433066213374246e-01,  1.6241015890576403e-03,  7.6669030781458564e-02, -3.9408815285154336e-01,  0.0000000000000000e+00,  6.2234499312692863e-03, -6.4192701237794048e-01, -3.0732900762507239e+01,  0.0000000000000000e+00
 2.0379620379620378e+00,  6.3372805918756808e+02,  5.9140918944196708e-02,  2.9828919436611194e+01, -2.8573771092314043e-02,  8.9409818330642987e-02,  5.0606211578460936e-01,  1.2929085639644977e+03,  1.2751655456369257e+00, -1.4999944387869624e+04,  1.0038411241058672e+01,  2.6518405094554347e+00,  1.0432428822494144e+00,  4.7825478685637815e-03,  5.5576755971414746e-02, -1.8622829181860201e-01,  2.7433066213374246e-01,  1.6413900171001793e-03,  7.0930602024928902e-02, -6.0596938897428954e-01,  0.0000000000000000e+00, -2.7623066371455377e-03, -5.0690642467897429e-01, -1.1685722709269220e+01,  0.0000000000000000e+00
 2.0479520479520481e+00,  6.3372806252137286e+02,  5.8898450605998812e-02,  2.9829050730716840e+01, -2.8571285091860351e-02,  8.9428753075054213e-02,  5.0621651627186437e-01,  1.2992461996191007e+03,  1.3394660758243251e+00, -1.4999943838362467e+04,  1.0038364463993137e+01,  2.6518680348265202e+00,  1.0483872485477672e+00,  4.7988075317171273e-03,  5.6260058687715025e-02, -1.9286505138181220e-01,  2.7433066213374246e-01,  1.5700852072610598e-03,  6.7539438363424881e-02, -6.7705155961399666e-01,  0.0000000000000000e+00, -1.1512916292646013e-02, -1.7200454035412296e-01, -2.5449278527999910e+00,  0.0000000000000000e+00
 2.0579420579420580e+00,  6.3372806506797247e+02,  5.8640102566825204e-02,  2.9829183574242165e+01, -2.8572964032801854e-02,  8.9453679445785153e-02,  5.0636573325789425e-01,  1.3055838300773423e+03,  1.4043326281797515e+00, -1.4999943287293898e+04,  1.0038317738984505e+01,  2.6518950562998036e+00,  1.0535330669281535e+00,  4.8139182023751916e-03,  5.6926195299355317e-02, -1.9975579550719350e-01,  2.7433066213374246e-01,  1.4294388705962334e-03,  6.7300886357708214e-02, -6.9190102401869791e-01,  0.0000000000000000e+00, -1.6644480307659044e-02,  1.2424642880935090e-01, -4.2793492101809816e-01,  0.0000000000000000e+00
 2.0679320679320679e+00,  6.3372806685539661e+02,  5.8366501638686626e-02,  2.9829318355045427e+01, -2.8577544813838660e-02,  8.9483014204426212e-02,  5.0650963046852693e-01,  1.3119214552848882e+03,  1.4697652146928977e+00, -1.4999942734683136e+04,  1.0038271028347170e+01,  2.6519216356047974e+00,  1.0586802933040493e+00,  4.8273677489118570e-03,  5.7604731741815074e-02, -2.0668924766590191e-01,  2.7433066213374246e-01,  1.2588661309361313e-03,  6.9245746057558039e-02, -7.0624115532133891e-01,  0.0000000000000000e+00, -1.7504182172293808e-02,  2.6511448310058933e-01, -2.4429593657706734e+00,  0.0000000000000000e+00
 2.0779220779220777e+00,  6.3372806788701337e+02,  5.8077901849388380e-02,  2.9829455218476777e+01, -2.8582829742544929e-02,  8.9515069212794646e-02,  5.0665029017554530e-01,  1.3182590751873397e+03,  1.5357638471241524e+00, -1.4999942180552187e+04,  1.0038224312309747e+01,  2.6519478123151150e+00,  1.0638288882925451e+00,  4.8390703728234657e-03,  5.8309726689116700e-02, -2.1386650790122608e-01,  2.7433066213374246e-01,  1.0966959983263853e-03,  7.1887241189292836e-02, -7.9000384530558909e-01,  0.0000000000000000e+00, -1.4962278376172188e-02,  2.6371284227303055e-01, -1.4326331169079292e+01,  0.0000000000000000e+00
 2.0879120879120880e+00,  6.3372806819603124e+02,  5.7774413853334670e-02,  2.9829593720561842e+01, -2.8588137626733300e-02,  8.9545520905684448e-02,  5.0678938238562266e-01,  1.3245966897299793e+03,  1.6023285355826680e+00, -1.4999941624926378e+04,  1.0038177588219378e+01,  2.6519735994039282e+00,  1.0689788297906029e+00,  4.8492797568704263e-03,  5.9041040257085675e-02, -2.2247354027940036e-01,  2.7433066213374246e-01,  9.5665974662627741e-04,  7.3163565844192174e-02, -1.0071351682204581e+00,  0.0000000000000000e+00, -1.3072979214189092e-02, -8.1926463621842128e-03, -2.9143359678477005e+01,  0.0000000000000000e+00
 2.0979020979020979e+00,  6.3372806787465333e+02,  5.7456223977556974e-02,  2.9829732707742401e+01, -2.8594204685496127e-02,  8.9569286510916071e-02,  5.0692719399166764e-01,  1.3309342988579776e+03,  1.6694592907205792e+00, -1.4999941067838196e+04,  1.0038130852937860e+01,  2.6519989516824873e+00,  1.0741300977593717e+00,  4.8581844536751398e-03,  5.9771536196493183e-02, -2.3398908868485183e-01,  2.7433066213374246e-01,  8.1510884229994566e-04,  7.1615850820030427e-02, -1.2832104372064330e+00,  0.0000000000000000e+00, -1.5265511831946526e-02, -3.0165990147532634e-01, -2.6126909172510036e+01,  0.0000000000000000e+00
 2.1078921078921078e+00,  6.3372806698650527e+02,  5.7124317589411930e-02,  2.9829871691463751e+01, -2.8603628972406855e-02,  8.9587880636095615e-02,  5.0705951878481137e-01,  1.3372719025164420e+03,  1.7371561267158495e+00, -1.4999940509321459e+04,  1.0038084084315560e+01,  2.6520238112633172e+00,  1.0792826528745658e+00,  4.8655656478254700e-03,  6.0471926387355997e-02, -2.4811211045335477e-01,  2.7433066213374246e-01,  6.3670057406967041e-04,  6.7784157869830622e-02, -1.3802902514264483e+00,  0.0000000000000000e+00, -2.0451823467755006e-02, -4.6544502715468461e-01,  6.6915303656627314e+00,  0.0000000000000000e+00
 2.1178821178821177e+00,  6.3372806563440486e+02,  5.6779983184857427e-02,  2.9830010287345452e+01, -2.8616167043226056e-02,  8.9602308929294230e-02,  5.0718274417635745e-01,  1.3436095006505841e+03,  1.8054190636062604e+00, -1.4999939949406877e+04,  1.0038037243463455e+01,  2.6520481424006617e+00,  1.0844364155895976e+00,  4.8709057438663418e-03,  6.1125865025061211e-02, -2.6156731548657874e-01,  2.7433066213374246e-01,  4.1724493277891410e-04,  6.3043853160519470e-02, -1.3816807290982098e+00,  0.0000000000000000e+00, -2.3483195918652017e-02, -4.8356397564911657e-01, -6.9699039955552431e+00,  0.0000000000000000e+00
 2.1278721278721280e+00,  6.3372806388020990e+02,  5.6425013871265625e-02,  2.9830148868514943e+01, -2.8631213702390662e-02,  8.9617551120002345e-02,  5.0729212012388114e-01,  1.3499470932060112e+03,  1.8742481254910028e+00, -1.4999939388121582e+04,  1.0037990299488074e+01,  2.6520719377141271e+00,  1.0895912727880750e+00,  4.8739022099189549e-03,  6.1731543833120635e-02, -2.7571811902674587e-01,  2.7433066213374246e-01,  1.6371348903820382e-04,  5.9510183251524719e-02, -1.4350299481548976e+00,  0.0000000000000000e+00, -2.7273799118237643e-02, -2.2387674013162448e-01, -3.7106096595935285e+00,  0.0000000000000000e+00
 2.1378621378621379e+00,  6.3372806174855327e+02,  5.6062031777117070e-02,  2.9830288300094143e+01, -2.8649292449874381e-02,  8.9637442127455488e-02,  5.0738161993588271e-01,  1.3562846801284693e+03,  1.9436433425384472e+00, -1.4999938825484198e+04,  1.0037943216481892e+01,  2.6520952567693978e+00,  1.0947470622992528e+00,  4.8741767426483239e-03,  6.2314879675441338e-02, -2.9023924252264094e-01,  2.7433066213374246e-01, -1.2853069282538221e-04,  5.8344099088398674e-02, -1.4704074849860893e+00,  0.0000000000000000e+00, -3.1233486090852476e-02, -9.5733093264670291e-03, -3.3719732140045844e+00,  0.0000000000000000e+00
 2.1478521478521477e+00,  6.3372805929947276e+02,  5.5693868034319145e-02,  2.9830428702001971e+01, -2.8670061414590112e-02,  8.9659809557509615e-02,  5.0744773557041412e-01,  1.3626222613638433e+03,  2.0136047508804573e+00, -1.4999938261512347e+04,  1.0037895956118989e+01,  2.6521181679001971e+00,  1.0999035740286540e+00,  4.8713341641082580e-03,  6.2897260098623092e-02, -3.0509688995553852e-01,  2.7433066213374246e-01, -4.5322359038620547e-04,  5.8592952037193308e-02, -1.4891854717445248e+00,  0.0000000000000000e+00, -3.3770032000825616e-02,  5.9393669675411175e-02, -3.8737973504082340e-01,  0.0000000000000000e+00
 2.1578421578421580e+00,  6.3372805657981803e+02,  5.5323292887460428e-02,  2.9830569964697194e+01, -2.8692539872885611e-02,  8.9682540450363335e-02,  5.0748955064149848e-01,  1.3689598368580157e+03,  2.0841323900590747e+00, -1.4999937696225581e+04,  1.0037848485097777e+01,  2.6521407216863180e+00,  1.1050605708628309e+00,  4.8651213262569911e-03,  6.3485568027832825e-02, -3.1999319800205234e-01,  2.7433066213374246e-01, -7.8850743089054951e-04,  5.8904295449622404e-02, -1.4452605173426578e+00,  0.0000000000000000e+00, -3.3353792868143356e-02,  2.9372814928932422e-03,  9.1811556062944906e+00,  0.0000000000000000e+00
 2.1678321678321679e+00,  6.3372805365251395e+02,  5.4952649119943478e-02,  2.9830711639555371e+01, -2.8714968438737727e-02,  8.9702819620392282e-02,  5.0750908145170825e-01,  1.3752974065567528e+03,  2.1552262995406077e+00, -1.4999937129646549e+04,  1.0037800783520707e+01,  2.6521629448464177e+00,  1.1102178164433441e+00,  4.8555797698846704e-03,  6.4074169098615560e-02, -3.3397322396837914e-01,  2.7433066213374246e-01, -1.0983155503610507e-03,  5.8025041485150530e-02, -1.3626998635714138e+00,  0.0000000000000000e+00, -2.8669792649846714e-02, -1.7896392518042681e-01,  7.3474872787147545e+00,  0.0000000000000000e+00
 2.1778221778221778e+00,  6.3372805060611176e+02,  5.4583599316631252e-02,  2.9830853056917174e+01, -2.8735190330203081e-02,  8.9718532245125604e-02,  5.0751071083293764e-01,  1.3816349704058293e+03,  2.2268865150212300e+00, -1.4999936561801840e+04,  1.0037752853835933e+01,  2.6521848296930970e+00,  1.1153751030574337e+00,  4.8431769596164109e-03,  6.4644909516047608e-02, -3.4721996850297937e-01,  2.7433066213374246e-01, -1.3530456193079617e-03,  5.5422677120200790e-02, -1.3957054903250556e+00,  0.0000000000000000e+00, -2.2327167153325427e-02, -3.4202942068251674e-01, -1.3955213754793895e+01,  0.0000000000000000e+00
 2.1878121878121877e+00,  6.3372804751849912e+02,  5.4217776598531456e-02,  2.9830993952808864e+01, -2.8753763044127040e-02,  8.9731071214769698e-02,  5.0749613659899084e-01,  1.3879725283511625e+03,  2.2991130675231375e+00, -1.4999935992719147e+04,  1.0037704710998117e+01,  2.6522063582038338e+00,  1.1205322589350868e+00,  4.8285458913770191e-03,  6.5181515294823356e-02, -3.6185944755129701e-01,  2.7433066213374246e-01, -1.5651242765943195e-03,  5.2051250609500714e-02, -1.3807307289896149e+00,  0.0000000000000000e+00, -2.0130980035409966e-02, -3.3293016675940051e-01,  1.6953160974142246e+01,  0.0000000000000000e+00
 2.1978021978021980e+00,  6.3372804443324617e+02,  5.3857204210344789e-02,  2.9831134761443256e+01, -2.8772143371866413e-02,  8.9744852720739829e-02,  5.0746416088547941e-01,  1.3943100803387590e+03,  2.3719059876365489e+00, -1.4999935422422246e+04,  1.0037656353551730e+01,  2.6522275410058715e+00,  1.1256891162612834e+00,  4.8119057452988417e-03,  6.5684894543210470e-02, -3.7480699605521972e-01,  2.7433066213374246e-01, -1.7382110277847015e-03,  5.0331905040561536e-02, -1.0449372633855130e+00,  0.0000000000000000e+00, -1.4520987552904163e-02, -1.1282816142218747e-02,  5.0272690839798280e+01,  0.0000000000000000e+00
 2.2077922077922079e+00,  6.3372804129208305e+02,  5.3502678668774478e-02,  2.9831277133987022e+01, -2.8785234397700712e-02,  8.9768340981016631e-02,  5.0742069748642116e-01,  1.4006476263146142e+03,  2.4452653015822103e+00, -1.4999934850927117e+04,  1.0037607798462204e+01,  2.6522484503606556e+00,  1.1308455362629137e+00,  4.7938164003123894e-03,  6.6187147763166254e-02, -3.8273731495160718e-01,  2.7433066213374246e-01, -1.8131709618018443e-03,  5.3247634540011371e-02, -7.7371138923276461e-01,  0.0000000000000000e+00, -4.8599123731965575e-04,  5.9501186193185807e-01,  4.0267291655849640e+00,  0.0000000000000000e+00
 2.2177822177822177e+00,  6.3372803797333063e+02,  5.3154815375365740e-02,  2.9831422985004213e+01, -2.8791316648905867e-02,  8.9805856843508711e-02,  5.0736858978792831e-01,  1.4069851662242700e+03,  2.5191910257924439e+00, -1.4999934278241803e+04,  1.0037559110853159e+01,  2.6522692227516846e+00,  1.1360014471428996e+00,  4.7756785532548493e-03,  6.6748783345208687e-02, -3.9026576507085919e-01,  2.7433066213374246e-01, -1.7679082931912255e-03,  6.1744434171808533e-02, -6.9200298679574368e-01,  0.0000000000000000e+00,  9.5475774931656661e-03,  1.1060474243539538e+00,  1.2331293002306827e+01,  0.0000000000000000e+00
 2.2277722277722276e+00,  6.3372803435055903e+02,  5.2814525127778685e-02,  2.9831573279112003e+01, -2.8792357004951974e-02,  8.9853835591197029e-02,  5.0730806406455187e-01,  1.4133227000123347e+03,  2.5936831750567566e+00, -1.4999933704373632e+04,  1.0037510348230279e+01,  2.6522900016532058e+00,  1.1411567856530065e+00,  4.7584935572915861e-03,  6.7420802791574003e-02, -3.9656354845401948e-01,  2.7433066213374246e-01, -1.6399459745559594e-03,  7.3120210695461207e-02, -4.7925829785205876e-01,  0.0000000000000000e+00,  1.6070478697606905e-02,  1.1713830356816117e+00,  3.0260193724215902e+01,  0.0000000000000000e+00
 2.2377622377622379e+00,  6.3372803035702896e+02,  5.2481896671314712e-02,  2.9831727354724013e+01, -2.8787874152351758e-02,  8.9902166605273268e-02,  5.0724363548648654e-01,  1.4196602276222125e+03,  2.6687417623338696e+00, -1.4999933129338991e+04,  1.0037461558618189e+01,  2.6523108594137450e+00,  1.1463114975252402e+00,  4.7429123999170675e-03,  6.8209726615847288e-02, -3.9984135543753380e-01,  2.7433066213374246e-01, -1.4412722705788074e-03,  8.2414133947889212e-02, -2.3699569367649626e-01,  0.0000000000000000e+00,  2.3703996838618499e-02,  6.8926039945445505e-01,  1.8240779631731197e+01,  0.0000000000000000e+00
 2.2477522477522478e+00,  6.3372802601736112e+02,  5.2156374190661076e-02,  2.9831883175707819e+01, -2.8777293391352942e-02,  8.9939512791481463e-02,  5.0718031477529690e-01,  1.4259977489962703e+03,  2.7443667953638049e+00, -1.4999932553169363e+04,  1.0037412801246012e+01,  2.6523317523933798e+00,  1.1514655621279752e+00,  4.7296969085287724e-03,  6.9067438834488890e-02, -4.0129872714885462e-01,  2.7433066213374246e-01, -1.1711984102127048e-03,  8.5166526089073685e-02, -6.6874923381190041e-02,  0.0000000000000000e+00,  3.0364790006681217e-02, -1.3823149278971472e-01,  1.5817398581389750e+01,  0.0000000000000000e+00
 2.2577422577422577e+00,  6.3372802143295428e+02,  5.1837058692433963e-02,  2.9832038402560318e+01, -2.8760876548535517e-02,  8.9960008474529757e-02,  5.0712219376685019e-01,  1.4323352640763119e+03,  2.8205582776835141e+00, -1.4999931975908223e+04,  1.0037364136635489e+01,  2.6523525404521124e+00,  1.1566189862411451e+00,  4.7195118322804503e-03,  6.9911355508735853e-02, -4.0117751774285226e-01,  2.7433066213374246e-01, -8.4057324153614412e-04,  7.9992341855182794e-02,  8.2277129505658547e-02,  0.0000000000000000e+00,  3.5826368762367021e-02, -8.9764019083525448e-01,  1.4042842406557686e+01,  0.0000000000000000e+00
 2.2677322677322675e+00,  6.3372801674197569e+02,  5.1522668936589619e-02,  2.9832191509088357e+01, -2.8738963521867059e-02,  8.9965766442413192e-02,  5.0707303903609457e-01,  1.4386727728042570e+03,  2.8973162077348888e+00, -1.4999931397602420e+04,  1.0037315623604192e+01,  2.6523730570157000e+00,  1.1617718121918399e+00,  4.7129022383682103e-03,  7.0665687423004012e-02, -3.9965482845743289e-01,  2.7433066213374246e-01, -4.5806005376676924e-04,  6.9242197037226963e-02,  2.3110575021125981e-01,  0.0000000000000000e+00,  4.0752771429058865e-02, -1.2545388017191628e+00,  1.5752647458704359e+01,  0.0000000000000000e+00
 2.2777222777222779e+00,  6.3372801207482871e+02,  5.1211531454169554e-02,  2.9832342324738473e+01, -2.8711641749121396e-02,  8.9964868120622696e-02,  5.0703656404968689e-01,  1.4450102751227942e+03,  2.9746405777222500e+00, -1.4999930818292960e+04,  1.0037267320899684e+01,  2.6523931793796436e+00,  1.1669241279342690e+00,  4.7103597832541411e-03,  7.1294815989000143e-02, -3.9656002023613374e-01,  2.7433066213374246e-01, -2.0564347514855042e-05,  5.7699310513957075e-02,  3.9498219326029260e-01,  0.0000000000000000e+00,  4.6833868962573431e-02, -1.0563470802394455e+00,  1.7055416439711657e+01,  0.0000000000000000e+00
 2.2877122877122877e+00,  6.3372800748498946e+02,  5.0901244478342045e-02,  2.9832492304125221e+01, -2.8677734747979380e-02,  8.9969398993716934e-02,  5.0701837898056734e-01,  1.4513477709756082e+03,  3.0525313718076710e+00, -1.4999930238009363e+04,  1.0037219294768017e+01,  2.6524128739729687e+00,  1.1720760819399971e+00,  4.7124913622939874e-03,  7.1818520799906263e-02, -3.9176307634434004e-01,  2.7433066213374246e-01,  4.8392503535479772e-04,  5.0485055933235844e-02,  4.6465068652367353e-01,  0.0000000000000000e+00,  5.4164905487930237e-02, -3.8794668682117089e-01, -3.1077840883851460e+00,  0.0000000000000000e+00
 2.2977022977022976e+00,  6.3372800297070580e+02,  5.0589076893341238e-02,  2.9832643379129287e+01, -2.8637973398293361e-02,  8.9985968964329310e-02,  5.0702242211963533e-01,  1.4576852603071486e+03,  3.1309885651038871e+00, -1.4999929656768933e+04,  1.0037171620678194e+01,  2.6524322017087942e+00,  1.1772278926710267e+00,  4.7200286151293618e-03,  7.2303508415238610e-02, -3.8727629023566085e-01,  2.7433066213374246e-01,  1.0392145300690762e-03,  4.9621977184341207e-02,  4.1832977040740654e-01,  0.0000000000000000e+00,  5.7004051353869600e-02,  2.1515832129246262e-01, -6.1656633180916121e+00,  0.0000000000000000e+00
 2.3076923076923075e+00,  6.3372799853063157e+02,  5.0272323414019264e-02,  2.9832796513687921e+01, -2.8595184054571857e-02,  9.0012464363593503e-02,  5.0705019837163734e-01,  1.4640227430621833e+03,  3.2100121292767674e+00, -1.4999929074587764e+04,  1.0037124355915383e+01,  2.6524512308136075e+00,  1.1823798072157166e+00,  4.7332548893682944e-03,  7.2809968895497484e-02, -3.8340483917336299e-01,  2.7433066213374246e-01,  1.5910945295787187e-03,  5.3498609904597039e-02,  3.5422120021002085e-01,  0.0000000000000000e+00,  5.3482324547966822e-02,  5.6094354930297707e-01, -6.6688724354232818e+00,  0.0000000000000000e+00
 2.3176823176823178e+00,  6.3372799413296775e+02,  4.9948476820398463e-02,  2.9832952047666168e+01, -2.8552577938298091e-02,  9.0044431470427996e-02,  5.0710108172326662e-01,  1.4703602191851935e+03,  3.2896020360244602e+00, -1.4999928491485480e+04,  1.0037077526277088e+01,  2.6524700006294437e+00,  1.1875320734216903e+00,  4.7518187156204454e-03,  7.3372411710035765e-02, -3.8019894357811790e-01,  2.7433066213374246e-01,  2.0818140476566256e-03,  5.8841054162488485e-02,  3.1287714160170627e-01,  0.0000000000000000e+00,  4.4759722971229071e-02,  5.0861379112687899e-01, -1.6082080979612126e+00,  0.0000000000000000e+00
 2.3276723276723277e+00,  6.3372798980640880e+02,  4.9615419697821961e-02,  2.9833108972916605e+01, -2.8512558891554081e-02,  9.0072820889840810e-02,  5.0717259909546275e-01,  1.4766976886200594e+03,  3.3697582605117082e+00, -1.4999927907489337e+04,  1.0037031127279004e+01,  2.6524884871422074e+00,  1.1926849119812213e+00,  4.7748495756351605e-03,  7.3985614333309455e-02, -3.7715354763286929e-01,  2.7433066213374246e-01,  2.4695862152398040e-03,  6.1660361170574163e-02,  1.9850070556737706e-01,  0.0000000000000000e+00,  3.2872264978912900e-02,  5.5811471891596215e-02, -2.1289954396113075e+01,  0.0000000000000000e+00
 2.3376623376623376e+00,  6.3372798562800267e+02,  4.9271772518386978e-02,  2.9833265692633315e+01, -2.8477517202853565e-02,  9.0091360054550082e-02,  5.0725945597298849e-01,  1.4830351513101873e+03,  3.4504807840659928e+00, -1.4999927322636291e+04,  1.0036985131400165e+01,  2.6525065886640449e+00,  1.1978384943277012e+00,  4.8011610975433180e-03,  7.4604386958199070e-02, -3.7623289551483369e-01,  2.7433066213374246e-01,  2.7136831531785616e-03,  5.9829685214608429e-02,  1.9377676681879293e-02,  0.0000000000000000e+00,  1.5995941996438306e-02, -4.2231279827565599e-01, -1.4570475986763263e+01,  0.0000000000000000e+00
 2.3476523476523479e+00,  6.3372798167702535e+02,  4.8917494310090695e-02,  2.9833421221688127e+01, -2.8450626294679534e-02,  9.0100531102641129e-02,  5.0735257223243047e-01,  1.4893726071986837e+03,  3.5317695983410036e+00, -1.4999926736963862e+04,  1.0036939476028335e+01,  2.6525241946924063e+00,  1.2029929118254929e+00,  4.8290690192551123e-03,  7.5181012639295650e-02, -3.7676638126559897e-01,  2.7433066213374246e-01,  2.7765894337478739e-03,  5.4109236004054123e-02, -1.7322660981449389e-01,  0.0000000000000000e+00, -3.4021046264620606e-03, -7.2292113367730371e-01, -2.3988902169810238e+01,  0.0000000000000000e+00
 2.3576423576423577e+00,  6.3372797804652350e+02,  4.8553428763731435e-02,  2.9833575218745004e+01, -2.8433840470802232e-02,  9.0104379251135930e-02,  5.0744316620658103e-01,  1.4957100562287758e+03,  3.6136247055760289e+00, -1.4999926150505140e+04,  1.0036894072128025e+01,  2.6525412266371000e+00,  1.2081481730713199e+00,  4.8566374099059135e-03,  7.5685490574663700e-02, -3.7969396663999844e-01,  2.7433066213374246e-01,  2.6353480095125314e-03,  4.7191738887656702e-02, -3.4560818642210139e-01,  0.0000000000000000e+00, -2.4874428505466083e-02, -6.6196178902568448e-01, -1.0521889467031349e+01,  0.0000000000000000e+00
 2.3676323676323676e+00,  6.3372797478971677e+02,  4.8181637367890037e-02,  2.9833728369466147e+01, -2.8428917377532312e-02,  9.0109543999474129e-02,  5.0752147368298606e-01,  1.5020474983440138e+03,  3.6960461191725034e+00, -1.4999925563282741e+04,  1.0036848803730416e+01,  2.6525576852717276e+00,  1.2133041998760357e+00,  4.8817233251394780e-03,  7.6123904525162905e-02, -3.8367163973557095e-01,  2.7433066213374246e-01,  2.2933066820791494e-03,  4.1729151343443953e-02, -4.2615634259343999e-01,  0.0000000000000000e+00, -4.3602245246697757e-02, -4.3164823732572100e-01, -5.6038513984708240e+00,  0.0000000000000000e+00
 2.3776223776223775e+00,  6.3372797197798286e+02,  4.7804355596758233e-02,  2.9833881096051272e+01, -2.8434594883134424e-02,  9.0117320062524070e-02,  5.0758251797032261e-01,  1.5083849334883600e+03,  3.7790338610061296e+00, -1.4999924975312770e+04,  1.0036803551313923e+01,  2.6525736201183516e+00,  1.2184608477284224e+00,  4.9024577232341677e-03,  7.6519239852254978e-02, -3.8820857887962751e-01,  2.7433066213374246e-01,  1.7918408296030443e-03,  3.8474866359712839e-02, -4.7799963925855482e-01,  0.0000000000000000e+00, -5.6791218419009172e-02, -2.1985961641707358e-01, -4.7751765938872008e+00,  0.0000000000000000e+00
 2.3876123876123878e+00,  6.3372796965994883e+02,  4.7424045254154848e-02,  2.9834033794877438e+01, -2.8449285350133094e-02,  9.0128318998465143e-02,  5.0762319366301223e-01,  1.5147223616060803e+03,  3.8625879580026048e+00, -1.4999924386609948e+04,  1.0036758208550877e+01,  2.6525890911957601e+00,  1.2236179327846588e+00,  4.9175243407159628e-03,  7.6892633123758575e-02, -3.9322208207839932e-01,  2.7433066213374246e-01,  1.1917540338825276e-03,  3.7373259861836060e-02, -4.8477678731246332e-01,  0.0000000000000000e+00, -6.3346158084237034e-02, -6.8200445785592467e-04,  3.4183915534947329e+00,  0.0000000000000000e+00
 2.3976023976023977e+00,  6.3372796785294315e+02,  4.7042620956925643e-02,  2.9834186957758948e+01, -2.8469597343118939e-02,  9.0143075254852364e-02,  5.0764554696133213e-01,  1.5210597826415394e+03,  3.9467084381731232e+00, -1.4999923797187093e+04,  1.0036712692214364e+01,  2.6526041695486051e+00,  1.2287752640059975e+00,  4.9262689926424102e-03,  7.7265958331012949e-02, -3.9789442877598052e-01,  2.7433066213374246e-01,  5.5871316287793994e-04,  3.8230903277716555e-02, -5.6855335205100854e-01,  0.0000000000000000e+00, -6.3388624290885376e-02,  1.7238221631696596e-01, -2.0190459814149683e+01,  0.0000000000000000e+00
 2.4075924075924076e+00,  6.3372796655473883e+02,  4.6661981933245278e-02,  2.9834341011195900e+01, -2.8494762796327393e-02,  9.0161746252363714e-02,  5.0764993124629365e-01,  1.5273971965389865e+03,  4.0313953267601157e+00, -1.4999923207057560e+04,  1.0036666947488813e+01,  2.6526189209126194e+00,  1.2339326738412733e+00,  4.9286874408733640e-03,  7.7656487335101554e-02, -4.0458178941208567e-01,  2.7433066213374246e-01, -7.3207629828043173e-05,  4.1165788940215553e-02, -5.3852783963283302e-01,  0.0000000000000000e+00, -6.3121918408853922e-02,  4.1518189331534161e-01,  2.6201567400268491e+01,  0.0000000000000000e+00
 2.4175824175824174e+00,  6.3372796568314561e+02,  4.6283846000574634e-02,  2.9834497084934274e+01, -2.8522993119030584e-02,  9.0188151235896449e-02,  5.0763831686650318e-01,  1.5337346032422888e+03,  4.1166486490512124e+00, -1.4999922616231390e+04,  1.0036620920847087e+01,  2.6526334340332123e+00,  1.2390899964867010e+00,  4.9248063027357561e-03,  7.8088451616531732e-02, -4.0865422577164140e-01,  2.7433066213374246e-01, -6.5285500398039526e-04,  4.6904041362794378e-02, -2.9653061161236199e-01,  0.0000000000000000e+00, -5.2923485896448866e-02,  7.3361624168512773e-01,  2.2246277649428070e+01,  0.0000000000000000e+00
 2.4275724275724277e+00,  6.3372796513609137e+02,  4.5908264703364364e-02,  2.9834656002412117e+01, -2.8548204052941645e-02,  9.0221495858122489e-02,  5.0761990073091268e-01,  1.5400720026946940e+03,  4.2024684212343875e+00, -1.4999922024715999e+04,  1.0036574609558677e+01,  2.6526478160564668e+00,  1.2442471355800389e+00,  4.9156433848497796e-03,  7.8593631018673879e-02, -4.1050647695678827e-01,  2.7433066213374246e-01, -1.0953337754890016e-03,  5.4188842503986846e-02, -1.6411013649361172e-01,  0.0000000000000000e+00, -3.5660764159573165e-02,  7.2480094678158924e-01,  4.2643014693454591e+00,  0.0000000000000000e+00
 2.4375624375624376e+00,  6.3372796488980418e+02,  4.5535082931151660e-02,  2.9834816916608005e+01, -2.8568164992713366e-02,  9.0252730906193387e-02,  5.0759948245796149e-01,  1.5464093948387958e+03,  4.2888546512838142e+00, -1.4999921432526922e+04,  1.0036528056901862e+01,  2.6526621104885657e+00,  1.2494040571967242e+00,  4.9029215120166949e-03,  7.9171145772455556e-02, -4.1193314957770760e-01,  2.7433066213374246e-01, -1.3702326872145085e-03,  5.9170616531409474e-02, -1.5039115069830850e-01,  0.0000000000000000e+00, -1.9373997967867530e-02,  2.7255021350815967e-01, -1.5177605131251810e+00,  0.0000000000000000e+00
 2.4475524475524475e+00,  6.3372796498517573e+02,  4.5163966141849629e-02,  2.9834978069130763e+01, -2.8582502291558402e-02,  9.0273706319119490e-02,  5.0758021177552937e-01,  1.5527467796166275e+03,  4.3758073444052474e+00, -1.4999920839691866e+04,  1.0036481317760144e+01,  2.6526762646930186e+00,  1.2545607484839447e+00,  4.8882661083819575e-03,  7.9775861119201527e-02, -4.1351129515255863e-01,  2.7433066213374246e-01, -1.4988227504980471e-03,  5.8829641827206069e-02, -2.0796307425493105e-01,  0.0000000000000000e+00, -6.3697327014971923e-03, -3.4081334928968188e-01, -1.0008138582910789e+01,  0.0000000000000000e+00
 2.4575424575424574e+00,  6.3372796549578311e+02,  4.4794739904836942e-02,  2.9835137938604376e+01, -2.8592145435202370e-02,  9.0282502035248319e-02,  5.0756241148429915e-01,  1.5590841569699687e+03,  4.4633265043906594e+00, -1.4999920246245170e+04,  1.0036434445216745e+01,  2.6526901722008631e+00,  1.2597172080831869e+00,  4.8729750035152357e-03,  8.0346563191580539e-02, -4.1608825595642746e-01,  2.7433066213374246e-01, -1.5176740696336596e-03,  5.3063667060805370e-02, -2.6173647311962406e-01,  0.0000000000000000e+00,  2.5956986105406571e-03, -8.1353479894348002e-01, -7.5729586980200669e-01,  0.0000000000000000e+00
 2.4675324675324677e+00,  6.3372796652088778e+02,  4.4427405740344705e-02,  2.9835295642081306e+01, -2.8597336179425524e-02,  9.0281666133365981e-02,  5.0754550999391757e-01,  1.5654215268408464e+03,  4.5514121357499944e+00, -1.4999919652220226e+04,  1.0036387483325498e+01,  2.6527037317278532e+00,  1.2648734301968039e+00,  4.8579429501475185e-03,  8.0836074247289558e-02, -4.1874079511498874e-01,  2.7433066213374246e-01, -1.4495827378819474e-03,  4.4044683336244013e-02, -2.8729198404080331e-01,  0.0000000000000000e+00,  1.1036186006151966e-02, -9.9206574271368431e-01, -4.3589174166180253e+00,  0.0000000000000000e+00
 2.4775224775224776e+00,  6.3372796815873437e+02,  4.4061945512887675e-02,  2.9835451150791279e+01, -2.8597270380227604e-02,  9.0276655407709516e-02,  5.0752923387275861e-01,  1.5717588891719329e+03,  4.6400642425577834e+00, -1.4999919057644740e+04,  1.0036340481601105e+01,  2.6527168822620220e+00,  1.2700294134436847e+00,  4.8440123114496620e-03,  8.1226576844652357e-02, -4.2182835553766235e-01,  2.7433066213374246e-01, -1.3055788342070077e-03,  3.4656946339300554e-02, -3.8511001400655770e-01,  0.0000000000000000e+00,  1.7793395509577273e-02, -8.8735920407456992e-01, -1.5224252182524763e+01,  0.0000000000000000e+00
 2.4875124875124874e+00,  6.3372797049750227e+02,  4.3698946999677919e-02,  2.9835604974005776e+01, -2.8592993298344860e-02,  9.0272572686122932e-02,  5.0751010455102119e-01,  1.5780962439067221e+03,  4.7292828301736396e+00, -1.4999918462539492e+04,  1.0036293489084706e+01,  2.6527296138622760e+00,  1.2751851474455114e+00,  4.8318574589545716e-03,  8.1528520727595255e-02, -4.2643530088934545e-01,  2.7433066213374246e-01, -1.1106173331896516e-03,  2.7499366681978124e-02, -3.9118459249438797e-01,  0.0000000000000000e+00,  2.1237896994097887e-02, -5.4558824332139699e-01,  1.4008121569261128e+01,  0.0000000000000000e+00
 2.4975024975024973e+00,  6.3372797357580077e+02,  4.3338963480110897e-02,  2.9835758248313198e+01, -2.8584301528267721e-02,  9.0274836704952011e-02,  5.0748751600588826e-01,  1.5844335909893900e+03,  4.8190679069800906e+00, -1.4999917866917545e+04,  1.0036246543938027e+01,  2.6527419722851673e+00,  1.2803405997157320e+00,  4.8218221549423766e-03,  8.1776014740396169e-02, -4.2964423151157610e-01,  2.7433066213374246e-01, -8.6669210502153689e-04,  2.4476408822026646e-02, -2.8979400413296097e-01,  0.0000000000000000e+00,  2.7595933685154159e-02, -5.9607920240784387e-02,  6.2902742206952329e+00,  0.0000000000000000e+00
 2.5074925074925076e+00,  6.3372797738756674e+02,  4.2981539559757809e-02,  2.9835912160184908e+01, -2.8569456047056137e-02,  9.0285560658794076e-02,  5.0746620469587622e-01,  1.5907709303645831e+03,  4.9094194769407853e+00, -1.4999917270786455e+04,  1.0036199701645959e+01,  2.6527540412980311e+00,  1.2854957724329972e+00,  4.8145409333797155e-03,  8.2017559864898490e-02, -4.3222539088201206e-01,  2.7433066213374246e-01, -5.5877210488499242e-04,  2.5429868117003915e-02, -2.5675259880437995e-01,  0.0000000000000000e+00,  3.4049650342181381e-02,  2.5049047109523148e-01,  3.2461512608661297e-01,  0.0000000000000000e+00
 2.5174825174825175e+00,  6.3372798194587108e+02,  4.2625918022070344e-02,  2.9836066789839204e+01, -2.8549280526929656e-02,  9.0299752678039635e-02,  5.0744983950522282e-01,  1.5971082619770432e+03,  5.0003375392699514e+00, -1.4999916674156635e+04,  1.0036153022839695e+01,  2.6527658809161627e+00,  1.2906507055031506e+00,  4.8106578771224965e-03,  8.2284104013463186e-02, -4.3477415356560972e-01,  2.7433066213374246e-01, -1.9998897444623015e-04,  2.7915699866411823e-02, -2.5305955903095140e-01,  0.0000000000000000e+00,  3.7778732371660649e-02,  2.4717304513611327e-01,  4.1473143655492234e-01,  0.0000000000000000e+00
 2.5274725274725274e+00,  6.3372798726475617e+02,  4.2270720509321381e-02,  2.9836221708020663e+01, -2.8525142874390119e-02,  9.0312990384719377e-02,  5.0744321943945614e-01,  1.6034455857713610e+03,  5.0918220889567287e+00, -1.4999916077045547e+04,  1.0036106558536209e+01,  2.6527774919993705e+00,  1.2958054732948983e+00,  4.8105451496744962e-03,  8.2575316105985633e-02, -4.3728152592758546e-01,  2.7433066213374246e-01,  1.8087201122753808e-04,  2.9464904363848594e-02, -1.8924990648634127e-01,  0.0000000000000000e+00,  3.8469636960228641e-02,  6.2977695250731838e-02,  1.2359961002876174e+01,  0.0000000000000000e+00
 2.5374625374625372e+00,  6.3372799337741185e+02,  4.1914107691026228e-02,  2.9836376134564954e+01, -2.8498589985241522e-02,  9.0321365051322128e-02,  5.0745065542240519e-01,  1.6097829016919313e+03,  5.1838731161040865e+00, -1.4999915479475585e+04,  1.0036060345175844e+01,  2.6527888324227296e+00,  1.3009601889430595e+00,  4.8142717035206490e-03,  8.2872813391362252e-02, -4.3855537047842369e-01,  2.7433066213374246e-01,  5.6369100415232709e-04,  2.8600592662366878e-02, -8.5523813829575357e-02,  0.0000000000000000e+00,  3.8170725423315822e-02, -2.3601289788723601e-01,  8.4060027470078467e+00,  0.0000000000000000e+00
 2.5474525474525476e+00,  6.3372800034353224e+02,  4.1553649803085110e-02,  2.9836529215848749e+01, -2.8470076069510394e-02,  9.0323116240341700e-02,  5.0747678344952596e-01,  1.6161202096831673e+03,  5.2764906052093750e+00, -1.4999914881473758e+04,  1.0036014412575515e+01,  2.6527998218945226e+00,  1.3061150077644403e+00,  4.8218077072000173e-03,  8.3146756518820142e-02, -4.3899029343666790e-01,  2.7433066213374246e-01,  9.3870193875429089e-04,  2.4842619667550973e-02, -2.2363982492821167e-02,  0.0000000000000000e+00,  3.6906463683996540e-02, -5.1633329567489972e-01,  4.2385954866102074e+00,  0.0000000000000000e+00
 2.5574425574425574e+00,  6.3372800824912065e+02,  4.1187032918510627e-02,  2.9836680239165695e+01, -2.8440808749641749e-02,  9.0318283958374726e-02,  5.0752275269510483e-01,  1.6224575096897227e+03,  5.3696745370564019e+00, -1.4999914283068285e+04,  1.0035968783634685e+01,  2.6528103667497924e+00,  1.3112701123451742e+00,  4.8330269870122435e-03,  8.3369169428675963e-02, -4.3900220329546308e-01,  2.7433066213374246e-01,  1.2870484236731934e-03,  1.8860924093078137e-02, -2.7024228432977308e-02,  0.0000000000000000e+00,  3.2832502596762722e-02, -6.8120215833466347e-01, -5.1715767238295660e+00,  0.0000000000000000e+00
 2.5674325674325673e+00,  6.3372801718340668e+02,  4.0812460769173761e-02,  2.9836829000907262e+01, -2.8412940133438931e-02,  9.0309649419393345e-02,  5.0758599421618567e-01,  1.6287948016566852e+03,  5.4634248925581765e+00, -1.4999913684285615e+04,  1.0035923464999739e+01,  2.6528203851145102e+00,  1.3164256816654079e+00,  4.8475229604202606e-03,  8.3523598159041479e-02, -4.3953023806070340e-01,  2.7433066213374246e-01,  1.5733540347397299e-03,  1.2224719953305008e-02, -1.2025611723025099e-01,  0.0000000000000000e+00,  2.4485880738764471e-02, -6.4736591044784964e-01, -1.3493447413384779e+01,  0.0000000000000000e+00
 2.5774225774225776e+00,  6.3372802722286701e+02,  4.0428967976155555e-02,  2.9836975823718284e+01, -2.8388909429996185e-02,  9.0300989059878559e-02,  5.0766103806675844e-01,  1.6351320855296817e+03,  5.5577416568133797e+00, -1.4999913085146423e+04,  1.0035878437668099e+01,  2.6528298348540815e+00,  1.3215818591699284e+00,  4.8644626320619886e-03,  8.3613419577593148e-02, -4.4140492292044314e-01,  2.7433066213374246e-01,  1.7517005358232826e-03,  7.0194060716917287e-03, -2.6627779519145689e-01,  0.0000000000000000e+00,  1.1219088778162391e-02, -3.9473792865111768e-01, -1.5740092514448332e+01,  0.0000000000000000e+00
 2.5874125874125875e+00,  6.3372803839065136e+02,  4.0036988385341594e-02,  2.9837121817219760e+01, -2.8371987852207518e-02,  9.0298176112256906e-02,  5.0773798825124983e-01,  1.6414693612547624e+03,  5.6526248231885488e+00, -1.4999912485663466e+04,  1.0035833650748618e+01,  2.6528387319050220e+00,  1.3267387213178208e+00,  4.8825219721250219e-03,  8.3663846032601755e-02, -4.4485047372886444e-01,  2.7433066213374246e-01,  1.7790661435121741e-03,  5.3831434241467099e-03, -4.3210521910519456e-01,  0.0000000000000000e+00, -5.7404941188545127e-03,  6.7158146612587385e-02, -1.7458557753080452e+01,  0.0000000000000000e+00
 2.5974025974025974e+00,  6.3372805065119758e+02,  3.9638003184319315e-02,  2.9837268372084338e+01, -2.8363874713362509e-02,  9.0304718081223728e-02,  5.0780718993053287e-01,  1.6478066287781730e+03,  5.7480743959680307e+00, -1.4999911885839676e+04,  1.0035789024239394e+01,  2.6528471639055029e+00,  1.3318962567850037e+00,  4.9000084091551386e-03,  8.3720974890762911e-02, -4.5003839383163574e-01,  2.7433066213374246e-01,  1.6279484792978954e-03,  8.1154189797361578e-03, -5.6493002098617151e-01,  0.0000000000000000e+00, -2.4513262256844453e-02,  4.7984341961642646e-01, -9.1329675834914337e+00,  0.0000000000000000e+00
 2.6073926073926073e+00,  6.3372806394000349e+02,  3.9234940409590108e-02,  2.9837416292696712e+01, -2.8365947655439191e-02,  9.0319006034202981e-02,  5.0785702528768506e-01,  1.6541438880459029e+03,  5.8440903926646284e+00, -1.4999911285673741e+04,  1.0035744456302650e+01,  2.6528552485015742e+00,  1.3370543484480708e+00,  4.9150484152678366e-03,  8.3825992265963115e-02, -4.5613778683548112e-01,  2.7433066213374246e-01,  1.2973491275320560e-03,  1.3935058059578433e-02, -5.6715531421324727e-01,  0.0000000000000000e+00, -4.1672727966669737e-02,  6.8524832416804204e-01,  8.6874638794279413e+00,  0.0000000000000000e+00
 2.6173826173826176e+00,  6.3372807817022203e+02,  3.8831144651540750e-02,  2.9837565808262145e+01, -2.8376912751338856e-02,  9.0337517166874562e-02,  5.0788065704206731e-01,  1.6604811390033678e+03,  5.9406728430456717e+00, -1.4999910685165083e+04,  1.0035699839858093e+01,  2.6528630974595639e+00,  1.3422127803553641e+00,  4.9259294706442908e-03,  8.3999397629216030e-02, -4.6137016834139105e-01,  2.7433066213374246e-01,  8.2173055798383352e-04,  2.0377750192754122e-02, -5.4468694556926700e-01,  0.0000000000000000e+00, -5.3546109656883389e-02,  6.0457864089371705e-01, -4.1892964769031442e+00,  0.0000000000000000e+00
 2.6273726273726274e+00,  6.3372809327634195e+02,  3.8430297806597145e-02,  2.9837716201231320e+01, -2.8395232946100746e-02,  9.0353737523204997e-02,  5.0787319653681695e-01,  1.6668183815952398e+03,  6.0378217841440573e+00, -1.4999910084318095e+04,  1.0035655082692891e+01,  2.6528707849184223e+00,  1.3473712754760192e+00,  4.9314666082345467e-03,  8.4233140121962202e-02, -4.6702064289081124e-01,  2.7433066213374246e-01,  2.4194235256097253e-04,  2.4629947735078470e-02, -5.4803345365403799e-01,  0.0000000000000000e+00, -6.2527489068775990e-02,  2.4671130707950986e-01,  3.5193255583345961e+00,  0.0000000000000000e+00
 2.6373626373626373e+00,  6.3372810922783242e+02,  3.8036502573000508e-02,  2.9837866235600103e+01, -2.8419966296462432e-02,  9.0362159522690305e-02,  5.0783081313145351e-01,  1.6731556157655384e+03,  6.1355372599909748e+00, -1.4999909483143167e+04,  1.0035610099561113e+01,  2.6528783364525745e+00,  1.3525294983029446e+00,  4.9307634836824720e-03,  8.4491504477069740e-02, -4.7231988769511796e-01,  2.7433066213374246e-01, -4.0732819374768834e-04,  2.4458476168440407e-02, -5.0036550680467429e-01,  0.0000000000000000e+00, -6.7456474302219419e-02, -2.8103991472045020e-01,  6.0237974009081299e+00,  0.0000000000000000e+00
 2.6473526473526472e+00,  6.3372812605428135e+02,  3.7653480439837482e-02,  2.9838014353507067e+01, -2.8449134129345167e-02,  9.0358885605049788e-02,  5.0775401383235097e-01,  1.6794928414579672e+03,  6.2338193170436309e+00, -1.4999908881656269e+04,  1.0035564819619642e+01,  2.6528857318693739e+00,  1.3576870905928500e+00,  4.9233281827850426e-03,  8.4721820964488478e-02, -4.7701795571408134e-01,  2.7433066213374246e-01, -1.0772895320332904e-03,  1.9215886849130205e-02, -3.4855748203462339e-01,  0.0000000000000000e+00, -6.6669785622561498e-02, -7.6852646700534533e-01,  2.4368169158053785e+01,  0.0000000000000000e+00
 2.6573426573426575e+00,  6.3372814381406431e+02,  3.7284170498656795e-02,  2.9838159674530889e+01, -2.8479468596007185e-02,  9.0346264424386966e-02,  5.0764765772599552e-01,  1.6858300586165055e+03,  6.3326679988733465e+00, -1.4999908279875141e+04,  1.0035519196925110e+01,  2.6528929328681663e+00,  1.3628437133111955e+00,  4.9092392173081803e-03,  8.4875438280249169e-02, -4.7928407315035526e-01,  2.7433066213374246e-01, -1.6962794891713711e-03,  1.0876980494852466e-02, -1.4773579732717118e-01,  0.0000000000000000e+00, -5.7252003796480960e-02, -9.0092258512104029e-01,  1.5836332120377717e+01,  0.0000000000000000e+00
 2.6673326673326674e+00,  6.3372816254623785e+02,  3.6930247267961298e-02,  2.9838302499410098e+01, -2.8507120552088365e-02,  9.0331117785161785e-02,  5.0752024081827107e-01,  1.6921672671860044e+03,  6.4320833381317968e+00, -1.4999907677811671e+04,  1.0035473229102408e+01,  2.6528999408973504e+00,  1.3679991098114783e+00,  4.8894364846997001e-03,  8.4939143252097921e-02, -4.7996971989644244e-01,  2.7433066213374246e-01, -2.1950765334501987e-03,  2.7652035384024502e-03, -3.5098332194640217e-02,  0.0000000000000000e+00, -4.2607164468131405e-02, -7.2305516156028005e-01,  6.7136883991551999e+00,  0.0000000000000000e+00
 2.6773226773226773e+00,  6.3372818227128107e+02,  3.6592716938015753e-02,  2.9838443537609486e+01, -2.8529926525320826e-02,  9.0318430106844622e-02,  5.0737898501768608e-01,  1.6985044671123226e+03,  6.5320653561038853e+00, -1.4999907075471607e+04,  1.0035426947348869e+01,  2.6529068007018037e+00,  1.3731531105149364e+00,  4.8653815443121728e-03,  8.4930687102195271e-02, -4.7998533852886954e-01,  2.7433066213374246e-01, -2.5406657586673803e-03, -2.7613924307757264e-03,  7.4906693243290449e-04,  0.0000000000000000e+00, -2.6579798420349177e-02, -3.8336935146920376e-01,  4.6296090608492335e-01,  0.0000000000000000e+00
 2.6873126873126871e+00,  6.3372820297326211e+02,  3.6272009687754035e-02,  2.9838583796975591e+01, -2.8546847475361140e-02,  9.0312131792989289e-02,  5.0723006870230491e-01,  1.7048416583421199e+03,  6.6326140646627767e+00, -1.4999906472856857e+04,  1.0035380401460944e+01,  2.6529135837376381e+00,  1.3783056191378966e+00,  4.8386739320789738e-03,  8.4883970576158346e-02, -4.7995475352416606e-01,  2.7433066213374246e-01, -2.7324192100800291e-03, -4.3943331981204830e-03,  2.5518956161968219e-02,  0.0000000000000000e+00, -1.1809242552475188e-02,  5.6454609846757667e-02,  4.4959709176680178e+00,  0.0000000000000000e+00
 2.6973026973026974e+00,  6.3372822458564895e+02,  3.5968416574809280e-02,  2.9838724325457441e+01, -2.8558119992099892e-02,  9.0313638961253773e-02,  5.0707653718027257e-01,  1.7111788408225666e+03,  6.7337294687727720e+00, -1.4999905869965540e+04,  1.0035333647871431e+01,  2.6529203880253869e+00,  1.3834565938723755e+00,  4.8107877539009828e-03,  8.4842888237097958e-02, -4.7947546927488416e-01,  2.7433066213374246e-01, -2.7917328152091770e-03, -2.4147597874218498e-03,  9.0440117005163620e-02,  0.0000000000000000e+00, -6.5341194380023982e-05,  3.3985598697510450e-01,  8.5012454831395630e+00,  0.0000000000000000e+00
 2.7072927072927073e+00,  6.3372824703532137e+02,  3.5682158285569497e-02,  2.9838865324703406e+01, -2.8564089915500294e-02,  9.0319231097168703e-02,  5.0691974549610541e-01,  1.7175160145008228e+03,  6.8354115705366727e+00, -1.4999905266797932e+04,  1.0035286740562620e+01,  2.6529272937716266e+00,  1.3886060130041140e+00,  4.7828950546522165e-03,  8.4835723627358708e-02, -4.7814775817940752e-01,  2.7433066213374246e-01, -2.7466493005502760e-03,  1.1097770224279197e-03,  1.6980273678144570e-01,  0.0000000000000000e+00,  9.0910608291045227e-03,  3.6575628235682317e-01,  7.3871509960715152e+00,  0.0000000000000000e+00
 2.7172827172827172e+00,  6.3372827025329786e+02,  3.5413571764324261e-02,  2.9839006514558786e+01, -2.8564732864432209e-02,  9.0324981633694790e-02,  5.0675969084790684e-01,  1.7238531793237330e+03,  6.9376603717518321e+00, -1.4999904663359635e+04,  1.0035239731253906e+01,  2.6529343393625928e+00,  1.3937538530919382e+00,  4.7559096459978811e-03,  8.4865061604179434e-02, -4.7608280720132884e-01,  2.7433066213374246e-01, -2.6200163564864924e-03,  4.2302015115790728e-03,  2.3670067214915277e-01,  0.0000000000000000e+00,  1.6260854572465250e-02,  2.5895270037124496e-01,  6.0058156645435963e+00,  0.0000000000000000e+00
 2.7272727272727271e+00,  6.3372829416935804e+02,  3.5163308504820724e-02,  2.9839147599043553e+01, -2.8560249086600518e-02,  9.0328987039959049e-02,  5.0659470622378378e-01,  1.7301903352378752e+03,  7.0404758754625236e+00, -1.4999904059658811e+04,  1.0035192670563619e+01,  2.6529415409296329e+00,  1.3989000772090139e+00,  4.7305470755016378e-03,  8.4920243138079568e-02, -4.7341847402058335e-01,  2.7433066213374246e-01, -2.4301252834462500e-03,  5.9130281707644831e-03,  3.3983100811673150e-01,  0.0000000000000000e+00,  2.1755338250179924e-02,  7.7949196797700904e-02,  1.4640877596166771e+01,  0.0000000000000000e+00
 2.7372627372627374e+00,  6.3372831872895802e+02,  3.4931921361524565e-02,  2.9839288078055461e+01, -2.8550504900118873e-02,  9.0329535597399452e-02,  5.0642483224615065e-01,  1.7365274821896494e+03,  7.1438580862613756e+00, -1.4999903455705244e+04,  1.0035145607726642e+01,  2.6529488992750512e+00,  1.4040446329428746e+00,  4.7073556942806728e-03,  8.4983204025173731e-02, -4.6929297686932614e-01,  2.7433066213374246e-01, -2.1882599442829822e-03,  5.8607893412506240e-03,  4.4217907581540800e-01,  0.0000000000000000e+00,  2.6666102650305737e-02, -8.8407410466375319e-02,  5.8492055571080428e+00,  0.0000000000000000e+00
 2.7472527472527473e+00,  6.3372834387948706e+02,  3.4719594927679336e-02,  2.9839427660449608e+01, -2.8535727272096533e-02,  9.0327078369445091e-02,  5.0625186929183164e-01,  1.7428646201255115e+03,  7.2478070069627112e+00, -1.4999902851509190e+04,  1.0035098593664264e+01,  2.6529564102058467e+00,  1.4091874782094089e+00,  4.6868255980933859e-03,  8.5037341826216445e-02, -4.6458372725104463e-01,  2.7433066213374246e-01, -1.9094479625350485e-03,  4.3949223348879879e-03,  4.4342101293296210e-01,  0.0000000000000000e+00,  2.9152056095639822e-02, -2.0505916420745007e-01, -5.6005697461759389e+00,  0.0000000000000000e+00
 2.7572427572427571e+00,  6.3372836957636355e+02,  3.4526530932601572e-02,  2.9839566148008707e+01, -2.8517478175684792e-02,  9.0322497432448010e-02,  5.0607653885316706e-01,  1.7492017489920831e+03,  7.3523226383861306e+00, -1.4999902247080765e+04,  1.0035051670395672e+01,  2.6529640706715467e+00,  1.4143285840169699e+00,  4.6692048858384145e-03,  8.5071014661235428e-02, -4.6043341617136496e-01,  2.7433066213374246e-01, -1.6256019838061550e-03,  2.3457812417065726e-03,  4.2209750482167679e-01,  0.0000000000000000e+00,  2.7673908845885296e-02, -2.0517888264747397e-01,  1.3316034222965714e+00,  0.0000000000000000e+00
 2.7672327672327670e+00,  6.3372839576089166e+02,  3.4352998085967097e-02,  2.9839703753095598e+01, -2.8497829201270981e-02,  9.0318135994127177e-02,  5.0589882807303654e-01,  1.7555388687362492e+03,  7.4574049804110105e+00, -1.4999901642427627e+04,  1.0035004860538745e+01,  2.6529718967228537e+00,  1.4194679273739583e+00,  4.6543460379773792e-03,  8.5084210582294498e-02, -4.5615021067119105e-01,  2.7433066213374246e-01, -1.3669726703783721e-03,  6.7884498401384096e-04,  4.7968130944548892e-01,  0.0000000000000000e+00,  2.4103679702350292e-02, -1.2854175614260605e-01,  1.0196674263392431e+01,  0.0000000000000000e+00
 2.7772227772227773e+00,  6.3372842236818303e+02,  3.4198789461017245e-02,  2.9839840746429775e+01, -2.8477421379505572e-02,  9.0315471315438781e-02,  5.0572137320987687e-01,  1.7618759793051970e+03,  7.5630540307192939e+00, -1.4999901037555712e+04,  1.0034958172943494e+01,  2.6529799175467397e+00,  1.4246055004677904e+00,  4.6418927445721131e-03,  8.5084577997579361e-02, -4.5084937402460185e-01,  2.7433066213374246e-01, -1.1373154286796665e-03,  2.3547759814729300e-04,  4.8596522702892114e-01,  0.0000000000000000e+00,  2.1873700085730075e-02,  3.9779605492124080e-02, -8.9386339631893037e+00,  0.0000000000000000e+00
 2.7872127872127872e+00,  6.3372844930929273e+02,  3.4063363172833261e-02,  2.9839977693274797e+01, -2.8456073830384399e-02,  9.0316505820404958e-02,  5.0554691197131929e-01,  1.7682130806464534e+03,  7.6692697822828126e+00, -1.4999900432468925e+04,  1.0034911618275915e+01,  2.6529881786612117e+00,  1.4297413322631298e+00,  4.6316224529887743e-03,  8.5088915429410328e-02, -4.4644061572555815e-01,  2.7433066213374246e-01, -9.2923944892077609e-04,  1.3672819329247825e-03,  3.7201658647395974e-01,  0.0000000000000000e+00,  1.9783111062004363e-02,  1.8680762233032916e-01, -1.3873883875916002e+01,  0.0000000000000000e+00
 2.7972027972027971e+00,  6.3372847649494565e+02,  3.3946566691586494e-02,  2.9840114765731691e+01, -2.8434199712051255e-02,  9.0320027425412452e-02,  5.0537474496755463e-01,  1.7745501727076264e+03,  7.7760522276706396e+00, -1.4999899827171157e+04,  1.0034865205327741e+01,  2.6529967264171028e+00,  1.4348754584520591e+00,  4.6233265218164534e-03,  8.5111896317917518e-02, -4.4341647519395339e-01,  2.7433066213374246e-01, -7.4439885430892358e-04,  3.3771835327229905e-03,  2.3306703971632070e-01,  0.0000000000000000e+00,  1.7221975979284855e-02,  2.1557467794928223e-01, -1.3943815384962004e+01,  0.0000000000000000e+00
 2.8071928071928074e+00,  6.3372850384702679e+02,  3.3848418176260130e-02,  2.9840251789585711e+01, -2.8412065194341241e-02,  9.0323700905049001e-02,  5.0520369660352715e-01,  1.7808872554362395e+03,  7.8834013617684171e+00, -1.4999899221668691e+04,  1.0034818938940013e+01,  2.6530055898829978e+00,  1.4400079011198699e+00,  4.6167493490065778e-03,  8.5156391623870328e-02, -4.4178393161534191e-01,  2.7433066213374246e-01, -5.8640243413191182e-04,  5.1138302408755649e-03,  1.1130216574351930e-01,  0.0000000000000000e+00,  1.4408907340152578e-02,  1.3210199302285949e-01, -1.0433512384392579e+01,  0.0000000000000000e+00
 2.8171828171828173e+00,  6.3372853130480030e+02,  3.3769093461104432e-02,  2.9840388395136323e+01, -2.8389880629353090e-02,  9.0325586429906540e-02,  5.0503240477033762e-01,  1.7872243287796971e+03,  7.9913171821909748e+00, -1.4999898615970462e+04,  1.0034772820894089e+01,  2.6530147776134267e+00,  1.4451386652787286e+00,  4.6116101894661653e-03,  8.5214070748304643e-02, -4.4119265569857835e-01,  2.7433066213374246e-01, -4.5722601479096210e-04,  5.8260437151538428e-03,  2.9818122969252240e-02,  0.0000000000000000e+00,  1.1452211811907826e-02,  1.0483144527624791e-02, -5.8795929790159089e+00,  0.0000000000000000e+00
 2.8271728271728271e+00,  6.3372855882235433e+02,  3.3708840386161336e-02,  2.9840524300124322e+01, -2.8367876704010964e-02,  9.0325487744022437e-02,  5.0485981680127068e-01,  1.7935613926853798e+03,  8.0997996887204824e+00, -1.4999898010086770e+04,  1.0034726850121615e+01,  2.6530242877341248e+00,  1.4502677419673660e+00,  4.6076139640956696e-03,  8.5272796093703571e-02, -4.4118816492264956e-01,  2.7433066213374246e-01, -3.5763147669528803e-04,  5.5064163592423556e-03, -2.0267601469889839e-02,  0.0000000000000000e+00,  8.4866147148463539e-03, -7.4472541181105315e-02, -4.1475690537004519e+00,  0.0000000000000000e+00
 2.8371628371628370e+00,  6.3372858636713295e+02,  3.3667912895544438e-02,  2.9840659338630619e+01, -2.8346280257760852e-02,  9.0323816560257064e-02,  5.0468539566226944e-01,  1.7998984471007684e+03,  8.2088488821975645e+00, -1.4999897404027934e+04,  1.0034681022927971e+01,  2.6530341207459940e+00,  1.4553951154538920e+00,  4.6044647054163095e-03,  8.5324089057180613e-02, -4.4159760278089383e-01,  2.7433066213374246e-01, -2.8715454048048889e-04,  4.4740823522242835e-03, -4.7564002142162908e-02,  0.0000000000000000e+00,  5.6228679153550697e-03, -1.3220072702388933e-01, -1.3171703608888323e+00,  0.0000000000000000e+00
 2.8471528471528473e+00,  6.3372861392234233e+02,  3.3646543393862326e-02,  2.9840793355614885e+01, -2.8325291906486354e-02,  9.0320756922904782e-02,  5.0450897418322349e-01,  1.8062354919735606e+03,  8.3184647638727434e+00, -1.4999896797804195e+04,  1.0034635333365493e+01,  2.6530442780763068e+00,  1.4605207673746969e+00,  4.6018766106395159e-03,  8.5362188348493268e-02, -4.4213849463577970e-01,  2.7433066213374246e-01, -2.4452602834719602e-04,  3.0777185361297822e-03, -2.4247715821960211e-02,  0.0000000000000000e+00,  2.9113602137300701e-03, -1.4735130895822687e-01,  5.9850908821933624e+00,  0.0000000000000000e+00
 2.8571428571428572e+00,  6.3372864147398525e+02,  3.3644938009378178e-02,  2.9840926402836615e+01, -2.8305134237019747e-02,  9.0317645437405281e-02,  5.0433046528937941e-01,  1.8125725272517327e+03,  8.4286473349205018e+00, -1.4999896191425312e+04,  1.0034589773447998e+01,  2.6530547657586734e+00,  1.4656446792760527e+00,  4.5995790704842976e-03,  8.5385581935025365e-02, -4.4208207262748644e-01,  2.7433066213374246e-01, -2.2520205878046840e-04,  2.1111991523749445e-03,  6.4636554257836584e-02,  0.0000000000000000e+00,  9.5729849352980587e-04, -4.6145871669501043e-02,  1.1809539987782003e+01,  0.0000000000000000e+00
 2.8671328671328671e+00,  6.3372866899061341e+02,  3.3662936951065058e-02,  2.9841059040952214e+01, -2.8285350019396291e-02,  9.0317838915985174e-02,  5.0415202663394565e-01,  1.8189095528836199e+03,  8.5393965949146331e+00, -1.4999895584898741e+04,  1.0034544335837902e+01,  2.6530656102634076e+00,  1.4707668430746230e+00,  4.5973770690055406e-03,  8.5404370149739520e-02, -4.4084705499026849e-01,  2.7433066213374246e-01, -2.1627778992212523e-04,  2.7045305907815714e-03,  1.3182304444047646e-01,  0.0000000000000000e+00,  8.2934013191051465e-04,  1.6493082563850908e-01,  1.6411953467826590e+00,  0.0000000000000000e+00
 2.8771228771228770e+00,  6.3372869641784291e+02,  3.3700156219415862e-02,  2.9841191827342332e+01, -2.8265758387014315e-02,  9.0322320178964299e-02,  5.0397542307042975e-01,  1.8252465688179125e+03,  8.6507125395749291e+00, -1.4999894978229368e+04,  1.0034499019687452e+01,  2.6530768603619586e+00,  1.4758872796158446e+00,  4.5952578359204190e-03,  8.5439618510265755e-02, -4.3944824556573869e-01,  2.7433066213374246e-01, -2.0918882768800905e-04,  5.0401604174185087e-03,  1.2004783645625318e-01,  0.0000000000000000e+00,  5.8987010735860653e-04,  3.0266226565422022e-01, -3.9985919852234790e+00,  0.0000000000000000e+00
 2.8871128871128873e+00,  6.3372872369765946e+02,  3.3756243134104393e-02,  2.9841324895661629e+01, -2.8246618237698203e-02,  9.0329401100668172e-02,  5.0380146720017382e-01,  1.8315835750033375e+03,  8.7625951634964601e+00, -1.4999894371423617e+04,  1.0034453823070523e+01,  2.6530885561501361e+00,  1.4810060177615405e+00,  4.5931974720487372e-03,  8.5505072655582048e-02, -4.3844849681931436e-01,  2.7433066213374246e-01, -2.0556462439457563e-04,  8.1345058827583458e-03,  5.3312408183204665e-02,  0.0000000000000000e+00,  1.3569539198675774e-04,  3.1682569650680864e-01, -9.3618407550406921e+00,  0.0000000000000000e+00
 2.8971028971028971e+00,  6.3372875077510787e+02,  3.3830752860833153e-02,  2.9841458076329378e+01, -2.8228023162920366e-02,  9.0336776148358638e-02,  5.0363113293284900e-01,  1.8379205713884933e+03,  8.8750444607812575e+00, -1.4999893764490826e+04,  1.0034408742414101e+01,  2.6531007161820770e+00,  1.4861230916493688e+00,  4.5911506506178300e-03,  8.5602146100330859e-02, -4.3838306258505527e-01,  2.7433066213374246e-01, -2.0578484234962848e-04,  1.0749310590093882e-02, -3.7948400583850773e-02,  0.0000000000000000e+00, -1.7978302658742943e-04,  2.0665820590172163e-01, -8.9085731601238418e+00,  0.0000000000000000e+00
 2.9070929070929070e+00,  6.3372877761134805e+02,  3.3923204591961485e-02,  2.9841590879709262e+01, -2.8209915378961833e-02,  9.0341680205429889e-02,  5.0346507069730062e-01,  1.8442575579218162e+03,  8.9880604254773893e+00, -1.4999893157444085e+04,  1.0034363774319425e+01,  2.6531133328853524e+00,  1.4912385391723353e+00,  4.5890858867870064e-03,  8.5719844095943562e-02, -4.3920670662118949e-01,  2.7433066213374246e-01, -2.0622944618513985e-04,  1.1862326930973607e-02, -8.8438038892011225e-02,  0.0000000000000000e+00,  9.0773338718049993e-05,  1.6167665542401614e-02, -1.1994524291699984e+00,  0.0000000000000000e+00
 2.9170829170829169e+00,  6.3372880418619206e+02,  3.4032799012300427e-02,  2.9841722860905794e+01, -2.8191793153263842e-02,  9.0343366645394108e-02,  5.0330554566164454e-01,  1.8505945345516902e+03,  9.1016430511636042e+00, -1.4999892550299146e+04,  1.0034318917865580e+01,  2.6531263760282280e+00,  1.4963524055246513e+00,  4.5870301821625825e-03,  8.5839155629421238e-02, -4.4015005636911142e-01,  2.7433066213374246e-01, -1.9639903689146822e-04,  1.1352585308328210e-02, -1.3338597909293243e-01,  0.0000000000000000e+00,  1.8772746018740738e-03, -1.1821793839595521e-01, -7.7991251990547763e+00,  0.0000000000000000e+00
 2.9270729270729272e+00,  6.3372883047859420e+02,  3.4158420884792769e-02,  2.9841853809127336e+01, -2.8173297177707189e-02,  9.0342554411969034e-02,  5.0315483264428218e-01,  1.8569315012267848e+03,  9.2157923282276624e+00, -1.4999891943071740e+04,  1.0034274179292549e+01,  2.6531398154112638e+00,  1.5014647651588500e+00,  4.5851618301058581e-03,  8.5946668977228843e-02, -4.4187176114852084e-01,  2.7433066213374246e-01, -1.6890258798228598e-04,  9.7228536406290013e-03, -1.9154856714831725e-01,  0.0000000000000000e+00,  3.6275144697441577e-03, -2.0805434147742308e-01, -3.8450249296331447e+00,  0.0000000000000000e+00
 2.9370629370629371e+00,  6.3372885646984764e+02,  3.4298951967974438e-02,  2.9841983513281178e+01, -2.8154570991139698e-02,  9.0339626087911698e-02,  5.0301390497982701e-01,  1.8632684578960157e+03,  9.3305082456078985e+00, -1.4999891335777076e+04,  1.0034229565824505e+01,  2.6531536223872294e+00,  1.5065757069909989e+00,  4.5836555050800193e-03,  8.6033418439423817e-02, -4.4397720056787904e-01,  2.7433066213374246e-01, -1.2615894172736115e-04,  7.4186043434970672e-03, -2.1866376796882006e-01,  0.0000000000000000e+00,  4.9297635104924810e-03, -2.5325636780842942e-01, -1.5834382746305553e+00,  0.0000000000000000e+00
 2.9470529470529470e+00,  6.3372888214312707e+02,  3.4453115417747454e-02,  2.9842111884549496e+01, -2.8135832052373574e-02,  9.0335404278076056e-02,  5.0288389099497433e-01,  1.8696054045086230e+03,  9.4457907908019205e+00, -1.4999890728430260e+04,  1.0034185083442461e+01,  2.6531677716528295e+00,  1.5116853326071971e+00,  4.5826411719294873e-03,  8.6094892840235776e-02, -4.4624066760144426e-01,  2.7433066213374246e-01, -7.2752476201734116e-05,  4.9687960409643831e-03, -2.1913833102690766e-01,  0.0000000000000000e+00,  5.7622108877381740e-03, -2.3719525435861966e-01,  1.4884307504014136e+00,  0.0000000000000000e+00
 2.9570429570429568e+00,  6.3372890747511281e+02,  3.4619561252898071e-02,  2.9842239014233773e+01, -2.8117336382204795e-02,  9.0331205665746789e-02,  5.0276551912330814e-01,  1.8759423410142074e+03,  9.5616399498614193e+00, -1.4999890121045095e+04,  1.0034140736294290e+01,  2.6531822466298220e+00,  1.5167937552198840e+00,  4.5822019091519128e-03,  8.6132695083598929e-02, -4.4835558880018483e-01,  2.7433066213374246e-01, -1.3694496036964430e-05,  2.9203280501988874e-03, -1.9556981823645248e-01,  0.0000000000000000e+00,  6.0611967412485248e-03, -1.7290803739261665e-01,  3.2299855102467561e+00,  0.0000000000000000e+00
 2.9670329670329672e+00,  6.3372893243854764e+02,  3.4796961557783557e-02,  2.9842365025226282e+01, -2.8099355714044375e-02,  9.0327617435872629e-02,  5.0265885784729925e-01,  1.8822792673626977e+03,  9.6780557079723444e+00, -1.4999889513634169e+04,  1.0034096526130313e+01,  2.6531970402133873e+00,  1.5219010937626396e+00,  4.5823675556250524e-03,  8.6153241053026963e-02, -4.5014815647729750e-01,  2.7433066213374246e-01,  4.5418360127655315e-05,  1.4935188622562561e-03, -1.3523903260700587e-01,  0.0000000000000000e+00,  5.7731970629082236e-03, -1.1273916203349514e-01,  8.8482377727683250e+00,  0.0000000000000000e+00
 2.9770229770229770e+00,  6.3372895700733318e+02,  3.4984062184683175e-02,  2.9842489987157236e+01, -2.8082156612866623e-02,  9.0324671327288025e-02,  5.0256341682891637e-01,  1.8886161835042906e+03,  9.7950380503407537e+00, -1.4999888906209982e+04,  1.0034052451883197e+01,  2.6532121468178782e+00,  1.5270074646198923e+00,  4.5831093688947231e-03,  8.6162535620307346e-02, -4.5105766737375141e-01,  2.7433066213374246e-01,  9.9232771992707039e-05,  6.5047786473056276e-04, -2.5732552880402569e-02,  0.0000000000000000e+00,  5.0004481924747976e-03, -5.6037645671152249e-02,  1.3074959468498122e+01,  0.0000000000000000e+00
 2.9870129870129869e+00,  6.3372898115252087e+02,  3.5179671926426327e-02,  2.9842614000154214e+01, -2.8065929084656580e-02,  9.0322563782646956e-02,  5.0247849962494096e-01,  1.8949530893894100e+03,  9.9125869623878344e+00, -1.4999888298784965e+04,  1.0034008509813692e+01,  2.6532275628096897e+00,  1.5321129779959617e+00,  4.5843502283921395e-03,  8.6166237613760840e-02, -4.5066229339798486e-01,  2.7433066213374246e-01,  1.4426561243100196e-04,  3.0884091038035097e-04,  8.0234024184839159e-02,  0.0000000000000000e+00,  4.0151264632724169e-03, -1.2358072589759029e-02,  8.1395492599635126e+00,  0.0000000000000000e+00
 2.9970029970029972e+00,  6.3372900484376407e+02,  3.5382697499694825e-02,  2.9842737089568359e+01, -2.8050759093235296e-02,  9.0320872070917671e-02,  5.0240328013337643e-01,  1.9012899849686351e+03,  1.0030702429748850e+01, -1.4999887691371625e+04,  1.0033964694607439e+01,  2.6532432845781964e+00,  1.5372177365338644e+00,  4.5859917987135243e-03,  8.6168706267867393e-02, -4.4945458996746090e-01,  2.7433066213374246e-01,  1.7804313616236130e-04,  1.7778259815826681e-04,  1.4637256276571425e-01,  0.0000000000000000e+00,  2.7471337877456510e-03, -1.3879801517101944e-02,  5.1013861639275406e+00,  0.0000000000000000e+00
 3.0069930069930071e+00,  6.3372902805512683e+02,  3.5592222736527540e-02,  2.9842859142633291e+01, -2.8036861534400031e-02,  9.0318666057899441e-02,  5.0233661842616917e-01,  1.9076268701925821e+03,  1.0149384438937915e+01, -1.4999887083983358e+04,  1.0033920999009396e+01,  2.6532593019076645e+00,  1.5423218313833182e+00,  4.5879075338099689e-03,  8.6169789713624143e-02, -4.4773776666939913e-01,  2.7433066213374246e-01,  1.9681925803220591e-04, -8.7729264545775477e-05,  2.0503357765034880e-01,  0.0000000000000000e+00,  1.0118458105963677e-03, -3.9275673396248115e-02,  6.6425490159755576e+00,  0.0000000000000000e+00
 3.0169830169830170e+00,  6.3372905076599170e+02,  3.5807438271586459e-02,  2.9842980113566341e+01, -2.8024528400257796e-02,  9.0316105482856512e-02,  5.0227747278029977e-01,  1.9139637450119030e+03,  1.0268632977565570e+01, -1.4999886476634023e+04,  1.0033877412572116e+01,  2.6532756006417539e+00,  1.5474253415234476e+00,  4.5899242514214605e-03,  8.6166953435408936e-02, -4.4535801498943201e-01,  2.7433066213374246e-01,  1.9659933590021990e-04, -3.6832745932359478e-04,  2.6599703085624715e-01,  0.0000000000000000e+00, -1.0558742214199668e-03, -1.6900085198271967e-02,  5.5623343158454368e+00,  0.0000000000000000e+00
 3.0269730269730268e+00,  6.3372907295363825e+02,  3.6027624929409842e-02,  2.9843100184526776e+01, -2.8014018733713834e-02,  9.0314541943602167e-02,  5.0222495466433004e-01,  1.9203006093773351e+03,  1.0388448033814457e+01, -1.4999885869336469e+04,  1.0033833921673814e+01,  2.6532921761955710e+00,  1.5525283379787447e+00,  4.5918355924693139e-03,  8.6162430523627667e-02, -4.4242314067826538e-01,  2.7433066213374246e-01,  1.7489402227610943e-04, -4.3663465958314561e-05,  3.2205348107950810e-01,  0.0000000000000000e+00, -3.2895295661260729e-03,  8.1897816669998000e-02,  5.6601670188527136e+00,  0.0000000000000000e+00
 3.0369630369630372e+00,  6.3372909458423135e+02,  3.6252123565183807e-02,  2.9843219787456583e+01, -2.8005595812112646e-02,  9.0316020013853582e-02,  5.0217838192920172e-01,  1.9266374632397383e+03,  1.0508829596140769e+01, -1.4999885262101818e+04,  1.0033790509926240e+01,  2.6533090409445506e+00,  1.5576308868493376e+00,  4.5934186374809232e-03,  8.6166081038486692e-02, -4.3892338000282838e-01,  2.7433066213374246e-01,  1.3043250586029423e-04,  1.6335557869260353e-03,  3.4656374949156432e-01,  0.0000000000000000e+00, -5.6116660203200395e-03,  2.5388147775744530e-01, -7.5321128275911631e-01,  0.0000000000000000e+00
 3.0469530469530470e+00,  6.3372911561235674e+02,  3.6480335287959999e-02,  2.9843339464919325e+01, -2.7999471028377833e-02,  9.0321909043680995e-02,  5.0213721917841447e-01,  1.9329743065500263e+03,  1.0629777653056156e+01, -1.4999884654939349e+04,  1.0033747158304253e+01,  2.6533262264276654e+00,  1.5627330516324400e+00,  4.5944416365424467e-03,  8.6195069000888927e-02, -4.3549879003907321e-01,  2.7433066213374246e-01,  6.3274838904498227e-05,  4.9440480051831086e-03,  2.7943132498137846e-01,  0.0000000000000000e+00, -7.8332989042308072e-03,  4.0887906433761001e-01, -1.2686700104181755e+01,  0.0000000000000000e+00
 3.0569430569430569e+00,  6.3372913599427989e+02,  3.6711799792056611e-02,  2.9843459530218325e+01, -2.7995685708834001e-02,  9.0331482256760326e-02,  5.0210078588881579e-01,  1.9393111392590588e+03,  1.0751292193880838e+01, -1.4999884047858526e+04,  1.0033703846239950e+01,  2.6533437679218195e+00,  1.5678348900362309e+00,  4.5946828700264676e-03,  8.6264863216412427e-02, -4.3334033654665705e-01,  2.7433066213374246e-01, -2.4659700118233606e-05,  9.3153239531197779e-03,  1.2489932654569839e-01,  0.0000000000000000e+00, -9.7711958081203084e-03,  4.6625038043932127e-01, -1.8250605982641751e+01,  0.0000000000000000e+00
 3.0669330669330668e+00,  6.3372915569541112e+02,  3.6946218406416653e-02,  2.9843579986849118e+01, -2.7994131196272514e-02,  9.0342827210632345e-02,  5.0206822605946744e-01,  1.9456479613175345e+03,  1.0873373210027854e+01, -1.4999883440870924e+04,  1.0033660552992808e+01,  2.6533616877543849e+00,  1.5729364483619477e+00,  4.5939489352413831e-03,  8.6381189359592617e-02, -4.3300329899919915e-01,  2.7433066213374246e-01, -1.2979118035235136e-04,  1.3689665610923916e-02, -4.2408622300034345e-02,  0.0000000000000000e+00, -1.1276126534750387e-02,  4.0949281945312010e-01, -1.5244445376273845e+01,  0.0000000000000000e+00
 3.0769230769230771e+00,  6.3372917469675906e+02,  3.7183373527771756e-02,  2.9843700554028331e+01, -2.7994605812652479e-02,  9.0353633226046212e-02,  5.0203880778924892e-01,  1.9519847726759251e+03,  1.0996020695445706e+01, -1.4999882833991220e+04,  1.0033617258862755e+01,  2.6533799882025657e+00,  1.5780377603015334e+00,  4.5920896396497973e-03,  8.6538383008838482e-02, -4.3418766166753686e-01,  2.7433066213374246e-01, -2.4742813845557763e-04,  1.6985588009999216e-02, -1.5646997402117754e-01,  0.0000000000000000e+00, -1.2274792477515267e-02,  2.5035084484174758e-01, -7.5906372382987852e+00,  0.0000000000000000e+00
 3.0869130869130870e+00,  6.3372919299704961e+02,  3.7423040535723644e-02,  2.9843820705337968e+01, -2.7996858483227680e-02,  9.0361531662929082e-02,  5.0201214841981223e-01,  1.9583215732845651e+03,  1.1119234646061935e+01, -1.4999882227237229e+04,  1.0033573945971602e+01,  2.6533986490155343e+00,  1.5831388502183139e+00,  4.5890053160914214e-03,  8.6720561747404792e-02, -4.3612957220641552e-01,  2.7433066213374246e-01, -3.7234593664194917e-04,  1.8423643872538926e-02, -1.5012656551800743e-01,  0.0000000000000000e+00, -1.2733750719394957e-02,  3.7547938838619545e-02,  8.8605876206344920e+00,  0.0000000000000000e+00
 3.0969030969030968e+00,  6.3372921061084867e+02,  3.7664882178746362e-02,  2.9843939954050885e+01, -2.8000685066048626e-02,  9.0365962764059837e-02,  5.0198837394254070e-01,  1.9646583630937041e+03,  1.1243015058524724e+01, -1.4999881620629372e+04,  1.0033530598731724e+01,  2.6534176322527903e+00,  1.5882397395779146e+00,  4.5846501603962119e-03,  8.6906487781516578e-02, -4.3718719344611839e-01,  2.7433066213374246e-01, -4.9948144981527300e-04,  1.8204921054331861e-02, -3.1929523317179548e-02,  0.0000000000000000e+00, -1.2718779017904774e-02, -8.1336247043674550e-02,  1.4802460227971528e+01,  0.0000000000000000e+00
 3.1068931068931067e+00,  6.3372922755024831e+02,  3.7908423637598228e-02,  2.9844058286927556e+01, -2.8005924973391345e-02,  9.0369266611369611e-02,  5.0196787487442274e-01,  1.9709951420537857e+03,  1.1367361928196246e+01, -1.4999881014187285e+04,  1.0033487203485963e+01,  2.6534369094717283e+00,  1.5933404571369920e+00,  4.5790256667444630e-03,  8.7084296433805025e-02, -4.3676752472024527e-01,  2.7433066213374246e-01, -6.2368731755135928e-04,  1.7507491869205943e-02,  8.8996226889469232e-02,  0.0000000000000000e+00, -1.2147235702862226e-02, -5.8289075818455605e-02,  9.4068749633998170e+00,  0.0000000000000000e+00
 3.1168831168831170e+00,  6.3372924382114604e+02,  3.8153231887659900e-02,  2.9844175983178950e+01, -2.8012261521641973e-02,  9.0373875706223378e-02,  5.0195057430546874e-01,  1.9773319101155196e+03,  1.1492275248832343e+01, -1.4999880407928351e+04,  1.0033443749265697e+01,  2.6534564755245804e+00,  1.5984410390282917e+00,  4.5721888753302506e-03,  8.7256287818863354e-02, -4.3540904705472039e-01,  2.7433066213374246e-01, -7.3963951290748520e-04,  1.7456753664301040e-02,  1.4458145607596146e-01,  0.0000000000000000e+00, -1.1066393807433936e-02,  4.8131287196494253e-02,  1.7212879197358093e+00,  0.0000000000000000e+00
 3.1268731268731269e+00,  6.3372925942582435e+02,  3.8399059772204473e-02,  2.9844293347876377e+01, -2.8019363186458184e-02,  9.0380740500907941e-02,  5.0193559492338891e-01,  1.9836686672298813e+03,  1.1617755014068139e+01, -1.4999879801868132e+04,  1.0033400228413074e+01,  2.6534763437418767e+00,  1.6035415186392430e+00,  4.5642476544985591e-03,  8.7433082720804051e-02, -4.3387878433910715e-01,  2.7433066213374246e-01, -8.4482079643421039e-04,  1.8261764071603955e-02,  1.1790720544553765e-01,  0.0000000000000000e+00, -9.9908991546129155e-03,  1.1303179634547116e-01, -7.0614728959474400e+00,  0.0000000000000000e+00
 3.1368631368631368e+00,  6.3372927436824398e+02,  3.8645954951995291e-02,  2.9844410330809175e+01, -2.8027094510938690e-02,  9.0388119553417703e-02,  5.0192123093143892e-01,  1.9900054133479471e+03,  1.1743801219434285e+01, -1.4999879196022688e+04,  1.0033356634928115e+01,  2.6534965253377014e+00,  1.6086419131016858e+00,  4.5553093389379589e-03,  8.7621158229884408e-02, -4.3305325873413025e-01,  2.7433066213374246e-01, -9.4155217006358031e-04,  1.9221413433110811e-02,  2.2699542130493657e-02,  0.0000000000000000e+00, -9.3747218459871579e-03,  7.9090005828203858e-02, -1.1999101299724588e+01,  0.0000000000000000e+00
 3.1468531468531467e+00,  6.3372928865434915e+02,  3.8894215721789194e-02,  2.9844526765483316e+01, -2.8035428882504987e-02,  9.0394998383647771e-02,  5.0190568768231536e-01,  1.9963421484207377e+03,  1.1870413863647050e+01, -1.4999878590409940e+04,  1.0033312962394330e+01,  2.6535170167315445e+00,  1.6137422159886363e+00,  4.5454354233284578e-03,  8.7817126945241825e-02, -4.3342524703380259e-01,  2.7433066213374246e-01, -1.0338169468750121e-03,  1.9966801002672296e-02, -8.3242194184945190e-02,  0.0000000000000000e+00, -9.0966864716659022e-03,  7.0136585598093160e-02, -9.2104343106264768e+00,  0.0000000000000000e+00
 3.1568431568431570e+00,  6.3372930228451048e+02,  3.9144218248482660e-02,  2.9844642777010765e+01, -2.8044368389108516e-02,  9.0402598769220174e-02,  5.0188792392504411e-01,  2.0026788723992868e+03,  1.1997592947820708e+01, -1.4999877985047289e+04,  1.0033269203788077e+01,  2.6535378204530971e+00,  1.6188424060172872e+00,  4.5346536556837127e-03,  8.8020095312854887e-02, -4.3471643943712618e-01,  2.7433066213374246e-01, -1.1234542516852699e-03,  2.0883615426223169e-02, -1.5812467271226466e-01,  0.0000000000000000e+00, -8.8487019513474978e-03,  1.1340966199678920e-01, -5.7810378905427191e+00,  0.0000000000000000e+00
 3.1668331668331668e+00,  6.3372931525449803e+02,  3.9396245664509298e-02,  2.9844758541222649e+01, -2.8053820924167236e-02,  9.0411585048735088e-02,  5.0186796792606658e-01,  2.0090155852346368e+03,  1.2125338473822117e+01, -1.4999877379951036e+04,  1.0033225352336521e+01,  2.6535589498946308e+00,  1.6239424598664225e+00,  4.5229887849331475e-03,  8.8234381998712821e-02, -4.3658458115392779e-01,  2.7433066213374246e-01, -1.2093278442285517e-03,  2.2187139309600288e-02, -1.8960658962207591e-01,  0.0000000000000000e+00, -8.3431912758123658e-03,  1.4755581945521518e-01, -5.2164187480060986e-01,  0.0000000000000000e+00
 3.1768231768231767e+00,  6.3372932756532748e+02,  3.9650427966635926e-02,  2.9844874075546581e+01, -2.8063653721218350e-02,  9.0421292769893358e-02,  5.0184654425979469e-01,  2.0153522868778725e+03,  1.2253650443070336e+01, -1.4999876775137969e+04,  1.0033181402800862e+01,  2.6535804171550970e+00,  1.6290423604338184e+00,  4.5104912611936320e-03,  8.8463394799560183e-02, -4.3850478288611866e-01,  2.7433066213374246e-01, -1.2888006004299253e-03,  2.3552122168311339e-02, -1.8688812164193433e-01,  0.0000000000000000e+00, -7.5672545157027937e-03,  1.2571374885874051e-01,  1.0658791644249632e+00,  0.0000000000000000e+00
 3.1868131868131866e+00,  6.3372933922854816e+02,  3.9906775897038373e-02,  2.9844989220418501e+01, -2.8073689258015636e-02,  9.0430522572218605e-02,  5.0182443518487962e-01,  2.0216889772800903e+03,  1.2382528856025655e+01, -1.4999876170626641e+04,  1.0033137351721205e+01,  2.6536022222507540e+00,  1.6341420989306432e+00,  4.4972385231862961e-03,  8.8704953870207548e-02, -4.4031860955836200e-01,  2.7433066213374246e-01, -1.3586521718829284e-03,  2.4497758832468738e-02, -1.9310140440283427e-01,  0.0000000000000000e+00, -6.4170300891943418e-03,  6.3602711305679016e-02, -2.3097783731579029e+00,  0.0000000000000000e+00
 3.1968031968031969e+00,  6.3372935026259222e+02,  4.0165337500389184e-02,  2.9845103798112785e+01, -2.8083629380824936e-02,  9.0438765751311878e-02,  5.0180174409340272e-01,  2.0280256563924343e+03,  1.2511973712658225e+01, -1.4999875566437262e+04,  1.0033093198341980e+01,  2.6536243547796770e+00,  1.6392416704510206e+00,  4.4833453636535132e-03,  8.8952860510498624e-02, -4.4236295280425725e-01,  2.7433066213374246e-01, -1.4167866156923866e-03,  2.4823372948136815e-02, -2.2664083120580081e-01,  0.0000000000000000e+00, -5.2214855614590473e-03,  1.5852346510697218e-03, -4.4048148727959289e+00,  0.0000000000000000e+00
 3.2067932067932068e+00,  6.3372936068313777e+02,  4.0426368259898440e-02,  2.9845217658109537e+01, -2.8093431467402407e-02,  9.0445819706338693e-02,  5.0177743271712927e-01,  2.0343623241661041e+03,  1.2641985013799761e+01, -1.4999874962590295e+04,  1.0033048943543809e+01,  2.6536468026610707e+00,  1.6443410640407339e+00,  4.4689310982973371e-03,  8.9200925357682814e-02, -4.4484689789414228e-01,  2.7433066213374246e-01, -1.4655626723288125e-03,  2.4501213022325767e-02, -2.5886635050646684e-01,  0.0000000000000000e+00, -4.5434809771470342e-03, -6.6081651798553326e-02, -2.0467340911962828e+00,  0.0000000000000000e+00
 3.2167832167832167e+00,  6.3372937050745406e+02,  4.0690328155186674e-02,  2.9845330600885834e+01, -2.8103133077187828e-02,  9.0451238065684988e-02,  5.0174999566408740e-01,  2.0406989805522885e+03,  1.2772562762322197e+01, -1.4999874359106419e+04,  1.0033004587222170e+01,  2.6536695527628567e+00,  1.6494402532528221e+00,  4.4540633921784124e-03,  8.9442395236219413e-02, -4.4753510765953125e-01,  2.7433066213374246e-01, -1.5097877312309498e-03,  2.3510336792288804e-02, -2.5458201180868584e-01,  0.0000000000000000e+00, -4.3103758150674458e-03, -1.3229176945473850e-01,  2.9044586984907887e+00,  0.0000000000000000e+00
 3.2267732267732270e+00,  6.3372937976095272e+02,  4.0957762522582840e-02,  2.9845442480719758e+01, -2.8112795959618023e-02,  9.0455238114396083e-02,  5.0171826711707490e-01,  2.0470356255022057e+03,  1.2903706962949817e+01, -1.4999873756006231e+04,  1.0032960128164941e+01,  2.6536925919815393e+00,  1.6545391965078760e+00,  4.4387655092617533e-03,  8.9670662356529748e-02, -4.4993345157663356e-01,  2.7433066213374246e-01, -1.5537248410099061e-03,  2.2102290271266225e-02, -2.3985687112974396e-01,  0.0000000000000000e+00, -4.4858335626795313e-03, -1.4959914405397887e-01,  4.3514465433344106e-02,  0.0000000000000000e+00
 3.2367632367632369e+00,  6.3372938846842169e+02,  4.1229267553183790e-02,  2.9845553333595355e+01, -2.8122632849419824e-02,  9.0458887673233332e-02,  5.0168144862536368e-01,  2.0533722589672270e+03,  1.3035417621170840e+01, -1.4999873153309154e+04,  1.0032915563551175e+01,  2.6537159160368828e+00,  1.6596378443342996e+00,  4.4230199388115808e-03,  8.9883999437443518e-02, -4.5232745273704866e-01,  2.7433066213374246e-01, -1.6015439486298962e-03,  2.0838618951066763e-02, -2.3109995390749113e-01,  0.0000000000000000e+00, -5.0875517828354814e-03, -1.0338785425004775e-01,  1.7096203624627588e+00,  0.0000000000000000e+00
 3.2467532467532467e+00,  6.3372939664169894e+02,  4.1505475082600621e-02,  2.9845663393333513e+01, -2.8132715216314941e-02,  9.0463760293727102e-02,  5.0163915094281175e-01,  2.0597088808988929e+03,  1.3167694742823947e+01, -1.4999872551033239e+04,  1.0032870888201831e+01,  2.6537395336753886e+00,  1.6647361434432391e+00,  4.4067666291692483e-03,  9.0087018379528080e-02, -4.5455083327308687e-01,  2.7433066213374246e-01, -1.6509313793988802e-03,  2.0380879552343450e-02, -1.8988500993271104e-01,  0.0000000000000000e+00, -4.7998118571152193e-03,  1.1748426625639652e-02,  6.5416114212883087e+00,  0.0000000000000000e+00
 3.2567432567432566e+00,  6.3372940426182322e+02,  4.1786828812237518e-02,  2.9845773042354594e+01, -2.8142246061534225e-02,  9.0471072652334436e-02,  5.0159222248266877e-01,  2.0660454912487917e+03,  1.3300538332979075e+01, -1.4999871949194370e+04,  1.0032826100795836e+01,  2.6537634692090109e+00,  1.6698340457278074e+00,  4.3900342968655496e-03,  9.0291209818109716e-02, -4.5612135902941048e-01,  2.7433066213374246e-01, -1.6870205565355997e-03,  2.1073565849140573e-02, -7.4211461052515346e-02,  0.0000000000000000e+00, -2.4252414056635308e-03,  1.2692736999323365e-01,  1.6616233064526075e+01,  0.0000000000000000e+00
 3.2667332667332669e+00,  6.3372941130034360e+02,  4.2073487410058806e-02,  2.9845882559601304e+01, -2.8150044835609591e-02,  9.0480792322115533e-02,  5.0154246174700345e-01,  2.0723820899683769e+03,  1.3433948394672724e+01, -1.4999871347808226e+04,  1.0032781210881639e+01,  2.6537877494081212e+00,  1.6749315168261090e+00,  4.3730599247429622e-03,  9.0508068646244180e-02, -4.5603357974766262e-01,  2.7433066213374246e-01, -1.6879554746321581e-03,  2.2866179591006498e-02,  1.1692438632642610e-01,  0.0000000000000000e+00,  2.2380708027325571e-03,  2.3195390112832120e-01,  2.1649163580737600e+01,  0.0000000000000000e+00
 3.2767232767232768e+00,  6.3372941772185152e+02,  4.2365199776240134e-02,  2.9845992303865394e+01, -2.8154851783479110e-02,  9.0493571924149183e-02,  5.0149258611448333e-01,  2.0787186770089315e+03,  1.3567924927275635e+01, -1.4999870746890740e+04,  1.0032736241703400e+01,  2.6538123995036029e+00,  1.6800285461886317e+00,  4.3563089127570146e-03,  9.0748076543204756e-02, -4.5378520745445688e-01,  2.7433066213374246e-01, -1.6330526892693908e-03,  2.5941575814378139e-02,  3.9034161411126811e-01,  0.0000000000000000e+00,  8.7534668269010091e-03,  3.8374042279057613e-01,  3.3088965421786924e+01,  0.0000000000000000e+00
 3.2867132867132867e+00,  6.3372942348055699e+02,  4.2661285438476734e-02,  2.9846102915699724e+01, -2.8155579577962411e-02,  9.0511525337796730e-02,  5.0144585035077838e-01,  2.0850552523216193e+03,  1.3702467925189556e+01, -1.4999870146457390e+04,  1.0032691229667183e+01,  2.6538374530458797e+00,  1.6851251554424593e+00,  4.3404314993829348e-03,  9.1026381849328653e-02, -4.4823454649868633e-01,  2.7433066213374246e-01, -1.5068690674659351e-03,  3.0842864941595181e-02,  7.0673168171480383e-01,  0.0000000000000000e+00,  1.6508494258151107e-02,  5.9749766047828701e-01,  3.0252326112441676e+01,  0.0000000000000000e+00
 3.2967032967032965e+00,  6.3372942851875439e+02,  4.2960672541694146e-02,  2.9846215061061852e+01, -2.8151436190986794e-02,  9.0535454537628499e-02,  5.0140544392943309e-01,  2.0913918158574647e+03,  1.3837577376790382e+01, -1.4999869546523254e+04,  1.0032646222670373e+01,  2.6538629563760425e+00,  1.6902214036822329e+00,  4.3262016386817715e-03,  9.1364317600978878e-02, -4.3966469433328215e-01,  2.7433066213374246e-01, -1.3048722526369304e-03,  3.7462324240530989e-02,  9.2599987404829576e-01,  0.0000000000000000e+00,  2.3931268070609225e-02,  7.2771809116881236e-01,  1.3645165992727435e+01,  0.0000000000000000e+00
 3.3066933066933069e+00,  6.3372943279183426e+02,  4.3262290527886438e-02,  2.9846328930160134e+01, -2.8142506161331200e-02,  9.0563140308323423e-02,  5.0137278855056000e-01,  2.0977283675671993e+03,  1.3973253266367083e+01, -1.4999868947106126e+04,  1.0032601273574954e+01,  2.6538889429216486e+00,  1.6953173725043298e+00,  4.3143601257038750e-03,  9.1774879836152456e-02, -4.2973305051370519e-01,  2.7433066213374246e-01, -1.0396424784729541e-03,  4.4550915242155313e-02,  1.0042812368337628e+00,  0.0000000000000000e+00,  2.9167732717018266e-02,  6.9141782735636204e-01,  2.0267628369228983e+00,  0.0000000000000000e+00
 3.3166833166833167e+00,  6.3372943627113864e+02,  4.3565322272212000e-02,  2.9846444246236405e+01, -2.8129436448671444e-02,  9.0591171244068458e-02,  5.0134752001609439e-01,  2.1040649074011262e+03,  1.4109495577921614e+01, -1.4999868348228563e+04,  1.0032556430852839e+01,  2.6539154165704644e+00,  1.7004131409725178e+00,  4.3054295611898042e-03,  9.2254445777645327e-02, -4.1959913515578418e-01,  2.7433066213374246e-01, -7.3520430932662458e-04,  5.0560696813432511e-02,  1.0089112276921777e+00,  0.0000000000000000e+00,  3.1780788746080951e-02,  5.1174044321311829e-01, -1.0998386670727878e+00,  0.0000000000000000e+00
 3.3266733266733266e+00,  6.3372943893033334e+02,  4.3869132905129234e-02,  2.9846560484371846e+01, -2.8113129233398315e-02,  9.0616674771592298e-02,  5.0132873645587739e-01,  2.1104014353090224e+03,  1.4246304297243773e+01, -1.4999867749917348e+04,  1.0032511734522879e+01,  2.6539423524080785e+00,  1.7055087733126133e+00,  4.2996707289141324e-03,  9.2785083568688559e-02, -4.0957498402634923e-01,  2.7433066213374246e-01, -4.1754386298044344e-04,  5.4258967953398456e-02,  9.9037459465340194e-01,  0.0000000000000000e+00,  3.1814832612425251e-02,  2.2865343900807183e-01, -2.6111952672901624e+00,  0.0000000000000000e+00
 3.3366633366633365e+00,  6.3372944076743499e+02,  4.4173118930412487e-02,  2.9846676865686856e+01, -2.8094734387238068e-02,  9.0636994123185460e-02,  5.0131594285468695e-01,  2.1167379512401267e+03,  1.4383679411809466e+01, -1.4999867152202887e+04,  1.0032467213800981e+01,  2.6539696994314999e+00,  1.7106043207201371e+00,  4.2970870264649203e-03,  9.3338541041449480e-02, -3.9981143096690525e-01,  2.7433066213374246e-01, -1.1120027991865497e-04,  5.4937511502488566e-02,  9.5721495747607688e-01,  0.0000000000000000e+00,  2.9515152716543709e-02, -9.2809020479982046e-02, -4.0273640956059502e+00,  0.0000000000000000e+00
 3.3466533466533468e+00,  6.3372944180947161e+02,  4.4476626258402846e-02,  2.9846792640754582e+01, -2.8075458288728438e-02,  9.0651281469584302e-02,  5.0130924697040946e-01,  2.1230744551434086e+03,  1.4521620909765797e+01, -1.4999866555117773e+04,  1.0032422885535629e+01,  2.6539973885135959e+00,  1.7156998297786781e+00,  4.2974489450995738e-03,  9.3882736146160869e-02, -3.9044981005080304e-01,  2.7433066213374246e-01,  1.6424567643086711e-04,  5.2916249523627182e-02,  8.9372409988644141e-01,  0.0000000000000000e+00,  2.5629127744630026e-02, -3.1184762768806196e-01, -8.6835055938389463e+00,  0.0000000000000000e+00
 3.3566433566433567e+00,  6.3372944209554532e+02,  4.4778964957698245e-02,  2.9846907567205339e+01, -2.8056421585524211e-02,  9.0662093919937486e-02,  5.0130892076552103e-01,  2.1294109469679547e+03,  1.4660128778802694e+01, -1.4999865958693774e+04,  1.0032378755451639e+01,  2.6540253584016558e+00,  1.7207953525695669e+00,  4.3003686583616410e-03,  9.4395808764199285e-02, -3.8195480559454859e-01,  2.7433066213374246e-01,  3.9383918107001358e-04,  4.9752980440123731e-02,  8.0096952585967340e-01,  0.0000000000000000e+00,  2.0335491884125759e-02, -3.2143884282955831e-01, -9.8859601263238144e+00,  0.0000000000000000e+00
 3.3666333666333665e+00,  6.3372944164837759e+02,  4.5079543296918621e-02,  2.9847021981500376e+01, -2.8038952531095347e-02,  9.0673528949512305e-02,  5.0131454988816360e-01,  2.1357474266631857e+03,  1.4799203006201587e+01, -1.4999865362958437e+04,  1.0032334817405586e+01,  2.6540535818092601e+00,  1.7258909481276661e+00,  4.3053178598062673e-03,  9.4876801689420073e-02, -3.7444642292073982e-01,  2.7433066213374246e-01,  5.6303411241279057e-04,  4.7520114000380816e-02,  6.9173172617886181e-01,  0.0000000000000000e+00,  1.3537333370698588e-02, -1.2558101840697877e-01, -1.1983447369774916e+01,  0.0000000000000000e+00
 3.3766233766233764e+00,  6.3372944045792019e+02,  4.5377936717728176e-02,  2.9847136704617469e+01, -2.8024388068583608e-02,  9.0689899504631036e-02,  5.0132496374092417e-01,  2.1420838941788306e+03,  1.4938843579652465e+01, -1.4999864767934076e+04,  1.0032291051754251e+01,  2.6540820739993807e+00,  1.7309866760659973e+00,  4.3116180911770812e-03,  9.5345261591379710e-02, -3.6813399188468138e-01,  2.7433066213374246e-01,  6.5754674202124649e-04,  4.8045595494493221e-02,  5.3027406332063642e-01,  0.0000000000000000e+00,  5.3840950769171907e-03,  2.3078241352848755e-01, -2.0340376734438912e+01,  0.0000000000000000e+00
 3.3866133866133867e+00,  6.3372943848831915e+02,  4.5674112645588731e-02,  2.9847252873556123e+01, -2.8014047564894732e-02,  9.0714775975309109e-02,  5.0133767573224086e-01,  2.1484203494647431e+03,  1.5079050488830976e+01, -1.4999864173638149e+04,  1.0032247425127714e+01,  2.6541108934447228e+00,  1.7360825851706367e+00,  4.3184556568496490e-03,  9.5836753647352016e-02, -3.6385153654070701e-01,  2.7433066213374246e-01,  6.6522144975232991e-04,  5.2150202985629841e-02,  3.6228575496263860e-01,  0.0000000000000000e+00, -3.8476185891542962e-03,  5.9096000619705558e-01, -1.3290882598831901e+01,  0.0000000000000000e+00
 3.3966033966033966e+00,  6.3372943568119956e+02,  4.5968372910722928e-02,  2.9847371184866397e+01, -2.8008815164803309e-02,  9.0746772981555923e-02,  5.0135000494415494e-01,  2.1547567924706345e+03,  1.5219823727681776e+01, -1.4999863580085994e+04,  1.0032203891234147e+01,  2.6541401185760320e+00,  1.7411786979302197e+00,  4.3249092290342708e-03,  9.6387223688994703e-02, -3.6089551526205116e-01,  2.7433066213374246e-01,  5.8386960248569804e-04,  5.8445247206419464e-02,  3.2612127252137535e-01,  0.0000000000000000e+00, -1.2439021233628394e-02,  6.6930784680478272e-01,  6.0507532140898848e+00,  0.0000000000000000e+00
 3.4065934065934065e+00,  6.3372943198957512e+02,  4.6260874871610291e-02,  2.9847491235504506e+01, -2.8008350419157283e-02,  9.0779282685276685e-02,  5.0136145014574107e-01,  2.1610932231456045e+03,  1.5361163294017814e+01, -1.4999862987298291e+04,  1.0032160399246603e+01,  2.6541697880459729e+00,  1.7462750107580465e+00,  4.3301213831730394e-03,  9.7004490854273470e-02, -3.5733562699982047e-01,  2.7433066213374246e-01,  4.3381003064065860e-04,  6.3926618314353451e-02,  4.0926141143805234e-01,  0.0000000000000000e+00, -1.7602905049746129e-02,  4.2806264900388047e-01,  1.0593902597030395e+01,  0.0000000000000000e+00
 3.4165834165834168e+00,  6.3372942740094766e+02,  4.6551292787605426e-02,  2.9847612072923923e+01, -2.8011121491618798e-02,  9.0806971541181128e-02,  5.0137408188142940e-01,  2.1674296414381092e+03,  1.5503069185663509e+01, -1.4999862395303677e+04,  1.0032116908652315e+01,  2.6541998771054653e+00,  1.7513715187592434e+00,  4.3335767621140043e-03,  9.7664478800170609e-02, -3.5271846408446761e-01,  2.7433066213374246e-01,  2.5187022411844555e-04,  6.6473510086247106e-02,  4.8166713033092884e-01,  0.0000000000000000e+00, -1.8821444216000540e-02,  8.1825083729223758e-02,  3.9017223253233277e+00,  0.0000000000000000e+00
 3.4265734265734267e+00,  6.3372942194486984e+02,  4.6839070583730234e-02,  2.9847732937207592e+01, -2.8015852419644043e-02,  9.0829153539855434e-02,  5.0139001995963073e-01,  2.1737660472963321e+03,  1.5645541397957665e+01, -1.4999861804135624e+04,  1.0032073394631752e+01,  2.6542303261466533e+00,  1.7564682345756524e+00,  4.3351537552832982e-03,  9.8332632913938761e-02, -3.4771190811208952e-01,  2.7433066213374246e-01,  6.9793740280635417e-05,  6.6190439713816343e-02,  5.0599210243240300e-01,  0.0000000000000000e+00, -1.7630267848329752e-02, -1.3849577229016449e-01,  9.6813708938953480e-01,  0.0000000000000000e+00
 3.4365634365634365e+00,  6.3372941567259079e+02,  4.7123577945987420e-02,  2.9847853574675032e+01, -2.8021753122916583e-02,  9.0848219638084982e-02,  5.0141062893676880e-01,  2.1801024406687229e+03,  1.5788579923758544e+01, -1.4999861213827207e+04,  1.0032029843400023e+01,  2.6542610844420551e+00,  1.7615651908601055e+00,  4.3349712424392917e-03,  9.8986965108138952e-02, -3.4260873176813600e-01,  2.7433066213374246e-01, -9.4556319367435744e-05,  6.4418014064394888e-02,  5.1071720996689762e-01,  0.0000000000000000e+00, -1.5272614093214478e-02, -2.1634384272401255e-01, -2.2170560983696849e-02,  0.0000000000000000e+00
 3.4465534465534464e+00,  6.3372940863539463e+02,  4.7404205079494888e-02,  2.9847973904524721e+01, -2.8028299658113945e-02,  9.0865794734545133e-02,  5.0143635784978857e-01,  2.1864388215041954e+03,  1.5932184754406750e+01, -1.4999860624409786e+04,  1.0031986248062799e+01,  2.6542921196822444e+00,  1.7666624332413130e+00,  4.3332645181330997e-03,  9.9619706122018564e-02, -3.3750776805281096e-01,  2.7433066213374246e-01, -2.3166923763095462e-04,  6.2237600914944693e-02,  5.2429741197142188e-01,  0.0000000000000000e+00, -1.2177392143142807e-02, -2.2017486979563544e-01,  2.7409270022916949e+00,  0.0000000000000000e+00
 3.4565434565434567e+00,  6.3372940087266602e+02,  4.7680382516486951e-02,  2.9848093948539315e+01, -2.8034755910262638e-02,  9.0883008545714836e-02,  5.0146720147680224e-01,  2.1927751897520602e+03,  1.6076355880888588e+01, -1.4999860035913476e+04,  1.0031942607805439e+01,  2.6543234107775042e+00,  1.7717600106174272e+00,  4.3303424864426692e-03,  1.0023047361792807e-01, -3.3213325900147411e-01,  2.7433066213374246e-01, -3.3311430691004650e-04,  6.0274646571283216e-02,  5.5558710904558839e-01,  0.0000000000000000e+00, -8.1319107265311677e-03, -1.7280858980538899e-01,  3.5232703519563824e+00,  0.0000000000000000e+00
 3.4665334665334666e+00,  6.3372939241934648e+02,  4.7951559798086796e-02,  2.9848213813344952e+01, -2.8040312871161457e-02,  9.0900726813949922e-02,  5.0150302713516171e-01,  2.1991115453619555e+03,  1.6221093294090100e+01, -1.4999859448367537e+04,  1.0031898929901368e+01,  2.6543549465234051e+00,  1.7768579723203790e+00,  4.3266088876254064e-03,  1.0082399476480146e-01, -3.2640712651343845e-01,  2.7433066213374246e-01, -3.9147523607409589e-04,  5.8859766432896164e-02,  5.8499240517762618e-01,  0.0000000000000000e+00, -3.5519472921098183e-03, -1.1045041389996227e-01,  2.3636699336750127e+00,  0.0000000000000000e+00
 3.4765234765234765e+00,  6.3372938331363912e+02,  4.8217198561892861e-02,  2.9848333561885703e+01, -2.8044418193416552e-02,  9.0919057306999937e-02,  5.0154374010806646e-01,  2.2054478882838221e+03,  1.6366396984938564e+01, -1.4999858861800614e+04,  1.0031855228538561e+01,  2.6543867202211788e+00,  1.7819563666656117e+00,  4.3225208034042258e-03,  1.0140649292727663e-01, -3.2044509905786533e-01,  2.7433066213374246e-01, -4.0524160535008021e-04,  5.7941905292407767e-02,  6.0084166474352130e-01,  0.0000000000000000e+00,  7.9592016305772182e-04, -7.3305386425817423e-02,  8.0935183141724065e-01,  0.0000000000000000e+00
 3.4865134865134864e+00,  6.3372937360098251e+02,  4.8476760271586046e-02,  2.9848453134724583e+01, -2.8046937502868692e-02,  9.0937403779658782e-02,  5.0158935539056038e-01,  2.2117842184678939e+03,  1.6512266944460954e+01, -1.4999858276242085e+04,  1.0031811521257183e+01,  2.6544187217611612e+00,  1.7870552407891478e+00,  4.3185121522537765e-03,  1.0198167519022418e-01, -3.1440229804703457e-01,  2.7433066213374246e-01, -3.7937438520436101e-04,  5.7190115263524501e-02,  6.0825112139400461e-01,  0.0000000000000000e+00,  4.3826973101134476e-03, -7.7202977356356353e-02,  6.7402139001220740e-01,  0.0000000000000000e+00
 3.4965034965034967e+00,  6.3372936333283201e+02,  4.8729648007199172e-02,  2.9848572376704297e+01, -2.8047925845021398e-02,  9.0955031185587940e-02,  5.0164022631347960e-01,  2.2181205358646798e+03,  1.6658703163631198e+01, -1.4999857691722507e+04,  1.0031767825777608e+01,  2.6544509329335919e+00,  1.7921546423607406e+00,  4.3149408956079348e-03,  1.0254915257290151e-01, -3.0829222949954344e-01,  2.7433066213374246e-01, -3.2264357620167237e-04,  5.6272010857392724e-02,  5.9574114237213438e-01,  0.0000000000000000e+00,  6.9748106522246915e-03, -1.0660152475122346e-01, -3.1785191901906016e+00,  0.0000000000000000e+00
 3.5064935064935066e+00,  6.3372935255989250e+02,  4.8975271287920660e-02,  2.9848691133881896e+01, -2.8047801864869829e-02,  9.0971656377528728e-02,  5.0169644390275991e-01,  2.2244568404249271e+03,  1.6805705633168781e+01, -1.4999857108273563e+04,  1.0031724157934178e+01,  2.6544833287500684e+00,  1.7972546214436895e+00,  4.3120657271548419e-03,  1.0310599109147080e-01, -3.0249937811951927e-01,  2.7433066213374246e-01, -2.4799305623367734e-04,  5.5087399879247309e-02,  5.6200504447571220e-01,  0.0000000000000000e+00,  7.9702234453692174e-03, -1.3055759307373699e-01, -3.5754476086757130e+00,  0.0000000000000000e+00
 3.5164835164835164e+00,  6.3372934133057163e+02,  4.9213138218165420e-02,  2.9848809317261608e+01, -2.8047225614294184e-02,  9.0987476631060965e-02,  5.0175754063725497e-01,  2.2307931320996004e+03,  1.6953274344177132e+01, -1.4999856525926874e+04,  1.0031680527563141e+01,  2.6545158838701597e+00,  1.8023552261541542e+00,  4.3099859893894798e-03,  1.0364979992313621e-01, -2.9706335748204682e-01,  2.7433066213374246e-01, -1.7114600213979686e-04,  5.3793631985809776e-02,  5.0241649332147786e-01,  0.0000000000000000e+00,  7.4145567842258311e-03, -1.2845473919245948e-01, -8.3541803324021391e+00,  0.0000000000000000e+00
 3.5264735264735263e+00,  6.3372932969620740e+02,  4.9442935666101438e-02,  2.9848926957438472e+01, -2.8046946148725500e-02,  9.1003338360867450e-02,  5.0182235005443032e-01,  2.2371294108398624e+03,  1.7101409288802262e+01, -1.4999855944713741e+04,  1.0031636937369040e+01,  2.6545485778894244e+00,  1.8074564978093197e+00,  4.3086462266125882e-03,  1.0418078893334511e-01, -2.9246108654466468e-01,  2.7433066213374246e-01, -1.0916919483001093e-04,  5.2842421457030303e-02,  3.9192126407537919e-01,  0.0000000000000000e+00,  4.9932000391927495e-03, -6.1977608668955457e-02, -1.3766964562664707e+01,  0.0000000000000000e+00
 3.5364635364635366e+00,  6.3372931770061871e+02,  4.9664695674031790e-02,  2.9849044312568100e+01, -2.8048124977212527e-02,  9.1020846735454103e-02,  5.0188863569798969e-01,  2.2434656765970899e+03,  1.7250110461504750e+01, -1.4999855364663639e+04,  1.0031593380030611e+01,  2.6545814058670976e+00,  1.8125584626235458e+00,  4.3078047866955734e-03,  1.0470559255964032e-01, -2.8923276279522597e-01,  2.7433066213374246e-01, -8.3191096483186834e-05,  5.2733576266907008e-02,  2.6051501326933030e-01,  0.0000000000000000e+00,  2.0761524984137987e-04,  4.0186801606271777e-02, -1.2540566848706005e+01,  0.0000000000000000e+00
 3.5464535464535465e+00,  6.3372930536977117e+02,  4.9878750100040815e-02,  2.9849161584449700e+01, -2.8052101194785288e-02,  9.1040077921615961e-02,  5.0195391243143106e-01,  2.2498019293227389e+03,  1.7399377860224696e+01, -1.4999854785804542e+04,  1.0031549834011562e+01,  2.6546143766670283e+00,  1.8176611237433096e+00,  4.3069840668426944e-03,  1.0523440684077583e-01, -2.8725599137444824e-01,  2.7433066213374246e-01, -1.1436290413147802e-04,  5.3363885633872662e-02,  1.3707761644022085e-01,  0.0000000000000000e+00, -6.4482111410289877e-03,  8.6001133660018006e-02, -1.2171599996482600e+01,  0.0000000000000000e+00
 3.5564435564435564e+00,  6.3372929272090050e+02,  5.0085656271154307e-02,  2.9849278742687993e+01, -2.8060060504609054e-02,  9.1059758017759562e-02,  5.0201587487435262e-01,  2.2561381689680870e+03,  1.7549211486413238e+01, -1.4999854208164812e+04,  1.0031506264072339e+01,  2.6546474955789292e+00,  1.8227644600664472e+00,  4.3055198135860534e-03,  1.0577180406081658e-01, -2.8649394927993688e-01,  2.7433066213374246e-01, -2.1650970004231926e-04,  5.4060074621148264e-02,  4.3377129094318789e-02,  0.0000000000000000e+00, -1.4001577400321668e-02,  5.3375901592559206e-02, -6.5872375701672086e+00,  0.0000000000000000e+00
 3.5664335664335662e+00,  6.3372927978210851e+02,  5.0286128362011163e-02,  2.9849395554743477e+01, -2.8072543509256139e-02,  9.1078273675972848e-02,  5.0207271827747979e-01,  2.2624743954841538e+03,  1.7699611344829588e+01, -1.4999853631773783e+04,  1.0031462624605961e+01,  2.6546807573836508e+00,  1.8278684273204462e+00,  4.3026581987099808e-03,  1.0631452821182773e-01, -2.8638931546846785e-01,  2.7433066213374246e-01, -3.8944377069337024e-04,  5.4157645503837164e-02, -1.7096665993102337e-02,  0.0000000000000000e+00, -2.0619823544019953e-02, -3.3842210877999414e-02, -5.5196162063344723e+00,  0.0000000000000000e+00
 3.5764235764235766e+00,  6.3372926659761697e+02,  5.0480944399340213e-02,  2.9849511773915559e+01, -2.8089256102206295e-02,  9.1095123225167995e-02,  5.0212330200260757e-01,  2.2688106088218260e+03,  1.7850577442548200e+01, -1.4999853056662188e+04,  1.0031418868336701e+01,  2.6547141466065414e+00,  1.8329729648944744e+00,  4.2977387192665055e-03,  1.0685387490005410e-01, -2.8683554100807079e-01,  2.7433066213374246e-01, -6.1952791056222494e-04,  5.3644582731208500e-02, -9.0233200994830967e-02,  0.0000000000000000e+00, -2.5443021257724272e-02, -6.8872956202257515e-02, -9.1223181010114445e+00,  0.0000000000000000e+00
 3.5864135864135864e+00,  6.3372925320228876e+02,  5.0671018598679583e-02,  2.9849627495715065e+01, -2.8109843714850879e-02,  9.1111960763716082e-02,  5.0216648973791278e-01,  2.2751468089319524e+03,  1.8002109788233842e+01, -1.4999852482859564e+04,  1.0031374951617034e+01,  2.6547476566641706e+00,  1.8380780020912997e+00,  4.2902800186787673e-03,  1.0738634804661712e-01, -2.8819217662720575e-01,  2.7433066213374246e-01, -8.9291168999264161e-04,  5.3172198641409242e-02, -1.8601038528210787e-01,  0.0000000000000000e+00, -2.9288411384241896e-02, -2.5698338575791103e-02, -1.0052274193300804e+01,  0.0000000000000000e+00
 3.5964035964035963e+00,  6.3372923960323260e+02,  5.0857403264424172e-02,  2.9849742933423546e+01, -2.8134333515048890e-02,  9.1129777775534243e-02,  5.0220110704219878e-01,  2.2814829957652723e+03,  1.8154208392121522e+01, -1.4999851910393325e+04,  1.0031330831807908e+01,  2.6547812978072445e+00,  1.8431834589081366e+00,  4.2798983258600593e-03,  1.0791625649129104e-01, -2.9055203222249848e-01,  2.7433066213374246e-01, -1.2020147677800407e-03,  5.3213511484903685e-02, -2.7418881690936558e-01,  0.0000000000000000e+00, -3.2594024788796125e-02,  3.3969169843378437e-02, -7.6010478184763937e+00,  0.0000000000000000e+00
 3.6063936063936062e+00,  6.3372922578704947e+02,  5.1041207092434246e-02,  2.9849858294611675e+01, -2.8162607788309268e-02,  9.1148894726689689e-02,  5.0222637834023232e-01,  2.2878191692721757e+03,  1.8306873265810108e+01, -1.4999851339289453e+04,  1.0031286465858512e+01,  2.6548150875233736e+00,  1.8482892469935466e+00,  4.2662637396022433e-03,  1.0844955506929251e-01, -2.9367047466735285e-01,  2.7433066213374246e-01, -1.5369067037190761e-03,  5.3889503234905670e-02, -3.1266246209515830e-01,  0.0000000000000000e+00, -3.4451340786204834e-02,  1.0136437850725596e-01, -1.0137594772078433e-01,  0.0000000000000000e+00
 3.6163836163836165e+00,  6.3372921171690575e+02,  5.1223455418457242e-02,  2.9849973844343605e+01, -2.8193680202082742e-02,  9.1169644264839811e-02,  5.0224243764684695e-01,  2.2941553294025875e+03,  1.8460104421451653e+01, -1.4999850769572746e+04,  1.0031241815415779e+01,  2.6548490488812844e+00,  1.8533952752716842e+00,  4.2491908992123252e-03,  1.0899296984263782e-01, -2.9679903446216205e-01,  2.7433066213374246e-01, -1.8760049505010242e-03,  5.5166620690520952e-02, -3.0266218824745400e-01,  0.0000000000000000e+00, -3.3436128219540451e-02,  1.5431453610692075e-01,  2.1034307720311554e+00,  0.0000000000000000e+00
 3.6263736263736264e+00,  6.3372919735126948e+02,  5.1405072479340348e-02,  2.9850089750381532e+01, -2.8226092031009242e-02,  9.1191616323795369e-02,  5.0224976404200639e-01,  2.3004914761058412e+03,  1.8613901870609759e+01, -1.4999850201267447e+04,  1.0031196855743984e+01,  2.6548832051969327e+00,  1.8585014573934684e+00,  4.2287811232086161e-03,  1.0955178525291931e-01, -2.9971767123573362e-01,  2.7433066213374246e-01, -2.1884779358897718e-03,  5.6784287739246916e-02, -2.2813914489649911e-01,  0.0000000000000000e+00, -2.9120963455277690e-02,  1.6954240704776871e-01,  1.2816082506831446e+01,  0.0000000000000000e+00
 3.6363636363636362e+00,  6.3372918264440591e+02,  5.1586681570563703e-02,  2.9850206084812317e+01, -2.8257423421968596e-02,  9.1214128256110166e-02,  5.0225028096561364e-01,  2.3068276093307059e+03,  1.8768265623666451e+01, -1.4999849634397840e+04,  1.0031151580573669e+01,  2.6549175740165532e+00,  1.8636077153794401e+00,  4.2054650663274152e-03,  1.1012752104621916e-01, -3.0135725913541872e-01,  2.7433066213374246e-01, -2.4340963288157118e-03,  5.8333871890051257e-02, -9.9060257453963560e-02,  0.0000000000000000e+00, -2.0051838808506094e-02,  1.4068433994351678e-01,  1.3025510759163451e+01,  0.0000000000000000e+00
 3.6463536463536466e+00,  6.3372916756279551e+02,  5.1768416300985415e-02,  2.9850322765157969e+01, -2.8284882306917648e-02,  9.1236082937546203e-02,  5.0224732937151806e-01,  2.3131637290254553e+03,  1.8923195687391409e+01, -1.4999849068989459e+04,  1.0031106012540871e+01,  2.6549521612106290e+00,  1.8687139970566662e+00,  4.1801478299255844e-03,  1.1071729717879447e-01, -3.0169689715888975e-01,  2.7433066213374246e-01, -2.5731494653051428e-03,  5.9290710137426879e-02,  1.6094745372732279e-03,  0.0000000000000000e+00, -7.7865991166776657e-03,  5.0874677181081226e-02,  7.1285695854819418e+00,  0.0000000000000000e+00
 3.6563436563436564e+00,  6.3372915210253882e+02,  5.1950061422238396e-02,  2.9850439479936654e+01, -2.8306708924395487e-02,  9.1255901107835463e-02,  5.0224417778566821e-01,  2.3194998351380364e+03,  1.9078692064258465e+01, -1.4999848505069709e+04,  1.0031060199374775e+01,  2.6549869541524558e+00,  1.8738202814753662e+00,  4.1540534885990401e-03,  1.1131215061939453e-01, -3.0132510180200667e-01,  2.7433066213374246e-01, -2.5889773800960212e-03,  5.9096601173258850e-02,  3.6873661882395305e-02,  0.0000000000000000e+00,  4.6178505755555942e-03, -8.9735291807787221e-02, -6.8679278988742751e-02,  0.0000000000000000e+00
 3.6663336663336663e+00,  6.3372913628142942e+02,  5.2131208549506258e-02,  2.9850555825895530e+01, -2.8322505083056129e-02,  9.1272558763000958e-02,  5.0224327133738378e-01,  2.3258359276162469e+03,  1.9234754753225882e+01, -1.4999847942668246e+04,  1.0031014200750798e+01,  2.6550219214865400e+00,  1.8789265740724665e+00,  4.1284200101434467e-03,  1.1189804845098744e-01, -3.0096016065774300e-01,  2.7433066213374246e-01, -2.4935177644487385e-03,  5.7539766343741354e-02,  2.1187747888321135e-02,  0.0000000000000000e+00,  1.4493164477030598e-02, -2.2194304106161877e-01, -3.0716407026249426e+00,  0.0000000000000000e+00
 3.6763236763236762e+00,  6.3372912012432141e+02,  5.2311479555222209e-02,  2.9850671525552997e+01, -2.8333107306292866e-02,  9.1286341842473584e-02,  5.0224547734695957e-01,  2.3321720064078413e+03,  1.9391383751188780e+01, -1.4999847381815402e+04,  1.0030968074298418e+01,  2.6550570249121632e+00,  1.8840328965588411e+00,  4.1042329538448202e-03,  1.1246179630058815e-01, -3.0090177017586639e-01,  2.7433066213374246e-01, -2.3167692461622340e-03,  5.4975274225760706e-02,  1.2940369137288134e-02,  0.0000000000000000e+00,  2.0891888883916770e-02, -2.9146828095785554e-01,  1.4205154766681110e+00,  0.0000000000000000e+00
 3.6863136863136865e+00,  6.3372910366305962e+02,  5.2490544157215803e-02,  2.9850786494407359e+01, -2.8339432579357830e-02,  9.1298408532142522e-02,  5.0225083678293447e-01,  2.3385080714605974e+03,  1.9548579054366375e+01, -1.4999846822540334e+04,  1.0030921868268882e+01,  2.6550922326163402e+00,  1.8891392762158847e+00,  4.0821309143160289e-03,  1.1299645552842523e-01, -3.0070161182383115e-01,  2.7433066213374246e-01, -2.0883371627491011e-03,  5.2071902060962100e-02,  3.1417994839682349e-02,  0.0000000000000000e+00,  2.4840214215391995e-02, -2.8978682643481957e-01,  2.2787051889511716e+00,  0.0000000000000000e+00
 3.6963036963036964e+00,  6.3372908693833131e+02,  5.2668129433049868e-02,  2.9850900776628915e+01, -2.8342028163419655e-02,  9.1309949584658420e-02,  5.0225890930121031e-01,  2.3448441227224448e+03,  1.9706340658805679e+01, -1.4999846264870694e+04,  1.0030875623791196e+01,  2.6551275241637491e+00,  1.8942457406792186e+00,  4.0625079356080744e-03,  1.1350219394416383e-01, -3.0027403801123737e-01,  2.7433066213374246e-01, -1.8327975542397530e-03,  4.9551522614191018e-02, -2.3534211759885567e-03,  0.0000000000000000e+00,  2.6318815408188246e-02, -2.1479313880897516e-01, -9.0397426752888066e+00,  0.0000000000000000e+00
 3.7062937062937062e+00,  6.3372906995545691e+02,  5.2844383383655553e-02,  2.9851014735634202e+01, -2.8342356185341394e-02,  9.1323186767478262e-02,  5.0226713064615669e-01,  2.3511801601413986e+03,  1.9864668561678958e+01, -1.4999845708831846e+04,  1.0030829373037832e+01,  2.6551628955583548e+00,  1.8993523071741816e+00,  4.0455115825629873e-03,  1.1398649594029717e-01, -3.0074863322594880e-01,  2.7433066213374246e-01, -1.5858948425314418e-03,  4.8354446325428430e-02, -9.4452802982678816e-02,  0.0000000000000000e+00,  2.3111107475816239e-02, -2.4861534201298146e-02, -9.3985535624107968e+00,  0.0000000000000000e+00
 3.7162837162837161e+00,  6.3372905266816872e+02,  5.3020128937754409e-02,  2.9851129078910315e+01, -2.8342843081068044e-02,  9.1340552162373773e-02,  5.0227095302504277e-01,  2.3575161836651628e+03,  2.0023562764239859e+01, -1.4999845154444316e+04,  1.0030783125743294e+01,  2.6551983765167901e+00,  1.9044589603105286e+00,  4.0308217249680860e-03,  1.1446831674786868e-01, -3.0216120690200016e-01,  2.7433066213374246e-01, -1.3898897844174761e-03,  4.9055380876511498e-02, -1.3343478784037033e-01,  0.0000000000000000e+00,  1.6129105158593230e-02,  1.6518863132834122e-01,  1.5943601939001997e+00,  0.0000000000000000e+00
 3.7262737262737264e+00,  6.3372903504866576e+02,  5.3196449341390867e-02,  2.9851244109284806e+01, -2.8344767153538158e-02,  9.1360829114628617e-02,  5.0226716942139071e-01,  2.3638521932409699e+03,  2.0183023272710201e+01, -1.4999844601726078e+04,  1.0030736869650944e+01,  2.6552340126677731e+00,  1.9095656449912062e+00,  4.0177415569003002e-03,  1.1496662343033737e-01, -3.0341466295302916e-01,  2.7433066213374246e-01, -1.2629809926640657e-03,  5.0831234611741077e-02, -7.5105295418955623e-02,  0.0000000000000000e+00,  9.2780349504393116e-03,  1.9033728646461670e-01,  1.0083204188866901e+01,  0.0000000000000000e+00
 3.7362637362637363e+00,  6.3372901710016060e+02,  5.3374290875151345e-02,  2.9851359541092343e+01, -2.8347808723504415e-02,  9.1380633210496984e-02,  5.0225513070280103e-01,  2.3701881888156868e+03,  2.0343050096092117e+01, -1.4999844050697986e+04,  1.0030690587236570e+01,  2.6552698269145942e+00,  1.9146722822939424e+00,  4.0055873395002722e-03,  1.1548392583102036e-01, -3.0366181220507621e-01,  2.7433066213374246e-01, -1.1859935001692875e-03,  5.2215324962081214e-02,  8.7359240827472290e-02,  0.0000000000000000e+00,  6.1348610470206445e-03,  8.6757601673247531e-02,  2.2442195967668233e+01,  0.0000000000000000e+00
 3.7462537462537462e+00,  6.3372899881663591e+02,  5.3553945862932779e-02,  2.9851475060545003e+01, -2.8349678278019711e-02,  9.1398484938430197e-02,  5.0223822501447202e-01,  2.3765241703358902e+03,  2.0503643242156890e+01, -1.4999843501384068e+04,  1.0030644273709676e+01,  2.6553058151161824e+00,  1.9197787998327736e+00,  3.9940453830707443e-03,  1.1600988666634297e-01, -3.0166922357585690e-01,  2.7433066213374246e-01, -1.1094342741420013e-03,  5.2519206266706489e-02,  2.6126050365693432e-01,  0.0000000000000000e+00,  9.1922960036422297e-03, -2.5920564487266557e-02,  1.2372836850790472e+01,  0.0000000000000000e+00
 3.7562437562437561e+00,  6.3372898019780712e+02,  5.3734944501338575e-02,  2.9851590444911096e+01, -2.8348087114096979e-02,  9.1414166812816167e-02,  5.0222177387153688e-01,  2.3828601377480131e+03,  2.0664802712270500e+01, -1.4999842953809790e+04,  1.0030597952719988e+01,  2.6553419599236832e+00,  1.9248851715314572e+00,  3.9834208205363963e-03,  1.1653326062156394e-01, -2.9844182212202064e-01,  2.7433066213374246e-01, -9.9029911368870172e-04,  5.1720401582933478e-02,  3.3000732173664937e-01,  0.0000000000000000e+00,  1.4658563119103546e-02, -1.3400013320385637e-01,  1.3902761287700434e+00,  0.0000000000000000e+00
 3.7662337662337664e+00,  6.3372896127626302e+02,  5.3916548210287865e-02,  2.9851705398831729e+01, -2.8342867560430484e-02,  9.1427383357113645e-02,  5.0220950281452581e-01,  2.3891960909985414e+03,  2.0826528501785504e+01, -1.4999842408001834e+04,  1.0030551662161738e+01,  2.6553782326862732e+00,  1.9299914164829695e+00,  3.9742591869930477e-03,  1.1704326132334465e-01, -2.9507567069400570e-01,  2.7433066213374246e-01, -8.2413776416068976e-04,  4.9998063417329500e-02,  3.3916154888402672e-01,  0.0000000000000000e+00,  1.8606939056404110e-02, -2.1081196755005666e-01,  4.4240014613489009e-01,  0.0000000000000000e+00
 3.7762237762237763e+00,  6.3372894208709238e+02,  5.4097913024465309e-02,  2.9851819802973679e+01, -2.8335004268343230e-02,  9.1439020245910052e-02,  5.0220357529279780e-01,  2.3955320300341700e+03,  2.0988820602280793e+01, -1.4999841863987524e+04,  1.0030505435897169e+01,  2.6554146012356794e+00,  1.9350975834810880e+00,  3.9669545315421766e-03,  1.1753222292760450e-01, -2.9166536759886319e-01,  2.7433066213374246e-01, -6.2632818294964491e-04,  4.7932420748852192e-02,  3.8623403366659081e-01,  0.0000000000000000e+00,  2.0994539102050375e-02, -2.0272969467931828e-01,  8.9815113073330206e+00,  0.0000000000000000e+00
 3.7862137862137861e+00,  6.3372892265685573e+02,  5.4277928482028448e-02,  2.9851933823199385e+01, -2.8324620673697093e-02,  9.1450914637727934e-02,  5.0220628736682371e-01,  2.4018679548017749e+03,  2.1151679002312367e+01, -1.4999841321792579e+04,  1.0030459301935787e+01,  2.6554510436680681e+00,  1.9402037450113638e+00,  3.9617451373836644e-03,  1.1800095204759743e-01, -2.8735870698438359e-01,  2.7433066213374246e-01, -4.0277043963116469e-04,  4.6297755505949535e-02,  4.5937347109099635e-01,  0.0000000000000000e+00,  2.3761721110309882e-02, -1.2453028694979676e-01,  5.6610040650331399e+00,  0.0000000000000000e+00
 3.7962037962037960e+00,  6.3372890301744394e+02,  5.4455370277096939e-02,  2.9852047661852623e+01, -2.8311487892201118e-02,  9.1463972104536453e-02,  5.0221897190428588e-01,  2.4082038652485130e+03,  2.1315103687350593e+01, -1.4999840781441448e+04,  1.0030413291532552e+01,  2.6554875488415619e+00,  1.9453099964104670e+00,  3.9589071701109846e-03,  1.1845725300764344e-01, -2.8248707646817406e-01,  2.7433066213374246e-01, -1.5391686165638248e-04,  4.5508717955500107e-02,  4.8775749285655468e-01,  0.0000000000000000e+00,  2.6058765200240253e-02, -3.3435030649977500e-02,  2.1477092433874693e-02,  0.0000000000000000e+00
 3.8061938061938063e+00,  6.3372888319166930e+02,  5.4629197465925775e-02,  2.9852161547386501e+01, -2.8295915114474057e-02,  9.1478779622782253e-02,  5.0224122583169306e-01,  2.4145397613217128e+03,  2.1479094642116372e+01, -1.4999840242958053e+04,  1.0030367435906834e+01,  2.6555241100484221e+00,  1.9504164376140989e+00,  3.9586698754125078e-03,  1.1891021714161343e-01, -2.7761330253170508e-01,  2.7433066213374246e-01,  1.0744223809835911e-04,  4.5630002325109213e-02,  4.6163687672517723e-01,  0.0000000000000000e+00,  2.6265326570658463e-02,  5.7716161445720941e-02, -5.2508244419355927e+00,  0.0000000000000000e+00
 3.8161838161838162e+00,  6.3372886319902636e+02,  5.4798737123803849e-02,  2.9852275625713727e+01, -2.8279186414776933e-02,  9.1494984759011452e-02,  5.0227095472247429e-01,  2.4208756429687201e+03,  2.1643651852867450e+01, -1.4999839706365558e+04,  1.0030321757836774e+01,  2.6555607265412626e+00,  1.9555231561477096e+00,  3.9610538681748879e-03,  1.1936894136578749e-01, -2.7326356244769090e-01,  2.7433066213374246e-01,  3.5579429694187559e-04,  4.6256803635924888e-02,  4.0762550428555699e-01,  0.0000000000000000e+00,  2.3454755609812462e-02,  6.7769460979373072e-02, -5.5622523204783274e+00,  0.0000000000000000e+00
 3.8261738261738261e+00,  6.3372884308153857e+02,  5.4963517214192480e-02,  2.9852389677044993e+01, -2.8262608385814299e-02,  9.1510612545331993e-02,  5.0230635584228556e-01,  2.4272115101368317e+03,  2.1808775308992441e+01, -1.4999839171688383e+04,  1.0030276265057179e+01,  2.6555973880286512e+00,  1.9606302156601370e+00,  3.9657786525741836e-03,  1.1983442900247106e-01, -2.6946893681171402e-01,  2.7433066213374246e-01,  5.6553044681996228e-04,  4.6504702073279593e-02,  3.3723905696209489e-01,  0.0000000000000000e+00,  1.8534421595780996e-02, -1.8140193820960927e-02, -8.5291144336789433e+00,  0.0000000000000000e+00
 3.8361638361638359e+00,  6.3372882290241751e+02,  5.5123164978598170e-02,  2.9852503288771238e+01, -2.8247467541324345e-02,  9.1523918718269828e-02,  5.0234618913505702e-01,  2.4335473627733636e+03,  2.1974465002413318e+01, -1.4999838638953381e+04,  1.0030230951891264e+01,  2.6556340668312308e+00,  1.9657376616425326e+00,  3.9723531778016602e-03,  1.2029810624237648e-01, -2.6652551935154523e-01,  2.7433066213374246e-01,  7.1770211921411099e-04,  4.5674850757391507e-02,  2.4712865639024179e-01,  0.0000000000000000e+00,  1.1930347217530588e-02, -1.4799603961962601e-01, -9.5109877608047402e+00,  0.0000000000000000e+00
 3.8461538461538463e+00,  6.3372880274108718e+02,  5.5277366190222312e-02,  2.9852616041188107e+01, -2.8235007746639271e-02,  9.1534178253031159e-02,  5.0238968075554147e-01,  2.4398832008257550e+03,  2.2140720927006019e+01, -1.4999838108188864e+04,  1.0030185799199421e+01,  2.6556707237599917e+00,  1.9708455271952163e+00,  3.9801183552557844e-03,  1.2074701343318818e-01, -2.6453130131940145e-01,  2.7433066213374246e-01,  7.9910571922246743e-04,  4.3637303862129120e-02,  1.6367138083161392e-01,  0.0000000000000000e+00,  4.3666535041422009e-03, -2.5992084881189953e-01, -7.1971588060323839e+00,  0.0000000000000000e+00
 3.8561438561438561e+00,  6.3372878268667114e+02,  5.5425802042433150e-02,  2.9852727658658402e+01, -2.8226188120905812e-02,  9.1541872674887087e-02,  5.0243654526012760e-01,  2.4462190242416787e+03,  2.2307543077802407e+01, -1.4999837579423471e+04,  1.0030140776255173e+01,  2.6557073179985791e+00,  1.9759538398483771e+00,  3.9883193260378735e-03,  1.2116998044541603e-01, -2.6325536189237209e-01,  2.7433066213374246e-01,  8.0650724275483233e-04,  4.0917611228672740e-02,  1.0537502973886777e-01,  0.0000000000000000e+00, -2.8848684929664893e-03, -2.8456161640625688e-01, -4.4737706827359371e+00,  0.0000000000000000e+00
 3.8661338661338660e+00,  6.3372876280857326e+02,  5.5568028837992223e-02,  2.9852838277203176e+01, -2.8221296747413506e-02,  9.1549350926768441e-02,  5.0248728472610504e-01,  2.4525548329691442e+03,  2.2474931449764497e+01, -1.4999837052684128e+04,  1.0030095846216328e+01,  2.6557438208878987e+00,  1.9810626307943153e+00,  3.9962323860800565e-03,  1.2156454812307174e-01, -2.6242590611982369e-01,  2.7433066213374246e-01,  7.4701987255701603e-04,  3.8554645945833514e-02,  5.4616647137847245e-02,  0.0000000000000000e+00, -9.0245030206327504e-03, -1.8850403321798206e-01, -5.6880575139879941e+00,  0.0000000000000000e+00
 3.8761238761238763e+00,  6.3372874315737317e+02,  5.5703629716217527e-02,  2.9852948233096910e+01, -2.8220578317214050e-02,  9.1558336592507034e-02,  5.0254181703486145e-01,  2.4588906269563645e+03,  2.2642886037110671e+01, -1.4999836527994574e+04,  1.0030050970660303e+01,  2.6557802268286568e+00,  1.9861719393120902e+00,  4.0032447980170348e-03,  1.2194030304173639e-01, -2.6216412019131619e-01,  2.7433066213374246e-01,  6.3005363079331558e-04,  3.7152009365466379e-02,  1.2812739308687074e-02,  0.0000000000000000e+00, -1.4392138580459828e-02, -9.2303810171514386e-02, -2.6810848334097841e+00,  0.0000000000000000e+00
 3.8861138861138862e+00,  6.3372872379173396e+02,  5.5832264540504481e-02,  2.9853057598964376e+01, -2.8223959336939761e-02,  9.1568176237736179e-02,  5.0259969948075722e-01,  2.4652264061516989e+03,  2.2811406834655063e+01, -1.4999836005377880e+04,  1.0030006109402125e+01,  2.6558165342301820e+00,  1.9912818016163547e+00,  4.0088208702117913e-03,  1.2230684601249166e-01, -2.6216990733243734e-01,  2.7433066213374246e-01,  4.6654391999094815e-04,  3.6332256237244440e-02, -4.8557340367573736e-03,  0.0000000000000000e+00, -1.8342505522176679e-02, -7.1810766098681811e-02, -8.5614353034817359e-01,  0.0000000000000000e+00
 3.8961038961038961e+00,  6.3372870477343599e+02,  5.5953651727469203e-02,  2.9853166207702966e+01, -2.8230973001829127e-02,  9.1577283401325149e-02,  5.0266037240974726e-01,  2.4715621705034878e+03,  2.2980493838162982e+01, -1.4999835484858095e+04,  1.0029961224967028e+01,  2.6558527300420240e+00,  1.9963922471269830e+00,  4.0125663548600107e-03,  1.2266622224727573e-01, -2.6226113785438826e-01,  2.7433066213374246e-01,  2.7348744997598577e-04,  3.5354225615256939e-02,  1.5517641185065914e-02,  0.0000000000000000e+00, -2.0307399774819233e-02, -1.2399096442321751e-01,  4.9348932497572431e+00,  0.0000000000000000e+00
 3.9060939060939059e+00,  6.3372868616274900e+02,  5.6067443938721345e-02,  2.9853273839126174e+01, -2.8240485134048848e-02,  9.1584751784084414e-02,  5.0272403959392054e-01,  2.4778979199599898e+03,  2.3150147044156988e+01, -1.4999834966460918e+04,  1.0029916286976910e+01,  2.6558887872885468e+00,  2.0015032991266630e+00,  4.0142851549265961e-03,  1.2301322414666262e-01, -2.6185986455151694e-01,  2.7433066213374246e-01,  7.4764118785532047e-05,  3.3932916264628750e-02,  4.8948981697681172e-02,  0.0000000000000000e+00, -1.9477011129508868e-02, -1.6055516757239102e-01,  1.7580611208685495e+00,  0.0000000000000000e+00
 3.9160839160839163e+00,  6.3372866800990653e+02,  5.6173227067310594e-02,  2.9853380526145855e+01, -2.8251407593230880e-02,  9.1591480295755145e-02,  5.0279093363641458e-01,  2.4842336544694203e+03,  2.3320366448364073e+01, -1.4999834450211241e+04,  1.0029871278144411e+01,  2.6559246795963283e+00,  2.0066149858345810e+00,  4.0140601434471342e-03,  1.2334420259222337e-01, -2.6128313622206695e-01,  2.7433066213374246e-01, -1.1321333158297718e-04,  3.2515509813634061e-02,  3.3400637590470204e-02,  0.0000000000000000e+00, -1.8156074434266280e-02, -1.2320960391674320e-01, -4.8708396111321521e+00,  0.0000000000000000e+00
 3.9260739260739261e+00,  6.3372865035013683e+02,  5.6270977056944248e-02,  2.9853486608308479e+01, -2.8263998291809912e-02,  9.1599580075041140e-02,  5.0285895445627271e-01,  2.4905693739799672e+03,  2.3491152046975945e+01, -1.4999833936131507e+04,  1.0029826185180863e+01,  2.6559603961102307e+00,  2.0117273296305633e+00,  4.0120231502995636e-03,  1.2366288468239957e-01, -2.6119251914511393e-01,  2.7433066213374246e-01, -2.9695838188175007e-04,  3.2139987806502963e-02, -1.7037538436172103e-02,  0.0000000000000000e+00, -1.8629684635547167e-02,  4.8030098088957980e-02, -5.2268832294016887e+00,  0.0000000000000000e+00
 3.9360639360639360e+00,  6.3372863316757014e+02,  5.6361163814982913e-02,  2.9853592898659141e+01, -2.8278996728961135e-02,  9.1612197713666521e-02,  5.0292471730650889e-01,  2.4969050784397223e+03,  2.3662503838812249e+01, -1.4999833424239096e+04,  1.0029780987537309e+01,  2.6559959615199698e+00,  2.0168403302352838e+00,  4.0081269090439025e-03,  1.2398636019075489e-01, -2.6162354658043202e-01,  2.7433066213374246e-01, -4.9210352141650787e-04,  3.3859399858191364e-02, -5.4341574282381892e-02,  0.0000000000000000e+00, -2.0438372299311808e-02,  2.9619619465906299e-01, -2.2413847470095982e+00,  0.0000000000000000e+00
 3.9460539460539459e+00,  6.3372861640469660e+02,  5.6444648623644920e-02,  2.9853700231833706e+01, -2.8296574347875445e-02,  9.1630673662679615e-02,  5.0298476692366256e-01,  2.5032407677964025e+03,  2.3834421826276618e+01, -1.4999832914546789e+04,  1.0029735658343862e+01,  2.6560314315644638e+00,  2.0219539577062342e+00,  4.0021909121094237e-03,  1.2433939616807771e-01, -2.6227826488502165e-01,  2.7433066213374246e-01, -7.0528773130337189e-04,  3.7865435568069046e-02, -7.0811436063043950e-02,  0.0000000000000000e+00, -2.2241106520041010e-02,  5.0581215445860472e-01, -1.0558815814792515e+00,  0.0000000000000000e+00
 3.9560439560439562e+00,  6.3372859997212515e+02,  5.6522645330534547e-02,  2.9853809114105609e+01, -2.8316338248665369e-02,  9.1653623852985075e-02,  5.0303578339774746e-01,  2.5095764419970910e+03,  2.4006906015705503e+01, -1.4999832407065240e+04,  1.0029690170555913e+01,  2.6560668733218371e+00,  2.0270681493681244e+00,  3.9940352460807980e-03,  1.2474291234995707e-01, -2.6303836048778556e-01,  2.7433066213374246e-01, -9.3424919244183466e-04,  4.2965920666418092e-02, -9.7986343911168242e-02,  0.0000000000000000e+00, -2.3596977999878740e-02,  5.1530496223086308e-01, -4.3845349697151743e+00,  0.0000000000000000e+00
 3.9660339660339661e+00,  6.3372858379700619e+02,  5.6596764626661182e-02,  2.9853919223723818e+01, -2.8337916689140152e-02,  9.1676235048520807e-02,  5.0307424133185552e-01,  2.5159121009880596e+03,  2.4179956418116156e+01, -1.4999831901807867e+04,  1.0029644499844236e+01,  2.6561023300526081e+00,  2.0321828037208998e+00,  3.9835245945781181e-03,  1.2519785612145271e-01, -2.6423603399413592e-01,  2.7433066213374246e-01, -1.1776474075165589e-03,  4.6992097029489657e-02, -1.4787438246109011e-01,  0.0000000000000000e+00, -2.5131344658076427e-02,  2.9073554565586029e-01, -5.6030503479786686e+00,  0.0000000000000000e+00
 3.9760239760239759e+00,  6.3372856783716668e+02,  5.6669003742473481e-02,  2.9854029742553916e+01, -2.8361195992792847e-02,  9.1694081381994946e-02,  5.0309680397987577e-01,  2.5222477447147526e+03,  2.4353573049873084e+01, -1.4999831398792736e+04,  1.0029598621862389e+01,  2.6561378058250091e+00,  2.0372977757472546e+00,  3.9705058273491987e-03,  1.2568181538750930e-01, -2.6599289360389122e-01,  2.7433066213374246e-01, -1.4351187378788437e-03,  4.8136655348876435e-02, -2.0424815071432764e-01,  0.0000000000000000e+00, -2.6414415680453586e-02, -6.1594970114625960e-02, -5.6829780563196168e+00,  0.0000000000000000e+00
 3.9860139860139858e+00,  6.3372855209594729e+02,  5.6741424127452887e-02,  2.9854139692106717e+01, -2.8385717285511439e-02,  9.1704675645978090e-02,  5.0310191843548291e-01,  2.5285833731220987e+03,  2.4527755931264792e+01, -1.4999830898041537e+04,  1.0029552513684694e+01,  2.6561732750247780e+00,  2.0424128897615752e+00,  3.9548508935215981e-03,  1.2615962745709458e-01, -2.6831691612629027e-01,  2.7433066213374246e-01, -1.6996281026252823e-03,  4.5880785567931015e-02, -2.2259564467123968e-01,  0.0000000000000000e+00, -2.6540359141790405e-02, -3.9003016003043056e-01,  2.0098097661447030e+00,  0.0000000000000000e+00
 3.9960039960039961e+00,  6.3372853660556711e+02,  5.6815920741752061e-02,  2.9854248433846340e+01, -2.8410628634027942e-02,  9.1708953327516801e-02,  5.0309004844746963e-01,  2.5349189861550226e+03,  2.4702505083876311e+01, -1.4999830399576864e+04,  1.0029506157658233e+01,  2.6562087040293223e+00,  2.0475279612036368e+00,  3.9365472239001418e-03,  1.2659851439985559e-01, -2.7044035903188807e-01,  2.7433066213374246e-01, -1.9509243084600528e-03,  4.1271203932666888e-02, -2.0333511188987188e-01,  0.0000000000000000e+00, -2.3769141266322492e-02, -5.3280808334964502e-01,  1.8461488966860740e+00,  0.0000000000000000e+00
 4.0059940059940056e+00,  6.3372852140212092e+02,  5.6893822286252407e-02,  2.9854355962639943e+01, -2.8434431647665005e-02,  9.1710549347251563e-02,  5.0306430837405147e-01,  2.5412545837588873e+03,  2.4877820526318043e+01, -1.4999829903418296e+04,  1.0029459550476874e+01,  2.6562440800744653e+00,  2.0526428301687689e+00,  3.9158713868590600e-03,  1.2698422693626873e-01, -2.7237955572448946e-01,  2.7433066213374246e-01, -2.1621312539651257e-03,  3.6228392612861371e-02, -1.5580842057924424e-01,  0.0000000000000000e+00, -1.8514489223802392e-02, -4.7676274287524889e-01,  7.6686947037006616e+00,  0.0000000000000000e+00
 4.0159840159840163e+00,  6.3372850651183512e+02,  5.6976028148070929e-02,  2.9854462662782584e+01, -2.8455897589476743e-02,  9.1713021166976716e-02,  5.0302841163644607e-01,  2.5475901658796724e+03,  2.5053702272474684e+01, -1.4999829409581560e+04,  1.0029412703023951e+01,  2.6562794185760854e+00,  2.0577573747593516e+00,  3.8933477982464925e-03,  1.2732235840810457e-01, -2.7355341438811676e-01,  2.7433066213374246e-01, -2.3086546775032712e-03,  3.2606201353190076e-02, -1.0849266656683254e-01,  0.0000000000000000e+00, -1.0819500168548194e-02, -2.4839994731078019e-01,  1.8039192495834957e+00,  0.0000000000000000e+00
 4.0259740259740262e+00,  6.3372849191357056e+02,  5.7062844447816244e-02,  2.9854569418556746e+01, -2.8473899852460332e-02,  9.1720381207727644e-02,  5.0298688847450101e-01,  2.5539257324639784e+03,  2.5230150329746891e+01, -1.4999828918078203e+04,  1.0029365642281858e+01,  2.6563147638569911e+00,  2.0628715244559035e+00,  3.8697444202755765e-03,  1.2763569949077805e-01, -2.7454724137018049e-01,  2.7433066213374246e-01, -2.3757118237090441e-03,  3.1846684595615633e-02, -8.1595140316537765e-02,  0.0000000000000000e+00, -2.6053405018304971e-03,  9.6344692444106414e-02,  3.5809655057263865e+00,  0.0000000000000000e+00
 4.0359640359640361e+00,  6.3372847754139354e+02,  5.7154277350433241e-02,  2.9854677208146974e+01, -2.8487985850609625e-02,  9.1734606402045088e-02,  5.0294343691718058e-01,  2.5602612834586680e+03,  2.5407164700090103e+01, -1.4999828428915756e+04,  1.0029318403503131e+01,  2.6563501874255766e+00,  2.0679852524509021e+00,  3.8458810285420166e-03,  1.2795865580262236e-01, -2.7518368692191369e-01,  2.7433066213374246e-01, -2.3616430493941403e-03,  3.4164933232657325e-02, -7.8005585417609977e-02,  0.0000000000000000e+00,  5.4219091196742331e-03,  3.6776868469164642e-01, -2.8623366149610368e+00,  0.0000000000000000e+00
 4.0459540459540460e+00,  6.3372846331662845e+02,  5.7250016087520776e-02,  2.9854786409733709e+01, -2.8498180368889629e-02,  9.1753388618635176e-02,  5.0290101510469731e-01,  2.5665968188105949e+03,  2.5584745381016646e+01, -1.4999827942102234e+04,  1.0029271027551180e+01,  2.6563857542209903e+00,  2.0730985685107162e+00,  3.8225587449630069e-03,  1.2831831553938258e-01, -2.7610579452537748e-01,  2.7433066213374246e-01, -2.2791832190024708e-03,  3.8054289032043380e-02, -1.1521658121018238e-01,  0.0000000000000000e+00,  1.1086548924738175e-02,  4.1088034634545034e-01, -4.5873047427120452e+00,  0.0000000000000000e+00
 4.0559440559440558e+00,  6.3372844917390125e+02,  5.7349802116501758e-02,  2.9854896698614063e+01, -2.8505395055316587e-02,  9.1772300568622692e-02,  5.0286057103725679e-01,  2.5729323384662221e+03,  2.5762892368813233e+01, -1.4999827457650646e+04,  1.0029223550115592e+01,  2.6564214908969275e+00,  2.0782114935177027e+00,  3.8003429022882215e-03,  1.2871898125780804e-01, -2.7748571651652271e-01,  2.7433066213374246e-01, -2.1547629305784521e-03,  4.1330293841423664e-02, -1.4126932695271205e-01,  0.0000000000000000e+00,  1.3822392817750656e-02,  2.4497581649249001e-01, -6.2845495494245063e-01,  0.0000000000000000e+00
 4.0659340659340657e+00,  6.3372843507045820e+02,  5.7453357020403280e-02,  2.9855007383388287e+01, -2.8510596503367618e-02,  9.1787668368345426e-02,  5.0282264116688946e-01,  2.5792678423715788e+03,  2.5941605660085379e+01, -1.4999826975579294e+04,  1.0029175996749998e+01,  2.6564573826178375e+00,  2.0833240472575603e+00,  3.7795065385578435e-03,  1.2914409563611431e-01, -2.7892835850045661e-01,  2.7433066213374246e-01, -2.0121991856745470e-03,  4.2608260139852604e-02, -1.6846667801587736e-01,  0.0000000000000000e+00,  1.4718868912011521e-02,  1.0873036452986352e-02, -4.8164547279033130e+00,  0.0000000000000000e+00
 4.0759240759240756e+00,  6.3372842096452428e+02,  5.7560302009600342e-02,  2.9855118025557367e+01, -2.8514586899288003e-02,  9.1799324219937861e-02,  5.0278779679554431e-01,  2.5856033304724629e+03,  2.6120885251010709e+01, -1.4999826495909072e+04,  1.0029128385629202e+01,  2.6564933934611425e+00,  2.0884362538898524e+00,  3.7601391223546646e-03,  1.2957029514671617e-01, -2.8085168410924749e-01,  2.7433066213374246e-01, -1.8732470349809346e-03,  4.1934636799021548e-02, -2.2911643728202041e-01,  0.0000000000000000e+00,  1.3099351656832186e-02, -1.4573242928697858e-01, -7.3256270771800533e+00,  0.0000000000000000e+00
 4.0859140859140863e+00,  6.3372840681396474e+02,  5.7670664690299300e-02,  2.9855228393078985e+01, -2.8518796559245097e-02,  9.1808045205050107e-02,  5.0275400600255837e-01,  2.5919388027146283e+03,  2.6300731138644554e+01, -1.4999826018659369e+04,  1.0029080722432244e+01,  2.6565294970836155e+00,  2.0935481309814352e+00,  3.7420790253714100e-03,  1.2998195051721367e-01, -2.8350610949510252e-01,  2.7433066213374246e-01, -1.7640823216459841e-03,  4.0073820401669208e-02, -2.9709303114932789e-01,  0.0000000000000000e+00,  8.7554239528241477e-03, -2.2680301346294787e-01, -6.2832870150544524e+00,  0.0000000000000000e+00
 4.0959040959040962e+00,  6.3372839257542148e+02,  5.7784959467019996e-02,  2.9855338452563494e+01, -2.8524609563601876e-02,  9.1815289090050795e-02,  5.0271769310183778e-01,  2.5982742590437692e+03,  2.6481143323198896e+01, -1.4999825543847193e+04,  1.0029032997654188e+01,  2.6565656816512382e+00,  2.0986596706180656e+00,  3.7248927223217767e-03,  1.3037097087901728e-01, -2.8678760880753595e-01,  2.7433066213374246e-01, -1.7056964121921207e-03,  3.7811600128774471e-02, -3.2944124841475775e-01,  0.0000000000000000e+00,  2.9334351198543750e-03, -2.2609348517092026e-01, -1.9282608148148700e-01,  0.0000000000000000e+00
 4.1058941058941061e+00,  6.3372837820393647e+02,  5.7903935483706565e-02,  2.9855448263187874e+01, -2.8532427225799194e-02,  9.1822127856964725e-02,  5.0267623382741566e-01,  2.6046096994056379e+03,  2.6662121808561572e+01, -1.4999825071486952e+04,  1.0028985190708116e+01,  2.6566019547142328e+00,  2.1037708347398643e+00,  3.7079991769759634e-03,  1.3073742704326310e-01, -2.9008835222067203e-01,  2.7433066213374246e-01, -1.7020913739579709e-03,  3.5768837903449674e-02, -3.1540420561568155e-01,  0.0000000000000000e+00, -2.2117064653775767e-03, -1.8286751233910889e-01,  3.0030420498565795e+00,  0.0000000000000000e+00
 4.1158841158841160e+00,  6.3372836365700653e+02,  5.8028531996644282e-02,  2.9855557937031115e+01, -2.8541976446273501e-02,  9.1829402298024929e-02,  5.0262743521084441e-01,  2.6109451237460112e+03,  2.6843666601182605e+01, -1.4999824601591174e+04,  1.0028937279723438e+01,  2.6566383360794705e+00,  2.1088815635733065e+00,  3.6908849026622771e-03,  1.3108563297499029e-01, -2.9308939113751953e-01,  2.7433066213374246e-01, -1.7421878025331531e-03,  3.4286285970857151e-02, -2.8032958878149805e-01,  0.0000000000000000e+00, -5.8155985353739673e-03, -1.1393938456591689e-01,  4.0188962403470434e+00,  0.0000000000000000e+00
 4.1258741258741258e+00,  6.3372834889066564e+02,  5.8159826955582188e-02,  2.9855667607677670e+01, -2.8552592882725811e-02,  9.1837560794622616e-02,  5.0256964707543239e-01,  2.6172805320107459e+03,  2.7025777709546542e+01, -1.4999824134171307e+04,  1.0028889246861562e+01,  2.6566748552703894e+00,  2.1139917790153366e+00,  3.6731902298724043e-03,  1.3142246772200150e-01, -2.9568934300551708e-01,  2.7433066213374246e-01, -1.8097263859919140e-03,  3.3453937756055541e-02, -2.5623742696616025e-01,  0.0000000000000000e+00, -7.7056258730701403e-03, -5.2696728037367219e-02,  8.0435455508363729e-01,  0.0000000000000000e+00
 4.1358641358641357e+00,  6.3372833385814965e+02,  5.8298991211276588e-02,  2.9855777345646437e+01, -2.8563643316555327e-02,  9.1846436162698386e-02,  5.0250175450970958e-01,  2.6236159241457071e+03,  2.7208455143540377e+01, -1.4999823669238272e+04,  1.0028841080653699e+01,  2.6567115447816660e+00,  2.1191013894772301e+00,  3.6547265333117898e-03,  1.3175404331976662e-01, -2.9820902004793226e-01,  2.7433066213374246e-01, -1.8908029895162120e-03,  3.3081664677142193e-02, -2.4892334217773673e-01,  0.0000000000000000e+00, -8.5259101524945338e-03, -2.1832342361086672e-02,  6.5992521955876760e-01,  0.0000000000000000e+00
 4.1458541458541456e+00,  6.3372831851881119e+02,  5.8447225136095016e-02,  2.9855887116980448e+01, -2.8574716206629564e-02,  9.1855389167487630e-02,  5.0242329266806163e-01,  2.6299513000967377e+03,  2.7391698914096086e+01, -1.4999823206803487e+04,  1.0028792774020109e+01,  2.6567484343475800e+00,  2.1242102937639809e+00,  3.6354119483635893e-03,  1.3208344004322312e-01, -3.0066283635572155e-01,  2.7433066213374246e-01, -1.9752024435773846e-03,  3.2783384334028477e-02, -2.4028004363035591e-01,  0.0000000000000000e+00, -8.3708605505524065e-03, -3.7883382330279547e-02,  1.0704631496268897e+00,  0.0000000000000000e+00
 4.1558441558441555e+00,  6.3372830283677342e+02,  5.8605576136389774e-02,  2.9855996757956227e+01, -2.8585331843432076e-02,  9.1863404519257105e-02,  5.0233493671096729e-01,  2.6362866598096530e+03,  2.7575509032083179e+01, -1.4999822746879137e+04,  1.0028744324413735e+01,  2.6567855446414250e+00,  2.1293183902746566e+00,  3.6152619490245298e-03,  1.3240905599377317e-01, -3.0300982012046679e-01,  2.7433066213374246e-01, -2.0528316441458120e-03,  3.2097574603999542e-02, -2.2099960257299894e-01,  0.0000000000000000e+00, -7.1705054032645613e-03, -9.9415725621221279e-02,  2.7894811500538048e+00,  0.0000000000000000e+00
 4.1658341658341662e+00,  6.3372828678401947e+02,  5.8774857909511577e-02,  2.9856106017594346e+01, -2.8594936724564379e-02,  9.1869564014607608e-02,  5.0223823780798915e-01,  2.6426220032302404e+03,  2.7759885507070017e+01, -1.4999822289479011e+04,  1.0028695734708345e+01,  2.6568228840124872e+00,  2.1344255867573758e+00,  3.5943963310979374e-03,  1.3272475022512123e-01, -3.0507841283070669e-01,  2.7433066213374246e-01, -2.1128808561865419e-03,  3.0707910732716569e-02, -1.9493746934076045e-01,  0.0000000000000000e+00, -4.8513468472892122e-03, -1.7879498140961994e-01,  2.4281579230401693e+00,  0.0000000000000000e+00
 4.1758241758241761e+00,  6.3372827034301213e+02,  5.8955667186881791e-02,  2.9856214666836834e+01, -2.8602991620504267e-02,  9.1873636575613135e-02,  5.0213493712187096e-01,  2.6489573303043176e+03,  2.7944828346378067e+01, -1.4999821834617680e+04,  1.0028647014337007e+01,  2.6568604511715868e+00,  2.1395318073849112e+00,  3.5730465473025196e-03,  1.3302260066375754e-01, -3.0690467465274984e-01,  2.7433066213374246e-01, -2.1459785795617755e-03,  2.8660675450340140e-02, -1.6104822893537235e-01,  0.0000000000000000e+00, -1.7748173724133700e-03, -2.3106152212240375e-01,  4.3564680061201253e+00,  0.0000000000000000e+00
 4.1858141858141860e+00,  6.3372825350726509e+02,  5.9148481658789671e-02,  2.9856322617351314e+01, -2.8608989473157095e-02,  9.1876369081513323e-02,  5.0202635685061070e-01,  2.6552926409778711e+03,  2.8130337555153147e+01, -1.4999821382309552e+04,  1.0028598178413407e+01,  2.6568982438824205e+00,  2.1446369920865349e+00,  3.5515196362015987e-03,  1.3329739109325989e-01, -3.0829615966258223e-01,  2.7433066213374246e-01, -2.1449782578227667e-03,  2.6437183349477207e-02, -1.0941206121941462e-01,  0.0000000000000000e+00,  1.9750817845629646e-03, -2.1408159647036040e-01,  5.9810927706147359e+00,  0.0000000000000000e+00
 4.1958041958041958e+00,  6.3372823628225854e+02,  5.9353737209728169e-02,  2.9856430006049393e+01, -2.8612377114229273e-02,  9.1879450875399726e-02,  5.0191316472772252e-01,  2.6616279351971448e+03,  2.8316413136706291e+01, -1.4999820932567847e+04,  1.0028549248145673e+01,  2.6569362691852256e+00,  2.1497410933783754e+00,  3.5301898388545127e-03,  1.3355081611529554e-01, -3.0909072982196889e-01,  2.7433066213374246e-01, -2.1020422280296261e-03,  2.4898990119542278e-02,  1.3175936923424565e-02,  0.0000000000000000e+00,  6.6207113800238497e-03, -9.3864688162616061e-02,  1.8561024457581951e+01,  0.0000000000000000e+00
 4.2057942057942057e+00,  6.3372821868487961e+02,  5.9571709324474684e-02,  2.9856537297199804e+01, -2.8611992628140404e-02,  9.1885639970851016e-02,  5.0179656149307794e-01,  2.6679632129088250e+03,  2.8503055092751122e+01, -1.4999820485403889e+04,  1.0028500252585564e+01,  2.6569745532770872e+00,  2.1548440739629071e+00,  3.5095207904867216e-03,  1.3379487341333066e-01, -3.0803290417959672e-01,  2.7433066213374246e-01, -1.9979738515710065e-03,  2.5192928120497334e-02,  2.1350749672723252e-01,  0.0000000000000000e+00,  1.4213777586992073e-02,  1.5271107595381908e-01,  2.1545353815140864e+01,  0.0000000000000000e+00
 4.2157842157842156e+00,  6.3372820071060630e+02,  5.9802050914863965e-02,  2.9856645304157976e+01, -2.8605710679602218e-02,  9.1897868982348682e-02,  5.0168032807431717e-01,  2.6742984740602674e+03,  2.8690263420655651e+01, -1.4999820040826542e+04,  1.0028451239695256e+01,  2.6570131474539749e+00,  2.1599459271230637e+00,  3.4902702813805670e-03,  1.3405417132249828e-01, -3.0482484577147478e-01,  2.7433066213374246e-01, -1.8061325499899546e-03,  2.7992725461093441e-02,  3.7997956630529656e-01,  0.0000000000000000e+00,  2.4192850989534932e-02,  4.0780835163352780e-01,  1.1782354514387949e+01,  0.0000000000000000e+00
 4.2257742257742255e+00,  6.3372818232803343e+02,  6.0044305780118698e-02,  2.9856754476387717e+01, -2.8592412721388547e-02,  9.1915198555662561e-02,  5.0156641258132029e-01,  2.6806337185991979e+03,  2.8878038113085712e+01, -1.4999819598844828e+04,  1.0028402276399360e+01,  2.6570521088689580e+00,  2.1650466789323195e+00,  3.4734342260513583e-03,  1.3435416862733851e-01, -3.0044090485281766e-01,  2.7433066213374246e-01, -1.5185272443367813e-03,  3.2566627185502302e-02,  4.7125807062176917e-01,  0.0000000000000000e+00,  3.3385731202231046e-02,  5.0788677359313650e-01,  6.4916020497700684e+00,  0.0000000000000000e+00
 4.2357642357642353e+00,  6.3372816350806431e+02,  6.0298024905406443e-02,  2.9856864745897049e+01, -2.8572126917629156e-02,  9.1934650848403993e-02,  5.0145578421594916e-01,  2.6869689464732978e+03,  2.9066379161190103e+01, -1.4999819159471690e+04,  1.0028353435044673e+01,  2.6570914706110265e+00,  2.1701463637589846e+00,  3.4599300766985138e-03,  1.3470485318434647e-01, -2.9540910010470628e-01,  2.7433066213374246e-01, -1.1528055944264931e-03,  3.7295612387226132e-02,  4.9086054286272340e-01,  0.0000000000000000e+00,  3.9831743109795703e-02,  4.3885606379227904e-01, -2.5671871071263848e+00,  0.0000000000000000e+00
 4.2457542457542461e+00,  6.3372814423492309e+02,  6.0562810978479681e-02,  2.9856975683767978e+01, -2.8546046915333807e-02,  9.1953141593345028e-02,  5.0134865185814748e-01,  2.6933041576300516e+03,  2.9255286555789056e+01, -1.4999818722725126e+04,  1.0028304782354555e+01,  2.6571312338420703e+00,  2.1752450168728923e+00,  3.4504011472416374e-03,  1.3509933570800239e-01, -2.9063350139901667e-01,  2.7433066213374246e-01, -7.4420473056365617e-04,  4.0787178923528351e-02,  4.6856115487582195e-01,  0.0000000000000000e+00,  4.1970149835541551e-02,  2.6015555677540242e-01, -1.8971503678511337e+00,  0.0000000000000000e+00
 4.2557442557442560e+00,  6.3372812451227423e+02,  6.0838303173299871e-02,  2.9857086726336728e+01, -2.8516001005713252e-02,  9.1968707045555403e-02,  5.0124510358439689e-01,  2.6996393520167735e+03,  2.9444760288475120e+01, -1.4999818288626924e+04,  1.0028256368306268e+01,  2.6571713746401016e+00,  2.1803426682464231e+00,  3.4450608513126261e-03,  1.3551978183416724e-01, -2.8604723886842581e-01,  2.7433066213374246e-01, -3.3101455979598005e-04,  4.2323495006483247e-02,  4.6723280148578911e-01,  0.0000000000000000e+00,  4.0750522352151070e-02,  4.7414923031784684e-02,  1.6312140191625524e+00,  0.0000000000000000e+00
 4.2657342657342658e+00,  6.3372810435659051e+02,  6.1123925084597484e-02,  2.9857197317484225e+01, -2.8483444416886751e-02,  9.1980421814411878e-02,  5.0114626062628076e-01,  2.7059745295807611e+03,  2.9634800350486394e+01, -1.4999817857201522e+04,  1.0028208226477069e+01,  2.6572118538150247e+00,  2.1854393516863682e+00,  3.4437874697232362e-03,  1.3594495998385620e-01, -2.8129818069001000e-01,  2.7433066213374246e-01,  6.2295701124453700e-05,  4.1850171190086383e-02,  5.2363277954868948e-01,  0.0000000000000000e+00,  3.7990191884120679e-02, -1.4217435107443777e-01,  9.6600615890302315e+00,  0.0000000000000000e+00
 4.2757242757242757e+00,  6.3372808378989589e+02,  6.1418697254620694e-02,  2.9857307097126824e+01, -2.8449118316275026e-02,  9.1988868708583971e-02,  5.0105480779968781e-01,  2.7123096902694310e+03,  2.9825406730904763e+01, -1.4999817428474473e+04,  1.0028160379898763e+01,  2.6572526250981650e+00,  2.1905351179085124e+00,  3.4463055206657620e-03,  1.3635594909071241e-01, -2.7558504547084972e-01,  2.7433066213374246e-01,  4.2933793240182400e-04,  4.0111166843620323e-02,  5.8545475040844541e-01,  0.0000000000000000e+00,  3.5491662817609709e-02, -2.0597431908807101e-01,  2.7166969770930458e+00,  0.0000000000000000e+00
 4.2857142857142856e+00,  6.3372806282246643e+02,  6.1721100214193754e-02,  2.9857416194594553e+01, -2.8413604634504343e-02,  9.1996651263654583e-02,  5.0097457866423123e-01,  2.7186448340306206e+03,  3.0016579413763971e+01, -1.4999817002469516e+04,  1.0028112848310718e+01,  2.6572936543473356e+00,  2.1956300574145002e+00,  3.4523656501908050e-03,  1.3674638189881363e-01, -2.6960078307945179e-01,  2.7433066213374246e-01,  7.6709544192124707e-04,  3.8274084797833098e-02,  5.8885617945562796e-01,  0.0000000000000000e+00,  3.2127390588179587e-02, -1.6180950647853695e-01, -2.0357308818470972e+00,  0.0000000000000000e+00
 4.2957042957042955e+00,  6.3372804144931695e+02,  6.2029740493852167e-02,  2.9857524803581285e+01, -2.8378152302869174e-02,  9.2005177849644487e-02,  5.0090638273495702e-01,  2.7249799608124881e+03,  3.0208318379876946e+01, -1.4999816579208427e+04,  1.0028065642975287e+01,  2.6573349230942735e+00,  2.2007242866059049e+00,  3.4616321029219306e-03,  1.3712066606969009e-01, -2.6381968723996818e-01,  2.7433066213374246e-01,  1.0632496649819175e-03,  3.7100026241409644e-02,  5.6541917409517772e-01,  0.0000000000000000e+00,  2.7162684868567297e-02, -7.3237016517441356e-02, -2.6563575913150754e+00,  0.0000000000000000e+00
 4.3056943056943053e+00,  6.3372801965511655e+02,  6.2343249701343931e-02,  2.9857633159546523e+01, -2.8343977947932832e-02,  9.2015276546210056e-02,  5.0085043826747733e-01,  2.7313150705633207e+03,  3.0400623609362768e+01, -1.4999816158711512e+04,  1.0028018762807333e+01,  2.6573764227204451e+00,  2.2058179277051799e+00,  3.4736093997408931e-03,  1.3748764116437626e-01, -2.5830369668394387e-01,  2.7433066213374246e-01,  1.3028117302849107e-03,  3.6869117911003606e-02,  5.1890342595721584e-01,  0.0000000000000000e+00,  2.0797640605102290e-02,  2.7009168770478074e-02, -6.6560951858998036e+00,  0.0000000000000000e+00
 4.3156843156843161e+00,  6.3372799742140239e+02,  6.2660380936321175e-02,  2.9857741492189234e+01, -2.8312481901783430e-02,  9.2027364442107989e-02,  5.0080613342994140e-01,  2.7376501632314589e+03,  3.0593495082471311e+01, -1.4999815740998421e+04,  1.0027972194185445e+01,  2.6574181503843053e+00,  2.2109111026775286e+00,  3.4876623073232284e-03,  1.3785731178219768e-01, -2.5345198642164185e-01,  2.7433066213374246e-01,  1.4716522514316220e-03,  3.7612863854056010e-02,  4.7767982690828048e-01,  0.0000000000000000e+00,  1.3004231728468176e-02,  1.2188876902860787e-01, -1.5968693436967774e+00,  0.0000000000000000e+00
 4.3256743256743260e+00,  6.3372797473357696e+02,  6.2979943150298978e-02,  2.9857849991550225e+01, -2.8284709980360565e-02,  9.2041516679570015e-02,  5.0077300541336567e-01,  2.7439852387652386e+03,  3.0786932780615139e+01, -1.4999815326088630e+04,  1.0027925909591026e+01,  2.6574601070610209e+00,  2.2160039261443560e+00,  3.5030130411281392e-03,  1.3823914693568609e-01, -2.4875964419826363e-01,  2.7433066213374246e-01,  1.5636618038574860e-03,  3.9140603533946737e-02,  4.5590627630832609e-01,  0.0000000000000000e+00,  5.4160806671757775e-03,  1.8396471488517496e-01, -2.7621954864185354e+00,  0.0000000000000000e+00
 4.3356643356643358e+00,  6.3372795157937787e+02,  6.3300656192053106e-02,  2.9857958701938273e+01, -2.8261105977767258e-02,  9.2056969175852946e-02,  5.0075120370382387e-01,  2.7503202971130281e+03,  3.0980936685463327e+01, -1.4999814914002603e+04,  1.0027879874884198e+01,  2.6575022903713306e+00,  2.2210965119185206e+00,  3.5189043014062947e-03,  1.3863934182283597e-01, -2.4434296991198509e-01,  2.7433066213374246e-01,  1.5813748420652430e-03,  4.0966791704506560e-02,  4.0427453034835326e-01,  0.0000000000000000e+00, -1.8699304179828210e-03,  1.8163815686090584e-01, -7.5744800547684266e+00,  0.0000000000000000e+00
 4.3456543456543457e+00,  6.3372792795509258e+02,  6.3621384490237270e-02,  2.9858067482521967e+01, -2.8242405678970687e-02,  9.2072438438275089e-02,  5.0074001642551147e-01,  2.7566553382230859e+03,  3.1175506779369808e+01, -1.4999814504762549e+04,  1.0027834050314482e+01,  2.6575446871346635e+00,  2.2261889698523971e+00,  3.5346089420685033e-03,  1.3905766425245944e-01, -2.4068223100449043e-01,  2.7433066213374246e-01,  1.5253728767520803e-03,  4.2462301881815642e-02,  3.4497715076496460e-01,  0.0000000000000000e+00, -9.3416630377124478e-03,  1.1776298063637555e-01, -4.2968553378261163e+00,  0.0000000000000000e+00
 4.3556443556443556e+00,  6.3372790386386725e+02,  6.3941095303024179e-02,  2.9858176067436052e+01, -2.8229075956439979e-02,  9.2086631964036200e-02,  5.0073873211571440e-01,  2.7629903620435989e+03,  3.1370643046435450e+01, -1.4999814098392480e+04,  1.0027788388404028e+01,  2.6575872727106793e+00,  2.2312813984938873e+00,  3.5493812819607814e-03,  1.3948773946283227e-01, -2.3745031954705081e-01,  2.7433066213374246e-01,  1.3995993876898081e-03,  4.3114840068722897e-02,  3.0275244478050045e-01,  0.0000000000000000e+00, -1.5838189472554772e-02,  1.2875164382458485e-02, -4.1565308002637034e+00,  0.0000000000000000e+00
 4.3656343656343655e+00,  6.3372787932140182e+02,  6.4258742139258140e-02,  2.9858284147880472e+01, -2.8221093895411047e-02,  9.2098779135786124e-02,  5.0074705312577994e-01,  2.7693253685226437e+03,  3.1566345471756794e+01, -1.4999813694917957e+04,  1.0027742839861110e+01,  2.6576300119380800e+00,  2.2363738905390185e+00,  3.5625729657985691e-03,  1.3991909961846788e-01, -2.3463323110877621e-01,  2.7433066213374246e-01,  1.2162681684422616e-03,  4.2723297604081445e-02,  2.7759708092307311e-01,  0.0000000000000000e+00, -2.0864720620804449e-02, -9.1261965803678166e-02, -8.7957304399330605e-01,  0.0000000000000000e+00
 4.3756243756243753e+00,  6.3372785435541948e+02,  6.4573266558408227e-02,  2.9858391468113840e+01, -2.8218042482918964e-02,  9.2108782579639045e-02,  5.0076493520569487e-01,  2.7756603576083157e+03,  3.1762614041012714e+01, -1.4999813294365098e+04,  1.0027697357042559e+01,  2.6576728656189847e+00,  2.2414665358048627e+00,  3.5736823442673198e-03,  1.4034135180257415e-01, -2.3190392432381265e-01,  2.7433066213374246e-01,  9.9469842344963996e-04,  4.1414314057498153e-02,  2.9642642001624220e-01,  0.0000000000000000e+00, -2.3493542326718925e-02, -1.7079654022230026e-01,  4.6492067304457976e+00,  0.0000000000000000e+00
 4.3856143856143852e+00,  6.3372782899997981e+02,  6.4883474661560178e-02,  2.9858497859671022e+01, -2.8218754475032110e-02,  9.2117019226466271e-02,  5.0079304708592842e-01,  2.7819953292488408e+03,  3.1959448739562962e+01, -1.4999812896759968e+04,  1.0027651900126500e+01,  2.6577157944034213e+00,  2.2465594272475866e+00,  3.5824470601731871e-03,  1.4074655844079551e-01, -2.2871062531424596e-01,  2.7433066213374246e-01,  7.6419816409465085e-04,  3.9590071779548389e-02,  3.4623722606460217e-01,  0.0000000000000000e+00, -2.2652609596141602e-02, -1.9441676382287781e-01,  5.3229166404385939e+00,  0.0000000000000000e+00
 4.3956043956043960e+00,  6.3372780329959801e+02,  6.5188015900927349e-02,  2.9858603348876024e+01, -2.8221497880943421e-02,  9.2124780914254453e-02,  5.0083238416881526e-01,  2.7883302833926459e+03,  3.2156849551265843e+01, -1.4999812502127848e+04,  1.0027606444989308e+01,  2.6577587647435590e+00,  2.2516526688607690e+00,  3.5889510388546261e-03,  1.4113236222773998e-01, -2.2498609762921498e-01,  2.7433066213374246e-01,  5.5572383021466139e-04,  3.7875437569106440e-02,  3.6259048562523771e-01,  0.0000000000000000e+00, -1.9083952046630926e-02, -1.4885300510758792e-01, -2.0489940763994672e+00,  0.0000000000000000e+00
 4.4055944055944058e+00,  6.3372777729132451e+02,  6.5485714057563468e-02,  2.9858708110607552e+01, -2.8225150328402750e-02,  9.2133290752050095e-02,  5.0088236957233512e-01,  2.7946652199884279e+03,  3.2354816459096199e+01, -1.4999812110492681e+04,  1.0027560982995279e+01,  2.6578017548068629e+00,  2.2567463704293882e+00,  3.5935504334042496e-03,  1.4150331044017828e-01, -2.2146606016688833e-01,  2.7433066213374246e-01,  3.8110196881216944e-04,  3.6828252325139130e-02,  2.8896719931635056e-01,  0.0000000000000000e+00, -1.5875344606151611e-02, -6.0793480734994097e-02, -1.2690387842642950e+01,  0.0000000000000000e+00
 4.4155844155844157e+00,  6.3372775099675266e+02,  6.5776020926712683e-02,  2.9858812428042430e+01, -2.8230248847821132e-02,  9.2143669433355710e-02,  5.0093944414557712e-01,  2.8010001389849263e+03,  3.2553349448323395e+01, -1.4999811721876573e+04,  1.0027515508211975e+01,  2.6578447561741854e+00,  2.2618406234942805e+00,  3.5965654638059181e-03,  1.4186819144502547e-01, -2.1921252721330395e-01,  2.7433066213374246e-01,  2.2086752882519918e-04,  3.6907880562414001e-02,  1.5258551062462777e-01,  0.0000000000000000e+00, -1.6203590279240211e-02,  7.6735053837423489e-02, -1.4613226233440276e+01,  0.0000000000000000e+00
 4.4255744255744256e+00,  6.3372772442245650e+02,  6.6059100187787267e-02,  2.9858916741220082e+01, -2.8238367888215328e-02,  9.2157237366996617e-02,  5.0099847773745798e-01,  2.8073350403307459e+03,  3.2752448509903104e+01, -1.4999811336298972e+04,  1.0027470000821340e+01,  2.6578877817500377e+00,  2.2669354765283698e+00,  3.5979633710431147e-03,  1.4224073063123549e-01, -2.1841739861594675e-01,  2.7433066213374246e-01,  3.9611704756981496e-05,  3.8338895887809074e-02,  2.5725152987073591e-02,  0.0000000000000000e+00, -2.0083825699217392e-02,  2.0975421430667396e-01, -1.0784217365598364e+01,  0.0000000000000000e+00
 4.4355644355644355e+00,  6.3372769754133844e+02,  6.6335555159745957e-02,  2.9859021336694870e+01, -2.8250761136719576e-02,  9.2173372959497082e-02,  5.0105508817118838e-01,  2.8136699239741006e+03,  3.2952113641090456e+01, -1.4999810953777571e+04,  1.0027424423614418e+01,  2.6579308580543928e+00,  2.2720309302113186e+00,  3.5973569064584052e-03,  1.4263420335087579e-01, -2.1869853814263315e-01,  2.7433066213374246e-01, -1.8750277316648936e-04,  4.0618726014974474e-02, -6.3255449093437346e-02,  0.0000000000000000e+00, -2.5384492781062001e-02,  2.4666777715184385e-01, -7.0296991709201331e+00,  0.0000000000000000e+00
 4.4455544455544453e+00,  6.3372767031166791e+02,  6.6606153005284843e-02,  2.9859126182797105e+01, -2.8267824540649196e-02,  9.2190032001145075e-02,  5.0110660829814258e-01,  2.8200047898625853e+03,  3.3152344843970830e+01, -1.4999810574330402e+04,  1.0027378729539022e+01,  2.6579740047086742e+00,  2.2771269481318184e+00,  3.5942170618889391e-03,  1.4305229358857763e-01, -2.1968124375267875e-01,  2.7433066213374246e-01, -4.6605541098349230e-04,  4.2721999825187332e-02, -1.3845280998460624e-01,  0.0000000000000000e+00, -3.0381745309902630e-02,  1.7440763965277453e-01, -8.0248124794920521e+00,  0.0000000000000000e+00
 4.4555444555444552e+00,  6.3372764269871345e+02,  6.6871766734894228e-02,  2.9859231010913309e+01, -2.8289565644115628e-02,  9.2205163199357495e-02,  5.0115132043341404e-01,  2.8263396379431838e+03,  3.3353142123734713e+01, -1.4999810197977107e+04,  1.0027332869161407e+01,  2.6580172254663590e+00,  2.2822234701446833e+00,  3.5880451100351587e-03,  1.4348778976096943e-01, -2.2146482805241546e-01,  2.7433066213374246e-01, -7.9224010360874099e-04,  4.3772840406515287e-02, -2.1581045121771464e-01,  0.0000000000000000e+00, -3.4920430153672917e-02,  3.5970644729085073e-02, -7.4621872953764319e+00,  0.0000000000000000e+00
 4.4655344655344651e+00,  6.3372761467989642e+02,  6.7133456782297166e-02,  2.9859335476341524e+01, -2.8316019100517956e-02,  9.2217546353479396e-02,  5.0118753638586278e-01,  2.8326744681623745e+03,  3.3554505488155094e+01, -1.4999809824738282e+04,  1.0027286791630466e+01,  2.6580605119204681e+00,  2.2873204166412964e+00,  3.5783880887898635e-03,  1.4392687581448202e-01, -2.2399314087990577e-01,  2.7433066213374246e-01, -1.1594858498326485e-03,  4.3399796145145469e-02, -2.7193887907756831e-01,  0.0000000000000000e+00, -3.8602168240361098e-02, -1.1065410585492744e-01, -3.7747239621684865e+00,  0.0000000000000000e+00
 4.4755244755244759e+00,  6.3372758625496499e+02,  6.7392377947540077e-02,  2.9859439274393363e+01, -2.8346746872586554e-02,  9.2226987848631703e-02,  5.0121405203015557e-01,  2.8390092804663227e+03,  3.3756434947057713e+01, -1.4999809454634596e+04,  1.0027240447029509e+01,  2.6581038517682907e+00,  2.2924176925995114e+00,  3.5648785595889512e-03,  1.4435491855507826e-01, -2.2689817228972969e-01,  2.7433066213374246e-01, -1.5531180898492086e-03,  4.1774925032363915e-02, -2.8029205781020056e-01,  0.0000000000000000e+00, -4.0203006210951651e-02, -2.1464509092392847e-01,  2.1024175798955622e+00,  0.0000000000000000e+00
 4.4855144855144857e+00,  6.3372755744143672e+02,  6.7649662072769706e-02,  2.9859542251636931e+01, -2.8380483079878050e-02,  9.2234293174132384e-02,  5.0123048579007212e-01,  2.8453440748011872e+03,  3.3958930511227237e+01, -1.4999809087686030e+04,  1.0027193793371765e+01,  2.6581472370450765e+00,  2.2975151955887192e+00,  3.5473567583233449e-03,  1.4476153965129251e-01, -2.2959338179519467e-01,  2.7433066213374246e-01, -1.9451390139670604e-03,  3.9511918956688201e-02, -2.3907734574108694e-01,  0.0000000000000000e+00, -3.8279582797425785e-02, -2.3840872542670841e-01,  6.1487677763433917e+00,  0.0000000000000000e+00
 4.4955044955044956e+00,  6.3372752825772568e+02,  6.7906301668904129e-02,  2.9859644506574597e+01, -2.8415158753235175e-02,  9.2241142859130751e-02,  5.0123739794864841e-01,  2.8516788511132886e+03,  3.4161992190900342e+01, -1.4999808723910735e+04,  1.0027146805966254e+01,  2.6581906714313548e+00,  2.3026128266711861e+00,  3.5260146432259734e-03,  1.4514436748528181e-01, -2.3167494243440670e-01,  2.7433066213374246e-01, -2.2971514769946819e-03,  3.7484113122755916e-02, -1.4355687788114210e-01,  0.0000000000000000e+00, -3.2193312300704886e-02, -1.6755800252653891e-01,  1.2974429889217788e+01,  0.0000000000000000e+00
 4.5054945054945055e+00,  6.3372749870808104e+02,  6.8163041302944802e-02,  2.9859746384573462e+01, -2.8448094911412834e-02,  9.2249502242331374e-02,  5.0123646673691313e-01,  2.8580136093492038e+03,  3.4365619994498473e+01, -1.4999808363324673e+04,  1.0027099483880114e+01,  2.6582341750609069e+00,  2.3077104995162445e+00,  3.5014596259158592e-03,  1.4551047298041850e-01, -2.3246165108352915e-01,  2.7433066213374246e-01, -2.5641031007570740e-03,  3.6524489094853785e-02, -1.6489254482833636e-02,  0.0000000000000000e+00, -2.1250402776526629e-02, -2.4558727859469713e-02,  1.2464508315123862e+01,  0.0000000000000000e+00
 4.5154845154845153e+00,  6.3372746877377153e+02,  6.8420171755145295e-02,  2.9859848354512287e+01, -2.8476305583376008e-02,  9.2260757778365829e-02,  5.0123079243951674e-01,  2.8643483494557136e+03,  3.4569813926559895e+01, -1.4999808005941868e+04,  1.0027051857246457e+01,  2.6582777813802783e+00,  2.3128081559047349e+00,  3.4747838120420165e-03,  1.4587412750715700e-01, -2.3200439806842935e-01,  2.7433066213374246e-01, -2.7058440438427582e-03,  3.7007051695814808e-02,  8.8354905314809315e-02,  0.0000000000000000e+00, -7.1261340292276248e-03,  1.2116776057186734e-01,  8.5252924763645019e+00,  0.0000000000000000e+00
 4.5254745254745252e+00,  6.3372743842704392e+02,  6.8677692511636371e-02,  2.9859950731630978e+01, -2.8497771203713110e-02,  9.2274714283437573e-02,  5.0122328601822652e-01,  2.8706830713797049e+03,  3.4774573987426749e+01, -1.4999807651775993e+04,  1.0027003982987676e+01,  2.6583215251980068e+00,  2.3179057684563422e+00,  3.4473968078570635e-03,  1.4624987461270250e-01, -2.3069631831000650e-01,  2.7433066213374246e-01, -2.7044405172455517e-03,  3.8567109452432753e-02,  1.5437473740271557e-01,  0.0000000000000000e+00,  7.4071200539883213e-03,  1.9115580230304927e-01,  4.6918779076344821e+00,  0.0000000000000000e+00
 4.5354645354645351e+00,  6.3372740765061951e+02,  6.8935404244161558e-02,  2.9860053496921999e+01, -2.8511702440406697e-02,  9.2289668888906592e-02,  5.0121623917571778e-01,  2.8770177750680336e+03,  3.4979900174178475e+01, -1.4999807300842524e+04,  1.0026955933313502e+01,  2.6583654271178436e+00,  2.3230033341735408e+00,  3.4207490364726754e-03,  1.4664469912458822e-01, -2.2891998773071279e-01,  2.7433066213374246e-01, -2.5666840527633788e-03,  4.0289722778110479e-02,  1.9731691406567028e-01,  0.0000000000000000e+00,  2.0171724135318436e-02,  1.5371138549797944e-01,  3.9051458602905620e+00,  0.0000000000000000e+00
 4.5454545454545459e+00,  6.3372737643978087e+02,  6.9192930353161153e-02,  2.9860156365701535e+01, -2.8518101524065358e-02,  9.2303606838797556e-02,  5.0121159118719216e-01,  2.8833524604674549e+03,  3.5185792481643951e+01, -1.4999806953160372e+04,  1.0026907784594597e+01,  2.6584094847274247e+00,  2.3281008671618140e+00,  3.3961144092004509e-03,  1.4705486407879864e-01, -2.2675392242457840e-01,  2.7433066213374246e-01, -2.3140528442801931e-03,  4.1256682264559356e-02,  2.3244630580546913e-01,  0.0000000000000000e+00,  3.0405043803013683e-02,  3.9873903689079240e-02,  3.1277583660169368e+00,  0.0000000000000000e+00
 4.5554445554445557e+00,  6.3372734480300380e+02,  6.9449756394614912e-02,  2.9860258946957220e+01, -2.8517428942033133e-02,  9.2315150145484970e-02,  5.0121083465869043e-01,  2.8896871275246790e+03,  3.5392250902744529e+01, -1.4999806608751038e+04,  1.0026859611506007e+01,  2.6584536752281873e+00,  2.3331983960330294e+00,  3.3745142144091336e-03,  1.4746900846054348e-01, -2.2427570589643753e-01,  2.7433066213374246e-01, -1.9736977752655214e-03,  4.0983197718887296e-02,  2.5943464162958024e-01,  0.0000000000000000e+00,  3.7734041013742260e-02, -9.4625509732997048e-02,  2.2753064659678208e+00,  0.0000000000000000e+00
 4.5654345654345656e+00,  6.3372731276240347e+02,  6.9705346779801239e-02,  2.9860360890978736e+01, -2.8510509114904475e-02,  9.2323945686152598e-02,  5.0121463939900812e-01,  2.8960217761864001e+03,  3.5599275429122862e+01, -1.4999806267637632e+04,  1.0026811482665950e+01,  2.6584979648808735e+00,  2.3382959588288603e+00,  3.3566798882161252e-03,  1.4787370918806711e-01, -2.2157041310131012e-01,  2.7433066213374246e-01, -1.5757129690701385e-03,  3.9532042122918276e-02,  2.6953652216904123e-01,  0.0000000000000000e+00,  4.1942517186574296e-02, -1.9589584058000387e-01, -2.5290998196770920e-01,  0.0000000000000000e+00
 4.5754245754245755e+00,  6.3372728034873728e+02,  6.9959277788700702e-02,  2.9860462006225283e+01, -2.8498521804626559e-02,  9.2330664495684750e-02,  5.0122260335790747e-01,  2.9023564063994236e+03,  3.5806866052075442e+01, -1.4999805929843209e+04,  1.0026763456898626e+01,  2.6585423206677583e+00,  2.3433935954958689e+00,  3.3430314378043360e-03,  1.4825885945201037e-01, -2.1889036079815505e-01,  2.7433066213374246e-01, -1.1542758738074860e-03,  3.7446991217241744e-02,  2.3781203502434822e-01,  0.0000000000000000e+00,  4.2429189285009737e-02, -2.2153135073644223e-01, -6.0983323443999016e+00,  0.0000000000000000e+00
 4.5854145854145854e+00,  6.3372724759406140e+02,  7.0211489168997429e-02,  2.9860562362089340e+01, -2.8483387473429520e-02,  9.2337004465023256e-02,  5.0123252184427614e-01,  2.9086910181106941e+03,  3.6015022764106469e+01, -1.4999805595389018e+04,  1.0026715577474009e+01,  2.6585867226019424e+00,  2.3484913356891934e+00,  3.3336174331949969e-03,  1.4862190082077922e-01, -2.1681892389003449e-01,  2.7433066213374246e-01, -7.5051966860873484e-04,  3.5652849845204983e-02,  1.9518785224766574e-01,  0.0000000000000000e+00,  3.8402802995781193e-02, -1.3765575194532190e-01, -2.4350290474920282e+00,  0.0000000000000000e+00
 4.5954045954045952e+00,  6.3372721452441021e+02,  7.0462302376904984e-02,  2.9860662347048304e+01, -2.8467280307991547e-02,  9.2345428019128262e-02,  5.0124162332473876e-01,  2.9150256112673219e+03,  3.6223745560825670e+01, -1.4999805264293202e+04,  1.0026667864542169e+01,  2.6586311762918671e+00,  2.3535891848224098e+00,  3.3280360398301356e-03,  1.4897120410426221e-01, -2.1499050361038954e-01,  2.7433066213374246e-01, -3.9921109714735153e-04,  3.5066150623342271e-02,  1.8945492794025526e-01,  0.0000000000000000e+00,  3.1929173010788556e-02,  2.0198567728405940e-02,  1.2872976011484354e+00,  0.0000000000000000e+00
 4.6053946053946051e+00,  6.3372718114242502e+02,  7.0711933087000328e-02,  2.9860762379265399e+01, -2.8451256485422283e-02,  9.2356857631154046e-02,  5.0124932827003765e-01,  2.9213601858165184e+03,  3.6433034439662030e+01, -1.4999804936571056e+04,  1.0026620321363280e+01,  2.6586757086237016e+00,  2.3586871343359164e+00,  3.3256411874977472e-03,  1.4932252321085598e-01, -2.1303361064447499e-01,  2.7433066213374246e-01, -1.1538646160308588e-04,  3.5866899704979263e-02,  1.7544745557705560e-01,  0.0000000000000000e+00,  2.4892519025174090e-02,  1.4011139841532086e-01, -4.0915935682610396e+00,  0.0000000000000000e+00
 4.6153846153846150e+00,  6.3372714744645236e+02,  7.0960567312189235e-02,  2.9860862596571511e+01, -2.8436428101408055e-02,  9.2370211805679947e-02,  5.0125540784357447e-01,  2.9276947417054430e+03,  3.6642889398249260e+01, -1.4999804612238111e+04,  1.0026572941772768e+01,  2.6587203452672283e+00,  2.3637851739605749e+00,  3.3257306160218822e-03,  1.4968782547698906e-01, -2.1148505994251635e-01,  2.7433066213374246e-01,  9.2201112836695235e-05,  3.7394069039718571e-02,  1.4676650895214313e-01,  0.0000000000000000e+00,  1.6666513377669907e-02,  1.6562790239981068e-01, -1.6503319460450501e+00,  0.0000000000000000e+00
 4.6253746253746257e+00,  6.3372711343926517e+02,  7.1208416863247928e-02,  2.9860962897488168e+01, -2.8423998000581756e-02,  9.2383873975967160e-02,  5.0125978232204393e-01,  2.9340292788810766e+03,  3.6853310435097832e+01, -1.4999804291311741e+04,  1.0026525706454636e+01,  2.6587650978289923e+00,  2.3688832872780070e+00,  3.3274833675744045e-03,  1.5006965745740383e-01, -2.1010121286321329e-01,  2.7433066213374246e-01,  2.1894966984513858e-04,  3.8852849189933494e-02,  1.5590746701762689e-01,  0.0000000000000000e+00,  8.7085477354196181e-03,  1.2641988367320783e-01,  3.4803517507548358e+00,  0.0000000000000000e+00
 4.6353646353646356e+00,  6.3372707911951932e+02,  7.1455356988188529e-02,  2.9861063157950316e+01, -2.8414164869753109e-02,  9.2397011233689805e-02,  5.0126428877436158e-01,  2.9403637972902525e+03,  3.7064297548087261e+01, -1.4999803973810986e+04,  1.0026478588998495e+01,  2.6588099645389915e+00,  2.3739814639504253e+00,  3.3301052348000070e-03,  1.5046410618008466e-01, -2.0837002563646975e-01,  2.7433066213374246e-01,  2.7694202549132722e-04,  3.9838341916240090e-02,  1.7803593075768695e-01,  0.0000000000000000e+00,  2.9015218649447627e-03,  7.0875760133017010e-02,  9.4976669000354130e-01,  0.0000000000000000e+00
 4.6453546453546455e+00,  6.3372704448218644e+02,  7.1700914388576009e-02,  2.9861163274220669e+01, -2.8406666897005710e-02,  9.2409299525018834e-02,  5.0127140255217040e-01,  2.9466982968797388e+03,  3.7275850732278109e+01, -1.4999803659755687e+04,  1.0026431565689620e+01,  2.6588549353724336e+00,  2.3790797167205939e+00,  3.3330166747770284e-03,  1.5086562832486117e-01, -2.0654405140951329e-01,  2.7433066213374246e-01,  2.8437665889320413e-04,  4.0234361218302671e-02,  1.7950296430769200e-01,  0.0000000000000000e+00, -1.4131082578889877e-03,  8.4073041399129397e-03, -6.5606657329252493e-01,  0.0000000000000000e+00
 4.6553446553446554e+00,  6.3372700952878108e+02,  7.1944544093311594e-02,  2.9861263095431440e+01, -2.8401600375212485e-02,  9.2420383651175941e-02,  5.0128249682592541e-01,  2.9530327775962764e+03,  3.7487969980497311e+01, -1.4999803349166454e+04,  1.0026384614374514e+01,  2.6588999939555409e+00,  2.3841780767882628e+00,  3.3357870861265445e-03,  1.5126798952110967e-01, -2.0478355282312929e-01,  2.7433066213374246e-01,  2.5413530113574661e-04,  4.0045857587327739e-02,  1.8359912003578435e-01,  0.0000000000000000e+00, -4.6412115651540808e-03, -4.6145731061094847e-02,  1.4761169500566242e+00,  0.0000000000000000e+00
 4.6653346653346652e+00,  6.3372697425903380e+02,  7.2185523051399844e-02,  2.9861362566453504e+01, -2.8398679143617114e-02,  9.2430623130855968e-02,  5.0129914346454729e-01,  2.9593672393866068e+03,  3.7700655283959193e+01, -1.4999803042064121e+04,  1.0026337713871699e+01,  2.6589451209420805e+00,  2.3892765887504632e+00,  3.3380943031713489e-03,  1.5166574535957300e-01, -2.0287573732288428e-01,  2.7433066213374246e-01,  1.9815227558718244e-04,  3.9547355783807588e-02,  1.7462990021578864e-01,  0.0000000000000000e+00, -6.5665901496685958e-03, -5.3654330003640713e-02, -3.2717547580197857e+00,  0.0000000000000000e+00
 4.6753246753246751e+00,  6.3372693865934616e+02,  7.2423155954026902e-02,  2.9861461808658159e+01, -2.8397855333738321e-02,  9.2440960690144638e-02,  5.0132166349864982e-01,  2.9657016821975117e+03,  3.7913906632233171e+01, -1.4999802738468328e+04,  1.0026290846334945e+01,  2.6589903030592583e+00,  2.3943753103975136e+00,  3.3397461725518628e-03,  1.5205814647982710e-01, -2.0129444392770898e-01,  2.7433066213374246e-01,  1.2212371430975438e-04,  3.9171748159656135e-02,  1.2825100199540029e-01,  0.0000000000000000e+00, -8.6543278180726789e-03, -2.1542316351479934e-02, -6.0133006657020731e+00,  0.0000000000000000e+00
 4.6853146853146850e+00,  6.3372690271929321e+02,  7.2657060970290663e-02,  2.9861560973407368e+01, -2.8399575566444745e-02,  9.2452112814709900e-02,  5.0134848572931279e-01,  2.9720361059757502e+03,  3.8127724015555081e+01, -1.4999802438397350e+04,  1.0026243991476273e+01,  2.6590355364468405e+00,  2.3994742943935603e+00,  3.3405343374232920e-03,  1.5244839767045523e-01, -2.0031327974055863e-01,  2.7433066213374246e-01,  2.0745748144532716e-05,  3.9255298966158869e-02,  9.1287524699150080e-02,  0.0000000000000000e+00, -1.1641541008203717e-02,  3.8269187813673014e-02, -1.3867874890063689e+00,  0.0000000000000000e+00
 4.6953046953046957e+00,  6.3372686643666691e+02,  7.2887136966808194e-02,  2.9861660221952810e+01, -2.8404222322067428e-02,  9.2464576715016955e-02,  5.0137758936509735e-01,  2.9783705106680195e+03,  3.8342107426681174e+01, -1.4999802141868335e+04,  1.0026197122860264e+01,  2.6590808274672302e+00,  2.4045735744348962e+00,  3.3401606730142910e-03,  1.5284246813749264e-01, -1.9947051736029334e-01,  2.7433066213374246e-01, -1.0666343731351524e-04,  3.9834078426740957e-02,  1.0093918295373903e-01,  0.0000000000000000e+00, -1.3865777920496645e-02,  7.7602460194857531e-02,  3.3190494715750152e+00,  0.0000000000000000e+00
 4.7052947052947056e+00,  6.3372682979921115e+02,  7.3113174631976988e-02,  2.9861759555588172e+01, -2.8410972834391895e-02,  9.2477511877769453e-02,  5.0140869459100079e-01,  2.9847048962209642e+03,  3.8557056859923591e+01, -1.4999801848898605e+04,  1.0026150215683680e+01,  2.6591261824263106e+00,  2.4096731722454674e+00,  3.3384031998146303e-03,  1.5324428335330723e-01, -1.9829651284837596e-01,  2.7433066213374246e-01, -2.4475879509591259e-04,  4.0508946146000528e-02,  1.3105367410764332e-01,  0.0000000000000000e+00, -1.3780912707537441e-02,  5.7506057200548404e-02,  2.7098716574354986e+00,  0.0000000000000000e+00
 4.7152847152847155e+00,  6.3372679279441786e+02,  7.3334882489176662e-02,  2.9861858829264239e+01, -2.8418721630568362e-02,  9.2489775786323405e-02,  5.0144209669318052e-01,  2.9910392625810764e+03,  3.8772572309582564e+01, -1.4999801559506881e+04,  1.0026103255502395e+01,  2.6591715969478305e+00,  2.4147731087237476e+00,  3.3352703873979891e-03,  1.5365183769085927e-01, -1.9685206233316763e-01,  2.7433066213374246e-01, -3.7432615956487441e-04,  4.0791814361061086e-02,  1.2073295424134343e-01,  0.0000000000000000e+00, -1.2158473659149021e-02, -8.7584054542470932e-04, -4.7760797746687587e+00,  0.0000000000000000e+00
 4.7252747252747254e+00,  6.3372675541593003e+02,  7.3552120093242759e-02,  2.9861957889313963e+01, -2.8427023823637806e-02,  9.2500909381207627e-02,  5.0147700742978996e-01,  2.9973736096947041e+03,  3.8988653770073519e+01, -1.4999801273712612e+04,  1.0026056236611829e+01,  2.6592170581579637e+00,  2.4198734030367408e+00,  3.3309241556674801e-03,  1.5405930461926248e-01, -1.9588426601038711e-01,  2.7433066213374246e-01, -4.9158563396562230e-04,  4.0578081651233833e-02,  7.5728354322652291e-02,  0.0000000000000000e+00, -1.1316873115880985e-02, -4.1913447961991646e-02, -4.2338411290533120e+00,  0.0000000000000000e+00
 4.7352647352647352e+00,  6.3372671765592600e+02,  7.3765177515025857e-02,  2.9862056736548542e+01, -2.8436270347280072e-02,  9.2511509207666334e-02,  5.0151089906094026e-01,  3.0037079375080871e+03,  3.9205301238031176e+01, -1.4999800991534717e+04,  1.0026009151611717e+01,  2.6592625579306466e+00,  2.4249740565198161e+00,  3.3254484966094653e-03,  1.5446258857300180e-01, -1.9533900830074702e-01,  2.7433066213374246e-01, -6.0206882072738079e-04,  4.0199104980636974e-02,  8.9763909472440881e-02,  0.0000000000000000e+00, -1.0801860873823323e-02, -3.3957681491499879e-02,  7.0437592700410212e+00,  0.0000000000000000e+00
 4.7452547452547451e+00,  6.3372667949877678e+02,  7.3974181003386555e-02,  2.9862155532860267e+01, -2.8445718403386878e-02,  9.2522687934603831e-02,  5.0154392053214414e-01,  3.0100422459674564e+03,  3.9422514711860408e+01, -1.4999800712990380e+04,  1.0025961992616008e+01,  2.6593080997218612e+00,  2.4300750563212863e+00,  3.3188948086000001e-03,  1.5486248353995452e-01, -1.9409078130564306e-01,  2.7433066213374246e-01, -6.9611004501049750e-04,  4.0143933103140246e-02,  1.3141306051912913e-01,  0.0000000000000000e+00, -8.0251922276568591e-03,  2.2912271616653893e-02,  1.2944007695060624e+00,  0.0000000000000000e+00
 4.7552447552447550e+00,  6.3372664091771230e+02,  7.4178971142385308e-02,  2.9862254493438655e+01, -2.8454330261107188e-02,  9.2535124771268074e-02,  5.0157739323678729e-01,  3.0163765350191375e+03,  3.9640294188118020e+01, -1.4999800438095373e+04,  1.0025914763841564e+01,  2.6593536957541382e+00,  2.4351764040041384e+00,  3.3115402040018631e-03,  1.5526466515847911e-01, -1.9271337272593927e-01,  2.7433066213374246e-01, -7.5968993186200490e-04,  4.0611051358523650e-02,  1.2754724643332963e-01,  0.0000000000000000e+00, -4.7035011200150714e-03,  7.0604803111105285e-02, -2.0683367494831337e+00,  0.0000000000000000e+00
 4.7652347652347649e+00,  6.3372660188412829e+02,  7.4379507130748743e-02,  2.9862353676921991e+01, -2.8461977945618156e-02,  9.2548363166384873e-02,  5.0161129292373996e-01,  3.0227108046094468e+03,  3.9858639662723206e+01, -1.4999800166865622e+04,  1.0025867475064102e+01,  2.6593993579592867e+00,  2.4402781062707293e+00,  3.3037161885827774e-03,  1.5567389315750743e-01, -1.9154238477350863e-01,  2.7433066213374246e-01, -7.9548762165254953e-04,  4.1356413895081462e-02,  8.5326384502009758e-02,  0.0000000000000000e+00, -2.4631963760588997e-03,  7.8616776708131234e-02, -6.3842798091658723e+00,  0.0000000000000000e+00
 4.7752247752247756e+00,  6.3372656237554793e+02,  7.4575868995566258e-02,  2.9862453021600341e+01, -2.8469243044088665e-02,  9.2561673732214175e-02,  5.0164496010295612e-01,  3.0290450546845759e+03,  4.0077551132175671e+01, -1.4999799899317770e+04,  1.0025820133834557e+01,  2.6594450924989141e+00,  2.4453801658676362e+00,  3.2956463454273861e-03,  1.5609096713440485e-01, -1.9100854985876620e-01,  2.7433066213374246e-01, -8.2043000816153116e-04,  4.2010607202170334e-02,  1.7083518874600807e-02,  0.0000000000000000e+00, -2.5302694030390513e-03,  5.2352723371057439e-02, -7.2779418894409496e+00,  0.0000000000000000e+00
 4.7852147852147855e+00,  6.3372652238060346e+02,  7.4768346472747466e-02,  2.9862552392147514e+01, -2.8477245934577681e-02,  9.2574442701394907e-02,  5.0167704018305825e-01,  3.0353792851906169e+03,  4.0297028594652552e+01, -1.4999799635469462e+04,  1.0025772738023223e+01,  2.6594909004058813e+00,  2.4504825738078151e+00,  3.2873239806275015e-03,  1.5651326592877959e-01, -1.9120105572506504e-01,  2.7433066213374246e-01, -8.5647339470513735e-04,  4.2307812273246287e-02, -3.7177255797165146e-02,  0.0000000000000000e+00, -4.6856165829834784e-03,  7.1477318579701698e-03, -3.5850651998462255e+00,  0.0000000000000000e+00
 4.7952047952047954e+00,  6.3372648189723361e+02,  7.4957308448147658e-02,  2.9862651629455822e+01, -2.8486770437264535e-02,  9.2586309823067356e-02,  5.0170656615683540e-01,  3.0417134960735621e+03,  4.0517072050210160e+01, -1.4999799375338849e+04,  1.0025725274653018e+01,  2.6595367795488536e+00,  2.4555853079430507e+00,  3.2785339898888221e-03,  1.5693627806893523e-01, -1.9175135217239586e-01,  2.7433066213374246e-01, -9.1636570772629742e-04,  4.2149352210876019e-02, -6.1206404340330034e-02,  0.0000000000000000e+00, -7.3048244838528949e-03, -3.8871436344498529e-02, -1.2255703384954399e+00,  0.0000000000000000e+00
 4.8051948051948052e+00,  6.3372644093181611e+02,  7.5143087483658944e-02,  2.9862750597583847e+01, -2.8497912592670479e-02,  9.2597243716478234e-02,  5.0173325464704388e-01,  3.0480476872794275e+03,  4.0737681499785850e+01, -1.4999799118944547e+04,  1.0025677726278523e+01,  2.6595827263036504e+00,  2.4606883401870077e+00,  3.2690149754781251e-03,  1.5735541082809779e-01, -1.9242396090669001e-01,  2.7433066213374246e-01, -1.0000849881512551e-03,  4.1605626926336209e-02, -7.8688226036336253e-02,  0.0000000000000000e+00, -9.4557754572238417e-03, -6.9982365620372897e-02, -2.2742903650450477e+00,  0.0000000000000000e+00
 4.8151848151848151e+00,  6.3372639949740369e+02,  7.5326101599622691e-02,  2.9862849219026074e+01, -2.8510627915340710e-02,  9.2607540109464495e-02,  5.0175645241168532e-01,  3.0543818587542460e+03,  4.0958856944814180e+01, -1.4999798866305149e+04,  1.0025630075564475e+01,  2.6596287383555577e+00,  2.4657916389302366e+00,  3.2585522718438422e-03,  1.5776755932620468e-01, -1.9332354450079417e-01,  2.7433066213374246e-01, -1.1036552178559677e-03,  4.0880326618991644e-02, -9.7587476508868454e-02,  0.0000000000000000e+00, -1.1278984529659862e-02, -7.5222755910010375e-02, -1.5093395795559414e+00,  0.0000000000000000e+00
 4.8251748251748250e+00,  6.3372635761072127e+02,  7.5506923052648944e-02,  2.9862947489251230e+01, -2.8524808515840498e-02,  9.2617691332759725e-02,  5.0177509006116616e-01,  3.0607160104441714e+03,  4.1180598387852200e+01, -1.4999798617438841e+04,  1.0025582305203605e+01,  2.6596748184539400e+00,  2.4708951639983248e+00,  3.2469639221743099e-03,  1.5817220057073497e-01, -1.9437376063713691e-01,  2.7433066213374246e-01, -1.2227854736298384e-03,  4.0218934288206110e-02, -1.0960822139316975e-01,  0.0000000000000000e+00, -1.2570892676269324e-02, -5.7187988713254513e-02, -8.9721354628120731e-01,  0.0000000000000000e+00
 4.8351648351648349e+00,  6.3372631528752004e+02,  7.5686245523615150e-02,  2.9863045449353955e+01, -2.8540180629569867e-02,  9.2628098089351726e-02,  5.0178807362357747e-01,  3.0670501422953662e+03,  4.1402905832737027e+01, -1.4999798372363017e+04,  1.0025534399411610e+01,  2.6597209752744830e+00,  2.4759988651507925e+00,  3.2341209936494401e-03,  1.5857113443685814e-01, -1.9551351895420413e-01,  2.7433066213374246e-01, -1.3511199902952133e-03,  3.9784424813386100e-02, -1.1139035796031491e-01,  0.0000000000000000e+00, -1.3121677560138998e-02, -2.9800808145712811e-02,  5.4042980553874365e-01,  0.0000000000000000e+00
 4.8451548451548447e+00,  6.3372627254019585e+02,  7.5864833736001003e-02,  2.9863143142145748e+01, -2.8556276618755767e-02,  9.2638877090750971e-02,  5.0179460092407457e-01,  3.0733842542540651e+03,  4.1625779284467953e+01, -1.4999798131094740e+04,  1.0025486345553496e+01,  2.6597672214667023e+00,  2.4811026827296918e+00,  3.2199685177728074e-03,  1.5896709417340002e-01, -1.9659934221476555e-01,  2.7433066213374246e-01, -1.4798163002331776e-03,  3.9590336850902456e-02, -1.0459255727952750e-01,  0.0000000000000000e+00, -1.2643323689453851e-02, -9.0556019431602252e-03,  8.2048989075390788e-01,  0.0000000000000000e+00
 4.8551448551448555e+00,  6.3372622937776725e+02,  7.6043461076131136e-02,  2.9863240580639275e+01, -2.8572489143240593e-02,  9.2649868352856560e-02,  5.0179430190979257e-01,  3.0797183462664370e+03,  4.1849218748694817e+01, -1.4999797893650912e+04,  1.0025438136311188e+01,  2.6598135702029060e+00,  2.4862065513748459e+00,  3.2045542344040210e-03,  1.5936215015815491e-01, -1.9760328033841054e-01,  2.7433066213374246e-01, -1.5986396178323834e-03,  3.9529557698030744e-02, -8.8296323102838262e-02,  0.0000000000000000e+00, -1.1145104493906327e-02, -3.1123844617565919e-03,  2.4420161914191709e+00,  0.0000000000000000e+00
 4.8651348651348654e+00,  6.3372618580715232e+02,  7.6222864897767001e-02,  2.9863337748333031e+01, -2.8588134450650626e-02,  9.2660813799006522e-02,  5.0178727462864203e-01,  3.0860524182786394e+03,  4.2073224231263538e+01, -1.4999797660048638e+04,  1.0025389770475506e+01,  2.6598600327227242e+00,  2.4913104034816604e+00,  3.1880276662676638e-03,  1.5975689552600805e-01, -1.9836350451452262e-01,  2.7433066213374246e-01, -1.6963883460356796e-03,  3.9470139993474387e-02, -6.0628046455299782e-02,  0.0000000000000000e+00, -8.4241908923785736e-03, -8.7830399907777787e-03,  3.0971727934186655e+00,  0.0000000000000000e+00
 4.8751248751248752e+00,  6.3372614183211999e+02,  7.6403656090449953e-02,  2.9863434625903615e+01, -2.8602402658451986e-02,  9.2671541845506744e-02,  5.0177424270637683e-01,  3.0923864702367773e+03,  4.2297795737383154e+01, -1.4999797430305185e+04,  1.0025341254784353e+01,  2.6599066174700221e+00,  2.4964141755940075e+00,  3.1706603613563555e-03,  1.6015076434383871e-01, -1.9881462991793700e-01,  2.7433066213374246e-01, -1.7610466500100226e-03,  3.9338992849665133e-02, -1.7037697200495271e-02,  0.0000000000000000e+00, -4.5204015632850916e-03, -1.7472618199835265e-02,  5.6296151273932988e+00,  0.0000000000000000e+00
 4.8851148851148851e+00,  6.3372609745856141e+02,  7.6586267967154467e-02,  2.9863531205252809e+01, -2.8614388147872056e-02,  9.2682075715457862e-02,  5.0175651666714394e-01,  3.0987205020869442e+03,  4.2522933270964621e+01, -1.4999797204437931e+04,  1.0025292604635240e+01,  2.6599533305620202e+00,  2.5015178135695924e+00,  3.1528419190147167e-03,  1.6054288938913822e-01, -1.9870391804500204e-01,  2.7433066213374246e-01, -1.7794796352110622e-03,  3.9163888161947651e-02,  3.9544608841635201e-02,  0.0000000000000000e+00,  8.3011792603695047e-04, -1.7583340281204712e-02,  5.6981625422413522e+00,  0.0000000000000000e+00
 4.8951048951048950e+00,  6.3372605269729786e+02,  7.6770877523985842e-02,  2.9863627508005283e+01, -2.8623061316060020e-02,  9.2692641537296602e-02,  5.0173596830233846e-01,  3.1050545137753115e+03,  4.2748636833643381e+01, -1.4999796982464393e+04,  1.0025243846376616e+01,  2.6600001765567574e+00,  2.5066212801940866e+00,  3.1351063226908002e-03,  1.6093325961180968e-01, -1.9802452784317906e-01,  2.7433066213374246e-01, -1.7400684447437061e-03,  3.9037081396768467e-02,  8.7959395422032849e-02,  0.0000000000000000e+00,  7.0600024055278120e-03, -7.8033741076682451e-03,  3.9944777311543689e+00,  0.0000000000000000e+00
 4.9050949050949049e+00,  6.3372600755914436e+02,  7.6957544340210043e-02,  2.9863723569461026e+01, -2.8627785030690890e-02,  9.2703389232387995e-02,  5.0171398243134269e-01,  3.1113885052481387e+03,  4.2974906424783491e+01, -1.4999796764402286e+04,  1.0025195015701833e+01,  2.6600471590050034e+00,  2.5117245551447196e+00,  3.1180753167221356e-03,  1.6132285105540731e-01, -1.9694648756703936e-01,  2.7433066213374246e-01, -1.6397294574207564e-03,  3.9008842632950957e-02,  1.1877438906051033e-01,  0.0000000000000000e+00,  1.3027862856526970e-02,  2.1499735914036222e-03,  2.1746839952688961e+00,  0.0000000000000000e+00
 4.9150849150849147e+00,  6.3372596205051138e+02,  7.7146319016992093e-02,  2.9863819414176561e+01, -2.8628428352991377e-02,  9.2714256974657863e-02,  5.0169117487377246e-01,  3.1177224764517159e+03,  4.3201742042355136e+01, -1.4999796550269488e+04,  1.0025146152661492e+01,  2.6600942801122223e+00,  2.5168276281437545e+00,  3.1023444953697066e-03,  1.6171265706701349e-01, -1.9565141317663542e-01,  2.7433066213374246e-01, -1.4863748452908097e-03,  3.9042547156475982e-02,  1.2179262832301796e-01,  0.0000000000000000e+00,  1.7673730491873894e-02,  4.5976720186530241e-03, -1.5704324949136368e+00,  0.0000000000000000e+00
 4.9250749250749255e+00,  6.3372591617613000e+02,  7.7337343823852531e-02,  2.9863915047791792e+01, -2.8625439752688612e-02,  9.2725115822353418e-02,  5.0166728300388175e-01,  3.1240564273322952e+03,  4.3429143683983739e+01, -1.4999796340083780e+04,  1.0025097296044844e+01,  2.6601415407484463e+00,  2.5219304907721911e+00,  3.0883775176154251e-03,  1.6210292192766459e-01, -1.9451306841972624e-01,  2.7433066213374246e-01, -1.2997374266279229e-03,  3.9084538758788555e-02,  9.2881851418702616e-02,  0.0000000000000000e+00,  1.9691080724434814e-02,  3.8090467643232570e-03, -4.2175050413301056e+00,  0.0000000000000000e+00
 4.9350649350649354e+00,  6.3372586994928031e+02,  7.7531017187102522e-02,  2.9864010464874720e+01, -2.8620072732085167e-02,  9.2735970056487316e-02,  5.0164084250324348e-01,  3.1303903578360746e+03,  4.3657111348430277e+01, -1.4999796133862979e+04,  1.0025048475453636e+01,  2.6601889427798309e+00,  2.5270331254426313e+00,  3.0763757156169001e-03,  1.6249356693232397e-01, -1.9379563192950844e-01,  2.7433066213374246e-01, -1.1083031528666667e-03,  3.9115557934356289e-02,  5.9318583001931595e-02,  0.0000000000000000e+00,  1.8634060882578917e-02,  2.4009921839899112e-03, -2.5018612957079829e+00,  0.0000000000000000e+00
 4.9450549450549453e+00,  6.3372582338698965e+02,  7.7727879244579537e-02,  2.9864105645193739e+01, -2.8613610809901727e-02,  9.2746745526554847e-02,  5.0161052926728666e-01,  3.1367242679091873e+03,  4.3885645036391885e+01, -1.4999795931624634e+04,  1.0024999706443237e+01,  2.6602364903082480e+00,  2.5321354996169632e+00,  3.0662335984772303e-03,  1.6288445155672265e-01, -1.9332788194616118e-01,  2.7433066213374246e-01, -9.3690835802551740e-04,  3.9092424742737428e-02,  4.7051338717528965e-02,  0.0000000000000000e+00,  1.5679177044619609e-02, -7.0322571460863167e-03,  4.5958989970548314e-02,  0.0000000000000000e+00
 4.9550449550449551e+00,  6.3372577650633627e+02,  7.7928440930313064e-02,  2.9864200536782540e+01, -2.8606860217442392e-02,  9.2757188077833008e-02,  5.0157593967418301e-01,  3.1430581574977205e+03,  4.4114744749716401e+01, -1.4999795733386378e+04,  1.0024950993526941e+01,  2.6602841871023490e+00,  2.5372375717493378e+00,  3.0576562679041027e-03,  1.6327463435975129e-01, -1.9285554524184553e-01,  2.7433066213374246e-01, -7.9656878877140875e-04,  3.8980410591792282e-02,  8.2383174775969445e-02,  0.0000000000000000e+00,  1.2416804720053265e-02, -1.5392975873132399e-02,  7.0274745889293175e+00,  0.0000000000000000e+00
 4.9650349650349650e+00,  6.3372572932262005e+02,  7.8132938947529984e-02,  2.9864295191459455e+01, -2.8599951387087968e-02,  9.2767793991372971e-02,  5.0153854795260189e-01,  3.1493920265477923e+03,  4.4344410489820071e+01, -1.4999795539165942e+04,  1.0024902336273627e+01,  2.6603320360830791e+00,  2.5423393034915556e+00,  3.0503181381621174e-03,  1.6366328093917604e-01, -1.9168186446811986e-01,  2.7433066213374246e-01, -6.8232713067077513e-04,  3.9016233918027353e-02,  1.2453504551413244e-01,  0.0000000000000000e+00,  1.0454375231693840e-02,  2.2564805785393782e-02,  1.4113299328510143e+00,  0.0000000000000000e+00
 4.9750249750249749e+00,  6.3372568183906310e+02,  7.8341199420505131e-02,  2.9864389809444475e+01, -2.8592778957335759e-02,  9.2779417103189252e-02,  5.0150095566497899e-01,  3.1557258750057063e+03,  4.4574642254862759e+01, -1.4999795348980120e+04,  1.0024853736848341e+01,  2.6603800456394642e+00,  2.5474406823966573e+00,  3.0440233582003911e-03,  1.6405417949297860e-01, -1.9036733254426050e-01,  2.7433066213374246e-01, -5.8658472607452680e-04,  3.9435928885352516e-02,  1.2638466500239867e-01,  0.0000000000000000e+00,  8.7132541684752964e-03,  6.1458126673104900e-02, -1.0410361113001123e+00,  0.0000000000000000e+00
 4.9850149850149847e+00,  6.3372563405473159e+02,  7.8553056582652561e-02,  2.9864484440013356e+01, -2.8585813291034004e-02,  9.2791713823868638e-02,  5.0146419674654286e-01,  3.1620597028178559e+03,  4.4805440040885124e+01, -1.4999795162845909e+04,  1.0024805195890300e+01,  2.6604282231585863e+00,  2.5525417130932953e+00,  3.0385981636151739e-03,  1.6445121158623602e-01, -1.8915669633620383e-01,  2.7433066213374246e-01, -5.1034611006363080e-04,  4.0087414038190133e-02,  1.1587508651740676e-01,  0.0000000000000000e+00,  6.5497167569062648e-03,  6.8969200924987276e-02, -1.0629815013952917e+00,  0.0000000000000000e+00
 4.9950049950049946e+00,  6.3372558596805197e+02,  7.8768233560707571e-02,  2.9864579043386183e+01, -2.8579511331272130e-02,  9.2804100696813191e-02,  5.0142929895548738e-01,  3.1683935099305468e+03,  4.5036803842815971e+01, -1.4999794980781107e+04,  1.0024756709641526e+01,  2.6604765694450148e+00,  2.5576424093614802e+00,  3.0338266327245944e-03,  1.6485512682640896e-01, -1.8805214600045619e-01,  2.7433066213374246e-01, -4.5717794002380426e-04,  4.0669970985856160e-02,  9.7758496869873590e-02,  0.0000000000000000e+00,  4.0945508850627034e-03,  4.7658699998110142e-02, -2.5639597460397932e+00,  0.0000000000000000e+00
 5.0049950049950054e+00,  6.3372553757804462e+02,  7.8986426248762745e-02,  2.9864673530042911e+01, -2.8574341293417058e-02,  9.2816057435144345e-02,  5.0139674764274778e-01,  3.1747272962900856e+03,  4.5268733654678080e+01, -1.4999794802804525e+04,  1.0024708270307666e+01,  2.6605250783154353e+00,  2.5627427924907442e+00,  3.0294637392390736e-03,  1.6526379841912028e-01, -1.8720347961552697e-01,  2.7433066213374246e-01, -4.3118778058073517e-04,  4.0962698638779133e-02,  7.0338590062287445e-02,  0.0000000000000000e+00,  1.1086790354395532e-03,  1.0945376117067265e-02, -2.9255055968387738e+00,  0.0000000000000000e+00
 5.0149850149850153e+00,  6.3372548888413121e+02,  7.9207465233831362e-02,  2.9864767806147960e+01, -2.8570823844967660e-02,  9.2827298334449013e-02,  5.0136597960938967e-01,  3.1810610618426495e+03,  4.5501229470651076e+01, -1.4999794628935328e+04,  1.0024659864861132e+01,  2.6605737399152107e+00,  2.5678428826531348e+00,  3.0252114922534505e-03,  1.6567356236364733e-01, -1.8664677956564521e-01,  2.7433066213374246e-01, -4.3707558754824588e-04,  4.0880619103044490e-02,  4.4202475959038125e-02,  0.0000000000000000e+00, -2.2874179903314682e-03, -2.7377699171508379e-02, -2.3069444466321656e+00,  0.0000000000000000e+00
 5.0249750249750251e+00,  6.3372543988821121e+02,  7.9431365434403212e-02,  2.9864861791323282e+01, -2.8569276547439168e-02,  9.2837749061092489e-02,  5.0133573513793672e-01,  3.1873948065343347e+03,  4.5734291286069002e+01, -1.4999794459192584e+04,  1.0024611475524987e+01,  2.6606225444677021e+00,  2.5729426906479524e+00,  3.0207309602670808e-03,  1.6608059400559469e-01, -1.8632031326269904e-01,  2.7433066213374246e-01, -4.7678183899865746e-04,  4.0453077871378126e-02,  2.5187220421291005e-02,  0.0000000000000000e+00, -5.6617735500410250e-03, -5.8216055408098696e-02, -1.4999097120248521e+00,  0.0000000000000000e+00
 5.0349650349650350e+00,  6.3372539059525002e+02,  7.9658362535089913e-02,  2.9864955429603373e+01, -2.8569752707603348e-02,  9.2847489811063708e-02,  5.0130428741699140e-01,  3.1937285303111616e+03,  4.5967919098066240e+01, -1.4999794293594856e+04,  1.0024563081944933e+01,  2.6606714849949391e+00,  2.5780422123888425e+00,  3.0156853815841468e-03,  1.6648181566777076e-01, -1.8614353839838665e-01,  2.7433066213374246e-01, -5.4795373338096880e-04,  3.9777292795771732e-02,  1.4652535315355970e-02,  0.0000000000000000e+00, -8.5868397052978745e-03, -7.7076116728302099e-02, -6.0913424618336676e-01,  0.0000000000000000e+00
 5.0449550449550449e+00,  6.3372534101317194e+02,  7.9888910658533180e-02,  2.9865048692619116e+01, -2.8572050245030841e-02,  9.2856691669771951e-02,  5.0126975857801948e-01,  3.2000622331191130e+03,  4.6202112905920160e+01, -1.4999794132159988e+04,  1.0024514663667665e+01,  2.6607205589723044e+00,  2.5831414258820105e+00,  3.0097828337260026e-03,  1.6687534511040530e-01, -1.8602755531434029e-01,  2.7433066213374246e-01, -6.4428947020386308e-04,  3.8976527369388544e-02,  1.2864545727319668e-02,  0.0000000000000000e+00, -1.0699574806645783e-02, -8.3237121633614394e-02,  2.5117873065849478e-01,  0.0000000000000000e+00
 5.0549450549450547e+00,  6.3372529115245902e+02,  8.0123634078470729e-02,  2.9865141576537461e+01, -2.8575750677071236e-02,  9.2865559384464516e-02,  5.0123049234863382e-01,  3.2063959149041593e+03,  4.6436872710978065e+01, -1.4999793974905055e+04,  1.0024466202539060e+01,  2.6607697687772696e+00,  2.5882402916194125e+00,  3.0028124650965573e-03,  1.6726056746336293e-01, -1.8588650451772093e-01,  2.7433066213374246e-01, -7.5637351374174182e-04,  3.8168478696539311e-02,  1.9192677288101687e-02,  0.0000000000000000e+00, -1.1739650709637802e-02, -7.8534222670803663e-02,  1.0157132078100803e+00,  0.0000000000000000e+00
 5.0649350649350646e+00,  6.3372524102560260e+02,  8.0363248456930825e-02,  2.9865234095516719e+01, -2.8580281713979507e-02,  9.2874287212485612e-02,  5.0118536020639648e-01,  3.2127295756122435e+03,  4.6672198516172486e+01, -1.4999793821846271e+04,  1.0024417684753139e+01,  2.6608191210557561e+00,  2.5933387563747381e+00,  2.9946704758090849e-03,  1.6763795207736912e-01, -1.8564408523865394e-01,  2.7433066213374246e-01, -8.7244720658281730e-04,  3.7449874524901824e-02,  4.2356438084997651e-02,  0.0000000000000000e+00, -1.1498302597145777e-02, -6.5330332491023949e-02,  3.6216717037285449e+00,  0.0000000000000000e+00
 5.0749250749250745e+00,  6.3372519064519861e+02,  8.0608430704879511e-02,  2.9865326287211179e+01, -2.8584865524025959e-02,  9.2883095290775847e-02,  5.0113419442042506e-01,  3.2190632151893656e+03,  4.6908090325160892e+01, -1.4999793672999673e+04,  1.0024369102704840e+01,  2.6608686254026188e+00,  2.5984367600757081e+00,  2.9853809524775202e-03,  1.6800881670461970e-01, -1.8504022203850021e-01,  2.7433066213374246e-01, -9.7687617772494913e-04,  3.6921372180780093e-02,  8.6467439754009792e-02,  0.0000000000000000e+00, -9.4083774255171292e-03, -4.0475836801814609e-02,  5.2093508304080949e+00,  0.0000000000000000e+00
 5.0849150849150853e+00,  6.3372514001897537e+02,  8.0859610291062034e-02,  2.9865418240594259e+01, -2.8588396127013364e-02,  9.2892322385532994e-02,  5.0107830533283659e-01,  3.2253968335816007e+03,  4.7144548140660284e+01, -1.4999793528380673e+04,  1.0024320458735016e+01,  2.6609182931987312e+00,  2.6035342489910813e+00,  2.9751524702601342e-03,  1.6837564183123088e-01, -1.8391646406474760e-01,  2.7433066213374246e-01, -1.0510703955028159e-03,  3.6684042294075986e-02,  1.3439581122592714e-01,  0.0000000000000000e+00, -5.4453049736113120e-03, -7.0376065163470693e-03,  4.3859091382694455e+00,  0.0000000000000000e+00
 5.0949050949050951e+00,  6.3372508914997468e+02,  8.1116970705866889e-02,  2.9865510050222738e+01, -2.8589910341303051e-02,  9.2902135538907610e-02,  5.0101955888272987e-01,  3.2317304307351442e+03,  4.7381571963132373e+01, -1.4999793388004668e+04,  1.0024271766659728e+01,  2.6609681357556094e+00,  2.6086311862592040e+00,  2.9643805449749657e-03,  1.6874176460260326e-01, -1.8235499104497510e-01,  2.7433066213374246e-01, -1.0804306348755437e-03,  3.6749558697685134e-02,  1.7609654867542349e-01,  0.0000000000000000e+00, -4.3261494879898637e-04,  2.0153990518573743e-02,  3.9625784991182331e+00,  0.0000000000000000e+00
 5.1048951048951050e+00,  6.3372503803815584e+02,  8.1380497742683147e-02,  2.9865601764100234e+01, -2.8588796611726756e-02,  9.2912366219248282e-02,  5.0095978801972463e-01,  3.2380640065962657e+03,  4.7619161790585508e+01, -1.4999793251887304e+04,  1.0024223049129768e+01,  2.6610181612587405e+00,  2.6137275536893338e+00,  2.9535654445882954e-03,  1.6910989874826754e-01, -1.8039805150380012e-01,  2.7433066213374246e-01, -1.0575567801108334e-03,  3.7090839402015935e-02,  2.4430748515170589e-01,  0.0000000000000000e+00,  5.0119606726940179e-03,  4.8170406488452888e-02,  9.6932509834336624e+00,  0.0000000000000000e+00
 5.1148851148851149e+00,  6.3372498667825585e+02,  8.1649727225241955e-02,  2.9865693567235912e+01, -2.8584561381938007e-02,  9.2923801029998948e-02,  5.0090246079708101e-01,  3.2443975611113415e+03,  4.7857317618051724e+01, -1.4999793120044462e+04,  1.0024174334996678e+01,  2.6610683751439903e+00,  2.6188233563025536e+00,  2.9432505393783459e-03,  1.6948284031493124e-01, -1.7747372261037564e-01,  2.7433066213374246e-01, -9.7845417224455425e-04,  3.7926218460185547e-02,  2.9727247629971931e-01,  0.0000000000000000e+00,  1.0824381422135237e-02,  1.1907248095710485e-01,  9.1034024439874528e-01,  0.0000000000000000e+00
 5.1248751248751248e+00,  6.3372493504524289e+02,  8.1923779164372310e-02,  2.9865785702328502e+01, -2.8577178677885510e-02,  9.2936879359371199e-02,  5.0085089733597588e-01,  3.2507310942270069e+03,  4.8096039435465578e+01, -1.4999792992491410e+04,  1.0024125658646359e+01,  2.6611187867770774e+00,  2.6239186400930143e+00,  2.9340159106773156e-03,  1.6986766535086864e-01, -1.7445854148782178e-01,  2.7433066213374246e-01, -8.4789521233440222e-04,  3.9295309259157175e-02,  2.9955457970103172e-01,  0.0000000000000000e+00,  1.5313522351877525e-02,  1.5501949699701928e-01, -4.5346314345599481e-01,  0.0000000000000000e+00
 5.1348651348651346e+00,  6.3372488310471545e+02,  8.2201724667432294e-02,  2.9865878178163911e+01, -2.8567213466814137e-02,  9.2950707193097434e-02,  5.0080681992061660e-01,  3.2570646058898733e+03,  4.8335327230126040e+01, -1.4999792869244422e+04,  1.0024077052119351e+01,  2.6611693977504101e+00,  2.6290134723371694e+00,  2.9263095760949415e-03,  1.7026796137905026e-01, -1.7148861612284261e-01,  2.7433066213374246e-01, -6.8176065171810711e-04,  4.0773951478641199e-02,  2.8654176694745565e-01,  0.0000000000000000e+00,  1.7946616683505133e-02,  1.4100467534368522e-01, -2.1517019698099662e+00,  0.0000000000000000e+00
 5.1448551448551445e+00,  6.3372483082094902e+02,  8.2482495982787035e-02,  2.9865970900188422e+01, -2.8555519685170148e-02,  9.2964400794007196e-02,  5.0077161785800428e-01,  3.2633980960464160e+03,  4.8575180987528853e+01, -1.4999792750321294e+04,  1.0024028541213132e+01,  2.6612201983784516e+00,  2.6341079350794496e+00,  2.9203943192343965e-03,  1.7068232971607625e-01, -1.6873343125910145e-01,  2.7433066213374246e-01, -5.0013134292429585e-04,  4.1936697495365390e-02,  2.6192606734204488e-01,  0.0000000000000000e+00,  1.8415570937010208e-02,  9.1777077204865928e-02, -2.7763610911907488e+00,  0.0000000000000000e+00
 5.1548451548451553e+00,  6.3372477816266780e+02,  8.2765023038851498e-02,  2.9866063711985944e+01, -2.8543168378988553e-02,  9.2977298930904326e-02,  5.0074582915459598e-01,  3.2697315646429815e+03,  4.8815600692216485e+01, -1.4999792635741158e+04,  1.0023980142227741e+01,  2.6612711698603291e+00,  2.6392021185933370e+00,  2.9163169418706795e-03,  1.7110585743290374e-01, -1.6625532806406032e-01,  2.7433066213374246e-01, -3.2395660761479141e-04,  4.2535332246129542e-02,  2.3465899297126969e-01,  0.0000000000000000e+00,  1.6854611071951426e-02,  2.8069599898113216e-02, -2.6825071978382655e+00,  0.0000000000000000e+00
 5.1648351648351651e+00,  6.3372472510502553e+02,  8.3048307785256903e-02,  2.9866156448926198e+01, -2.8531193237344616e-02,  9.2989078770213632e-02,  5.0072922539153963e-01,  3.2760650116257739e+03,  4.9056586328706338e+01, -1.4999792525523870e+04,  1.0023931860853718e+01,  2.6613222884158763e+00,  2.6442961139293297e+00,  2.9139216597415933e-03,  1.7153218650421073e-01, -1.6404493989104396e-01,  2.7433066213374246e-01, -1.7117011677689320e-04,  4.2516896738336848e-02,  2.1045561578398725e-01,  0.0000000000000000e+00,  1.3733244393797533e-02, -3.1760388558591819e-02, -2.1630089150575862e+00,  0.0000000000000000e+00
 5.1748251748251750e+00,  6.3372467163047531e+02,  8.3331490204906100e-02,  2.9866248972834352e+01, -2.8520444745937592e-02,  9.2999720435422498e-02,  5.0072091775565086e-01,  3.2823984369409350e+03,  4.9298137882299756e+01, -1.4999792419689466e+04,  1.0023883692988139e+01,  2.6613735295872787e+00,  2.6493900062344720e+00,  2.9128969595174949e-03,  1.7195534587922415e-01, -1.6205042065578890e-01,  2.7433066213374246e-01, -5.4231102027627655e-05,  4.1978266711468704e-02,  1.9224855777692265e-01,  0.0000000000000000e+00,  9.6779463590057034e-03, -7.6073342820411893e-02, -1.4820440979567857e+00,  0.0000000000000000e+00
 5.1848151848151849e+00,  6.3372461772841166e+02,  8.3613883363850908e-02,  2.9866341189805333e+01, -2.8511500511233700e-02,  9.3009414869830193e-02,  5.0071957570309977e-01,  3.2887318405345645e+03,  4.9540255339682545e+01, -1.4999792318257674e+04,  1.0023835626813169e+01,  2.6614248715877280e+00,  2.6544838696253743e+00,  2.9128381212395428e-03,  1.7237091311183247e-01, -1.6020380986553107e-01,  2.7433066213374246e-01,  1.9905046876816580e-05,  4.1106211200326058e-02,  1.6141382927888653e-01,  0.0000000000000000e+00,  5.1641106516642048e-03, -9.8512170510348149e-02, -4.6910685473501204e+00,  0.0000000000000000e+00
 5.1948051948051948e+00,  6.3372456339661676e+02,  8.3895059733903904e-02,  2.9866433061616096e+01, -2.8504912957602577e-02,  9.3018565094035818e-02,  5.0072318135970351e-01,  3.2950652223527741e+03,  4.9782938689430168e+01, -1.4999792221247513e+04,  1.0023787644723006e+01,  2.6614762978232904e+00,  2.6595777629586768e+00,  2.9132946627517969e-03,  1.7277664880030957e-01, -1.5882536912174525e-01,  2.7433066213374246e-01,  4.3535375975736332e-05,  4.0164352606769774e-02,  1.0974869784290768e-01,  0.0000000000000000e+00, -4.3331876606041592e-04, -9.0047919919622119e-02, -5.6522907661329640e+00,  0.0000000000000000e+00
 5.2047952047952046e+00,  6.3372450864437917e+02,  8.4175043334022717e-02,  2.9866524623493717e+01, -2.8501653378148060e-02,  9.3027831156148905e-02,  5.0072852079773977e-01,  3.3013985823416729e+03,  5.0026187923410205e+01, -1.4999792128676796e+04,  1.0023739719946953e+01,  2.6615278012093881e+00,  2.6646717192228606e+00,  2.9137079589213757e-03,  1.7317339767940029e-01, -1.5801102868984862e-01,  2.7433066213374246e-01,  7.8124680474220790e-06,  3.9430630527777705e-02,  8.2546860622044360e-02,  0.0000000000000000e+00, -6.7184074011881799e-03, -5.6843240294591833e-02,  2.0648295451606435e-01,  0.0000000000000000e+00
 5.2147852147852145e+00,  6.3372445347873133e+02,  8.4453988445340925e-02,  2.9866615946648636e+01, -2.8501904520878814e-02,  9.3037567873218222e-02,  5.0073371163147162e-01,  3.3077319204473770e+03,  5.0270003036911227e+01, -1.4999792040562474e+04,  1.0023691817522081e+01,  2.6615793842342539e+00,  2.6697657447261287e+00,  2.9134507560194776e-03,  1.7356447358607935e-01, -1.5717608119722890e-01,  2.7433066213374246e-01, -8.2950911507299595e-05,  3.9035805526618811e-02,  8.9029863638055082e-02,  0.0000000000000000e+00, -1.1452421185667309e-02, -2.2200724937419442e-02,  1.0914142492892978e+00,  0.0000000000000000e+00
 5.2247752247752244e+00,  6.3372439789982286e+02,  8.4731954585145208e-02,  2.9866707093602347e+01, -2.8505075859870381e-02,  9.3047804271546727e-02,  5.0073842836061289e-01,  3.3140652366160357e+03,  5.0514384026327029e+01, -1.4999791956920864e+04,  1.0023643905014445e+01,  2.6616310523574209e+00,  2.6748598366540639e+00,  2.9120505980520990e-03,  1.7395333385375830e-01, -1.5623221023554185e-01,  2.7433066213374246e-01, -2.1059624495069201e-04,  3.8949506925037791e-02,  1.0026159771594849e-01,  0.0000000000000000e+00, -1.4102174569700770e-02,  4.9237449012449266e-03,  1.1571789131057779e+00,  0.0000000000000000e+00
 5.2347652347652351e+00,  6.3372434190456954e+02,  8.5008952376253610e-02,  2.9866798110384075e+01, -2.8510443084005865e-02,  9.3058473565533734e-02,  5.0074283142191023e-01,  3.3203985307937874e+03,  5.0759330888082438e+01, -1.4999791877768272e+04,  1.0023595956643625e+01,  2.6616828108866479e+00,  2.6799539915091173e+00,  2.9092430388376455e-03,  1.7434268551265356e-01, -1.5517285247163545e-01,  2.7433066213374246e-01, -3.5521980004778349e-04,  3.9086257619933153e-02,  1.1118406029053275e-01,  0.0000000000000000e+00, -1.4851461160735996e-02,  2.2453744216806584e-02,  1.0294980943259198e+00,  0.0000000000000000e+00
 5.2447552447552450e+00,  6.3372428548698667e+02,  8.5284924165045184e-02,  2.9866889023701837e+01, -2.8517255707707013e-02,  9.3069454729872089e-02,  5.0074738099134575e-01,  3.3267318029267672e+03,  5.1004843618180708e+01, -1.4999791803121192e+04,  1.0023547954218593e+01,  2.6617346636773762e+00,  2.6850482088604686e+00,  2.9049532993498453e-03,  1.7473427806194880e-01, -1.5401075048947718e-01,  2.7433066213374246e-01, -4.9954581832735954e-04,  3.9348762081196857e-02,  1.2020622620824033e-01,  0.0000000000000000e+00, -1.4042607698830983e-02,  3.0099648927837327e-02,  7.7673952239807498e-01,  0.0000000000000000e+00
 5.2547452547452549e+00,  6.3372422863911561e+02,  8.5559743503176744e-02,  2.9866979839641555e+01, -2.8524815908664618e-02,  9.3080593839548337e-02,  5.0075265499130139e-01,  3.3330650529610830e+03,  5.1250922211968259e+01, -1.4999791732996251e+04,  1.0023499887081273e+01,  2.6617866124007863e+00,  2.6901424933365958e+00,  2.8992621034065295e-03,  1.7512887456522491e-01, -1.5277112967027204e-01,  2.7433066213374246e-01, -6.3015542307454716e-04,  3.9641443964871355e-02,  1.2642555294432642e-01,  0.0000000000000000e+00, -1.2105435171556286e-02,  2.8495264183797355e-02,  4.6836969016637847e-01,  0.0000000000000000e+00
 5.2647352647352648e+00,  6.3372417135235139e+02,  8.5833230987926140e-02,  2.9867070544089405e+01, -2.8532531823752223e-02,  9.3091721270364344e-02,  5.0075918637702521e-01,  3.3393982808428318e+03,  5.1497566664108199e+01, -1.4999791667410389e+04,  1.0023451751307460e+01,  2.6618386562493304e+00,  2.6952368549246604e+00,  2.8923627814062981e-03,  1.7552631490440376e-01, -1.5148476541566450e-01,  2.7433066213374246e-01, -7.3802119164031088e-04,  3.9879301788687198e-02,  1.2957731169321035e-01,  0.0000000000000000e+00, -9.4892916953098535e-03,  1.9123872144135794e-02,  1.6261241136018656e-01,  0.0000000000000000e+00
 5.2747252747252746e+00,  6.3372411361885963e+02,  8.6105181362829131e-02,  2.9867161106113056e+01, -2.8539945694040839e-02,  9.3102675376257146e-02,  5.0076733693383668e-01,  3.3457314865180447e+03,  5.1744776968723521e+01, -1.4999791606380906e+04,  1.0023403548435009e+01,  2.6618907920558716e+00,  2.7003313078614313e+00,  2.8845164252518781e-03,  1.7592566381175212e-01, -1.5018217239368445e-01,  2.7433066213374246e-01, -8.1843107035729724e-04,  3.9997464796121256e-02,  1.2989369634172665e-01,  0.0000000000000000e+00, -6.6087660238310086e-03,  4.5323619441631335e-03, -9.9272204727218663e-02,  0.0000000000000000e+00
 5.2847152847152845e+00,  6.3372405543279694e+02,  8.6375395909184915e-02,  2.9867251485010929e+01, -2.8546740433630608e-02,  9.3113333301872228e-02,  5.0077721921731688e-01,  3.3520646699327549e+03,  5.1992553119659746e+01, -1.4999791549925219e+04,  1.0023355283975665e+01,  2.6619430148407752e+00,  2.7054258685486889e+00,  2.8760105122682903e-03,  1.7632546505018040e-01, -1.4888948676747818e-01,  2.7433066213374246e-01, -8.7045408689956296e-04,  3.9961593078491349e-02,  1.2793178160179333e-01,  0.0000000000000000e+00, -3.8062418879306992e-03, -1.1713879813670624e-02, -2.9350312620743768e-01,  0.0000000000000000e+00
 5.2947052947052944e+00,  6.3372399679104080e+02,  8.6643713603784880e-02,  2.9867341640145153e+01, -2.8552729961908649e-02,  9.3123640005712244e-02,  5.0078867398891391e-01,  3.3583978310329426e+03,  5.2240895110798888e+01, -1.4999791498060993e+04,  1.0023306965924681e+01,  2.6619953187428318e+00,  2.7105205530141623e+00,  2.8671247352039350e-03,  1.7672409723989380e-01, -1.4762609284120110e-01,  2.7433066213374246e-01, -8.9611643470117086e-04,  3.9775117564964962e-02,  1.2441186730119168e-01,  0.0000000000000000e+00, -1.3313601419512626e-03, -2.5618517994312549e-02, -4.1118371677302279e-01,  0.0000000000000000e+00
 5.3046953046953043e+00,  6.3372393769326436e+02,  8.6910034855217547e-02,  2.9867431541055687e+01, -2.8557839078192798e-02,  9.3133622768942576e-02,  5.0080130363033404e-01,  3.3647309697645692e+03,  5.2489802936362310e+01, -1.4999791450805584e+04,  1.0023258603428223e+01,  2.6620476981700909e+00,  2.7156153744636304e+00,  2.8581060879985369e-03,  1.7712017269383604e-01, -1.4640373517304880e-01,  2.7433066213374246e-01, -8.9944781061191694e-04,  3.9478412447731086e-02,  1.2008776313006497e-01,  0.0000000000000000e+00,  6.6441868461180904e-04, -3.3781846475556751e-02, -4.5450193828544450e-01,  0.0000000000000000e+00
 5.3146853146853150e+00,  6.3372387814140075e+02,  8.7174333311567112e-02,  2.9867521174656083e+01, -2.8562078081621731e-02,  9.3143382110195530e-02,  5.0081455190410362e-01,  3.3710640860736089e+03,  5.2739276591140083e+01, -1.4999791408176379e+04,  1.0023210205709269e+01,  2.6621001488984306e+00,  2.7207103414092337e+00,  2.8491537499769231e-03,  1.7751287670937896e-01, -1.4522673693450641e-01,  2.7433066213374246e-01, -8.8553482899447528e-04,  3.9137513675083585e-02,  1.1565451289946171e-01,  0.0000000000000000e+00,  2.1209602351999249e-03, -3.4466087808469520e-02, -4.3303475788129786e-01,  0.0000000000000000e+00
 5.3246753246753249e+00,  6.3372381813862535e+02,  8.7436654166307901e-02,  2.9867610546983162e+01, -2.8565516199731130e-02,  9.3153059053591558e-02,  5.0082780979134556e-01,  3.3773971799059864e+03,  5.2989316070609931e+01, -1.4999791370190342e+04,  1.0023161781299446e+01,  2.6621526688193597e+00,  2.7258054567028371e+00,  2.8404130844222231e-03,  1.7790214099903254e-01, -1.4409295569453801e-01,  2.7433066213374246e-01, -8.5968781964486851e-04,  3.8824417657783841e-02,  1.1168928377609759e-01,  0.0000000000000000e+00,  3.0536110365990952e-03, -2.8215734855285699e-02, -3.6080411261719986e-01,  0.0000000000000000e+00
 5.3346653346653348e+00,  6.3372375768827862e+02,  8.7697100865306243e-02,  2.9867699678803461e+01, -2.8568256636606500e-02,  9.3162788674400449e-02,  5.0084052033840265e-01,  3.3837302512076726e+03,  5.3239921370931839e+01, -1.4999791336864108e+04,  1.0023113337578357e+01,  2.6622052581239593e+00,  2.7309007175719131e+00,  2.8319771701638390e-03,  1.7828858934989411e-01, -1.4299518281310589e-01,  2.7433066213374246e-01, -8.2679321242032919e-04,  3.8595008929104779e-02,  1.0861738438133625e-01,  0.0000000000000000e+00,  3.5318893297537589e-03, -1.7711892626263565e-02, -2.5419014621402619e-01,  0.0000000000000000e+00
 5.3446553446553446e+00,  6.3372369679305518e+02,  8.7955815063933671e-02,  2.9867788596605575e+01, -2.8570415002101099e-02,  9.3172656095893008e-02,  5.0085225600901906e-01,  3.3900632999245927e+03,  5.3491092488838540e+01, -1.4999791308214071e+04,  1.0023064880587631e+01,  2.6622579188844413e+00,  2.7359961165043947e+00,  2.8238937395187202e-03,  1.7867327004856509e-01, -1.4192277818442142e-01,  2.7433066213374246e-01, -7.9088833777038697e-04,  3.8472280473385009e-02,  1.0669602806773837e-01,  0.0000000000000000e+00,  3.6562665751647626e-03, -6.8583442088338458e-03, -1.3046538776827388e-01,  0.0000000000000000e+00
 5.3546453546453545e+00,  6.3372363545471410e+02,  8.8212956119459340e-02,  2.9867877322202652e+01, -2.8572102158513243e-02,  9.3182670751902757e-02,  5.0086275072979947e-01,  3.3963963260026744e+03,  5.3742829421464592e+01, -1.4999791284256427e+04,  1.0023016415063184e+01,  2.6623106541932740e+00,  2.7410916426286951e+00,  2.8161752053732221e-03,  1.7905726628242927e-01, -1.4086339404052373e-01,  2.7433066213374246e-01, -7.5496118118229081e-04,  3.8440897712783459e-02,  1.0601144760177671e-01,  0.0000000000000000e+00,  3.5363501737721782e-03,  5.7551553640302570e-04, -6.5876215172546420e-03,  0.0000000000000000e+00
 5.3646353646353644e+00,  6.3372357367433790e+02,  8.8468685863820867e-02,  2.9867965864621901e+01, -2.8573412065524158e-02,  9.3192767850924924e-02,  5.0087188306137420e-01,  3.4027293293878106e+03,  5.3995132166168091e+01, -1.4999791265007321e+04,  1.0022967944616742e+01,  2.6623634671638001e+00,  2.7461872831463667e+00,  2.8088096000345587e-03,  1.7944131995291640e-01, -1.3980466734322711e-01,  2.7433066213374246e-01, -7.2094759286200460e-04,  3.8454957844008042e-02,  1.0648825742885924e-01,  0.0000000000000000e+00,  3.2731702079491828e-03,  2.2393227347580107e-03,  1.0204494889917974e-01,  0.0000000000000000e+00
 5.3746253746253743e+00,  6.3372351145299069e+02,  8.8723162134845837e-02,  2.9868054216980031e+01, -2.8574414864172681e-02,  9.3202835490837910e-02,  5.0087962180194900e-01,  3.4090623100258881e+03,  5.4248000720394330e+01, -1.4999791250483009e+04,  1.0022919471996314e+01,  2.6624163601291246e+00,  2.7512830244205944e+00,  2.8017706580632921e-03,  1.7982559710848336e-01, -1.3873575652945763e-01,  2.7433066213374246e-01, -6.8987630187141563e-04,  3.8455782931207730e-02,  1.0791193525487675e-01,  0.0000000000000000e+00,  2.9473022483604157e-03, -2.0741402770380183e-03,  1.8297535187047259e-01,  0.0000000000000000e+00
 5.3846153846153850e+00,  6.3372344879248169e+02,  8.8976541417375127e-02,  2.9868142359065903e+01, -2.8575155062141019e-02,  9.3212756167332239e-02,  5.0088595558417726e-01,  3.4153952678627516e+03,  5.4501435081609323e+01, -1.4999791240699798e+04,  1.0022870999361547e+01,  2.6624693342858339e+00,  2.7563788524817805e+00,  2.7950258577394251e-03,  1.8020966726422927e-01, -1.3764858472075198e-01,  2.7433066213374246e-01, -6.6210074008576935e-04,  3.8392855156204810e-02,  1.0827113505039591e-01,  0.0000000000000000e+00,  2.6133652211257821e-03, -1.0524000278546353e-02, -1.1106355280753637e-01,  0.0000000000000000e+00
 5.3946053946053949e+00,  6.3372338569597264e+02,  8.9228988098188522e-02,  2.9868230264177402e+01, -2.8575654194441486e-02,  9.3222446436628303e-02,  5.0089083023115055e-01,  3.4217282028442110e+03,  5.4755435247309563e+01, -1.4999791235674118e+04,  1.0022822528524536e+01,  2.6625223898537791e+00,  2.7614747529212340e+00,  2.7885418720475920e-03,  1.8059268712159438e-01, -1.3657249708789121e-01,  2.7433066213374246e-01, -6.3938535492312693e-04,  3.8257227906546440e-02,  8.0161373219985621e-02,  0.0000000000000000e+00,  1.9342548884409346e-03, -1.6628575103400402e-02, -5.5165107656416250e+00,  0.0000000000000000e+00
 5.4045954045954048e+00,  6.3372332217274209e+02,  8.9480846311593323e-02,  2.9868317923934445e+01, -2.8576423470524859e-02,  9.3232092311446441e-02,  5.0089314260129236e-01,  3.4280611149160777e+03,  5.5010001215477196e+01, -1.4999791235422252e+04,  1.0022774059395923e+01,  2.6625755277503367e+00,  2.7665707074221983e+00,  2.7822509255731290e-03,  1.8097404744218223e-01, -1.3604695888219084e-01,  2.7433066213374246e-01, -6.3111731162527663e-04,  3.8197527461962311e-02,  6.5050700600687850e-02,  0.0000000000000000e+00, -2.7899262021127469e-04,  4.6765460976577232e-03,  2.4913541072581764e+00,  0.0000000000000000e+00
 5.4145854145854146e+00,  6.3372325823529866e+02,  8.9732600056944417e-02,  2.9868405467140544e+01, -2.8578112150767079e-02,  9.3242595672782203e-02,  5.0089201217295032e-01,  3.4343940040241196e+03,  5.5265132985957621e+01, -1.4999791239959737e+04,  1.0022725583371919e+01,  2.6626287564352129e+00,  2.7716666837462478e+00,  2.7759321355515826e-03,  1.8135587448347174e-01, -1.3527278279017518e-01,  2.7433066213374246e-01, -6.4166017059632337e-04,  3.8542412052920721e-02,  9.6768351862296209e-02,  0.0000000000000000e+00, -1.8316877457923097e-03,  6.4369349012218011e-02,  3.8585196753158915e+00,  0.0000000000000000e+00
 5.4245754245754245e+00,  6.3372319387631012e+02,  8.9984243595939525e-02,  2.9868493113885165e+01, -2.8580175252448738e-02,  9.3254551862650095e-02,  5.0088962327233999e-01,  3.4407268701142275e+03,  5.5520830557414065e+01, -1.4999791249301281e+04,  1.0022677092653348e+01,  2.6626820917945229e+00,  2.7767626597361801e+00,  2.7694305425442316e-03,  1.8174412560507774e-01, -1.3411352527854858e-01,  2.7433066213374246e-01, -6.6024231995856475e-04,  3.9438610939945266e-02,  1.1689812790679818e-01,  0.0000000000000000e+00, -1.8884585565284674e-03,  1.1504966817009672e-01,  1.7146148879345030e-01,  0.0000000000000000e+00
 5.4345654345654344e+00,  6.3372312907798971e+02,  9.0235604618537482e-02,  2.9868580948698014e+01, -2.8582369509548934e-02,  9.3267514547809835e-02,  5.0088766370371030e-01,  3.4470597131323138e+03,  5.5777093925917988e+01, -1.4999791263461715e+04,  1.0022628585050681e+01,  2.6627355470864971e+00,  2.7818586340110523e+00,  2.7627404808071559e-03,  1.8214385871803607e-01, -1.3293715585897045e-01,  2.7433066213374246e-01, -6.7726384099695133e-04,  4.0625881692340243e-02,  1.1776650232087044e-01,  0.0000000000000000e+00, -1.5192499553565606e-03,  1.2264193645938096e-01,  2.3870689038178526e-03,  0.0000000000000000e+00
 5.4445554445554443e+00,  6.3372306382038391e+02,  9.0486374865606137e-02,  2.9868668924855211e+01, -2.8584652227481317e-02,  9.3280659198070132e-02,  5.0088760356222117e-01,  3.4533925330242396e+03,  5.6033923085852607e+01, -1.4999791282457127e+04,  1.0022580060087774e+01,  2.6627891264140531e+00,  2.7869546189489980e+00,  2.7558987974693676e-03,  1.8255583153299662e-01, -1.3176054820920055e-01,  2.7433066213374246e-01, -6.8955756919282551e-04,  4.1689909410725319e-02,  1.1746907425432060e-01,  0.0000000000000000e+00, -9.4195442945748525e-04,  9.0376412761314223e-02, -6.1932167827098358e-02,  0.0000000000000000e+00
 5.4545454545454541e+00,  6.3372299808558273e+02,  9.0736117287056745e-02,  2.9868756918794663e+01, -2.8586994234244906e-02,  9.3293242820598615e-02,  5.0089070340426889e-01,  3.4597253297357370e+03,  5.6291318030057155e+01, -1.4999791306304993e+04,  1.0022531518249975e+01,  2.6628428238404829e+00,  2.7920506395980818e+00,  2.7489631067973094e-03,  1.8297682394102757e-01, -1.3059012140833470e-01,  2.7433066213374246e-01, -6.9562758352962489e-04,  4.2314057790038787e-02,  1.1662555625092075e-01,  0.0000000000000000e+00, -2.7326244077592360e-04,  3.4578092777616323e-02, -1.0694013645250607e-01,  0.0000000000000000e+00
 5.4645354645354649e+00,  6.3372293186108004e+02,  9.0984358632140022e-02,  2.9868844777561833e+01, -2.8589368105304169e-02,  9.3304797721976585e-02,  5.0089763099574836e-01,  3.4660581032124496e+03,  5.6549278750294768e+01, -1.4999791335023556e+04,  1.0022482960723305e+01,  2.6628966258527971e+00,  2.7971467298251480e+00,  2.7420001444517922e-03,  1.8340126725307734e-01, -1.2943036726512613e-01,  2.7433066213374246e-01, -6.9515722134018496e-04,  4.2363478794928730e-02,  1.1545265378800292e-01,  0.0000000000000000e+00,  3.6742895110178624e-04, -2.4684007598649728e-02, -1.2787493662363580e-01,  0.0000000000000000e+00
 5.4745254745254748e+00,  6.3372286514119844e+02,  9.1230682659088042e-02,  2.9868932366641751e+01, -2.8591741636636119e-02,  9.3315216988214503e-02,  5.0090831640430800e-01,  3.4723908533999906e+03,  5.6807805238015369e+01, -1.4999791368631724e+04,  1.0022434389109648e+01,  2.6629505156287991e+00,  2.8022429260285846e+00,  2.7350738516256769e-03,  1.8382324709377343e-01, -1.2828337507890400e-01,  2.7433066213374246e-01, -6.8889217870723497e-04,  4.1891716691454604e-02,  1.1419045987021144e-01,  0.0000000000000000e+00,  8.8683258402098093e-04, -6.9762765517245862e-02, -1.2481628571923639e-01,  0.0000000000000000e+00
 5.4845154845154847e+00,  6.3372279792645827e+02,  9.1474796888358342e-02,  2.9869019604835518e+01, -2.8594076785898349e-02,  9.3324725696271940e-02,  5.0092204532411944e-01,  3.4787235802439304e+03,  5.7066897485136977e+01, -1.4999791407147954e+04,  1.0022385805171176e+01,  2.6630044776092228e+00,  2.8073392606687428e+00,  2.7282360649571423e-03,  1.8423826458956993e-01, -1.2714883959539167e-01,  2.7433066213374246e-01, -6.7828801613620444e-04,  4.1093919486011155e-02,  1.1305723213456070e-01,  0.0000000000000000e+00,  1.2361207626993536e-03, -8.9956235012535676e-02, -1.0205590695804331e-01,  0.0000000000000000e+00
 5.4945054945054945e+00,  6.3372273022136017e+02,  9.1716557915659136e-02,  2.9869106478397409e+01, -2.8596332808026696e-02,  9.3333763118962035e-02,  5.0093772380425061e-01,  3.4850562836898735e+03,  5.7326555484620677e+01, -1.4999791450590232e+04,  1.0022337210646578e+01,  2.6630585010350885e+00,  2.8124357575284105e+00,  2.7215216435110675e-03,  1.8464430442616125e-01, -1.2602448932196975e-01,  2.7433066213374246e-01, -6.6504447081996488e-04,  4.0227829973201637e-02,  1.1221422134288234e-01,  0.0000000000000000e+00,  1.4152370096118289e-03, -8.3434885451930979e-02, -6.6714853535968552e-02,  0.0000000000000000e+00
 5.5044955044955044e+00,  6.3372266203141726e+02,  9.1955954730575690e-02,  2.9869193033505923e+01, -2.8598471373007316e-02,  9.3342821673979878e-02,  5.0095420949144376e-01,  3.4913889636834697e+03,  5.7586779230702163e+01, -1.4999791498975521e+04,  1.0022288607160734e+01,  2.6631125816049743e+00,  2.8175324297939808e+00,  2.7149484631425577e-03,  1.8504201743618734e-01, -1.2490679721091852e-01,  2.7433066213374246e-01, -6.5066401515031125e-04,  3.9529254724628843e-02,  1.1174614049418394e-01,  0.0000000000000000e+00,  1.4637302154528685e-03, -5.6419879312343720e-02, -2.6994932373313341e-02,  0.0000000000000000e+00
 5.5144855144855143e+00,  6.3372259336049785e+02,  9.2193061831163936e-02,  2.9869279352352709e+01, -2.8600461346388075e-02,  9.3352294119920159e-02,  5.0097060203780508e-01,  3.4977216201703909e+03,  5.7847568718771527e+01, -1.4999791552319963e+04,  1.0022239996223970e+01,  2.6631667210629431e+00,  2.8226292810454550e+00,  2.7085213634880844e-03,  1.8543409972535463e-01, -1.2379179920220586e-01,  2.7433066213374246e-01, -6.3614761265106637e-04,  3.9146510304175909e-02,  1.1165884020541643e-01,  0.0000000000000000e+00,  1.4424535648959978e-03, -2.0205553662334837e-02,  9.5174145621968100e-03,  0.0000000000000000e+00
 5.5244755244755241e+00,  6.3372252420920222e+02,  9.2427980944160451e-02,  2.9869365522112759e+01, -2.8602281518981573e-02,  9.3362371686153023e-02,  5.0098641396955479e-01,  3.5040542530963230e+03,  5.8108923944996192e+01, -1.4999791610639149e+04,  1.0022191379295840e+01,  2.6632209251472236e+00,  2.8277263083755950e+00,  2.7022382211315476e-03,  1.8582416549421282e-01, -1.2267585135266847e-01,  2.7433066213374246e-01, -6.2208587470331117e-04,  3.9109524617842402e-02,  1.0482571959090496e-01,  0.0000000000000000e+00,  1.3727063722446245e-03,  1.2801019258366806e-02, -1.3775081615874070e+00,  0.0000000000000000e+00
 5.5344655344655340e+00,  6.3372245457530096e+02,  9.2660812600625128e-02,  2.9869451604278208e+01, -2.8603985367949187e-02,  9.3373011650219995e-02,  5.0100144952750603e-01,  3.5103868624069464e+03,  5.8370844905886557e+01, -1.4999791673948566e+04,  1.0022142757696148e+01,  2.6632752007852409e+00,  2.8328235060030358e+00,  2.6960920752822242e-03,  1.8621550880862819e-01, -1.2169737923035963e-01,  2.7433066213374246e-01, -6.1134992581194628e-04,  3.9336201065543135e-02,  7.7078436506099940e-02,  0.0000000000000000e+00,  7.7663059580114718e-04,  3.2579605571666718e-02, -4.1774979119895654e+00,  0.0000000000000000e+00
 5.5444555444555448e+00,  6.3372238445912080e+02,  9.2891783842150799e-02,  2.9869537604518879e+01, -2.8606053635993497e-02,  9.3383976213635297e-02,  5.0101490848674024e-01,  3.5167194480478870e+03,  5.8633331598539563e+01, -1.4999791742263717e+04,  1.0022094130097349e+01,  2.6633295540939392e+00,  2.8379208636803672e+00,  2.6900234373990408e-03,  1.8661010357744048e-01, -1.2113582265124784e-01,  2.7433066213374246e-01, -6.1236090246020341e-04,  3.9674370085197121e-02,  3.9091250063390127e-02,  0.0000000000000000e+00, -9.7902812078223345e-04,  3.5121832163059065e-02, -3.4275368138406890e+00,  0.0000000000000000e+00
 5.5544455544455547e+00,  6.3372231386521969e+02,  9.3121251136750627e-02,  2.9869623482032004e+01, -2.8609072876515106e-02,  9.3394955887359909e-02,  5.0102581573563643e-01,  3.5230520099646601e+03,  5.8896384021409297e+01, -1.4999791815600551e+04,  1.0022045488771127e+01,  2.6633839898805229e+00,  2.8430183609693160e+00,  2.6838570922160859e-03,  1.8700820351562517e-01, -1.2091633527304911e-01,  2.7433066213374246e-01, -6.3417997412633820e-04,  3.9961988124297319e-02,  1.4496455523693807e-02,  0.0000000000000000e+00, -3.3891500267724580e-03,  2.2459299264445523e-02, -1.4963410530066144e+00,  0.0000000000000000e+00
 5.5644355644355645e+00,  6.3372224280076910e+02,  9.3349605206135958e-02,  2.9869709170205319e+01, -2.8613338170169877e-02,  9.3405658016796553e-02,  5.0103358234253403e-01,  3.5293845481026897e+03,  5.9160002174060871e+01, -1.4999791893975304e+04,  1.0021996821039361e+01,  2.6634385111110852e+00,  2.8481159691244962e+00,  2.6773525088450681e-03,  1.8740854489860526e-01, -1.2084618318024497e-01,  2.7433066213374246e-01, -6.7889688907266685e-04,  4.0077481350190416e-02,  7.0389657894454555e-03,  0.0000000000000000e+00, -5.5631763454826412e-03,  6.6244455935278348e-04,  3.3516082100770077e-03,  0.0000000000000000e+00
 5.5744255744255744e+00,  6.3372217127435488e+02,  9.3577203511461177e-02,  2.9869794602071405e+01, -2.8618723475699676e-02,  9.3415908918031143e-02,  5.0103813259542818e-01,  3.5357170624073010e+03,  5.9424186056525024e+01, -1.4999791977404484e+04,  1.0021948113242690e+01,  2.6634931188670721e+00,  2.8532136558648129e+00,  2.6702927188080408e-03,  1.8780895239375084e-01, -1.2077569659593732e-01,  2.7433066213374246e-01, -7.4131226212519941e-04,  3.9972257036448335e-02,  7.1426104936755681e-03,  0.0000000000000000e+00, -6.9323813396345224e-03, -2.1728352170517516e-02,  1.7398061576791832e-02,  0.0000000000000000e+00
 5.5844155844155843e+00,  6.3372209929704741e+02,  9.3804417592297698e-02,  2.9869879723578098e+01, -2.8624948219716787e-02,  9.3425683442612623e-02,  5.0103932460654232e-01,  3.5420495528238580e+03,  5.9688935668906495e+01, -1.4999792065904787e+04,  1.0021899353959670e+01,  2.6635478133621810e+00,  2.8583113881701769e+00,  2.6625410750363730e-03,  1.8820719139283998e-01, -1.2070347367987183e-01,  2.7433066213374246e-01, -8.1364765902112210e-04,  3.9672647373730496e-02,  7.2301506817156790e-03,  0.0000000000000000e+00, -7.5491651189293699e-03, -3.8253502305593982e-02,  1.2748406883853790e-04,  0.0000000000000000e+00
 5.5944055944055942e+00,  6.3372202688268396e+02,  9.4031678236186605e-02,  2.9869964501182494e+01, -2.8631700091851609e-02,  9.3435069730837303e-02,  5.0103678023541243e-01,  3.5483820192976559e+03,  5.9954251011595872e+01, -1.4999792159492677e+04,  1.0021850534629312e+01,  2.6636025955656448e+00,  2.8634091304512190e+00,  2.6540360223241024e-03,  1.8860161268093825e-01, -1.2063123804085808e-01,  2.7433066213374246e-01, -8.8906509665737088e-04,  3.9252327024210450e-02,  7.1603928691118153e-03,  0.0000000000000000e+00, -7.5494058958478190e-03, -4.5894631668321313e-02, -1.4092998152132200e-02,  0.0000000000000000e+00
 5.6043956043956040e+00,  6.3372195404712704e+02,  9.4259486352852903e-02,  2.9870048923743365e+01, -2.8638662465285989e-02,  9.3444212153028117e-02,  5.0102997329878074e-01,  3.5547144617740310e+03,  6.0220132085484636e+01, -1.4999792258184299e+04,  1.0021801649641048e+01,  2.6636574683475334e+00,  2.8685068427487614e+00,  2.6447775366416205e-03,  1.8899145367104597e-01, -1.2056040888728219e-01,  2.7433066213374246e-01, -9.6211152614822609e-04,  3.8797842438881611e-02,  6.9721105239518568e-03,  0.0000000000000000e+00, -7.0744892882294965e-03, -4.5093182314163344e-02, -2.3601127348827852e-02,  0.0000000000000000e+00
 5.6143856143856148e+00,  6.3372188080743445e+02,  9.4488410379586399e-02,  2.9870132997121981e+01, -2.8645536737581377e-02,  9.3453250964343051e-02,  5.0101833609411972e-01,  3.5610468801983193e+03,  6.0486578892068188e+01, -1.4999792361995454e+04,  1.0021752696218215e+01,  2.6637124368739080e+00,  2.8736044798372475e+00,  2.6348130148086527e-03,  1.8937679434804880e-01, -1.2049193513328661e-01,  2.7433066213374246e-01, -1.0287175723223988e-03,  3.8378937550308884e-02,  6.7149998936544674e-03,  0.0000000000000000e+00, -6.2600411558394508e-03, -3.8771576378093871e-02, -2.7872420836707761e-02,  0.0000000000000000e+00
 5.6243756243756247e+00,  6.3372180718121501e+02,  9.4719074780099125e-02,  2.9870216734894832e+01, -2.8652058549949556e-02,  9.3462277746726566e-02,  5.0100134772778526e-01,  3.5673792745158503e+03,  6.0753591433440093e+01, -1.4999792470941698e+04,  1.0021703674152432e+01,  2.6637675083217851e+00,  2.8787019912346246e+00,  2.6242237389928207e-03,  1.8975826561011311e-01, -1.2042624305524113e-01,  2.7433066213374246e-01, -1.0860911464478282e-03,  3.8031397892731640e-02,  8.7034830725632676e-03,  0.0000000000000000e+00, -5.2261483840619393e-03, -3.0805863069209356e-02,  4.2596675325419686e-01,  0.0000000000000000e+00
 5.6343656343656345e+00,  6.3372173318628074e+02,  9.4952141670788567e-02,  2.9870300150170543e+01, -2.8657996667340663e-02,  9.3471323094224817e-02,  5.0097861106633013e-01,  3.5737116446719706e+03,  6.1021169712204639e+01, -1.4999792585038242e+04,  1.0021654585455650e+01,  2.6638226911729821e+00,  2.8837993218872033e+00,  2.6131128920025026e-03,  1.9013666243781366e-01, -1.2031803936760103e-01,  2.7433066213374246e-01, -1.1314954486274550e-03,  3.7769874779735549e-02,  2.4527781043714000e-02,  0.0000000000000000e+00, -3.8637929122994196e-03, -2.1551064152609056e-02,  2.7420577005702169e+00,  0.0000000000000000e+00
 5.6443556443556444e+00,  6.3372165883839432e+02,  9.5188202144171327e-02,  2.9870383279180452e+01, -2.8662960977303108e-02,  9.3480504110656990e-02,  5.0095041305657961e-01,  3.5800439906120523e+03,  6.1289313731040693e+01, -1.4999792704300118e+04,  1.0021605434961009e+01,  2.6638779946499107e+00,  2.8888964155975927e+00,  2.6016164373219427e-03,  1.9051290846285507e-01, -1.1993617749992218e-01,  2.7433066213374246e-01, -1.1596563378059727e-03,  3.7634697727608100e-02,  5.2418843330347818e-02,  0.0000000000000000e+00, -1.7740171012398855e-03, -5.5113816833056327e-03,  2.8417329692139384e+00,  0.0000000000000000e+00
 5.6543456543456543e+00,  6.3372158414843454e+02,  9.5427694608719860e-02,  2.9870466191228683e+01, -2.8666479469327700e-02,  9.3490011414642596e-02,  5.0091768267517045e-01,  3.5863763122815230e+03,  6.1558023491673801e+01, -1.4999792828742164e+04,  1.0021556232472676e+01,  2.6639334286960858e+00,  2.8939932231503751e+00,  2.5899429352031827e-03,  1.9088860445035327e-01, -1.1927070983053116e-01,  2.7433066213374246e-01, -1.1642625473336867e-03,  3.7677644862209710e-02,  7.8447915149303299e-02,  0.0000000000000000e+00,  8.5185395379150711e-04,  1.4109398030546873e-02,  2.3692872089410089e+00,  0.0000000000000000e+00
 5.6643356643356642e+00,  6.3372150912237055e+02,  9.5670932086344182e-02,  2.9870548953420055e+01, -2.8668226098203162e-02,  9.3499913141636706e-02,  5.0088148564914925e-01,  3.5927086096258727e+03,  6.1827298994482675e+01, -1.4999792958379021e+04,  1.0021506992318885e+01,  2.6639890030907325e+00,  2.8990897055112566e+00,  2.5783544483642270e-03,  1.9126570856000211e-01, -1.1836878658784820e-01,  2.7433066213374246e-01, -1.1419821531779898e-03,  3.7891475051276949e-02,  9.8140370123884296e-02,  0.0000000000000000e+00,  3.6086809561790951e-03,  2.8699405820715691e-02,  1.5731422769701531e+00,  0.0000000000000000e+00
 5.6743256743256740e+00,  6.3372143376216172e+02,  9.5918113398234001e-02,  2.9870631602194504e+01, -2.8668063289388181e-02,  9.3510081333945796e-02,  5.0084286926681232e-01,  3.5990408825906225e+03,  6.2097140238463062e+01, -1.4999793093225557e+04,  1.0021457731682398e+01,  2.6640447257258644e+00,  2.9041858342175191e+00,  2.5671261089658605e-03,  1.9164567687895021e-01, -1.1730986327460942e-01,  2.7433066213374246e-01, -1.0936275785758526e-03,  3.8182858437938789e-02,  1.0873242702070716e-01,  0.0000000000000000e+00,  6.0719048791688761e-03,  2.9635548188985054e-02,  5.4738751377380856e-01,  0.0000000000000000e+00
 5.6843156843156839e+00,  6.3372135806842778e+02,  9.6169365871993429e-02,  2.9870714122316542e+01, -2.8666064033934041e-02,  9.3520201760870655e-02,  5.0080262642959295e-01,  3.6053731311213046e+03,  6.2367547221437071e+01, -1.4999793233296879e+04,  1.0021408468509559e+01,  2.6641006008407211e+00,  2.9092815897666093e+00,  2.5565037474935808e-03,  1.9202860283448639e-01, -1.1619631052349844e-01,  2.7433066213374246e-01, -1.0241222416015078e-03,  3.8394491339354048e-02,  1.0987677075017743e-01,  0.0000000000000000e+00,  7.8430635830852979e-03,  1.2733358674690392e-02, -3.1828989913285000e-01,  0.0000000000000000e+00
 5.6943056943056947e+00,  6.3372128204408932e+02,  9.6424815352912294e-02,  2.9870796444702137e+01, -2.8662503499254720e-02,  9.3529876976666010e-02,  5.0076105574486307e-01,  3.6117053551634226e+03,  6.2638519940550189e+01, -1.4999793378608621e+04,  1.0021359219236246e+01,  2.6641566281997173e+00,  2.9143769576811893e+00,  2.5466641261166789e-03,  1.9241279958303323e-01, -1.1511452319968073e-01,  2.7433066213374246e-01, -9.4119485792966331e-04,  3.8402824005782606e-02,  1.3456176250274590e-01,  0.0000000000000000e+00,  8.7589986280174198e-03, -1.1065158855692644e-02,  5.2602252479968934e+00,  0.0000000000000000e+00
 5.7042957042957045e+00,  6.3372120569565891e+02,  9.6684509749890471e-02,  2.9870878558259776e+01, -2.8657653352097308e-02,  9.3539333275521053e-02,  5.0071885069242350e-01,  3.6180375546624687e+03,  6.2910058392617955e+01, -1.4999793529176826e+04,  1.0021309997262449e+01,  2.6642128049678209e+00,  2.9194719257911910e+00,  2.5376986554270535e-03,  1.9279589202541114e-01, -1.1350776382014678e-01,  2.7433066213374246e-01, -8.4982321150764569e-04,  3.8415280338275799e-02,  1.7048589543003537e-01,  0.0000000000000000e+00,  9.5336049856783091e-03,  1.3558916620489879e-02,  1.9317861640448748e+00,  0.0000000000000000e+00
 5.7142857142857144e+00,  6.3372112901965806e+02,  9.6948139408357198e-02,  2.9870960678934217e+01, -2.8651674699681173e-02,  9.3549775089938059e-02,  5.0067814007232614e-01,  3.6243697295641377e+03,  6.3182162572239889e+01, -1.4999793685016417e+04,  1.0021260815264753e+01,  2.6642691348263829e+00,  2.9245664997695799e+00,  2.5296846413712716e-03,  1.9318033765173004e-01, -1.1170821160267706e-01,  2.7433066213374246e-01, -7.5387938014200863e-04,  3.8790996694009448e-02,  1.6928283309631392e-01,  0.0000000000000000e+00,  9.6743500537224553e-03,  6.1659497797386741e-02, -2.1726392432559125e+00,  0.0000000000000000e+00
 5.7242757242757243e+00,  6.3372105200203146e+02,  9.7215474844756011e-02,  2.9871042909104670e+01, -2.8645174222977795e-02,  9.3561174540122791e-02,  5.0063927028705424e-01,  3.6307018798142294e+03,  6.3454832472402622e+01, -1.4999793846141803e+04,  1.0021211682616126e+01,  2.6643256253789191e+00,  2.9296606984943292e+00,  2.5226361303492912e-03,  1.9357093691440233e-01, -1.1012548943260808e-01,  2.7433066213374246e-01, -6.6255660056257484e-04,  3.9536429526289454e-02,  1.4882460672118222e-01,  0.0000000000000000e+00,  8.6084704180803950e-03,  8.7576155225072561e-02, -1.9230976770454999e+00,  0.0000000000000000e+00
 5.7342657342657342e+00,  6.3372097462448369e+02,  9.7486239480129577e-02,  2.9871125266152298e+01, -2.8638815559354987e-02,  9.3573135531120247e-02,  5.0060269500152255e-01,  3.6370340053584687e+03,  6.3728068085831843e+01, -1.4999794012568040e+04,  1.0021162602188939e+01,  2.6643822811299982e+00,  2.9347545432375290e+00,  2.5164467472541373e-03,  1.9397027630360394e-01, -1.0873469298686926e-01,  2.7433066213374246e-01, -5.8598352221034733e-04,  4.0410565077404904e-02,  1.3265962446369572e-01,  0.0000000000000000e+00,  6.7214598680357274e-03,  8.7425782108242936e-02, -1.3131317709033368e+00,  0.0000000000000000e+00
 5.7442557442557440e+00,  6.3372089686714469e+02,  9.7760050323311240e-02,  2.9871207708013003e+01, -2.8633130559778671e-02,  9.3585178618217191e-02,  5.0056915049944084e-01,  3.6433661061425000e+03,  6.4001869404625381e+01, -1.4999794184310893e+04,  1.0021113571067094e+01,  2.6644391012585946e+00,  2.9398480606931248e+00,  2.5109281678675661e-03,  1.9437834081205277e-01, -1.0747494748528152e-01,  2.7433066213374246e-01, -5.2990329184276835e-04,  4.1166724305737486e-02,  1.2367320195138320e-01,  0.0000000000000000e+00,  4.5058022515537194e-03,  6.3957295403940864e-02, -4.8595001606164734e-01,  0.0000000000000000e+00
 5.7542457542457539e+00,  6.3372081871109924e+02,  9.8036432873950141e-02,  2.9871290144482863e+01, -2.8628444823352087e-02,  9.3596828319505193e-02,  5.0053939682746929e-01,  3.6496981821118625e+03,  6.4276236420060854e+01, -1.4999794361387030e+04,  1.0021064582343175e+01,  2.6644960789643921e+00,  2.9449412844056804e+00,  2.5058592688956406e-03,  1.9479278827774454e-01, -1.0626369994088761e-01,  2.7433066213374246e-01, -4.9533039788542967e-04,  4.1608421643267217e-02,  1.2314380065184820e-01,  0.0000000000000000e+00,  2.4156911187009321e-03,  2.4470511569880438e-02,  3.7996387589580022e-01,  0.0000000000000000e+00
 5.7642357642357647e+00,  6.3372074014070643e+02,  9.8314857903775019e-02,  2.9871372461797510e+01, -2.8624854377809150e-02,  9.3607730554532448e-02,  5.0051400429030779e-01,  3.6560302332120409e+03,  6.4551169122664575e+01, -1.4999794543813810e+04,  1.0021015627300468e+01,  2.6645532022144494e+00,  2.9500342539855691e+00,  2.5010314566211037e-03,  1.9520967790782237e-01, -1.0501453188784192e-01,  2.7433066213374246e-01, -4.7930432283896992e-04,  4.1632820579975797e-02,  1.3058846843676791e-01,  0.0000000000000000e+00,  7.9272910560021720e-04, -1.9585844440822918e-02,  1.1104586146450786e+00,  0.0000000000000000e+00
 5.7742257742257745e+00,  6.3372066114497545e+02,  9.8594786954544891e-02,  2.9871454555473587e+01, -2.8622251100870428e-02,  9.3617754903814424e-02,  5.0049322874577040e-01,  3.6623622593884729e+03,  6.4826667502464787e+01, -1.4999794731608967e+04,  1.0020966697503159e+01,  2.6646104558813759e+00,  2.9551270127986569e+00,  2.4962827589488077e-03,  1.9562461286475707e-01, -1.0365453973236069e-01,  2.7433066213374246e-01, -4.7621974659969635e-04,  4.1257939265943469e-02,  1.4397891822400249e-01,  0.0000000000000000e+00, -1.7519694249344838e-04, -5.5465394628819033e-02,  1.5703094327580545e+00,  0.0000000000000000e+00
 5.7842157842157844e+00,  6.3372058171741025e+02,  9.8875711760366247e-02,  2.9871536360300468e+01, -2.8620383423617085e-02,  9.3627028563602721e-02,  5.0047699957428271e-01,  3.6686942605866125e+03,  6.5102731549322002e+01, -1.4999794924790127e+04,  1.0020917786414579e+01,  2.6646678246929425e+00,  2.9602196050853995e+00,  2.4915165765691618e-03,  1.9603401235869036e-01, -1.0213783022502472e-01,  2.7433066213374246e-01, -4.7938042987965743e-04,  4.0614345331979919e-02,  1.6024536576246531e-01,  0.0000000000000000e+00, -4.5757185015476455e-04, -7.3382110950685045e-02,  1.6862333644422409e+00,  0.0000000000000000e+00
 5.7942057942057943e+00,  6.3372050185435887e+02,  9.9157176332192787e-02,  2.9871617866086616e+01, -2.8618934033735641e-02,  9.3635878637463948e-02,  5.0046500947758676e-01,  3.6750262367519731e+03,  6.5379361253222584e+01, -1.4999795123374415e+04,  1.0020868890327591e+01,  2.6647252960009351e+00,  2.9653120734729455e+00,  2.4867047283817817e-03,  1.9643608829596546e-01, -1.0045283412272106e-01,  2.7433066213374246e-01, -4.8244799981746948e-04,  3.9898212286042144e-02,  1.7594188890930157e-01,  0.0000000000000000e+00, -1.5655565139521767e-04, -6.9987724846058932e-02,  1.4562105695544134e+00,  0.0000000000000000e+00
 5.8041958041958042e+00,  6.3372042155251268e+02,  9.9438778329122193e-02,  2.9871699113609463e+01, -2.8617597709453383e-02,  9.3644704967329684e-02,  5.0045685930381845e-01,  3.6813581878301256e+03,  6.5656556604453172e+01, -1.4999795327378302e+04,  1.0020820008557303e+01,  2.6647828614163860e+00,  2.9704044575494946e+00,  2.4818772558934882e-03,  1.9683117943733255e-01, -9.8622507769294460e-02,  2.7433066213374246e-01, -4.8057302357109758e-04,  3.9302643556127344e-02,  1.8794081913331509e-01,  0.0000000000000000e+00,  5.3192589591887830e-04, -4.9245134882885393e-02,  9.4597526129311793e-01,  0.0000000000000000e+00
 5.8141858141858140e+00,  6.3372034080665105e+02,  9.9720155016258624e-02,  2.9871780173741840e+01, -2.8616146439340864e-02,  9.3653838465903846e-02,  5.0045219379427164e-01,  3.6876901137667255e+03,  6.5934317593634802e+01, -1.4999795536817524e+04,  1.0020771142970283e+01,  2.6648405168461635e+00,  2.9754967936620185e+00,  2.4771028697689727e-03,  1.9722135589948447e-01, -9.6697772801376147e-02,  2.7433066213374246e-01, -4.7111289506868799e-04,  3.8955215857675723e-02,  1.9403471964782812e-01,  0.0000000000000000e+00,  1.3619918302635470e-03, -2.0309890347130051e-02,  2.7402362171240785e-01,  0.0000000000000000e+00
 5.8241758241758239e+00,  6.3372025960847191e+02,  1.0000096434975951e-01,  2.9871861119351468e+01, -2.8614472332525429e-02,  9.3663442705092179e-02,  5.0045077636086366e-01,  3.6940220145074495e+03,  6.6212644211658088e+01, -1.4999795751707410e+04,  1.0020722297010311e+01,  2.6648982611404115e+00,  2.9805891155929398e+00,  2.4724644108371709e-03,  1.9760950542849490e-01, -9.4745690193913323e-02,  2.7433066213374246e-01, -4.5389944612265885e-04,  3.8885803034143171e-02,  1.9333873298546675e-01,  0.0000000000000000e+00,  2.0841406487315216e-03,  6.4134430759132709e-03, -4.1336015151715982e-01,  0.0000000000000000e+00
 5.8341658341658338e+00,  6.3372017794685712e+02,  1.0028087149906810e-01,  2.9871942001108646e+01, -2.8612601539040865e-02,  9.3673490383559724e-02,  5.0045248507845752e-01,  3.7003538899979922e+03,  6.6491536449591322e+01, -1.4999795972063046e+04,  1.0020673474448452e+01,  2.6649560940741170e+00,  2.9856814554888720e+00,  2.4680339497665221e-03,  1.9799829502104577e-01, -9.2834861053414819e-02,  2.7433066213374246e-01, -4.3103867782338668e-04,  3.9033088036237153e-02,  1.8641173568704400e-01,  0.0000000000000000e+00,  2.4925851647787651e-03,  2.3073014343647516e-02, -9.7342470762534161e-01,  0.0000000000000000e+00
 5.8441558441558445e+00,  6.3372009580925419e+02,  1.0055954661924145e-01,  2.9872022834659958e+01, -2.8610676681120793e-02,  9.3683808310490543e-02,  5.0045724789876411e-01,  3.7066857401840193e+03,  6.6770994298630598e+01, -1.4999796197899714e+04,  1.0020624678135194e+01,  2.6650140145093038e+00,  2.9907738444423946e+00,  2.4638522494420979e-03,  1.9838938730734082e-01, -9.1021179990375858e-02,  2.7433066213374246e-01, -4.0626623033274692e-04,  3.9280340749643490e-02,  1.7506730524621536e-01,  0.0000000000000000e+00,  2.4668588228471491e-03,  2.6426978880299084e-02, -1.2977302666284785e+00,  0.0000000000000000e+00
 5.8541458541458544e+00,  6.3372001318350146e+02,  1.0083667392613863e-01,  2.9872103600597164e+01, -2.8608912043295437e-02,  9.3694157599282263e-02,  5.0046495556546611e-01,  3.7130175650111210e+03,  6.7051017750132601e+01, -1.4999796429232907e+04,  1.0020575909037555e+01,  2.6650720193272046e+00,  2.9958663123902891e+00,  2.4599167423672661e-03,  1.9878311701404566e-01, -8.9337012796747065e-02,  2.7433066213374246e-01, -3.8397076126838668e-04,  3.9501090767633390e-02,  1.6192044999307786e-01,  0.0000000000000000e+00,  1.9966940838412159e-03,  1.7767174720928050e-02, -1.3342701550511227e+00,  0.0000000000000000e+00
 5.8641358641358643e+00,  6.3371993005947138e+02,  1.0111196764026055e-01,  2.9872184254032057e+01, -2.8607532970974691e-02,  9.3704313057940233e-02,  5.0047539170891564e-01,  3.7193493644248365e+03,  6.7331606795718841e+01, -1.4999796666078466e+04,  1.0020527165781528e+01,  2.6651301032965984e+00,  3.0009588873342921e+00,  2.4561805059602122e-03,  1.9917861989011071e-01, -8.7786006164340374e-02,  2.7433066213374246e-01, -3.6809613179519812e-04,  3.9597227949544934e-02,  1.4978476135161009e-01,  0.0000000000000000e+00,  1.1814067366911680e-03,  1.4794890977638782e-03, -1.0952947109707516e+00,  0.0000000000000000e+00
 5.8741258741258742e+00,  6.3371984643008557e+02,  1.0138518816672716e-01,  2.9872264739206440e+01, -2.8606715300648625e-02,  9.3714121484221702e-02,  5.0048820736025645e-01,  3.7256811383706522e+03,  6.7612761427420466e+01, -1.4999796908452428e+04,  1.0020478444794367e+01,  2.6651882597063805e+00,  3.0060515941824684e+00,  2.4525621742994301e-03,  1.9957427041963097e-01, -8.6344310272239405e-02,  2.7433066213374246e-01, -3.6118177473429193e-04,  3.9521353981896955e-02,  1.4106757482932653e-01,  0.0000000000000000e+00,  2.0284754690226775e-04, -1.6669457420890047e-02, -6.4988603079044216e-01,  0.0000000000000000e+00
 5.8841158841158840e+00,  6.3371976229154086e+02,  1.0165615187905334e-01,  2.9872345005398969e+01, -2.8606540165678394e-02,  9.3723535096951499e-02,  5.0050294987974620e-01,  3.7320128867939607e+03,  6.7894481637798691e+01, -1.4999797156370891e+04,  1.0020429740990389e+01,  2.6652464814491195e+00,  3.0111444536771250e+00,  2.4489640868846020e-03,  1.9996825733230644e-01, -8.4967473200717500e-02,  2.7433066213374246e-01, -3.6376694929703211e-04,  3.9283539905140677e-02,  1.3729886912038605e-01,  0.0000000000000000e+00, -7.2039949436285841e-04, -3.0940920745717599e-02, -1.0460885213944636e-01,  0.0000000000000000e+00
 5.8941058941058939e+00,  6.3371967764271380e+02,  1.0192472961428074e-01,  2.9872425021230232e+01, -2.8606974409203883e-02,  9.3732621460851109e-02,  5.0051913956126937e-01,  3.7383446096401835e+03,  6.8176767419995016e+01, -1.4999797409849920e+04,  1.0020381048813240e+01,  2.6653047622370725e+00,  3.0162374818891742e+00,  2.4452941033844045e-03,  2.0035915633182158e-01, -8.3601076123979975e-02,  2.7433066213374246e-01, -3.7428095607217645e-04,  3.8945244299659329e-02,  1.3888406610560652e-01,  0.0000000000000000e+00, -1.3845046620210620e-03, -3.6785859471648724e-02,  4.2196528858058580e-01,  0.0000000000000000e+00
 5.9040959040959038e+00,  6.3371959248382689e+02,  1.0219083195848375e-01,  2.9872504784370815e+01, -2.8607879076233817e-02,  9.3741547774871536e-02,  5.0053637382810134e-01,  3.7446763068546957e+03,  6.8459618767666598e+01, -1.4999797668905208e+04,  1.0020332363376060e+01,  2.6653630976514653e+00,  3.0213306906231057e+00,  2.4414859459041391e-03,  2.0074638409154039e-01, -8.2192566785021098e-02,  2.7433066213374246e-01, -3.8940864254171802e-04,  3.8601926535321691e-02,  1.4146279563290859e-01,  0.0000000000000000e+00, -1.6440581691811859e-03, -3.1946356948747909e-02,  9.4296362785293936e-02,  0.0000000000000000e+00
 5.9140859140859137e+00,  6.3371950681466637e+02,  1.0245438307496404e-01,  2.9872584323549525e+01, -2.8609040901061818e-02,  9.3750536599185419e-02,  5.0055443035120240e-01,  3.7510079783829128e+03,  6.8743035674803096e+01, -1.4999797933552030e+04,  1.0020283681444715e+01,  2.6654214857326277e+00,  3.0264240888264440e+00,  2.4375137109260286e-03,  2.0113042359526456e-01, -8.0774646640805012e-02,  2.7433066213374246e-01, -4.0748817673272016e-04,  3.8365845574306168e-02,  1.0964450918355091e-01,  0.0000000000000000e+00, -1.9754645758609420e-03, -1.5317051446217108e-02, -6.4643173099452227e+00,  0.0000000000000000e+00
 5.9240759240759244e+00,  6.3371942063858148e+02,  1.0271553759315773e-01,  2.9872663685676383e+01, -2.8610891957572895e-02,  9.3759912747390914e-02,  5.0057183253148296e-01,  3.7573396241702353e+03,  6.9027018136104928e+01, -1.4999798203805327e+04,  1.0020234999538937e+01,  2.6654799280419166e+00,  3.0315176798175081e+00,  2.4333443239913971e-03,  2.0151293445266541e-01, -8.0001867300834195e-02,  2.7433066213374246e-01, -4.3672166730756716e-04,  3.8357422820413718e-02,  7.0021551944311394e-02,  0.0000000000000000e+00, -3.8770802372232326e-03,  1.3630816116948562e-02, -1.4681987293502676e+00,  0.0000000000000000e+00
 5.9340659340659343e+00,  6.3371933396163274e+02,  1.0297468827481483e-01,  2.9872742930126218e+01, -2.8614041955914982e-02,  9.3769906622927862e-02,  5.0058694131508619e-01,  3.7636712441619843e+03,  6.9311566148776748e+01, -1.4999798479679446e+04,  1.0020186306116315e+01,  2.6655384323630082e+00,  3.0366114478039683e+00,  2.4287880032875155e-03,  2.0189680566959853e-01, -7.9375614633925617e-02,  2.7433066213374246e-01, -4.8487132189858429e-04,  3.8621798240352855e-02,  6.6625143978628482e-02,  0.0000000000000000e+00, -5.7624806118942830e-03,  3.9297142954524800e-02,  7.8823785462005025e-01,  0.0000000000000000e+00
 5.9440559440559442e+00,  6.3371924678267214e+02,  1.0323202126558174e-01,  2.9872822102075983e+01, -2.8618269668824293e-02,  9.3780400890074098e-02,  5.0060015643221367e-01,  3.7700028383034050e+03,  6.9596679710684896e+01, -1.4999798761188707e+04,  1.0020137587988284e+01,  2.6655970077020528e+00,  3.0417053721392775e+00,  2.4236565852921248e-03,  2.0228459875317195e-01, -7.8670695592969506e-02,  2.7433066213374246e-01, -5.4674020091941705e-04,  3.9068131120835035e-02,  7.2641853558797445e-02,  0.0000000000000000e+00, -6.6236689680765773e-03,  5.0058699718008776e-02,  4.1630740332979055e-01,  0.0000000000000000e+00
 5.9540459540459540e+00,  6.3371915909726863e+02,  1.0348760693863832e-01,  2.9872901205250091e+01, -2.8623247413454088e-02,  9.3791116307070946e-02,  5.0061223112352904e-01,  3.7763344065397573e+03,  6.9882358818926164e+01, -1.4999799048347701e+04,  1.0020088835348734e+01,  2.6656556599818346e+00,  3.0467994383975716e+00,  2.4178641231492656e-03,  2.0267738770997484e-01, -7.7924228948435176e-02,  2.7433066213374246e-01, -6.1306969669423241e-04,  3.9537834205176058e-02,  7.4629228427603556e-02,  0.0000000000000000e+00, -6.6554960860416151e-03,  4.3975857767064655e-02, -1.8434954594804931e-02,  0.0000000000000000e+00
 5.9640359640359639e+00,  6.3371907090072375e+02,  1.0374145503844540e-01,  2.9872980202909019e+01, -2.8628692244772571e-02,  9.3801730361415023e-02,  5.0062379324859774e-01,  3.7826659488162186e+03,  7.0168603469792771e+01, -1.4999799341171631e+04,  1.0020040041783815e+01,  2.6657143909890526e+00,  3.0518936386795654e+00,  2.4114074405030294e-03,  2.0307456547055808e-01, -7.7179602117892529e-02,  2.7433066213374246e-01, -6.7703902099837865e-04,  3.9880331326868745e-02,  7.2425161677035735e-02,  0.0000000000000000e+00, -6.1511626396486031e-03,  2.4592065995812762e-02, -4.2281920886887708e-01,  0.0000000000000000e+00
 5.9740259740259738e+00,  6.3371898219037973e+02,  1.0399356195800703e-01,  2.9873059032320445e+01, -2.8634385239961879e-02,  9.3811977600671240e-02,  5.0063515878717146e-01,  3.7889974650779372e+03,  7.0455413659050038e+01, -1.4999799639676125e+04,  1.0019991203604423e+01,  2.6657731987988891e+00,  3.0569879694020319e+00,  2.4043368699824649e-03,  2.0347419752669549e-01, -7.6477172771071841e-02,  2.7433066213374246e-01, -7.3467805079225929e-04,  3.9997847074958660e-02,  6.6741721390508935e-02,  0.0000000000000000e+00, -5.3881711250864349e-03, -1.0654132282117900e-03, -7.1500553649380183e-01,  0.0000000000000000e+00
 5.9840159840159837e+00,  6.3371889296719087e+02,  1.0424396160037565e-01,  2.9873137624695637e+01, -2.8640171541231350e-02,  9.3821718082835723e-02,  5.0064624186571383e-01,  3.7953289552700030e+03,  7.0742789382365331e+01, -1.4999799943877098e+04,  1.0019942319022277e+01,  2.6658320792710377e+00,  3.0620824278256951e+00,  2.3967285583693181e-03,  2.0387372325427353e-01, -7.5846101191009249e-02,  2.7433066213374246e-01, -7.8447947350559469e-04,  3.9866846021515266e-02,  5.8968617884871954e-02,  0.0000000000000000e+00, -4.5820737021300077e-03, -2.5160997670798192e-02, -8.4116978533413989e-01,  0.0000000000000000e+00
 5.9940059940059944e+00,  6.3371880323625010e+02,  1.0449276579225281e-01,  2.9873215923548756e+01, -2.8645945226840774e-02,  9.3830956239595309e-02,  5.0065657911199901e-01,  3.8016604193374951e+03,  7.1030730635765394e+01, -1.4999800253790403e+04,  1.0019893387394010e+01,  2.6658910280340802e+00,  3.0671770083288998e+00,  2.3886629544279071e-03,  2.0427073790674577e-01, -7.5298978607537898e-02,  2.7433066213374246e-01, -8.2664479831584992e-04,  3.9533403998422451e-02,  5.0844008457541369e-02,  0.0000000000000000e+00, -3.8594243248828166e-03, -4.1594095352381330e-02, -7.8537702201738913e-01,  0.0000000000000000e+00
 6.0039960039960043e+00,  6.3371871300631358e+02,  1.0474018469563255e-01,  2.9873293896212811e+01, -2.8651625914441387e-02,  9.3839812651274890e-02,  5.0066545018073072e-01,  3.8079918572254523e+03,  7.1319237415999552e+01, -1.4999800569431874e+04,  1.0019844408699758e+01,  2.6659500422996896e+00,  3.0722716994161909e+00,  2.3802121787825873e-03,  2.0466360145604023e-01, -7.4830236886163234e-02,  2.7433066213374246e-01, -8.6218088699946806e-04,  3.9088312624618850e-02,  4.4070913943085654e-02,  0.0000000000000000e+00, -3.2549006295699077e-03, -4.7513197683449658e-02, -5.7059649977704352e-01,  0.0000000000000000e+00
 6.0139860139860142e+00,  6.3371862228862494e+02,  1.0498652427108730e-01,  2.9873371536682761e+01, -2.8657135183730097e-02,  9.3848467970473068e-02,  5.0067205104102963e-01,  3.8143232688788912e+03,  7.1608309720725245e+01, -1.4999800890816761e+04,  1.0019795383332449e+01,  2.6660091220105744e+00,  3.0773664821519051e+00,  2.3714365630792666e-03,  2.0505172317397091e-01, -7.4418440866417315e-02,  2.7433066213374246e-01, -8.9207926905308932e-04,  3.8633987642831262e-02,  3.9965850764652332e-02,  0.0000000000000000e+00, -2.7307554575651425e-03, -4.3442663670426686e-02, -2.5123714854531726e-01,  0.0000000000000000e+00
 6.0239760239760241e+00,  6.3371853109546612e+02,  1.0523216419790096e-01,  2.9873448861249269e+01, -2.8662379887175675e-02,  9.3857103831239908e-02,  5.0067566841976863e-01,  3.8206546542428600e+03,  7.1897947548486925e+01, -1.4999801217959986e+04,  1.0019746312174577e+01,  2.6660682701287892e+00,  3.0824613302605179e+00,  2.3623884171631452e-03,  2.0543550930105184e-01, -7.4031718389366993e-02,  2.7433066213374246e-01, -9.1676208712983829e-04,  3.8255586573365016e-02,  3.9212304981934155e-02,  0.0000000000000000e+00, -2.2107447214000549e-03, -3.2313230436715794e-02,  1.0037728284513638e-01,  0.0000000000000000e+00
 6.0339660339660339e+00,  6.3371843943882811e+02,  1.0547752398242452e-01,  2.9873525900111211e+01, -2.8667246545388585e-02,  9.3865859280648986e-02,  5.0067581176291254e-01,  3.8269860132623862e+03,  7.2188150898515886e+01, -1.4999801550876118e+04,  1.0019697196859305e+01,  2.6661274921674076e+00,  3.0875562116890016e+00,  2.3531196382614878e-03,  2.0581607055805412e-01, -7.3634978229415643e-02,  2.7433066213374246e-01, -9.3588504376109448e-04,  3.8003909092691308e-02,  4.1762021669763658e-02,  0.0000000000000000e+00, -1.6176711961774857e-03, -1.8072601194161146e-02,  4.1007599805833556e-01,  0.0000000000000000e+00
 6.0439560439560438e+00,  6.3371834732941909e+02,  1.0572302658497891e-01,  2.9873602688054635e+01, -2.8671607352498123e-02,  9.3874809175764545e-02,  5.0067227712469975e-01,  3.8333173458825268e+03,  7.2478919770417662e+01, -1.4999801889579416e+04,  1.0019648040074255e+01,  2.6661867952472069e+00,  3.0926510910986100e+00,  2.3436894152897968e-03,  2.0619482816404267e-01, -7.3197312361999098e-02,  2.7433066213374246e-01, -9.4848292705630721e-04,  3.7891127406717906e-02,  4.6891656177954294e-02,  0.0000000000000000e+00, -9.0442503952411829e-04, -4.5062923377145337e-03,  6.1687683048144271e-01,  0.0000000000000000e+00
 6.0539460539460537e+00,  6.3371825477619018e+02,  1.0596906806348153e-01,  2.9873679256159235e+01, -2.8675335116377473e-02,  9.3883961018206410e-02,  5.0066513776514376e-01,  3.8396486520483068e+03,  7.2770254163829293e+01, -1.4999802234083996e+04,  1.0019598845769112e+01,  2.6662461869939471e+00,  3.0977459326042993e+00,  2.3341689304281952e-03,  2.0657313604070582e-01, -7.2698082002083900e-02,  2.7433066213374246e-01, -9.5336041934399041e-04,  3.7895813275693094e-02,  5.3390475688027371e-02,  0.0000000000000000e+00, -7.2048916470084174e-05,  5.4444033065476974e-03,  6.8418683543520253e-01,  0.0000000000000000e+00
 6.0639360639360635e+00,  6.3371816178635288e+02,  1.0621599932449038e-01,  2.9873755625379648e+01, -2.8678322613475613e-02,  9.3893263162013782e-02,  5.0065467285225684e-01,  3.8459799317047978e+03,  7.3062154078132394e+01, -1.4999802584404064e+04,  1.0019549619168153e+01,  2.6663056745292844e+00,  3.1028407021058113e+00,  2.3246412550631439e-03,  2.0695198727045011e-01, -7.2130569591009552e-02,  2.7433066213374246e-01, -9.4958917512768756e-04,  3.7972632850943260e-02,  5.9832630006799239e-02,  0.0000000000000000e+00,  8.2705200856541064e-04,  9.9348756588719719e-03,  6.0553245918341903e-01,  0.0000000000000000e+00
 6.0739260739260743e+00,  6.3371806836587530e+02,  1.0646412297665261e-01,  2.9873831802344217e+01, -2.8680501469076757e-02,  9.3902619243897603e-02,  5.0064125594454822e-01,  3.8523111847970458e+03,  7.3354619512276543e+01, -1.4999802940553760e+04,  1.0019500366543642e+01,  2.6663652637191007e+00,  3.1079353687130937e+00,  2.3151961197363327e-03,  2.0733183000376165e-01, -7.1502624859090869e-02,  2.7433066213374246e-01, -9.3697131293269775e-04,  3.8063522078468616e-02,  6.4876698918524184e-02,  0.0000000000000000e+00,  1.6990440028714650e-03,  8.2611476917034705e-03,  4.0429013694388144e-01,  0.0000000000000000e+00
 6.0839160839160842e+00,  6.3371797452037038e+02,  1.0671370511123741e-01,  2.9873907777705508e+01, -2.8681856286630576e-02,  9.3911906987256752e-02,  5.0062522930729114e-01,  3.8586424112701002e+03,  7.3647650464748494e+01, -1.4999803302547507e+04,  1.0019451094764108e+01,  2.6664249587720996e+00,  3.1130299050034869e+00,  2.3059205495100424e-03,  2.0771249720208787e-01, -7.0834331850379656e-02,  2.7433066213374246e-01, -9.1635578356938569e-04,  3.8109012486910863e-02,  6.7534275375943073e-02,  0.0000000000000000e+00,  2.4281849756718371e-03,  8.4603207809583214e-04,  1.2775666983077316e-01,  0.0000000000000000e+00
 6.0939060939060941e+00,  6.3371788025617536e+02,  1.0696499897403150e-01,  2.9873983527366949e+01, -2.8682430793781386e-02,  9.3921000622713788e-02,  5.0060678998932528e-01,  3.8649736110689996e+03,  7.3941246933685690e+01, -1.4999803670399873e+04,  1.0019401810682160e+01,  2.6664847622305214e+00,  3.1181242861067857e+00,  2.2968873128718097e-03,  2.0809324883466895e-01, -7.0153288687743370e-02,  2.7433066213374246e-01, -8.8973324973877705e-04,  3.8059056491252068e-02,  6.7356669676914754e-02,  0.0000000000000000e+00,  2.9016462972160846e-03, -1.0847222408987545e-02, -1.6331333077624369e-01,  0.0000000000000000e+00
 6.1038961038961039e+00,  6.3371778558143683e+02,  1.0721827531276720e-01,  2.9874059016497860e+01, -2.8682324078918547e-02,  9.3929794266185598e-02,  5.0058590961804983e-01,  3.8713047841387770e+03,  7.4235408917105048e+01, -1.4999804044125469e+04,  1.0019352520463453e+01,  2.6665446753424717e+00,  3.1232184878518172e+00,  2.2881436614033738e-03,  2.0847291791120379e-01, -6.9488544244447309e-02,  2.7433066213374246e-01, -8.6008066360119574e-04,  3.7882072318678489e-02,  6.4504371797196286e-02,  0.0000000000000000e+00,  3.0348014475277576e-03, -2.4585008940242587e-02, -4.0771670474340060e-01,  0.0000000000000000e+00
 6.1138861138861138e+00,  6.3371769050697594e+02,  1.0747385311846505e-01,  2.9874134205456492e+01, -2.8681676694366488e-02,  9.3938220832314553e-02,  5.0056230206307473e-01,  3.8776359304244343e+03,  7.4530136413195194e+01, -1.4999804423739008e+04,  1.0019303228978780e+01,  2.6666046987363892e+00,  3.1283124843830783e+00,  2.2797028840286291e-03,  2.0885013339648070e-01, -6.8864490050436766e-02,  2.7433066213374246e-01, -8.3097746589410259e-04,  3.7570104392024170e-02,  5.9687408833146917e-02,  0.0000000000000000e+00,  2.7916587334323659e-03, -3.7870969975952705e-02, -5.5663928065929424e-01,  0.0000000000000000e+00
 6.1238761238761237e+00,  6.3371759504676390e+02,  1.0773212484754856e-01,  2.9874209056027119e+01, -2.8680648499671356e-02,  9.3946260533102302e-02,  5.0053544218126833e-01,  3.8839670498709766e+03,  7.4825429420612778e+01, -1.4999804809255049e+04,  1.0019253939376611e+01,  2.6666648332454885e+00,  3.1334062457347884e+00,  2.2715407150318634e-03,  2.0922356934760786e-01, -6.8295988623405426e-02,  2.7433066213374246e-01, -8.0606676617202267e-04,  3.7138270203719084e-02,  5.8502749198289183e-02,  0.0000000000000000e+00,  2.1954633509280856e-03, -4.8582234522726926e-02,  3.1947042176077445e-01,  0.0000000000000000e+00
 6.1338661338661336e+00,  6.3371749921796652e+02,  1.0799357112262645e-01,  2.9874283536712735e+01, -2.8679391052853980e-02,  9.3953939441628248e-02,  5.0050463395618916e-01,  3.8902981424234017e+03,  7.5121287938726169e+01, -1.4999805200688086e+04,  1.0019204652922410e+01,  2.6667250806882321e+00,  3.1384997358147948e+00,  2.2635976539352822e-03,  2.0959215677717438e-01, -6.7695603952568864e-02,  2.7433066213374246e-01, -7.8675545293644127e-04,  3.6700299994303159e-02,  9.8871139640838795e-02,  0.0000000000000000e+00,  1.6706615588353570e-03, -3.9099401402342727e-02,  7.7622813448377528e+00,  0.0000000000000000e+00
 6.1438561438561434e+00,  6.3371740303582396e+02,  1.0825845166215547e-01,  2.9874357790133590e+01, -2.8677714718913064e-02,  9.3962240079008927e-02,  5.0047105961304450e-01,  3.8966292080267713e+03,  7.5417711966891005e+01, -1.4999805598051858e+04,  1.0019155370566246e+01,  2.6667854465846399e+00,  3.1435929182445737e+00,  2.2558213253628038e-03,  2.0995684207476675e-01, -6.6320541277934145e-02,  2.7433066213374246e-01, -7.6747586577878525e-04,  3.6651900418850102e-02,  1.4391569277228020e-01,  0.0000000000000000e+00,  2.1891117901203885e-03,  2.9409806396965280e-02,  1.2556381920780866e+00,  0.0000000000000000e+00
 6.1538461538461542e+00,  6.3371730649721337e+02,  1.0852669583232283e-01,  2.9874432093075523e+01, -2.8675413104086694e-02,  9.3972128245311773e-02,  5.0043672760023716e-01,  3.9029602466264405e+03,  7.5714701501628454e+01, -1.4999806001358926e+04,  1.0019106097340947e+01,  2.6668459458054650e+00,  3.1486857793489973e+00,  2.2482634708028385e-03,  2.1032446247984873e-01, -6.4820165535540195e-02,  2.7433066213374246e-01, -7.4239852947906510e-04,  3.7277832279586233e-02,  1.4992330889467889e-01,  0.0000000000000000e+00,  2.8313709370834240e-03,  9.5901752122404163e-02, -5.2913444373902878e-02,  0.0000000000000000e+00
 6.1638361638361641e+00,  6.3371720958595006e+02,  1.0879820639189636e-01,  2.9874506570242929e+01, -2.8672621575211072e-02,  9.3983329323863121e-02,  5.0040268464455950e-01,  3.9092912581678684e+03,  7.6012256537799757e+01, -1.4999806410621550e+04,  1.0019056838864332e+01,  2.6669065934527869e+00,  3.1537783187883859e+00,  2.2409881879106742e-03,  2.1070165390852474e-01, -6.3325070570747655e-02,  2.7433066213374246e-01, -7.1182082278307165e-04,  3.8398575493769585e-02,  1.5061006804873880e-01,  0.0000000000000000e+00,  3.2902859434608923e-03,  1.2847103935676510e-01,  1.9040262701536906e-01,  0.0000000000000000e+00
 6.1738261738261739e+00,  6.3371711227817616e+02,  1.0907266294773919e-01,  2.9874581254771066e+01, -2.8669496923737645e-02,  9.3995272080787534e-02,  5.0037058580065641e-01,  3.9156222425964088e+03,  7.6310377068712640e+01, -1.4999806825853024e+04,  1.0019007599845992e+01,  2.6669673981380515e+00,  3.1588705488291420e+00,  2.2340412765414386e-03,  2.1109166678541855e-01, -6.1810973366734259e-02,  2.7433066213374246e-01, -6.7698313621129737e-04,  3.9663788209295919e-02,  1.5347476565665746e-01,  0.0000000000000000e+00,  3.6842189082084064e-03,  1.2482454629160987e-01,  3.8310983408995025e-01,  0.0000000000000000e+00
 6.1838161838161838e+00,  6.3371701454645176e+02,  1.0934951951609179e-01,  2.9874656099010142e+01, -2.8666175637770967e-02,  9.4007294857568188e-02,  5.0034229932511798e-01,  3.9219531998573889e+03,  7.6609063085608256e+01, -1.4999807247067749e+04,  1.0018958384342850e+01,  2.6670283594698287e+00,  3.1639624985783952e+00,  2.2274620513230360e-03,  2.1149413718942975e-01, -6.0258641686498790e-02,  2.7433066213374246e-01, -6.3827494486818899e-04,  4.0742257054825440e-02,  1.5782423714960347e-01,  0.0000000000000000e+00,  4.0651609986819643e-03,  9.1084916583401551e-02,  4.8765435879785435e-01,  0.0000000000000000e+00
 6.1938061938061937e+00,  6.3371691636396054e+02,  1.0962806501584968e-01,  2.9874730995871627e+01, -2.8662765738211977e-02,  9.4018800015176429e-02,  5.0031943716396221e-01,  3.9282841298960175e+03,  7.6908314577694412e+01, -1.4999807674281439e+04,  1.0018909195997116e+01,  2.6670894679752482e+00,  3.1690542136807891e+00,  2.2212885303902262e-03,  2.1190569789540506e-01, -5.8657641955153807e-02,  2.7433066213374246e-01, -5.9591688841906427e-04,  4.1392379591988333e-02,  1.6268737681743950e-01,  0.0000000000000000e+00,  4.4149219024329101e-03,  3.9069615356612485e-02,  4.8594620270292604e-01,  0.0000000000000000e+00
 6.2037962037962036e+00,  6.3371681770807118e+02,  1.0990751399864175e-01,  2.9874805810760307e+01, -2.8659348776877133e-02,  9.4029378782706563e-02,  5.0030301167975400e-01,  3.9346150326575007e+03,  7.7208131532647840e+01, -1.4999808107510631e+04,  1.0018860038114275e+01,  2.6671507070644567e+00,  3.1741457521591556e+00,  2.2155556199859919e-03,  2.1232115776069824e-01, -5.7008144647189347e-02,  2.7433066213374246e-01, -5.5054735452828268e-04,  4.1503264158569690e-02,  1.6702379765523728e-01,  0.0000000000000000e+00,  4.6680587825016721e-03, -1.6870525127024891e-02,  3.8220524902419983e-01,  0.0000000000000000e+00
 6.2137862137862134e+00,  6.3371671856262833e+02,  1.1018710338127620e-01,  2.9874880415736417e+01, -2.8655988589995358e-02,  9.4038880230018412e-02,  5.0029327429144788e-01,  3.9409459080869601e+03,  7.7508513937404089e+01, -1.4999808546772367e+04,  1.0018810913568485e+01,  2.6672120563624424e+00,  3.1792371778886901e+00,  2.2102885832468041e-03,  2.1273493394252932e-01, -5.5320503140863390e-02,  2.7433066213374246e-01, -5.0354158297029035e-04,  4.1102693984334478e-02,  1.6993891397377203e-01,  0.0000000000000000e+00,  4.7424966834035921e-03, -6.3323623754493852e-02,  2.0140103794795858e-01,  0.0000000000000000e+00
 6.2237762237762242e+00,  6.3371661891849669e+02,  1.1046617283957283e-01,  2.9874954717839035e+01, -2.8652742742089527e-02,  9.4047413735545649e-02,  5.0028974606474375e-01,  3.9472767561295350e+03,  7.7809461779019728e+01, -1.4999808992083490e+04,  1.0018761824575355e+01,  2.6672734954960511e+00,  3.1843285534925059e+00,  2.2054948490974743e-03,  2.1314239040773791e-01, -5.3612761750610374e-02,  2.7433066213374246e-01, -4.5702616603608145e-04,  4.0333072875747784e-02,  1.7086313638489475e-01,  0.0000000000000000e+00,  4.5698897868247370e-03, -9.0754522184557027e-02, -1.6371711241193979e-02,  0.0000000000000000e+00
 6.2337662337662341e+00,  6.3371651877240549e+02,  1.1074421317528801e-01,  2.9875028675632212e+01, -2.8649672520419691e-02,  9.4055290778269240e-02,  5.0029140692984686e-01,  3.9536075767304042e+03,  7.8110975045408793e+01, -1.4999809443460554e+04,  1.0018712772407028e+01,  2.6673350074198883e+00,  3.1894199343210601e+00,  2.2011571913180109e-03,  2.1354078954444239e-01, -5.1906654262044202e-02,  2.7433066213374246e-01, -4.1362374040246829e-04,  3.9403836445452360e-02,  1.6965986244047693e-01,  0.0000000000000000e+00,  4.1192758250283689e-03, -9.5278611160941010e-02, -2.2452373243277551e-01,  0.0000000000000000e+00
 6.2437562437562439e+00,  6.3371641812458279e+02,  1.1102087639063946e-01,  2.9875102301323977e+01, -2.8646847987997888e-02,  9.4062925288648472e-02,  5.0029697877555535e-01,  3.9599383698347451e+03,  7.8413053725804133e+01, -1.4999809900919126e+04,  1.0018663757141047e+01,  2.6673965805694464e+00,  3.1945113647007259e+00,  2.1972306385000225e-03,  2.1392967984720748e-01, -5.0222954309242243e-02,  2.7433066213374246e-01, -3.7601601743090124e-04,  3.8533479733624851e-02,  1.6664093071354999e-01,  0.0000000000000000e+00,  3.4097903138794491e-03, -7.8966802546927908e-02, -3.7986639929800581e-01,  0.0000000000000000e+00
 6.2537462537462538e+00,  6.3371631697594512e+02,  1.1129595096286497e-01,  2.9875175649436219e+01, -2.8644346073712638e-02,  9.4070719826950658e-02,  5.0030522416026180e-01,  3.9662691353877890e+03,  7.8715697810885970e+01, -1.4999810364473969e+04,  1.0018614777528049e+01,  2.6674582094772679e+00,  3.1996028769508551e+00,  2.1936443837769341e-03,  2.1431068923941990e-01, -4.8577165136898387e-02,  2.7433066213374246e-01, -3.4644327981005511e-04,  3.7895687891053069e-02,  1.6248763016866827e-01,  0.0000000000000000e+00,  2.5106717578140094e-03, -4.8719124335944122e-02, -4.5162436978732556e-01,  0.0000000000000000e+00
 6.2637362637362637e+00,  6.3371621532566689e+02,  1.1156931358297632e-01,  2.9875248796202388e+01, -2.8642241777662641e-02,  9.4078966512309431e-02,  5.0031518838341704e-01,  3.9725998733347906e+03,  7.9018907292597234e+01, -1.4999810834139149e+04,  1.0018565831039378e+01,  2.6675198938892573e+00,  3.2046944929545003e+00,  2.1903086948474740e-03,  2.1468683644842732e-01, -4.6976448211966192e-02,  2.7433066213374246e-01, -3.2626325986895223e-04,  3.7582149180449477e-02,  1.5809614141417772e-01,  0.0000000000000000e+00,  1.5293682343948405e-03, -1.4051325526896448e-02, -4.2755167886169598e-01,  0.0000000000000000e+00
 6.2737262737262736e+00,  6.3371611316976384e+02,  1.1184087270609538e-01,  2.9875321815946929e+01, -2.8640594749342135e-02,  9.4087786714323440e-02,  5.0032633536586057e-01,  3.9789305836210210e+03,  7.9322682163745966e+01, -1.4999811309928224e+04,  1.0018516914114711e+01,  2.6675816367811835e+00,  3.2097862274968842e+00,  2.1871256373260060e-03,  2.1506158133093736e-01, -4.5418401072679089e-02,  2.7433066213374246e-01, -3.1567186381678813e-04,  3.7589985749030434e-02,  1.5438283513066831e-01,  0.0000000000000000e+00,  5.9102925524843932e-04,  1.5620206556804964e-02, -3.1585223909689270e-01,  0.0000000000000000e+00
 6.2837162837162834e+00,  6.3371601050086485e+02,  1.1211051896389805e-01,  2.9875394761115629e+01, -2.8639435056986035e-02,  9.4097122688442517e-02,  5.0033856055346781e-01,  3.9852612661917110e+03,  7.9627022417520067e+01, -1.4999811791854658e+04,  1.0018468022584864e+01,  2.6676434419155091e+00,  3.2148780922831333e+00,  2.1840015647012845e-03,  2.1543788511474160e-01, -4.3891876081483344e-02,  2.7433066213374246e-01, -3.1364617032423480e-04,  3.7835227832812922e-02,  1.4916669258896983e-01,  0.0000000000000000e+00, -1.8548541803925915e-04,  3.3477258616449082e-02, -7.2841949775115200e-01,  0.0000000000000000e+00
 6.2937062937062933e+00,  6.3371590730904870e+02,  1.1237809330598962e-01,  2.9875467651199159e+01, -2.8638752383549154e-02,  9.4106779679587069e-02,  5.0035209781596490e-01,  3.9915919209920607e+03,  7.9931928047047563e+01, -1.4999812279932168e+04,  1.0018419152203133e+01,  2.6677053116376648e+00,  3.2199700995606575e+00,  2.1808589805762712e-03,  2.1581752993898556e-01, -4.2438047574398008e-02,  2.7433066213374246e-01, -3.2006362686682249e-04,  3.8182513849294428e-02,  1.1540114652390364e-01,  0.0000000000000000e+00, -1.0992893817895714e-03,  3.6049401883486043e-02, -6.0314428244736176e+00,  0.0000000000000000e+00
 6.3036963036963041e+00,  6.3371580358745678e+02,  1.1264358146158518e-01,  2.9875540447473618e+01, -2.8638966102866301e-02,  9.4116455358788362e-02,  5.0036611560339539e-01,  3.9979225479671895e+03,  8.0237399045638654e+01, -1.4999812774174725e+04,  1.0018370297382521e+01,  2.6677672459641704e+00,  3.2250622603698735e+00,  2.1776066870416075e-03,  2.1620077250433792e-01, -4.1586158868218460e-02,  2.7433066213374246e-01, -3.4208381535974492e-04,  3.8479960943722614e-02,  6.7086701115689790e-02,  0.0000000000000000e+00, -3.3091523544933519e-03,  2.3499506421034433e-02, -3.6411091462504772e+00,  0.0000000000000000e+00
 6.3136863136863139e+00,  6.3371569933765784e+02,  1.1290723611932865e-01,  2.9875613069147835e+01, -2.8640732319398680e-02,  9.4125875827842140e-02,  5.0037896102268298e-01,  4.0042531470620561e+03,  8.0543435408615920e+01, -1.4999813274596621e+04,  1.0018321445295346e+01,  2.6678292442248184e+00,  3.2301545703874037e+00,  2.1740241391105418e-03,  2.1658636032747156e-01, -4.1097653945712853e-02,  2.7433066213374246e-01, -3.8806025899123110e-04,  3.8616832931844695e-02,  4.9881344962758485e-02,  0.0000000000000000e+00, -5.8953316605269476e-03,  3.9022656006624207e-03,  1.9659684443331626e-01,  0.0000000000000000e+00
 6.3236763236763238e+00,  6.3371559456363343e+02,  1.1316925005370843e-01,  2.9875685455791071e+01, -2.8644023687717266e-02,  9.4134929724930066e-02,  5.0039031704968095e-01,  4.0105837182214705e+03,  8.0850037132667808e+01, -1.4999813781212446e+04,  1.0018272579282987e+01,  2.6678913054044711e+00,  3.2352470148458923e+00,  2.1698532353135111e-03,  2.1697233759788126e-01, -4.0589528599232289e-02,  2.7433066213374246e-01, -4.5526144829755483e-04,  3.8568648418066537e-02,  5.2875720238052377e-02,  0.0000000000000000e+00, -7.5583464385992217e-03, -1.3548805259049170e-02,  4.0287708568052738e-01,  0.0000000000000000e+00
 6.3336663336663337e+00,  6.3371548927043898e+02,  1.1342976236403428e-01,  2.9875757572602527e+01, -2.8648490876101065e-02,  9.4143650031319095e-02,  5.0040027522746366e-01,  4.0169142613902250e+03,  8.1157204214471548e+01, -1.4999814294036814e+04,  1.0018223685086843e+01,  2.6679534281557324e+00,  3.2403395790668861e+00,  2.1649280062774239e-03,  2.1735696269346688e-01, -4.0041195998898632e-02,  2.7433066213374246e-01, -5.3413219614955362e-04,  3.8380140607885423e-02,  5.6697284375334826e-02,  0.0000000000000000e+00, -8.2315772813711229e-03, -2.4190458339211032e-02,  3.6220005460342730e-01,  0.0000000000000000e+00
 6.3436563436563436e+00,  6.3371538346460579e+02,  1.1368893552892456e-01,  2.9875829404674775e+01, -2.8653745307570373e-02,  9.4152143856669979e-02,  5.0040874999069518e-01,  4.0232447765131260e+03,  8.1464936650672726e+01, -1.4999814813084009e+04,  1.0018174752177838e+01,  2.6680156118716933e+00,  3.2454322484826266e+00,  2.1591812633624712e-03,  2.1773917357406278e-01, -3.9456715724600237e-02,  2.7433066213374246e-01, -6.1567136620561535e-04,  3.8123787302009382e-02,  5.9732943089962083e-02,  0.0000000000000000e+00, -8.0925645638526243e-03, -2.7131473497173212e-02,  2.4553882006495739e-01,  0.0000000000000000e+00
 6.3536463536463534e+00,  6.3371527715348350e+02,  1.1394696483654151e-01,  2.9875900953900032e+01, -2.8659405002654539e-02,  9.4160534697944082e-02,  5.0041553802247662e-01,  4.0295752635349954e+03,  8.1773234438053805e+01, -1.4999815338368335e+04,  1.0018125773845801e+01,  2.6680778573655668e+00,  3.2505250072336809e+00,  2.1526268800795096e-03,  2.1811867672547505e-01, -3.8847730602495807e-02,  2.7433066213374246e-01, -6.9281537894756110e-04,  3.7867314604787101e-02,  6.1352728779109571e-02,  0.0000000000000000e+00, -7.3516667870850800e-03, -2.4214360486727437e-02,  7.8742274902373510e-02,  0.0000000000000000e+00
 6.3636363636363633e+00,  6.3371517034468525e+02,  1.1420408014771825e-01,  2.9875972231279420e+01, -2.8665130284874173e-02,  9.4168915808603620e-02,  5.0042038106804410e-01,  4.0359057224006438e+03,  8.2082097573638805e+01, -1.4999815869903570e+04,  1.0018076746903334e+01,  2.6681401669202716e+00,  3.2556178373103273e+00,  2.1453387982486340e-03,  2.1849576327645612e-01, -3.8230886977764895e-02,  2.7433066213374246e-01, -7.6063705148867345e-04,  3.7653280186582663e-02,  6.1234800408909169e-02,  0.0000000000000000e+00, -6.2262320556457753e-03, -1.8635330037801528e-02, -1.0235153461649435e-01,  0.0000000000000000e+00
 6.3736263736263732e+00,  6.3371506304585751e+02,  1.1446054355628231e-01,  2.9876043248429248e+01, -2.8670646535495822e-02,  9.4177326736534547e-02,  5.0042301094063046e-01,  4.0422361530549083e+03,  8.2391526054739117e+01, -1.4999816407703580e+04,  1.0018027671120391e+01,  2.6682025439012924e+00,  3.2607107181822466e+00,  2.1374293365932226e-03,  2.1887099001591626e-01, -3.7624258066853281e-02,  2.7433066213374246e-01, -8.1630002827598697e-04,  3.7492659434543815e-02,  5.9427238287097658e-02,  0.0000000000000000e+00, -4.9174958971813405e-03, -1.3520944520041444e-02, -2.5952240216962208e-01,  0.0000000000000000e+00
 6.3836163836163839e+00,  6.3371495526477361e+02,  1.1471664636377757e-01,  2.9876114011264470e+01, -2.8675753167437933e-02,  9.4185754040245595e-02,  5.0042316950580223e-01,  4.0485665554426214e+03,  8.2701519878963651e+01, -1.4999816951781837e+04,  1.0017978548515666e+01,  2.6682649922096671e+00,  3.2658036267321626e+00,  2.1290291073739883e-03,  2.1924486736106241e-01, -3.7043529569431237e-02,  2.7433066213374246e-01, -8.5880755095204978e-04,  3.7370475015896944e-02,  5.6331423836135180e-02,  0.0000000000000000e+00, -3.5925101425661652e-03, -1.0940376093061739e-02, -3.6025965091304574e-01,  0.0000000000000000e+00
 6.3936063936063938e+00,  6.3371484700966982e+02,  1.1497270743096336e-01,  2.9876184517266211e+01, -2.8680320188274256e-02,  9.4194148786263823e-02,  5.0042060840217328e-01,  4.0548969295085653e+03,  8.3012079044215568e+01, -1.4999817502151978e+04,  1.0017929382627107e+01,  2.6683275158185613e+00,  3.2708965372951426e+00,  2.1202703445662081e-03,  2.1961765285339674e-01, -3.6498755093104289e-02,  2.7433066213374246e-01, -8.8860333653284474e-04,  3.7258109845555949e-02,  5.2611105021579889e-02,  0.0000000000000000e+00, -2.3726061307010825e-03, -1.1555131009536637e-02, -3.8454817576140105e-01,  0.0000000000000000e+00
 6.4035964035964037e+00,  6.3371473828965964e+02,  1.1522907331017671e-01,  2.9876254756168251e+01, -2.8684275588678199e-02,  9.4202450120587727e-02,  5.0041507936365615e-01,  4.0612272751975411e+03,  8.3323203548691026e+01, -1.4999818058827552e+04,  1.0017880177864800e+01,  2.6683901185301555e+00,  3.2759894216728087e+00,  2.1112747949557499e-03,  2.1998928514019439e-01, -3.5992358639929153e-02,  2.7433066213374246e-01, -9.0709559282862475e-04,  3.7126342969903442e-02,  4.9047741870326185e-02,  0.0000000000000000e+00, -1.3295435797141349e-03, -1.4824597496096489e-02, -3.2883712711959945e-01,  0.0000000000000000e+00
 6.4135864135864136e+00,  6.3371462911506478e+02,  1.1548611933550691e-01,  2.9876324712886568e+01, -2.8687587944021514e-02,  9.4210605689877408e-02,  5.0040632588608613e-01,  4.0675575924543145e+03,  8.3634893390882468e+01, -1.4999818621822013e+04,  1.0017830939014134e+01,  2.6684528039710327e+00,  3.2810822490867699e+00,  2.1021465564977043e-03,  2.2035943792772048e-01, -3.5518780230560321e-02,  2.7433066213374246e-01, -9.1618160410588182e-04,  3.6954784915683540e-02,  4.6374333316057913e-02,  0.0000000000000000e+00, -4.8947587799274671e-04, -1.9521324958727222e-02, -2.0637926544491453e-01,  0.0000000000000000e+00
 6.4235764235764234e+00,  6.3371451949759728e+02,  1.1574425039513576e-01,  2.9876394371202114e+01, -2.8690248784730525e-02,  9.4218583733813643e-02,  5.0039408262410190e-01,  4.0738878812236280e+03,  8.3947148569582410e+01, -1.4999819191148896e+04,  1.0017781670916719e+01,  2.6685155757580179e+00,  3.2861749861111225e+00,  2.0929694682003878e-03,  2.2072764248116708e-01, -3.5065798533714221e-02,  2.7433066213374246e-01, -9.1784439943759185e-04,  3.6735913739850794e-02,  4.5123617530372383e-02,  0.0000000000000000e+00,  1.5658425258439429e-04, -2.4296684442989668e-02, -4.4014034849331474e-02,  0.0000000000000000e+00
 6.4335664335664333e+00,  6.3371440945035545e+02,  1.1600390040072206e-01,  2.9876463716912486e+01, -2.8692258463298936e-02,  9.4226375737190476e-02,  5.0037808313261500e-01,  4.0802181414502083e+03,  8.4259969083879554e+01, -1.4999819766821603e+04,  1.0017732378314362e+01,  2.6685784377309170e+00,  3.2912675966534097e+00,  2.0838080070583920e-03,  2.2109342221822698e-01, -3.4617209450732711e-02,  2.7433066213374246e-01, -9.1387334571637344e-04,  3.6474065331421196e-02,  4.5521870496687558e-02,  0.0000000000000000e+00,  6.3842070240353291e-04, -2.8125366924615904e-02,  1.2374427870563019e-01,  0.0000000000000000e+00
 6.4435564435564432e+00,  6.3371429898765962e+02,  1.1626553023889118e-01,  2.9876532739599838e+01, -2.8693617705529303e-02,  9.4233991163435338e-02,  5.0035807174524249e-01,  4.0865483730788164e+03,  8.4573354933141815e+01, -1.4999820348853413e+04,  1.0017683065812150e+01,  2.6686413941547431e+00,  3.2963600420351304e+00,  2.0747102604937672e-03,  2.2145639503524142e-01, -3.4156270651662532e-02,  2.7433066213374246e-01, -9.0573115720315566e-04,  3.6180918479533669e-02,  5.0751820456878718e-02,  0.0000000000000000e+00,  9.9164543793453671e-04, -3.0562632822943893e-02,  9.2329170332502231e-01,  0.0000000000000000e+00
 6.4535464535464540e+00,  6.3371418812483694e+02,  1.1652962414082900e-01,  2.9876601433013992e+01, -2.8694324160036186e-02,  9.4241449641959921e-02,  5.0033381904037488e-01,  4.0928785760541714e+03,  8.4887306116987531e+01, -1.4999820937257493e+04,  1.0017633737899585e+01,  2.6687044498245167e+00,  3.3014522811696496e+00,  2.0657114804409457e-03,  2.2181631769234356e-01, -3.3603187063981854e-02,  2.7433066213374246e-01, -8.9326607448614857e-04,  3.5922810301798440e-02,  8.9268845586595716e-02,  0.0000000000000000e+00,  1.5038641220102068e-03, -2.1110624359646724e-02,  6.7878167276440671e+00,  0.0000000000000000e+00
 6.4635364635364638e+00,  6.3371407687463670e+02,  1.1679646095556984e-01,  2.9876669903265842e+01, -2.8694139395564703e-02,  9.4249372208139864e-02,  5.0030653659057811e-01,  4.0992087503210942e+03,  8.5201822634618793e+01, -1.4999821532046595e+04,  1.0017584400057762e+01,  2.6687676113685423e+00,  3.3065442759050394e+00,  2.0568627864780593e-03,  2.2217413350280985e-01, -3.2372677333248973e-02,  2.7433066213374246e-01, -8.7101593979778738e-04,  3.5970940684002660e-02,  1.4263680389825731e-01,  0.0000000000000000e+00,  2.9506128426075818e-03,  3.0746326876613616e-02,  3.8964485263493445e+00,  0.0000000000000000e+00
 6.4735264735264737e+00,  6.3371396523445844e+02,  1.1706593024242350e-01,  2.9876738395805514e+01, -2.8692742033384747e-02,  9.4258660920796850e-02,  5.0027871765707299e-01,  4.1055388958246695e+03,  8.5516904482420287e+01, -1.4999822133232583e+04,  1.0017535062288831e+01,  2.6688308911797942e+00,  3.3116360105551443e+00,  2.0483085645608703e-03,  2.2253501780591003e-01, -3.0753300872208515e-02,  2.7433066213374246e-01, -8.3262261124182754e-04,  3.6585513639241743e-02,  1.6376171665945347e-01,  0.0000000000000000e+00,  4.7357315342956710e-03,  9.2291178762252832e-02,  3.3275900844220746e-01,  0.0000000000000000e+00
 6.4835164835164836e+00,  6.3371385318681564e+02,  1.1733781192118328e-01,  2.9876807054839798e+01, -2.8690192561171200e-02,  9.4269219998648041e-02,  5.0025192260760543e-01,  4.1118690125100948e+03,  8.5832551654177820e+01, -1.4999822740826990e+04,  1.0017485736935297e+01,  2.6688943024948713e+00,  3.3167274903053370e+00,  2.0402269700696314e-03,  2.2290511279630118e-01, -2.9100714962430760e-02,  2.7433066213374246e-01, -7.7834479968941716e-04,  3.7665595348578808e-02,  1.6619164838060335e-01,  0.0000000000000000e+00,  6.1306863384970132e-03,  1.2394117944702897e-01,  1.5371332213200994e-01,  0.0000000000000000e+00
 6.4935064935064934e+00,  6.3371374070624495e+02,  1.1761171031260310e-01,  2.9876875915601918e+01, -2.8686720374079291e-02,  9.4280497974990107e-02,  5.0022778776022769e-01,  4.1181991003225803e+03,  8.6148764141909538e+01, -1.4999823354842280e+04,  1.0017436435381475e+01,  2.6689578524332460e+00,  3.3218187346699661e+00,  2.0327572199117312e-03,  2.2328757715353398e-01, -2.7432788417051643e-02,  2.7433066213374246e-01, -7.1238835551970211e-04,  3.8885317966257216e-02,  1.6692844674993274e-01,  0.0000000000000000e+00,  7.0737937842800863e-03,  1.2024728861219201e-01, -6.2062885922652645e-03,  0.0000000000000000e+00
 6.5034965034965033e+00,  6.3371362776402020e+02,  1.1788702920281344e-01,  2.9876944930811483e+01, -2.8682604932859863e-02,  9.4291842368262782e-02,  5.0020803458079688e-01,  4.1245291592072417e+03,  8.6465541935673485e+01, -1.4999823975291960e+04,  1.0017387167231973e+01,  2.6690215393615007e+00,  3.3269097791747395e+00,  2.0259934364928144e-03,  2.2368204222619642e-01, -2.5765481261133441e-02,  2.7433066213374246e-01, -6.3929991817210320e-04,  3.9918528302486350e-02,  1.6607425218649513e-01,  0.0000000000000000e+00,  7.5585113727093907e-03,  8.6601420700883017e-02, -1.6480346300794502e-01,  0.0000000000000000e+00
 6.5134865134865132e+00,  6.3371351433271093e+02,  1.1816304168159449e-01,  2.9877013990595643e+01, -2.8678144388630655e-02,  9.4302652653805247e-02,  5.0019402522637657e-01,  4.1308591891091073e+03,  8.6782885023752584e+01, -1.4999824602190809e+04,  1.0017337939895912e+01,  2.6690853528772656e+00,  3.3320006738860046e+00,  2.0199839947734276e-03,  2.2408515014659064e-01, -2.4114621540198632e-02,  2.7433066213374246e-01, -5.6370788841662541e-04,  4.0522598262040674e-02,  1.6380882121604681e-01,  0.0000000000000000e+00,  7.5750129843374240e-03,  3.4333385201893996e-02, -2.8873581727581527e-01,  0.0000000000000000e+00
 6.5234765234765231e+00,  6.3371340039002848e+02,  1.1843898505687986e-01,  2.9877082954546399e+01, -2.8673626495509651e-02,  9.4312510711895531e-02,  5.0018645820379992e-01,  4.1371891899731727e+03,  8.7100793393264965e+01, -1.4999825235554426e+04,  1.0017288758302193e+01,  2.6691492758169479e+00,  3.3370914784045338e+00,  2.0147305416193554e-03,  2.2449168454911431e-01, -2.2492577740333343e-02,  2.7433066213374246e-01, -4.9024237312306153e-04,  4.0583093659678875e-02,  1.6060735770085041e-01,  0.0000000000000000e+00,  7.1327831774292364e-03, -2.2222206594363306e-02, -3.5219717846505205e-01,  0.0000000000000000e+00
 6.5334665334665338e+00,  6.3371328592117197e+02,  1.1871415583075499e-01,  2.9877151687628288e+01, -2.8669303843196305e-02,  9.4321259253383180e-02,  5.0018525558828097e-01,  4.1435191617443315e+03,  8.7419267031003741e+01, -1.4999825875398903e+04,  1.0017239624790815e+01,  2.6692132876445918e+00,  3.3421822549435682e+00,  2.0101889423633761e-03,  2.2489600116876207e-01, -2.0905683324397319e-02,  2.7433066213374246e-01, -4.2324950107529134e-04,  4.0126298420708244e-02,  1.5713814154608627e-01,  0.0000000000000000e+00,  6.2791898065339231e-03, -6.9228200247553773e-02, -3.4233989571870643e-01,  0.0000000000000000e+00
 6.5434565434565437e+00,  6.3371317091923174e+02,  1.1898798232531255e-01,  2.9877220091167924e+01, -2.8665375341506132e-02,  9.4329012373224636e-02,  5.0018964644725528e-01,  4.1498491043674967e+03,  8.7738305924285001e+01, -1.4999826521740166e+04,  1.0017190539219319e+01,  2.6692773683075597e+00,  3.3472730613498447e+00,  2.0062740081313373e-03,  2.2529340879328433e-01, -1.9352954532619229e-02,  2.7433066213374246e-01, -3.6637065618952430e-04,  3.9298314658023976e-02,  1.5412024651167719e-01,  0.0000000000000000e+00,  5.1079549395999782e-03, -9.6534149042189030e-02, -2.6184269017136624e-01,  0.0000000000000000e+00
 6.5534465534465536e+00,  6.3371305538370132e+02,  1.1926006014623204e-01,  2.9877288121931269e+01, -2.8661975384475059e-02,  9.4336100227545086e-02,  5.0019840563035622e-01,  4.1561790177875646e+03,  8.8057910061599571e+01, -1.4999827174593627e+04,  1.0017141499295429e+01,  2.6693415016040745e+00,  3.3523639457294503e+00,  2.0028688493326165e-03,  2.2568118228081049e-01, -1.7826357719768440e-02,  2.7433066213374246e-01, -3.2210288921263115e-04,  3.8317813367887248e-02,  1.5217236581520724e-01,  0.0000000000000000e+00,  3.7544520091741334e-03, -9.9762209243186975e-02, -1.2812302526192118e-01,  0.0000000000000000e+00
 6.5634365634365635e+00,  6.3371293931760920e+02,  1.1953014611078028e-01,  2.9877355795764206e+01, -2.8659171254683556e-02,  9.4342966461678834e-02,  5.0021017448882255e-01,  4.1625089019494553e+03,  8.8378079432934570e+01, -1.4999827833973783e+04,  1.0017092501109722e+01,  2.6694056773036503e+00,  3.3574549437782957e+00,  1.9998383859692469e-03,  2.2605899946996538e-01, -1.6312547623224514e-02,  2.7433066213374246e-01, -2.9172241219190106e-04,  3.7414050001088488e-02,  1.4094901739635604e-01,  0.0000000000000000e+00,  2.3277194903760980e-03, -8.1171216789927017e-02, -2.1187913281921333e+00,  0.0000000000000000e+00
 6.5734265734265733e+00,  6.3371282272475480e+02,  1.1979815275605125e-01,  2.9877423169349729e+01, -2.8657046539903960e-02,  9.4350022424926308e-02,  5.0022354279817705e-01,  4.1688387567981463e+03,  8.8698814029805618e+01, -1.4999828499894280e+04,  1.0017043539580534e+01,  2.6694698916591086e+00,  3.3625460785590726e+00,  1.9970402297084027e-03,  2.2642871574736570e-01, -1.5010193536025096e-02,  2.7433066213374246e-01, -2.7839391719317502e-04,  3.6750637039214697e-02,  1.0121859051108124e-01,  0.0000000000000000e+00,  3.4064520836889347e-04, -5.1644058177207644e-02, -5.8352401342400073e+00,  0.0000000000000000e+00
 6.5834165834165832e+00,  6.3371270561194672e+02,  1.2006432772089411e-01,  2.9877490280454758e+01, -2.8656105466517177e-02,  9.4357436789871130e-02,  5.0023607210363863e-01,  4.1751685822785457e+03,  8.9020113845948316e+01, -1.4999829172368007e+04,  1.0016994606040530e+01,  2.6695341468180813e+00,  3.3676373552249803e+00,  1.9942760699414113e-03,  2.2679327793228735e-01, -1.4290198162463673e-02,  2.7433066213374246e-01, -2.9034820104970960e-04,  3.6370203058254162e-02,  6.0838956563128328e-02,  0.0000000000000000e+00, -2.7338928364471437e-03, -2.4518824811092296e-02, -2.2487625821402797e+00,  0.0000000000000000e+00
 6.5934065934065931e+00,  6.3371258798951851e+02,  1.2032915310019394e-01,  2.9877557147951162e+01, -2.8656791971958494e-02,  9.4365207005717017e-02,  5.0024564731948862e-01,  4.1814983783354373e+03,  8.9341978878208607e+01, -1.4999829851407490e+04,  1.0016945685026062e+01,  2.6695984494961849e+00,  3.3727287542357201e+00,  1.9912390668502668e-03,  2.2715539313114699e-01, -1.3794629968330238e-02,  2.7433066213374246e-01, -3.3239905180883211e-04,  3.6233419829942021e-02,  5.1304517135106045e-02,  0.0000000000000000e+00, -5.6846874855292877e-03, -2.8651774969976713e-03,  3.3996780865019705e-01,  0.0000000000000000e+00
 6.6033966033966029e+00,  6.3371246986579536e+02,  1.2059301740981017e-01,  2.9877623805490511e+01, -2.8658952723629942e-02,  9.4373317683724062e-02,  5.0025193836086335e-01,  4.1878281449135138e+03,  8.9664409124908971e+01, -1.4999830537025011e+04,  1.0016896759161781e+01,  2.6696628081848988e+00,  3.3778202442724483e+00,  1.9876347302449312e-03,  2.2751722238443403e-01, -1.3265132885038989e-02,  2.7433066213374246e-01, -3.9870481441957155e-04,  3.6281988141727679e-02,  5.4579128921539884e-02,  0.0000000000000000e+00, -7.5897261891437751e-03,  1.2588553516807642e-02,  3.1560947099432318e-01,  0.0000000000000000e+00
 6.6133866133866137e+00,  6.3371235124655061e+02,  1.2085623946332243e-01,  2.9877690275801037e+01, -2.8662260934444815e-02,  9.4381682040385689e-02,  5.0025515763539141e-01,  4.1941578819574670e+03,  8.9987404584327820e+01, -1.4999831229233005e+04,  1.0016847813783464e+01,  2.6697272308749711e+00,  3.3829117942601727e+00,  1.9832729366920333e-03,  2.2788030797913358e-01, -1.2704137881985749e-02,  2.7433066213374246e-01, -4.7892987696346865e-04,  3.6441318552835236e-02,  5.7272233146875760e-02,  0.0000000000000000e+00, -8.4713313321438961e-03,  1.9309394786924266e-02,  2.2354999491790156e-01,  0.0000000000000000e+00
 6.6233766233766236e+00,  6.3371223213611063e+02,  1.2111909320357950e-01,  2.9877756559792662e+01, -2.8666360833470909e-02,  9.4390149116181557e-02,  5.0025564154768398e-01,  4.2004875894119850e+03,  9.0310965254404024e+01, -1.4999831928043970e+04,  1.0016798837798516e+01,  2.6697917239091815e+00,  3.3880033757502153e+00,  1.9780657017341723e-03,  2.2824532065721798e-01, -1.2120832522464011e-02,  2.7433066213374246e-01, -5.6365274227796857e-04,  3.6622261829870585e-02,  5.8802715327504244e-02,  0.0000000000000000e+00, -8.4901863038141772e-03,  1.6915449275226643e-02,  8.2852537643395202e-02,  0.0000000000000000e+00
 6.6333666333666335e+00,  6.3371211253855608e+02,  1.2138181823594101e-01,  2.9877822638213946e+01, -2.8670903635969209e-02,  9.4398548502864096e-02,  5.0025371448049472e-01,  4.2068172672217015e+03,  9.0635091132677417e+01, -1.4999832633470658e+04,  1.0016749823812962e+01,  2.6698562914810715e+00,  3.3930949634070267e+00,  1.9720111436395266e-03,  2.2861202150220791e-01, -1.1529258454862801e-02,  2.7433066213374246e-01, -6.4530226882993102e-04,  3.6742442244933310e-02,  5.8831446511412186e-02,  0.0000000000000000e+00, -7.8560489118888986e-03,  7.1446698203316899e-03, -7.7100554625026518e-02,  0.0000000000000000e+00
 6.6433566433566433e+00,  6.3371199245896742e+02,  1.2164464246609710e-01,  2.9877888477339663e+01, -2.8675574366310828e-02,  9.4406729712658538e-02,  5.0024956955341815e-01,  4.2131469153312873e+03,  9.0959782216379750e+01, -1.4999833345526064e+04,  1.0016700767883398e+01,  2.6699209357602474e+00,  3.3981865342761015e+00,  1.9651725495097982e-03,  2.2897943538738647e-01, -1.0945379045712533e-02,  2.7433066213374246e-01, -7.1848800387389847e-04,  3.6743256756634736e-02,  5.7334021917194632e-02,  0.0000000000000000e+00, -6.7957352439135506e-03, -6.9816045777064692e-03, -2.2268384913733008e-01,  0.0000000000000000e+00
 6.6533466533466532e+00,  6.3371187190446199e+02,  1.2190781039290623e-01,  2.9877954036641217e+01, -2.8680108325476579e-02,  9.4414589006423313e-02,  5.0024319173727250e-01,  4.2194765336853325e+03,  9.1285038502634748e+01, -1.4999834064223267e+04,  1.0016651669006205e+01,  2.6699856575050549e+00,  3.4032780661209165e+00,  1.9576557389667216e-03,  2.2934615250633647e-01, -1.0383723551422362e-02,  2.7433066213374246e-01, -7.8001989730139938e-04,  3.6598057117224352e-02,  5.4607646325003825e-02,  0.0000000000000000e+00, -5.5229498202744439e-03, -2.2087363232252327e-02, -3.2313654441927703e-01,  0.0000000000000000e+00
 6.6633366633366631e+00,  6.3371175088485563e+02,  1.2217161028145061e-01,  2.9878019276393825e+01, -2.8684297319657368e-02,  9.4422080556301274e-02,  5.0023433475569201e-01,  4.2258061222284423e+03,  9.1610859988717507e+01, -1.4999834789575492e+04,  1.0016602528471404e+01,  2.6700504569432550e+00,  3.4083695352930756e+00,  1.9495877363769033e-03,  2.2971066529981851e-01, -9.8543171810771043e-03,  2.7433066213374246e-01, -8.2865858497669905e-04,  3.6311634045744813e-02,  5.1388511689274337e-02,  0.0000000000000000e+00, -4.2145154523250006e-03, -3.5254535677951782e-02, -3.2133420965377379e-01,  0.0000000000000000e+00
 6.6733266733266730e+00,  6.3371162941289003e+02,  1.2243639472923892e-01,  2.9878084163591311e+01, -2.8687987167468225e-02,  9.4429212676589880e-02,  5.0022254893045814e-01,  4.2321356809052104e+03,  9.1937246672305662e+01, -1.4999835521595742e+04,  1.0016553349201047e+01,  2.6701153346829041e+00,  3.4134609146390500e+00,  1.9410991238822722e-03,  2.3007165968007762e-01, -9.3569800611271823e-03,  2.7433066213374246e-01, -8.6439990548647482e-04,  3.5921941223644283e-02,  6.0487070102740778e-02,  0.0000000000000000e+00, -2.9408969137417955e-03, -4.2761967306252653e-02,  2.1428656040301250e+00,  0.0000000000000000e+00
 6.6833166833166837e+00,  6.3371150750341394e+02,  1.2270253866332188e-01,  2.9878148698731234e+01, -2.8691001584954454e-02,  9.4436164673127418e-02,  5.0020759328063991e-01,  4.2384652096602176e+03,  9.2264198551554074e+01, -1.4999836260296797e+04,  1.0016504135399046e+01,  2.6701802926485456e+00,  3.4185521728309300e+00,  1.9323170089945556e-03,  2.3042838640318805e-01, -8.6457843118914347e-03,  2.7433066213374246e-01, -8.8578048658847683e-04,  3.5565093018894336e-02,  9.2399359002606138e-02,  0.0000000000000000e+00, -1.3394954228788795e-03, -2.8679043284684350e-02,  4.2459746337227093e+00,  0.0000000000000000e+00
 6.6933066933066936e+00,  6.3371138516717895e+02,  1.2297023413598590e-01,  2.9878212994775325e+01, -2.8693008880316204e-02,  9.4443564203876201e-02,  5.0019041793750396e-01,  4.2447947084381794e+03,  9.2591715624073913e+01, -1.4999837005690946e+04,  1.0016454894083951e+01,  2.6702453363306518e+00,  3.4236432825842740e+00,  1.9234012120623221e-03,  2.3078225094918642e-01, -7.5108390221140121e-03,  2.7433066213374246e-01, -8.8847743407161734e-04,  3.5493395139190489e-02,  1.3063766286447628e-01,  0.0000000000000000e+00,  7.9956653676214497e-04,  1.4325127767660503e-02,  3.4093337994225736e+00,  0.0000000000000000e+00
 6.7032967032967035e+00,  6.3371126240376805e+02,  1.2323946327400143e-01,  2.9878277231454511e+01, -2.8693734510803721e-02,  9.4452010893267421e-02,  5.0017254434716185e-01,  4.2511241771839705e+03,  9.2919797885739101e+01, -1.4999837757789617e+04,  1.0016405636123624e+01,  2.6703104756641314e+00,  3.4287342303710027e+00,  1.9145652121100080e-03,  2.3113754514722781e-01, -6.0356411977161148e-03,  2.7433066213374246e-01, -8.6883453521864910e-04,  3.5897092723850922e-02,  1.4956008581043601e-01,  0.0000000000000000e+00,  3.1329418136021446e-03,  6.6495128681359442e-02,  3.7893527435859797e-01,  0.0000000000000000e+00
 6.7132867132867133e+00,  6.3371113920017171e+02,  1.2351006155115919e-01,  2.9878341545574692e+01, -2.8693150154591594e-02,  9.4461545514900547e-02,  5.0015532662519924e-01,  4.2574536158426063e+03,  9.3248445330461379e+01, -1.4999838516603990e+04,  1.0016356374874098e+01,  2.6703757217550175e+00,  3.4338250183713868e+00,  1.9060418806893223e-03,  2.3149947557903358e-01, -4.5226255194080328e-03,  2.7433066213374246e-01, -8.2793041395558926e-04,  3.6714106660646381e-02,  1.5265229667340743e-01,  0.0000000000000000e+00,  5.0560632632625311e-03,  9.7071061465092756e-02,  2.4012534040828892e-01,  0.0000000000000000e+00
 6.7232767232767232e+00,  6.3371101553611186e+02,  1.2378174339155239e-01,  2.9878405978207930e+01, -2.8691430650708425e-02,  9.4471742191786903e-02,  5.0014002028163507e-01,  4.2637830243591116e+03,  9.3577657950722738e+01, -1.4999839282145760e+04,  1.0016307123277109e+01,  2.6704410813747099e+00,  3.4389156603455406e+00,  1.8980231458971093e-03,  2.3187109373185610e-01, -2.9856452601855323e-03,  2.7433066213374246e-01, -7.7025980864579922e-04,  3.7692722883427836e-02,  1.5550329802390436e-01,  0.0000000000000000e+00,  6.4895919197575837e-03,  9.8847906335757338e-02,  3.3064512996120249e-01,  0.0000000000000000e+00
 6.7332667332667331e+00,  6.3371089138775062e+02,  1.2405404191007464e-01,  2.9878470504564572e+01, -2.8688791732850716e-02,  9.4482082467746226e-02,  5.0012809945382219e-01,  4.2701124026784191e+03,  9.3907435737407496e+01, -1.4999840054427712e+04,  1.0016257892947484e+01,  2.6705065543394526e+00,  3.4440061830765987e+00,  1.8906520743227730e-03,  2.3225257693534582e-01, -1.4156665179314587e-03,  2.7433066213374246e-01, -7.0050753325753032e-04,  3.8564713202934232e-02,  1.5890954465049045e-01,  0.0000000000000000e+00,  7.4748136129740078e-03,  7.5724555629425372e-02,  3.5128544468134509e-01,  0.0000000000000000e+00
 6.7432567432567430e+00,  6.3371076673123378e+02,  1.2432635309756887e-01,  2.9878535048786759e+01, -2.8685465326950720e-02,  9.4492079653934385e-02,  5.0012087161358798e-01,  4.2764417507454364e+03,  9.4237778679780178e+01, -1.4999840833463324e+04,  1.0016208693899125e+01,  2.6705721331686663e+00,  3.4490966265542728e+00,  1.8840269913864695e-03,  2.3264161747217446e-01,  1.8937061694710707e-04,  2.7433066213374246e-01, -6.2307316257602678e-04,  3.9125119254948229e-02,  1.6214710119607675e-01,  0.0000000000000000e+00,  8.0275473974631764e-03,  3.6468735983777423e-02,  2.9687337574503897e-01,  0.0000000000000000e+00
 6.7532467532467528e+00,  6.3371064154579960e+02,  1.2459800656894940e-01,  2.9878599508223470e+01, -2.8681682886257276e-02,  9.4501383266114597e-02,  5.0011918796625499e-01,  4.2827710685050033e+03,  9.4568686765857038e+01, -1.4999841619267077e+04,  1.0016159534321904e+01,  2.6706378044446937e+00,  3.4541870409341873e+00,  1.8782030600854899e-03,  2.3303429759978034e-01,  1.8240358036684385e-03,  2.7433066213374246e-01, -5.4226537982673723e-04,  3.9268846392952590e-02,  1.6329527380589792e-01,  0.0000000000000000e+00,  8.1501707089392233e-03, -7.6945629549537301e-03, -6.7009219257374047e-02,  0.0000000000000000e+00
 6.7632367632367636e+00,  6.3371051581582674e+02,  1.2486834346108448e-01,  2.9878663780713367e+01, -2.8677665244898870e-02,  9.4509841946020162e-02,  5.0012329607283135e-01,  4.2891003559019518e+03,  9.4900159983022291e+01, -1.4999842411853715e+04,  1.0016110420390293e+01,  2.6707035513613699e+00,  3.4592774814489196e+00,  1.8731925182630578e-03,  2.3342620980769802e-01,  3.4520134502318881e-03,  2.7433066213374246e-01, -4.6318101676287425e-04,  3.8992778189812199e-02,  1.4414451886075777e-01,  0.0000000000000000e+00,  7.6825187764456302e-03, -4.7574291313750537e-02, -3.7669719207595604e+00,  0.0000000000000000e+00
 6.7732267732267735e+00,  6.3371038953329059e+02,  1.2513689239125519e-01,  2.9878727762844722e+01, -2.8673820996257305e-02,  9.4517410231619275e-02,  5.0013216178240949e-01,  4.2954296128810556e+03,  9.5232198319000332e+01, -1.4999843211237985e+04,  1.0016061355371789e+01,  2.6707693567536825e+00,  3.4643680005191628e+00,  1.8689486941162014e-03,  2.3381337408708930e-01,  4.7040461705168402e-03,  2.7433066213374246e-01, -3.9545490665034790e-04,  3.8349253603225629e-02,  1.0008720748176225e-01,  0.0000000000000000e+00,  5.8762484680857470e-03, -8.1259330921225253e-02, -5.0533018173163917e+00,  0.0000000000000000e+00
 6.7832167832167833e+00,  6.3371026270232073e+02,  1.2540358959354053e-01,  2.9878791345141703e+01, -2.8670851299386305e-02,  9.4524119875991963e-02,  5.0014316794162605e-01,  4.3017588393869764e+03,  9.5564801763905521e+01, -1.4999844017434494e+04,  1.0016012335701017e+01,  2.6708352062671032e+00,  3.4694586314006193e+00,  1.8652913213269870e-03,  2.3419242866090931e-01,  5.4517578554618799e-03,  2.7433066213374246e-01, -3.5222576604486048e-04,  3.7432610389144506e-02,  6.4555374803552307e-02,  0.0000000000000000e+00,  2.7782254811329361e-03, -1.0225264053781809e-01, -2.0601710848613228e+00,  0.0000000000000000e+00
 6.7932067932067932e+00,  6.3371013533732446e+02,  1.2566866207059030e-01,  2.9878854464768040e+01, -2.8669238613890993e-02,  9.4530213430162435e-02,  5.0015374099706689e-01,  4.3080880353642569e+03,  9.5897970311187791e+01, -1.4999844830457143e+04,  1.0015963350161414e+01,  2.6709010911696698e+00,  3.4745493805931624e+00,  1.8619112162731473e-03,  2.3456127839056870e-01,  5.9938638489094786e-03,  2.7433066213374246e-01, -3.4099910197945161e-04,  3.6408476778628400e-02,  5.2415526710011227e-02,  0.0000000000000000e+00, -5.3064733523806331e-04, -1.0277890828750869e-01, -3.7022650346563002e-01,  0.0000000000000000e+00
 6.8031968031968031e+00,  6.3371000745692970e+02,  1.2593244483547736e-01,  2.9878917133308004e+01, -2.8669011869908251e-02,  9.4536104671196233e-02,  5.0016225483314225e-01,  4.3144172007573870e+03,  9.6231703956750835e+01, -1.4999845650319014e+04,  1.0015914384146882e+01,  2.6709670094155871e+00,  3.4796402346240791e+00,  1.8584781524562687e-03,  2.3491987075438839e-01,  6.4990211263911630e-03,  2.7433066213374246e-01, -3.6035794002432672e-04,  3.5474794767084011e-02,  4.8686236351860777e-02,  0.0000000000000000e+00, -3.3449920413459702e-03, -8.4144230423680036e-02, -3.7637742623609760e-01,  0.0000000000000000e+00
 6.8131868131868130e+00,  6.3370987908053769e+02,  1.2619539536872956e-01,  2.9878979400750758e+01, -2.8670046178897894e-02,  9.4542147019432088e-02,  5.0016738072002420e-01,  4.3207463355109003e+03,  9.6566002698145141e+01, -1.4999846477032277e+04,  1.0015865423027138e+01,  2.6710329651693931e+00,  3.4847311663762706e+00,  1.8547112574315025e-03,  2.3527006549880214e-01,  6.9666158239716208e-03,  2.7433066213374246e-01, -4.0473350848689512e-04,  3.4777230908062381e-02,  4.5284534913743159e-02,  0.0000000000000000e+00, -5.5389967648603287e-03, -5.5508054152451004e-02, -3.0464320167505754e-01,  0.0000000000000000e+00
 6.8231768231768228e+00,  6.3370975022637606e+02,  1.2645806217658731e-01,  2.9879041327925009e+01, -2.8672143409544434e-02,  9.4548544493056955e-02,  5.0016811450590615e-01,  4.3270754395693339e+03,  9.6900866534266811e+01, -1.4999847310608471e+04,  1.0015816453246938e+01,  2.6710989672417620e+00,  3.4898221375238414e+00,  1.8503915688701171e-03,  2.3561472052278123e-01,  7.4038070387536532e-03,  2.7433066213374246e-01, -4.6760104949194504e-04,  3.4369200125661241e-02,  4.2918121027379290e-02,  0.0000000000000000e+00, -7.0470849443543529e-03, -2.6179708483949907e-02, -1.6911285837459852e-01,  0.0000000000000000e+00
 6.8331668331668336e+00,  6.3370962091046215e+02,  1.2672102981233574e-01,  2.9879102968389567e+01, -2.8675049903279560e-02,  9.4555346103124868e-02,  5.0016388009846524e-01,  4.3334045128772459e+03,  9.7236295464918911e+01, -1.4999848151058781e+04,  1.0015767463145604e+01,  2.6711650269414218e+00,  3.4949131021033408e+00,  1.8453685791199749e-03,  2.3595676280401018e-01,  7.8241207396036027e-03,  2.7433066213374246e-01, -5.4196297267421190e-04,  3.4223245622627629e-02,  4.2086793467209373e-02,  0.0000000000000000e+00, -7.8401720767349858e-03, -3.0403830233783099e-03,  2.6810808285870633e-03,  0.0000000000000000e+00
 6.8431568431568435e+00,  6.3370949114646396e+02,  1.2698487322051843e-01,  2.9879164357372940e+01, -2.8678474339828740e-02,  9.4562477931313685e-02,  5.0015451666862432e-01,  4.3397335553791672e+03,  9.7572289490319804e+01, -1.4999848998394107e+04,  1.0015718443622353e+01,  2.6712311560024879e+00,  3.5000040105369137e+00,  1.8395631378476550e-03,  2.3629850165410249e-01,  8.2447020131234984e-03,  2.7433066213374246e-01, -6.2077013397436587e-04,  3.4259717962132563e-02,  4.2976252569421274e-02,  0.0000000000000000e+00, -7.9370216155505002e-03,  1.0342145391960877e-02,  1.7538863143386291e-01,  0.0000000000000000e+00
 6.8531468531468533e+00,  6.3370936094621129e+02,  1.2725012860566082e-01,  2.9879225508078431e+01, -2.8682107031485465e-02,  9.4569793152981932e-02,  5.0014018208718991e-01,  4.3460625670196177e+03,  9.7908848610669139e+01, -1.4999849852625654e+04,  1.0015669388591267e+01,  2.6712973650233032e+00,  3.5050948131518149e+00,  1.8329655794401675e-03,  2.3664127265340343e-01,  8.6827871246070148e-03,  2.7433066213374246e-01, -6.9721465151225109e-04,  3.4386101704183034e-02,  5.7075222984247907e-02,  0.0000000000000000e+00, -7.3671707955342844e-03,  1.4959879766544169e-02,  2.6472252456144614e+00,  0.0000000000000000e+00
 6.8631368631368632e+00,  6.3370923032006533e+02,  1.2751723897380088e-01,  2.9879286433804594e+01, -2.8685586657688691e-02,  9.4577237093868255e-02,  5.0012150702139324e-01,  4.3523915477431246e+03,  9.8245972825758599e+01, -1.4999850713764608e+04,  1.0015620295350892e+01,  2.6713636627592043e+00,  3.5101854633317209e+00,  1.8256327751800777e-03,  2.3698553665318706e-01,  9.3850661087128539e-03,  2.7433066213374246e-01, -7.6307949871856628e-04,  3.4604149329374292e-02,  9.7309581489125052e-02,  0.0000000000000000e+00, -5.8189716151701857e-03,  2.8693254796746871e-02,  5.4076933270620362e+00,  0.0000000000000000e+00
 6.8731268731268731e+00,  6.3370909927195805e+02,  1.2778632839112142e-01,  2.9879347246199494e+01, -2.8688367223254872e-02,  9.4585271330762444e-02,  5.0010055341011006e-01,  4.3587204974943224e+03,  9.8583662133695867e+01, -1.4999851581822189e+04,  1.0015571166437956e+01,  2.6714300578583035e+00,  3.5152759278306247e+00,  1.8177192358094271e-03,  2.3733266424839591e-01,  1.0627034507007093e-02,  2.7433066213374246e-01, -8.0781832174738619e-04,  3.5071768286681133e-02,  1.4208861515002666e-01,  0.0000000000000000e+00, -3.1377407551996610e-03,  6.4924060456083191e-02,  3.5570692118505720e+00,  0.0000000000000000e+00
 6.8831168831168830e+00,  6.3370896779261375e+02,  1.2805719764375098e-01,  2.9879408111394302e+01, -2.8689979530383845e-02,  9.4594345666407745e-02,  5.0007986793685655e-01,  4.3650494162180230e+03,  9.8921916529507214e+01, -1.4999852456809187e+04,  1.0015522010949347e+01,  2.6714965602760250e+00,  3.5203661981734329e+00,  1.8094925489713389e-03,  2.3768627128428957e-01,  1.2223999478343723e-02,  2.7433066213374246e-01, -8.2333825761614268e-04,  3.5903437981744342e-02,  1.6215302628410791e-01,  0.0000000000000000e+00,  3.0649594274577143e-05,  1.0157621249557364e-01,  4.5982589719254169e-01,  0.0000000000000000e+00
 6.8931068931068928e+00,  6.3370883586073148e+02,  1.2832947699504285e-01,  2.9879469119145774e+01, -2.8690278677125713e-02,  9.4604274610591108e-02,  5.0006135077279934e-01,  4.3713783038592028e+03,  9.9260736005388807e+01, -1.4999853338736577e+04,  1.0015472842300259e+01,  2.6715631778726179e+00,  3.5254562887426451e+00,  1.8012689209719419e-03,  2.3805001565662257e-01,  1.3866855211984237e-02,  2.7433066213374246e-01, -8.0868264589478028e-04,  3.6966428078921108e-02,  1.6512268817459738e-01,  0.0000000000000000e+00,  2.9034038723422121e-03,  1.1123440495921662e-01,  1.3470041328345272e-01,  0.0000000000000000e+00
 6.9030969030969027e+00,  6.3370870344966750e+02,  1.2860265386905001e-01,  2.9879530260146275e+01, -2.8689348395591976e-02,  9.4614510153705117e-02,  5.0004658095691634e-01,  4.3777071603627692e+03,  9.9600120551602558e+01, -1.4999854227616261e+04,  1.0015423674780227e+01,  2.6716299117521753e+00,  3.5305462296702297e+00,  1.7933350535488659e-03,  2.3842486125589638e-01,  1.5523154087226749e-02,  2.7433066213374246e-01, -7.6798772325747694e-04,  3.7981119698430259e-02,  1.6553080217919133e-01,  0.0000000000000000e+00,  5.2437196396387040e-03,  9.1906857266847469e-02, -5.2995989562262251e-02,  0.0000000000000000e+00
 6.9130869130869135e+00,  6.3370857053203167e+02,  1.2887606857697292e-01,  2.9879591460798054e+01, -2.8687370786688142e-02,  9.4624488561300485e-02,  5.0003696551511045e-01,  4.3840359856735931e+03,  9.9940070156680349e+01, -1.4999855123461171e+04,  1.0015374522027244e+01,  2.6716967550106925e+00,  3.5356360652350327e+00,  1.7859245109168470e-03,  2.3880887918706076e-01,  1.7174163946833323e-02,  2.7433066213374246e-01, -7.0712740707994321e-04,  3.8696411135932342e-02,  1.6408990668111009e-01,  0.0000000000000000e+00,  6.9405156591031665e-03,  5.1294488521065697e-02, -2.3547128915359136e-01,  0.0000000000000000e+00
 6.9230769230769234e+00,  6.3370843708365180e+02,  1.2914899338366514e-01,  2.9879652606537931e+01, -2.8684593011423655e-02,  9.4633755635096156e-02,  5.0003340263867513e-01,  4.3903647797364811e+03,  1.0028058480783940e+02, -1.4999856026285159e+04,  1.0015325396039975e+01,  2.6717636937617502e+00,  3.5407258504865831e+00,  1.7792066338269885e-03,  2.3919801632354740e-01,  1.8801673701235051e-02,  2.7433066213374246e-01, -6.3288154579264335e-04,  3.8957567756506523e-02,  1.6104613711503965e-01,  0.0000000000000000e+00,  7.9235057706201137e-03,  9.8906691753689090e-04, -3.7389137797515759e-01,  0.0000000000000000e+00
 6.9330669330669332e+00,  6.3370830308648442e+02,  1.2942072181261297e-01,  2.9879713572262954e+01, -2.8681293412343909e-02,  9.4642058891218364e-02,  5.0003610101249207e-01,  4.3966935424961612e+03,  1.0062166449168988e+02, -1.4999856936102651e+04,  1.0015276306410037e+01,  2.6718307096793064e+00,  3.5458156454391712e+00,  1.7732795249869242e-03,  2.3958725216920873e-01,  2.0391868984096815e-02,  2.7433066213374246e-01, -5.5242897010469470e-04,  3.8730921865703517e-02,  1.5506606825283181e-01,  0.0000000000000000e+00,  8.1830998821073864e-03, -4.6363574256299604e-02, -8.2331840823886637e-01,  0.0000000000000000e+00
 6.9430569430569431e+00,  6.3370816852990458e+02,  1.2969064635038824e-01,  2.9879774252311755e+01, -2.8677749414028838e-02,  9.4649386564371690e-02,  5.0004457824167725e-01,  4.4030222738973434e+03,  1.0096330919503806e+02, -1.4999857852928182e+04,  1.0015227259846640e+01,  2.6718977833453512e+00,  3.5509055084708971e+00,  1.7681690919667549e-03,  2.3997186091626874e-01,  2.1899896843149736e-02,  2.7433066213374246e-01, -4.7380695529184092e-04,  3.8087765081652104e-02,  1.2593058319542486e-01,  0.0000000000000000e+00,  7.5570274834261169e-03, -8.2396413910794872e-02, -5.0096057002540721e+00,  0.0000000000000000e+00
 6.9530469530469530e+00,  6.3370803341253395e+02,  1.2995845384370486e-01,  2.9879834549029535e+01, -2.8674473263204336e-02,  9.4655809935041649e-02,  5.0005691019260479e-01,  4.4093509738846924e+03,  1.0130551890596917e+02, -1.4999858776776011e+04,  1.0015178259030607e+01,  2.6719648975716610e+00,  3.5559954875382074e+00,  1.7638128525535209e-03,  2.4034824647653444e-01,  2.2907964552436943e-02,  2.7433066213374246e-01, -4.0947372213549771e-04,  3.7137966583127735e-02,  7.5319990306646711e-02,  0.0000000000000000e+00,  5.3224857944739416e-03, -1.0775324549378607e-01, -5.1226349960794320e+00,  0.0000000000000000e+00
 6.9630369630369628e+00,  6.3370789774589832e+02,  1.3022429957826098e-01,  2.9879894370494558e+01, -2.8672204416015434e-02,  9.4661469053553271e-02,  5.0006983153688400e-01,  4.4156796424027170e+03,  1.0164829361595193e+02, -1.4999859707659774e+04,  1.0015129298526727e+01,  2.6720320403823279e+00,  3.5610856033978187e+00,  1.7599877988171946e-03,  2.4071387823061693e-01,  2.3404791754371431e-02,  2.7433066213374246e-01, -3.7337614350470104e-04,  3.6017318733454998e-02,  4.4610521549393600e-02,  0.0000000000000000e+00,  1.9042494474116414e-03, -1.1660045401069812e-01, -1.0254006491227119e+00,  0.0000000000000000e+00
 6.9730269730269727e+00,  6.3370776155035367e+02,  1.3048858754591644e-01,  2.9879953690468529e+01, -2.8671301533600292e-02,  9.4666722276670584e-02,  5.0008075983802203e-01,  4.4220082793958036e+03,  1.0199163332016941e+02, -1.4999860645592424e+04,  1.0015080365515333e+01,  2.6720992070860987e+00,  3.5661758468700242e+00,  1.7563527897462342e-03,  2.4106787322445561e-01,  2.3799283664312929e-02,  2.7433066213374246e-01, -3.7080853790798316e-04,  3.4921804135760987e-02,  3.9893676046831639e-02,  0.0000000000000000e+00, -1.3902148069487189e-03, -1.0272156844764635e-01,  8.1088179509795272e-02,  0.0000000000000000e+00
 6.9830169830169826e+00,  6.3370762484808870e+02,  1.3075179516534763e-01,  2.9880012558446133e+01, -2.8671684979988336e-02,  9.4672035782145114e-02,  5.0008822660881636e-01,  4.4283368848083692e+03,  1.0233553801605426e+02, -1.4999861590585762e+04,  1.0015031445216456e+01,  2.6721664004089880e+00,  3.5712661903187159e+00,  1.7525790368210312e-03,  2.4141161657498778e-01,  2.4201868198863562e-02,  2.7433066213374246e-01, -3.9771315956293530e-04,  3.4050700180565219e-02,  4.1664709918104031e-02,  0.0000000000000000e+00, -3.9960904483759422e-03, -7.1673443382238425e-02,  2.7347280151928821e-01,  0.0000000000000000e+00
 6.9930069930069934e+00,  6.3370748765977623e+02,  1.3101448372260679e-01,  2.9880071053850987e+01, -2.8673145365785854e-02,  9.4677749646726816e-02,  5.0009120075148483e-01,  4.4346654585848182e+03,  1.0268000770242702e+02, -1.4999862542650759e+04,  1.0014982523806744e+01,  2.6722336291230864e+00,  3.5763565944740274e+00,  1.7484064728718496e-03,  2.4174820689439699e-01,  2.4631745400938411e-02,  2.7433066213374246e-01, -4.4662367645322969e-04,  3.3520785953176854e-02,  4.5090547464969995e-02,  0.0000000000000000e+00, -5.7957950330606777e-03, -3.4415384940907956e-02,  4.1237987536325554e-01,  0.0000000000000000e+00
 7.0029970029970032e+00,  6.3370735000258651e+02,  1.3127723859103047e-01,  2.9880129258827452e+01, -2.8675402842065944e-02,  9.4684020600718885e-02,  5.0008916534434311e-01,  4.4409940006696197e+03,  1.0302504237896484e+02, -1.4999863501797852e+04,  1.0014933589576636e+01,  2.6723009057139473e+00,  3.5814470127664197e+00,  1.7436554868419454e-03,  2.4208136254807824e-01,  2.5102778238123732e-02,  2.7433066213374246e-01, -5.0933636438774772e-04,  3.3344376891474896e-02,  4.9484135443616663e-02,  0.0000000000000000e+00, -6.7592850914254821e-03, -9.0170921212110637e-04,  4.6721643796137929e-01,  0.0000000000000000e+00
 7.0129870129870131e+00,  6.3370721188951529e+02,  1.3154061234331249e-01,  2.9880187238252244e+01, -2.8678144756750942e-02,  9.4690827912789141e-02,  5.0008211388010659e-01,  4.4473225110072581e+03,  1.0337064204560421e+02, -1.4999864468037187e+04,  1.0014884633686936e+01,  2.6723682437344229e+00,  3.5865373962072411e+00,  1.7382299221348318e-03,  2.4241442821090997e-01,  2.5620439415795875e-02,  2.7433066213374246e-01, -5.7776272251636380e-04,  3.3449396062017904e-02,  5.3934611484717905e-02,  0.0000000000000000e+00, -6.9396718059236097e-03,  2.1926547154832658e-02,  4.2376886546710063e-01,  0.0000000000000000e+00
 7.0229770229770230e+00,  6.3370707332989082e+02,  1.3180509015397399e-01,  2.9880245027497910e+01, -2.8681060213638782e-02,  9.4698013575209211e-02,  5.0007042398730106e-01,  4.4536509895422178e+03,  1.0371680670202493e+02, -1.4999865441379034e+04,  1.0014835650530397e+01,  2.6724356555075861e+00,  3.5916276976314969e+00,  1.7321117761023579e-03,  2.4274968214971696e-01,  2.6180392853202998e-02,  2.7433066213374246e-01, -6.4472338514010735e-04,  3.3712739069042236e-02,  5.7488813974494631e-02,  0.0000000000000000e+00, -6.4658528513500090e-03,  3.0794722851439225e-02,  2.8778247298620724e-01,  0.0000000000000000e+00
 7.0329670329670328e+00,  6.3370693433077099e+02,  1.3207108224751823e-01,  2.9880302628288646e+01, -2.8683868969240755e-02,  9.4705339026937965e-02,  5.0005465869185062e-01,  4.4599794362189723e+03,  1.0406353634732460e+02, -1.4999866421833887e+04,  1.0014786637696425e+01,  2.6725031505853623e+00,  3.5967178743707926e+00,  1.7253483360181465e-03,  2.4308800941109063e-01,  2.6769067067633916e-02,  2.7433066213374246e-01, -7.0439335310092555e-04,  3.4003866542184666e-02,  7.1908775441448539e-02,  0.0000000000000000e+00, -5.4800747344059299e-03,  2.7488997271675815e-02,  2.5990938126979977e+00,  0.0000000000000000e+00
 7.0429570429570427e+00,  6.3370679489830661e+02,  1.3233889390248380e-01,  2.9880360033983120e+01, -2.8686288465450363e-02,  9.4712673089401067e-02,  5.0003566990133119e-01,  4.4663078509819916e+03,  1.0441083097983670e+02, -1.4999867409412753e+04,  1.0014737595760911e+01,  2.6725707353042507e+00,  3.6018078897510959e+00,  1.7180379828336083e-03,  2.4342908008262773e-01,  2.7617131623261893e-02,  2.7433066213374246e-01, -7.5055867230190145e-04,  3.4303009793898519e-02,  1.1008146549892775e-01,  0.0000000000000000e+00, -3.7622221696295543e-03,  3.2399481721438091e-02,  5.0430787368094299e+00,  0.0000000000000000e+00
 7.0529470529470526e+00,  6.3370665503337136e+02,  1.3260851870266133e-01,  2.9880417336776539e+01, -2.8687902015335446e-02,  9.4720451361210822e-02,  5.0001555938948561e-01,  4.4726362337758510e+03,  1.0475869059606454e+02, -1.4999868404126444e+04,  1.0014688529565694e+01,  2.6726384151764129e+00,  3.6068977217385561e+00,  1.7103521587493774e-03,  2.4377338423214753e-01,  2.8968496947732347e-02,  2.7433066213374246e-01, -7.7551994467401643e-04,  3.4765773036832204e-02,  1.4799583690404902e-01,  0.0000000000000000e+00, -1.2350245592747326e-03,  6.0245719514190846e-02,  2.5473784184970296e+00,  0.0000000000000000e+00
 7.0629370629370634e+00,  6.3370651472508325e+02,  1.3287967274045256e-01,  2.9880474678089641e+01, -2.8688406602648542e-02,  9.4729088878223497e-02,  4.9999662150967467e-01,  4.4789645845453124e+03,  1.0510711518956379e+02, -1.4999869405985604e+04,  1.0014639448975982e+01,  2.6727061969090289e+00,  3.6119873720903639e+00,  1.7025430788441169e-03,  2.4412370092252450e-01,  3.0574091401564668e-02,  2.7433066213374246e-01, -7.7458304959930786e-04,  3.5505004447453886e-02,  1.5876923451902167e-01,  0.0000000000000000e+00,  1.4225909532313849e-03,  8.7748408892265248e-02, -3.9054421597958033e-01,  0.0000000000000000e+00
 7.0729270729270732e+00,  6.3370637395286508e+02,  1.3315197489197947e-01,  2.9880532116393187e+01, -2.8687818032583738e-02,  9.4738362376256435e-02,  4.9998026039685217e-01,  4.4852929032352549e+03,  1.0545610475157551e+02, -1.4999870415000973e+04,  1.0014590366268189e+01,  2.6727740852561261e+00,  3.6170768613558866e+00,  1.6948759739421979e-03,  2.4448277493039838e-01,  3.2140709425634982e-02,  2.7433066213374246e-01, -7.4972992086932348e-04,  3.6394750602790515e-02,  1.5413659900295834e-01,  0.0000000000000000e+00,  3.5530054185183126e-03,  9.0378771405806427e-02, -5.3690941433768324e-01,  0.0000000000000000e+00
 7.0829170829170831e+00,  6.3370623269290616e+02,  1.3342495311781244e-01,  2.9880589624090778e+01, -2.8686325707082343e-02,  9.4747770784732427e-02,  4.9996756801079617e-01,  4.4916211897904786e+03,  1.0580565927200752e+02, -1.4999871431184185e+04,  1.0014541293041045e+01,  2.6728420790642260e+00,  3.6221662210073435e+00,  1.6875634600455292e-03,  2.4485086876673609e-01,  3.3653743729296068e-02,  2.7433066213374246e-01, -7.0671988016399157e-04,  3.7188922174099678e-02,  1.4911192520301469e-01,  0.0000000000000000e+00,  5.0576047306892516e-03,  6.8614377170289190e-02, -4.6903028041104899e-01,  0.0000000000000000e+00
 7.0929070929070930e+00,  6.3370609092211930e+02,  1.3369804017185644e-01,  2.9880647122814231e+01, -2.8684164915170982e-02,  9.4756836833692418e-02,  4.9995947548615249e-01,  4.4979494441557399e+03,  1.0615577873962685e+02, -1.4999872454547656e+04,  1.0014492239200768e+01,  2.6729101706092089e+00,  3.6272554919272206e+00,  1.6807556966162442e-03,  2.4522581033847229e-01,  3.5119968670450426e-02,  2.7433066213374246e-01, -6.5166857165410415e-04,  3.7684857261570177e-02,  1.4526297639631419e-01,  0.0000000000000000e+00,  5.9636672329903212e-03,  3.0671827341305909e-02, -3.0152927069040214e-01,  0.0000000000000000e+00
 7.1028971028971029e+00,  6.3370594862113705e+02,  1.3397063279356497e-01,  2.9880704507307705e+01, -2.8681571694108204e-02,  9.4765209405383299e-02,  4.9995652200352680e-01,  4.5042776662756942e+03,  1.0650646314238377e+02, -1.4999873485104645e+04,  1.0014443212600247e+01,  2.6729783468066093e+00,  3.6323447217165592e+00,  1.6745431089635293e-03,  2.4560381296776645e-01,  3.6556100900051562e-02,  2.7433066213374246e-01, -5.9021153603709014e-04,  3.7775124949335354e-02,  1.4342444480880950e-01,  0.0000000000000000e+00,  6.3400312975360387e-03, -1.2600236250717772e-02, -6.6544753128040451e-02,  0.0000000000000000e+00
 7.1128871128871127e+00,  6.3370580577618932e+02,  1.3424215386275321e-01,  2.9880761673300960e+01, -2.8678749499478736e-02,  9.4772731493945897e-02,  4.9995875441753002e-01,  4.5106058560949923e+03,  1.0685771246791839e+02, -1.4999874522868655e+04,  1.0014394219000030e+01,  2.6730465915484363e+00,  3.6374339604777788e+00,  1.6689632583337850e-03,  2.4598055808970776e-01,  3.7985591943353679e-02,  2.7433066213374246e-01, -5.2714048367796730e-04,  3.7461413709804506e-02,  1.4340771490700030e-01,  0.0000000000000000e+00,  6.2867933847604966e-03, -5.0204753903358858e-02,  6.3195426785841391e-02,  0.0000000000000000e+00
 7.1228771228771226e+00,  6.3370566237948492e+02,  1.3451210157864918e-01,  2.9880818542972907e+01, -2.8675850801605146e-02,  9.4779460774625637e-02,  4.9996576369916734e-01,  4.5169340135582397e+03,  1.0720952670409717e+02, -1.4999875567853278e+04,  1.0014345262277228e+01,  2.6731148885347817e+00,  3.6425232563624665e+00,  1.6640108315673662e-03,  2.4635229276216813e-01,  3.9421389909182404e-02,  2.7433066213374246e-01, -4.6675676437903649e-04,  3.6837109353356434e-02,  1.2810554413194963e-01,  0.0000000000000000e+00,  5.8020272188855941e-03, -7.4780978257545483e-02, -3.1266900159510231e+00,  0.0000000000000000e+00
 7.1328671328671325e+00,  6.3370551842936129e+02,  1.3478016118236824e-01,  2.9880875061343410e+01, -2.8673129288512487e-02,  9.4785552198716566e-02,  4.9997628008887735e-01,  4.5232621386100363e+03,  1.0756190583963665e+02, -1.4999876620071664e+04,  1.0014296344258712e+01,  2.6731832239016216e+00,  3.6476126504323005e+00,  1.6596374488556825e-03,  2.4671656427059399e-01,  4.0545143274661334e-02,  2.7433066213374246e-01, -4.1653722406680659e-04,  3.6020615003991036e-02,  8.8334040608186351e-02,  0.0000000000000000e+00,  4.2519247516188650e-03, -8.8681190485081510e-02, -4.8355649895052624e+00,  0.0000000000000000e+00
 7.1428571428571432e+00,  6.3370537393371535e+02,  1.3504642575731557e-01,  2.9880931167393292e+01, -2.8671155754628769e-02,  9.4791127387199331e-02,  4.9998757649521292e-01,  4.5295902311948903e+03,  1.0791484986575766e+02, -1.4999877679536450e+04,  1.0014247461448562e+01,  2.6732515883580232e+00,  3.6527021635068646e+00,  1.6556884095080891e-03,  2.4707198536964051e-01,  4.1186305805449921e-02,  2.7433066213374246e-01, -3.8729629875995262e-04,  3.5121605233623121e-02,  5.8878174811957229e-02,  0.0000000000000000e+00,  1.6021084948131027e-03, -9.1300565542568698e-02, -1.0614993428996129e+00,  0.0000000000000000e+00
 7.1528471528471531e+00,  6.3370522890811833e+02,  1.3531122789680275e-01,  2.9880986843224907e+01, -2.8670272074273959e-02,  9.4796448720695370e-02,  4.9999735768660569e-01,  4.5359182912571823e+03,  1.0826835877694428e+02, -1.4999878746259628e+04,  1.0014198603964546e+01,  2.6733199786893502e+00,  3.6577917901149233e+00,  1.6518992610682706e-03,  2.4741829464489218e-01,  4.1721530383791387e-02,  2.7433066213374246e-01, -3.8428452647296351e-04,  3.4279923398465362e-02,  5.6043098237476149e-02,  0.0000000000000000e+00, -9.9915168295457136e-04, -7.7204137856321672e-02,  4.9391701268806393e-01,  0.0000000000000000e+00
 7.1628371628371630e+00,  6.3370508336921500e+02,  1.3557491716887729e-01,  2.9881042136852518e+01, -2.8670383960934478e-02,  9.4801887189069234e-02,  5.0000459761690819e-01,  4.5422463187412759e+03,  1.0862243256954415e+02, -1.4999879820252352e+04,  1.0014149760173469e+01,  2.6733883975746107e+00,  3.6628815095230336e+00,  1.6480103969911469e-03,  2.4775689892405539e-01,  4.2306048027976904e-02,  2.7433066213374246e-01, -4.0402392406263445e-04,  3.3642073098638141e-02,  5.9959831172508769e-02,  0.0000000000000000e+00, -2.9526757144975905e-03, -5.0493492169089528e-02,  2.9021292090547557e-01,  0.0000000000000000e+00
 7.1728271728271729e+00,  6.3370493733173691e+02,  1.3583788502789279e-01,  2.9881097115531297e+01, -2.8671298099281158e-02,  9.4807684083231133e-02,  5.0000864917432775e-01,  4.5485743135915882e+03,  1.0897707124077203e+02, -1.4999880901525134e+04,  1.0014100919675911e+01,  2.6734568521086932e+00,  3.6679712936370841e+00,  1.6438268549930932e-03,  2.4809046393757225e-01,  4.2919529008616723e-02,  2.7433066213374246e-01, -4.4006963241543314e-04,  3.3281161176123168e-02,  6.1481468926417648e-02,  0.0000000000000000e+00, -4.2636750977327912e-03, -2.1761074718408834e-02,  1.4418957427086113e-02,  0.0000000000000000e+00
 7.1828171828171827e+00,  6.3370479080767450e+02,  1.3610054732420415e-01,  2.9881151835909119e+01, -2.8672810191041162e-02,  9.4813890906263992e-02,  5.0000913710220740e-01,  4.5549022757525308e+03,  1.0933227478840179e+02, -1.4999881990088072e+04,  1.0014052073844729e+01,  2.6735253516569992e+00,  3.6730611095452557e+00,  1.6392177969428866e-03,  2.4842185718931259e-01,  4.3534449005527692e-02,  2.7433066213374246e-01, -4.8642710995268411e-04,  3.3172553389203406e-02,  6.0165516574528413e-02,  0.0000000000000000e+00, -5.0170919052249666e-03,  1.7795777073061207e-05, -2.7787261827531429e-01,  0.0000000000000000e+00
 7.1928071928071926e+00,  6.3370464380674002e+02,  1.3636332094364928e-01,  2.9881206327622262e+01, -2.8674730270445946e-02,  9.4820397491203329e-02,  5.0000591631625413e-01,  4.5612302051685510e+03,  1.0968804321049539e+02, -1.4999883085951231e+04,  1.0014003215910925e+01,  2.6735939056682239e+00,  3.6781509217834816e+00,  1.6341080316174153e-03,  2.4875325221707681e-01,  4.4121637231884010e-02,  2.7433066213374246e-01, -5.3810258393468971e-04,  3.3222007684230816e-02,  5.6155876476948849e-02,  0.0000000000000000e+00, -5.3283379859726679e-03,  9.8829540874145732e-03, -5.2485732926012363e-01,  0.0000000000000000e+00
 7.2027972027972025e+00,  6.3370449633773399e+02,  1.3662661772066198e-01,  2.9881260587920288e+01, -2.8676894492779232e-02,  9.4826997581453090e-02,  4.9999896007583988e-01,  4.5675581017840295e+03,  1.1004437650521800e+02, -1.4999884189124779e+04,  1.0013954340827294e+01,  2.6736625220990513e+00,  3.6832406938804461e+00,  1.6284664965645712e-03,  2.4908563356661989e-01,  4.4656444539532651e-02,  2.7433066213374246e-01, -5.9129122906823517e-04,  3.3307667015184991e-02,  5.0178102675255590e-02,  0.0000000000000000e+00, -5.3200287697632558e-03,  7.2660439696115037e-03, -6.7189298583888024e-01,  0.0000000000000000e+00
 7.2127872127872124e+00,  6.3370434841023803e+02,  1.3689085403030624e-01,  2.9881314586090799e+01, -2.8679164357481423e-02,  9.4833463915237393e-02,  4.9998823099483214e-01,  4.5738859655433462e+03,  1.1040127467078965e+02, -1.4999885299619198e+04,  1.0013905445024083e+01,  2.6737312067532812e+00,  3.6883303887885925e+00,  1.6222940210466215e-03,  2.4941874006952805e-01,  4.5124196725895099e-02,  2.7433066213374246e-01, -6.4333640338329117e-04,  3.3319132955473625e-02,  4.5278523307394139e-02,  0.0000000000000000e+00, -5.0994151281163452e-03, -4.9705627235306195e-03, -3.0900280360656351e-01,  0.0000000000000000e+00
 7.2227772227772231e+00,  6.3370420003612901e+02,  1.3715646989226912e-01,  2.9881368274004870e+01, -2.8681416824465556e-02,  9.4839609216151463e-02,  4.9997358006506559e-01,  4.5802137963908071e+03,  1.1075873770555944e+02, -1.4999886417445083e+04,  1.0013856526168544e+01,  2.6737999634958802e+00,  3.6934199682623516e+00,  1.6156126223710984e-03,  2.4975135050878722e-01,  4.5561110339880216e-02,  2.7433066213374246e-01, -6.9174561524049734e-04,  3.3215851695800991e-02,  6.4134391711050800e-02,  0.0000000000000000e+00, -4.5921090856960202e-03, -1.5706345462930520e-02,  4.0839476580185039e+00,  0.0000000000000000e+00
 7.2327672327672330e+00,  6.3370405122859711e+02,  1.3742380059568279e-01,  2.9881421669395891e+01, -2.8683392265893847e-02,  9.4845711395958474e-02,  4.9995564687796917e-01,  4.5865415942707305e+03,  1.1111676560776151e+02, -1.4999887542613131e+04,  1.0013807583634611e+01,  2.6738687958294323e+00,  3.6985093947925640e+00,  1.6084729298330247e-03,  2.5008239345006356e-01,  4.6405603153688364e-02,  2.7433066213374246e-01, -7.3100657379218637e-04,  3.3162868786102737e-02,  1.0753905779073517e-01,  0.0000000000000000e+00, -3.2679348163456453e-03,  5.0991669410463862e-03,  4.6056664911334728e+00,  0.0000000000000000e+00
 7.2427572427572429e+00,  6.3370390199251062e+02,  1.3769288061000784e-01,  2.9881474931148137e+01, -2.8684699450572060e-02,  9.4852562796635412e-02,  4.9993630925503102e-01,  4.5928693591276478e+03,  1.1147535837381430e+02, -1.4999888675133325e+04,  1.0013758621040038e+01,  2.6739377110825093e+00,  3.7035986454022023e+00,  1.6010070964212048e-03,  2.5041394528972832e-01,  4.7709742863171603e-02,  2.7433066213374246e-01, -7.5359250350966525e-04,  3.3445849623637100e-02,  1.3457538623206869e-01,  0.0000000000000000e+00, -1.2537683130936952e-03,  5.1553596733333935e-02,  8.0700646282156385e-01,  0.0000000000000000e+00
 7.2527472527472527e+00,  6.3370375231902347e+02,  1.3796357916173438e-01,  2.9881528214278116e+01, -2.8685125783110482e-02,  9.4860465446045275e-02,  4.9991714085152983e-01,  4.5991970909062657e+03,  1.1183451599774153e+02, -1.4999889815015114e+04,  1.0013709646206927e+01,  2.6740067197384425e+00,  3.7086877164089684e+00,  1.5934161365561085e-03,  2.5075064219379256e-01,  4.9094422059423971e-02,  2.7433066213374246e-01, -7.5602462246197172e-04,  3.4134021510601395e-02,  1.4036500114594982e-01,  0.0000000000000000e+00,  7.6685809884195083e-04,  8.6218415036918905e-02,  3.5207444293744772e-01,  0.0000000000000000e+00
 7.2627372627372626e+00,  6.3370360219040811e+02,  1.3823567296857062e-01,  2.9881581578148037e+01, -2.8684668828566250e-02,  9.4869108660340568e-02,  4.9989933104944434e-01,  4.6055247895513348e+03,  1.1219423847202533e+02, -1.4999890962268222e+04,  1.0013660668453545e+01,  2.6740758296237908e+00,  3.7137766165957093e+00,  1.5859017093590277e-03,  2.5109594372150856e-01,  5.0514238390563175e-02,  2.7433066213374246e-01, -7.3925582886759963e-04,  3.5043567386676404e-02,  1.4523437088430352e-01,  0.0000000000000000e+00,  2.5902543787513651e-03,  9.5872669353300161e-02,  6.2277337868097538e-01,  0.0000000000000000e+00
 7.2727272727272725e+00,  6.3370345158397072e+02,  1.3850875010091285e-01,  2.9881635023013541e+01, -2.8683375626094486e-02,  9.4878059192054318e-02,  4.9988438963291915e-01,  4.6118524550075908e+03,  1.1255452578757452e+02, -1.4999892116903238e+04,  1.0013611697477272e+01,  2.6741450425771864e+00,  3.7188653675221817e+00,  1.5786457903249878e-03,  2.5145081337034952e-01,  5.1996207691477954e-02,  2.7433066213374246e-01, -7.0524911018045105e-04,  3.5935053308908373e-02,  1.5221127172567256e-01,  0.0000000000000000e+00,  4.2178907024158592e-03,  8.2602812277541918e-02,  7.7400216976112524e-01,  0.0000000000000000e+00
 7.2827172827172824e+00,  6.3370330047502330e+02,  1.3878222742380275e-01,  2.9881688502233359e+01, -2.8681321687278598e-02,  9.4886884420127937e-02,  4.9987383455936291e-01,  4.6181800872197400e+03,  1.1291537793351350e+02, -1.4999893278931511e+04,  1.0013562743079563e+01,  2.6742143536113550e+00,  3.7239540052654720e+00,  1.5718108180467311e-03,  2.5181392680460363e-01,  5.3555422640826328e-02,  2.7433066213374246e-01, -6.5614619506776091e-04,  3.6611361936930376e-02,  1.5991395159215027e-01,  0.0000000000000000e+00,  5.6125129031384885e-03,  5.2794175052786309e-02,  7.6807433950908222e-01,  0.0000000000000000e+00
 7.2927072927072931e+00,  6.3370314883976482e+02,  1.3905540550449572e-01,  2.9881741939174265e+01, -2.8678606811884649e-02,  9.4895236838184016e-02,  4.9986888054129652e-01,  4.6245076861324505e+03,  1.1327679489735623e+02, -1.4999894448365325e+04,  1.0013513814834862e+01,  2.6742837516011004e+00,  3.7290425789694610e+00,  1.5655359762377194e-03,  2.5218230911334516e-01,  5.5191291639373169e-02,  2.7433066213374246e-01, -5.9462787564702963e-04,  3.6950082173752147e-02,  1.6673561412367552e-01,  0.0000000000000000e+00,  6.7034546448915154e-03,  1.5017616358930610e-02,  5.9762249930223132e-01,  0.0000000000000000e+00
 7.3026973026973030e+00,  6.3370299665761149e+02,  1.3932754047385881e-01,  2.9881795246995214e+01, -2.8675355869048715e-02,  9.4902908148331272e-02,  4.9987022791201835e-01,  4.6308352516903760e+03,  1.1363877666548609e+02, -1.4999895625217347e+04,  1.0013464921650284e+01,  2.6743532210878254e+00,  3.7341311468995393e+00,  1.5599301412106263e-03,  2.5255219018469860e-01,  5.6886803542398376e-02,  2.7433066213374246e-01, -5.2415766804607856e-04,  3.6915166178625940e-02,  1.7009978913252041e-01,  0.0000000000000000e+00,  7.4046809168237561e-03, -2.2007798583528554e-02,  7.5885337466982825e-02,  0.0000000000000000e+00
 7.3126873126873129e+00,  6.3370284391266625e+02,  1.3959791747975231e-01,  2.9881848346927626e+01, -2.8671721631910188e-02,  9.4909847349269827e-02,  4.9987797458874139e-01,  4.6371627838381819e+03,  1.1400132322381202e+02, -1.4999896809500504e+04,  1.0013416071233582e+01,  2.6744227446825231e+00,  3.7392197710710260e+00,  1.5550632955574782e-03,  2.5291987487115986e-01,  5.8589888824838073e-02,  2.7433066213374246e-01, -4.4981018986624353e-04,  3.6541132512605455e-02,  1.4914775936366051e-01,  0.0000000000000000e+00,  7.4796842147793821e-03, -5.2873741353773096e-02, -4.2704816971927810e+00,  0.0000000000000000e+00
 7.3226773226773227e+00,  6.3370269059575855e+02,  1.3986602433959483e-01,  2.9881901155354704e+01, -2.8668080431664904e-02,  9.4916037555922692e-02,  4.9989093985968858e-01,  4.6434902825204963e+03,  1.1436443455873344e+02, -1.4999898001227553e+04,  1.0013367268824203e+01,  2.6744923055336338e+00,  3.7443085094303332e+00,  1.5509429246298822e-03,  2.5328228274239301e-01,  5.9866778754459490e-02,  2.7433066213374246e-01, -3.8220157132687333e-04,  3.5874510722531977e-02,  9.8056370458318901e-02,  0.0000000000000000e+00,  6.0555612168026888e-03, -8.0583941018938371e-02, -5.9580143616567307e+00,  0.0000000000000000e+00
 7.3326673326673326e+00,  6.3370253671005912e+02,  1.4013181411690920e-01,  2.9881953560464581e+01, -2.8665185349729547e-02,  9.4921426431937725e-02,  4.9990612313666832e-01,  4.6498177476817955e+03,  1.1472811065935907e+02, -1.4999899200411011e+04,  1.0013318512616056e+01,  2.6745618897976491e+00,  3.7493973981835169e+00,  1.5474269005259723e-03,  2.5363664831216948e-01,  6.0549057065763502e-02,  2.7433066213374246e-01, -3.3614122343643974e-04,  3.4966915263795424e-02,  6.0102544493799391e-02,  0.0000000000000000e+00,  3.1657204308622208e-03, -1.0111666982012234e-01, -1.6403415964401624e+00,  0.0000000000000000e+00
 7.3426573426573425e+00,  6.3370238226990284e+02,  1.4039551362362407e-01,  2.9882005493304497e+01, -2.8663495258820393e-02,  9.4926187218080410e-02,  4.9992093953716837e-01,  4.6561451792663829e+03,  1.1509235151847423e+02, -1.4999900407062942e+04,  1.0013269792687755e+01,  2.6746314888495815e+00,  3.7544864440049883e+00,  1.5442268162695139e-03,  2.5398092240800330e-01,  6.1067628794295628e-02,  2.7433066213374246e-01, -3.1997241383795887e-04,  3.3942675651762254e-02,  4.7191517502635477e-02,  0.0000000000000000e+00,  7.1275250753679876e-05, -1.0393610050891980e-01, -9.4444600719088301e-01,  0.0000000000000000e+00
 7.3526473526473524e+00,  6.3370222729458249e+02,  1.4065745982357136e-01,  2.9882056953509270e+01, -2.8663067117607653e-02,  9.4930668151374964e-02,  4.9993369277891758e-01,  4.6624725772185193e+03,  1.1545715713126094e+02, -1.4999901621194555e+04,  1.0013221095954602e+01,  2.6747011001756920e+00,  3.7595756340451634e+00,  1.5410338453044348e-03,  2.5431482364986702e-01,  6.1491944528353611e-02,  2.7433066213374246e-01, -3.3322952514799209e-04,  3.2971435704156969e-02,  3.7951957505438103e-02,  0.0000000000000000e+00, -2.7253489350223536e-03, -9.0506137001661047e-02, -9.0531390424805247e-01,  0.0000000000000000e+00
 7.3626373626373622e+00,  6.3370207180571731e+02,  1.4091815765915286e-01,  2.9882107970433466e+01, -2.8663852081755221e-02,  9.4935163458888028e-02,  4.9994279349589604e-01,  4.6687999414824317e+03,  1.1582252749481016e+02, -1.4999902842816169e+04,  1.0013172408552336e+01,  2.6747707271476848e+00,  3.7646649397276191e+00,  1.5375688836991245e-03,  2.5463969235214229e-01,  6.1825909663535142e-02,  2.7433066213374246e-01, -3.7220950629746584e-04,  3.2180325154290902e-02,  3.0059972744121890e-02,  0.0000000000000000e+00, -5.0784432911052425e-03, -6.7874195081234268e-02, -6.7466144496714475e-01,  0.0000000000000000e+00
 7.3726273726273730e+00,  6.3370191582529708e+02,  1.4117823586214592e-01,  2.9882158586601943e+01, -2.8665709559642018e-02,  9.4939863351275591e-02,  4.9994695214455265e-01,  4.6751272720023899e+03,  1.1618846260790332e+02, -1.4999904071937553e+04,  1.0013123716867501e+01,  2.6748403778907401e+00,  3.7697543184991851e+00,  1.5335970919318578e-03,  2.5495778718941331e-01,  6.2092543384380042e-02,  2.7433066213374246e-01, -4.3174349796085338e-04,  3.1626797307401575e-02,  2.5226820162672109e-02,  0.0000000000000000e+00, -6.8402618399045533e-03, -4.2942079866006004e-02, -2.9293570183906981e-01,  0.0000000000000000e+00
 7.3826173826173829e+00,  6.3370175937433919e+02,  1.4143838763281508e-01,  2.9882208845478971e+01, -2.8668410240215596e-02,  9.4944849670102097e-02,  4.9994532345857023e-01,  4.6814545687226064e+03,  1.1655496247056958e+02, -1.4999905308567833e+04,  1.0013075008624297e+01,  2.6749100635993646e+00,  3.7748437174139426e+00,  1.5289426399836227e-03,  2.5527159639424823e-01,  6.2329942034417718e-02,  2.7433066213374246e-01, -5.0531383549231050e-04,  3.1308209752524407e-02,  2.4597953575481894e-02,  0.0000000000000000e+00, -7.8885197338888855e-03, -2.0839148620681137e-02,  1.6703661108338899e-01,  0.0000000000000000e+00
 7.3926073926073927e+00,  6.3370160247208673e+02,  1.4169931387606050e-01,  2.9882258784140166e+01, -2.8671649242945730e-02,  9.4950118983115034e-02,  4.9993754760234782e-01,  4.6877818315873192e+03,  1.1692202708352811e+02, -1.4999906552716098e+04,  1.0013026273939449e+01,  2.6749797968067881e+00,  3.7799330776409099e+00,  1.5235009114025410e-03,  2.5558332584580740e-01,  6.2584010988285768e-02,  2.7433066213374246e-01, -5.8546571785110296e-04,  3.1182721489594088e-02,  2.8498903906318873e-02,  0.0000000000000000e+00, -8.1578871143415440e-03, -4.2836016179696223e-03,  6.1393364515018356e-01,  0.0000000000000000e+00
 7.4025974025974026e+00,  6.3370144513565867e+02,  1.4196167709462534e-01,  2.9882308430830744e+01, -2.8675070809175997e-02,  9.4955617867011968e-02,  4.9992370692889965e-01,  4.6941090605407417e+03,  1.1728965644762700e+02, -1.4999907804391178e+04,  1.0012977506187820e+01,  2.6750495899604463e+00,  3.7850223389912130e+00,  1.5172450232433410e-03,  2.5589462779264172e-01,  6.2899350703874632e-02,  2.7433066213374246e-01, -6.6448091524828879e-04,  3.1191881964380459e-02,  3.7158004917524988e-02,  0.0000000000000000e+00, -7.6609554045752549e-03,  6.1175286702011495e-03,  1.1196183772933004e+00,  0.0000000000000000e+00
 7.4125874125874125e+00,  6.3370128737995037e+02,  1.4222607050016053e-01,  2.9882357805283341e+01, -2.8678301907660835e-02,  9.4961272507688030e-02,  4.9990422463700818e-01,  4.7004362555271382e+03,  1.1765785056336728e+02, -1.4999909063602076e+04,  1.0012928702539304e+01,  2.6751194544497903e+00,  3.7901114437652459e+00,  1.5102245694395384e-03,  2.5620654027067014e-01,  6.3326428668955589e-02,  2.7433066213374246e-01, -7.3473349700771493e-04,  3.1297582150320427e-02,  6.7276181214903974e-02,  0.0000000000000000e+00, -6.4036114636620133e-03,  1.5043648554981736e-02,  4.9100405174420434e+00,  0.0000000000000000e+00
 7.4225774225774224e+00,  6.3370112921663895e+02,  1.4249290508826351e-01,  2.9882406967359312e+01, -2.8680903193400463e-02,  9.4967273612041478e-02,  4.9988037190213580e-01,  4.7067634164907822e+03,  1.1802660943031931e+02, -1.4999910330357779e+04,  1.0012879864442890e+01,  2.6751894005266283e+00,  3.7952003414606303e+00,  1.5025650332931371e-03,  2.5651995410933143e-01,  6.4243530148727843e-02,  2.7433066213374246e-01, -7.8700468117926740e-04,  3.1607635538803761e-02,  1.2390989748657810e-01,  0.0000000000000000e+00, -4.0610796074829194e-03,  4.7029039819381946e-02,  6.4280294801472468e+00,  0.0000000000000000e+00
 7.4325674325674322e+00,  6.3370097064582080e+02,  1.4276216034973338e-01,  2.9882456111781568e+01, -2.8682342950179567e-02,  9.4974363393930589e-02,  4.9985504952409260e-01,  4.7130905433762100e+03,  1.1839593304531876e+02, -1.4999911604666908e+04,  1.0012830999468536e+01,  2.6752594400170220e+00,  3.8002890034972356e+00,  1.4945002001852076e-03,  2.5683806146025662e-01,  6.5802150896459619e-02,  2.7433066213374246e-01, -8.1121638629581795e-04,  3.2352863955713518e-02,  1.6656508118923158e-01,  0.0000000000000000e+00, -7.8610375685054959e-04,  1.0216568924595271e-01,  2.1115382971240764e+00,  0.0000000000000000e+00
 7.4425574425574421e+00,  6.3370081164935925e+02,  1.4303349264534443e-01,  2.9882505432914311e+01, -2.8682314579934733e-02,  9.4982835222043427e-02,  4.9983108451381292e-01,  4.7194176361281980e+03,  1.1876582140136546e+02, -1.4999912886537757e+04,  1.0012782121196068e+01,  2.6753295858723072e+00,  3.8053774323086649e+00,  1.4863569136868272e-03,  2.5716636497757744e-01,  6.7571503798862301e-02,  2.7433066213374246e-01, -8.0253738198650404e-04,  3.3561249601912320e-02,  1.7847461227260192e-01,  0.0000000000000000e+00,  2.5236404195678472e-03,  1.3975311712333713e-01,  2.7274982576826118e-01,  0.0000000000000000e+00
 7.4525474525474529e+00,  6.3370065219672597e+02,  1.4330638571720175e-01,  2.9882554993608860e+01, -2.8680845149811420e-02,  9.4992198210771900e-02,  4.9981057027943021e-01,  4.7257446946916343e+03,  1.1913627448857967e+02, -1.4999914175979242e+04,  1.0012733245639438e+01,  2.6753998457362060e+00,  3.8104656537277672e+00,  1.4784654872584038e-03,  2.5750861589785728e-01,  6.9368077215592641e-02,  2.7433066213374246e-01, -7.6333963863295363e-04,  3.4959026817956027e-02,  1.7837264186549356e-01,  0.0000000000000000e+00,  5.3237477998126946e-03,  1.4008188152860371e-01, -2.9316430127135640e-01,  0.0000000000000000e+00
 7.4625374625374628e+00,  6.3370049225239177e+02,  1.4358011455559816e-01,  2.9882604754567577e+01, -2.8678141832702349e-02,  9.5001740982161131e-02,  4.9979547911115346e-01,  4.7320717190113000e+03,  1.1950729229475463e+02, -1.4999915473001538e+04,  1.0012684388522121e+01,  2.6754702177725389e+00,  3.8155537126406824e+00,  1.4711053724553991e-03,  2.5786484703188228e-01,  7.1135392747223927e-02,  2.7433066213374246e-01, -6.9984183208717204e-04,  3.6186524120523852e-02,  1.7275682489566191e-01,  0.0000000000000000e+00,  7.3885130706592382e-03,  1.0566307844515378e-01, -8.3112225609051527e-01,  0.0000000000000000e+00
 7.4725274725274726e+00,  6.3370033178185702e+02,  1.4385381945447509e-01,  2.9882654597159327e+01, -2.8674534447754672e-02,  9.5010758080744495e-02,  4.9978729192135196e-01,  4.7383987090319515e+03,  1.1987887480571294e+02, -1.4999916777616245e+04,  1.0012635563657751e+01,  2.6755406901682464e+00,  3.8206416701646910e+00,  1.4644826334704484e-03,  2.5823162337279282e-01,  7.2819762028692739e-02,  2.7433066213374246e-01, -6.2018710443362431e-04,  3.6950061651371165e-02,  1.6249887970881097e-01,  0.0000000000000000e+00,  8.5583634055812069e-03,  4.7197135230479727e-02, -1.2225183703170630e+00,  0.0000000000000000e+00
 7.4825174825174825e+00,  6.3370017075695694e+02,  1.4412662305270038e-01,  2.9882704356363210e+01, -2.8670424181655173e-02,  9.5018710339716927e-02,  4.9978664919929361e-01,  4.7447256646982059e+03,  1.2025102200611728e+02, -1.4999918089835977e+04,  1.0012586781642042e+01,  2.6756112431044676e+00,  3.8257295970534457e+00,  1.4587140217174647e-03,  2.5860311000193964e-01,  7.4382123610536796e-02,  2.7433066213374246e-01, -5.3362487903591200e-04,  3.7086035305788301e-02,  1.4952336917048295e-01,  0.0000000000000000e+00,  8.7713941190409837e-03, -1.9975209616168166e-02, -1.3751788394562354e+00,  0.0000000000000000e+00
 7.4925074925074924e+00,  6.3370000915942956e+02,  1.4439774653080381e-01,  2.9882753861599642e+01, -2.8666222382535335e-02,  9.5025334252463262e-02,  4.9979322677110244e-01,  4.7510525859546269e+03,  1.2062373388053858e+02, -1.4999919409673999e+04,  1.0012538049004887e+01,  2.6756818524779047e+00,  3.8308175649593044e+00,  1.4538207977254753e-03,  2.5897260309918219e-01,  7.5807241932198857e-02,  2.7433066213374246e-01, -4.4938277197121413e-04,  3.6587006380466615e-02,  1.3643405779810180e-01,  0.0000000000000000e+00,  8.0938757153117304e-03, -7.9930381233234843e-02, -1.2453012972945032e+00,  0.0000000000000000e+00
 7.5024975024975022e+00,  6.3369984698212261e+02,  1.4466659796313139e-01,  2.9882802974568236e+01, -2.8662288558946682e-02,  9.5030673772271923e-02,  4.9980584642225984e-01,  4.7573794727456871e+03,  1.2099701041450618e+02, -1.4999920737143544e+04,  1.0012489367990426e+01,  2.6757524943383237e+00,  3.8359056377618277e+00,  1.4497353449548032e-03,  2.5933411912043047e-01,  7.7108078811298039e-02,  2.7433066213374246e-01, -3.7543338862117034e-04,  3.5587543696507157e-02,  1.2037487644022093e-01,  0.0000000000000000e+00,  6.7107908313672098e-03, -1.2016204809545027e-01, -1.9697468105532847e+00,  0.0000000000000000e+00
 7.5124875124875121e+00,  6.3369968422783791e+02,  1.4493282638084165e-01,  2.9882851612792379e+01, -2.8658901322517791e-02,  9.5035024273238247e-02,  4.9982269463014661e-01,  4.7637063250158180e+03,  1.2137085159532387e+02, -1.4999922072257190e+04,  1.0012440736967676e+01,  2.6758231489190396e+00,  3.8409938648211210e+00,  1.4463196311196578e-03,  2.5968364293327822e-01,  7.8212334368566880e-02,  2.7433066213374246e-01, -3.1940823819868617e-04,  3.4297990071442970e-02,  7.8493237737300089e-02,  0.0000000000000000e+00,  4.5054442832110067e-03, -1.3800658764208554e-01, -6.4149572577702951e+00,  0.0000000000000000e+00
 7.5224775224775229e+00,  6.3369952090981735e+02,  1.4519653448112202e-01,  2.9882899713229154e+01, -2.8656567445774977e-02,  9.5038666558788537e-02,  4.9984045944281325e-01,  4.7700331427094079e+03,  1.2174525741319485e+02, -1.4999923415026677e+04,  1.0012392149580677e+01,  2.6758938035024955e+00,  3.8460822718546357e+00,  1.4433535619738102e-03,  2.6001939364733245e-01,  7.8676375269585805e-02,  2.7433066213374246e-01, -2.9191822979372415e-04,  3.2912092965449842e-02,  3.1799438442403176e-02,  0.0000000000000000e+00,  9.9805539946220710e-04, -1.3945001297773046e-01, -2.9331413610677601e+00,  0.0000000000000000e+00
 7.5324675324675328e+00,  6.3369935705297326e+02,  1.4545829652814837e-01,  2.9882947242439752e+01, -2.8655784274914414e-02,  9.5041926014444514e-02,  4.9985539163338810e-01,  4.7763599257706319e+03,  1.2212022786292782e+02, -1.4999924765462709e+04,  1.0012343591831781e+01,  2.6759644542130081e+00,  3.8511708473531900e+00,  1.4404870990558469e-03,  2.6034122720831221e-01,  7.8847687783999532e-02,  2.7433066213374246e-01, -3.0032085137628666e-04,  3.1619707164921240e-02,  2.2073044499320342e-02,  0.0000000000000000e+00, -2.6802602402887323e-03, -1.1928562428837901e-01,  9.8591729366253156e-01,  0.0000000000000000e+00
 7.5424575424575426e+00,  6.3369919268553508e+02,  1.4571875759547404e-01,  2.9882994264152931e+01, -2.8656441045012037e-02,  9.5045340798853031e-02,  4.9986565969229929e-01,  4.7826866741436079e+03,  1.2249576294266276e+02, -1.4999926123574876e+04,  1.0012295046434289e+01,  2.6760351061141150e+00,  3.8562595526372769e+00,  1.4373531453628955e-03,  2.6065115602824995e-01,  7.9117395139702090e-02,  2.7433066213374246e-01, -3.4047220680647248e-04,  3.0638851314155557e-02,  3.4482800794008298e-02,  0.0000000000000000e+00, -5.3580411168345594e-03, -7.7081717034912484e-02,  1.4985159165340254e+00,  0.0000000000000000e+00
 7.5524475524475525e+00,  6.3369902783203554e+02,  1.4597856237630516e-01,  2.9883040900746639e+01, -2.8658164470003016e-02,  9.5049397661019941e-02,  4.9987051475651406e-01,  4.7890133877725393e+03,  1.2287186265183777e+02, -1.4999927489371617e+04,  1.0012246498308235e+01,  2.6761057715048784e+00,  3.8613483380507003e+00,  1.4336844575612122e-03,  2.6095339206973389e-01,  7.9536654832830858e-02,  2.7433066213374246e-01, -4.0141095902907062e-04,  3.0133458736948528e-02,  5.0260926105068153e-02,  0.0000000000000000e+00, -6.8418970781297271e-03, -2.4097876921936393e-02,  1.6602647707401950e+00,  0.0000000000000000e+00
 7.5624375624375624e+00,  6.3369886250989396e+02,  1.4623830677256758e-01,  2.9883087288454206e+01, -2.8660517543449639e-02,  9.5054374557602850e-02,  4.9986996154844171e-01,  4.7953400666017142e+03,  1.2324852699021625e+02, -1.4999928862860717e+04,  1.0012197936324684e+01,  2.6761764671277639e+00,  3.8664371508662674e+00,  1.4293329463812958e-03,  2.6125322313588129e-01,  8.0121609447495648e-02,  2.7433066213374246e-01, -4.7144435559237494e-04,  3.0144628050920327e-02,  6.5952625701145781e-02,  0.0000000000000000e+00, -7.1787889138439677e-03,  2.6333973579090470e-02,  1.4812134883945833e+00,  0.0000000000000000e+00
 7.5724275724275723e+00,  6.3369869672796415e+02,  1.4649846426924354e-01,  2.9883133543718795e+01, -2.8663066886711164e-02,  9.5060292811217417e-02,  4.9986469737170186e-01,  4.8016667105754750e+03,  1.2362575595704541e+02, -1.4999930244049661e+04,  1.0012149353945960e+01,  2.6762472106461095e+00,  3.8715259422033896e+00,  1.4242649899170090e-03,  2.6155568234048154e-01,  8.0854389612074515e-02,  2.7433066213374246e-01, -5.4002445885465453e-04,  3.0586451710352885e-02,  7.8202839178595510e-02,  0.0000000000000000e+00, -6.5509477592645641e-03,  6.2119123039309158e-02,  9.7127924979088009e-01,  0.0000000000000000e+00
 7.5824175824175821e+00,  6.3369853048742755e+02,  1.4675935204139054e-01,  2.9883179733884688e+01, -2.8665441277716433e-02,  9.5066915909203215e-02,  4.9985586464407922e-01,  4.8079933196382235e+03,  1.2400354955041612e+02, -1.4999931632946251e+04,  1.0012100749154227e+01,  2.6763180171215426e+00,  3.8766146723493882e+00,  1.4185432469036804e-03,  2.6186434105217204e-01,  8.1684103736778257e-02,  2.7433066213374246e-01, -5.9900848014243801e-04,  3.1269919714144036e-02,  8.4120394560865452e-02,  0.0000000000000000e+00, -5.2576533025498230e-03,  7.4711171319680372e-02,  2.1341533773957599e-01,  0.0000000000000000e+00
 7.5924075924075920e+00,  6.3369836378484013e+02,  1.4702114676680464e-01,  2.9883225859272486e+01, -2.8667377973500236e-02,  9.5073806193954336e-02,  4.9984467953723521e-01,  4.8143198937343459e+03,  1.2438190776699560e+02, -1.4999933029558817e+04,  1.0012052123698847e+01,  2.6763888962687252e+00,  3.8817033130022871e+00,  1.4122967885155618e-03,  2.6218045596114375e-01,  8.2535116776127751e-02,  2.7433066213374246e-01, -6.4363736255511382e-04,  3.1949319571872498e-02,  8.1962983802262010e-02,  0.0000000000000000e+00, -3.6770489564733754e-03,  6.1304680197839072e-02, -6.4532897161120195e-01,  0.0000000000000000e+00
 7.6023976023976028e+00,  6.3369819661661529e+02,  1.4728394679565826e-01,  2.9883271852598703e+01, -2.8668750546059305e-02,  9.5080438332911479e-02,  4.9983203434651968e-01,  4.8206464328082229e+03,  1.2476083060222241e+02, -1.4999934433896588e+04,  1.0012003481779992e+01,  2.6764598511966335e+00,  3.8867918457687849e+00,  1.4056833595399415e-03,  2.6250268909556612e-01,  8.3321725790769560e-02,  2.7433066213374246e-01, -6.7300769116492400e-04,  3.2385000091474068e-02,  7.2214518500276562e-02,  0.0000000000000000e+00, -2.2028908312104359e-03,  2.5918559826392192e-02, -1.3063137818462214e+00,  0.0000000000000000e+00
 7.6123876123876126e+00,  6.3369802898368152e+02,  1.4754786410533455e-01,  2.9883317596655473e+01, -2.8669569650966609e-02,  9.5086340799085386e-02,  4.9981818305124825e-01,  4.8269729368041226e+03,  1.2514031805091075e+02, -1.4999935845969567e+04,  1.0011954828413771e+01,  2.6765308790324638e+00,  3.8918802572772790e+00,  1.3988500813993791e-03,  2.6282750891002438e-01,  8.3977964298610847e-02,  2.7433066213374246e-01, -6.8944654934713411e-04,  3.2424966532248425e-02,  7.4638957879640977e-02,  0.0000000000000000e+00, -1.0881685768618884e-03, -1.7917278383656175e-02,  1.7916865455944566e+00,  0.0000000000000000e+00
 7.6223776223776225e+00,  6.3369786089414424e+02,  1.4781303134360438e-01,  2.9883362999361452e+01, -2.8669880994599155e-02,  9.5091472834377633e-02,  4.9980318338328594e-01,  4.8332994056662837e+03,  1.2552037010789157e+02, -1.4999937265788149e+04,  1.0011906168141408e+01,  2.6766019737040816e+00,  3.8969685339672138e+00,  1.3919082037088300e-03,  2.6315054057473192e-01,  8.4813013660492639e-02,  2.7433066213374246e-01, -6.9511711276778272e-04,  3.2170961179957658e-02,  1.0142916709836244e-01,  0.0000000000000000e+00, -4.7078219951960236e-05, -3.2934593144956684e-02,  3.5717133399936425e+00,  0.0000000000000000e+00
 7.6323676323676324e+00,  6.3369769235613137e+02,  1.4807940436953101e-01,  2.9883408135995591e+01, -2.8669632157356535e-02,  9.5096655592328869e-02,  4.9978805704768858e-01,  4.8396258393390453e+03,  1.2590098676724678e+02, -1.4999938693362157e+04,  1.0011857505901300e+01,  2.6766731324247193e+00,  3.9020566683468036e+00,  1.3849616275978251e-03,  2.6347028535717637e-01,  8.6004521083792890e-02,  2.7433066213374246e-01, -6.9023069357491930e-04,  3.1972935198934502e-02,  1.1645396360323930e-01,  0.0000000000000000e+00,  1.0253393423632169e-03, -6.7102082558795264e-03, -5.6374907971725940e-01,  0.0000000000000000e+00
 7.6423576423576423e+00,  6.3369752336891929e+02,  1.4834689694691852e-01,  2.9883453130316759e+01, -2.8668879581911506e-02,  9.5102454214863810e-02,  4.9977332219430554e-01,  4.8459522377669473e+03,  1.2628216802176330e+02, -1.4999940128700646e+04,  1.0011808847349116e+01,  2.6767443588258515e+00,  3.9071446635057776e+00,  1.3781173806603803e-03,  2.6378936045882651e-01,  8.7139766180037853e-02,  2.7433066213374246e-01, -6.7678359133190090e-04,  3.2055226636068100e-02,  1.0818546042393855e-01,  0.0000000000000000e+00,  1.6667705266891046e-03,  2.3184953970026581e-02, -1.0916052567787706e+00,  0.0000000000000000e+00
 7.6523476523476521e+00,  6.3369735392592304e+02,  1.4861549293985254e-01,  2.9883498031503080e+01, -2.8667801487487800e-02,  9.5108774638081595e-02,  4.9975885004442311e-01,  4.8522786008945623e+03,  1.2666391386411237e+02, -1.4999941571812220e+04,  1.0011760196822955e+01,  2.6768156582288118e+00,  3.9122325234864985e+00,  1.3714394779208642e-03,  2.6411074942582907e-01,  8.8166068744610818e-02,  2.7433066213374246e-01, -6.5887136247302794e-04,  3.2363875361530507e-02,  1.0201352218001045e-01,  0.0000000000000000e+00,  1.9192576908573021e-03,  3.8606520867547081e-02, -1.4401677965565143e-01,  0.0000000000000000e+00
 7.6623376623376620e+00,  6.3369718401762680e+02,  1.4888510738554298e-01,  2.9883542850830040e+01, -2.8666513007023098e-02,  9.5115377301556003e-02,  4.9974498790966349e-01,  4.8586049286663674e+03,  1.2704622428690007e+02, -1.4999943022705978e+04,  1.0011711557157264e+01,  2.6768870339974260e+00,  3.9173202528395441e+00,  1.3649531176739063e-03,  2.6443599133518075e-01,  8.9177998391426649e-02,  2.7433066213374246e-01, -6.3879235856535157e-04,  3.2751927553709426e-02,  1.0573040732571007e-01,  0.0000000000000000e+00,  2.1005588914595548e-03,  3.9081528006673923e-02,  8.8813718582472678e-01,  0.0000000000000000e+00
 7.6723276723276719e+00,  6.3369701363268030e+02,  1.4915553873144985e-01,  2.9883587574892239e+01, -2.8665029153927352e-02,  9.5122012783659615e-02,  4.9973250950146914e-01,  4.8649312210268472e+03,  1.2742909928207246e+02, -1.4999944481391347e+04,  1.0011662930799670e+01,  2.6769584860641942e+00,  3.9224078613723377e+00,  1.3586763938336446e-03,  2.6476513359273635e-01,  9.0278564395474131e-02,  2.7433066213374246e-01, -6.1602073614587798e-04,  3.3093836523594697e-02,  1.1917662019764209e-01,  0.0000000000000000e+00,  2.4583199169134146e-03,  2.9368647764650299e-02,  1.8037946311369948e+00,  0.0000000000000000e+00
 7.6823176823176826e+00,  6.3369684275857026e+02,  1.4942645306106014e-01,  2.9883632183548830e+01, -2.8663278752535652e-02,  9.5128521278188008e-02,  4.9972244401512300e-01,  4.8712574779205206e+03,  1.2781253884048401e+02, -1.4999945947878170e+04,  1.0011614320936415e+01,  2.6770300107840921e+00,  3.9274953675709607e+00,  1.3526450110576047e-03,  2.6509720685013771e-01,  9.1559149644126869e-02,  2.7433066213374246e-01, -5.8814528284461089e-04,  3.3327042275178236e-02,  1.4023481460120521e-01,  0.0000000000000000e+00,  3.1223458340000612e-03,  1.7319143702372464e-02,  2.4120558884562038e+00,  0.0000000000000000e+00
 7.6923076923076925e+00,  6.3369667138150203e+02,  1.4969738235589702e-01,  2.9883676670006825e+01, -2.8661139905279315e-02,  9.5134890656977555e-02,  4.9971593355034943e-01,  4.8775836992918767e+03,  1.2819654295164716e+02, -1.4999947422176559e+04,  1.0011565732285336e+01,  2.6771016018662794e+00,  3.9325828005879075e+00,  1.3469252393312544e-03,  2.6543100856326940e-01,  9.3080458793100701e-02,  2.7433066213374246e-01, -5.5204309717442801e-04,  3.3464449557076732e-02,  1.6508991317446300e-01,  0.0000000000000000e+00,  4.1053117371755952e-03,  1.0189794133408394e-02,  2.5639348459085984e+00,  0.0000000000000000e+00
 7.7022977022977024e+00,  6.3369649948552603e+02,  1.4996773096721561e-01,  2.9883721051369566e+01, -2.8658482392835721e-02,  9.5141232372977017e-02,  4.9971413054333302e-01,  4.8839098850855426e+03,  1.2858111160362793e+02, -1.4999948904296596e+04,  1.0011517171432612e+01,  2.6771732516872020e+00,  3.9376702010609854e+00,  1.3416151789462276e-03,  2.6576582722090847e-01,  9.4857649407852365e-02,  2.7433066213374246e-01, -5.0496159178576347e-04,  3.3568786042916895e-02,  1.8831736626455101e-01,  0.0000000000000000e+00,  5.3204056416351567e-03,  1.0698370331793052e-02,  2.0862012627270765e+00,  0.0000000000000000e+00
 7.7122877122877123e+00,  6.3369632705156778e+02,  1.5023679070890916e-01,  2.9883765361663386e+01, -2.8655210791353185e-02,  9.5147679116677084e-02,  4.9971810612680068e-01,  4.8902360352462238e+03,  1.2896624478307680e+02, -1.4999950394248424e+04,  1.0011468646689092e+01,  2.6772449521059833e+00,  3.9427576209034436e+00,  1.3368360966382322e-03,  2.6610171357911189e-01,  9.6843043533651127e-02,  2.7433066213374246e-01, -4.4614450544455930e-04,  3.3689353095378502e-02,  1.8212867670010469e-01,  0.0000000000000000e+00,  6.4547750438740540e-03,  1.3439153571021127e-02, -3.3251769135292419e+00,  0.0000000000000000e+00
 7.7222777222777221e+00,  6.3369615405885463e+02,  1.5050387804531867e-01,  2.9883809601644568e+01, -2.8651487337258887e-02,  9.5154140789265249e-02,  4.9972804054812564e-01,  4.8965621497186994e+03,  1.2935194247566184e+02, -1.4999951892042094e+04,  1.0011420166842848e+01,  2.6773166942339519e+00,  3.9478451198692097e+00,  1.3327012028134693e-03,  2.6643894116886807e-01,  9.8496584007255014e-02,  2.7433066213374246e-01, -3.8227573616043443e-04,  3.3762495235329391e-02,  1.3504262208835990e-01,  0.0000000000000000e+00,  6.3317525668078953e-03,  1.2039028471464411e-03, -6.1014512197421746e+00,  0.0000000000000000e+00
 7.7322677322677320e+00,  6.3369598049405704e+02,  1.5076868512692140e-01,  2.9883853666603770e+01, -2.8648036538632616e-02,  9.5160163821761332e-02,  4.9974193610088763e-01,  4.9028882284475749e+03,  1.2973820466832314e+02, -1.4999953397687990e+04,  1.0011371735499672e+01,  2.6773884678209856e+00,  3.9529327476790925e+00,  1.3291982197918700e-03,  2.6677628890848909e-01,  9.9541197821130814e-02,  2.7433066213374246e-01, -3.2725900878371035e-04,  3.3629283607652563e-02,  1.0073767882812504e-01,  0.0000000000000000e+00,  4.6825962540123960e-03, -2.7872870708047257e-02, -7.6639842095692601e-01,  0.0000000000000000e+00
 7.7422577422577419e+00,  6.3369580635397904e+02,  1.5103104063999598e-01,  2.9883897445921360e+01, -2.8645285801459135e-02,  9.5165494190808469e-02,  4.9975840258107762e-01,  4.9092142713772128e+03,  1.3012503135052634e+02, -1.4999954911196835e+04,  1.0011323348701630e+01,  2.6774602618801793e+00,  3.9580205339847963e+00,  1.3261625612793293e-03,  2.6711085492726272e-01,  1.0050932484298176e-01,  2.7433066213374246e-01, -2.8997689479734706e-04,  3.3205035040654390e-02,  8.6238849452334912e-02,  0.0000000000000000e+00,  2.7812829660547847e-03, -5.7061692404688204e-02, -2.1362672200753359e+00,  0.0000000000000000e+00
 7.7522477522477526e+00,  6.3369563164212320e+02,  1.5129082522515697e-01,  2.9883940855599725e+01, -2.8643379998090971e-02,  9.5170075064174797e-02,  4.9977644020721013e-01,  4.9155402784519365e+03,  1.3051242251289787e+02, -1.4999956432579143e+04,  1.0011274999881630e+01,  2.6775320658217323e+00,  3.9631084990322827e+00,  1.3234044756400747e-03,  2.6743972617203865e-01,  1.0126425175624246e-01,  2.7433066213374246e-01, -2.7327531778152100e-04,  3.2504024698115981e-02,  5.9709211664669776e-02,  0.0000000000000000e+00,  5.6237275251348545e-04, -8.3280578171496283e-02, -3.1749662650150490e+00,  0.0000000000000000e+00
 7.7622377622377625e+00,  6.3369545637110809e+02,  1.5154820879476785e-01,  2.9883983806595520e+01, -2.8642577357698689e-02,  9.5173895098408609e-02,  4.9979407434033885e-01,  4.9218662496159641e+03,  1.3090037814794127e+02, -1.4999957961845361e+04,  1.0011226679558929e+01,  2.6776038710577983e+00,  3.9681966478116073e+00,  1.3207025149700080e-03,  2.6776028599016216e-01,  1.0170231608503315e-01,  2.7433066213374246e-01, -2.8095597031806938e-04,  3.1579978144026723e-02,  2.7311118418940634e-02,  0.0000000000000000e+00, -2.1000393903281077e-03, -1.0171354195745742e-01, -3.3111320027802496e+00,  0.0000000000000000e+00
 7.7722277722277724e+00,  6.3369528056256229e+02,  1.5180365876840185e-01,  2.9884026232504667e+01, -2.8643111108845296e-02,  9.5177082545977038e-02,  4.9980889331333317e-01,  4.9281921848133752e+03,  1.3128889825086020e+02, -1.4999959499005348e+04,  1.0011178374626351e+01,  2.6776756732129376e+00,  3.9732849634651553e+00,  1.3177909697396138e-03,  2.6807069476632489e-01,  1.0180992844792958e-01,  2.7433066213374246e-01, -3.1635626965902889e-04,  3.0532768394491427e-02,  1.4191483123109721e-03,  0.0000000000000000e+00, -4.9871005377320667e-03, -1.0793784989951107e-01, -1.8724404125670686e+00,  0.0000000000000000e+00
 7.7822177822177823e+00,  6.3369510424516056e+02,  1.5205789888863636e-01,  2.9884068102830135e+01, -2.8645048142236930e-02,  9.5179867938203766e-02,  4.9981856024804849e-01,  4.9345180839882005e+03,  1.3167798281977559e+02, -1.4999961044068163e+04,  1.0011130069145326e+01,  2.6777474736617402e+00,  3.9783734054529378e+00,  1.3143817103814161e-03,  2.6837033131272942e-01,  1.0173067069666773e-01,  2.7433066213374246e-01, -3.7872793784726570e-04,  2.9495975547833803e-02, -8.3209788797513461e-03,  0.0000000000000000e+00, -7.4997074335530932e-03, -9.9628078001348028e-02, -7.7533051283830035e-02,  0.0000000000000000e+00
 7.7922077922077921e+00,  6.3369492745053685e+02,  1.5231177306923410e-01,  2.9884109438351697e+01, -2.8648130776534171e-02,  9.5182568054777150e-02,  4.9982151768809518e-01,  4.9408439470844078e+03,  1.3206763185513091e+02, -1.4999962597042128e+04,  1.0011081747156911e+01,  2.6778192797438476e+00,  3.9834619141501779e+00,  1.3102239779744338e-03,  2.6866002494710078e-01,  1.0164367512365882e-01,  2.7433066213374246e-01, -4.6173002850554080e-04,  2.8606332314448868e-02, -8.7565406653193345e-03,  0.0000000000000000e+00, -9.1173111162337703e-03, -7.8478497322317806e-02, -9.6664181868822262e-03,  0.0000000000000000e+00
 7.8021978021978020e+00,  6.3369475021019389e+02,  1.5256620575480290e-01,  2.9884150288272590e+01, -2.8651961322761332e-02,  9.5185434518936879e-02,  4.9981669467953249e-01,  4.9471697740459595e+03,  1.3245784535879562e+02, -1.4999964157934821e+04,  1.0011033395589255e+01,  2.6778911038218496e+00,  3.9885504179156945e+00,  1.3051563351865003e-03,  2.6894188640392719e-01,  1.0155571483921880e-01,  2.7433066213374246e-01, -5.5644710844344385e-04,  2.7949819022583235e-02, -8.8531925671270998e-03,  0.0000000000000000e+00, -9.8450482873346425e-03, -5.2955463709183644e-02, -9.6832925550324883e-03,  0.0000000000000000e+00
 7.8121878121878119e+00,  6.3369457255446491e+02,  1.5282218602486997e-01,  2.9884190700311049e+01, -2.8656128094379306e-02,  9.5188559730790323e-02,  4.9980333323710380e-01,  4.9534955648168534e+03,  1.3284862333365996e+02, -1.4999965726753251e+04,  1.0010985005003002e+01,  2.6779629614726113e+00,  3.9936388363217392e+00,  1.2991061536299095e-03,  2.6921846288960993e-01,  1.0146678815928066e-01,  2.7433066213374246e-01, -6.5456727854169112e-04,  2.7527715071308592e-02, -7.3079687882006208e-03,  0.0000000000000000e+00, -9.7986097663346830e-03, -3.1549747336000349e-02,  3.1903709309611694e-01,  0.0000000000000000e+00
 7.8221778221778218e+00,  6.3369439451242943e+02,  1.5308073142614836e-01,  2.9884230703607010e+01, -2.8660234723879512e-02,  9.5191881501779776e-02,  4.9978099239491219e-01,  4.9598213193410811e+03,  1.3323996578327586e+02, -1.4999967303504154e+04,  1.0010936569724109e+01,  2.6780348693823459e+00,  3.9987270830857815e+00,  1.2920780678829702e-03,  2.6949189070105622e-01,  1.0140970147681719e-01,  2.7433066213374246e-01, -7.4840392941889647e-04,  2.7306307336281987e-02,  2.4405882328880989e-02,  0.0000000000000000e+00, -8.9874877392879162e-03, -1.2776081216082980e-02,  6.0300759005433759e+00,  0.0000000000000000e+00
 7.8321678321678325e+00,  6.3369421611088376e+02,  1.5334270433615094e-01,  2.9884270381655458e+01, -2.8663796888670167e-02,  9.5195686297149182e-02,  4.9975051599654147e-01,  4.9661470375626859e+03,  1.3363187271112821e+02, -1.4999968888194182e+04,  1.0010888088247887e+01,  2.6781068444244185e+00,  4.0038150719762857e+00,  1.2841530281669940e-03,  2.6976404345576943e-01,  1.0195441817584174e-01,  2.7433066213374246e-01, -8.2714848587409008e-04,  2.7440509670906429e-02,  1.0040962831680167e-01,  0.0000000000000000e+00, -6.7771724630413099e-03,  3.9643388607895610e-02,  9.1858740462378421e+00,  0.0000000000000000e+00
 7.8421578421578424e+00,  6.3369403736105482e+02,  1.5360839890238562e-01,  2.9884310023084875e+01, -2.8666096581936421e-02,  9.5201104701529121e-02,  4.9971541840902556e-01,  4.9724727194260058e+03,  1.3402434411779635e+02, -1.4999970480829192e+04,  1.0010839566359619e+01,  2.6781789073639217e+00,  4.0089027399721351e+00,  1.2755516246087620e-03,  2.7004015263254288e-01,  1.0341588785677333e-01,  2.7433066213374246e-01, -8.7601757047947517e-04,  2.8289262044166243e-02,  1.6835762762620624e-01,  0.0000000000000000e+00, -3.0064182749489350e-03,  1.3027683651847352e-01,  4.4173154155034018e+00,  0.0000000000000000e+00
 7.8521478521478523e+00,  6.3369385824660242e+02,  1.5387762156175849e-01,  2.9884349947128698e+01, -2.8666581996849624e-02,  9.5208743742593208e-02,  4.9967964190829950e-01,  4.9787983648758154e+03,  1.3441737999878904e+02, -1.4999972081414271e+04,  1.0010791018672679e+01,  2.6782510823643952e+00,  4.0139900649961344e+00,  1.2666501796059658e-03,  2.7032926347663189e-01,  1.0531820693960206e-01,  2.7433066213374246e-01, -8.8424761690337366e-04,  2.9972677802149104e-02,  1.9746871769098914e-01,  0.0000000000000000e+00,  1.3587629808844382e-03,  2.0674299822969880e-01,  1.4107248154662033e+00,  0.0000000000000000e+00
 7.8621378621378621e+00,  6.3369367872871578e+02,  1.5414981550152335e-01,  2.9884390332748541e+01, -2.8665088203311921e-02,  9.5218215899665962e-02,  4.9964678696454068e-01,  4.9851239738570657e+03,  1.3481098034509805e+02, -1.4999973689955184e+04,  1.0010742465189015e+01,  2.6783233881781321e+00,  4.0190770616155653e+00,  1.2578843395557478e-03,  2.7063900733388452e-01,  1.0736131678166817e-01,  2.7433066213374246e-01, -8.5028262083248032e-04,  3.2171615923451927e-02,  2.0446625893466902e-01,  0.0000000000000000e+00,  5.4410292325084804e-03,  2.3348441365513117e-01, -9.8170584814736180e-03,  0.0000000000000000e+00
 7.8721278721278720e+00,  6.3369349875617820e+02,  1.5442408345032183e-01,  2.9884431184415334e+01, -2.8661810286946098e-02,  9.5228498516661791e-02,  4.9962013729600530e-01,  4.9914495463147314e+03,  1.3520514514368691e+02, -1.4999975306459432e+04,  1.0010693927296696e+01,  2.6783958306546154e+00,  4.0241637773325278e+00,  1.2496615158530692e-03,  2.7097205300557198e-01,  1.0940344687835664e-01,  2.7433066213374246e-01, -7.7933145873173106e-04,  3.4345312456836800e-02,  2.0436808440761933e-01,  0.0000000000000000e+00,  8.7633934200616777e-03,  2.0168963232852594e-01, -9.8374818338742565e-03,  0.0000000000000000e+00
 7.8821178821178819e+00,  6.3369331827487451e+02,  1.5469921602322281e-01,  2.9884472369122342e+01, -2.8657085985085873e-02,  9.5238456052297457e-02,  4.9960268289071907e-01,  4.9977750821937052e+03,  1.3559987437795661e+02, -1.4999976930936737e+04,  1.0010645425051061e+01,  2.6784683994977785e+00,  4.0292502889387176e+00,  1.2423132814392299e-03,  2.7132522736299214e-01,  1.1144459519141077e-01,  2.7433066213374246e-01, -6.7950708430472692e-04,  3.5977748935807324e-02,  2.0426971973030839e-01,  0.0000000000000000e+00,  1.1221446340224785e-02,  1.2512415076137695e-01, -9.8551265637783457e-03,  0.0000000000000000e+00
 7.8921078921078918e+00,  6.3369313723553842e+02,  1.5497381279008174e-01,  2.9884513668507719e+01, -2.8651301702005652e-02,  9.5247149048893559e-02,  4.9959659447127003e-01,  5.0041005814387418e+03,  1.3599516802836857e+02, -1.4999978563398679e+04,  1.0010596976058824e+01,  2.6785410697016117e+00,  4.0343366974186390e+00,  1.2360849507320958e-03,  2.7169088914814554e-01,  1.1348475995988123e-01,  2.7433066213374246e-01, -5.5973402635946701e-04,  3.6734066529555312e-02,  2.0417119287110153e-01,  0.0000000000000000e+00,  1.2757119860410421e-02,  2.6290631507296439e-02, -9.8699506476175765e-03,  0.0000000000000000e+00
 7.9020979020979025e+00,  6.3369295559965690e+02,  1.5524644920286776e-01,  2.9884554837791029e+01, -2.8644846303888138e-02,  9.5254020321325267e-02,  4.9960280506714250e-01,  5.0104260439945692e+03,  1.3639102607364472e+02, -1.4999980203858267e+04,  1.0010548594735583e+01,  2.6786138061869655e+00,  4.0394231180278171e+00,  1.2311297844090703e-03,  2.7205917474620006e-01,  1.1552393970432003e-01,  2.7433066213374246e-01, -4.2929381716016925e-04,  3.6516529405690668e-02,  2.0189491071420379e-01,  0.0000000000000000e+00,  1.3357010021288121e-02, -6.9841563704996515e-02, -4.4584173716329439e-01,  0.0000000000000000e+00
 7.9120879120879124e+00,  6.3369277334243156e+02,  1.5551583237114547e-01,  2.9884595664450909e+01, -2.8638080116489991e-02,  9.5258979892544296e-02,  4.9962091607318443e-01,  5.0167514698058194e+03,  1.3678744849224660e+02, -1.4999981852329000e+04,  1.0010500291844746e+01,  2.6786865702193974e+00,  4.0445096680853743e+00,  1.2275076516879363e-03,  2.7242049013527225e-01,  1.1751862430981551e-01,  2.7433066213374246e-01, -2.9851431188260367e-04,  3.5448991177077276e-02,  1.7747211196951485e-01,  0.0000000000000000e+00,  1.2825046935283446e-02, -1.4387958966372585e-01, -4.4436025715252461e+00,  0.0000000000000000e+00
 7.9220779220779223e+00,  6.3369259045490151e+02,  1.5578105643547208e-01,  2.9884635981267959e+01, -2.8631593237628740e-02,  9.5262250824886277e-02,  4.9964852627290829e-01,  5.0230768588171122e+03,  1.3718443526416317e+02, -1.4999983508823732e+04,  1.0010452073208407e+01,  2.6787593260503257e+00,  4.0495964523829135e+00,  1.2251654624933341e-03,  2.7276744629818961e-01,  1.1906983604736723e-01,  2.7433066213374246e-01, -1.8254231134845494e-04,  3.3788137542494275e-02,  1.1818620567355712e-01,  0.0000000000000000e+00,  1.0392547571653404e-02, -1.8862330797979535e-01, -7.4254358689256303e+00,  0.0000000000000000e+00
 7.9320679320679321e+00,  6.3369240694608072e+02,  1.5604183447109352e-01,  2.9884675669921499e+01, -2.8626261711877432e-02,  9.5264263129316989e-02,  4.9968130003690409e-01,  5.0294022109729185e+03,  1.3758198637355733e+02, -1.4999985173354336e+04,  1.0010403935330508e+01,  2.6788320467986502e+00,  4.0546835419871394e+00,  1.2238604526599952e-03,  2.7309557779845894e-01,  1.1987998706053590e-01,  2.7433066213374246e-01, -1.0163345003694508e-04,  3.1831011744462269e-02,  4.1639785472578940e-02,  0.0000000000000000e+00,  5.8054064629110549e-03, -2.0319327678621685e-01, -7.8991574553103785e+00,  0.0000000000000000e+00
 7.9420579420579420e+00,  6.3369222284193552e+02,  1.5629860295197248e-01,  2.9884714652294566e+01, -2.8623050165528279e-02,  9.5265479392547189e-02,  4.9971354571233673e-01,  5.0357275262174544e+03,  1.3798010181073502e+02, -1.4999986845931269e+04,  1.0010355862793050e+01,  2.6789047184095915e+00,  4.0597709584609918e+00,  1.2231348241309576e-03,  2.7340343054882821e-01,  1.1990179979307310e-01,  2.7433066213374246e-01, -7.3149736394296277e-05,  2.9870284902862587e-02, -4.0466194534661245e-03,  0.0000000000000000e+00, -1.0296699165269575e-04, -1.8934423690204330e-01, -1.2472608108839487e+00,  0.0000000000000000e+00
 7.9520479520479519e+00,  6.3369203817954042e+02,  1.5655217838816737e-01,  2.9884752949381841e+01, -2.8622286078517831e-02,  9.5266539437157516e-02,  4.9974108689968033e-01,  5.0420528044946832e+03,  1.3837878157225785e+02, -1.4999988526563304e+04,  1.0010307830567022e+01,  2.6789773406187796e+00,  4.0648586728067144e+00,  1.2223989194653040e-03,  2.7369238668762702e-01,  1.1979913552300411e-01,  2.7433066213374246e-01, -1.0052261898142839e-04,  2.8197971908765967e-02, -1.0326410367262322e-02,  0.0000000000000000e+00, -5.3770841022912188e-03, -1.4545282451610386e-01, -9.9533300580647594e-03,  0.0000000000000000e+00
 7.9620379620379618e+00,  6.3369185299656010e+02,  1.5680347443217391e-01,  2.9884790675379911e+01, -2.8623708604707806e-02,  9.5268080235063238e-02,  4.9976166884421686e-01,  5.0483780457485864e+03,  1.3877802565821850e+02, -1.4999990215257654e+04,  1.0010259812396431e+01,  2.6790499248623800e+00,  4.0699466270155513e+00,  1.2211263801952647e-03,  2.7396682659096139e-01,  1.1969547790761331e-01,  2.7433066213374246e-01, -1.7407852333274865e-04,  2.7041205602487472e-02, -1.0425958467965233e-02,  0.0000000000000000e+00, -9.3488079488432685e-03, -8.6131790000853428e-02, -9.9761997026584052e-03,  0.0000000000000000e+00
 7.9720279720279716e+00,  6.3369166732681367e+02,  1.5705351601254472e-01,  2.9884827958200386e+01, -2.8626908405195113e-02,  9.5270434281384625e-02,  4.9977380868911397e-01,  5.0547032499231454e+03,  1.3917783407080691e+02, -1.4999991912020376e+04,  1.0010211784611396e+01,  2.6791224904720345e+00,  4.0750347455827383e+00,  1.2189208270910233e-03,  2.7423267051584854e-01,  1.1959082466450331e-01,  2.7433066213374246e-01, -2.8048464206915539e-04,  2.6462839638484253e-02, -1.0525749326484569e-02,  0.0000000000000000e+00, -1.1953697022187040e-02, -2.9657075992354360e-02, -1.0001930173005684e-02,  0.0000000000000000e+00
 7.9820179820179824e+00,  6.3369148119884562e+02,  1.5730335598711573e-01,  2.9884864900469839e+01, -2.8631404360613934e-02,  9.5273617031979452e-02,  4.9977679832532662e-01,  5.0610284169623737e+03,  1.3957820681345581e+02, -1.4999993616856893e+04,  1.0010163727502327e+01,  2.6791950602648473e+00,  4.0801229424898944e+00,  1.2155222914426340e-03,  2.7449555465566639e-01,  1.1948517322576546e-01,  2.7433066213374246e-01, -4.0630301516363999e-04,  2.6369421706259843e-02, -1.0625804777514810e-02,  0.0000000000000000e+00, -1.3235141271327947e-02,  1.0954805961028156e-02, -1.0029171123247848e-02,  0.0000000000000000e+00
 7.9920079920079923e+00,  6.3369129463647096e+02,  1.5755400835524405e-01,  2.9884901558711739e+01, -2.8636686394010017e-02,  9.5277403174954506e-02,  4.9977059212989777e-01,  5.0673535468102709e+03,  1.3997914389001943e+02, -1.4999995329772677e+04,  1.0010115626155928e+01,  2.6792676565531202e+00,  4.0852111279726131e+00,  1.2108028847301112e-03,  2.7475953208840120e-01,  1.1937852087274477e-01,  2.7433066213374246e-01, -5.3892876701367408e-04,  2.6574118925823058e-02, -5.6858557845922281e-03,  0.0000000000000000e+00, -1.3316534249044387e-02,  3.0025577395292009e-02,  9.9900695950645568e-01,  0.0000000000000000e+00
 8.0019980019980022e+00,  6.3369110766048993e+02,  1.5780640452827047e-01,  2.9884937944043667e+01, -2.8642231084074543e-02,  9.5281469521002402e-02,  4.9975565403624911e-01,  5.0736786394108003e+03,  1.4038064530412493e+02, -1.4999997050773525e+04,  1.0010067470868247e+01,  2.6793402984350374e+00,  4.0902992138031715e+00,  1.2047544839098934e-03,  2.7502650608275575e-01,  1.1937156971358580e-01,  2.7433066213374246e-01, -6.6601586722781197e-04,  2.6909658038029666e-02,  2.2056054913468230e-02,  0.0000000000000000e+00, -1.2126303213821479e-02,  3.7149352868235425e-02,  4.5549235622455218e+00,  0.0000000000000000e+00
 8.0119880119880111e+00,  6.3369092028769967e+02,  1.5806122145947543e-01,  2.9884974102876924e+01, -2.8647348364971716e-02,  9.5285859957958907e-02,  4.9973365799782998e-01,  5.0800036947079898e+03,  1.4078271105820207e+02, -1.4999998779865429e+04,  1.0010019258321936e+01,  2.6794130016031570e+00,  4.0953871211579216e+00,  1.1974958743958899e-03,  2.7529718759365651e-01,  1.1981920129059626e-01,  2.7433066213374246e-01, -7.7360161013774660e-04,  2.7365979576470027e-02,  6.5569178642059189e-02,  0.0000000000000000e+00, -9.4123625167546830e-03,  5.4206219127769045e-02,  4.1564038082190917e+00,  0.0000000000000000e+00
 8.0219780219780219e+00,  6.3369073252535782e+02,  1.5831879243865735e-01,  2.9885010145113917e+01, -2.8651320275303861e-02,  9.5290878391569023e-02,  4.9970711616135366e-01,  5.0863287126460373e+03,  1.4118534115189200e+02, -1.5000000517054657e+04,  1.0009970993667954e+01,  2.6794857804095886e+00,  4.1004747934992611e+00,  1.1892979082827658e-03,  2.7557327890146643e-01,  1.2068164321292763e-01,  2.7433066213374246e-01, -8.4904881658339794e-04,  2.8012548556373914e-02,  9.1101615326114105e-02,  0.0000000000000000e+00, -5.6921682136790016e-03,  7.5236890649475321e-02,  9.5519001593021302e-01,  0.0000000000000000e+00
 8.0319680319680327e+00,  6.3369054437081650e+02,  1.5857925178920138e-01,  2.9885046141636504e+01, -2.8653708988078629e-02,  9.5296444701799182e-02,  4.9967806315858010e-01,  5.0926536931693163e+03,  1.4158853558188849e+02, -1.5000002262347332e+04,  1.0009922689216378e+01,  2.6795586468506207e+00,  4.1055621979247379e+00,  1.1805318620765400e-03,  2.7585687887350419e-01,  1.2163941338502425e-01,  2.7433066213374246e-01, -8.8703139452766709e-04,  2.8770852959610866e-02,  1.0338176562322124e-01,  0.0000000000000000e+00, -1.9119438907476375e-03,  7.6575650878052820e-02,  1.5032960735488732e+00,  0.0000000000000000e+00
 8.0419580419580416e+00,  6.3369035581774051e+02,  1.5884263766720946e-01,  2.9885082072840575e+01, -2.8654388704598605e-02,  9.5302099793663372e-02,  4.9964788285982281e-01,  5.0989786362222394e+03,  1.4199229434296200e+02, -1.5000004015750437e+04,  1.0009874360656990e+01,  2.6796316070591817e+00,  4.1106493169416236e+00,  1.1715750032971982e-03,  2.7614812111844167e-01,  1.2274721295564930e-01,  2.7433066213374246e-01, -8.8820590473176215e-04,  2.9493282126381516e-02,  1.4239013145652227e-01,  0.0000000000000000e+00,  1.6768069478878002e-03,  6.8054668309432353e-02,  6.3061787662780810e+00,  0.0000000000000000e+00
 8.0519480519480524e+00,  6.3369016685671136e+02,  1.5910863564884553e-01,  2.9885117990663318e+01, -2.8653250971228238e-02,  9.5308041296343418e-02,  4.9961919690323181e-01,  5.1053035417493156e+03,  1.4239661742766944e+02, -1.5000005777271603e+04,  1.0009826025577189e+01,  2.6797046620667042e+00,  4.1157361509238459e+00,  1.1627854903536279e-03,  2.7644615523966565e-01,  1.2448437105648320e-01,  2.7433066213374246e-01, -8.5325443367464796e-04,  3.0248872644878983e-02,  1.8820517729667752e-01,  0.0000000000000000e+00,  5.3204775577465509e-03,  8.3214553493763069e-02,  2.8659934109211096e+00,  0.0000000000000000e+00
 8.0619380619380614e+00,  6.3368997746560615e+02,  1.5937653421356135e-01,  2.9885154029969748e+01, -2.8650281280532104e-02,  9.5314712299635937e-02,  4.9959508656373780e-01,  5.1116284096952859e+03,  1.4280150482470498e+02, -1.5000007546918221e+04,  1.0009777704013299e+01,  2.6797778123508160e+00,  4.1208227316751591e+00,  1.1545269626643383e-03,  2.7675249419825942e-01,  1.2650755615838008e-01,  2.7433066213374246e-01, -7.8429755005675697e-04,  3.1149003720196092e-02,  2.0247012253645782e-01,  0.0000000000000000e+00,  8.4846905425553822e-03,  9.6991687784724195e-02, -1.0151373917061696e-02,  0.0000000000000000e+00
 8.0719280719280722e+00,  6.3368978761180404e+02,  1.5964553096451847e-01,  2.9885190214591510e+01, -2.8645723314855487e-02,  9.5321773890819070e-02,  4.9957722900267493e-01,  5.1179532400050575e+03,  1.4320695651988561e+02, -1.5000009324698127e+04,  1.0009729415985175e+01,  2.6798510548464058e+00,  4.1259091144506312e+00,  1.1471152096332133e-03,  2.7706851295635287e-01,  1.2852972815011868e-01,  2.7433066213374246e-01, -6.8833040884115626e-04,  3.2064013026228570e-02,  2.0046189563507885e-01,  0.0000000000000000e+00,  1.0727931128808097e-02,  8.6193175282979206e-02, -3.9189565173901325e-01,  0.0000000000000000e+00
 8.0819180819180811e+00,  6.3368959725992966e+02,  1.5991470402049016e-01,  2.9885226496460202e+01, -2.8639934239192453e-02,  9.5328749436916396e-02,  4.9956697165407793e-01,  5.1242780326234870e+03,  1.4361297249737740e+02, -1.5000011110620073e+04,  1.0009681179074613e+01,  2.6799243796252181e+00,  4.1309953679633011e+00,  1.1407741073428369e-03,  2.7739313381916308e-01,  1.3051278883840159e-01,  2.7433066213374246e-01, -5.7558628605640708e-04,  3.2767329119044335e-02,  1.7697746341554557e-01,  0.0000000000000000e+00,  1.1843442252698960e-02,  5.4610706498739003e-02, -4.3096876786116045e+00,  0.0000000000000000e+00
 8.0919080919080919e+00,  6.3368940637796732e+02,  1.6018317116754438e-01,  2.9885262762784883e+01, -2.8633566748380690e-02,  9.5335139731872062e-02,  4.9956450092872262e-01,  5.1306027874953779e+03,  1.4401955274032687e+02, -1.5000012904693695e+04,  1.0009633006654454e+01,  2.6799977705446563e+00,  4.1360815693794546e+00,  1.1356149841375810e-03,  2.7772320484684326e-01,  1.3206574140517449e-01,  2.7433066213374246e-01, -4.6101404056541327e-04,  3.3068075087146993e-02,  1.3283993037547059e-01,  0.0000000000000000e+00,  1.1093921294588084e-02,  5.5986363160021122e-03, -4.5266464360083400e+00,  0.0000000000000000e+00
 8.1018981018981027e+00,  6.3368921494477524e+02,  1.6045029740157499e-01,  2.9885298849436932e+01, -2.8627523187307234e-02,  9.5340535987506456e-02,  4.9956857102977853e-01,  5.1369275045653476e+03,  1.4442669723284973e+02, -1.5000014706929205e+04,  1.0009584903432653e+01,  2.6800712077484294e+00,  4.1411677885031164e+00,  1.1315630376012695e-03,  2.7805383462010513e-01,  1.3316693330144816e-01,  2.7433066213374246e-01, -3.6175247761633165e-04,  3.2859833611332150e-02,  1.0264486708709018e-01,  0.0000000000000000e+00,  8.7782436078245249e-03, -4.7288579774724802e-02, -1.5184052343270467e+00,  0.0000000000000000e+00
 8.1118881118881117e+00,  6.3368902295052158e+02,  1.6071561349966942e-01,  2.9885334609645106e+01, -2.8622428826991998e-02,  9.5344816564190124e-02,  4.9957778978433931e-01,  5.1432521837777840e+03,  1.4483440596087129e+02, -1.5000016517337232e+04,  1.0009536865448315e+01,  2.6801446709870222e+00,  4.1462540808707962e+00,  1.1283871624069850e-03,  2.7837974497893780e-01,  1.3411658790042102e-01,  2.7433066213374246e-01, -2.8801036425416785e-04,  3.2181236949180674e-02,  9.5009210898550328e-02,  0.0000000000000000e+00,  5.9849274872808330e-03, -8.8566471988001647e-02, -1.0253134618649771e-02,  0.0000000000000000e+00
 8.1218781218781224e+00,  6.3368883039361322e+02,  1.6097873242723723e-01,  2.9885369956056135e+01, -2.8618463286775177e-02,  9.5348154564170312e-02,  4.9959111117168659e-01,  5.1495768250770325e+03,  1.4524267891174895e+02, -1.5000018335927925e+04,  1.0009488884303066e+01,  2.6802181423117855e+00,  4.1513404904060440e+00,  1.1258085847690184e-03,  2.7869681637733151e-01,  1.3506521923348710e-01,  2.7433066213374246e-01, -2.4130273982042602e-04,  3.1186217680734103e-02,  9.4906612403089480e-02,  0.0000000000000000e+00,  3.3659389243543931e-03, -1.1063638555500414e-01, -1.0287084172611706e-02,  0.0000000000000000e+00
 8.1318681318681314e+00,  6.3368863727899804e+02,  1.6123943010558478e-01,  2.9885404848495732e+01, -2.8615639183764457e-02,  9.5350837388898949e-02,  4.9960719825554017e-01,  5.1559014284074419e+03,  1.4565151607417010e+02, -1.5000020162710774e+04,  1.0009440950229283e+01,  2.6802916080657551e+00,  4.1564270499087153e+00,  1.1235659288441394e-03,  2.7900284623130012e-01,  1.3601282391247074e-01,  2.7433066213374246e-01, -2.1922932938146683e-04,  3.0064204638803584e-02,  9.4803677547102866e-02,  0.0000000000000000e+00,  1.0531578455252853e-03, -1.1399062543948889e-01, -1.0320473995911097e-02,  0.0000000000000000e+00
 8.1418581418581422e+00,  6.3368844361641686e+02,  1.6149766385356815e-01,  2.9885439285889959e+01, -2.8613876398980918e-02,  9.5353180544435867e-02,  4.9962453607200374e-01,  5.1622259937133495e+03,  1.4606091743847378e+02, -1.5000021997694577e+04,  1.0009393053123409e+01,  2.6803650599852200e+00,  4.1615137783909626e+00,  1.1214283783877704e-03,  2.7929749978669821e-01,  1.3695939860505757e-01,  2.7433066213374246e-01, -2.1842895620692777e-04,  2.8984369406119107e-02,  8.6255101598579825e-02,  0.0000000000000000e+00, -8.9292313598256072e-04, -1.0219238814394538e-01, -1.7011044308984198e+00,  0.0000000000000000e+00
 8.1518481518481511e+00,  6.3368824941844878e+02,  1.6175356961418808e-01,  2.9885473293097160e+01, -2.8613063445228064e-02,  9.5355457100484112e-02,  4.9964153473082135e-01,  5.1685505209391094e+03,  1.4647088299674692e+02, -1.5000023840887145e+04,  1.0009345183228547e+01,  2.6804384953191986e+00,  4.1666006802705136e+00,  1.1192017139349101e-03,  2.7958195451114265e-01,  1.3773620256578900e-01,  2.7433066213374246e-01, -2.3749812030426931e-04,  2.8048207150737164e-02,  4.2463344631454604e-02,  0.0000000000000000e+00, -2.9247235163052609e-03, -8.5227295383522111e-02, -7.0660053139201526e+00,  0.0000000000000000e+00
 8.1618381618381619e+00,  6.3368805470278721e+02,  1.6200769324682870e-01,  2.9885506853851417e+01, -2.8613456228261329e-02,  9.5357665494593138e-02,  4.9965520962163229e-01,  5.1748750100290044e+03,  1.4688141274362394e+02, -1.5000025692295692e+04,  1.0009297329411075e+01,  2.6805119163927866e+00,  4.1716877391124356e+00,  1.1166831611988740e-03,  2.7985790352597367e-01,  1.3780781707921250e-01,  2.7433066213374246e-01, -2.8072427126765465e-04,  2.7250160455597555e-02,  3.1381216670693978e-03,  0.0000000000000000e+00, -5.7291519065685685e-03, -7.4541652982930806e-02, -8.0690432354965735e-01,  0.0000000000000000e+00
 8.1718281718281727e+00,  6.3368785949575238e+02,  1.6226090180345046e-01,  2.9885539941437731e+01, -2.8615230600269756e-02,  9.5359797203853874e-02,  4.9966285561313167e-01,  5.1811994609270450e+03,  1.4729250667771595e+02, -1.5000027551926974e+04,  1.0009249475703260e+01,  2.6805853302094795e+00,  4.1767749063593076e+00,  1.1135928373861054e-03,  2.8012641326150428e-01,  1.3779890229939679e-01,  2.7433066213374246e-01, -3.4855567497466499e-04,  2.6612334795875672e-02,  2.1822050936039623e-02,  0.0000000000000000e+00, -7.8506951155690365e-03, -5.3151044093863856e-02,  4.5474269631976281e+00,  0.0000000000000000e+00
 8.1818181818181817e+00,  6.3368766382248737e+02,  1.6251384069650904e-01,  2.9885572656790387e+01, -2.8617867386109060e-02,  9.5362392795553169e-02,  4.9966465733344467e-01,  5.1875238735772564e+03,  1.4770416479905720e+02, -1.5000029419787088e+04,  1.0009201607479248e+01,  2.6806587483418887e+00,  4.1818621217193206e+00,  1.1097190118487309e-03,  2.8038961850691024e-01,  1.3824382209291958e-01,  2.7433066213374246e-01, -4.2871796862217851e-04,  2.6330858550133514e-02,  6.5177230843882508e-02,  0.0000000000000000e+00, -8.1977960726633617e-03, -3.2005003037167577e-03,  4.1322800543526190e+00,  0.0000000000000000e+00
 8.1918081918081924e+00,  6.3368746769670918e+02,  1.6276689196123859e-01,  2.9885605197058688e+01, -2.8620680650182084e-02,  9.5366127501220505e-02,  4.9966208910656706e-01,  5.1938482479238528e+03,  1.4811638710630169e+02, -1.5000031295881290e+04,  1.0009153717108461e+01,  2.6807321874098111e+00,  4.1869493357266245e+00,  1.1050270438072408e-03,  2.8065250434142702e-01,  1.3910114467389992e-01,  2.7433066213374246e-01, -5.0506146432412094e-04,  2.6604342651504711e-02,  8.9973924143298412e-02,  0.0000000000000000e+00, -7.0861717668656956e-03,  5.7952017398230991e-02,  8.3201794419050190e-01,  0.0000000000000000e+00
 8.2017982017982014e+00,  6.3368727111806163e+02,  1.6302027209886225e-01,  2.9885637722642880e+01, -2.8623181904266857e-02,  9.5371099561675013e-02,  4.9965660696292197e-01,  5.2001725839112733e+03,  1.4852917359608728e+02, -1.5000033180214446e+04,  1.0009105803860040e+01,  2.6808056657422061e+00,  4.1920365150131529e+00,  1.0996278737003969e-03,  2.8092117380464260e-01,  1.4004150289498346e-01,  2.7433066213374246e-01, -5.6713833971297478e-04,  2.7371178610632065e-02,  9.4077972653268921e-02,  0.0000000000000000e+00, -5.3416186859829894e-03,  9.5568541619067249e-02, -1.0387432494396815e-02,  0.0000000000000000e+00
 8.2117882117882122e+00,  6.3368707407771501e+02,  1.6327409195382056e-01,  2.9885670278032386e+01, -2.8625136081909603e-02,  9.5376799906730439e-02,  4.9964941266544149e-01,  5.2064968814839731e+03,  1.4894252426355288e+02, -1.5000035072792001e+04,  1.0009057871054925e+01,  2.6808791971202055e+00,  4.1971236383015373e+00,  1.0936956084483403e-03,  2.8119938103694414e-01,  1.4098082444719198e-01,  2.7433066213374246e-01, -6.1069566293136277e-04,  2.8334630899720176e-02,  9.3974190234106386e-02,  0.0000000000000000e+00, -3.3785574223383747e-03,  9.7314606656375133e-02, -1.0389807821942286e-02,  0.0000000000000000e+00
 8.2217782217782212e+00,  6.3368687656361737e+02,  1.6352830107491248e-01,  2.9885702822020722e+01, -2.8626398301582513e-02,  9.5382577054537843e-02,  4.9964187004454069e-01,  5.2128211405863503e+03,  1.4935643910238616e+02, -1.5000036973620265e+04,  1.0009009924454208e+01,  2.6809527872717016e+00,  4.2022106961018357e+00,  1.0874261621533169e-03,  2.8148730029614549e-01,  1.4191910909346708e-01,  2.7433066213374246e-01, -6.3440266056248899e-04,  2.9161074353303906e-02,  9.3870339109749748e-02,  0.0000000000000000e+00, -1.3675835034131553e-03,  6.8139372751089361e-02, -1.0401187274256873e-02,  0.0000000000000000e+00
 8.2317682317682319e+00,  6.3368667856499599e+02,  1.6378273288011966e-01,  2.9885735251943448e+01, -2.8626883903539714e-02,  9.5387830434820506e-02,  4.9963513306662405e-01,  5.2191453611627921e+03,  1.4977091810483719e+02, -1.5000038882706778e+04,  1.0008961971541046e+01,  2.6810264335091509e+00,  4.2072976906105657e+00,  1.0810202306149241e-03,  2.8178201988516199e-01,  1.4285635569813601e-01,  2.7433066213374246e-01, -6.3862218662749301e-04,  2.9598791116074066e-02,  9.3766318118447947e-02,  0.0000000000000000e+00,  5.2283438519934271e-04,  1.9491523155497608e-02, -1.0423815184364979e-02,  0.0000000000000000e+00
 8.2417582417582409e+00,  6.3368648007615263e+02,  1.6403718620685220e-01,  2.9885767435260753e+01, -2.8626554706658518e-02,  9.5392138786304745e-02,  4.9962982154108848e-01,  5.2254695431575910e+03,  1.5018596126214996e+02, -1.5000040800059965e+04,  1.0008914020808000e+01,  2.6811001265352599e+00,  4.2123846321096954e+00,  1.0746664781048157e-03,  2.8207868473402908e-01,  1.4379256200292656e-01,  2.7433066213374246e-01, -6.2531635279637903e-04,  2.9523638913509877e-02,  9.2293709657889855e-02,  0.0000000000000000e+00,  2.1409935477897024e-03, -3.4536994108848439e-02, -2.8439239861936827e-01,  0.0000000000000000e+00
 8.2517482517482517e+00,  6.3368628109882854e+02,  1.6429151200994227e-01,  2.9885799243076185e+01, -2.8625407448943423e-02,  9.5395327774856320e-02,  4.9962587168506389e-01,  5.2317936865150577e+03,  1.5060156856526365e+02, -1.5000042725688441e+04,  1.0008866081060921e+01,  2.6811738536241196e+00,  4.2174715331702952e+00,  1.0685263973922194e-03,  2.8237190278053681e-01,  1.4470038586113079e-01,  2.7433066213374246e-01, -5.9865780488860243e-04,  2.8937785940466115e-02,  7.1418239679721537e-02,  0.0000000000000000e+00,  3.1960477433360043e-03, -8.2750771093984127e-02, -3.8948766910080130e+00,  0.0000000000000000e+00
 8.2617382617382624e+00,  6.3368608164471050e+02,  1.6454580012261433e-01,  2.9885830550215033e+01, -2.8623679797198476e-02,  9.5397358005402333e-02,  4.9962184347086752e-01,  5.2381177911794293e+03,  1.5101774000586482e+02, -1.5000044659600919e+04,  1.0008818159999270e+01,  2.6812476022431277e+00,  4.2225584000143783e+00,  1.0627052832019456e-03,  2.8265686227529718e-01,  1.4521949985866536e-01,  2.7433066213374246e-01, -5.6828198140613964e-04,  2.7924127576207373e-02,  4.3114064684761887e-02,  0.0000000000000000e+00,  2.8851921178632087e-03, -1.2018363343111860e-01, -1.7716191429835544e+00,  0.0000000000000000e+00
 8.2717282717282714e+00,  6.3368588173928788e+02,  1.6480053537898376e-01,  2.9885861262741756e+01, -2.8621894749469461e-02,  9.5398463669091729e-02,  4.9961510491953764e-01,  5.2444418570948219e+03,  1.5143447557836811e+02, -1.5000046601805516e+04,  1.0008770259957075e+01,  2.6813213639122511e+00,  4.2276452166856435e+00,  1.0571721120494395e-03,  2.8292982740743405e-01,  1.4556180573495220e-01,  2.7433066213374246e-01, -5.4591676529579789e-04,  2.6749334192937915e-02,  5.7371828032683113e-02,  0.0000000000000000e+00,  1.5923241474272720e-03, -1.1501000189942991e-01,  4.6260233652374163e+00,  0.0000000000000000e+00
 8.2817182817182822e+00,  6.3368568141175638e+02,  1.6505617043989185e-01,  2.9885891513727444e+01, -2.8620282351847253e-02,  9.5399895054859477e-02,  4.9960495042976039e-01,  5.2507658842053661e+03,  1.5185177527931543e+02, -1.5000048552308997e+04,  1.0008722378284515e+01,  2.6813951404265732e+00,  4.2327319500515763e+00,  1.0517978553239078e-03,  2.8319131450692431e-01,  1.4636579012904863e-01,  2.7433066213374246e-01, -5.3519249466972465e-04,  2.5937183176685013e-02,  8.6833120830327404e-02,  0.0000000000000000e+00,  5.5467483191260847e-04, -4.7582631554403121e-02,  1.2721274528510396e+00,  0.0000000000000000e+00
 8.2917082917082912e+00,  6.3368548067644645e+02,  1.6531300014246000e-01,  2.9885921559077364e+01, -2.8618755297970037e-02,  9.5402694687810943e-02,  4.9959180337841813e-01,  5.2570898724555236e+03,  1.5226963910480399e+02, -1.5000050511116367e+04,  1.0008674512188865e+01,  2.6814689463642201e+00,  4.2378185705838831e+00,  1.0464789553127818e-03,  2.8344805284552965e-01,  1.4729673322406961e-01,  2.7433066213374246e-01, -5.3298743167346754e-04,  2.5852596505492761e-02,  9.3134148180630871e-02,  0.0000000000000000e+00, -1.1322122006193423e-04,  3.0648379981714401e-02, -1.0661777320271312e-02,  0.0000000000000000e+00
 8.3016983016983019e+00,  6.3368527953339935e+02,  1.6557131703899750e-01,  2.9885951568307579e+01, -2.8617278575230786e-02,  9.5406924731062659e-02,  4.9957589027689875e-01,  5.2634138217898153e+03,  1.5268806705052458e+02, -1.5000052478231924e+04,  1.0008626659693487e+01,  2.6815428007662425e+00,  4.2429050518183260e+00,  1.0411487557899725e-03,  2.8370784990163944e-01,  1.4822661227051975e-01,  2.7433066213374246e-01, -5.3615829921191784e-04,  2.6439966180774606e-02,  9.3027579997365273e-02,  0.0000000000000000e+00, -5.2158646113582114e-04,  8.6943029009712194e-02, -1.0673172969500886e-02,  0.0000000000000000e+00
 8.3116883116883109e+00,  6.3368507797244035e+02,  1.6583125290184500e-01,  2.9885981637254265e+01, -2.8615839239511946e-02,  9.5412255574142041e-02,  4.9955821475865975e-01,  5.2697377321527902e+03,  1.5310705911145129e+02, -1.5000054453660239e+04,  1.0008578819329776e+01,  2.6816167201755072e+00,  4.2479913729872978e+00,  1.0357665017820743e-03,  2.8397632389809258e-01,  1.4915542613110985e-01,  2.7433066213374246e-01, -5.4191584747439645e-04,  2.7427870436051542e-02,  9.2920976817855924e-02,  0.0000000000000000e+00, -6.3107470101240787e-04,  1.1083540289673281e-01, -1.0668783568272592e-02,  0.0000000000000000e+00
 8.3216783216783217e+00,  6.3368487597660942e+02,  1.6609273854072629e-01,  2.9886011778583185e+01, -2.8614428485522547e-02,  9.5418122901130414e-02,  4.9954027030946130e-01,  5.2760616034889272e+03,  1.5352661528109024e+02, -1.5000056437406864e+04,  1.0008530990334219e+01,  2.6816907144955806e+00,  4.2530775252359083e+00,  1.0303212663299447e-03,  2.8425585930096114e-01,  1.5008317524390347e-01,  2.7433066213374246e-01, -5.4735223893643636e-04,  2.8483666901855591e-02,  9.2814480830815643e-02,  0.0000000000000000e+00, -4.5729086969766426e-04,  1.0053504955772931e-01, -1.0651713035536595e-02,  0.0000000000000000e+00
 8.3316683316683324e+00,  6.3368467352672690e+02,  1.6635552989608784e-01,  2.9886041926347211e+01, -2.8613033355640985e-02,  9.5423876133057459e-02,  4.9952358670089170e-01,  5.2823854357427444e+03,  1.5394673555119743e+02, -1.5000058429478360e+04,  1.0008483172766176e+01,  2.6817647849527617e+00,  4.2581635139537894e+00,  1.0248303931120147e-03,  2.8454542813189593e-01,  1.5100986131254487e-01,  2.7433066213374246e-01, -5.4998373383965200e-04,  2.9295340917702903e-02,  9.4404396855742867e-02,  0.0000000000000000e+00, -6.9534409916281137e-05,  6.1962088414379210e-02,  3.2895290122431908e-01,  0.0000000000000000e+00
 8.3416583416583414e+00,  6.3368447060621668e+02,  1.6661927777465294e-01,  2.9886071957484827e+01, -2.8611630253127632e-02,  9.5428930899118747e-02,  4.9950931748939809e-01,  5.2887092288586227e+03,  1.5436741991198869e+02, -1.5000060429882526e+04,  1.0008435367494116e+01,  2.6818389243031864e+00,  4.2632493570110199e+00,  1.0193325803391426e-03,  2.8484118079781834e-01,  1.5196937697928292e-01,  2.7433066213374246e-01, -5.4742439467002390e-04,  2.9664836225310815e-02,  1.1677807130188717e-01,  0.0000000000000000e+00,  5.8191411167583568e-04,  1.2010872168725855e-02,  4.1502567228938210e+00,  0.0000000000000000e+00
 8.3516483516483522e+00,  6.3368426720317882e+02,  1.6688348688992563e-01,  2.9886101783463708e+01, -2.8610028603541050e-02,  9.5433216158307313e-02,  4.9949880490683740e-01,  5.2950329827809755e+03,  1.5478866835239151e+02, -1.5000062438627752e+04,  1.0008387576718700e+01,  2.6819131195897787e+00,  4.2683350826059288e+00,  1.0138928427689574e-03,  2.8513813215238165e-01,  1.5334308951038475e-01,  2.7433066213374246e-01, -5.3470923152685408e-04,  2.9653847955737812e-02,  1.6058405863933709e-01,  0.0000000000000000e+00,  1.9636615495868021e-03, -1.4210723737241202e-02,  4.6197019420637542e+00,  0.0000000000000000e+00
 8.3616383616383612e+00,  6.3368406330435153e+02,  1.6714742274876596e-01,  2.9886131438625934e+01, -2.8607885632181061e-02,  9.5437277667537415e-02,  4.9949384602808250e-01,  5.3013566974544010e+03,  1.5521048085920143e+02, -1.5000064455722229e+04,  1.0008339806467298e+01,  2.6819873580116207e+00,  4.2734207359855283e+00,  1.0086490792097350e-03,  2.8543366527245845e-01,  1.5517784967936954e-01,  2.7433066213374246e-01, -5.0541174481415511e-04,  2.9533048500583987e-02,  1.9147439853373616e-01,  0.0000000000000000e+00,  3.9016952902955807e-03, -9.9733271845551166e-03,  1.5645441047950122e+00,  0.0000000000000000e+00
 8.3716283716283719e+00,  6.3368385889104650e+02,  1.6741026416450480e-01,  2.9886160996549126e+01, -2.8605006629506387e-02,  9.5441535403781794e-02,  4.9949557653239679e-01,  5.3076803728236928e+03,  1.5563285741720000e+02, -1.5000066481173617e+04,  1.0008292066452539e+01,  2.6820616295174537e+00,  4.2785063784960995e+00,  1.0037947060094340e-03,  2.8572820305149421e-01,  1.5716875181875106e-01,  2.7433066213374246e-01, -4.5750417918014063e-04,  2.9490519253655437e-02,  1.9690766165611509e-01,  0.0000000000000000e+00,  5.6893993496342369e-03,  1.4589719494593457e-03, -4.7680482769473542e-01,  0.0000000000000000e+00
 8.3816183816183809e+00,  6.3368365394172258e+02,  1.6767124466326402e-01,  2.9886190481247876e+01, -2.8601458456204740e-02,  9.5445950661391790e-02,  4.9950415950100169e-01,  5.3140040088337364e+03,  1.5605579801038857e+02, -1.5000068514989418e+04,  1.0008244367240275e+01,  2.6821359247571008e+00,  4.2835920776608436e+00,  9.9950813656877330e-04,  2.8602288643636764e-01,  1.5911206869347769e-01,  2.7433066213374246e-01, -3.9575114437806561e-04,  2.9511252310825631e-02,  1.6252624478294700e-01,  0.0000000000000000e+00,  6.6735582177413315e-03,  2.6917860960136170e-03, -6.4063548303135969e+00,  0.0000000000000000e+00
 8.3916083916083917e+00,  6.3368344843692785e+02,  1.6792979278594550e-01,  2.9886219846557225e+01, -2.8597692247872331e-02,  9.5450221345168770e-02,  4.9951846634478958e-01,  5.3203276054293983e+03,  1.5647930262318783e+02, -1.5000070557177231e+04,  1.0008196717053975e+01,  2.6822102333015985e+00,  4.2886778976227315e+00,  9.9588759023764455e-04,  2.8631783846229991e-01,  1.6041602943679192e-01,  2.7433066213374246e-01, -3.3300472503970446e-04,  2.9447219043735821e-02,  1.1127188181207946e-01,  0.0000000000000000e+00,  5.8882749337917347e-03, -1.5511246166866737e-02, -3.8547686364515386e+00,  0.0000000000000000e+00
 8.4015984015984024e+00,  6.3368324236755075e+02,  1.6818570647735731e-01,  2.9886248973764079e+01, -2.8594429238690097e-02,  9.5453940937652942e-02,  4.9953615276008806e-01,  5.3266511625552275e+03,  1.5690337124260154e+02, -1.5000072607744931e+04,  1.0008149116389204e+01,  2.6822845441121062e+00,  4.2937638820138018e+00,  9.9285469550903843e-04,  2.8661124246121755e-01,  1.6133528311529763e-01,  2.7433066213374246e-01, -2.8302771509231044e-04,  2.9157188433358201e-02,  9.1963243646553727e-02,  0.0000000000000000e+00,  4.1171224576815454e-03, -4.2552882031254846e-02, -1.0820724288052050e-02,  0.0000000000000000e+00
 8.4115884115884114e+00,  6.3368303573239098e+02,  1.6843877305975385e-01,  2.9886277781490811e+01, -2.8591858461732952e-02,  9.5457011583434226e-02,  4.9955636643956014e-01,  5.3329746801555784e+03,  1.5732800385768775e+02, -1.5000074666700568e+04,  1.0008101560276875e+01,  2.6823588463263883e+00,  4.2988500580295428e+00,  9.9023269083520086e-04,  2.8690039966975961e-01,  1.6225345688227749e-01,  2.7433066213374246e-01, -2.5022205172680462e-04,  2.8621339099893461e-02,  9.1854768792386909e-02,  0.0000000000000000e+00,  2.4505713480928028e-03, -6.4724154528387187e-02, -1.0895941516146788e-02,  0.0000000000000000e+00
 8.4215784215784222e+00,  6.3368282853511221e+02,  1.6868883815897709e-01,  2.9886306217040257e+01, -2.8589972910858980e-02,  9.5459493428313391e-02,  4.9957837435715635e-01,  5.3392981581748609e+03,  1.5775320045831003e+02, -1.5000076734051965e+04,  1.0008054042800195e+01,  2.6824331301645548e+00,  4.3039364461832363e+00,  9.8785525391609534e-04,  2.8718309738828834e-01,  1.6317054323102961e-01,  2.7433066213374246e-01, -2.3304047887956367e-04,  2.7907958721071005e-02,  8.3892181324546289e-02,  0.0000000000000000e+00,  9.8917953592487498e-04, -7.8094597311870212e-02, -1.5832140695455648e+00,  0.0000000000000000e+00
 8.4315684315684312e+00,  6.3368262078382350e+02,  1.6893589444606955e-01,  2.9886334245948458e+01, -2.8588750926044963e-02,  9.5461506377147495e-02,  4.9960105082301431e-01,  5.3456215965573701e+03,  1.5817896103537268e+02, -1.5000078809806468e+04,  1.0008006557896579e+01,  2.6825073883028971e+00,  4.3090230583225262e+00,  9.8557653741103380e-04,  2.8745800124260817e-01,  1.6392962434130937e-01,  2.7433066213374246e-01, -2.3161103681344138e-04,  2.7092523207792124e-02,  5.0342121641006071e-02,  0.0000000000000000e+00, -7.0300523428718897e-04, -8.5155592446563885e-02, -5.1335078790992643e+00,  0.0000000000000000e+00
 8.4415584415584419e+00,  6.3368241249385449e+02,  1.6918027875792094e-01,  2.9886361816796828e+01, -2.8588468470488640e-02,  9.5463079692799380e-02,  4.9962200739068158e-01,  5.3519449952473860e+03,  1.5860528558181454e+02, -1.5000080893970984e+04,  1.0007959097606609e+01,  2.6825816170371293e+00,  4.3141098896964500e+00,  9.8322766077296969e-04,  2.8772440654328918e-01,  1.6417637982725350e-01,  2.7433066213374246e-01, -2.5122825135457034e-04,  2.6218906962433969e-02,  5.8685685390344119e-03,  0.0000000000000000e+00, -3.2243611168468757e-03, -8.9742379874140646e-02, -3.7700974519155648e+00,  0.0000000000000000e+00
 8.4515484515484509e+00,  6.3368220368981645e+02,  1.6942269017501119e-01,  2.9886388876720027e+01, -2.8589468740909497e-02,  9.5464264609197533e-02,  4.9963838916801645e-01,  5.3582683541889792e+03,  1.5903217409397232e+02, -1.5000082986551899e+04,  1.0007911649007932e+01,  2.6826558174948523e+00,  4.3191969081921515e+00,  9.8055699192942406e-04,  2.8798185552757188e-01,  1.6404687845797339e-01,  2.7433066213374246e-01, -2.9712209729897143e-04,  2.5332720761959214e-02, -1.4276689669223826e-02,  0.0000000000000000e+00, -5.9635868412223304e-03, -8.7672097460907428e-02, -2.6298324137778134e-01,  0.0000000000000000e+00
 8.4615384615384617e+00,  6.3368199440141962e+02,  1.6966395013718197e-01,  2.9886415418604216e+01, -2.8591667229217386e-02,  9.5465258488659985e-02,  4.9964845226740340e-01,  5.3645916733260829e+03,  1.5945962657106855e+02, -1.5000085087554942e+04,  1.0007864196466036e+01,  2.6827299959393214e+00,  4.3242840583242845e+00,  9.7729115533243087e-04,  2.8823055481026139e-01,  1.6389113128241387e-01,  2.7433066213374246e-01, -3.6649753117914410e-04,  2.4520969214697784e-02, -1.5644830726524984e-02,  0.0000000000000000e+00, -7.9253750215873085e-03, -7.4840562300832414e-02, -1.0918598293913657e-02,  0.0000000000000000e+00
 8.4715284715284707e+00,  6.3368178465912047e+02,  1.6990492027264931e-01,  2.9886441472891978e+01, -2.8594708523285536e-02,  9.5466280042694029e-02,  4.9965123193668903e-01,  5.3709149526025940e+03,  1.5988764301374619e+02, -1.5000087196985260e+04,  1.0007816726343439e+01,  2.6828041629823485e+00,  4.3293712727454805e+00,  9.7323436393383686e-04,  2.8847178498241099e-01,  1.6373429442747339e-01,  2.7433066213374246e-01, -4.5097558314242145e-04,  2.3863402778704402e-02, -1.5753573617609481e-02,  0.0000000000000000e+00, -8.9871309814599266e-03, -5.6804238185044480e-02, -1.0851728501202598e-02,  0.0000000000000000e+00
 8.4815184815184814e+00,  6.3368157449322075e+02,  1.7014653415214331e-01,  2.9886467072193291e+01, -2.8598206463797963e-02,  9.5467424600543402e-02,  4.9964596777683518e-01,  5.3772381919624595e+03,  1.6031622342361769e+02, -1.5000089314847448e+04,  1.0007769228317185e+01,  2.6828783322444720e+00,  4.3344584758163771e+00,  9.6828065417074423e-04,  2.8870734607457116e-01,  1.6357637456677732e-01,  2.7433066213374246e-01, -5.4209124281834786e-04,  2.3376521472123851e-02, -1.5861660363523683e-02,  0.0000000000000000e+00, -9.2542240856687726e-03, -4.0669399391959349e-02, -1.0787238031101692e-02,  0.0000000000000000e+00
 8.4915084915084922e+00,  6.3368136393368286e+02,  1.7038976957168017e-01,  2.9886492236534572e+01, -2.8601775434368634e-02,  9.5468659960160893e-02,  4.9963212952370334e-01,  5.3835613913495990e+03,  1.6074536780301659e+02, -1.5000091441145812e+04,  1.0007721695625472e+01,  2.6829525187252479e+00,  4.3395455855992360e+00,  9.6240337007133156e-04,  2.8893884834848743e-01,  1.6341737813649387e-01,  2.7433066213374246e-01, -6.3259175923052649e-04,  2.3015458039500284e-02, -1.5143848726711501e-02,  0.0000000000000000e+00, -8.8639793000382921e-03, -3.1615499819688475e-02,  1.5449312772118645e-01,  0.0000000000000000e+00
 8.5014985014985012e+00,  6.3368115301074010e+02,  1.7063563229394657e-01,  2.9886516964518325e+01, -2.8605053714896637e-02,  9.5469854156185974e-02,  4.9960936166681125e-01,  5.3898845507079486e+03,  1.6117507615476396e+02, -1.5000093575884581e+04,  1.0007674125032379e+01,  2.6830267373215375e+00,  4.3446325157176542e+00,  9.5564145818212247e-04,  2.8916719538604968e-01,  1.6327380016664322e-01,  2.7433066213374246e-01, -7.1636360768479975e-04,  2.2723799321111279e-02,  8.0427950894912045e-03,  0.0000000000000000e+00, -7.9071447605074154e-03, -2.6774575601790935e-02,  4.4874729642826496e+00,  0.0000000000000000e+00
 8.5114885114885119e+00,  6.3368094175503211e+02,  1.7088504459734602e-01,  2.9886541292235364e+01, -2.8607673906337932e-02,  9.5471173105755813e-02,  4.9957810020851851e-01,  5.3962076699814579e+03,  1.6160534848175487e+02, -1.5000095719067882e+04,  1.0007626516810396e+01,  2.6831010025112980e+00,  4.3497191786988010e+00,  9.4809041087683024e-04,  2.8939287031294519e-01,  1.6357807334307711e-01,  2.7433066213374246e-01, -7.8650120098047629e-04,  2.2624028866898422e-02,  6.4557955467897318e-02,  0.0000000000000000e+00, -6.1344014172871747e-03,  6.8005306683762970e-03,  6.8268621434743864e+00,  0.0000000000000000e+00
 8.5214785214785209e+00,  6.3368073018767279e+02,  1.7113853879220634e-01,  2.9886565434374845e+01, -2.8609229555634157e-02,  9.5473584144422391e-02,  4.9954071851642662e-01,  5.4025307491143540e+03,  1.6203618478498788e+02, -1.5000097870699205e+04,  1.0007578875910554e+01,  2.6831753324017593e+00,  4.3548055021672472e+00,  9.3992714847222303e-04,  2.8961922393483885e-01,  1.6456366940676104e-01,  2.7433066213374246e-01, -8.3411826891814048e-04,  2.3051193910037789e-02,  1.2502671877496713e-01,  0.0000000000000000e+00, -3.3985355838333214e-03,  7.8717910968126178e-02,  5.2789842706011312e+00,  0.0000000000000000e+00
 8.5314685314685317e+00,  6.3368051830762818e+02,  1.7139624896648711e-01,  2.9886589668553853e+01, -2.8609303481822158e-02,  9.5477802992457395e-02,  4.9950029712415167e-01,  5.4088537880511903e+03,  1.6246758506181027e+02, -1.5000100030781161e+04,  1.0007531212912330e+01,  2.6832497495217682e+00,  4.3598914432756306e+00,  9.3142471119814631e-04,  2.8985343362783106e-01,  1.6607610968223727e-01,  2.7433066213374246e-01, -8.5052057972282043e-04,  2.4235195166031547e-02,  1.7247903264417477e-01,  0.0000000000000000e+00,  1.1479296073635494e-04,  1.5831914048182688e-01,  4.2209689660143503e+00,  0.0000000000000000e+00
 8.5414585414585407e+00,  6.3368030609020275e+02,  1.7165786143322145e-01,  2.9886614246036039e+01, -2.8607594407221677e-02,  9.5484051509729467e-02,  4.9946056906027664e-01,  5.4151767867368899e+03,  1.6289954930538568e+02, -1.5000102199316401e+04,  1.0007483543830793e+01,  2.6833242751684963e+00,  4.3649769930163638e+00,  9.2293373029594310e-04,  2.9010344361847584e-01,  1.6800980392512613e-01,  2.7433066213374246e-01, -8.3030387860515327e-04,  2.6118911535750175e-02,  1.9544987993136692e-01,  0.0000000000000000e+00,  3.9325906030206670e-03,  2.1880087673584714e-01,  3.7779466088156782e-01,  0.0000000000000000e+00
 8.5514485514485514e+00,  6.3368009349024487e+02,  1.7192264781050548e-01,  2.9886639302468083e+01, -2.8604127531964837e-02,  9.5491839817772053e-02,  4.9942520672136231e-01,  5.4214997451165273e+03,  1.6333207750422798e+02, -1.5000104376308513e+04,  1.0007435888190210e+01,  2.6833989234029807e+00,  4.3700621802674515e+00,  9.1483522311412745e-04,  2.9037529000217172e-01,  1.6998120218835844e-01,  2.7433066213374246e-01, -7.7447270375944688e-04,  2.8349009244344886e-02,  1.9728074781018354e-01,  0.0000000000000000e+00,  7.2448106010747967e-03,  2.2766468452528291e-01, -1.1254911538964676e-02,  0.0000000000000000e+00
 8.5614385614385622e+00,  6.3367988045274183e+02,  1.7218956736781396e-01,  2.9886664800650525e+01, -2.8599204136633097e-02,  9.5500123908517670e-02,  4.9939741421827022e-01,  5.4278226631351627e+03,  1.6376516964298088e+02, -1.5000106561762990e+04,  1.0007388265198117e+01,  2.6834736944248991e+00,  4.3751470656462947e+00,  9.0745975020084806e-04,  2.9066985738959167e-01,  1.7195147720804718e-01,  2.7433066213374246e-01, -6.8923839461005546e-04,  3.0404726851776299e-02,  1.9716775768990269e-01,  0.0000000000000000e+00,  9.8190980906460740e-03,  1.8388998048194591e-01, -1.1365710544766450e-02,  0.0000000000000000e+00
 8.5714285714285712e+00,  6.3367966692142738e+02,  1.7245728017035861e-01,  2.9886690589373792e+01, -2.8593195419513339e-02,  9.5507861684452230e-02,  4.9938005370661009e-01,  5.4341455407378025e+03,  1.6419882570280660e+02, -1.5000108755687355e+04,  1.0007340692106188e+01,  2.6835485728288448e+00,  4.3802317384237668e+00,  9.0106422621882181e-04,  2.9098277705215725e-01,  1.7392061792641839e-01,  2.7433066213374246e-01, -5.8223132557365983e-04,  3.1835757249329875e-02,  1.9705391705034450e-01,  0.0000000000000000e+00,  1.1603717130440564e-02,  1.0260230510828335e-01, -1.1425185494785011e-02,  0.0000000000000000e+00
 8.5814185814185819e+00,  6.3367945284614882e+02,  1.7272429152127980e-01,  2.9886716447124694e+01, -2.8586490692189347e-02,  9.5514225266711730e-02,  4.9937504745565131e-01,  5.4404683778693807e+03,  1.6463304566214484e+02, -1.5000110958091152e+04,  1.0007293183461352e+01,  2.6836235297845485e+00,  4.3853163102602348e+00,  8.9582675668289295e-04,  2.9130593645551234e-01,  1.7588861840785422e-01,  2.7433066213374246e-01, -4.6151764691316924e-04,  3.2373158641010660e-02,  1.9693981213835166e-01,  0.0000000000000000e+00,  1.2563161337389947e-02,  4.9854535062109065e-03, -1.1418617886184980e-02,  0.0000000000000000e+00
 8.5914085914085909e+00,  6.3367923818833412e+02,  1.7298911679054618e-01,  2.9886742136263237e+01, -2.8579458499268299e-02,  9.5518753532012710e-02,  4.9938304620300705e-01,  5.4467911744747807e+03,  1.6506782949800191e+02, -1.5000113168984750e+04,  1.0007245750590526e+01,  2.6836985278397489e+00,  4.3904009045521804e+00,  8.9184309441236499e-04,  2.9162959340862099e-01,  1.7785547930780399e-01,  2.7433066213374246e-01, -3.3532057989728314e-04,  3.1966506994754590e-02,  1.9682611553850535e-01,  0.0000000000000000e+00,  1.2701491479190734e-02, -8.6397113086676983e-02, -1.1343441403041683e-02,  0.0000000000000000e+00
 8.6013986013986017e+00,  6.3367902292358258e+02,  1.7325042888078435e-01,  2.9886767455773292e+01, -2.8572420557484372e-02,  9.5521416912024121e-02,  4.9940340377401987e-01,  5.4531139304988355e+03,  1.6550317718743497e+02, -1.5000115388379039e+04,  1.0007198401330102e+01,  2.6837735271108110e+00,  4.3954856441999253e+00,  8.8912704479683342e-04,  2.9194462790395898e-01,  1.7982120812890323e-01,  2.7433066213374246e-01, -2.1181269265481279e-04,  3.0770506773742066e-02,  1.8467600675880100e-01,  0.0000000000000000e+00,  1.2024787546752125e-02, -1.5304213116003271e-01, -2.4211083362938024e+00,  0.0000000000000000e+00
 8.6113886113886107e+00,  6.3367880704160405e+02,  1.7350720286098789e-01,  2.9886792270251682e+01, -2.8565722546507213e-02,  9.5522536698000413e-02,  4.9943413907996642e-01,  5.4594366458863569e+03,  1.6593908870897658e+02, -1.5000117616284151e+04,  1.0007151139775935e+01,  2.6838484914309744e+00,  4.4005706398617681e+00,  8.8761107258110005e-04,  2.9224438874875569e-01,  1.8154530961267509e-01,  2.7433066213374246e-01, -1.0156346748706700e-04,  2.9062766053584096e-02,  1.4588870702442147e-01,  0.0000000000000000e+00,  1.0047107331830835e-02, -1.8884756101559722e-01, -5.3441090705290666e+00,  0.0000000000000000e+00
 8.6213786213786214e+00,  6.3367859054759049e+02,  1.7375897818786568e-01,  2.9886816487999727e+01, -2.8560021996886113e-02,  9.5522552062299440e-02,  4.9947134053871239e-01,  5.4657593205820403e+03,  1.6637556404467600e+02, -1.5000119852709149e+04,  1.0007103963585823e+01,  2.6839233933817308e+00,  4.4056559735699148e+00,  8.8709780468720174e-04,  2.9252530255038423e-01,  1.8273606741011042e-01,  2.7433066213374246e-01, -1.9349047622738751e-05,  2.7149222711271678e-02,  8.4088897458859863e-02,  0.0000000000000000e+00,  6.4122195250063867e-03, -1.9424381611483540e-01, -7.0282128044937648e+00,  0.0000000000000000e+00
 8.6313686313686322e+00,  6.3367837346025772e+02,  1.7400586733882173e-01,  2.9886840074711369e+01, -2.8556013795848673e-02,  9.5521993368917729e-02,  4.9951032514557064e-01,  5.4720819545304303e+03,  1.6681260318180153e+02, -1.5000122097661486e+04,  1.0007056861322384e+01,  2.6839982177050903e+00,  4.4107416851136261e+00,  8.8722447822300334e-04,  2.9278683076096895e-01,  1.8322540746400109e-01,  2.7433066213374246e-01,  1.9368094596951805e-05,  2.5303141961445421e-02,  1.7649639255522053e-02,  0.0000000000000000e+00,  1.3389523473749563e-03, -1.7534155000083421e-01, -6.2729266878148664e+00,  0.0000000000000000e+00
 8.6413586413586412e+00,  6.3367815580961076e+02,  1.7424858707313023e-01,  2.9886863025595968e+01, -2.8554338140013288e-02,  9.5521293004507526e-02,  4.9954594302015393e-01,  5.4784045476757419e+03,  1.6725020611362763e+02, -1.5000124351147213e+04,  1.0007009812231420e+01,  2.6840729622712427e+00,  4.4158277657775376e+00,  8.8748477960422375e-04,  2.9303085983233118e-01,  1.8308870755507589e-01,  2.7433066213374246e-01,  4.9681036171629893e-06,  2.3732612926504693e-02, -1.5681825551555995e-02,  0.0000000000000000e+00, -4.2218305415287101e-03, -1.3907836279430319e-01, -4.0003256656223596e-01,  0.0000000000000000e+00
 8.6513486513486519e+00,  6.3367793763160398e+02,  1.7448807824301657e-01,  2.9886885406491484e+01, -2.8555027085194685e-02,  9.5520911254191862e-02,  4.9957507316732042e-01,  5.4847270999620268e+03,  1.6768837283863289e+02, -1.5000126613170949e+04,  1.0006962789627162e+01,  2.6841476364822308e+00,  4.4209141646901324e+00,  8.8732374103253707e-04,  2.9326100884141859e-01,  1.8291208427615782e-01,  2.7433066213374246e-01, -5.9442215760566834e-05,  2.2593906082468199e-02, -1.7733784491635912e-02,  0.0000000000000000e+00, -8.6731153978929498e-03, -8.8890747381805427e-02, -1.0769613241768632e-02,  0.0000000000000000e+00
 8.6613386613386609e+00,  6.3367771895975716e+02,  1.7472530712237894e-01,  2.9886907327050920e+01, -2.8557691587013500e-02,  9.5521184966249659e-02,  4.9959626219950004e-01,  5.4910496113332320e+03,  1.6812710335771442e+02, -1.5000128883736230e+04,  1.0006915768144829e+01,  2.6842222574840209e+00,  4.4260008110136457e+00,  8.8629712294567098e-04,  2.9348228652728559e-01,  1.8273438618661164e-01,  2.7433066213374246e-01, -1.6115433224351498e-04,  2.1957136164732577e-02, -1.7842144116602333e-02,  0.0000000000000000e+00, -1.1689650321993502e-02, -3.8590590148867905e-02, -1.0923983676509121e-02,  0.0000000000000000e+00
 8.6713286713286717e+00,  6.3367749982316252e+02,  1.7496128280327800e-01,  2.9886928880460072e+01, -2.8561850796490287e-02,  9.5522175630422784e-02,  4.9960872926321326e-01,  5.4973720817333697e+03,  1.6856639767304333e+02, -1.5000131162845953e+04,  1.0006868726265649e+01,  2.6842968462346875e+00,  4.4310876232215852e+00,  8.8410387425444490e-04,  2.9369971286069396e-01,  1.8255559788022171e-01,  2.7433066213374246e-01, -2.8602523724330061e-04,  2.1763122164897061e-02, -1.7952478067359712e-02,  0.0000000000000000e+00, -1.3309504858963870e-02, -2.5101261820266755e-04, -1.1164873265117982e-02,  0.0000000000000000e+00
 8.6813186813186807e+00,  6.3367728024663757e+02,  1.7519699407946335e-01,  2.9886950123075586e+01, -2.8566979822705799e-02,  9.5523723489345735e-02,  4.9961229888616648e-01,  5.5036945111064451e+03,  1.6900625578733138e+02, -1.5000133450502988e+04,  1.0006821647294435e+01,  2.6843714239408634e+00,  4.4361745150969751e+00,  8.8058233299075995e-04,  2.9391711414296784e-01,  1.8237569531613493e-01,  2.7433066213374246e-01, -4.2075295355078942e-04,  2.1860797127195759e-02, -1.8065469493585777e-02,  0.0000000000000000e+00, -1.3662983945795704e-02,  1.9805540070402191e-02, -1.1456010265340547e-02,  0.0000000000000000e+00
 8.6913086913086914e+00,  6.3367706025219775e+02,  1.7543337666441991e-01,  2.9886971067383371e+01, -2.8572549193068654e-02,  9.5525535902433165e-02,  4.9960720555248511e-01,  5.5100168993964144e+03,  1.6944667770324884e+02, -1.5000135746710212e+04,  1.0006774519837792e+01,  2.6844460094393776e+00,  4.4412614005127304e+00,  8.7569722183584780e-04,  2.9413649202407449e-01,  1.8219464943879143e-01,  2.7433066213374246e-01, -5.5363180552301750e-04,  2.2067027914000038e-02, -1.1232196597533753e-02,  0.0000000000000000e+00, -1.2939362219044664e-02,  2.1481863447814862e-02,  1.3794772440549714e+00,  0.0000000000000000e+00
 8.7012987012987004e+00,  6.3367683986094960e+02,  1.7567129050033567e-01,  2.9886991695736398e+01, -2.8578031264318224e-02,  9.5527335988766116e-02,  4.9959398986998560e-01,  5.5163392465472307e+03,  1.6988766342304859e+02, -1.5000138051471122e+04,  1.0006727337895185e+01,  2.6845206179333063e+00,  4.4463481964555296e+00,  8.6952075845483565e-04,  2.9435801380158921e-01,  1.8215127580369669e-01,  2.7433066213374246e-01, -6.7365657502974443e-04,  2.2275788033549741e-02,  2.0823196922733319e-02,  0.0000000000000000e+00, -1.1089596636202358e-02,  2.0311912486036088e-02,  5.0380125387025707e+00,  0.0000000000000000e+00
 8.7112887112887112e+00,  6.3367661909112041e+02,  1.7591133971473918e-01,  2.9887012059274038e+01, -2.8582763077557010e-02,  9.5529354784965478e-02,  4.9957436559654195e-01,  5.5226615525029410e+03,  1.7032921294769784e+02, -1.5000140364789268e+04,  1.0006680101831414e+01,  2.6845952622916895e+00,  4.4514348300752333e+00,  8.6223755000708184e-04,  2.9458156271405550e-01,  1.8261069732935553e-01,  2.7433066213374246e-01, -7.6870031534481426e-04,  2.2576392473353135e-02,  6.5758451447001487e-02,  0.0000000000000000e+00, -7.9381601748871114e-03,  3.9869096362998589e-02,  3.9580254170564890e+00,  0.0000000000000000e+00
 8.7212787212787219e+00,  6.3367639795086779e+02,  1.7615380410691472e-01,  2.9887032290925809e+01, -2.8586106695265925e-02,  9.5532067057913783e-02,  4.9955074825691415e-01,  5.5289838172078071e+03,  1.7077132627537017e+02, -1.5000142686667996e+04,  1.0006632819929317e+01,  2.6846699559167200e+00,  4.4565212509040819e+00,  8.5416211079559741e-04,  2.9480909057428362e-01,  1.8346513097746306e-01,  2.7433066213374246e-01, -8.2874586046049938e-04,  2.3110360675319373e-02,  8.6939755142558264e-02,  0.0000000000000000e+00, -4.0829579572580800e-03,  6.7031337670234545e-02,  2.8247158279215379e-01,  0.0000000000000000e+00
 8.7312687312687309e+00,  6.3367617643782307e+02,  1.7639882221561407e-01,  2.9887052467867214e+01, -2.8587747076272253e-02,  9.5535382809858987e-02,  4.9952479988313758e-01,  5.5353060406063223e+03,  1.7121400340155512e+02, -1.5000145017110623e+04,  1.0006585506518384e+01,  2.6847447110074310e+00,  4.4616074300453370e+00,  8.4567919115672240e-04,  2.9504330818209384e-01,  1.8434775537416187e-01,  2.7433066213374246e-01, -8.5140255918691706e-04,  2.3802001020691493e-02,  8.8291299234951229e-02,  0.0000000000000000e+00, -4.5291312777079209e-04,  7.1435059473265727e-02, -1.1892455495081028e-02,  0.0000000000000000e+00
 8.7412587412587417e+00,  6.3367595454616549e+02,  1.7664646444054768e-01,  2.9887072565975558e+01, -2.8587643195420936e-02,  9.5538784133261806e-02,  4.9949760928357639e-01,  5.5416282226429694e+03,  1.7165724432025900e+02, -1.5000147356121222e+04,  1.0006538178055306e+01,  2.6848195340540473e+00,  4.4666933504769926e+00,  8.3715107065200287e-04,  2.9528465503024148e-01,  1.8522919290023929e-01,  2.7433066213374246e-01, -8.4048193623516049e-04,  2.4405257634245451e-02,  9.0063271321801447e-02,  0.0000000000000000e+00,  2.6392218427124699e-03,  4.9336914560238136e-02,  3.6664126728250018e-01,  0.0000000000000000e+00
 8.7512487512487507e+00,  6.3367573227120158e+02,  1.7689670566511720e-01,  2.9887092502329338e+01, -2.8585866114682147e-02,  9.5541736542359965e-02,  4.9947010986985974e-01,  5.5479503632622345e+03,  1.7210104902431476e+02, -1.5000149703704699e+04,  1.0006490851292918e+01,  2.6848944245547877e+00,  4.4717790045154855e+00,  8.2888634527789821e-04,  2.9553092571724360e-01,  1.8614722133463740e-01,  2.7433066213374246e-01, -8.0148635609233435e-04,  2.4731405224407092e-02,  1.2001043044772516e-01,  0.0000000000000000e+00,  5.1676933018814236e-03,  1.5957832990122725e-02,  5.6287799897274970e+00,  0.0000000000000000e+00
 8.7612387612387614e+00,  6.3367550961137658e+02,  1.7714933277097236e-01,  2.9887112247250077e+01, -2.8582511026403769e-02,  9.5544322573337809e-02,  4.9944383001537268e-01,  5.5542724624086195e+03,  1.7254541750532141e+02, -1.5000152059866543e+04,  1.0006443542532585e+01,  2.6849693769877332e+00,  4.4768643943131208e+00,  8.2113735724356480e-04,  2.9577878900075910e-01,  1.8762700369839561e-01,  2.7433066213374246e-01, -7.3833483963611898e-04,  2.4900066535756441e-02,  1.7069438297561607e-01,  0.0000000000000000e+00,  7.4752402926530409e-03,  1.7808161542017847e-02,  4.5181473063563811e+00,  0.0000000000000000e+00
 8.7712287712287704e+00,  6.3367528655741967e+02,  1.7740376295447344e-01,  2.9887131946259018e+01, -2.8577689599209560e-02,  9.5547419801911129e-02,  4.9942133678220424e-01,  5.5605945200269298e+03,  1.7299034975205407e+02, -1.5000154424611774e+04,  1.0006396268335148e+01,  2.6850443880280914e+00,  4.4819495449366507e+00,  8.1413440043002388e-04,  2.9602842954413183e-01,  1.8955769851696735e-01,  2.7433066213374246e-01, -6.5406895813828480e-04,  2.5219592282624683e-02,  1.9400324173180247e-01,  0.0000000000000000e+00,  9.3947891832135387e-03,  4.6160892981004842e-02,  1.4828621663218861e-01,  0.0000000000000000e+00
 8.7812187812187812e+00,  6.3367506308694738e+02,  1.7765934514596834e-01,  2.9887151696244622e+01, -2.8571660491541084e-02,  9.5551163214910348e-02,  4.9940391264963968e-01,  5.5669165360622110e+03,  1.7343584575072367e+02, -1.5000156797944934e+04,  1.0006349044507225e+01,  2.6851194565311465e+00,  4.4870345023516824e+00,  8.0806904639165117e-04,  2.9628267695845389e-01,  1.9150319234438562e-01,  2.7433066213374246e-01, -5.5458579798561163e-04,  2.5762554250536855e-02,  1.8699206444717478e-01,  0.0000000000000000e+00,  1.0521739479340122e-02,  6.2540092995460872e-02, -1.5519239090110633e+00,  0.0000000000000000e+00
 8.7912087912087920e+00,  6.3367483917161235e+02,  1.7791538754228045e-01,  2.9887171515817666e+01, -2.8564816838698878e-02,  9.5555281642745821e-02,  4.9939232503090064e-01,  5.5732385104595032e+03,  1.7388190548643550e+02, -1.5000159179871047e+04,  1.0006301884080855e+01,  2.6851945784606914e+00,  4.4921193214680430e+00,  8.0305376510563518e-04,  2.9654316589279395e-01,  1.9329380370072738e-01,  2.7433066213374246e-01, -4.4983472427923807e-04,  2.6369755313904598e-02,  1.5202998063661821e-01,  0.0000000000000000e+00,  1.0449425476684114e-02,  5.9021559890292945e-02, -5.4474852698654974e+00,  0.0000000000000000e+00
 8.8011988011988009e+00,  6.3367461478426753e+02,  1.7817130448551088e-01,  2.9887191345512992e+01, -2.8557920507391536e-02,  9.5559336583738497e-02,  4.9938620856190424e-01,  5.5795604431638030e+03,  1.7432852894402555e+02, -1.5000161570395627e+04,  1.0006254794655478e+01,  2.6852697458083679e+00,  4.4972040596399987e+00,  7.9908133961284532e-04,  2.9680954519649394e-01,  1.9454075439506727e-01,  2.7433066213374246e-01, -3.5443000816065843e-04,  2.6835381417180892e-02,  1.0705879729003197e-01,  0.0000000000000000e+00,  8.6505986902557560e-03,  3.4196785985621890e-02, -3.5557456361211708e+00,  0.0000000000000000e+00
 8.8111888111888117e+00,  6.3367438990493918e+02,  1.7842667914342161e-01,  2.9887211071019635e+01, -2.8551807625799661e-02,  9.5562905313739718e-02,  4.9938455619890276e-01,  5.5858823341198495e+03,  1.7477571610952677e+02, -1.5000163969524934e+04,  1.0006207774778003e+01,  2.6853449474427791e+00,  4.5022887650995616e+00,  7.9597224646106666e-04,  2.9707933734968067e-01,  1.9543284060961910e-01,  2.7433066213374246e-01, -2.8153552449647508e-04,  2.7001033412352660e-02,  8.8331791273279336e-02,  0.0000000000000000e+00,  5.9428769393139224e-03, -1.0332565522333250e-03, -1.9340096843274826e-01,  0.0000000000000000e+00
 8.8211788211788207e+00,  6.3367416451970848e+02,  1.7868106575278425e-01,  2.9887230591721970e+01, -2.8546831553368835e-02,  9.5565796967864131e-02,  4.9938713621818631e-01,  5.5922041832722025e+03,  1.7522346696989132e+02, -1.5000166377265643e+04,  1.0006160816518587e+01,  2.6854201702334937e+00,  4.5073734790003863e+00,  7.9345625420832041e-04,  2.9734902638355393e-01,  1.9630562534957832e-01,  2.7433066213374246e-01, -2.3485540906889845e-04,  2.6822731674521677e-02,  8.7306411845292822e-02,  0.0000000000000000e+00,  3.4024821692870276e-03, -3.4662751361529659e-02, -1.1879993050155822e-02,  0.0000000000000000e+00
 8.8311688311688314e+00,  6.3367393861953110e+02,  1.7893401883585366e-01,  2.9887249826410365e+01, -2.8543051702827109e-02,  9.5567963771992406e-02,  4.9939377199219642e-01,  5.5985259905654102e+03,  1.7567178151219630e+02, -1.5000168793624474e+04,  1.0006113910174603e+01,  2.6854954001811673e+00,  4.5124582414258381e+00,  7.9127983069545436e-04,  2.9761525606445632e-01,  1.9717722446267189e-01,  2.7433066213374246e-01, -2.1164808642699234e-04,  2.6334500546500841e-02,  8.7184427543176374e-02,  0.0000000000000000e+00,  1.2436238236226255e-03, -6.3081120468243365e-02, -1.2541264233556903e-02,  0.0000000000000000e+00
 8.8411588411588404e+00,  6.3367371220119594e+02,  1.7918519661534746e-01,  2.9887268703782780e+01, -2.8540423538730649e-02,  9.5569415960622864e-02,  4.9940381440979686e-01,  5.6048477559440025e+03,  1.7612065972400714e+02, -1.5000171218608033e+04,  1.0006067045774902e+01,  2.6855706237861394e+00,  4.5175430882789538e+00,  7.8922752121277616e-04,  2.9787519023063685e-01,  1.9804757195383757e-01,  2.7433066213374246e-01, -2.0795021540103619e-04,  2.5598901957381997e-02,  8.7056440317733616e-02,  0.0000000000000000e+00, -5.0331004422619115e-04, -8.4185717073350930e-02, -1.3081778300082962e-02,  0.0000000000000000e+00
 8.8511488511488512e+00,  6.3367348526755654e+02,  1.7943439375698564e-01,  2.9887287169676988e+01, -2.8538820260446421e-02,  9.5570232005322539e-02,  4.9941625612515500e-01,  5.6111694793524848e+03,  1.7657010159385891e+02, -1.5000173652222586e+04,  1.0006020213807968e+01,  2.6856458293821088e+00,  4.5226280472599587e+00,  7.8712498123689224e-04,  2.9812672263703138e-01,  1.9891661387960960e-01,  2.7433066213374246e-01, -2.1960995293368775e-04,  2.4699397993278180e-02,  8.6924286492103695e-02,  0.0000000000000000e+00, -1.8309694098142643e-03, -9.5894976539778215e-02, -1.3375417589479974e-02,  0.0000000000000000e+00
 8.8611388611388620e+00,  6.3367325782698958e+02,  1.7968155616720050e-01,  2.9887305193877108e+01, -2.8538055689604182e-02,  9.5570561705734650e-02,  4.9942987440900777e-01,  5.6174911607353652e+03,  1.7702010711158738e+02, -1.5000176094473847e+04,  1.0005973405790343e+01,  2.6857210083248235e+00,  4.5277131351406092e+00,  7.8483970996534949e-04,  2.9836868469603706e-01,  1.9978432093469892e-01,  2.7433066213374246e-01, -2.4248886625295518e-04,  2.3736884792127683e-02,  8.6790886145769894e-02,  0.0000000000000000e+00, -2.7493890366988940e-03, -9.6800166330976073e-02, -1.3331331748090204e-02,  0.0000000000000000e+00
 8.8711288711288709e+00,  6.3367302989197549e+02,  1.7992677689461867e-01,  2.9887322773798999e+01, -2.8537907151732992e-02,  9.5570610334708858e-02,  4.9944339013099021e-01,  5.6238128000371316e+03,  1.7747067626847695e+02, -1.5000178545366914e+04,  1.0005926614681192e+01,  2.6857961558670289e+00,  4.5327983565302441e+00,  7.8228004884422586e-04,  2.9860098606944152e-01,  2.0065069751888570e-01,  2.7433066213374246e-01, -2.7261141264039616e-04,  2.2818577664414193e-02,  8.4959961861866898e-02,  0.0000000000000000e+00, -3.2811447500668582e-03, -8.7044920637266945e-02, -3.5321970988929563e-01,  0.0000000000000000e+00
 8.8811188811188817e+00,  6.3367280147712722e+02,  1.8017027483178896e-01,  2.9887339932755921e+01, -2.8538136943799128e-02,  9.5570601730393223e-02,  4.9945562290819340e-01,  5.6301343972022851e+03,  1.7792180905722776e+02, -1.5000181004906201e+04,  1.0005879835151642e+01,  2.6858712715026622e+00,  4.5378837041646110e+00,  7.7939292849401297e-04,  2.9882460033368768e-01,  2.0148182267020073e-01,  2.7433066213374246e-01, -3.0728469104176603e-04,  2.2052515501108188e-02,  6.8242556170406810e-02,  0.0000000000000000e+00, -3.6604455858874727e-03, -6.6320724456597258e-02, -2.9936049095410517e+00,  0.0000000000000000e+00
 8.8911088911088907e+00,  6.3367257259843041e+02,  1.8041247012534656e-01,  2.9887356724388862e+01, -2.8538754905158961e-02,  9.5570892117729914e-02,  4.9946495841352451e-01,  5.6364559521753181e+03,  1.7837350547204539e+02, -1.5000183473095374e+04,  1.0005833062777784e+01,  2.6859463595211714e+00,  4.5429691583184209e+00,  7.7614049457765718e-04,  2.9904159576976336e-01,  2.0201418515465805e-01,  2.7433066213374246e-01, -3.4737971609571808e-04,  2.1599164825649740e-02,  6.4370590617386828e-02,  0.0000000000000000e+00, -4.3665784299138193e-03, -2.4440080770184846e-02,  2.2184374058264411e+00,  0.0000000000000000e+00
 8.9010989010989015e+00,  6.3367234326987091e+02,  1.8065383383176239e-01,  2.9887373291472628e+01, -2.8539768936168629e-02,  9.5572124886615747e-02,  4.9947069356375118e-01,  5.6427774649006760e+03,  1.7882576550884087e+02, -1.5000185949937275e+04,  1.0005786291506240e+01,  2.6860214317644004e+00,  4.5480546856795590e+00,  7.7245227482576693e-04,  2.9925615207845591e-01,  2.0276794835686179e-01,  2.7433066213374246e-01, -3.9149300160828797e-04,  2.1659167429223348e-02,  8.0855464782284975e-02,  0.0000000000000000e+00, -4.4649013297027723e-03,  3.6452602005620977e-02,  1.0818344019862085e+00,  0.0000000000000000e+00
 8.9110889110889104e+00,  6.3367211349303113e+02,  1.8089456556081582e-01,  2.9887389811121334e+01, -2.8540851968926566e-02,  9.5574620038705066e-02,  4.9947394076178447e-01,  5.6490989353228870e+03,  1.7927858916290728e+02, -1.5000188435434076e+04,  1.0005739517621148e+01,  2.6860965049235479e+00,  4.5531402580555840e+00,  7.6831845658348569e-04,  2.9947434636774983e-01,  2.0362967895650189e-01,  2.7433066213374246e-01, -4.3318761960595657e-04,  2.2256396944613302e-02,  8.6212176652503608e-02,  0.0000000000000000e+00, -3.8823611934305814e-03,  8.3112746975449653e-02, -9.4206855684264845e-03,  0.0000000000000000e+00
 8.9210789210789212e+00,  6.3367188325950724e+02,  1.8113475795442441e-01,  2.9887406358435754e+01, -2.8541816611427448e-02,  9.5578019157263369e-02,  4.9947573214608804e-01,  5.6554203633865991e+03,  1.7973197642824448e+02, -1.5000190929588191e+04,  1.0005692740541479e+01,  2.6861715933265935e+00,  4.5582258577421033e+00,  7.6379717753094272e-04,  2.9970083533409253e-01,  2.0449046936889981e-01,  2.7433066213374246e-01, -4.6728386901442935e-04,  2.3159547544342889e-02,  8.6120273896749602e-02,  0.0000000000000000e+00, -2.9437079381457532e-03,  9.7698003090415847e-02, -8.9782461335267509e-03,  0.0000000000000000e+00
 8.9310689310689302e+00,  6.3367165255590760e+02,  1.8137434149401471e-01,  2.9887422925215674e+01, -2.8542534088273203e-02,  9.5581751799520845e-02,  4.9947737930515740e-01,  5.6617417490363796e+03,  1.8018592729753618e+02, -1.5000193432402884e+04,  1.0005645961760877e+01,  2.6862467045468863e+00,  4.5633114777810411e+00,  7.5898211554423646e-04,  2.9993707459041402e-01,  2.0535036374964372e-01,  2.7433066213374246e-01, -4.9080889812982986e-04,  2.4052941215551300e-02,  8.6030190461457795e-02,  0.0000000000000000e+00, -1.7660028907574795e-03,  8.1159409885510111e-02, -9.0564576118932101e-03,  0.0000000000000000e+00
 8.9410589410589409e+00,  6.3367142136812026e+02,  1.8161310773059483e-01,  2.9887439436650670e+01, -2.8542908160830650e-02,  9.5585226878255006e-02,  4.9948014558758336e-01,  5.6680630922167766e+03,  1.8064044176199735e+02, -1.5000195943882458e+04,  1.0005599184499415e+01,  2.6863218381054730e+00,  4.5683971232397047e+00,  7.5399080593993725e-04,  3.0018141358015749e-01,  2.0620935429320464e-01,  2.7433066213374246e-01, -5.0204985698696237e-04,  2.4666190442883703e-02,  8.5936431413032713e-02,  0.0000000000000000e+00, -4.8443707244931651e-04,  4.1613085426869520e-02, -9.7141038812763730e-03,  0.0000000000000000e+00
 8.9510489510489517e+00,  6.3367118968532498e+02,  1.8185077804087088e-01,  2.9887455776262929e+01, -2.8542867501904379e-02,  9.5587966952378353e-02,  4.9948489208366359e-01,  5.6743843928723300e+03,  1.8109551981164122e+02, -1.5000198464032193e+04,  1.0005552413304427e+01,  2.6863969863441159e+00,  4.5734828089770732e+00,  7.4895114937067000e-04,  3.0042990556829385e-01,  2.0706737536628786e-01,  2.7433066213374246e-01, -5.0068342015441498e-04,  2.4829963498734224e-02,  8.5833483956862938e-02,  0.0000000000000000e+00,  7.5799772633432065e-04, -8.8257196460412198e-03, -1.0895976845439900e-02,  0.0000000000000000e+00
 8.9610389610389607e+00,  6.3367095750296266e+02,  1.8208708664703091e-01,  2.9887471816884556e+01, -2.8542359854227772e-02,  9.5589699573134582e-02,  4.9949186616215557e-01,  5.6807056509475078e+03,  1.8155116143586730e+02, -1.5000200992857846e+04,  1.0005505653586292e+01,  2.6864721369108571e+00,  4.5785685547773927e+00,  7.4398714120158741e-04,  3.0067751674696536e-01,  2.0792430901761746e-01,  2.7433066213374246e-01, -4.8773867471958211e-04,  2.4499657522371081e-02,  8.4896136798047361e-02,  0.0000000000000000e+00,  1.8335403097192518e-03, -5.7301536821860496e-02, -1.7676092434944016e-01,  0.0000000000000000e+00
 8.9710289710289715e+00,  6.3367072482416791e+02,  1.8232185711636892e-01,  2.9887487449659449e+01, -2.8541348581199923e-02,  9.5590389070782086e-02,  4.9950065896824664e-01,  5.6870268663867910e+03,  1.8200736662418555e+02, -1.5000203530365388e+04,  1.0005458911142030e+01,  2.6865472760744624e+00,  4.5836543793341118e+00,  7.3920612090474440e-04,  3.0091940921509447e-01,  2.0876360187573934e-01,  2.7433066213374246e-01, -4.6604013724270681e-04,  2.3739915731941352e-02,  6.4954004841756854e-02,  0.0000000000000000e+00,  2.5105068931512362e-03, -9.4798769622173304e-02, -3.8156538932999675e+00,  0.0000000000000000e+00
 8.9810189810189804e+00,  6.3367049166094375e+02,  1.8255515366561492e-01,  2.9887502581384961e+01, -2.8539986676471753e-02,  9.5590113431621243e-02,  4.9950969655929744e-01,  5.6933480391346138e+03,  1.8246413536713547e+02, -1.5000206076560369e+04,  1.0005412191104725e+01,  2.6866223920113161e+00,  4.5887402927307157e+00,  7.3467564994798699e-04,  3.0115184073761353e-01,  2.0922209133213807e-01,  2.7433066213374246e-01, -4.4374615678626536e-04,  2.2655264684238247e-02,  1.9019991745717550e-02,  0.0000000000000000e+00,  1.9527479942283920e-03, -1.2234837012799074e-01, -5.3803355285272074e+00,  0.0000000000000000e+00
 8.9910089910089912e+00,  6.3367025803841739e+02,  1.8278752376343027e-01,  2.9887517110470952e+01, -2.8538800133811271e-02,  9.5588943656821634e-02,  4.9951572144132089e-01,  5.6996691691352062e+03,  1.8292146765828372e+02, -1.5000208631447780e+04,  1.0005365493706089e+01,  2.6866974777360491e+00,  4.5938262804475407e+00,  7.3034006382609784e-04,  3.0137206185613818e-01,  2.0914362169083858e-01,  2.7433066213374246e-01, -4.3353457027853453e-04,  2.1355446824055258e-02, -1.4803982344550387e-02,  0.0000000000000000e+00,  9.1611624619345925e-05, -1.3787516548064638e-01, -1.3912240843445116e+00,  0.0000000000000000e+00
 9.0009990009990002e+00,  6.3367002399296337e+02,  1.8301982675624773e-01,  2.9887530981549528e+01, -2.8538086512440913e-02,  9.5587119365237130e-02,  4.9951582704897945e-01,  5.7059902563326705e+03,  1.8337936349513663e+02, -1.5000211195031805e+04,  1.0005318812902877e+01,  2.6867725331669470e+00,  4.5989122959815631e+00,  7.2601362057179259e-04,  3.0157852299184040e-01,  2.0892630746911009e-01,  2.7433066213374246e-01, -4.4270809436927828e-04,  1.9992613348901917e-02, -2.0943763125133345e-02,  0.0000000000000000e+00, -1.9281511475862693e-03, -1.3496409624505606e-01,  1.6203997207178908e-01,  0.0000000000000000e+00
 9.0109890109890109e+00,  6.3366978956576600e+02,  1.8325303791169839e-01,  2.9887544207148025e+01, -2.8537740612194284e-02,  9.5585003849991981e-02,  4.9950818661946267e-01,  5.7123113006709991e+03,  1.8383782287786636e+02, -1.5000213767315689e+04,  1.0005272140855345e+01,  2.6868475652799741e+00,  4.6039982707583507e+00,  7.2149474725528319e-04,  3.0177151467030205e-01,  2.0872516488514162e-01,  2.7433066213374246e-01, -4.6977707329762632e-04,  1.8762938366419617e-02,  4.3642289062036706e-03,  0.0000000000000000e+00, -3.4910584338768138e-03, -1.1121683524754929e-01,  4.9046200326011462e+00,  0.0000000000000000e+00
 9.0209790209790217e+00,  6.3366955479888566e+02,  1.8348816357184394e-01,  2.9887556893200927e+01, -2.8537539995514800e-02,  9.5583257254986981e-02,  4.9949202640293583e-01,  5.7186323020942482e+03,  1.8429684580822826e+02, -1.5000216348301514e+04,  1.0005225470735921e+01,  2.6869225877906300e+00,  4.6090841227275936e+00,  7.1662746526114998e-04,  3.0195340687528538e-01,  2.0901350484985343e-01,  2.7433066213374246e-01, -5.0805292639854375e-04,  1.8007510998545948e-02,  5.5470949396846943e-02,  0.0000000000000000e+00, -4.1717673569179690e-03, -4.0019723801075047e-02,  5.3269454096248054e+00,  0.0000000000000000e+00
 9.0309690309690307e+00,  6.3366931972161512e+02,  1.8372589710849568e-01,  2.9887569352963691e+01, -2.8537202651865417e-02,  9.5583201228530687e-02,  4.9946879769500352e-01,  5.7249532605467775e+03,  1.8475643228721350e+02, -1.5000218937989917e+04,  1.0005178798652159e+01,  2.6869976243022031e+00,  4.6141697757030906e+00,  7.1134383963493278e-04,  3.0213130509984343e-01,  2.0983347556240128e-01,  2.7433066213374246e-01, -5.4879539948066690e-04,  1.8115679041476727e-02,  8.3358428515250646e-02,  0.0000000000000000e+00, -3.9848757541231777e-03,  6.1674965995816851e-02,  2.5612790987968082e-01,  0.0000000000000000e+00
 9.0409590409590415e+00,  6.3366908434018978e+02,  1.8396678193326155e-01,  2.9887581849179824e+01, -2.8536543243345536e-02,  9.5585136182493008e-02,  4.9943978270981482e-01,  5.7312741759732771e+03,  1.8521658231373456e+02, -1.5000221536380415e+04,  1.0005132123998694e+01,  2.6870727048457361e+00,  4.6192551702935125e+00,  7.0566252221458334e-04,  3.0231535850448571e-01,  2.1067900791709118e-01,  2.7433066213374246e-01, -5.8559030065398932e-04,  1.9097301630139108e-02,  8.4594746235355261e-02,  0.0000000000000000e+00, -3.3814634607760401e-03,  1.3484587625439426e-01, -8.6171023147341118e-03,  0.0000000000000000e+00
 9.0509490509490504e+00,  6.3366884864511974e+02,  1.8421117820251559e-01,  2.9887594504582104e+01, -2.8535474455665798e-02,  9.5588559216551211e-02,  4.9940659133668180e-01,  5.7375950483184570e+03,  1.8567729588515169e+02, -1.5000224143473099e+04,  1.0005085448096834e+01,  2.6871478553296408e+00,  4.6243402596073562e+00,  6.9964373372776031e-04,  3.0251286956797807e-01,  2.1152368028238838e-01,  2.7433066213374246e-01, -6.1472847290351847e-04,  2.0592880377405542e-02,  8.4519592023369977e-02,  0.0000000000000000e+00, -2.4519986235797659e-03,  1.6456898894834912e-01, -6.4287709247196146e-03,  0.0000000000000000e+00
 9.0609390609390612e+00,  6.3366861261713746e+02,  1.8445914326840043e-01,  2.9887607340362258e+01, -2.8533956970623237e-02,  9.5592748361281274e-02,  4.9937151766878685e-01,  5.7439158775270407e+03,  1.8613857299653347e+02, -1.5000226759269346e+04,  1.0005038773843273e+01,  2.6872230921516134e+00,  4.6294250154080165e+00,  6.9338023504368401e-04,  3.0272680466587243e-01,  2.1236771105442123e-01,  2.7433066213374246e-01, -6.3323356472316339e-04,  2.2177044859803260e-02,  9.1662614307228288e-02,  0.0000000000000000e+00, -1.2527207587131929e-03,  1.5258074042767808e-01,  1.4364618321531699e+00,  0.0000000000000000e+00
 9.0709290709290702e+00,  6.3366837623248909e+02,  1.8471044224502806e-01,  2.9887620294498756e+01, -2.8531960034703891e-02,  9.5596971394006830e-02,  4.9933707666674482e-01,  5.7502366635437211e+03,  1.8660041364019233e+02, -1.5000229383772039e+04,  1.0004992105553713e+01,  2.6872984201861700e+00,  4.6345094319545987e+00,  6.8699171445257238e-04,  3.0295596736737473e-01,  2.1335510114766765e-01,  2.7433066213374246e-01, -6.3753044733742684e-04,  2.3537203749283156e-02,  1.2506686073598189e-01,  0.0000000000000000e+00,  3.9248485933762370e-04,  1.1972306924620001e-01,  5.2510683028833780e+00,  0.0000000000000000e+00
 9.0809190809190810e+00,  6.3366813946436787e+02,  1.8496442338567279e-01,  2.9887633338332947e+01, -2.8529293069621195e-02,  9.5601076722400660e-02,  4.9930661913919960e-01,  5.7565574063132672e+03,  1.8706281780508161e+02, -1.5000232016985439e+04,  1.0004945449922708e+01,  2.6873738346504692e+00,  4.6395935308869589e+00,  6.8064236396801129e-04,  3.0319707846705690e-01,  2.1486654943076450e-01,  2.7433066213374246e-01, -6.2169391808046559e-04,  2.4623186111077135e-02,  1.7010154055753071e-01,  0.0000000000000000e+00,  2.7779882978945115e-03,  9.7690599585378138e-02,  3.7648745973931623e+00,  0.0000000000000000e+00
 9.0909090909090917e+00,  6.3366790227837078e+02,  1.8522003136410997e-01,  2.9887646505004344e+01, -2.8525742624514509e-02,  9.5605257117641645e-02,  4.9928359896155405e-01,  5.7628781057806946e+03,  1.8752578547581214e+02, -1.5000234658914125e+04,  1.0004898817740658e+01,  2.6874493257078598e+00,  4.6446773691555379e+00,  6.7457025754786681e-04,  3.0344793911784584e-01,  2.1675373332663955e-01,  2.7433066213374246e-01, -5.8087652386979132e-04,  2.5508605443509143e-02,  1.9004426703634208e-01,  0.0000000000000000e+00,  5.3936540230931345e-03,  7.9570350767055986e-02,  2.2765924366122312e-01,  0.0000000000000000e+00
 9.1008991008991007e+00,  6.3366766463467479e+02,  1.8547608575803279e-01,  2.9887659764039505e+01, -2.8521340708714017e-02,  9.5609257252452021e-02,  4.9926998214419482e-01,  5.7691987618912326e+03,  1.8798931663360406e+02, -1.5000237309563423e+04,  1.0004852222239849e+01,  2.6875248788343495e+00,  4.6497610312991249e+00,  6.6903643941516845e-04,  3.0370674091348066e-01,  2.1866363768323882e-01,  2.7433066213374246e-01, -5.1654279036773441e-04,  2.6128396877694166e-02,  1.9111635512082475e-01,  0.0000000000000000e+00,  7.4859594240188048e-03,  4.4511894356787617e-02, -1.3027209147789039e-02,  0.0000000000000000e+00
 9.1108891108891115e+00,  6.3366742649604009e+02,  1.8573139612137732e-01,  2.9887673010208083e+01, -2.8516284217545068e-02,  9.5612614960255277e-02,  4.9926663911504526e-01,  5.7755193745900815e+03,  1.8845341125817822e+02, -1.5000239968939348e+04,  1.0004805675904677e+01,  2.6876004731720391e+00,  4.6548446140323900e+00,  6.6424972227578432e-04,  3.0396998500950806e-01,  2.2057224192046218e-01,  2.7433066213374246e-01, -4.3473118318362245e-04,  2.6337849844298832e-02,  1.9096552900838823e-01,  0.0000000000000000e+00,  8.8927243342406086e-03, -2.5794104425333401e-03, -1.7168178562006212e-02,  0.0000000000000000e+00
 9.1208791208791204e+00,  6.3366718783168881e+02,  1.8598478048252354e-01,  2.9887686121141961e+01, -2.8510796031461099e-02,  9.5615032956183524e-02,  4.9927384207436476e-01,  5.7818399438224124e+03,  1.8891806932862730e+02, -1.5000242637048537e+04,  1.0004759189357388e+01,  2.6876760830845514e+00,  4.6599282191439118e+00,  6.6035050168922204e-04,  3.0423297167960051e-01,  2.2247913276832146e-01,  2.7433066213374246e-01, -3.4229346360412197e-04,  2.6074456004776449e-02,  1.9077568421622002e-01,  0.0000000000000000e+00,  9.6133071255756035e-03, -5.0152036229847818e-02, -2.0838748830069545e-02,  0.0000000000000000e+00
 9.1308691308691312e+00,  6.3366694861883536e+02,  1.8623514405404445e-01,  2.9887698985246367e+01, -2.8505099065318121e-02,  9.5616429764543431e-02,  4.9929119816010448e-01,  5.7881604695333899e+03,  1.8938329082414617e+02, -1.5000245313897754e+04,  1.0004712770923975e+01,  2.6877516811491384e+00,  4.6650119474912000e+00,  6.5741069203394380e-04,  3.0449095316145164e-01,  2.2438394390280419e-01,  2.7433066213374246e-01, -2.4587202028707785e-04,  2.5386748355677603e-02,  1.9055571603567448e-01,  0.0000000000000000e+00,  9.6902658264968484e-03, -8.7527035119743121e-02, -2.3198880915147314e-02,  0.0000000000000000e+00
 9.1408591408591402e+00,  6.3366670884239772e+02,  1.8648153814074975e-01,  2.9887711525136922e+01, -2.8499397939076035e-02,  9.5616941032951833e-02,  4.9931773740095325e-01,  5.7944809516681771e+03,  1.8984907572474572e+02, -1.5000247999493558e+04,  1.0004666426432761e+01,  2.6878272413982516e+00,  4.6700958931378009e+00,  6.5543797381135841e-04,  3.0474019941897468e-01,  2.2628643978202120e-01,  2.7433066213374246e-01, -1.5146311145905771e-04,  2.4414474384238608e-02,  1.8569994138074544e-01,  0.0000000000000000e+00,  9.2103977208730110e-03, -1.0712221396234586e-01, -9.4892720500165584e-01,  0.0000000000000000e+00
 9.1508491508491510e+00,  6.3366646849321353e+02,  1.8672318961199921e-01,  2.9887723711281421e+01, -2.8493870865264899e-02,  9.5616871439283616e-02,  4.9935210714982087e-01,  5.8008013901718869e+03,  1.9031542401179254e+02, -1.5000250693841765e+04,  1.0004620159233886e+01,  2.6879027420763539e+00,  4.6751801389381606e+00,  6.5438445604075587e-04,  3.0497875484745041e-01,  2.2809423244187998e-01,  2.7433066213374246e-01, -6.6146292535227772e-05,  2.3330757924499235e-02,  1.3936816002734614e-01,  0.0000000000000000e+00,  7.8700294276779388e-03, -1.0983782127747940e-01, -8.3266954219489904e+00,  0.0000000000000000e+00
 9.1608391608391599e+00,  6.3366622756913591e+02,  1.8695978355380793e-01,  2.9887735504227159e+01, -2.8489107461336604e-02,  9.5616397885141535e-02,  4.9939107421338319e-01,  5.8071217849895802e+03,  1.9078233566907545e+02, -1.5000253396947350e+04,  1.0004573968488126e+01,  2.6879781676504853e+00,  4.6802647480287805e+00,  6.5411636956490033e-04,  3.0520634842845518e-01,  2.2907101840394617e-01,  2.7433066213374246e-01, -3.8084029205500194e-06,  2.2238016760406123e-02,  6.4445541154127567e-02,  0.0000000000000000e+00,  4.6100160731806913e-03, -1.0892895977396376e-01, -6.6728128764695445e+00,  0.0000000000000000e+00
 9.1708291708291707e+00,  6.3366598608142237e+02,  1.8719159631467855e-01,  2.9887746835372187e+01, -2.8485931015822454e-02,  9.5615540957722303e-02,  4.9943027964827608e-01,  5.8134421360659526e+03,  1.9124981068544082e+02, -1.5000256108814641e+04,  1.0004527843373214e+01,  2.6880535102248402e+00,  4.6853497429343953e+00,  6.5430836407431132e-04,  3.0542307086663933e-01,  2.2938185564176264e-01,  2.7433066213374246e-01,  1.9265356435423687e-05,  2.1166780886470848e-02,  5.7995702740950856e-03,  0.0000000000000000e+00,  9.3505498856389814e-06, -1.0553246218748556e-01, -5.0681104937120907e+00,  0.0000000000000000e+00
 9.1808191808191815e+00,  6.3366574405245979e+02,  1.8741923995922863e-01,  2.9887757659431315e+01, -2.8484884953266235e-02,  9.5614392447142649e-02,  4.9946614230468067e-01,  5.8197624433453684e+03,  1.9171784905458543e+02, -1.5000258829447235e+04,  1.0004481764232997e+01,  2.6881287691349587e+00,  4.6904351072487742e+00,  6.5450129177140233e-04,  3.0562926113347960e-01,  2.2918689393389813e-01,  2.7433066213374246e-01, -4.9050844790955885e-06,  2.0161671328410680e-02, -2.1880488456354815e-02,  0.0000000000000000e+00, -4.8482728209727982e-03, -9.5690471336520103e-02, -4.7343726412324594e-01,  0.0000000000000000e+00
 9.1908091908091905e+00,  6.3366550151070578e+02,  1.8764349496359231e-01,  2.9887767977528885e+01, -2.8486004304028846e-02,  9.5613171913272607e-02,  4.9949639821699499e-01,  5.8260827067719565e+03,  1.9218645077390150e+02, -1.5000261558847887e+04,  1.0004435706653510e+01,  2.6882039502832153e+00,  4.6955207947961863e+00,  6.5421036038841530e-04,  3.0582590146261157e-01,  2.2894468304523208e-01,  2.7433066213374246e-01, -7.2323572465320243e-05,  1.9309409428632664e-02, -2.4237712530463876e-02,  0.0000000000000000e+00, -8.6489084738695342e-03, -7.4932360999040715e-02,  1.5210044866061769e-03,  0.0000000000000000e+00
 9.2007992007992012e+00,  6.3366525848463039e+02,  1.8786515912602508e-01,  2.9887777836534770e+01, -2.8488903154139423e-02,  9.5612131430692887e-02,  4.9951998766599265e-01,  5.8324029262898621e+03,  1.9265561584254320e+02, -1.5000264297018699e+04,  1.0004389647734227e+01,  2.6882790647469363e+00,  4.7006067449195568e+00,  6.5305626534851882e-04,  3.0601506351966606e-01,  2.2870262395326948e-01,  2.7433066213374246e-01, -1.7099804863707790e-04,  1.8688396577737850e-02, -2.4202139117215478e-02,  0.0000000000000000e+00, -1.1105721655716577e-02, -4.9394411750102327e-02,  5.6007928457235175e-03,  0.0000000000000000e+00
 9.2107892107892102e+00,  6.3366501500142590e+02,  1.8808509159637385e-01,  2.9887787284199351e+01, -2.8493108980003456e-02,  9.5611376913580640e-02,  4.9953617355508939e-01,  5.8387231018431758e+03,  1.9312534426068441e+02, -1.5000267043961221e+04,  1.0004343568477587e+01,  2.6883541269033429e+00,  4.7056928884014555e+00,  6.5079381596010210e-04,  3.0619929599962931e-01,  2.2846112382211090e-01,  2.7433066213374246e-01, -2.8793257626271335e-04,  1.8306818449458195e-02, -2.4141643300561164e-02,  0.0000000000000000e+00, -1.2304570774935920e-02, -2.6997529531485910e-02,  6.5104696484699328e-03,  0.0000000000000000e+00
 9.2207792207792210e+00,  6.3366477108671018e+02,  1.8830417531410742e-01,  2.9887796353561217e+01, -2.8498112403633442e-02,  9.5610872970450178e-02,  4.9954455265225495e-01,  5.8450432333759636e+03,  1.9359563602914679e+02, -1.5000269799676707e+04,  1.0004297454546915e+01,  2.6884291524267150e+00,  4.7107791504877330e+00,  6.4730336672189125e-04,  3.0638083411805683e-01,  2.2822027343777376e-01,  2.7433066213374246e-01, -4.1132191048026299e-04,  1.8106462288802479e-02, -2.4091252415818519e-02,  0.0000000000000000e+00, -1.2397973935417804e-02, -1.3113773831789218e-02,  3.5777854770077475e-03,  0.0000000000000000e+00
 9.2307692307692299e+00,  6.3366452676512222e+02,  1.8852329282103172e-01,  2.9887805054533814e+01, -2.8503406586220862e-02,  9.5610480169271969e-02,  4.9954498124644731e-01,  5.8513633208323772e+03,  1.9406649114905656e+02, -1.5000272564166407e+04,  1.0004251296571759e+01,  2.6885041565516814e+00,  4.7158654536613920e+00,  6.4257559597048655e-04,  3.0656106347792705e-01,  2.2797978011749914e-01,  2.7433066213374246e-01, -5.3114798618822433e-04,  1.7991184758350993e-02, -2.4089164119532918e-02,  0.0000000000000000e+00, -1.1591206421316337e-02, -9.9647877645981115e-03, -3.1597085606305557e-03,  0.0000000000000000e+00
 9.2407592407592407e+00,  6.3366428206150101e+02,  1.8874331996735072e-01,  2.9887813372419554e+01, -2.8508518012774202e-02,  9.5610005116130686e-02,  4.9953744681851220e-01,  5.8576833641564763e+03,  1.9453790962162105e+02, -1.5000275337431642e+04,  1.0004205090053780e+01,  2.6885791529570739e+00,  4.7209517194616835e+00,  6.3669101934550327e-04,  3.0674029834899291e-01,  2.2773897145736352e-01,  2.7433066213374246e-01, -6.3960834901001084e-04,  1.7856597738124539e-02, -2.4169167273953511e-02,  0.0000000000000000e+00, -1.0122558215615149e-02, -1.6979533684417139e-02, -1.2856922954799919e-02,  0.0000000000000000e+00
 9.2507492507492515e+00,  6.3366403700228170e+02,  1.8896513646674609e-01,  2.9887821271650658e+01, -2.8513028780610735e-02,  9.5609247836836483e-02,  4.9952192530944206e-01,  5.8640033632923378e+03,  1.9500989144805308e+02, -1.5000278119473942e+04,  1.0004158834942338e+01,  2.6886541533745110e+00,  4.7260378690214235e+00,  6.2979620837787795e-04,  3.0691783865750999e-01,  2.2749687967246507e-01,  2.7433066213374246e-01, -7.3118522335449806e-04,  1.7619659462355289e-02, -1.4047471353509229e-02,  0.0000000000000000e+00, -8.2111320281382238e-03, -3.0455509124902542e-02,  2.0392204462282009e+00,  0.0000000000000000e+00
 9.2607392607392605e+00,  6.3366379161645921e+02,  1.8918961291469602e-01,  2.9887828719759352e+01, -2.8516552796824756e-02,  9.5608137408567995e-02,  4.9949850019057729e-01,  5.8703233181840569e+03,  1.9548243662957864e+02, -1.5000280910294898e+04,  1.0004112535087357e+01,  2.6887291679703016e+00,  4.7311238229485202e+00,  6.2208192397378520e-04,  3.0709233949709192e-01,  2.2745830269905165e-01,  2.7433066213374246e-01, -8.0081586971303680e-04,  1.7312847137049586e-02,  2.2942543579883810e-02,  0.0000000000000000e+00, -5.7289233728413979e-03, -3.0968318401299984e-02,  5.3661805434371717e+00,  0.0000000000000000e+00
 9.2707292707292712e+00,  6.3366354593114102e+02,  1.8941740573830207e-01,  2.9887835795976514e+01, -2.8518598919126996e-02,  9.5607201361305766e-02,  4.9946846254482119e-01,  5.8766432287758234e+03,  1.9595554516656784e+02, -1.5000283709895868e+04,  1.0004066199019732e+01,  2.6888042079411023e+00,  4.7362095083197460e+00,  6.1379589130069459e-04,  3.0726374968921927e-01,  2.2795527215158362e-01,  2.7433066213374246e-01, -8.4204668978337652e-04,  1.7156868911935370e-02,  6.5171644136354803e-02,  0.0000000000000000e+00, -2.5254868052407135e-03, -2.5852226656647149e-04,  3.0880853879684196e+00,  0.0000000000000000e+00
 9.2807192807192802e+00,  6.3366329996293234e+02,  1.8964893512012665e-01,  2.9887842659482768e+01, -2.8518770585659135e-02,  9.5607031947713861e-02,  4.9943355560613262e-01,  5.8829630950121737e+03,  1.9642921705717893e+02, -1.5000286518277349e+04,  1.0004019840873847e+01,  2.6888792880658214e+00,  4.7412948697397139e+00,  6.0525781428780385e-04,  3.0743513408074696e-01,  2.2876043345102676e-01,  2.7433066213374246e-01, -8.5080056951010604e-04,  1.7339742040364824e-02,  8.8202853636985129e-02,  0.0000000000000000e+00,  7.7296008394945161e-04,  3.6869722578143860e-02,  1.5227627540578264e+00,  0.0000000000000000e+00
 9.2907092907092910e+00,  6.3366305371847022e+02,  1.8988455683552496e-01,  2.9887849400509037e+01, -2.8516994825543141e-02,  9.5607554484705481e-02,  4.9939480810861381e-01,  5.8892829168378275e+03,  1.9690345229777469e+02, -1.5000289335439802e+04,  1.0003973477886523e+01,  2.6889544233208817e+00,  4.7463798659782421e+00,  5.9679687892287049e-04,  3.0761019808163415e-01,  2.2971756692954534e-01,  2.7433066213374246e-01, -8.2845261338534168e-04,  1.7875732867475617e-02,  1.3334637245344449e-01,  0.0000000000000000e+00,  3.7011007322284117e-03,  7.0435641009437888e-02,  7.5149697129974413e+00,  0.0000000000000000e+00
 9.3006993006993000e+00,  6.3366280719609472e+02,  1.9012425697983718e-01,  2.9887856192656638e+01, -2.8513341854347615e-02,  9.5609268440827233e-02,  4.9935490620393130e-01,  5.8956026941976097e+03,  1.9737825088280530e+02, -1.5000292161383742e+04,  1.0003927127855825e+01,  2.6890296266078475e+00,  4.7514644711740539e+00,  5.8870531451986514e-04,  3.0779229158059662e-01,  2.3142469663690973e-01,  2.7433066213374246e-01, -7.7745449269166439e-04,  1.8887327692701270e-02,  1.7921777269815234e-01,  0.0000000000000000e+00,  6.5087230306459017e-03,  1.3208564300074041e-01,  1.6684846159931779e+00,  0.0000000000000000e+00
 9.3106893106893107e+00,  6.3366256037223843e+02,  1.9036754674407944e-01,  2.9887863273797976e+01, -2.8508001057173153e-02,  9.5612622628135871e-02,  4.9931729300996236e-01,  5.9019224270368086e+03,  1.9785361280237555e+02, -1.5000294996109451e+04,  1.0003880809255394e+01,  2.6891049120217168e+00,  4.7565486950008058e+00,  5.8126332262533492e-04,  3.0798756726630350e-01,  2.3329834160882906e-01,  2.7433066213374246e-01, -7.0115172395742809e-04,  2.0409861707941436e-02,  1.8748429328907171e-01,  0.0000000000000000e+00,  8.7670912699343625e-03,  1.7272566685067708e-01, -1.3527193687763546e-02,  0.0000000000000000e+00
 9.3206793206793215e+00,  6.3366231320703218e+02,  1.9061375370597769e-01,  2.9887870703099367e+01, -2.8501315754345696e-02,  9.5616986095884232e-02,  4.9928437679433718e-01,  5.9082421153008008e+03,  1.9832953804328076e+02, -1.5000297839617962e+04,  1.0003834539174461e+01,  2.6891802870133774e+00,  4.7616325742647954e+00,  5.7469628906616920e-04,  3.0820008102531077e-01,  2.3517063656276560e-01,  2.7433066213374246e-01, -6.0582932485120985e-04,  2.2125106945162145e-02,  1.8744045477745461e-01,  0.0000000000000000e+00,  1.0316453031141657e-02,  1.7066642964051870e-01,  4.7507236586866028e-03,  0.0000000000000000e+00
 9.3306693306693305e+00,  6.3366206565380946e+02,  1.9086192146526937e-01,  2.9887878437282659e+01, -2.8493689354554447e-02,  9.5621589337821972e-02,  4.9925866600310487e-01,  5.9145617589349804e+03,  1.9880602658951179e+02, -1.5000300691911960e+04,  1.0003788332098576e+01,  2.6892557476637600e+00,  4.7667161687508548e+00,  5.6915884061032587e-04,  3.0842962734512791e-01,  2.3704340564034659e-01,  2.7433066213374246e-01, -4.9826439351251120e-04,  2.3644196585476840e-02,  1.8757516762829754e-01,  0.0000000000000000e+00,  1.1218046222866072e-02,  1.3345531635048680e-01,  2.2218789080066977e-02,  0.0000000000000000e+00
 9.3406593406593412e+00,  6.3366181766502052e+02,  1.9111086551610959e-01,  2.9887886362713992e+01, -2.8485532092485402e-02,  9.5625740685047034e-02,  4.9924236538603550e-01,  5.9208813578847248e+03,  1.9928307842234219e+02, -1.5000303552995647e+04,  1.0003742199556585e+01,  2.6893312786723156e+00,  4.7717995605920844e+00,  5.6474095652845680e-04,  3.0867249254550011e-01,  2.3891839215973454e-01,  2.7433066213374246e-01, -3.8464677848543079e-04,  2.4680571715945690e-02,  1.8610119454262697e-01,  0.0000000000000000e+00,  1.1528200305555689e-02,  7.4026984769379037e-02, -3.1730820083131861e-01,  0.0000000000000000e+00
 9.3506493506493502e+00,  6.3366156919703712e+02,  1.9135927666891187e-01,  2.9887894327149656e+01, -2.8477225574766511e-02,  9.5628933279710504e-02,  4.9923698916127646e-01,  5.9272009120953353e+03,  1.9976069352091400e+02, -1.5000306422874579e+04,  1.0003696149993765e+01,  2.6894068555453168e+00,  4.7768828494479179e+00,  5.6147359029093673e-04,  3.0892274566113082e-01,  2.4076171122561382e-01,  2.7433066213374246e-01, -2.7168993366526666e-04,  2.5074004927362357e-02,  1.6068357127719601e-01,  0.0000000000000000e+00,  1.1085760027441433e-02,  4.7383441562387930e-03, -4.7712999769080149e+00,  0.0000000000000000e+00
 9.3606393606393610e+00,  6.3366132021573389e+02,  1.9160597827140208e-01,  2.9887902139930226e+01, -2.8469352124176547e-02,  9.5630772303343742e-02,  4.9924226024088725e-01,  5.9335204215121184e+03,  2.0023887186352781e+02, -1.5000309301554887e+04,  1.0003650187836360e+01,  2.6894824481763444e+00,  4.7819661420037374e+00,  5.5931258622545453e-04,  3.0917347166492792e-01,  2.4212885312431384e-01,  2.7433066213374246e-01, -1.7100581193400525e-04,  2.4755403231290534e-02,  1.1150400885204437e-01,  0.0000000000000000e+00,  9.0712011431573342e-03, -6.8522403709818352e-02, -5.0744484206074594e+00,  0.0000000000000000e+00
 9.3706293706293700e+00,  6.3366107070440239e+02,  1.9185021544435038e-01,  2.9887909581179855e+01, -2.8462735663632298e-02,  9.5631005577252695e-02,  4.9925578191884401e-01,  5.9398398860801153e+03,  2.0071761343040714e+02, -1.5000312189043239e+04,  1.0003604309235758e+01,  2.6895580255166425e+00,  4.7870495297141158e+00,  5.5805689075179581e-04,  3.0941735911230545e-01,  2.4298956355032997e-01,  2.7433066213374246e-01, -9.6701459812804078e-05,  2.3757223952234025e-02,  8.4079176797453664e-02,  0.0000000000000000e+00,  5.8045301515073132e-03, -1.3131308795729688e-01, -4.1600295672166188e-01,  0.0000000000000000e+00
 9.3806193806193807e+00,  6.3366082066272645e+02,  1.9209148698763409e-01,  2.9887916495807719e+01, -2.8457751166397170e-02,  9.5629790423394936e-02,  4.9927529230081935e-01,  5.9461593057441378e+03,  2.0119691820487645e+02, -1.5000315085345768e+04,  1.0003558502565852e+01,  2.6896335601264187e+00,  4.7921330790939178e+00,  5.5738048912629763e-04,  3.0964814147416336e-01,  2.4380875675663058e-01,  2.7433066213374246e-01, -5.4672910389398173e-05,  2.2273136529654632e-02,  8.1963317489711654e-02,  0.0000000000000000e+00,  2.6095854430572087e-03, -1.6580121404267523e-01, -7.5920766868342697e-03,  0.0000000000000000e+00
 9.3906093906093915e+00,  6.3366057010076486e+02,  1.9232946562714215e-01,  2.9887922825088662e+01, -2.8454349425425178e-02,  9.5627596138631921e-02,  4.9929884704935606e-01,  5.9524786804489695e+03,  2.0167678617253890e+02, -1.5000317990467722e+04,  1.0003512754113308e+01,  2.6897090313207821e+00,  4.7972168378591826e+00,  5.5696452490984971e-04,  3.0986237682518569e-01,  2.4462719227140325e-01,  2.7433066213374246e-01, -4.2382901902377985e-05,  2.0597937261112462e-02,  8.1735334968635262e-02,  0.0000000000000000e+00, -1.4912574395522911e-04, -1.6957367951983809e-01, -3.8050024034119126e-02,  0.0000000000000000e+00
 9.4005994005994005e+00,  6.3366031903560020e+02,  1.9256408988492227e-01,  2.9887928576808893e+01, -2.8452372285589823e-02,  9.5624953710128288e-02,  4.9932423221310152e-01,  5.9587980101393678e+03,  2.0215721732139201e+02, -1.5000320904413080e+04,  1.0003467050212006e+01,  2.6897844270019378e+00,  4.8023008337786459e+00,  5.5653367789947690e-04,  3.1005968867218758e-01,  2.4544183038237752e-01,  2.7433066213374246e-01, -5.5105233739477089e-05,  1.9013206198114956e-02,  8.1205842469675132e-02,  0.0000000000000000e+00, -2.3978850898320409e-03, -1.4768947929226639e-01, -6.7954374257699901e-02,  0.0000000000000000e+00
 9.4105894105894112e+00,  6.3366006748736709e+02,  1.9279552493670774e-01,  2.9887933811246938e+01, -2.8451587671064642e-02,  9.5622359513355806e-02,  4.9934935388434193e-01,  5.9651172947601362e+03,  2.0263821164191424e+02, -1.5000323827184386e+04,  1.0003421378119320e+01,  2.6898597439153877e+00,  4.8073850739972448e+00,  5.5586352123873130e-04,  3.1024226106490826e-01,  2.4624968662644170e-01,  2.7433066213374246e-01, -8.7455323135170879e-05,  1.7733879163967629e-02,  8.0412277310598246e-02,  0.0000000000000000e+00, -4.0786028071859324e-03, -1.0843179294403148e-01, -9.0917370589492605e-02,  0.0000000000000000e+00
 9.4205794205794202e+00,  6.3365981547550405e+02,  1.9302409681322588e-01,  2.9887938621003361e+01, -2.8451720710682020e-02,  9.5620199846468995e-02,  4.9937253114543445e-01,  5.9714365342560659e+03,  2.0311976912674831e+02, -1.5000326758783172e+04,  1.0003375726727135e+01,  2.6899349864560462e+00,  4.8124695476339747e+00,  5.5478631879587710e-04,  3.1041401193220691e-01,  2.4704846928968216e-01,  2.7433066213374246e-01, -1.3359873909085288e-04,  1.6884501254086057e-02,  7.7737762286092207e-02,  0.0000000000000000e+00, -5.1593090671417114e-03, -6.1613664614261376e-02, -4.4452053731662289e-01,  0.0000000000000000e+00
 9.4305694305694310e+00,  6.3365956301586107e+02,  1.9325021677304921e-01,  2.9887943108048034e+01, -2.8452479979005799e-02,  9.5618699838409899e-02,  4.9939266034972302e-01,  5.9777557285719449e+03,  2.0360188977012882e+02, -1.5000329699210046e+04,  1.0003330087095936e+01,  2.6900101644536534e+00,  4.8175542305389474e+00,  5.5319421576239061e-04,  3.1057961373731757e-01,  2.4780288867011985e-01,  2.7433066213374246e-01, -1.8872433455749640e-04,  1.6481240384763392e-02,  4.4272129528951487e-02,  0.0000000000000000e+00, -5.8768351452804469e-03, -1.9119161424136642e-02, -6.2552991406630269e+00,  0.0000000000000000e+00
 9.4405594405594400e+00,  6.3365931012140072e+02,  1.9347448244886453e-01,  2.9887947326101088e+01, -2.8453853898483747e-02,  9.5617772368768783e-02,  4.9940816781707165e-01,  5.9840748776525515e+03,  2.0408457356763128e+02, -1.5000332648465161e+04,  1.0003284451755404e+01,  2.6900852906031369e+00,  4.8226390875234957e+00,  5.5101560282070240e-04,  3.1074330744438999e-01,  2.4793302732222863e-01,  2.7433066213374246e-01, -2.5432148160008013e-04,  1.6400271841825975e-02,  1.7699306579423352e-04,  0.0000000000000000e+00, -7.2557136926449696e-03,  2.9092591280651908e-03, -2.5725471792611585e+00,  0.0000000000000000e+00
 9.4505494505494507e+00,  6.3365905680957860e+02,  1.9369782419373902e-01,  2.9887951249441862e+01, -2.8456131207940740e-02,  9.5617086456436448e-02,  4.9941676562917597e-01,  5.9903939814423156e+03,  2.0456782051761101e+02, -1.5000335606548830e+04,  1.0003238809910592e+01,  2.6901603787848822e+00,  4.8277240611351111e+00,  5.4811286747867278e-04,  3.1090729149639501e-01,  2.4780642499511074e-01,  2.7433066213374246e-01, -3.3266980392336799e-04,  1.6510103432796599e-02,  1.4197033649824950e-02,  0.0000000000000000e+00, -8.4296204364774415e-03,  1.9079025384253757e-02,  5.3793593041841401e+00,  0.0000000000000000e+00
 9.4605394605394597e+00,  6.3365880309606462e+02,  1.9392084101982157e-01,  2.9887954965282116e+01, -2.8458896485129351e-02,  9.5616974159095966e-02,  4.9941952503362508e-01,  5.9967130398856270e+03,  2.0505163061938836e+02, -1.5000338573461186e+04,  1.0003193150754056e+01,  2.6902354437393474e+00,  4.8328090863006574e+00,  5.4436885349156425e-04,  3.1107317964084946e-01,  2.4821668433820915e-01,  2.7433066213374246e-01, -4.1455933021534422e-04,  1.6892434749589666e-02,  5.8372998770986791e-02,  0.0000000000000000e+00, -7.9646627271763911e-03,  5.7463704237719362e-02,  3.4646689130725634e+00,  0.0000000000000000e+00
 9.4705294705294705e+00,  6.3365854898316138e+02,  1.9414374704797799e-01,  2.9887958647723124e+01, -2.8461556132740193e-02,  9.5617942709688056e-02,  4.9941884836330031e-01,  6.0030320529270666e+03,  2.0553600386969910e+02, -1.5000341549202089e+04,  1.0003147470235946e+01,  2.6903105019040421e+00,  4.8378941189059699e+00,  5.3982996377806660e-04,  3.1124480268020299e-01,  2.4897271867684873e-01,  2.7433066213374246e-01, -4.8598092259923871e-04,  1.7663075663016396e-02,  7.6861809031282272e-02,  0.0000000000000000e+00, -6.3339400680869793e-03,  9.6818606630610982e-02,  2.3679090103996073e-01,  0.0000000000000000e+00
 9.4805194805194812e+00,  6.3365829446045086e+02,  1.9436660925160815e-01,  2.9887962385663535e+01, -2.8463759058361439e-02,  9.5619787677344900e-02,  4.9941645332062828e-01,  6.0093510205114862e+03,  2.0602094026266863e+02, -1.5000344533771564e+04,  1.0003101770212485e+01,  2.6903855678355364e+00,  4.8429791360534882e+00,  5.3465894494812217e-04,  3.1142608824550516e-01,  2.4975238481835477e-01,  2.7433066213374246e-01, -5.3908039770223513e-04,  1.8682098474412878e-02,  7.8627089825166904e-02,  0.0000000000000000e+00, -4.2965748475232522e-03,  1.0718976021063578e-01,  1.1661831389433693e-01,  0.0000000000000000e+00
 9.4905094905094902e+00,  6.3365803951220801e+02,  1.9458935193223603e-01,  2.9887966164461076e+01, -2.8465318213797421e-02,  9.5621928848157678e-02,  4.9941385874663119e-01,  6.0156699425837105e+03,  2.0650643979067016e+02, -1.5000347527170388e+04,  1.0003056055788935e+01,  2.6904606490698941e+00,  4.8480641291804449e+00,  5.2905912666113895e-04,  3.1161807138099046e-01,  2.5054368950252637e-01,  2.7433066213374246e-01, -5.7108925128125448e-04,  1.9652434426711052e-02,  7.9893688894086337e-02,  0.0000000000000000e+00, -2.1115976389964866e-03,  8.7071497439460868e-02,  1.3695481970333498e-01,  0.0000000000000000e+00
 9.5004995004995010e+00,  6.3365778412236421e+02,  1.9481173586698250e-01,  2.9887969904227862e+01, -2.8466115229078610e-02,  9.5623775379704984e-02,  4.9941254756116726e-01,  6.0219888190885122e+03,  2.0699250244435441e+02, -1.5000350529400610e+04,  1.0003010334308915e+01,  2.6905357446720344e+00,  4.8531491038171790e+00,  5.2324857029714819e-04,  3.1181874427800688e-01,  2.5134866231873609e-01,  2.7433066213374246e-01, -5.8143184882066131e-04,  2.0309266741110509e-02,  8.1221138164057960e-02,  0.0000000000000000e+00,  4.1009611607216220e-05,  4.4426331903312036e-02,  1.2880052414498785e-01,  0.0000000000000000e+00
 9.5104895104895100e+00,  6.3365752827862445e+02,  1.9503342704606777e-01,  2.9887973482498932e+01, -2.8466089470143716e-02,  9.5624840635398056e-02,  4.9941360246882982e-01,  6.0283076499706995e+03,  2.0747912821290942e+02, -1.5000353540465228e+04,  1.0002964614611997e+01,  2.6906108460878722e+00,  4.8582340774493433e+00,  5.1744210670468232e-04,  3.1202385093625740e-01,  2.5216648946584419e-01,  2.7433066213374246e-01, -5.7131174948330150e-04,  2.0484232449887362e-02,  8.2310748112341167e-02,  0.0000000000000000e+00,  1.9850342757322288e-03, -9.3981970061858024e-03,  8.9339387501312512e-02,  0.0000000000000000e+00
 9.5204795204795207e+00,  6.3365727197562376e+02,  1.9525408311852796e-01,  2.9887976763020596e+01, -2.8465227718609237e-02,  9.5624826746683586e-02,  4.9941747200884301e-01,  6.0346264351750324e+03,  2.0796631708465512e+02, -1.5000356560367834e+04,  1.0002918906256657e+01,  2.6906859395166753e+00,  4.8633190745560384e+00,  5.1183375012765178e-04,  3.1222801965163099e-01,  2.5299323271059104e-01,  2.7433066213374246e-01, -5.4356472162498662e-04,  2.0126934668151027e-02,  8.2866397628540991e-02,  0.0000000000000000e+00,  3.5699207015024727e-03, -6.2132818897429547e-02,  2.1901645641892668e-02,  0.0000000000000000e+00
 9.5304695304695297e+00,  6.3365701521657263e+02,  1.9547343837297668e-01,  2.9887979624378747e+01, -2.8463554817962221e-02,  9.5623664097162858e-02,  4.9942389151854077e-01,  6.0409451746463264e+03,  2.0845406904781601e+02, -1.5000359589112219e+04,  1.0002873218767800e+01,  2.6907610091728418e+00,  4.8684041202058888e+00,  5.0658167270618121e-04,  3.1242598749306361e-01,  2.5382216174613470e-01,  2.7433066213374246e-01, -5.0231093734853295e-04,  1.9301560643116691e-02,  8.2116033120392076e-02,  0.0000000000000000e+00,  4.6890869106436667e-03, -1.0310706091444627e-01, -1.7212462017330621e-01,  0.0000000000000000e+00
 9.5404595404595405e+00,  6.3365675801319617e+02,  1.9569137101640813e-01,  2.9887981982463657e+01, -2.8461125229314644e-02,  9.5621499744940330e-02,  4.9943195258809953e-01,  6.0472638683293053e+03,  2.0894238409129545e+02, -1.5000362626701964e+04,  1.0002827560972204e+01,  2.6908360406931231e+00,  4.8734892336483870e+00,  5.0179756756324565e-04,  3.1261366521892603e-01,  2.5463391269301644e-01,  2.7433066213374246e-01, -4.5305333211976011e-04,  1.8153969630807277e-02,  6.1806027073409785e-02,  0.0000000000000000e+00,  5.1722856561477780e-03, -1.2664065974955530e-01, -3.8939385904308033e+00,  0.0000000000000000e+00
 9.5504495504495512e+00,  6.3365650038536910e+02,  1.9590803026086101e-01,  2.9887983781505334e+01, -2.8458171608712012e-02,  9.5618554060563118e-02,  4.9943972226973538e-01,  6.0535825161687699e+03,  2.0943126220550496e+02, -1.5000365673139831e+04,  1.0002781939949012e+01,  2.6909110240008958e+00,  4.8785744214969862e+00,  4.9752965807841308e-04,  3.1278870416900384e-01,  2.5505704740194718e-01,  2.7433066213374246e-01, -4.0605952418556015e-04,  1.6832596062160653e-02,  1.3078506196580474e-02,  0.0000000000000000e+00,  4.2358746922863044e-03, -1.3789832869380272e-01, -5.8613110891109468e+00,  0.0000000000000000e+00
 9.5604395604395602e+00,  6.3365624236457791e+02,  1.9612408837474984e-01,  2.9887984954662258e+01, -2.8455327963586522e-02,  9.5614954153289966e-02,  4.9944356999451478e-01,  6.0599011181092810e+03,  2.0992070338426822e+02, -1.5000368728427842e+04,  1.0002736356811321e+01,  2.6909859555274425e+00,  4.8836596625171076e+00,  4.9368449015694084e-04,  3.1294998082456360e-01,  2.5489522150813293e-01,  2.7433066213374246e-01, -3.7579943524612518e-04,  1.5449303310661227e-02, -2.3642550912257088e-02,  0.0000000000000000e+00,  1.8221951133886478e-03, -1.3903688015638557e-01, -1.4902445440784189e+00,  0.0000000000000000e+00
 9.5704295704295710e+00,  6.3365598399186695e+02,  1.9634054318078142e-01,  2.9887985476218674e+01, -2.8452975815907607e-02,  9.5610940175352307e-02,  4.9944038327239615e-01,  6.0662196740952086e+03,  2.1041070762571576e+02, -1.5000371792567072e+04,  1.0002690805192563e+01,  2.6910608394593303e+00,  4.8887449004283079e+00,  4.9002117785371536e-04,  3.1309738155782824e-01,  2.5458466876234165e-01,  2.7433066213374246e-01, -3.7055346150015561e-04,  1.4142471157260248e-02, -1.5132241399291072e-02,  0.0000000000000000e+00, -7.7195116944498755e-04, -1.2259091695449342e-01,  3.1940085085742349e+00,  0.0000000000000000e+00
 9.5804195804195800e+00,  6.3365572531069995e+02,  1.9655845082868739e-01,  2.9887985415652466e+01, -2.8451060894818341e-02,  9.5607049217929369e-02,  4.9942863407909527e-01,  6.0725381840708451e+03,  2.1090127493067030e+02, -1.5000374865557469e+04,  1.0002645276245724e+01,  2.6911356874779062e+00,  4.8938300566195450e+00,  4.8628082459250226e-04,  3.1323254768085251e-01,  2.5459287902263261e-01,  2.7433066213374246e-01, -3.8767045776516676e-04,  1.3223641727603073e-02,  3.3565928156993746e-02,  0.0000000000000000e+00, -2.6548714828091981e-03, -6.1358734862875117e-02,  6.5553650365940994e+00,  0.0000000000000000e+00
 9.5904095904095907e+00,  6.3365546635512817e+02,  1.9677861410057695e-01,  2.9887985074260730e+01, -2.8449384375191379e-02,  9.5604716249828095e-02,  4.9940923141506460e-01,  6.0788566479807032e+03,  2.1139240530014553e+02, -1.5000377947397463e+04,  1.0002599762409842e+01,  2.6912105215919206e+00,  4.8989150505174894e+00,  4.8227551436190393e-04,  3.1336159018375437e-01,  2.5525531667756629e-01,  2.7433066213374246e-01, -4.1867255654093474e-04,  1.3155730005659541e-02,  6.8303560320904483e-02,  0.0000000000000000e+00, -3.5517486920990755e-03,  4.7762808129779892e-02,  3.9910892262091180e-01,  0.0000000000000000e+00
 9.6003996003995997e+00,  6.3365520713412275e+02,  1.9700166116931464e-01,  2.9887984769510552e+01, -2.8447773762727297e-02,  9.5604579792078676e-02,  4.9938330874281256e-01,  6.0851750657696766e+03,  2.1188409873326586e+02, -1.5000381038083913e+04,  1.0002554258915278e+01,  2.6912853737640989e+00,  4.9039998168556318e+00,  4.7791573854772843e-04,  3.1349539942921734e-01,  2.5595758552255077e-01,  2.7433066213374246e-01, -4.5577598007712667e-04,  1.4067991402518007e-02,  7.0563511699487783e-02,  0.0000000000000000e+00, -3.8763566998466343e-03,  1.3487192352128699e-01,  5.3333343371468105e-02,  0.0000000000000000e+00
 9.6103896103896105e+00,  6.3365494763819288e+02,  1.9722809800049329e-01,  2.9887984656548088e+01, -2.8446121346104920e-02,  9.5606190792186824e-02,  4.9935210786020878e-01,  6.0914934373827346e+03,  2.1237635522795628e+02, -1.5000384137613910e+04,  1.0002508762802789e+01,  2.6913602739816329e+00,  4.9090843000009734e+00,  4.7316910117354985e-04,  3.1364266893305542e-01,  2.5666517705118241e-01,  2.7433066213374246e-01, -4.9351014245151527e-04,  1.5624626629741883e-02,  7.1875871760638949e-02,  0.0000000000000000e+00, -3.6780226075141783e-03,  1.7676644896918339e-01,  2.0940114087224224e-01,  0.0000000000000000e+00
 9.6203796203796212e+00,  6.3365468784623897e+02,  1.9745811978380279e-01,  2.9887984779703963e+01, -2.8444337242002325e-02,  9.5608808837152198e-02,  4.9931783382519196e-01,  6.0978117627647953e+03,  2.1286917478013288e+02, -1.5000387245985788e+04,  1.0002463272937222e+01,  2.6914352432601345e+00,  4.9141684606659188e+00,  4.6805539604120389e-04,  3.1380757978145996e-01,  2.5739366687640980e-01,  2.7433066213374246e-01, -5.2672183579272199e-04,  1.7364857602300662e-02,  7.4639822849547580e-02,  0.0000000000000000e+00, -2.9709583993860426e-03,  1.7162779173677853e-01,  3.4394186712595498e-01,  0.0000000000000000e+00
 9.6303696303696302e+00,  6.3365442773161556e+02,  1.9769161005697017e-01,  2.9887985075280621e+01, -2.8442342051797739e-02,  9.5611564376077970e-02,  4.9928305346317620e-01,  6.1041300418607889e+03,  2.1336255738295031e+02, -1.5000390363199531e+04,  1.0002417790183472e+01,  2.6915102903817352e+00,  4.9192522821548943e+00,  4.6264518837049859e-04,  3.1398961913489959e-01,  2.5815648220302151e-01,  2.7433066213374246e-01, -5.5082657742470660e-04,  1.8851622918107092e-02,  8.0730167950460133e-02,  0.0000000000000000e+00, -1.8548108753373455e-03,  1.2602262448767218e-01,  8.7534522207675203e-01,  0.0000000000000000e+00
 9.6403596403596410e+00,  6.3365416726872570e+02,  1.9792820285796892e-01,  2.9887985393354857e+01, -2.8440064061373824e-02,  9.5613627347441971e-02,  4.9925012116727546e-01,  6.1104482746156264e+03,  2.1385650302672391e+02, -1.5000393489256883e+04,  1.0002372317352574e+01,  2.6915854113337141e+00,  4.9243357709656248e+00,  4.5704987001873236e-04,  3.1418423558401953e-01,  2.5900665724505034e-01,  2.7433066213374246e-01, -5.6172440758952224e-04,  1.9783066930584518e-02,  1.1244371735805153e-01,  0.0000000000000000e+00, -3.2693472365877095e-04,  6.0452466810310489e-02,  5.4737073693231197e+00,  0.0000000000000000e+00
 9.6503496503496500e+00,  6.3365390643684020e+02,  1.9816722082389038e-01,  2.9887985613819065e+01, -2.8437291579126871e-02,  9.5614798248057825e-02,  4.9922178237319770e-01,  6.1167664609742706e+03,  2.1435101169899096e+02, -1.5000396624160945e+04,  1.0002326859595673e+01,  2.6916605920720715e+00,  4.9294189561817570e+00,  4.5142192348359518e-04,  3.1438488520743874e-01,  2.6040310992246307e-01,  2.7433066213374246e-01, -5.5338355121161212e-04,  2.0176305163308830e-02,  1.6544301963941488e-01,  0.0000000000000000e+00,  1.9967741705163920e-03,  1.8273827381097764e-02,  5.1367529474059435e+00,  0.0000000000000000e+00
 9.6603396603396607e+00,  6.3365364521386368e+02,  1.9840759787086315e-01,  2.9887985744531555e+01, -2.8433720645624841e-02,  9.5615572397039467e-02,  4.9920118328327390e-01,  6.1230846008819617e+03,  2.1484608338347061e+02, -1.5000399767915000e+04,  1.0002281426539160e+01,  2.6917358154981330e+00,  4.9345018978578157e+00,  4.4599325560891007e-04,  3.1458735856430542e-01,  2.6231221208300065e-01,  2.7433066213374246e-01, -5.1977408466101277e-04,  2.0281779543839158e-02,  1.9388052853093049e-01,  0.0000000000000000e+00,  4.7318410329136758e-03,  2.8421436010740999e-03,  5.5643633267555026e-01,  0.0000000000000000e+00
 9.6703296703296697e+00,  6.3365338357397445e+02,  1.9864815850124304e-01,  2.9887985789756915e+01, -2.8429283643843058e-02,  9.5616110629146850e-02,  4.9919005470206984e-01,  6.1294026942842847e+03,  2.1534171806065768e+02, -1.5000402920522209e+04,  1.0002236031247527e+01,  2.6918110640418407e+00,  4.9395846821624225e+00,  4.4103682688697167e-04,  3.1479011556795500e-01,  2.6427684675624785e-01,  2.7433066213374246e-01, -4.6121291230404591e-04,  2.0227407447166064e-02,  1.9620567041546047e-01,  0.0000000000000000e+00,  6.9921056729512314e-03, -1.3727437355027272e-02, -9.0942927392640857e-02,  0.0000000000000000e+00
 9.6803196803196805e+00,  6.3365312149362830e+02,  1.9888777329072360e-01,  2.9887985697599486e+01, -2.8424140433201621e-02,  9.5616240220550999e-02,  4.9918889010357842e-01,  6.1357207411269055e+03,  2.1583791570988635e+02, -1.5000406081986059e+04,  1.0002190686549790e+01,  2.6918863177016004e+00,  4.9446674045849708e+00,  4.3677821240603213e-04,  3.1499150256924380e-01,  2.6623240529809472e-01,  2.7433066213374246e-01, -3.8367237814146540e-04,  1.9993873302492346e-02,  1.9395525778337641e-01,  0.0000000000000000e+00,  8.5315092663975651e-03, -3.3026098408651873e-02, -3.5958968155059823e-01,  0.0000000000000000e+00
 9.6903096903096895e+00,  6.3365285895332215e+02,  1.9912533015113820e-01,  2.9887985419522600e+01, -2.8418511885962623e-02,  9.5615896947409226e-02,  4.9919777284125422e-01,  6.1420387413554827e+03,  2.1633467631014383e+02, -1.5000409252310079e+04,  1.0002145403495051e+01,  2.6919615547806970e+00,  4.9497501633286323e+00,  4.3337104510592349e-04,  3.1518959355601678e-01,  2.6815207668198959e-01,  2.7433066213374246e-01, -2.9448298513156052e-04,  1.9584656500333190e-02,  1.8915511952673275e-01,  0.0000000000000000e+00,  9.3242072141856078e-03, -4.8899105383611578e-02, -6.0139799742946876e-01,  0.0000000000000000e+00
 9.7002997002997002e+00,  6.3365259593704184e+02,  1.9935979582870800e-01,  2.9887984924478538e+01, -2.8412648679328027e-02,  9.5615138145444298e-02,  4.9921628450692046e-01,  6.1483566949157412e+03,  2.1683199984060468e+02, -1.5000412431497713e+04,  1.0002100190666459e+01,  2.6920367538308416e+00,  4.9548330549746877e+00,  4.3089443647932770e-04,  3.1538280439742228e-01,  2.7001172836556186e-01,  2.7433066213374246e-01, -2.0097049508977383e-04,  1.9058348148212671e-02,  1.8234542091185382e-01,  0.0000000000000000e+00,  9.3969932921750543e-03, -5.6467826710568707e-02, -7.6190366526592834e-01,  0.0000000000000000e+00
 9.7102897102897110e+00,  6.3365233243076307e+02,  1.9959026867836641e-01,  2.9887984208049463e+01, -2.8406802493120879e-02,  9.5614124150737376e-02,  4.9924352304970121e-01,  6.1546746017533678e+03,  2.1732988628120913e+02, -1.5000415619552039e+04,  1.0002055053781545e+01,  2.6921118956501617e+00,  4.9599161697409775e+00,  4.2935565059863500e-04,  3.1557037973280427e-01,  2.7179534183507387e-01,  2.7433066213374246e-01, -1.0991572229129337e-04,  1.8509738329532646e-02,  1.7432281486646567e-01,  0.0000000000000000e+00,  8.8321722220828531e-03, -5.3363858989502945e-02, -8.4422206502391195e-01,  0.0000000000000000e+00
 9.7202797202797200e+00,  6.3365206842054454e+02,  1.9981601224509601e-01,  2.9887983293834345e+01, -2.8401200742285811e-02,  9.5613071190383855e-02,  4.9927821827606905e-01,  6.1609924618140603e+03,  2.1782833561317381e+02, -1.5000418816475481e+04,  1.0002009995595852e+01,  2.6921869648346255e+00,  4.9649995873523860e+00,  4.2869831815182935e-04,  3.1575262933907128e-01,  2.7349470168956713e-01,  2.7433066213374246e-01, -2.7668332115811964e-05,  1.8035664673987685e-02,  1.4263301669173456e-01,  0.0000000000000000e+00,  7.6337552910487154e-03, -4.1545686850599110e-02, -5.5000755295573258e+00,  0.0000000000000000e+00
 9.7302697302697307e+00,  6.3365180389203294e+02,  2.0003656470652001e-01,  2.9887982204989971e+01, -2.8396199167409712e-02,  9.5612108393532055e-02,  4.9931826290876974e-01,  6.1673102750433991e+03,  2.1832734781955253e+02, -1.5000422022269830e+04,  1.0001965015543338e+01,  2.6922619505962539e+00,  4.9700833725186726e+00,  4.2880283677014725e-04,  3.1593073267334348e-01,  2.7464515235838521e-01,  2.7433066213374246e-01,  3.5508512375568459e-05,  1.7663609018223787e-02,  7.7474163327489479e-02,  0.0000000000000000e+00,  5.0142489761257920e-03, -3.2939855433334379e-02, -7.5447269139646940e+00,  0.0000000000000000e+00
 9.7402597402597397e+00,  6.3365153883703431e+02,  2.0025204880656605e-01,  2.9887980896656870e+01, -2.8392581103785196e-02,  9.5611074658722803e-02,  4.9935961766653036e-01,  6.1736280413866562e+03,  2.1882692288726258e+02, -1.5000425236936297e+04,  1.0001920105520178e+01,  2.6923368473801070e+00,  4.9751675589034896e+00,  4.2940777893855399e-04,  3.1610554860017465e-01,  2.7504263702078569e-01,  2.7433066213374246e-01,  6.4637818598267172e-05,  1.7315647572875553e-02,  8.8671749534180444e-03,  0.0000000000000000e+00,  8.1743812965855763e-04, -3.6722025925382873e-02, -6.1903921585245651e+00,  0.0000000000000000e+00
 9.7502497502497505e+00,  6.3365127325705248e+02,  2.0046300107720333e-01,  2.9887979287696421e+01, -2.8390963683258514e-02,  9.5609719968418452e-02,  4.9939847178753716e-01,  6.1799457607886097e+03,  2.1932706080825696e+02, -1.5000428460475870e+04,  1.0001875248021962e+01,  2.6924116544162908e+00,  4.9802521398323005e+00,  4.3009430167720552e-04,  3.1627669965781652e-01,  2.7482231869112084e-01,  2.7433066213374246e-01,  4.8316409206558534e-05,  1.6880435316616253e-02, -3.4715693543330116e-02,  0.0000000000000000e+00, -4.0849842898786643e-03, -5.0407467777729621e-02, -2.5348981145245184e+00,  0.0000000000000000e+00
 9.7602397602397595e+00,  6.3365100716366180e+02,  2.0067025281622966e-01,  2.9887977287075959e+01, -2.8391636280744190e-02,  9.5607872675332772e-02,  4.9943172996041951e-01,  6.1862634331936633e+03,  2.1982776157885542e+02, -1.5000431692889157e+04,  1.0001830418985712e+01,  2.6924863747715571e+00,  4.9853370736044482e+00,  4.3037314175986384e-04,  3.1644282003507207e-01,  2.7434901677016971e-01,  2.7433066213374246e-01, -1.4217881808089170e-05,  1.6304538747531863e-02, -4.2724004938155730e-02,  0.0000000000000000e+00, -8.4343807712539513e-03, -6.4887025352966560e-02,  9.3163417328041320e-01,  0.0000000000000000e+00
 9.7702297702297702e+00,  6.3365074057515312e+02,  2.0087466394993411e-01,  2.9887974839401210e+01, -2.8394280235161187e-02,  9.5605558288144765e-02,  4.9945803776725206e-01,  6.1925810585459494e+03,  2.2032902519812893e+02, -1.5000434934176512e+04,  1.0001785593386360e+01,  2.6925610146640948e+00,  4.9904222962999514e+00,  4.2981022811460634e-04,  3.1660246466775721e-01,  2.7396869221883002e-01,  2.7433066213374246e-01, -1.1254989847957960e-04,  1.5611863728266935e-02, -3.1647349497381988e-02,  0.0000000000000000e+00, -1.1251688966378667e-02, -7.3786513503582923e-02,  1.2859122459617234e+00,  0.0000000000000000e+00
 9.7802197802197810e+00,  6.3365047351479325e+02,  2.0107708514773040e-01,  2.9887971907195318e+01, -2.8398327477985902e-02,  9.5602842204213195e-02,  4.9947688152984954e-01,  6.1988986367896450e+03,  2.2083085166614001e+02, -1.5000438184337965e+04,  1.0001740750539085e+01,  2.6926355823504045e+00,  4.9955077357467506e+00,  4.2812439253949244e-04,  3.1675474538428822e-01,  2.7371670209489729e-01,  2.7433066213374246e-01, -2.3116538726849819e-04,  1.4850505189030892e-02, -1.8414263244415720e-02,  0.0000000000000000e+00, -1.2495131889159107e-02, -7.8637466051739435e-02,  1.3633516218824893e+00,  0.0000000000000000e+00
 9.7902097902097900e+00,  6.3365020601102253e+02,  2.0127833636101114e-01,  2.9887968456498019e+01, -2.8403156990938771e-02,  9.5599760877500203e-02,  4.9948825295843174e-01,  6.2052161678688717e+03,  2.2133324098322475e+02, -1.5000441443373378e+04,  1.0001695875653775e+01,  2.6927100870177978e+00,  5.0005933172815169e+00,  4.2519153905829274e-04,  3.1689917805814743e-01,  2.7360077487128925e-01,  2.7433066213374246e-01, -3.5525048616679290e-04,  1.4050853679482599e-02, -5.8047468690668718e-03,  0.0000000000000000e+00, -1.2346704910279775e-02, -8.1452766159830450e-02,  1.1610735564623793e+00,  0.0000000000000000e+00
 9.8001998001998007e+00,  6.3364993809743066e+02,  2.0147916284945186e-01,  2.9887964455857368e+01, -2.8408171805726610e-02,  9.5596328233545566e-02,  4.9949257854408380e-01,  6.2115336517278865e+03,  2.2183619314941680e+02, -1.5000444711282536e+04,  1.0001650960222351e+01,  2.6927845376880444e+00,  5.0056789684527168e+00,  4.2102648072796819e-04,  3.1703548172154061e-01,  2.7360072313647438e-01,  2.7433066213374246e-01, -4.7240358921383450e-04,  1.3227742182902956e-02,  3.4020614878882841e-03,  0.0000000000000000e+00, -1.1107346319738233e-02, -8.3334155455416170e-02,  6.8212947660006429e-01,  0.0000000000000000e+00
 9.8101898101898097e+00,  6.3364966981248187e+02,  2.0168022073012540e-01,  2.9887959877985129e+01, -2.8412861370365868e-02,  9.5592551515858576e-02,  4.9949052606752786e-01,  6.2178510883110175e+03,  2.2233970816402891e+02, -1.5000447988065232e+04,  1.0001606001628414e+01,  2.6928589424688094e+00,  5.0107646224070681e+00,  4.1575290590716729e-04,  3.1716346861125239e-01,  2.7366874812779052e-01,  2.7433066213374246e-01, -5.7361376762014599e-04,  1.2390935774410947e-02,  6.7340085301239591e-03,  0.0000000000000000e+00, -9.1549313972055495e-03, -8.4194487524686043e-02, -1.5073678744474364e-02,  0.0000000000000000e+00
 9.8201798201798205e+00,  6.3364940119878395e+02,  2.0188209622478073e-01,  2.9887954704513881e+01, -2.8416839348649900e-02,  9.5588456006130820e-02,  4.9948274152011612e-01,  6.2241684775627873e+03,  2.2284378602551070e+02, -1.5000451273721252e+04,  1.0001561002129447e+01,  2.6929333084122042e+00,  5.0158502190167731e+00,  4.0956566619010327e-04,  3.1728305286588449e-01,  2.7373526876145188e-01,  2.7433066213374246e-01, -6.5374533819347101e-04,  1.1557646583772948e-02,  2.5374991025254689e-03,  0.0000000000000000e+00, -6.8874090315743158e-03, -8.2630008441043359e-02, -8.2506750866075307e-01,  0.0000000000000000e+00
 9.8301698301698295e+00,  6.3364913230182606e+02,  2.0208535670341146e-01,  2.9887948933560370e+01, -2.8419853217668579e-02,  9.5584113997858031e-02,  4.9946957070005088e-01,  6.2304858194278177e+03,  2.2334842673163251e+02, -1.5000454568250265e+04,  1.0001515967461454e+01,  2.6930076421235669e+00,  5.0209357033468143e+00,  4.0269106098821697e-04,  3.1739439062091818e-01,  2.7371944741055826e-01,  2.7433066213374246e-01, -7.1124288879967140e-04,  1.0773932584733073e-02,  4.6787153555708384e-03,  0.0000000000000000e+00, -4.6236005997871369e-03, -7.4269534166741161e-02,  1.2537390025204409e+00,  0.0000000000000000e+00
 9.8401598401598402e+00,  6.3364886316746890e+02,  2.0229057305758202e-01,  2.9887942614640497e+01, -2.8421717121805443e-02,  9.5579819457166634e-02,  4.9945117473827577e-01,  6.2368031138508968e+03,  2.2385363027985949e+02, -1.5000457871651621e+04,  1.0001470905516083e+01,  2.6930819513033573e+00,  5.0260210224868187e+00,  3.9535501906123887e-04,  3.1749831625419084e-01,  2.7382874958773701e-01,  2.7433066213374246e-01, -7.4541412449234288e-04,  1.0221521087212542e-02,  2.7765280886705865e-02,  0.0000000000000000e+00, -2.2174807858986465e-03, -3.6323247636682293e-02,  3.3681914168127407e+00,  0.0000000000000000e+00
 9.8501498501498510e+00,  6.3364859383223336e+02,  2.0249814652108175e-01,  2.9887935965327571e+01, -2.8422156213145040e-02,  9.5576537276089973e-02,  4.9942858913814125e-01,  6.2431203607769939e+03,  2.2435939666675597e+02, -1.5000461183923670e+04,  1.0001425826866180e+01,  2.6931562489693279e+00,  5.0311061303808726e+00,  3.8779767188746971e-04,  3.1759861681646689e-01,  2.7427419827742555e-01,  2.7433066213374246e-01, -7.5465531452195754e-04,  1.0245750217391717e-02,  4.3530105124870579e-02,  0.0000000000000000e+00,  3.6739454198342965e-04,  4.1173919498377717e-02, -2.1207360433322162e-01,  0.0000000000000000e+00
 9.8601398601398600e+00,  6.3364832431155867e+02,  2.0270842452879062e-01,  2.9887929279296703e+01, -2.8421039946155979e-02,  9.5575042154680684e-02,  4.9940241819391562e-01,  6.2494375601514630e+03,  2.2486572588742501e+02, -1.5000464505063384e+04,  1.0001380744918519e+01,  2.6932305560535248e+00,  5.0361909923466577e+00,  3.8027699079906207e-04,  3.1770302654824462e-01,  2.7469848195786428e-01,  2.7433066213374246e-01, -7.4070856476097342e-04,  1.1045121005825873e-02,  3.5128323263128786e-02,  0.0000000000000000e+00,  2.4247447601656413e-03,  1.1886011234614240e-01, -1.4699631243875046e+00,  0.0000000000000000e+00
 9.8701298701298708e+00,  6.3364805460022217e+02,  2.0292193208779077e-01,  2.9887922748771494e+01, -2.8418528478258046e-02,  9.5575189680268915e-02,  4.9937191174116885e-01,  6.2557547119196779e+03,  2.2537261793698300e+02, -1.5000467835067195e+04,  1.0001335672790075e+01,  2.6933048967742477e+00,  5.0412755732136345e+00,  3.7299829996417371e-04,  3.1781929855484503e-01,  2.7497606287808746e-01,  2.7433066213374246e-01, -7.1007497580954026e-04,  1.2504262137179551e-02,  6.3351781913473057e-02,  0.0000000000000000e+00,  3.7080997479113360e-03,  1.7325994215086737e-01,  7.1202995461864944e+00,  0.0000000000000000e+00
 9.8801198801198797e+00,  6.3364778467665951e+02,  2.0313903978035761e-01,  2.9887916568545162e+01, -2.8414764653495149e-02,  9.5577048837686446e-02,  4.9933791537070549e-01,  6.2620718160268962e+03,  2.2588007281097731e+02, -1.5000471173931597e+04,  1.0001290621512783e+01,  2.6933792940945085e+00,  5.0463598340047362e+00,  3.6608967859507542e-04,  3.1795286195558087e-01,  2.7596425182626533e-01,  2.7433066213374246e-01, -6.6691432808456505e-04,  1.4530438480969856e-02,  1.1249397482713361e-01,  0.0000000000000000e+00,  4.9326619266288089e-03,  2.3238056187595638e-01,  2.7179674751284613e+00,  0.0000000000000000e+00
 9.8901098901098905e+00,  6.3364751449435789e+02,  2.0335972192027868e-01,  2.9887910966724998e+01, -2.8409861930515826e-02,  9.5580751813302861e-02,  4.9930272178649510e-01,  6.2683888724184908e+03,  2.2638809050249534e+02, -1.5000474521653050e+04,  1.0001245602120582e+01,  2.6934537706309425e+00,  5.0514437560346819e+00,  3.5967333836408265e-04,  3.1810961700601326e-01,  2.7722369474276543e-01,  2.7433066213374246e-01, -6.1297658650657410e-04,  1.6968579466751687e-02,  1.2600677856436512e-01,  0.0000000000000000e+00,  5.8656739372851020e-03,  2.5573526347757142e-01, -1.2704166934679519e-02,  0.0000000000000000e+00
 9.9000999000998995e+00,  6.3364724398847864e+02,  2.0358390387571756e-01,  2.9887905949609060e+01, -2.8404056295476134e-02,  9.5585284149827782e-02,  4.9926751538779846e-01,  6.2747058810398748e+03,  2.2689667100276154e+02, -1.5000477878229191e+04,  1.0001200624578480e+01,  2.6935283411706958e+00,  5.0565273359497223e+00,  3.5384239414938977e-04,  3.1829189451235912e-01,  2.7848186977959927e-01,  2.7433066213374246e-01, -5.5207102949019209e-04,  1.9346494337503229e-02,  1.2808454605568928e-01,  0.0000000000000000e+00,  6.3276185773947276e-03,  2.2032329364689313e-01,  4.2867321869777969e-01,  0.0000000000000000e+00
 9.9100899100899102e+00,  6.3364697308960069e+02,  2.0381131361153851e-01,  2.9887901379855801e+01, -2.8397628738692282e-02,  9.5589504088803359e-02,  4.9923389720222505e-01,  6.2810228418361294e+03,  2.2740581430165889e+02, -1.5000481243659488e+04,  1.0001155696730773e+01,  2.6936030071148500e+00,  5.0616105814555574e+00,  3.4864294816447855e-04,  3.1849616034941991e-01,  2.7978282653208986e-01,  2.7433066213374246e-01, -4.8741167746480315e-04,  2.1142125969078537e-02,  1.4772627559492613e-01,  0.0000000000000000e+00,  6.6171836980882795e-03,  1.3916215899448767e-01,  3.5036010350574829e+00,  0.0000000000000000e+00
 9.9200799200799192e+00,  6.3364670173432364e+02,  2.0404132379341069e-01,  2.9887897009795882e+01, -2.8390699722383023e-02,  9.5592374252208998e-02,  4.9920450464664984e-01,  6.2873397547522773e+03,  2.2791552038683619e+02, -1.5000484617945393e+04,  1.0001110825099156e+01,  2.6936777556054272e+00,  5.0666935185868098e+00,  3.4410389909514806e-04,  3.1871431461164140e-01,  2.8143344371755979e-01,  2.7433066213374246e-01, -4.1749969800589613e-04,  2.1983024180049212e-02,  1.8666445023713166e-01,  0.0000000000000000e+00,  7.3791945895850704e-03,  2.9185662841843225e-02,  4.2918215283121546e+00,  0.0000000000000000e+00
 9.9300699300699300e+00,  6.3364642987610409e+02,  2.0427285571594819e-01,  2.9887892528254042e+01, -2.8383183357746037e-02,  9.5593170190334809e-02,  4.9918280173389368e-01,  6.2936566197333523e+03,  2.2842578924232888e+02, -1.5000488001090518e+04,  1.0001066017790746e+01,  2.6937525592840119e+00,  5.0717762029185964e+00,  3.4030129585666853e-04,  3.1893538161175855e-01,  2.8351238597738715e-01,  2.7433066213374246e-01, -3.3773109240183637e-04,  2.1709365341110138e-02,  2.0020818481832903e-01,  0.0000000000000000e+00,  8.5904802523403372e-03, -8.3972162397044608e-02, -1.5803658651525676e+00,  0.0000000000000000e+00
 9.9400599400599408e+00,  6.3364615749079985e+02,  2.0450460145093441e-01,  2.9887887631514801e+01, -2.8375210797861945e-02,  9.5591620861992146e-02,  4.9917126603065654e-01,  6.2999734367245665e+03,  2.2893662084842251e+02, -1.5000491393099846e+04,  1.0001021284911591e+01,  2.6938273803744268e+00,  5.0768587206780582e+00,  3.3735602512108487e-04,  3.1914806816491037e-01,  2.8543360725039385e-01,  2.7433066213374246e-01, -2.5077691930557332e-04,  2.0394527171725765e-02,  1.6403660516234955e-01,  0.0000000000000000e+00,  8.8177452015362114e-03, -1.7925843911408182e-01, -5.6611843819778862e+00,  0.0000000000000000e+00
 9.9500499500499497e+00,  6.3364588457979335e+02,  2.0473552463582209e-01,  2.9887882067623870e+01, -2.8367586361112560e-02,  9.5587877766537779e-02,  4.9916935308532023e-01,  6.3062902056712301e+03,  2.2944801518433698e+02, -1.5000494793978991e+04,  1.0000976632185665e+01,  2.6939021787914377e+00,  5.0819411671393517e+00,  3.3529076799841538e-04,  3.1934286467213269e-01,  2.8678984062598550e-01,  2.7433066213374246e-01, -1.6962743413019863e-04,  1.8302337956256336e-02,  1.3046906037649431e-01,  0.0000000000000000e+00,  7.4283817305739932e-03, -2.3959784182290247e-01, -1.0590380841504130e+00,  0.0000000000000000e+00
 9.9600399600399605e+00,  6.3364561116552341e+02,  2.0496472676023428e-01,  2.9887875699199974e+01, -2.8360899894594720e-02,  9.5582509726104922e-02,  4.9917620827683551e-01,  6.3126069265186761e+03,  2.2995997223042531e+02, -1.5000498203732794e+04,  1.0000932057170003e+01,  2.6939769195907282e+00,  5.0870236287092974e+00,  3.3396686559800402e-04,  3.1951374924295745e-01,  2.8804038168349061e-01,  2.7433066213374246e-01, -1.0448470292076485e-04,  1.5834223224601218e-02,  1.2511521762354655e-01,  0.0000000000000000e+00,  5.6131930575548002e-03, -2.5451872745445825e-01, -1.2801234989738380e-02,  0.0000000000000000e+00
 9.9700299700299695e+00,  6.3364533728224467e+02,  2.0519133030107919e-01,  2.9887868517524037e+01, -2.8355304768128916e-02,  9.5576313634669369e-02,  4.9919128155171677e-01,  6.3189235992124259e+03,  2.3047249196757323e+02, -1.5000501622364873e+04,  1.0000887553897458e+01,  2.6940515758262404e+00,  5.0921061873133855e+00,  3.3320316154645207e-04,  3.1965923276852831e-01,  2.8928964517390848e-01,  2.7433066213374246e-01, -5.7186340829369574e-05,  1.3415354215580669e-02,  1.2498720983971537e-01,  0.0000000000000000e+00,  3.8559390331426441e-03, -2.2973884815146089e-01, -1.2825923333266664e-02,  0.0000000000000000e+00
 9.9800199800199803e+00,  6.3364506297003368e+02,  2.0541462463383264e-01,  2.9887860591704388e+01, -2.8350837129334248e-02,  9.5570010575673159e-02,  4.9921341463437913e-01,  6.3252402236982725e+03,  2.3098557437748201e+02, -1.5000505049877478e+04,  1.0000843115215538e+01,  2.6941261295867380e+00,  5.0971889178407208e+00,  3.3282428136564900e-04,  3.1978178828822379e-01,  2.9053762863333504e-01,  2.7433066213374246e-01, -2.6876421460010268e-05,  1.1372506325652424e-02,  1.2485893752964601e-01,  0.0000000000000000e+00,  2.2121068246031593e-03, -1.7923929941217834e-01, -1.2854193142619364e-02,  0.0000000000000000e+00
 9.9900099900099892e+00,  6.3364478826985555e+02,  2.0563409400355917e-01,  2.9887852034401423e+01, -2.8347458529439505e-02,  9.5564135261382993e-02,  4.9924108738625678e-01,  6.3315567999221184e+03,  2.3149921944332402e+02, -1.5000508486271405e+04,  1.0000798733391106e+01,  2.6942005715458301e+00,  5.1022718827955051e+00,  3.3266617010868963e-04,  3.1988645567213775e-01,  2.9178432924043485e-01,  2.7433066213374246e-01, -1.5826936821634384e-05,  1.0477205129788340e-02,  1.2479473077070297e-01,  0.0000000000000000e+00,  2.2121068246027660e-03, -1.7923929941214647e-01, -1.2854193142617079e-02,  0.0000000000000000e+00
