#              time [s],              Vxb [ft/s],              Vyb [ft/s],              Vzb [ft/s],               p [deg/s],               q [deg/s],               r [deg/s],                 xf [ft],                 yf [ft],                 zf [ft],               phi [deg],             theta [deg],               psi [deg],                da [deg],               deB [deg],                dB [deg],          tau [per-unit],           dadot [deg/s],          deBdot [deg/s],           dBdot [deg/s],     taudot [per-unit/s],        daddot [deg/s/s],       deBddot [deg/s/s],        dBddot [deg/s/s],  tauddot [per-unit/s/s]
 0.0000000000000000e+00,  6.3371067205277234e+02,  2.2655162823548201e-02,  2.9850264791017317e+01,  2.8980334086029819e-01,  5.7726539281664289e-02,  5.2223191103867084e-01,  0.0000000000000000e+00,  0.0000000000000000e+00, -1.5000000000000000e+04,  1.0000000000000000e+01,  2.6563057655975633e+00,  0.0000000000000000e+00,  5.2763314442607449e-03,  4.2903512643121464e-02, -2.6190755327598259e-01,  2.7433066213374302e-01,  2.5991824812265247e+00, -1.4964868057797368e-01, -1.7866396764321091e+00,  0.0000000000000000e+00, -1.2154191317957353e-02,  1.9380174402277010e+01, -7.1566935089208683e-01,  0.0000000000000000e+00
 9.9900099900099900e-03,  6.3371077994362020e+02,  2.2108134207367510e-02,  2.9846808619222202e+01,  2.7873773038240107e-01,  5.8026046004331464e-02,  5.2233439546014870e-01,  6.3375878771385876e+00, -5.1277417731544768e-02, -1.4999999999776424e+04,  1.0003089715780595e+01,  2.6559692148310718e+00,  5.2441387280367660e-03,  3.1242190397572679e-02,  4.1408520829155693e-02, -2.7975610149208757e-01,  2.7433066213374302e-01,  2.5991217709801813e+00, -5.2844612634532051e-02, -1.7902144484145872e+00,  0.0000000000000000e+00, -1.2154191317957353e-02,  1.9380174402277010e+01, -7.1566935089208683e-01,  0.0000000000000000e+00
 1.9980019980019980e-02,  6.3371072399082266e+02,  2.1421809341311337e-02,  2.9843228770988492e+01,  2.6013657042231497e-01,  5.8228574071099680e-02,  5.2283834617380409e-01,  1.2675179724133484e+01, -1.0199033453883929e-01, -1.4999999998768295e+04,  1.0006032259413972e+01,  2.6556350590264319e+00,  1.0491659001547358e-02,  5.7206836358949679e-02,  4.1847676226847097e-02, -2.9767607372382648e-01,  2.7433066213374302e-01,  2.4869951695191208e+00,  8.7767571196377431e-02, -1.8756121858186363e+00,  0.0000000000000000e+00, -2.2435591421186455e+01,  8.7703848006710654e+00, -1.6380957677398516e+01,  0.0000000000000000e+00
 2.9970029970029968e-02,  6.3371043621681622e+02,  2.0480987009548871e-02,  2.9839497712905906e+01,  2.3435580534837169e-01,  5.7983107481723410e-02,  5.2391352903335531e-01,  1.9012774001331678e+01, -1.5213918926539519e-01, -1.4999999996677861e+04,  1.0008753563807643e+01,  2.6552991461541531e+00,  1.5746796276023836e-02,  8.0932403574777878e-02,  4.3162118655257140e-02, -3.1723087043951287e-01,  2.7433066213374302e-01,  2.1280520703507504e+00, -3.2117387379424817e-01, -1.9172280164413082e+00,  0.0000000000000000e+00, -4.9424817032321201e+01, -9.0640462087794305e+01,  8.0494683867395693e+00,  0.0000000000000000e+00
 3.9960039960039960e-02,  6.3370988134917343e+02,  1.9163545834687802e-02,  2.9835660189080595e+01,  2.0268489246116644e-01,  5.7609729606667874e-02,  5.2567809999297010e-01,  2.5350368405585023e+01, -2.0172462700882915e-01, -1.4999999993191577e+04,  1.0011187544130793e+01,  2.6549557199332932e+00,  2.1014977100607995e-02,  9.9725359243080555e-02,  3.5430615811377603e-02, -3.3598232779857790e-01,  2.7433066213374302e-01,  1.7000379267594468e+00, -1.6883392934153956e+00, -2.0294395734496993e+00,  0.0000000000000000e+00, -3.6263614514657704e+01, -1.8306605492035936e+02, -3.0514222099819502e+01,  0.0000000000000000e+00
 4.9950049950049952e-02,  6.3370905203856512e+02,  1.7351259791700803e-02,  2.9832031847406167e+01,  1.6651734627541226e-01,  5.8763065387119222e-02,  5.2820485629586855e-01,  3.1687960244420676e+01, -2.5074767460779174e-01, -1.4999999986731520e+04,  1.0013282766975973e+01,  2.6546083996334016e+00,  2.6304328509362037e-02,  1.1489919531822337e-01,  9.4290658397647130e-03, -3.5777911366528109e-01,  2.7433066213374302e-01,  1.3196122379600694e+00, -2.6742494105294603e+00, -2.0858375401474314e+00,  0.0000000000000000e+00, -3.9897608382977758e+01, -1.4313150525876020e+01,  1.9223349166933655e+01,  0.0000000000000000e+00
 5.9940059940059937e-02,  6.3370798083999375e+02,  1.4922239821684715e-02,  2.9829097670663817e+01,  1.2698880510423127e-01,  6.2916671528105456e-02,  5.3156462584099617e-01,  3.8025546883690815e+01, -2.9920986573258357e-01, -1.4999999973548100e+04,  1.0015000181021284e+01,  2.6542786913311223e+00,  3.1626897333701026e-02,  1.2609123812340162e-01, -1.8000940842557652e-02, -3.7765740352579930e-01,  2.7433066213374302e-01,  7.5489679001481236e-01, -1.9924145622232836e+00, -1.7065678210260802e+00,  0.0000000000000000e+00, -7.3158424295662599e+01,  1.5081648715677233e+02,  5.6706448601160716e+01,  0.0000000000000000e+00
 6.9930069930069935e-02,  6.3370675743047138e+02,  1.1771646817046719e-02,  2.9827025973829059e+01,  8.5941240083192261e-02,  6.8953869050694311e-02,  5.3569285979020365e-01,  4.4363126268472698e+01, -3.4711284843302381e-01, -1.4999999949926625e+04,  1.0016314662442353e+01,  2.6539897356898940e+00,  3.6995233388835924e-02,  1.2998204826557228e-01, -3.0379416921939264e-02, -3.9187637282664134e-01,  2.7433066213374302e-01,  9.4306668904933499e-02, -9.0737880103119883e-01, -1.1278377233992640e+00,  0.0000000000000000e+00, -5.9091717950535134e+01,  6.6407672233883034e+01,  5.9155316943727861e+01,  0.0000000000000000e+00
 7.9920079920079920e-02,  6.3370550071321088e+02,  7.8519667204571125e-03,  2.9825818618582169e+01,  4.5416784112556410e-02,  7.5744302203170286e-02,  5.4034848416167003e-01,  5.0700697350016696e+01, -3.9445777100321172e-01, -1.4999999914179529e+04,  1.0017221988928725e+01,  2.6537512930688147e+00,  4.2417803390478979e-02,  1.2797548725237132e-01, -3.6130387416607582e-02, -4.0019162377353684e-01,  2.7433066213374302e-01, -5.4832257867002843e-01, -9.3555841147876251e-01, -1.3724365902920217e+00,  0.0000000000000000e+00, -6.9562657413972246e+01, -7.2049230245485234e+01, -1.0812401009565789e+02,  0.0000000000000000e+00
 8.9910089910089905e-02,  6.3370431113569259e+02,  3.1735390156915296e-03,  2.9825552267320635e+01,  7.3926146129597147e-03,  8.3340649213115750e-02,  5.4517786973129378e-01,  5.7038260183098224e+01, -4.4124524526802350e-01, -1.4999999865662345e+04,  1.0017737053334091e+01,  2.6535677985400303e+00,  4.7899071588198665e-02,  1.1902655218824904e-01, -4.9071892675760682e-02, -4.1929768332198641e-01,  2.7433066213374302e-01, -1.1593507117474977e+00, -9.1682000462868574e-01, -2.6108374724691212e+00,  0.0000000000000000e+00, -5.2765174828137248e+01,  7.5800659296870379e+01, -1.3980384651619772e+02,  0.0000000000000000e+00
 9.9900099900099903e-02,  6.3370325278535495e+02, -2.1993167057163363e-03,  2.9826423810130358e+01, -2.6205434152927868e-02,  9.2249425081588857e-02,  5.4983000397401383e-01,  6.3375815786565006e+01, -4.8747547898243210e-01, -1.4999999803193241e+04,  1.0017895011338073e+01,  2.6534507618774010e+00,  5.3440716535747917e-02,  1.0481163686780592e-01, -5.4448469427170736e-02, -4.5235620863805476e-01,  2.7433066213374302e-01, -1.6158038983761924e+00,  3.7345211746893275e-01, -3.8522818277751565e+00,  0.0000000000000000e+00, -3.8616753134927421e+01,  1.8251181954707283e+02, -1.0873331341607049e+02,  0.0000000000000000e+00
 1.0989010989010989e-01,  6.3370235510191037e+02, -8.1683661405529424e-03,  2.9828231504315255e+01, -5.4140406350263598e-02,  1.0046029781733581e-01,  5.5403078396493444e-01,  6.9713365784413824e+01, -5.3314807549030008e-01, -1.4999999726684162e+04,  1.0017746645946991e+01,  2.6534048904373271e+00,  5.9040025618041496e-02,  8.6742758014898530e-02, -4.1610311907150636e-02, -4.9626635120960194e-01,  2.7433066213374302e-01, -1.9889705519450900e+00,  1.4405796523550816e+00, -4.7713589894625485e+00,  0.0000000000000000e+00, -3.6091210909565596e+01,  3.1127112937133994e+01, -7.5265934353744797e+01,  0.0000000000000000e+00
 1.1988011988011987e-01,  6.3370161119213594e+02, -1.4621535688071736e-02,  2.9830714251846370e+01, -7.5310412512918090e-02,  1.0706037844818955e-01,  5.5763352184195047e-01,  7.6050911929753255e+01, -5.7826191728051324e-01, -1.4999999638216128e+04,  1.0017353886278318e+01,  2.6534182623854088e+00,  6.4688881428293432e-02,  6.5071965500271681e-02, -2.5665659190305983e-02, -5.4768805657936437e-01,  2.7433066213374302e-01, -2.1090611010443574e+00,  2.1061936679856097e+00, -5.2891073170503260e+00,  0.0000000000000000e+00,  1.2049082979892152e+01,  1.0212881299209772e+02, -2.8387280829328269e+01,  0.0000000000000000e+00
 1.2987012987012986e-01,  6.3370098274857185e+02, -2.1476036535905751e-02,  2.9833550404530541e+01, -8.9392847992169969e-02,  1.1119719436165211e-01,  5.6074147958968190e-01,  8.2388455756693645e+01, -6.2281577600044213e-01, -1.4999999540573877e+04,  1.0016787039948721e+01,  2.6534732413131579e+00,  7.0378188533564617e-02,  4.4603675076949352e-02,  4.7147966099338700e-04, -6.0194282108073727e-01,  2.7433066213374302e-01, -1.8886935840973835e+00,  2.7590549156173099e+00, -5.0977248647431308e+00,  0.0000000000000000e+00,  3.2068493912891356e+01,  2.8574008783769475e+01,  6.6702047781227179e+01,  0.0000000000000000e+00
 1.3986013986013987e-01,  6.3370043035296044e+02, -2.8679061553579101e-02,  2.9836288603160060e+01, -9.7293384995471244e-02,  1.1192732493410644e-01,  5.6354417817950930e-01,  8.8725998316235078e+01, -6.6680843975437398e-01, -1.4999999437723318e+04,  1.0016112541288059e+01,  2.6535418903673564e+00,  7.6098629895343453e-02,  2.7335829953870381e-02,  2.9460313149700258e-02, -6.4954070122957686e-01,  2.7433066213374302e-01, -1.5614623861051606e+00,  2.3033562444698998e+00, -4.7197728058727222e+00,  0.0000000000000000e+00,  3.3443191925151531e+01, -1.1980488274748090e+02,  8.9639544046285646e+00,  0.0000000000000000e+00
 1.4985014985014986e-01,  6.3369992878344783e+02, -3.6197933698335252e-02,  2.9838660322464758e+01, -1.0016897855424949e-01,  1.1000185187549016e-01,  5.6624185984250019e-01,  9.5063540240079476e+01, -7.1023896699839284e-01, -1.4999999333780528e+04,  1.0015386302941687e+01,  2.6535941373411593e+00,  8.1842915392609114e-02,  1.3405625404518541e-02,  4.6492583446605812e-02, -6.9624397604322930e-01,  2.7433066213374302e-01, -1.3031900269689911e+00,  1.5497444706016419e+00, -4.5398890839686299e+00,  0.0000000000000000e+00,  1.8262934373910003e+01, -3.1068194380944735e+01,  2.7048766720571894e+01,  0.0000000000000000e+00
 1.5984015984015984e-01,  6.3369946282240494e+02, -4.4020326915779583e-02,  2.9840538347885573e+01, -9.8908460935396833e-02,  1.0633229610455786e-01,  5.6902103292250250e-01,  1.0140108196532059e+02, -7.5310682532680540e-01, -1.4999999231422691e+04,  1.0014653563884366e+01,  2.6536107322238172e+00,  8.7607729252254726e-02,  1.2980671772671751e-03,  6.0424238636246533e-02, -7.4024777583434465e-01,  2.7433066213374302e-01, -1.1362610791679402e+00,  1.0141371724216701e+00, -4.5611328087951071e+00,  0.0000000000000000e+00,  1.5156240975860412e+01, -7.6160386714685657e+01, -3.1301760430832626e+01,  0.0000000000000000e+00
 1.6983016983016982e-01,  6.3369900358171424e+02, -5.2158348357518307e-02,  2.9841817446268315e+01, -9.4115608438138654e-02,  1.0147169498624026e-01,  5.7204528448880765e-01,  1.0773862367303866e+02, -7.9541178309745997e-01, -1.4999999132574019e+04,  1.0013952569498219e+01,  2.6535775487821858e+00,  9.3392560203628266e-02, -9.2968936597759583e-03,  6.6755064414071738e-02, -7.8737550069448015e-01,  2.7433066213374302e-01, -9.6127548906340265e-01,  1.4360618521383431e-01, -5.1850137851281897e+00,  0.0000000000000000e+00,  1.9875874163068058e+01, -9.8119916924323149e+01, -9.3599211031050444e+01,  0.0000000000000000e+00
 1.7982017982017981e-01,  6.3369854160343220e+02, -6.0617502574671578e-02,  2.9842562586426631e+01, -8.6380784286941195e-02,  9.6591971226755752e-02,  5.7533815420954937e-01,  1.1407616528830839e+02, -8.3715387397974383e-01, -1.4999999037997039e+04,  1.0013315892190429e+01,  2.6534888023184573e+00,  9.9199553839142224e-02, -1.7908236300523076e-02,  6.3293493086073391e-02, -8.4384445485788484e-01,  2.7433066213374302e-01, -7.1584435483392739e-01, -4.7472180987234658e-01, -5.9777402729407791e+00,  0.0000000000000000e+00,  2.9259438909672610e+01, -2.5669347691930309e+01, -6.5104631829031518e+01,  0.0000000000000000e+00
 1.8981018981018982e-01,  6.3369808690334548e+02, -6.9402139307308347e-02,  2.9842891741217095e+01, -7.6549806118719005e-02,  9.2367111909729335e-02,  5.7886654871389165e-01,  1.2041370684896458e+02, -8.7833321837112366e-01, -1.4999998947131373e+04,  1.0012769100964759e+01,  2.6533491479249620e+00,  1.0503218921214276e-01, -2.3599478171942353e-02,  5.7270113167870999e-02, -9.0681087078320710e-01,  2.7433066213374302e-01, -4.5455792067770467e-01, -8.7097324576200907e-01, -6.8725060585467386e+00,  0.0000000000000000e+00,  2.3050105208403139e+01, -5.3660189773179987e+01, -1.1402747844928139e+02,  0.0000000000000000e+00
 1.9980019980019981e-01,  6.3369761385104869e+02, -7.8546201469107804e-02,  2.9842943216853108e+01, -6.5472289272084053e-02,  8.9195688112366875e-02,  5.8272223330945372e-01,  1.2675124831352015e+02, -9.1895007140482754e-01, -1.4999998858899315e+04,  1.0012328872381838e+01,  2.6531669731943301e+00,  1.1089503779766731e-01, -2.6990312637739960e-02,  4.5891430233685582e-02, -9.8115726322045715e-01,  2.7433066213374302e-01, -2.2305356846247168e-01, -1.4373025215512565e+00, -7.7517648102422729e+00,  0.0000000000000000e+00,  2.3297066105086589e+01, -5.9718931239826979e+01, -6.2000123640162414e+01,  0.0000000000000000e+00
 2.0979020979020979e-01,  6.3369712277738176e+02, -8.8065914791902178e-02,  2.9842959791421627e+01, -5.3850612572051482e-02,  8.7826243458966363e-02,  5.8675781683234640e-01,  1.3308878948950539e+02, -9.5900485605623242e-01, -1.4999998771452732e+04,  1.0012004338854705e+01,  2.6529564431644181e+00,  1.1679370767036644e-01, -2.8056092926437289e-02,  2.8552780069943811e-02, -1.0616912865722634e+00,  2.7433066213374302e-01,  3.3537198737710036e-02, -2.0097406818237675e+00, -8.6746422038615201e+00,  0.0000000000000000e+00,  2.8072405488389816e+01, -5.4883188446729783e+01, -1.2275993056241099e+02,  0.0000000000000000e+00
 2.1978021978021978e-01,  6.3369661693238788e+02, -9.7932585582892778e-02,  2.9843257264034520e+01, -4.2478787379047762e-02,  8.8962289300743333e-02,  5.9066729032354559e-01,  1.3942633038153426e+02, -9.9849787078920560e-01, -1.4999998682083513e+04,  1.0011797276976543e+01,  2.6527391842706627e+00,  1.2273220206194051e-01, -2.6320238736886614e-02,  5.7367712561877471e-03, -1.1544767877731348e+00,  2.7433066213374302e-01,  2.4217751198937115e-01, -1.9151835954999381e+00, -9.2788374613997036e+00,  0.0000000000000000e+00,  1.3697385224592757e+01,  7.3813517128760438e+01,  1.8000400032666397e+00,  0.0000000000000000e+00
 2.2977022977022976e-01,  6.3369607287984263e+02, -1.0814260945172330e-01,  2.9844076913999800e+01, -3.1998514129118354e-02,  9.2311164143365543e-02,  5.9441967625048031e-01,  1.4576387091709060e+02, -1.0374293625803281e+00, -1.4999998587603488e+04,  1.0011701643357407e+01,  2.6525408566209823e+00,  1.2871331737801447e-01, -2.3217381398178128e-02, -9.7126264335514363e-03, -1.2470826444423873e+00,  2.7433066213374302e-01,  3.4769450274120844e-01, -1.5826351118248407e+00, -9.4788000137303694e+00,  0.0000000000000000e+00,  7.4271163239250750e+00, -7.2373106970059053e+00, -4.1832542979865977e+01,  0.0000000000000000e+00
 2.3976023976023975e-01,  6.3369550709900375e+02, -1.1868628884265360e-01,  2.9845590723830046e+01, -2.2701431574951914e-02,  9.7612741431411937e-02,  5.9795727831307510e-01,  1.5210141099899710e+02, -1.0757995835056369e+00, -1.4999998485623080e+04,  1.0011706968355844e+01,  2.6523812294949862e+00,  1.3473876327813317e-01, -1.9373295625174161e-02, -2.5884309899153708e-02, -1.3438634014340811e+00,  2.7433066213374302e-01,  4.1688729952373899e-01, -9.8814858387121518e-01, -9.6320130539783904e+00,  0.0000000000000000e+00,  6.4252815919376660e+00,  1.2625351359332116e+02,  1.1159292322209398e+01,  0.0000000000000000e+00
 2.4975024975024976e-01,  6.3369491997703176e+02, -1.2954687584100508e-01,  2.9847899982457598e+01, -1.4770920153340326e-02,  1.0416930522748184e-01,  6.0128436562081711e-01,  1.5843895073734700e+02, -1.1136086649022969e+00, -1.4999998374099619e+04,  1.0011800537106920e+01,  2.6522783009342286e+00,  1.4080916290742426e-01, -1.4887964824277242e-02, -2.9455854882526781e-02, -1.4395304577086889e+00,  2.7433066213374302e-01,  4.7474554306796896e-01,  3.7744486417176276e-01, -9.4376766892141468e+00,  0.0000000000000000e+00,  5.1579387656170788e+00,  1.4713829470488309e+02,  2.7746847903594912e+01,  0.0000000000000000e+00
 2.5974025974025972e-01,  6.3369428633442749e+02, -1.4074756778979836e-01,  2.9850837341361128e+01, -8.3479184212230401e-03,  1.1025789763887926e-01,  6.0460140773401339e-01,  1.6477649000453866e+02, -1.1508566277474312e+00, -1.4999998252718175e+04,  1.0011967876920380e+01,  2.6522363118115329e+00,  1.4692401364827057e-01, -9.8878701892507106e-03, -1.8342953971645964e-02, -1.5324283702495485e+00,  2.7433066213374302e-01,  5.4268664281584833e-01,  2.2502875502420596e+00, -9.6283568345448938e+00,  0.0000000000000000e+00,  8.4438694039085131e+00,  2.2780481104639054e+02, -6.5921012998813083e+01,  0.0000000000000000e+00
 2.6973026973026976e-01,  6.3369362220990376e+02, -1.5227090631594567e-01,  2.9853995918893432e+01, -3.6230281592483991e-03,  1.1387225848524993e-01,  6.0778167104209058e-01,  1.7111402843664948e+02, -1.1875431402757404e+00, -1.4999998123393860e+04,  1.0012192912349425e+01,  2.6522415724877346e+00,  1.5308016892549534e-01, -4.0450748579266161e-03,  1.5504935332099826e-02, -1.6319052196376580e+00,  2.7433066213374302e-01,  6.1056089472668540e-01,  3.3165480411235015e+00, -9.8312767871698732e+00,  0.0000000000000000e+00,  5.1445558286411952e+00, -1.4339460771925101e+01,  2.5296438483289258e+01,  0.0000000000000000e+00
 2.7972027972027974e-01,  6.3369298016706387e+02, -1.6412252997565061e-01,  2.9856743959982431e+01, -7.6633988766653977e-04,  1.1320219672337499e-01,  6.1092384958403012e-01,  1.7745156580034566e+02, -1.2236672392187862e+00, -1.4999997990851803e+04,  1.0012457405252350e+01,  2.6522583188844049e+00,  1.5926985825387055e-01,  2.3111486864073674e-03,  4.7921742154697876e-02, -1.7288574768863096e+00,  2.7433066213374302e-01,  6.5657632570406177e-01,  2.2161223438420938e+00, -9.6273718422198620e+00,  0.0000000000000000e+00,  4.0677334530291791e+00, -2.0596576382381468e+02,  1.5525331495708613e+01,  0.0000000000000000e+00
 2.8971028971028973e-01,  6.3369238481300670e+02, -1.7630284897780391e-01,  2.9858941203024415e+01,  1.4769315241488804e-04,  1.1019461670069233e-01,  6.1400059812059249e-01,  1.8378910209787850e+02, -1.2592281223808335e+00, -1.4999997859684838e+04,  1.0012741988823967e+01,  2.6522522213448307e+00,  1.6548678494504968e-01,  9.0733332480486366e-03,  5.9783104040233542e-02, -1.8242603014002925e+00,  2.7433066213374302e-01,  6.9286425094678383e-01,  6.5057208074008677e-01, -9.8081312637009894e+00,  0.0000000000000000e+00,  3.1971091805637957e+00, -1.0745739884920728e+02, -5.1713367676230618e+01,  0.0000000000000000e+00
 2.9970029970029971e-01,  6.3369184834522389e+02, -1.8875724456473053e-01,  2.9860689953098998e+01, -9.7930368864124206e-04,  1.0680490304814684e-01,  6.1675007282501837e-01,  1.9012663749995096e+02, -1.2942251797688875e+00, -1.4999997731771504e+04,  1.0013026588030248e+01,  2.6522106827681879e+00,  1.7172693565276631e-01,  1.6154590263765679e-02,  6.0920185326327973e-02, -1.9248241355017139e+00,  2.7433066213374302e-01,  6.2897364834635472e-01,  2.8553052266040591e-01, -1.0150184298453858e+01,  0.0000000000000000e+00, -1.5988007821169724e+01,  3.4376078921655150e+01, -1.6765649881293690e+01,  0.0000000000000000e+00
 3.0969030969030970e-01,  6.3369136777919334e+02, -2.0140377441344348e-01,  2.9862006304310512e+01, -3.9136710188530464e-03,  1.0323033478711620e-01,  6.1891794343106288e-01,  1.9646417233265123e+02, -1.3286576125223313e+00, -1.4999997607490435e+04,  1.0013291269694706e+01,  2.6521330525803366e+00,  1.7798556701987861e-01,  2.1640239308914858e-02,  6.5488009587893997e-02, -2.0270611864842856e+00,  2.7433066213374302e-01,  4.4613853911573981e-01,  7.4217005255927926e-01, -1.0261130536898387e+01,  0.0000000000000000e+00, -2.0615581046799395e+01,  5.7043154964099337e+01, -5.4457870553009542e+00,  0.0000000000000000e+00
 3.1968031968031968e-01,  6.3369092504420792e+02, -2.1417977814736738e-01,  2.9862790818028827e+01, -8.0166743145680171e-03,  9.8964528494221340e-02,  6.2053151400086837e-01,  2.0280170676337400e+02, -1.3625243360643169e+00, -1.4999997487466331e+04,  1.0013520772364647e+01,  2.6520159478970533e+00,  1.8425612244582901e-01,  2.5068447189155081e-02,  7.5748757805034844e-02, -2.1298417286465368e+00,  2.7433066213374302e-01,  2.6657074553573984e-01,  9.1811519673564113e-01, -1.0279820497381086e+01,  0.0000000000000000e+00, -1.5333891227916617e+01, -2.1818937099991683e+01,  1.7040569666645264e+00,  0.0000000000000000e+00
 3.2967032967032966e-01,  6.3369053805581279e+02, -2.2704703142909299e-01,  2.9862902408261199e+01, -1.2751811654836270e-02,  9.3706550463898697e-02,  6.2172621890651913e-01,  2.0913924093127096e+02, -1.3958242324462278e+00, -1.4999997372953872e+04,  1.0013705959148613e+01,  2.6518503550383969e+00,  1.9053233286571361e-01,  2.6966328130807758e-02,  8.3831969562632072e-02, -2.2324522054129785e+00,  2.7433066213374302e-01,  1.1042022715881106e-01,  1.0633360875110383e+00, -1.0259154243680721e+01,  0.0000000000000000e+00, -1.5927442551144535e+01,  5.0892159433226219e+01,  2.4333270241486953e+00,  0.0000000000000000e+00
 3.3966033966033965e-01,  6.3369020187557123e+02, -2.3995635108241820e-01,  2.9862229272694861e+01, -1.7638166027450282e-02,  8.7332156277397488e-02,  6.2249271801706296e-01,  2.1547677505824427e+02, -1.4285561655103596e+00, -1.4999997265138067e+04,  1.0013842621551367e+01,  2.6516274237205733e+00,  1.9680814365825608e-01,  2.7274645533986470e-02,  9.6994234078981653e-02, -2.3348198354133842e+00,  2.7433066213374302e-01, -3.4234470827520125e-02,  9.0566875446382589e-01, -1.0417859370187625e+01,  0.0000000000000000e+00, -1.3032427985718982e+01, -8.2457159509278171e+01, -3.4206093350830898e+01,  0.0000000000000000e+00
 3.4965034965034963e-01,  6.3368989903740351e+02, -2.5289356926658613e-01,  2.9860610421367621e+01, -2.2239663808969520e-02,  7.9652030664843471e-02,  6.2297258977252357e-01,  2.2181430915792683e+02, -1.4607191175279348e+00, -1.4999997165612849e+04,  1.0013931227229264e+01,  2.6513340809743715e+00,  2.0307797791940199e-01,  2.6282322719668495e-02,  1.0192724937209911e-01, -2.4406012437783655e+00,  2.7433066213374302e-01, -1.3231635111988810e-01, -2.4295020374114887e-01, -1.0884730753205556e+01,  0.0000000000000000e+00, -6.6035644488130965e+00, -1.4749635592335787e+02, -5.9261557529359074e+01,  0.0000000000000000e+00
 3.5964035964035962e-01,  6.3368963413931738e+02, -2.6582889715661495e-01,  2.9858251801154310e+01, -2.6272581569762549e-02,  7.2649000535400673e-02,  6.2315660683417118e-01,  2.2815184318018052e+02, -1.4923124367836356e+00, -1.4999997074732024e+04,  1.0013976048796046e+01,  2.6509665483432334e+00,  2.0933858764768939e-01,  2.4630962194927768e-02,  9.2140084154083576e-02, -2.5522969733395691e+00,  2.7433066213374302e-01, -1.8495472662778983e-01, -6.3819952793258716e-01, -1.1005473892784838e+01,  0.0000000000000000e+00, -3.9346383278688335e+00,  6.8367441220231882e+01,  3.5088780985586986e+01,  0.0000000000000000e+00
 3.6963036963036960e-01,  6.3368941296223329e+02, -2.7874687228057676e-01,  2.9855234854782161e+01, -2.9599855825268494e-02,  6.6167976957735158e-02,  6.2314315358737449e-01,  2.3448937723303305e+02, -1.5233357900850180e+00, -1.4999996991251168e+04,  1.0013983461626150e+01,  2.6505336942438373e+00,  2.1558898657488343e-01,  2.2586923586246123e-02,  8.9176010052766708e-02, -2.6604908320457947e+00,  2.7433066213374302e-01, -2.1385424192919233e-01, -1.0519343437611790e+00, -1.0784032115112183e+01,  0.0000000000000000e+00, -1.8510446354720569e+00, -1.5119715134911576e+02,  9.2438629044724419e+00,  0.0000000000000000e+00
 3.7962037962037964e-01,  6.3368924985264289e+02, -2.9165423019061937e-01,  2.9851719106454162e+01, -3.2151636906529731e-02,  6.0921316432408085e-02,  6.2304272057716525e-01,  2.4082691158712214e+02, -1.5537890650307569e+00, -1.4999996914256939e+04,  1.0013960891848425e+01,  2.6500417106874337e+00,  2.2182911130165817e-01,  2.0358150168370469e-02,  7.1122414948065968e-02, -2.7677621504646881e+00,  2.7433066213374302e-01, -2.2321762972173986e-01, -2.3045364286041603e+00, -1.0445587280513779e+01,  0.0000000000000000e+00, -2.3505600595957857e-02, -9.9573786036448595e+01,  5.8512792982128083e+01,  0.0000000000000000e+00
 3.8961038961038963e-01,  6.3368912186541877e+02, -3.0449928644023272e-01,  2.9848114023738209e+01, -3.3907673926814000e-02,  5.8366008621310063e-02,  6.2266997497373422e-01,  2.4716444661302066e+02, -1.5836724200021888e+00, -1.4999996841092247e+04,  1.0013916299058945e+01,  2.6495105817019629e+00,  2.2806085469331594e-01,  1.8127030884513048e-02,  4.3131326164571590e-02, -2.8691938746135031e+00,  2.7433066213374302e-01, -2.1600561094976162e-01, -2.7069629737899787e+00, -9.9536551818427181e+00,  0.0000000000000000e+00,  1.4673517587461276e+00,  1.9007991690249558e+01,  3.9972013171823711e+01,  0.0000000000000000e+00
 3.9960039960039961e-01,  6.3368898968830831e+02, -3.1722886875976519e-01,  2.9844801043428937e+01, -3.4903333282482921e-02,  5.8873445701606415e-02,  6.2200505107985926e-01,  2.5350198253477305e+02, -1.6129859521321408e+00, -1.4999996767793968e+04,  1.0013857584447276e+01,  2.6489701327263901e+00,  2.3428646319226729e-01,  1.6042353745797811e-02,  1.7037240646567919e-02, -2.9666363798721349e+00,  2.7433066213374302e-01, -1.9583109161404644e-01, -2.0979459450987976e+00, -9.7924870790440668e+00,  0.0000000000000000e+00,  2.5715870122640543e+00,  1.0291721745372494e+02, -7.7061589915338633e+00,  0.0000000000000000e+00
 4.0959040959040960e-01,  6.3368881859066278e+02, -3.2979659012338874e-01,  2.9841993651961868e+01, -3.5211657193146520e-02,  6.1692424697078939e-02,  6.2097875550074844e-01,  2.5983951932494682e+02, -1.6417296111371045e+00, -1.4999996690616514e+04,  1.0013792064509799e+01,  2.6484479690380134e+00,  2.4050751616509053e-01,  1.4214321761355279e-02,  1.2143242644957304e-03, -3.0648479621068909e+00,  2.7433066213374302e-01, -1.6670402788859284e-01, -1.2588195377405478e+00, -9.9554543986476105e+00,  0.0000000000000000e+00,  3.2596511455717598e+00,  6.5075889299396835e+01, -2.4919898393095558e+01,  0.0000000000000000e+00
 4.1958041958041958e-01,  6.3368860727779850e+02, -3.4215511401417392e-01,  2.9839721024295834e+01, -3.4930776084799692e-02,  6.5621117063125942e-02,  6.1947582170949900e-01,  2.6617705674467260e+02, -1.6699030815662692e+00, -1.4999996607139932e+04,  1.0013726065877268e+01,  2.6479610640080584e+00,  2.4672276859102524e-01,  1.2711603937833920e-02, -8.1139988687277276e-03, -3.1655465576672919e+00,  2.7433066213374302e-01, -1.3261788293817184e-01, -4.5545441922372715e-01, -1.0163420615366093e+01,  0.0000000000000000e+00,  3.5643950735025305e+00,  9.5757807427670727e+01, -1.6714938193944423e+01,  0.0000000000000000e+00
 4.2957042957042957e-01,  6.3368840412553800e+02, -3.5421830767154178e-01,  2.9837958874131925e+01, -3.4169979462346248e-02,  6.9871124338623733e-02,  6.1724425309600905e-01,  2.7251459487949546e+02, -1.6975057315882363e+00, -1.4999996516096084e+04,  1.0013664726350603e+01,  2.6475183925721320e+00,  2.5292716244250013e-01,  1.1564613810542657e-02, -7.8856641315827296e-03, -3.2679133090672523e+00,  2.7433066213374302e-01, -9.7058885488149171e-02, -4.0268478068097260e-02, -9.8978165966390339e+00,  0.0000000000000000e+00,  3.5545162159920070e+00, -1.2637582008313583e+01,  6.9888862743101569e+01,  0.0000000000000000e+00
 4.3956043956043955e-01,  6.3368822289188086e+02, -3.6591729105974036e-01,  2.9836640052626386e+01, -3.3055344350631427e-02,  7.3986127853246250e-02,  6.1436784680848999e-01,  2.7885213410339207e+02, -1.7245367553484547e+00, -1.4999996417352284e+04,  1.0013611900171702e+01,  2.6471208281523664e+00,  2.5911367666460061e-01,  1.0772365466542229e-02, -8.9185638650933069e-03, -3.3633051310267130e+00,  2.7433066213374302e-01, -6.2650208470310026e-02, -2.3366089225629008e-01, -9.4409338949067436e+00,  0.0000000000000000e+00,  3.3341009229793945e+00, -2.6079579312162636e+01,  2.1579054143703097e+01,  0.0000000000000000e+00
 4.4955044955044954e-01,  6.3368805265004562e+02, -3.7717805363481610e-01,  2.9835790118781400e+01, -3.1706064847509020e-02,  7.8202419455296185e-02,  6.1091423692222380e-01,  2.8518967478054367e+02, -1.7509953343320337e+00, -1.4999996310774415e+04,  1.0013570256707879e+01,  2.6467694018628949e+00,  2.6527593583023773e-01,  1.0312861393553446e-02, -1.2554213427412699e-02, -3.4565433569175368e+00,  2.7433066213374302e-01, -3.1092243693546524e-02, -4.7851684517341464e-01, -8.9793845630591598e+00,  0.0000000000000000e+00,  2.9838036253286604e+00, -2.2940582461845722e+01,  7.0823122092183269e+01,  0.0000000000000000e+00
 4.5954045954045952e-01,  6.3368786983236498e+02, -3.8798797162463949e-01,  2.9835483134900098e+01, -3.0237158529870082e-02,  8.2867453880609593e-02,  6.0719854044756183e-01,  2.9152721711493854e+02, -1.7768808928774655e+00, -1.4999996195890641e+04,  1.0013541403640378e+01,  2.6464677527322378e+00,  2.7141017353748592e-01,  1.0151141816321520e-02, -1.8479339992434254e-02, -3.5427134140049179e+00,  2.7433066213374302e-01, -3.3967014187262566e-03, -5.5187710334165874e-01, -8.4110664157020896e+00,  0.0000000000000000e+00,  2.5608439380903598e+00,  8.2538587765632467e+00,  4.2954171008702161e+01,  0.0000000000000000e+00
 4.6953046953046951e-01,  6.3368766468512467e+02, -3.9836451582369914e-01,  2.9835756937803502e+01, -2.8744757307066045e-02,  8.7897514108318794e-02,  6.0346355701184762e-01,  2.9786476112449566e+02, -1.8021932438101418e+00, -1.4999996072060936e+04,  1.0013526041489673e+01,  2.6462208728398289e+00,  2.7751580166412604e-01,  1.0244995231341134e-02, -2.3580728978694586e-02, -3.6245966319565395e+00,  2.7433066213374302e-01,  1.9781344938495732e-02, -1.2309009844001464e+00, -8.2550728821259085e+00,  0.0000000000000000e+00,  2.0794009426254840e+00, -1.4419443976447255e+02, -1.1724265586750645e+01,  0.0000000000000000e+00
 4.7952047952047949e-01,  6.3368743205892065e+02, -4.0828835510918554e-01,  2.9836752089436995e+01, -2.7300762675370030e-02,  9.3974674406482162e-02,  5.9959409064601399e-01,  3.0420230681589669e+02, -1.8269323635263803e+00, -1.4999995938610391e+04,  1.0013524069962026e+01,  2.6460344435319159e+00,  2.8359339008671042e-01,  1.0546373483424331e-02, -4.3072766254175429e-02, -3.7076499351263146e+00,  2.7433066213374302e-01,  3.7980589488695295e-02, -1.9560700312963708e+00, -8.4648687477637417e+00,  0.0000000000000000e+00,  1.5640878163244831e+00, -9.8440342415271853e-01, -3.0276866713948092e+01,  0.0000000000000000e+00
 4.8951048951048953e-01,  6.3368717434576786e+02, -4.1762297148357708e-01,  2.9838818594278450e+01, -2.5947244965192181e-02,  1.0237564747148592e-01,  5.9501067691164256e-01,  3.1053985426093755e+02, -1.8510979303402864e+00, -1.4999995793272195e+04,  1.0013534764261243e+01,  2.6459273317788403e+00,  2.8964213412704548e-01,  1.1003848168178204e-02, -6.2663047286314472e-02, -3.7937248786651061e+00,  2.7433066213374302e-01,  5.0764963700775878e-02, -7.2504133963284134e-01, -8.6244403617886807e+00,  0.0000000000000000e+00,  9.9534390093404379e-01,  2.4743634749519072e+02, -1.6693704138447780e+00,  0.0000000000000000e+00
 4.9950049950049952e-01,  6.3368689462129112e+02, -4.2627227512957977e-01,  2.9841917555097567e+01, -2.4728791397914694e-02,  1.1135642829251233e-01,  5.8969471694656839e-01,  3.1687740367492637e+02, -1.8746889258808499e+00, -1.4999995633931980e+04,  1.0013556807695272e+01,  2.6459178569839397e+00,  2.9565703365700563e-01,  1.1560658472450825e-02, -5.7559106706380085e-02, -3.8799664258713435e+00,  2.7433066213374302e-01,  5.7857026365525976e-02,  1.4211570940697089e+00, -8.6938320391831265e+00,  0.0000000000000000e+00,  4.2448704454886282e-01,  1.8223257893205925e+02, -1.2222843400513739e+01,  0.0000000000000000e+00
 5.0949050949050945e-01,  6.3368659950939377e+02, -4.3430564650098002e-01,  2.9845648205021835e+01, -2.3698291333456467e-02,  1.1841352416714414e-01,  5.8443508778057196e-01,  3.2321495517889241e+02, -1.8977043749021130e+00, -1.4999995461657227e+04,  1.0013588367807280e+01,  2.6459994325750369e+00,  3.0163307095576281e-01,  1.2159832710945952e-02, -3.4268300152054648e-02, -3.9674278165109222e+00,  2.7433066213374302e-01,  5.9742165932868532e-02,  2.5103171261469499e+00, -8.6084243487770227e+00,  0.0000000000000000e+00, -4.7082103166881585e-02,  3.5817259489805110e+01,  2.9321463019815781e+01,  0.0000000000000000e+00
 5.1948051948051943e-01,  6.3368630643366089e+02, -4.4186844959418081e-01,  2.9849595864779801e+01, -2.2881615512434238e-02,  1.2254540386705998e-01,  5.7983062325953783e-01,  3.2955250883772555e+02, -1.9201440434846349e+00, -1.4999995280029088e+04,  1.0013627393094453e+01,  2.6461460079785675e+00,  3.0756986859931063e-01,  1.2754308141439203e-02, -7.4029203697778519e-03, -4.0519629163563984e+00,  2.7433066213374302e-01,  5.7470331832056756e-02,  2.8615799203465442e+00, -8.0022903224237858e+00,  0.0000000000000000e+00, -4.0773908381560348e-01,  3.4505551908955219e+01,  9.2026569056097529e+01,  0.0000000000000000e+00
 5.2947052947052942e-01,  6.3368601585771773e+02, -4.4909307393204262e-01,  2.9853379765295941e+01, -2.2275808895968578e-02,  1.2340440492619988e-01,  5.7611004475131700e-01,  3.3589006463993172e+02, -1.9420082358180495e+00, -1.4999995093365271e+04,  1.0013671847787597e+01,  2.6463260443207153e+00,  3.1346963260122973e-01,  1.3308091089208824e-02,  2.2906123830893254e-02, -4.1273137370388699e+00,  2.7433066213374302e-01,  5.2142969850856695e-02,  3.0202834995041967e+00, -7.3403044067518062e+00,  0.0000000000000000e+00, -6.5879878482058452e-01, -2.7330953615897826e+00,  4.0503011261424419e+01,  0.0000000000000000e+00
 5.3946053946053951e-01,  6.3368573056800903e+02, -4.5611665045721439e-01,  2.9856607847542804e+01, -2.1868180311487944e-02,  1.2080453695712930e-01,  5.7347421327075299e-01,  3.4222762238394006e+02, -1.9632975835703295e+00, -1.4999994906384018e+04,  1.0013719864537915e+01,  2.6465045257839432e+00,  3.1933632312699300e-01,  1.3796125720876904e-02,  5.2942404295640962e-02, -4.1986223450627289e+00,  2.7433066213374302e-01,  4.4797123363723643e-02,  2.3917411587204813e+00, -6.7754466833641329e+00,  0.0000000000000000e+00, -8.1183968190344402e-01, -1.2310108126330934e+02,  7.2581504960787228e+01,  0.0000000000000000e+00
 5.4945054945054950e-01,  6.3368546108842986e+02, -4.6302335970721981e-01,  2.9859032680233266e+01, -2.1627088618107838e-02,  1.1554986487240641e-01,  5.7172520318411457e-01,  3.4856518176694306e+02, -1.9840127929146878e+00, -1.4999994723512666e+04,  1.0013769816416723e+01,  2.6466482373192441e+00,  3.2517479157391194e-01,  1.4203138509063446e-02,  7.0693159969164851e-02, -4.2626872971460461e+00,  2.7433066213374302e-01,  3.6334960551778435e-02,  1.2974789591055096e+00, -6.0196332842191165e+00,  0.0000000000000000e+00, -8.8228531304802826e-01, -9.5970211099609443e+01,  7.8732337548051746e+01,  0.0000000000000000e+00
 5.5944055944055948e-01,  6.3368522411456206e+02, -4.6982798281935051e-01,  2.9860600291614308e+01, -2.1506665604785761e-02,  1.0891777221329589e-01,  5.7048258597461732e-01,  3.5490274258290628e+02, -2.0041542835120500e+00, -1.4999994547538543e+04,  1.0013820426205724e+01,  2.6467367193748212e+00,  3.3098825696810463e-01,  1.4522098958674675e-02,  7.8866059822224555e-02, -4.3188947383538201e+00,  2.7433066213374302e-01,  2.7693054615364782e-02, -1.1075084142856431e-01, -5.2438160958423659e+00,  0.0000000000000000e+00, -8.4782425542198669e-01, -1.8595739496731227e+02,  7.6586263564973891e+01,  0.0000000000000000e+00
 5.6943056943056947e-01,  6.3368501785399644e+02, -4.7657047607326014e-01,  2.9861445553416740e+01, -2.1473070503202605e-02,  1.0254339328029925e-01,  5.6970166516179899e-01,  3.6124030469221486e+02, -2.0237224688047917e+00, -1.4999994379569662e+04,  1.0013870843862890e+01,  2.6467624532599610e+00,  3.3678062178052576e-01,  1.4756446293586219e-02,  6.8480355944618113e-02, -4.3674588475125269e+00,  2.7433066213374302e-01,  1.9776067227256274e-02, -9.1887155526141717e-01, -4.6556019504161004e+00,  0.0000000000000000e+00, -7.3715661967733703e-01,  2.4171628057974988e+01,  4.1174208349364591e+01,  0.0000000000000000e+00
 5.7942057942057945e-01,  6.3368484118526283e+02, -4.8320014954546164e-01,  2.9861844650970070e+01, -2.1480142497269806e-02,  9.7646535544199928e-02,  5.6876751212555920e-01,  3.6757786804223690e+02, -2.0427177227307753e+00, -1.4999994218426806e+04,  1.0013920611300964e+01,  2.6467358806584413e+00,  3.4255587097449813e-01,  1.4917225177001473e-02,  6.0506987789029416e-02, -4.4119137583421537e+00,  2.7433066213374302e-01,  1.2741965540825136e-02, -2.0014543109087662e-01, -4.2423073073911075e+00,  0.0000000000000000e+00, -6.7107053794617744e-01,  1.1971734200096722e+02,  4.1567379184238852e+01,  0.0000000000000000e+00
 5.8941058941058944e-01,  6.3368470006968107e+02, -4.8967360695082801e-01,  2.9861762672065019e+01, -2.1502846132711861e-02,  9.3058892365717197e-02,  5.6752354702122509e-01,  3.7391543265758349e+02, -2.0611398282796247e+00, -1.4999994062961876e+04,  1.0013969421274204e+01,  2.6466671324503204e+00,  3.4831232366542197e-01,  1.5011031019676631e-02,  6.4481446232512687e-02, -4.4522202322755859e+00,  2.7433066213374302e-01,  6.4687268676669671e-03,  2.9707020906244475e-01, -3.4805008628642664e+00,  0.0000000000000000e+00, -5.8483184442008840e-01, -2.0174770842272235e+01,  1.1094627101003486e+02,  0.0000000000000000e+00
 5.9940059940059942e-01,  6.3368460168758963e+02, -4.9604855415107513e-01,  2.9861132910563615e+01, -2.1534834963310646e-02,  8.8296588806869164e-02,  5.6643490030765697e-01,  3.8025299860632782e+02, -2.0789888013666769e+00, -1.4999993913387920e+04,  1.0014017108121251e+01,  2.6465553484112241e+00,  3.5404928966628590e-01,  1.5046470469062751e-02,  6.6442456501565772e-02, -4.4814542351226585e+00,  2.7433066213374302e-01,  1.3495464959227953e-03,  1.1098958202668723e-01, -2.9616834385571975e+00,  0.0000000000000000e+00, -4.4002806600309524e-01, -1.7078570690286440e+01, -7.0790226637595870e+00,  0.0000000000000000e+00
 6.0939060939060941e-01,  6.3368454424707136e+02, -5.0235931901576891e-01,  2.9860000726217176e+01, -2.1565060561203934e-02,  8.3678593839676227e-02,  5.6564003693382636e-01,  3.8659056598498387e+02, -2.0962650124758295e+00, -1.4999993769817665e+04,  1.0014063744578447e+01,  2.6464001066859240e+00,  3.5976912347537043e-01,  1.5037994985629135e-02,  6.6699020298979964e-02, -4.5113947265524530e+00,  2.7433066213374302e-01, -2.3479687380214935e-03, -3.2690753246094328e-01, -2.6676046904016824e+00,  0.0000000000000000e+00, -3.0021448383255173e-01, -7.0588431630137222e+01,  6.5953588044493785e+01,  0.0000000000000000e+00
 6.1938061938061939e-01,  6.3368452610808049e+02, -5.0855336874978674e-01,  2.9858462241372631e+01, -2.1565610757574454e-02,  7.9662190183459866e-02,  5.6470620262412430e-01,  3.9292813488479601e+02, -2.1129686483692387e+00, -1.4999993631892174e+04,  1.0014109535520186e+01,  2.6462041889843126e+00,  3.6547365393724823e-01,  1.4999558006764620e-02,  5.9910837471377099e-02, -4.5347530301356791e+00,  2.7433066213374302e-01, -4.8553769017981819e-03, -3.3487755884899728e-01, -2.1032067513584667e+00,  0.0000000000000000e+00, -2.0176863055554140e-01,  6.8992832347248807e+01,  4.7038879351957966e+01,  0.0000000000000000e+00
 6.2937062937062938e-01,  6.3368454187085615e+02, -5.1453903554468261e-01,  2.9856614784387336e+01, -2.1512243494039834e-02,  7.6303486172953933e-02,  5.6331474739830223e-01,  3.9926570545060963e+02, -2.1290992396411883e+00, -1.4999993498507274e+04,  1.0014154803853524e+01,  2.6459759167990486e+00,  3.7116040059644534e-01,  1.4940984458120679e-02,  6.0008159982316685e-02, -4.5534168394667081e+00,  2.7433066213374302e-01, -6.3935147309939809e-03,  1.0452103408685884e-01, -1.4619751084455330e+00,  0.0000000000000000e+00, -1.0616656284945776e-01,  1.8974765958509622e+01,  8.1335695559211459e+01,  0.0000000000000000e+00
 6.3936063936063936e-01,  6.3368457748584365e+02, -5.2032047266095804e-01,  2.9854418448522306e+01, -2.1405233965023543e-02,  7.2983886300984596e-02,  5.6179231911019878e-01,  4.0560327770805628e+02, -2.1446562741590354e+00, -1.4999993369132484e+04,  1.0014199971733941e+01,  2.6457184870685264e+00,  3.7682687168173817e-01,  1.4871815454696808e-02,  6.1999169820764886e-02, -4.5639633220127127e+00,  2.7433066213374302e-01, -6.8868199804358373e-03,  1.5913766025774492e-01, -1.3043233037084194e+00,  0.0000000000000000e+00,  7.4068519111980926e-03, -8.0405173990982224e+00, -4.9773804250841295e+01,  0.0000000000000000e+00
 6.4935064935064934e-01,  6.3368462530752379e+02, -5.2593658787906539e-01,  2.9851864169717398e+01, -2.1252048609589669e-02,  6.9611279942967605e-02,  5.6038834302633544e-01,  4.1194085156286422e+02, -2.1596395899411363e+00, -1.4999993243622288e+04,  1.0014245544906544e+01,  2.6454315711156613e+00,  3.8247317975879053e-01,  1.4803385657312771e-02,  6.3187733613840058e-02, -4.5794772451352079e+00,  2.7433066213374302e-01, -6.3031933454122842e-03, -4.4781139194071434e-01, -1.8450340386630066e+00,  0.0000000000000000e+00,  1.0943520042051723e-01, -1.1347068285103332e+02, -5.8476484887067087e+01,  0.0000000000000000e+00
 6.5934065934065933e-01,  6.3368468243090865e+02, -5.3140688795471480e-01,  2.9849055301855792e+01, -2.1059612019374129e-02,  6.6851271821280381e-02,  5.5904196782205406e-01,  4.1827842687602282e+02, -2.1740493072849181e+00, -1.4999993121609514e+04,  1.0014292007598870e+01,  2.6451164384091883e+00,  3.8810078734750231e-01,  1.4745877525717542e-02,  5.3051889262508860e-02, -4.6008271389690165e+00,  2.7433066213374302e-01, -4.7176238844768535e-03, -1.2734709176155483e+00, -1.9707574332569981e+00,  0.0000000000000000e+00,  2.0799580565875606e-01, -5.1826354189068375e+01,  3.3306661289349947e+01,  0.0000000000000000e+00
 6.6933066933066931e-01,  6.3368475028869148e+02, -5.3676162174196262e-01,  2.9846241919112728e+01, -2.0836997447345511e-02,  6.5667704541701330e-02,  5.5785028939915360e-01,  4.2461600359453973e+02, -2.1878858173398266e+00, -1.4999993001459577e+04,  1.0014339841082679e+01,  2.6447846422207668e+00,  3.9371219296101151e-01,  1.4709127437842704e-02,  3.7743759235907039e-02, -4.6188530180274556e+00,  2.7433066213374302e-01, -2.0908826314891722e-03, -1.9147225655683222e+00, -1.1666907270286055e+00,  0.0000000000000000e+00,  3.1787779318937803e-01, -7.6552225731076973e+01,  1.2766749329757435e+02,  0.0000000000000000e+00
 6.7932067932067930e-01,  6.3368483423091004e+02, -5.4200136885724060e-01,  2.9843716759154265e+01, -2.0582205725219852e-02,  6.6762703293658271e-02,  5.5664519896833398e-01,  4.3095358181418760e+02, -2.2011498752764513e+00, -1.4999992880722317e+04,  1.0014389556282138e+01,  2.6444545943913567e+00,  3.9931218308382321e-01,  1.4704101648964511e-02,  1.4795694146258682e-02, -4.6241376430055521e+00,  2.7433066213374302e-01,  1.3096546943927724e-03, -2.1157313520939134e+00,  4.1344419070604196e-02,  0.0000000000000000e+00,  3.6290977945218755e-01,  3.6310266668653718e+01,  1.1418114295148754e+02,  0.0000000000000000e+00
 6.8931068931068928e-01,  6.3368493678820482e+02, -5.4699461391116744e-01,  2.9841785936579985e+01, -2.0276771111071075e-02,  7.0398175979919708e-02,  5.5472474408516004e-01,  4.3729116182245394e+02, -2.2138417073019436e+00, -1.4999992756098474e+04,  1.0014441621344986e+01,  2.6441518754783098e+00,  4.0490142958109432e-01,  1.4735294364803598e-02, -4.5285954512840109e-03, -4.6180269557083626e+00,  2.7433066213374302e-01,  4.6694509199880210e-03, -1.2950374623525287e+00,  8.6754782712927836e-01,  0.0000000000000000e+00,  3.0972142491198157e-01,  1.2799265005757155e+02,  5.1224779341859097e+01,  0.0000000000000000e+00
 6.9930069930069927e-01,  6.3368504911707419e+02, -5.5160763838951243e-01,  2.9840539209142332e+01, -1.9923980343953485e-02,  7.5480942580325061e-02,  5.5185583475768685e-01,  4.4362874398528714e+02, -2.2259607787917304e+00, -1.4999992624759698e+04,  1.0014496322951878e+01,  2.6438986633008059e+00,  4.1047476589591864e-01,  1.4797397371641595e-02, -1.1079180226419199e-02, -4.6068040200858862e+00,  2.7433066213374302e-01,  7.2520419294327503e-03, -2.6695598264360881e-01,  1.0011452977723450e+00,  0.0000000000000000e+00,  2.0731329517885336e-01,  7.7829262180154274e+01, -2.4478565719117153e+01,  0.0000000000000000e+00
 7.0929070929070925e-01,  6.3368515425483452e+02, -5.5575825940536228e-01,  2.9839941301023380e+01, -1.9543077235951872e-02,  8.0974893983155591e-02,  5.4824121951470361e-01,  4.4996632852391184e+02, -2.2375062539597477e+00, -1.4999992485395875e+04,  1.0014553734492265e+01,  2.6437049983735612e+00,  4.1602543289590199e-01,  1.4880190307449607e-02, -9.8623813182891797e-03, -4.5980240526559681e+00,  2.7433066213374302e-01,  8.7684508236461744e-03,  4.3326029241967573e-01,  8.0874127205467683e-01,  0.0000000000000000e+00,  9.6271765442674392e-02,  6.2354036087515368e+01, -1.4040720229560030e+01,  0.0000000000000000e+00
 7.1928071928071924e-01,  6.3368523924247711e+02, -5.5940347801467227e-01,  2.9839862737103093e+01, -1.9154864349946878e-02,  8.5914404722466045e-02,  5.4418639062082874e-01,  4.5630391546696416e+02, -2.2484772577329841e+00, -1.4999992337895936e+04,  1.0014613768798505e+01,  2.6435711692197907e+00,  4.2154748519068780e-01,  1.4972591194291868e-02, -2.4226309273247823e-03, -4.5906453533115670e+00,  2.7433066213374302e-01,  9.2052548358659628e-03,  6.5650658656361816e-01,  8.0994536379529869e-01,  0.0000000000000000e+00, -8.8236021962727739e-03, -1.7660127999898055e+01,  1.4281779396032531e+01,  0.0000000000000000e+00
 7.2927072927072922e-01,  6.3368529632629475e+02, -5.6250171511618574e-01,  2.9840212328099419e+01, -1.8769769639355748e-02,  9.0194977309153740e-02,  5.3976250541136406e-01,  4.6264150467019925e+02, -2.2588729216534542e+00, -1.4999992182941336e+04,  1.0014676229017983e+01,  2.6434909492243119e+00,  4.2703612821804277e-01,  1.5064111482991385e-02,  3.2546333982666218e-03, -4.5818413281046135e+00,  2.7433066213374302e-01,  8.6200528483964620e-03,  5.5375315537093428e-01,  7.9601643768144614e-01,  0.0000000000000000e+00, -1.0833383569512144e-01, -2.9111089248772806e+00, -1.7070350404025803e+01,  0.0000000000000000e+00
 7.3926073926073921e-01,  6.3368532106906343e+02, -5.6500991640298137e-01,  2.9840933287386939e+01, -1.8392022067312417e-02,  9.3906266892667012e-02,  5.3493150769907838e-01,  4.6897909588639686e+02, -2.2686923373418812e+00, -1.4999992021097991e+04,  1.0014740856656479e+01,  2.6434591520467876e+00,  4.3248635092995297e-01,  1.5144820022431657e-02,  8.6413681809855859e-03, -4.5747409289822674e+00,  2.7433066213374302e-01,  7.1614057667824527e-03,  6.7636994778873216e-01,  5.9657070257302547e-01,  0.0000000000000000e+00, -1.8368731004399322e-01,  2.7458990766920891e+01, -2.2858685764679137e+01,  0.0000000000000000e+00
 7.4925074925074930e-01,  6.3368531966612625e+02, -5.6693657216569471e-01,  2.9841964074761623e+01, -1.8031636006692994e-02,  9.7061529152507306e-02,  5.2991814279789018e-01,  4.7531668883162274e+02, -2.2779348342312988e+00, -1.4999991852922603e+04,  1.0014807371549512e+01,  2.6434710632829037e+00,  4.3789413872655936e-01,  1.5207196513296729e-02,  1.6768518468970629e-02, -4.5699218335477099e+00,  2.7433066213374302e-01,  5.1964303455056000e-03,  7.2829553897371002e-01,  4.3238688379509349e-01,  0.0000000000000000e+00, -2.0970076929563083e-01, -1.7063487411688389e+01, -1.0010914754662670e+01,  0.0000000000000000e+00
 7.5924075924075929e-01,  6.3368530968595360e+02, -5.6835972075270602e-01,  2.9843198942225307e+01, -1.7704459031817461e-02,  9.9481404928041042e-02,  5.2520545226574222e-01,  4.8165428331673922e+02, -2.2866003236268697e+00, -1.4999991679335388e+04,  1.0014875505524845e+01,  2.6435197521122236e+00,  4.4325905198719012e-01,  1.5248644804559642e-02,  2.3192727601039805e-02, -4.5661018304049428e+00,  2.7433066213374302e-01,  3.1645276471175383e-03,  4.4438444613297778e-01,  7.1501733619276231e-01,  0.0000000000000000e+00, -1.9708615092166271e-01, -3.9775513375026847e+01,  6.6593531324675624e+01,  0.0000000000000000e+00
 7.6923076923076927e-01,  6.3368530609835773e+02, -5.6928491324678399e-01,  2.9844672951854140e+01, -1.7400396108013080e-02,  1.0184913618440841e-01,  5.2060791721300437e-01,  4.8799187930806443e+02, -2.2946890086829850e+00, -1.4999991501009725e+04,  1.0014945044621401e+01,  2.6436008340073749e+00,  4.4858291907471948e-01,  1.5270423838913463e-02,  2.5647328581517633e-02, -4.5556357728845178e+00,  2.7433066213374302e-01,  1.2448969914988942e-03,  5.7459406441933814e-01,  1.5645258971879856e+00,  0.0000000000000000e+00, -1.8722390633319000e-01,  6.5843478955956186e+01,  1.0347808258656816e+02,  0.0000000000000000e+00
 7.7922077922077926e-01,  6.3368530879230445e+02, -5.6972149262300631e-01,  2.9846325932551157e+01, -1.7110312870172794e-02,  1.0380261345229301e-01,  5.1610770363455016e-01,  4.9432947687103865e+02, -2.3022009445934155e+00, -1.4999991318279341e+04,  1.0015015832927730e+01,  2.6437130027488127e+00,  4.5386614161544231e-01,  1.5273517871322856e-02,  3.4673128488539061e-02, -4.5348425717198682e+00,  2.7433066213374302e-01, -4.9617982317752400e-04,  1.1045659615166332e+00,  2.8237099051569352e+00,  0.0000000000000000e+00, -1.6133967196502910e-01,  4.0256894842922357e+01,  1.4861055580881566e+02,  0.0000000000000000e+00
 7.8921078921078924e-01,  6.3368531353759602e+02, -5.6974765771026770e-01,  2.9848005022350947e+01, -1.6840987264871998e-02,  1.0476379930067151e-01,  5.1212605257724764e-01,  5.0066707597845573e+02, -2.3091363308489847e+00, -1.4999991132272589e+04,  1.0015087766059526e+01,  2.6438485298149876e+00,  4.5911022447673100e-01,  1.5260510156132693e-02,  4.7716578561869935e-02, -4.4992179925617020e+00,  2.7433066213374302e-01, -1.6888620649957585e-03,  1.4325592564211365e+00,  4.2296456729548213e+00,  0.0000000000000000e+00, -7.7435312846981560e-02,  2.5407362796959220e+01,  1.3285778490432122e+02,  0.0000000000000000e+00
 7.9920079920079923e-01,  6.3368531974257803e+02, -5.6951143790801295e-01,  2.9849547761736254e+01, -1.6596048513930282e-02,  1.0443740463445142e-01,  5.0918728108964117e-01,  5.0700467651650325e+02, -2.3154958363767819e+00, -1.4999990944717325e+04,  1.0015160864842667e+01,  2.6439946943364467e+00,  4.6432100585169672e-01,  1.5239774373520743e-02,  6.3295691054395919e-02, -4.4503341666658258e+00,  2.7433066213374302e-01, -1.8709473233777315e-03,  1.5391469681319221e+00,  5.2410427603616503e+00,  0.0000000000000000e+00,  4.0981844118910545e-02, -4.0685029124599295e+00,  6.9623911994526154e+01,  0.0000000000000000e+00
 8.0919080919080921e-01,  6.3368533004996732e+02, -5.6913863337879256e-01,  2.9850772364320903e+01, -1.6364803601287545e-02,  1.0259441417469337e-01,  5.0734358886803077e-01,  5.1334227830210148e+02, -2.3212804144171097e+00, -1.4999990757712745e+04,  1.0015235302272753e+01,  2.6441355211478381e+00,  4.6950691389234001e-01,  1.5223128591230041e-02,  7.8468765737332899e-02, -4.3945018534935372e+00,  2.7433066213374302e-01, -9.9161632804125764e-04,  1.1909784277615918e+00,  5.8063465163142869e+00,  0.0000000000000000e+00,  1.3506022114745161e-01, -6.5634838869680223e+01,  4.3549899947191676e+01,  0.0000000000000000e+00
 8.1918081918081920e-01,  6.3368534931850957e+02, -5.6870034682580983e-01,  2.9851582316819211e+01, -1.6135196452212421e-02,  9.9647346312190230e-02,  5.0628460509381612e-01,  5.1967988112626256e+02, -2.3264908437057943e+00, -1.4999990573226718e+04,  1.0015311311149443e+01,  2.6442557571975538e+00,  4.7467497208694193e-01,  1.5219961859473965e-02,  8.7091463836845295e-02, -4.3343232472589470e+00,  2.7433066213374302e-01,  6.2253103359422783e-04,  7.1820417060761932e-01,  6.2143705743689903e+00,  0.0000000000000000e+00,  1.8809208065197269e-01, -2.9014567412545127e+01,  3.8136516475359976e+01,  0.0000000000000000e+00
 8.2917082917082918e-01,  6.3368537926872125e+02, -5.6821665815194855e-01,  2.9851966490614377e+01, -1.5897902115193818e-02,  9.6176977515288850e-02,  5.0559508591189006e-01,  5.2601748479363243e+02, -2.3311276287575158e+00, -1.4999990392394775e+04,  1.0015389118351649e+01,  2.6443466568694944e+00,  4.7982942558591957e-01,  1.5235566773719436e-02,  9.2818499415806804e-02, -4.2703386052543966e+00,  2.7433066213374302e-01,  2.5078215617833242e-03,  3.1617174095737433e-01,  6.4581395863274365e+00,  0.0000000000000000e+00,  1.8934308309148454e-01, -5.1472325003433966e+01,  1.0666039718720919e+01,  0.0000000000000000e+00
 8.3916083916083917e-01,  6.3368542016637207e+02, -5.6767578033752164e-01,  2.9851942305476335e+01, -1.5649496584777836e-02,  9.2598315803629816e-02,  5.0490455658544098e-01,  5.3235508911419595e+02, -2.3351909936781698e+00, -1.4999990215712762e+04,  1.0015468862025129e+01,  2.6444045178795039e+00,  4.8497138604936557e-01,  1.5270068184384721e-02,  9.3408581538291333e-02, -4.2052894892903669e+00,  2.7433066213374302e-01,  4.2393032492982980e-03, -3.2300912250499574e-02,  6.3967380074193505e+00,  0.0000000000000000e+00,  1.5729955074901333e-01, -1.8291900168782423e+01, -2.2958635816119667e+01,  0.0000000000000000e+00
 8.4915084915084915e-01,  6.3368547579051960e+02, -5.6704891315938177e-01,  2.9851594299877192e+01, -1.5392792876632776e-02,  8.9415382601850099e-02,  5.0398173647720745e-01,  5.3869269396042262e+02, -2.3386810686061215e+00, -1.4999990042985233e+04,  1.0015550586064419e+01,  2.6444312720615795e+00,  4.9009980084305754e-01,  1.5320268137341780e-02,  9.2173126543668951e-02, -4.1425316520592048e+00,  2.7433066213374302e-01,  5.5929118653063378e-03, -2.6141995108065974e-02,  6.3214927307925350e+00,  0.0000000000000000e+00,  1.1369289417579632e-01,  1.9524915380697628e+01,  7.8945314354312774e+00,  0.0000000000000000e+00
 8.5914085914085914e-01,  6.3368554812714945e+02, -5.6633100256564317e-01,  2.9850961425812798e+01, -1.5141828691839580e-02,  8.6577139542474799e-02,  5.0299024057134900e-01,  5.4503029926682746e+02, -2.3415979952117363e+00, -1.4999989873730272e+04,  1.0015634242110375e+01,  2.6444311019890079e+00,  4.9521327542810156e-01,  1.5381814675200032e-02,  9.2886263953714590e-02, -4.0789859382255811e+00,  2.7433066213374302e-01,  6.6355423132377408e-03, -7.0693345997678056e-02,  6.4267223658372412e+00,  0.0000000000000000e+00,  9.5041721500070661e-02, -2.8444095828797970e+01,  1.3172441500518794e+01,  0.0000000000000000e+00
 8.6913086913086912e-01,  6.3368564181683041e+02, -5.6555219444979521e-01,  2.9850069666338722e+01, -1.4913036462673916e-02,  8.4034108968038021e-02,  5.0219702778176345e-01,  5.5136790501942380e+02, -2.3439421772827167e+00, -1.4999989707655293e+04,  1.0015719734061431e+01,  2.6444064533243998e+00,  5.0031331793779776e-01,  1.5452846405338538e-02,  9.0760672078180879e-02, -4.0141256107837355e+00,  2.7433066213374302e-01,  7.4739342211858472e-03, -3.2625231235417368e-01,  6.4865336435189791e+00,  0.0000000000000000e+00,  7.2804338471140442e-02, -2.2718809235772479e+01, -1.1982237086303595e+00,  0.0000000000000000e+00
 8.7912087912087911e-01,  6.3368575984615563e+02, -5.6469801459027191e-01,  2.9849006266927876e+01, -1.4704904185889236e-02,  8.2061665513816523e-02,  5.0143448528133283e-01,  5.5770551128060652e+02, -2.3457139185433165e+00, -1.4999989544205309e+04,  1.0015806920088119e+01,  2.6443615320996656e+00,  5.0540163922017822e-01,  1.5531144030268680e-02,  8.6367736234350484e-02, -3.9493848664270002e+00,  2.7433066213374302e-01,  8.0544047902064118e-03, -4.5934115885773319e-01,  6.5048880353527023e+00,  0.0000000000000000e+00,  4.3405869446776671e-02, -3.9255778342401420e+00,  4.8727729537506974e+00,  0.0000000000000000e+00
 8.8911088911088909e-01,  6.3368589824430899e+02, -5.6376659711027466e-01,  2.9847830566873210e+01, -1.4520111480004639e-02,  8.0611717150293985e-02,  5.0068323093666645e-01,  5.6404311814233859e+02, -2.3469134487761720e+00, -1.4999989382632317e+04,  1.0015895634898909e+01,  2.6443018432080923e+00,  5.1047941527891094e-01,  1.5613773573974031e-02,  8.1583026546557844e-02, -3.8841578178695957e+00,  2.7433066213374302e-01,  8.3019451357740897e-03, -7.4424146786008016e-01,  6.5388524375445343e+00,  0.0000000000000000e+00,  6.1517077358722392e-03, -5.3111464028029758e+01,  1.9269003650584788e+00,  0.0000000000000000e+00
 8.9910089910089908e-01,  6.3368604859060258e+02, -5.6272804736267645e-01,  2.9846645889349965e+01, -1.4357846953981703e-02,  7.9962811988184321e-02,  4.9979845832782233e-01,  5.7038072565494701e+02, -2.3475408765498593e+00, -1.4999989222081309e+04,  1.0015985679920437e+01,  2.6442334119187434e+00,  5.1554719698725004e-01,  1.5697017059954476e-02,  7.1497776836546692e-02, -3.8187384640784581e+00,  2.7433066213374302e-01,  8.1549957615084830e-03, -1.1631657215536821e+00,  6.6185332299932869e+00,  0.0000000000000000e+00, -3.5570972463846648e-02, -3.0757171561429452e+01,  1.4025194283181694e+01,  0.0000000000000000e+00
 9.0909090909090906e-01,  6.3368620344715043e+02, -5.6153045105097887e-01,  2.9845631598383743e+01, -1.4216430905395766e-02,  8.0606234022545284e-02,  4.9859597692117819e-01,  5.7671833385495506e+02, -2.3475961534058185e+00, -1.4999989061053679e+04,  1.0016076832203433e+01,  2.6441672797050511e+00,  5.2060470735164321e-01,  1.5776710552225948e-02,  5.8342952189840931e-02, -3.7519193916959037e+00,  2.7433066213374302e-01,  7.5677155439024119e-03, -1.5009283693042419e+00,  6.6840061331572116e+00,  0.0000000000000000e+00, -8.2002527100888845e-02, -3.6862910518232660e+01, -9.1751906976382525e-01,  0.0000000000000000e+00
 9.1908091908091905e-01,  6.3368635486270898e+02, -5.6009371535625596e-01,  2.9845000121721942e+01, -1.4086665452344721e-02,  8.2955149144757767e-02,  4.9681365753602302e-01,  5.8305594278241858e+02, -2.3470790498830478e+00, -1.4999988897521971e+04,  1.0016168856548964e+01,  2.6441188385779353e+00,  5.2565033228252078e-01,  1.5848220167724754e-02,  4.1509198029269147e-02, -3.6851918879914010e+00,  2.7433066213374302e-01,  6.4524948923708999e-03, -1.5116425161936644e+00,  6.6077398576307740e+00,  0.0000000000000000e+00, -1.4126464733571995e-01,  3.4717938310970332e+01, -1.4350989290629062e+01,  0.0000000000000000e+00
 9.2907092907092903e-01,  6.3368649288708389e+02, -5.5830366169529799e-01,  2.9844955488924782e+01, -1.3962235205633573e-02,  8.7068811871545179e-02,  4.9419158105846317e-01,  5.8939355249338917e+02, -2.3459890452238796e+00, -1.4999988729024861e+04,  1.0016261504091020e+01,  2.6441072518484550e+00,  5.3068016862091194e-01,  1.5905631529096496e-02,  2.8140304513643855e-02, -3.6198966173176665e+00,  2.7433066213374302e-01,  4.6715167203585824e-03, -8.9370384976198036e-01,  6.5140992297958000e+00,  0.0000000000000000e+00, -2.1528718270114611e-01,  8.8993382708652902e+01, -4.3958644019326671e+00,  0.0000000000000000e+00
 9.3906093906093902e-01,  6.3368660465845596e+02, -5.5608361194786526e-01,  2.9845571260664375e+01, -1.3847161297538808e-02,  9.2271691546364415e-02,  4.9086161680187035e-01,  5.9573116298845093e+02, -2.3443254079278892e+00, -1.4999988553553247e+04,  1.0016354472287908e+01,  2.6441483248158217e+00,  5.3568887820489275e-01,  1.5941557165134516e-02,  2.3652977254804013e-02, -3.5550400552282482e+00,  2.7433066213374302e-01,  2.2827771524422404e-03,  3.9107657559331216e-01,  6.6315235107909469e+00,  0.0000000000000000e+00, -2.6293847879570581e-01,  1.6821965844747680e+02,  2.7904205457160987e+01,  0.0000000000000000e+00
 9.4905094905094900e-01,  6.3368668310489397e+02, -5.5347452855813861e-01,  2.9846703512730326e+01, -1.3761080876973003e-02,  9.7058447547544682e-02,  4.8750947989743076e-01,  6.0206877414530140e+02, -2.3420876560071417e+00, -1.4999988370492900e+04,  1.0016447442173451e+01,  2.6442469089485789e+00,  5.4067334680865309e-01,  1.5951241462212225e-02,  3.5954022307716021e-02, -3.4873986450740913e+00,  2.7433066213374302e-01, -4.4125145457333230e-04,  1.5035434151097946e+00,  6.9936603189505835e+00,  0.0000000000000000e+00, -2.8241204832881212e-01,  5.4496202823723060e+01,  4.4595583536398344e+01,  0.0000000000000000e+00
 9.5904095904095898e-01,  6.3368673639020415e+02, -5.5055516396438775e-01,  2.9848037571156773e+01, -1.3709743022866164e-02,  1.0001993577894290e-01,  4.8450716598074023e-01,  6.0840638573255012e+02, -2.3392757450012325e+00, -1.4999988181447967e+04,  1.0016540076255454e+01,  2.6443902900390954e+00,  5.4563373095256240e-01,  1.5932740952255928e-02,  5.3693804729525167e-02, -3.4153065823221427e+00,  2.7433066213374302e-01, -3.3070334589751691e-03,  1.9217369738037744e+00,  7.4324776237837513e+00,  0.0000000000000000e+00, -2.9131750895243635e-01,  2.9226147626813571e+01,  4.3255640891209609e+01,  0.0000000000000000e+00
 9.6903096903096908e-01,  6.3368677876491654e+02, -5.4739980692332468e-01,  2.9849313780684327e+01, -1.3686450117324861e-02,  1.0085380446709842e-01,  4.8199954635031106e-01,  6.1474399750873044e+02, -2.3358897293449932e+00, -1.4999987989007925e+04,  1.0016632082174544e+01,  2.6445580995293692e+00,  5.5057031536288481e-01,  1.5885166867627306e-02,  7.4350365440658761e-02, -3.3388975936498397e+00,  2.7433066213374302e-01, -6.0580252250433926e-03,  1.8847846836253361e+00,  7.8280109615989062e+00,  0.0000000000000000e+00, -2.5943104261441924e-01, -3.6623996120536887e+01,  3.5930133339383978e+01,  0.0000000000000000e+00
 9.7902097902097907e-01,  6.3368682717737954e+02, -5.4410225269230383e-01,  2.9850287075096308e+01, -1.3685519018657531e-02,  9.9549831921482410e-02,  4.8017390369089624e-01,  6.2108160927789277e+02, -2.3319299820410202e+00, -1.4999987796097119e+04,  1.0016723290354696e+01,  2.6447275224931550e+00,  5.5548518608734621e-01,  1.5811701487220095e-02,  9.1351840366395209e-02, -3.2589027669055803e+00,  2.7433066213374302e-01, -8.3128049175588484e-03,  1.3727918963065773e+00,  7.9785356665253602e+00,  0.0000000000000000e+00, -1.9197585182716564e-01, -6.5876959900680362e+01, -5.7950874131169048e+00,  0.0000000000000000e+00
 9.8901098901098905e-01,  6.3368689156476080e+02, -5.4073729580052987e-01,  2.9850845738804747e+01, -1.3698117411838793e-02,  9.6801932765226389e-02,  4.7901553729319474e-01,  6.2741922090827836e+02, -2.3273970471972456e+00, -1.4999987605160655e+04,  1.0016813674385856e+01,  2.6448795525217239e+00,  5.6038178063567845e-01,  1.5719076859284472e-02,  1.0177877495727368e-01, -3.1794862916213611e+00,  2.7433066213374302e-01, -9.8092072835037035e-03,  7.1808913213850079e-01,  7.9497635339488042e+00,  0.0000000000000000e+00, -1.0760390183497692e-01, -6.5194533485768645e+01,  3.4906471290321914e-02,  0.0000000000000000e+00
 9.9900099900099903e-01,  6.3368697477344779e+02, -5.3734977825688623e-01,  2.9850974612628082e+01, -1.3713738812701914e-02,  9.3395936509515567e-02,  4.7835343496191357e-01,  6.3375683231071582e+02, -2.3222915516468041e+00, -1.4999987417677072e+04,  1.0016903315351446e+01,  2.6450028078886159e+00,  5.6526405280707004e-01,  1.5615713329707534e-02,  1.0569927557395765e-01, -3.1000663326608491e+00,  2.7433066213374302e-01, -1.0485415019941900e-02, -1.3040430274295330e-02,  7.9823929646708356e+00,  0.0000000000000000e+00, -2.7772886999950154e-02, -8.1177604909273199e+01,  6.4975055592603743e+00,  0.0000000000000000e+00
 1.0089910089910090e+00,  6.3368707542509719e+02, -5.3395047795034178e-01,  2.9850752128709122e+01, -1.3720788744111014e-02,  9.0175935241020730e-02,  4.7793471439550739e-01,  6.4009444341654830e+02, -2.3166140300746445e+00, -1.4999987234086391e+04,  1.0016992373465259e+01,  2.6450940052061371e+00,  5.7013519532797197e-01,  1.5509578057687231e-02,  1.0151822689984520e-01, -3.0199979206988670e+00,  2.7433066213374302e-01, -1.0429172431476738e-02, -4.2601764236854922e-01,  7.9378098722462207e+00,  0.0000000000000000e+00,  3.9032653210670260e-02, -1.5004329519960089e+00, -1.5423040662677172e+01,  0.0000000000000000e+00
 1.0189810189810189e+00,  6.3368718962012645e+02, -5.3051986424229114e-01,  2.9850302007451067e+01, -1.3710091338306415e-02,  8.7648352277397173e-02,  4.7749417587668846e-01,  6.4643205419483581e+02, -2.3103648902742435e+00, -1.4999987053775807e+04,  1.0017081064421358e+01,  2.6451581889930469e+00,  5.7499719408801242e-01,  1.5407338256151556e-02,  9.7187434567593087e-02, -2.9414687328157707e+00,  2.7433066213374302e-01, -9.8811700615916449e-03, -4.9730066413644947e-01,  7.8255091388444802e+00,  0.0000000000000000e+00,  7.0677421240314162e-02, -1.2770428005938122e+01, -7.0595661643426038e+00,  0.0000000000000000e+00
 1.0289710289710290e+00,  6.3368731239962710e+02, -5.2701339763518973e-01,  2.9849693925895362e+01, -1.3675788045113661e-02,  8.5772141106036148e-02,  4.7681389794328827e-01,  6.5276966461161385e+02, -2.3035442921825191e+00, -1.4999986875902268e+04,  1.0017169581371345e+01,  2.6452020717876388e+00,  5.7984999921537383e-01,  1.5312152082430655e-02,  9.1582149694321741e-02, -2.8636440917509254e+00,  2.7433066213374302e-01, -9.1518787600061175e-03, -7.2907284410772266e-01,  7.6126401838497166e+00,  0.0000000000000000e+00,  7.5326697337108478e-02, -3.3630362424310782e+01, -3.5556798625609169e+01,  0.0000000000000000e+00
 1.0389610389610389e+00,  6.3368744033989208e+02, -5.2336998730104478e-01,  2.9849048197229344e+01, -1.3618572166909761e-02,  8.4826245568437694e-02,  4.7577735138949701e-01,  6.5910727463526359e+02, -2.2961521230716762e+00, -1.4999986699417776e+04,  1.0017258081889130e+01,  2.6452337839316908e+00,  5.8469191626787997e-01,  1.5224483535671914e-02,  8.2620544575430804e-02, -2.7893680298417505e+00,  2.7433066213374302e-01, -8.4014644403891219e-03, -9.2993508271485625e-01,  7.4560285342010211e+00,  0.0000000000000000e+00,  7.4906249450214082e-02, -6.5822577448373965e+00,  4.2031463659402757e+00,  0.0000000000000000e+00
 1.0489510489510490e+00,  6.3368756970131551e+02, -5.1954011294219504e-01,  2.9848503244745505e+01, -1.3545534959615073e-02,  8.4982652071599718e-02,  4.7440443236352176e-01,  6.6544488426722398e+02, -2.2881881704901410e+00, -1.4999986522897660e+04,  1.0017346681709201e+01,  2.6452642736593632e+00,  5.8952150925507463e-01,  1.5144290655050253e-02,  7.3002028161557389e-02, -2.7146724926659900e+00,  2.7433066213374302e-01, -7.6808756864367063e-03, -8.9440580640591361e-01,  7.6531085269798558e+00,  0.0000000000000000e+00,  6.9355619091059556e-02,  1.3695218861887719e+01,  3.5252268188382544e+01,  0.0000000000000000e+00
 1.0589410589410588e+00,  6.3368769650098432e+02, -5.1548920110801910e-01,  2.9848158472554879e+01, -1.3460240803328192e-02,  8.6110906434580123e-02,  4.7274270106406024e-01,  6.7178249351810484e+02, -2.2796521397855085e+00, -1.4999986344918911e+04,  1.0017435462977675e+01,  2.6453042998150171e+00,  5.9433750590206202e-01,  1.5071019485992859e-02,  6.4750298693194777e-02, -2.6364587685634318e+00,  2.7433066213374302e-01, -7.0185655624819456e-03, -5.5374329539476785e-01,  7.8400349833639735e+00,  0.0000000000000000e+00,  6.3238867724683720e-02,  5.4505415842543620e+01,  2.1704083797178173e+00,  0.0000000000000000e+00
 1.0689310689310689e+00,  6.3368781800843647e+02, -5.1121342059917840e-01,  2.9848038646642795e+01, -1.3371119104928565e-02,  8.7722074631943314e-02,  4.7095291659157279e-01,  6.7812010239188817e+02, -2.2705437946634923e+00, -1.4999986164412396e+04,  1.0017524482524154e+01,  2.6453617832780472e+00,  5.9913916773240705e-01,  1.5004059574880784e-02,  6.1938226055767827e-02, -2.5580284370543223e+00,  2.7433066213374302e-01, -6.4620737816083766e-03, -1.3372614645925512e-01,  7.7847335562364179e+00,  0.0000000000000000e+00,  4.8170786806189268e-02,  2.9582017374345050e+01, -1.3241754090636757e+01,  0.0000000000000000e+00
 1.0789210789210790e+00,  6.3368793521562577e+02, -5.0673339064615364e-01,  2.9848084943834241e+01, -1.3289468615234088e-02,  8.9215107292281312e-02,  4.6923004525290885e-01,  6.8445771086578623e+02, -2.2608629693571847e+00, -1.4999985981119438e+04,  1.0017613727102026e+01,  2.6454381441478700e+00,  6.0392641485643972e-01,  1.4941907122723959e-02,  6.2078447615087753e-02, -2.4809196365706945e+00,  2.7433066213374302e-01, -6.0479551459074353e-03, -7.9025655825453081e-02,  7.6880367570955421e+00,  0.0000000000000000e+00,  3.4735764061152592e-02, -1.8630979149458234e+01, -6.1169450973836970e+00,  0.0000000000000000e+00
 1.0889110889110889e+00,  6.3368804923524101e+02, -5.0208798193922721e-01,  2.9848271688678405e+01, -1.3222107914427133e-02,  9.0564066115935746e-02,  4.6767546363452106e-01,  6.9079531890048418e+02, -2.2506096627362333e+00, -1.4999985795249167e+04,  1.0017703135265956e+01,  2.6455311904420897e+00,  6.0870012421782227e-01,  1.4883221310227289e-02,  6.0359291873441093e-02, -2.4044213090404254e+00,  2.7433066213374302e-01, -5.7451310393651072e-03, -5.6715877682053072e-02,  7.7379909235026378e+00,  0.0000000000000000e+00,  2.5889622068621561e-02,  2.3097396733766917e+01,  1.6117769212084276e+01,  0.0000000000000000e+00
 1.0989010989010990e+00,  6.3368815933725068e+02, -4.9731155364621998e-01,  2.9848606719270197e+01, -1.3170799839152232e-02,  9.1885449940225739e-02,  4.6629106646959118e-01,  6.9713292646222590e+02, -2.2397840843802799e+00, -1.4999985606877115e+04,  1.0017792625849909e+01,  2.6456401716477012e+00,  6.1346166746031405e-01,  1.4827119289769611e-02,  6.0945263245815964e-02, -2.3263144233138986e+00,  2.7433066213374302e-01, -5.5043356439838176e-03,  3.8374979429685901e-01,  7.7151853608637690e+00,  0.0000000000000000e+00,  2.2317616086712608e-02,  6.5083830796411320e+01, -2.0683442852385792e+01,  0.0000000000000000e+00
 1.1088911088911089e+00,  6.3368826419865059e+02, -4.9246226653253422e-01,  2.9849001179535097e+01, -1.3139259425228521e-02,  9.2688075489448754e-02,  4.6522936294860262e-01,  7.0347053348814052e+02, -2.2283866598983524e+00, -1.4999985416372048e+04,  1.0017882112576114e+01,  2.6457623204439806e+00,  6.1821302789692389e-01,  1.4773244574083756e-02,  6.8026620430820889e-02, -2.2502717513808097e+00,  2.7433066213374302e-01, -5.3249949956014741e-03,  7.1538204722169885e-01,  7.5215836919251391e+00,  0.0000000000000000e+00,  1.3586381719432619e-02,  1.3089462391416571e+00, -1.8075611269127947e+01,  0.0000000000000000e+00
 1.1188811188811190e+00,  6.3368836590859030e+02, -4.8758330792120147e-01,  2.9849332097751820e+01, -1.3126287963129653e-02,  9.2653158881487313e-02,  4.6449399739392810e-01,  7.0980813987162685e+02, -2.2164178913562482e+00, -1.4999985224765967e+04,  1.0017971488337757e+01,  2.6458897514674340e+00,  6.2295616353163452e-01,  1.4720725783363987e-02,  7.5238610842653098e-02, -2.1760330308678419e+00,  2.7433066213374302e-01, -5.2232637752237963e-03,  7.0855574892033824e-01,  7.4426407072825684e+00,  0.0000000000000000e+00,  6.7802086001784237e-03, -2.6755711590740656e+00,  2.2712257436852847e+00,  0.0000000000000000e+00
 1.1288711288711288e+00,  6.3368846678220734e+02, -4.8271547341679938e-01,  2.9849534960998763e+01, -1.3131941723674958e-02,  9.1936685514531769e-02,  4.6411144786526365e-01,  7.1614574549971042e+02, -2.2038783060300342e+00, -1.4999985033113770e+04,  1.0018060647889312e+01,  2.6460145062882310e+00,  6.2769297919301237e-01,  1.4668883659493870e-02,  8.2183578451207259e-02, -2.1015676413451940e+00,  2.7433066213374302e-01, -5.1207503252653948e-03,  5.4925133682944272e-01,  7.4275034481256634e+00,  0.0000000000000000e+00,  1.3742984081493652e-02, -2.9217172141523218e+01, -5.3017050268976602e+00,  0.0000000000000000e+00
 1.1388611388611389e+00,  6.3368856779502300e+02, -4.7789963861135959e-01,  2.9849556662159539e+01, -1.3154867489789222e-02,  9.0673391464780914e-02,  4.6409871874758435e-01,  7.2248335025637107e+02, -2.1907685117471947e+00, -1.4999984842336527e+04,  1.0018149515963346e+01,  2.6461296691505889e+00,  6.3242609878045630e-01,  1.4618413089552491e-02,  8.6212663526558042e-02, -2.0276313635726240e+00,  2.7433066213374302e-01, -4.9253204806206053e-03,  2.6383442896965370e-01,  7.4150663875434217e+00,  0.0000000000000000e+00,  2.5382070816393165e-02, -2.7923292812006579e+01,  2.8118054983306471e+00,  0.0000000000000000e+00
 1.1488511488511488e+00,  6.3368866869522844e+02, -4.7314948760280939e-01,  2.9849408882782548e+01, -1.3190347098240539e-02,  8.9248215672148468e-02,  4.6434236280374391e-01,  7.2882095402986602e+02, -2.1770890561950678e+00, -1.4999984652956851e+04,  1.0018238047044875e+01,  2.6462313524681833e+00,  6.3715803457525011e-01,  1.4570475657883069e-02,  8.7454995613438100e-02, -1.9534144667689020e+00,  2.7433066213374302e-01, -4.6195018228819100e-03, -7.1561597800345156e-02,  7.3947998899941068e+00,  0.0000000000000000e+00,  3.5842824462893635e-02, -3.9222991747347223e+01, -6.8691583077035716e+00,  0.0000000000000000e+00
 1.1588411588411589e+00,  6.3368876911369864e+02, -4.6847161695287703e-01,  2.9849121175790813e+01, -1.3236960609089002e-02,  8.7924824300552720e-02,  4.6477354533292448e-01,  7.3515855671338988e+02, -2.1628403607711069e+00, -1.4999984465084315e+04,  1.0018326210260494e+01,  2.6463187219900215e+00,  6.4189091052835701e-01,  1.4526115350833571e-02,  8.4782861372704993e-02, -1.8798831140222922e+00,  2.7433066213374302e-01, -4.2177357356416199e-03, -5.1823311063440913e-01,  7.2376824582832029e+00,  0.0000000000000000e+00,  4.4590746202612573e-02, -5.0200645122032434e+01, -2.4585751520817226e+01,  0.0000000000000000e+00
 1.1688311688311688e+00,  6.3368887103184511e+02, -4.6385412973140938e-01,  2.9848787642996076e+01, -1.3290373799685755e-02,  8.7161996242179046e-02,  4.6522978780392982e-01,  7.4149615823781710e+02, -2.1480227291603953e+00, -1.4999984278325901e+04,  1.0018413985402788e+01,  2.6463947732831761e+00,  6.4662650166186042e-01,  1.4486205213614505e-02,  7.7100687708654705e-02, -1.8088054266433635e+00,  2.7433066213374302e-01, -3.8140258636815915e-03, -8.4814034688957174e-01,  6.9720530847760003e+00,  0.0000000000000000e+00,  3.6231970163785036e-02, -1.5846783576251141e+01, -2.8593249055324584e+01,  0.0000000000000000e+00
 1.1788211788211789e+00,  6.3368897689691562e+02, -4.5923869638218612e-01,  2.9848533152778845e+01, -1.3342633009422436e-02,  8.7287435553888751e-02,  4.6540139182169682e-01,  7.4783375860969670e+02, -2.1326362025999668e+00, -1.4999984091698747e+04,  1.0018501344975579e+01,  2.6464671583704185e+00,  6.5136485345685735e-01,  1.4449911037872900e-02,  6.7837000295990282e-02, -1.7405813540867079e+00,  2.7433066213374302e-01, -3.6312749503022808e-03, -7.5963102566818963e-01,  6.7975879032999664e+00,  0.0000000000000000e+00,  3.5476269475300887e-04,  3.3566349684771829e+01, -6.3346802761775454e+00,  0.0000000000000000e+00
 1.1888111888111887e+00,  6.3368908539135089e+02, -4.5457324590464332e-01,  2.9848417991011839e+01, -1.3394674246754563e-02,  8.8063660886515793e-02,  4.6521469715330305e-01,  7.5417135787982670e+02, -2.1166805025311080e+00, -1.4999983904094895e+04,  1.0018588210102349e+01,  2.6465444652180543e+00,  6.5610386757822736e-01,  1.4413652267554519e-02,  6.1923244638361213e-02, -1.6729894845194881e+00,  2.7433066213374302e-01, -3.8195227006051664e-03, -5.2595576629079022e-01,  6.7061516940371106e+00,  0.0000000000000000e+00, -3.8041962305390691e-02,  1.3215437242583556e+01, -1.1970848818246161e+01,  0.0000000000000000e+00
 1.1988011988011988e+00,  6.3368919359658662e+02, -4.4983648547523963e-01,  2.9848464658093494e+01, -1.3450080679454395e-02,  8.9238463102001758e-02,  4.6476752375059682e-01,  7.6050895608549320e+02, -2.1001553241213173e+00, -1.4999983714809452e+04,  1.0018674467331698e+01,  2.6466320582348062e+00,  6.6084134374093384e-01,  1.4373596898000669e-02,  5.7328393576893580e-02, -1.6065923092508017e+00,  2.7433066213374302e-01, -4.3324800645165142e-03, -2.2651977751819458e-01,  6.5910902631784793e+00,  0.0000000000000000e+00, -6.4652101949661200e-02,  4.6731647709690122e+01, -1.1064449639651734e+01,  0.0000000000000000e+00
 1.2087912087912087e+00,  6.3368929774650485e+02, -4.4502567323251441e-01,  2.9848663541721741e+01, -1.3513261398771745e-02,  9.0498845664515146e-02,  4.6420545667487256e-01,  7.6684655323430172e+02, -2.0830604605438530e+00, -1.4999983523439743e+04,  1.0018760001522143e+01,  2.6467329567825439e+00,  6.6557583218247474e-01,  1.4327089229302441e-02,  5.7397374957678007e-02, -1.5412993693710670e+00,  2.7433066213374302e-01, -5.0766910794082000e-03,  2.0081815973094019e-01,  6.4735236955456417e+00,  0.0000000000000000e+00, -8.4338943231654376e-02,  3.8821407327586705e+01, -1.2472377200442397e+01,  0.0000000000000000e+00
 1.2187812187812188e+00,  6.3368939598023860e+02, -4.4015276204254117e-01,  2.9848933622097803e+01, -1.3587142766703787e-02,  9.1352449097066024e-02,  4.6365398890086845e-01,  7.7318414927874107e+02, -2.0653958022817034e+00, -1.4999983330170782e+04,  1.0018844688189898e+01,  2.6468455301061082e+00,  6.7030661132809788e-01,  1.4272164508801704e-02,  6.1340744420668607e-02, -1.4772511764726670e+00,  2.7433066213374302e-01, -6.0037150241095969e-03,  4.2974877327737843e-01,  6.3280892720823276e+00,  0.0000000000000000e+00, -1.0125125049756541e-01,  7.0105015044102537e+00, -1.6643594376913146e+01,  0.0000000000000000e+00
 1.2287712287712287e+00,  6.3368948966723474e+02, -4.3523052657355510e-01,  2.9849185797904621e+01, -1.3671397706937519e-02,  9.1574743148401874e-02,  4.6317393378788385e-01,  7.7952174412906072e+02, -2.0471612742535141e+00, -1.4999983135673176e+04,  1.0018928398615412e+01,  2.6469642968263636e+00,  6.7503316112951262e-01,  1.4207134883166385e-02,  6.5983764034149101e-02, -1.4148640192795121e+00,  2.7433066213374302e-01, -7.0362755403814495e-03,  4.3079976918143437e-01,  6.1839471357014668e+00,  0.0000000000000000e+00, -1.0546736486005946e-01, -6.8000921244182617e+00, -1.2213661326535197e+01,  0.0000000000000000e+00
 1.2387612387612388e+00,  6.3368958077484695e+02, -4.3027211184175673e-01,  2.9849358619319599e+01, -1.3762555296978484e-02,  9.1217726260679505e-02,  4.6279972124751573e-01,  7.8585933768057316e+02, -2.0283568466143986e+00, -1.4999982940710048e+04,  1.0019011037452902e+01,  2.6470830462250818e+00,  6.7975535927169839e-01,  1.4131579582919957e-02,  6.9948132416301656e-02, -1.3536957891459644e+00,  2.7433066213374302e-01, -8.0307143873637535e-03,  2.9108663547131747e-01,  6.1078792902085821e+00,  0.0000000000000000e+00, -9.3619292305797852e-02, -2.1170477244347147e+01, -3.0151213411403757e+00,  0.0000000000000000e+00
 1.2487512487512487e+00,  6.3368967085471979e+02, -4.2528692309529725e-01,  2.9849416408090153e+01, -1.3853328481819357e-02,  9.0444129076217392e-02,  4.6251826912003369e-01,  7.9219692982285085e+02, -2.0089825085173381e+00, -1.4999982745911295e+04,  1.0019092575768839e+01,  2.6471965795114154e+00,  6.8447334745374178e-01,  1.4046681049253024e-02,  7.1799680826782813e-02, -1.2928284690255945e+00,  2.7433066213374302e-01, -8.8170268201760871e-03,  3.3602117593958425e-02,  5.8934119900033375e+00,  0.0000000000000000e+00, -6.3800456743231634e-02, -3.0377923234700162e+01, -3.9921232159949561e+01,  0.0000000000000000e+00
 1.2587412587412588e+00,  6.3368976273791600e+02, -4.2029417516397288e-01,  2.9849367884782222e+01, -1.3940295318669771e-02,  8.9562015716572421e-02,  4.6235560795152258e-01,  7.9853452046113489e+02, -1.9890383273888976e+00, -1.4999982551610126e+04,  1.0019173064296837e+01,  2.6473020918303436e+00,  6.8918766973317169e-01,  1.3955415210888467e-02,  7.0619503397199926e-02, -1.2359452998352085e+00,  2.7433066213374302e-01, -9.2371227314918015e-03, -3.2281462606082223e-01,  5.5747595171998725e+00,  0.0000000000000000e+00, -2.0302744702174278e-02, -4.0976708844986959e+01, -2.3872992895304108e+01,  0.0000000000000000e+00
 1.2687312687312686e+00,  6.3368985876702970e+02, -4.1530415372518925e-01,  2.9849279163816206e+01, -1.4019348838447241e-02,  8.9016469448393837e-02,  4.6225249407395680e-01,  8.0487210955141211e+02, -1.9685245111837411e+00, -1.4999982357707340e+04,  1.0019252607951532e+01,  2.6474003675621920e+00,  6.9389957477203956e-01,  1.3862123152519921e-02,  6.5349838148244910e-02, -1.1814446624881345e+00,  2.7433066213374302e-01, -9.2343581736095311e-03, -4.8903790525855984e-01,  5.4860729502897918e+00,  0.0000000000000000e+00,  2.0856209190204672e-02,  7.6988083495998110e+00,  6.1179421999058867e+00,  0.0000000000000000e+00
 1.2787212787212787e+00,  6.3368995717616531e+02, -4.1031086954441970e-01,  2.9849228758311984e+01, -1.4086268062956979e-02,  8.9006839777518901e-02,  4.6212764097927012e-01,  8.1120969709309020e+02, -1.9474412733136830e+00, -1.4999982163619319e+04,  1.0019331347888548e+01,  2.6474961883803516e+00,  6.9860995875565624e-01,  1.3770912550077088e-02,  6.0848516279146787e-02, -1.1263334526765714e+00,  2.7433066213374302e-01, -8.8649057153624734e-03, -3.5248832823461840e-01,  5.4937709043510834e+00,  0.0000000000000000e+00,  5.3108172950835524e-02,  1.9638416970591926e+01, -4.5768117968229802e+00,  0.0000000000000000e+00
 1.2887112887112888e+00,  6.3369005435148131e+02, -4.0531484885746555e-01,  2.9849242599473058e+01, -1.4141241522299619e-02,  8.9344916560912757e-02,  4.6199524800730324e-01,  8.1754728308255051e+02, -1.9257888131934464e+00, -1.4999981968812848e+04,  1.0019409430226874e+01,  2.6475939694849266e+00,  7.0331945793239659e-01,  1.3685002159205983e-02,  5.8307114307393319e-02, -1.0716790100535463e+00,  2.7433066213374302e-01, -8.2511510348348052e-03, -1.0427797701633604e-01,  5.3050057597388038e+00,  0.0000000000000000e+00,  6.9765514090822392e-02,  3.0053295343308498e+01, -3.3213970154567555e+01,  0.0000000000000000e+00
 1.2987012987012987e+00,  6.3369014693907513e+02, -4.0031758783535137e-01,  2.9849308757852860e+01, -1.4188320795305071e-02,  8.9743480179371685e-02,  4.6187682382409040e-01,  8.2388486748504658e+02, -1.9035672942512860e+00, -1.4999981773041118e+04,  1.0019486967572641e+01,  2.6476958110510758e+00,  7.0802845540107640e-01,  1.3606054387542926e-02,  5.8765040214884330e-02, -1.0203393316028690e+00,  2.7433066213374302e-01, -7.5619163075232388e-03,  7.8610915754802502e-02,  5.0068875396069918e+00,  0.0000000000000000e+00,  6.8219278316953194e-02,  6.5610609894734537e+00, -2.6469297515820056e+01,  0.0000000000000000e+00
 1.3086913086913088e+00,  6.3369023495544752e+02, -3.9532015787956859e-01,  2.9849388712235985e+01, -1.4230789663582138e-02,  8.9964147394886729e-02,  4.6177968066954189e-01,  8.3022245023439928e+02, -1.8807768180647573e+00, -1.4999981576417509e+04,  1.0019564016309143e+01,  2.6478008779685451e+00,  7.1273698356598447e-01,  1.3533914920294430e-02,  5.9877761974821940e-02, -9.7164129697448554e-01,  2.7433066213374302e-01, -6.9180070597480861e-03,  9.8166962844035741e-02,  4.6758146932051012e+00,  0.0000000000000000e+00,  6.0691353087632419e-02, -2.6459403622089601e+00, -3.9811486333837458e+01,  0.0000000000000000e+00
 1.3186813186813187e+00,  6.3369032051814486e+02, -3.9032832644070192e-01,  2.9849465528499753e+01, -1.4272035336898033e-02,  9.0028976871004723e-02,  4.6173669104702741e-01,  8.3656003126648307e+02, -1.8574174631303895e+00, -1.4999981379173401e+04,  1.0019640605857854e+01,  2.6479073790537204e+00,  7.1744503000968718e-01,  1.3467832468267240e-02,  6.0726418093886042e-02, -9.2691646060976018e-01,  2.7433066213374302e-01, -6.3345441924765314e-03,  1.0150193212236892e-01,  4.2863092340052225e+00,  0.0000000000000000e+00,  5.6117912940132797e-02,  3.3136012117312656e+00, -3.8167506597978203e+01,  0.0000000000000000e+00
 1.3286713286713288e+00,  6.3369040490251018e+02, -3.8535636177640903e-01,  2.9849520566059333e+01, -1.4316486493778389e-02,  8.9926563281211944e-02,  4.6180157851532355e-01,  8.4289761052619224e+02, -1.8334893534107319e+00, -1.4999981181524838e+04,  1.0019716749753279e+01,  2.6480136387406685e+00,  7.2215311136947624e-01,  1.3407350600764430e-02,  6.1905772606637502e-02, -8.8600075283851709e-01,  2.7433066213374302e-01, -5.7966401411246654e-03,  4.5052806233367743e-02,  3.8922264359733374e+00,  0.0000000000000000e+00,  5.1570478140510898e-02, -1.4614716214709308e+01, -4.0727869568005282e+01,  0.0000000000000000e+00
 1.3386613386613386e+00,  6.3369048904021690e+02, -3.8041616097502090e-01,  2.9849541872713857e+01, -1.4365766061737251e-02,  8.9701878503334595e-02,  4.6196825097804833e-01,  8.4923518796168469e+02, -1.8089926442532227e+00, -1.4999980983701003e+04,  1.0019792443956613e+01,  2.6481178626777950e+00,  7.2686203624384149e-01,  1.3352015482430583e-02,  6.1626574062584698e-02, -8.4914969865225098e-01,  2.7433066213374302e-01, -5.3152574836069022e-03, -9.4169733038966974e-02,  3.5232445122875133e+00,  0.0000000000000000e+00,  4.4802329894545238e-02, -1.3257636147612185e+01, -3.3142311553896754e+01,  0.0000000000000000e+00
 1.3486513486513487e+00,  6.3369057335760579e+02, -3.7551000829061987e-01,  2.9849547713189260e+01, -1.4420221582844719e-02,  8.9529721239379800e-02,  4.6219201866697718e-01,  8.5557276352935514e+02, -1.7839274714556510e+00, -1.4999980785762644e+04,  1.0019867672804683e+01,  2.6482195878576000e+00,  7.3157246818322730e-01,  1.3301151650043013e-02,  6.0024259459005795e-02, -8.1560625708851686e-01,  2.7433066213374302e-01, -4.8930356904542506e-03, -1.3012487913676643e-01,  3.2740885352705478e+00,  0.0000000000000000e+00,  3.9726473094615800e-02,  6.0594158988326585e+00, -1.6738715044899813e+01,  0.0000000000000000e+00
 1.3586413586413586e+00,  6.3369065708368839e+02, -3.7064562530397427e-01,  2.9849555258291662e+01, -1.4481046138177018e-02,  8.9462144329191987e-02,  4.6248217780642015e-01,  8.6191033719260770e+02, -1.7582939822247103e+00, -1.4999980587606844e+04,  1.0019942415507229e+01,  2.6483196584359678e+00,  7.3628517571072005e-01,  1.3254252531572357e-02,  5.9026676377534421e-02, -7.8373334430119113e-01,  2.7433066213374302e-01, -4.5286488887000343e-03, -6.2488036899107501e-02,  3.1371218619983368e+00,  0.0000000000000000e+00,  3.3223764616578270e-02,  7.4814799171466682e+00, -1.0682012944196771e+01,  0.0000000000000000e+00
 1.3686313686313687e+00,  6.3369073958793285e+02, -3.6582693625381058e-01,  2.9849556408379218e+01, -1.4548232194968305e-02,  8.9389881104272040e-02,  4.6282622261053080e-01,  8.6824790890828911e+02, -1.7320923059624831e+00, -1.4999980389187054e+04,  1.0020016641933530e+01,  2.6484184392877776e+00,  7.4100086853793579e-01,  1.3210669154764291e-02,  5.8775747233249402e-02, -7.5292649960603264e-01,  2.7433066213374302e-01, -4.2595934772462459e-03,  1.3792946502595721e-02,  3.0738534622968032e+00,  0.0000000000000000e+00,  2.0641128756470218e-02,  7.7899729598743237e+00, -1.9843206760502858e+00,  0.0000000000000000e+00
 1.3786213786213786e+00,  6.3369082067618058e+02, -3.6105123857527521e-01,  2.9849538580807319e+01, -1.4620356174179413e-02,  8.9242334329954889e-02,  4.6318032385295665e-01,  8.7458547862351634e+02, -1.7053225032214439e+00, -1.4999980190547802e+04,  1.0020090307163860e+01,  2.6485155292795906e+00,  7.4571978792373472e-01,  1.3169145768790214e-02,  5.9302259724239630e-02, -7.2231769070884744e-01,  2.7433066213374302e-01, -4.1418702867533370e-03,  8.3755986915451733e-02,  2.9958005632310623e+00,  0.0000000000000000e+00,  2.9270539802100457e-03,  6.2166277307794564e+00, -1.3641869716911089e+01,  0.0000000000000000e+00
 1.3886113886113887e+00,  6.3369090096882280e+02, -3.5631253714853284e-01,  2.9849475078301619e+01, -1.4696460288669853e-02,  8.8917357923806034e-02,  4.6351398925815185e-01,  8.8092304627736394e+02, -1.6779845576793571e+00, -1.4999979991834443e+04,  1.0020163354713489e+01,  2.6486096813688285e+00,  7.5044163893049909e-01,  1.3127914503680308e-02,  6.0449193525266419e-02, -6.9307034449652094e-01,  2.7433066213374302e-01, -4.2078028671278696e-03,  2.8113563481720116e-02,  2.8210096588785922e+00,  0.0000000000000000e+00, -1.6126756571191381e-02, -1.7356240902212530e+01, -2.1351269334453384e+01,  0.0000000000000000e+00
 1.3986013986013985e+00,  6.3369098191856074e+02, -3.5160398833134149e-01,  2.9849357369876049e+01, -1.4776600099179856e-02,  8.8492770352422451e-02,  4.6381179595106981e-01,  8.8726061180787781e+02, -1.6500783976193596e+00, -1.4999979793226239e+04,  1.0020235718564807e+01,  2.6486993346286423e+00,  7.5516581495857604e-01,  1.3085073783433014e-02,  5.9863969284313957e-02, -6.6595386136062384e-01,  2.7433066213374302e-01, -4.4101099664324893e-03, -7.9657776801964189e-02,  2.5980719132901382e+00,  0.0000000000000000e+00, -2.4375124709593497e-02, -4.2195814225810757e+00, -2.3280867332355172e+01,  0.0000000000000000e+00
 1.4085914085914086e+00,  6.3369106427947543e+02, -3.4693260867001013e-01,  2.9849204247564376e+01, -1.4862572071552364e-02,  8.8124596228753196e-02,  4.6413355552767210e-01,  8.9359817517132944e+02, -1.6216040088195354e+00, -1.4999979594712366e+04,  1.0020307344654007e+01,  2.6487844615343317e+00,  7.5989220181188910e-01,  1.3039800418436902e-02,  5.8857629553199203e-02, -6.4116081575945527e-01,  2.7433066213374302e-01, -4.6242878479274569e-03, -1.2043537185626606e-01,  2.2911732220538132e+00,  0.0000000000000000e+00, -1.8503287165699041e-02, -3.9440931072901626e+00, -3.8160250653157057e+01,  0.0000000000000000e+00
 1.4185814185814185e+00,  6.3369114738182020e+02, -3.4231605715710339e-01,  2.9849026429426729e+01, -1.4955609871260250e-02,  8.7837003225975097e-02,  4.6455112353783767e-01,  8.9993573633058986e+02, -1.5925614987686232e+00, -1.4999979396213519e+04,  1.0020378202994930e+01,  2.6488656049110828e+00,  7.6462154300627871e-01,  1.2992680419838060e-02,  5.7457668148324627e-02, -6.2017617460630192e-01,  2.7433066213374302e-01, -4.7375971001451375e-03, -1.7453921361518315e-01,  1.8927438641883296e+00,  0.0000000000000000e+00, -4.1812251282806858e-03, -6.8874960128450446e+00, -4.1605306791512824e+01,  0.0000000000000000e+00
 1.4285714285714286e+00,  6.3369123035984546e+02, -3.3777337425643089e-01,  2.9848849414418673e+01, -1.5056348818286634e-02,  8.7723840046586385e-02,  4.6509983917621478e-01,  9.0627329524898630e+02, -1.5629510707751775e+00, -1.4999979197595052e+04,  1.0020448282566550e+01,  2.6489437656698436e+00,  7.6935521310158528e-01,  1.2945143133718718e-02,  5.5370332577870870e-02, -6.0334375553591224e-01,  2.7433066213374302e-01, -4.7029621401563394e-03, -2.0949647353751358e-01,  1.5365727558172526e+00,  0.0000000000000000e+00,  1.1115144118038168e-02, -1.1094742360550790e-01, -2.9700149104376859e+01,  0.0000000000000000e+00
 1.4385614385614385e+00,  6.3369131278888426e+02, -3.3331590768101088e-01,  2.9848697287691493e+01, -1.5163380117266563e-02,  8.7810679354508869e-02,  4.6574751407829812e-01,  9.1261085189540552e+02, -1.5327729663639211e+00, -1.4999978998646047e+04,  1.0020517582428701e+01,  2.6490206014716842e+00,  7.7409475634106084e-01,  1.2898715142312459e-02,  5.3271924421301381e-02, -5.8947542024431887e-01,  2.7433066213374302e-01, -4.5484665576794479e-03, -1.8444599819360299e-01,  1.2927853953058608e+00,  0.0000000000000000e+00,  1.9814871493835425e-02,  5.1260525874564049e+00, -1.9106080470003771e+01,  0.0000000000000000e+00
 1.4485514485514486e+00,  6.3369139367741718e+02, -3.2894941986970033e-01,  2.9848591113865123e+01, -1.5275656956555249e-02,  8.8089816037088445e-02,  4.6646616136488422e-01,  9.1894840624488313e+02, -1.5020273927145551e+00, -1.4999978799140170e+04,  1.0020586099203063e+01,  2.6490979506812176e+00,  7.7884133797678212e-01,  1.2854264681017830e-02,  5.1685097848727955e-02, -5.7751387750782313e-01,  2.7433066213374302e-01, -4.3352564247134207e-03, -1.3556638195572865e-01,  1.1100883021627552e+00,  0.0000000000000000e+00,  2.2869797125963317e-02,  4.6596465833660456e+00, -1.7469877577245995e+01,  0.0000000000000000e+00
 1.4585414585414584e+00,  6.3369147173770978e+02, -3.2467430708140177e-01,  2.9848538627221128e+01, -1.5392042988743866e-02,  8.8488673809966903e-02,  4.6722320633809727e-01,  9.2528595826629783e+02, -1.4707145107163500e+00, -1.4999978598907099e+04,  1.0020653824021467e+01,  2.6491772077704905e+00,  7.8359583745915906e-01,  1.2812096632328174e-02,  5.0563305401206904e-02, -5.6729583378752058e-01,  2.7433066213374302e-01, -4.1338737429392879e-03, -1.0797089279383873e-01,  9.0085427358121539e-01,  0.0000000000000000e+00,  1.7447015765218066e-02,  8.6497034684431973e-01, -2.4418774944778292e+01,  0.0000000000000000e+00
 1.4685314685314685e+00,  6.3369154630513822e+02, -3.2048090371813226e-01,  2.9848545882632575e+01, -1.5510499215473018e-02,  8.8971072268049123e-02,  4.6795456057992646e-01,  9.3162350792193809e+02, -1.4388343812770925e+00, -1.4999978397829982e+04,  1.0020720737684938e+01,  2.6492593230372137e+00,  7.8835852377946192e-01,  1.2771669801039023e-02,  4.9527837253446463e-02, -5.5951479112258407e-01,  2.7433066213374302e-01, -4.0231538977052277e-03, -8.0829235065060470e-02,  6.4104866749283307e-01,  0.0000000000000000e+00,  4.7190972506408737e-03,  4.5687895304570887e+00, -2.7594307394115887e+01,  0.0000000000000000e+00
 1.4785214785214784e+00,  6.3369161677613215e+02, -3.1635504728562230e-01,  2.9848617690454017e+01, -1.5629926880318317e-02,  8.9512849460087876e-02,  4.6860432878384389e-01,  9.3796105517011847e+02, -1.4063869667103530e+00, -1.4999978195807626e+04,  1.0020786807871161e+01,  2.6493451233165199e+00,  7.9312903266556767e-01,  1.2731713937069329e-02,  4.8948335669637265e-02, -5.5448766860284859e-01,  2.7433066213374302e-01, -4.0716306713119814e-03, -4.5518031468563182e-02,  3.8282534697293835e-01,  0.0000000000000000e+00, -1.4424147326713066e-02,  2.5005134295616736e+00, -2.4102001373967060e+01,  0.0000000000000000e+00
 1.4885114885114885e+00,  6.3369168288884180e+02, -3.1227976209711394e-01,  2.9848751285979709e+01, -1.5749113525947107e-02,  9.0067564594473154e-02,  4.6912514334884198e-01,  9.4429859996438063e+02, -1.3733721493363378e+00, -1.4999977992782900e+04,  1.0020851984061524e+01,  2.6494351208703977e+00,  7.9790637730318037e-01,  1.2690318538874947e-02,  4.8618386075253393e-02, -5.5186593304120668e-01,  2.7433066213374302e-01, -4.3146247943417499e-03,  2.8815319041462683e-02,  1.5676330075096523e-01,  0.0000000000000000e+00, -3.4223276103855518e-02,  1.2381023342545301e+01, -2.1155620279671165e+01,  0.0000000000000000e+00
 1.4985014985014986e+00,  6.3369174481431764e+02, -3.0824440371290485e-01,  2.9848936418387130e+01, -1.5869022836573109e-02,  9.0564603346256323e-02,  4.6953318041104752e-01,  9.5063614225520485e+02, -1.3397897872999129e+00, -1.4999977788751210e+04,  1.0020916205219560e+01,  2.6495294710123312e+00,  8.0268928641645898e-01,  1.2645507647472090e-02,  4.9524066319816346e-02, -5.5135553472171039e-01,  2.7433066213374302e-01, -4.7349081904897328e-03,  1.3084212268991868e-01, -7.8717672942331552e-03,  0.0000000000000000e+00, -4.9917459804960339e-02,  8.0447427478752633e+00, -1.1804320342977446e+01,  0.0000000000000000e+00
 1.5084915084915085e+00,  6.3369180342401285e+02, -3.0424809897728478e-01,  2.9849142361003327e+01, -1.5990887738669263e-02,  9.0875353377415924e-02,  4.6988698212732005e-01,  9.5697368198927370e+02, -1.3056397730980978e+00, -1.4999977583873319e+04,  1.0020979404012653e+01,  2.6496270550912406e+00,  8.0747667527992595e-01,  1.2595714978625402e-02,  5.1232614300826193e-02, -5.5202321110902353e-01,  2.7433066213374302e-01, -5.2716316978055544e-03,  1.8724390315223277e-01, -9.8746141310594893e-02,  0.0000000000000000e+00, -5.7534586359667184e-02,  3.2468937006800220e+00, -6.3887293350981835e+00,  0.0000000000000000e+00
 1.5184815184815186e+00,  6.3369185950179758e+02, -3.0029347902798798e-01,  2.9849338102426469e+01, -1.6114248446208859e-02,  9.0944878710993285e-02,  4.7022752062551731e-01,  9.6331121910814022e+02, -1.2709220522366209e+00, -1.4999977378433547e+04,  1.0021041525145462e+01,  2.6497257939262955e+00,  8.1226780858623049e-01,  1.2540180340822629e-02,  5.3265203245934881e-02, -5.5332848459804596e-01,  2.7433066213374302e-01, -5.8504814846096053e-03,  2.2040856388499247e-01, -9.5942877393074014e-02,  0.0000000000000000e+00, -5.8351140958503751e-02,  3.3926713780184699e+00,  6.9499427713858646e+00,  0.0000000000000000e+00
 1.5284715284715285e+00,  6.3369191378977428e+02, -2.9638101891018964e-01,  2.9849491142520730e+01, -1.6236526047339890e-02,  9.0739147383845448e-02,  4.7056290425722375e-01,  9.6964875354698745e+02, -1.2356365977598336e+00, -1.4999977172770596e+04,  1.0021102535377924e+01,  2.6498231713522480e+00,  8.1706211894262637e-01,  1.2478822241670165e-02,  5.5636381811015850e-02, -5.5394015171627775e-01,  2.7433066213374302e-01, -6.4154436565229253e-03,  2.3897685869430346e-01, -3.8346569252573515e-02,  0.0000000000000000e+00, -5.4754285858543070e-02,  3.2470124280559620e-01,  4.5808381183423403e+00,  0.0000000000000000e+00
 1.5384615384615385e+00,  6.3369196720655384e+02, -2.9250574582296635e-01,  2.9849566758285093e+01, -1.6353464338335681e-02,  9.0231945324421081e-02,  4.7087178502498872e-01,  9.7598628523381888e+02, -1.1997833654520491e+00, -1.4999976967255396e+04,  1.0021162432071122e+01,  2.6499163753488819e+00,  8.2185891859743387e-01,  1.2411999648384608e-02,  5.8039965657409473e-02, -5.5409464981787759e-01,  2.7433066213374302e-01, -6.9250658472672800e-03,  1.3872590787116565e-01, -5.7900677665120942e-02,  0.0000000000000000e+00, -4.7272076728476754e-02, -2.0394941597597800e+01, -8.4955706225343377e+00,  0.0000000000000000e+00
 1.5484515484515484e+00,  6.3369202189428233e+02, -2.8866562332197604e-01,  2.9849550590111868e+01, -1.6464123355420753e-02,  8.9540015642960380e-02,  4.7117409324170162e-01,  9.8232381409730397e+02, -1.1633622921773068e+00, -1.4999976762219956e+04,  1.0021221241150148e+01,  2.6500028439210599e+00,  8.2665745294595261e-01,  1.2340459287678811e-02,  5.8408128222028149e-02, -5.5509700841288356e-01,  2.7433066213374302e-01, -7.2973551972000273e-03, -3.1601550275914665e-02, -1.2016808917495284e-01,  0.0000000000000000e+00, -2.7260251128059278e-02, -1.3704615523447695e+01, -3.9703651617340112e+00,  0.0000000000000000e+00
 1.5584415584415585e+00,  6.3369207946753704e+02, -2.8486563846179375e-01,  2.9849462413791297e+01, -1.6569118113688393e-02,  8.8879404931418174e-02,  4.7150706853889662e-01,  9.8866134009118139e+02, -1.1263733990602123e+00, -1.4999976557758293e+04,  1.0021279025119346e+01,  2.6500818771458801e+00,  8.3145778425493455e-01,  1.2266198345743249e-02,  5.7408566051497092e-02, -5.5649561064055397e-01,  2.7433066213374302e-01, -7.4494232188667617e-03, -1.2133060214655443e-01, -1.6893011506886191e-01,  0.0000000000000000e+00, -3.1837668096209052e-03, -4.2591406610543947e+00, -5.7917924222265889e+00,  0.0000000000000000e+00
 1.5684315684315684e+00,  6.3369213951682934e+02, -2.8110817818907663e-01,  2.9849325326476659e+01, -1.6667961974569837e-02,  8.8352492348470049e-02,  4.7186788545169839e-01,  9.9499886318363770e+02, -1.0888167473938331e+00, -1.4999976353770016e+04,  1.0021335867747336e+01,  2.6501542987090199e+00,  8.3626037569194400e-01,  1.2191619662926229e-02,  5.5983940366952138e-02, -5.5847223548718650e-01,  2.7433066213374302e-01, -7.3687576122806265e-03, -1.5425819781176192e-01, -2.8390401918249103e-01,  0.0000000000000000e+00,  1.9333021248165192e-02, -2.3329639911201472e+00, -1.7225983181321968e+01,  0.0000000000000000e+00
 1.5784215784215785e+00,  6.3369220093117963e+02, -2.7739878911166777e-01,  2.9849160069516291e+01, -1.6761376156002896e-02,  8.7988850612068265e-02,  4.7227022737982666e-01,  1.0013363833439362e+03, -1.0506924171368610e+00, -1.4999976150077662e+04,  1.0021391859680188e+01,  2.6502215223328416e+00,  8.4106583998389695e-01,  1.2118970421421958e-02,  5.4326484177136217e-02, -5.6216801861622812e-01,  2.7433066213374302e-01, -7.0692577758461814e-03, -2.0283236457351864e-01, -4.5720017417182135e-01,  0.0000000000000000e+00,  4.0626846006010651e-02, -7.3915841945835510e+00, -1.7467907047541985e+01,  0.0000000000000000e+00
 1.5884115884115884e+00,  6.3369226298076660e+02, -2.7374866935579972e-01,  2.9848997349917131e+01, -1.6851686147103563e-02,  8.7863586159459731e-02,  4.7274886154646578e-01,  1.0076739005420470e+03, -1.0120005316620244e+00, -1.4999975946456421e+04,  1.0021447090344063e+01,  2.6502853332100056e+00,  8.4587510260128029e-01,  1.2050375751320910e-02,  5.1931345670178541e-02, -5.6760710410200810e-01,  2.7433066213374302e-01, -6.5584552371546296e-03, -1.9523398603798228e-01, -5.6276741817890452e-01,  0.0000000000000000e+00,  6.1635822240038052e-02,  8.9127795773979290e+00, -3.6666552026760746e+00,  0.0000000000000000e+00
 1.5984015984015985e+00,  6.3369232459401735e+02, -2.7017195222506862e-01,  2.9848863618852583e+01, -1.6941030718974556e-02,  8.7967293496699253e-02,  4.7332977687654165e-01,  1.0140114147548268e+03, -9.7274127734581128e-01, -1.4999975742622153e+04,  1.0021501645336130e+01,  2.6503480160551165e+00,  8.5068955090784104e-01,  1.1987932354745542e-02,  5.0425705235318391e-02, -5.7341212287554688e-01,  2.7433066213374302e-01, -5.8843571461827376e-03, -9.2041244174332848e-02, -5.8616924107636692e-01,  0.0000000000000000e+00,  7.3318615572534759e-02,  1.1746407343704696e+01, -1.0183897413959055e+00,  0.0000000000000000e+00
 1.6083916083916083e+00,  6.3369238481120624e+02, -2.6667687931760159e-01,  2.9848760574750774e+01, -1.7029911788242567e-02,  8.8168561659772909e-02,  4.7398902472578414e-01,  1.0203489259528562e+03, -9.3291482824015970e-01, -1.4999975538399291e+04,  1.0021555589960522e+01,  2.6504110024608107e+00,  8.5551041242895665e-01,  1.1932806177970606e-02,  5.0092359772589475e-02, -5.7931877725038705e-01,  2.7433066213374302e-01, -5.1571441064727636e-03, -1.3211741889815018e-02, -5.8523429857823250e-01,  0.0000000000000000e+00,  7.2269434977402208e-02,  4.0352590136557795e+00,  1.2055652295224126e+00,  0.0000000000000000e+00
 1.6183816183816184e+00,  6.3369244324996259e+02, -2.6326570559717621e-01,  2.9848681665005671e+01, -1.7118275250206396e-02,  8.8375942915675673e-02,  4.7468851801918549e-01,  1.0266864340972297e+03, -8.9252129490884358e-01, -1.4999975333751383e+04,  1.0021608961138657e+01,  2.6504746247745592e+00,  8.6033834256079555e-01,  1.1884892512458374e-02,  5.0161734368389020e-02, -5.8510511585413294e-01,  2.7433066213374302e-01, -4.4756351468271524e-03, -4.7205795277785751e-03, -6.3942361983879026e-01,  0.0000000000000000e+00,  6.4168658743649090e-02, -2.3353283087760830e+00, -1.2054267345886071e+01,  0.0000000000000000e+00
 1.6283716283716283e+00,  6.3369249969334589e+02, -2.5993894852581922e-01,  2.9848626738263000e+01, -1.7207157549256759e-02,  8.8589652679545883e-02,  4.7540864082493584e-01,  1.0330239391430468e+03, -8.5156074256991210e-01, -1.4999975128691611e+04,  1.0021661774901538e+01,  2.6505388313259939e+00,  8.6517362226543348e-01,  1.1843382898313720e-02,  4.9998042499307185e-02, -5.9209447395046277e-01,  2.7433066213374302e-01, -3.8932922572806976e-03, -5.0218198496564262e-03, -7.1176940652807963e-01,  0.0000000000000000e+00,  5.2416387743551264e-02,  2.2750199963361375e+00, -2.4293591493096618e+00,  0.0000000000000000e+00
 1.6383616383616384e+00,  6.3369255402322517e+02, -2.5669339054557211e-01,  2.9848599116250121e+01, -1.7297349524321003e-02,  8.8823135205444506e-02,  4.7611997912880477e-01,  1.0393614410436426e+03, -8.1003321183651300e-01, -1.4999974923208250e+04,  1.0021714026497664e+01,  2.6506037812282131e+00,  8.7001637387877040e-01,  1.1807104455369848e-02,  5.0061398307456824e-02, -5.9932628281773093e-01,  2.7433066213374302e-01, -3.4496656059012920e-03, -1.0995033267303595e-02, -7.2930361195610749e-01,  0.0000000000000000e+00,  3.6397667862605815e-02, -3.4708573225491013e+00, -1.0809887773815205e+00,  0.0000000000000000e+00
 1.6483516483516483e+00,  6.3369260635463081e+02, -2.5352041196622777e-01,  2.9848600155134282e+01, -1.7388143767042653e-02,  8.9077877512131545e-02,  4.7678760202377912e-01,  1.0456989397527789e+03, -7.6793868518562103e-01, -1.4999974717286883e+04,  1.0021765693752537e+01,  2.6506696759154433e+00,  8.7486631679286353e-01,  1.1774458510583424e-02,  4.9778361514945475e-02, -6.0666597468884653e-01,  2.7433066213374302e-01, -3.1517063037574946e-03, -2.2466143217491508e-02, -7.4127979648506281e-01,  0.0000000000000000e+00,  2.3253784426582446e-02,  1.1743411105214800e+00, -1.3166433653153511e+00,  0.0000000000000000e+00
 1.6583416583416584e+00,  6.3369265649580927e+02, -2.5041801699380112e-01,  2.9848639171509635e+01, -1.7480632012834910e-02,  8.9391075651801349e-02,  4.7743156626182875e-01,  1.0520364352274178e+03, -7.2527713972443830e-01, -1.4999974510877655e+04,  1.0021816751483273e+01,  2.6507370234104748e+00,  8.7972319646247288e-01,  1.1744133300449619e-02,  4.9612524317097353e-02, -6.1413706796228762e-01,  2.7433066213374302e-01, -2.9677079236314912e-03,  2.0162690984076033e-02, -6.9597949246343127e-01,  0.0000000000000000e+00,  1.3582691274643503e-02,  7.3599514966323456e+00,  1.0385764230445991e+01,  0.0000000000000000e+00
 1.6683316683316682e+00,  6.3369270439825038e+02, -2.4738467742045139e-01,  2.9848710091092876e+01, -1.7574471008371312e-02,  8.9691081839368678e-02,  4.7805812119374408e-01,  1.0583739274246234e+03, -6.8204856256393553e-01, -1.4999974303958310e+04,  1.0021867175224639e+01,  2.6508061249121750e+00,  8.8458687930719326e-01,  1.1715163646974404e-02,  5.0181212483658283e-02, -6.2057165885395005e-01,  2.7433066213374302e-01, -2.8791604934827585e-03,  7.9317382177214318e-02, -6.6512802419950079e-01,  0.0000000000000000e+00,  4.1445042411326991e-03,  4.4828176802339446e+00, -4.2093002840070950e+00,  0.0000000000000000e+00
 1.6783216783216783e+00,  6.3369275002854488e+02, -2.4441853670256483e-01,  2.9848800381934453e+01, -1.7669379065751493e-02,  8.9919494084329282e-02,  4.7866551826211723e-01,  1.0647114162967193e+03, -6.3825292540519674e-01, -1.4999974096599313e+04,  1.0021916940181425e+01,  2.6508765527744638e+00,  8.8945710454294757e-01,  1.1686607616264149e-02,  5.1197287197760975e-02, -6.2742633917506485e-01,  2.7433066213374302e-01, -2.8903068304402296e-03,  1.2836570083367582e-01, -7.6553785149995424e-01,  0.0000000000000000e+00, -6.3760009000183833e-03,  5.3366557147896563e+00, -1.5892747141543694e+01,  0.0000000000000000e+00
 1.6883116883116882e+00,  6.3369279345651114e+02, -2.4151551323634682e-01,  2.9848893431557705e+01, -1.7765194976720834e-02,  9.0028123422498330e-02,  4.7923872260983202e-01,  1.0710489017896068e+03, -5.9389018391335435e-01, -1.4999973888931147e+04,  1.0021966015291214e+01,  2.6509474129386597e+00,  8.9433344603279941e-01,  1.1657415258753820e-02,  5.2745961751064392e-02, -6.3586712042238069e-01,  2.7433066213374302e-01, -3.0239198085150582e-03,  1.7421656371086724e-01, -9.1932531368503612e-01,  0.0000000000000000e+00, -2.0373317310562269e-02,  3.8426870332240677e+00, -1.4895502787909722e+01,  0.0000000000000000e+00
 1.6983016983016983e+00,  6.3369283499897517e+02, -2.3866752431046917e-01,  2.9848968522713857e+01, -1.7861878987017150e-02,  8.9976050340563121e-02,  4.7975073212349478e-01,  1.0773863838424541e+03, -5.4896026149962518e-01, -1.4999973681136777e+04,  1.0022014355660032e+01,  2.6510173994703372e+00,  8.9921517355432823e-01,  1.1626189638072040e-02,  5.4678137621554525e-02, -6.4579447731063000e-01,  2.7433066213374302e-01, -3.3067450863300428e-03,  1.9878384577351416e-01, -9.8739424891042893e-01,  0.0000000000000000e+00, -3.6248303308004291e-02,  1.0756828357182666e+00,  1.2681019557838709e+00,  0.0000000000000000e+00
 1.7082917082917084e+00,  6.3369287517837756e+02, -2.3586382716626067e-01,  2.9849004586946769e+01, -1.7958082885391472e-02,  8.9745081184321993e-02,  4.8017883303889242e-01,  1.0837238623890541e+03, -5.0346304623390936e-01, -1.4999973473429169e+04,  1.0022061907473571e+01,  2.6510849614302110e+00,  9.0410124290331306e-01,  1.1591346425860112e-02,  5.6717666961324457e-02, -6.5559527724376809e-01,  2.7433066213374302e-01, -3.7282796771135988e-03,  1.7329391076113496e-01, -9.1389676249301943e-01,  0.0000000000000000e+00, -4.8142921766855466e-02, -6.1787678251970517e+00,  1.3446094824983666e+01,  0.0000000000000000e+00
 1.7182817182817183e+00,  6.3369291470744383e+02, -2.3309465990889894e-01,  2.9848985593285644e+01, -1.8051724750285308e-02,  8.9357206541960776e-02,  4.8052309139067689e-01,  1.0900613373606554e+03, -4.5739840937815640e-01, -1.4999973266016375e+04,  1.0022108628984764e+01,  2.6511485658708893e+00,  9.0899046686319840e-01,  1.1551698535632208e-02,  5.8140553420977799e-02, -6.6405415288491609e-01,  2.7433066213374302e-01, -4.1990210786174917e-03,  4.6381281002700413e-02, -6.9611724215543691e-01,  0.0000000000000000e+00, -4.6099506814223867e-02, -1.9229140652441554e+01,  3.0153365146600379e+01,  0.0000000000000000e+00
 1.7282717282717284e+00,  6.3369295508724690e+02, -2.3036390652136068e-01,  2.9848920526601766e+01, -1.8142439986699215e-02,  8.8965591551077167e-02,  4.8086230496394738e-01,  1.0963988086970053e+03, -4.1076628335781118e-01, -1.4999973059014728e+04,  1.0022154516779826e+01,  2.6512073878220326e+00,  9.1388215844896392e-01,  1.1507449900812809e-02,  5.7644365882457332e-02, -6.6950371365047012e-01,  2.7433066213374302e-01, -4.5423926553850996e-03, -7.8794222600917424e-02, -4.6581797370362038e-01,  0.0000000000000000e+00, -2.2643482854651339e-02, -5.8309951690027493e+00,  1.5952548397453315e+01,  0.0000000000000000e+00
 1.7382617382617382e+00,  6.3369299680222355e+02, -2.2768447928444982e-01,  2.9848837100670849e+01, -1.8230250062070120e-02,  8.8717420358423685e-02,  4.8126897823730680e-01,  1.1027362763599699e+03, -3.6356674984092213e-01, -1.4999972852342817e+04,  1.0022199626538116e+01,  2.6512621783549863e+00,  9.1877684893127043e-01,  1.1460941439620518e-02,  5.6566243279101328e-02, -6.7336120530656685e-01,  2.7433066213374302e-01, -4.6272710271072623e-03, -1.1043732108748247e-01, -4.8567293641675502e-01,  0.0000000000000000e+00,  5.6508328358743981e-03, -5.0395314800757651e-01, -1.9927511932622867e+01,  0.0000000000000000e+00
 1.7482517482517483e+00,  6.3369303900761861e+02, -2.2506705436565613e-01,  2.9848756409705302e+01, -1.8316051564022526e-02,  8.8638569133259765e-02,  4.8176255082291186e-01,  1.1090737403184189e+03, -3.1579995384314008e-01, -1.4999972645832639e+04,  1.0022244037592159e+01,  2.6513143678034155e+00,  9.2367560904938750e-01,  1.1414996933238239e-02,  5.5437826000589552e-02, -6.7920746862383186e-01,  2.7433066213374302e-01, -4.4586480151864909e-03, -1.0699631826762271e-01, -6.5018964869096874e-01,  0.0000000000000000e+00,  2.8107494150663936e-02,  1.1928419125435021e+00, -1.3008733864674728e+01,  0.0000000000000000e+00
 1.7582417582417582e+00,  6.3369308075736876e+02, -2.2252259154923359e-01,  2.9848696345381370e+01, -1.8401835831536924e-02,  8.8723545198622883e-02,  4.8235144192732832e-01,  1.1154112005397074e+03, -2.6746605575590365e-01, -1.4999972439309071e+04,  1.0022287818965685e+01,  2.6513654345656157e+00,  9.2857965772165563e-01,  1.1371857563193215e-02,  5.4428454702325650e-02, -6.8635200747821457e-01,  2.7433066213374302e-01, -4.0978205737186050e-03, -8.8939465243764310e-02, -7.4114466043402394e-01,  0.0000000000000000e+00,  4.4130159631206888e-02,  2.4221400628329515e+00, -5.2004594862849300e+00,  0.0000000000000000e+00
 1.7682317682317683e+00,  6.3369312121940948e+02, -2.2006170252082549e-01,  2.9848670773190481e+01, -1.8488343093350176e-02,  8.8949133321603827e-02,  4.8303567264973118e-01,  1.1217486569880650e+03, -2.1856521669187420e-01, -1.4999972232617298e+04,  1.0022331026770743e+01,  2.6514166981189367e+00,  9.3349022787443670e-01,  1.1333122396300804e-02,  5.3660813708006849e-02, -6.9401555374738877e-01,  2.7433066213374302e-01, -3.6101459518594584e-03, -3.5266768291596973e-02, -8.0363154854806440e-01,  0.0000000000000000e+00,  5.3502299664994368e-02,  8.3231338669909540e+00, -7.3094155141459920e+00,  0.0000000000000000e+00
 1.7782217782217782e+00,  6.3369315977690314e+02, -2.1769161909698859e-01,  2.9848685012130414e+01, -1.8576007678128954e-02,  8.9256077783390481e-02,  4.8379525189206074e-01,  1.1280861096234150e+03, -1.6909757980372600e-01, -1.4999972025646333e+04,  1.0022373704752543e+01,  2.6514691395506897e+00,  9.3840840912783985e-01,  1.1299726774944275e-02,  5.3723823967228808e-02, -7.0240858187477928e-01,  2.7433066213374302e-01, -3.0903752307502221e-03,  7.1982013160889619e-02, -8.5442355042330198e-01,  0.0000000000000000e+00,  5.0555798701074781e-02,  1.3148072179796870e+01, -2.8591432612765741e+00,  0.0000000000000000e+00
 1.7882117882117883e+00,  6.3369319628123367e+02, -2.1540816927181045e-01,  2.9848725824203509e+01, -1.8663615994631875e-02,  8.9520327433721875e-02,  4.8455836834585020e-01,  1.1344235583982986e+03, -1.1906321130050090e-01, -1.4999971818392081e+04,  1.0022415870283510e+01,  2.6515228994904629e+00,  9.4333468344985161e-01,  1.1271376637444656e-02,  5.5099015769163484e-02, -7.1108695335624594e-01,  2.7433066213374302e-01, -2.6730348773207841e-03,  1.5790840414135585e-01, -8.0735541597951832e-01,  0.0000000000000000e+00,  3.2995740055498761e-02,  4.0543912944924765e+00,  1.2282183776922075e+01,  0.0000000000000000e+00
 1.7982017982017982e+00,  6.3369323097896790e+02, -2.1319749060183604e-01,  2.9848771387441246e+01, -1.8749081846703562e-02,  8.9653849640433783e-02,  4.8524947864436591e-01,  1.1407610032562727e+03, -6.8462045149967898e-02, -1.4999971610978337e+04,  1.0022457508313455e+01,  2.6515771120164029e+00,  9.4826848752209447e-01,  1.1246319484688115e-02,  5.6878837036986166e-02, -7.1853955921702739e-01,  2.7433066213374302e-01, -2.4445556655202142e-03,  1.7145593005401480e-01, -6.6307239810910901e-01,  0.0000000000000000e+00,  1.2745798146975337e-02, -1.3421766067781538e+00,  1.6603276400733868e+01,  0.0000000000000000e+00
 1.8081918081918082e+00,  6.3369326421176288e+02, -2.1104821208199059e-01,  2.9848806804372828e+01, -1.8831254084609610e-02,  8.9657090237100487e-02,  4.8585208707523930e-01,  1.1470984441360422e+03, -1.7293949742895585e-02, -1.4999971403567881e+04,  1.0022498595109829e+01,  2.6516306104077567e+00,  9.5320873969157960e-01,  1.1222534366405291e-02,  5.8524708677335606e-02, -7.2433515311866570e-01,  2.7433066213374302e-01, -2.3945836524597234e-03,  1.4271962181389578e-01, -6.0102428039098921e-01,  0.0000000000000000e+00, -2.7414011322651321e-03, -4.4108323028936738e+00, -4.1812432335662617e+00,  0.0000000000000000e+00
 1.8181818181818181e+00,  6.3369329629931212e+02, -2.0895231426966054e-01,  2.9848824253463391e+01, -1.8910968231353183e-02,  8.9568210570296389e-02,  4.8637679134520845e-01,  1.1534358809751186e+03,  3.4441202633106169e-02, -1.4999971196298071e+04,  1.0022539110136494e+01,  2.6516824290884697e+00,  9.5815438845593803e-01,  1.1198475655468141e-02,  5.9730377932368697e-02, -7.3054803634771648e-01,  2.7433066213374302e-01, -2.4746140095545347e-03,  9.6401808977092718e-02, -6.6692940347008378e-01,  0.0000000000000000e+00, -1.3280676358116054e-02, -4.8619938270343042e+00, -9.0129624068684784e+00,  0.0000000000000000e+00
 1.8281718281718282e+00,  6.3369332748767977e+02, -2.0690558834277542e-01,  2.9848824896973884e+01, -1.8990345647487201e-02,  8.9449817493587755e-02,  4.8684745928250933e-01,  1.1597733137136152e+03,  8.6743503058940838e-02, -1.4999970989244282e+04,  1.0022579029414759e+01,  2.6517320959639177e+00,  9.6310466994489630e-01,  1.1173091529051554e-02,  6.0450818746807987e-02, -7.3766041592526077e-01,  2.7433066213374302e-01, -2.6329391945123333e-03,  4.6154368764709852e-02, -7.1204246345044553e-01,  0.0000000000000000e+00, -1.8416025670435238e-02, -5.1975437034847500e+00, -1.8672201199959861e-02,  0.0000000000000000e+00
 1.8381618381618381e+00,  6.3369335791356707e+02, -2.0490819187904319e-01,  2.9848815339038552e+01, -1.9070815717616985e-02,  8.9355852441303882e-02,  4.8729843632320269e-01,  1.1661107422959390e+03,  1.3961299389289270e-01, -1.4999970782416449e+04,  1.0022618328560176e+01,  2.6517796631229373e+00,  9.6805919868766221e-01,  1.1145869477755607e-02,  6.0652543142452810e-02, -7.4477465899407902e-01,  2.7433066213374302e-01, -2.8048039297025691e-03,  3.3403375147110013e-03, -7.1408426414819959e-01,  0.0000000000000000e+00, -1.5991294314649990e-02, -3.3738253527650230e+00, -3.9009629849040212e-01,  0.0000000000000000e+00
 1.8481518481518482e+00,  6.3369338781687122e+02, -2.0296683454818981e-01,  2.9848805337551795e+01, -1.9153971781557502e-02,  8.9322914021770228e-02,  4.8777785610279600e-01,  1.1724481666725853e+03,  1.9304965039812855e-01, -1.4999970575776064e+04,  1.0022656994529459e+01,  2.6518255641634356e+00,  9.7301811322280829e-01,  1.1117051490496058e-02,  6.0517558757091923e-02, -7.5192783379035966e-01,  2.7433066213374302e-01, -2.9284098852647065e-03, -1.2008235050518115e-02, -7.1614234355420059e-01,  0.0000000000000000e+00, -8.7546179888899241e-03,  3.0104112520615250e-01, -2.1931198590990939e-02,  0.0000000000000000e+00
 1.8581418581418581e+00,  6.3369341730599126e+02, -2.0108993003468706e-01,  2.9848802085797740e+01, -1.9240340582695439e-02,  8.9350905320924170e-02,  4.8831285479268655e-01,  1.1787855867989699e+03,  2.4705339388690750e-01, -1.4999970369269722e+04,  1.0022695024521225e+01,  2.6518703414235687e+00,  9.7798197368925954e-01,  1.1087359789738330e-02,  6.0412618366218682e-02, -7.5908319732683027e-01,  2.7433066213374302e-01, -2.9792499247115745e-03,  2.6567826341977428e-03, -7.0844627811786842e-01,  0.0000000000000000e+00, -1.4235579083730764e-03,  2.6348954152739639e+00,  1.5626834989446801e+00,  0.0000000000000000e+00
 1.8681318681318682e+00,  6.3369344625879910e+02, -1.9928315109058631e-01,  2.9848808339585851e+01, -1.9329403613064195e-02,  8.9417074505886249e-02,  4.8889923315801742e-01,  1.1851230026310643e+03,  3.0162413429713858e-01, -1.4999970162862455e+04,  1.0022732421197357e+01,  2.6519143831404661e+00,  9.8295142349256293e-01,  1.1057526017474848e-02,  6.0570641327205764e-02, -7.6608260458192545e-01,  2.7433066213374302e-01, -2.9721842347322277e-03,  3.2439581817536381e-02, -7.1494995477378953e-01,  0.0000000000000000e+00,  2.8381090422383362e-03,  3.3276209812304347e+00, -2.8647195654600686e+00,  0.0000000000000000e+00
 1.8781218781218780e+00,  6.3369347441743275e+02, -1.9754750324633996e-01,  2.9848823428719477e+01, -1.9419593800235772e-02,  8.9494506193814632e-02,  4.8951122164756755e-01,  1.1914604141215204e+03,  3.5676180829748882e-01, -1.4999969956545996e+04,  1.0022769188519099e+01,  2.6519578611341985e+00,  9.8792689661299926e-01,  1.1027975489344080e-02,  6.1060761859076551e-02, -7.7336791170792496e-01,  2.7433066213374302e-01, -2.9445513450924096e-03,  6.2500687877545327e-02, -8.0007709484844480e-01,  0.0000000000000000e+00,  2.6939954636532814e-03,  2.6906124519833581e+00, -1.4177733877485936e+01,  0.0000000000000000e+00
 1.8881118881118881e+00,  6.3369350156011240e+02, -1.9587972250413657e-01,  2.9848844545265862e+01, -1.9510019614157326e-02,  8.9562113910719901e-02,  4.9011592744527044e-01,  1.1977978212185087e+03,  4.1246639793356710e-01, -1.4999969750336477e+04,  1.0022805327095201e+01,  2.6520007569142527e+00,  9.9290847861314635e-01,  1.0998693822767707e-02,  6.1819406319764111e-02, -7.8206816092255371e-01,  2.7433066213374302e-01, -2.9394426196622746e-03,  8.3082040134706464e-02, -8.4791733574664618e-01,  0.0000000000000000e+00, -1.6712286325403062e-03,  1.4297742699003044e+00,  4.6001176496660143e+00,  0.0000000000000000e+00
 1.8981018981018980e+00,  6.3369352757771208e+02, -1.9427435047091199e-01,  2.9848868376382249e+01, -1.9599434394813799e-02,  8.9608601349490710e-02,  4.9068870716811630e-01,  1.2041352238665986e+03,  4.6873792723311491e-01, -1.4999969544263149e+04,  1.0022840828748000e+01,  2.6520429552029721e+00,  9.9789593107545516e-01,  1.0969245367073105e-02,  6.2720742680948807e-02, -7.9030931701754825e-01,  2.7433066213374302e-01, -2.9737794616211373e-03,  9.0663423862832479e-02, -8.2291589450738178e-01,  0.0000000000000000e+00, -5.2030071276239782e-03,  8.8018752470524236e-02,  4.0517088643471966e-01,  0.0000000000000000e+00
 1.9080919080919081e+00,  6.3369355245240774e+02, -1.9272613479863743e-01,  2.9848892301470777e+01, -1.9686352556062357e-02,  8.9633767356161770e-02,  4.9122100554643711e-01,  1.2104726220086493e+03,  5.2557644231218326e-01, -1.4999969338360779e+04,  1.0022875692796671e+01,  2.6520843051771306e+00,  1.0028888432100809e+00,  1.0939277649708343e-02,  6.3630863340000524e-02, -7.9851003693668721e-01,  2.7433066213374302e-01, -3.0344235471377306e-03,  8.7440233477611387e-02, -8.0105094723470693e-01,  0.0000000000000000e+00, -6.9379387927980046e-03, -7.3330146759178816e-01,  3.9721915575547855e+00,  0.0000000000000000e+00
 1.9180819180819180e+00,  6.3369357617014464e+02, -1.9123130143510361e-01,  2.9848915517911035e+01, -1.9770683538494746e-02,  8.9646366239565414e-02,  4.9171790690526529e-01,  1.2168100155870445e+03,  5.8298199054002908e-01, -1.4999969132657410e+04,  1.0022909924193646e+01,  2.6521247141945956e+00,  1.0078868022328182e+00,  1.0908617523973450e-02,  6.4467800292889094e-02, -8.0631433094831162e-01,  2.7433066213374302e-01, -3.1004464498491416e-03,  7.8695431784518488e-02, -7.9313383335243193e-01,  0.0000000000000000e+00, -6.2798463300264822e-03, -1.0174078313654109e+00, -2.3871853583233129e+00,  0.0000000000000000e+00
 1.9280719280719281e+00,  6.3369359877808358e+02, -1.8978824309978509e-01,  2.9848938024294604e+01, -1.9852654849832615e-02,  8.9653752606850018e-02,  4.9219319874911222e-01,  1.2231474045445666e+03,  6.4095460564457085e-01, -1.4999968927173286e+04,  1.0022943533636715e+01,  2.6521641497726978e+00,  1.0128895120477586e+00,  1.0877330667693376e-02,  6.5203199639391501e-02, -8.1435686677389862e-01,  2.7433066213374302e-01, -3.1574693651493600e-03,  6.9044123323122514e-02, -8.4961767547724665e-01,  0.0000000000000000e+00, -5.1361413130841553e-03, -9.1478412260589015e-01, -8.9208798350662946e+00,  0.0000000000000000e+00
 1.9380619380619382e+00,  6.3369362035171855e+02, -1.8839646275715202e-01,  2.9848960543019661e+01, -1.9934117833847412e-02,  8.9662492953704834e-02,  4.9265927900526152e-01,  1.2294847888248339e+03,  6.9949430530380541e-01, -1.4999968721921903e+04,  1.0022976528590904e+01,  2.6522026228551536e+00,  1.0178968248687277e+00,  1.0845531222971464e-02,  6.5847303256388059e-02, -8.2328970907972532e-01,  2.7433066213374302e-01, -3.2109750730748166e-03,  6.1570544254497366e-02, -9.5304964636836720e-01,  0.0000000000000000e+00, -5.5757014135851173e-03, -5.8142640693299719e-01, -1.1786200737333958e+01,  0.0000000000000000e+00
 1.9480519480519480e+00,  6.3369364099063773e+02, -1.8705601149208217e-01,  2.9848983973362152e+01, -2.0016564651082754e-02,  8.9676012620185916e-02,  4.9312369077903340e-01,  1.2358221683723846e+03,  7.5860109715215907e-01, -1.4999968516911058e+04,  1.0023008904630185e+01,  2.6522401773667461e+00,  1.0229087014724183e+00,  1.0813175321577995e-02,  6.6433380343777063e-02, -8.3339881775028957e-01,  2.7433066213374302e-01, -3.2754504601726158e-03,  5.7435979217588730e-02, -1.0752119645759994e+00,  0.0000000000000000e+00, -7.3322710833942711e-03, -2.4631351345611305e-01, -1.2670695367834035e+01,  0.0000000000000000e+00
 1.9580419580419581e+00,  6.3369366080027180e+02, -1.8576650912938775e-01,  2.9849008851747499e+01, -2.0100783300629772e-02,  8.9693995514114139e-02,  4.9358695371977940e-01,  1.2421595431324833e+03,  8.1827498698922640e-01, -1.4999968312146528e+04,  1.0023040648285361e+01,  2.6522768629193156e+00,  1.0279251430674814e+00,  1.0780087657333650e-02,  6.6994875268727494e-02, -8.4477246561471031e-01,  2.7433066213374302e-01, -3.3594316109948775e-03,  5.6153992759378372e-02, -1.1357623380686135e+00,  0.0000000000000000e+00, -9.4807553112225898e-03, -1.0340175477599793e-02,  5.4851059461268081e-01,  0.0000000000000000e+00
 1.9680319680319680e+00,  6.3369367984542384e+02, -1.8452681181283073e-01,  2.9849035479879294e+01, -2.0186248552741360e-02,  8.9715347280447125e-02,  4.9404470385592952e-01,  1.2484969130506624e+03,  8.7851598696464661e-01, -1.4999968107633786e+04,  1.0023071743544056e+01,  2.6523127252996317e+00,  1.0329461252990821e+00,  1.0746053810868806e-02,  6.7555338241067339e-02, -8.5609137195745466e-01,  2.7433066213374302e-01, -3.4524825100314916e-03,  5.6667381785532746e-02, -1.0071031867148554e+00,  0.0000000000000000e+00, -9.1480346759075827e-03,  1.1312065851370474e-01,  2.5209051506409704e+01,  0.0000000000000000e+00
 1.9780219780219781e+00,  6.3369369814388040e+02, -1.8333548133780617e-01,  2.9849063943024451e+01, -2.0270159595015505e-02,  8.9738644847696281e-02,  4.9449294964164231e-01,  1.2548342780722817e+03,  9.3932411716726150e-01, -1.4999967903378951e+04,  1.0023102187690462e+01,  2.6523478041278685e+00,  1.0379715734326715e+00,  1.0711106987802551e-02,  6.8127090689017858e-02, -8.6489440740721490e-01,  2.7433066213374302e-01, -3.5175903685638532e-03,  5.8248712056709603e-02, -8.8346966602541988e-01,  0.0000000000000000e+00, -3.8865586022711917e-03,  2.0346166177590289e-01, -4.5762066438468579e-01,  0.0000000000000000e+00
 1.9880119880119880e+00,  6.3369371566202676e+02, -1.8219083641226727e-01,  2.9849094598426195e+01, -2.0350318088680815e-02,  8.9764916662138219e-02,  4.9492845343695102e-01,  1.2611716381422582e+03,  1.0006994020966606e+00, -1.4999967699387817e+04,  1.0023132006492039e+01,  2.6523821423026881e+00,  1.0430013812325312e+00,  1.0675772285023375e-02,  6.8719148671770827e-02, -8.7374311353638412e-01,  2.7433066213374302e-01, -3.5311786073220454e-03,  6.0888499679130126e-02, -9.1610298357606756e-01,  0.0000000000000000e+00,  1.1661932028811325e-03,  3.2502382023268511e-01, -6.0755695092549784e+00,  0.0000000000000000e+00
 1.9980019980019981e+00,  6.3369373235462933e+02, -1.8109089587367058e-01,  2.9849127773077424e+01, -2.0426872458432797e-02,  8.9794247275525776e-02,  4.9534853791848588e-01,  1.2675089932051176e+03,  1.0626418706781078e+00, -1.4999967495664376e+04,  1.0023161230895262e+01,  2.6524157987899994e+00,  1.0480354124072360e+00,  1.0640553968675238e-02,  6.9343644129160317e-02, -8.8319816332282064e-01,  2.7433066213374302e-01, -3.4996220093540626e-03,  6.4258034071094816e-02, -9.7079324633497677e-01,  0.0000000000000000e+00,  5.1514377103010845e-03,  3.4955696503878259e-01, -4.8734210950807197e+00,  0.0000000000000000e+00
 2.0079920079920082e+00,  6.3369374818870767e+02, -1.8003389908091880e-01,  2.9849163280894484e+01, -2.0499470086836783e-02,  8.9824013853387064e-02,  4.9575352007036538e-01,  1.2738463432050344e+03,  1.1251515538514383e+00, -1.4999967292214737e+04,  1.0023189891343858e+01,  2.6524488195079856e+00,  1.0530735191571223e+00,  1.0605849767353962e-02,  7.0003025476388120e-02, -8.9313958199462562e-01,  2.7433066213374302e-01, -3.4301645742991754e-03,  6.7257323958661117e-02, -1.0638332751479394e+00,  0.0000000000000000e+00,  8.7539407876950793e-03,  2.5090087045183873e-01, -1.3753192673272139e+01,  0.0000000000000000e+00
 2.0179820179820180e+00,  6.3369376313737064e+02, -1.7901804317910852e-01,  2.9849200715873192e+01, -2.0568303199009159e-02,  8.9851951159413940e-02,  4.9614334855939740e-01,  1.2801836880857884e+03,  1.1882284835893999e+00, -1.4999967089048427e+04,  1.0023218020004236e+01,  2.6524812255316146e+00,  1.0581155548219545e+00,  1.0572019211945984e-02,  7.0687446805657042e-02, -9.0445357341568655e-01,  2.7433066213374302e-01, -3.3351764991159717e-03,  6.8903502486107521e-02, -1.2099962654035277e+00,  0.0000000000000000e+00,  1.0262671863989891e-02,  7.8664070742779951e-02, -1.5508637975894301e+01,  0.0000000000000000e+00
 2.0279720279720279e+00,  6.3369377719987233e+02, -1.7804123693324764e-01,  2.9849239607546259e+01, -2.0634349469870153e-02,  8.9876789913909044e-02,  4.9651603864428939e-01,  1.2865210277908263e+03,  1.2518726945680221e+00, -1.4999966886177181e+04,  1.0023245642053302e+01,  2.6525130210233585e+00,  1.0631613592242877e+00,  1.0539212874264733e-02,  7.1379718832753888e-02, -9.1731533155313738e-01,  2.7433066213374302e-01, -3.2323392420311892e-03,  6.8771911546543149e-02, -1.2596705410718116e+00,  0.0000000000000000e+00,  1.0325347004383856e-02, -1.0500857684356596e-01,  5.5638479871037623e+00,  0.0000000000000000e+00
 2.0379620379620378e+00,  6.3369379041631998e+02, -1.7710147899687514e-01,  2.9849279434605485e+01, -2.0697070414224236e-02,  8.9897406258138621e-02,  4.9687104426986872e-01,  1.2928583622634249e+03,  1.3160842239344204e+00, -1.4999966683613484e+04,  1.0023272777137850e+01,  2.6525442048231116e+00,  1.0682107527843410e+00,  1.0507437009307998e-02,  7.2061510972421125e-02, -9.2962181599454363e-01,  2.7433066213374302e-01, -3.1185769848983032e-03,  6.6550072999502857e-02, -1.2271620508691137e+00,  0.0000000000000000e+00,  1.2449856873605721e-02, -3.3980350027359485e-01,  9.4435175147091177e-01,  0.0000000000000000e+00
 2.0479520479520481e+00,  6.3369380288877119e+02, -1.7619722119543926e-01,  2.9849319402525918e+01, -2.0755592475476450e-02,  8.9911903796826120e-02,  4.9721015358264220e-01,  1.2991956914470716e+03,  1.3808631074398776e+00, -1.4999966481372056e+04,  1.0023299456211269e+01,  2.6525747567608304e+00,  1.0732635601599088e+00,  1.0476903643797233e-02,  7.2709390620955758e-02, -9.4183405384822483e-01,  2.7433066213374302e-01, -2.9811330172427419e-03,  6.2117920555195598e-02, -1.2114105489657729e+00,  0.0000000000000000e+00,  1.5066425451037391e-02, -5.4751341907670881e-01,  2.2090989295778769e+00,  0.0000000000000000e+00
 2.0579420579420580e+00,  6.3369381472517443e+02, -1.7532746306423566e-01,  2.9849359110736646e+01, -2.0810039856766029e-02,  8.9921857969779403e-02,  4.9753702646303860e-01,  1.3055330152857084e+03,  1.4462093765311561e+00, -1.4999966279468536e+04,  1.0023325714124992e+01,  2.6526046479305165e+00,  1.0783196300238025e+00,  1.0447873912060391e-02,  7.3302628266231240e-02, -9.5382582296688700e-01,  2.7433066213374302e-01, -2.8184367236292833e-03,  5.6534558916103657e-02, -1.2177963404548613e+00,  0.0000000000000000e+00,  1.7505372530389935e-02, -5.7027558106976362e-01, -3.4875343856881034e+00,  0.0000000000000000e+00
 2.0679320679320679e+00,  6.3369382601981567e+02, -1.7449177948383773e-01,  2.9849398799829544e+01, -2.0861099983988822e-02,  8.9931466295380805e-02,  4.9785653339103225e-01,  1.3118703337238683e+03,  1.5121230551697447e+00, -1.4999966077916124e+04,  1.0023351585180883e+01,  2.6526338703798484e+00,  1.0833788610797364e+00,  1.0420591221746699e-02,  7.3838952237661112e-02, -9.6616564906210789e-01,  2.7433066213374302e-01, -2.6360849006405087e-03,  5.1837213968844872e-02, -1.2112430209966973e+00,  0.0000000000000000e+00,  1.9001462431963202e-02, -3.7013287737145623e-01,  4.7995089412125482e+00,  0.0000000000000000e+00
 2.0779220779220777e+00,  6.3369383683318745e+02, -1.7369019251314119e-01,  2.9849439162690366e+01, -2.0909284682441076e-02,  8.9944649159419188e-02,  4.9817361119880677e-01,  1.3182076467066584e+03,  1.5786041605166550e+00, -1.4999965876723236e+04,  1.0023377098155844e+01,  2.6526624523631743e+00,  1.0884412069533711e+00,  1.0395204883076565e-02,  7.4338336837037319e-02, -9.7802648272706050e-01,  2.7433066213374302e-01, -2.4384159062752664e-03,  4.9460913593169585e-02, -1.1663939286939904e+00,  0.0000000000000000e+00,  2.0571870239947009e-02, -1.0560245783851667e-01,  4.1792793377841360e+00,  0.0000000000000000e+00
 2.0879120879120880e+00,  6.3369384719879508e+02, -1.7292298006395310e-01,  2.9849480737545147e+01, -2.0954980982752398e-02,  8.9962287022313264e-02,  4.9849150158421091e-01,  1.3245449541795494e+03,  1.6456527040047360e+00, -1.4999965675896969e+04,  1.0023402281322674e+01,  2.6526904346370355e+00,  1.0935066697934692e+00,  1.0371871623219720e-02,  7.4827182279482693e-02, -9.8947022306198806e-01,  2.7433066213374302e-01, -2.2272313393682064e-03,  4.9656824724205059e-02, -1.0649141869879242e+00,  0.0000000000000000e+00,  2.1707280054845967e-02,  1.4482386627181831e-01,  1.6136964951770100e+01,  0.0000000000000000e+00
 2.0979020979020979e+00,  6.3369385710239965e+02, -1.7219017506310275e-01,  2.9849524111631293e+01, -2.0997975731119868e-02,  8.9985117741323922e-02,  4.9881068460524264e-01,  1.3308822560879557e+03,  1.7132686958180359e+00, -1.4999965475443860e+04,  1.0023427161031258e+01,  2.6527178617604465e+00,  1.0985752701815810e+00,  1.0350704756415861e-02,  7.5330481187171297e-02, -9.9930348946008618e-01,  2.7433066213374302e-01, -2.0069789361942822e-03,  5.2257440102981487e-02, -9.9475853621695043e-01,  0.0000000000000000e+00,  2.2387251060583101e-02,  3.7581933255900102e-01, -2.0918036674169755e+00,  0.0000000000000000e+00
 2.1078921078921078e+00,  6.3369386650259412e+02, -1.7149114509717245e-01,  2.9849569825966476e+01, -2.1039165348469731e-02,  9.0013025839389055e-02,  4.9912713246239815e-01,  1.3372195523768755e+03,  1.7814521491370123e+00, -1.4999965275369515e+04,  1.0023451762996221e+01,  2.6527447864979865e+00,  1.1036470162641536e+00,  1.0331772143975080e-02,  7.5871286976844948e-02, -1.0093455184908979e+00,  2.7433066213374302e-01, -1.7948643294740780e-03,  5.6408774061984961e-02, -9.3033999704506498e-01,  0.0000000000000000e+00,  2.0078093204802274e-02,  4.5527772603350380e-01,  1.4988395209628596e+01,  0.0000000000000000e+00
 2.1178821178821177e+00,  6.3369387539238164e+02, -1.7082470056572802e-01,  2.9849617648687094e+01, -2.1078677083379693e-02,  9.0041577709979920e-02,  4.9943632805233645e-01,  1.3435568429907364e+03,  1.8502030843724950e+00, -1.4999965075681357e+04,  1.0023476099705482e+01,  2.6527712490978184e+00,  1.1087218617422565e+00,  1.0314843331251544e-02,  7.6457529619978176e-02, -1.0178917011892581e+00,  2.7433066213374302e-01, -1.5980326163654306e-03,  6.0095281033990498e-02, -8.1736574332226608e-01,  0.0000000000000000e+00,  1.9327615759541440e-02,  2.8276096976226922e-01,  7.6290503856720155e+00,  0.0000000000000000e+00
 2.1278721278721280e+00,  6.3369388378981296e+02, -1.7018971301205377e-01,  2.9849666817159886e+01, -2.1115197565036922e-02,  9.0066314338109563e-02,  4.9973697971542191e-01,  1.3498941278734596e+03,  1.9195215268659627e+00, -1.4999964876392240e+04,  1.0023500191432454e+01,  2.6527972462786971e+00,  1.1137997243569644e+00,  1.0299843420371374e-02,  7.7071991892609007e-02, -1.0256765023734609e+00,  2.7433066213374302e-01, -1.4025933788186836e-03,  6.1480012586703214e-02, -8.1845671355496363e-01,  0.0000000000000000e+00,  1.9799319597316876e-02, -5.5377129091864104e-03, -7.8474626262580474e+00,  0.0000000000000000e+00
 2.1378621378621379e+00,  6.3369389173348281e+02, -1.6958521584136724e-01,  2.9849716571361988e+01, -2.1148812620788979e-02,  9.0085438036516863e-02,  5.0002918384152062e-01,  1.3562314069685406e+03,  1.9894075038623893e+00, -1.4999964677518567e+04,  1.0023524065019261e+01,  2.6528227454450706e+00,  1.1188805109044495e+00,  1.0286819487518903e-02,  7.7685901499832399e-02, -1.0342444826788679e+00,  2.7433066213374302e-01, -1.2079552102628088e-03,  6.0304134731187779e-02, -8.9348844042289199e-01,  0.0000000000000000e+00,  1.9167241747575073e-02, -2.2987303376528023e-01, -7.1738890926974062e+00,  0.0000000000000000e+00
 2.1478521478521477e+00,  6.3369389925887151e+02, -1.6901057344534959e-01,  2.9849766740737230e+01, -2.1180388150962084e-02,  9.0101742499022350e-02,  5.0031458091164593e-01,  1.3625686802193445e+03,  2.0598610414265632e+00, -1.4999964479076687e+04,  1.0023547741484402e+01,  2.6528477139812203e+00,  1.1239641360744534e+00,  1.0275708451135354e-02,  7.8276869709415942e-02, -1.0435284192650269e+00,  2.7433066213374302e-01, -1.0226351773195449e-03,  5.8075503167393100e-02, -9.1730768445550792e-01,  0.0000000000000000e+00,  1.7933828847661430e-02, -2.1629900530615240e-01,  2.4052764373634679e+00,  0.0000000000000000e+00
 2.1578421578421580e+00,  6.3369390640029724e+02, -1.6846565393624183e-01,  2.9849817655296587e+01, -2.1210306573760516e-02,  9.0118352522946657e-02,  5.0059639792857669e-01,  1.3689059475692313e+03,  2.1308821613483344e+00, -1.4999964281078332e+04,  1.0023571236295238e+01,  2.6528721556508938e+00,  1.1290505456939022e+00,  1.0266387216243787e-02,  7.8846251213466639e-02, -1.0525723085421150e+00,  2.7433066213374302e-01, -8.4389928799130144e-04,  5.5975193814159337e-02, -8.5406991302897184e-01,  0.0000000000000000e+00,  1.7849096195852565e-02, -2.0418292721124146e-01,  1.0254925402228924e+01,  0.0000000000000000e+00
 2.1678321678321679e+00,  6.3369391324429591e+02, -1.6795102156556446e-01,  2.9849869096377969e+01, -2.1237981775000317e-02,  9.0133838895352356e-02,  5.0087953765291182e-01,  1.3752432089618483e+03,  2.2024708794813956e+00, -1.4999964083536248e+04,  1.0023594567955412e+01,  2.6528960670382884e+00,  1.1341397257013652e+00,  1.0258847326500163e-02,  7.9395255200208348e-02, -1.0605927531916799e+00,  2.7433066213374302e-01, -6.5399656523292536e-04,  5.4008667667395503e-02, -8.0232763205401569e-01,  0.0000000000000000e+00,  2.0169428900377723e-02, -1.8951560737112369e-01,  1.0387924896075391e-01,  0.0000000000000000e+00
 2.1778221778221778e+00,  6.3369391984284607e+02, -1.6746771863788334e-01,  2.9849921194886619e+01, -2.1262765907671146e-02,  9.0149444630832368e-02,  5.0116898671870247e-01,  1.3815804643411452e+03,  2.2746272043883846e+00, -1.4999963886463851e+04,  1.0023617765569625e+01,  2.6529194366370432e+00,  1.1392317143807149e+00,  1.0253320351803569e-02,  7.9925345472555448e-02, -1.0686028306610762e+00,  2.7433066213374302e-01, -4.4013432212286257e-04,  5.2261842610778729e-02, -8.5439747440506075e-01,  0.0000000000000000e+00,  2.2645792170257341e-02, -1.6019876896355834e-01, -1.0528261687640095e+01,  0.0000000000000000e+00
 2.1878121878121877e+00,  6.3369392625803505e+02, -1.6701677045852176e-01,  2.9849973886076430e+01, -2.1285410092481187e-02,  9.0164626935243616e-02,  5.0146696389999190e-01,  1.3879177136512149e+03,  2.3473511406299106e+00, -1.4999963689874558e+04,  1.0023640859823518e+01,  2.6529422502982607e+00,  1.1443265873733550e+00,  1.0250053433950256e-02,  8.0439447859764354e-02, -1.0776636318011714e+00,  2.7433066213374302e-01, -2.1373219930567150e-04,  5.0601844610752587e-02, -9.3831676595940816e-01,  0.0000000000000000e+00,  2.2679912817742884e-02, -1.7213283064144622e-01, -6.2723804815443511e+00,  0.0000000000000000e+00
 2.1978021978021980e+00,  6.3369393255662487e+02, -1.6659901272921684e-01,  2.9850026950031381e+01, -2.1306961448038425e-02,  9.0178266786434702e-02,  5.0177353155136017e-01,  1.3942549568362642e+03,  2.4206426926601838e+00, -1.4999963493782465e+04,  1.0023663870226407e+01,  2.6529644854184604e+00,  1.1494244282282471e+00,  1.0249049978191068e-02,  8.0936371338904162e-02, -1.0873504183925331e+00,  2.7433066213374302e-01,  6.7020344527093744e-06,  4.8465998660757195e-02, -1.0150805206900098e+00,  0.0000000000000000e+00,  2.1451020780684504e-02, -2.5546352854762672e-01, -9.0957232155219163e+00,  0.0000000000000000e+00
 2.2077922077922079e+00,  6.3369393881635506e+02, -1.6621507796243429e-01,  2.9850079985008279e+01, -2.1328051406502180e-02,  9.0189144022469400e-02,  5.0208745652868070e-01,  1.4005921938406198e+03,  2.4945018668076049e+00, -1.4999963298203205e+04,  1.0023686809878937e+01,  2.6529861046934573e+00,  1.1545253147759713e+00,  1.0250187340732528e-02,  8.1407799481357915e-02, -1.0979449608858871e+00,  2.7433066213374302e-01,  2.0051271598222134e-04,  4.5667769255780997e-02, -1.0930124246632769e+00,  0.0000000000000000e+00,  1.7349877661523259e-02, -3.0474199832881843e-01, -6.5062439599214468e+00,  0.0000000000000000e+00
 2.2177822177822177e+00,  6.3369394508873972e+02, -1.6586479054353129e-01,  2.9850132996383564e+01, -2.1350608937514597e-02,  9.0198871687759002e-02,  5.0240369501200821e-01,  1.4069294246086606e+03,  2.5689286743093387e+00, -1.4999963103150825e+04,  1.0023709676544375e+01,  2.6530070801090253e+00,  1.1596292940235418e+00,  1.0253056226262641e-02,  8.1848814281077598e-02, -1.1091888284757152e+00,  2.7433066213374302e-01,  3.4369832230546202e-04,  4.2788104705717867e-02, -1.0720474808271090e+00,  0.0000000000000000e+00,  1.1315880724389861e-02, -2.7176684459382727e-01,  1.0703425715922332e+01,  0.0000000000000000e+00
 2.2277722277722276e+00,  6.3369395142087399e+02, -1.6554778751153185e-01,  2.9850186133796100e+01, -2.1374417747217676e-02,  9.0208893141341423e-02,  5.0271895097304020e-01,  1.4132666490847917e+03,  2.6439231323864885e+00, -1.4999962908636215e+04,  1.0023732455169577e+01,  2.6530274065573756e+00,  1.1647363696100084e+00,  1.0257054440079291e-02,  8.2262706668285335e-02, -1.1193644909723426e+00,  2.7433066213374302e-01,  4.3543597172566908e-04,  4.0687503046797212e-02, -1.0399814860098699e+00,  0.0000000000000000e+00,  7.0499966895374308e-03, -1.4877360752190441e-01, -4.2838135535154525e+00,  0.0000000000000000e+00
 2.2377622377622379e+00,  6.3369395782976608e+02, -1.6526355502818812e-01,  2.9850239896303570e+01, -2.1399347148732876e-02,  9.0221618854170876e-02,  5.0303033263031804e-01,  1.4196038672134703e+03,  2.7194852605317488e+00, -1.4999962714666925e+04,  1.0023755135326342e+01,  2.6530471033238419e+00,  1.1698465216399674e+00,  1.0261756245677739e-02,  8.2661751404889738e-02, -1.1299676793450435e+00,  2.7433066213374302e-01,  4.7948663319207673e-04,  4.0236516682835385e-02, -1.0982557027214781e+00,  0.0000000000000000e+00,  1.7689457360372872e-03,  5.8486137456746717e-02, -7.3826846321483677e+00,  0.0000000000000000e+00
 2.2477522477522478e+00,  6.3369396430287509e+02, -1.6501116206404540e-01,  2.9850294964587260e+01, -2.1426607843106668e-02,  9.0239035540231632e-02,  5.0333513851163958e-01,  1.4259410789390158e+03,  2.7956150810017264e+00, -1.4999962521246984e+04,  1.0023777698100453e+01,  2.6530662173254780e+00,  1.1749597033447174e+00,  1.0266634592590621e-02,  8.3066633075534801e-02, -1.1413076618558888e+00,  2.7433066213374302e-01,  4.6701267385932445e-04,  4.1822891841793823e-02, -1.1332039264170977e+00,  0.0000000000000000e+00, -4.2662323944565352e-03,  2.5910616936655528e-01,  3.8605024829047091e-01,  0.0000000000000000e+00
 2.2577422577422577e+00,  6.3369397083700244e+02, -1.6478984777047148e-01,  2.9850351615359084e+01, -2.1456453922971432e-02,  9.0259341404498455e-02,  5.0363333183169712e-01,  1.4322782842054489e+03,  2.8723126179163039e+00, -1.4999962328378899e+04,  1.0023800115765482e+01,  2.6530848055029397e+00,  1.1800758552593686e+00,  1.0271087168232371e-02,  8.3497373619510984e-02, -1.1526091164362939e+00,  2.7433066213374302e-01,  3.9755204975611027e-04,  4.4104866004345142e-02, -1.1532296988165998e+00,  0.0000000000000000e+00, -9.6397845510071082e-03,  1.9774505797622419e-01, -4.3952098826708417e+00,  0.0000000000000000e+00
 2.2677322677322675e+00,  6.3369397749333416e+02, -1.6459877064115908e-01,  2.9850409103818365e+01, -2.1489297123685604e-02,  9.0276550562478783e-02,  5.0392440128736238e-01,  1.4386154829565307e+03,  2.9495778964618644e+00, -1.4999962136070702e+04,  1.0023822358792287e+01,  2.6531028789947801e+00,  1.1851949108933537e+00,  1.0274577690487846e-02,  8.3947849179517711e-02, -1.1643492142797967e+00,  2.7433066213374302e-01,  2.7281648771655215e-04,  4.4575334764607108e-02, -1.2372810186706764e+00,  0.0000000000000000e+00, -1.5332274969310824e-02, -1.0355721217157562e-01, -1.2431864352120456e+01,  0.0000000000000000e+00
 2.2777222777222779e+00,  6.3369398436243227e+02, -1.6443688711964885e-01,  2.9850466338187523e+01, -2.1525539412923653e-02,  9.0286413062881640e-02,  5.0420735306480946e-01,  1.4449526751359133e+03,  3.0274109448210726e+00, -1.4999961944336183e+04,  1.0023844391761209e+01,  2.6531203991374488e+00,  1.1903167860167834e+00,  1.0276538047107826e-02,  8.4387989698723923e-02, -1.1773300159102338e+00,  2.7433066213374302e-01,  8.6532333524875311e-05,  4.2022562041503397e-02, -1.4154193094776630e+00,  0.0000000000000000e+00, -2.1961812699862481e-02, -4.0750788699378160e-01, -2.3231421467437901e+01,  0.0000000000000000e+00
 2.2877122877122877e+00,  6.3369399152631877e+02, -1.6430233667685076e-01,  2.9850522902601881e+01, -2.1566403851696791e-02,  9.0291107285345062e-02,  5.0447667915489802e-01,  1.4512898606872809e+03,  3.1058117952672863e+00, -1.4999961753189446e+04,  1.0023866170086515e+01,  2.6531373194207726e+00,  1.1954413683160028e+00,  1.0276306608240591e-02,  8.4787460808718587e-02, -1.1926293203632667e+00,  2.7433066213374302e-01, -1.6884679925490391e-04,  3.7448894300958602e-02, -1.5606392981687947e+00,  0.0000000000000000e+00, -2.9165089682649321e-02, -5.0814039466346628e-01, -5.8416202685196428e+00,  0.0000000000000000e+00
 2.2977022977022976e+00,  6.3369399906139233e+02, -1.6419258935305148e-01,  2.9850578740011905e+01, -2.1611192741374585e-02,  9.0293122193105535e-02,  5.0472711744158105e-01,  1.4576270395546792e+03,  3.1847804875030987e+00, -1.4999961562638919e+04,  1.0023887641905448e+01,  2.6531536343793563e+00,  1.2005684896667270e+00,  1.0273164484685151e-02,  8.5136219355086723e-02, -1.2085116202692503e+00,  2.7433066213374302e-01, -4.8257137673615610e-04,  3.2505532326670104e-02, -1.6127572161826105e+00,  0.0000000000000000e+00, -3.3642570729098098e-02, -4.8152067258910253e-01, -4.5923869178463921e+00,  0.0000000000000000e+00
 2.3076923076923075e+00,  6.3369400701395239e+02, -1.6410465498065496e-01,  2.9850634094937110e+01, -2.1658761251654671e-02,  9.0295544608888598e-02,  5.0495318800567568e-01,  1.4639642116824671e+03,  3.2643170669639754e+00, -1.4999961372688855e+04,  1.0023908764932765e+01,  2.6531693686372551e+00,  1.2056979376363368e+00,  1.0266664822491616e-02,  8.5436921994066634e-02, -1.2248522417655163e+00,  2.7433066213374302e-01, -8.2951495320172529e-04,  2.8846139554943483e-02, -1.5851579758383469e+00,  0.0000000000000000e+00, -3.5815533279311765e-02, -2.5108976031043523e-01,  1.0117754834760483e+01,  0.0000000000000000e+00
 2.3176823176823178e+00,  6.3369401536970292e+02, -1.6403512334344816e-01,  2.9850689863545160e+01, -2.1707269502779271e-02,  9.0302933573185362e-02,  5.0514993349592163e-01,  1.4703013770151565e+03,  3.3444215839490488e+00, -1.4999961183337204e+04,  1.0023929506907876e+01,  2.6531845993709222e+00,  1.2108294503779578e+00,  1.0256590759346455e-02,  8.5712565799740945e-02, -1.2401831082979888e+00,  2.7433066213374302e-01, -1.1720375946830516e-03,  2.7936106894988155e-02, -1.4364454785103575e+00,  0.0000000000000000e+00, -3.2757499545249050e-02,  6.8901221787380021e-02,  1.9654487130302705e+01,  0.0000000000000000e+00
 2.3276723276723277e+00,  6.3369402408927374e+02, -1.6398091451469143e-01,  2.9850746802141263e+01, -2.1753141408622483e-02,  9.0316250785608898e-02,  5.0531713823605418e-01,  1.4766385354972388e+03,  3.4250940893306274e+00, -1.4999960994578150e+04,  1.0023949862436758e+01,  2.6531994358037694e+00,  1.2159627435816542e+00,  1.0243247487932514e-02,  8.5995085967992477e-02, -1.2535524511263629e+00,  2.7433066213374302e-01, -1.4516384014180278e-03,  2.9843757002152124e-02, -1.3050522924777070e+00,  0.0000000000000000e+00, -2.3218581963087143e-02,  3.1301032966672387e-01,  6.6504287134397195e+00,  0.0000000000000000e+00
 2.3376623376623376e+00,  6.3369403311810333e+02, -1.6393962597207251e-01,  2.9850805331346034e+01, -2.1793098331227063e-02,  9.0334042962705210e-02,  5.0545826428620311e-01,  1.4829756870729941e+03,  3.5063346291991033e+00, -1.4999960806406860e+04,  1.0023969863438065e+01,  2.6532139812728155e+00,  1.2210975501813639e+00,  1.0227586995082359e-02,  8.6308844660922798e-02, -1.2662580791766640e+00,  2.7433066213374302e-01, -1.6283875253926120e-03,  3.3369480917342320e-02, -1.3084935773079955e+00,  0.0000000000000000e+00, -1.2166592656631729e-02,  3.9283959815449249e-01, -7.3393739364689496e+00,  0.0000000000000000e+00
 2.3476523476523479e+00,  6.3369404242062274e+02, -1.6390890370296698e-01,  2.9850865361127479e+01, -2.1827483633173030e-02,  9.0352912501795668e-02,  5.0557479382157577e-01,  1.4893128316863804e+03,  3.5881432438871261e+00, -1.4999960618822464e+04,  1.0023989558792330e+01,  2.6532283104665031e+00,  1.2262336280294530e+00,  1.0210712272639954e-02,  8.6661808863443879e-02, -1.2796961789447048e+00,  2.7433066213374302e-01, -1.7099694680330335e-03,  3.6649142923726119e-02, -1.2910916558121279e+00,  0.0000000000000000e+00, -4.1661122599804942e-03,  2.6374873552353756e-01,  1.0823238619941579e+01,  0.0000000000000000e+00
 2.3576423576423577e+00,  6.3369405199137657e+02, -1.6388673579019988e-01,  2.9850926225560976e+01, -2.1856163375202173e-02,  9.0368438076493141e-02,  5.0567010982504090e-01,  1.4956499692810362e+03,  3.6705199701244373e+00, -1.4999960431829502e+04,  1.0024008991327822e+01,  2.6532424562068617e+00,  1.2313707459670766e+00,  1.0193421770945834e-02,  8.7041095268789462e-02, -1.2920541162558277e+00,  2.7433066213374302e-01, -1.7086763049316243e-03,  3.7732663332500596e-02, -1.2331422963427849e+00,  0.0000000000000000e+00,  4.4250035128904040e-03, -4.6827949687059632e-02,  7.7822314582631791e-01,  0.0000000000000000e+00
 2.3676323676323676e+00,  6.3369406187174286e+02, -1.6387153202202789e-01,  2.9850986818008554e+01, -2.1878483799305230e-02,  9.0376430292867571e-02,  5.0574796741854877e-01,  1.5019870998004294e+03,  3.7534648390315719e+00, -1.4999960245438680e+04,  1.0024028213511144e+01,  2.6532564022320773e+00,  1.2365087082254098e+00,  1.0176572885928034e-02,  8.7415708230726599e-02, -1.3043343866638410e+00,  2.7433066213374302e-01, -1.6271617148105036e-03,  3.5172824183341014e-02, -1.1828797981741901e+00,  0.0000000000000000e+00,  1.1894217429358183e-02, -4.6565184797469472e-01,  9.2843289875264627e+00,  0.0000000000000000e+00
 2.3776223776223775e+00,  6.3369407215375975e+02, -1.6386164816568993e-01,  2.9851045948424758e+01, -2.1894568566281761e-02,  9.0374994447643950e-02,  5.0580990893087230e-01,  1.5083242231881477e+03,  3.8369778789554934e+00, -1.4999960059665404e+04,  1.0024047279559287e+01,  2.6532700936668183e+00,  1.2416473368590368e+00,  1.0160911047373197e-02,  8.7743848998726337e-02, -1.3156880782573097e+00,  2.7433066213374302e-01, -1.4713532487803666e-03,  2.9126552297212924e-02, -1.0454528386566220e+00,  0.0000000000000000e+00,  1.9298637469868159e-02, -7.4481178362800027e-01,  1.8228548307885521e+01,  0.0000000000000000e+00
 2.3876123876123878e+00,  6.3369408291877085e+02, -1.6385594427061217e-01,  2.9851103380499474e+01, -2.1903248233952562e-02,  9.0368608478925999e-02,  5.0585974384388799e-01,  1.5146613393882647e+03,  3.9210591148955745e+00, -1.4999959874523784e+04,  1.0024066249362527e+01,  2.6532834836572130e+00,  1.2467864783342646e+00,  1.0147175218619735e-02,  8.7997657327574016e-02, -1.3252225552683692e+00,  2.7433066213374302e-01, -1.2385472404243631e-03,  2.2014004539135136e-02, -9.5309810702409747e-01,  0.0000000000000000e+00,  2.7309125403003287e-02, -6.7912027753915760e-01,  2.6086896494571066e-01,  0.0000000000000000e+00
 2.3976023976023977e+00,  6.3369409421046646e+02, -1.6385333119547330e-01,  2.9851159810620633e+01, -2.1905282072195539e-02,  9.0363844755277409e-02,  5.0589920341295469e-01,  1.5209984483455639e+03,  4.0057085665141878e+00, -1.4999959690020409e+04,  1.0024085191378218e+01,  2.6532965793614092e+00,  1.2519260243070496e+00,  1.0136164848763320e-02,  8.8183689249258512e-02, -1.3347309974785706e+00,  2.7433066213374302e-01, -9.4572413252114933e-04,  1.6738120404647654e-02, -9.3900432663475586e-01,  0.0000000000000000e+00,  3.1314060799225080e-02, -3.7711172618531641e-01,  2.5607058690047353e+00,  0.0000000000000000e+00
 2.4075924075924076e+00,  6.3369410605443341e+02, -1.6385273696765257e-01,  2.9851216074345103e+01, -2.1902177501854362e-02,  9.0364007920278377e-02,  5.0592937156882800e-01,  1.5273355500053895e+03,  4.0909262522642784e+00, -1.4999959506155259e+04,  1.0024104159422397e+01,  2.6533094376940700e+00,  1.2570658824148029e+00,  1.0128279631556375e-02,  8.8332085307686853e-02, -1.3439838804758566e+00,  2.7433066213374302e-01, -6.2882399106416317e-04,  1.4573777516674548e-02, -9.3765875739325300e-01,  0.0000000000000000e+00,  3.2129347520464271e-02, -5.6189719986904425e-02, -2.2913229068558625e+00,  0.0000000000000000e+00
 2.4175824175824174e+00,  6.3369411845998241e+02, -1.6385326752222551e-01,  2.9851272805168090e+01, -2.1895782429511821e-02,  9.0369439252928729e-02,  5.0595094872030666e-01,  1.5336726443134380e+03,  4.1767121889218304e+00, -1.4999959322926481e+04,  1.0024123193276750e+01,  2.6533221285243820e+00,  1.2622059760539868e+00,  1.0123600932857942e-02,  8.8474873615226032e-02, -1.3534654381857283e+00,  2.7433066213374302e-01, -3.2184429488382087e-04,  1.5184982598751713e-02, -9.1587469712543301e-01,  0.0000000000000000e+00,  2.9327987654838249e-02,  1.7855297741881382e-01,  6.6524917724691015e+00,  0.0000000000000000e+00
 2.4275724275724277e+00,  6.3369413141773884e+02, -1.6385409967765013e-01,  2.9851330394497122e+01, -2.1887643694717240e-02,  9.0379124442055078e-02,  5.0596456907056253e-01,  1.5400097312154505e+03,  4.2630663926121377e+00, -1.4999959140332938e+04,  1.0024142313710563e+01,  2.6533347156957738e+00,  1.2673462312428512e+00,  1.0121849176114141e-02,  8.8635481563406171e-02, -1.3622830752236177e+00,  2.7433066213374302e-01, -4.6299171557869499e-05,  1.7712312965605926e-02, -8.0738386217915781e-01,  0.0000000000000000e+00,  2.5836146035016629e-02,  3.2741856202539443e-01,  1.5067373383774980e+01,  0.0000000000000000e+00
 2.4375624375624376e+00,  6.3369414489394615e+02, -1.6385484359017416e-01,  2.9851389083519944e+01, -2.1877929399882014e-02,  9.0391585978659122e-02,  5.0597216602956441e-01,  1.5463468106569774e+03,  4.3499888769214454e+00, -1.4999958958374789e+04,  1.0024161534146213e+01,  2.6533472522946546e+00,  1.2724865871157580e+00,  1.0122675874485157e-02,  8.8828765982171209e-02, -1.3695969838836137e+00,  2.7433066213374302e-01,  2.0014419890797543e-04,  2.0905675953404635e-02, -6.7565365815438516e-01,  0.0000000000000000e+00,  2.3501816732245155e-02,  3.1189270813182102e-01,  1.1305013461987722e+01,  0.0000000000000000e+00
 2.4475524475524475e+00,  6.3369415886921774e+02, -1.6385526964628544e-01,  2.9851448538133763e+01, -2.1866245007969385e-02,  9.0403182065773385e-02,  5.0597519653050738e-01,  1.5526838825832538e+03,  4.4374796522552966e+00, -1.4999958777056388e+04,  1.0024180870142903e+01,  2.6533597604459627e+00,  1.2776269945405558e+00,  1.0125848061207207e-02,  8.9053177386651014e-02, -1.3757826488131157e+00,  2.7433066213374302e-01,  4.2895626841707457e-04,  2.3163729150896161e-02, -5.3833446130801366e-01,  0.0000000000000000e+00,  2.2306359583477028e-02,  1.4016954200598772e-01,  1.6186289746656168e+01,  0.0000000000000000e+00
 2.4575424575424574e+00,  6.3369417334565526e+02, -1.6385536276931637e-01,  2.9851508212005420e+01, -2.1852300451196162e-02,  9.0411506829318991e-02,  5.0597583936997115e-01,  1.5590209469392103e+03,  4.5255387263264106e+00, -1.4999958596386539e+04,  1.0024200340588933e+01,  2.6533722266443132e+00,  1.2827674128837570e+00,  1.0131246429298685e-02,  8.9291577753417881e-02, -1.3803529171764810e+00,  2.7433066213374302e-01,  6.5650847378129922e-04,  2.3712975346985275e-02, -3.9917466226597409e-01,  0.0000000000000000e+00,  2.3249591930443163e-02, -3.0210453548838837e-02,  1.1673502021558189e+01,  0.0000000000000000e+00
 2.4675324675324677e+00,  6.3369418832613610e+02, -1.6385614910338223e-01,  2.9851567849158503e+01, -2.1835326561377544e-02,  9.0416987420455106e-02,  5.0598008580703779e-01,  1.5653580036698363e+03,  4.6141661000222092e+00, -1.4999958416375679e+04,  1.0024219972681829e+01,  2.6533846242130004e+00,  1.2879078421343100e+00,  1.0138965113630410e-02,  8.9526963107869506e-02, -1.3837581665407077e+00,  2.7433066213374302e-01,  8.9778066629865681e-04,  2.2667847162576273e-02, -3.3037216196547259e-01,  0.0000000000000000e+00,  2.5053101011531312e-02, -1.7902420896984159e-01,  2.1007585386020602e+00,  0.0000000000000000e+00
 2.4775224775224776e+00,  6.3369420382384749e+02, -1.6385901337710856e-01,  2.9851627002521475e+01, -2.1816007374728746e-02,  9.0418806955265399e-02,  5.0599267156704753e-01,  1.5716950527203228e+03,  4.7033617654993947e+00, -1.4999958237035798e+04,  1.0024239796598120e+01,  2.6533969153227064e+00,  1.2930483353800473e+00,  1.0149184104949008e-02,  8.9744481792630199e-02, -1.3869537595733936e+00,  2.7433066213374302e-01,  1.1484564845037767e-03,  2.0205970477291574e-02, -3.6518580870430617e-01,  0.0000000000000000e+00,  2.5132197793129165e-02, -3.1384350342425349e-01, -9.0704506157152434e+00,  0.0000000000000000e+00
 2.4875124875124874e+00,  6.3369421985393717e+02, -1.6386572193804852e-01,  2.9851685404970453e+01, -2.1796058455440040e-02,  9.0417866913246936e-02,  5.0601798116363350e-01,  1.5780320940360805e+03,  4.7931257083233136e+00, -1.4999958058380435e+04,  1.0024259832951870e+01,  2.6534090509085804e+00,  1.2981889914719094e+00,  1.0161911297136979e-02,  8.9930678801721481e-02, -1.3910545862950394e+00,  2.7433066213374302e-01,  1.3850038375683954e-03,  1.6972421841965072e-02, -4.0342851900120397e-01,  0.0000000000000000e+00,  2.2224582290408020e-02, -3.3351293336811999e-01,  1.4142600142762167e+00,  0.0000000000000000e+00
 2.4975024975024973e+00,  6.3369423642314189e+02, -1.6387825497621142e-01,  2.9851743120732344e+01, -2.1777249764853516e-02,  9.0416018883317961e-02,  5.0605919025934842e-01,  1.5843691275628285e+03,  4.8834579089355747e+00, -1.4999957880421274e+04,  1.0024280084143957e+01,  2.6534209942931795e+00,  1.3033299487824794e+00,  1.0176856509296029e-02,  9.0083591120141984e-02, -1.3950142694435474e+00,  2.7433066213374302e-01,  1.5879457131303919e-03,  1.4071023403272591e-02, -3.9169806397064805e-01,  0.0000000000000000e+00,  1.8404381197110405e-02, -2.4734703405804753e-01,  9.3417708283931555e-01,  0.0000000000000000e+00
 2.5074925074925076e+00,  6.3369425350984500e+02, -1.6389883017212264e-01,  2.9851800691642694e+01, -2.1760355222179489e-02,  9.0417154669866537e-02,  5.0611856392857324e-01,  1.5907061532466009e+03,  4.9743583434476975e+00, -1.4999957703168035e+04,  1.0024300543117919e+01,  2.6534327239211266e+00,  1.3084713790639422e+00,  1.0193638484212512e-02,  9.0211818130458199e-02, -1.3988807214393082e+00,  2.7433066213374302e-01,  1.7506382926142821e-03,  1.3103542785162540e-02, -3.4231306695226094e-01,  0.0000000000000000e+00,  1.4166673215564083e-02,  5.3657414312417322e-02,  8.9526993202416794e+00,  0.0000000000000000e+00
 2.5174825174825175e+00,  6.3369427105022316e+02, -1.6392935094214500e-01,  2.9851859104821411e+01, -2.1745903618951901e-02,  9.0424404870736247e-02,  5.0619563862413219e-01,  1.5970431710334976e+03,  5.0658269858687532e+00, -1.4999957526624605e+04,  1.0024321195717000e+01,  2.6534442645884955e+00,  1.3136134708997758e+00,  1.0211834297360251e-02,  9.0345400166798581e-02, -1.4018536913606756e+00,  2.7433066213374302e-01,  1.8744569497012374e-03,  1.4647199074913879e-02, -2.7328504873931919e-01,  0.0000000000000000e+00,  1.0621821933236233e-02,  2.5538257489574362e-01,  4.8667099259905422e+00,  0.0000000000000000e+00
 2.5274725274725274e+00,  6.3369428902283892e+02, -1.6397145607982994e-01,  2.9851918384651782e+01, -2.1733516863091780e-02,  9.0433882476896835e-02,  5.0628899253865578e-01,  1.6033801808694759e+03,  5.1578638122117733e+00, -1.4999957350795326e+04,  1.0024342027974569e+01,  2.6534556340278779e+00,  1.3187564021226226e+00,  1.0231090171519229e-02,  9.0504469460626305e-02, -1.4043409621733605e+00,  2.7433066213374302e-01,  1.9658180696628569e-03,  1.6835394046707763e-02, -2.2693200423118534e-01,  0.0000000000000000e+00,  7.6686742830802089e-03,  1.8269405845739684e-01,  4.4131695845379699e+00,  0.0000000000000000e+00
 2.5374625374625372e+00,  6.3369430744222518e+02, -1.6402647995034922e-01,  2.9851977881147441e+01, -2.1722938141108244e-02,  9.0440660313687568e-02,  5.0639664530011874e-01,  1.6097171827002785e+03,  5.2504688028964761e+00, -1.4999957175689999e+04,  1.0024363027035633e+01,  2.6534668041048057e+00,  1.3239003222071957e+00,  1.0251111381669198e-02,  9.0681771676223308e-02, -1.4063877973393206e+00,  2.7433066213374302e-01,  2.0348576485567991e-03,  1.7586666802376534e-02, -1.9928262787517570e-01,  0.0000000000000000e+00,  6.1530494114960003e-03, -3.2289252772427196e-02,  1.1222355619342870e+00,  0.0000000000000000e+00
 2.5474525474525476e+00,  6.3369432633144663e+02, -1.6409593869168151e-01,  2.9852036969390902e+01, -2.1713372436742529e-02,  9.0442851279819297e-02,  5.0651896595251067e-01,  1.6160541764714474e+03,  5.3436419412598744e+00, -1.4999957001321876e+04,  1.0024384185703608e+01,  2.6534777153054332e+00,  1.3290453660546433e+00,  1.0271746667993891e-02,  9.0855851414719746e-02, -1.4083226330599774e+00,  2.7433066213374302e-01,  2.0935606482012678e-03,  1.6050886137896580e-02, -2.0687765687150980e-01,  0.0000000000000000e+00,  5.5992911173264968e-03, -2.7517403625645620e-01, -2.6427603670003612e+00,  0.0000000000000000e+00
 2.5574425574425574e+00,  6.3369434574470006e+02, -1.6418150873353729e-01,  2.9852094993258866e+01, -2.1704924387065904e-02,  9.0439595581927421e-02,  5.0665699843900380e-01,  1.6223911621284979e+03,  5.4373832113479255e+00, -1.4999956827705757e+04,  1.0024405500317229e+01,  2.6534882919184688e+00,  1.3341916723911036e+00,  1.0292940765249644e-02,  9.1002468701955511e-02, -1.4105212170570331e+00,  2.7433066213374302e-01,  2.1509684856653283e-03,  1.2520212521309103e-02, -2.0514535367659828e-01,  0.0000000000000000e+00,  5.8937579429689793e-03, -4.3166682178442428e-01,  2.9895674666226912e+00,  0.0000000000000000e+00
 2.5674325674325673e+00,  6.3369436573450764e+02, -1.6428565253474731e-01,  2.9852151852267266e+01, -2.1696958582786096e-02,  9.0433755796586399e-02,  5.0681531975220340e-01,  1.6287281396172277e+03,  5.5316925948930242e+00, -1.4999956654855521e+04,  1.0024426969840375e+01,  2.6534984610481640e+00,  1.3393394062969550e+00,  1.0314723061313877e-02,  9.1106005511049595e-02, -1.4124214413252441e+00,  2.7433066213374302e-01,  2.2146763859509705e-03,  8.6656479517435089e-03, -3.2160472069641238e-01,  0.0000000000000000e+00,  6.8605636942262564e-03, -3.4001700504256310e-01, -2.6304732743990009e+01,  0.0000000000000000e+00
 2.5774225774225776e+00,  6.3369438631400203e+02, -1.6441055599856569e-01,  2.9852208385867090e+01, -2.1691073941414261e-02,  9.0431670818934801e-02,  5.0699381977389502e-01,  1.6350651088839015e+03,  5.6265700688437370e+00, -1.4999956482780050e+04,  1.0024448595402538e+01,  2.6535081877245315e+00,  1.3444887771357181e+00,  1.0337190043690223e-02,  9.1175608521171167e-02, -1.4169468858022163e+00,  2.7433066213374302e-01,  2.2613542422620456e-03,  7.2359863063739026e-03, -4.9654632212884764e-01,  0.0000000000000000e+00,  2.4843431392509350e-03,  5.3798743639571003e-02, -8.7185758627831564e+00,  0.0000000000000000e+00
 2.5874125874125875e+00,  6.3369440743685891e+02, -1.6455747067666779e-01,  2.9852265943917359e+01, -2.1689560654257829e-02,  9.0437955470531919e-02,  5.0718805901786790e-01,  1.6414020698752215e+03,  5.7220156149794565e+00, -1.4999956311478181e+04,  1.0024470351027754e+01,  2.6535175107718931e+00,  1.3496399710266880e+00,  1.0359904964256176e-02,  9.1250580662026098e-02, -1.4223424467623840e+00,  2.7433066213374302e-01,  2.2536312884421741e-03,  9.5281921625016263e-03, -5.4190876465613913e-01,  0.0000000000000000e+00, -4.0304784939994539e-03,  4.0510086875716989e-01, -3.6298513117810799e-01,  0.0000000000000000e+00
 2.5974025974025974e+00,  6.3369442903944207e+02, -1.6472746239571492e-01,  2.9852325051576916e+01, -2.1693030009968656e-02,  9.0450320491623423e-02,  5.0739407114457691e-01,  1.6477390225378915e+03,  5.8180292197760535e+00, -1.4999956140946957e+04,  1.0024492196211913e+01,  2.6535264833537222e+00,  1.3547931408551301e+00,  1.0382217641860895e-02,  9.1365981990951417e-02, -1.4277742337473938e+00,  2.7433066213374302e-01,  2.1820538553108332e-03,  1.3988296688656990e-02, -5.2770862549392950e-01,  0.0000000000000000e+00, -1.0299323618895150e-02,  4.8781205737914446e-01,  3.2058529914525185e+00,  0.0000000000000000e+00
 2.6073926073926073e+00,  6.3369445107172783e+02, -1.6492075867118255e-01,  2.9852385336686282e+01, -2.1700874885325697e-02,  9.0463147761685153e-02,  5.0760589062878703e-01,  1.6540759668182845e+03,  5.9146108771247103e+00, -1.4999955971187561e+04,  1.0024514088057797e+01,  2.6535351274576571e+00,  1.3599483822461134e+00,  1.0403502443882766e-02,  9.1530067109351909e-02, -1.4328860756433814e+00,  2.7433066213374302e-01,  2.0543330543979616e-03,  1.7875260547010868e-02, -4.8103319878073164e-01,  0.0000000000000000e+00, -1.5270380723852202e-02,  2.9035810706337750e-01,  6.1385674365273779e+00,  0.0000000000000000e+00
 2.6173826173826176e+00,  6.3369447350117264e+02, -1.6513679840508688e-01,  2.9852445913459682e+01, -2.1712186440944702e-02,  9.0471542363483134e-02,  5.0781683550676204e-01,  1.6604129026623496e+03,  6.0117605905196259e+00, -1.4999955802206632e+04,  1.0024535988064784e+01,  2.6535434232147064e+00,  1.3651057165108369e+00,  1.0423263257333382e-02,  9.1723130053828761e-02, -1.4373852866700858e+00,  2.7433066213374302e-01,  1.8845551973927733e-03,  1.9126338391403916e-02, -4.1895552076744758e-01,  0.0000000000000000e+00, -1.8719146248586158e-02, -3.9892322615891623e-02,  6.2893837017319640e+00,  0.0000000000000000e+00
 2.6273726273726274e+00,  6.3369449631177224e+02, -1.6537463913582806e-01,  2.9852505869950640e+01, -2.1725976345198333e-02,  9.0473375861392230e-02,  5.0802219534109616e-01,  1.6667498300156972e+03,  6.1094783715695211e+00, -1.4999955634014057e+04,  1.0024557864183384e+01,  2.6535513264846271e+00,  1.3702650999550501e+00,  1.0441155894380124e-02,  9.1912211732556787e-02, -1.4412568153190548e+00,  2.7433066213374302e-01,  1.6879691258692650e-03,  1.7348666480322558e-02, -4.0894825095266413e-01,  0.0000000000000000e+00, -2.0637385270428237e-02, -3.1599759398268396e-01, -4.2859282848107174e+00,  0.0000000000000000e+00
 2.6373626373626373e+00,  6.3369451949032202e+02, -1.6563324460347850e-01,  2.9852564824901268e+01, -2.1741843156984193e-02,  9.0470727292988010e-02,  5.0821952365565171e-01,  1.6730867488238459e+03,  6.2077642359594334e+00, -1.4999955466619238e+04,  1.0024579690975946e+01,  2.6535587966021681e+00,  1.3754264548191319e+00,  1.0456988914193907e-02,  9.2069756756732304e-02, -1.4455560808949142e+00,  2.7433066213374302e-01,  1.4732527659057936e-03,  1.3864484224303381e-02, -4.2143935806649585e-01,  0.0000000000000000e+00, -2.2348829994259214e-02, -3.8153569367236329e-01,  1.7852086406215835e+00,  0.0000000000000000e+00
 2.6473526473526472e+00,  6.3369454302572956e+02, -1.6591170870598959e-01,  2.9852622922864143e+01, -2.1759701766184789e-02,  9.0466768789755556e-02,  5.0840887660707701e-01,  1.6794236590324765e+03,  6.3066182004567235e+00, -1.4999955300027052e+04,  1.0024601442560018e+01,  2.6535658278295622e+00,  1.3805896933312181e+00,  1.0470591514078541e-02,  9.2189224404371037e-02, -1.4496771821135901e+00,  2.7433066213374302e-01,  1.2508766777498527e-03,  1.0203052466804852e-02, -3.9617170945197500e-01,  0.0000000000000000e+00, -2.2170862854554121e-02, -3.5148294417878972e-01,  3.2733746120036367e+00,  0.0000000000000000e+00
 2.6573426573426575e+00,  6.3369456692907329e+02, -1.6620983861728530e-01,  2.9852680218019071e+01, -2.1778682223934538e-02,  9.0462389907249516e-02,  5.0859408204267365e-01,  1.6857605605875774e+03,  6.4060402784960973e+00, -1.4999955134240365e+04,  1.0024623100396894e+01,  2.6535724263799798e+00,  1.3857547533436261e+00,  1.0481981455207890e-02,  9.2273613948876260e-02, -1.4534715995652834e+00,  2.7433066213374302e-01,  1.0412307470240056e-03,  6.9284901279547300e-03, -3.8914148346265054e-01,  0.0000000000000000e+00, -1.9800252476760039e-02, -3.0408443605899788e-01, -1.8659233689408925e+00,  0.0000000000000000e+00
 2.6673326673326674e+00,  6.3369459122707099e+02, -1.6652789889445122e-01,  2.9852736704741389e+01, -2.1798026225897164e-02,  9.0457581627064673e-02,  5.0877923786282719e-01,  1.6920974534354957e+03,  6.5060304783842646e+00, -1.4999954969262209e+04,  1.0024644656140726e+01,  2.6535785948725668e+00,  1.3909216140157561e+00,  1.0491395325207892e-02,  9.2327655775558945e-02, -1.4574522367282285e+00,  2.7433066213374302e-01,  8.5910908921234936e-04,  4.1041565714639043e-03, -4.5193507687445206e-01,  0.0000000000000000e+00, -1.6660503417137703e-02, -2.6134714195048930e-01, -1.0705354032100098e+01,  0.0000000000000000e+00
 2.6773226773226773e+00,  6.3369461595303324e+02, -1.6686610838855773e-01,  2.9852792466596085e+01, -2.1817937226758299e-02,  9.0452995365914626e-02,  5.0896552618505253e-01,  1.6984343375229755e+03,  6.6065888049205954e+00, -1.4999954805095880e+04,  1.0024666106873120e+01,  2.6535843306656894e+00,  1.3960902846541121e+00,  1.0499146471975369e-02,  9.2355615079175238e-02, -1.4625012714309067e+00,  2.7433066213374302e-01,  7.0431966817020072e-04,  1.8919508025376638e-03, -4.5744358933486090e-01,  0.0000000000000000e+00, -1.4328338675500820e-02, -1.8153645298854920e-01,  9.6025498375262330e+00,  0.0000000000000000e+00
 2.6873126873126871e+00,  6.3369464112612764e+02, -1.6722468022254133e-01,  2.9852847699098501e+01, -2.1837874622933094e-02,  9.0449388960385388e-02,  5.0915373688774912e-01,  1.7047712127971051e+03,  6.7077152625306891e+00, -1.4999954641743103e+04,  1.0024687448082599e+01,  2.6535896403968700e+00,  1.4012607793897927e+00,  1.0505467646250254e-02,  9.2365456990394862e-02, -1.4665919687828710e+00,  2.7433066213374302e-01,  5.8547537014813850e-04,  5.6403841632616278e-04, -3.6027176283346479e-01,  0.0000000000000000e+00, -9.4642897885132866e-03, -8.4311606730990155e-02,  9.8512498280514489e+00,  0.0000000000000000e+00
 2.6973026973026974e+00,  6.3369466674047089e+02, -1.6760420422060701e-01,  2.9852902637359282e+01, -2.1856101531565541e-02,  9.0447333287647466e-02,  5.0934583128459299e-01,  1.7111080792052610e+03,  6.8094098532054410e+00, -1.4999954479204838e+04,  1.0024708690359580e+01,  2.6535945348008951e+00,  1.4064331315979262e+00,  1.0510844281568739e-02,  9.2366884578002934e-02, -1.4696995084505564e+00,  2.7433066213374302e-01,  5.2177432512497287e-04,  1.4441741393741978e-04, -3.2664353608388585e-01,  0.0000000000000000e+00, -3.2886594251243374e-03,  3.0348205276469251e-04, -3.1188788327858168e+00,  0.0000000000000000e+00
 2.7072927072927073e+00,  6.3369469277861162e+02, -1.6800507268922460e-01,  2.9852957443316761e+01, -2.1872324778102952e-02,  9.0446785536743554e-02,  5.0954114034187958e-01,  1.7174449366949148e+03,  6.9116725776711556e+00, -1.4999954317481917e+04,  1.0024729856059469e+01,  2.6535990249984032e+00,  1.4116073822433934e+00,  1.0515892707691312e-02,  9.2368342453210794e-02, -1.4731183131601715e+00,  2.7433066213374302e-01,  5.0944949281110348e-04,  4.7813116158154574e-04, -3.5635002764936735e-01,  0.0000000000000000e+00,  8.2122799588549679e-04,  6.6506010225589454e-02, -2.8283607786220517e+00,  0.0000000000000000e+00
 2.7172827172827172e+00,  6.3369471921564559e+02, -1.6842746784054410e-01,  2.9853012193238808e+01, -2.1887011497622878e-02,  9.0447019559789510e-02,  5.0973823823697284e-01,  1.7237817852135295e+03,  7.0145034374558168e+00, -1.4999954156574895e+04,  1.0024750963146040e+01,  2.6536031251612071e+00,  1.4167835571109835e+00,  1.0521023092613916e-02,  9.2376437648164403e-02, -1.4768193891228714e+00,  2.7433066213374302e-01,  5.3125314173446377e-04,  1.1253061342460804e-03, -4.3122344620005937e-01,  0.0000000000000000e+00,  3.5438625185712819e-03,  6.3058419301851881e-02, -1.2161297615226673e+01,  0.0000000000000000e+00
 2.7272727272727271e+00,  6.3369474603892274e+02, -1.6887121306019240e-01,  2.9853066842177707e+01, -2.1900389824374318e-02,  9.0447358544425038e-02,  5.0993446212511884e-01,  1.7301186247085714e+03,  7.1179024353065037e+00, -1.4999953996485447e+04,  1.0024772026996775e+01,  2.6536068403467774e+00,  1.4219616654845009e+00,  1.0526507156077615e-02,  9.2390826092256670e-02, -1.4817341662311017e+00,  2.7433066213374302e-01,  5.7124651312219705e-04,  1.5913309661213756e-03, -5.0488002503328211e-01,  0.0000000000000000e+00,  4.4628104332553441e-03,  3.0239752039589049e-02, -2.5847494671868207e+00,  0.0000000000000000e+00
 2.7372627372627374e+00,  6.3369477323687158e+02, -1.6933575530989187e-01,  2.9853121173870733e+01, -2.1912798906958141e-02,  9.0446332550292219e-02,  5.1012702444945435e-01,  1.7364554551276078e+03,  7.2218695774346156e+00, -1.4999953837215218e+04,  1.0024793057428326e+01,  2.6536101758009525e+00,  1.4271416825065375e+00,  1.0532436609359614e-02,  9.2408232472662333e-02, -1.4869069021105494e+00,  2.7433066213374302e-01,  6.1560774743400044e-04,  1.3459411499173468e-03, -4.9073456623060957e-01,  0.0000000000000000e+00,  4.4183086759676197e-03, -7.9366793243635103e-02,  5.4166703194818382e+00,  0.0000000000000000e+00
 2.7472527472527473e+00,  6.3369480080126471e+02, -1.6982041104020926e-01,  2.9853174803649136e+01, -2.1924323192425318e-02,  9.0442752638867363e-02,  5.1031388775796205e-01,  1.7427922764182276e+03,  7.3264048722218647e+00, -1.4999953678767575e+04,  1.0024814061025786e+01,  2.6536131230962190e+00,  1.4323235592328705e+00,  1.0538807011171202e-02,  9.2417718023323950e-02, -1.4915390526692758e+00,  2.7433066213374302e-01,  6.6190851742353664e-04,  2.3319846146596166e-04, -3.9394689193510951e-01,  0.0000000000000000e+00,  4.8511054759346950e-03, -1.4340429298433724e-01,  1.3960222074479434e+01,  0.0000000000000000e+00
 2.7572427572427571e+00,  6.3369482869761941e+02, -1.7032453034630854e-01,  2.9853227843323729e+01, -2.1933964413108263e-02,  9.0439041085514094e-02,  5.1049448986015311e-01,  1.7491290885280919e+03,  7.4315083288161308e+00, -1.4999953521145240e+04,  1.0024835047335040e+01,  2.6536156807587319e+00,  1.4375072325079410e+00,  1.0545661554762682e-02,  9.2412891782581733e-02, -1.4947779688824796e+00,  2.7433066213374302e-01,  7.2210631089473566e-04, -7.4148606585268428e-04, -2.7639575283381490e-01,  0.0000000000000000e+00,  7.2004927769994892e-03, -5.1727549384857942e-02,  9.5735159736000242e+00,  0.0000000000000000e+00
 2.7672327672327670e+00,  6.3369485686712278e+02, -1.7084755341491936e-01,  2.9853280730951514e+01, -2.1941134659139286e-02,  9.0437635451350459e-02,  5.1066911634054990e-01,  1.7554658914049141e+03,  7.5371799545403668e+00, -1.4999953364347537e+04,  1.0024856036347817e+01,  2.6536178764915359e+00,  1.4426926454893669e+00,  1.0553234709690577e-02,  9.2402903116913307e-02, -1.4970614453332880e+00,  2.7433066213374302e-01,  8.0559484116017903e-04, -5.8782612336662004e-04, -2.0070950984549338e-01,  0.0000000000000000e+00,  9.5139109821456170e-03,  8.2490269870562072e-02,  5.5788698726609791e+00,  0.0000000000000000e+00
 2.7772227772227773e+00,  6.3369488524455210e+02, -1.7138907965165873e-01,  2.9853333788133938e+01, -2.1945964855552072e-02,  9.0438931641445550e-02,  5.1083905619970571e-01,  1.7618026849963928e+03,  7.6434197549354925e+00, -1.4999953208372654e+04,  1.0024877049762535e+01,  2.6536197490981541e+00,  1.4478797501207841e+00,  1.0561757355784863e-02,  9.2401147004892090e-02, -1.4987881488993726e+00,  2.7433066213374302e-01,  9.0739692535596838e-04,  6.7260566796096806e-04, -2.0146139213990238e-01,  0.0000000000000000e+00,  1.0866866273851193e-02,  1.6984817475321839e-01, -5.7293967080016595e+00,  0.0000000000000000e+00
 2.7872127872127872e+00,  6.3369491377348515e+02, -1.7194883692888413e-01,  2.9853387060595875e+01, -2.1949284810681317e-02,  9.0441490979115191e-02,  5.1100590780996724e-01,  1.7681394692500860e+03,  7.7502277335577316e+00, -1.4999953053219680e+04,  1.0024898105721833e+01,  2.6536213303313918e+00,  1.4530685132747072e+00,  1.0571364518388998e-02,  9.2416341791597842e-02, -1.5010866479734459e+00,  2.7433066213374302e-01,  1.0116003309031416e-03,  2.1369074239520683e-03, -2.6126016709767574e-01,  0.0000000000000000e+00,  9.9946555166886136e-03,  1.2330503679619273e-01, -6.2423180385435613e+00,  0.0000000000000000e+00
 2.7972027972027971e+00,  6.3369494243668305e+02, -1.7252659541609372e-01,  2.9853440111875461e+01, -2.1952398963125268e-02,  9.0442131774913073e-02,  5.1117088378786857e-01,  1.7744762441134437e+03,  7.8576038936671146e+00, -1.4999952898890988e+04,  1.0024919211294621e+01,  2.6536226256784019e+00,  1.4582589105418049e+00,  1.0581969150608102e-02,  9.2443842457918105e-02, -1.5040081322579675e+00,  2.7433066213374302e-01,  1.0968985143040046e-03,  2.4171750703539971e-03, -3.1940150087657121e-01,  0.0000000000000000e+00,  7.0820408001689202e-03, -6.7195453986512207e-02, -5.3975769839926215e+00,  0.0000000000000000e+00
 2.8071928071928074e+00,  6.3369497125219539e+02, -1.7312223938732521e-01,  2.9853492205958769e+01, -2.1956458890236598e-02,  9.0437984389289711e-02,  5.1133501079799315e-01,  1.7808130095338952e+03,  7.9655482388448213e+00, -1.4999952745392826e+04,  1.0024940361439745e+01,  2.6536236072066202e+00,  1.4634509228384154e+00,  1.0593280572620847e-02,  9.2464636997798721e-02, -1.5074682963426083e+00,  2.7433066213374302e-01,  1.1458671960189036e-03,  5.3944910287702288e-04, -4.1258789225986714e-01,  0.0000000000000000e+00,  2.7214892791537645e-03, -3.0872528470237404e-01, -1.3258338570943028e+01,  0.0000000000000000e+00
 2.8171828171828173e+00,  6.3369500026071466e+02, -1.7373558076161275e-01,  2.9853542785307368e+01, -2.1962718648931279e-02,  9.0429052120748143e-02,  5.1149765917991874e-01,  1.7871497654590673e+03,  8.0740607730784060e+00, -1.4999952592733573e+04,  1.0024961540447961e+01,  2.6536242273571644e+00,  1.4686445334591540e+00,  1.0604863600079010e-02,  9.2454620661771791e-02, -1.5122516465888340e+00,  2.7433066213374302e-01,  1.1383604393853549e-03, -2.7901695202779825e-03, -4.8664459542215321e-01,  0.0000000000000000e+00, -4.2243419571954413e-03, -3.5786436365325447e-01, -1.5678134021443855e+00,  0.0000000000000000e+00
 2.8271728271728271e+00,  6.3369502946689101e+02, -1.7436576092808304e-01,  2.9853592280138184e+01, -2.1972610671251187e-02,  9.0420448268553166e-02,  5.1165457002540371e-01,  1.7934865118370435e+03,  8.1831415028967740e+00, -1.4999952440916910e+04,  1.0024982715173527e+01,  2.6536244737219801e+00,  1.4738397021403553e+00,  1.0616025036944230e-02,  9.2408889355035925e-02, -1.5171914650823115e+00,  2.7433066213374302e-01,  1.0653804704103547e-03, -5.5047466814863123e-03, -4.6259155774025879e-01,  0.0000000000000000e+00, -1.0386247831599775e-02, -1.8559398402065944e-01,  6.3832315460596973e+00,  0.0000000000000000e+00
 2.8371628371628370e+00,  6.3369505883394959e+02, -1.7501206707522107e-01,  2.9853641359033205e+01, -2.1985173579926316e-02,  9.0415484516739822e-02,  5.1180503068388072e-01,  1.7998232486162412e+03,  8.2927904362172722e+00, -1.4999952289940264e+04,  1.0025003850385721e+01,  2.6536243819837262e+00,  1.4790363723523661e+00,  1.0626149923164132e-02,  9.2344635713090747e-02, -1.5214942351550729e+00,  2.7433066213374302e-01,  9.4657343834996107e-04, -6.2315799320989467e-03, -4.3074876798459144e-01,  0.0000000000000000e+00, -1.3398919986886502e-02,  4.0081967247978745e-02, -8.3050369769316519e-03,  0.0000000000000000e+00
 2.8471528471528473e+00,  6.3369508831914720e+02, -1.7567365600104318e-01,  2.9853690480398789e+01, -2.1999409026723083e-02,  9.0414308059341558e-02,  5.1194784694258777e-01,  1.8061599757452361e+03,  8.4030075808656211e+00, -1.4999952139798739e+04,  1.0025024921926379e+01,  2.6536240070298409e+00,  1.4842344836416781e+00,  1.0634937593155019e-02,  9.2284382263485495e-02, -1.5257978340730127e+00,  2.7433066213374302e-01,  8.0501918706611328e-04, -5.2362208916113800e-03, -4.5588873177088612e-01,  0.0000000000000000e+00, -1.4940241120139522e-02,  1.5918891265762997e-01, -5.0247157130392130e+00,  0.0000000000000000e+00
 2.8571428571428572e+00,  6.3369511788908062e+02, -1.7634940312297165e-01,  2.9853739633234063e+01, -2.2014900122651785e-02,  9.0414547527168362e-02,  5.1208124595240756e-01,  1.8124966931726158e+03,  8.5137929464172224e+00, -1.4999951990488818e+04,  1.0025045911624561e+01,  2.6536233936428242e+00,  1.4894339575889810e+00,  1.0642234222606012e-02,  9.2240015915056553e-02, -1.5306029011245212e+00,  2.7433066213374302e-01,  6.5009641732827553e-04, -3.7650937941178637e-03, -4.9571080888816271e-01,  0.0000000000000000e+00, -1.6075297381378882e-02,  1.3533073226059170e-01, -2.9476641258374019e+00,  0.0000000000000000e+00
 2.8671328671328671e+00,  6.3369514751533313e+02, -1.7703799256814978e-01,  2.9853788516910878e+01, -2.2031441157262625e-02,  9.0413771377778993e-02,  5.1220378422501267e-01,  1.8188334008468660e+03,  8.6251465450361877e+00, -1.4999951842009932e+04,  1.0025066803096717e+01,  2.6536225650085408e+00,  1.4946346947386031e+00,  1.0647926532562177e-02,  9.2209155614252372e-02, -1.5357021459389100e+00,  2.7433066213374302e-01,  4.8510767947137665e-04, -3.0346876588596560e-03, -5.3068300530097245e-01,  0.0000000000000000e+00, -1.6955447937572657e-02,  1.0896576018103172e-02, -4.0537695960071822e+00,  0.0000000000000000e+00
 2.8771228771228770e+00,  6.3369517718576083e+02, -1.7773799198470450e-01,  2.9853836651743155e+01, -2.2048871233146555e-02,  9.0409999514011311e-02,  5.1231450213874929e-01,  1.8251700987164065e+03,  8.7370683912184202e+00, -1.4999951694363774e+04,  1.0025087581044760e+01,  2.6536215249212995e+00,  1.4998365800135316e+00,  1.0651926683734311e-02,  9.2179382794999418e-02, -1.5412059581734916e+00,  2.7433066213374302e-01,  3.1263390300867834e-04, -3.8345773349709308e-03, -5.7116271973655164e-01,  0.0000000000000000e+00, -1.7573802110257775e-02, -1.7103448917559164e-01, -4.0502692339982307e+00,  0.0000000000000000e+00
 2.8871128871128873e+00,  6.3369520691240416e+02, -1.7844789737916095e-01,  2.9853883470260325e+01, -2.2067015080457959e-02,  9.0401920786500861e-02,  5.1241288684383712e-01,  1.8315067867296798e+03,  8.8495585015898950e+00, -1.4999951547553970e+04,  1.0025108231289630e+01,  2.6536202617527942e+00,  1.5050394878852862e+00,  1.0654172964190722e-02,  9.2132540682484720e-02, -1.5471139884910889e+00,  2.7433066213374302e-01,  1.3616109813601793e-04, -6.4320983262045788e-03, -6.0057419129535261e-01,  0.0000000000000000e+00, -1.7756053425248466e-02, -3.4898921326937915e-01, -1.8379073720736643e+00,  0.0000000000000000e+00
 2.8971028971028971e+00,  6.3369523672561559e+02, -1.7916627556772624e-01,  2.9853928536765213e+01, -2.2085640317870171e-02,  9.0389771606487743e-02,  5.1249914260422591e-01,  1.8378434648353752e+03,  8.9626168941657287e+00, -1.4999951401584351e+04,  1.0025128741602353e+01,  2.6536187574350523e+00,  1.5102432899388289e+00,  1.0654647185195570e-02,  9.2050869341928396e-02, -1.5532054425150572e+00,  2.7433066213374302e-01, -3.9147672940470522e-05, -1.0334183615406748e-02, -6.3241777477256400e-01,  0.0000000000000000e+00, -1.7340762544264750e-02, -4.3220826162886017e-01, -4.5371780400613826e+00,  0.0000000000000000e+00
 2.9070929070929070e+00,  6.3369526665076557e+02, -1.7989185167992014e-01,  2.9853971814208947e+01, -2.2104558412870040e-02,  9.0375840892988765e-02,  5.1257406614938839e-01,  1.8441801329825598e+03,  9.0762435868817271e+00, -1.4999951256457365e+04,  1.0025149102493740e+01,  2.6536170046827321e+00,  1.5154478652976684e+00,  1.0653390792903200e-02,  9.1926063487371701e-02, -1.5597497082667644e+00,  2.7433066213374302e-01, -2.0867670221549851e-04, -1.4250051075416176e-02, -6.6965178674107972e-01,  0.0000000000000000e+00, -1.6598949116596248e-02, -3.5174840386503631e-01, -2.9170711560355524e+00,  0.0000000000000000e+00
 2.9170829170829169e+00,  6.3369529668906762e+02, -1.8062354972247593e-01,  2.9854013751626212e+01, -2.2123783404621278e-02,  9.0363620189125346e-02,  5.1263868996417272e-01,  1.8505167911207102e+03,  9.1904385962984687e+00, -1.4999951112171420e+04,  1.0025169305947598e+01,  2.6536150241413528e+00,  1.5206531074885274e+00,  1.0650477820515940e-02,  9.1766153036725279e-02, -1.5665850985937999e+00,  2.7433066213374302e-01, -3.6949513998386154e-04, -1.6720505881518095e-02, -6.7005622947735033e-01,  0.0000000000000000e+00, -1.5596902124631355e-02, -1.4283664831664192e-01,  2.8361017202310754e+00,  0.0000000000000000e+00
 2.9270729270729272e+00,  6.3369532682324984e+02, -1.8136051878277007e-01,  2.9854054978749293e+01, -2.2143115142512763e-02,  9.0355439788200723e-02,  5.1269429140569112e-01,  1.8568534391996045e+03,  9.3052019366480003e+00, -1.4999950968721654e+04,  1.0025189345237949e+01,  2.6536128632143159e+00,  1.5258589264755458e+00,  1.0646008272623802e-02,  9.1591987445782924e-02, -1.5731374451194589e+00,  2.7433066213374302e-01, -5.1476393888288475e-04, -1.6867656480742028e-02, -5.9588787969884527e-01,  0.0000000000000000e+00, -1.3485911414952785e-02,  1.1337709835201143e-01,  1.2012401905425484e+01,  0.0000000000000000e+00
 2.9370629370629371e+00,  6.3369535701068492e+02, -1.8210221365695736e-01,  2.9854096185399396e+01, -2.2161717673716785e-02,  9.0352640539589066e-02,  5.1274271253801484e-01,  1.8631900771691185e+03,  9.4205336189456652e+00, -1.4999950826101418e+04,  1.0025209219693659e+01,  2.6536105837675441e+00,  1.5310652504803672e+00,  1.0640192826732066e-02,  9.1429136923223936e-02, -1.5784909503360347e+00,  2.7433066213374302e-01, -6.3250094237246514e-04, -1.4427301533856721e-02, -5.4002628877280034e-01,  0.0000000000000000e+00, -1.0085036683658585e-02,  3.7518196201450243e-01, -8.2891140202904057e-01,  0.0000000000000000e+00
 2.9470529470529470e+00,  6.3369538718491867e+02, -1.8284794446598635e-01,  2.9854138147001070e+01, -2.2179111474707244e-02,  9.0356323385507212e-02,  5.1278355363942296e-01,  1.8695267049790327e+03,  9.5364336511117980e+00, -1.4999950684303398e+04,  1.0025228937191553e+01,  2.6536082561089556e+00,  1.5362720216431438e+00,  1.0633370891157819e-02,  9.1303729672878697e-02, -1.5839271811588753e+00,  2.7433066213374302e-01, -7.1924138006065116e-04, -9.4900774065370744e-03, -5.1535854034755868e-01,  0.0000000000000000e+00, -7.2803989415164728e-03,  6.1325030827490212e-01,  5.7673946367624724e+00,  0.0000000000000000e+00
 2.9570429570429568e+00,  6.3369541725741510e+02, -1.8359658357464956e-01,  2.9854181431119372e+01, -2.2195175878675314e-02,  9.0365582215868850e-02,  5.1281486854979708e-01,  1.8758633225788069e+03,  9.6529020419877458e+00, -1.4999950543319486e+04,  1.0025248506524843e+01,  2.6536059596114048e+00,  1.5414791661830081e+00,  1.0625822369587997e-02,  9.1239524987029391e-02, -1.5887878242690527e+00,  2.7433066213374302e-01, -7.7988784730989276e-04, -3.0066127434689757e-03, -4.4537879673062097e-01,  0.0000000000000000e+00, -4.8610238017850801e-03,  6.8473931727130277e-01,  8.2425500353462731e+00,  0.0000000000000000e+00
 2.9670329670329672e+00,  6.3369544714030496e+02, -1.8434691370964296e-01,  2.9854225981183681e+01, -2.2209632176629242e-02,  9.0376924172418480e-02,  5.1283532004797361e-01,  1.8821999299172689e+03,  9.7699388019412865e+00, -1.4999950403144892e+04,  1.0025267938102592e+01,  2.6536037515957029e+00,  1.5466865923058168e+00,  1.0617788716386392e-02,  9.1243657490192004e-02, -1.5928258584162305e+00,  2.7433066213374302e-01, -8.1837866683922103e-04,  3.2129425012579426e-03, -3.5338596172257392e-01,  0.0000000000000000e+00, -2.8448382679863706e-03,  5.6041564272301314e-01,  1.0174415533264549e+01,  0.0000000000000000e+00
 2.9770229770229770e+00,  6.3369547676674733e+02, -1.8509744170412679e-01,  2.9854271256649056e+01, -2.2222201785225042e-02,  9.0386278102655468e-02,  5.1284302001714099e-01,  1.8885365269425124e+03,  9.8875439436972243e+00, -1.4999950263779467e+04,  1.0025287243705366e+01,  2.6536016556551836e+00,  1.5518941845958909e+00,  1.0609471147473327e-02,  9.1303719642399181e-02, -1.5958484828449284e+00,  2.7433066213374302e-01, -8.3764196282171827e-04,  7.4145508161432517e-03, -2.5281906942667232e-01,  0.0000000000000000e+00, -1.0116735877058504e-03,  2.8074634191699643e-01,  9.9590763043763140e+00,  0.0000000000000000e+00
 2.9870129870129869e+00,  6.3369550609664179e+02, -1.8584652400149429e-01,  2.9854316463806896e+01, -2.2232514657866187e-02,  9.0390712959344963e-02,  5.1283657157696194e-01,  1.8948731136020328e+03,  1.0005717482485350e+01, -1.4999950125227664e+04,  1.0025306437255368e+01,  2.6535996623196971e+00,  1.5571018041860722e+00,  1.0601052613233112e-02,  9.1391800363641418e-02, -1.5978771884747054e+00,  2.7433066213374302e-01, -8.3792504680040502e-04,  8.7060460465737850e-03, -1.5825034819019382e-01,  0.0000000000000000e+00,  9.5500017516898946e-04, -2.2188996784761154e-02,  8.9735816871657921e+00,  0.0000000000000000e+00
 2.9970029970029972e+00,  6.3369553510521985e+02, -1.8659249135591846e-01,  2.9854360976027113e+01, -2.2240220823282583e-02,  9.0389925877917485e-02,  5.1281546442553205e-01,  1.9012096898429509e+03,  1.0124459434932268e+01, -1.4999949987495807e+04,  1.0025325535781157e+01,  2.6535977487880875e+00,  1.5623092996839347e+00,  1.0592729388296496e-02,  9.1477666616356701e-02, -1.5990103279636136e+00,  2.7433066213374302e-01, -8.1765131935783138e-04,  7.4284445351470675e-03, -7.4008696078890157e-02,  0.0000000000000000e+00,  3.1038000588342152e-03, -2.3358682580286488e-01,  7.8915970655170229e+00,  0.0000000000000000e+00
 3.0069930069930071e+00,  6.3369556378116818e+02, -1.8733378218604005e-01,  2.9854404497346430e+01, -2.2245105283267601e-02,  9.0385536836516234e-02,  5.1278017699740142e-01,  1.9075462556123562e+03,  1.0243769817579661e+01, -1.4999949850589217e+04,  1.0025344559137471e+01,  2.6535958996873306e+00,  1.5675165204452195e+00,  1.0584715923535652e-02,  9.1540220833874128e-02, -1.5993558837010569e+00,  2.7433066213374302e-01, -7.7409152063481984e-04,  4.7017259301014728e-03,  6.2281512625610384e-03,  0.0000000000000000e+00,  5.6168716455163069e-03, -3.1230223892729225e-01,  8.1718197722416726e+00,  0.0000000000000000e+00
 3.0169830169830170e+00,  6.3369559212107526e+02, -1.8806915611591110e-01,  2.9854447006055164e+01, -2.2246790005262990e-02,  9.0379487981932682e-02,  5.1273263707731120e-01,  1.9138828108575133e+03,  1.0363648645130057e+01, -1.4999949714511100e+04,  1.0025363530446660e+01,  2.6535941167683190e+00,  1.5727233304902639e+00,  1.0577263024247848e-02,  9.1571607194380705e-02, -1.5988858893769491e+00,  2.7433066213374302e-01, -7.0131526832808750e-04,  1.6242365767327308e-03,  9.1964378308418540e-02,  0.0000000000000000e+00,  8.9529340662916606e-03, -3.0381112961713697e-01,  8.9925728823391982e+00,  0.0000000000000000e+00
 3.0269730269730268e+00,  6.3369562013028212e+02, -1.8879780488367393e-01,  2.9854488571964581e+01, -2.2244915002274136e-02,  9.0373014501715157e-02,  5.1267580942058399e-01,  1.9202193555261035e+03,  1.0484095928555883e+01, -1.4999949579263190e+04,  1.0025382478418228e+01,  2.6535924118387326e+00,  1.5779296215947369e+00,  1.0570703630462164e-02,  9.1572673113129527e-02, -1.5975184335850046e+00,  2.7433066213374302e-01, -5.9385094996581113e-04, -1.0992019703340372e-03,  1.7265494097878067e-01,  0.0000000000000000e+00,  1.2561422469833130e-02, -2.4142126750563050e-01,  7.1616777642679352e+00,  0.0000000000000000e+00
 3.0369630369630372e+00,  6.3369564781347685e+02, -1.8951930024968383e-01,  2.9854529356964054e+01, -2.2239511049312061e-02,  9.0367112490405785e-02,  5.1261284619775449e-01,  1.9265558895662564e+03,  1.0605111674279108e+01, -1.4999949444846292e+04,  1.0025401435013572e+01,  2.6535908020835959e+00,  1.5831353183887513e+00,  1.0565397870402378e-02,  9.1549645117051354e-02, -1.5954362402065438e+00,  2.7433066213374302e-01, -4.5362605469813805e-04, -3.1236990084083723e-03,  2.1891185302757649e-01,  0.0000000000000000e+00,  1.5511601562754725e-02, -1.6388303951684705e-01,  2.0989560279008912e+00,  0.0000000000000000e+00
 3.0469530469530470e+00,  6.3369567517877658e+02, -1.9023344683521179e-01,  2.9854569469918964e+01, -2.2231125485862292e-02,  9.0361919246295594e-02,  5.1254627014058496e-01,  1.9328924129265247e+03,  1.0726695884511617e+01, -1.4999949311261256e+04,  1.0025420430855899e+01,  2.6535893044308909e+00,  1.5883403754812775e+00,  1.0561640172825838e-02,  9.1510261544529958e-02, -1.5931445703876503e+00,  2.7433066213374302e-01, -2.9109618164838434e-04, -4.3400280377908088e-03,  2.4007074284648386e-01,  0.0000000000000000e+00,  1.7026879021807672e-02, -7.9626032165498503e-02,  2.1370537138433487e+00,  0.0000000000000000e+00
 3.0569430569430569e+00,  6.3369570221725917e+02, -1.9094015941329720e-01,  2.9854609184311176e+01, -2.2220495978760146e-02,  9.0358688250092897e-02,  5.1247782089694238e-01,  1.9392289255557623e+03,  1.0848848558551477e+01, -1.4999949178508929e+04,  1.0025439490702508e+01,  2.6535879355924488e+00,  1.5935447689685482e+00,  1.0559581762876935e-02,  9.1462931270142447e-02, -1.5906396219678529e+00,  2.7433066213374302e-01, -1.2032679529715760e-04, -4.2576852335828629e-03,  2.2081190218260596e-01,  0.0000000000000000e+00,  1.7161152125708318e-02,  9.6111061567929520e-02, -5.9926736147517490e+00,  0.0000000000000000e+00
 3.0669330669330668e+00,  6.3369572888592779e+02, -1.9163928724892876e-01,  2.9854649159054961e+01, -2.2208457254813681e-02,  9.0360025745369818e-02,  5.1240810594439257e-01,  1.9455654274029482e+03,  1.0971569693914313e+01, -1.4999949046587997e+04,  1.0025458632499912e+01,  2.6535867314194448e+00,  1.5987484911267422e+00,  1.0559236041051669e-02,  9.1425192908494338e-02, -1.5887327441702157e+00,  2.7433066213374302e-01,  4.3146728610665687e-05, -2.1483474126868041e-03,  1.5444862883839278e-01,  0.0000000000000000e+00,  1.5566247360637784e-02,  3.2617837017544232e-01, -7.2932537087588774e+00,  0.0000000000000000e+00
 3.0769230769230771e+00,  6.3369575513554628e+02, -1.9233043481671544e-01,  2.9854689997806830e+01, -2.2196014233104300e-02,  9.0366609096838205e-02,  5.1233635093435037e-01,  1.9519019184169631e+03,  1.1094859288922496e+01, -1.4999948915495101e+04,  1.0025477864797411e+01,  2.6535857456610881e+00,  1.6039515355832485e+00,  1.0560443835376649e-02,  9.1420007245912940e-02, -1.5875537352777751e+00,  2.7433066213374302e-01,  1.8533759212072506e-04,  1.8238618784771920e-03,  1.2090953271371484e-01,  0.0000000000000000e+00,  1.2900363514075801e-02,  4.6905792991558126e-01,  5.7872666459842526e-01,  0.0000000000000000e+00
 3.0869130869130870e+00,  6.3369578092032611e+02, -1.9301316958238030e-01,  2.9854731836436475e+01, -2.2183328464244298e-02,  9.0376009854727046e-02,  5.1226232484528889e-01,  1.9582383985464257e+03,  1.1218717344408823e+01, -1.4999948785228098e+04,  1.0025497189018642e+01,  2.6535850243532924e+00,  1.6091538871671571e+00,  1.0562939089845290e-02,  9.1461633705267109e-02, -1.5863169692908208e+00,  2.7433066213374302e-01,  3.0370584829517681e-04,  6.2158737622386570e-03,  1.0117618173238563e-01,  0.0000000000000000e+00,  1.0796961372048320e-02,  4.1022284921344521e-01, -4.5293435310611425e+00,  0.0000000000000000e+00
 3.0969030969030968e+00,  6.3369580621670480e+02, -1.9368713023652107e-01,  2.9854774158614248e+01, -2.2170345787434608e-02,  9.0383614359772338e-02,  5.1218619862533454e-01,  1.9645748677395659e+03,  1.1343143863358277e+01, -1.4999948655789132e+04,  1.0025516607343587e+01,  2.6535845778652489e+00,  1.6143555255468875e+00,  1.0566511884293635e-02,  9.1544200527875749e-02, -1.5855322331452599e+00,  2.7433066213374302e-01,  4.0020035319676201e-04,  8.9979479404543334e-03,  7.3277944134390011e-02,  0.0000000000000000e+00,  8.5212385092492647e-03,  1.4674840126533970e-01, -1.0558836360576447e+00,  0.0000000000000000e+00
 3.1068931068931067e+00,  6.3369583102927686e+02, -1.9435199601707143e-01,  2.9854816081435683e+01, -2.2157457996168427e-02,  9.0385828343163124e-02,  5.1210801254177696e-01,  1.9709113259442743e+03,  1.1468138850868010e+01, -1.4999948527185732e+04,  1.0025536119433466e+01,  2.6535843724930150e+00,  1.6195564229561641e+00,  1.0570935100898172e-02,  9.1641412884896564e-02, -1.5848528745029209e+00,  2.7433066213374302e-01,  4.7311029279621084e-04,  9.0435474104365917e-03,  8.5027740212536007e-02,  0.0000000000000000e+00,  6.0753313985623929e-03, -1.3761938737484497e-01,  3.4081928109027264e+00,  0.0000000000000000e+00
 3.1168831168831170e+00,  6.3369585536345357e+02, -1.9500764224836478e-01,  2.9854857079088795e+01, -2.2144864102373679e-02,  9.0383283045895060e-02,  5.1202848702660642e-01,  1.9772477731082877e+03,  1.1593702312448453e+01, -1.4999948399427261e+04,  1.0025555721742704e+01,  2.6535843595846380e+00,  1.6247565528693408e+00,  1.0575964637396457e-02,  9.1724890785826532e-02, -1.5838333771969575e+00,  2.7433066213374302e-01,  5.2351866360389921e-04,  7.0118898866353800e-03,  1.0140781155761894e-01,  0.0000000000000000e+00,  4.0164244371367029e-03, -2.6911844889015341e-01, -1.2890252761715884e-01,  0.0000000000000000e+00
 3.1268731268731269e+00,  6.3369587922278515e+02, -1.9565410657932925e-01,  2.9854897145843566e+01, -2.2132766592103479e-02,  9.0378970855678642e-02,  5.1194853369617188e-01,  1.9835842091794691e+03,  1.1719834252006867e+01, -1.4999948272520718e+04,  1.0025575409750786e+01,  2.6535845095405493e+00,  1.6299559015152643e+00,  1.0581395014256891e-02,  9.1781510584929241e-02, -1.5828267444018695e+00,  2.7433066213374302e-01,  5.5342889410074680e-04,  4.5520667373143290e-03,  2.8412465151535768e-02,  0.0000000000000000e+00,  1.9716037083297448e-03, -2.2333814560394599e-01, -1.4484765822881306e+01,  0.0000000000000000e+00
 3.1368631368631368e+00,  6.3369590261085943e+02, -1.9629141186841190e-01,  2.9854936654726060e+01, -2.2121613329085965e-02,  9.0376172279782799e-02,  5.1186852129262339e-01,  1.9899206341059758e+03,  1.1846534671809367e+01, -1.4999948146469644e+04,  1.0025595176330325e+01,  2.6535848229302239e+00,  1.6351544676408163e+00,  1.0587022157758110e-02,  9.1815841170188456e-02, -1.5832656955755482e+00,  2.7433066213374302e-01,  5.5991178636204586e-04,  3.2058930556588009e-03, -1.2151416650761020e-01,  0.0000000000000000e+00, -6.7372867761764218e-04, -4.6165825463493862e-02, -1.5530545835280066e+01,  0.0000000000000000e+00
 3.1468531468531467e+00,  6.3369592551853646e+02, -1.9691938626253588e-01,  2.9854976175016116e+01, -2.2112053082681941e-02,  9.0377193782535184e-02,  5.1178788351394444e-01,  1.9962570478362873e+03,  1.1973803574175422e+01, -1.4999948021274033e+04,  1.0025615008818027e+01,  2.6535853291849447e+00,  1.6403522534488482e+00,  1.0592582062935453e-02,  9.1845564392235110e-02, -1.5852545998765470e+00,  2.7433066213374302e-01,  5.3675009365227930e-04,  3.8387632413024041e-03, -2.5364026701308556e-01,  0.0000000000000000e+00, -3.9632422028751235e-03,  1.7286643662935405e-01, -1.0921099485917052e+01,  0.0000000000000000e+00
 3.1568431568431570e+00,  6.3369594792003033e+02, -1.9753767921515342e-01,  2.9855016264196163e+01, -2.2104532814953597e-02,  9.0382908093732464e-02,  5.1170556491786523e-01,  2.0025934503190151e+03,  1.2101640963133677e+01, -1.4999947896932013e+04,  1.0025634888660555e+01,  2.6535860742733446e+00,  1.6455492550855648e+00,  1.0597746435353560e-02,  9.1892539736448245e-02, -1.5883334331782073e+00,  2.7433066213374302e-01,  4.7965175297291654e-04,  6.4074024953005293e-03, -3.1461465701000202e-01,  0.0000000000000000e+00, -7.4678456011331718e-03,  3.4137514202106523e-01, -1.2859733914654907e+00,  0.0000000000000000e+00
 3.1668331668331668e+00,  6.3369596979135667e+02, -1.9814583170724639e-01,  2.9855057177612785e+01, -2.2099282234443376e-02,  9.0391973414367444e-02,  5.1162058406082633e-01,  2.0089298415026790e+03,  1.2230046845247955e+01, -1.4999947773442038e+04,  1.0025654793406089e+01,  2.6535871037726584e+00,  1.6507454572423270e+00,  1.0602165514543304e-02,  9.1973584422111246e-02, -1.5915406070096141e+00,  2.7433066213374302e-01,  3.8874462348402846e-04,  9.9765683181357295e-03, -3.0329169819327417e-01,  0.0000000000000000e+00, -1.0731761722544239e-02,  3.7317185571050626e-01,  3.5528297465758842e+00,  0.0000000000000000e+00
 3.1768231768231767e+00,  6.3369599111350647e+02, -1.9874346274586838e-01,  2.9855098736997949e+01, -2.2096324435421904e-02,  9.0401430247059905e-02,  5.1153284984320535e-01,  2.0152662213355902e+03,  1.2359021229088425e+01, -1.4999947650805138e+04,  1.0025674698980184e+01,  2.6535884424088279e+00,  1.6559408357399801e+00,  1.0605513560697897e-02,  9.2091871770776629e-02, -1.5943932073678830e+00,  2.7433066213374302e-01,  2.6864252501338436e-04,  1.3082358764353401e-02, -2.5084411326979494e-01,  0.0000000000000000e+00, -1.3312678391278993e-02,  2.4860739162227899e-01,  6.9471767551047856e+00,  0.0000000000000000e+00
 3.1868131868131866e+00,  6.3369601188359184e+02, -1.9933037419737207e-01,  2.9855140451132538e+01, -2.2095499906624953e-02,  9.0408550732756388e-02,  5.1144315590215583e-01,  2.0216025897657685e+03,  1.2488564123936637e+01, -1.4999947529026567e+04,  1.0025694581990823e+01,  2.6535900830859389e+00,  1.6611353656153869e+00,  1.0607532997560554e-02,  9.2234970211608813e-02, -1.5965524774046149e+00,  2.7433066213374302e-01,  1.2781107381820678e-04,  1.4640429426576453e-02, -1.9143398630505221e-01,  0.0000000000000000e+00, -1.4881778137994656e-02,  6.3318354954841796e-02,  4.9467306632357735e+00,  0.0000000000000000e+00
 3.1968031968031969e+00,  6.3369603211588833e+02, -1.9990655531112561e-01,  2.9855181850354715e+01, -2.2096509192019140e-02,  9.0412353525651468e-02,  5.1135260317824693e-01,  2.0279389467411004e+03,  1.2618675538403147e+01, -1.4999947408114198e+04,  1.0025714421725469e+01,  2.6535919996578321e+00,  1.6663290293287321e+00,  1.0608067228506452e-02,  9.2384387843235702e-02, -1.5982180622391129e+00,  2.7433066213374302e-01, -2.3378524687222095e-05,  1.4412632354873434e-02, -1.5911549485952833e-01,  0.0000000000000000e+00, -1.5386379482791885e-02, -1.0892332870978549e-01,  1.5234313241580344e+00,  0.0000000000000000e+00
 3.2067932067932068e+00,  6.3369605183919680e+02, -2.0047204964642742e-01,  2.9855222561094958e+01, -2.2098963745234835e-02,  9.0412934308110982e-02,  5.1126178691831137e-01,  2.0342752922095390e+03,  1.2749355480097067e+01, -1.4999947288076703e+04,  1.0025734201320953e+01,  2.6535941600319650e+00,  1.6715218171502537e+00,  1.0607065894170200e-02,  9.2522934894023870e-02, -1.5997316081710391e+00,  2.7433066213374302e-01, -1.7516752826182586e-04,  1.2770719983437612e-02, -1.5420599059616608e-01,  0.0000000000000000e+00, -1.5001779032843353e-02, -2.1978752805172930e-01, -5.4054857063225603e-01,  0.0000000000000000e+00
 3.2167832167832167e+00,  6.3369607108796708e+02, -2.0102682317460133e-01,  2.9855262404777648e+01, -2.2102440866910326e-02,  9.0411333032731092e-02,  5.1117046686749656e-01,  2.0406116261192622e+03,  1.2880603956191065e+01, -1.4999947168922314e+04,  1.0025753908075382e+01,  2.6535965379349351e+00,  1.6767137213282943e+00,  1.0604567377791930e-02,  9.2639547083664023e-02, -1.6012991010122630e+00,  2.7433066213374302e-01, -3.1975453310320980e-04,  1.0427444672345767e-02, -1.5294044731796111e-01,  0.0000000000000000e+00, -1.3944539336402852e-02, -2.4933618922880593e-01,  7.9391033492817542e-01,  0.0000000000000000e+00
 3.2267732267732270e+00,  6.3369608989712788e+02, -2.0157070144798694e-01,  2.9855301401529871e+01, -2.2106495303408615e-02,  9.0409033291171684e-02,  5.1107781110117501e-01,  2.0469479484187721e+03,  1.3012420974166917e+01, -1.4999947050657534e+04,  1.0025773533441173e+01,  2.6535991205457141e+00,  1.6819047297947913e+00,  1.0600677192210096e-02,  9.2731275446917893e-02, -1.6027873613642052e+00,  2.7433066213374302e-01, -4.5117050026041499e-04,  8.2367061536167251e-03, -1.2607159875694526e-01,  0.0000000000000000e+00, -1.2364937288469349e-02, -1.8924966222074388e-01,  4.5852331469871412e+00,  0.0000000000000000e+00
 3.2367632367632369e+00,  6.3369610828756367e+02, -2.0210342644020615e-01,  2.9855339815691913e+01, -2.2110708731340908e-02,  9.0407963044713074e-02,  5.1098306558930262e-01,  2.0532842590569185e+03,  1.3144806541968000e+01, -1.4999946933286794e+04,  1.0025793072973407e+01,  2.6536019136431710e+00,  1.6870948248518949e+00,  1.0595552982182331e-02,  9.2804116637182840e-02, -1.6038180140743399e+00,  2.7433066213374302e-01, -5.6475874438844395e-04,  7.0095516313596236e-03, -6.5334920542778618e-02,  0.0000000000000000e+00, -1.0375429185959755e-02, -5.6426673135158721e-02,  7.5742498314895217e+00,  0.0000000000000000e+00
 3.2467532467532467e+00,  6.3369612626368280e+02, -2.0262476707519911e-01,  2.9855378043158854e+01, -2.2114720252325238e-02,  9.0409603736956820e-02,  5.1088612505509745e-01,  2.0596205579828234e+03,  1.3277760667443085e+01, -1.4999946816812308e+04,  1.0025812526078857e+01,  2.6536049407785063e+00,  1.6922839876291056e+00,  1.0589393301213324e-02,  9.2871326428563439e-02, -1.6040927543820429e+00,  2.7433066213374302e-01, -6.5684513463188147e-04,  7.2075757860614788e-03,  4.1702854534266410e-03,  0.0000000000000000e+00, -8.0602661407766472e-03,  9.6071108906470581e-02,  6.3406924089509316e+00,  0.0000000000000000e+00
 3.2567432567432566e+00,  6.3369614381961867e+02, -2.0313463381973507e-01,  2.9855416414134915e+01, -2.2118241853894108e-02,  9.0414106287929535e-02,  5.1078775483206429e-01,  2.0659568451457585e+03,  1.3411283357517135e+01, -1.4999946701235600e+04,  1.0025831895693505e+01,  2.6536082339022800e+00,  1.6974722048481834e+00,  1.0582429203268608e-02,  9.2948124145395855e-02, -1.6037346916876580e+00,  2.7433066213374302e-01, -7.2487951524138102e-04,  8.5573067067682973e-03,  5.6119191918663131e-02,  0.0000000000000000e+00, -5.5602168572483034e-03,  1.7414502141906796e-01,  4.0594786653896042e+00,  0.0000000000000000e+00
 3.2667332667332669e+00,  6.3369616095903746e+02, -2.0363312535587716e-01,  2.9855454898960950e+01, -2.2121061098912188e-02,  9.0419518575415594e-02,  5.1068927411904774e-01,  2.0722931204950469e+03,  1.3545374617733522e+01, -1.4999946586559658e+04,  1.0025851187690472e+01,  2.6536118135987281e+00,  1.7026594726923727e+00,  1.0574910194015694e-02,  9.3042301587539830e-02, -1.6029714918062454e+00,  2.7433066213374302e-01, -7.6789081157997252e-04,  1.0004619135228031e-02,  8.4926412034719137e-02,  0.0000000000000000e+00, -3.0506446697376229e-03,  1.1560692675856776e-01,  1.7077268018447471e+00,  0.0000000000000000e+00
 3.2767232767232768e+00,  6.3369617770560706e+02, -2.0412049313088407e-01,  2.9855493081237093e+01, -2.2123039379444001e-02,  9.0422965250710502e-02,  5.1059197499836462e-01,  2.0786293839800151e+03,  1.3680034452234910e+01, -1.4999946472791135e+04,  1.0025870410138587e+01,  2.6536156730307736e+00,  1.7078457963178568e+00,  1.0567086729510766e-02,  9.3148016635610204e-02, -1.6020378602783729e+00,  2.7433066213374302e-01, -7.8700171427118328e-04,  1.0328951473245737e-02,  8.8028885667287893e-02,  0.0000000000000000e+00, -7.7535804903926047e-04, -5.0675592687472015e-02, -1.0866115806049277e+00,  0.0000000000000000e+00
 3.2867132867132867e+00,  6.3369619409810662e+02, -2.0459699668712861e-01,  2.9855530420026053e+01, -2.2124169395122184e-02,  9.0422732492431268e-02,  5.1049644217658419e-01,  2.0849656355500674e+03,  1.3815262864280221e+01, -1.4999946359939930e+04,  1.0025889572149289e+01,  2.6536197791687801e+00,  1.7130311858250797e+00,  1.0559185884040246e-02,  9.3248674244347934e-02, -1.6012126729117941e+00,  2.7433066213374302e-01, -7.8670612852058369e-04,  9.0705605654489430e-03,  5.1192184869890654e-02,  0.0000000000000000e+00,  8.3453431630929565e-04, -2.0125426705344898e-01, -6.2880959190340864e+00,  0.0000000000000000e+00
 3.2967032967032965e+00,  6.3369621016859480e+02, -2.0506272704660558e-01,  2.9855566687236333e+01, -2.2124747401841522e-02,  9.0419937049871169e-02,  5.1040210859370416e-01,  2.0913018751547197e+03,  1.3951059857135984e+01, -1.4999946248016375e+04,  1.0025908681524832e+01,  2.6536240955053700e+00,  1.7182156506758925e+00,  1.0551368325344521e-02,  9.3329246616937853e-02, -1.6010150394018516e+00,  2.7433066213374302e-01, -7.7625795253846545e-04,  6.9579789094592857e-03, -1.4509785492567607e-02,  0.0000000000000000e+00,  1.2571905153072817e-03, -2.2168458047564468e-01, -6.8654385475299700e+00,  0.0000000000000000e+00
 3.3066933066933069e+00,  6.3369622593315444e+02, -2.0551748796431632e-01,  2.9855602075429196e+01, -2.2125242878677454e-02,  9.0417204407221133e-02,  5.1030734782936993e-01,  2.0976381027436491e+03,  1.4087425435313843e+01, -1.4999946137027902e+04,  1.0025927741517302e+01,  2.6536286083809424e+00,  1.7233991925426908e+00,  1.0543676234638878e-02,  9.3387694801979490e-02, -1.6015025787158415e+00,  2.7433066213374302e-01, -7.6684292911131729e-04,  5.2230024798821540e-03, -8.8787551070844850e-02,  0.0000000000000000e+00,  6.2769717480776275e-04, -1.2565770072569343e-01, -8.0049701212409783e+00,  0.0000000000000000e+00
 3.3166833166833167e+00,  6.3369624139757616e+02, -2.0596083611342894e-01,  2.9855636961598588e+01, -2.2125985909642799e-02,  9.0416574360277377e-02,  5.1021022244815784e-01,  2.1039743182666939e+03,  1.4224359605518343e+01, -1.4999946026978654e+04,  1.0025946750679775e+01,  2.6536333304173012e+00,  1.7285817990882359e+00,  1.0536046788299339e-02,  9.3433602310841593e-02, -1.6027890164462242e+00,  2.7433066213374302e-01, -7.6751276565447443e-04,  4.8074220480158166e-03, -1.7865174109152354e-01,  0.0000000000000000e+00, -7.6179845074443608e-04,  4.2458498266034130e-02, -9.9858407208983540e+00,  0.0000000000000000e+00
 3.3266733266733266e+00,  6.3369625654379047e+02, -2.0639209305964987e-01,  2.9855671869361160e+01, -2.2127334975976444e-02,  9.0419665281091452e-02,  5.1010878183469044e-01,  2.1103105216737276e+03,  1.4361862376988666e+01, -1.4999945917869958e+04,  1.0025965703525531e+01,  2.6536382960251279e+00,  1.7337634422215471e+00,  1.0528341314246181e-02,  9.3483747190551233e-02, -1.6050720440723154e+00,  2.7433066213374302e-01, -7.8527297904684484e-04,  6.0728043616495551e-03, -2.5799873657184030e-01,  0.0000000000000000e+00, -2.7937962704081736e-03,  2.1087104092344319e-01, -5.8994277742612500e+00,  0.0000000000000000e+00
 3.3366633366633365e+00,  6.3369627134989514e+02, -2.0681042437047684e-01,  2.9855707124133801e+01, -2.2129546011422339e-02,  9.0425905534359377e-02,  5.1000137699644643e-01,  2.1166467129144853e+03,  1.4499933761733379e+01, -1.4999945809701931e+04,  1.0025984590492076e+01,  2.6536435493496224e+00,  1.7389440770765330e+00,  1.0520357018488214e-02,  9.3554937063322102e-02, -1.6079438363577494e+00,  2.7433066213374302e-01, -8.2377264274803455e-04,  8.3578305416635284e-03, -2.7848730571240193e-01,  0.0000000000000000e+00, -4.9138364025735357e-03,  2.4659120031538595e-01,  1.7976162323194544e+00,  0.0000000000000000e+00
 3.3466533466533468e+00,  6.3369628582127746e+02, -2.0721499725113640e-01,  2.9855742475851571e+01, -2.2132492260009719e-02,  9.0431866130558064e-02,  5.0988717175196285e-01,  2.1229828919385077e+03,  1.4638573774208330e+01, -1.4999945702477129e+04,  1.0026003400337110e+01,  2.6536491161368532e+00,  1.7441236423842736e+00,  1.0511882320385081e-02,  9.3650736811763294e-02, -1.6106362260046312e+00,  2.7433066213374302e-01, -8.7801517666462835e-04,  1.0099543109249759e-02, -2.3340495074655424e-01,  0.0000000000000000e+00, -5.9455188875284261e-03,  1.0209965571537358e-01,  7.2278712318431557e+00,  0.0000000000000000e+00
 3.3566433566433567e+00,  6.3369629998583105e+02, -2.0760521165840196e-01,  2.9855777323822419e+01, -2.2135403017353308e-02,  9.0434421527710834e-02,  5.0976692034292859e-01,  2.1293190586951946e+03,  1.4777782429624763e+01, -1.4999945596202197e+04,  1.0026022125986168e+01,  2.6536549864390500e+00,  1.7493020699730377e+00,  1.0502814257715693e-02,  9.3756726136433988e-02, -1.6126072719371012e+00,  2.7433066213374302e-01, -9.3225964713612220e-04,  1.0147412523826439e-02, -1.4401508826710285e-01,  0.0000000000000000e+00, -4.9142241008606072e-03, -9.2516198917171638e-02,  1.0667979236543935e+01,  0.0000000000000000e+00
 3.3666333666333665e+00,  6.3369631387862376e+02, -2.0798079672990530e-01,  2.9855811260909743e+01, -2.2137323112129993e-02,  9.0433536484799168e-02,  5.0964254128761954e-01,  2.1356552131340145e+03,  1.4917559741323945e+01, -1.4999945490886306e+04,  1.0026040770018694e+01,  2.6536611315963339e+00,  1.7544793029780992e+00,  1.0493255754008736e-02,  9.3853482316734849e-02, -1.6135136503456322e+00,  2.7433066213374302e-01, -9.6692544080905515e-04,  8.7663952438729736e-03, -4.7592851904472135e-02,  0.0000000000000000e+00, -2.0258677924606312e-03, -1.8396346052951529e-01,  8.6357524832549579e+00,  0.0000000000000000e+00
 3.3766233766233764e+00,  6.3369632752268080e+02, -2.0834175953181946e-01,  2.9855844341534723e+01, -2.2137457358114482e-02,  9.0431775345506574e-02,  5.0951616477725048e-01,  2.1419913552046910e+03,  1.5057905719044578e+01, -1.4999945386537674e+04,  1.0026059344985933e+01,  2.6536675326175652e+00,  1.7596553078285706e+00,  1.0483495068089139e-02,  9.3931878888559320e-02, -1.6135581780690587e+00,  2.7433066213374302e-01, -9.6775922428217443e-04,  7.2798131744650409e-03, -1.1855936225961790e-02,  0.0000000000000000e+00,  1.8589443411377588e-03, -1.1365026976591881e-01, -1.4812219644170921e+00,  0.0000000000000000e+00
 3.3866133866133867e+00,  6.3369634092366778e+02, -2.0868821570464496e-01,  2.9855876989723054e+01, -2.2135434444043655e-02,  9.0432076216284588e-02,  5.0938930382220060e-01,  2.1483274848572514e+03,  1.5198820368864654e+01, -1.4999945283161434e+04,  1.0026077870530573e+01,  2.6536741970185176e+00,  1.7648300742724090e+00,  1.0473919905371729e-02,  9.3998933129411474e-02, -1.6137505321883088e+00,  2.7433066213374302e-01, -9.3086866066216186e-04,  6.9210330985309152e-03, -6.2405132579371220e-02,  0.0000000000000000e+00,  5.5265464955886702e-03,  4.1822498563907504e-02, -8.6387271455353680e+00,  0.0000000000000000e+00
 3.3966033966033966e+00,  6.3369635407889223e+02, -2.0902024519567605e-01,  2.9855909637832564e+01, -2.2131337568000883e-02,  9.0435644221971562e-02,  5.0926267678019477e-01,  2.1546636020419419e+03,  1.5340303694798104e+01, -1.4999945180760802e+04,  1.0026096368224755e+01,  2.6536811508003932e+00,  1.7700036058719093e+00,  1.0464896293650335e-02,  9.4070161268150349e-02, -1.6148050338648503e+00,  2.7433066213374302e-01, -8.6236708242721464e-04,  8.0758620636799602e-03, -1.4508412701731596e-01,  0.0000000000000000e+00,  8.1874694670518323e-03,  1.8937426025890131e-01, -7.9136075409406983e+00,  0.0000000000000000e+00
 3.4065934065934065e+00,  6.3369636697747706e+02, -2.0933785533769217e-01,  2.9855942580830298e+01, -2.2125519951165271e-02,  9.0442197412708772e-02,  5.0913629127929727e-01,  2.1609997067090853e+03,  1.5482355700545101e+01, -1.4999945079338762e+04,  1.0026114857606180e+01,  2.6536884238768428e+00,  1.7751759099244320e+00,  1.0456689793834722e-02,  9.4160289014799683e-02, -1.6166493159448985e+00,  2.7433066213374302e-01, -7.7453622787270978e-04,  1.0369801167408750e-02, -1.9248320347125800e-01,  0.0000000000000000e+00,  9.3962676147563724e-03,  2.6987234830764212e-01, -1.5756875651393965e+00,  0.0000000000000000e+00
 3.4165834165834168e+00,  6.3369637960894556e+02, -2.0964097319335945e-01,  2.9855975893667402e+01, -2.2118550774176262e-02,  9.0450408579537872e-02,  5.0900957243705236e-01,  2.1673357988089301e+03,  1.5624976390462523e+01, -1.4999944978899533e+04,  1.0026133353224855e+01,  2.6536960385403447e+00,  1.7803469892038675e+00,  1.0449421044342188e-02,  9.4277350102664012e-02, -1.6186508521160243e+00,  2.7433066213374302e-01, -6.8184900317908199e-04,  1.2960912748191949e-02, -1.6806755514738889e-01,  0.0000000000000000e+00,  9.1597147689077181e-03,  2.4886819016514874e-01,  6.4637003595779401e+00,  0.0000000000000000e+00
 3.4265734265734267e+00,  6.3369639197733397e+02, -2.0992947520156569e-01,  2.9856009363513284e+01, -2.2110966280520665e-02,  9.0458197217757802e-02,  5.0888185003232556e-01,  2.1736718782915259e+03,  1.5768165769836964e+01, -1.4999944879449708e+04,  1.0026151863526319e+01,  2.6537040001426342e+00,  1.7855168374742934e+00,  1.0443066437127847e-02,  9.4419248310467857e-02, -1.6200073090547364e+00,  2.7433066213374302e-01, -5.9558013364021680e-04,  1.4974019478437892e-02, -7.8681089923244948e-02,  0.0000000000000000e+00,  8.1113129127759094e-03,  1.5415577723002510e-01,  1.1431469978296349e+01,  0.0000000000000000e+00
 3.4365634365634365e+00,  6.3369640408892155e+02, -2.1020327681103682e-01,  2.9856042744339103e+01, -2.2102941915754820e-02,  9.0464635457531681e-02,  5.0875284979004387e-01,  2.1800079451068113e+03,  1.5911923844227834e+01, -1.4999944780998159e+04,  1.0026170392702966e+01,  2.6537122984251438e+00,  1.7906854416447280e+00,  1.0437521341372354e-02,  9.4576531311024406e-02, -1.6202229018647405e+00,  2.7433066213374302e-01, -5.1855227687988743e-04,  1.6046924004809886e-02,  1.7760799987083239e-02,  0.0000000000000000e+00,  7.3096640106422098e-03,  6.0639708949650761e-02,  7.8761963817515781e+00,  0.0000000000000000e+00
 3.4465534465534464e+00,  6.3369641594795871e+02, -2.1046237178417809e-01,  2.9856075876395046e+01, -2.2094342097659186e-02,  9.0469721711587764e-02,  5.0862281039690294e-01,  2.1863439992045605e+03,  1.6056250618283567e+01, -1.4999944683554526e+04,  1.0026188945257587e+01,  2.6537209194499836e+00,  1.7958527885848841e+00,  1.0432705752275102e-02,  9.4739866172701817e-02, -1.6196524479161334e+00,  2.7433066213374302e-01, -4.4795054309413972e-04,  1.6272384596799180e-02,  7.5430951987781589e-02,  0.0000000000000000e+00,  6.8248030932623518e-03, -1.5502498433320694e-02,  3.6693680487885389e+00,  0.0000000000000000e+00
 3.4565434565434567e+00,  6.3369642756628355e+02, -2.1070678435439796e-01,  2.9856108601697489e+01, -2.2085219301451756e-02,  9.0473385560469188e-02,  5.0849216090738480e-01,  2.1926800405344843e+03,  1.6201146095442020e+01, -1.4999944587128552e+04,  1.0026207526429650e+01,  2.6537298487847436e+00,  1.8010188683286106e+00,  1.0428571280571272e-02,  9.4901653880391026e-02, -1.6187157899369127e+00,  2.7433066213374302e-01, -3.8257327144611443e-04,  1.5920865426066848e-02,  1.2309610396913674e-01,  0.0000000000000000e+00,  6.2637266906721773e-03, -5.4871639547291635e-02,  5.8731953778786616e+00,  0.0000000000000000e+00
 3.4665334665334666e+00,  6.3369643894226203e+02, -2.1093663469809509e-01,  2.9856140998759251e+01, -2.2075776126511217e-02,  9.0477056255342150e-02,  5.0836155414589002e-01,  2.1990160690462849e+03,  1.6346610277860819e+01, -1.4999944491729857e+04,  1.0026226140229639e+01,  2.6537390757994967e+00,  1.8061836761283871e+00,  1.0425061930667787e-02,  9.5057965382013845e-02, -1.6171929852993674e+00,  2.7433066213374302e-01, -3.2208196048243870e-04,  1.5737189558472090e-02,  1.8804927982374040e-01,  0.0000000000000000e+00,  5.8466337642572733e-03,  1.8099730854752163e-02,  7.1304304282123327e+00,  0.0000000000000000e+00
 3.4765234765234765e+00,  6.3369645004083702e+02, -2.1115219850163053e-01,  2.9856173512143620e+01, -2.2065928034752588e-02,  9.0483140102004034e-02,  5.0823215549436951e-01,  2.2053520846895794e+03,  1.6492643165473982e+01, -1.4999944397365402e+04,  1.0026244790145695e+01,  2.6537486102224079e+00,  1.8113472189273443e+00,  1.0422136076565629e-02,  9.5216083242198657e-02, -1.6149585615688060e+00,  2.7433066213374302e-01, -2.6182434864771261e-04,  1.6580525081633043e-02,  2.3252263211359814e-01,  0.0000000000000000e+00,  6.2169401250550226e-03,  1.5073604088207296e-01,  1.7731347002172910e+00,  0.0000000000000000e+00
 3.4865134865134864e+00,  6.3369646082342024e+02, -2.1135390069316315e-01,  2.9856206495551099e+01, -2.2055469254299472e-02,  9.0491899089042802e-02,  5.0810534342980151e-01,  2.2116880874137819e+03,  1.6639244755628162e+01, -1.4999944304040580e+04,  1.0026263482702934e+01,  2.6537584750968959e+00,  1.8165095198164849e+00,  1.0419830674950550e-02,  9.5389244604424092e-02, -1.6125471784639309e+00,  2.7433066213374302e-01, -1.9667055408004478e-04,  1.8393486610693933e-02,  2.6294107140971595e-01,  0.0000000000000000e+00,  6.8268495473910512e-03,  2.1221885723599415e-01,  4.3166368468665439e+00,  0.0000000000000000e+00
 3.4965034965034967e+00,  6.3369647127192707e+02, -2.1154222874529724e-01,  2.9856239952680440e+01, -2.2044361198835408e-02,  9.0501719247643858e-02,  5.0798220664693439e-01,  2.2180240771681019e+03,  1.6786415044194683e+01, -1.4999944211762315e+04,  1.0026282225668432e+01,  2.6537686823850253e+00,  1.8216706117870409e+00,  1.0418206594965628e-02,  9.5583585472182556e-02, -1.6097049937084720e+00,  2.7433066213374302e-01, -1.2500064450868877e-04,  2.0406049628068960e-02,  2.7481910065413934e-01,  0.0000000000000000e+00,  7.5214663487942687e-03,  1.9069625884248173e-01, -1.9386553921330127e+00,  0.0000000000000000e+00
 3.5064935064935066e+00,  6.3369648137873457e+02, -2.1171774036572791e-01,  2.9856273750241826e+01, -2.2032642962355159e-02,  9.0511330586183422e-02,  5.0786357378276181e-01,  2.2243600539015333e+03,  1.6934154025986551e+01, -1.4999944120539451e+04,  1.0026301027632638e+01,  2.6537792276804257e+00,  1.8268305359363359e+00,  1.0417333159575751e-02,  9.5796957883706194e-02, -1.6070562873419700e+00,  2.7433066213374302e-01, -5.0090076646364958e-05,  2.2019986154698711e-02,  2.2080661248030703e-01,  0.0000000000000000e+00,  7.4756293372433575e-03,  1.3241383378869881e-01, -8.8746447402694724e+00,  0.0000000000000000e+00
 3.5164835164835164e+00,  6.3369649113580238e+02, -2.1188081789331412e-01,  2.9856307760302624e+01, -2.2020984348615227e-02,  9.0520254508422007e-02,  5.0774897466821778e-01,  2.2306960175628888e+03,  1.7082461695879275e+01, -1.4999944030382254e+04,  1.0026319893952671e+01,  2.6537900977615054e+00,  1.8319893346912626e+00,  1.0417205794233433e-02,  9.6023545235513194e-02, -1.6052932731793950e+00,  2.7433066213374302e-01,  1.5753435440823633e-05,  2.3015040079869792e-02,  1.2968018962115135e-01,  0.0000000000000000e+00,  5.7062417826119509e-03,  6.6795962030553810e-02, -9.3688651161337084e+00,  0.0000000000000000e+00
 3.5264735264735263e+00,  6.3369650053817986e+02, -2.1203158760777005e-01,  2.9856341832901492e+01, -2.2010241467917906e-02,  9.0528065408765526e-02,  5.0763696014563120e-01,  2.2370319681007240e+03,  1.7231338050625148e+01, -1.4999943941301124e+04,  1.0026338821144776e+01,  2.6538012775514410e+00,  1.8371470399458996e+00,  1.0417647913530613e-02,  9.6256798844342947e-02, -1.6044652745623267e+00,  2.7433066213374302e-01,  5.7087598175956539e-05,  2.3285370845126458e-02,  4.9205086647676220e-02,  0.0000000000000000e+00,  2.5688575969618922e-03, -1.2675742826064606e-02, -6.7422504991556824e+00,  0.0000000000000000e+00
 3.5364635364635366e+00,  6.3369650959161766e+02, -2.1216993250079644e-01,  2.9856375751565988e+01, -2.2001083599353623e-02,  9.0534193407188199e-02,  5.0752562877185003e-01,  2.2433679054633776e+03,  1.7380783089836267e+01, -1.4999943853306570e+04,  1.0026357797383476e+01,  2.6538127497443247e+00,  1.8423036659159902e+00,  1.0418346405585600e-02,  9.6488787410241000e-02, -1.6043101545650558e+00,  2.7433066213374302e-01,  6.3276718590370173e-05,  2.2795655521625019e-02,  1.3967817569734683e-02,  0.0000000000000000e+00, -1.3297956899962948e-03, -8.5365264938922131e-02, -3.1225077024813941e-01,  0.0000000000000000e+00
 3.5464535464535465e+00,  6.3369651830177963e+02, -2.1229554894246064e-01,  2.9856409415983055e+01, -2.1993851830311259e-02,  9.0539161123102410e-02,  5.0741321034288822e-01,  2.2497038295990355e+03,  1.7530796816196993e+01, -1.4999943766408674e+04,  1.0026376804443911e+01,  2.6538244986914505e+00,  1.8474592074132941e+00,  1.0418912183632318e-02,  9.6712256497122673e-02, -1.6041861972882061e+00,  2.7433066213374302e-01,  3.3037120061875930e-05,  2.1971979133952550e-02,  1.2165428516597063e-02,  0.0000000000000000e+00, -4.7241719354085467e-03, -7.9534747873206038e-02, -4.8587518190064578e-02,  0.0000000000000000e+00
 3.5564435564435564e+00,  6.3369652666286936e+02, -2.1240814142490125e-01,  2.9856443038282631e+01, -2.1988278251622962e-02,  9.0544910317596164e-02,  5.0729897546268254e-01,  2.2560397404558162e+03,  1.7681379234188714e+01, -1.4999943680615535e+04,  1.0026395823346521e+01,  2.6538365242243023e+00,  1.8526136486807652e+00,  1.0419006487904519e-02,  9.6927787992337949e-02, -1.6040670890602287e+00,  2.7433066213374302e-01, -2.3913431036075833e-05,  2.1659200764602492e-02, -5.5749117677632003e-03,  0.0000000000000000e+00, -6.6773283944015285e-03,  1.6916518329323831e-02, -3.5030286067389014e+00,  0.0000000000000000e+00
 3.5664335664335662e+00,  6.3369653466218983e+02, -2.1250748837490344e-01,  2.9856476972549270e+01, -2.1983861662321417e-02,  9.0552878851320115e-02,  5.0718317884075337e-01,  2.2623756379818187e+03,  1.7832530348681697e+01, -1.4999943595932687e+04,  1.0026414839404071e+01,  2.6538488454133096e+00,  1.8577669751208163e+00,  1.0418434392802427e-02,  9.7145007761150690e-02, -1.6042975841367129e+00,  2.7433066213374302e-01, -9.2816035089845147e-05,  2.2347731330271840e-02, -1.4214751672067221e-02,  0.0000000000000000e+00, -7.1169729371633444e-03,  1.2092730091777552e-01,  1.7733326578970743e+00,  0.0000000000000000e+00
 3.5764235764235766e+00,  6.3369654229698676e+02, -2.1259355344921010e-01,  2.9856511438685001e+01, -2.1979964646896177e-02,  9.0563028725224579e-02,  5.0706688833903646e-01,  2.2687115221251165e+03,  1.7984250164327900e+01, -1.4999943512365329e+04,  1.0026433843817047e+01,  2.6538614853113791e+00,  1.8629191792537314e+00,  1.0417152021668957e-02,  9.7374296110824904e-02, -1.6043511000826476e+00,  2.7433066213374302e-01, -1.5855647007098798e-04,  2.3872711811096872e-02,  1.5727618707075453e-02,  0.0000000000000000e+00, -6.0442621460613122e-03,  1.8437379134339218e-01,  4.2211298920072258e+00,  0.0000000000000000e+00
 3.5864135864135864e+00,  6.3369654957472426e+02, -2.1266649876268851e-01,  2.9856546468284247e+01, -2.1975931370729795e-02,  9.0574242397080451e-02,  5.0695136454077849e-01,  2.2750473928338238e+03,  1.8136538684695751e+01, -1.4999943429919662e+04,  1.0026452835061038e+01,  2.6538744602761333e+00,  1.8680702654182666e+00,  1.0415266431362447e-02,  9.7621985020113669e-02, -1.6039833460007074e+00,  2.7433066213374302e-01, -2.0977166889826187e-04,  2.5520706887176222e-02,  2.9923981663553104e-02,  0.0000000000000000e+00, -4.2090206591580675e-03,  1.4555482288758309e-01, -1.3790180281206241e+00,  0.0000000000000000e+00
 3.5964035964035963e+00,  6.3369655651094570e+02, -2.1272647693853031e-01,  2.9856581761872324e+01, -2.1971530764452987e-02,  9.0584240715508899e-02,  5.0683677984727749e-01,  2.2813832500560475e+03,  1.8289395912662179e+01, -1.4999943348604624e+04,  1.0026471816761774e+01,  2.6538877663494116e+00,  1.8732202433517449e+00,  1.0412960779533128e-02,  9.7884200344334912e-02, -1.6037532183311280e+00,  2.7433066213374302e-01, -2.4451029652998018e-04,  2.6406502979917462e-02,  3.2974516769406520e-02,  0.0000000000000000e+00, -2.7456525927120196e-03,  3.1781554879215648e-02,  1.9897351563124850e+00,  0.0000000000000000e+00
 3.6063936063936062e+00,  6.3369656311119263e+02, -2.1277351293973956e-01,  2.9856617027135872e+01, -2.1966710730145708e-02,  9.0592219884495090e-02,  5.0672232986923904e-01,  2.2877190937397231e+03,  1.8442821851577385e+01, -1.4999943268431232e+04,  1.0026490792763752e+01,  2.6539013832851155e+00,  1.8783691154200930e+00,  1.0410381110752457e-02,  9.8149587477254871e-02, -1.6033245144968231e+00,  2.7433066213374302e-01, -2.6496386986390015e-04,  2.6273171029827853e-02,  5.2847413107715617e-02,  0.0000000000000000e+00, -1.3491527887399234e-03, -5.8474611287036522e-02,  1.9888186906171896e+00,  0.0000000000000000e+00
 3.6163836163836165e+00,  6.3369656938315165e+02, -2.1280761254014474e-01,  2.9856652124639609e+01, -2.1961226523358190e-02,  9.0598599895506782e-02,  5.0660752389431785e-01,  2.2940549238326880e+03,  1.8596816504812974e+01, -1.4999943189410355e+04,  1.0026509768288598e+01,  2.6539152926750216e+00,  1.8835168770949264e+00,  1.0407666796119264e-02,  9.8409138826449361e-02, -1.6026973259613435e+00,  2.7433066213374302e-01, -2.7082760146078104e-04,  2.5374183978122519e-02,  6.8624110664737309e-02,  0.0000000000000000e+00,  1.7523372304438094e-04, -1.2150259646436909e-01,  1.1696761602985193e+00,  0.0000000000000000e+00
 3.6263736263736264e+00,  6.3369657535674651e+02, -2.1282880282930527e-01,  2.9856686894561147e+01, -2.1954904382471829e-02,  9.0603495544256563e-02,  5.0649246173966866e-01,  2.3003907402828295e+03,  1.8751379875235976e+01, -1.4999943111552633e+04,  1.0026528750667293e+01,  2.6539294787099452e+00,  1.8886635220236849e+00,  1.0404969969864130e-02,  9.8656564180114467e-02, -1.6019534033946305e+00,  2.7433066213374302e-01, -2.6122580044399843e-04,  2.3986721430044888e-02,  8.2917197485087052e-02,  0.0000000000000000e+00,  1.7470468405167223e-03, -1.5626740566088357e-01,  1.6917998211351759e+00,  0.0000000000000000e+00
 3.6363636363636362e+00,  6.3369658106692157e+02, -2.1283719711623089e-01,  2.9856721283888820e+01, -2.1947637966107190e-02,  9.0607615656264448e-02,  5.0637780522864140e-01,  2.3067265430382859e+03,  1.8906511964798678e+01, -1.4999943034868591e+04,  1.0026547748748445e+01,  2.6539439281825365e+00,  1.8938090479348404e+00,  1.0402447499407096e-02,  9.8888393999876825e-02, -1.6010406386989042e+00,  2.7433066213374302e-01, -2.3643407972294617e-04,  2.2680293604345637e-02,  8.0405553589004614e-02,  0.0000000000000000e+00,  3.2162556478367984e-03, -1.0527944504400411e-01, -2.1946309291304322e+00,  0.0000000000000000e+00
 3.6463536463536466e+00,  6.3369658651880172e+02, -2.1283294849472190e-01,  2.9856755662882819e+01, -2.1939611415944943e-02,  9.0613705394119032e-02,  5.0626423165878720e-01,  2.3130623320474288e+03,  1.9062212774096853e+01, -1.4999942959367103e+04,  1.0026566771881299e+01,  2.6539586422864914e+00,  1.8989534626278031e+00,  1.0400246012227308e-02,  9.9109716899482017e-02, -1.6003468988274177e+00,  2.7433066213374302e-01, -1.9959212982302436e-04,  2.2520025287237514e-02,  9.0159955145717063e-02,  0.0000000000000000e+00,  4.1595027221274740e-03,  7.3193727958958635e-02,  4.1474621207842439e+00,  0.0000000000000000e+00
 3.6563436563436564e+00,  6.3369659169217937e+02, -2.1281624379623418e-01,  2.9856790632171794e+01, -2.1930919608216349e-02,  9.0623813531341413e-02,  5.0615241181554960e-01,  2.3193981072587071e+03,  1.9218482302766184e+01, -1.4999942885053713e+04,  1.0026585827348256e+01,  2.6539736491136030e+00,  1.9040967846903643e+00,  1.0398459644665377e-02,  9.9338344555066391e-02, -1.5992392409936951e+00,  2.7433066213374302e-01, -1.5093720537163251e-04,  2.4014541874396781e-02,  1.1269464391336002e-01,  0.0000000000000000e+00,  5.5812131530419877e-03,  2.2600849279022639e-01,  3.6398257049734417e-01,  0.0000000000000000e+00
 3.6663336663336663e+00,  6.3369659657520367e+02, -2.1278744293127758e-01,  2.9856826388978355e+01, -2.1921152676515000e-02,  9.0636438601758643e-02,  5.0604330486698224e-01,  2.3257338686205135e+03,  1.9375320549516182e+01, -1.4999942811934110e+04,  1.0026604925518333e+01,  2.6539889767773017e+00,  1.9092390423688375e+00,  1.0397230283848254e-02,  9.9589527925943486e-02, -1.5980952575903875e+00,  2.7433066213374302e-01, -9.0024516080748195e-05,  2.6355323569704402e-02,  7.1947421941646383e-02,  0.0000000000000000e+00,  6.6135072429931935e-03,  2.4261600261036487e-01, -8.5215764092345125e+00,  0.0000000000000000e+00
 3.6763236763236762e+00,  6.3369660115655324e+02, -2.1274672719958876e-01,  2.9856862762796872e+01, -2.1910907438090776e-02,  9.0649012368972576e-02,  5.0593617527688051e-01,  2.3320696160809980e+03,  1.9532727513255811e+01, -1.4999942740016590e+04,  1.0026624076343685e+01,  2.6540046311815324e+00,  1.9143802622101187e+00,  1.0396660953035392e-02,  9.9864924446568970e-02, -1.5978017300657901e+00,  2.7433066213374302e-01, -3.1227671809849685e-05,  2.8288865659454522e-02, -3.3425741742583746e-02,  0.0000000000000000e+00,  5.1576209800404584e-03,  1.4447912375773339e-01, -1.2574130960348194e+01,  0.0000000000000000e+00
 3.6863136863136865e+00,  6.3369660543093221e+02, -2.1269391869114712e-01,  2.9856899412090815e+01, -2.1901588413408096e-02,  9.0659668636396060e-02,  5.0582877208648647e-01,  2.3384053495879266e+03,  1.9690703195218070e+01, -1.4999942669311804e+04,  1.0026643278434147e+01,  2.6540205981971523e+00,  1.9195204517913613e+00,  1.0396606354341564e-02,  1.0015474002703149e-01, -1.5987631045782513e+00,  2.7433066213374302e-01, -1.3945941093672911e-06,  2.9066436675798984e-02, -1.3152484889929364e-01,  0.0000000000000000e+00,  8.1496117559605398e-04,  1.1190593714425812e-02, -7.0653102924249156e+00,  0.0000000000000000e+00
 3.6963036963036964e+00,  6.3369660939831101e+02, -2.1262849755499999e-01,  2.9856936040284516e+01, -2.1894471599558828e-02,  9.0667904718994774e-02,  5.0571838358526289e-01,  2.3447410690887555e+03,  1.9849247600117170e+01, -1.4999942599831029e+04,  1.0026662514589649e+01,  2.6540368576779572e+00,  1.9246595910658715e+00,  1.0396633089017223e-02,  1.0044567243209943e-01, -1.6004295991746671e+00,  2.7433066213374302e-01, -1.9701264997749327e-05,  2.8584066848797912e-02, -1.6040795466495425e-01,  0.0000000000000000e+00, -4.4799566874502098e-03, -1.0776103308017090e-01,  1.2829125181404897e+00,  0.0000000000000000e+00
 3.7062937062937062e+00,  6.3369661308137665e+02, -2.1254985998052842e-01,  2.9856972375507450e+01, -2.1889716487485455e-02,  9.0673695765559739e-02,  5.0560333154312065e-01,  2.3510767745307508e+03,  2.0008360735428042e+01, -1.4999942531585215e+04,  1.0026681759064715e+01,  2.6540533917020084e+00,  1.9297976370795358e+00,  1.0396212722673277e-02,  1.0072585025378070e-01, -1.6019680587174112e+00,  2.7433066213374302e-01, -8.4843826913600284e-05,  2.7077219853606001e-02, -1.4249031859832803e-01,  0.0000000000000000e+00, -8.5615842081033025e-03, -1.9390973535725331e-01,  2.3041982223981248e+00,  0.0000000000000000e+00
 3.7162837162837161e+00,  6.3369661651588808e+02, -2.1245740019645076e-01,  2.9857008238539379e+01, -2.1886875460801127e-02,  9.0677594992369590e-02,  5.0548282423298974e-01,  2.3574124658613437e+03,  2.0168042609628824e+01, -1.4999942464584934e+04,  1.0026700987883943e+01,  2.6540701867105869e+00,  1.9349345355263003e+00,  1.0394937907660308e-02,  1.0098667582577786e-01, -1.6032765585872211e+00,  2.7433066213374302e-01, -1.8212924105382477e-04,  2.5005913296083853e-02, -1.0293704344759333e-01,  0.0000000000000000e+00, -1.0914955702770191e-02, -2.2076583745856451e-01,  5.6143674627783433e+00,  0.0000000000000000e+00
 3.7262737262737264e+00,  6.3369661973202824e+02, -2.1235057122270612e-01,  2.9857043638204754e+01, -2.1885239546761606e-02,  9.0680819342536800e-02,  5.0535694150830623e-01,  2.3637481430281841e+03,  2.0328293231146652e+01, -1.4999942398839616e+04,  1.0026720182441109e+01,  2.6540872386132559e+00,  1.9400702293102723e+00,  1.0392573776798076e-02,  1.0122546890105510e-01, -1.6040247429021783e+00,  2.7433066213374302e-01, -2.9150999035186233e-04,  2.3063527040325667e-02, -2.6590767702645318e-02,  0.0000000000000000e+00, -1.0983070306696693e-02, -1.6809989094422059e-01,  9.6701569413600872e+00,  0.0000000000000000e+00
 3.7362637362637363e+00,  6.3369662273865163e+02, -2.1222908246651229e-01,  2.9857078844791832e+01, -2.1883761916087898e-02,  9.0685284446974990e-02,  5.0522699222985368e-01,  2.3700838059791995e+03,  2.0489112606614661e+01, -1.4999942334357047e+04,  1.0026739333667292e+01,  2.6541045569916109e+00,  1.9452046709753126e+00,  1.0389113532228702e-02,  1.0144748555685330e-01, -1.6038078426572040e+00,  2.7433066213374302e-01, -3.9075940109585549e-04,  2.2093156738667016e-02,  5.6954497757259755e-02,  0.0000000000000000e+00, -8.8866617242491907e-03, -2.6168243447938708e-02,  7.0556052037127923e+00,  0.0000000000000000e+00
 3.7462537462537462e+00,  6.3369662551920646e+02, -2.1209287836943966e-01,  2.9857114342366323e+01, -2.1881616641405480e-02,  9.0692827290817901e-02,  5.0509481302745962e-01,  2.3764194546624376e+03,  2.0650500739454280e+01, -1.4999942271142882e+04,  1.0026758443221043e+01,  2.6541221685963761e+00,  1.9503378329703593e+00,  1.0384766396156800e-02,  1.0166689061411538e-01, -1.6028867908990363e+00,  2.7433066213374302e-01, -4.6409201310479095e-04,  2.2591729170788645e-02,  1.0481309623933477e-01,  0.0000000000000000e+00, -5.7945271999398553e-03,  1.2598244435869038e-01,  2.5256862123987367e+00,  0.0000000000000000e+00
 3.7562437562437561e+00,  6.3369662805969631e+02, -2.1194204076701084e-01,  2.9857150413687073e+01, -2.1878470978073675e-02,  9.0702996614299050e-02,  5.0496207061310794e-01,  2.3827550890259331e+03,  2.0812457630209209e+01, -1.4999942209202431e+04,  1.0026777519405513e+01,  2.6541401044681447e+00,  1.9554697070419684e+00,  1.0379840964534301e-02,  1.0189886875706886e-01, -1.6017136749001744e+00,  2.7433066213374302e-01, -5.0666730934335576e-04,  2.4068645690562700e-02,  1.2049399015233056e-01,  0.0000000000000000e+00, -2.7290471070230541e-03,  1.6969624290017846e-01,  6.1362874898356567e-01,  0.0000000000000000e+00
 3.7662337662337664e+00,  6.3369663036426959e+02, -2.1177674158756188e-01,  2.9857186895540430e+01, -2.1874217647352145e-02,  9.0713188198982095e-02,  5.0482995390126706e-01,  2.3890907090176474e+03,  2.0974983277759460e+01, -1.4999942148543247e+04,  1.0026796573012358e+01,  2.6541583766967585e+00,  1.9606002965031821e+00,  1.0374643173192897e-02,  1.0214778263590485e-01, -1.6004793185683204e+00,  2.7433066213374302e-01, -5.2019757836768645e-04,  2.5370177750162631e-02,  1.6344409405948052e-01,  0.0000000000000000e+00,  2.0287248352082095e-05,  9.0870475431724274e-02,  7.9849820532277640e+00,  0.0000000000000000e+00
 3.7762237762237763e+00,  6.3369663245207607e+02, -2.1159720983635230e-01,  2.9857223486946470e+01, -2.1868737012463335e-02,  9.0721951757733385e-02,  5.0469914666087456e-01,  2.3954263145854106e+03,  2.1138077680130451e+01, -1.4999942089176120e+04,  1.0026815616001446e+01,  2.6541769720124244e+00,  1.9657296093580867e+00,  1.0369447406524956e-02,  1.0240576541541377e-01, -1.5984480586352496e+00,  2.7433066213374302e-01, -5.0659807851659170e-04,  2.6016888383749690e-02,  2.5666209167958470e-01,  0.0000000000000000e+00,  2.7023326218394328e-03,  3.8600993412290251e-02,  1.0677261070316236e+01,  0.0000000000000000e+00
 3.7862137862137861e+00,  6.3369663434170900e+02, -2.1140371686527989e-01,  2.9857260237830872e+01, -2.1861800169650576e-02,  9.0730722389727833e-02,  5.0456992410053803e-01,  2.4017619056770918e+03,  2.1301740834073804e+01, -1.4999942031112112e+04,  1.0026834662439606e+01,  2.6541958783097575e+00,  1.9708576594091083e+00,  1.0364521333462296e-02,  1.0266760058563011e-01, -1.5953512048484486e+00,  2.7433066213374302e-01, -4.6684166343333692e-04,  2.6451233249835979e-02,  3.3142484060337485e-01,  0.0000000000000000e+00,  5.2569016778282645e-03,  4.8354848778185341e-02,  4.2902412642267231e+00,  0.0000000000000000e+00
 3.7962037962037960e+00,  6.3369663604988466e+02, -2.1119635614821966e-01,  2.9857297184486207e+01, -2.1853277278976051e-02,  9.0739701102277151e-02,  5.0444152015941690e-01,  2.4080974822406424e+03,  2.1465972735734734e+01, -1.4999941974361345e+04,  1.0026853728374871e+01,  2.6542150946475824e+00,  1.9759844603806032e+00,  1.0360119900762053e-02,  1.0293426158424165e-01, -1.5918261836981193e+00,  2.7433066213374302e-01, -4.0416482862613010e-04,  2.6782645480891473e-02,  3.7399458623340409e-01,  0.0000000000000000e+00,  7.2910006505725669e-03,  1.7993879879244185e-02,  4.2322218109067062e+00,  0.0000000000000000e+00
 3.8061938061938063e+00,  6.3369663759483274e+02, -2.1097501850510442e-01,  2.9857334141940783e+01, -2.1843039612558752e-02,  9.0747737668280384e-02,  5.0431283898420376e-01,  2.4144330442239561e+03,  2.1630773382557500e+01, -1.4999941918934770e+04,  1.0026872830107591e+01,  2.6542346143439706e+00,  1.9811100131542532e+00,  1.0356446112111124e-02,  1.0320271837745612e-01, -1.5878787855430858e+00,  2.7433066213374302e-01, -3.2020560849994065e-04,  2.6747261670949180e-02,  4.1959456085593766e-01,  0.0000000000000000e+00,  9.5176352186903783e-03, -2.5077718629691936e-02,  4.8968931085244121e+00,  0.0000000000000000e+00
 3.8161838161838162e+00,  6.3369663898058877e+02, -2.1073975299219114e-01,  2.9857371086022081e+01, -2.1830621549780247e-02,  9.0755160192226625e-02,  5.0418445010274404e-01,  2.4207685915748966e+03,  2.1796142772419557e+01, -1.4999941864843586e+04,  1.0026891987111647e+01,  2.6542544279728850e+00,  1.9862343143809327e+00,  1.0353722186306509e-02,  1.0346867240683805e-01, -1.5834426759887099e+00,  2.7433066213374302e-01, -2.1059544732712074e-04,  2.6499502470183723e-02,  4.9326660648249543e-01,  0.0000000000000000e+00,  1.2426319048109431e-02, -2.4523673363670302e-02,  9.8522504259105474e+00,  0.0000000000000000e+00
 3.8261738261738261e+00,  6.3369664021054882e+02, -2.1049106011603777e-01,  2.9857408164148350e+01, -2.1815529212882472e-02,  9.0763084063865976e-02,  5.0405921403435117e-01,  2.4271041242413748e+03,  2.1962080901161382e+01, -1.4999941812097992e+04,  1.0026911223783678e+01,  2.6542745313998819e+00,  1.9913573767775252e+00,  1.0352238410865827e-02,  1.0373217896627097e-01, -1.5780233088900890e+00,  2.7433066213374302e-01, -6.7453614084187288e-05,  2.6461337357033494e-02,  5.5542267836542125e-01,  0.0000000000000000e+00,  1.6230675967126178e-02,  1.6883017710993962e-02,  2.5913951650513365e+00,  0.0000000000000000e+00
 3.8361638361638359e+00,  6.3369664128809518e+02, -2.1022993286035890e-01,  2.9857445482769894e+01, -2.1797700290707656e-02,  9.0771717393867690e-02,  5.0394078267744513e-01,  2.4334396421715855e+03,  2.2128587759975389e+01, -1.4999941760707767e+04,  1.0026930570537139e+01,  2.6542949234219266e+00,  1.9964792508988340e+00,  1.0352374461749383e-02,  1.0399737045592962e-01, -1.5723453197776127e+00,  2.7433066213374302e-01,  1.0948363979230215e-04,  2.6744841982180825e-02,  5.6039118680024536e-01,  0.0000000000000000e+00,  1.9192162258947053e-02,  3.9874608243619436e-02, -1.5966997763969764e+00,  0.0000000000000000e+00
 3.8461538461538463e+00,  6.3369664220970674e+02, -2.0995764486657867e-01,  2.9857483050052029e+01, -2.1777799809802188e-02,  9.0780760467914556e-02,  5.0383227844290257e-01,  2.4397751453138753e+03,  2.2295663336201201e+01, -1.4999941710683832e+04,  1.0026950055545582e+01,  2.6543155952210871e+00,  2.0016000198801049e+00,  1.0354425896176363e-02,  1.0426654144343743e-01, -1.5668266817811929e+00,  2.7433066213374302e-01,  3.0887696529301509e-04,  2.7168302572428586e-02,  5.4734042413010286e-01,  0.0000000000000000e+00,  2.0726381506295258e-02,  4.4902201923981609e-02, -1.0160629101655150e+00,  0.0000000000000000e+00
 3.8561438561438561e+00,  6.3369664296788073e+02, -2.0967571564161330e-01,  2.9857520833679061e+01, -2.1756603217604208e-02,  9.0789831987669323e-02,  5.0373624549555451e-01,  2.4461106336166968e+03,  2.2463307613951503e+01, -1.4999941662038023e+04,  1.0026969700864724e+01,  2.6543365303602089e+00,  2.0067197956826974e+00,  1.0358545829687305e-02,  1.0454019368414998e-01, -1.5614094471676205e+00,  2.7433066213374302e-01,  5.1657941318604102e-04,  2.7499476139195643e-02,  5.3056055276687963e-01,  0.0000000000000000e+00,  2.0855648561886722e-02,  2.1398746142661153e-02, -2.3432673367541961e+00,  0.0000000000000000e+00
 3.8661338661338660e+00,  6.3369664356119642e+02, -2.0938568164981147e-01,  2.9857558699759064e+01, -2.1734903763518981e-02,  9.0798215315617020e-02,  5.0365368062078075e-01,  2.4524461070285374e+03,  2.2631520575481197e+01, -1.4999941614783438e+04,  1.0026989521653503e+01,  2.6543577037176154e+00,  2.0118387079065396e+00,  1.0364747163173087e-02,  1.0481598152613864e-01, -1.5562260713363003e+00,  2.7433066213374302e-01,  7.1816093313229292e-04,  2.7433976705465612e-02,  5.1555266900521757e-01,  0.0000000000000000e+00,  1.9500971731355711e-02, -3.4511732775290058e-02, -6.6131099232827195e-01,  0.0000000000000000e+00
 3.8761238761238763e+00,  6.3369664400021611e+02, -2.0908888776481815e-01,  2.9857596427664443e+01, -2.1713438739659800e-02,  9.0805152534440978e-02,  5.0358388271427834e-01,  2.4587815654979304e+03,  2.2800302203427670e+01, -1.4999941568934120e+04,  1.0027009525148921e+01,  2.6543790824723033e+00,  2.0169568857010165e+00,  1.0372894699480158e-02,  1.0508832508685659e-01, -1.5511086945401436e+00,  2.7433066213374302e-01,  8.9898757507721964e-04,  2.6765241372431699e-02,  4.8649920765502153e-01,  0.0000000000000000e+00,  1.6700521986018235e-02, -9.9369080898097900e-02, -5.1551919699809101e+00,  0.0000000000000000e+00
 3.8861138861138862e+00,  6.3369664429495333e+02, -2.0878636295929548e-01,  2.9857633882752193e+01, -2.1693189918315928e-02,  9.0810870768047516e-02,  5.0352457365491043e-01,  2.4651170089734578e+03,  2.2969652482427040e+01, -1.4999941524504340e+04,  1.0027029710156791e+01,  2.6544006319696258e+00,  2.0220744431252853e+00,  1.0382708952884919e-02,  1.0535075158352988e-01, -1.5465058074470890e+00,  2.7433066213374302e-01,  1.0395440773695113e-03,  2.5890152026257690e-02,  4.3112360863494609e-01,  0.0000000000000000e+00,  1.1438889772894137e-02, -7.5823806206055111e-02, -5.9310029538402578e+00,  0.0000000000000000e+00
 3.8961038961038961e+00,  6.3369664442265412e+02, -2.0847864325593474e-01,  2.9857671435763532e+01, -2.1675757680890945e-02,  9.0818303420403881e-02,  5.0347208963003443e-01,  2.4714524374036728e+03,  2.3139571400438577e+01, -1.4999941481505841e+04,  1.0027050060620663e+01,  2.6544223380863858e+00,  2.0271914659904784e+00,  1.0393664810916112e-02,  1.0560561084162697e-01, -1.5424948362257591e+00,  2.7433066213374302e-01,  1.1180649646414396e-03,  2.5913339246858662e-02,  4.1112063431620210e-01,  0.0000000000000000e+00,  4.2809918589460840e-03,  8.0465887770369893e-02,  1.9264074952276680e+00,  0.0000000000000000e+00
 3.9060939060939059e+00,  6.3369664435132552e+02, -2.0816601442950061e-01,  2.9857709616662252e+01, -2.1661923205861508e-02,  9.0829218090419300e-02,  5.0342373658768569e-01,  2.4777878507370078e+03,  2.3310058948787884e+01, -1.4999941439946198e+04,  1.0027070546078166e+01,  2.6544442206034011e+00,  2.0323080117926171e+00,  1.0405047913217415e-02,  1.0586850061943115e-01, -1.5382916089592529e+00,  2.7433066213374302e-01,  1.1273387118718775e-03,  2.7309764793531754e-02,  4.2627445452171303e-01,  0.0000000000000000e+00, -2.4243876634072550e-03,  1.9909850667369899e-01,  1.1073873099175011e+00,  0.0000000000000000e+00
 3.9160839160839163e+00,  6.3369664407054472e+02, -2.0784871491315401e-01,  2.9857748502442934e+01, -2.1651647239501876e-02,  9.0841845539323410e-02,  5.0337812382166636e-01,  2.4841232489217609e+03,  2.3481115121112900e+01, -1.4999941399833013e+04,  1.0027091132259946e+01,  2.6544663009484948e+00,  2.0374241180748869e+00,  1.0416189060903563e-02,  1.0615126048785138e-01, -1.5339778641074431e+00,  2.7433066213374302e-01,  1.0749680713936364e-03,  2.9171009356230970e-02,  4.1463612839027092e-01,  0.0000000000000000e+00, -8.0602145603365181e-03,  1.7352265477867945e-01, -3.4373802014321870e+00,  0.0000000000000000e+00
 3.9260739260739261e+00,  6.3369664358190926e+02, -2.0752693594824445e-01,  2.9857787774615723e+01, -2.1644957261950575e-02,  9.0853401814659035e-02,  5.0333440636173277e-01,  2.4904586319060886e+03,  2.3652739912687657e+01, -1.4999941361176767e+04,  1.0027111784870389e+01,  2.6544885770954303e+00,  2.0425398075440153e+00,  1.0426525796761744e-02,  1.0645133796920600e-01, -1.5300071708295770e+00,  2.7433066213374302e-01,  9.6965154359187310e-04,  3.0368356566273132e-02,  4.0407802931030123e-01,  0.0000000000000000e+00, -1.3024154305581164e-02,  6.6186256671627156e-02,  1.3236487656205393e+00,  0.0000000000000000e+00
 3.9360639360639360e+00,  6.3369664287899775e+02, -2.0720090178180708e-01,  2.9857827191393664e+01, -2.1641910233527791e-02,  9.0863374121573401e-02,  5.0329236655695475e-01,  2.4967939996379546e+03,  2.3824933319566608e+01, -1.4999941323990237e+04,  1.0027132468171814e+01,  2.6545110298910903e+00,  2.0476550939295208e+00,  1.0435562718118185e-02,  1.0675802085880588e-01, -1.5259043770083363e+00,  2.7433066213374302e-01,  8.2054956588875974e-04,  3.0715184746733706e-02,  4.1371018772549739e-01,  0.0000000000000000e+00, -1.6826061630582478e-02,  3.2487450565805392e-03,  6.0470934910175167e-01,  0.0000000000000000e+00
 3.9460539460539459e+00,  6.3369664195140888e+02, -2.0687097075537303e-01,  2.9857866736564823e+01, -2.1642246019031024e-02,  9.0872675998214206e-02,  5.0325269259552829e-01,  2.5031293520651402e+03,  2.3997695336900929e+01, -1.4999941288285727e+04,  1.0027153147638883e+01,  2.6545336446829380e+00,  2.0527699945649487e+00,  1.0442920393482798e-02,  1.0706502797413574e-01, -1.5217412330128839e+00,  2.7433066213374302e-01,  6.4160395351683171e-04,  3.0590253011067308e-02,  4.1502846333412657e-01,  0.0000000000000000e+00, -1.8998849966274243e-02, -2.8260078536856664e-02, -3.4079057225232995e-01,  0.0000000000000000e+00
 3.9560439560439562e+00,  6.3369664080857933e+02, -2.0653764518012652e-01,  2.9857906312037525e+01, -2.1645431455882821e-02,  9.0881164599716693e-02,  5.0321663108825720e-01,  2.5094646891354232e+03,  2.4171025958320090e+01, -1.4999941254075295e+04,  1.0027173793303350e+01,  2.6545564092294551e+00,  2.0578845375907284e+00,  1.0448381977928712e-02,  1.0736921472516088e-01, -1.5176121000186433e+00,  2.7433066213374302e-01,  4.4958924657336407e-04,  3.0089964458118967e-02,  4.1780323612853620e-01,  0.0000000000000000e+00, -1.9442494363807565e-02, -7.1897689763399997e-02,  8.9630008569313502e-01,  0.0000000000000000e+00
 3.9660339660339661e+00,  6.3369663947115737e+02, -2.0620155513102043e-01,  2.9857945759119012e+01, -2.1650789763451962e-02,  9.0888510891342311e-02,  5.0318536427211213e-01,  2.5158000107966936e+03,  2.4344925175995694e+01, -1.4999941221371826e+04,  1.0027194381897436e+01,  2.6545793054286873e+00,  2.0629987628582320e+00,  1.0451903195612136e-02,  1.0766622606520705e-01, -1.5133935160073186e+00,  2.7433066213374302e-01,  2.6045353588132619e-04,  2.9200557313492175e-02,  4.1944246096403143e-01,  0.0000000000000000e+00, -1.8422474916739994e-02, -1.0616162059101672e-01, -5.6812727362888171e-01,  0.0000000000000000e+00
 3.9760239760239759e+00,  6.3369663795269230e+02, -2.0586332910653030e-01,  2.9857985023709947e+01, -2.1657714940930800e-02,  9.0895159739185910e-02,  5.0315937480607087e-01,  2.5221353169969534e+03,  2.4519392981026705e+01, -1.4999941190188427e+04,  1.0027214897306656e+01,  2.6546023137337329e+00,  2.0681127188618320e+00,  1.0453585844779487e-02,  1.0795264244371217e-01, -1.5092316312681133e+00,  2.7433066213374302e-01,  8.4487230066622308e-05,  2.8201484983346670e-02,  4.0464589288092084e-01,  0.0000000000000000e+00, -1.6805979507364132e-02, -9.3852659904115510e-02, -2.3941456566098904e+00,  0.0000000000000000e+00
 3.9860139860139858e+00,  6.3369663625192538e+02, -2.0552341421749840e-01,  2.9858024225743762e+01, -2.1665942362366311e-02,  9.0902153419564466e-02,  5.0313800533529041e-01,  2.5284706076842353e+03,  2.4694429364648791e+01, -1.4999941160536990e+04,  1.0027235327692503e+01,  2.6546254228952852e+00,  2.0732264544976520e+00,  1.0453591252156924e-02,  1.0822969229864055e-01, -1.5053086829827249e+00,  2.7433066213374302e-01, -7.5056417963012529e-05,  2.7515151533266405e-02,  3.8717299927384247e-01,  0.0000000000000000e+00, -1.5134658828168796e-02, -4.3551296801830577e-02, -1.1039276435254792e+00,  0.0000000000000000e+00
 3.9960039960039961e+00,  6.3369663436568669e+02, -2.0518209810088356e-01,  2.9858063512813693e+01, -2.1675123038933812e-02,  9.0910009421105817e-02,  5.0312018691354632e-01,  2.5348058828065214e+03,  2.4870034319409790e+01, -1.4999941132428063e+04,  1.0027255663488607e+01,  2.6546486315254234e+00,  2.0783400108371359e+00,  1.0452086216048958e-02,  1.0850239572110011e-01, -1.5014959070068976e+00,  2.7433066213374302e-01, -2.1535306129082603e-04,  2.7291864493491667e-02,  3.9219914039384385e-01,  0.0000000000000000e+00, -1.2952729166058786e-02, -1.1507685611930739e-03,  2.1101610957481034e+00,  0.0000000000000000e+00
 4.0059940059940056e+00,  6.3369663229981199e+02, -2.0483963413435419e-01,  2.9858102916985217e+01, -2.1684568818227584e-02,  9.0918328208242735e-02,  5.0310526928605670e-01,  2.5411411423117520e+03,  2.5046207839213789e+01, -1.4999941105871789e+04,  1.0027275899969267e+01,  2.6546719400611871e+00,  2.0834534201114505e+00,  1.0449288493689575e-02,  1.0877498429651250e-01, -1.4974725363215093e+00,  2.7433066213374302e-01, -3.2951972910391045e-04,  2.7330005483027726e-02,  4.1520906398310115e-01,  0.0000000000000000e+00, -9.9034377301220073e-03,  8.7865946664332957e-03,  2.4964256068229975e+00,  0.0000000000000000e+00
 4.0159840159840163e+00,  6.3369663006329199e+02, -2.0449631437644669e-01,  2.9858142411960571e+01, -2.1693597044228817e-02,  9.0926708582257376e-02,  5.0309304973446178e-01,  2.5474763861478436e+03,  2.5222949918591354e+01, -1.4999941080878918e+04,  1.0027296039547993e+01,  2.6546953443367038e+00,  2.0885667100837146e+00,  1.0445502405277651e-02,  1.0904844977670507e-01, -1.4932000216126298e+00,  2.7433066213374302e-01, -4.1390132097269780e-04,  2.7474891856198006e-02,  4.2134211052490972e-01,  0.0000000000000000e+00, -6.9897569620105664e-03,  2.0219657242377714e-02, -1.2685896891510036e+00,  0.0000000000000000e+00
 4.0259740259740262e+00,  6.3369662765162184e+02, -2.0415226472892256e-01,  2.9858182099183750e+01, -2.1702365602017264e-02,  9.0935611468804439e-02,  5.0308229040976382e-01,  2.5538116142626818e+03,  2.5400260552520788e+01, -1.4999941057459851e+04,  1.0027316087347790e+01,  2.6547188420585028e+00,  2.0936799026143094e+00,  1.0441018737026783e-02,  1.0932393318474824e-01, -1.4890541125347976e+00,  2.7433066213374302e-01, -4.7396250925328003e-04,  2.7785924750319702e-02,  4.3242222438634809e-01,  0.0000000000000000e+00, -5.0344929317578356e-03,  4.2049128160540586e-02,  3.4868284842073463e+00,  0.0000000000000000e+00
 4.0359640359640361e+00,  6.3369662505977021e+02, -2.0380762600090893e-01,  2.9858222018861365e+01, -2.1710717563105150e-02,  9.0944832711108578e-02,  5.0307274608923835e-01,  2.5601468266040752e+03,  2.5578139736655096e+01, -1.4999941035624412e+04,  1.0027336046597565e+01,  2.6547424358729805e+00,  2.0987930102795729e+00,  1.0436032624872990e-02,  1.0960361310837978e-01, -1.4845602169295860e+00,  2.7433066213374302e-01, -5.1226620170670640e-04,  2.8148392423806894e-02,  4.6394359335065616e-01,  0.0000000000000000e+00, -2.6339062974182043e-03,  3.0516900071596118e-02,  2.8237495824472054e+00,  0.0000000000000000e+00
 4.0459540459540460e+00,  6.3369662228935624e+02, -2.0346266531922277e-01,  2.9858262063936305e+01, -2.1718171476118969e-02,  9.0953588966410898e-02,  5.0306493896974447e-01,  2.5664820231197682e+03,  2.5756587465961772e+01, -1.4999941015383207e+04,  1.0027355924754469e+01,  2.6547661221632204e+00,  2.1039060477686848e+00,  1.0430783648081594e-02,  1.0988633862778134e-01, -1.4797845102700493e+00,  2.7433066213374302e-01, -5.2498987952328754e-04,  2.8228834441861396e-02,  4.8403630485463106e-01,  0.0000000000000000e+00,  8.6625998538616408e-05, -1.4412408057084512e-02,  1.1988112606486192e+00,  0.0000000000000000e+00
 4.0559440559440558e+00,  6.3369661934770261e+02, -2.0311764941128246e-01,  2.9858302060078387e+01, -2.1724433996785506e-02,  9.0961203166688681e-02,  5.0305914520533368e-01,  2.5728172037575055e+03,  2.5935603734742969e+01, -1.4999940996747924e+04,  1.0027375733309553e+01,  2.6547898895698889e+00,  2.1090190322596354e+00,  1.0425543316590806e-02,  1.1016762578454084e-01, -1.4748891618875355e+00,  2.7433066213374302e-01, -5.1113384479871296e-04,  2.7774117605264697e-02,  4.9321986790673006e-01,  0.0000000000000000e+00,  2.6873521533212542e-03, -7.6621902629576188e-02,  6.3973806238162068e-01,  0.0000000000000000e+00
 4.0659340659340657e+00,  6.3369661624904211e+02, -2.0277282487423134e-01,  2.9858341817452985e+01, -2.1729382787348404e-02,  9.0967326511537147e-02,  5.0305548437268444e-01,  2.5791523684650115e+03,  2.6115188537027759e+01, -1.4999940979731022e+04,  1.0027395485793649e+01,  2.6548137212880301e+00,  2.1141319816307655e+00,  1.0420571183650052e-02,  1.1044126605246195e-01, -1.4699299674547301e+00,  2.7433066213374302e-01, -4.7282014033225064e-04,  2.6731322204999800e-02,  5.0499312117970396e-01,  0.0000000000000000e+00,  4.9830514808645917e-03, -1.3214573650345834e-01,  1.7172672428677809e+00,  0.0000000000000000e+00
 4.0759240759240756e+00,  6.3369661301133533e+02, -2.0242845330304074e-01,  2.9858381202028770e+01, -2.1732948819483920e-02,  9.0972115708907800e-02,  5.0305418784549671e-01,  2.5854875171900794e+03,  2.6295341866674086e+01, -1.4999940964344931e+04,  1.0027415196594649e+01,  2.6548375991942321e+00,  2.1192449149336827e+00,  1.0416096360740012e-02,  1.1070171813628908e-01, -1.4647993892365925e+00,  2.7433066213374302e-01, -4.1104715475164726e-04,  2.5308852800178163e-02,  5.4001908643541874e-01,  0.0000000000000000e+00,  7.3839002323680307e-03, -1.5263263834159821e-01,  5.2949310013307347e+00,  0.0000000000000000e+00
 4.0859140859140863e+00,  6.3369660964560455e+02, -2.0208496030097112e-01,  2.9858420234618041e+01, -2.1734704574796475e-02,  9.0976453623633088e-02,  5.0305633468775091e-01,  2.5918226498806157e+03,  2.6476063716781283e+01, -1.4999940950601589e+04,  1.0027434882536742e+01,  2.6548615089867877e+00,  2.1243578578369071e+00,  1.0412358453285383e-02,  1.1094693743708091e-01, -1.4591403753181580e+00,  2.7433066213374302e-01, -3.2137520224034355e-04,  2.3938749267087361e-02,  5.8009060734572693e-01,  0.0000000000000000e+00,  1.0568424660394383e-02, -1.2166208898317116e-01,  2.7273874849127049e+00,  0.0000000000000000e+00
 4.0959040959040962e+00,  6.3369660615712883e+02, -2.0174300448488872e-01,  2.9858459048955943e+01, -2.1734225550986010e-02,  9.0981225375475469e-02,  5.0306361203699868e-01,  2.5981577664846236e+03,  2.6657354078499321e+01, -1.4999940938511845e+04,  1.0027454566281930e+01,  2.6548854434509845e+00,  2.1294708523044528e+00,  1.0409675277778167e-02,  1.1118001482494219e-01, -1.4532091673116025e+00,  2.7433066213374302e-01, -2.0023303596463881e-04,  2.2954057690162000e-02,  5.9102716697257662e-01,  0.0000000000000000e+00,  1.3684237028003910e-02, -7.5473164717490202e-02, -5.3788824762277065e-01,  0.0000000000000000e+00
 4.1058941058941061e+00,  6.3369660255770441e+02, -2.0140338253048118e-01,  2.9858497710154797e+01, -2.1731700818147563e-02,  9.0986415726517153e-02,  5.0307745053112396e-01,  2.6044928669502533e+03,  2.6839212941049411e+01, -1.4999940928086169e+04,  1.0027474272541543e+01,  2.6549093967802393e+00,  2.1345839569010701e+00,  1.0408357793226150e-02,  1.1140555996835287e-01, -1.4473316407133114e+00,  2.7433066213374302e-01, -5.3299581912372786e-05,  2.2310986486458306e-02,  5.7606706299946764e-01,  0.0000000000000000e+00,  1.5731840473260091e-02, -5.3269690263991386e-02, -2.4571245677936977e+00,  0.0000000000000000e+00
 4.1158841158841160e+00,  6.3369659886298939e+02, -2.0106700193746779e-01,  2.9858536188594108e+01, -2.1727647005288345e-02,  9.0991545822675324e-02,  5.0309899115979040e-01,  2.6108279512257282e+03,  2.7021640292285792e+01, -1.4999940919335535e+04,  1.0027494022795132e+01,  2.6549333575728427e+00,  2.1396972425038272e+00,  1.0408610351066631e-02,  1.1162578878071558e-01, -1.4416993358830419e+00,  2.7433066213374302e-01,  1.0471338510887971e-04,  2.1814174032963152e-02,  5.1945823798440838e-01,  0.0000000000000000e+00,  1.5902355524395027e-02, -4.6192162925739202e-02, -8.8759622002212861e+00,  0.0000000000000000e+00
 4.1258741258741258e+00,  6.3369659507823758e+02, -2.0073459853589717e-01,  2.9858574521688244e+01, -2.1723389623707623e-02,  9.0996800152236712e-02,  5.0312754503319101e-01,  2.6171630192592916e+03,  2.7204636119674159e+01, -1.4999940912271155e+04,  1.0027513830331307e+01,  2.6549573112791407e+00,  2.1448107840214932e+00,  1.0410449968752801e-02,  1.1184140760137910e-01, -1.4369528547395971e+00,  2.7433066213374302e-01,  2.4944569393007935e-04,  2.1472871676212046e-02,  4.5465981393606208e-01,  0.0000000000000000e+00,  1.3073052701609482e-02, -2.2136568895833531e-02, -4.0966822942578016e+00,  0.0000000000000000e+00
 4.1358641358641357e+00,  6.3369659120678875e+02, -2.0040664011303605e-01,  2.9858612787236488e+01, -2.1720197122385355e-02,  9.1002429948971744e-02,  5.0316147440101555e-01,  2.6234980709991523e+03,  2.7388200412436913e+01, -1.4999940906903348e+04,  1.0027533692887987e+01,  2.6549812500405690e+00,  2.1499246426856171e+00,  1.0413594281015284e-02,  1.1205481718583470e-01, -1.4326152237164873e+00,  2.7433066213374302e-01,  3.5931035700586937e-04,  2.1346577593284982e-02,  4.1716352780286398e-01,  0.0000000000000000e+00,  8.9218528461639246e-03, -3.1475065061646232e-03, -3.4100741896085474e+00,  0.0000000000000000e+00
 4.1458541458541456e+00,  6.3369658726538114e+02, -2.0008346285591794e-01,  2.9858650986322136e+01, -2.1718707589962812e-02,  9.1008296070885175e-02,  5.0319931858576616e-01,  2.6298331063935207e+03,  2.7572333161655180e+01, -1.4999940903241879e+04,  1.0027553598830487e+01,  2.6550051685166109e+00,  2.1550388652339101e+00,  1.0417628996864806e-02,  1.1226791264819798e-01, -1.4286179191191604e+00,  2.7433066213374302e-01,  4.2579703420850729e-04,  2.1345446912361035e-02,  4.0893066618600293e-01,  0.0000000000000000e+00,  4.3887799298043470e-03,  2.9211441851902955e-03,  1.7618552939129462e+00,  0.0000000000000000e+00
 4.1558441558441555e+00,  6.3369658326745048e+02, -1.9976529298938817e-01,  2.9858689091490184e+01, -2.1719163694447988e-02,  9.1014172629097820e-02,  5.0323991809569657e-01,  2.6361681253906090e+03,  2.7757034360315316e+01, -1.4999940901296857e+04,  1.0027573530910123e+01,  2.6550290619839849e+00,  2.1601534835094363e+00,  1.0422101714266203e-02,  1.1248129964162612e-01, -1.4244447808356482e+00,  2.7433066213374302e-01,  4.5385199437167643e-04,  2.1382370071046770e-02,  4.6075525287413077e-01,  0.0000000000000000e+00,  1.2278230948661098e-03,  4.4708721838839817e-03,  8.6134269610537046e+00,  0.0000000000000000e+00
 4.1658341658341662e+00,  6.3369657921137241e+02, -1.9945266451493973e-01,  2.9858727127075802e+01, -2.1720685182452442e-02,  9.1020177419974826e-02,  5.0328435204057753e-01,  2.6425031279386499e+03,  2.7942304001370847e+01, -1.4999940901078349e+04,  1.0027593474743602e+01,  2.6550529253810593e+00,  2.1652685274934425e+00,  1.0426696968780324e-02,  1.1269513282943769e-01, -1.4194120199608358e+00,  2.7433066213374302e-01,  4.6400332581997083e-04,  2.1441701327157954e-02,  5.1374362053935430e-01,  0.0000000000000000e+00,  8.0447346108236803e-04,  7.4072452895743365e-03,  1.9948442455236897e+00,  0.0000000000000000e+00
 4.1758241758241761e+00,  6.3369657510312504e+02, -1.9914641288209894e-01,  2.9858765070220315e+01, -2.1722494134842337e-02,  9.1026051829051893e-02,  5.0333470656933643e-01,  2.6488381139859066e+03,  2.8128142075013425e+01, -1.4999940902596823e+04,  1.0027613426843013e+01,  2.6550767510113973e+00,  2.1703840452997718e+00,  1.0431372509986882e-02,  1.1290970526254837e-01, -1.4141801730326637e+00,  2.7433066213374302e-01,  4.7195718277545174e-04,  2.1470774416252815e-02,  4.7122598260583382e-01,  0.0000000000000000e+00,  7.8788870140072791e-04, -1.5868128529744308e-03, -1.0506875359819331e+01,  0.0000000000000000e+00
 4.1858141858141860e+00,  6.3369657094864419e+02, -1.9884724980940183e-01,  2.9858802942107161e+01, -2.1725359364663625e-02,  9.1032059082171879e-02,  5.0339124611323538e-01,  2.6551730834807240e+03,  2.8314548569711050e+01, -1.4999940905863325e+04,  1.0027633385136891e+01,  2.6551005261010974e+00,  2.1755000987406072e+00,  1.0436126682721892e-02,  1.1312411933126092e-01, -1.4099969154132668e+00,  2.7433066213374302e-01,  4.6442315833768980e-04,  2.1675896675170881e-02,  3.3298732730886349e-01,  0.0000000000000000e+00, -2.2962003938406948e-03,  4.2652289088371938e-02, -1.7168503430634448e+01,  0.0000000000000000e+00
 4.1958041958041958e+00,  6.3369656673518602e+02, -1.9855534816666043e-01,  2.9858841034054869e+01, -2.1731386123829362e-02,  9.1039752856165279e-02,  5.0345152389552816e-01,  2.6615080363714355e+03,  2.8501523475694643e+01, -1.4999940910887173e+04,  1.0027653331455625e+01,  2.6551242502668808e+00,  2.1806167397469447e+00,  1.0440651693969653e-02,  1.1334279011120313e-01, -1.4075270795799393e+00,  2.7433066213374302e-01,  4.0900224917654046e-04,  2.2564239975159522e-02,  2.0939213676199525e-01,  0.0000000000000000e+00, -8.7990656202215252e-03,  1.3519403956935597e-01, -7.5752537168488576e+00,  0.0000000000000000e+00
 4.2057942057942057e+00,  6.3369656244610849e+02, -1.9827051992062161e-01,  2.9858879604009143e+01, -2.1741931363507456e-02,  9.1049509157607872e-02,  5.0351276403645462e-01,  2.6678429726061895e+03,  2.8689066787595998e+01, -1.4999940917675603e+04,  1.0027673227025346e+01,  2.6551479397202900e+00,  2.1857339941994596e+00,  1.0444298555832312e-02,  1.1357495329679856e-01, -1.4058132563371031e+00,  2.7433066213374302e-01,  2.8821576547364538e-04,  2.4092883585640677e-02,  1.6021039058066749e-01,  0.0000000000000000e+00, -1.5382388417098356e-02,  1.7084041124897517e-01, -2.2709318686530766e+00,  0.0000000000000000e+00
 4.2157842157842156e+00,  6.3369655806692731e+02, -1.9799248529021357e-01,  2.9858918567889322e+01, -2.1756770740173813e-02,  9.1059564993309597e-02,  5.0357309433432806e-01,  2.6741778921329133e+03,  2.8877178503822336e+01, -1.4999940926236210e+04,  1.0027693027150631e+01,  2.6551716065322268e+00,  2.1908518645526422e+00,  1.0446410250722373e-02,  1.1382416640662052e-01, -1.4043260727751308e+00,  2.7433066213374302e-01,  1.1093804603087989e-04,  2.5438059577864016e-02,  1.4791434004483711e-01,  0.0000000000000000e+00, -2.0108611015343707e-02,  9.8463822394139908e-02, -1.9073744862019423e-01,  0.0000000000000000e+00
 4.2257742257742255e+00,  6.3369655359736430e+02, -1.9772081299665473e-01,  2.9858957561465012e+01, -2.1775117405696973e-02,  9.1067732923050426e-02,  5.0363089797708815e-01,  2.6805127948992435e+03,  2.9065858626017416e+01, -1.4999940936578736e+04,  1.0027712691656713e+01,  2.6551952452223366e+00,  2.1959703321552189e+00,  1.0446515100208553e-02,  1.1408320623541722e-01, -1.4028579248676758e+00,  2.7433066213374302e-01, -1.0248361692358745e-04,  2.5708059023426603e-02,  1.5494014990538632e-01,  0.0000000000000000e+00, -2.2618405908141150e-02, -4.4409933392508920e-02,  1.5973045827021664e+00,  0.0000000000000000e+00
 4.2357642357642353e+00,  6.3369654905376751e+02, -1.9745504108280099e-01,  2.9858996154111772e+01, -2.1796009947049083e-02,  9.1072837997329820e-02,  5.0368532817584888e-01,  2.6868476808526293e+03,  2.9255107158255406e+01, -1.4999940948714704e+04,  1.0027732188513824e+01,  2.6552188353558348e+00,  2.2010893624971710e+00,  1.0444362626008615e-02,  1.1433781393955611e-01, -1.4012303654843139e+00,  2.7433066213374302e-01, -3.3004770463511255e-04,  2.4575528609804765e-02,  1.6774942177757934e-01,  0.0000000000000000e+00, -2.2939924451707606e-02, -1.8232265541435091e-01,  9.6711164611230960e-01,  0.0000000000000000e+00
 4.2457542457542461e+00,  6.3369654446398090e+02, -1.9719483960580420e-01,  2.9859034042215793e+01, -2.1818481943369831e-02,  9.1075103900508575e-02,  5.0373668129281168e-01,  2.6931825499405340e+03,  2.9444924105285381e+01, -1.4999940962656026e+04,  1.0027751495309188e+01,  2.6552423524341617e+00,  2.2062089174054953e+00,  1.0439920740475584e-02,  1.1457422578806069e-01, -1.3995062880689229e+00,  2.7433066213374302e-01, -5.5305234846649584e-04,  2.2415705616784350e-02,  1.4626730026776016e-01,  0.0000000000000000e+00, -2.1705605243333866e-02, -2.5007390778832184e-01, -5.2678323723779679e+00,  0.0000000000000000e+00
 4.2557442557442560e+00,  6.3369653985090326e+02, -1.9693993153864855e-01,  2.9859071213468948e+01, -2.1842155213556213e-02,  9.1076194270906824e-02,  5.0378539866073313e-01,  2.6995174021106041e+03,  2.9635309471127538e+01, -1.4999940978413424e+04,  1.0027770597579453e+01,  2.6552657798629782e+00,  2.2113289655944985e+00,  1.0433312629036257e-02,  1.1478568018564572e-01, -1.3983079419025404e+00,  2.7433066213374302e-01, -7.6409995011531896e-04,  2.0157225890531059e-02,  1.1982827887372767e-01,  0.0000000000000000e+00, -2.0546124606754149e-02, -2.0207373340776930e-01, -2.5259710708229289e-02,  0.0000000000000000e+00
 4.2657342657342658e+00,  6.3369653521938437e+02, -1.9668998693687523e-01,  2.9859107977835027e+01, -2.1867024007004719e-02,  9.1078388977137881e-02,  5.0383160818532646e-01,  2.7058522373106498e+03,  2.9826263259681408e+01, -1.4999940995994832e+04,  1.0027789481409872e+01,  2.6552891219570625e+00,  2.2164494808019910e+00,  1.0424654008205548e-02,  1.1497696756409527e-01, -1.3971121166628544e+00,  2.7433066213374302e-01, -9.5731368294980673e-04,  1.8776540766677566e-02,  1.5170749061905259e-01,  0.0000000000000000e+00, -1.8135264706710751e-02, -7.4339428387703355e-02,  6.4074779021223511e+00,  0.0000000000000000e+00
 4.2757242757242757e+00,  6.3369653056150571e+02, -1.9644507544713347e-01,  2.9859144730382898e+01, -2.1891738009161135e-02,  9.1083047730409192e-02,  5.0387719670905973e-01,  2.7121870554886168e+03,  3.0017785473423228e+01, -1.4999941015405700e+04,  1.0027808140084272e+01,  2.6553123995838885e+00,  2.2215704496183788e+00,  1.0414185482523774e-02,  1.1516083584531960e-01, -1.3952768232088530e+00,  2.7433066213374302e-01, -1.1160310445323472e-03,  1.8765746805680335e-02,  1.4051826691444966e-01,  0.0000000000000000e+00, -1.3639951082114238e-02,  7.2178477396057525e-02, -8.6475604877838865e+00,  0.0000000000000000e+00
 4.2857142857142856e+00,  6.3369652585602489e+02, -1.9620517046170319e-01,  2.9859181867168179e+01, -2.1915750131566322e-02,  9.1090733487808703e-02,  5.0392202563887345e-01,  2.7185218565925297e+03,  3.0209876112581160e+01, -1.4999941036650624e+04,  1.0027826580056963e+01,  2.6553356400213066e+00,  2.2266918742468405e+00,  1.0402355685637469e-02,  1.1535190756021275e-01, -1.3943045588823459e+00,  2.7433066213374302e-01, -1.2378079917152772e-03,  2.0126456928852850e-02,  7.2352290388635249e-02,  0.0000000000000000e+00, -1.0739793743908602e-02,  2.0023568926308283e-01, -4.9992680126843130e+00,  0.0000000000000000e+00
 4.2957042957042955e+00,  6.3369652106735089e+02, -1.9596971692987375e-01,  2.9859219659999368e+01, -2.1939539600423413e-02,  9.1100883782299427e-02,  5.0396359932839818e-01,  2.7248566405702304e+03,  3.0402535179453171e+01, -1.4999941059733334e+04,  1.0027844804462651e+01,  2.6553588763617144e+00,  2.2318137392040356e+00,  1.0389454054117874e-02,  1.1556296285688508e-01, -1.3938312230012879e+00,  2.7433066213374302e-01, -1.3358175055916328e-03,  2.2267118667846440e-02,  3.4932983382650148e-02,  0.0000000000000000e+00, -8.8817109341380283e-03,  2.2832479088343896e-01, -2.4920772499139918e+00,  0.0000000000000000e+00
 4.3056943056943053e+00,  6.3369651616453268e+02, -1.9573807501005394e-01,  2.9859257979123303e+01, -2.1962903514486255e-02,  9.1111252522915007e-02,  5.0400046234087403e-01,  2.7311914073692446e+03,  3.0595762679057948e+01, -1.4999941084658833e+04,  1.0027862814705127e+01,  2.6553821297908633e+00,  2.2369360082577723e+00,  1.0375666025186088e-02,  1.1579680503609380e-01, -1.3936065971763989e+00,  2.7433066213374302e-01, -1.4154938536896570e-03,  2.4145770147734565e-02,  3.0897225252948021e-02,  0.0000000000000000e+00, -7.0694939550985832e-03,  1.4778123539036972e-01,  1.6841184723477418e+00,  0.0000000000000000e+00
 4.3156843156843161e+00,  6.3369651113276802e+02, -1.9550948149894612e-01,  2.9859296497157608e+01, -2.1985316860091635e-02,  9.1120013255680171e-02,  5.0403135453035963e-01,  2.7375261569367472e+03,  3.0789558618787602e+01, -1.4999941111434619e+04,  1.0027880614582186e+01,  2.6554054030431398e+00,  2.2420586270683018e+00,  1.0361172458639559e-02,  1.1604539582686980e-01, -1.3932138958234068e+00,  2.7433066213374302e-01, -1.4733549390624251e-03,  2.4994009485405790e-02,  4.7358516088264191e-02,  0.0000000000000000e+00, -4.5142953365292070e-03,  2.2036280011404195e-02,  1.6114319528824472e+00,  0.0000000000000000e+00
 4.3256743256743260e+00,  6.3369650598009525e+02, -1.9528316778923618e-01,  2.9859334868682947e+01, -2.2006042640594411e-02,  9.1126410136444180e-02,  5.0405568950857849e-01,  2.7438608892197667e+03,  3.0983923007408798e+01, -1.4999941140069741e+04,  1.0027898214256618e+01,  2.6554286879288123e+00,  2.2471815303803955e+00,  1.0346228364065959e-02,  1.1629618584499303e-01, -1.3926603730787313e+00,  2.7433066213374302e-01, -1.5028487908578553e-03,  2.4622675888463980e-02,  4.9741654744066048e-02,  0.0000000000000000e+00, -1.3903737929024502e-03, -9.6377266119379815e-02, -1.1343275939914752e+00,  0.0000000000000000e+00
 4.3356643356643358e+00,  6.3369650072378295e+02, -1.9505835942117192e-01,  2.9859372820978155e+01, -2.2024642127258381e-02,  9.1130491790534895e-02,  5.0407323091223755e-01,  2.7501956041653802e+03,  3.1178855854250997e+01, -1.4999941170573702e+04,  1.0027915629769971e+01,  2.6554519734262070e+00,  2.2523046481990776e+00,  1.0331145509771270e-02,  1.1653735738308287e-01, -1.3922200565677811e+00,  2.7433066213374302e-01, -1.5026404760434130e-03,  2.3279860373630598e-02,  1.3625287276145140e-02,  0.0000000000000000e+00,  1.4320784187537800e-03, -1.7245439995026621e-01, -6.0961691730863743e+00,  0.0000000000000000e+00
 4.3456543456543457e+00,  6.3369649537512805e+02, -1.9483425585348385e-01,  2.9859410244092466e+01, -2.2041261523256347e-02,  9.1133097030988069e-02,  5.0408384193360700e-01,  2.7565303017207593e+03,  3.1374357168823426e+01, -1.4999941202955706e+04,  1.0027932878726503e+01,  2.6554752527162035e+00,  2.2574279093758420e+00,  1.0316205577331825e-02,  1.1676131792039024e-01, -1.3923881395667204e+00,  2.7433066213374302e-01, -1.4799468875995340e-03,  2.1527808031081130e-02, -4.7321345240226291e-02,  0.0000000000000000e+00,  3.1111779877108611e-03, -1.7830647902814134e-01, -6.1053466566913288e+00,  0.0000000000000000e+00
 4.3556443556443556e+00,  6.3369648993767919e+02, -1.9461007975002784e-01,  2.9859447226103814e+01, -2.2056391886745019e-02,  9.1135555090776435e-02,  5.0408769857358693e-01,  2.7628649818331683e+03,  3.1570426960630627e+01, -1.4999941237223276e+04,  1.0027949975237055e+01,  2.6554985303138077e+00,  2.2625512445239830e+00,  1.0301576141387664e-02,  1.1696748341766990e-01, -1.3931655379911623e+00,  2.7433066213374302e-01, -1.4462181871072273e-03,  2.0005262819645667e-02, -1.0372771365689092e-01,  0.0000000000000000e+00,  3.6413078508490378e-03, -1.2650707230124225e-01, -5.1872083003250600e+00,  0.0000000000000000e+00
 4.3656343656343655e+00,  6.3369648441286677e+02, -1.9438513056856369e-01,  2.9859483939750707e+01, -2.2070551695475126e-02,  9.1138817978694983e-02,  5.0408530490362680e-01,  2.7691996444499291e+03,  3.1767065238778304e+01, -1.4999941273382397e+04,  1.0027966928542790e+01,  2.6555218214761913e+00,  2.2676745898994928e+00,  1.0287310109057955e-02,  1.1716102347123231e-01, -1.3944606213580668e+00,  2.7433066213374302e-01, -1.4115864875380991e-03,  1.9088124154818510e-02, -1.4846304368373578e-01,  0.0000000000000000e+00,  3.2919584028904712e-03, -5.7104088397156819e-02, -3.7688047710493842e+00,  0.0000000000000000e+00
 4.3756243756243753e+00,  6.3369647880208333e+02, -1.9415876284391262e-01,  2.9859520522966619e+01, -2.2084186946361360e-02,  9.1143054655506067e-02,  5.0407714382923896e-01,  2.7755342895184508e+03,  3.1964272011951120e+01, -1.4999941311438326e+04,  1.0027983743325208e+01,  2.6555451459044650e+00,  2.2727978879781690e+00,  1.0273372615163126e-02,  1.1734886451966427e-01, -1.3961318325702579e+00,  2.7433066213374302e-01, -1.3832902785278641e-03,  1.8737296543678925e-02, -1.7607422861563857e-01,  0.0000000000000000e+00,  2.3729426409586458e-03, -1.3131599352988316e-02, -1.7589544523176226e+00,  0.0000000000000000e+00
 4.3856143856143852e+00,  6.3369647311153074e+02, -1.9393035915006071e-01,  2.9859556983015164e+01, -2.2097598165044374e-02,  9.1147619226349549e-02,  5.0406348401458456e-01,  2.7818689169861414e+03,  3.2162047288720153e+01, -1.4999941351396521e+04,  1.0028000420669381e+01,  2.6555685198363839e+00,  2.2779210846856581e+00,  1.0259671941654801e-02,  1.1753539503054657e-01, -1.3979785879637738e+00,  2.7433066213374302e-01, -1.3651475950519931e-03,  1.8586537018610964e-02, -1.7598021534567238e-01,  0.0000000000000000e+00,  1.2592225908985156e-03, -1.7050457565451479e-02,  1.7777759089631309e+00,  0.0000000000000000e+00
 4.3956043956043960e+00,  6.3369646735169124e+02, -1.9369932191385142e-01,  2.9859593210755285e+01, -2.2110844594537368e-02,  9.1151655144848104e-02,  5.0404448238287403e-01,  2.7882035268003792e+03,  3.2360391077797892e+01, -1.4999941393263281e+04,  1.0028016959666010e+01,  2.6555919508368064e+00,  2.2830441262813861e+00,  1.0246096938938310e-02,  1.1772022390065551e-01, -1.3996479207889527e+00,  2.7433066213374302e-01, -1.3521107237503100e-03,  1.8322081240614116e-02, -1.1182155505392345e-01,  0.0000000000000000e+00,  1.3507590436983386e-03, -3.5893589189515490e-02,  1.1066787881444583e+01,  0.0000000000000000e+00
 4.4055944055944058e+00,  6.3369646151627865e+02, -1.9346544491291429e-01,  2.9859629233857103e+01, -2.2122745716425897e-02,  9.1155593519610792e-02,  5.0402201469223162e-01,  2.7945381189085297e+03,  3.2559303386779476e+01, -1.4999941437045496e+04,  1.0028033364273242e+01,  2.6556154416751334e+00,  2.2881669662710822e+00,  1.0232656742379069e-02,  1.1790147057980960e-01, -1.4002127848679482e+00,  2.7433066213374302e-01, -1.3228820290025938e-03,  1.8115548946929298e-02, -4.3781383932510520e-02,  0.0000000000000000e+00,  4.5008256448064582e-03, -5.4541760063455888e-03,  2.5548543770624561e+00,  0.0000000000000000e+00
 4.4155844155844157e+00,  6.3369645558015532e+02, -1.9322888969974084e-01,  2.9859665262461132e+01, -2.2132198097791860e-02,  9.1160472037940421e-02,  5.0399846118654934e-01,  2.8008726932579598e+03,  3.2758784218817141e+01, -1.4999941482749129e+04,  1.0028049653953131e+01,  2.6556390005564485e+00,  2.2932895842922871e+00,  1.0219665729567630e-02,  1.1808217293056418e-01, -1.4005226737146772e+00,  2.7433066213374302e-01, -1.2599500190437997e-03,  1.8369212261927653e-02, -2.4704588423205907e-02,  0.0000000000000000e+00,  8.0981627489442789e-03,  5.6237571669017161e-02,  1.2643200839003714e+00,  0.0000000000000000e+00
 4.4255744255744256e+00,  6.3369644951060195e+02, -1.9298983737994743e-01,  2.9859701516736468e+01, -2.2139324236408058e-02,  9.1166831823087699e-02,  5.0397515218902555e-01,  2.8072072497959634e+03,  3.2958833573895589e+01, -1.4999941530379454e+04,  1.0028065852919010e+01,  2.6556626406105170e+00,  2.2984119784913974e+00,  1.0207482915824748e-02,  1.1826848780782014e-01, -1.4007063830382420e+00,  2.7433066213374302e-01, -1.1651396504076248e-03,  1.9236010923701297e-02,  1.1757155111037336e-02,  0.0000000000000000e+00,  1.0882873052018138e-02,  1.1729552041806821e-01,  6.0353209716552101e+00,  0.0000000000000000e+00
 4.4355644355644355e+00,  6.3369644328176048e+02, -1.9274867008862340e-01,  2.9859738139262731e+01, -2.2144288820441914e-02,  9.1174536052757452e-02,  5.0395366474846959e-01,  2.8135417884696881e+03,  3.3159451449428715e+01, -1.4999941579941918e+04,  1.0028081983862972e+01,  2.6556863750438682e+00,  2.3035341611617026e+00,  1.0196386216072972e-02,  1.1846650881315561e-01, -1.4002877655206505e+00,  2.7433066213374302e-01, -1.0434857043216249e-03,  2.0499842728203627e-02,  8.1851829692891329e-02,  0.0000000000000000e+00,  1.3472246954399324e-02,  1.3572360684330095e-01,  7.9976328796321221e+00,  0.0000000000000000e+00
 4.4455544455544453e+00,  6.3369643688586677e+02, -1.9250598899018448e-01,  2.9859775068211178e+01, -2.2146957044373992e-02,  9.1182442841588801e-02,  5.0393582881070487e-01,  2.8198763092262452e+03,  3.3360637839935720e+01, -1.4999941631443306e+04,  1.0028098070396618e+01,  2.6557102076512202e+00,  2.3086561611181597e+00,  1.0186634050603537e-02,  1.1867807507511691e-01, -1.3990709818455769e+00,  2.7433066213374302e-01, -8.9648466715448510e-04,  2.1579401065262228e-02,  1.4412287864951517e-01,  0.0000000000000000e+00,  1.5957360686462412e-02,  8.0403972235833371e-02,  4.4690311214841190e+00,  0.0000000000000000e+00
 4.4555444555444552e+00,  6.3369643033138777e+02, -1.9226243467130022e-01,  2.9859812023098300e+01, -2.2147348432270692e-02,  9.1188888456928172e-02,  5.0392275938218678e-01,  2.8262108120127255e+03,  3.3562392737764746e+01, -1.4999941684892896e+04,  1.0028114137597049e+01,  2.6557341251062283e+00,  2.3137780197611444e+00,  1.0178474434511444e-02,  1.1889766567759641e-01, -1.3974081875256552e+00,  2.7433066213374302e-01, -7.2824265215428938e-04,  2.1779385727770835e-02,  1.7720298437838497e-01,  0.0000000000000000e+00,  1.7724690716577163e-02, -4.0367042801609257e-02,  2.1536060454356871e+00,  0.0000000000000000e+00
 4.4655344655344651e+00,  6.3369642364077527e+02, -1.9201855196466491e-01,  2.9859848604591775e+01, -2.2145774770287660e-02,  9.1192551555215953e-02,  5.0391463133955838e-01,  2.8325452967761853e+03,  3.3764716134705942e+01, -1.4999941740301883e+04,  1.0028130209020830e+01,  2.6557580972576527e+00,  2.3188997818017603e+00,  1.0172083747863192e-02,  1.1911322763711032e-01, -1.3955304626771776e+00,  2.7433066213374302e-01, -5.4783193369412119e-04,  2.0717392271467839e-02,  1.8726451628964697e-01,  0.0000000000000000e+00,  1.8393535119142421e-02, -1.7224404715005348e-01, -1.3928735679933299e-01,  0.0000000000000000e+00
 4.4755244755244759e+00,  6.3369641684725707e+02, -1.9177478879242627e-01,  2.9859884504449870e+01, -2.2142703617416808e-02,  9.1193442011579473e-02,  5.0391116935525693e-01,  2.8388797634637076e+03,  3.3967608023070625e+01, -1.4999941797682368e+04,  1.0028146304142622e+01,  2.6557820868961999e+00,  2.3240214895950091e+00,  1.0167528741530542e-02,  1.1931159958911426e-01, -1.3936666387486392e+00,  2.7433066213374302e-01, -3.6633024456940222e-04,  1.8642837022375871e-02,  1.8017865966611996e-01,  0.0000000000000000e+00,  1.7943103043625112e-02, -2.4308191371814514e-01, -1.2793011392307279e+00,  0.0000000000000000e+00
 4.4855144855144857e+00,  6.3369640998915122e+02, -1.9153153818166305e-01,  2.9859919662106112e+01, -2.2138708609153433e-02,  9.1192937268387328e-02,  5.0391208424285283e-01,  2.8452142120225608e+03,  3.4171068395946939e+01, -1.4999941857045207e+04,  1.0028162437063482e+01,  2.6558060644576069e+00,  2.3291431834134428e+00,  1.0164764462257409e-02,  1.1948571189330166e-01, -1.3919304894570752e+00,  2.7433066213374302e-01, -1.9382822863774716e-04,  1.6319742635449570e-02,  1.6892727784175610e-01,  0.0000000000000000e+00,  1.6591800545894295e-02, -2.2200158254464961e-01, -9.7322550200843361e-01,  0.0000000000000000e+00
 4.4955044955044956e+00,  6.3369640309903434e+02, -1.9128926178099573e-01,  2.9859954240162562e+01, -2.2134326703066965e-02,  9.1192765131109993e-02,  5.0391755562125617e-01,  2.8515486424001961e+03,  3.4375097246721737e+01, -1.4999941918399132e+04,  1.0028178616361654e+01,  2.6558300163269477e+00,  2.3342649055006319e+00,  1.0163656049649668e-02,  1.1963766837303932e-01, -1.3902914683621905e+00,  2.7433066213374302e-01, -3.8136698816350613e-05,  1.4573072829364033e-02,  1.5389788360964082e-01,  0.0000000000000000e+00,  1.4577643724349653e-02, -1.2768171263367906e-01, -2.0356592232610793e+00,  0.0000000000000000e+00
 4.5054945054945055e+00,  6.3369639619930228e+02, -1.9104855776027826e-01,  2.9859988546165294e+01, -2.2130214413610357e-02,  9.1194439583468859e-02,  5.0392806270461854e-01,  2.8578830545443684e+03,  3.4579694568191705e+01, -1.4999941981751024e+04,  1.0028194845322846e+01,  2.6558539437486108e+00,  2.3393867047035095e+00,  1.0164002490253086e-02,  1.1977688217960264e-01, -1.3888556066676718e+00,  2.7433066213374302e-01,  9.2488784669395851e-05,  1.3986576939461271e-02,  1.3335349718172823e-01,  0.0000000000000000e+00,  1.1573578069497091e-02,  1.0265235475144623e-02, -2.0773269396070670e+00,  0.0000000000000000e+00
 4.5154845154845153e+00,  6.3369638930250539e+02, -1.9081010494473932e-01,  2.9860022933966505e+01, -2.2127248870207492e-02,  9.1198793666715516e-02,  5.0394384562904182e-01,  2.8642174484030052e+03,  3.4784860351974295e+01, -1.4999942047106399e+04,  1.0028211119552266e+01,  2.6558778596670827e+00,  2.3445086359298792e+00,  1.0165503977415290e-02,  1.1991712045974184e-01, -1.3876270628240941e+00,  2.7433066213374302e-01,  1.8947738882360926e-04,  1.4654225948337410e-02,  1.3871233022981186e-01,  0.0000000000000000e+00,  7.8435404821766558e-03,  1.2339809610186021e-01,  3.1501653158334242e+00,  0.0000000000000000e+00
 4.5254745254745252e+00,  6.3369638241846314e+02, -1.9057465731049067e-01,  2.9860057566276325e+01, -2.2125849205838953e-02,  9.1205060891195969e-02,  5.0396540741339346e-01,  2.8705518239240973e+03,  3.4990594588558650e+01, -1.4999942114471032e+04,  1.0028227427527689e+01,  2.6559017767028443e+00,  2.3496307567727808e+00,  1.0167788252267544e-02,  1.2006967390684214e-01, -1.3860841315382051e+00,  2.7433066213374302e-01,  2.5251922240588493e-04,  1.6164814961157247e-02,  1.5228803034433017e-01,  0.0000000000000000e+00,  4.7774346009950841e-03,  1.7902182426467433e-01, -4.3231015290682923e-01,  0.0000000000000000e+00
 4.5354645354645351e+00,  6.3369637555009285e+02, -1.9034293487429035e-01,  2.9860092616985401e+01, -2.2125900399293186e-02,  9.1213025162008313e-02,  5.0399274558759510e-01,  2.8768861810556641e+03,  3.5196897267201159e+01, -1.4999942183851843e+04,  1.0028243757452557e+01,  2.6559256991274305e+00,  2.3547531291318826e+00,  1.0170549316524299e-02,  1.2024009378563909e-01, -1.3845843449350965e+00,  2.7433066213374302e-01,  2.8705731045428073e-04,  1.8122972665996915e-02,  1.5008294462170904e-01,  0.0000000000000000e+00,  2.1370906262962010e-03,  2.1300134824437389e-01, -9.1480087605892175e-03,  0.0000000000000000e+00
 4.5454545454545459e+00,  6.3369636868572252e+02, -1.9011539127247865e-01,  2.9860128114414799e+01, -2.2127446833338605e-02,  9.1221565464341389e-02,  5.0402476913076377e-01,  2.8832205197456988e+03,  3.5403768377866555e+01, -1.4999942255255504e+04,  1.0028260097158492e+01,  2.6559496315067017e+00,  2.3598758065631262e+00,  1.0173523663065832e-02,  1.2043177126280613e-01, -1.3830854713060030e+00,  2.7433066213374302e-01,  2.9631493346986108e-04,  1.9917396222458972e-02,  1.5173698911313552e-01,  0.0000000000000000e+00, -2.8371449857707981e-04,  1.4624224775931852e-01,  3.4028771594416135e-01,  0.0000000000000000e+00
 4.5554445554445557e+00,  6.3369636181822159e+02, -1.8989236905637716e-01,  2.9860163727355367e+01, -2.2130466843767977e-02,  9.1228588970441768e-02,  5.0406057894716683e-01,  2.8895548399420031e+03,  3.5611207912163678e+01, -1.4999942328690833e+04,  1.0028276433696456e+01,  2.6559735612197364e+00,  2.3649988298896165e+00,  1.0176469694815405e-02,  1.2063804376011381e-01, -1.3815526368609079e+00,  2.7433066213374302e-01,  2.8245508751509704e-04,  2.0754658619094028e-02,  1.3945892367216967e-01,  0.0000000000000000e+00, -2.4910266615693288e-03,  2.1377684046831054e-02, -2.7983564172269335e+00,  0.0000000000000000e+00
 4.5654345654345656e+00,  6.3369635494248280e+02, -1.8967405444617919e-01,  2.9860199127115106e+01, -2.2135070844171899e-02,  9.1233299220362662e-02,  5.0409900490264226e-01,  2.8958891415921462e+03,  3.5819215863526026e+01, -1.4999942404168320e+04,  1.0028292753516206e+01,  2.6559974632129295e+00,  2.3701222276410205e+00,  1.0179167121357842e-02,  1.2084644975669412e-01, -1.3802990792246410e+00,  2.7433066213374302e-01,  2.4413343319110435e-04,  2.0452735864828691e-02,  9.6440074376133902e-02,  0.0000000000000000e+00, -5.1809685340940929e-03, -8.1822619450752296e-02, -5.8140172118395288e+00,  0.0000000000000000e+00
 4.5754245754245755e+00,  6.3369634805213570e+02, -1.8946039570329362e-01,  2.9860234166964769e+01, -2.2141775833523520e-02,  9.1236330040368074e-02,  5.0413833920764417e-01,  2.9022234246435746e+03,  3.6027792227588947e+01, -1.4999942481697946e+04,  1.0028309038966613e+01,  2.6560213150985081e+00,  2.3752460137317799e+00,  1.0181347485688354e-02,  1.2104668983133915e-01, -1.3796257622479982e+00,  2.7433066213374302e-01,  1.7599090245858353e-04,  1.9455793248161265e-02,  5.7328062576843621e-02,  0.0000000000000000e+00, -8.4611661185567330e-03, -1.1776529240606856e-01, -2.0162075503784758e+00,  0.0000000000000000e+00
 4.5854145854145854e+00,  6.3369634114115809e+02, -1.8925126581996490e-01,  2.9860268884403808e+01, -2.2150890174679055e-02,  9.1238902266625344e-02,  5.0417742785525888e-01,  2.9085576890437387e+03,  3.6236937001984657e+01, -1.4999942561288035e+04,  1.0028325267073294e+01,  2.6560451073756997e+00,  2.3803701889217770e+00,  1.0182683423105266e-02,  1.2123517689451951e-01, -1.3791536633889399e+00,  2.7433066213374302e-01,  7.7653246226636258e-05,  1.8408396637672877e-02,  4.6417674603375168e-02,  0.0000000000000000e+00, -1.1226032659079337e-02, -9.1923509013708826e-02, -1.6805212190993396e-01,  0.0000000000000000e+00
 4.5954045954045952e+00,  6.3369633420713114e+02, -1.8904665281428093e-01,  2.9860303408422624e+01, -2.2162150089514710e-02,  9.1241984978486040e-02,  5.0421621004760253e-01,  2.9148919347402139e+03,  3.6446650184784602e+01, -1.4999942642945347e+04,  1.0028341414475463e+01,  2.6560688430384189e+00,  2.3854947502798813e+00,  1.0182898999099476e-02,  1.2141448996395998e-01, -1.3786983361819967e+00,  2.7433066213374302e-01, -4.4752351018435138e-05,  1.7833035771960888e-02,  2.2616848873576473e-02,  0.0000000000000000e+00, -1.3279567909384242e-02, -2.3263736301832729e-02, -4.5968731891958194e+00,  0.0000000000000000e+00
 4.6053946053946051e+00,  6.3369632724028861e+02, -1.8884630450751230e-01,  2.9860338020968459e+01, -2.2175751695213776e-02,  9.1246802254521767e-02,  5.0425311971176823e-01,  2.9212261616807587e+03,  3.6656931774189374e+01, -1.4999942726675405e+04,  1.0028357459181560e+01,  2.6560925355102798e+00,  2.3906196917741593e+00,  1.0181789270237765e-02,  1.2159148130554770e-01, -1.3787017782965607e+00,  2.7433066213374302e-01, -1.8779496946648365e-04,  1.8087951454027702e-02,  2.8708875482099241e-02,  0.0000000000000000e+00, -1.5357564303915404e-02,  7.4297855851609557e-02,  5.8164969162220910e+00,  0.0000000000000000e+00
 4.6153846153846150e+00,  6.3369632022684505e+02, -1.8864987457018148e-01,  2.9860372940451555e+01, -2.2191241300424505e-02,  9.1253386098561790e-02,  5.0428726576975658e-01,  2.9275603698132386e+03,  3.6867781770015746e+01, -1.4999942812482257e+04,  1.0028373377619324e+01,  2.6561162099087450e+00,  2.3957449920367755e+00,  1.0179146851857388e-02,  1.2177588759540908e-01, -1.3781247322762604e+00,  2.7433066213374302e-01, -3.4186616687098006e-04,  1.9030291953784351e-02,  7.8862100606763852e-02,  0.0000000000000000e+00, -1.5487489416466802e-02,  1.1435871219983265e-01,  4.2241787537362070e+00,  0.0000000000000000e+00
 4.6253746253746257e+00,  6.3369631315568802e+02, -1.8845705580712363e-01,  2.9860408114745855e+01, -2.2207591382387443e-02,  9.1260381715823596e-02,  5.0431842557638851e-01,  2.9338945590855660e+03,  3.7079200172255739e+01, -1.4999942900370979e+04,  1.0028389154931494e+01,  2.6561398837165897e+00,  2.4008706256044401e+00,  1.0174958777393189e-02,  1.2197170691900994e-01, -1.3771261119507712e+00,  2.7433066213374302e-01, -4.8910908850222545e-04,  1.9984407891129860e-02,  1.1564382398267839e-01,  0.0000000000000000e+00, -1.3990543494107544e-02,  7.6655298456732163e-02,  3.1395222661216411e+00,  0.0000000000000000e+00
 4.6353646353646356e+00,  6.3369630601840686e+02, -1.8826741514660608e-01,  2.9860443324196829e+01, -2.2223922587138685e-02,  9.1266361448527483e-02,  5.0434603497085329e-01,  2.9402287294455668e+03,  3.7291186981713672e+01, -1.4999942990348571e+04,  1.0028404785394338e+01,  2.6561635607064416e+00,  2.4059965597479622e+00,  1.0169374442496704e-02,  1.2217517646436274e-01, -1.3758141663625205e+00,  2.7433066213374302e-01, -6.1440765853746607e-04,  2.0360774570364067e-02,  1.6314333231504735e-01,  0.0000000000000000e+00, -1.1094230226942330e-02, -1.3066892742277204e-03,  6.3698793020174254e+00,  0.0000000000000000e+00
 4.6453546453546455e+00,  6.3369629881578965e+02, -1.8808058874188485e-01,  2.9860478356444457e+01, -2.2239112446565488e-02,  9.1270946823597640e-02,  5.0437045118098156e-01,  2.9465628808410447e+03,  3.7503742199831848e+01, -1.4999943082423175e+04,  1.0028420272530497e+01,  2.6561872350561235e+00,  2.4111227576206695e+00,  1.0162682900099734e-02,  1.2237851560173449e-01, -1.3738665049115095e+00,  2.7433066213374302e-01, -7.0161324724480061e-04,  2.0081173925416231e-02,  2.1307697575375276e-01,  0.0000000000000000e+00, -6.3643286322662435e-03, -5.4669359844329954e-02,  3.6268361144115144e+00,  0.0000000000000000e+00
 4.6553446553446554e+00,  6.3369629155209009e+02, -1.8789640504301791e-01,  2.9860513128273961e+01, -2.2252069747656811e-02,  9.1274674011507823e-02,  5.0439281124897561e-01,  2.9528970132198792e+03,  3.7716865827114574e+01, -1.4999943176603047e+04,  1.0028435632302461e+01,  2.6562109010664399e+00,  2.4162491916686877e+00,  1.0155356195798507e-02,  1.2257639872061481e-01, -1.3715568841296784e+00,  2.7433066213374302e-01, -7.3810666741751642e-04,  1.9426793986092868e-02,  2.3471312486559365e-01,  0.0000000000000000e+00, -9.4165408631154948e-04, -7.6337504008208823e-02,  7.0472093777908051e-01,  0.0000000000000000e+00
 4.6653346653346652e+00,  6.3369628422526478e+02, -1.8771476622981043e-01,  2.9860547600148571e+01, -2.2262388676095056e-02,  9.1277890380186411e-02,  5.0441394411700657e-01,  2.9592311265300841e+03,  3.7930557862892080e+01, -1.4999943272896418e+04,  1.0028450888680034e+01,  2.6562345555791254e+00,  2.4213758449830158e+00,  1.0147935514137346e-02,  1.2276666333372435e-01, -1.3691769319871221e+00,  2.7433066213374302e-01, -7.2325620888180793e-04,  1.8667184456320617e-02,  2.5428671489319454e-01,  0.0000000000000000e+00,  3.9147158851604190e-03, -7.5736323852197432e-02,  3.2139117857466721e+00,  0.0000000000000000e+00
 4.6753246753246751e+00,  6.3369627682572582e+02, -1.8753566452220494e-01,  2.9860581805376384e+01, -2.2270064840090281e-02,  9.1281110908742857e-02,  5.0443459813485558e-01,  2.9655652207197281e+03,  3.8144818305518207e+01, -1.4999943371311048e+04,  1.0028466067588548e+01,  2.6562581978323250e+00,  2.4265027086291489e+00,  1.0140905522294375e-02,  1.2294936943902281e-01, -1.3664762304854587e+00,  2.7433066213374302e-01, -6.6337917141184302e-04,  1.8080471433613243e-02,  2.9339281769905573e-01,  0.0000000000000000e+00,  8.0726670163266956e-03, -4.1723623293820324e-02,  4.6151299959868259e+00,  0.0000000000000000e+00
 4.6853146853146850e+00,  6.3369626933391919e+02, -1.8735925233069065e-01,  2.9860615889281405e+01, -2.2275088127324358e-02,  9.1285114702675377e-02,  5.0445582435071779e-01,  2.9718992957369073e+03,  3.8359647151847582e+01, -1.4999943471854040e+04,  1.0028481195478873e+01,  2.6562818324046322e+00,  2.4316297838013252e+00,  1.0134681185038208e-02,  1.2312791151421612e-01, -1.3633149376275007e+00,  2.7433066213374302e-01, -5.6550168104597487e-04,  1.7944776138017815e-02,  3.1904349830811962e-01,  0.0000000000000000e+00,  1.1522406554914280e-02,  1.4557425115773695e-02,  5.2013626195061424e-01,  0.0000000000000000e+00
 4.6953046953046957e+00,  6.3369626172541405e+02, -1.8718576551348118e-01,  2.9860650017356239e+01, -2.2277710464121140e-02,  9.1290293592744390e-02,  5.0447843059793751e-01,  2.9782333515297155e+03,  3.8575044397025877e+01, -1.4999943574531871e+04,  1.0028496298586798e+01,  2.6563054680462668e+00,  2.4367570826341134e+00,  1.0129606787408341e-02,  1.2330790642479740e-01, -1.3601017350147668e+00,  2.7433066213374302e-01, -4.4210371042462202e-04,  1.8398230439509455e-02,  3.0399514733798788e-01,  0.0000000000000000e+00,  1.3181867163479749e-02,  7.6224126042849658e-02, -3.5328161261708839e+00,  0.0000000000000000e+00
 4.7052947052947056e+00,  6.3369625396514789e+02, -1.8701531204020094e-01,  2.9860684386305266e+01, -2.2278988875950447e-02,  9.1296933031778854e-02,  5.0450189422914071e-01,  2.9845673880461341e+03,  3.8791010035470997e+01, -1.4999943679350650e+04,  1.0028511396806813e+01,  2.6563291164488305e+00,  2.4418846197343225e+00,  1.0125847944070683e-02,  1.2349550852599454e-01, -1.3572411085098584e+00,  2.7433066213374302e-01, -3.1386426338888537e-04,  1.9362339467511640e-02,  2.7953846025915213e-01,  0.0000000000000000e+00,  1.2491670133077790e-02,  1.1679050136301965e-01, -1.3634126270144906e+00,  0.0000000000000000e+00
 4.7152847152847155e+00,  6.3369624602882925e+02, -1.8684788979968256e-01,  2.9860719014179612e+01, -2.2279710527350227e-02,  9.1304114490331933e-02,  5.0452556874377952e-01,  2.9909014052339444e+03,  3.9007544062101999e+01, -1.4999943786316477e+04,  1.0028526499238870e+01,  2.6563527887577876e+00,  2.4470124019555355e+00,  1.0123335773154817e-02,  1.2369476635421821e-01, -1.3545165509936050e+00,  2.7433066213374302e-01, -1.9964861086574974e-04,  2.0367496479784669e-02,  2.4248315665255291e-01,  0.0000000000000000e+00,  1.0374303502054226e-02,  8.4441932494043165e-02, -6.0550591550267550e+00,  0.0000000000000000e+00
 4.7252747252747254e+00,  6.3369623791274569e+02, -1.8668326657185361e-01,  2.9860753692551864e+01, -2.2280821165080258e-02,  9.1310443865998792e-02,  5.0454799363856773e-01,  2.9972354030408028e+03,  3.9224646473104890e+01, -1.4999943895436980e+04,  1.0028541607133979e+01,  2.6563764840517861e+00,  2.4521404251013639e+00,  1.0121858960836602e-02,  1.2390245151260362e-01, -1.3523962901951221e+00,  2.7433066213374302e-01, -1.1684150847344517e-04,  2.0838383387336457e-02,  1.8600747562653686e-01,  0.0000000000000000e+00,  6.2036783968853395e-03,  9.8296263978257612e-03, -5.2513721863817935e+00,  0.0000000000000000e+00
 4.7352647352647352e+00,  6.3369622962074095e+02, -1.8652093847194468e-01,  2.9860788193164659e+01, -2.2283461212558434e-02,  9.1315288718786192e-02,  5.0456724731590219e-01,  3.0035693814141764e+03,  3.9442317267339540e+01, -1.4999944006720711e+04,  1.0028556709451074e+01,  2.6564001943891120e+00,  2.4572686647488742e+00,  1.0121001277481022e-02,  1.2411111767064850e-01, -1.3508001179141538e+00,  2.7433066213374302e-01, -8.1359880125272770e-05,  2.0570838821189426e-02,  1.5209933565149439e-01,  0.0000000000000000e+00,  8.9974359841885738e-04, -6.3392048540462015e-02, -1.5370374366217829e+00,  0.0000000000000000e+00
 4.7452547452547451e+00,  6.3369622115861500e+02, -1.8636037532236899e-01,  2.9860822353882885e+01, -2.2288208690296837e-02,  9.1318723441163985e-02,  5.0458249388340259e-01,  3.0099033403014796e+03,  3.9660556445751510e+01, -1.4999944120176302e+04,  1.0028571785444329e+01,  2.6564239115342541e+00,  2.4623970815789700e+00,  1.0120233388806127e-02,  1.2431345728325675e-01, -1.3493573424298575e+00,  2.7433066213374302e-01, -9.5972168504139524e-05,  1.9725656451095447e-02,  1.5143499508890490e-01,  0.0000000000000000e+00, -3.8251237318680143e-03, -1.0581346195235485e-01,  1.4040364559913632e+00,  0.0000000000000000e+00
 4.7552447552447550e+00,  6.3369621252923241e+02, -1.8620120471023993e-01,  2.9860856127425624e+01, -2.2294972782746635e-02,  9.1321359071495328e-02,  5.0459424860742585e-01,  3.0162372796501172e+03,  3.9879364009583334e+01, -1.4999944235811958e+04,  1.0028586812171849e+01,  2.6564476308562450e+00,  2.4675256358399391e+00,  1.0119083751636783e-02,  1.2450523668066039e-01, -1.3477744436866033e+00,  2.7433066213374302e-01, -1.5007696506204481e-04,  1.8679851238883039e-02,  1.7245620391720626e-01,  0.0000000000000000e+00, -7.0066565390247510e-03, -1.0355674153257155e-01,  2.8044095514346186e+00,  0.0000000000000000e+00
 4.7652347652347649e+00,  6.3369620373335999e+02, -1.8604323293179953e-01,  2.9860889581540260e+01, -2.2303362817226838e-02,  9.1324045226197706e-02,  5.0460366430966919e-01,  3.0225711994075855e+03,  4.0098739959023519e+01, -1.4999944353634863e+04,  1.0028601769851077e+01,  2.6564713537298452e+00,  2.4726542979584147e+00,  1.0117234848045647e-02,  1.2468668108423343e-01, -1.3459116640299134e+00,  2.7433066213374302e-01, -2.2782179286422931e-04,  1.7833722458000939e-02,  1.9713184022233607e-01,  0.0000000000000000e+00, -8.5578579869740306e-03, -6.5838240399862386e-02,  2.1356528368539904e+00,  0.0000000000000000e+00
 4.7752247752247756e+00,  6.3369619477022161e+02, -1.8588640911548332e-01,  2.9860922833529809e+01, -2.2312903600027745e-02,  9.1327364488883275e-02,  5.0461194248346475e-01,  3.0289050995214748e+03,  4.0318684292790181e+01, -1.4999944473651720e+04,  1.0028616643768350e+01,  2.6564950868324124e+00,  2.4777830516994306e+00,  1.0114531867663472e-02,  1.2486155481168940e-01, -1.3438357455802628e+00,  2.7433066213374302e-01, -3.1458326812491095e-04,  1.7422087306516180e-02,  2.0177587728573049e-01,  0.0000000000000000e+00, -8.8117893602138644e-03, -1.6571116927383358e-02, -1.2059166167624567e+00,  0.0000000000000000e+00
 4.7852147852147855e+00,  6.3369618564088728e+02, -1.8573072025452039e-01,  2.9860955997083725e+01, -2.2323197140153121e-02,  9.1331565319834010e-02,  5.0461982022148932e-01,  3.0352389799395037e+03,  4.0539197008475284e+01, -1.4999944595868656e+04,  1.0028631424261503e+01,  2.6565188389037830e+00,  2.4829118914601183e+00,  1.0110949468063131e-02,  1.2503477473671129e-01, -1.3418801779702583e+00,  2.7433066213374302e-01, -4.0013989472230166e-04,  1.7479253655394596e-02,  1.8864852213637914e-01,  0.0000000000000000e+00, -8.3166472845803696e-03,  2.8015819972688930e-02, -1.4221798841394000e+00,  0.0000000000000000e+00
 4.7952047952047954e+00,  6.3369617634913811e+02, -1.8557613013077690e-01,  2.9860989145472974e+01, -2.2333928775648167e-02,  9.1336525152525688e-02,  5.0462752417365186e-01,  3.0415728406094136e+03,  4.0760278103503836e+01, -1.4999944720291975e+04,  1.0028646105307114e+01,  2.6565426188170180e+00,  2.4880408161179486e+00,  1.0106537064572117e-02,  1.2521079064896001e-01, -1.3400665443387767e+00,  2.7433066213374302e-01, -4.7830627837893444e-04,  1.7851361719904941e-02,  1.7597951888807023e-01,  0.0000000000000000e+00, -7.3322627234777005e-03,  4.6480214542283203e-02, -1.1141545661720780e+00,  0.0000000000000000e+00
 4.8051948051948052e+00,  6.3369616690082705e+02, -1.8542260821686407e-01,  2.9861022256906416e+01, -2.2344788813618101e-02,  9.1341672620024114e-02,  5.0463508131199830e-01,  3.0479066814789744e+03,  4.0981927575537604e+01, -1.4999944846928336e+04,  1.0028660684048571e+01,  2.6565664315414397e+00,  2.4931698249327248e+00,  1.0101392899064551e-02,  1.2539144530054555e-01, -1.3383641036668004e+00,  2.7433066213374302e-01, -5.4515758490832468e-04,  1.8233632456964157e-02,  1.6237518831371189e-01,  0.0000000000000000e+00, -6.0513688437063753e-03,  3.0050387016972283e-02, -1.6094324148144887e+00,  0.0000000000000000e+00
 4.8151848151848151e+00,  6.3369615730419196e+02, -1.8527011657363437e-01,  2.9861055227748135e+01, -2.2355566214094048e-02,  9.1346330340559459e-02,  5.0464241389100173e-01,  3.0542405024959703e+03,  4.1204145422530694e+01, -1.4999944975785271e+04,  1.0028675160335856e+01,  2.6565902755353430e+00,  2.4982989157992335e+00,  1.0095644805133390e-02,  1.2557509898975849e-01, -1.3368222848320093e+00,  2.7433066213374302e-01, -5.9978495890022280e-04,  1.8328646625212781e-02,  1.4627835595814370e-01,  0.0000000000000000e+00, -4.8850314294717574e-03, -1.1028550533597121e-02, -1.6131534227703024e+00,  0.0000000000000000e+00
 4.8251748251748250e+00,  6.3369614756569035e+02, -1.8511858041755677e-01,  2.9861087928914316e+01, -2.2366268916182812e-02,  9.1350058203046730e-02,  5.0464932265935858e-01,  3.0605743036081212e+03,  4.1426931642848082e+01, -1.4999945106871042e+04,  1.0028689534837302e+01,  2.6566141437564492e+00,  2.5034280841157392e+00,  1.0089409183602009e-02,  1.2575765202632402e-01, -1.3354414591921122e+00,  2.7433066213374302e-01, -6.4436866391249983e-04,  1.8000550085003200e-02,  1.3072956891140747e-01,  0.0000000000000000e+00, -4.0406263139861976e-03, -5.4656376816362276e-02, -1.4997137439863306e+00,  0.0000000000000000e+00
 4.8351648351648349e+00,  6.3369613769296996e+02, -1.8496791609742164e-01,  2.9861120267567649e+01, -2.2376948999538564e-02,  9.1352882192076643e-02,  5.0465572547815563e-01,  3.0669080847631053e+03,  4.1650286235211311e+01, -1.4999945240193860e+04,  1.0028703807738918e+01,  2.6566380272703971e+00,  2.5085573235105278e+00,  1.0082770306353919e-02,  1.2593475034010820e-01, -1.3342103054331800e+00,  2.7433066213374302e-01, -6.8172702599446865e-04,  1.7333955288900357e-02,  1.1526631659498095e-01,  0.0000000000000000e+00, -3.4385177748240520e-03, -7.8795901363428303e-02, -1.5960293697622912e+00,  0.0000000000000000e+00
 4.8451548451548447e+00,  6.3369612769445553e+02, -1.8481803709766026e-01,  2.9861152222940227e+01, -2.2387651856854412e-02,  9.1355204640526280e-02,  5.0466163645872897e-01,  3.0732418459086089e+03,  4.1874209198564188e+01, -1.4999945375761625e+04,  1.0028717978735516e+01,  2.6566619194855874e+00,  2.5136866277785681e+00,  1.0075788264001720e-02,  1.2610398479932902e-01, -1.3331384358835212e+00,  2.7433066213374302e-01, -7.1488719630256338e-04,  1.6589131874844409e-02,  7.6045019454680493e-02,  0.0000000000000000e+00, -3.2001483208626740e-03, -7.0317746130420480e-02, -6.2560743177247202e+00,  0.0000000000000000e+00
 4.8551448551448555e+00,  6.3369611757130735e+02, -1.8466877430729764e-01,  2.9861183897257082e+01, -2.2398718573418935e-02,  9.1357883377908580e-02,  5.0466663360897313e-01,  3.0795755869923373e+03,  4.2098700532224456e+01, -1.4999945513581328e+04,  1.0028732046210404e+01,  2.6566858196730503e+00,  2.5188159906871408e+00,  1.0068486845888333e-02,  1.2626620152641879e-01, -1.3326909244250944e+00,  2.7433066213374302e-01, -7.5165189097376470e-04,  1.6206635449214198e-02,  3.0565689719945294e-02,  0.0000000000000000e+00, -4.1601435523115800e-03, -6.2580382807451282e-03, -2.8488874951689658e+00,  0.0000000000000000e+00
 4.8651348651348654e+00,  6.3369610730446391e+02, -1.8451978738997177e-01,  2.9861215587132456e+01, -2.2410732068057455e-02,  9.1362201260232104e-02,  5.0466977570376770e-01,  3.0859093079618983e+03,  4.2323760236843903e+01, -1.4999945653658018e+04,  1.0028746002491076e+01,  2.6567097403344406e+00,  2.5239453998981123e+00,  1.0060770244202044e-02,  1.2642779369941323e-01, -1.3325277327922136e+00,  2.7433066213374302e-01, -7.9834295981446202e-04,  1.6555098912025924e-02,  2.6065639553940704e-02,  0.0000000000000000e+00, -5.1874084295890762e-03,  7.6020423535510237e-02,  1.9479774519348176e+00,  0.0000000000000000e+00
 4.8751248751248752e+00,  6.3369609687628497e+02, -1.8437085529054728e-01,  2.9861247476720472e+01, -2.2423328697665914e-02,  9.1367994304085723e-02,  5.0467119399613025e-01,  3.0922430087648049e+03,  4.2549388313948370e+01, -1.4999945795995609e+04,  1.0028759838644946e+01,  2.6567337012299763e+00,  2.5290748400441800e+00,  1.0052535937600332e-02,  1.2659697273345227e-01, -1.3321701324260147e+00,  2.7433066213374302e-01, -8.4924712194902067e-04,  1.7468690955227316e-02,  4.4237926025378807e-02,  0.0000000000000000e+00, -5.0036048297496900e-03,  1.0688070351341040e-01,  1.6901142996471330e+00,  0.0000000000000000e+00
 4.8851148851148851e+00,  6.3369608627419677e+02, -1.8422183764638703e-01,  2.9861279543821809e+01, -2.2435929879763089e-02,  9.1374147640714887e-02,  5.0467123448280415e-01,  3.0985766893484642e+03,  4.2775584765059058e+01, -1.4999945940598762e+04,  1.0028773551200539e+01,  2.6567577145078269e+00,  2.5342042973826437e+00,  1.0043802269737528e-02,  1.2677681849372346e-01, -1.3316438581463519e+00,  2.7433066213374302e-01, -8.9364686277046607e-04,  1.8377078336664032e-02,  5.8266322991578461e-02,  0.0000000000000000e+00, -3.8852232827037859e-03,  7.4978450250221942e-02,  1.1183707729860692e+00,  0.0000000000000000e+00
 4.8951048951048950e+00,  6.3369607549062243e+02, -1.8407267249767906e-01,  2.9861311625291442e+01, -2.2448096778580728e-02,  9.1379490492098023e-02,  5.0467041593785100e-01,  3.1049103496602015e+03,  4.3002349591486315e+01, -1.4999946087473627e+04,  1.0028787141922113e+01,  2.6567817800760412e+00,  2.5393337601544435e+00,  1.0034680855427096e-02,  1.2696414712579321e-01, -1.3310059701284807e+00,  2.7433066213374302e-01, -9.2433580416675085e-04,  1.8765404806859499e-02,  6.4543646216197251e-02,  0.0000000000000000e+00, -2.2587027848324829e-03,  2.7645090829118550e-03,  1.3834933658262868e-01,  0.0000000000000000e+00
 4.9050949050949049e+00,  6.3369606452474034e+02, -1.8392341520474342e-01,  2.9861343507315826e+01, -2.2459579369794470e-02,  9.1383319521434109e-02,  5.0466955153360982e-01,  3.1112439896472561e+03,  4.3229682793849520e+01, -1.4999946236627558e+04,  1.0028800616276536e+01,  2.6568058872531131e+00,  2.5444632215473879e+00,  1.0025334021902029e-02,  1.2715175165669768e-01, -1.3303542748053689e+00,  2.7433066213374302e-01, -9.3916522317887539e-04,  1.8426077962576125e-02,  4.6663900577042658e-02,  0.0000000000000000e+00, -7.1014690139490039e-04, -7.0697743308443931e-02, -3.7178744135414203e+00,  0.0000000000000000e+00
 4.9150849150849147e+00,  6.3369605337705889e+02, -1.8377416723030440e-01,  2.9861375047979564e+01, -2.2470593146320144e-02,  9.1385762550881239e-02,  5.0466918753464751e-01,  3.1175776092568858e+03,  4.3457584371779255e+01, -1.4999946388068449e+04,  1.0028813980682898e+01,  2.6568300209285556e+00,  2.5495926818890786e+00,  1.0015916315503443e-02,  1.2733230053163888e-01, -1.3300736244626057e+00,  2.7433066213374302e-01, -9.4426181755040948e-04,  1.7548699480065787e-02,  4.8086062942400897e-03,  0.0000000000000000e+00, -3.1019129179459535e-04, -1.0495342888996270e-01, -4.6615555018752941e+00,  0.0000000000000000e+00
 4.9250749250749255e+00,  6.3369604204430107e+02, -1.8362495315378974e-01,  2.9861406253876851e+01, -2.2481803199355908e-02,  9.1387645984535512e-02,  5.0466918031270203e-01,  3.1239112084363655e+03,  4.3686054324582123e+01, -1.4999946541803532e+04,  1.0028827236743441e+01,  2.6568541708010507e+00,  2.5547221441382986e+00,  1.0006467651921001e-02,  1.2750237502293277e-01, -1.3302581987555340e+00,  2.7433066213374302e-01, -9.5206483588905217e-04,  1.6575132859934547e-02, -4.1871465484536463e-02,  0.0000000000000000e+00, -1.2519729796016295e-03, -8.9954608460305160e-02, -4.6837948682354646e+00,  0.0000000000000000e+00
 4.9350649350649354e+00,  6.3369603052208731e+02, -1.8347569783273565e-01,  2.9861437232446477e+01, -2.2493853474626499e-02,  9.1389844182821783e-02,  5.0466892985412171e-01,  3.1302447871329814e+03,  4.3915092651905255e+01, -1.4999946697838697e+04,  1.0028840379216271e+01,  2.6568783358484365e+00,  2.5598516091895007e+00,  9.9968940410601042e-03,  1.2766347201735187e-01, -1.3309102171795795e+00,  2.7433066213374302e-01, -9.7365552217776004e-04,  1.5896382261654886e-02, -7.9664962124785965e-02,  0.0000000000000000e+00, -3.0704824153891495e-03, -4.5931261315424216e-02, -2.8824631591417846e+00,  0.0000000000000000e+00
 4.9450549450549453e+00,  6.3369601880808261e+02, -1.8332621321439840e-01,  2.9861468098434351e+01, -2.2507076463962973e-02,  9.1392757723236490e-02,  5.0466759976955655e-01,  3.1365783452940359e+03,  4.4144699354331394e+01, -1.4999946856178804e+04,  1.0028853397363331e+01,  2.6569025227565506e+00,  2.5649810715409402e+00,  9.9870139951342331e-03,  1.2781998505813066e-01, -1.3318499062904947e+00,  2.7433066213374302e-01, -1.0139028709823831e-03,  1.5641637006584073e-02, -1.0760278125166441e-01,  0.0000000000000000e+00, -4.9870368152964695e-03, -5.0687387497530493e-03, -2.7106882300593442e+00,  0.0000000000000000e+00
 4.9550449550449551e+00,  6.3369600690288655e+02, -1.8317621417398519e-01,  2.9861498905380675e+01, -2.2521517115061063e-02,  9.1396242837922401e-02,  5.0466428965523336e-01,  3.1429118828668466e+03,  4.4374874433603168e+01, -1.4999947016828464e+04,  1.0028866278459059e+01,  2.6569267405665693e+00,  2.5701105174072345e+00,  9.9766362414400768e-03,  1.2797599223726364e-01, -1.3330601228988934e+00,  2.7433066213374302e-01, -1.0736055404469910e-03,  1.5712215299372636e-02, -1.4750627804347791e-01,  0.0000000000000000e+00, -6.9654376115182055e-03,  1.9198512966023720e-02, -5.2779918276618103e+00,  0.0000000000000000e+00
 4.9650349650349650e+00,  6.3369599480488534e+02, -1.8302520531096320e-01,  2.9861529701457375e+01, -2.2537443569612011e-02,  9.1400241173315425e-02,  5.0465734338080870e-01,  3.1492453997986531e+03,  4.4605617893015634e+01, -1.4999947179792191e+04,  1.0028879008166381e+01,  2.6569509983265305e+00,  2.5752399210601062e+00,  9.9655633349854424e-03,  1.2813391543374250e-01, -1.3347970846729817e+00,  2.7433066213374302e-01, -1.1550369956565920e-03,  1.6109656126886383e-02, -1.6924155095175081e-01,  0.0000000000000000e+00, -9.3371397214440759e-03,  6.0369140702229110e-02,  9.2659019142552645e-01,  0.0000000000000000e+00
 4.9750249750249749e+00,  6.3369598250942340e+02, -1.8287253083622351e-01,  2.9861560686679724e+01, -2.2554813364750088e-02,  9.1405652009266133e-02,  5.0464518042802398e-01,  3.1555788960366781e+03,  4.4836929737858071e+01, -1.4999947345073671e+04,  1.0028891568778896e+01,  2.6569753126876923e+00,  2.5803692392551674e+00,  9.9535585791891961e-03,  1.2829786348855007e-01, -1.3364415724683589e+00,  2.7433066213374302e-01, -1.2543144834824128e-03,  1.7031946496434674e-02, -1.6130104341652277e-01,  0.0000000000000000e+00, -1.0538213341285475e-02,  1.2427339128134113e-01,  6.6309941712714338e-01,  0.0000000000000000e+00
 4.9850149850149847e+00,  6.3369597000611145e+02, -1.8271756281432447e-01,  2.9861592000039312e+01, -2.2572922151670533e-02,  9.1412415836046479e-02,  5.0462729317097754e-01,  3.1619123715281594e+03,  4.5068809974012900e+01, -1.4999947512675812e+04,  1.0028903946968903e+01,  2.6569997083143155e+00,  2.5854984210812755e+00,  9.9405021065442356e-03,  1.2847421406503989e-01, -1.3380198827432419e+00,  2.7433066213374302e-01, -1.3596782158438040e-03,  1.8327394849606993e-02, -1.5960551820544203e-01,  0.0000000000000000e+00, -1.0555605877465311e-02,  1.3507536902375994e-01, -3.2365526986877363e-01,  0.0000000000000000e+00
 4.9950049950049946e+00,  6.3369595727783360e+02, -1.8255952358019428e-01,  2.9861623544658439e+01, -2.2591283699786829e-02,  9.1419208507125885e-02,  5.0460275868069271e-01,  3.1682458262201835e+03,  4.5301258608205949e+01, -1.4999947682602595e+04,  1.0028916135072956e+01,  2.6570242028921682e+00,  2.5906274072080753e+00,  9.9263921812702393e-03,  1.2866404520382693e-01, -1.3396304939110251e+00,  2.7433066213374302e-01, -1.4621024583010339e-03,  1.9412655087973268e-02, -1.6124220021883187e-01,  0.0000000000000000e+00, -9.9497274624844711e-03,  8.2193730697336223e-02, -4.0084692133142748e-03,  0.0000000000000000e+00
 5.0049950049950054e+00,  6.3369594431040991e+02, -1.8239755222210424e-01,  2.9861655109809163e+01, -2.2609456046181878e-02,  9.1424897399532024e-02,  5.0457082967075251e-01,  3.1745792600596133e+03,  4.5534275648421115e+01, -1.4999947854859487e+04,  1.0028928129374645e+01,  2.6570488033177977e+00,  2.5957561270780913e+00,  9.9112892702145437e-03,  1.2886207930156285e-01, -1.3412415051252367e+00,  2.7433066213374302e-01, -1.5556442062237402e-03,  1.9823463556238999e-02, -1.6044516875817555e-01,  0.0000000000000000e+00, -8.7773304716407003e-03,  5.0124649460643641e-05,  1.6357416763670729e-01,  0.0000000000000000e+00
 5.0149850149850153e+00,  6.3369593109604318e+02, -1.8223080357655641e-01,  2.9861686479776914e+01, -2.2627033055191027e-02,  9.1429004142067408e-02,  5.0453136993766190e-01,  3.1809126729931950e+03,  4.5767861103306075e+01, -1.4999948029452706e+04,  1.0028939930130768e+01,  2.6570735094592206e+00,  2.6008845040753492e+00,  9.8953103789480856e-03,  1.2906011840175380e-01, -1.3428361915885112e+00,  2.7433066213374302e-01, -1.6350013293348457e-03,  1.9460908031620525e-02, -1.5858935237126640e-01,  0.0000000000000000e+00, -7.1099655751881898e-03, -7.2633740678256453e-02,  2.0796027302392078e-01,  0.0000000000000000e+00
 5.0249750249750251e+00,  6.3369591763310223e+02, -1.8205852648965712e-01,  2.9861717514849637e+01, -2.2643685831150805e-02,  9.1431734210045870e-02,  5.0448490620699882e-01,  3.1872460649676163e+03,  4.6002014981282443e+01, -1.4999948206388710e+04,  1.0028951541372539e+01,  2.6570983196868014e+00,  2.6060124633271302e+00,  9.8786219109870746e-03,  1.2925090863286395e-01, -1.3444101235542329e+00,  2.7433066213374302e-01, -1.6958140798119942e-03,  1.8548295379220130e-02, -1.5180486585663311e-01,  0.0000000000000000e+00, -5.0647470703370666e-03, -1.1007131233230465e-01,  1.1502939272056825e+00,  0.0000000000000000e+00
 5.0349650349650350e+00,  6.3369590392442797e+02, -1.8188011399224710e-01,  2.9861748183000913e+01, -2.2659153796753383e-02,  9.1433735114501161e-02,  5.0443247429120319e-01,  3.1935794359296606e+03,  4.6236737289757244e+01, -1.4999948385673481e+04,  1.0028962970428076e+01,  2.6571232353486423e+00,  2.6111399386166148e+00,  9.8614279797510432e-03,  1.2943071371402592e-01, -1.3458692558413909e+00,  2.7433066213374302e-01, -1.7336774424388545e-03,  1.7482538835546010e-02, -1.1647116414107546e-01,  0.0000000000000000e+00, -2.5154981275604831e-03, -1.0329314771125678e-01,  5.9235131562490393e+00,  0.0000000000000000e+00
 5.0449550449550449e+00,  6.3369588997375229e+02, -1.8169520250089055e-01,  2.9861778568375140e+01, -2.2672959872855652e-02,  9.1435914905853399e-02,  5.0437572131807640e-01,  3.1999127858262905e+03,  4.6472028034354004e+01, -1.4999948567312262e+04,  1.0028974228666760e+01,  2.6571482629307077e+00,  2.6162668781324703e+00,  9.8439830010482367e-03,  1.2960021010809963e-01, -1.3467372197408678e+00,  2.7433066213374302e-01, -1.7410063169566751e-03,  1.6716104465143551e-02, -4.9757554858093987e-02,  0.0000000000000000e+00,  1.0482574490928008e-03, -5.0147013243317475e-02,  7.4325514222040052e+00,  0.0000000000000000e+00
 5.0549450549450547e+00,  6.3369587578082496e+02, -1.8150369792180041e-01,  2.9861808866537274e+01, -2.2684449016960099e-02,  9.1439247095229326e-02,  5.0431657929224161e-01,  3.2062461146046785e+03,  4.6707887217854953e+01, -1.4999948751309565e+04,  1.0028985334530880e+01,  2.6571734152510302e+00,  2.6213932503345929e+00,  9.8266426387529082e-03,  1.2976470181522759e-01, -1.3468634127816126e+00,  2.7433066213374302e-01, -1.7083052790037314e-03,  1.6635360990515664e-02,  3.9455585673174011e-02,  0.0000000000000000e+00,  5.4984903490866181e-03,  3.3982169622814716e-02,  1.0427919312156057e+01,  0.0000000000000000e+00
 5.0649350649350646e+00,  6.3369586134252938e+02, -1.8130570925333528e-01,  2.9861839329286891e+01, -2.2692929877179913e-02,  9.1444526574289919e-02,  5.0425686346256748e-01,  3.2125794222122286e+03,  4.6944314840101278e+01, -1.4999948937669427e+04,  1.0028996313851078e+01,  2.6571987101338892e+00,  2.6265190433403771e+00,  9.8098510274417690e-03,  1.2993258495306498e-01, -1.3459488963507944e+00,  2.7433066213374302e-01, -1.6267110829294204e-03,  1.7478024580641596e-02,  1.3743363099722636e-01,  0.0000000000000000e+00,  1.0836667704990628e-02,  1.3471908112039882e-01,  9.1872853617194501e+00,  0.0000000000000000e+00
 5.0749250749250745e+00,  6.3369584665265450e+02, -1.8110151891825238e-01,  2.9861870210974189e+01, -2.2697682324965305e-02,  9.1452113178425665e-02,  5.0419811299788353e-01,  3.2189127085965151e+03,  4.7181310897952365e+01, -1.4999949126395873e+04,  1.0029007200850938e+01,  2.6572241689087694e+00,  2.6316442638565034e+00,  9.7941409188142588e-03,  1.3011391309556009e-01, -1.3441174860883613e+00,  2.7433066213374302e-01, -1.4916787958219929e-03,  1.9143324251679961e-02,  1.9839924809630508e-01,  0.0000000000000000e+00,  1.6196796173901955e-02,  1.9867391302163795e-01,  3.0180311815177521e+00,  0.0000000000000000e+00
 5.0849150849150853e+00,  6.3369583169723717e+02, -1.8089133012144240e-01,  2.9861901547276346e+01, -2.2698580585301539e-02,  9.1460833456315019e-02,  5.0414055442472938e-01,  3.2252459737051445e+03,  4.7418875386517719e+01, -1.4999949317493925e+04,  1.0029018034867278e+01,  2.6572498077354365e+00,  2.6367689272687178e+00,  9.7800472552974724e-03,  1.3031506895409756e-01, -1.3419848754098092e+00,  2.7433066213374302e-01, -1.3105923387858763e-03,  2.0974515545849511e-02,  2.1760121538825516e-01,  0.0000000000000000e+00,  2.0056712524727370e-02,  1.6793058407109379e-01,  8.2620267033052686e-01,  0.0000000000000000e+00
 5.0949050949050951e+00,  6.3369581646277243e+02, -1.8067515434287404e-01,  2.9861933101024320e+01, -2.2696081136287474e-02,  9.1468725884378890e-02,  5.0408341472125728e-01,  3.2315792174855287e+03,  4.7657008301309290e+01, -1.4999949510970884e+04,  1.0029028852805467e+01,  2.6572756266808359e+00,  2.6418930420502282e+00,  9.7679552576996551e-03,  1.3053298433523741e-01, -1.3397698094572272e+00,  2.7433066213374302e-01, -1.1007441802645017e-03,  2.2125014752696945e-02,  2.2225789001688184e-01,  0.0000000000000000e+00,  2.1954888811262178e-02,  6.2399357139564036e-02,  1.0606359031853521e-01,  0.0000000000000000e+00
 5.1048951048951050e+00,  6.3369580094593221e+02, -1.8045291052637411e-01,  2.9861964537504289e+01, -2.2690856783205725e-02,  9.1474515134801676e-02,  5.0402600632428818e-01,  3.2379124398848694e+03,  4.7895709638922220e+01, -1.4999949706835945e+04,  1.0029039685268426e+01,  2.6573016107811860e+00,  2.6470166058923370e+00,  9.7580543645828972e-03,  1.3075712719091467e-01, -1.3375441583265548e+00,  2.7433066213374302e-01, -8.8091710255374202e-04,  2.2153792388260433e-02,  2.2065687406735526e-01,  0.0000000000000000e+00,  2.2054492146432462e-02, -5.6638074499753763e-02, -4.2658698341375834e-01,  0.0000000000000000e+00
 5.1148851148851149e+00,  6.3369578515321655e+02, -1.8022451683689361e-01,  2.9861995592658257e+01, -2.2683697386035429e-02,  9.1478089846988866e-02,  5.0396816099624875e-01,  3.2442456408502612e+03,  4.8134979396597416e+01, -1.4999949905099027e+04,  1.0029050555204872e+01,  2.6573277390309351e+00,  2.6521396108091499e+00,  9.7503545163898902e-03,  1.3097561754978806e-01, -1.3353610807046328e+00,  2.7433066213374302e-01, -6.6744361715404725e-04,  2.1203917860566909e-02,  2.1602282090583880e-01,  0.0000000000000000e+00,  2.0682899630586928e-02, -1.3352680594449198e-01, -5.0115045952184967e-01,  0.0000000000000000e+00
 5.1248751248751248e+00,  6.3369576909634884e+02, -1.7998996486852911e-01,  2.9862026172046285e+01, -2.2675428531443116e-02,  9.1480312514547663e-02,  5.0391027388048681e-01,  3.2505788203288571e+03,  4.8374817571451160e+01, -1.4999950105769600e+04,  1.0029061477522658e+01,  2.6573539941973885e+00,  2.6572620507521885e+00,  9.7447188277766227e-03,  1.3118078189342350e-01, -1.3332280180487159e+00,  2.7433066213374302e-01, -4.7202674007382000e-04,  1.9830585266903785e-02,  2.2602663984998364e-01,  0.0000000000000000e+00,  1.8439559160875016e-02, -1.4141437930686870e-01,  2.5039150121396685e+00,  0.0000000000000000e+00
 5.1348651348651346e+00,  6.3369575279009530e+02, -1.7974942908121913e-01,  2.9862056359491902e+01, -2.2666541478803266e-02,  9.1482523963373016e-02,  5.0385356848205809e-01,  3.2569119782679541e+03,  4.8615224159651845e+01, -1.4999950308855894e+04,  1.0029072460459789e+01,  2.6573803687527553e+00,  2.6623839290968676e+00,  9.7409234126921117e-03,  1.3137183303963629e-01, -1.3308450639244134e+00,  2.7433066213374302e-01, -2.9741331040434080e-04,  1.8702605796008222e-02,  2.5241608848677499e-01,  0.0000000000000000e+00,  1.6518049458955131e-02, -8.4407110766425972e-02,  2.7792526049460173e+00,  0.0000000000000000e+00
 5.1448551448551445e+00,  6.3369573624944655e+02, -1.7950332786584347e-01,  2.9862086354151845e+01, -2.2657104294627795e-02,  9.1485907127516114e-02,  5.0379977821423361e-01,  3.2632451146151470e+03,  4.8856199155387493e+01, -1.4999950514365008e+04,  1.0029083510851740e+01,  2.6574068650702398e+00,  2.6675052673660642e+00,  9.7387765038924202e-03,  1.3155446033090618e-01, -1.3281847395574717e+00,  2.7433066213374302e-01, -1.3941953678253571e-04,  1.8285449462718782e-02,  2.7483172997641908e-01,  0.0000000000000000e+00,  1.5112304020128024e-02,  8.9241284204206290e-04,  1.7083588212830776e+00,  0.0000000000000000e+00
 5.1548451548451553e+00,  6.3369571948353052e+02, -1.7925217780867389e-01,  2.9862116348674771e+01, -2.2647207473697060e-02,  9.1490863517151480e-02,  5.0375003848805533e-01,  3.2695782293182187e+03,  4.9097742551074077e+01, -1.4999950722303400e+04,  1.0029094635665578e+01,  2.6574334906793595e+00,  2.6726261030611900e+00,  9.7381378075615914e-03,  1.3173717668524507e-01, -1.3253539204683409e+00,  2.7433066213374302e-01,  4.6985572823732477e-06,  1.8627893559384882e-02,  2.8154192057286676e-01,  0.0000000000000000e+00,  1.3740138411665801e-02,  6.7664895310508913e-02, -3.6497866387429928e-01,  0.0000000000000000e+00
 5.1648351648351651e+00,  6.3369570249525123e+02, -1.7899645547320148e-01,  2.9862146428149185e+01, -2.2637153042723877e-02,  9.1496923035798899e-02,  5.0370448707154603e-01,  3.2759113223250033e+03,  4.9339854338434087e+01, -1.4999950932677990e+04,  1.0029105840409008e+01,  2.6574602513207135e+00,  2.6777464801025466e+00,  9.7388703811607993e-03,  1.3192664601640838e-01, -1.3225595263592125e+00,  2.7433066213374302e-01,  1.3227861926380340e-04,  1.9396694905695122e-02,  2.7657384936252527e-01,  0.0000000000000000e+00,  1.1801389997015549e-02,  8.6249134220631379e-02, -6.2962919243854154e-01,  0.0000000000000000e+00
 5.1748251748251750e+00,  6.3369568528516788e+02, -1.7873652618193819e-01,  2.9862176545257771e+01, -2.2627389083682104e-02,  9.1503163502275081e-02,  5.0366255923619474e-01,  3.2822443935832807e+03,  4.9582534509713085e+01, -1.4999951145496450e+04,  1.0029117126363102e+01,  2.6574871459448768e+00,  2.6828664382455152e+00,  9.7407807370174116e-03,  1.3212472303700720e-01, -1.3198279694321267e+00,  2.7433066213374302e-01,  2.3779410023475463e-04,  2.0116505873413043e-02,  2.7093895587099531e-01,  0.0000000000000000e+00,  9.3228092933691324e-03,  5.7857021516498082e-02, -4.9847648456576882e-01,  0.0000000000000000e+00
 5.1848151848151849e+00,  6.3369566785688949e+02, -1.7847269129421323e-01,  2.9862206565675830e+01, -2.2618284777075205e-02,  9.1508757903318264e-02,  5.0362369843476851e-01,  3.2885774430406768e+03,  4.9825783058072986e+01, -1.4999951360767549e+04,  1.0029128490302762e+01,  2.6575141656955892e+00,  2.6879860097133705e+00,  9.7436215120346205e-03,  1.3232857420568736e-01, -1.3171461606075443e+00,  2.7433066213374302e-01,  3.1739491347325491e-04,  2.0428992860111659e-02,  2.6658272389406729e-01,  0.0000000000000000e+00,  6.6132735169788098e-03,  4.7028732205650218e-03, -3.7364115721524022e-01,  0.0000000000000000e+00
 5.1948051948051948e+00,  6.3369565021861115e+02, -1.7820524068621688e-01,  2.9862236340843953e+01, -2.2610116926600112e-02,  9.1513303558946074e-02,  5.0358765595934396e-01,  3.2949104706447315e+03,  5.0069599977346193e+01, -1.4999951578500648e+04,  1.0029139925515276e+01,  2.6575412963261655e+00,  2.6931052214493820e+00,  9.7471222937301639e-03,  1.3253289472252391e-01, -1.3145016412823951e+00,  2.7433066213374302e-01,  3.7022782462434070e-04,  2.0224241361939139e-02,  2.6343962594551557e-01,  0.0000000000000000e+00,  3.9638752954686916e-03, -4.5694123154703954e-02, -2.5560705208481782e-01,  0.0000000000000000e+00
 5.2047952047952046e+00,  6.3369563238250271e+02, -1.7793450736566924e-01,  2.9862265769651600e+01, -2.2603073148636091e-02,  9.1516889362407039e-02,  5.0355460076570258e-01,  3.3012434763429719e+03,  5.0313985261517722e+01, -1.4999951798705197e+04,  1.0029151422934588e+01,  2.6575685221878085e+00,  2.6982240997100750e+00,  9.7510186713677741e-03,  1.3273265495217965e-01, -1.3118826316176240e+00,  2.7433066213374302e-01,  3.9804832827671535e-04,  1.9628912850263473e-02,  2.6143453629655661e-01,  0.0000000000000000e+00,  1.6057895357367801e-03, -7.3490644882765535e-02, -1.4581189563677482e-01,  0.0000000000000000e+00
 5.2147852147852145e+00,  6.3369561436283504e+02, -1.7766090459187256e-01,  2.9862294825581426e+01, -2.2597256680029570e-02,  9.1519939033004982e-02,  5.0352504942612286e-01,  3.3075764600829616e+03,  5.0558938904186959e+01, -1.4999952021390476e+04,  1.0029162972240506e+01,  2.6575958296712137e+00,  2.7033426747358020e+00,  9.7550753072821461e-03,  1.3292508079345824e-01, -1.3092781740237227e+00,  2.7433066213374302e-01,  4.0449987394389339e-04,  1.8896970657448591e-02,  2.6046280157785778e-01,  0.0000000000000000e+00, -3.1419009316772213e-04, -7.3044182118775738e-02, -4.8729395046727707e-02,  0.0000000000000000e+00
 5.2247752247752244e+00,  6.3369559617395305e+02, -1.7738493474021419e-01,  2.9862323546317675e+01, -2.2592693367744939e-02,  9.1522952042713310e-02,  5.0349967964232611e-01,  3.3139094218123746e+03,  5.0804460898210138e+01, -1.4999952246565081e+04,  1.0029174562815589e+01,  2.6576232087517275e+00,  2.7084609836898874e+00,  9.7591005869310885e-03,  1.3311021680347732e-01, -1.3066785796380465e+00,  2.7433066213374302e-01,  3.9425899983112521e-04,  1.8273300574955242e-02,  2.6036666852335688e-01,  0.0000000000000000e+00, -1.7360329042048360e-03, -5.1814568396226349e-02,  2.9483557537962293e-02,  0.0000000000000000e+00
 5.2347652347652351e+00,  6.3369557782894708e+02, -1.7710717257185696e-01,  2.9862351999409487e+01, -2.2589342032660161e-02,  9.1526276807468665e-02,  5.0347912501999603e-01,  3.3202423614789632e+03,  5.1050551235616183e+01, -1.4999952474237296e+04,  1.0029186184494421e+01,  2.6576506524431087e+00,  2.7135790711327110e+00,  9.7629526099760749e-03,  1.3329018170404677e-01, -1.3040760427844946e+00,  2.7433066213374302e-01,  3.7223263733669911e-04,  1.7894528388425722e-02,  2.5916727953171204e-01,  0.0000000000000000e+00, -2.6736448671791251e-03, -2.4015623346981436e-02, -2.6960123366525340e-01,  0.0000000000000000e+00
 5.2447552447552450e+00,  6.3369555933929519e+02, -1.7682823233493067e-01,  2.9862380244738791e+01, -2.2587119351061030e-02,  9.1530005106671405e-02,  5.0346381497231940e-01,  3.3265752790305560e+03,  5.1297209907762948e+01, -1.4999952704415047e+04,  1.0029197828070187e+01,  2.6576781549142980e+00,  2.7186969874046922e+00,  9.7665378024622915e-03,  1.3346774983821111e-01, -1.3015004122148353e+00,  2.7433066213374302e-01,  3.4203758302521638e-04,  1.7764684738085571e-02,  2.4787572485955209e-01,  0.0000000000000000e+00, -3.3714050059828618e-03, -1.9790754512742812e-03, -1.9909680117034783e+00,  0.0000000000000000e+00
 5.2547452547452549e+00,  6.3369554071329731e+02, -1.7654867664338003e-01,  2.9862408322613462e+01, -2.2586101451328895e-02,  9.1534048529461537e-02,  5.0345356609753633e-01,  3.3329081744149948e+03,  5.1544436905793802e+01, -1.4999952937106378e+04,  1.0029209484688284e+01,  2.6577057099157084e+00,  2.7238147844894738e+00,  9.7697865277188364e-03,  1.3364512046005247e-01, -1.2991234808492389e+00,  2.7433066213374302e-01,  3.0356504235125434e-04,  1.7804437038798603e-02,  2.2656078507909369e-01,  0.0000000000000000e+00, -4.3307976369444251e-03,  9.9374860540234911e-03, -2.2762829323443432e+00,  0.0000000000000000e+00
 5.2647352647352648e+00,  6.3369552195597328e+02, -1.7626895475159807e-01,  2.9862436254203768e+01, -2.2586478757707282e-02,  9.1538249157342877e-02,  5.0344768359300740e-01,  3.3392410475800875e+03,  5.1792232221406714e+01, -1.4999953172319165e+04,  1.0029221143640168e+01,  2.6577333109279353e+00,  2.7289325092916967e+00,  9.7726030380737051e-03,  1.3382348284597931e-01, -1.2969737232022660e+00,  2.7433066213374302e-01,  2.5386244338414059e-04,  1.7918655478166977e-02,  2.0532734857290358e-01,  0.0000000000000000e+00, -5.6196626762718572e-03,  1.2929045507525015e-02, -1.9746510561949639e+00,  0.0000000000000000e+00
 5.2747252747252746e+00,  6.3369550306887106e+02, -1.7598940869888252e-01,  2.9862464055707019e+01, -2.2588475075441650e-02,  9.1542533840596213e-02,  5.0344526497400766e-01,  3.3455738984735631e+03,  5.2040595847188762e+01, -1.4999953410061198e+04,  1.0029232791878382e+01,  2.6577609515565186e+00,  2.7340502006525993e+00,  9.7748587044098282e-03,  1.3400313555452134e-01, -1.2950210363223078e+00,  2.7433066213374302e-01,  1.8969158560533614e-04,  1.8079705838436617e-02,  1.9495400201115373e-01,  0.0000000000000000e+00, -7.2273430510449502e-03,  1.9313236618457783e-02, -1.0209292546738036e-01,  0.0000000000000000e+00
 5.2847152847152845e+00,  6.3369548405118849e+02, -1.7571030301189072e-01,  2.9862491780415183e+01, -2.2592258453962250e-02,  9.1547098253367001e-02,  5.0344547206447554e-01,  3.3519067270430755e+03,  5.2289527776603762e+01, -1.4999953650339963e+04,  1.0029244413740813e+01,  2.6577886279159380e+00,  2.7391678886306710e+00,  9.7763930797441414e-03,  1.3418471572986415e-01, -1.2930785383468983e+00,  2.7433066213374302e-01,  1.0958104516787861e-04,  1.8334365222439104e-02,  1.9536027686677079e-01,  0.0000000000000000e+00, -8.8107871445342305e-03,  3.1669572058840446e-02,  1.8342915156191572e-01,  0.0000000000000000e+00
 5.2947052947052944e+00,  6.3369546490107325e+02, -1.7543184745742246e-01,  2.9862519477126128e+01, -2.2597827910039590e-02,  9.1551989895756816e-02,  5.0344768432426623e-01,  3.3582395332362162e+03,  5.2539028003704097e+01, -1.4999953893162492e+04,  1.0029255992402991e+01,  2.6578163389828382e+00,  2.7442855963764461e+00,  9.7770481358817139e-03,  1.3436945653798665e-01, -1.2911177340872075e+00,  2.7433066213374302e-01,  1.5474798811136820e-05,  1.8676212185670664e-02,  1.9933419952651701e-01,  0.0000000000000000e+00, -1.0029283376085696e-02,  3.6768189980118826e-02,  6.1215016491928953e-01,  0.0000000000000000e+00
 5.3046953046953043e+00,  6.3369544561790883e+02, -1.7515422485432167e-01,  2.9862547147043728e+01, -2.2605008075609428e-02,  9.1556971217348238e-02,  5.0345155353749382e-01,  3.3645723170005031e+03,  5.2789096522950601e+01, -1.4999954138535881e+04,  1.0029267511675574e+01,  2.6578440836747323e+00,  2.7494033420051864e+00,  9.7767022665335747e-03,  1.3455786682248494e-01, -1.2890958370576573e+00,  2.7433066213374302e-01, -8.7524839539130677e-05,  1.8985843467868815e-02,  2.0752842688734080e-01,  0.0000000000000000e+00, -1.0591244221637932e-02,  2.5219992716118106e-02,  1.0283341527194050e+00,  0.0000000000000000e+00
 5.3146853146853150e+00,  6.3369542620509424e+02, -1.7487763415605628e-01,  2.9862574736322191e+01, -2.2613462820624416e-02,  9.1561662284583567e-02,  5.0345707591424427e-01,  3.3709050782834161e+03,  5.3039733328938446e+01, -1.4999954386467596e+04,  1.0029278957839018e+01,  2.6578718580302940e+00,  2.7545211412672881e+00,  9.7752993878389739e-03,  1.3474879406981222e-01, -1.2869713119715762e+00,  2.7433066213374302e-01, -1.9192406357991672e-04,  1.9100917138422182e-02,  2.1593067869486357e-01,  0.0000000000000000e+00, -1.0309480431326744e-02, -2.1822438713349390e-03,  6.5379665914659979e-01,  0.0000000000000000e+00
 5.3246753246753249e+00,  6.3369540667092269e+02, -1.7460232359126815e-01,  2.9862602153079973e+01, -2.2622752819711482e-02,  9.1565711906027955e-02,  5.0346457479555695e-01,  3.3772378170323932e+03,  5.3290938416045776e+01, -1.4999954636965576e+04,  1.0029290321170711e+01,  2.6578996540649196e+00,  2.7596390108832769e+00,  9.7728676199086012e-03,  1.3493950352854733e-01, -1.2847815377830345e+00,  2.7433066213374302e-01, -2.8918653090022979e-04,  1.8905847295659209e-02,  2.2387892146220867e-01,  0.0000000000000000e+00, -9.1624655261975350e-03, -3.6870738649982047e-02,  9.3744154287392856e-01,  0.0000000000000000e+00
 5.3346653346653348e+00,  6.3369538702829402e+02, -1.7432861831743796e-01,  2.9862629304406205e+01, -2.2632403337285771e-02,  9.1568992401934127e-02,  5.0347465503233790e-01,  3.3835705331949221e+03,  5.3542711778125110e+01, -1.4999954890038216e+04,  1.0029301596757753e+01,  2.6579274603371719e+00,  2.7647569716810105e+00,  9.7695214351736347e-03,  1.3512653327651869e-01, -1.2824982066476560e+00,  2.7433066213374302e-01, -3.7108924476350619e-04,  1.8406608566433249e-02,  2.3448434741274304e-01,  0.0000000000000000e+00, -7.2344577892305920e-03, -6.3076854941056484e-02,  1.1857647324230782e+00,  0.0000000000000000e+00
 5.3446553446553446e+00,  6.3369536729345111e+02, -1.7405694592998561e-01,  2.9862656140898338e+01, -2.2641956459820221e-02,  9.1571701882611670e-02,  5.0348813813993998e-01,  3.3899032267185185e+03,  5.3795053408160847e+01, -1.4999955145693977e+04,  1.0029312784751520e+01,  2.6579552644254347e+00,  2.7698750516929631e+00,  9.7654532493838559e-03,  1.3530726793546907e-01, -1.2800965358367260e+00,  2.7433066213374302e-01, -4.3080831184113378e-04,  1.7742995933504178e-02,  2.4636197426823600e-01,  0.0000000000000000e+00, -4.7212994397105865e-03, -6.9778394171344987e-02,  1.1921361640466368e+00,  0.0000000000000000e+00
 5.3546453546453545e+00,  6.3369534748365106e+02, -1.7378783310077175e-01,  2.9862682668248915e+01, -2.2651029031039067e-02,  9.1574218360557777e-02,  5.0350590170276754e-01,  3.3962358975508268e+03,  5.4047963298057411e+01, -1.4999955403941072e+04,  1.0029323889989287e+01,  2.6579830552821631e+00,  2.7749932879940671e+00,  9.7609138764954903e-03,  1.3548103868977551e-01, -1.2775758894794595e+00,  2.7433066213374302e-01, -4.6393489974782284e-04,  1.7107929656879264e-02,  2.5403255396673219e-01,  0.0000000000000000e+00, -1.9106434592086423e-03, -5.7361874408964092e-02,  3.4351389159231682e-01,  0.0000000000000000e+00
 5.3646353646353644e+00,  6.3369532761551159e+02, -1.7352188420884448e-01,  2.9862708928245517e+01, -2.2659353367569988e-02,  9.1576879237661307e-02,  5.0352872083374745e-01,  3.4025685456395718e+03,  5.4301441438663204e+01, -1.4999955664787472e+04,  1.0029334921018084e+01,  2.6580108239830920e+00,  2.7801117265595856e+00,  9.7561838208174659e-03,  1.3564908471183029e-01, -1.2750209603328952e+00,  2.7433066213374302e-01, -4.7132058592740079e-04,  1.6704613600203370e-02,  2.1991232881999667e-01,  0.0000000000000000e+00,  4.3202908605712069e-04, -2.3382000137550919e-02, -7.1743829659688458e+00,  0.0000000000000000e+00
 5.3746253746253743e+00,  6.3369530769775690e+02, -1.7325947949312626e-01,  2.9862735094864682e+01, -2.2667347109864913e-02,  9.1580547720446881e-02,  5.0355548588959798e-01,  3.4089011709325619e+03,  5.4555487820608747e+01, -1.4999955928240524e+04,  1.0029345886674024e+01,  2.6580385661488304e+00,  2.7852304155627112e+00,  9.7514968817716662e-03,  1.3581479720326609e-01, -1.2731820367557833e+00,  2.7433066213374302e-01, -4.6549196187689113e-04,  1.6849825861342815e-02,  1.7755891459509385e-01,  0.0000000000000000e+00,  7.3486144885071588e-04,  5.2453494817813556e-02, -1.3047705618551013e+00,  0.0000000000000000e+00
 5.3846153846153850e+00,  6.3369528772258354e+02, -1.7300062756074761e-01,  2.9862761428203751e+01, -2.2675621406172235e-02,  9.1585870756121707e-02,  5.0358396890914514e-01,  3.4152337733776144e+03,  5.4810102436973601e+01, -1.4999956194305472e+04,  1.0029356787822183e+01,  2.6580662914211808e+00,  2.7903493840296796e+00,  9.7468832821186267e-03,  1.3598574456919979e-01, -1.2714733296716545e+00,  2.7433066213374302e-01, -4.6014503380876966e-04,  1.7647676329904844e-02,  1.7246313585620815e-01,  0.0000000000000000e+00,  3.3559355038716913e-04,  1.0727616898829952e-01,  2.8459565833022155e-01,  0.0000000000000000e+00
 5.3946053946053949e+00,  6.3369526767802051e+02, -1.7274532648454421e-01,  2.9862787986845429e+01, -2.2684133956026815e-02,  9.1592147183547454e-02,  5.0361310378932489e-01,  3.4215663529224107e+03,  5.5065285282712324e+01, -1.4999956462987568e+04,  1.0029367622451080e+01,  2.6580940109080378e+00,  2.7954686461650784e+00,  9.7423031748024597e-03,  1.3616739812893852e-01, -1.2697362198555593e+00,  2.7433066213374302e-01, -4.5886152497751808e-04,  1.8731666700685420e-02,  1.7463977426365332e-01,  0.0000000000000000e+00, -7.8635082366536885e-05,  1.0973870324180775e-01,  1.5116735083874255e-01,  0.0000000000000000e+00
 5.4045954045954048e+00,  6.3369524755124189e+02, -1.7249341884100611e-01,  2.9862814697376830e+01, -2.2692800268919948e-02,  9.1598410641507547e-02,  5.0364160529881952e-01,  3.4278989095144680e+03,  5.5321036354422993e+01, -1.4999956734292615e+04,  1.0029378388653557e+01,  2.6581217293462549e+00,  2.8005882030035223e+00,  9.7377152196815135e-03,  1.3636000364413856e-01, -1.2679840234925606e+00,  2.7433066213374302e-01, -4.6182980101871834e-04,  1.9619307982407460e-02,  1.7584679021507502e-01,  0.0000000000000000e+00, -5.1561378108175868e-04,  6.7967081358946344e-02,  9.0477242635884622e-02,  0.0000000000000000e+00
 5.4145854145854146e+00,  6.3369522733247743e+02, -1.7224463954542274e-01,  2.9862841406201539e+01, -2.2701548289154033e-02,  9.1603846683414689e-02,  5.0366840442487970e-01,  3.4342314431011100e+03,  5.5577355650396179e+01, -1.4999957008227530e+04,  1.0029389084625402e+01,  2.6581494447986440e+00,  2.8057080419159890e+00,  9.7330758061507372e-03,  1.3655939229442118e-01, -1.2662227974736397e+00,  2.7433066213374302e-01, -4.6896163085770359e-04,  1.9977998896326576e-02,  1.7668643605706297e-01,  0.0000000000000000e+00, -9.1217855268310732e-04,  3.8428396076611985e-03,  7.7619854930103857e-02,  0.0000000000000000e+00
 5.4245754245754245e+00,  6.3369520701746239e+02, -1.7199870999138883e-01,  2.9862867942745904e+01, -2.2710321401433579e-02,  9.1608032346225041e-02,  5.0369303318261827e-01,  3.4405639536295248e+03,  5.5834243170025786e+01, -1.4999957284799679e+04,  1.0029399708757643e+01,  2.6581771506414027e+00,  2.8108281413418856e+00,  9.7283453569271140e-03,  1.3675916446124797e-01, -1.2644538249699420e+00,  2.7433066213374302e-01, -4.7936490314626743e-04,  1.9709710154949676e-02,  1.7749234664619437e-01,  0.0000000000000000e+00, -1.1705565594873977e-03, -5.7554245631316441e-02,  8.3723445014007955e-02,  0.0000000000000000e+00
 5.4345654345654344e+00,  6.3369518660785036e+02, -1.7175542795885368e-01,  2.9862894175905748e+01, -2.2719078485192036e-02,  9.1610998382486417e-02,  5.0371574508724815e-01,  3.4468964410468752e+03,  5.6091698912878712e+01, -1.4999957564016615e+04,  1.0029410259854444e+01,  2.6582048385683552e+00,  2.8159484783169297e+00,  9.7234980858081545e-03,  1.3695319269711748e-01, -1.2626764968413482e+00,  2.7433066213374302e-01, -4.9179994932951529e-04,  1.8946841449521093e-02,  1.6132707749722427e-01,  0.0000000000000000e+00, -1.3189396863988552e-03, -9.5172069195488415e-02, -3.3200103286378608e+00,  0.0000000000000000e+00
 5.4445554445554443e+00,  6.3369516610773394e+02, -1.7151466953295366e-01,  2.9862920069815271e+01, -2.2727966820232530e-02,  9.1613262195315903e-02,  5.0373703004040771e-01,  3.4532289053004079e+03,  5.6349722877894450e+01, -1.4999957845885663e+04,  1.0029420736866106e+01,  2.6582325018793673e+00,  2.8210690350343972e+00,  9.7185191841133375e-03,  1.3713772273196767e-01, -1.2612305067382292e+00,  2.7433066213374302e-01, -5.1027200385703349e-04,  1.8056519591139221e-02,  1.1284015614438130e-01,  0.0000000000000000e+00, -2.3791656300103216e-03, -8.3070366852564290e-02, -6.3870713262014140e+00,  0.0000000000000000e+00
 5.4545454545454541e+00,  6.3369514551053692e+02, -1.7127612328211109e-01,  2.9862945786382014e+01, -2.2737860859886317e-02,  9.1616025464473602e-02,  5.0375603473238517e-01,  3.4595613463374270e+03,  5.6608315064016168e+01, -1.4999958130412817e+04,  1.0029431133684101e+01,  2.6582601427292851e+00,  2.8261897942242755e+00,  9.7133028409758463e-03,  1.3731396231931806e-01, -1.2604219482670349e+00,  2.7433066213374302e-01, -5.4611162250820498e-04,  1.7524885565504255e-02,  7.8616170440567679e-02,  0.0000000000000000e+00, -4.7959260239587350e-03, -2.3362765079398905e-02, -4.6457061170141245e-01,  0.0000000000000000e+00
 5.4645354645354649e+00,  6.3369512480400840e+02, -1.7103942969978306e-01,  2.9862971521623376e+01, -2.2749156643922158e-02,  9.1619906935512543e-02,  5.0377226852546697e-01,  3.4658937641052839e+03,  5.6867475471192499e+01, -1.4999958417602267e+04,  1.0029441436007234e+01,  2.6582877752122975e+00,  2.8313107313759294e+00,  9.7076078629843021e-03,  1.3748787029571402e-01, -1.2596597540820740e+00,  2.7433066213374302e-01, -6.0366313980316660e-04,  1.7558254751843111e-02,  7.6636219597871313e-02,  0.0000000000000000e+00, -6.7258877384922021e-03,  3.0043276184437837e-02,  6.8184452993615072e-02,  0.0000000000000000e+00
 5.4745254745254748e+00,  6.3369510397657348e+02, -1.7080429076679027e-01,  2.9862997361434598e+01, -2.2761608301828693e-02,  9.1624657568736223e-02,  5.0378572514725728e-01,  3.4722261585513302e+03,  5.7127204099459881e+01, -1.4999958707458061e+04,  1.0029451629741821e+01,  2.6583154145425487e+00,  2.8364318215305273e+00,  9.7012416393813770e-03,  1.3766477660007417e-01, -1.2588907550682762e+00,  2.7433066213374302e-01, -6.7645612031541386e-04,  1.7977123202345791e-02,  7.7349098841006492e-02,  0.0000000000000000e+00, -7.8472669600539013e-03,  5.3814187606040370e-02,  7.4533971481360276e-02,  0.0000000000000000e+00
 5.4845154845154847e+00,  6.3369508301497740e+02, -1.7057033219351317e-01,  2.9863023307718397e+01, -2.2774912086612677e-02,  9.1629741363735945e-02,  5.0379599128631380e-01,  3.4785585296228642e+03,  5.7387500949234280e+01, -1.4999958999984619e+04,  1.0029461703418969e+01,  2.6583430723043073e+00,  2.8415530367126518e+00,  9.6940922561847935e-03,  1.3784705357648017e-01, -1.2581143175417941e+00,  2.7433066213374302e-01, -7.5705150138880115e-04,  1.8474631174134004e-02,  7.8183495431536493e-02,  0.0000000000000000e+00, -8.2879283308384243e-03,  4.5786908345961476e-02,  9.2512225942746482e-02,  0.0000000000000000e+00
 5.4945054945054945e+00,  6.3369506190669119e+02, -1.7033711698869322e-01,  2.9863049293854417e+01, -2.2788744642996593e-02,  9.1634589677716177e-02,  5.0380257899182190e-01,  3.4848908772671157e+03,  5.7648366021638594e+01, -1.4999959295187056e+04,  1.0029471648446171e+01,  2.6583707553247051e+00,  2.8466743432103878e+00,  9.6861157352577248e-03,  1.3803390010005687e-01, -1.2573286472674463e+00,  2.7433066213374302e-01, -8.3915430849886322e-04,  1.8782553672783291e-02,  7.9218673869084627e-02,  0.0000000000000000e+00, -8.1490536525961940e-03,  1.5859175883626283e-02,  1.1473049725439484e-01,  0.0000000000000000e+00
 5.5044955044955044e+00,  6.3369504064166779e+02, -1.7010418841777386e-01,  2.9863075222252768e+01, -2.2802793658470506e-02,  9.1638817651426313e-02,  5.0380520930622108e-01,  3.4912232014311935e+03,  5.7909799318387755e+01, -1.4999959593070891e+04,  1.0029481459185332e+01,  2.6583984663614348e+00,  2.8517957024607608e+00,  9.6773259363346666e-03,  1.3822232937413817e-01, -1.2565315268550992e+00,  2.7433066213374302e-01, -9.1741486910034526e-04,  1.8761630777285713e-02,  8.0440314492472964e-02,  0.0000000000000000e+00, -7.5187105798206833e-03, -2.0047939562241591e-02,  1.2984195554795258e-01,  0.0000000000000000e+00
 5.5144855144855143e+00,  6.3369501921296046e+02, -1.6987112003336230e-01,  2.9863101005675659e+01, -2.2816780337865810e-02,  9.1642330151986154e-02,  5.0380395667737610e-01,  3.4975555020621728e+03,  5.8171800841372431e+01, -1.4999959893641953e+04,  1.0029491132887935e+01,  2.6584262060005170e+00,  2.8569170743913741e+00,  9.6677857678431327e-03,  1.3840875785784479e-01, -1.2557214481766876e+00,  2.7433066213374302e-01, -9.8739215032510297e-04,  1.8426376344862095e-02,  8.1727161590188696e-02,  0.0000000000000000e+00, -6.4907411213759938e-03, -4.7069997808967430e-02,  1.2778483341473962e-01,  0.0000000000000000e+00
 5.5244755244755241e+00,  6.3369499761616271e+02, -1.6963755256402560e-01,  2.9863126596158395e+01, -2.2830473718907049e-02,  9.1645298525162774e-02,  5.0379922981761172e-01,  3.5038877791071418e+03,  5.8434370592161244e+01, -1.4999960196906077e+04,  1.0029500669481855e+01,  2.6584539748277578e+00,  2.8620384214470400e+00,  9.6575978214430563e-03,  1.3859048874166788e-01, -1.2548986165336169e+00,  2.7433066213374302e-01, -1.0456830903139572e-03,  1.7907873177823427e-02,  8.2886014895130922e-02,  0.0000000000000000e+00, -5.1791050643927479e-03, -5.6734336232175275e-02,  1.0421759823469601e-01,  0.0000000000000000e+00
 5.5344655344655340e+00,  6.3369497584816531e+02, -1.6940320647343432e-01,  2.9863151993147095e+01, -2.2843697882426638e-02,  9.1648041836046079e-02,  5.0379162981845793e-01,  3.5102200325132626e+03,  5.8697508571627210e+01, -1.4999960502868802e+04,  1.0029510071204722e+01,  2.6584817750090126e+00,  2.8671597116390846e+00,  9.6468929988058911e-03,  1.3876655752173736e-01, -1.2540653839430187e+00,  2.7433066213374302e-01, -1.0901902853755142e-03,  1.7381060768763952e-02,  8.0213641686268405e-02,  0.0000000000000000e+00, -3.7312353869404366e-03, -4.8733508061373658e-02, -6.3922671464820613e-01,  0.0000000000000000e+00
 5.5444555444555448e+00,  6.3369495390529232e+02, -1.6916786467187861e-01,  2.9863177233927580e+01, -2.2856354729496410e-02,  9.1650886176889892e-02,  5.0378173379134361e-01,  3.5165522622277299e+03,  5.8961214779822605e+01, -1.4999960811535360e+04,  1.0029519342043505e+01,  2.6585096108392818e+00,  2.8722809195915548e+00,  9.6358157977592292e-03,  1.3893776268310173e-01, -1.2532959463700550e+00,  2.7433066213374302e-01, -1.1210335521364243e-03,  1.6998519094901892e-02,  6.7187511543303352e-02,  0.0000000000000000e+00, -2.4435866185935295e-03, -2.7851335045808091e-02, -1.9686045399733130e+00,  0.0000000000000000e+00
 5.5544455544455547e+00,  6.3369493177946526e+02, -1.6893130888825827e-01,  2.9863202383293359e+01, -2.2868527394937343e-02,  9.1654096893783579e-02,  5.0376978349848844e-01,  3.5228844681978126e+03,  5.9225489216244199e+01, -1.4999961122910741e+04,  1.0029528486360155e+01,  2.6585374887479492e+00,  2.8774020247037848e+00,  9.6244947260359318e-03,  1.3910618827288426e-01, -1.2527229761199756e+00,  2.7433066213374302e-01, -1.1414377250924621e-03,  1.6851563189858646e-02,  4.8012540419706241e-02,  0.0000000000000000e+00, -1.6413288071951075e-03, -1.5692371439990855e-03, -1.8702246789712953e+00,  0.0000000000000000e+00
 5.5644355644355645e+00,  6.3369490945931125e+02, -1.6869328657811042e-01,  2.9863227507428132e+01, -2.2880391696233116e-02,  9.1657777778351740e-02,  5.0375569866885450e-01,  3.5292166503707526e+03,  5.9490331880353040e+01, -1.4999961436999536e+04,  1.0029537507128850e+01,  2.6585654169148047e+00,  2.8825230073705566e+00,  9.6130098492059335e-03,  1.3927445725232968e-01, -1.2523366548531778e+00,  2.7433066213374302e-01, -1.1563351172970832e-03,  1.6941773170179364e-02,  3.0556821261182077e-02,  0.0000000000000000e+00, -1.3411291121700588e-03,  1.9629275204207344e-02, -1.6244102965652834e+00,  0.0000000000000000e+00
 5.5744255744255744e+00,  6.3369488693246683e+02, -1.6845350162635395e-01,  2.9863252644812707e+01, -2.2892117994625948e-02,  9.1661823594470074e-02,  5.0373919305967052e-01,  3.5355488086937298e+03,  5.9755742771925298e+01, -1.4999961753806219e+04,  1.0029546405485332e+01,  2.6585934037950363e+00,  2.8876438461201932e+00,  9.6013911272887376e-03,  1.3944468523932141e-01, -1.2521124502206513e+00,  2.7433066213374302e-01, -1.1702730715747970e-03,  1.7179824677073040e-02,  1.5908971184983741e-02,  0.0000000000000000e+00, -1.4492493342282856e-03,  2.8028636475907118e-02, -1.3080892886896576e+00,  0.0000000000000000e+00
 5.5844155844155843e+00,  6.3369486418683198e+02, -1.6821161022409936e-01,  2.9863277794987951e+01, -2.2903845980533747e-02,  9.1665987499404050e-02,  5.0371988057246186e-01,  3.5418809431138616e+03,  6.0021721891265628e+01, -1.4999962073335437e+04,  1.0029555180821433e+01,  2.6586214566351574e+00,  2.8927645157345556e+00,  9.5896277698537900e-03,  1.3961771049263083e-01, -1.2520187932910403e+00,  2.7433066213374302e-01, -1.1866344742126210e-03,  1.7429814199633301e-02,  4.6744797628704080e-03,  0.0000000000000000e+00, -1.8263034738641240e-03,  2.2019265940657701e-02, -9.4105589401745771e-01,  0.0000000000000000e+00
 5.5944055944055942e+00,  6.3369484121182370e+02, -1.6796723491555732e-01,  2.9863302924500282e+01, -2.2915668772012406e-02,  9.1669999691540258e-02,  5.0369741540409385e-01,  3.5482130535781625e+03,  6.0288269239241885e+01, -1.4999962395591934e+04,  1.0029563831155286e+01,  2.6586495807133477e+00,  2.8978849868005847e+00,  9.5776821467849892e-03,  1.3979293327527811e-01, -1.2520190540215930e+00,  2.7433066213374302e-01, -1.2073024620976702e-03,  1.7570017030728139e-02, -2.8180224654915202e-03,  0.0000000000000000e+00, -2.3114277007227685e-03,  6.0493408445291968e-03, -5.5894305210061779e-01,  0.0000000000000000e+00
 5.6043956043956040e+00,  6.3369481799911443e+02, -1.6771998985879397e-01,  2.9863327985299172e+01, -2.2927626762876560e-02,  9.1673680441496111e-02,  5.0367160665515864e-01,  3.5545451400335810e+03,  6.0555384817130950e+01, -1.4999962720580694e+04,  1.0029572353685637e+01,  2.6586777795211876e+00,  2.9030052267751394e+00,  9.5655058425391515e-03,  1.3996875978395407e-01, -1.2520750974362049e+00,  2.7433066213374302e-01, -1.2325998517416826e-03,  1.7540315308235230e-02, -6.0656442568075685e-03,  0.0000000000000000e+00, -2.7531097060193013e-03, -1.1995625687452424e-02, -9.1230830520908426e-02,  0.0000000000000000e+00
 5.6143856143856148e+00,  6.3369479454264172e+02, -1.6746950678614206e-01,  2.9863352936203626e+01, -2.2939710390007681e-02,  9.1677000343171194e-02,  5.0364246604185248e-01,  3.5608772024270424e+03,  6.0823068626343250e+01, -1.4999963048306774e+04,  1.0029580745410538e+01,  2.6587060556689766e+00,  2.9081252020303929e+00,  9.5530547771198199e-03,  1.4014338912559252e-01, -1.2521402457150357e+00,  2.7433066213374302e-01, -1.2606255408508750e-03,  1.7367711074517202e-02,  1.2869201032926858e-02,  0.0000000000000000e+00, -2.8576332536408349e-03, -2.2559741902895638e-02,  3.8819868575256158e+00,  0.0000000000000000e+00
 5.6243756243756247e+00,  6.3369477084080063e+02, -1.6721552920665203e-01,  2.9863377770156987e+01, -2.2951607778298785e-02,  9.1680200203348231e-02,  5.0361063895370406e-01,  3.5672092407054715e+03,  6.1091320667948864e+01, -1.4999963378775210e+04,  1.0029589004528239e+01,  2.6587344121325778e+00,  2.9132448814335055e+00,  9.5403185190456267e-03,  1.4031576699823015e-01, -1.2518179705424402e+00,  2.7433066213374302e-01, -1.2822602330279833e-03,  1.7206386120436720e-02,  6.0623153749478659e-02,  0.0000000000000000e+00, -1.4736321202048265e-03, -9.7375139041702523e-03,  5.6783544763277058e+00,  0.0000000000000000e+00
 5.6343656343656345e+00,  6.3369474689956007e+02, -1.6695809232883954e-01,  2.9863402548744936e+01, -2.2962373056386657e-02,  9.1683856576986647e-02,  5.0357789179196200e-01,  3.5735412548159243e+03,  6.1360140941236409e+01, -1.4999963711990929e+04,  1.0029597136547153e+01,  2.6587628538580019e+00,  2.9183642472588907e+00,  9.5274351920443361e-03,  1.4048717306406278e-01, -1.2509289938918693e+00,  2.7433066213374302e-01, -1.2822897687266304e-03,  1.7264021305599644e-02,  9.6661632343754897e-02,  0.0000000000000000e+00,  1.4677190733356821e-03,  2.1276077973788225e-02,  1.5365489382464796e+00,  0.0000000000000000e+00
 5.6443556443556444e+00,  6.3369472272115468e+02, -1.6669729333341834e-01,  2.9863427339111787e+01, -2.2971457821890535e-02,  9.1688147903408790e-02,  5.0354520410093073e-01,  3.5798732447056159e+03,  6.1629529443363261e+01, -1.4999964047958994e+04,  1.0029605156158066e+01,  2.6587913871828510e+00,  2.9234832976900229e+00,  9.5146983438462937e-03,  1.4066070248885151e-01, -1.2498866691969106e+00,  2.7433066213374302e-01, -1.2536267324934635e-03,  1.7575160398549537e-02,  1.0793348717196397e-01,  0.0000000000000000e+00,  4.2706207805443862e-03,  4.1013968434780924e-02,  7.2007639836100235e-01,  0.0000000000000000e+00
 5.6543456543456543e+00,  6.3369469830187575e+02, -1.6643311218197460e-01,  2.9863452147937586e+01, -2.2978915237256797e-02,  9.1692748662024801e-02,  5.0351241963930005e-01,  3.5862052103217766e+03,  6.1899486171042426e+01, -1.4999964386684871e+04,  1.0029613080159946e+01,  2.6588200167816516e+00,  2.9286020337801464e+00,  9.5023877048816298e-03,  1.4083832511997785e-01, -1.2487724806616602e+00,  2.7433066213374302e-01, -1.2000858810681087e-03,  1.7981156609368866e-02,  1.3015970736337071e-01,  0.0000000000000000e+00,  6.4482576748117722e-03,  4.0266472971249759e-02,  3.7296128839586822e+00,  0.0000000000000000e+00
 5.6643356643356642e+00,  6.3369467364192087e+02, -1.6616555192576271e-01,  2.9863476940708967e+01, -2.2984666918691787e-02,  9.1697363802097656e-02,  5.0347963967115317e-01,  3.5925371516115697e+03,  6.2170011121160016e+01, -1.4999964728174318e+04,  1.0029620924795362e+01,  2.6588487441366615e+00,  2.9337204545933484e+00,  9.4907206039648133e-03,  1.4101996635717057e-01, -1.2472860756431969e+00,  2.7433066213374302e-01, -1.1242796728457628e-03,  1.8340185603207441e-02,  1.6873675300077162e-01,  0.0000000000000000e+00,  8.7281452113020450e-03,  3.1611131595233329e-02,  3.9935116526490684e+00,  0.0000000000000000e+00
 5.6743256743256740e+00,  6.3369464874787946e+02, -1.6589473839864891e-01,  2.9863501682126596e+01, -2.2988417384464492e-02,  9.1701912981850042e-02,  5.0344751152330869e-01,  3.5988690685221982e+03,  6.2441104289961935e+01, -1.4999965072433728e+04,  1.0029628708814064e+01,  2.6588775682790193e+00,  2.9388385631862652e+00,  9.4799245745550414e-03,  1.4120476239476720e-01, -1.2454011169653412e+00,  2.7433066213374302e-01, -1.0252031664758627e-03,  1.8605708302212198e-02,  2.0383284323973042e-01,  0.0000000000000000e+00,  1.1106971363952178e-02,  2.1546512745520222e-02,  3.0327256131905624e+00,  0.0000000000000000e+00
 5.6843156843156839e+00,  6.3369462362780951e+02, -1.6562086308859694e-01,  2.9863526335685226e+01, -2.2990042754127138e-02,  9.1706335712653061e-02,  5.0341666266717622e-01,  3.6052009610009395e+03,  6.2712765672755204e+01, -1.4999965419469780e+04,  1.0029636453478505e+01,  2.6589064864373486e+00,  2.9439563689144950e+00,  9.4702370242150460e-03,  1.4139170878079119e-01, -1.2432134913626829e+00,  2.7433066213374302e-01, -9.0413226452483344e-04,  1.8759867662319695e-02,  2.2490508664664033e-01,  0.0000000000000000e+00,  1.3131423206634959e-02,  9.3161911481665395e-03,  1.1859375168747497e+00,  0.0000000000000000e+00
 5.6943056943056947e+00,  6.3369459828961249e+02, -1.6534414737255598e-01,  2.9863550856936829e+01, -2.2989694805253178e-02,  9.1710521842053944e-02,  5.0338752231731398e-01,  3.6115328289951308e+03,  6.2984995264072047e+01, -1.4999965769289644e+04,  1.0029644180283682e+01,  2.6589354940277032e+00,  2.9490738863814090e+00,  9.4618599938452539e-03,  1.4157958492548289e-01, -1.2409075088405330e+00,  2.7433066213374302e-01, -7.6730190028053205e-04,  1.8774069053482501e-02,  2.3266074956457439e-01,  0.0000000000000000e+00,  1.4262015715073286e-02, -6.4730726373726649e-03,  3.6674619929559565e-01,  0.0000000000000000e+00
 5.7042957042957045e+00,  6.3369457274031799e+02, -1.6506480847113006e-01,  2.9863575196939767e+01, -2.2987808127711486e-02,  9.1714364629984210e-02,  5.0336027304439390e-01,  3.6178646724521086e+03,  6.3257793058052279e+01, -1.4999966121900543e+04,  1.0029651907771470e+01,  2.6589645847461787e+00,  2.9541911327797750e+00,  9.4549063169167332e-03,  1.4176681505558605e-01, -1.2385649249378161e+00,  2.7433066213374302e-01, -6.2439046459833046e-04,  1.8634626810318425e-02,  2.3608585954194747e-01,  0.0000000000000000e+00,  1.4348853708509362e-02, -2.1443264444242067e-02,  3.1896081817240135e-01,  0.0000000000000000e+00
 5.7142857142857144e+00,  6.3369454698801485e+02, -1.6478309413442954e-01,  2.9863599321076752e+01, -2.2984870591649428e-02,  9.1717889558395410e-02,  5.0333515836207154e-01,  3.6241964913192519e+03,  6.3531159048561051e+01, -1.4999966477310089e+04,  1.0029659649839713e+01,  2.6589937514779884e+00,  2.9593081271846873e+00,  9.4493846598872454e-03,  1.4195190514147327e-01, -1.2361905086498848e+00,  2.7433066213374302e-01, -4.8483573598161753e-04,  1.8380584400073181e-02,  2.3898788930070683e-01,  0.0000000000000000e+00,  1.3590002960556890e-02, -2.9416026086856582e-02,  2.6202553953122737e-01,  0.0000000000000000e+00
 5.7242757242757243e+00,  6.3369452104139862e+02, -1.6449929536833480e-01,  2.9863623220006108e+01, -2.2981355093348855e-02,  9.1721235695262832e-02,  5.0331249928919852e-01,  3.6305282855439632e+03,  6.3805093229058834e+01, -1.4999966835525544e+04,  1.0029667415711961e+01,  2.6590229874374347e+00,  2.9644248916602325e+00,  9.4452192892247929e-03,  1.4213405949914396e-01, -1.2337899421346052e+00,  2.7433066213374302e-01, -3.5600516336338906e-04,  1.8093148795508347e-02,  2.4129891014684349e-01,  0.0000000000000000e+00,  1.2201877677612750e-02, -2.8128581947023702e-02,  2.0064083386533779e-01,  0.0000000000000000e+00
 5.7342657342657342e+00,  6.3369449490886825e+02, -1.6421374206960335e-01,  2.9863646907498822e+01, -2.2977693786728159e-02,  9.1724575001616293e-02,  5.0329262253029661e-01,  3.6368600550736937e+03,  6.4079595592538411e+01, -1.4999967196554177e+04,  1.0029675210248886e+01,  2.6590522868342097e+00,  2.9695414518117942e+00,  9.4422716696102547e-03,  1.4231340661590899e-01, -1.2313693516039939e+00,  2.7433066213374302e-01, -2.4317625116042479e-04,  1.7853786478554734e-02,  2.4301097733962834e-01,  0.0000000000000000e+00,  1.0386470545420962e-02, -1.9791753907089954e-02,  1.4211501813019486e-01,  0.0000000000000000e+00
 5.7442557442557440e+00,  6.3369446859800030e+02, -1.6392679100058330e-01,  2.9863670408815818e+01, -2.2974259380807206e-02,  9.1728030568402341e-02,  5.0327579224691676e-01,  3.6431917998559320e+03,  6.4354666131570042e+01, -1.4999967560403038e+04,  1.0029683034438872e+01,  2.6590816448397154e+00,  2.9746578364693206e+00,  9.4403606228679413e-03,  1.4249077850970449e-01, -1.2289345779519953e+00,  2.7433066213374302e-01, -1.4971287828375609e-04,  1.7708136814021183e-02,  2.4418721806893090e-01,  0.0000000000000000e+00,  8.3248967044883306e-03, -9.3673089325276120e-03,  9.3368375876178258e-02,  0.0000000000000000e+00
 5.7542457542457539e+00,  6.3369444211557641e+02, -1.6363881191513410e-01,  2.9863693746258004e+01, -2.2971353691269125e-02,  9.1731629866441511e-02,  5.0326217483631042e-01,  3.6495235198381984e+03,  6.4630304838425914e+01, -1.4999967927079148e+04,  1.0029690886007398e+01,  2.6591110569965242e+00,  2.9797740767259309e+00,  9.4392804033108790e-03,  1.4266721554326206e-01, -1.2264904861081112e+00,  2.7433066213374302e-01, -7.7276893568131879e-05,  1.7651598494852254e-02,  2.4494471193289707e-01,  0.0000000000000000e+00,  6.1767874355785667e-03, -1.9516625649348513e-03,  5.8281895692026402e-02,  0.0000000000000000e+00
 5.7642357642357647e+00,  6.3369441546804342e+02, -1.6335017776706925e-01,  2.9863716928483420e+01, -2.2969203076631875e-02,  9.1735306737976918e-02,  5.0325184839683412e-01,  3.6558552149680136e+03,  6.4906511705224460e+01, -1.4999968296589550e+04,  1.0029698760097443e+01,  2.6591405184278152e+00,  2.9848902048103634e+00,  9.4388166289904561e-03,  1.4284345780031094e-01, -1.2240405777135757e+00,  2.7433066213374302e-01, -2.6038212588415130e-05,  1.7638926775611408e-02,  2.4541898843269266e-01,  0.0000000000000000e+00,  4.0811964965603879e-03, -5.8521562708212498e-04,  3.6668259567048826e-02,  0.0000000000000000e+00
 5.7742257742257745e+00,  6.3369438866219900e+02, -1.6306126254334263e-01,  2.9863739947308179e+01, -2.2967959843799107e-02,  9.1738942072423932e-02,  5.0324484818974435e-01,  3.6621868851928862e+03,  6.5183286724033579e+01, -1.4999968668941341e+04,  1.0029706649981199e+01,  2.6591700232165802e+00,  2.9900062532858440e+00,  9.4387601593031185e-03,  1.4301964165266490e-01, -1.2215870098157495e+00,  2.7433066213374302e-01,  5.1161233339362406e-06,  1.7609282176032404e-02,  2.4572761383128389e-01,  0.0000000000000000e+00,  2.1559015550942978e-03, -5.3496332087918166e-03,  2.5118545228727193e-02,  0.0000000000000000e+00
 5.7842157842157844e+00,  6.3369436170579172e+02, -1.6277244676091887e-01,  2.9863762781833987e+01, -2.2967708301258632e-02,  9.1742418639166684e-02,  5.0324122567126395e-01,  3.6685185304603310e+03,  6.5460629886895092e+01, -1.4999969044141770e+04,  1.0029714547764305e+01,  2.6591995641753003e+00,  2.9951222548740892e+00,  9.4389188492368884e-03,  1.4319529161002187e-01, -1.2191309350795840e+00,  2.7433066213374302e-01,  1.8353823694759608e-05,  1.7513234904382662e-02,  2.4519387550292857e-01,  0.0000000000000000e+00,  4.9428605714257130e-04, -1.3879030575486995e-02, -1.3197295856546160e-01,  0.0000000000000000e+00
 5.7942057942057943e+00,  6.3369433460784592e+02, -1.6248412768729353e-01,  2.9863785406746398e+01, -2.2968473961823506e-02,  9.1745664622849388e-02,  5.0324109638689318e-01,  3.6748501507178480e+03,  6.5738541185771240e+01, -1.4999969422198144e+04,  1.0029722445044225e+01,  2.6592291330153972e+00,  3.0002382429145067e+00,  9.4391268690672495e-03,  1.4336955643596924e-01, -1.2166880312842225e+00,  2.7433066213374302e-01,  1.6029259838254356e-05,  1.7332985504088877e-02,  2.3508336507692287e-01,  0.0000000000000000e+00, -9.5966374121492844e-04, -2.2206899363328689e-02, -1.8921512287209050e+00,  0.0000000000000000e+00
 5.8041958041958042e+00,  6.3369430737649964e+02, -1.6219668156563730e-01,  2.9863807809941218e+01, -2.2970397186981902e-02,  9.1748705855254464e-02,  5.0324437414424428e-01,  3.6811817459129393e+03,  6.6017020612559008e+01, -1.4999969803117912e+04,  1.0029730332908271e+01,  2.6592587210365903e+00,  3.0053542513273839e+00,  9.4392391141687217e-03,  1.4354160500670696e-01, -1.2144339647483768e+00,  2.7433066213374302e-01, -1.9393974651090458e-06,  1.7097905364135992e-02,  2.1474082066631614e-01,  0.0000000000000000e+00, -2.6376614509184661e-03, -2.4856144655239786e-02, -2.1804261622826067e+00,  0.0000000000000000e+00
 5.8141858141858140e+00,  6.3369428001715039e+02, -1.6191041429133779e-01,  2.9863830006662742e+01, -2.2973761843935715e-02,  9.1751671874627100e-02,  5.0325067262084144e-01,  3.6875133159930961e+03,  6.6296068159515571e+01, -1.4999970186908095e+04,  1.0029738199915386e+01,  2.6592883208769988e+00,  3.0104703114630462e+00,  9.4390881198671475e-03,  1.4371117292676117e-01, -1.2123975053967837e+00,  2.7433066213374302e-01, -3.7672134280576040e-05,  1.6871547023360713e-02,  1.9471075956349770e-01,  0.0000000000000000e+00, -4.5160324595381086e-03, -2.0460795167971557e-02, -1.8295920705016944e+00,  0.0000000000000000e+00
 5.8241758241758239e+00,  6.3369425253411214e+02, -1.6162559505108157e-01,  2.9863852026825125e+01, -2.2978756546468602e-02,  9.1754692173529551e-02,  5.0325963297705356e-01,  3.6938448609057759e+03,  6.6575683819379591e+01, -1.4999970573575278e+04,  1.0029746032024043e+01,  2.6593179272022489e+00,  3.0155864511919415e+00,  9.4384864241731058e-03,  1.4387869885332755e-01, -1.2105436398819733e+00,  2.7433066213374302e-01, -9.1904841704463919e-05,  1.6708963840628255e-02,  1.7360449850636372e-01,  0.0000000000000000e+00, -6.3413555667243696e-03, -1.2088358015066419e-02, -2.3958813931365754e+00,  0.0000000000000000e+00
 5.8341658341658338e+00,  6.3369422493060972e+02, -1.6134245266903760e-01,  2.9863873903814980e+01, -2.2985461526264385e-02,  9.1757842644182644e-02,  5.0327087156586314e-01,  3.7001763805984051e+03,  6.6855867585339070e+01, -1.4999970963125874e+04,  1.0029753813759058e+01,  2.6593475362974677e+00,  3.0207026951171527e+00,  9.4372518592936317e-03,  1.4404501835814235e-01, -1.2089288840480052e+00,  2.7433066213374302e-01, -1.6512463364409713e-04,  1.6662319972480057e-02,  1.3019054775843325e-01,  0.0000000000000000e+00, -8.3172467795911021e-03,  2.7502556119450502e-03, -6.2955915465974854e+00,  0.0000000000000000e+00
 5.8441558441558445e+00,  6.3369419720378039e+02, -1.6106098492115295e-01,  2.9863895728909824e+01, -2.2994258030608877e-02,  9.1761447768689927e-02,  5.0328288271825750e-01,  3.7065078750183902e+03,  6.7136619451576777e+01, -1.4999971355565625e+04,  1.0029761527444764e+01,  2.6593771475217323e+00,  3.0258190602095163e+00,  9.4351872306937031e-03,  1.4421161233929120e-01, -1.2079424301365500e+00,  2.7433066213374302e-01, -2.6245828620847665e-04,  1.6849124278652861e-02,  7.7955924437088431e-02,  0.0000000000000000e+00, -1.1168950463797036e-02,  3.4647966483848949e-02, -4.1617800423354074e+00,  0.0000000000000000e+00
 5.8541458541458544e+00,  6.3369416934057972e+02, -1.6078087039250502e-01,  2.9863917645708245e+01, -2.3005577823846147e-02,  9.1765865073595299e-02,  5.0329340968734348e-01,  3.7128393441130083e+03,  6.7417939414759005e+01, -1.4999971750899122e+04,  1.0029769149548203e+01,  2.6594067681235329e+00,  3.0309355439308789e+00,  9.4320079374912644e-03,  1.4438166419787568e-01, -1.2073713231201912e+00,  2.7433066213374302e-01, -3.8840893272675832e-04,  1.7342071054422741e-02,  5.6441924074155617e-02,  0.0000000000000000e+00, -1.4046368969159919e-02,  6.4039978025129091e-02, -1.4532283032411472e-01,  0.0000000000000000e+00
 5.8641358641358643e+00,  6.3369414132439363e+02, -1.6050170780133305e-01,  2.9863939715965735e+01, -2.3019201239135145e-02,  9.1770854363312629e-02,  5.0330114473484233e-01,  3.7191707878293832e+03,  6.7699827473845687e+01, -1.4999972149130315e+04,  1.0029776654309345e+01,  2.6594364095630927e+00,  3.0360521255866439e+00,  9.4274268124574043e-03,  1.4455810726545348e-01, -1.2068147193658376e+00,  2.7433066213374302e-01, -5.3701389035696310e-04,  1.7993641792231219e-02,  5.8062259757678210e-02,  0.0000000000000000e+00, -1.5704343548407416e-02,  6.6404483684129878e-02,  4.6971403416534235e-01,  0.0000000000000000e+00
 5.8741258741258742e+00,  6.3369411313984244e+02, -1.6022306976878201e-01,  2.9863961903174285e+01, -2.3034517805829834e-02,  9.1775863846777134e-02,  5.0330536520859004e-01,  3.7255022061145519e+03,  6.7982283629015129e+01, -1.4999972550263397e+04,  1.0029784020153770e+01,  2.6594660806111703e+00,  3.0411687746475748e+00,  9.4212783892323841e-03,  1.4474117752039778e-01, -1.2062112380101477e+00,  2.7433066213374302e-01, -6.9537738648813778e-04,  1.8541018721157109e-02,  6.4064869828850957e-02,  0.0000000000000000e+00, -1.6000028377054127e-02,  4.3180377486834419e-02,  7.3200850208345536e-01,  0.0000000000000000e+00
 5.8841158841158840e+00,  6.3369408477422803e+02, -1.5994448624034363e-01,  2.9863984121134084e+01, -2.3050857089370578e-02,  9.1780421801445758e-02,  5.0330557830043721e-01,  3.7318335989153957e+03,  6.8265307881312623e+01, -1.4999972954303157e+04,  1.0029791231605078e+01,  2.6594957860517727e+00,  3.0462854534438182e+00,  9.4135331583817174e-03,  1.4492855718995212e-01, -1.2055347019866398e+00,  2.7433066213374302e-01, -8.5062222156376797e-04,  1.8790160546224340e-02,  7.1957189829024715e-02,  0.0000000000000000e+00, -1.5079987605087400e-02,  6.6978158916255835e-03,  8.4803396195134784e-01,  0.0000000000000000e+00
 5.8941058941058939e+00,  6.3369405621912813e+02, -1.5966550363414117e-01,  2.9864006270813857e+01, -2.3067562689129899e-02,  9.1784278336947023e-02,  5.0330170742335911e-01,  3.7381649661787333e+03,  6.8548900232195521e+01, -1.4999973361254833e+04,  1.0029798279688110e+01,  2.6595255276090355e+00,  3.0514021207387660e+00,  9.4042829402500912e-03,  1.4511660530353912e-01, -1.2047735319196577e+00,  2.7433066213374302e-01, -9.9170727950051289e-04,  1.8681133718770535e-02,  8.0307573106447747e-02,  0.0000000000000000e+00, -1.3165240993849255e-02, -2.8524986747877581e-02,  8.2371277018876488e-01,  0.0000000000000000e+00
 5.9040959040959038e+00,  6.3369402747051458e+02, -1.5938573583107421e-01,  2.9864028274490245e+01, -2.3084052295930479e-02,  9.1787448716615538e-02,  5.0329411444676453e-01,  3.7444963078513751e+03,  6.8833060682934232e+01, -1.4999973771123876e+04,  1.0029805161716938e+01,  2.6595553055994023e+00,  3.0565187365274746e+00,  9.3937188271229662e-03,  1.4530180661490258e-01, -1.2039301550714261e+00,  2.7433066213374302e-01, -1.1101131580815824e-03,  1.8284063455684622e-02,  8.7874136647723658e-02,  0.0000000000000000e+00, -1.0539615898081119e-02, -5.0968479921922764e-02,  6.9111325077468899e-01,  0.0000000000000000e+00
 5.9140859140859137e+00,  6.3369399852758488e+02, -1.5910489142111789e-01,  2.9864050096494772e+01, -2.3099859125298543e-02,  9.1790161706056694e-02,  5.0328347531722040e-01,  3.7508276238802000e+03,  6.9117789234084157e+01, -1.4999974183915572e+04,  1.0029811880546145e+01,  2.6595851206244570e+00,  3.0616352662881958e+00,  9.3821028571715384e-03,  1.4548192125669965e-01, -1.2030178049137092e+00,  2.7433066213374302e-01, -1.2003461082799932e-03,  1.7752945085819042e-02,  9.3815267885734424e-02,  0.0000000000000000e+00, -7.5250207316509502e-03, -5.5361417725004920e-02,  4.9830122307587216e-01,  0.0000000000000000e+00
 5.9240759240759244e+00,  6.3369396939087198e+02, -1.5882277187215049e-01,  2.9864071746291234e+01, -2.3114652945173109e-02,  9.1792747144266482e-02,  5.0327057146892218e-01,  3.7571589142121607e+03,  6.9403085885192155e+01, -1.4999974599635168e+04,  1.0029818443416884e+01,  2.6596149747431239e+00,  3.0667516833778956e+00,  9.3697358878965919e-03,  1.4565651081242145e-01, -1.2020557241446381e+00,  2.7433066213374302e-01, -1.2601455246857849e-03,  1.7260148947106931e-02,  9.7777140089388981e-02,  0.0000000000000000e+00, -4.4468224327881894e-03, -4.3296369245156507e-02,  2.9486559209574298e-01,  0.0000000000000000e+00
 5.9340659340659343e+00,  6.3369394006031496e+02, -1.5853924561227725e-01,  2.9864093266107638e+01, -2.3128242243099218e-02,  9.1795510213271772e-02,  5.0325607761778568e-01,  3.7634901787943290e+03,  6.9688950634795930e+01, -1.4999975018287591e+04,  1.0029824860570752e+01,  2.6596448718403871e+00,  3.0718679690682942e+00,  9.3569251244105828e-03,  1.4582677937752098e-01, -1.2010642157011340e+00,  2.7433066213374302e-01, -1.2903298188745268e-03,  1.6936431564127975e-02,  9.9844087879760693e-02,  0.0000000000000000e+00, -1.5960732637863939e-03, -2.1511850827380795e-02,  1.1893735553578086e-01,  0.0000000000000000e+00
 5.9440559440559442e+00,  6.3369391053392872e+02, -1.5825421003799675e-01,  2.9864114709878905e+01, -2.3140561688127913e-02,  9.1798635232929901e-02,  5.0324041505714234e-01,  3.7698214175738426e+03,  6.9975383480674850e+01, -1.4999975439877542e+04,  1.0029831143817308e+01,  2.6596748172216289e+00,  3.0769841105621376e+00,  9.3439550723346636e-03,  1.4599490105346297e-01, -1.2000608372739137e+00,  2.7433066213374302e-01, -1.2942183984932627e-03,  1.6834923921107126e-02,  1.0388081556668159e-01,  0.0000000000000000e+00,  8.1757962411545097e-04,  1.1900206946067603e-03,  6.8921552738579417e-01,  0.0000000000000000e+00
 5.9540459540459540e+00,  6.3369388080769716e+02, -1.5796756353273655e-01,  2.9864136121252162e+01, -2.3151624643052045e-02,  9.1802145830526399e-02,  5.0322375860555646e-01,  3.7761526304978711e+03,  7.0262384420215895e+01, -1.4999975864409671e+04,  1.0029837305289973e+01,  2.6597048166837687e+00,  3.0821000980472952e+00,  9.3310666149501783e-03,  1.4616314149382681e-01, -1.1989886749305709e+00,  2.7433066213374302e-01, -1.2752501950037617e-03,  1.6928715040797564e-02,  1.2291927144673791e-01,  0.0000000000000000e+00,  2.9798547144826962e-03,  1.7586961467419112e-02,  3.1222833398015242e+00,  0.0000000000000000e+00
 5.9640359640359639e+00,  6.3369385087949911e+02, -1.5767929033848743e-01,  2.9864157513866626e+01, -2.3161208742579150e-02,  9.1805945202518169e-02,  5.0320667198649927e-01,  3.7824838175136056e+03,  7.0549953450418826e+01, -1.4999976291888768e+04,  1.0029843357968662e+01,  2.6597348750408845e+00,  3.0872159245459083e+00,  9.3184755479589643e-03,  1.4633313711821416e-01, -1.1976049077744784e+00,  2.7433066213374302e-01, -1.2331159482494010e-03,  1.7141032861168130e-02,  1.5171267962056761e-01,  0.0000000000000000e+00,  5.4554214857404429e-03,  2.4919066170768771e-02,  2.6421569765992476e+00,  0.0000000000000000e+00
 5.9740259740259738e+00,  6.3369382075019496e+02, -1.5738948236242170e-01,  2.9864178874672636e+01, -2.3169000951299590e-02,  9.1809884217213214e-02,  5.0318991028538029e-01,  3.7888149785682626e+03,  7.0838090567332088e+01, -1.4999976722320085e+04,  1.0029849318358014e+01,  2.6597649944776802e+00,  3.0923315901922641e+00,  9.3064289336664743e-03,  1.4650561967287112e-01, -1.1959574525605297e+00,  2.7433066213374302e-01, -1.1660807704019962e-03,  1.7380419633846136e-02,  1.7428765605626989e-01,  0.0000000000000000e+00,  7.9650211193101148e-03,  2.3006165719368324e-02,  1.8773533058284022e+00,  0.0000000000000000e+00
 5.9840159840159837e+00,  6.3369379042159085e+02, -1.5709826211648620e-01,  2.9864200172303242e+01, -2.3174893675435813e-02,  9.1813788930235868e-02,  5.0317395553053168e-01,  3.7951461136090793e+03,  7.1126795766227303e+01, -1.4999977155709474e+04,  1.0029855205367241e+01,  2.6597951744241928e+00,  3.0974471008305708e+00,  9.2951772308680156e-03,  1.4668039824975954e-01, -1.1941226369242033e+00,  2.7433066213374302e-01, -1.0759439005393792e-03,  1.7562112402748041e-02,  1.8938782776480789e-01,  0.0000000000000000e+00,  1.0080380227175580e-02,  1.3368726614948777e-02,  1.1457010702225234e+00,  0.0000000000000000e+00
 5.9940059940059944e+00,  6.3369375989662865e+02, -1.5680576951026715e-01,  2.9864221363320908e+01, -2.3178983963448845e-02,  9.1817504473406766e-02,  5.0315910828629518e-01,  3.8014772225832849e+03,  7.1416069041893138e+01, -1.4999977592062944e+04,  1.0029861038120183e+01,  2.6598254119428506e+00,  3.1025624657619728e+00,  9.2849315530363161e-03,  1.4685651102956940e-01, -1.1921734799778161e+00,  2.7433066213374302e-01, -9.6821332832731444e-04,  1.7626554779621790e-02,  1.9646650676370586e-01,  0.0000000000000000e+00,  1.1487280329679066e-02, -4.6736276482468847e-04,  2.7145046535680362e-01,  0.0000000000000000e+00
 6.0039960039960043e+00,  6.3369372917935061e+02, -1.5651215317020944e-01,  2.9864242403862228e+01, -2.3181560712971529e-02,  9.1820942292074589e-02,  5.0314554199663564e-01,  3.8078083054381154e+03,  7.1705910388822133e+01, -1.4999978031387038e+04,  1.0029866833912774e+01,  2.6598557024298897e+00,  3.1076776963773041e+00,  9.2758323092231136e-03,  1.4703257716643531e-01, -1.1901972321936596e+00,  2.7433066213374302e-01, -8.5104372862156023e-04,  1.7555504010017573e-02,  1.9719820362172177e-01,  0.0000000000000000e+00,  1.1970073531420801e-02, -1.3757001310096491e-02, -1.2496475438378464e-01,  0.0000000000000000e+00
 6.0139860139860142e+00,  6.3369369827454511e+02, -1.5621756280349544e-01,  2.9864263262321899e+01, -2.3183066168768789e-02,  9.1824107064310434e-02,  5.0313333748256450e-01,  3.8141393621208063e+03,  7.1996319801352087e+01, -1.4999978473688105e+04,  1.0029872606363153e+01,  2.6598860406471658e+00,  3.1127928051439042e+00,  9.2679276823345869e-03,  1.4720727035044887e-01, -1.1882334559294301e+00,  2.7433066213374302e-01, -7.3358181673798418e-04,  1.7374660404549547e-02,  1.9579722586000192e-01,  0.0000000000000000e+00,  1.1545801227671380e-02, -2.2447888504603095e-02, -1.5551099351253506e-01,  0.0000000000000000e+00
 6.0239760239760241e+00,  6.3369366718804667e+02, -1.5592217377472123e-01,  2.9864283923564145e+01, -2.3183957296636633e-02,  9.1827076667969118e-02,  5.0312266482011070e-01,  3.8204703925785816e+03,  7.2287297273657728e+01, -1.4999978918972620e+04,  1.0029878364568136e+01,  2.6599164215770741e+00,  3.1179078057526728e+00,  9.2611753298677095e-03,  1.4737972322846427e-01, -1.1862851997089443e+00,  2.7433066213374302e-01, -6.2401395626461543e-04,  1.7139058347753561e-02,  1.9089398390247522e-01,  0.0000000000000000e+00,  1.0389684439097296e-02, -2.4719643265953568e-02, -8.2611804638432074e-01,  0.0000000000000000e+00
 6.0339660339660339e+00,  6.3369363592575030e+02, -1.5562617473736925e-01,  2.9864304392055320e+01, -2.3184713722933254e-02,  9.1829972561682321e-02,  5.0311363727638347e-01,  3.8268013967587240e+03,  7.2578842799674462e+01, -1.4999979367246915e+04,  1.0029884113129871e+01,  2.6599468408675695e+00,  3.1230227137678890e+00,  9.2554598710206087e-03,  1.4754970907867571e-01, -1.1844193903169931e+00,  2.7433066213374302e-01, -5.2955927027046245e-04,  1.6915395106772986e-02,  1.8059498605717531e-01,  0.0000000000000000e+00,  8.5201436969323564e-03, -2.0057737578357979e-02, -1.2357413222447484e+00,  0.0000000000000000e+00
 6.0439560439560438e+00,  6.3369360449200519e+02, -1.5532972659458127e-01,  2.9864324693547633e+01, -2.3185848272173775e-02,  9.1832937232448300e-02,  5.0310614052197633e-01,  3.8331323746085372e+03,  7.2870956373316162e+01, -1.4999979818516902e+04,  1.0029889851607471e+01,  2.6599772955137166e+00,  3.1281375449314908e+00,  9.2505947250671010e-03,  1.4771769316066752e-01, -1.1826769082792306e+00,  2.7433066213374302e-01, -4.5673452143954761e-04,  1.6766401674877439e-02,  1.6738775964526909e-01,  0.0000000000000000e+00,  6.0593710190169677e-03, -9.7707474871312552e-03, -1.4083454054189082e+00,  0.0000000000000000e+00
 6.0539460539460537e+00,  6.3369357288896595e+02, -1.5503294572866910e-01,  2.9864344867759979e+01, -2.3187824315672539e-02,  9.1836093080160996e-02,  5.0309986871874657e-01,  3.8394633260752912e+03,  7.3163637988725128e+01, -1.4999980272788433e+04,  1.0029895574556130e+01,  2.6600077842272545e+00,  3.1332523131879695e+00,  9.2463343061566818e-03,  1.4788470211913279e-01, -1.1810749795348698e+00,  2.7433066213374302e-01, -4.1040598116909863e-04,  1.6733963615750844e-02,  1.5330239812981766e-01,  0.0000000000000000e+00,  3.2156027431270223e-03,  3.2766480499867453e-03, -1.4115439699744965e+00,  0.0000000000000000e+00
 6.0639360639360635e+00,  6.3369354111607151e+02, -1.5473588423620893e-01,  2.9864364958573685e+01, -2.3191009949593423e-02,  9.1839507764507958e-02,  5.0309433413414117e-01,  3.8457942511062924e+03,  7.3456887640512804e+01, -1.4999980730066851e+04,  1.0029901272157037e+01,  2.6600383074193923e+00,  3.1383670287400509e+00,  9.2423948053634228e-03,  1.4805203808805514e-01, -1.1796139233016119e+00,  2.7433066213374302e-01, -3.9316390713966794e-04,  1.6826955484546428e-02,  1.4011432552594660e-01,  0.0000000000000000e+00,  2.3626047756152349e-04,  1.5340324083037852e-02, -1.2287081653191680e+00,  0.0000000000000000e+00
 6.0739260739260743e+00,  6.3369350917007682e+02, -1.5443851889889079e-01,  2.9864385002775428e+01, -2.3195644687163338e-02,  9.1843171657274361e-02,  5.0308892177773512e-01,  3.8521251496487712e+03,  7.3750705323966926e+01, -1.4999981190357408e+04,  1.0029906931258283e+01,  2.6600688668359700e+00,  3.1434816963597538e+00,  9.2384788834366082e-03,  1.4822090502591695e-01, -1.1782754925113743e+00,  2.7433066213374302e-01, -4.0503146549482729e-04,  1.7017166910435946e-02,  1.2962314629850394e-01,  0.0000000000000000e+00, -2.6121456602643429e-03,  2.2740003380042808e-02, -8.7162591601478323e-01,  0.0000000000000000e+00
 6.0839160839160842e+00,  6.3369347704574045e+02, -1.5414075503460067e-01,  2.9864405020145053e+01, -2.3201817824233237e-02,  9.1846995445612756e-02,  5.0308299383547450e-01,  3.8584560216499140e+03,  7.4045091035161803e+01, -1.4999981653665080e+04,  1.0029912536731688e+01,  2.6600994649129825e+00,  3.1485963144682936e+00,  9.2343022685902991e-03,  1.4839204142292900e-01, -1.1770240502486946e+00,  2.7433066213374302e-01, -4.4337478090607148e-04,  1.7245631100661716e-02,  1.2332885560311656e-01,  0.0000000000000000e+00, -5.0641860850629992e-03,  2.2998527503003196e-02, -3.8849108120285847e-01,  0.0000000000000000e+00
 6.0939060939060941e+00,  6.3369344473706747e+02, -1.5384244677132450e-01,  2.9864425008353631e+01, -2.3209461588349040e-02,  9.1850834412741167e-02,  5.0307602051540234e-01,  3.8647868670568473e+03,  7.4340044770918439e+01, -1.4999982119994953e+04,  1.0029918073035393e+01,  2.6601301040132470e+00,  3.1537108754189833e+00,  9.2296202464554680e-03,  1.4856547307987622e-01, -1.1758113795123111e+00,  2.7433066213374302e-01, -5.0305097037917036e-04,  1.7439806767965964e-02,  1.2208403169498550e-01,  0.0000000000000000e+00, -6.8829870474515281e-03,  1.5875441091307715e-02,  1.3927733479501564e-01,  0.0000000000000000e+00
 6.1038961038961039e+00,  6.3369341223875665e+02, -1.5354342996582207e-01,  2.9864444945124948e+01, -2.3218361915009929e-02,  9.1854536255255276e-02,  5.0306769922054917e-01,  3.8711176858166414e+03,  7.4635566528596257e+01, -1.4999982589352072e+04,  1.0029923525826202e+01,  2.6601607857866045e+00,  3.1588253671111448e+00,  9.2242513001511550e-03,  1.4874048911060064e-01, -1.1745848088561874e+00,  2.7433066213374302e-01, -5.7686226123094002e-04,  1.7537676551613066e-02,  1.2584088501918941e-01,  0.0000000000000000e+00, -7.8940333810729318e-03,  3.7180895948425211e-03,  6.1284470071061847e-01,  0.0000000000000000e+00
 6.1138861138861138e+00,  6.3369337954741036e+02, -1.5324355936408404e-01,  2.9864464797287297e+01, -2.3228188166114806e-02,  9.1857995494868269e-02,  5.0305802252373055e-01,  3.8774484778763203e+03,  7.4931656305756675e+01, -1.4999983061741643e+04,  1.0029928883422590e+01,  2.6601915108712912e+00,  3.1639397756497667e+00,  9.2180945269503545e-03,  1.4891587620778057e-01, -1.1732970761153243e+00,  2.7433066213374302e-01, -6.5634684459419106e-04,  1.7509795368079478e-02,  1.3360072880010693e-01,  0.0000000000000000e+00, -8.0187802082501147e-03, -9.2999025382673982e-03,  9.4067602422908492e-01,  0.0000000000000000e+00
 6.1238761238761237e+00,  6.3369334666209750e+02, -1.5294273980731907e-01,  2.9864484533019905e+01, -2.3238539740906596e-02,  9.1861189842403393e-02,  5.0304727045070230e-01,  3.8837792431829139e+03,  7.5228314099778245e+01, -1.4999983537169068e+04,  1.0029934137902915e+01,  2.6602222790022969e+00,  3.1690540883980174e+00,  9.2111374770823401e-03,  1.4909033517190093e-01, -1.1719154636254161e+00,  2.7433066213374302e-01, -7.3284931218602718e-04,  1.7369090121204748e-02,  1.4361297687151259e-01,  0.0000000000000000e+00, -7.2970138036356682e-03, -1.8869287886053583e-02,  1.0637760396663505e+00,  0.0000000000000000e+00
 6.1338661338661336e+00,  6.3369331358418697e+02, -1.5264094322789334e-01,  2.9864504132001699e+01, -2.3249003103072399e-02,  9.1864180913905844e-02,  5.0303592853262069e-01,  3.8901099816834844e+03,  7.5525539907526053e+01, -1.4999984015639708e+04,  1.0029939285657802e+01,  2.6602530893947920e+00,  3.1741682966116995e+00,  9.2034521830505339e-03,  1.4926291097543701e-01, -1.1704276859680414e+00,  2.7433066213374302e-01, -7.9870512809174048e-04,  1.7163348405700527e-02,  1.5378126861648392e-01,  0.0000000000000000e+00, -5.8873205406882673e-03, -2.2320203557892083e-02,  9.7191596767693611e-01,  0.0000000000000000e+00
 6.1438561438561434e+00,  6.3369328031656039e+02, -1.5233820794355984e-01,  2.9864523589575271e+01, -2.3259209192370140e-02,  9.1867080929360773e-02,  5.0302455821158731e-01,  3.8964406933251362e+03,  7.5823333725158236e+01, -1.4999984497159083e+04,  1.0029944327306135e+01,  2.6602839411600550e+00,  3.1792823969726847e+00,  9.1951793326649229e-03,  1.4943325921597087e-01, -1.1688429108059060e+00,  2.7433066213374302e-01, -8.4829880325295345e-04,  1.6954380811269661e-02,  1.6215624740880097e-01,  0.0000000000000000e+00, -4.0413332265938958e-03, -1.9515108847014795e-02,  7.0475478654633505e-01,  0.0000000000000000e+00
 6.1538461538461542e+00,  6.3369324686261609e+02, -1.5203462226608550e-01,  2.9864542914461342e+01, -2.3268880298949270e-02,  9.1870005046288478e-02,  5.0301365986048097e-01,  3.9027713780550366e+03,  7.6121695548117117e+01, -1.4999984981732610e+04,  1.0029949267009689e+01,  2.6603148335583144e+00,  3.1843963917000195e+00,  9.1865031560125123e-03,  1.4960165984279505e-01, -1.1671878009049284e+00,  2.7433066213374302e-01, -8.7875793476216825e-04,  1.6794618144037876e-02,  1.6736488276450828e-01,  0.0000000000000000e+00, -2.0565849015506893e-03, -1.2469377132787752e-02,  3.3801401166623407e-01,  0.0000000000000000e+00
 6.1638361638361641e+00,  6.3369321322536371e+02, -1.5173029862819698e-01,  2.9864562122612707e+01, -2.3277857816444460e-02,  9.1873033188399178e-02,  5.0300356689724224e-01,  3.9091020358203732e+03,  7.6420625371278376e+01, -1.4999985469365785e+04,  1.0029954111343619e+01,  2.6603457660443866e+00,  3.1895102873593673e+00,  9.1776217315707731e-03,  1.4976881602204556e-01, -1.1654989571043173e+00,  2.7433066213374302e-01, -8.9013091267367865e-04,  1.6711781182265351e-02,  1.6885644185561874e-01,  0.0000000000000000e+00, -2.2028527632571271e-04, -4.1145826142203329e-03, -3.9403881627434197e-02,  0.0000000000000000e+00
 6.1738261738261739e+00,  6.3369317940682811e+02, -1.5142534609117353e-01,  2.9864581230704527e+01, -2.3286107049670757e-02,  9.1876194812125070e-02,  5.0299439512595345e-01,  3.9154326665684039e+03,  7.6720123189208550e+01, -1.4999985960063988e+04,  1.0029958867961458e+01,  2.6603767381937335e+00,  3.1946240928415137e+00,  9.1687183225924590e-03,  1.4993556156471843e-01, -1.1638140458228980e+00,  2.7433066213374302e-01, -8.8503217145171655e-04,  1.6706116478105777e-02,  1.6691688227487916e-01,  0.0000000000000000e+00,  1.2410532689625319e-03,  2.9805088414737164e-03, -3.4889594643663441e-01,  0.0000000000000000e+00
 6.1838161838161838e+00,  6.3369314540783455e+02, -1.5111984813508209e-01,  2.9864600251615411e+01, -2.3293700758277521e-02,  9.1879475085870341e-02,  5.0298605159912124e-01,  3.9217632702463252e+03,  7.7020188996445370e+01, -1.4999986453832698e+04,  1.0029963544310908e+01,  2.6604077496275402e+00,  3.1997378171327369e+00,  9.1599387711022075e-03,  1.5010260456306665e-01, -1.1621639544614626e+00,  2.7433066213374302e-01, -8.6787337749000769e-04,  1.6757607692235478e-02,  1.6248168653567677e-01,  0.0000000000000000e+00,  2.1941372821716169e-03,  7.3280322272923481e-03, -5.3903024055169602e-01,  0.0000000000000000e+00
 6.1938061938061937e+00,  6.3369311122806801e+02, -1.5081384991034721e-01,  2.9864619192471846e+01, -2.3300787557142388e-02,  9.1882832062757672e-02,  5.0297828988010918e-01,  3.9280938468013628e+03,  7.7320822787735636e+01, -1.4999986950677207e+04,  1.0029968146613818e+01,  2.6604387999988206e+00,  3.2048514674389996e+00,  9.1513781951700814e-03,  1.5027037890122663e-01, -1.1605676584795279e+00,  2.7433066213374302e-01, -8.4388565051498753e-04,  1.6837084577672978e-02,  1.5683043906707717e-01,  0.0000000000000000e+00,  2.6082056582274801e-03,  8.5832402372955727e-03, -5.9234950266195607e-01,  0.0000000000000000e+00
 6.2037962037962036e+00,  6.3369307686635136e+02, -1.5050735592377826e-01,  2.9864638054659565e+01, -2.3307553488368316e-02,  9.1886214586808915e-02,  5.0297078906000003e-01,  3.9344243961807047e+03,  7.7622024558180598e+01, -1.4999987450602859e+04,  1.0029972679239378e+01,  2.6604698890286040e+00,  3.2099650480229625e+00,  9.1430779189440661e-03,  1.5043900984933384e-01, -1.1590304791554271e+00,  2.7433066213374302e-01, -8.1815576921940507e-04,  1.6916031141665223e-02,  1.5126096969650069e-01,  0.0000000000000000e+00,  2.5429165771481787e-03,  7.2218618739519945e-03, -5.2265826532747106e-01,  0.0000000000000000e+00
 6.2137862137862134e+00,  6.3369304232100740e+02, -1.5020033651407350e-01,  2.9864656834967565e+01, -2.3314184901434123e-02,  9.1889575749968214e-02,  5.0296323328575965e-01,  3.9407549183314700e+03,  7.7923794303278783e+01, -1.4999987953614949e+04,  1.0029977144502018e+01,  2.6605010165480851e+00,  3.2150785598665368e+00,  9.1350314265543093e-03,  1.5060836154141974e-01, -1.1575454612827947e+00,  2.7433066213374302e-01, -7.9485727346519618e-04,  1.6972830513615384e-02,  1.4682272983557937e-01,  0.0000000000000000e+00,  2.1214422728372327e-03,  4.1493723906210729e-03, -3.6587735482764772e-01,  0.0000000000000000e+00
 6.2237762237762242e+00,  6.3369300759025271e+02, -1.4989273993738905e-01,  2.9864675527289588e+01, -2.3320838918742839e-02,  9.1892881260520504e-02,  5.0295537419641601e-01,  3.9470854132008071e+03,  7.8226132018876427e+01, -1.4999988459718727e+04,  1.0029981542833962e+01,  2.6605321825139705e+00,  3.2201920010623080e+00,  9.1271966547389668e-03,  1.5077812734211338e-01, -1.1560969580797911e+00,  2.7433066213374302e-01, -7.7678274523580726e-04,  1.6995562838930139e-02,  1.4415502627620372e-01,  0.0000000000000000e+00,  1.4970782786863123e-03,  4.0163913739277882e-04, -1.6819689775933683e-01,  0.0000000000000000e+00
 6.2337662337662341e+00,  6.3369297267251659e+02, -1.4958450642329291e-01,  2.9864694124539678e+01, -2.3327625125290647e-02,  9.1896113688653969e-02,  5.0294706674275513e-01,  3.9534158807357853e+03,  7.8529037701055159e+01, -1.4999988968919304e+04,  1.0029985873223547e+01,  2.6605633869935632e+00,  3.2253053677038981e+00,  9.1195112917843626e-03,  1.5094793322651326e-01, -1.1546652409775757e+00,  2.7433066213374302e-01, -7.6520415839853226e-04,  1.6982281197696503e-02,  1.4344140707313968e-01,  0.0000000000000000e+00,  8.2095480614295246e-04, -3.0606237125180916e-03,  2.5330333304644782e-02,  0.0000000000000000e+00
 6.2437562437562439e+00,  6.3369293756666332e+02, -1.4927558093663112e-01,  2.9864712620470748e+01, -2.3334599396119930e-02,  9.1899273107182100e-02,  5.0293827663130553e-01,  3.9597463208835075e+03,  7.8832511345991875e+01, -1.4999989481221888e+04,  1.0029990133786827e+01,  2.6605946301342760e+00,  3.2304186549921714e+00,  9.1119078603653699e-03,  1.5111743365974967e-01, -1.1532309959005076e+00,  2.7433066213374302e-01, -7.6002184933172598e-04,  1.6939467365054962e-02,  1.4446504920513289e-01,  0.0000000000000000e+00,  2.1654346903167131e-04, -5.5107055823184793e-03,  1.7960282152040016e-01,  0.0000000000000000e+00
 6.2537462537462538e+00,  6.3369290227206591e+02, -1.4896592231887903e-01,  2.9864731011018186e+01, -2.3341768411366259e-02,  9.1902374123851160e-02,  5.0292906379005997e-01,  3.9660767335910523e+03,  7.9136552949826694e+01, -1.4999989996631577e+04,  1.0029994322342619e+01,  2.6606259121313505e+00,  3.2355318582891397e+00,  9.1043260400494631e-03,  1.5128638412291795e-01, -1.1517788264080426e+00,  2.7433066213374302e-01, -7.6011737685851264e-04,  1.6879084238671346e-02,  1.4673327804822334e-01,  0.0000000000000000e+00, -2.3566807989435295e-04, -6.5779963196820100e-03,  2.7449659286630906e-01,  0.0000000000000000e+00
 6.2637362637362637e+00,  6.3369286678855451e+02, -1.4865550771440741e-01,  2.9864749294850988e+01, -2.3349101724717325e-02,  9.1905439784005560e-02,  5.0291955029572200e-01,  3.9724071188055250e+03,  7.9441162508560808e+01, -1.4999990515153502e+04,  1.0029998436889075e+01,  2.6606572331967628e+00,  3.2406449739165057e+00,  9.0967206999885766e-03,  1.5145467810008276e-01, -1.1502992620733703e+00,  2.7433066213374302e-01, -7.6380404697957809e-04,  1.6814772292561529e-02,  1.4963182767641955e-01,  0.0000000000000000e+00, -5.0240327834296988e-04, -6.2972552915028408e-03,  3.0579304269858382e-01,  0.0000000000000000e+00
 6.2737262737262736e+00,  6.3369283111628533e+02, -1.4834433242945277e-01,  2.9864767473043919e+01, -2.3356547462029573e-02,  9.1908493964366858e-02,  5.0290988285691163e-01,  3.9787374764740171e+03,  7.9746340018001419e+01, -1.4999991036792784e+04,  1.0030002475919483e+01,  2.6606885935250535e+00,  3.2457579995911678e+00,  9.0890652199299912e-03,  1.5162234360928281e-01, -1.1487891795014209e+00,  2.7433066213374302e-01, -7.6927105491697632e-04,  1.6758097278099498e-02,  1.5257056160597143e-01,  0.0000000000000000e+00, -5.9209171072415650e-04, -5.0490826037962386e-03,  2.8254148999770823e-01,  0.0000000000000000e+00
 6.2837162837162834e+00,  6.3369279525558181e+02, -1.4803240634938053e-01,  2.9864785548094538e+01, -2.3364047873025904e-02,  9.1911554641191287e-02,  5.0290019916468554e-01,  3.9850678065436568e+03,  8.0052085473753209e+01, -1.4999991561554543e+04,  1.0030006438560829e+01,  2.6607199932538421e+00,  3.2508709344907780e+00,  9.0813506489412846e-03,  1.5178950521852630e-01, -1.1472508992041202e+00,  2.7433066213374302e-01, -7.7493957339443554e-04,  1.6715891604758892e-02,  1.5509122700042891e-01,  0.0000000000000000e+00, -5.4274568846318888e-04, -3.4004931989927651e-03,  2.2209572197268163e-01,  0.0000000000000000e+00
 6.2937062937062933e+00,  6.3369275920679706e+02, -1.4771974855569750e-01,  2.9864803522722092e+01, -2.3371551860715330e-02,  9.1914630096664368e-02,  5.0289060461023005e-01,  3.9913981089615795e+03,  8.0358398871246905e+01, -1.4999992089443876e+04,  1.0030010324554857e+01,  2.6607514324245707e+00,  3.2559837790258070e+00,  9.0735819117702624e-03,  1.5195632745752974e-01, -1.1456904536872266e+00,  2.7433066213374302e-01, -7.7968430376501390e-04,  1.6689392937782679e-02,  1.5692206273388770e-01,  0.0000000000000000e+00, -4.0714933173352963e-04, -1.9045399294966580e-03,  1.4443759186715985e-01,  0.0000000000000000e+00
 6.3036963036963041e+00,  6.3369272297022303e+02, -1.4740638178306698e-01,  2.9864821398895938e+01, -2.3379022922617780e-02,  9.1917718861095954e-02,  5.0288116196156596e-01,  3.9977283836748984e+03,  8.0665280205788989e+01, -1.4999992620465948e+04,  1.0030014134127978e+01,  2.6607829109553585e+00,  3.2610965344426193e+00,  9.0657725409739511e-03,  1.5212295962287761e-01, -1.1441155932553910e+00,  2.7433066213374302e-01, -7.8291207573109455e-04,  1.6675206208108789e-02,  1.5797974421853286e-01,  0.0000000000000000e+00, -2.3905061587579081e-04, -9.3564335121651290e-04,  6.7310241358795472e-02,  0.0000000000000000e+00
 6.3136863136863139e+00,  6.3369268654605673e+02, -1.4709232793878513e-01,  2.9864839177375860e+01, -2.3386442261296270e-02,  9.1920812707675714e-02,  5.0287189279438305e-01,  4.0040586306307559e+03,  8.0972729472616805e+01, -1.4999993154625885e+04,  1.0030017867803965e+01,  2.6608144286369773e+00,  3.2662092023877722e+00,  9.0579393128545557e-03,  1.5228949841073872e-01, -1.1425340152413017e+00,  2.7433066213374302e-01, -7.8452051303227620e-04,  1.6667463818640864e-02,  1.5833180901690333e-01,  0.0000000000000000e+00, -8.2958531813776991e-05, -6.1438302041019754e-04,  3.1731312735583253e-03,  0.0000000000000000e+00
 6.3236763236763238e+00,  6.3369264993440186e+02, -1.4677760528108746e-01,  2.9864856857801637e+01, -2.3393807844200889e-02,  9.1923901055865870e-02,  5.0286278684331165e-01,  4.0103888497762978e+03,  8.1280746666945660e+01, -1.4999993691928834e+04,  1.0030021526210062e+01,  2.6608459851559121e+00,  3.2713217845362190e+00,  9.0500978054488309e-03,  1.5245597588299031e-01, -1.1409521205477606e+00,  2.7433066213374302e-01, -7.8477835521844285e-04,  1.6660243153187863e-02,  1.5813922596173921e-01,  0.0000000000000000e+00,  3.1338526143207741e-05, -8.3119420328025542e-04, -4.1728258917413712e-02,  0.0000000000000000e+00
 6.3336663336663337e+00,  6.3369261313528648e+02, -1.4646222724879346e-01,  2.9864874439169476e+01, -2.3401130753901558e-02,  9.1926975007768655e-02,  5.0285381451535904e-01,  4.0167190410586277e+03,  8.1589331784001203e+01, -1.4999994232379939e+04,  1.0030025109913229e+01,  2.6608775801392017e+00,  3.2764342823385921e+00,  9.0422594256374042e-03,  1.5262237040181140e-01, -1.1393743903469613e+00,  2.7433066213374302e-01, -7.8417323978885792e-04,  1.6649401362757429e-02,  1.5759840820045948e-01,  0.0000000000000000e+00,  8.9805582859702219e-05, -1.3393322408929453e-03, -6.6543456890789068e-02,  0.0000000000000000e+00
 6.3436563436563436e+00,  6.3369257614868263e+02, -1.4614620252418864e-01,  2.9864891920436264e+01, -2.3408430272274759e-02,  9.1930029785499107e-02,  5.0284493847572209e-01,  4.0230492044248817e+03,  8.1898484819035801e+01, -1.4999994775984273e+04,  1.0030028619306893e+01,  2.6609092132090066e+00,  3.2815466968956883e+00,  9.0344300084500527e-03,  1.5278863125487357e-01, -1.1378033012030961e+00,  2.7433066213374302e-01, -7.8326537383558532e-04,  1.6633372242350255e-02,  1.5689635686744205e-01,  0.0000000000000000e+00,  9.1949180985463429e-05, -1.8696976646230578e-03, -7.4007219979303346e-02,  0.0000000000000000e+00
 6.3536463536463534e+00,  6.3369253897451631e+02, -1.4582953576037824e-01,  2.9864909301009263e+01, -2.3415728907425878e-02,  9.1933065169541750e-02,  5.0283612187190108e-01,  4.0293793398221710e+03,  8.2208205767331876e+01, -1.4999995322746978e+04,  1.0030032054552766e+01,  2.6609408840327657e+00,  3.2866590289341699e+00,  9.0266097678185116e-03,  1.5295470551154866e-01, -1.1362395980019575e+00,  2.7433066213374302e-01, -7.8257177931559320e-04,  1.6612921665916748e-02,  1.5618474081653416e-01,  0.0000000000000000e+00,  4.6908441916965904e-05, -2.2245077373652402e-03, -6.8458313412455660e-02,  0.0000000000000000e+00
 6.3636363636363633e+00,  6.3369250161265688e+02, -1.4551222847931641e-01,  2.9864926580971638e+01, -2.3423048170642568e-02,  9.1936084287735600e-02,  5.0282733262209101e-01,  4.0357094471976129e+03,  8.2518494624197245e+01, -1.4999995872673080e+04,  1.0030035415572476e+01,  2.6609725923576248e+00,  3.2917712788427220e+00,  9.0187942086635275e-03,  1.5312055776168509e-01, -1.1346827269610076e+00,  2.7433066213374302e-01, -7.8249114948448345e-04,  1.6590198303392110e-02,  1.5557156548563411e-01,  0.0000000000000000e+00, -3.0766349728802074e-05, -2.3247094400670313e-03, -5.4299387833739610e-02,  0.0000000000000000e+00
 6.3736263736263732e+00,  6.3369246406292177e+02, -1.4519427984998531e-01,  2.9864943761015940e+01, -2.3430405498752856e-02,  9.1939091550977209e-02,  5.0281854461233855e-01,  4.0420395264983154e+03,  8.2829351384958343e+01, -1.4999996425767646e+04,  1.0030038702076849e+01,  2.6610043380232149e+00,  3.2968834467310253e+00,  9.0109755790176230e-03,  1.5328617800512293e-01, -1.1331312750152316e+00,  2.7433066213374302e-01, -7.8326782909628049e-04,  1.6567561838537487e-02,  1.5512464488700908e-01,  0.0000000000000000e+00, -1.2472490855992016e-04, -2.2071108236810183e-03, -3.5174116009604114e-02,  0.0000000000000000e+00
 6.3836163836163839e+00,  6.3369242632506655e+02, -1.4487568727679506e-01,  2.9864960842158265e+01, -2.3437812397400656e-02,  9.1942090618410063e-02,  5.0280973729704714e-01,  4.0483695776713776e+03,  8.3140776044952531e+01, -1.4999996982035655e+04,  1.0030041913619787e+01,  2.6610361209531241e+00,  3.3019955324875334e+00,  9.0031445017884765e-03,  1.5345157797823930e-01, -1.1315833334567715e+00,  2.7433066213374302e-01, -7.8498685528889005e-04,  1.6546627497496587e-02,  1.5487994462064889e-01,  0.0000000000000000e+00, -2.1942413520050966e-04, -1.9839442527074254e-03, -1.3814877315706584e-02,  0.0000000000000000e+00
 6.3936063936063938e+00,  6.3369238839879654e+02, -1.4455644688174574e-01,  2.9864977825367479e+01, -2.3445273690625629e-02,  9.1945083066769351e-02,  5.0280089509424775e-01,  4.0546996006638992e+03,  8.3452768599521960e+01, -1.4999997541482120e+04,  1.0030045049664608e+01,  2.6610679411305487e+00,  3.3071075358282789e+00,  8.9952915259648974e-03,  1.5361677995312487e-01, -1.1300367706272065e+00,  2.7433066213374302e-01, -7.8759015279060256e-04,  1.6527795092743422e-02,  1.5484937892069431e-01,  0.0000000000000000e+00, -3.0175602463532381e-04, -1.7863031790230704e-03,  7.6956241834211401e-03,  0.0000000000000000e+00
 6.4035964035964037e+00,  6.3369235028379171e+02, -1.4423655401298047e-01,  2.9864994711246265e+01, -2.3452787686142399e-02,  9.1948068066701541e-02,  5.0279200737047158e-01,  4.0610295954229955e+03,  8.3765329044007487e+01, -1.4999998104111952e+04,  1.0030048109652911e+01,  2.6610997985664371e+00,  3.3122194563407308e+00,  8.9874084347996534e-03,  1.5378180365441799e-01, -1.1284894397720424e+00,  2.7433066213374302e-01, -7.9090533006388318e-04,  1.6510315181568782e-02,  1.5502550949207675e-01,  0.0000000000000000e+00, -3.6194246547546885e-04, -1.7131750381398025e-03,  2.7565716207343754e-02,  0.0000000000000000e+00
 6.4135864135864136e+00,  6.3369231197973568e+02, -1.4391600386714420e-01,  2.9865011499861545e+01, -2.3460347059022748e-02,  9.1951042980309053e-02,  5.0278306907617809e-01,  4.0673595618957575e+03,  8.4078457373742950e+01, -1.4999998669930108e+04,  1.0030051093068069e+01,  2.6611316932684752e+00,  3.3173312935312742e+00,  8.9794892216679169e-03,  1.5394665638032903e-01, -1.1269393578501421e+00,  2.7433066213374302e-01, -7.9468112215359582e-04,  1.6492759515054724e-02,  1.5538341483303159e-01,  0.0000000000000000e+00, -3.9397111088501445e-04, -1.8014693979751441e-03,  4.4086933051813423e-02,  0.0000000000000000e+00
 6.4235764235764234e+00,  6.3369227348634570e+02, -1.4359479221590307e-01,  2.9865028190759819e+01, -2.3467940270822517e-02,  9.1954004510283238e-02,  5.0277408153434544e-01,  4.0736895000292943e+03,  8.4392153584047449e+01, -1.4999999238941557e+04,  1.0030053999487867e+01,  2.6611636252177298e+00,  3.3224430468818240e+00,  8.9715306901012801e-03,  1.5411132931905444e-01, -1.1253848760391147e+00,  2.7433066213374302e-01, -7.9862577142787554e-04,  1.6473657762583648e-02,  1.5588176576816237e-01,  0.0000000000000000e+00, -3.9574767382578966e-04, -2.0227014467341345e-03,  5.5682924161374651e-02,  0.0000000000000000e+00
 6.4335664335664333e+00,  6.3369223480340190e+02, -1.4327291613095189e-01,  2.9865044783135890e+01, -2.3475553344071719e-02,  9.1956949919377820e-02,  5.0276505267928573e-01,  4.0800194097706799e+03,  8.4706417670217377e+01, -1.4999999811151187e+04,  1.0030056828621086e+01,  2.6611955943561920e+00,  3.3275547159143901e+00,  8.9635326627982292e-03,  1.5427580039156946e-01, -1.1238248370555735e+00,  2.7433066213374302e-01, -8.0244571339647497e-04,  1.6452053948998839e-02,  1.5646546139462850e-01,  0.0000000000000000e+00, -3.6900470828781737e-04, -2.3023820329448959e-03,  6.1172940257142788e-02,  0.0000000000000000e+00
 6.4435564435564432e+00,  6.3369219593076457e+02, -1.4295037454947565e-01,  2.9865061276084695e+01, -2.3483171794875735e-02,  9.1959877902674986e-02,  5.0275599620297828e-01,  4.0863492910670147e+03,  8.5021249627517747e+01, -1.5000000386563906e+04,  1.0030059580325547e+01,  2.6612276005854061e+00,  3.3326663002547070e+00,  8.9554978087147373e-03,  1.5444004168566780e-01, -1.1222586929942671e+00,  2.7433066213374302e-01, -8.0588186544512956e-04,  1.6427808267144777e-02,  1.5707125746223286e-01,  0.0000000000000000e+00, -3.1891293185999951e-04, -2.5516034740916300e-03,  6.0107432478645278e-02,  0.0000000000000000e+00
 6.4535464535464540e+00,  6.3369215686835673e+02, -1.4262716853270949e-01,  2.9865077668847160e+01, -2.3490782501489376e-02,  9.1962788881661053e-02,  5.0274692947105393e-01,  4.0926791438653877e+03,  8.5336649451176910e+01, -1.5000000965184656e+04,  1.0030062254606273e+01,  2.6612596437737146e+00,  3.3377777996825704e+00,  8.9474311270250993e-03,  1.5460402832897496e-01, -1.1206865501931911e+00,  2.7433066213374302e-01, -8.0874021645334208e-04,  1.6401584829977490e-02,  1.5763626603168646e-01,  0.0000000000000000e+00, -2.5332893998411348e-04, -2.6983286467992225e-03,  5.3007283125963790e-02,  0.0000000000000000e+00
 6.4635364635364638e+00,  6.3369211761616214e+02, -1.4230330113727019e-01,  2.9865093960981984e+01, -2.3498375276797850e-02,  9.1965684715729815e-02,  5.0273787053215535e-01,  4.0990089681129157e+03,  8.5652617136382290e+01, -1.5000001547018301e+04,  1.0030064851594927e+01,  2.6612917237680840e+00,  3.3428892141566813e+00,  8.9393391630313533e-03,  1.5476774567827475e-01, -1.1191091172493781e+00,  2.7433066213374302e-01, -8.1091308698593996e-04,  1.6374578586114848e-02,  1.5810774285629295e-01,  0.0000000000000000e+00, -1.8167974063477575e-04, -2.7083213746470648e-03,  4.1382377158845456e-02,  0.0000000000000000e+00
 6.4735264735264737e+00,  6.3369207817418589e+02, -1.4197877691618138e-01,  2.9865110152425437e+01, -2.3505943937826995e-02,  9.1968568012211080e-02,  5.0272883488470255e-01,  4.1053387637566566e+03,  8.5969152678282512e+01, -1.5000002132069709e+04,  1.0030067371514260e+01,  2.6613238404068662e+00,  3.3480005438073741e+00,  8.9312290673450607e-03,  1.5493119273628994e-01, -1.1175275543319265e+00,  2.7433066213374302e-01, -8.1238797562519459e-04,  1.6348108964961808e-02,  1.5845177158875068e-01,  0.0000000000000000e+00, -1.1359296494400921e-04, -2.5908967801919268e-03,  2.7492175079196938e-02,  0.0000000000000000e+00
 6.4835164835164836e+00,  6.3369203854243608e+02, -1.4165360116026521e-01,  2.9865126243442067e+01, -2.3513486733503744e-02,  9.1971441308286384e-02,  5.0271983277426002e-01,  4.1116685307437338e+03,  8.6286256071991403e+01, -1.5000002720343828e+04,  1.0030069814633610e+01,  2.6613559935304267e+00,  3.3531117888982038e+00,  8.9231076350468341e-03,  1.5509438122203023e-01, -1.1159432476871654e+00,  2.7433066213374302e-01, -8.1324249165188060e-04,  1.6323227182425314e-02,  1.5865854286945436e-01,  0.0000000000000000e+00, -5.7481143598534099e-05, -2.3904360836143170e-03,  1.3903435317677938e-02,  0.0000000000000000e+00
 6.4935064935064934e+00,  6.3369199872088836e+02, -1.4132777905177688e-01,  2.9865142234498531e+01, -2.3521006094514376e-02,  9.1974306386806023e-02,  5.0271086765643402e-01,  4.1179982690212182e+03,  8.6603927312596639e+01, -1.5000003311845410e+04,  1.0030072181222041e+01,  2.6613881829881958e+00,  3.3582229497647806e+00,  8.9149804661132551e-03,  1.5525733114153320e-01, -1.1143575534753940e+00,  2.7433066213374302e-01, -8.1362619372480336e-04,  1.6300453438733119e-02,  1.5874280413580930e-01,  0.0000000000000000e+00, -1.9336011400591292e-05, -2.1688674035629241e-03,  2.9656702065803797e-03,  0.0000000000000000e+00
 6.5034965034965033e+00,  6.3369195870948113e+02, -1.4100131491512574e-01,  2.9865158126107278e+01, -2.3528507784759969e-02,  9.1977163899275904e-02,  5.0270193614033332e-01,  4.1243279785362183e+03,  8.6922166395168119e+01, -1.5000003906579335e+04,  1.0030074471506946e+01,  2.6614204086418436e+00,  3.3633340267447442e+00,  8.9068513674399451e-03,  1.5542006460741950e-01, -1.1127715632888475e+00,  2.7433066213374302e-01, -8.1373258800925951e-04,  1.6279699884681226e-02,  1.5873936273426523e-01,  0.0000000000000000e+00, -1.9641243475385379e-06, -1.9859941176261506e-03, -3.6546387957029475e-03,  0.0000000000000000e+00
 6.5134865134865132e+00,  6.3369191850810228e+02, -1.4067421171459443e-01,  2.9865173918686985e+01, -2.3535999635500675e-02,  9.1980013348159056e-02,  5.0269302934024263e-01,  4.1306576592358097e+03,  8.7240973314765640e+01, -1.5000004504550447e+04,  1.0030076685643412e+01,  2.6614526703653647e+00,  3.3684450201139509e+00,  8.8987220727464369e-03,  1.5558259987049786e-01, -1.1111859378363478e+00,  2.7433066213374302e-01, -8.1376639940872674e-04,  1.6260370569453408e-02,  1.5869480989878088e-01,  0.0000000000000000e+00, -4.8049178257972529e-06, -1.8837347909829699e-03, -5.2648388682633440e-03,  0.0000000000000000e+00
 6.5234765234765231e+00,  6.3369187811659992e+02, -1.4034647088016702e-01,  2.9865189612470903e+01, -2.3543490107092252e-02,  9.1982853370751100e-02,  5.0268413522621380e-01,  4.1369873110670842e+03,  8.7560348066445684e+01, -1.5000005105763466e+04,  1.0030078823698609e+01,  2.6614849680429691e+00,  3.3735559300415612e+00,  8.8905922985206901e-03,  1.5574494713627970e-01, -1.1096008378163444e+00,  2.7433066213374302e-01, -8.1391200226837903e-04,  1.6241581098336046e-02,  1.5865751430099848e-01,  0.0000000000000000e+00, -2.4344774683834611e-05, -1.8779173265687852e-03, -2.2017398063605407e-03,  0.0000000000000000e+00
 6.5334665334665338e+00,  6.3369183753479308e+02, -1.4001809246127023e-01,  2.9865205207477725e+01, -2.3550986935790726e-02,  9.1985682196753779e-02,  5.0267524136484210e-01,  4.1433169339771257e+03,  8.7880290645262406e+01, -1.5000005710223264e+04,  1.0030080885651348e+01,  2.6615173015660263e+00,  3.3786667565713389e+00,  8.8824600946791361e-03,  1.5590710698534974e-01, -1.1080159575306334e+00,  2.7433066213374302e-01, -8.1430839381451629e-04,  1.6222418682397714e-02,  1.5866820335563575e-01,  0.0000000000000000e+00, -5.5012812852838900e-05, -1.9583983442851760e-03,  4.3416885447417628e-03,  0.0000000000000000e+00
 6.5434565434565437e+00,  6.3369179676249178e+02, -1.3968907553626714e-01,  2.9865220703538739e+01, -2.3558496084264503e-02,  9.1988498130748012e-02,  5.0266633741514999e-01,  4.1496465279130216e+03,  8.8200801046267671e+01, -1.5000006317934543e+04,  1.0030082871405304e+01,  2.6615496708298014e+00,  3.3837774996300722e+00,  8.8743224005423775e-03,  1.5606907138567827e-01, -1.1064306439431049e+00,  2.7433066213374302e-01, -8.1503448038826591e-04,  1.6202167533727128e-02,  1.5875310537728490e-01,  0.0000000000000000e+00, -9.0349719204585140e-05, -2.0958816197096733e-03,  1.2655696188003850e-02,  0.0000000000000000e+00
 6.5534465534465536e+00,  6.3369175579951377e+02, -1.3935941875922428e-01,  2.9865236100365404e+01, -2.3566021136224670e-02,  9.1991299932984757e-02,  5.0265741687534460e-01,  4.1559760928218493e+03,  8.8521879264506808e+01, -1.5000006928902098e+04,  1.0030084780811846e+01,  2.6615820757306192e+00,  3.3888881590580353e+00,  8.8661756894765735e-03,  1.5623082661639323e-01, -1.1048440673133051e+00,  2.7433066213374302e-01, -8.1610616185907414e-04,  1.6180447883646917e-02,  1.5892083248805905e-01,  0.0000000000000000e+00, -1.2420091125122691e-04, -2.2523923263492447e-03,  2.0923271388984345e-02,  0.0000000000000000e+00
 6.5634365634365635e+00,  6.3369171464569388e+02, -1.3902912091228717e-01,  2.9865251397630772e+01, -2.3573563177958005e-02,  9.1994087022048351e-02,  5.0264847780951083e-01,  4.1623056286506880e+03,  8.8843525295012441e+01, -1.5000007543130620e+04,  1.0030086613696751e+01,  2.6616145161635778e+00,  3.3939987346521843e+00,  8.8580165831226160e-03,  1.5639235705767920e-01, -1.1032554025347521e+00,  2.7433066213374302e-01, -8.1748430938408828e-04,  1.6157248969163398e-02,  1.5916320316098442e-01,  0.0000000000000000e+00, -1.5170422325660953e-04, -2.3920303532513152e-03,  2.7599337330676627e-02,  0.0000000000000000e+00
 6.5734265734265733e+00,  6.3369167330089476e+02, -1.3869818135017195e-01,  2.9865266595043309e+01, -2.3581121114855556e-02,  9.1996859482689874e-02,  5.0263952254702271e-01,  4.1686351353466143e+03,  8.9165739132800184e+01, -1.5000008160624839e+04,  1.0030088369886371e+01,  2.6616469920209780e+00,  3.3991092262115661e+00,  8.8498423366417268e-03,  1.5655364877361927e-01, -1.1016639833340647e+00,  2.7433066213374302e-01, -8.1909077142279236e-04,  1.6132867134099532e-02,  1.5945930343648429e-01,  0.0000000000000000e+00, -1.6990947689193901e-04, -2.4892130265345685e-03,  3.1679937824398027e-02,  0.0000000000000000e+00
 6.5834165834165832e+00,  6.3369163176500115e+02, -1.3836660026373637e-01,  2.9865281692397780e+01, -2.3588692298473740e-02,  9.1999617914536799e-02,  5.0263055657337297e-01,  4.1749646128566974e+03,  8.9488520772862969e+01, -1.5000008781389486e+04,  1.0030090049228505e+01,  2.6616795031913214e+00,  3.4042196335754591e+00,  8.8416511331441388e-03,  1.5671469206535352e-01, -1.1000694024660911e+00,  2.7433066213374302e-01, -8.2082839001304162e-04,  1.6107782155473996e-02,  1.5978147407377097e-01,  0.0000000000000000e+00, -1.7796176487597004e-04, -2.5327996942973757e-03,  3.2818623760394260e-02,  0.0000000000000000e+00
 6.5934065934065931e+00,  6.3369159003792947e+02, -1.3803437873940685e-01,  2.9865296689594857e+01, -2.3596273301312677e-02,  9.2002363190373762e-02,  5.0262158697164960e-01,  4.1812940611280137e+03,  8.9811870210167370e+01, -1.5000009405429206e+04,  1.0030091651605151e+01,  2.6617120495588296e+00,  3.4093299566476540e+00,  8.8334421690090988e-03,  1.5687548258291945e-01, -1.0984715462896337e+00,  2.7433066213374302e-01, -8.2260081277454693e-04,  1.6082514085172396e-02,  1.6010168999692145e-01,  0.0000000000000000e+00, -1.7687727197739699e-04, -2.5258679800830171e-03,  3.1288604054331051e-02,  0.0000000000000000e+00
 6.6033966033966029e+00,  6.3369154811960266e+02, -1.3770151863755001e-01,  2.9865311586633208e+01, -2.3603860675426597e-02,  9.2005096201243433e-02,  5.0261262081033975e-01,  4.1876234801076480e+03,  9.0135787439654052e+01, -1.5000010032748742e+04,  1.0030093176936857e+01,  2.6617446310034425e+00,  3.4144401954044259e+00,  8.8252155524693229e-03,  1.5703602101810421e-01, -1.0968705675011177e+00,  2.7433066213374302e-01, -8.2432856075932877e-04,  1.6057499310432873e-02,  1.6039695856925981e-01,  0.0000000000000000e+00, -1.6901787458326097e-04, -2.4820899226264022e-03,  2.7824164129236408e-02,  0.0000000000000000e+00
 6.6133866133866137e+00,  6.3369150600995249e+02, -1.3736802234590795e-01,  2.9865326383581674e+01, -2.3611451561826199e-02,  9.2007817652216342e-02,  5.0260366381524302e-01,  4.1939528697426713e+03,  9.0460272456237917e+01, -1.5000010663352678e+04,  1.0030094625179597e+01,  2.6617772474012482e+00,  3.4195503498873077e+00,  8.8169720678950257e-03,  1.5719631173997106e-01, -1.0952668118526854e+00,  2.7433066213374302e-01, -8.2595909069959391e-04,  1.6033011618209973e-02,  1.6065280341825400e-01,  0.0000000000000000e+00, -1.5741421945779903e-04, -2.4203460603985411e-03,  2.3395974639397292e-02,  0.0000000000000000e+00
 6.6233766233766236e+00,  6.3369146370891349e+02, -1.3703389247915512e-01,  2.9865341080543288e+01, -2.3619044069026117e-02,  9.2010527945640144e-02,  5.0259471954176160e-01,  4.2002822299801473e+03,  9.0785325254809734e+01, -1.5000011297245692e+04,  1.0030095996315477e+01,  2.6618098986252980e+00,  3.4246604201849635e+00,  8.8087128733344653e-03,  1.5735636091057595e-01, -1.0936607212789746e+00,  2.7433066213374302e-01, -8.2747011137955279e-04,  1.6009137205570508e-02,  1.6086446952416789e-01,  0.0000000000000000e+00, -1.4509212066260736e-04, -2.3593113501646527e-03,  1.8979579763132817e-02,  0.0000000000000000e+00
 6.6333666333666335e+00,  6.3369142121640800e+02, -1.3669913159277056e-01,  2.9865355677620791e+01, -2.3626637397142498e-02,  9.2013227158511318e-02,  5.0258578911849583e-01,  4.2066115607671500e+03,  9.1110945830240723e+01, -1.5000011934432421e+04,  1.0030097290341448e+01,  2.6618425845467897e+00,  3.4297704064095291e+00,  8.8004391985367931e-03,  1.5751617462120124e-01, -1.0920527365375172e+00,  2.7433066213374302e-01, -8.2886682136176012e-04,  1.5985797259649992e-02,  1.6103602874860504e-01,  0.0000000000000000e+00, -1.3452921777531055e-04, -2.3133458231229423e-03,  1.5366576969182297e-02,  0.0000000000000000e+00
 6.6433566433566433e+00,  6.3369137853234952e+02, -1.3636374196299966e-01,  2.9865370174891027e+01, -2.3634231735821420e-02,  9.2015915096328518e-02,  5.0257687150154784e-01,  4.2129408620507611e+03,  9.1437134177384124e+01, -1.5000012574917488e+04,  1.0030098507257200e+01,  2.6618753050363457e+00,  3.4348803086730726e+00,  8.7921520976828819e-03,  1.5767575745922030e-01, -1.0904432182070745e+00,  2.7433066213374302e-01, -8.3017475864869317e-04,  1.5962801735006738e-02,  1.6117796464255538e-01,  0.0000000000000000e+00, -1.2731982706868359e-04, -2.2903582104561592e-03,  1.3048988999676455e-02,  0.0000000000000000e+00
 6.6533466533466532e+00,  6.3369133565664708e+02, -1.3602772546110309e-01,  2.9865384572391378e+01, -2.3641828000802223e-02,  9.2018591392309307e-02,  5.0256796408733428e-01,  4.2192701337780481e+03,  9.1763890291078113e+01, -1.5000013218705444e+04,  1.0030099647055698e+01,  2.6619080599652607e+00,  3.4399901270686311e+00,  8.7838522902720841e-03,  1.5783511171880377e-01, -1.0888323975836200e+00,  2.7433066213374302e-01, -8.3143045370110812e-04,  1.5939914608787426e-02,  1.6130401104032233e-01,  0.0000000000000000e+00, -1.2407032242479216e-04, -2.2916444586504863e-03,  1.2185499833266217e-02,  0.0000000000000000e+00
 6.6633366633366631e+00,  6.3369129258919088e+02, -1.3569108352587589e-01,  2.9865398870117424e+01, -2.3649427490878439e-02,  9.2021255618630421e-02,  5.0255906349163726e-01,  4.2255993758960767e+03,  9.2091214166146855e+01, -1.5000013865800962e+04,  1.0030100709717027e+01,  2.6619408492065424e+00,  3.4450998616584294e+00,  8.7755401006059369e-03,  1.5799423727158368e-01, -1.0872203608436315e+00,  2.7433066213374302e-01, -8.3267205497843198e-04,  1.5916913268415041e-02,  1.6142801069943671e-01,  0.0000000000000000e+00, -1.2449825329544905e-04, -2.3132238839007630e-03,  1.2639231921435890e-02,  0.0000000000000000e+00
 6.6733266733266730e+00,  6.3369124932987802e+02, -1.3535381721873724e-01,  2.9865413068029852e+01, -2.3657031545058920e-02,  9.2023907382581344e-02,  5.0255016631097826e-01,  4.2319285883519142e+03,  9.2419105797402594e+01, -1.5000014516208534e+04,  1.0030101695205950e+01,  2.6619736726354515e+00,  3.4502095124700123e+00,  8.7672154859768110e-03,  1.5815313196392694e-01, -1.0856070627045105e+00,  2.7433066213374302e-01, -8.3393166019762844e-04,  1.5893630545191380e-02,  1.6156139462255362e-01,  0.0000000000000000e+00, -1.2767471159510533e-04, -2.3479773053346484e-03,  1.4064229488003337e-02,  0.0000000000000000e+00
 6.6833166833166837e+00,  6.3369120587859186e+02, -1.3501592733351758e-01,  2.9865427166066219e+01, -2.3664641263142758e-02,  9.2026546391110617e-02,  5.0254126972638435e-01,  4.2382577710926143e+03,  9.2747565179643047e+01, -1.5000015169932720e+04,  1.0030102603473273e+01,  2.6620065301297045e+00,  3.4553190794993029e+00,  8.7588781293732165e-03,  1.5831179232743167e-01, -1.0839923609510729e+00,  2.7433066213374302e-01, -8.3523040874901853e-04,  1.5869974784867180e-02,  1.6171163056277479e-01,  0.0000000000000000e+00, -1.3233474839318654e-04, -2.3879059115700855e-03,  1.6013005744276596e-02,  0.0000000000000000e+00
 6.6933066933066936e+00,  6.3369116223522258e+02, -1.3467741452910850e-01,  2.9865441164153651e+01, -2.3672257328002041e-02,  9.2029172478450341e-02,  5.0253237187160837e-01,  4.2445869240652555e+03,  9.3076592307651651e+01, -1.5000015826978066e+04,  1.0030103434459662e+01,  2.6620394215691472e+00,  3.4604285627185853e+00,  8.7505275657220848e-03,  1.5847021437721101e-01, -1.0823760610948645e+00,  2.7433066213374302e-01, -8.3657665514827396e-04,  1.5845929330879742e-02,  1.6188172346101443e-01,  0.0000000000000000e+00, -1.3718378073030945e-04, -2.4259939768560882e-03,  1.8039592481860170e-02,  0.0000000000000000e+00
 6.7032967032967035e+00,  6.3369111839966729e+02, -1.3433827945620760e-01,  2.9865455062220200e+01, -2.3679879941137238e-02,  9.2031785600701577e-02,  5.0252347195083746e-01,  4.2509160472168978e+03,  9.3406187176196383e+01, -1.5000016487349099e+04,  1.0030104188100536e+01,  2.6620723468350760e+00,  3.4655379620868865e+00,  8.7421633110885359e-03,  1.5862839431206463e-01, -1.0807579608819218e+00,  2.7433066213374302e-01, -8.3796690524863635e-04,  1.5821536826233207e-02,  1.6207062927539423e-01,  0.0000000000000000e+00, -1.4114428936222551e-04, -2.4573854533798049e-03,  1.9779351556977229e-02,  0.0000000000000000e+00
 6.7132867132867133e+00,  6.3369107437182140e+02, -1.3399852285719588e-01,  2.9865468860201812e+01, -2.3687508859971292e-02,  9.2034385807181332e-02,  5.0251457014177703e-01,  4.2572451404946023e+03,  9.3736349780027496e+01, -1.5000017151050324e+04,  1.0030104864331467e+01,  2.6621053058094595e+00,  3.4706472775603494e+00,  8.7337849702126217e-03,  1.5878632899911377e-01, -1.0791378866837678e+00,  2.7433066213374302e-01, -8.3938875713301670e-04,  1.5796875534248179e-02,  1.6227430128269496e-01,  0.0000000000000000e+00, -1.4351045789073175e-04, -2.4798052020236004e-03,  2.0995784304629037e-02,  0.0000000000000000e+00
 6.7232767232767232e+00,  6.3369103015159112e+02, -1.3365814562801434e-01,  2.9865482558046736e+01, -2.3695143509385223e-02,  9.2036973200664021e-02,  5.0250566735161384e-01,  4.2635742038454218e+03,  9.4067080113877822e+01, -1.5000017818086224e+04,  1.0030105463092584e+01,  2.6621382983740682e+00,  3.4757565091008513e+00,  8.7253923069500142e-03,  1.5894401620086079e-01, -1.0775157171000498e+00,  2.7433066213374302e-01, -8.4082488644516944e-04,  1.5772034695801261e-02,  1.6248703407329154e-01,  0.0000000000000000e+00, -1.4400263040224772e-04, -2.4933306550487503e-03,  2.1593320372807558e-02,  0.0000000000000000e+00
 6.7332667332667331e+00,  6.3369098573888743e+02, -1.3331714884038193e-01,  2.9865496155714425e+01, -2.3702783132531831e-02,  9.2039547897881394e-02,  5.0249676490410333e-01,  4.2699032372164393e+03,  9.4398378172460710e+01, -1.5000018488461223e+04,  1.0030105984331314e+01,  2.6621713244097323e+00,  3.4808656566817167e+00,  8.7169852721817494e-03,  1.5910145456746144e-01, -1.0758913924964892e+00,  2.7433066213374302e-01, -8.4225713583370139e-04,  1.5747094340584869e-02,  1.6270279427488257e-01,  0.0000000000000000e+00, -1.4273369718185668e-04, -2.4997284592736192e-03,  2.1601871985713391e-02,  0.0000000000000000e+00
 6.7432567432567430e+00,  6.3369094113361973e+02, -1.3297553373005630e-01,  2.9865509653174595e+01, -2.3710426946425861e-02,  9.2042109998636198e-02,  5.0248786422916902e-01,  4.2762322405546965e+03,  9.4730243950470509e+01, -1.5000019162179889e+04,  1.0030106428003537e+01,  2.6622043837958986e+00,  3.4859747202902600e+00,  8.7085639925477427e-03,  1.5925864346041294e-01, -1.0742649120196326e+00,  2.7433066213374302e-01, -8.4366995542318373e-04,  1.5722112621881175e-02,  1.6291630460162868e-01,  0.0000000000000000e+00, -1.4011278463251311e-04, -2.5016116252060535e-03,  2.1142895428859540e-02,  0.0000000000000000e+00
 6.7532467532467528e+00,  6.3369089633571082e+02, -1.3263330166126336e-01,  2.9865523050402793e+01, -2.3718074274308765e-02,  9.2044659567780907e-02,  5.0247896660784075e-01,  4.2825612138072374e+03,  9.5062677442582086e+01, -1.5000019839246552e+04,  1.0030106794073376e+01,  2.6622374764103656e+00,  3.4910836999274597e+00,  8.7001287296158518e-03,  1.5941558269177475e-01, -1.0726363214754777e+00,  2.7433066213374302e-01, -8.4505272221904314e-04,  1.5697121306114049e-02,  1.6312375036013058e-01,  0.0000000000000000e+00, -1.3671712790605048e-04, -2.5016497912326236e-03,  2.0387745424671536e-02,  0.0000000000000000e+00
 6.7632367632367636e+00,  6.3369085134507498e+02, -1.3229045407885495e-01,  2.9865536347378317e+01, -2.3725724636729138e-02,  9.2047196630232059e-02,  5.0247007300179136e-01,  4.2888901569211521e+03,  9.5395678643451845e+01, -1.5000020519665683e+04,  1.0030107082511218e+01,  2.6622706021293689e+00,  3.4961925956055215e+00,  8.6916798222736354e-03,  1.5957227225773790e-01, -1.0710056962282213e+00,  2.7433066213374302e-01, -8.4640076734741464e-04,  1.5672128060374352e-02,  1.6332307848144045e-01,  0.0000000000000000e+00, -1.3316150679392347e-04, -2.5019980058542247e-03,  1.9517744461562191e-02,  0.0000000000000000e+00
 6.7732267732267735e+00,  6.3369080616163740e+02, -1.3194699245876804e-01,  2.9865549544081745e+01, -2.3733377794112345e-02,  9.2049721176073254e-02,  5.0246118397424322e-01,  4.2952190698434752e+03,  9.5729247547717549e+01, -1.5000021203441675e+04,  1.0030107293291515e+01,  2.6623037608278839e+00,  3.5013014073442088e+00,  8.6832176253731456e-03,  1.5972871212355047e-01, -1.0693731231042201e+00,  2.7433066213374302e-01, -8.4771520139261176e-04,  1.5647122989041064e-02,  1.6351393909161335e-01,  0.0000000000000000e+00, -1.2998818904699316e-04, -2.5040172752096874e-03,  1.8692549693601120e-02,  0.0000000000000000e+00
 6.7832167832167833e+00,  6.3369076078531600e+02, -1.3160291826484299e-01,  2.9865562640493486e+01, -2.3741033743192200e-02,  9.2052233171179040e-02,  5.0245229969163407e-01,  4.3015479525212695e+03,  9.6063384149998924e+01, -1.5000021890578957e+04,  1.0030107426390032e+01,  2.6623369523800715e+00,  3.5064101351668158e+00,  8.6747424556124445e-03,  1.5988490208768877e-01, -1.0677386844581591e+00,  2.7433066213374302e-01, -8.4900181256621131e-04,  1.5622086582196420e-02,  1.6369736862286657e-01,  0.0000000000000000e+00, -1.2759136790762982e-04, -2.5082713750877198e-03,  1.8030042463292317e-02,  0.0000000000000000e+00
 6.7932067932067932e+00,  6.3369071521603212e+02, -1.3125823291694771e-01,  2.9865575636593714e+01, -2.3748692676706477e-02,  9.2054732568774722e-02,  5.0244341998506492e-01,  4.3078768049015844e+03,  9.6398088444898150e+01, -1.5000022581081908e+04,  1.0030107481781576e+01,  2.6623701766597510e+00,  3.5115187790964888e+00,  8.6662545521949998e-03,  1.6004084172559235e-01, -1.0661024464084585e+00,  2.7433066213374302e-01, -8.5026940635244872e-04,  1.5596996726172367e-02,  1.6387533063151094e-01,  0.0000000000000000e+00, -1.2618090809710127e-04, -2.5147178009278862e-03,  1.7597951667309621e-02,  0.0000000000000000e+00
 6.8031968031968031e+00,  6.3369066945370798e+02, -1.3091293777235921e-01,  2.9865588532362203e+01, -2.3756354919668033e-02,  9.2057219318558731e-02,  5.0243454444704005e-01,  4.3142056269314799e+03,  9.6733360427001188e+01, -1.5000023274954852e+04,  1.0030107459438108e+01,  2.6624034335408777e+00,  3.5166273391533864e+00,  8.6577540558851231e-03,  1.6019653039390599e-01, -1.0644644520779092e+00,  2.7433066213374302e-01, -8.5152796525707309e-04,  1.5571833396506632e-02,  1.6405022186662677e-01,  0.0000000000000000e+00, -1.2578258460870800e-04, -2.5229807981524293e-03,  1.7415273602881792e-02,  0.0000000000000000e+00
 6.8131868131868130e+00,  6.3369062349825936e+02, -1.3056703411999981e-01,  2.9865601327778140e+01, -2.3764020856435024e-02,  9.2059693371861567e-02,  5.0242567254073034e-01,  4.3205344185580052e+03,  9.7069200090875952e+01, -1.5000023972202132e+04,  1.0030107359327758e+01,  2.6624367228978669e+00,  3.5217358153528684e+00,  8.6492410064356179e-03,  1.6035196726798009e-01, -1.0628247196978367e+00,  2.7433066213374302e-01, -8.5278695312070293e-04,  1.5546580736146327e-02,  1.6422442637011003e-01,  0.0000000000000000e+00, -1.2626678568999618e-04, -2.5326018059806583e-03,  1.7460467994464469e-02,  0.0000000000000000e+00
 6.8231768231768228e+00,  6.3369057734961041e+02, -1.3022052318552194e-01,  2.9865614022819749e+01, -2.3771690861326276e-02,  9.2062154683114419e-02,  5.0241680370379249e-01,  4.3268631797282178e+03,  9.7405607431074515e+01, -1.5000024672828111e+04,  1.0030107181414509e+01,  2.6624700446057301e+00,  3.5268442077047144e+00,  8.6407153555230713e-03,  1.6050715138763519e-01, -1.0611832447578271e+00,  2.7433066213374302e-01, -8.5405399597073797e-04,  1.5521227089288745e-02,  1.6439996952946040e-01,  0.0000000000000000e+00, -1.2739519289461113e-04, -2.5431982947689805e-03,  1.7683272508945101e-02,  0.0000000000000000e+00
 6.8331668331668336e+00,  6.3369053100767871e+02, -1.2987340614438347e-01,  2.9865626617463366e+01, -2.3779365242474003e-02,  9.2064603209101495e-02,  5.0240793743463075e-01,  4.3331919103891732e+03,  9.7742582442131152e+01, -1.5000025376837104e+04,  1.0030106925658622e+01,  2.6625033985401090e+00,  3.5319525162133556e+00,  8.6321769905321061e-03,  1.6066208169533852e-01, -1.0595400050219232e+00,  2.7433066213374302e-01, -8.5533406545100076e-04,  1.5495764009919274e-02,  1.6457829500782281e-01,  0.0000000000000000e+00, -1.2887471705398600e-04, -2.5545101949988364e-03,  1.8017488259208587e-02,  0.0000000000000000e+00
 6.8431568431568435e+00,  6.3369048447238595e+02, -1.2952568413975474e-01,  2.9865639111683166e+01, -2.3787044204804816e-02,  9.2067038907843707e-02,  5.0239907335433553e-01,  4.3395206104878889e+03,  9.8080125118564723e+01, -1.5000026084233403e+04,  1.0030106592017535e+01,  2.6625367845770924e+00,  3.5370607408788159e+00,  8.6236257638057680e-03,  1.6081675706215906e-01, -1.0578949671352931e+00,  2.7433066213374302e-01, -8.5662919125061173e-04,  1.5470185253457782e-02,  1.6476016495327100e-01,  0.0000000000000000e+00, -1.3040946802051468e-04, -2.5663568487295134e-03,  1.8392874818050849e-02,  0.0000000000000000e+00
 6.8531468531468533e+00,  6.3369043774365093e+02, -1.2917735830217375e-01,  2.9865651505450241e+01, -2.3794727834206574e-02,  9.2069461738546937e-02,  5.0239021124182914e-01,  4.3458492799714541e+03,  9.8418235454875571e+01, -1.5000026795021275e+04,  1.0030106180447081e+01,  2.6625702025929896e+00,  3.5421688816980339e+00,  8.6150615221754507e-03,  1.6097117630579721e-01, -1.0562480936342455e+00,  2.7433066213374302e-01, -8.5793864846366106e-04,  1.5444486397128579e-02,  1.6494566915632680e-01,  0.0000000000000000e+00, -1.3174386603196343e-04, -2.5785541883772008e-03,  1.8745066633718430e-02,  0.0000000000000000e+00
 6.8631368631368632e+00,  6.3369039082140102e+02, -1.2882842976818981e-01,  2.9865663798733134e+01, -2.3802416101588286e-02,  9.2071871663148883e-02,  5.0238135104280635e-01,  4.3521779187868933e+03,  9.8756913445547866e+01, -1.5000027509204994e+04,  1.0030105690902719e+01,  2.6626036524640151e+00,  3.5472769386665828e+00,  8.6064841324678329e-03,  1.6112533820895483e-01, -1.0545993493699319e+00,  2.7433066213374302e-01, -8.5925951037011598e-04,  1.5418665219267444e-02,  1.6513432076547307e-01,  0.0000000000000000e+00, -1.3269268764030471e-04, -2.5908456194218736e-03,  1.9022985517370767e-02,  0.0000000000000000e+00
 6.8731268731268731e+00,  6.3369034370555914e+02, -1.2847889969570425e-01,  2.9865675991498197e+01, -2.3810108882986767e-02,  9.2074268649037130e-02,  5.0237249285528751e-01,  4.3585065268812677e+03,  9.9096159085047319e+01, -1.5000028226788818e+04,  1.0030105123340665e+01,  2.6626371340660770e+00,  3.5523849117802011e+00,  8.5978934999902338e-03,  1.6127924154494341e-01, -1.0529487066059644e+00,  2.7433066213374302e-01, -8.6058742743356446e-04,  1.5392722512952348e-02,  1.6532521260640345e-01,  0.0000000000000000e+00, -1.3315630846208240e-04, -2.6028841848605303e-03,  1.9193561036890981e-02,  0.0000000000000000e+00
 6.8831168831168830e+00,  6.3369029639605253e+02, -1.2812876927433969e-01,  2.9865688083711156e+01, -2.3817805990273059e-02,  9.2076652671840883e-02,  5.0236363689636987e-01,  4.3648351042016138e+03,  9.9435972367822814e+01, -1.5000028947776953e+04,  1.0030104477718856e+01,  2.6626706472745498e+00,  3.5574928010361826e+00,  8.5892895784731565e-03,  1.6143288511231052e-01, -1.0512961483188550e+00,  2.7433066213374302e-01, -8.6191748677704101e-04,  1.5366662768414143e-02,  1.6551720707307435e-01,  0.0000000000000000e+00, -1.3312157210193274e-04, -2.6142766716882719e-03,  1.9243731190619100e-02,  0.0000000000000000e+00
 6.8931068931068928e+00,  6.3369024889281252e+02, -1.2777803972991950e-01,  2.9865700075338882e+01, -2.3825507206375850e-02,  9.2079023717047140e-02,  5.0235478345621620e-01,  4.3711636506949872e+03,  9.9776353288305032e+01, -1.5000029672173632e+04,  1.0030103753997382e+01,  2.6627041919642469e+00,  3.5626006064343279e+00,  8.5806723713833001e-03,  1.6158626777408255e-01, -1.0496416695016073e+00,  2.7433066213374302e-01, -8.6324501892856955e-04,  1.5340494189392616e-02,  1.6570913282815539e-01,  0.0000000000000000e+00, -1.3265036463407863e-04, -2.6246728484214722e-03,  1.9179804976607210e-02,  0.0000000000000000e+00
 6.9030969030969027e+00,  6.3369020119576794e+02, -1.2742671232297240e-01,  2.9865711966350244e+01, -2.3833212319196866e-02,  9.2081381779530624e-02,  5.0234593284643436e-01,  4.3774921663084242e+03,  1.0011730184090710e+02, -1.5000030399983110e+04,  1.0030102952138646e+01,  2.6627377680093547e+00,  3.5677083279774089e+00,  8.5720419257473111e-03,  1.6173938849271796e-01, -1.0479852765340767e+00,  2.7433066213374302e-01, -8.6456624537312871e-04,  1.5314227763794493e-02,  1.6589996308886956e-01,  0.0000000000000000e+00, -1.3185916957435186e-04, -2.6338655561862646e-03,  1.9024413219844643e-02,  0.0000000000000000e+00
 6.9130869130869135e+00,  6.3369015330485627e+02, -1.2707478834203045e-01,  2.9865723756717834e+01, -2.3840921149391670e-02,  9.2083726860796564e-02,  5.0233708535046895e-01,  4.3838206509889760e+03,  1.0045881802002366e+02, -1.5000031131209502e+04,  1.0030102072107162e+01,  2.6627713752835915e+00,  3.5728159656712366e+00,  8.5633983205266936e-03,  1.6189224635078175e-01, -1.0463269849244070e+00,  2.7433066213374302e-01, -8.6587869675853340e-04,  1.5287875470327976e-02,  1.6608895363385223e-01,  0.0000000000000000e+00, -1.3089359778366440e-04, -2.6418635958103073e-03,  1.8811493885683424e-02,  0.0000000000000000e+00
 6.9230769230769234e+00,  6.3369010522000826e+02, -1.2672226909322246e-01,  2.9865735446417489e+01, -2.3848633568725103e-02,  9.2086058964478898e-02,  5.0232824118317698e-01,  4.3901491046836909e+03,  1.0080090182003305e+02, -1.5000031865857014e+04,  1.0030101113869135e+01,  2.6628050136603063e+00,  3.5779235195240426e+00,  8.5547416520858014e-03,  1.6204484055006718e-01, -1.0446668159220116e+00,  2.7433066213374302e-01, -8.6718137243728887e-04,  1.5261448030297177e-02,  1.6627572444272160e-01,  0.0000000000000000e+00, -1.2990207309546487e-04, -2.6489098984914007e-03,  1.8580022048486425e-02,  0.0000000000000000e+00
 6.9330669330669332e+00,  6.3369005694116368e+02, -1.2636915588816602e-01,  2.9865747035428296e+01, -2.3856349507534905e-02,  9.2088378091215312e-02,  5.0231940046518753e-01,  4.3964775273395999e+03,  1.0114355323529402e+02, -1.5000032603929805e+04,  1.0030100077391818e+01,  2.6628386830126201e+00,  3.5830309895458008e+00,  8.5460720193790956e-03,  1.6219717038735113e-01, -1.0430047926278492e+00,  2.7433066213374302e-01, -8.6847465241027375e-04,  1.5234952793657370e-02,  1.6646027710061309e-01,  0.0000000000000000e+00, -1.2901257749610889e-04, -2.6554364767979542e-03,  1.8367420061390780e-02,  0.0000000000000000e+00
 6.9430569430569431e+00,  6.3369000846825554e+02, -1.2601545003230685e-01,  2.9865758523731436e+01, -2.3864068951671501e-02,  9.2090684234210365e-02,  5.0231056321513579e-01,  4.4028059189037467e+03,  1.0148677226014932e+02, -1.5000033345431963e+04,  1.0030098962642887e+01,  2.6628723832135837e+00,  3.5881383757471510e+00,  8.5373895111785034e-03,  1.6234923521127911e-01, -1.0413409362596617e+00,  2.7433066213374302e-01, -8.6976000775143016e-04,  1.5208392330253458e-02,  1.6664294993245946e-01,  0.0000000000000000e+00, -1.2831556180341119e-04, -2.6619682966652616e-03,  1.8203680874252226e-02,  0.0000000000000000e+00
 6.9530469530469530e+00,  6.3368995980122543e+02, -1.2566115281564449e-01,  2.9865769911308679e+01, -2.3871791930874534e-02,  9.2092977376591528e-02,  5.0230172935971551e-01,  4.4091342793231934e+03,  1.0183055888892383e+02, -1.5000034090367673e+04,  1.0030097769589970e+01,  2.6629061141362382e+00,  3.5932456781384365e+00,  8.5286941970463999e-03,  1.6250103436997357e-01, -1.0396752631586692e+00,  2.7433066213374302e-01, -8.7103958075068408e-04,  1.5181764099219232e-02,  1.6682432269605549e-01,  0.0000000000000000e+00, -1.2785495264722516e-04, -2.6690035563868768e-03,  1.8107146397674370e-02,  0.0000000000000000e+00
 6.9630369630369628e+00,  6.3368991094000853e+02, -1.2530626550720880e-01,  2.9865781198141185e+01, -2.3879518501661732e-02,  9.2095257491150315e-02,  5.0229289875841465e-01,  4.4154626085449527e+03,  1.0217491311592508e+02, -1.5000034838740996e+04,  1.0030096498200141e+01,  2.6629398756536755e+00,  3.5983528967289176e+00,  8.5199861229517167e-03,  1.6265256716131346e-01, -1.0380077829590413e+00,  2.7433066213374302e-01, -8.7231571827626629e-04,  1.5155061266680384e-02,  1.6700509059879462e-01,  0.0000000000000000e+00, -1.2762777997433919e-04, -2.6769035178906679e-03,  1.8082587730698433e-02,  0.0000000000000000e+00
 6.9730269730269727e+00,  6.3368986188454323e+02, -1.2495078935388131e-01,  2.9865792384208465e+01, -2.3887248728316449e-02,  9.2097524542402609e-02,  5.0228407123735030e-01,  4.4217909065160929e+03,  1.0251983493544319e+02, -1.5000035590556061e+04,  1.0030095148439733e+01,  2.6629736676390401e+00,  3.6034600315262120e+00,  8.5112653115663548e-03,  1.6280383279688027e-01, -1.0363384981117403e+00,  2.7433066213374302e-01, -8.7359053995888613e-04,  1.5128274434208328e-02,  1.6718593169930918e-01,  0.0000000000000000e+00, -1.2759152088614165e-04, -2.6858203430150766e-03,  1.8121800592315416e-02,  0.0000000000000000e+00
 6.9830169830169826e+00,  6.3368981263477110e+02, -1.2459472558330890e-01,  2.9865803469487616e+01, -2.3894982665429380e-02,  9.2099778490321985e-02,  5.0227524662532630e-01,  4.4281191731836388e+03,  1.0286532434175140e+02, -1.5000036345816929e+04,  1.0030093720274451e+01,  2.6630074899654761e+00,  3.6085670825361813e+00,  8.5025317665089820e-03,  1.6295483038677216e-01, -1.0346674047033109e+00,  2.7433066213374302e-01, -8.7486560785309366e-04,  1.5101393817386932e-02,  1.6736739143718243e-01,  0.0000000000000000e+00, -1.2767707154199203e-04, -2.6956791444936782e-03,  1.8206438931401354e-02,  0.0000000000000000e+00
 6.9930069930069934e+00,  6.3368976319063052e+02, -1.2423807540994189e-01,  2.9865814453953817e+01, -2.3902720344749637e-02,  9.2102019294739865e-02,  5.0226642478542383e-01,  4.4344474084946305e+03,  1.0321138132910568e+02, -1.5000037104527637e+04,  1.0030092213669443e+01,  2.6630413425060944e+00,  3.6136740497630662e+00,  8.4937854792416171e-03,  1.6310555894707782e-01, -1.0329944942868214e+00,  2.7433066213374302e-01, -8.7614173963221473e-04,  1.5074411332660111e-02,  1.6754980318640950e-01,  0.0000000000000000e+00, -1.2780451063803348e-04, -2.7062142978159245e-03,  1.8312393263856423e-02,  0.0000000000000000e+00
 7.0029970029970032e+00,  6.3368971355206179e+02, -1.2388084004274354e-01,  2.9865825337580706e+01, -2.3910461768010278e-02,  9.2104246919335844e-02,  5.0225760563681621e-01,  4.4407756123961199e+03,  1.0355800589174453e+02, -1.5000037866692235e+04,  1.0030090628589550e+01,  2.6630752251338792e+00,  3.6187809332099872e+00,  8.4850264370458003e-03,  1.6325601742638576e-01, -1.0313197562879979e+00,  2.7433066213374302e-01, -8.7741897796901505e-04,  1.5047322119721642e-02,  1.6773325550398033e-01,  0.0000000000000000e+00, -1.2789860438159337e-04, -2.7170461325991368e-03,  1.8414760712327383e-02,  0.0000000000000000e+00
 7.0129870129870131e+00,  6.3368966371901229e+02, -1.2352302069297984e-01,  2.9865836120341168e+01, -2.3918206906139609e-02,  9.2106461334362399e-02,  5.0224878916390137e-01,  4.4471037848351270e+03,  1.0390519802388951e+02, -1.5000038632314738e+04,  1.0030088964999829e+01,  2.6631091377216558e+00,  3.6238877328795267e+00,  8.4762546305309477e-03,  1.6340620474367565e-01, -1.0296431804905382e+00,  2.7433066213374302e-01, -8.7869670020736127e-04,  1.5020125209323679e-02,  1.6791760700819797e-01,  0.0000000000000000e+00, -1.2790138773531673e-04, -2.7277753290734074e-03,  1.8492410432044828e-02,  0.0000000000000000e+00
 7.0229770229770230e+00,  6.3368961369142346e+02, -1.2316461858066469e-01,  2.9865846802208040e+01, -2.3925955704091374e-02,  9.2108662517648140e-02,  5.0223997541259968e-01,  4.4534319257586985e+03,  1.0425295771974447e+02, -1.5000039401399183e+04,  1.0030087222865681e+01,  2.6631430801420160e+00,  3.6289944487744061e+00,  8.4674700594192798e-03,  1.6355611982817045e-01, -1.0279647591449770e+00,  2.7433066213374302e-01, -8.7997382983454628e-04,  1.4992823282033241e-02,  1.6810254072364522e-01,  0.0000000000000000e+00, -1.2777996362712418e-04, -2.7380705144721090e-03,  1.8531319400500977e-02,  0.0000000000000000e+00
 7.0329670329670328e+00,  6.3368956346924119e+02, -1.2280563493867407e-01,  2.9865857383155529e+01, -2.3933708089635301e-02,  9.2110850453887144e-02,  5.0223116447605276e-01,  4.4597600351138744e+03,  1.0460128497349555e+02, -1.5000040173949554e+04,  1.0030085402153228e+01,  2.6631770522673168e+00,  3.6341010808980032e+00,  8.4586727358289589e-03,  1.6370576165240758e-01, -1.0262844883681876e+00,  2.7433066213374302e-01, -8.8124909813317310e-04,  1.4965421684402350e-02,  1.6828764311216293e-01,  0.0000000000000000e+00, -1.2752874975796292e-04, -2.7477293312324199e-03,  1.8526178780743315e-02,  0.0000000000000000e+00
 7.0429570429570427e+00,  6.3368951305241399e+02, -1.2244607101410389e-01,  2.9865867863159075e+01, -2.3941463983967085e-02,  9.2113025132610535e-02,  5.0222235647382074e-01,  4.4660881128476940e+03,  1.0495017977931214e+02, -1.5000040949969833e+04,  1.0030083502829353e+01,  2.6632110539696727e+00,  3.6392076292547784e+00,  8.4498626848312046e-03,  1.6385512925243423e-01, -1.0246023686732055e+00,  2.7433066213374302e-01, -8.8252130219761040e-04,  1.4937927018281156e-02,  1.6847249001849188e-01,  0.0000000000000000e+00, -1.2716650394239078e-04, -2.7567028262305577e-03,  1.8480171866313417e-02,  0.0000000000000000e+00
 7.0529470529470526e+00,  6.3368946244089352e+02, -1.2208592806702616e-01,  2.9865878242195855e+01, -2.3949223311971673e-02,  9.2115186545479011e-02,  5.0221355152929448e-01,  4.4724161589071837e+03,  1.0529964213134481e+02, -1.5000041729463977e+04,  1.0030081524861806e+01,  2.6632450851209297e+00,  3.6443140938503844e+00,  8.4410399425782576e-03,  1.6400422173269291e-01, -1.0229184046515345e+00,  2.7433066213374302e-01, -8.8378951345089276e-04,  1.4910345671169362e-02,  1.6865672263971712e-01,  0.0000000000000000e+00, -1.2672938897260999e-04, -2.7650828654178783e-03,  1.8403198904480014e-02,  0.0000000000000000e+00
 7.0629370629370634e+00,  6.3368941163462671e+02, -1.2172520736726149e-01,  2.9865888520244724e+01, -2.3956986010341786e-02,  9.2117334683584740e-02,  5.0220474974981388e-01,  4.4787441732393900e+03,  1.0564967202372794e+02, -1.5000042512435888e+04,  1.0030079468219109e+01,  2.6632791455927141e+00,  3.6494204746916106e+00,  8.4322045526943230e-03,  1.6415303825685321e-01, -1.0212326039850992e+00,  2.7433066213374302e-01, -8.8505320614625763e-04,  1.4882682613179789e-02,  1.6884010074414654e-01,  0.0000000000000000e+00, -1.2626188863941204e-04, -2.7730613440945218e-03,  1.8309097602287733e-02,  0.0000000000000000e+00
 7.0729270729270732e+00,  6.3368936063356841e+02, -1.2136391019006648e-01,  2.9865898697285392e+01, -2.3964752032403551e-02,  9.2119469535327833e-02,  5.0219595121276417e-01,  4.4850721557913466e+03,  1.0600026945057782e+02, -1.5000043298889537e+04,  1.0030077332870315e+01,  2.6633132352564499e+00,  3.6545267717861885e+00,  8.4233565618360741e-03,  1.6430157802866055e-01, -1.0195449760652378e+00,  2.7433066213374302e-01, -8.8631229422145047e-04,  1.4854940673984981e-02,  1.6902252646450705e-01,  0.0000000000000000e+00, -1.2580754400631119e-04, -2.7808748828382925e-03,  1.8212531612381417e-02,  0.0000000000000000e+00
 7.0829170829170831e+00,  6.3368930943767089e+02, -1.2100203781170188e-01,  2.9865908773298422e+01, -2.3972521349267507e-02,  9.2121591085213742e-02,  5.0218715595936769e-01,  4.4914001065100865e+03,  1.0635143440599306e+02, -1.5000044088828803e+04,  1.0030075118784916e+01,  2.6633473539834012e+00,  3.6596329851423977e+00,  8.4144960153472413e-03,  1.6444984026832143e-01, -1.0178555305292649e+00,  2.7433066213374302e-01, -8.8756708334556355e-04,  1.4827120371394062e-02,  1.6920403855488547e-01,  0.0000000000000000e+00, -1.2540123864114024e-04, -2.7887496958636654e-03,  1.8126188881377240e-02,  0.0000000000000000e+00
 7.0929070929070930e+00,  6.3368925804688615e+02, -1.2063959150571496e-01,  2.9865918748264711e+01, -2.3980293947645587e-02,  9.2123699313650012e-02,  5.0217836399610005e-01,  4.4977280253426452e+03,  1.0670316688405508e+02, -1.5000044882257596e+04,  1.0030072825932606e+01,  2.6633815016446558e+00,  3.6647391147687594e+00,  8.4056229537772219e-03,  1.6459782418992716e-01, -1.0161642759942111e+00,  2.7433066213374302e-01, -8.8881815947777342e-04,  1.4799220231057442e-02,  1.6938478263770784e-01,  0.0000000000000000e+00, -1.2506420302727845e-04, -2.7968583995278385e-03,  1.8058776499662182e-02,  0.0000000000000000e+00
 7.1028971028971029e+00,  6.3368920646117135e+02, -1.2027657254050717e-01,  2.9865928622164976e+01, -2.3988069825229334e-02,  9.2125794197601349e-02,  5.0216957530227768e-01,  4.5040559122360628e+03,  1.0705546687882830e+02, -1.5000045679179839e+04,  1.0030070454283143e+01,  2.6634156781112073e+00,  3.6698451606736469e+00,  8.3967374107622710e-03,  1.6474552898422667e-01, -1.0144712191878522e+00,  2.7433066213374302e-01, -8.9006624368017685e-04,  1.4771237443999764e-02,  1.6956496666897436e-01,  0.0000000000000000e+00, -1.2480225429387684e-04, -2.8052955694193014e-03,  1.8014066559895372e-02,  0.0000000000000000e+00
 7.1128871128871127e+00,  6.3368915468048101e+02, -1.1991298217842318e-01,  2.9865938394979494e+01, -2.3995848984827230e-02,  9.2127875711805557e-02,  5.0216078984143686e-01,  4.5103837671373649e+03,  1.0740833438435929e+02, -1.5000046479599347e+04,  1.0030068003806234e+01,  2.6634498832539069e+00,  3.6749511228651524e+00,  8.3878394124449508e-03,  1.6489295380918789e-01, -1.0127763645722536e+00,  2.7433066213374302e-01, -8.9131204459615544e-04,  1.4743168666313750e-02,  1.6974481218753351e-01,  0.0000000000000000e+00, -1.2460708908505584e-04, -2.8140737233207009e-03,  1.7991006255649894e-02,  0.0000000000000000e+00
 7.1228771228771226e+00,  6.3368910270477477e+02, -1.1954882167628221e-01,  2.9865948066687924e+01, -2.4003631428500014e-02,  9.2129943830205438e-02,  5.0215200757374567e-01,  4.5167115899935852e+03,  1.0776176939467769e+02, -1.5000047283519951e+04,  1.0030065474471563e+01,  2.6634841169434940e+00,  3.6800570013509364e+00,  8.3789289783028076e-03,  1.6504009778874842e-01, -1.0110797144488406e+00,  2.7433066213374302e-01, -8.9255613551972822e-04,  1.4715010775621123e-02,  1.6992451100867037e-01,  0.0000000000000000e+00, -1.2445991381421158e-04, -2.8231359933431725e-03,  1.7984697735948976e-02,  0.0000000000000000e+00
 7.1328671328671325e+00,  6.3368905053400920e+02, -1.1918409228701499e-01,  2.9865957637269929e+01, -2.4011417152735640e-02,  9.2131998527277562e-02,  5.0214322846705350e-01,  4.5230393807517739e+03,  1.0811577190379535e+02, -1.5000048090945491e+04,  1.0030062866248802e+01,  2.6635183790505974e+00,  3.6851627961382705e+00,  8.3700061230239774e-03,  1.6518696001849101e-01, -1.0093812694472053e+00,  2.7433066213374302e-01, -8.9379887433801584e-04,  1.4686761445415926e-02,  1.7010419441923047e-01,  0.0000000000000000e+00, -1.2433639761491802e-04, -2.8323799136066733e-03,  1.7987921059694750e-02,  0.0000000000000000e+00
 7.1428571428571432e+00,  6.3368899816814383e+02, -1.1881879526192995e-01,  2.9865967106704744e+01, -2.4019206145356940e-02,  9.2134039779024721e-02,  5.0213445250474575e-01,  4.5293671393589457e+03,  1.0847034190570740e+02, -1.5000048901879809e+04,  1.0030060179107588e+01,  2.6635526694457123e+00,  3.6902685072341286e+00,  8.3610708589354141e-03,  1.6533353957586963e-01, -1.0076810292456591e+00,  2.7433066213374302e-01, -8.9504037396698373e-04,  1.4658419462719507e-02,  1.7028391843920412e-01,  0.0000000000000000e+00, -1.2421182810443688e-04, -2.8416850222159310e-03,  1.7992827739031717e-02,  0.0000000000000000e+00
 7.1528471528471531e+00,  6.3368894560714193e+02, -1.1845293185309509e-01,  2.9865976474971689e+01, -2.4026998384432594e-02,  9.2136067563519330e-02,  5.0212567968953370e-01,  4.5356948657621460e+03,  1.0882547939439144e+02, -1.5000049716326666e+04,  1.0030057413017836e+01,  2.6635869879991740e+00,  3.6953741346454096e+00,  8.3521231984691920e-03,  1.6547983553223167e-01, -1.0059789933545138e+00,  2.7433066213374302e-01, -8.9628052053005054e-04,  1.4629984780196018e-02,  1.7046366515018760e-01,  0.0000000000000000e+00, -1.2406551381356345e-04, -2.8509384191172100e-03,  1.7992463798338899e-02,  0.0000000000000000e+00
 7.1628371628371630e+00,  6.3368889285096270e+02, -1.1808650331538929e-01,  2.9865985742050352e+01, -2.4034793839061108e-02,  9.2138081860985779e-02,  5.0211691004316872e-01,  4.5420225599083988e+03,  1.0918118436380766e+02, -1.5000050534289861e+04,  1.0030054567949616e+01,  2.6636213345811761e+00,  3.7004796783791094e+00,  8.3431631562275212e-03,  1.6562584696408533e-01, -1.0042751618100909e+00,  2.7433066213374302e-01, -8.9751902843741328e-04,  1.4601458346197600e-02,  1.7064335715027215e-01,  0.0000000000000000e+00, -1.2388376924045807e-04, -2.8600536673660686e-03,  1.7981874618589359e-02,  0.0000000000000000e+00
 7.1728271728271729e+00,  6.3368883989957158e+02, -1.1771951090791116e-01,  2.9865994907920598e+01, -2.4042592471586334e-02,  9.2140082653498809e-02,  5.0210814360282852e-01,  4.5483502217447449e+03,  1.0953745680789879e+02, -1.5000051355773152e+04,  1.0030051643873431e+01,  2.6636557090617230e+00,  3.7055851384424785e+00,  8.3341907503485645e-03,  1.6577157296172612e-01, -1.0025695356691937e+00,  2.7433066213374302e-01, -8.9875551664767017e-04,  1.4572841787320870e-02,  1.7082288031319792e-01,  0.0000000000000000e+00, -1.2366117045299426e-04, -2.8689814197554843e-03,  1.7958662599151937e-02,  0.0000000000000000e+00
 7.1828171828171827e+00,  6.3368878675293286e+02, -1.1735195589460401e-01,  2.9866003972563071e+01, -2.4050394240622022e-02,  9.2142069924427444e-02,  5.0209938041537039e-01,  4.5546778512182163e+03,  1.0989429672059038e+02, -1.5000052180780292e+04,  1.0030048640760121e+01,  2.6636901113106544e+00,  3.7106905148431930e+00,  8.3252060030477477e-03,  1.6591701263416167e-01, -1.0008621172483887e+00,  2.7433066213374302e-01, -8.9998958920407227e-04,  1.4544137029085425e-02,  1.7100210935381144e-01,  0.0000000000000000e+00, -1.2340015533870719e-04, -2.8777111789802814e-03,  1.7922991331676928e-02,  0.0000000000000000e+00
 7.1928071928071926e+00,  6.3368873341101391e+02, -1.1698383954411712e-01,  2.9866012935958995e+01, -2.4058199104222057e-02,  9.2144043657769209e-02,  5.0209062053086306e-01,  4.5610054482758324e+03,  1.1025170409579071e+02, -1.5000053009314975e+04,  1.0030045558581104e+01,  2.6637245411976256e+00,  3.7157958075893736e+00,  8.3162089403744574e-03,  1.6606216511015939e-01, -9.9915291010767904e-01,  2.7433066213374302e-01, -9.0122090518352687e-04,  1.4515345933599585e-02,  1.7118093114755106e-01,  0.0000000000000000e+00, -1.2310930374810064e-04, -2.8862661372850811e-03,  1.7877131776105993e-02,  0.0000000000000000e+00
 7.2027972027972025e+00,  6.3368867987378189e+02, -1.1661516312905684e-01,  2.9866021798089943e+01, -2.4066007022618890e-02,  9.2146003837506985e-02,  5.0208186399664856e-01,  4.5673330128646394e+03,  1.1060967892739039e+02, -1.5000053841380948e+04,  1.0030042397308033e+01,  2.6637589985920984e+00,  3.7209010166896315e+00,  8.3071995913557694e-03,  1.6620702953593189e-01, -9.9744191882386224e-01,  2.7433066213374302e-01, -9.0244922751512322e-04,  1.4486470013544873e-02,  1.7135926202803772e-01,  0.0000000000000000e+00, -1.2280082703748494e-04, -2.8946930576683981e-03,  1.7824710498435530e-02,  0.0000000000000000e+00
 7.2127872127872124e+00,  6.3368862614120565e+02, -1.1624592792486366e-01,  2.9866030558938306e+01, -2.4073817960123724e-02,  9.2147950447098961e-02,  5.0207311085290052e-01,  4.5736605449316658e+03,  1.1096822120926269e+02, -1.5000054676981932e+04,  1.0030039156913059e+01,  2.6637934833633814e+00,  3.7260061421529711e+00,  8.2981779867777519e-03,  1.6635160507046998e-01, -9.9572914862859740e-01,  2.7433066213374302e-01, -9.0367444563479418e-04,  1.4457510257664112e-02,  1.7153705700310395e-01,  0.0000000000000000e+00, -1.2248784052867323e-04, -2.9030500695309928e-03,  1.7769843511352381e-02,  0.0000000000000000e+00
 7.2227772227772231e+00,  6.3368857221325482e+02, -1.1587613520857570e-01,  2.9866039218486659e+01, -2.4081631885998944e-02,  9.2149883469159213e-02,  5.0206436113022723e-01,  4.5799880444239407e+03,  1.1132733093526427e+02, -1.5000055516121565e+04,  1.0030035837368690e+01,  2.6638279953805979e+00,  3.7311111839887432e+00,  8.2891441578765521e-03,  1.6649589087974137e-01, -9.9401460499762628e-01,  2.7433066213374302e-01, -9.0489657238668035e-04,  1.4428467077546416e-02,  1.7171431062039189e-01,  0.0000000000000000e+00, -1.2218193519894244e-04, -2.9113945900317577e-03,  1.7716330669685806e-02,  0.0000000000000000e+00
 7.2327672327672330e+00,  6.3368851808990155e+02, -1.1550578625771787e-01,  2.9866047776718080e+01, -2.4089448774325600e-02,  9.2151802885355863e-02,  5.0205561484937944e-01,  4.5863155112884970e+03,  1.1168700809923328e+02, -1.5000056358803504e+04,  1.0030032438647662e+01,  2.6638625345127513e+00,  3.7362161422065299e+00,  8.2800981351816138e-03,  1.6663988613096042e-01, -9.9229829327154651e-01,  2.7433066213374302e-01, -9.0611572005416308e-04,  1.4399340363968557e-02,  1.7189105073903113e-01,  0.0000000000000000e+00, -1.2189142782303480e-04, -2.9197734683836627e-03,  1.7667041080366829e-02,  0.0000000000000000e+00
 7.2427572427572429e+00,  6.3368846377111890e+02, -1.1513488234948960e-01,  2.9866056233615588e+01, -2.4097268603061116e-02,  9.2153708676505325e-02,  5.0204687202276121e-01,  4.5926429454723693e+03,  1.1204725269499137e+02, -1.5000057205031433e+04,  1.0030028960723007e+01,  2.6638971006286685e+00,  3.7413210168160531e+00,  8.2710399476856600e-03,  1.6678358998791257e-01, -9.9058021836947385e-01,  2.7433066213374302e-01, -9.0733206325644019e-04,  1.4370129624496105e-02,  1.7206732750074566e-01,  0.0000000000000000e+00, -1.2162048127284202e-04, -2.9282165740012983e-03,  1.7623566614876896e-02,  0.0000000000000000e+00
 7.2527472527472527e+00,  6.3368840925688107e+02, -1.1476342476034648e-01,  2.9866064589162562e+01, -2.4105091352593089e-02,  9.2155600822815500e-02,  5.0203813265718600e-01,  4.5989703469225906e+03,  1.1240806471634288e+02, -1.5000058054808937e+04,  1.0030025403567945e+01,  2.6639316935970343e+00,  3.7464258078271087e+00,  8.2619696224292376e-03,  1.6692700160797333e-01, -9.8886038463017301e-01,  2.7433066213374302e-01, -9.0854579743817351e-04,  1.4340834165404926e-02,  1.7224320025778986e-01,  0.0000000000000000e+00, -1.2136910191016742e-04, -2.9367343360528690e-03,  1.7586159345372502e-02,  0.0000000000000000e+00
 7.2627372627372626e+00,  6.3368835454716270e+02, -1.1439141476598222e-01,  2.9866072843342451e+01, -2.4112917004129559e-02,  9.2157479304214793e-02,  5.0202939675715630e-01,  4.6052977155861799e+03,  1.1276944415707476e+02, -1.5000058908139687e+04,  1.0030021767155828e+01,  2.6639663132863967e+00,  3.7515305152495166e+00,  8.2528871845000823e-03,  1.6707012014106751e-01, -9.8713879578690067e-01,  2.7433066213374302e-01, -9.0975710100420714e-04,  1.4311453279524501e-02,  1.7241872511061615e-01,  0.0000000000000000e+00, -1.2113387200976540e-04, -2.9453190172082037e-03,  1.7553916190455317e-02,  0.0000000000000000e+00
 7.2727272727272725e+00,  6.3368829964193833e+02, -1.1401885364164381e-01,  2.9866080996138635e+01, -2.4120745538239889e-02,  9.2159344100690210e-02,  5.0202066432801395e-01,  4.6116250514101775e+03,  1.1313139101095699e+02, -1.5000059765027208e+04,  1.0030018051460290e+01,  2.6640009595651795e+00,  3.7566351390931256e+00,  8.2437926573742087e-03,  1.6721294473044135e-01, -9.8541545505753336e-01,  2.7433066213374302e-01, -9.1096610712213119e-04,  1.4281986406595623e-02,  1.7259394515807819e-01,  0.0000000000000000e+00, -1.2090915279863872e-04, -2.9539489431533103e-03,  1.7525137311444398e-02,  0.0000000000000000e+00
 7.2827172827172824e+00,  6.3368824454118749e+02, -1.1364574266267102e-01,  2.9866089047534764e+01, -2.4128576933777936e-02,  9.2161195192581938e-02,  5.0201193537841426e-01,  4.6179523543416162e+03,  1.1349390527174168e+02, -1.5000060625475131e+04,  1.0030014256455040e+01,  2.6640356323016459e+00,  3.7617396793678233e+00,  8.2346860634786613e-03,  1.6735547451482566e-01, -9.8369036531421183e-01,  2.7433066213374302e-01, -9.1217288851407996e-04,  1.4252433241956760e-02,  1.7276888473379326e-01,  0.0000000000000000e+00, -1.2068848187762288e-04, -2.9625946174198629e-03,  1.7497765748248097e-02,  0.0000000000000000e+00
 7.2927072927072931e+00,  6.3368818924489062e+02, -1.1327208310512142e-01,  2.9866096997514713e+01, -2.4136411167312802e-02,  9.2163032560781705e-02,  5.0200320992179004e-01,  4.6242796243275307e+03,  1.1385698693316402e+02, -1.5000061489487036e+04,  1.0030010382114098e+01,  2.6640703313639249e+00,  3.7668441360835878e+00,  8.2255674248364642e-03,  1.6749770863137955e-01, -9.8196352928862629e-01,  2.7433066213374302e-01, -9.1337745569117657e-04,  1.4222793782894752e-02,  1.7294354798492786e-01,  0.0000000000000000e+00, -1.2046586697709463e-04, -2.9712250867941466e-03,  1.7469817128900798e-02,  0.0000000000000000e+00
 7.3026973026973030e+00,  6.3368813375302568e+02, -1.1289787624635460e-01,  2.9866104846062413e+01, -2.4144248213081563e-02,  9.2164856186819258e-02,  5.0199448797672241e-01,  4.6306068613149455e+03,  1.1422063598894219e+02, -1.5000062357066394e+04,  1.0030006428411756e+01,  2.6641050566199889e+00,  3.7719485092505396e+00,  8.2164367636646512e-03,  1.6763964621877961e-01, -9.8023494977005732e-01,  2.7433066213374302e-01, -9.1457976662679135e-04,  1.4193068314509633e-02,  1.7311792132454404e-01,  0.0000000000000000e+00, -1.2023678232485987e-04, -2.9798136840327814e-03,  1.7439725460716180e-02,  0.0000000000000000e+00
 7.3126873126873129e+00,  6.3368807806557447e+02, -1.1252312336547644e-01,  2.9866112593162271e+01, -2.4152088043383053e-02,  9.2166666052838589e-02,  5.0198576956632079e-01,  4.6369340652508927e+03,  1.1458485243277694e+02, -1.5000063228216819e+04,  1.0030002395322439e+01,  2.6641398079376692e+00,  3.7770527988789695e+00,  8.2072941028259391e-03,  1.6778128641988124e-01, -9.7850462976166241e-01,  2.7433066213374302e-01, -9.1577974420221670e-04,  1.4163257347016017e-02,  1.7329197867927032e-01,  0.0000000000000000e+00, -1.1999872827530588e-04, -2.9883420081894254e-03,  1.7406556955485049e-02,  0.0000000000000000e+00
 7.3226773226773227e+00,  6.3368802218252188e+02, -1.1214782574358424e-01,  2.9866120238798953e+01, -2.4159930629264866e-02,  9.2168462141488036e-02,  5.0197705471687715e-01,  4.6432612360823978e+03,  1.1494963625835148e+02, -1.5000064102941787e+04,  1.0029998282821005e+01,  2.6641745851846381e+00,  3.7821570049794078e+00,  8.1981394660781935e-03,  1.6792262838355515e-01, -9.7677257257366834e-01,  2.7433066213374302e-01, -9.1697729696032365e-04,  1.4133361524209883e-02,  1.7346568813798591e-01,  0.0000000000000000e+00, -1.1975133389770340e-04, -2.9968017175986531e-03,  1.7370076679375249e-02,  0.0000000000000000e+00
 7.3326673326673326e+00,  6.3368796610384993e+02, -1.1177198466379662e-01,  2.9866127782957527e+01, -2.4167775941332233e-02,  9.2170244435756638e-02,  5.0196834345616415e-01,  4.6495883737564964e+03,  1.1531498745933256e+02, -1.5000064981244757e+04,  1.0029994090882536e+01,  2.6642093882284139e+00,  3.7872611275626316e+00,  8.1889728781114474e-03,  1.6806367126551980e-01, -9.7503878184681758e-01,  2.7433066213374302e-01, -9.1817233890510361e-04,  1.4103381523948947e-02,  1.7363901859000563e-01,  0.0000000000000000e+00, -1.1949606344723208e-04, -3.0051943346408737e-03,  1.7330679814974808e-02,  0.0000000000000000e+00
 7.3426573426573425e+00,  6.3368790982954476e+02, -1.1139560141109839e-01,  2.9866135225623484e+01, -2.4175623950510344e-02,  9.2172012918796425e-02,  5.0195963581172742e-01,  4.6559154782202340e+03,  1.1568090602936908e+02, -1.5000065863129283e+04,  1.0029989819482454e+01,  2.6642442169363738e+00,  3.7923651666396720e+00,  8.1797943644017681e-03,  1.6820441422818949e-01, -9.7330326151292901e-01,  2.7433066213374302e-01, -9.1936480495992021e-04,  1.4073317970016225e-02,  1.7381194517706633e-01,  0.0000000000000000e+00, -1.1923564072706629e-04, -3.0135291626901171e-03,  1.7289222914575016e-02,  0.0000000000000000e+00
 7.3526473526473524e+00,  6.3368785335959535e+02, -1.1101867727204991e-01,  2.9866142566782621e+01, -2.4183474628631321e-02,  9.2173767573764692e-02,  5.0195093180946382e-01,  4.6622425494206236e+03,  1.1604739196209296e+02, -1.5000066748598787e+04,  1.0029985468596371e+01,  2.6642790711757343e+00,  3.7974691222218122e+00,  8.1706039509394212e-03,  1.6834485643974589e-01, -9.7156601570941370e-01,  2.7433066213374302e-01, -9.2055466002253161e-04,  1.4043171368840722e-02,  1.7398445278908661e-01,  0.0000000000000000e+00, -1.1897334280773991e-04, -3.0218203926456787e-03,  1.7246801011886637e-02,  0.0000000000000000e+00
 7.3626373626373622e+00,  6.3368779669398805e+02, -1.1064121353443333e-01,  2.9866149806421159e+01, -2.4191327948767237e-02,  9.2175508383710802e-02,  5.0194223147270323e-01,  4.6685695873047016e+03,  1.1641444525111849e+02, -1.5000067637656704e+04,  1.0029981038200329e+01,  2.6643139508135669e+00,  3.8025729943205513e+00,  8.1614016639018176e-03,  1.6848499707272177e-01, -9.6982704866999025e-01,  2.7433066213374302e-01, -9.2174190107875264e-04,  1.4012942077875207e-02,  1.7415653730367364e-01,  0.0000000000000000e+00, -1.1871231665590619e-04, -3.0300836585253192e-03,  1.7204518809987194e-02,  0.0000000000000000e+00
 7.3726273726273730e+00,  6.3368773983271194e+02, -1.1026321148690278e-01,  2.9866156944525496e+01, -2.4199183885291922e-02,  9.2177235331518295e-02,  5.0193353482185421e-01,  4.6748965918195117e+03,  1.1678206589004361e+02, -1.5000068530306487e+04,  1.0029976528270513e+01,  2.6643488557168089e+00,  3.8076767829475946e+00,  8.1521875293394455e-03,  1.6862483530244071e-01, -9.6808636461443509e-01,  2.7433066213374302e-01, -9.2292655313279501e-04,  1.3982630305732073e-02,  1.7432820472006427e-01,  0.0000000000000000e+00, -1.1845502456337441e-04, -3.0383331245302020e-03,  1.7163297951415916e-02,  0.0000000000000000e+00
 7.3826173826173829e+00,  6.3368768277575737e+02, -1.0988467241869609e-01,  2.9866163981082451e+01, -2.4207042413702362e-02,  9.2178948399902122e-02,  5.0192484187459807e-01,  4.6812235629120696e+03,  1.1715025387244857e+02, -1.5000069426551539e+04,  1.0029971938783447e+01,  2.6643837857522468e+00,  3.8127804881148011e+00,  8.1429615729301328e-03,  1.6876437030560354e-01, -9.6634396765660224e-01,  2.7433066213374302e-01, -9.2410866068660968e-04,  1.3952236137913123e-02,  1.7449946867766813e-01,  0.0000000000000000e+00, -1.1820290770209906e-04, -3.0465792729475047e-03,  1.7123746359325134e-02,  0.0000000000000000e+00
 7.3926073926073927e+00,  6.3368762552311898e+02, -1.0950559761944481e-01,  2.9866170916079160e+01, -2.4214903510270953e-02,  9.2180647571454624e-02,  5.0191615264650657e-01,  4.6875505005294171e+03,  1.1751900919189596e+02, -1.5000070326395231e+04,  1.0029967269715819e+01,  2.6644187407865503e+00,  3.8178841098341945e+00,  8.1337238198352178e-03,  1.6890360125924217e-01, -9.6459986174375245e-01,  2.7433066213374302e-01, -9.2528827704095942e-04,  1.3921759579726516e-02,  1.7467034705543233e-01,  0.0000000000000000e+00, -1.1795628643871642e-04, -3.0548276760115909e-03,  1.7086104869064013e-02,  0.0000000000000000e+00
 7.4025974025974026e+00,  6.3368756807478655e+02, -1.0912598837909546e-01,  2.9866177749502867e+01, -2.4222767151617332e-02,  9.2182332828720251e-02,  5.0190746715189194e-01,  4.6938774046185736e+03,  1.1788833184193253e+02, -1.5000071229840998e+04,  1.0029962521044613e+01,  2.6644537206862138e+00,  3.8229876481179299e+00,  8.1244742946675764e-03,  1.6904252734016351e-01, -9.6285405063251772e-01,  2.7433066213374302e-01, -9.2646545367214663e-04,  1.3891200606091466e-02,  1.7484085839333705e-01,  0.0000000000000000e+00, -1.1771447512497240e-04, -3.0630788457253503e-03,  1.7050264979464318e-02,  0.0000000000000000e+00
 7.4125874125874125e+00,  6.3368751043076077e+02, -1.0874584598793656e-01,  2.9866184481341222e+01, -2.4230633314289082e-02,  9.2184004154285154e-02,  5.0189878540472366e-01,  4.7002042751265917e+03,  1.1825822181608666e+02, -1.5000072136892166e+04,  1.0029957692747018e+01,  2.6644887253176499e+00,  3.8280911029782563e+00,  8.1152130215600502e-03,  1.6918114772489834e-01, -9.6110653789972977e-01,  2.7433066213374302e-01, -9.2764023157030913e-04,  1.3860559208543784e-02,  1.7501101878639391e-01,  0.0000000000000000e+00, -1.1747606008715190e-04, -3.0713289433206450e-03,  1.7015845710517986e-02,  0.0000000000000000e+00
 7.4225774225774224e+00,  6.3368745259103116e+02, -1.0836517173670446e-01,  2.9866191111581887e+01, -2.4238501974424564e-02,  9.2185661530865243e-02,  5.0189010741942475e-01,  4.7065311120004999e+03,  1.1862867910787018e+02, -1.5000073047552078e+04,  1.0029952784800466e+01,  2.6645237545471003e+00,  3.8331944744275575e+00,  8.1059400243065315e-03,  1.6931946159008446e-01, -9.5935732698044196e-01,  2.7433066213374302e-01, -9.2881263579210451e-04,  1.3829835432593956e-02,  1.7518083971649234e-01,  0.0000000000000000e+00, -1.1723926511628012e-04, -3.0795710018351754e-03,  1.6982304495191804e-02,  0.0000000000000000e+00
 7.4325674325674322e+00,  6.3368739455559694e+02, -1.0798396691673423e-01,  2.9866197640213180e+01, -2.4246373107545377e-02,  9.2187304941376239e-02,  5.0188143321143830e-01,  4.7128579151873246e+03,  1.1899970371077752e+02, -1.5000073961824035e+04,  1.0029947797182606e+01,  2.6645588082406904e+00,  3.8382977624783461e+00,  8.0966553265392292e-03,  1.6945746811316195e-01, -9.5760642122207762e-01,  2.7433066213374302e-01, -9.2998267366720957e-04,  1.3799029401010963e-02,  1.7535032704957712e-01,  0.0000000000000000e+00, -1.1700231747977156e-04, -3.0877965210798996e-03,  1.6949059588379303e-02,  0.0000000000000000e+00
 7.4425574425574421e+00,  6.3368733632445958e+02, -1.0760223282011837e-01,  2.9866204067223283e+01, -2.4254246688494716e-02,  9.2188934368978528e-02,  5.0187276279749593e-01,  4.7191846846340895e+03,  1.1937129561828684e+02, -1.5000074879711430e+04,  1.0029942729871344e+01,  2.6645938862644143e+00,  3.8434009671432703e+00,  8.0873589519055884e-03,  1.6959516647322154e-01, -9.5585382394248841e-01,  2.7433066213374302e-01, -9.3115033644313925e-04,  1.3768141321039788e-02,  1.7551948118930999e-01,  0.0000000000000000e+00, -1.1676377026961890e-04, -3.0959970890267322e-03,  1.6915599187700640e-02,  0.0000000000000000e+00
 7.4525474525474529e+00,  6.3368727789761522e+02, -1.0721997073984037e-01,  2.9866210392601069e+01, -2.4262122691510141e-02,  9.2190549797095178e-02,  5.0186409619558481e-01,  4.7255114202878422e+03,  1.1974345482385760e+02, -1.5000075801217452e+04,  1.0029937582844889e+01,  2.6646289884841243e+00,  3.8485040884351487e+00,  8.0780509242126923e-03,  1.6973255585184407e-01, -9.5409953848103235e-01,  2.7433066213374302e-01, -9.3231560351768100e-04,  1.3737171476963477e-02,  1.7568829817872672e-01,  0.0000000000000000e+00, -1.1652269805362527e-04, -3.1041656950504745e-03,  1.6881562093527855e-02,  0.0000000000000000e+00
 7.4625374625374628e+00,  6.3368721927506726e+02, -1.0683718196985970e-01,  2.9866216616335546e+01, -2.4270001090397002e-02,  9.2192151209400983e-02,  5.0185543342466765e-01,  4.7318381220956198e+03,  1.2011618132093348e+02, -1.5000076726345489e+04,  1.0029932356081641e+01,  2.6646641147655314e+00,  3.8536071263669385e+00,  8.0687312675196202e-03,  1.6986963543380024e-01, -9.5234356823462163e-01,  2.7433066213374302e-01, -9.3347844810110511e-04,  1.3706120211383840e-02,  1.7585677141060668e-01,  0.0000000000000000e+00, -1.1627878753958551e-04, -3.1122976741147787e-03,  1.6846778927273948e-02,  0.0000000000000000e+00
 7.4725274725274726e+00,  6.3368716045681879e+02, -1.0645386780513777e-01,  2.9866222738416077e+01, -2.4277881858755419e-02,  9.2193738589789562e-02,  5.0184677450424575e-01,  4.7381647900044436e+03,  1.2048947510294065e+02, -1.5000077655098723e+04,  1.0029927049560316e+01,  2.6646992649742489e+00,  3.8587100809517869e+00,  8.0594000061687144e-03,  1.7000640440751608e-01, -9.5058591667462666e-01,  2.7433066213374302e-01, -9.3463884310562276e-04,  1.3674987899457980e-02,  1.7602489355097384e-01,  0.0000000000000000e+00, -1.1603229236484334e-04, -3.1203911734426428e-03,  1.6811273574233510e-02,  0.0000000000000000e+00
 7.4825174825174825e+00,  6.3368710144287093e+02, -1.0607002954160327e-01,  2.9866228758832420e+01, -2.4285764970211902e-02,  9.2195311922325579e-02,  5.0183811945385493e-01,  4.7444914239613572e+03,  1.2086333616328818e+02, -1.5000078587480433e+04,  1.0029921663259863e+01,  2.6647344389757182e+00,  3.8638129522030105e+00,  8.0500571647602673e-03,  1.7014286196525794e-01, -9.4882658734449232e-01,  2.7433066213374302e-01, -9.3579676615180196e-04,  1.3643774921083273e-02,  1.7619265830379979e-01,  0.0000000000000000e+00, -1.1578390148024364e-04, -3.1284470971736753e-03,  1.6775229941521270e-02,  0.0000000000000000e+00
 7.4925074925074924e+00,  6.3368704223323164e+02, -1.0568566847607300e-01,  2.9866234677574703e+01, -2.4293650398612903e-02,  9.2196871191194643e-02,  5.0182946829261155e-01,  4.7508180239133899e+03,  1.2123776449536837e+02, -1.5000079523493834e+04,  1.0029916197159510e+01,  2.6647696366352713e+00,  3.8689157401341236e+00,  8.0407027680837635e-03,  1.7027900730304221e-01, -9.4706558384138395e-01,  2.7433066213374302e-01, -9.3695220293496062e-04,  1.3612481636427545e-02,  1.7636006172492391e-01,  0.0000000000000000e+00, -1.1553454250812937e-04, -3.1364684909030278e-03,  1.6738934967530199e-02,  0.0000000000000000e+00
 7.5024975024975022e+00,  6.3368698282790649e+02, -1.0530078590614078e-01,  2.9866240494633370e+01, -2.4301538118150934e-02,  9.2198416380655943e-02,  5.0182082103886338e-01,  4.7571445898075872e+03,  1.2161276009255586e+02, -1.5000080463142089e+04,  1.0029910651238756e+01,  2.6648048578181145e+00,  3.8740184447587631e+00,  8.0313368410253032e-03,  1.7041483962033141e-01, -9.4530290978755083e-01,  2.7433066213374302e-01, -9.3810514859466549e-04,  1.3581108368167795e-02,  1.7652710291425522e-01,  0.0000000000000000e+00, -1.1528517856477838e-04, -3.1444598146991368e-03,  1.6702711136594967e-02,  0.0000000000000000e+00
 7.5124875124875121e+00,  6.3368692322690413e+02, -1.0491538313005988e-01,  2.9866246209999254e+01, -2.4309428103409910e-02,  9.2199947475009411e-02,  5.0181217771000897e-01,  4.7634711215909865e+03,  1.2198832294820835e+02, -1.5000081406428475e+04,  1.0029905025477326e+01,  2.6648401023893258e+00,  3.8791210660907698e+00,  8.0219594084714827e-03,  1.7055035811958902e-01, -9.4353856879814213e-01,  2.7433066213374302e-01, -9.3925560713254254e-04,  1.3549655392754510e-02,  1.7669378405124922e-01,  0.0000000000000000e+00, -1.1503662072657158e-04, -3.1524258629197534e-03,  1.6666852491178153e-02,  0.0000000000000000e+00
 7.5224775224775229e+00,  6.3368686343023182e+02, -1.0452946144663783e-01,  2.9866251823663504e+01, -2.4317320329334043e-02,  9.2201464458578783e-02,  5.0180353832249558e-01,  4.7697976192106098e+03,  1.2236445305566747e+02, -1.5000082353356078e+04,  1.0029899319855218e+01,  2.6648753702138586e+00,  3.8842236041440992e+00,  8.0125704952284486e-03,  1.7068556200580104e-01, -9.4177256445186142e-01,  2.7433066213374302e-01, -9.4040358927321500e-04,  1.3518122941430951e-02,  1.7686010985564282e-01,  0.0000000000000000e+00, -1.1478940383602563e-04, -3.1603708920565163e-03,  1.6631573548421048e-02,  0.0000000000000000e+00
 7.5324675324675328e+00,  6.3368680343790231e+02, -1.0414302215515785e-01,  2.9866257335617696e+01, -2.4325214771135206e-02,  9.2202967315715076e-02,  5.0179490289195761e-01,  4.7761240826134899e+03,  1.2274115040825657e+02, -1.5000083303928155e+04,  1.0029893534352700e+01,  2.6649106611565396e+00,  3.8893260589328822e+00,  8.0031701259685208e-03,  1.7082045048605118e-01, -9.4000490026955774e-01,  2.7433066213374302e-01, -9.4154910938439832e-04,  1.3486511209562553e-02,  1.7702608665023320e-01,  0.0000000000000000e+00, -1.1454372241450460e-04, -3.1682978281167861e-03,  1.6596980726997130e-02,  0.0000000000000000e+00
 7.5424575424575426e+00,  6.3368674324992492e+02, -1.0375606655533491e-01,  2.9866262745853643e+01, -2.4333111404166476e-02,  9.2204456030813342e-02,  5.0178627143347232e-01,  4.7824505117466824e+03,  1.2311841499928221e+02, -1.5000084258147774e+04,  1.0029887668950227e+01,  2.6649459750820839e+00,  3.8944284304713590e+00,  7.9937583252107786e-03,  1.7095502276922886e-01, -9.3823557970360505e-01,  2.7433066213374302e-01, -9.4269218213838615e-04,  1.3454820371520470e-02,  1.7719172124757188e-01,  0.0000000000000000e+00, -1.1429944293387450e-04, -3.1762079479082674e-03,  1.6563065660207758e-02,  0.0000000000000000e+00
 7.5524475524475525e+00,  6.3368668286631407e+02, -1.0336859594731003e-01,  2.9866268054363530e+01, -2.4341010203787206e-02,  9.2205930588343171e-02,  5.0177764396185665e-01,  4.7887769065572129e+03,  1.2349624682203485e+02, -1.5000085216018078e+04,  1.0029881723628566e+01,  2.6649813118550658e+00,  3.8995307187739114e+00,  7.9843351173343874e-03,  1.7108927806590174e-01, -9.3646460613873717e-01,  2.7433066213374302e-01, -9.4383281956965717e-04,  1.3423050598057490e-02,  1.7735701988295752e-01,  0.0000000000000000e+00, -1.1405617080657627e-04, -3.1841006993806186e-03,  1.6529721143995035e-02,  0.0000000000000000e+00
 7.5624375624375624e+00,  6.3368662228708547e+02, -1.0298061163167314e-01,  2.9866273261139838e+01, -2.4348911145247083e-02,  9.2207390972880651e-02,  5.0176902049196148e-01,  4.7951032669921196e+03,  1.2387464586978687e+02, -1.5000086177542182e+04,  1.0029875698368695e+01,  2.6650166713399828e+00,  3.9046329238550541e+00,  7.9749005266179784e-03,  1.7122321558837086e-01, -9.3469198290274680e-01,  2.7433066213374302e-01, -9.4497102899512516e-04,  1.3391202072486640e-02,  1.7752198738137118e-01,  0.0000000000000000e+00, -1.1381335617211196e-04, -3.1919741199034875e-03,  1.6496772038421481e-02,  0.0000000000000000e+00
 7.5724275724275723e+00,  6.3368656151225309e+02, -1.0259211490950930e-01,  2.9866278366175411e+01, -2.4356814203605661e-02,  9.2208837169140259e-02,  5.0176040103888853e-01,  4.8014295929984473e+03,  1.2425361213579416e+02, -1.5000087142723147e+04,  1.0029869593151846e+01,  2.6650520534011584e+00,  3.9097350457294340e+00,  7.9654545772945250e-03,  1.7135683455086650e-01, -9.3291771328396456e-01,  2.7433066213374302e-01, -9.4610681205253063e-04,  1.3359275002481377e-02,  1.7768662667362092e-01,  0.0000000000000000e+00, -1.1357041192047201e-04, -3.1998252951501833e-03,  1.6464014269978511e-02,  0.0000000000000000e+00
 7.5824175824175821e+00,  6.3368650054183399e+02, -1.0220310708244992e-01,  2.9866283369463538e+01, -2.4364719353697835e-02,  9.2210269161997024e-02,  5.0175178561813705e-01,  4.8077558845232397e+03,  1.2463314561329565e+02, -1.5000088111564102e+04,  1.0029863407959484e+01,  2.6650874579028478e+00,  3.9148370844118112e+00,  7.9559972936099361e-03,  1.7149013416983902e-01, -9.3114180055162554e-01,  2.7433066213374302e-01, -9.4724016487417347e-04,  1.3327269626454634e-02,  1.7785093870056704e-01,  0.0000000000000000e+00, -1.1332682297243355e-04, -3.2076509854039753e-03,  1.6431253524633836e-02,  0.0000000000000000e+00
 7.5924075924075920e+00,  6.3368643937584739e+02, -1.0181358945272359e-01,  2.9866288270997885e+01, -2.4372626570143739e-02,  9.2211686936498935e-02,  5.0174317424563319e-01,  4.8140821415135233e+03,  1.2501324629551323e+02, -1.5000089084068060e+04,  1.0029857142773357e+01,  2.6651228847091555e+00,  3.9199390399171237e+00,  7.9465286998744618e-03,  1.7162311366428218e-01, -9.2936424797526196e-01,  2.7433066213374302e-01, -9.4837107919655431e-04,  1.3295186213530444e-02,  1.7801492266808733e-01,  0.0000000000000000e+00, -1.1308222437663618e-04, -3.2154482819001097e-03,  1.6398336774509460e-02,  0.0000000000000000e+00
 7.6023976023976028e+00,  6.3368637801431169e+02, -1.0142356332319077e-01,  2.9866293070772144e+01, -2.4380535827395172e-02,  9.2213090477866813e-02,  5.0173456693766927e-01,  4.8204083639163437e+03,  1.2539391417565182e+02, -1.5000090060238030e+04,  1.0029850797575438e+01,  2.6651583336840927e+00,  3.9250409122604171e+00,  7.9370488204991152e-03,  1.7175577225602345e-01, -9.2758505883997533e-01,  2.7433066213374302e-01, -9.4949954406652623e-04,  1.3263025058031324e-02,  1.7817857655697175e-01,  0.0000000000000000e+00, -1.1283644259174543e-04, -3.2232150490236733e-03,  1.6365171780153429e-02,  0.0000000000000000e+00
 7.6123876123876126e+00,  6.3368631645724849e+02, -1.0103302999736187e-01,  2.9866297768780907e+01, -2.4388447099804079e-02,  9.2214479771483296e-02,  5.0172596371078237e-01,  4.8267345516787491e+03,  1.2577514924689940e+02, -1.5000091040077084e+04,  1.0029844372347968e+01,  2.6651938046915338e+00,  3.9301427014568997e+00,  7.9275576800129921e-03,  1.7188810916993716e-01, -9.2580423645564203e-01,  2.7433066213374302e-01, -9.5062554775309893e-04,  1.3230786470331806e-02,  1.7834189775541498e-01,  0.0000000000000000e+00, -1.1258949545163842e-04, -3.2309502085377585e-03,  1.6331732146593163e-02,  0.0000000000000000e+00
 7.6223776223776225e+00,  6.3368625470468191e+02, -1.0064199077939610e-01,  2.9866302365018832e+01, -2.4396360361697258e-02,  9.2215854802877556e-02,  5.0171736458159455e-01,  4.8330607047477706e+03,  1.2615695150242695e+02, -1.5000092023588244e+04,  1.0029837867073448e+01,  2.6652292975952596e+00,  3.9352444075219348e+00,  7.9180553030614911e-03,  1.7202012363405206e-01, -9.2402178415954750e-01,  2.7433066213374302e-01, -9.5174907947217461e-04,  1.3198470765997955e-02,  1.7850488368106276e-01,  0.0000000000000000e+00, -1.1234155470730921e-04, -3.2386537990992405e-03,  1.6298050168091934e-02,  0.0000000000000000e+00
 7.6323676323676324e+00,  6.3368619275663309e+02, -1.0025044697408136e-01,  2.9866306859480996e+01, -2.4404275587442275e-02,  9.2217215557703403e-02,  5.0170876956666277e-01,  4.8393868230704475e+03,  1.2653932093538859e+02, -1.5000093010774435e+04,  1.0029831281734671e+01,  2.6652648122589149e+00,  3.9403460304710376e+00,  7.9085417143891727e-03,  1.7215181487954750e-01, -9.2223770531316329e-01,  2.7433066213374302e-01, -9.5287013065176954e-04,  1.3166078255980014e-02,  1.7866753227954571e-01,  0.0000000000000000e+00, -1.1209289144760666e-04, -3.2463267064924031e-03,  1.6264199248194430e-02,  0.0000000000000000e+00
 7.6423576423576423e+00,  6.3368613061312840e+02, -9.9858399886805699e-02,  2.9866311252162916e+01, -2.4412192751493887e-02,  9.2218562021723058e-02,  5.0170017868234917e-01,  4.8457129065938398e+03,  1.2692225753892147e+02, -1.5000094001638645e+04,  1.0029824616314592e+01,  2.6653003485460571e+00,  3.9454475703198417e+00,  7.8990169388127047e-03,  1.7228318214066504e-01, -9.2045200329482135e-01,  2.7433066213374302e-01, -9.5398869555670968e-04,  1.3133609238932125e-02,  1.7882984232217936e-01,  0.0000000000000000e+00, -1.1184380252141440e-04, -3.2539705064949954e-03,  1.6230271287059922e-02,  0.0000000000000000e+00
 7.6523476523476521e+00,  6.3368606827419228e+02, -9.9465850823523744e-02,  2.9866315543060647e+01, -2.4420111828414630e-02,  9.2219894180792059e-02,  5.0169159194476876e-01,  4.8520389552649813e+03,  1.2730576130614540e+02, -1.5000094996183880e+04,  1.0029817870796514e+01,  2.6653359063201214e+00,  3.9505490270841630e+00,  7.8894810011912366e-03,  1.7241422465455114e-01, -9.1866468149054237e-01,  2.7433066213374302e-01, -9.5510477126045515e-04,  1.3101063997370481e-02,  1.7899181347804752e-01,  0.0000000000000000e+00, -1.1159455336843860e-04, -3.2615868541464427e-03,  1.6196354117750292e-02,  0.0000000000000000e+00
 7.6623376623376620e+00,  6.3368600573985418e+02, -9.9072801090726942e-02,  2.9866319732170304e+01, -2.4428032792869762e-02,  9.2221212020853607e-02,  5.0168300936976651e-01,  4.8583649690309103e+03,  1.2768983223016460e+02, -1.5000095994413010e+04,  1.0029811045163941e+01,  2.6653714854444255e+00,  3.9556504007799416e+00,  7.8799339263999086e-03,  1.7254494166109202e-01, -9.1687574328527000e-01,  2.7433066213374302e-01, -9.5621835706920417e-04,  1.3068442797435777e-02,  1.7915344617766965e-01,  0.0000000000000000e+00, -1.1134532554311124e-04, -3.2691773727814995e-03,  1.6162512346597019e-02,  0.0000000000000000e+00
 7.6723276723276719e+00,  6.3368594301014127e+02, -9.8679251995423586e-02,  2.9866323819488734e+01, -2.4435955619601490e-02,  9.2222515527938004e-02,  5.0167443097297304e-01,  4.8646909478386860e+03,  1.2807447030406496e+02, -1.5000096996328977e+04,  1.0029804139400646e+01,  2.6654070857821792e+00,  3.9607516914232481e+00,  7.8703757393117323e-03,  1.7267533240275165e-01, -9.1508519205642314e-01,  2.7433066213374302e-01, -9.5732945357634872e-04,  1.3035745891773766e-02,  1.7931474132349032e-01,  0.0000000000000000e+00, -1.1109619519573041e-04, -3.2767431406367847e-03,  1.6128775848297895e-02,  0.0000000000000000e+00
 7.6823176823176826e+00,  6.3368588008508675e+02, -9.8285204845129356e-02,  2.9866327805013039e+01, -2.4443880283389195e-02,  9.2223804688168876e-02,  5.0166585676988318e-01,  4.8710168916353314e+03,  1.2845967552091653e+02, -1.5000098001934655e+04,  1.0029797153490646e+01,  2.6654427071965077e+00,  3.9658528990303288e+00,  7.8608064647899909e-03,  1.7280539612446413e-01, -9.1329303117091443e-01,  2.7433066213374302e-01, -9.5843806159168416e-04,  1.3002973525222047e-02,  1.7947569992310466e-01,  0.0000000000000000e+00, -1.1084712947443685e-04, -3.2842846430168283e-03,  1.6095135794495591e-02,  0.0000000000000000e+00
 7.6923076923076925e+00,  6.3368581696471858e+02, -9.7890660947873298e-02,  2.9866331688740690e+01, -2.4451806759006704e-02,  9.2225079487773629e-02,  5.0165728677597143e-01,  4.8773428003679146e+03,  1.2884544787377132e+02, -1.5000099011232986e+04,  1.0029790087418242e+01,  2.6654783495503911e+00,  3.9709540236175300e+00,  7.8512261276915182e-03,  1.7293513207358527e-01, -9.1149926398603132e-01,  2.7433066213374302e-01, -9.5954418115818828e-04,  1.2970125940845871e-02,  1.7963632272510124e-01,  0.0000000000000000e+00, -1.1059800773113931e-04, -3.2918017492093946e-03,  1.6061549163620827e-02,  0.0000000000000000e+00
 7.7022977022977024e+00,  6.3368575364906985e+02, -9.7495621612213493e-02,  2.9866335470669565e+01, -2.4459735021183909e-02,  9.2226339913095964e-02,  5.0164872100679414e-01,  4.8836686739834749e+03,  1.2923178735566555e+02, -1.5000100024226791e+04,  1.0029782941167923e+01,  2.6655140127067338e+00,  3.9760550652013662e+00,  7.8416347528787386e-03,  1.7306453949990561e-01, -9.0970389385372963e-01,  2.7433066213374302e-01, -9.6064781082817719e-04,  1.2937203385882386e-02,  1.7979660992544214e-01,  0.0000000000000000e+00, -1.1034865220065045e-04, -3.2992937544802569e-03,  1.6027948344626442e-02,  0.0000000000000000e+00
 7.7122877122877123e+00,  6.3368569013817648e+02, -9.7100088147261079e-02,  2.9866339150798034e+01, -2.4467665044579773e-02,  9.2227585950606039e-02,  5.0164015947807206e-01,  4.8899945124290589e+03,  1.2961869395961844e+02, -1.5000101040918926e+04,  1.0029775714724488e+01,  2.6655496965283194e+00,  3.9811560237984724e+00,  7.8320323652374089e-03,  1.7319361765572078e-01, -9.0790692412738117e-01,  2.7433066213374302e-01, -9.6174894731397055e-04,  1.2904206116393077e-02,  1.7995656099029531e-01,  0.0000000000000000e+00, -1.1009887225517204e-04, -3.3067595972794653e-03,  1.5994254838974469e-02,  0.0000000000000000e+00
 7.7222777222777221e+00,  6.3368562643207270e+02, -9.6704061862708413e-02,  2.9866342729124849e+01, -2.4475596803770365e-02,  9.2228817586911011e-02,  5.0163160220574798e-01,  4.8963203156517193e+03,  1.3000616767863170e+02, -1.5000102061312233e+04,  1.0029768408072975e+01,  2.6655854008778386e+00,  3.9862568994256384e+00,  7.8224189896956425e-03,  1.7332236579593743e-01, -9.0610835816960789e-01,  2.7433066213374302e-01, -9.6284758551715328e-04,  1.2871134399610526e-02,  1.8011617461388305e-01,  0.0000000000000000e+00, -1.0984849602201632e-04, -3.3141981025874316e-03,  1.5960392603290689e-02,  0.0000000000000000e+00
 7.7322677322677320e+00,  6.3368556253079566e+02, -9.6307544068856707e-02,  2.9866346205649148e+01, -2.4483530273252438e-02,  9.2230034808756953e-02,  5.0162304920600531e-01,  4.9026460835984972e+03,  1.3039420850569098e+02, -1.5000103085409486e+04,  1.0029761021198658e+01,  2.6656211256178683e+00,  3.9913576920998026e+00,  7.8127946512410625e-03,  1.7345078317819052e-01, -9.0430819935987106e-01,  2.7433066213374302e-01, -9.6394371887182967e-04,  1.2837988514148755e-02,  1.8027544880001747e-01,  0.0000000000000000e+00, -1.0959740158421001e-04, -3.3216081668591317e-03,  1.5926299460822583e-02,  0.0000000000000000e+00
 7.7422577422577419e+00,  6.3368549843438268e+02, -9.5910536076638533e-02,  2.9866349580370439e+01, -2.4491465427458895e-02,  9.2231237603032215e-02,  5.0161450049525003e-01,  4.9089718162164509e+03,  1.3078281643376476e+02, -1.5000104113213551e+04,  1.0029753554087090e+01,  2.6656568706108779e+00,  3.9964584018380220e+00,  7.8031593749329688e-03,  1.7357886906295339e-01, -9.0250645110067651e-01,  2.7433066213374302e-01, -9.6503733992108452e-04,  1.2804768748349554e-02,  1.8043438103870552e-01,  0.0000000000000000e+00, -1.0934553248518090e-04, -3.3289889460269436e-03,  1.5891934726133088e-02,  0.0000000000000000e+00
 7.7522477522477526e+00,  6.3368543414287308e+02, -9.5513039197634375e-02,  2.9866352853288838e+01, -2.4499402240783296e-02,  9.2232425956762523e-02,  5.0160595609007563e-01,  4.9152975134526368e+03,  1.3117199145580474e+02, -1.5000105144727153e+04,  1.0029746006724055e+01,  2.6656926357192536e+00,  4.0015590286575637e+00,  7.7935131859079732e-03,  1.7370662271362208e-01, -9.0070311682163506e-01,  2.7433066213374302e-01, -9.6612844097054005e-04,  1.2771475397071607e-02,  1.8059296853182619e-01,  0.0000000000000000e+00, -1.0909289761581412e-04, -3.3363399798175129e-03,  1.5857281396622049e-02,  0.0000000000000000e+00
 7.7622377622377625e+00,  6.3368536965630676e+02, -9.5115054744084535e-02,  2.9866356024404709e+01, -2.4507340687605926e-02,  9.2233599857106746e-02,  5.0159741600720709e-01,  4.9216231752541044e+03,  1.3156173356474571e+02, -1.5000106179953087e+04,  1.0029738379095599e+01,  2.6657284208052539e+00,  4.0066595725757734e+00,  7.7838561093791113e-03,  1.7383404339656122e-01, -8.9889819998115938e-01,  2.7433066213374302e-01, -9.6721701469251655e-04,  1.2738108757879948e-02,  1.8075120841960785e-01,  0.0000000000000000e+00, -1.0883956151527727e-04, -3.3436611864661662e-03,  1.5822344135657151e-02,  0.0000000000000000e+00
 7.7722277722277724e+00,  6.3368530497472864e+02, -9.4716584028890702e-02,  2.9866359093718970e+01, -2.4515280742318617e-02,  9.2234759291347140e-02,  5.0158888026344572e-01,  4.9279488015678917e+03,  1.3195204275350557e+02, -1.5000107218894047e+04,  1.0029730671188071e+01,  2.6657642257310528e+00,  4.0117600336102033e+00,  7.7741881706294017e-03,  1.7396113038111219e-01, -8.9709170406599859e-01,  2.7433066213374302e-01, -9.6830305457989833e-04,  1.2704669127470244e-02,  1.8090909796958271e-01,  0.0000000000000000e+00, -1.0858562393854236e-04, -3.3509528215564508e-03,  1.5787143769310567e-02,  0.0000000000000000e+00
 7.7822177822177823e+00,  6.3368524009817941e+02, -9.4317628365617232e-02,  2.9866362061232962e+01, -2.4523222379341892e-02,  9.2235904246886449e-02,  5.0158034887562675e-01,  4.9342743923410653e+03,  1.3234291901498585e+02, -1.5000108261552823e+04,  1.0029722882987960e+01,  2.6658000503587291e+00,  4.0168604117785449e+00,  7.7645093950018907e-03,  1.7408788293956762e-01, -8.9528363258915977e-01,  2.7433066213374302e-01, -9.6938655519144949e-04,  1.2671156798821073e-02,  1.8106663469873471e-01,  0.0000000000000000e+00, -1.0833119849402190e-04, -3.3582153740080566e-03,  1.5751709406921059e-02,  0.0000000000000000e+00
 7.7922077922077921e+00,  6.3368517502670329e+02, -9.3918189068488672e-02,  2.9866364926948346e+01, -2.4531165573134898e-02,  9.2237034711239965e-02,  5.0157182186059079e-01,  4.9405999475206863e+03,  1.3273436234207125e+02, -1.5000109307932094e+04,  1.0029715014482157e+01,  2.6658358945502498e+00,  4.0219607070986418e+00,  7.7548198078883140e-03,  1.7421430034712260e-01, -8.9347398908700293e-01,  2.7433066213374302e-01, -9.7046751217048357e-04,  1.2637572059623268e-02,  1.8122381641571472e-01,  0.0000000000000000e+00, -1.0807638870858972e-04, -3.3654494133926100e-03,  1.5716070332479775e-02,  0.0000000000000000e+00
 7.8021978021978020e+00,  6.3368510976034531e+02, -9.3518267452389198e-02,  2.9866367690867584e+01, -2.4539110298195208e-02,  9.2238150672034322e-02,  5.0156329923517906e-01,  4.9469254670537957e+03,  1.3312637272762942e+02, -1.5000110358034573e+04,  1.0029707065657725e+01,  2.6658717581674836e+00,  4.0270609195884717e+00,  7.7451194347187644e-03,  1.7434038188181783e-01, -8.9166277711631836e-01,  2.7433066213374302e-01, -9.7154592206665782e-04,  1.2603915191959603e-02,  1.8138064118955347e-01,  0.0000000000000000e+00, -1.0782127250551232e-04, -3.3726554928731780e-03,  1.5680249390036181e-02,  0.0000000000000000e+00
 7.8121878121878119e+00,  6.3368504429915401e+02, -9.3117864832862982e-02,  2.9866370352993147e+01, -2.4547056529052546e-02,  9.2239252117007134e-02,  5.0155478101624495e-01,  4.9532509508874573e+03,  1.3351895016451152e+02, -1.5000111411862910e+04,  1.0029699036501938e+01,  2.6659076410722142e+00,  4.0321610492662092e+00,  7.7354083009539155e-03,  1.7446612682448442e-01, -8.8985000025204686e-01,  2.7433066213374302e-01, -9.7262178203856250e-04,  1.2570186473461961e-02,  1.8153710726379985e-01,  0.0000000000000000e+00, -1.0756589386980550e-04, -3.3798339503548023e-03,  1.5644258674087762e-02,  0.0000000000000000e+00
 7.8221778221778218e+00,  6.3368497864317828e+02, -9.2716982526120595e-02,  2.9866372913328252e+01, -2.4555004240257104e-02,  9.2240339034008592e-02,  5.0154626722067897e-01,  4.9595763989687475e+03,  1.3391209464555149e+02, -1.5000112469419779e+04,  1.0029690927002440e+01,  2.6659435431261143e+00,  4.0372610961501536e+00,  7.7256864320806315e-03,  1.7459153445871017e-01, -8.8803566208607265e-01,  2.7433066213374302e-01, -9.7369508949722528e-04,  1.2536386178947215e-02,  1.8169321293944507e-01,  0.0000000000000000e+00, -1.0731025936314456e-04, -3.3869850113853205e-03,  1.5608097591700173e-02,  0.0000000000000000e+00
 7.8321678321678325e+00,  6.3368491279246598e+02, -9.2315621849047624e-02,  2.9866375371876408e+01, -2.4562953406366779e-02,  9.2241411411005378e-02,  5.0153775786544308e-01,  4.9659018112446875e+03,  1.3430580616356738e+02, -1.5000113530707817e+04,  1.0029682737147054e+01,  2.6659794641907775e+00,  4.0423610602587665e+00,  7.7159538536113129e-03,  1.7471660407081704e-01, -8.8621976622728260e-01,  2.7433066213374302e-01, -9.7476584177514226e-04,  1.2502514582864397e-02,  1.8184895645765925e-01,  0.0000000000000000e+00, -1.0705434667582017e-04, -3.3941085243947601e-03,  1.5571754754781012e-02,  0.0000000000000000e+00
 7.8421578421578424e+00,  6.3368484674706895e+02, -9.1913784119218855e-02,  2.9866377728641687e+01, -2.4570904001936029e-02,  9.2242469236085839e-02,  5.0152925296760509e-01,  4.9722271876623709e+03,  1.3470008471135935e+02, -1.5000114595729616e+04,  1.0029674466923867e+01,  2.6660154041276862e+00,  4.0474609416106633e+00,  7.7062105910861226e-03,  1.7484133494987630e-01, -8.8440231630270272e-01,  2.7433066213374302e-01, -9.7583403588964268e-04,  1.2468571961617360e-02,  1.8200433590572124e-01,  0.0000000000000000e+00, -1.0679811503847658e-04, -3.4012042493732049e-03,  1.5535210745610113e-02,  0.0000000000000000e+00
 7.8521478521478523e+00,  6.3368478050703970e+02, -9.1511470654911650e-02,  2.9866379983628583e+01, -2.4578856001508362e-02,  9.2243512497463986e-02,  5.0152075254435868e-01,  4.9785525281688469e+03,  1.3509493028171244e+02, -1.5000115664487845e+04,  1.0029666116321192e+01,  2.6660513627982265e+00,  4.0525607402246342e+00,  7.6964566700770546e-03,  1.7496572638773247e-01, -8.8258331595943607e-01,  2.7433066213374302e-01, -9.7689966842841270e-04,  1.2434558594998419e-02,  1.8215934916282983e-01,  0.0000000000000000e+00, -1.0654151922326978e-04, -3.4082717477387746e-03,  1.5498443327529979e-02,  0.0000000000000000e+00
 7.8621378621378621e+00,  6.3368471407242964e+02, -9.1108682775123379e-02,  2.9866382136842134e+01, -2.4586809379614421e-02,  9.2244541183482381e-02,  5.0151225661304133e-01,  4.9848778327111659e+03,  1.3549034286739342e+02, -1.5000116736985045e+04,  1.0029657685327690e+01,  2.6660873400637248e+00,  4.0576604561196081e+00,  7.6866921161924482e-03,  1.7508977767904710e-01, -8.8076276886688198e-01,  2.7433066213374302e-01, -9.7796273556586101e-04,  1.2400474767452487e-02,  1.8231399389488767e-01,  0.0000000000000000e+00, -1.0628452169389563e-04, -3.4153105269569325e-03,  1.5461432030449267e-02,  0.0000000000000000e+00
 7.8721278721278720e+00,  6.3368464744329617e+02, -9.0705421799585961e-02,  2.9866384188287782e+01, -2.4594764110775002e-02,  9.2245555282614855e-02,  5.0150376519113404e-01,  4.9912031012364041e+03,  1.3588632246115307e+02, -1.5000117813223767e+04,  1.0029649173932155e+01,  2.6661233357853642e+00,  4.0627600893146854e+00,  7.6769169550807339e-03,  1.7521348812134790e-01, -8.7894067871877901e-01,  2.7433066213374302e-01, -9.7902323319621915e-04,  1.2366320768091518e-02,  1.8246826759274321e-01,  0.0000000000000000e+00, -1.0602710390381716e-04, -3.4223201451090693e-03,  1.5424162280231518e-02,  0.0000000000000000e+00
 7.8821178821178819e+00,  6.3368458061969261e+02, -9.0301689048778097e-02,  2.9866386137971297e+01, -2.4602720169508992e-02,  9.2246554783466342e-02,  5.0149527829624629e-01,  4.9975283336916291e+03,  1.3628286905572580e+02, -1.5000118893206625e+04,  1.0029640582123758e+01,  2.6661593498242824e+00,  4.0678596398291260e+00,  7.6671312124322842e-03,  1.7533685701507290e-01, -8.7711704923465938e-01,  2.7433066213374302e-01, -9.8008115714230681e-04,  1.2332096890058829e-02,  1.8262216764485226e-01,  0.0000000000000000e+00, -1.0576927010292031e-04, -3.4293002370352509e-03,  1.5386628151996897e-02,  0.0000000000000000e+00
 7.8921078921078918e+00,  6.3368451360167808e+02, -8.9897485843934671e-02,  2.9866387985899255e+01, -2.4610677530343503e-02,  9.2247539674771839e-02,  5.0148679594609846e-01,  5.0038535300239091e+03,  1.3667998264382885e+02, -1.5000119976936141e+04,  1.0029631909891815e+01,  2.6661953820414923e+00,  4.0729591076823546e+00,  7.6573349139789897e-03,  1.7545988366360682e-01, -8.7529188416044035e-01,  2.7433066213374302e-01, -9.8113650338878104e-04,  1.2297803429353318e-02,  1.8277569142773781e-01,  0.0000000000000000e+00, -1.0551104844994913e-04, -3.4362505960985907e-03,  1.5348833183317803e-02,  0.0000000000000000e+00
 7.9020979020979025e+00,  6.3368444638931135e+02, -8.9492813507054098e-02,  2.9866389732078463e+01, -2.4618636167825388e-02,  9.2248509945394491e-02,  5.0147831815848765e-01,  5.0101786901802971e+03,  1.3707766321816331e+02, -1.5000121064414769e+04,  1.0029623157225974e+01,  2.6662314322979350e+00,  4.0780584928939696e+00,  7.6475280854914488e-03,  1.7558256737330175e-01, -8.7346518726807110e-01,  2.7433066213374302e-01, -9.8218926830501217e-04,  1.2263440683341070e-02,  1.8292883639739652e-01,  0.0000000000000000e+00, -1.0525248777950133e-04, -3.4431711555530250e-03,  1.5310789742355824e-02,  0.0000000000000000e+00
 7.9120879120879124e+00,  6.3368437898265165e+02, -8.9087673360899886e-02,  2.9866391376516347e+01, -2.4626596056531894e-02,  9.2249465584322898e-02,  5.0146984495126501e-01,  5.0165038141078676e+03,  1.3747591077141263e+02, -1.5000122155645100e+04,  1.0029614324116102e+01,  2.6662675004544569e+00,  4.0831577954837162e+00,  7.6377107527740937e-03,  1.7570490745348377e-01, -8.7163696235429844e-01,  2.7433066213374302e-01, -9.8323944881247667e-04,  1.2229008949519048e-02,  1.8308160016531211e-01,  0.0000000000000000e+00, -1.0499364980617816e-04, -3.4500619557246716e-03,  1.5272516592713692e-02,  0.0000000000000000e+00
 7.9220779220779223e+00,  6.3368431138175890e+02, -8.8682066729001821e-02,  2.9866392919220697e+01, -2.4634557171078427e-02,  9.2250406580668548e-02,  5.0146137634231103e-01,  5.0228289017536972e+03,  1.3787472529624455e+02, -1.5000123250629576e+04,  1.0029605410552344e+01,  2.6663035863718276e+00,  4.0882570154715179e+00,  7.6278829416590319e-03,  1.7582690321644898e-01, -8.6980721323879417e-01,  2.7433066213374302e-01, -9.8428704246901976e-04,  1.2194508524341252e-02,  1.8323398055059903e-01,  0.0000000000000000e+00, -1.0473460023371899e-04, -3.4569231648701598e-03,  1.5234036541727489e-02,  0.0000000000000000e+00
 7.9320679320679321e+00,  6.3368424358669540e+02, -8.8275994935655563e-02,  2.9866394360199926e+01, -2.4642519486124413e-02,  9.2251332923664164e-02,  5.0145291234951161e-01,  5.0291539530648379e+03,  1.3827410678530995e+02, -1.5000124349370641e+04,  1.0029596416525017e+01,  2.6663396899107106e+00,  4.0933561528774787e+00,  7.6180446779994882e-03,  1.7594855397744663e-01, -8.6797594376187892e-01,  2.7433066213374302e-01, -9.8533204748435261e-04,  1.2159939702525470e-02,  1.8338597560308670e-01,  0.0000000000000000e+00, -1.0447540383595707e-04, -3.4637549626495958e-03,  1.5195372966308995e-02,  0.0000000000000000e+00
 7.9420579420579420e+00,  6.3368417559752754e+02, -8.7869459305919703e-02,  2.9866395699462867e+01, -2.4650482976374816e-02,  9.2252244602662722e-02,  5.0144445299075535e-01,  5.0354789679883779e+03,  1.3867405523124333e+02, -1.5000125451870752e+04,  1.0029587342024820e+01,  2.6663758109316889e+00,  4.0984552077218428e+00,  7.6081959876633408e-03,  1.7606985905466127e-01, -8.6614315778218909e-01,  2.7433066213374302e-01, -9.8637446266292440e-04,  1.2125302777081657e-02,  1.8353758359835828e-01,  0.0000000000000000e+00, -1.0421611491409353e-04, -3.4705575112017775e-03,  1.5156547687058666e-02,  0.0000000000000000e+00
 7.9520479520479519e+00,  6.3368410741431876e+02, -8.7462461165615249e-02,  2.9866396937018937e+01, -2.4658447616580041e-02,  9.2253141607137087e-02,  5.0143599828391439e-01,  5.0418039464713784e+03,  1.3907457062666185e+02, -1.5000126558132428e+04,  1.0029578187042633e+01,  2.6664119492952714e+00,  4.1035541800250455e+00,  7.5983368965277017e-03,  1.7619081776919651e-01, -8.6430885917449918e-01,  2.7433066213374302e-01, -9.8741428729890780e-04,  1.2090598039734791e-02,  1.8368880301380380e-01,  0.0000000000000000e+00, -1.0395677720979693e-04, -3.4773309056407168e-03,  1.5117579285138337e-02,  0.0000000000000000e+00
 7.9620379620379618e+00,  6.3368403903713340e+02, -8.7055001841323185e-02,  2.9866398072877981e+01, -2.4666413381534111e-02,  9.2254023926681403e-02,  5.0142754824685887e-01,  5.0481288884609276e+03,  1.3947565296416698e+02, -1.5000127668157955e+04,  1.0029568951569569e+01,  2.6664481048618818e+00,  4.1086530698076702e+00,  7.5884674304745516e-03,  1.7631142944506556e-01, -8.6247305182786738e-01,  2.7433066213374302e-01, -9.8845152105838220e-04,  1.2055825781537495e-02,  1.8383963249300220e-01,  0.0000000000000000e+00, -1.0369742143696686e-04, -3.4840751854581958e-03,  1.5078482450378700e-02,  0.0000000000000000e+00
 7.9720279720279716e+00,  6.3368397046604093e+02, -8.6647082660384012e-02,  2.9866399107050377e+01, -2.4674380246072346e-02,  9.2254891551012810e-02,  5.0141910289744873e-01,  5.0544537939040983e+03,  1.3987730223634284e+02, -1.5000128781949774e+04,  1.0029559635597042e+01,  2.6664842774918402e+00,  4.1137518770904835e+00,  7.5785876153876743e-03,  1.7643169340918727e-01, -8.6063573964416951e-01,  2.7433066213374302e-01, -9.8948616387084650e-04,  1.2020986293757174e-02,  1.8399007081001131e-01,  0.0000000000000000e+00, -1.0343806962721141e-04, -3.4907902680548939e-03,  1.5039268616483819e-02,  0.0000000000000000e+00
 7.9820179820179824e+00,  6.3368390170111115e+02, -8.6238704950896375e-02,  2.9866400039546988e+01, -2.4682348185069473e-02,  9.2255744469972104e-02,  5.0141066225353792e-01,  5.0607786627479500e+03,  1.4027951843575767e+02, -1.5000129899510255e+04,  1.0029550239116698e+01,  2.6665204670454061e+00,  4.1188506018944109e+00,  7.5686974771504581e-03,  1.7655160899139438e-01, -8.5879692653695794e-01,  2.7433066213374302e-01, -9.9051821585603109e-04,  1.1986079868724164e-02,  1.8414011684291215e-01,  0.0000000000000000e+00, -1.0317873780670375e-04, -3.4974760235535270e-03,  1.4999947170263745e-02,  0.0000000000000000e+00
 7.9920079920079923e+00,  6.3368383274240932e+02, -8.5829870041715731e-02,  2.9866400870379184e+01, -2.4690317173440023e-02,  9.2256582673526349e-02,  5.0140222633297005e-01,  5.0671034949395826e+03,  1.4068230155496261e+02, -1.5000131020841829e+04,  1.0029540762120410e+01,  2.6665566733827566e+00,  4.1239492442405421e+00,  7.5587970416442964e-03,  1.7667117552444650e-01, -8.5695661643052479e-01,  2.7433066213374302e-01, -9.9154767729263708e-04,  1.1951106800500015e-02,  1.8428976956221563e-01,  0.0000000000000000e+00, -1.0291944179301518e-04, -3.5041322350274034e-03,  1.4960527232651587e-02,  0.0000000000000000e+00
 8.0019980019980022e+00,  6.3368376359001070e+02, -8.5420579262452945e-02,  2.9866401599558969e+01, -2.4698287186139624e-02,  9.2257406151770124e-02,  5.0139379515357241e-01,  5.0734282904260590e+03,  1.4108565158649213e+02, -1.5000132145946749e+04,  1.0029531204600346e+01,  2.6665928963639720e+00,  4.1290478041501473e+00,  7.5488863347470091e-03,  1.7679039234405172e-01, -8.5511481325899164e-01,  2.7433066213374302e-01, -9.9257454863791719e-04,  1.1916067385150317e-02,  1.8443902803621623e-01,  0.0000000000000000e+00, -1.0266020152322924e-04, -3.5107587180885236e-03,  1.4921019260625069e-02,  0.0000000000000000e+00
 8.0119880119880111e+00,  6.3368369424398611e+02, -8.5010833943468478e-02,  2.9866402227098703e+01, -2.4706258198169156e-02,  9.2258214894925500e-02,  5.0138536873314510e-01,  5.0797530491544712e+03,  1.4148956852286520e+02, -1.5000133274827380e+04,  1.0029521566548899e+01,  2.6666291358490732e+00,  4.1341462816446635e+00,  7.5389653823308526e-03,  1.7690925878888505e-01, -8.5327152096526593e-01,  2.7433066213374302e-01, -9.9359883058154738e-04,  1.1880961920703030e-02,  1.8458789145309634e-01,  0.0000000000000000e+00, -1.0240104360039694e-04, -3.5173552641529025e-03,  1.4881436800419204e-02,  0.0000000000000000e+00
 8.0219780219780219e+00,  6.3368362470441036e+02, -8.4600635415867320e-02,  2.9866402753011499e+01, -2.4714230184579713e-02,  9.2259008893342612e-02,  5.0137694708944103e-01,  5.0860777710719030e+03,  1.4189405235658305e+02, -1.5000134407486041e+04,  1.0029511847958691e+01,  2.6666653916979937e+00,  4.1392446767456823e+00,  7.5290342102598655e-03,  1.7702777420060922e-01, -8.5142674349968905e-01,  2.7433066213374302e-01, -9.9462052412932858e-04,  1.1845790707004733e-02,  1.8473635915411030e-01,  0.0000000000000000e+00, -1.0214200468305287e-04, -3.5239217180348319e-03,  1.4841796945858765e-02,  0.0000000000000000e+00
 8.0319680319680327e+00,  6.3368355497135713e+02, -8.4189985011490109e-02,  2.9866403177310644e+01, -2.4722203120478844e-02,  9.2259788137499202e-02,  5.0136853024014361e-01,  5.0924024561254264e+03,  1.4229910308013103e+02, -1.5000135543924987e+04,  1.0029502048822636e+01,  2.6667016637705823e+00,  4.1443429894749606e+00,  7.5190928443862092e-03,  1.7714593792389016e-01, -8.4958048481833037e-01,  2.7433066213374302e-01, -9.9563963069547934e-04,  1.1810554045137681e-02,  1.8488443067235025e-01,  0.0000000000000000e+00, -1.0188312984262980e-04, -3.5304579879592004e-03,  1.4802121002488955e-02,  0.0000000000000000e+00
 8.0419580419580416e+00,  6.3368348504490177e+02, -8.3778884062902070e-02,  2.9866403500010279e+01, -2.4730176981036980e-02,  9.2260552617999411e-02,  5.0136011820285198e-01,  5.0987271042621305e+03,  1.4270472068597769e+02, -1.5000136684146506e+04,  1.0029492169133880e+01,  2.6667379519266428e+00,  4.1494412198544479e+00,  7.5091413105456703e-03,  1.7726374930640618e-01, -8.4773274888086092e-01,  2.7433066213374302e-01, -9.9665615217933321e-04,  1.1775252236810411e-02,  1.8503210577118631e-01,  0.0000000000000000e+00, -1.0162447122491301e-04, -3.5369640391602359e-03,  1.4762433784490679e-02,  0.0000000000000000e+00
 8.0519480519480524e+00,  6.3368341492512502e+02, -8.3367333903379220e-02,  2.9866403721124978e+01, -2.4738151741493304e-02,  9.2261302325572836e-02,  5.0135171099504761e-01,  5.1050517154291210e+03,  1.4311090516657549e+02, -1.5000137828152872e+04,  1.0029482208885796e+01,  2.6667742560258660e+00,  4.1545393679062288e+00,  7.4991796345524565e-03,  1.7738120769885141e-01, -8.4588353964807694e-01,  2.7433066213374302e-01, -9.9767009102882010e-04,  1.1739885583912098e-02,  1.8517938447599552e-01,  0.0000000000000000e+00, -1.0136608644238261e-04, -3.5434398710823423e-03,  1.4722762918315297e-02,  0.0000000000000000e+00
 8.0619380619380614e+00,  6.3368334461210281e+02, -8.2955335866892257e-02,  2.9866403840669825e+01, -2.4746127377160834e-02,  9.2262037251073403e-02,  5.0134330863407939e-01,  5.1113762895734471e+03,  1.4351765651435971e+02, -1.5000138975946298e+04,  1.0029472168072070e+01,  2.6668105759278986e+00,  4.1596374336525814e+00,  7.4892078421934464e-03,  1.7749831245493589e-01, -8.4403286107914277e-01,  2.7433066213374302e-01, -9.9868145026885038e-04,  1.1704454388040523e-02,  1.8532626709628977e-01,  0.0000000000000000e+00, -1.0110803341168455e-04, -3.5498855424069718e-03,  1.4683137664592621e-02,  0.0000000000000000e+00
 8.0719280719280722e+00,  6.3368327410591542e+02, -8.2542891288089837e-02,  2.9866403858660401e+01, -2.4754103863430167e-02,  9.2262757385479566e-02,  5.0133491113713968e-01,  5.1177008266422363e+03,  1.4392497472175032e+02, -1.5000140127529021e+04,  1.0029462046686499e+01,  2.6668469114923012e+00,  4.1647354171159225e+00,  7.4792259592224098e-03,  1.7761506293137969e-01, -8.4218071712867060e-01,  2.7433066213374302e-01, -9.9969023349753914e-04,  1.1668958950264199e-02,  1.8547275423563411e-01,  0.0000000000000000e+00, -1.0085036897178417e-04, -3.5563011004130186e-03,  1.4643587632147617e-02,  0.0000000000000000e+00
 8.0819180819180811e+00,  6.3368320340664366e+02, -8.2130001502278768e-02,  2.9866403775113017e+01, -2.4762081175772378e-02,  9.2263462719891443e-02,  5.0132651852125298e-01,  5.1240253265825631e+03,  1.4433285978114949e+02, -1.5000141282903267e+04,  1.0029451844723312e+01,  2.6668832625785650e+00,  4.1698333183188447e+00,  7.4692340113543349e-03,  1.7773145848790819e-01, -8.4032711174376551e-01,  2.7433066213374302e-01, -1.0006964448688847e-03,  1.1633399571029292e-02,  1.8561884679185248e-01,  0.0000000000000000e+00, -1.0059314757162909e-04, -3.5626866224153808e-03,  1.4604142122770544e-02,  0.0000000000000000e+00
 8.0919080919080919e+00,  6.3368313251437166e+02, -8.1716667845403074e-02,  2.9866403590044346e+01, -2.4770059289740534e-02,  9.2264153245533970e-02,  5.0131813080325649e-01,  5.1303497893415124e+03,  1.4474131168494418e+02, -1.5000142442071119e+04,  1.0029441562176821e+01,  2.6669196290461215e+00,  4.1749311372840943e+00,  7.4592320242599947e-03,  1.7784749848724440e-01, -8.3847204886110116e-01,  2.7433066213374302e-01, -1.0017000890467516e-03,  1.1597776550333625e-02,  1.8576454594926509e-01,  0.0000000000000000e+00, -1.0033641685511706e-04, -3.5690421206503150e-03,  1.4564829194536033e-02,  0.0000000000000000e+00
 8.1018981018981027e+00,  6.3368306142918084e+02, -8.1302891654024489e-02,  2.9866403303471621e+01, -2.4778038180971133e-02,  9.2264828953754791e-02,  5.0130974799978956e-01,  5.1366742148661906e+03,  1.4515033042550425e+02, -1.5000143605034857e+04,  1.0029431199041653e+01,  2.6669560107543306e+00,  4.1800288740345870e+00,  7.4492200235611915e-03,  1.7796318229510769e-01, -8.3661553240411957e-01,  2.7433066213374302e-01, -1.0027011711615554e-03,  1.1562090188037447e-02,  1.8590985316686864e-01,  0.0000000000000000e+00, -1.0008022251074817e-04, -3.5753676112501706e-03,  1.4525675766385821e-02,  0.0000000000000000e+00
 8.1118881118881117e+00,  6.3368299015115770e+02, -8.0888674265296501e-02,  2.9866402915412820e+01, -2.4786017825185129e-02,  9.2265489836025269e-02,  5.0130137012728093e-01,  5.1429986031036915e+03,  1.4555991599518239e+02, -1.5000144771796542e+04,  1.0029420755312673e+01,  2.6669924075624754e+00,  4.1851265285933881e+00,  7.4391980348261976e-03,  1.7807850928021218e-01, -8.3475756628034459e-01,  2.7433066213374302e-01, -1.0036996967699556e-03,  1.1526340784115685e-02,  1.8605477016641886e-01,  0.0000000000000000e+00, -9.9824604290980711e-05, -3.5816630538869285e-03,  1.4486707543569070e-02,  0.0000000000000000e+00
 8.1218781218781224e+00,  6.3368291868038693e+02, -8.0474017016944080e-02,  2.9866402425886218e+01, -2.4793998198189404e-02,  9.2266135883941836e-02,  5.0129299720193710e-01,  5.1493229540011225e+03,  1.4597006838631654e+02, -1.5000145942358411e+04,  1.0029410230984986e+01,  2.6670288193297909e+00,  4.1902241009837136e+00,  7.4291660835657880e-03,  1.7819347881427083e-01, -8.3289815437881654e-01,  2.7433066213374302e-01, -1.0046956718250542e-03,  1.1490528638978023e-02,  1.8619929892460516e-01,  0.0000000000000000e+00, -9.9569601739761001e-05, -3.5879284026728840e-03,  1.4447949845327030e-02,  0.0000000000000000e+00
 8.1318681318681314e+00,  6.3368284701695643e+02, -8.0058921247235820e-02,  2.9866401834910782e+01, -2.4801979275878759e-02,  9.2266767089224988e-02,  5.0128462923972794e-01,  5.1556472675055611e+03,  1.4638078759122726e+02, -1.5000147116722490e+04,  1.0029399626053921e+01,  2.6670652459154400e+00,  4.1953215912289403e+00,  7.4191241952292937e-03,  1.7830809027199995e-01, -8.3103730056756531e-01,  2.7433066213374302e-01, -1.0056891026725206e-03,  1.1454654053592956e-02,  1.8634344166970068e-01,  0.0000000000000000e+00, -9.9315253923013957e-05, -3.5941635914175842e-03,  1.4409427722799222e-02,  0.0000000000000000e+00
 8.1418581418581422e+00,  6.3368277516095395e+02, -7.9643388294957415e-02,  2.9866401142506120e+01, -2.4809961034238572e-02,  9.2267383443721346e-02,  5.0127626625637001e-01,  5.1619715435641156e+03,  1.4679207360221835e+02, -1.5000148294890872e+04,  1.0029388940515089e+01,  2.6671016871785285e+00,  4.2004189993525900e+00,  7.4090723952007029e-03,  1.7842234303112584e-01, -8.2917500869111027e-01,  2.7433066213374302e-01, -1.0066799960509413e-03,  1.1418717329723578e-02,  1.8648720088537413e-01,  0.0000000000000000e+00, -9.9061600436813882e-05, -3.6003685272319066e-03,  1.4371167255023951e-02,  0.0000000000000000e+00
 8.1518481518481511e+00,  6.3368270311247068e+02, -7.9227419499383056e-02,  2.9866400348692277e+01, -2.4817943449348012e-02,  9.2267984939402289e-02,  5.0126790826731116e-01,  5.1682957821238970e+03,  1.4720392641157852e+02, -1.5000149476865714e+04,  1.0029378174364277e+01,  2.6671381429780845e+00,  4.2055163253783450e+00,  7.3990107087947097e-03,  1.7853623647239403e-01, -8.2731128256785758e-01,  2.7433066213374302e-01, -1.0076683591141334e-03,  1.1382718769791451e-02,  1.8663057931999150e-01,  0.0000000000000000e+00, -9.8808684814245994e-05, -3.6065431711802915e-03,  1.4333195355372965e-02,  0.0000000000000000e+00
 8.1618381618381619e+00,  6.3368263087159562e+02, -7.8811016200244458e-02,  2.9866399453489848e+01, -2.4825926497384285e-02,  9.2268571568364322e-02,  5.0125955528771193e-01,  5.1746199831319991e+03,  1.4761634601157868e+02, -1.5000150662648990e+04,  1.0029367327597589e+01,  2.6671746131731036e+00,  4.2106135693300235e+00,  7.3889391612523688e-03,  1.7864976997957321e-01, -8.2544612598741418e-01,  2.7433066213374302e-01, -1.0086541994635701e-03,  1.1346658676753342e-02,  1.8677357999901315e-01,  0.0000000000000000e+00, -9.8556553160906047e-05, -3.6126874548467552e-03,  1.4295540588083227e-02,  0.0000000000000000e+00
 8.1718281718281727e+00,  6.3368255843842348e+02, -7.8394179737697578e-02,  2.9866398456920145e+01, -2.4833910154626160e-02,  9.2269143322828998e-02,  5.0125120733242012e-01,  5.1809441465355367e+03,  1.4802933239447478e+02, -1.5000151852242809e+04,  1.0029356400211274e+01,  2.6672110976225101e+00,  4.2157107312315771e+00,  7.3788577777364949e-03,  1.7876294293946204e-01, -8.2357954270773714e-01,  2.7433066213374302e-01, -1.0096375251749190e-03,  1.1310537353867335e-02,  1.8691620623987421e-01,  0.0000000000000000e+00, -9.8305254233206740e-05, -3.6188013871327794e-03,  1.4258232828974024e-02,  0.0000000000000000e+00
 8.1818181818181817e+00,  6.3368248581304442e+02, -7.7976911452287911e-02,  2.9866397359004953e+01, -2.4841894397458247e-02,  9.2269700195141191e-02,  5.0124286441595822e-01,  5.1872682722816089e+03,  1.4844288555250472e+02, -1.5000153045649151e+04,  1.0029345392201838e+01,  2.6672475961851760e+00,  4.2208078111071234e+00,  7.3687665833267963e-03,  1.7887575474188824e-01, -8.2171153645215200e-01,  2.7433066213374302e-01, -1.0106183448202414e-03,  1.1274355104422977e-02,  1.8705846166482668e-01,  0.0000000000000000e+00, -9.8054838760306632e-05, -3.6248849516278816e-03,  1.4221303246510001e-02,  0.0000000000000000e+00
 8.1918081918081924e+00,  6.3368241299555586e+02, -7.7559212684911921e-02,  2.9866396159766623e+01, -2.4849879202374869e-02,  9.2270242177769898e-02,  5.0123452655249567e-01,  5.1935923603173069e+03,  1.4885700547789170e+02, -1.5000154242870083e+04,  1.0029334303566147e+01,  2.6672841087199126e+00,  4.2259048089808982e+00,  7.3586656030148120e-03,  1.7898820477971025e-01, -8.1984211090624215e-01,  2.7433066213374302e-01, -1.0115966674869462e-03,  1.1238112231495742e-02,  1.8720035021094630e-01,  0.0000000000000000e+00, -9.7805359114028244e-05, -3.6309382084047104e-03,  1.4184783686644714e-02,  0.0000000000000000e+00
 8.2017982017982014e+00,  6.3368233998605251e+02, -7.7141084776779334e-02,  2.9866394859228137e+01, -2.4857864545983075e-02,  9.2270769263306379e-02,  5.0122619375583399e-01,  5.1999164105897889e+03,  1.4927169216284210e+02, -1.5000155443907506e+04,  1.0029323134301112e+01,  2.6673206350854968e+00,  4.2310017248772684e+00,  7.3485548616986857e-03,  1.7910029244881123e-01, -8.1797126971467060e-01,  2.7433066213374302e-01, -1.0125725027774308e-03,  1.1201809037758630e-02,  1.8734187613525072e-01,  0.0000000000000000e+00, -9.7556866040964636e-05, -3.6369611777653799e-03,  1.4148706359098564e-02,  0.0000000000000000e+00
 8.2117882117882122e+00,  6.3368226678462997e+02, -7.6722529069371048e-02,  2.9866393457413089e+01, -2.4865850405005527e-02,  9.2271281444464920e-02,  5.0121786603938634e-01,  5.2062404230461316e+03,  1.4968694559954494e+02, -1.5000156648763412e+04,  1.0029311884403979e+01,  2.6673571751406215e+00,  4.2360985588207543e+00,  7.3384343841781004e-03,  1.7921201714809704e-01, -8.1609901647796546e-01,  2.7433066213374302e-01, -1.0135458607997048e-03,  1.1165445825390094e-02,  1.8748304401533822e-01,  0.0000000000000000e+00, -9.7309410018288635e-05, -3.6429539384153437e-03,  1.4113103234416354e-02,  0.0000000000000000e+00
 8.2217782217782212e+00,  6.3368219339138807e+02, -7.6303546904397543e-02,  2.9866391954345499e+01, -2.4873836756282589e-02,  9.2271778714080002e-02,  5.0120954341615920e-01,  5.2125643976334659e+03,  1.5010276578017510e+02, -1.5000157857439861e+04,  1.0029300553872222e+01,  2.6673937287439826e+00,  4.2411953108359635e+00,  7.3283041951492413e-03,  1.7932337827948835e-01, -8.1422535474932922e-01,  2.7433066213374302e-01, -1.0145167521490284e-03,  1.1129022895994869e-02,  1.8762385874485915e-01,  0.0000000000000000e+00, -9.7063038116311582e-05, -3.6489165265090511e-03,  1.4078005615676152e-02,  0.0000000000000000e+00
 8.2317682317682319e+00,  6.3368211980642468e+02, -7.5884139623754038e-02,  2.9866390350050125e+01, -2.4881823576774448e-02,  9.2272261065109593e-02,  5.0120122589874194e-01,  5.2188883342988756e+03,  1.5051915269688902e+02, -1.5000159069938682e+04,  1.0029289142703506e+01,  2.6674302957541691e+00,  4.2462919809476638e+00,  7.3181643192000980e-03,  1.7943437524791711e-01, -8.1235028803151477e-01,  2.7433066213374302e-01, -1.0154851878793039e-03,  1.1092540550741482e-02,  1.8776432552625899e-01,  0.0000000000000000e+00, -9.6817795084854947e-05, -3.6548489932189529e-03,  1.4043444020570143e-02,  0.0000000000000000e+00
 8.2417582417582409e+00,  6.3368204602984258e+02, -7.5464308569475960e-02,  2.9866388644552263e+01, -2.4889810843562045e-02,  9.2272728490631922e-02,  5.0119291349928463e-01,  5.2252122329895183e+03,  1.5093610634182789e+02, -1.5000160286261793e+04,  1.0029277650895770e+01,  2.6674668760297693e+00,  4.2513885691807323e+00,  7.3080147808059987e-03,  1.7954500746132135e-01, -8.1047381977377964e-01,  2.7433066213374302e-01, -1.0164511794787218e-03,  1.1055999090290033e-02,  1.8790444986232652e-01,  0.0000000000000000e+00, -9.6573723118594041e-05, -3.6607513891612768e-03,  1.4009448060148181e-02,  0.0000000000000000e+00
 8.2517482517482517e+00,  6.3368197206174148e+02, -7.5044055083691705e-02,  2.9866386837877791e+01, -2.4897798533849134e-02,  9.2273180983846514e-02,  5.0118460622949124e-01,  5.2315360936525058e+03,  1.5135362670711683e+02, -1.5000161506411137e+04,  1.0029266078447147e+01,  2.6675034694293203e+00,  4.2564850755601578e+00,  7.2978556043253985e-03,  1.7965527433064019e-01, -8.0859595336893086e-01,  2.7433066213374302e-01, -1.0174147388446650e-03,  1.1019398815050978e-02,  1.8804423754645855e-01,  0.0000000000000000e+00, -9.6330861961332586e-05, -3.6666237135010386e-03,  1.3976046306434399e-02,  0.0000000000000000e+00
 8.2617382617382624e+00,  6.3368189790222527e+02, -7.4623380508574810e-02,  2.9866384930053201e+01, -2.4905786624963334e-02,  9.2273618538074600e-02,  5.0117630410059999e-01,  5.2378599162349428e+03,  1.5177171378486423e+02, -1.5000162730388605e+04,  1.0029254425355971e+01,  2.6675400758112904e+00,  4.2615815001110171e+00,  7.2876868139959139e-03,  1.7976517526981389e-01, -8.0671669215047348e-01,  2.7433066213374302e-01, -1.0183758782631505e-03,  1.0982740025252541e-02,  1.8818369465444751e-01,  0.0000000000000000e+00, -9.6089249601366195e-05, -3.6724660043414197e-03,  1.3943266709606343e-02,  0.0000000000000000e+00
 8.2717282717282714e+00,  6.3368182355139686e+02, -7.4202286186294555e-02,  2.9866382921105657e+01, -2.4913775094358145e-02,  9.2274041146758468e-02,  5.0116800712337239e-01,  5.2441837006839714e+03,  1.5219036756716247e+02, -1.5000163958196010e+04,  1.0029242691620905e+01,  2.6675766950341462e+00,  4.2666778428585213e+00,  7.2775084339305306e-03,  1.7987470969578009e-01, -8.0483603938982107e-01,  2.7433066213374302e-01, -1.0193346103981574e-03,  1.0946023020980935e-02,  1.8832282753937424e-01,  0.0000000000000000e+00, -9.5848923826995352e-05, -3.6782782508341305e-03,  1.3911136852719946e-02,  0.0000000000000000e+00
 8.2817182817182822e+00,  6.3368174900936322e+02, -7.3780773458965360e-02,  2.9866380811062736e+01, -2.4921763919614627e-02,  9.2274448803461390e-02,  5.0115971530808034e-01,  5.2505074469467063e+03,  1.5260958804608799e+02, -1.5000165189835268e+04,  1.0029230877240680e+01,  2.6676133269562934e+00,  4.2717741038279842e+00,  7.2673204881138331e-03,  1.7998387702847485e-01, -8.0295399829354297e-01,  2.7433066213374302e-01, -1.0202909482833272e-03,  1.0909248102156811e-02,  1.8846164282733538e-01,  0.0000000000000000e+00, -9.5609920783995097e-05, -3.6840604977557171e-03,  1.3879683797104565e-02,  0.0000000000000000e+00
 8.2917082917082912e+00,  6.3368167427623018e+02, -7.3358843668593965e-02,  2.9866378599952743e+01, -2.4929753078443286e-02,  9.2274841501867474e-02,  5.0115142866448281e-01,  5.2568311549702648e+03,  1.5302937521370001e+02, -1.5000166425308176e+04,  1.0029218982214356e+01,  2.6676499714361075e+00,  4.2768702830447962e+00,  7.2571230003983965e-03,  1.8009267669082818e-01, -8.0107057200066356e-01,  2.7433066213374302e-01, -1.0212449053157388e-03,  1.0872415568460901e-02,  1.8860014741523179e-01,  0.0000000000000000e+00, -9.5372277104817819e-05, -3.6898127481654022e-03,  1.3848934699757310e-02,  0.0000000000000000e+00
 8.3016983016983019e+00,  6.3368159935210588e+02, -7.2936498157025784e-02,  2.9866376287804574e+01, -2.4937742548686331e-02,  9.2275219235780914e-02,  5.0114314720182263e-01,  5.2631548247017972e+03,  1.5344972906204259e+02, -1.5000167664616491e+04,  1.0029207006541160e+01,  2.6676866283319289e+00,  4.2819663805344499e+00,  7.2469159945011312e-03,  1.8020110810876377e-01, -7.9918576357995197e-01,  2.7433066213374302e-01, -1.0221964952641166e-03,  1.0835525719379459e-02,  1.8873834847004603e-01,  0.0000000000000000e+00, -9.5136030560433448e-05, -3.6955350379395233e-03,  1.3818916474049925e-02,  0.0000000000000000e+00
 8.3116883116883109e+00,  6.3368152423709887e+02, -7.2513738265890429e-02,  2.9866373874647749e+01, -2.4945732308319715e-02,  9.2275581999125583e-02,  5.0113487092880393e-01,  5.2694784560884236e+03,  1.5387064958314352e+02, -1.5000168907762112e+04,  1.0029194950220610e+01,  2.6677232975020719e+00,  4.2870623963225221e+00,  7.2366994939995133e-03,  1.8030917071119540e-01, -7.9729957602723611e-01,  2.7433066213374302e-01, -1.0231457322612335e-03,  1.0798578854030605e-02,  1.8887625342765324e-01,  0.0000000000000000e+00, -9.4901216262374062e-05, -3.7012274049011964e-03,  1.3789656038916381e-02,  0.0000000000000000e+00
 8.3216783216783217e+00,  6.3368144893131739e+02, -7.2090565336543649e-02,  2.9866371360512275e+01, -2.4953722335454752e-02,  9.2275929785945121e-02,  5.0112659985357855e-01,  5.2758020490772769e+03,  1.5429213676901372e+02, -1.5000170154746735e+04,  1.0029182813252334e+01,  2.6677599788048072e+00,  4.2921583304346775e+00,  7.2264735223280798e-03,  1.8041686393002312e-01, -7.9541201226271618e-01,  2.7433066213374302e-01, -1.0240926307999996e-03,  1.0761575270916103e-02,  1.8901386999050404e-01,  0.0000000000000000e+00, -9.4667871216787101e-05, -3.7068899344298838e-03,  1.3761179847173920e-02,  0.0000000000000000e+00
 8.3316683316683324e+00,  6.3368137343487479e+02, -7.1666980710011194e-02,  2.9866368745428932e+01, -2.4961712608340167e-02,  9.2276262590401212e-02,  5.0111833398373518e-01,  5.2821256036154828e+03,  1.5471419061164863e+02, -1.5000171405572135e+04,  1.0029170595636225e+01,  2.6677966720983917e+00,  4.2972541828966397e+00,  7.2162381027747365e-03,  1.8052418720012481e-01, -7.9352307512832465e-01,  2.7433066213374302e-01, -1.0250372057290984e-03,  1.0724515267994214e-02,  1.8915120612351863e-01,  0.0000000000000000e+00, -9.4436029570557091e-05, -3.7125226507232325e-03,  1.3733513978980634e-02,  0.0000000000000000e+00
 8.3416583416583414e+00,  6.3368129774788383e+02, -7.1242985726928221e-02,  2.9866366029428924e+01, -2.4969703105363301e-02,  9.2276580406774486e-02,  5.0111007332628577e-01,  5.2884491196502031e+03,  1.5513681110302682e+02, -1.5000172660240105e+04,  1.0029158297372428e+01,  2.6678333772410525e+00,  4.3023499537342218e+00,  7.2059932584773488e-03,  1.8063113995935368e-01, -7.9163276738512345e-01,  2.7433066213374302e-01, -1.0259794722333234e-03,  1.0687399142583997e-02,  1.8928827004833998e-01,  0.0000000000000000e+00, -9.4205724575297341e-05, -3.7181256564022777e-03,  1.3706683770254517e-02,  0.0000000000000000e+00
 8.3516483516483522e+00,  6.3368122187045481e+02, -7.0818581727479762e-02,  2.9866363212544261e+01, -2.4977693805050848e-02,  9.2276883229462037e-02,  5.0110181788765107e-01,  5.2947725971285654e+03,  1.5555999823511186e+02, -1.5000173918752313e+04,  1.0029145918461262e+01,  2.6678700940909912e+00,  4.3074456429732972e+00,  7.1957390124204245e-03,  1.8073772164852808e-01, -7.8974109171077544e-01,  2.7433066213374302e-01, -1.0269194458179484e-03,  1.0650227191130386e-02,  1.8942507023404995e-01,  0.0000000000000000e+00, -9.3976987066597928e-05, -3.7236990246109101e-03,  1.3680713408880534e-02,  0.0000000000000000e+00
 8.3616383616383612e+00,  6.3368114580270810e+02, -7.0393770051339871e-02,  2.9866360294807450e+01, -2.4985684686070032e-02,  9.2277171052979126e-02,  5.0109356767365365e-01,  5.3010960359976962e+03,  1.5598375199985011e+02, -1.5000175181110466e+04,  1.0029133458903182e+01,  2.6679068225063887e+00,  4.3125412506397920e+00,  7.1854753874320354e-03,  1.8084393171142421e-01, -7.8784805069713049e-01,  2.7433066213374302e-01, -1.0278571422857410e-03,  1.0612999709357767e-02,  1.8956161538653868e-01,  0.0000000000000000e+00, -9.3749845785507494e-05, -3.7292428262674709e-03,  1.3655626119364203e-02,  0.0000000000000000e+00
 8.3716283716283719e+00,  6.3368106954475479e+02, -6.9968552037609863e-02,  2.9866357276251641e+01, -2.4993675727228916e-02,  9.2277443871957063e-02,  5.0108532268950567e-01,  5.3074194362047620e+03,  1.5640807238917219e+02, -1.5000176447316266e+04,  1.0029120918698998e+01,  2.6679435623454029e+00,  4.3176367767596906e+00,  7.1752024061809494e-03,  1.8094976959476899e-01, -7.8595364684790758e-01,  2.7433066213374302e-01, -1.0287925777084904e-03,  1.0575716992266773e-02,  1.8969791443678577e-01,  0.0000000000000000e+00, -9.3524325848938849e-05, -3.7347571353495254e-03,  1.3631443740105092e-02,  0.0000000000000000e+00
 8.3816183816183809e+00,  6.3368099309671152e+02, -6.9542929024754938e-02,  2.9866354156910557e+01, -2.5001666907476464e-02,  9.2277701681143798e-02,  5.0107708293980302e-01,  5.3137427976968856e+03,  1.5683295939499288e+02, -1.5000177717371391e+04,  1.0029108297849582e+01,  2.6679803134661819e+00,  4.3227322213590256e+00,  7.1649200911741238e-03,  1.8105523474823274e-01, -7.8405788257651543e-01,  2.7433066213374302e-01, -1.0297257684034773e-03,  1.0538379334181513e-02,  1.8983397652785211e-01,  0.0000000000000000e+00, -9.3300451287433155e-05, -3.7402420133196370e-03,  1.3608186891375950e-02,  0.0000000000000000e+00
 8.3916083916083917e+00,  6.3368091645870049e+02, -6.9116902350542034e-02,  2.9866350936818527e+01, -2.5009658205903069e-02,  9.2277944475403370e-02,  5.0106884842851629e-01,  5.3200661204212347e+03,  1.5725841300921081e+02, -1.5000178991277482e+04,  1.0029095596356147e+01,  2.6680170757268353e+00,  4.3278275844638596e+00,  7.1546284647543068e-03,  1.8116032662442297e-01, -7.8216076020399450e-01,  2.7433066213374302e-01, -1.0306567309095061e-03,  1.0500987028722241e-02,  1.8996981100149918e-01,  0.0000000000000000e+00, -9.3078242437851321e-05, -3.7456975394388153e-03,  1.3585874736144716e-02,  0.0000000000000000e+00
 8.4015984015984024e+00,  6.3368083963083654e+02, -6.8690473351975465e-02,  2.9866347616010671e+01, -2.5017649601740497e-02,  9.2278172249714976e-02,  5.0106061915898337e-01,  5.3263894043249602e+03,  1.5768443322370766e+02, -1.5000180269036178e+04,  1.0029082814219992e+01,  2.6680538489855006e+00,  4.3329228661003159e+00,  7.1443275490980082e-03,  1.8126504467887655e-01, -7.8026228195710456e-01,  2.7433066213374302e-01, -1.0315854819643118e-03,  1.0463540368857266e-02,  1.9010542738567096e-01,  0.0000000000000000e+00, -9.2857718715877349e-05, -3.7511237657158426e-03,  1.3564525371667073e-02,  0.0000000000000000e+00
 8.4115884115884114e+00,  6.3368076261324472e+02, -6.8263643365232538e-02,  2.9866344194522462e+01, -2.5025641074361959e-02,  9.2278384999174470e-02,  5.0105239513390409e-01,  5.3327126493551750e+03,  1.5811102003035003e+02, -1.5000181550649093e+04,  1.0029069951442645e+01,  2.6680906331002632e+00,  4.3380180662945236e+00,  7.1340173662135615e-03,  1.8136938837005448e-01, -7.7836244996651860e-01,  2.7433066213374302e-01, -1.0325120384864525e-03,  1.0426039647092249e-02,  1.9024083538303405e-01,  0.0000000000000000e+00, -9.2638897016713651e-05, -3.7565207316405040e-03,  1.3544155700418741e-02,  0.0000000000000000e+00
 8.4215784215784222e+00,  6.3368068540604395e+02, -6.7836413725599148e-02,  2.9866340672390251e+01, -2.5033632603282185e-02,  9.2278582718991628e-02,  5.0104417635533194e-01,  5.3390358554590830e+03,  1.5853817342098873e+02, -1.5000182836117818e+04,  1.0029057008025868e+01,  2.6681274279292300e+00,  4.3431131850726388e+00,  7.1236979379394379e-03,  1.8147335715933793e-01, -7.7646126626513590e-01,  2.7433066213374302e-01, -1.0334364175533051e-03,  1.0388485155258680e-02,  1.9037604485929391e-01,  0.0000000000000000e+00, -9.2421792167177207e-05, -3.7618885334399213e-03,  1.3524781446806286e-02,  0.0000000000000000e+00
 8.4315684315684312e+00,  6.3368060800935666e+02, -6.7408785767403639e-02,  2.9866337049650816e+01, -2.5041624168157639e-02,  9.2278765404491342e-02,  5.0103596282467233e-01,  5.3453590225838034e+03,  1.5896589338745730e+02, -1.5000184125443926e+04,  1.0029043983971610e+01,  2.6681642333304736e+00,  4.3482082224608654e+00,  7.1133692859427665e-03,  1.8157695051101869e-01, -7.7455873278651277e-01,  2.7433066213374302e-01, -1.0343586363914031e-03,  1.0350877184530040e-02,  1.9051106583269192e-01,  0.0000000000000000e+00, -9.2206419220033760e-05, -3.7672272064342097e-03,  1.3506417427479080e-02,  0.0000000000000000e+00
 8.4415584415584419e+00,  6.3368053042330962e+02, -6.6980760823952171e-02,  2.9866333326341522e+01, -2.5049615748786294e-02,  9.2278933051112497e-02,  5.0102775454267323e-01,  5.3516821506765236e+03,  1.5939417992157414e+02, -1.5000185418629018e+04,  1.0029030879281988e+01,  2.6682010491620822e+00,  4.3533031784853629e+00,  7.1030314317178317e-03,  1.8168016789229557e-01, -7.7265485136338385e-01,  2.7433066213374302e-01, -1.0352787123597282e-03,  1.0313216025522747e-02,  1.9064590846352009e-01,  0.0000000000000000e+00, -9.1992789638677074e-05, -3.7725368268258239e-03,  1.3489077264321015e-02,  0.0000000000000000e+00
 8.4515484515484509e+00,  6.3368045264802367e+02, -6.6552340227461870e-02,  2.9866329502500641e+01, -2.5057607325107801e-02,  9.2279085654407886e-02,  5.0101955150942423e-01,  5.3580052396843848e+03,  1.5982303301514165e+02, -1.5000186715674627e+04,  1.0029017693959357e+01,  2.6682378752821352e+00,  4.3583980531723379e+00,  7.0926843965849300e-03,  1.8178300877326689e-01, -7.7074962372630262e-01,  2.7433066213374302e-01, -1.0361966629332147e-03,  1.0275501968115578e-02,  1.9078058304323550e-01,  0.0000000000000000e+00, -9.1780915173303031e-05, -3.7778174660893274e-03,  1.3472773594702532e-02,  0.0000000000000000e+00
 8.4615384615384617e+00,  6.3368037468362945e+02, -6.6123525308994652e-02,  2.9866325578166787e+01, -2.5065598877202628e-02,  9.2279223210043171e-02,  5.0101135372435146e-01,  5.3643282895545499e+03,  1.6025245265994531e+02, -1.5000188016582244e+04,  1.0029004428006200e+01,  2.6682747115486998e+00,  4.3634928465479978e+00,  7.0823282016891963e-03,  1.8188547262692326e-01, -7.6884305150238019e-01,  2.7433066213374302e-01, -1.0371125056875975e-03,  1.0237735301531624e-02,  1.9091509998330808e-01,  0.0000000000000000e+00, -9.1570804254155724e-05, -3.7830691840186172e-03,  1.3457517807831250e-02,  0.0000000000000000e+00
 8.4715284715284707e+00,  6.3368029653025144e+02, -6.5694317398391475e-02,  2.9866321553379237e+01, -2.5073590385292444e-02,  9.2279345713797312e-02,  5.0100316118621702e-01,  5.3706513002342017e+03,  1.6068243884775558e+02, -1.5000189321353382e+04,  1.0028991081425241e+01,  2.6683115578198673e+00,  4.3685875586385130e+00,  7.0719628679997634e-03,  1.8198755892914165e-01, -7.6693513621414866e-01,  2.7433066213374302e-01, -1.0380262582781420e-03,  1.0199916314206312e-02,  1.9104946980306273e-01,  0.0000000000000000e+00, -9.1362464372854118e-05, -3.7882920785088153e-03,  1.3443320107048863e-02,  0.0000000000000000e+00
 8.4815184815184814e+00,  6.3368021818801765e+02, -6.5264717824205398e-02,  2.9866317428178078e+01, -2.5081581829738651e-02,  9.2279453161560637e-02,  5.0099497389311454e-01,  5.3769742716704695e+03,  1.6111299157032732e+02, -1.5000190629989598e+04,  1.0028977654219410e+01,  2.6683484139537161e+00,  4.3736821894700437e+00,  7.0615884163090139e-03,  1.8208926715867563e-01, -7.6502587927854282e-01,  2.7433066213374302e-01, -1.0389379384197984e-03,  1.0162045293711499e-02,  1.9118370311594277e-01,  0.0000000000000000e+00, -9.1155900005233267e-05, -3.7934862243711467e-03,  1.3430189134934935e-02,  0.0000000000000000e+00
 8.4915084915084922e+00,  6.3368013965706143e+02, -6.4834727913635232e-02,  2.9866313202603845e+01, -2.5089573191041881e-02,  9.2279545549335984e-02,  5.0098679184247041e-01,  5.3832972038105536e+03,  1.6154411081939756e+02, -1.5000191942492309e+04,  1.0028964146391740e+01,  2.6683852798083336e+00,  4.3787767390687717e+00,  7.0512048672321335e-03,  1.8219059679714789e-01, -7.6311528200603762e-01,  2.7433066213374302e-01, -1.0398475638666964e-03,  1.0124122526928073e-02,  1.9131781061527547e-01,  0.0000000000000000e+00, -9.0951114445220638e-05, -3.7986516858513077e-03,  1.3418132228068640e-02,  0.0000000000000000e+00
 8.5014985014985012e+00,  6.3368006093751001e+02, -6.4404348992459989e-02,  2.9866308876697651e+01, -2.5097564449840858e-02,  9.2279622873237405e-02,  5.0097861503104324e-01,  5.3896200966016295e+03,  1.6197579658668957e+02, -1.5000193258862964e+04,  1.0028950557945530e+01,  2.6684221552418244e+00,  4.3838712074607962e+00,  7.0408122412067824e-03,  1.8229154732904382e-01, -7.6120334559991598e-01,  2.7433066213374302e-01, -1.0407551523871276e-03,  1.0086148300004961e-02,  1.9145180305975482e-01,  0.0000000000000000e+00, -9.0748107345128723e-05, -3.8037885441557307e-03,  1.3407155156692852e-02,  0.0000000000000000e+00
 8.5114885114885119e+00,  6.3367998202949661e+02, -6.3973582384972624e-02,  2.9866304450501460e+01, -2.5105555586911184e-02,  9.2279685129489586e-02,  5.0097044345493125e-01,  5.3959429499908583e+03,  1.6240804886390865e+02, -1.5000194579102994e+04,  1.0028936888884223e+01,  2.6684590401122756e+00,  4.3889655946722108e+00,  7.0304105584931302e-03,  1.8239211824170343e-01, -7.5929007115569291e-01,  2.7433066213374302e-01, -1.0416607217367737e-03,  1.0048122898325112e-02,  1.9158569125764702e-01,  0.0000000000000000e+00, -9.0546876454011604e-05, -3.8088968721502097e-03,  1.3397262061328694e-02,  0.0000000000000000e+00
 8.5214785214785209e+00,  6.3367990293315518e+02, -6.3542429413915455e-02,  2.9866299924057589e+01, -2.5113546583164038e-02,  9.2279732314428820e-02,  5.0096227710956498e-01,  5.4022657639254121e+03,  1.6284086764274582e+02, -1.5000195903213893e+04,  1.0028923139211459e+01,  2.6684959342778281e+00,  4.3940599007290775e+00,  7.0199998391740799e-03,  1.8249230902531405e-01, -7.5737545966070230e-01,  2.7433066213374302e-01, -1.0425642896383176e-03,  1.0010046606571817e-02,  1.9171948605099703e-01,  0.0000000000000000e+00, -9.0347417435073643e-05, -3.8139767368595306e-03,  1.3388455567345374e-02,  0.0000000000000000e+00
 8.5314685314685317e+00,  6.3367982364861825e+02, -6.3110891400413954e-02,  2.9866295297409252e+01, -2.5121537419644589e-02,  9.2279764424500518e-02,  5.0095411598972073e-01,  5.4085885383524783e+03,  1.6327425291487515e+02, -1.5000197231196988e+04,  1.0028909308931054e+01,  2.6685328375966009e+00,  4.3991541256573896e+00,  7.0095801031557015e-03,  1.8259211917290366e-01, -7.5545951199383488e-01,  2.7433066213374302e-01, -1.0434658737569222e-03,  9.9719197087657363e-03,  1.9185319830011455e-01,  0.0000000000000000e+00, -9.0149723109570886e-05, -3.8190282039179241e-03,  1.3380736705979019e-02,  0.0000000000000000e+00
 8.5414585414585407e+00,  6.3367974417602318e+02, -6.2678969663914147e-02,  2.9866290570600110e+01, -2.5129528077530511e-02,  9.2279781456261312e-02,  5.0094596008951708e-01,  5.4149112732192443e+03,  1.6370820467195529e+02, -1.5000198563053658e+04,  1.0028895398047004e+01,  2.6685697499267449e+00,  4.4042482694830918e+00,  6.9991513701679478e-03,  1.8269154818033434e-01, -7.5354222892543532e-01,  2.7433066213374302e-01, -1.0443654916822145e-03,  9.9337424883399108e-03,  1.9198683886822646e-01,  0.0000000000000000e+00, -8.9953785533953746e-05, -3.8240513253321737e-03,  1.3374105030026907e-02,  0.0000000000000000e+00
 8.5514485514485514e+00,  6.3367966451550296e+02, -6.2246665522117196e-02,  2.9866285743674386e+01, -2.5137518538130486e-02,  9.2279783406376423e-02,  5.0093780940242438e-01,  5.4212339684728722e+03,  1.6414272290562869e+02, -1.5000199898785346e+04,  1.0028881406563469e+01,  2.6686066711264349e+00,  4.4093423322320930e+00,  6.9887136597654477e-03,  1.8279059554629706e-01, -7.5162361111734688e-01,  2.7433066213374302e-01, -1.0452631609040993e-03,  9.8955152281750072e-03,  1.9212041860749599e-01,  0.0000000000000000e+00, -8.9759592705972171e-05, -3.8290461595049397e-03,  1.3368558775149558e-02,  0.0000000000000000e+00
 8.5614385614385622e+00,  6.3367958466720063e+02, -6.1813980290918502e-02,  2.9866280816677222e+01, -2.5145508782882523e-02,  9.2279770271621486e-02,  5.0092966392127058e-01,  5.4275566240605658e+03,  1.6457780760752240e+02, -1.5000201238393347e+04,  1.0028867334484787e+01,  2.6686436010538537e+00,  4.4144363139302145e+00,  6.9782669913287035e-03,  1.8288926077230588e-01, -7.4970365912308745e-01,  2.7433066213374302e-01, -1.0461588987975522e-03,  9.8572382105370261e-03,  1.9225394834420501e-01,  0.0000000000000000e+00, -8.9567133544683075e-05, -3.8340127717943831e-03,  1.3364094510575011e-02,  0.0000000000000000e+00
 8.5714285714285712e+00,  6.3367950463124987e+02, -6.1380915284343446e-02,  2.9866275789654001e+01, -2.5153498793352481e-02,  9.2279742048880717e-02,  5.0092152363824638e-01,  5.4338792399295153e+03,  1.6501345876924671e+02, -1.5000202581878970e+04,  1.0028853181815512e+01,  2.6686805395672084e+00,  4.4195302146032107e+00,  6.9678113840651972e-03,  1.8298754336269141e-01, -7.4778237338819198e-01,  2.7433066213374302e-01, -1.0470527226058887e-03,  9.8189117171463072e-03,  1.9238743886488055e-01,  0.0000000000000000e+00, -8.9376392884290198e-05, -3.8389512050275784e-03,  1.3360707728670698e-02,  0.0000000000000000e+00
 8.5814185814185819e+00,  6.3367942440779370e+02, -6.0947471814486939e-02,  2.9866270662651093e+01, -2.5161488551231983e-02,  9.2279698735147089e-02,  5.0091338854491074e-01,  5.4402018160268954e+03,  1.6544967638239669e+02, -1.5000203929243524e+04,  1.0028838948560313e+01,  2.6687174865247418e+00,  4.4246240342767527e+00,  6.9573468570109038e-03,  1.8308544282459652e-01, -7.4585975425066231e-01,  2.7433066213374302e-01, -1.0479446494227661e-03,  9.7805360292405018e-03,  1.9252090090306850e-01,  0.0000000000000000e+00, -8.9187355854554210e-05, -3.8438615137149903e-03,  1.3358392316556023e-02,  0.0000000000000000e+00
 8.5914085914085909e+00,  6.3367934399697072e+02, -6.0513651191453965e-02,  2.9866265435715203e+01, -2.5169478038336888e-02,  9.2279640327522214e-02,  5.0090525863220114e-01,  5.4465243522998971e+03,  1.6588646043855144e+02, -1.5000205280488408e+04,  1.0028824634724065e+01,  2.6687544417847144e+00,  4.4297177729764687e+00,  6.9468734290317755e-03,  1.8318295866797094e-01, -7.4393580194157727e-01,  2.7433066213374302e-01, -1.0488346961766547e-03,  9.7421114274381972e-03,  1.9265434512578988e-01,  0.0000000000000000e+00, -8.9000004273958989e-05, -3.8487437671062942e-03,  1.3357141072264767e-02,  0.0000000000000000e+00
 8.6013986013986017e+00,  6.3367926339892449e+02, -6.0079454723297537e-02,  2.9866260108893961e+01, -2.5177467236605276e-02,  9.2279566823215683e-02,  5.0089713389044488e-01,  5.4528468486957436e+03,  1.6632381092927483e+02, -1.5000206635614806e+04,  1.0028810240311762e+01,  2.6687914052054196e+00,  4.4348114307278301e+00,  6.9363911188255562e-03,  1.8328009040556431e-01, -7.4201051658581141e-01,  2.7433066213374302e-01, -1.0497228796126118e-03,  9.7036381918953942e-03,  1.9278778212011088e-01,  0.0000000000000000e+00, -8.8814319604658501e-05, -3.8535979885628269e-03,  1.3356945190798072e-02,  0.0000000000000000e+00
 8.6113886113886107e+00,  6.3367918261379725e+02, -5.9644883715962993e-02,  2.9866254682235272e+01, -2.5185456128095324e-02,  9.2279478219544853e-02,  5.0088901430936361e-01,  5.4591693051616076e+03,  1.6676172784611288e+02, -1.5000207994623937e+04,  1.0028795765328647e+01,  2.6688283766451795e+00,  4.4399050075562716e+00,  6.9258999449236316e-03,  1.8337683755292389e-01, -7.4008389820291376e-01,  2.7433066213374302e-01, -1.0506092162812111e-03,  9.6651166022596567e-03,  1.9292122237911774e-01,  0.0000000000000000e+00, -8.8630281448938465e-05, -3.8584242565119302e-03,  1.3357794662379602e-02,  0.0000000000000000e+00
 8.6213786213786214e+00,  6.3367910164173372e+02, -5.9209939473229223e-02,  2.9866249155787905e+01, -2.5193444694983459e-02,  9.2279374513934476e-02,  5.0088089987808293e-01,  5.4654917216447029e+03,  1.6720021118059859e+02, -1.5000209357517138e+04,  1.0028781209780059e+01,  2.6688653559623425e+00,  4.4449985034870982e+00,  6.9153999256930648e-03,  1.8347319962838668e-01, -7.3815594670810680e-01,  2.7433066213374302e-01, -1.0514937225139223e-03,  9.6265469376331392e-03,  1.9305467628838038e-01,  0.0000000000000000e+00, -8.8447866358537199e-05, -3.8632226015451443e-03,  1.3359677975430459e-02,  0.0000000000000000e+00
 8.6313686313686322e+00,  6.3367902048288113e+02, -5.8774623296653151e-02,  2.9866243529601221e+01, -2.5201432919561974e-02,  9.2279255703916874e-02,  5.0087279058515222e-01,  5.4718140980922217e+03,  1.6763926092424637e+02, -1.5000210724295597e+04,  1.0028766573671541e+01,  2.6689023430153003e+00,  4.4500919185455095e+00,  6.9048910793389363e-03,  1.8356917615307641e-01, -7.3622666191343533e-01,  2.7433066213374302e-01, -1.0523764144070816e-03,  9.5879294766963320e-03,  1.9318815411216853e-01,  0.0000000000000000e+00, -8.8267050633217712e-05, -3.8679930781743135e-03,  1.3362582343519750e-02,  0.0000000000000000e+00
 8.6413586413586412e+00,  6.3367893913738214e+02, -5.8338936485514810e-02,  2.9866237803725127e+01, -2.5209420784236460e-02,  9.2279121787131380e-02,  5.0086468641854731e-01,  5.4781364344513813e+03,  1.6807887706855723e+02, -1.5000212094960501e+04,  1.0028751857008785e+01,  2.6689393376624815e+00,  4.4551852527566123e+00,  6.8943734239067097e-03,  1.8366476665089809e-01, -7.3429604352904254e-01,  2.7433066213374302e-01, -1.0532573078111029e-03,  9.5492644977036769e-03,  1.9332166597944422e-01,  0.0000000000000000e+00, -8.8087808851835999e-05, -3.8727357161552700e-03,  1.3366493485076826e-02,  0.0000000000000000e+00
 8.6513486513486519e+00,  6.3367885760538900e+02, -5.7902880336764564e-02,  2.9866231978210234e+01, -2.5217408271523935e-02,  9.2278972761323352e-02,  5.0085658736568461e-01,  5.4844587306693866e+03,  1.6851905960501475e+02, -1.5000213469513074e+04,  1.0028737059797665e+01,  2.6689763397623567e+00,  4.4602785061453858e+00,  6.8838469772847686e-03,  1.8375997064853503e-01, -7.3236409116459533e-01,  2.7433066213374302e-01, -1.0541364183076229e-03,  9.5105522784462784e-03,  1.9345522187024169e-01,  0.0000000000000000e+00, -8.7910112551470236e-05, -3.8774505791761530e-03,  1.3371395852578597e-02,  0.0000000000000000e+00
 8.6613386613386609e+00,  6.3367877588704732e+02, -5.7466456144970680e-02,  2.9866226053107788e+01, -2.5225395364050232e-02,  9.2278808624345607e-02,  5.0084849341344284e-01,  5.4907809866934485e+03,  1.6895980852508728e+02, -1.5000214847954439e+04,  1.0028722182044172e+01,  2.6690133491734205e+00,  4.4653716787366644e+00,  6.8733117572072570e-03,  1.8385478767544247e-01, -7.3043080433083596e-01,  2.7433066213374302e-01, -1.0550137611944476e-03,  9.4717930964573864e-03,  1.9358883160257898e-01,  0.0000000000000000e+00, -8.7733933390856544e-05, -3.8821376550000723e-03,  1.3377272561341216e-02,  0.0000000000000000e+00
 8.6713286713286717e+00,  6.3367869398250764e+02, -5.7029665202268889e-02,  2.9866220028469481e+01, -2.5233382044547243e-02,  9.2278629374157345e-02,  5.0084040454816603e-01,  5.4971032024707783e+03,  1.6940112382022741e+02, -1.5000216230285780e+04,  1.0028707223754472e+01,  2.6690503657542268e+00,  4.4704647705551972e+00,  6.8627677812569078e-03,  1.8394921726384886e-01, -7.2849618244126713e-01,  2.7433066213374302e-01, -1.0558893514743591e-03,  9.4329872289410210e-03,  1.9372250481938902e-01,  0.0000000000000000e+00, -8.7559240647404327e-05, -3.8867970217762592e-03,  1.3384105444032230e-02,  0.0000000000000000e+00
 8.6813186813186807e+00,  6.3367861189192195e+02, -5.6592508798314164e-02,  2.9866213904347944e+01, -2.5241368295850816e-02,  9.2278435008823337e-02,  5.0083232075568596e-01,  5.5034253779485844e+03,  1.6984300548187235e+02, -1.5000217616508249e+04,  1.0028692184934888e+01,  2.6690873893633693e+00,  4.4755577816255698e+00,  6.8522150668681092e-03,  1.8404325894874798e-01, -7.2656022481396509e-01,  2.7433066213374302e-01, -1.0567632038401375e-03,  9.3941349528303148e-03,  1.9385625097636747e-01,  0.0000000000000000e+00, -8.7386002981463946e-05, -3.8914286555871555e-03,  1.3391875183051492e-02,  0.0000000000000000e+00
 8.6913086913086914e+00,  6.3367852961543872e+02, -5.6154988220233529e-02,  2.9866207680796062e+01, -2.5249354100898229e-02,  9.2278225526515115e-02,  5.0082424202133258e-01,  5.5097475130741022e+03,  1.7028545350144242e+02, -1.5000219006622874e+04,  1.0028677065591964e+01,  2.6691244198594797e+00,  4.4806507119722445e+00,  6.8416536313300321e-03,  1.8413691226790141e-01, -7.2462293067350758e-01,  2.7433066213374302e-01, -1.0576353326631021e-03,  9.3552365448444693e-03,  1.9399007933074799e-01,  0.0000000000000000e+00, -8.7214187376027843e-05, -3.8960326231794362e-03,  1.3400561363928499e-02,  0.0000000000000000e+00
 8.7012987012987004e+00,  6.3367844715321587e+02, -5.5717104752579551e-02,  2.9866201357867709e+01, -2.5257339442725568e-02,  9.2278000925510223e-02,  5.0081616832995246e-01,  5.5160696077945304e+03,  1.7072846787034393e+02, -1.5000220400630858e+04,  1.0028661865732321e+01,  2.6691614571012523e+00,  4.4857435616195351e+00,  6.8310834917899256e-03,  1.8423017676183179e-01, -7.2268429915301113e-01,  2.7433066213374302e-01, -1.0585057519803898e-03,  9.3162922814415180e-03,  1.9412399892980564e-01,  0.0000000000000000e+00, -8.7043759944991186e-05, -3.9006089100913212e-03,  1.3410142367415265e-02,  0.0000000000000000e+00
 8.7112887112887112e+00,  6.3367836450540494e+02, -5.5278859677287386e-02,  2.9866194935617063e+01, -2.5265324304465365e-02,  9.2277761204191636e-02,  5.0080809966592210e-01,  5.5223916620571299e+03,  1.7117204857996521e+02, -1.5000221798533203e+04,  1.0028646585362743e+01,  2.6691985009474046e+00,  4.4908363305916055e+00,  6.8205046652564981e-03,  1.8432305197382431e-01, -7.2074432929628873e-01,  2.7433066213374302e-01, -1.0593744754875262e-03,  9.2773024390231107e-03,  1.9425801860064867e-01,  0.0000000000000000e+00, -8.6874686202556510e-05, -3.9051575419083422e-03,  1.3420595738815540e-02,  0.0000000000000000e+00
 8.7212787212787219e+00,  6.3367828167216157e+02, -5.4840254273632080e-02,  2.9866188414099081e+01, -2.5273308669343977e-02,  9.2277506361048145e-02,  5.0080003601316680e-01,  5.5287136758090910e+03,  1.7161619562168116e+02, -1.5000223200331020e+04,  1.0028631224490239e+01,  2.6692355512567407e+00,  4.4959290189124870e+00,  6.8099171686033600e-03,  1.8441553744992417e-01, -7.1880302006009078e-01,  2.7433066213374302e-01, -1.0602415165299960e-03,  9.2382672937913694e-03,  1.9439214694073625e-01,  0.0000000000000000e+00, -8.6706930481015784e-05, -3.9096785336505836e-03,  1.3431897943258926e-02,  0.0000000000000000e+00
 8.7312687312687309e+00,  6.3367819865364277e+02, -5.4401289818188515e-02,  2.9866181793369421e+01, -2.5281292520679309e-02,  9.2277236394673903e-02,  5.0079197735517766e-01,  5.5350356489976675e+03,  1.7206090898684948e+02, -1.5000224606025336e+04,  1.0028615783121834e+01,  2.6692726078880900e+00,  4.5010216266060299e+00,  6.7993210185725824e-03,  1.8450763273893503e-01, -7.1686037031645389e-01,  2.7433066213374302e-01, -1.0611068880923603e-03,  9.1991871218087256e-03,  1.9452639230780938e-01,  0.0000000000000000e+00, -8.6540456304307783e-05, -3.9141718972747416e-03,  1.3444024544780603e-02,  0.0000000000000000e+00
 8.7412587412587417e+00,  6.3367811545000677e+02, -5.3961967584792124e-02,  2.9866175073484097e+01, -2.5289275841877863e-02,  9.2276951303769589e-02,  5.0078392367502811e-01,  5.5413575815700760e+03,  1.7250618866681256e+02, -1.5000226015617171e+04,  1.0028600261264824e+01,  2.6693096707003523e+00,  4.5061141536959486e+00,  6.7887162317783380e-03,  1.8459933739241785e-01, -7.1491637885513959e-01,  2.7433066213374302e-01, -1.0619706027909937e-03,  9.1600621990631133e-03,  1.9466076281120623e-01,  0.0000000000000000e+00, -8.6375226362099623e-05, -3.9186376363969560e-03,  1.3456950235268742e-02,  0.0000000000000000e+00
 8.7512487512487507e+00,  6.3367803206141207e+02, -5.3522288844502643e-02,  2.9866168254500010e+01, -2.5297258616432616e-02,  9.2276651087139797e-02,  5.0077587495538933e-01,  5.5476794734735540e+03,  1.7295203465289748e+02, -1.5000227429107537e+04,  1.0028584658926635e+01,  2.6693467395524708e+00,  4.5112066002057807e+00,  6.7781028247106247e-03,  1.8469065096469053e-01, -7.1297104438616010e-01,  2.7433066213374302e-01, -1.0628326728691420e-03,  9.1208928015430318e-03,  1.9479526630326857e-01,  0.0000000000000000e+00, -8.6211203283206164e-05, -3.9230757471236700e-03,  1.3470648875613023e-02,  0.0000000000000000e+00
 8.7612387612387614e+00,  6.3367794848801634e+02, -5.3082254865568848e-02,  2.9866161336474551e+01, -2.5305240827920270e-02,  9.2276335743695120e-02,  5.0076783117855161e-01,  5.5540013246553544e+03,  1.7339844693641481e+02, -1.5000228846497424e+04,  1.0028568976114796e+01,  2.6693838143034490e+00,  4.5162989661588950e+00,  6.7674808137389948e-03,  1.8478157301282830e-01, -7.1102436554238702e-01,  2.7433066213374302e-01, -1.0636931101858599e-03,  9.0816792051147312e-03,  1.9492991037081844e-01,  0.0000000000000000e+00, -8.6048347523698946e-05, -3.9274862578222210e-03,  1.3485093447871913e-02,  0.0000000000000000e+00
 8.7712287712287704e+00,  6.3367786472998137e+02, -5.2641866913395889e-02,  2.9866154319465728e+01, -2.5313222459998622e-02,  9.2276005272451556e-02,  5.0075979232644319e-01,  5.5603231350626884e+03,  1.7384542550866038e+02, -1.5000230267787816e+04,  1.0028553212837018e+01,  2.6694208948123763e+00,  4.5213912515785051e+00,  6.7568502151165019e-03,  1.8487210309666086e-01, -7.0907634088224769e-01,  2.7433066213374302e-01, -1.0645519262112348e-03,  9.0424216856430737e-03,  1.9506470232729545e-01,  0.0000000000000000e+00, -8.5886620756385772e-05, -3.9318691404033835e-03,  1.3500256238826011e-02,  0.0000000000000000e+00
 8.7812187812187812e+00,  6.3367778078747040e+02, -5.2201126250512764e-02,  2.9866147203532154e+01, -2.5321203496404043e-02,  9.2275659672530042e-02,  5.0075175838064367e-01,  5.5666449046428215e+03,  1.7429297036091370e+02, -1.5000231692979667e+04,  1.0028537369101166e+01,  2.6694579809383514e+00,  4.5264834564876475e+00,  6.7462110449835258e-03,  1.8496224077877521e-01, -7.0712696889249105e-01,  2.7433066213374302e-01, -1.0654091320205633e-03,  9.0031205191240960e-03,  1.9519964920513791e-01,  0.0000000000000000e+00, -8.5725982290114452e-05, -3.9362243965351236e-03,  1.3516108708707193e-02,  0.0000000000000000e+00
 8.7912087912087920e+00,  6.3367769666064623e+02, -5.1760034136545660e-02,  2.9866139988733167e+01, -2.5329183920948999e-02,  9.2275298943156420e-02,  5.0074372932240963e-01,  5.5729666333429996e+03,  1.7474108148443906e+02, -1.5000233122073874e+04,  1.0028521444915240e+01,  2.6694950725405855e+00,  4.5315755809091680e+00,  6.7355633193718336e-03,  1.8505198562451550e-01, -7.0517624799103584e-01,  2.7433066213374302e-01, -1.0662647382883549e-03,  8.9637759815000759e-03,  1.9533475774910716e-01,  0.0000000000000000e+00, -8.5566392502783490e-05, -3.9405520359534320e-03,  1.3532621790458209e-02,  0.0000000000000000e+00
 8.8011988011988009e+00,  6.3367761234967099e+02, -5.1318591828187606e-02,  2.9866132675128618e+01, -2.5337163717519384e-02,  9.2274923083661781e-02,  5.0073570513268961e-01,  5.5792883211104763e+03,  1.7518975887048501e+02, -1.5000234555071400e+04,  1.0028505440287361e+01,  2.6695321694783245e+00,  4.5366676248657392e+00,  6.7249070542085339e-03,  1.8514133720198200e-01, -7.0322417652987157e-01,  2.7433066213374302e-01, -1.0671187552839562e-03,  8.9243883488988058e-03,  1.9547003441040173e-01,  0.0000000000000000e+00, -8.5407810016623347e-05, -3.9448520108210910e-03,  1.3549765800713102e-02,  0.0000000000000000e+00
 8.8111888111888117e+00,  6.3367752785471328e+02, -5.0876800579175332e-02,  2.9866125262778937e+01, -2.5345142870072081e-02,  9.2274532093482742e-02,  5.0072768579214466e-01,  5.5856099678924920e+03,  1.7563900251028426e+02, -1.5000235991973106e+04,  1.0028489355225803e+01,  2.6695692716108748e+00,  4.5417595883798532e+00,  6.7142422653202064e-03,  1.8523029508203595e-01, -7.0127075279802087e-01,  2.7433066213374302e-01, -1.0679711928684177e-03,  8.8849578975624122e-03,  1.9560548533990174e-01,  0.0000000000000000e+00, -8.5250194392550558e-05, -3.9491243467250272e-03,  1.3567510285191427e-02,  0.0000000000000000e+00
 8.8211788211788207e+00,  6.3367744317593520e+02, -5.0434661640265145e-02,  2.9866117751745254e+01, -2.5353121362632378e-02,  9.2274125972160531e-02,  5.0071967128116945e-01,  5.5919315736363033e+03,  1.7608881239505357e+02, -1.5000237432779932e+04,  1.0028473189739053e+01,  2.6696063787976430e+00,  4.5468514714738220e+00,  6.7035689684369374e-03,  1.8531885883829693e-01, -6.9931597502457887e-01,  2.7433066213374302e-01, -1.0688220604913275e-03,  8.8454849038725279e-03,  1.9574111638388134e-01,  0.0000000000000000e+00, -8.5093503714000937e-05, -3.9533689899897877e-03,  1.3585824719526329e-02,  0.0000000000000000e+00
 8.8311688311688314e+00,  6.3367735831350683e+02, -4.9992176259210729e-02,  2.9866110142089269e+01, -2.5361099179291639e-02,  9.2273704719341737e-02,  5.0071166157990643e-01,  5.5982531382891784e+03,  1.7653918851599474e+02, -1.5000238877492719e+04,  1.0028456943835637e+01,  2.6696434908980726e+00,  4.5519432741697763e+00,  6.6928871791965038e-03,  1.8540702804714829e-01, -6.9735984138175955e-01,  2.7433066213374302e-01, -1.0696713671906033e-03,  8.8059696444900085e-03,  1.9587693307981963e-01,  0.0000000000000000e+00, -8.4937697481038966e-05, -3.9575859383904856e-03,  1.3604677807314414e-02,  0.0000000000000000e+00
 8.8411588411588404e+00,  6.3367727326759689e+02, -4.9549345680745628e-02,  2.9866102433873376e+01, -2.5369076304204870e-02,  9.2273268334778058e-02,  5.0070365666827166e-01,  5.6045746617983505e+03,  1.7699013086429403e+02, -1.5000240326112280e+04,  1.0028440617524282e+01,  2.6696806077716806e+00,  4.5570349964896231e+00,  6.6821969131484141e-03,  1.8549480228773729e-01, -6.9540234998801909e-01,  2.7433066213374302e-01, -1.0705191215920147e-03,  8.7664123961896240e-03,  1.9601294065220526e-01,  0.0000000000000000e+00, -8.4782733681499779e-05, -3.9617751713468949e-03,  1.3624038184293167e-02,  0.0000000000000000e+00
 8.8511488511488512e+00,  6.3367718803837272e+02, -4.9106171146563522e-02,  2.9866094627160539e+01, -2.5377052721588328e-02,  9.2272816818326317e-02,  5.0069565652597170e-01,  5.6108961441111178e+03,  1.7744163943112216e+02, -1.5000241778639464e+04,  1.0028424210813865e+01,  2.6697177292780734e+00,  4.5621266384551244e+00,  6.6714981857581021e-03,  1.8558218114197725e-01, -6.9344349891118606e-01,  2.7433066213374302e-01, -1.0713653319069599e-03,  8.7268134361023764e-03,  1.9614914400999098e-01,  0.0000000000000000e+00, -8.4628571389575117e-05, -3.9659366379639705e-03,  1.3643874047894486e-02,  0.0000000000000000e+00
 8.8611388611388620e+00,  6.3367710262600610e+02, -4.8662653895303692e-02,  2.9866086722014241e+01, -2.5385028415717277e-02,  9.2272350169949419e-02,  5.0068766113252017e-01,  5.6172175851747252e+03,  1.7789371420763328e+02, -1.5000243235075084e+04,  1.0028407723713380e+01,  2.6697548552768984e+00,  4.5672182000878294e+00,  6.6607910124110107e-03,  1.8566916419455254e-01, -6.9148328617163535e-01,  2.7433066213374302e-01, -1.0722100059352003e-03,  8.6871730415513052e-03,  1.9628554774356324e-01,  0.0000000000000000e+00, -8.4475169045075837e-05, -3.9700703513150526e-03,  1.3664153409781721e-02,  0.0000000000000000e+00
 8.8711288711288709e+00,  6.3367701703066984e+02, -4.8218795162538124e-02,  2.9866078718498581e+01, -2.5393003370923463e-02,  9.2271868389713602e-02,  5.0067967046726713e-01,  5.6235389849364565e+03,  1.7834635518496668e+02, -1.5000244695419959e+04,  1.0028391156231951e+01,  2.6697919856279126e+00,  4.5723096814090622e+00,  6.6500754084167397e-03,  1.8575575103291733e-01, -6.8952170974548055e-01,  2.7433066213374302e-01, -1.0730531510661652e-03,  8.6474914901645775e-03,  1.9642215612313443e-01,  0.0000000000000000e+00, -8.4322486174094198e-05, -3.9741762363080151e-03,  1.3684844180371216e-02,  0.0000000000000000e+00
 8.8811188811188817e+00,  6.3367693125253481e+02, -4.7774596180757710e-02,  2.9866070616678442e+01, -2.5400977571593219e-02,  9.2271371477792352e-02,  5.0067168450940214e-01,  5.6298603433435683e+03,  1.7879956235424640e+02, -1.5000246159674827e+04,  1.0028374508378850e+01,  2.6698291201909123e+00,  4.5774010824399989e+00,  6.6393513890130856e-03,  1.8584194124730308e-01, -6.8755876756777656e-01,  2.7433066213374302e-01, -1.0738947742800775e-03,  8.6077690600013246e-03,  1.9655897309732234e-01,  0.0000000000000000e+00, -8.4170481251174899e-05, -3.9782542823753415e-03,  1.3705914052049880e-02,  0.0000000000000000e+00
 8.8911088911088907e+00,  6.3367684529177518e+02, -4.7330058179364656e-02,  2.9866062416619187e+01, -2.5408951002164944e-02,  9.2270859434463406e-02,  5.0066370323798826e-01,  5.6361816603433417e+03,  1.7925333570658057e+02, -1.5000247627840454e+04,  1.0028357780163500e+01,  2.6698662588257895e+00,  4.5824924032015941e+00,  6.6286189693701850e-03,  1.8592773443071955e-01, -6.8559445753574388e-01,  2.7433066213374302e-01, -1.0747348821483465e-03,  8.5680060292477062e-03,  1.9669600229205730e-01,  0.0000000000000000e+00, -8.4019113976274771e-05, -3.9823044744990294e-03,  1.3727330733888861e-02,  0.0000000000000000e+00
 8.9010989010989015e+00,  6.3367675914856761e+02, -4.6885182384662306e-02,  2.9866054118386732e+01, -2.5416923647127002e-02,  9.2270332260110610e-02,  5.0065572663197488e-01,  5.6425029358830679e+03,  1.7970767523306125e+02, -1.5000249099917624e+04,  1.0028340971595481e+01,  2.6699034013925069e+00,  4.5875836437146091e+00,  6.6178781645945374e-03,  1.8601313017895638e-01, -6.8362877751199125e-01,  2.7433066213374302e-01, -1.0755734808413461e-03,  8.5282026765844277e-03,  1.9683324700979385e-01,  0.0000000000000000e+00, -8.3868344362225751e-05, -3.9863267286895125e-03,  1.3749061756968177e-02,  0.0000000000000000e+00
 8.9110889110889104e+00,  6.3367667282308491e+02, -4.6439970019851735e-02,  2.9866045722047758e+01, -2.5424895491015651e-02,  9.2269789955222503e-02,  5.0064775467021805e-01,  5.6488241699100208e+03,  1.8016258092476585e+02, -1.5000250575906972e+04,  1.0028324082684438e+01,  2.6699405477511080e+00,  4.5926748039995866e+00,  6.6071289897329955e-03,  1.8609812809059137e-01, -6.8166172532775604e-01,  2.7433066213374302e-01, -1.0764105761252895e-03,  8.4883592810450405e-03,  1.9697071022993309e-01,  0.0000000000000000e+00, -8.3718131483234579e-05, -3.9903210582961255e-03,  1.3771074914904766e-02,  0.0000000000000000e+00
 8.9210789210789212e+00,  6.3367658631550626e+02, -4.5994422305024867e-02,  2.9866037227669480e+01, -2.5432866518412964e-02,  9.2269232520393998e-02,  5.0063978733149916e-01,  5.6551453623714779e+03,  1.8061805277275596e+02, -1.5000252055809266e+04,  1.0028307113440253e+01,  2.6699776977617078e+00,  4.5977658840769102e+00,  6.5963714597768496e-03,  1.8618272776698924e-01, -6.7969329878611850e-01,  2.7433066213374302e-01, -1.0772461733679595e-03,  8.4484761220117739e-03,  1.9710839460902266e-01,  0.0000000000000000e+00, -8.3568436499341673e-05, -3.9942873801636367e-03,  1.3793337778826652e-02,  0.0000000000000000e+00
 8.9310689310689302e+00,  6.3367649962601126e+02, -4.5548540457163930e-02,  2.9866028635319651e+01, -2.5440836713944620e-02,  9.2268659956325216e-02,  5.0063182459454236e-01,  5.6614665132147211e+03,  1.8107409076807735e+02, -1.5000253539625171e+04,  1.0028290063872834e+01,  2.6700148512845128e+00,  4.6028568839667088e+00,  6.5856055896657039e-03,  1.8626692881230988e-01, -6.7772349566523815e-01,  2.7433066213374302e-01, -1.0780802775469140e-03,  8.4085534793961383e-03,  1.9724630248160141e-01,  0.0000000000000000e+00, -8.3419220127347742e-05, -3.9982256714869314e-03,  1.3815818311442348e-02,  0.0000000000000000e+00
 8.9410589410589409e+00,  6.3367641275477445e+02, -4.5102325690139854e-02,  2.9866019945066682e+01, -2.5448806062278232e-02,  9.2268072263822234e-02,  5.0062386643803536e-01,  5.6677876223870717e+03,  1.8153069490176111e+02, -1.5000255027355399e+04,  1.0028272933992366e+01,  2.6700520081797903e+00,  4.6079478036889734e+00,  6.5748313942913970e-03,  1.8635073083351064e-01, -6.7575231372155109e-01,  2.7433066213374302e-01, -1.0789128932470881e-03,  8.3685916334631273e-03,  1.9738443586196000e-01,  0.0000000000000000e+00, -8.3270443066656789e-05, -4.0021358841520705e-03,  1.3838484439859682e-02,  0.0000000000000000e+00
 8.9510489510489517e+00,  6.3367632570198066e+02, -4.4655779214714232e-02,  2.9866011156979695e+01, -2.5456774548120908e-02,  9.2267469443797101e-02,  5.0061591284064744e-01,  5.6741086898357980e+03,  1.8198786516482153e+02, -1.5000256519000528e+04,  1.0028255723809014e+01,  2.6700891683079164e+00,  4.6130386432634340e+00,  6.5640488885019242e-03,  1.8643413344035112e-01, -6.7377975069297091e-01,  2.7433066213374302e-01, -1.0797440246712584e-03,  8.3285908649155284e-03,  1.9752279644594559e-01,  0.0000000000000000e+00, -8.3122068033037803e-05, -4.0060179792256283e-03,  1.3861304470539924e-02,  0.0000000000000000e+00
 8.9610389610389607e+00,  6.3367623846780839e+02, -4.4208902238541452e-02,  2.9866002271128266e+01, -2.5464742156217888e-02,  9.2266851497267724e-02,  5.0060796378104466e-01,  5.6804297155082049e+03,  1.8244560154825933e+02, -1.5000258014561234e+04,  1.0028238433333192e+01,  2.6701263315293184e+00,  4.6181294027096644e+00,  6.5532580871051583e-03,  1.8651713624539706e-01, -6.7180580430205172e-01,  2.7433066213374302e-01, -1.0805736756433829e-03,  8.2885514549892667e-03,  1.9766138561369251e-01,  0.0000000000000000e+00, -8.2974056586271539e-05, -4.0098718880120180e-03,  1.3884246912394501e-02,  0.0000000000000000e+00
 8.9710289710289715e+00,  6.3367615105243954e+02, -4.3761695966173485e-02,  2.9865993287582537e+01, -2.5472708871350624e-02,  9.2266218425358079e-02,  5.0060001923790920e-01,  5.6867506993515917e+03,  1.8290390404305737e+02, -1.5000259514038113e+04,  1.0028221062575390e+01,  2.6701634977045314e+00,  4.6232200820470020e+00,  6.5424590048726861e-03,  1.8659973886402723e-01, -6.6983047225913095e-01,  2.7433066213374302e-01, -1.0814018496147677e-03,  8.2484736854775247e-03,  1.9780020443224827e-01,  0.0000000000000000e+00, -8.2826372485014170e-05, -4.0136975682390549e-03,  1.3907280562467820e-02,  0.0000000000000000e+00
 8.9810189810189804e+00,  6.3367606345606043e+02, -4.3314161599066800e-02,  2.9865984206413547e+01, -2.5480674678334599e-02,  9.2265570229298599e-02,  5.0059207918995874e-01,  5.6930716413132559e+03,  1.8336277264018423e+02, -1.5000261017431776e+04,  1.0028203611546244e+01,  2.6702006666941580e+00,  4.6283106812946144e+00,  6.5316516565434250e-03,  1.8668194091443757e-01, -6.6785375226544341e-01,  2.7433066213374302e-01, -1.0822285496759182e-03,  8.2083578385103041e-03,  1.9793925365932544e-01,  0.0000000000000000e+00, -8.2678979757327267e-05, -4.0174949945986273e-03,  1.3930374698377891e-02,  0.0000000000000000e+00
 8.9910089910089912e+00,  6.3367597567885275e+02, -4.2866300335589427e-02,  2.9865975027692524e+01, -2.5488639562018325e-02,  9.2264906910426159e-02,  5.0058414361595915e-01,  5.6993925413405232e+03,  1.8382220733059359e+02, -1.5000262524742780e+04,  1.0028186080256583e+01,  2.6702378383589069e+00,  4.6334012004714484e+00,  6.5208360568272134e-03,  1.8676374201764381e-01, -6.6587564201618743e-01,  2.7433066213374302e-01, -1.0830537785566769e-03,  8.1682041969177496e-03,  1.9807853374741441e-01,  0.0000000000000000e+00, -8.2531842170543182e-05, -4.0212640522308309e-03,  1.3953498937038322e-02,  0.0000000000000000e+00
 9.0009990009990002e+00,  6.3367588772100225e+02, -4.2418113371030512e-02,  2.9865965751491679e+01, -2.5496603507281154e-02,  9.2264228470183576e-02,  5.0057621249474360e-01,  5.7057133993806774e+03,  1.8428220810522308e+02, -1.5000264035971715e+04,  1.0028168468717258e+01,  2.6702750125595491e+00,  4.6384916395962685e+00,  6.5100122204084267e-03,  1.8684514179749287e-01, -6.6389613920355706e-01,  2.7433066213374302e-01, -1.0838775386360780e-03,  8.1280130439995435e-03,  1.9821804484776770e-01,  0.0000000000000000e+00, -8.2384925725574419e-05, -4.0250047619940013e-03,  1.3976623353689887e-02,  0.0000000000000000e+00
 9.0109890109890109e+00,  6.3367579958269687e+02, -4.1969601897611529e-02,  2.9865956377883592e+01, -2.5504566499032180e-02,  9.2263534910120806e-02,  5.0056828580522916e-01,  5.7120342153810534e+03,  1.8474277495499524e+02, -1.5000265551119124e+04,  1.0028150776939386e+01,  2.6703121891569475e+00,  4.6435819986876243e+00,  6.4991801619493699e-03,  1.8692613988066079e-01, -6.6191524151972858e-01,  2.7433066213374302e-01, -1.0846998319538428e-03,  8.0877846634811248e-03,  1.9835778681528865e-01,  0.0000000000000000e+00, -8.2238196510228589e-05, -4.0287170176489659e-03,  1.3999718547532266e-02,  0.0000000000000000e+00
 9.0209790209790217e+00,  6.3367571126412372e+02, -4.1520767104498507e-02,  2.9865946906941488e+01, -2.5512528522208061e-02,  9.2262826231894635e-02,  5.0056036352643041e-01,  5.7183549892889605e+03,  1.8520390787081652e+02, -1.5000267070185484e+04,  1.0028133004934087e+01,  2.6703493680120651e+00,  4.6486722777638718e+00,  6.4883398960936629e-03,  1.8700673589666333e-01, -6.5993294665979474e-01,  2.7433066213374302e-01, -1.0855206602153322e-03,  8.0475193398479011e-03,  1.9849775921355403e-01,  0.0000000000000000e+00, -8.2091621420632288e-05, -4.0324007738657556e-03,  1.4022755581664489e-02,  0.0000000000000000e+00
 9.0309690309690307e+00,  6.3367562276547028e+02, -4.1071610177816326e-02,  2.9865937338739307e+01, -2.5520489561772348e-02,  9.2262102437268456e-02,  5.0055244563747392e-01,  5.7246757210517180e+03,  1.8566560684357768e+02, -1.5000268593171359e+04,  1.0028115152712687e+01,  2.6703865489859413e+00,  4.6537624768431902e+00,  6.4774914374695434e-03,  1.8708692947786054e-01, -6.5794925232465262e-01,  2.7433066213374302e-01, -1.0863400247987877e-03,  8.0072173580310584e-03,  1.9863796132006653e-01,  0.0000000000000000e+00, -8.1945168187157847e-05, -4.0360559858663280e-03,  1.4045706142139616e-02,  0.0000000000000000e+00
 9.0409590409590415e+00,  6.3367553408692777e+02, -4.0622132300663492e-02,  2.9865927673351390e+01, -2.5528449602713395e-02,  9.2261363528112428e-02,  5.0054453211761962e-01,  5.7309964106166435e+03,  1.8612787186415594e+02, -1.5000270120077226e+04,  1.0028097220286668e+01,  2.6704237319397013e+00,  4.6588525959435465e+00,  6.4666348006930880e-03,  1.8716672025946116e-01, -6.5596415622382942e-01,  2.7433066213374302e-01, -1.0871579267669748e-03,  7.9668790035661661e-03,  1.9877839213191001e-01,  0.0000000000000000e+00, -8.1798805843882053e-05, -4.0396825780051673e-03,  1.4068542388922054e-02,  0.0000000000000000e+00
 9.0509490509490504e+00,  6.3367544522868616e+02, -4.0172334653129332e-02,  2.9865917910852904e+01, -2.5536408630043646e-02,  9.2260609506404620e-02,  5.0053662294626733e-01,  5.7373170579310772e+03,  1.8659070292341121e+02, -1.5000271650903558e+04,  1.0028079207667572e+01,  2.6704609167345716e+00,  4.6639426350826971e+00,  6.4557700003713024e-03,  1.8724610787953019e-01, -6.5397765607826086e-01,  2.7433066213374302e-01, -1.0879743668741240e-03,  7.9265045625965310e-03,  1.9891905037225144e-01,  0.0000000000000000e+00, -8.1652503607377517e-05, -4.0432805041158244e-03,  1.4091237327431606e-02,  0.0000000000000000e+00
 9.0609390609390612e+00,  6.3367535619093724e+02, -3.9722218412310432e-02,  2.9865908051319444e+01, -2.5544366628797860e-02,  9.2259840374229851e-02,  5.0052871810297428e-01,  5.7436376629423403e+03,  1.8705410001218917e+02, -1.5000273185650740e+04,  1.0028061114867135e+01,  2.6704981032318682e+00,  4.6690325942782458e+00,  6.4448970511051936e-03,  1.8732509197899355e-01, -6.5198974962298528e-01,  2.7433066213374302e-01, -1.0887893455757082e-03,  7.8860943218197373e-03,  1.9905993449609310e-01,  0.0000000000000000e+00, -8.1506232449793465e-05, -4.0468496993984011e-03,  1.4113764265672993e-02,  0.0000000000000000e+00
 9.0709290709290702e+00,  6.3367526697387325e+02, -3.9271784752332117e-02,  2.9865898094827298e+01, -2.5552323584032050e-02,  9.2259056133780742e-02,  5.0052081756746847e-01,  5.7499582255977639e+03,  1.8751806312131941e+02, -1.5000274724319343e+04,  1.0028042941897210e+01,  2.6705352912929712e+00,  4.6741224735475857e+00,  6.4340159674926671e-03,  1.8740367220164447e-01, -6.5000043460980750e-01,  2.7433066213374302e-01, -1.0896028630378199e-03,  7.8456485685918318e-03,  1.9920104269671834e-01,  0.0000000000000000e+00, -8.1359963464952735e-05, -4.0503900968281124e-03,  1.4136097499501732e-02,  0.0000000000000000e+00
 9.0809190809190810e+00,  6.3367517757768792e+02, -3.8821034844367171e-02,  2.9865888041453285e+01, -2.5560279480822550e-02,  9.2258256787357371e-02,  5.0051292131966363e-01,  5.7562787458446801e+03,  1.8798259224161623e+02, -1.5000276266909668e+04,  1.0028024688769761e+01,  2.6705724807793949e+00,  4.6792122729079253e+00,  6.4231267641314113e-03,  1.8748184819415023e-01, -6.4800970880986408e-01,  2.7433066213374302e-01, -1.0904149191462765e-03,  7.8051675908571792e-03,  1.9934237291318083e-01,  0.0000000000000000e+00, -8.1213669467476433e-05, -4.0539016455098985e-03,  1.4158211839832660e-02,  0.0000000000000000e+00
 9.0909090909090917e+00,  6.3367508800257644e+02, -3.8369969856657707e-02,  2.9865877891274945e+01, -2.5568234304264623e-02,  9.2257442337367920e-02,  5.0050502933966678e-01,  5.7625992236304328e+03,  1.8844768736387886e+02, -1.5000277813422113e+04,  1.0028006355496915e+01,  2.6706096715527035e+00,  4.6843019923762848e+00,  6.4122294556216109e-03,  1.8755961960605722e-01, -6.4601757001613724e-01,  2.7433066213374302e-01, -1.0912255135173948e-03,  7.7646516771838715e-03,  1.9948392283701671e-01,  0.0000000000000000e+00, -8.1067323610991413e-05, -4.0573842720245772e-03,  1.4180082908562782e-02,  0.0000000000000000e+00
 9.1008991008991007e+00,  6.3367499824873721e+02, -3.7918590954538076e-02,  2.9865867644370297e+01, -2.5576188039471592e-02,  9.2256612786328102e-02,  5.0049714160779324e-01,  5.7689196589023786e+03,  1.8891334847889101e+02, -1.5000279363857164e+04,  1.0027987942090910e+01,  2.6706468634745808e+00,  4.6893916319695030e+00,  6.4013240565686264e-03,  1.8763698608979826e-01, -6.4402401604588777e-01,  2.7433066213374302e-01, -1.0920346455073960e-03,  7.7241011167929162e-03,  1.9962568991978014e-01,  0.0000000000000000e+00, -8.0920900787232502e-05, -4.0608379182447592e-03,  1.4201687060674980e-02,  0.0000000000000000e+00
 9.1108891108891115e+00,  6.3367490831636235e+02, -3.7466899300458198e-02,  2.9865857300817911e+01, -2.5584140671573961e-02,  9.2255768136862024e-02,  5.0048925810458000e-01,  5.7752400516078515e+03,  1.8937957557742075e+02, -1.5000280918215107e+04,  1.0027969448564143e+01,  2.6706840564067931e+00,  4.6944811917042326e+00,  6.3904105815854994e-03,  1.8771394730069843e-01, -6.4202904474301481e-01,  2.7433066213374302e-01, -1.0928423142253566e-03,  7.6835161996026795e-03,  1.9976767138073301e-01,  0.0000000000000000e+00, -8.0774376548506293e-05, -4.0642625032408205e-03,  1.4223001422086299e-02,  0.0000000000000000e+00
 9.1208791208791204e+00,  6.3367481820565297e+02, -3.7014896054008178e-02,  2.9865846860697193e+01, -2.5592092185718514e-02,  9.2254908391702389e-02,  5.0048137881079124e-01,  5.7815604016941925e+03,  1.8984636865022193e+02, -1.5000282476496353e+04,  1.0027950874929070e+01,  2.6707212502112081e+00,  4.6995706715969483e+00,  6.3794890452953928e-03,  1.8779050289698312e-01, -6.4003265398033871e-01,  2.7433066213374302e-01, -1.0936485185388024e-03,  7.6428972160976121e-03,  1.9990986421479129e-01,  0.0000000000000000e+00, -8.0627727003327207e-05, -4.0676579944737574e-03,  1.4244003956382036e-02,  0.0000000000000000e+00
 9.1308691308691312e+00,  6.3367472791680677e+02, -3.6562582371943819e-02,  2.9865836324087965e+01, -2.5600042567067289e-02,  9.2254033553689677e-02,  5.0047350370743759e-01,  5.7878807091087683e+03,  1.9031372768803200e+02, -1.5000284038701107e+04,  1.0027932221198391e+01,  2.6707584447497696e+00,  4.7046600716639766e+00,  6.3685594623339751e-03,  1.8786665253978130e-01, -6.3803484166180024e-01,  2.7433066213374302e-01, -1.0944532570879126e-03,  7.6022444574039613e-03,  2.0005226520051664e-01,  0.0000000000000000e+00, -8.0480930528553722e-05, -4.0710242959952252e-03,  1.4264673385834693e-02,  0.0000000000000000e+00
 9.1408591408591402e+00,  6.3367463745002465e+02, -3.6109959408213259e-02,  2.9865825691070619e+01, -2.5607991800797272e-02,  9.2253143625773693e-02,  5.0046563277577194e-01,  5.7942009737989447e+03,  1.9078165268157321e+02, -1.5000285604829787e+04,  1.0027913487384870e+01,  2.6707956398845338e+00,  4.7097493919214326e+00,  6.3576218473515786e-03,  1.8794239589313505e-01, -6.3603560572458417e-01,  2.7433066213374302e-01, -1.0952565282992828e-03,  7.5615582154078482e-03,  2.0019487090825133e-01,  0.0000000000000000e+00, -8.0333965987738779e-05, -4.0743613516267723e-03,  1.4284989302648430e-02,  0.0000000000000000e+00
 9.1508491508491510e+00,  6.3367454680550679e+02, -3.5657028313983249e-02,  2.9865814961726269e+01, -2.5615939872099203e-02,  9.2252238611012533e-02,  5.0045776599731617e-01,  5.8005211957120682e+03,  1.9125014362155301e+02, -1.5000287174882675e+04,  1.0027894673501404e+01,  2.6708328354776407e+00,  4.7148386323852556e+00,  6.3466762150153084e-03,  1.8801773262400523e-01, -6.3403494414115591e-01,  2.7433066213374302e-01, -1.0960583303918274e-03,  7.5208387825649505e-03,  2.0033767770910885e-01,  0.0000000000000000e+00, -8.0186812939713221e-05, -4.0776691035212809e-03,  1.4304932229031085e-02,  0.0000000000000000e+00
 9.1608391608391599e+00,  6.3367445598345557e+02, -3.5203790237669279e-02,  2.9865804136136525e+01, -2.5623886766177356e-02,  9.2251318512573829e-02,  5.0044990335385431e-01,  5.8068413747954783e+03,  1.9171920049866341e+02, -1.5000288748860017e+04,  1.0027875779561031e+01,  2.6708700313913316e+00,  4.7199277930712613e+00,  6.3357225800110828e-03,  1.8809266240227721e-01, -6.3203285492120542e-01,  2.7433066213374302e-01, -1.0968586613889365e-03,  7.4800864520699860e-03,  2.0048068178311459e-01,  0.0000000000000000e+00, -8.0039452681502523e-05, -4.0809474615707388e-03,  1.4324483386918128e-02,  0.0000000000000000e+00
 9.1708291708291707e+00,  6.3367436498407392e+02, -3.4750246324961286e-02,  2.9865793214383739e+01, -2.5631832468248843e-02,  9.2250383333733407e-02,  5.0044204482744992e-01,  5.8131615109965996e+03,  1.9218882330358022e+02, -1.5000290326762115e+04,  1.0027856805576935e+01,  2.6709072274879384e+00,  4.7250168739950640e+00,  6.3247609570454997e-03,  1.8816718490076986e-01, -6.3002933611352130e-01,  2.7433066213374302e-01, -1.0976575191318340e-03,  7.4393015177671379e-03,  2.0062387912769511e-01,  0.0000000000000000e+00, -7.9891867466125026e-05, -4.0841963857264161e-03,  1.4343625001667500e-02,  0.0000000000000000e+00
 9.1808191808191815e+00,  6.3367427380756601e+02, -3.4296397718855294e-02,  2.9865782196550580e+01, -2.5639776963543172e-02,  9.2249433077877932e-02,  5.0043419040045156e-01,  5.8194816042627663e+03,  1.9265901202696534e+02, -1.5000291908589141e+04,  1.0027837751562426e+01,  2.6709444236298885e+00,  4.7301058751721037e+00,  6.3137913608476079e-03,  1.8824129979523960e-01, -6.2802438580776465e-01,  2.7433066213374302e-01, -1.0984549012909204e-03,  7.3984842741005776e-03,  2.0076726556693028e-01,  0.0000000000000000e+00, -7.9744040763392147e-05, -4.0874157964507036e-03,  1.4362340129643434e-02,  0.0000000000000000e+00
 9.1908091908091905e+00,  6.3367418245413705e+02, -3.3842245559682300e-02,  2.9865771082720777e+01, -2.5647720237301760e-02,  9.2248467748501900e-02,  5.0042634005549813e-01,  5.8258016545413502e+03,  1.9312976665946471e+02, -1.5000293494341369e+04,  1.0027818617530892e+01,  2.6709816196797136e+00,  4.7351947966177041e+00,  6.3028138061705565e-03,  1.8831500676438825e-01, -6.2601800213616010e-01,  2.7433066213374302e-01, -1.0992508053752569e-03,  7.3576350163259497e-03,  2.0091083676044907e-01,  0.0000000000000000e+00, -7.9595956920818382e-05, -4.0906056100299681e-03,  1.4380612812820770e-02,  0.0000000000000000e+00
 9.2007992007992012e+00,  6.3367409092399237e+02, -3.3387790985138360e-02,  2.9865759872978227e+01, -2.5655662274777759e-02,  9.2247487349210663e-02,  5.0041849377552872e-01,  5.8321216617797336e+03,  1.9360108719170941e+02, -1.5000295084018993e+04,  1.0027799403495965e+01,  2.6710188155000347e+00,  4.7402836383470186e+00,  6.2918283077931575e-03,  1.8838830548987148e-01, -6.2401018327508839e-01,  2.7433066213374302e-01, -1.1000452287447872e-03,  7.3167540403113870e-03,  2.0105458821237068e-01,  0.0000000000000000e+00, -7.9447601659148826e-05, -4.0937657880855969e-03,  1.4398427861883750e-02,  0.0000000000000000e+00
 9.2107892107892102e+00,  6.3367399921734000e+02, -3.2933035130316028e-02,  2.9865748567407579e+01, -2.5663603061235645e-02,  9.2246491883718695e-02,  5.0041065154378273e-01,  5.8384416259253048e+03,  1.9407297361431446e+02, -1.5000296677622178e+04,  1.0027780109471326e+01,  2.6710560109535781e+00,  4.7453724003750155e+00,  6.2808348805213103e-03,  1.8846119565630257e-01, -6.2200092744660229e-01,  2.7433066213374302e-01, -1.1008381686246943e-03,  7.2758416426119991e-03,  2.0119851528033383e-01,  0.0000000000000000e+00, -7.9298962298253450e-05, -4.0968962313319120e-03,  1.4415771144336420e-02,  0.0000000000000000e+00
 9.2207792207792210e+00,  6.3367390733438629e+02, -3.2477979127735590e-02,  2.9865737166094096e+01, -2.5671542581950976e-02,  9.2245481355851117e-02,  5.0040281334381254e-01,  5.8447615469254579e+03,  1.9454542591788055e+02, -1.5000298275151134e+04,  1.0027760735470794e+01,  2.6710932059031598e+00,  4.7504610827165452e+00,  6.2698335391892677e-03,  1.8853367695126233e-01, -6.1999023291983701e-01,  2.7433066213374302e-01, -1.1016296221133131e-03,  7.2348981205219327e-03,  2.0134261318485538e-01,  0.0000000000000000e+00, -7.9150026123238338e-05, -4.0999968910994623e-03,  1.4432629340879811e-02,  0.0000000000000000e+00
 9.2307692307692299e+00,  6.3367381527534224e+02, -3.2022624107376663e-02,  2.9865725669123695e+01, -2.5679480822210388e-02,  9.2244455769542683e-02,  5.0039497915948417e-01,  5.8510814247275766e+03,  1.9501844409299201e+02, -1.5000299876605981e+04,  1.0027741281508373e+01,  2.6711304002116858e+00,  4.7555496853863009e+00,  6.2588242986609047e-03,  1.8860574906530400e-01, -6.1797809801233949e-01,  2.7433066213374302e-01, -1.1024195861950670e-03,  7.1939237719479566e-03,  2.0148687701866558e-01,  0.0000000000000000e+00, -7.9000783043883501e-05, -4.1030676934106841e-03,  1.4448990187924862e-02,  0.0000000000000000e+00
 9.2407592407592407e+00,  6.3367372304041635e+02, -3.1566971196709079e-02,  2.9865714076582677e+01, -2.5687417767311524e-02,  9.2243415128839365e-02,  5.0038714897498004e-01,  5.8574012592790386e+03,  1.9549202813021947e+02, -1.5000301481986879e+04,  1.0027721747598092e+01,  2.6711675937421875e+00,  4.7606382083988255e+00,  6.2478071738307252e-03,  1.8867741169196059e-01, -6.1596452109129229e-01,  2.7433066213374302e-01, -1.1032080577560409e-03,  7.1529188955560775e-03,  2.0163130175618088e-01,  0.0000000000000000e+00, -7.8851223482722353e-05, -4.1061085601156152e-03,  1.4464842266225382e-02,  0.0000000000000000e+00
 9.2507492507492515e+00,  6.3367363062982054e+02, -3.1111021520726739e-02,  2.9865702388558297e+01, -2.5695353402563022e-02,  9.2242359437896368e-02,  5.0037932277480679e-01,  5.8637210505272342e+03,  1.9596617802011787e+02, -1.5000303091293903e+04,  1.0027702133754270e+01,  2.6712047863577624e+00,  4.7657266517685368e+00,  6.2367821796248182e-03,  1.8874866452775269e-01, -6.1394950057465325e-01,  2.7433066213374302e-01, -1.1039950335925903e-03,  7.1118837907066506e-03,  2.0177588226280652e-01,  0.0000000000000000e+00, -7.8701338974788957e-05, -4.1091194308663266e-03,  1.4480175156633137e-02,  0.0000000000000000e+00
 9.2607392607392605e+00,  6.3367353804376739e+02, -3.0654776201979594e-02,  2.9865690605138113e+01, -2.5703287713284600e-02,  9.2241288700980473e-02,  5.0037150054379609e-01,  5.8700407984195990e+03,  1.9644089375322622e+02, -1.5000304704527185e+04,  1.0027682439991217e+01,  2.6712419779216301e+00,  4.7708150155097115e+00,  6.2257493310017026e-03,  1.8881950727219449e-01, -6.1193303493219531e-01,  2.7433066213374302e-01, -1.1047805104231223e-03,  7.0708187573896757e-03,  2.0192061330453140e-01,  0.0000000000000000e+00, -7.8551122497734857e-05, -4.1121002391920651e-03,  1.4494979396686810e-02,  0.0000000000000000e+00
 9.2707292707292712e+00,  6.3367344528246781e+02, -3.0198236360603908e-02,  2.9865678726410376e+01, -2.5711220684807204e-02,  9.2240202922469747e-02,  5.0036368226710759e-01,  5.8763605029035016e+03,  1.9691617532006870e+02, -1.5000306321686810e+04,  1.0027662666323433e+01,  2.6712791682971062e+00,  4.7759032996364787e+00,  6.2147086429530278e-03,  1.8888993962780043e-01, -6.0991512268645087e-01,  2.7433066213374302e-01, -1.1055644849031431e-03,  7.0297240963825766e-03,  2.0206548955752596e-01,  0.0000000000000000e+00, -7.8400568402441429e-05, -4.1150508944293278e-03,  1.4509246452826592e-02,  0.0000000000000000e+00
 9.2807192807192802e+00,  6.3367335234613904e+02, -2.9741403114358300e-02,  2.9865666752463937e+01, -2.5719152302473274e-02,  9.2239102106852225e-02,  5.0035586793022790e-01,  5.8826801639263740e+03,  1.9739202271115502e+02, -1.5000307942772808e+04,  1.0027642812765599e+01,  2.6713163573475924e+00,  4.7809915041628477e+00,  6.2036601305041376e-03,  1.8895996130009424e-01, -6.0789576241356347e-01,  2.7433066213374302e-01, -1.1063469536363576e-03,  6.9886001090900427e-03,  2.0221050561776005e-01,  0.0000000000000000e+00, -7.8249671987092113e-05, -4.1179713615361090e-03,  1.4522968806039562e-02,  0.0000000000000000e+00
 9.2907092907092910e+00,  6.3367325923499220e+02, -2.9284277578652620e-02,  2.9865654683388303e+01, -2.5727082551637075e-02,  9.2237986258727991e-02,  5.0034805751897826e-01,  5.8889997814356184e+03,  1.9786843591697837e+02, -1.5000309567785236e+04,  1.0027622879332386e+01,  2.6713535449366046e+00,  4.7860796291027068e+00,  6.1926038087145394e-03,  1.8902957199761242e-01, -6.0587495274403813e-01,  2.7433066213374302e-01, -1.1071279131874001e-03,  6.9474470976085686e-03,  2.0235565601029487e-01,  0.0000000000000000e+00, -7.8098430131627524e-05, -4.1208615370550636e-03,  1.4536139779433343e-02,  0.0000000000000000e+00
 9.3006993006993000e+00,  6.3367316594924671e+02, -2.8826860866584259e-02,  2.9865642519273411e+01, -2.5735011417664985e-02,  9.2236855382808347e-02,  5.0034025101951074e-01,  5.8953193553786414e+03,  1.9834541492801790e+02, -1.5000311196724168e+04,  1.0027602866038762e+01,  2.6713907309277620e+00,  4.7911676744698140e+00,  6.1815396926782158e-03,  1.8909877143191459e-01, -6.0385269236340777e-01,  2.7433066213374302e-01, -1.1079073600930352e-03,  6.9062653647875777e-03,  2.0250093519933504e-01,  0.0000000000000000e+00, -7.7946840376502194e-05, -4.1237213737072972e-03,  1.4548753866407260e-02,  0.0000000000000000e+00
 9.3106893106893107e+00,  6.3367307248911607e+02, -2.8369154088966841e-02,  2.9865630260210111e+01, -2.5742938885935897e-02,  9.2235709483916031e-02,  5.0033244841830637e-01,  5.9016388857028805e+03,  1.9882295973473799e+02, -1.5000312829589542e+04,  1.0027582772899761e+01,  2.6714279151847662e+00,  4.7962556402777983e+00,  6.1704677975238697e-03,  1.8916755931758819e-01, -6.0182898001278273e-01,  2.7433066213374302e-01, -1.1086852908763407e-03,  6.8650552140829503e-03,  2.0264633759786244e-01,  0.0000000000000000e+00, -7.7794902460973106e-05, -4.1265507972363998e-03,  1.4560806322382587e-02,  0.0000000000000000e+00
 9.3206793206793215e+00,  6.3367297885482128e+02, -2.7911158354364283e-02,  2.9865617906289575e+01, -2.5750864941842044e-02,  9.2234548566985278e-02,  5.0032464970218204e-01,  5.9079583723557325e+03,  1.9930107032758610e+02, -1.5000314466381426e+04,  1.0027562599930476e+01,  2.6714650975714451e+00,  4.8013435265402089e+00,  6.1593881384149505e-03,  1.8923593537225591e-01, -5.9980381448932429e-01,  2.7433066213374302e-01, -1.1094617020577934e-03,  6.8238169496670359e-03,  2.0279185757665039e-01,  0.0000000000000000e+00, -7.7642616046133797e-05, -4.1293497389511200e-03,  1.4572293427352410e-02,  0.0000000000000000e+00
 9.3306693306693305e+00,  6.3367288504657904e+02, -2.7452874769123534e-02,  2.9865605457603721e+01, -2.5758789570789288e-02,  9.2233372637062924e-02,  5.0031685485828425e-01,  5.9142778152846249e+03,  1.9977974669699640e+02, -1.5000316107099701e+04,  1.0027542347146213e+01,  2.6715022779516961e+00,  4.8064313332704174e+00,  6.1483007305496882e-03,  1.8930389931658254e-01, -5.9777719464661594e-01,  2.7433066213374302e-01, -1.1102365901682623e-03,  6.7825508763600453e-03,  2.0293748947447990e-01,  0.0000000000000000e+00, -7.7489983669706971e-05, -4.1321181371085820e-03,  1.4583212518116642e-02,  0.0000000000000000e+00
 9.3406593406593412e+00,  6.3367279106461092e+02, -2.6994304437404016e-02,  2.9865592914244857e+01, -2.5766712758197852e-02,  9.2232181699306984e-02,  5.0030906387408758e-01,  5.9205972144370298e+03,  2.0025898883338712e+02, -1.5000317751744396e+04,  1.0027522014562512e+01,  2.6715394561895485e+00,  4.8115190604817473e+00,  6.1372055891608396e-03,  1.8937145087428109e-01, -5.9574911939492914e-01,  2.7433066213374302e-01, -1.1110099517630597e-03,  6.7412572997583931e-03,  2.0308322760766070e-01,  0.0000000000000000e+00, -7.7337007608741472e-05, -4.1348558985422864e-03,  1.4593561744682527e-02,  0.0000000000000000e+00
 9.3506493506493502e+00,  6.3367269690913599e+02, -2.6535448461211999e-02,  2.9865580276306218e+01, -2.5774634489503085e-02,  9.2230975758988212e-02,  5.0030127673739444e-01,  5.9269165697603230e+03,  2.0073879672716134e+02, -1.5000319400315429e+04,  1.0027501602194821e+01,  2.6715766321491161e+00,  4.8166067081873898e+00,  6.1261027295154615e-03,  1.8943858977212216e-01, -5.9371958770140798e-01,  2.7433066213374302e-01, -1.1117817834320858e-03,  6.6999365259982711e-03,  2.0322906627925411e-01,  0.0000000000000000e+00, -7.7183692530289933e-05, -4.1375630082342305e-03,  1.4603340308314859e-02,  0.0000000000000000e+00
 9.3606393606393610e+00,  6.3367260258037777e+02, -2.6076307940428107e-02,  2.9865567543881472e+01, -2.5782554750156433e-02,  9.2229754821489471e-02,  5.0029349343633400e-01,  5.9332358812019902e+03,  2.0121917036870755e+02, -1.5000321052812720e+04,  1.0027481110058831e+01,  2.6716138056946352e+00,  4.8216942764004251e+00,  6.1149921669144446e-03,  1.8950531573993540e-01, -5.9168859859014888e-01,  2.7433066213374302e-01, -1.1125520818142086e-03,  6.6585888619173994e-03,  2.0337499978912071e-01,  0.0000000000000000e+00, -7.7030043570717576e-05, -4.1402393407562882e-03,  1.4612548366980768e-02,  0.0000000000000000e+00
 9.3706293706293700e+00,  6.3367250807855771e+02, -2.5616883972841252e-02,  2.9865554717064828e+01, -2.5790473525625992e-02,  9.2228518892305919e-02,  5.0028571395935439e-01,  5.9395551487094463e+03,  2.0170010974839812e+02, -1.5000322709236192e+04,  1.0027460538170406e+01,  2.6716509766904109e+00,  4.8267817651338518e+00,  6.1038739166920011e-03,  1.8957162851062201e-01, -5.8965615114218484e-01,  2.7433066213374302e-01, -1.1133208436092028e-03,  6.6172146150494720e-03,  2.0352102244323350e-01,  0.0000000000000000e+00, -7.6876067787094718e-05, -4.1428848822029031e-03,  1.4621186986402164e-02,  0.0000000000000000e+00
 9.3806193806193807e+00,  6.3367241340390001e+02, -2.5157177654176969e-02,  2.9865541795951245e+01, -2.5798390801397758e-02,  9.2227267977045849e-02,  5.0027793829522416e-01,  5.9458743722301424e+03,  2.0218161485659198e+02, -1.5000324369585693e+04,  1.0027439886545508e+01,  2.6716881450008945e+00,  4.8318691744005600e+00,  6.0927479942149603e-03,  1.8963752782015617e-01, -5.8762224449537903e-01,  2.7433066213374302e-01, -1.1140880655885891e-03,  6.5758140935138253e-03,  2.0366712856307825e-01,  0.0000000000000000e+00, -7.6721772505898198e-05, -4.1454995291159910e-03,  1.4629258210137139e-02,  0.0000000000000000e+00
 9.3906093906093915e+00,  6.3367231855662885e+02, -2.4697190078126638e-02,  2.9865528780636215e+01, -2.5806306562976569e-02,  9.2226002081429378e-02,  5.0027016643302369e-01,  5.9521935517115289e+03,  2.0266368568363146e+02, -1.5000326033861105e+04,  1.0027419155200205e+01,  2.6717253104905971e+00,  4.8369565042133598e+00,  6.0816144148820375e-03,  1.8970301340759532e-01, -5.8558687784422092e-01,  2.7433066213374302e-01, -1.1148537446124542e-03,  6.5343876061142135e-03,  2.0381331249544035e-01,  0.0000000000000000e+00, -7.6567168052045194e-05, -4.1480832484025376e-03,  1.4636765045131199e-02,  0.0000000000000000e+00
 9.4005994005994005e+00,  6.3367222353696980e+02, -2.4236922336378336e-02,  2.9865515671215785e+01, -2.5814220795887192e-02,  9.2224721211290606e-02,  5.0026239836214470e-01,  5.9585126871010607e+03,  2.0314632221984462e+02, -1.5000327702062290e+04,  1.0027398344150738e+01,  2.6717624730241711e+00,  4.8420437545849406e+00,  6.0704731941228036e-03,  1.8976808501508352e-01, -5.8355005043952612e-01,  2.7433066213374302e-01, -1.1156178776388771e-03,  6.4929354622287805e-03,  2.0395956862165912e-01,  0.0000000000000000e+00, -7.6412263837818874e-05, -4.1506359574613200e-03,  1.4643711423868134e-02,  0.0000000000000000e+00
 9.4105894105894112e+00,  6.3367212834515010e+02, -2.3776375518643519e-02,  2.9865502467786602e+01, -2.5822133485675480e-02,  9.2223425372575621e-02,  5.0025463407228177e-01,  5.9648317783461880e+03,  2.0362952445554444e+02, -1.5000329374189112e+04,  1.0027377453413441e+01,  2.6717996324663495e+00,  4.8471309255279618e+00,  6.0593243473967455e-03,  1.8983274238785963e-01, -5.8151176158804396e-01,  2.7433066213374302e-01, -1.1163804617355566e-03,  6.4514579718867454e-03,  2.0410589136690502e-01,  0.0000000000000000e+00, -7.6257072317397579e-05, -4.1531576090141830e-03,  1.4650102174360026e-02,  0.0000000000000000e+00
 9.4205794205794202e+00,  6.3367203298139691e+02, -2.3315550712685394e-02,  2.9865489170446221e+01, -2.5830044617909668e-02,  9.2222114571343841e-02,  5.0024687355342623e-01,  5.9711508253943766e+03,  2.0411329238102894e+02, -1.5000331050241290e+04,  1.0027356483004821e+01,  2.6718367886819840e+00,  4.8522180170549394e+00,  6.0481678901920235e-03,  1.8989698527426208e-01, -5.7947201065197562e-01,  2.7433066213374302e-01, -1.1171414940968970e-03,  6.4099554456765791e-03,  2.0425227520985220e-01,  0.0000000000000000e+00, -7.6101606422949585e-05, -4.1556481382612285e-03,  1.4655943183663599e-02,  0.0000000000000000e+00
 9.4305694305694310e+00,  6.3367193744593635e+02, -2.2854449004345405e-02,  2.9865475779292325e+01, -2.5837954178181702e-02,  9.2220788813768287e-02,  5.0023911679586375e-01,  5.9774698281931078e+03,  2.0459762598658122e+02, -1.5000332730218744e+04,  1.0027335432941507e+01,  2.6718739415360293e+00,  4.8573050291783462e+00,  6.0370038380241804e-03,  1.8996081342573529e-01, -5.7743079704838662e-01,  2.7433066213374302e-01, -1.1179009720493169e-03,  6.3684281947799255e-03,  2.0439871469164284e-01,  0.0000000000000000e+00, -7.5945879651556395e-05, -4.1581074912488934e-03,  1.4661241070824107e-02,  0.0000000000000000e+00
 9.4405594405594400e+00,  6.3367184173900228e+02, -2.2393071477570647e-02,  2.9865462294423622e+01, -2.5845862152108691e-02,  9.2219448106134486e-02,  5.0023136379016531e-01,  5.9837887866898136e+03,  2.0508252526246849e+02, -1.5000334414121206e+04,  1.0027314303240226e+01,  2.6719110908935391e+00,  4.8623919619105500e+00,  6.0258322064347947e-03,  1.9002422659683510e-01, -5.7538812024854624e-01,  2.7433066213374302e-01, -1.1186588930706981e-03,  6.3268765310049435e-03,  2.0454520442508350e-01,  0.0000000000000000e+00, -7.5789908828942295e-05, -4.1605355965026155e-03,  1.4666003563994055e-02,  0.0000000000000000e+00
 9.4505494505494507e+00,  6.3367174586082172e+02, -2.1931419214437961e-02,  2.9865448715939145e+01, -2.5853768525333984e-02,  9.2218092454841680e-02,  5.0022361452717645e-01,  5.9901077008320090e+03,  2.0556799019894399e+02, -1.5000336101948405e+04,  1.0027293093917898e+01,  2.6719482366196807e+00,  4.8674788152638895e+00,  6.0146530109898011e-03,  1.9008722454523588e-01, -5.7334397977715623e-01,  2.7433066213374302e-01, -1.1194152547984151e-03,  6.2853007666307187e-03,  2.0469173910410243e-01,  0.0000000000000000e+00, -7.5633709060018869e-05, -4.1629324312172792e-03,  1.4670239175599375e-02,  0.0000000000000000e+00
 9.4605394605394597e+00,  6.3367164981162682e+02, -2.1469493295178534e-02,  2.9865435043938621e+01, -2.5861673283529254e-02,  9.2216721866403006e-02,  5.0021586899801540e-01,  5.9964265705671405e+03,  2.0605402078624581e+02, -1.5000337793700082e+04,  1.0027271804991505e+01,  2.6719853785797243e+00,  4.8725655892505770e+00,  6.0034662672779834e-03,  1.9014980703173281e-01, -5.7129837521150129e-01,  2.7433066213374302e-01, -1.1201700550418393e-03,  6.2437012144767228e-03,  2.0483831351224033e-01,  0.0000000000000000e+00, -7.5477299673510693e-05, -4.1652979100127632e-03,  1.4673957333607891e-02,  0.0000000000000000e+00
 9.4705294705294705e+00,  6.3367155359164860e+02, -2.1007294798202611e-02,  2.9865421278522547e+01, -2.5869576412395727e-02,  9.2215336347444041e-02,  5.0020812719406138e-01,  6.0027453958426995e+03,  2.0654061701459710e+02, -1.5000339489376027e+04,  1.0027250436478221e+01,  2.6720225166390494e+00,  4.8776522838828082e+00,  5.9922719909090453e-03,  1.9021197382025040e-01, -5.6925130618050812e-01,  2.7433066213374302e-01, -1.1209232917969549e-03,  6.2020781879689423e-03,  2.0498492253182268e-01,  0.0000000000000000e+00, -7.5320698720555919e-05, -4.1676319967338775e-03,  1.4677168390426262e-02,  0.0000000000000000e+00
 9.4805194805194812e+00,  6.3367145720112092e+02, -2.0544824800120473e-02,  2.9865407419791723e+01, -2.5877477897665802e-02,  9.2213935904704780e-02,  5.0020038910694786e-01,  6.0090641766061754e+03,  2.0702777887420550e+02, -1.5000341188975921e+04,  1.0027228988395343e+01,  2.6720596506631469e+00,  4.8827388991726561e+00,  5.9810701975118088e-03,  1.9027372467784609e-01, -5.6720277236371230e-01,  2.7433066213374302e-01, -1.1216749632511549e-03,  6.1604320009189788e-03,  2.0513156115308059e-01,  0.0000000000000000e+00, -7.5163926390325642e-05, -4.1699346507786186e-03,  1.4679883581752585e-02,  0.0000000000000000e+00
 9.4905094905094902e+00,  6.3367136064027761e+02, -2.0082084375765460e-02,  2.9865393467847866e+01, -2.5885377725104998e-02,  9.2212520545038285e-02,  5.0019265472854957e-01,  6.0153829128050475e+03,  2.0751550635526385e+02, -1.5000342892499462e+04,  1.0027207460760247e+01,  2.6720967805176108e+00,  4.8878254351321901e+00,  5.9698609027321993e-03,  1.9033505937471432e-01, -5.6515277349013693e-01,  2.7433066213374302e-01, -1.1224250678047757e-03,  6.1187629676616190e-03,  2.0527822448237562e-01,  0.0000000000000000e+00, -7.5007005244546370e-05, -4.1722058073448672e-03,  1.4682114943116950e-02,  0.0000000000000000e+00
 9.5004995004995010e+00,  6.3367126390935391e+02, -1.9619074598213493e-02,  2.9865379422793154e+01, -2.5893275880513517e-02,  9.2211090275411356e-02,  5.0018492405097725e-01,  6.0217016043868207e+03,  2.0800379944795145e+02, -1.5000344599946273e+04,  1.0027185853590490e+01,  2.6721339060681450e+00,  4.8929118917733803e+00,  5.9586441222309943e-03,  1.9039597768419297e-01, -5.6310130933709146e-01,  2.7433066213374302e-01, -1.1231736040762169e-03,  6.0770714029783901e-03,  2.0542490775119515e-01,  0.0000000000000000e+00, -7.4849956298004883e-05, -4.1744454422376924e-03,  1.4683875474549343e-02,  0.0000000000000000e+00
 9.5104895104895100e+00,  6.3367116700858435e+02, -1.9155796538803570e-02,  2.9865365284730345e+01, -2.5901172349728177e-02,  9.2209645102904331e-02,  5.0017719706656472e-01,  6.0280202512989790e+03,  2.0849265814243009e+02, -1.5000346311316092e+04,  1.0027164166903777e+01,  2.6721710271805654e+00,  4.8979982691081370e+00,  5.9474198716817257e-03,  1.9045647938276583e-01, -5.6104837972887434e-01,  2.7433066213374302e-01, -1.1239205709119063e-03,  6.0353576220948000e-03,  2.0557160632432928e-01,  0.0000000000000000e+00, -7.4692804206992418e-05, -4.1766534906571996e-03,  1.4685178866905218e-02,  0.0000000000000000e+00
 9.5204795204795207e+00,  6.3367106993820596e+02, -1.8692251267155093e-02,  2.9865351053762954e+01, -2.5909067118624379e-02,  9.2208185034711398e-02,  5.0016947376785870e-01,  6.0343388534890446e+03,  2.0898208242885005e+02, -1.5000348026608504e+04,  1.0027142400717876e+01,  2.6722081437207921e+00,  4.9030845671483236e+00,  5.9361881667682193e-03,  1.9051656425006899e-01, -5.5899398453540661e-01,  2.7433066213374302e-01, -1.1246659674051084e-03,  5.9936219405947611e-03,  2.0571831570854660e-01,  0.0000000000000000e+00, -7.4535573732091868e-05, -4.1788299456506093e-03,  1.4686039853400605e-02,  0.0000000000000000e+00
 9.5304695304695297e+00,  6.3367097269845829e+02, -1.8228439851185680e-02,  2.9865336729994851e+01, -2.5916960173117769e-02,  9.2206710078139950e-02,  5.0016175414760944e-01,  6.0406574109045141e+03,  2.0947207229734235e+02, -1.5000349745823143e+04,  1.0027120555050750e+01,  2.6722452555548672e+00,  4.9081707859057788e+00,  5.9249490231821234e-03,  1.9057623206889160e-01, -5.5693812367076156e-01,  2.7433066213374302e-01, -1.1254097928973586e-03,  5.9518646744414301e-03,  2.0586503156082897e-01,  0.0000000000000000e+00, -7.4378289816396561e-05, -4.1809747382463569e-03,  1.4686473773533829e-02,  0.0000000000000000e+00
 9.5404595404595405e+00,  6.3367087528957825e+02, -1.7764363357127014e-02,  2.9865322313530893e+01, -2.5924851499166519e-02,  9.2205220240611258e-02,  5.0015403819875681e-01,  6.0469759234928724e+03,  2.0996262773802817e+02, -1.5000351468959623e+04,  1.0027098629920454e+01,  2.6722823625489367e+00,  4.9132569253922513e+00,  5.9137024566204201e-03,  1.9063548262518271e-01, -5.5488079709163385e-01,  2.7433066213374302e-01, -1.1261520469943807e-03,  5.9100861400280787e-03,  2.0601174969603270e-01,  0.0000000000000000e+00, -7.4220980427445370e-05, -4.1830878512008089e-03,  1.4686496897916722e-02,  0.0000000000000000e+00
 9.5504495504495512e+00,  6.3367077771180379e+02, -1.7300022849539458e-02,  2.9865307804476267e+01, -2.5932741082773280e-02,  9.2203715529660363e-02,  5.0014632591442054e-01,  6.0532943912016599e+03,  2.1045374874100955e+02, -1.5000353196017557e+04,  1.0027076625345194e+01,  2.6723194645692563e+00,  4.9183429856194403e+00,  5.9024484827826336e-03,  1.9069431570805301e-01, -5.5282200479571564e-01,  2.7433066213374302e-01, -1.1268927295780484e-03,  5.8682866539820702e-03,  2.0615846609525940e-01,  0.0000000000000000e+00, -7.4063672802788117e-05, -4.1851692553145255e-03,  1.4686126223597865e-02,  0.0000000000000000e+00
 9.5604395604395602e+00,  6.3367067996537537e+02, -1.6835419391326250e-02,  2.9865293202936890e+01, -2.5940628909987218e-02,  9.2202195952934912e-02,  5.0013861728788656e-01,  6.0596128139784096e+03,  2.1094543529637599e+02, -1.5000354926996471e+04,  1.0027054541343285e+01,  2.6723565614821960e+00,  4.9234289665990074e+00,  5.8911871173681117e-03,  1.9075273110977775e-01, -5.5076174682000034e-01,  2.7433066213374302e-01, -1.1276318408113321e-03,  5.8264665332624071e-03,  2.0630517691340222e-01,  0.0000000000000000e+00, -7.3906396100600650e-05, -4.1872189127621596e-03,  1.4685379568594281e-02,  0.0000000000000000e+00
 9.5704295704295710e+00,  6.3367058205053740e+02, -1.6370554043744025e-02,  2.9865278509019152e+01, -2.5948514966906224e-02,  9.2200661518197322e-02,  5.0013091231259477e-01,  6.0659311917706091e+03,  2.1143768739420122e+02, -1.5000356661895963e+04,  1.0027032377933221e+01,  2.6723936531542503e+00,  4.9285148683425799e+00,  5.8799183760731167e-03,  1.9081072862580051e-01, -5.4870002323900435e-01,  2.7433066213374302e-01, -1.1283693811518451e-03,  5.7846260950177291e-03,  2.0645187848689719e-01,  0.0000000000000000e+00, -7.3749180070097710e-05, -4.1892368238225664e-03,  1.4684275445098849e-02,  0.0000000000000000e+00
 9.5804195804195800e+00,  6.3367048396752898e+02, -1.5905427866415293e-02,  2.9865263722830317e+01, -2.5956399239679056e-02,  9.2199112233322222e-02,  5.0012321098212598e-01,  6.0722495245258042e+03,  2.1193050502454523e+02, -1.5000358400715508e+04,  1.0027010135133535e+01,  2.6724307394520097e+00,  4.9336006908617245e+00,  5.8686422745878554e-03,  1.9086830805473315e-01, -5.4663683416291953e-01,  2.7433066213374302e-01, -1.1291053513604165e-03,  5.7427656566587026e-03,  2.0659856734092752e-01,  0.0000000000000000e+00, -7.3592055685908083e-05, -4.1912229356546290e-03,  1.4682833131776155e-02,  0.0000000000000000e+00
 9.5904095904095907e+00,  6.3367038571659407e+02, -1.5440041917337343e-02,  2.9865248844478039e+01, -2.5964281714507584e-02,  9.2197548106298169e-02,  5.0011551329019110e-01,  6.0785678121915234e+03,  2.1242388817745211e+02, -1.5000360143454673e+04,  1.0026987812962970e+01,  2.6724678202421974e+00,  4.9386864341679741e+00,  5.8573588285933884e-03,  1.9092546919836112e-01, -5.4457217973568917e-01,  2.7433066213374302e-01, -1.1298397525087885e-03,  5.7008855358682718e-03,  2.0674524019662119e-01,  0.0000000000000000e+00, -7.3435054218153680e-05, -4.1931772465896786e-03,  1.4681072578094872e-02,  0.0000000000000000e+00
 9.6003996003995997e+00,  6.3367028729797426e+02, -1.4974397252889928e-02,  2.9865233874070739e+01, -2.5972162377648864e-02,  9.2195969145226347e-02,  5.0010781923061021e-01,  6.0848860547153072e+03,  2.1291783684295123e+02, -1.5000361890112927e+04,  1.0026965411440385e+01,  2.6725048953916373e+00,  4.9437720982728086e+00,  5.8460680537585092e-03,  1.9098221186164360e-01, -5.4250606013301705e-01,  2.7433066213374302e-01, -1.1305725859909028e-03,  5.6589860503738340e-03,  2.0689189397818558e-01,  0.0000000000000000e+00, -7.3278208901116334e-05, -4.1950997493968275e-03,  1.4679014491098426e-02,  0.0000000000000000e+00
 9.6103896103896105e+00,  6.3367018871191806e+02, -1.4508494927842881e-02,  2.9865218811717327e+01, -2.5980041215417901e-02,  9.2194375358321465e-02,  5.0010012879730825e-01,  6.0912042520446848e+03,  2.1341235101105730e+02, -1.5000363640689795e+04,  1.0026942930584704e+01,  2.6725419647672690e+00,  4.9488576831876792e+00,  5.8347699657364275e-03,  1.9103853585271424e-01, -5.4043847556030089e-01,  2.7433066213374302e-01, -1.1313038535285739e-03,  5.6170675180273119e-03,  2.0703852581962390e-01,  0.0000000000000000e+00, -7.3121552160804418e-05, -4.1969904262762142e-03,  1.4676680168535711e-02,  0.0000000000000000e+00
 9.6203796203796212e+00,  6.3367008995866684e+02, -1.4042335995359752e-02,  2.9865203657527534e+01, -2.5987918214189235e-02,  9.2192766753910943e-02,  5.0009244198429414e-01,  6.0975224041271968e+03,  2.1390743067177118e+02, -1.5000365395184715e+04,  1.0026920370415027e+01,  2.6725790282361710e+00,  4.9539431889239918e+00,  5.8234645801615329e-03,  1.9109444098288292e-01, -5.3836942625050677e-01,  2.7433066213374302e-01, -1.1320335571814134e-03,  5.5751302568437695e-03,  2.0718513307121728e-01,  0.0000000000000000e+00, -7.2965119117479949e-05, -4.1988492627682995e-03,  1.4674091596769247e-02,  0.0000000000000000e+00
 9.6303696303696302e+00,  6.3366999103847013e+02, -1.3575921507003383e-02,  2.9865188411611470e+01, -2.5995793360400012e-02,  9.2191143340434892e-02,  5.0008475878564596e-01,  6.1038405109104160e+03,  2.1440307581507784e+02, -1.5000367153597139e+04,  1.0026897730950644e+01,  2.6726160856655135e+00,  4.9590286154931302e+00,  5.8121519126458901e-03,  1.9114992706663719e-01, -5.3629891246197492e-01,  2.7433066213374302e-01, -1.1327616993535492e-03,  5.5331745848311064e-03,  2.0733171330595870e-01,  0.0000000000000000e+00, -7.2808943744118537e-05, -4.2006762741669578e-03,  1.4671271398464209e-02,  0.0000000000000000e+00
 9.6403596403596410e+00,  6.3366989195157441e+02, -1.3109252512736990e-02,  2.9865173074080026e+01, -2.6003666640551790e-02,  9.2189505126445720e-02,  5.0007707919550071e-01,  6.1101585723418657e+03,  2.1489928643094811e+02, -1.5000368915926461e+04,  1.0026875012210818e+01,  2.6726531369226083e+00,  4.9641139629063975e+00,  5.8008319787758479e-03,  1.9120499392164078e-01, -5.3422693447616199e-01,  2.7433066213374302e-01, -1.1334882827988878e-03,  5.4912008199505995e-03,  2.0747826432534935e-01,  0.0000000000000000e+00, -7.2653062012671620e-05, -4.2024714549107108e-03,  1.4668242683546929e-02,  0.0000000000000000e+00
 9.6503496503496500e+00,  6.3366979269822536e+02, -1.2642330060925388e-02,  2.9865157645044597e+01, -2.6011538041213159e-02,  9.2187852120608899e-02,  5.0006940320803628e-01,  6.1164765883691007e+03,  2.1539606250933713e+02, -1.5000370682172146e+04,  1.0026852214215058e+01,  2.6726901818748661e+00,  4.9691992311751108e+00,  5.7895047941084500e-03,  1.9125964136873411e-01, -5.3215349259533462e-01,  2.7433066213374302e-01, -1.1342133106312894e-03,  5.4492092801949757e-03,  2.0762478416544669e-01,  0.0000000000000000e+00, -7.2497510034133194e-05, -4.2042348041652260e-03,  1.4665029303941663e-02,  0.0000000000000000e+00
 9.6603396603396607e+00,  6.3366969327867389e+02, -1.2175155198333579e-02,  2.9865142124617403e+01, -2.6019407549022149e-02,  9.2186184331700852e-02,  5.0006173081745242e-01,  6.1227945589397314e+03,  2.1589340404018716e+02, -1.5000372452333622e+04,  1.0026829336982994e+01,  2.6727272203898291e+00,  4.9742844203105179e+00,  5.7781703741678304e-03,  1.9131386923193439e-01, -5.3007858714018907e-01,  2.7433066213374302e-01, -1.1349367863294007e-03,  5.4072002834902842e-03,  2.0777127110226723e-01,  0.0000000000000000e+00, -7.2342324727757819e-05, -4.2059663361141723e-03,  1.4661655447530935e-02,  0.0000000000000000e+00
 9.6703296703296697e+00,  6.3366959369317135e+02, -1.1707728970125349e-02,  2.9865126512911008e+01, -2.6027275150688447e-02,  9.2184501768611274e-02,  5.0005406201796387e-01,  6.1291124840012553e+03,  2.1639131101342386e+02, -1.5000374226410167e+04,  1.0026806380534277e+01,  2.6727642523351642e+00,  4.9793695303238463e+00,  5.7668287344415292e-03,  1.9136767733843421e-01, -5.2800221844743722e-01,  2.7433066213374302e-01, -1.1356587137391729e-03,  5.3651741475930935e-03,  2.0791772365690983e-01,  0.0000000000000000e+00, -7.2187542708615927e-05, -4.2076660705034404e-03,  1.4658145991912907e-02,  0.0000000000000000e+00
 9.6803196803196805e+00,  6.3366949394196479e+02, -1.1240052419859113e-02,  2.9865110810038864e+01, -2.6035140832995959e-02,  9.2182804440340507e-02,  5.0004639680377805e-01,  6.1354303635013066e+03,  2.1688978341895876e+02, -1.5000376004401227e+04,  1.0026783344888788e+01,  2.6728012775786554e+00,  4.9844545612262916e+00,  5.7554798903768382e-03,  1.9142106551859958e-01, -5.2592438686732379e-01,  2.7433066213374302e-01, -1.1363790970815883e-03,  5.3231311900807715e-03,  2.0806414060075107e-01,  0.0000000000000000e+00, -7.2033202442955296e-05, -4.2093340234634772e-03,  1.4654526165105786e-02,  0.0000000000000000e+00
 9.6903096903096895e+00,  6.3366939402530818e+02, -1.0772126589481883e-02,  2.9865095016114942e+01, -2.6043004582805184e-02,  9.2181092356000555e-02,  5.0003873516907826e-01,  6.1417481973874046e+03,  2.1738882124668967e+02, -1.5000377786306086e+04,  1.0026760230066495e+01,  2.6728382959882158e+00,  4.9895395130289861e+00,  5.7441238573769622e-03,  1.9147403360596829e-01, -5.2384509276110858e-01,  2.7433066213374302e-01, -1.1370979409594767e-03,  5.2810717284153853e-03,  2.0821052095974074e-01,  0.0000000000000000e+00, -7.1879341910329212e-05, -4.2109702019470603e-03,  1.4650821704627396e-02,  0.0000000000000000e+00
 9.7002997002997002e+00,  6.3366929394345186e+02, -1.0303952519323135e-02,  2.9865079131253751e+01, -2.6050866387055453e-02,  9.2179365524814857e-02,  5.0003107710801376e-01,  6.1480659856071588e+03,  2.1788842448649834e+02, -1.5000379572124128e+04,  1.0026737036087491e+01,  2.6728753074318763e+00,  4.9946243857430401e+00,  5.7327606507972285e-03,  1.9152658143724924e-01, -5.2176433649849785e-01,  2.7433066213374302e-01, -1.1378152503548095e-03,  5.2389960797709764e-03,  2.0835686401883408e-01,  0.0000000000000000e+00, -7.1725999055514297e-05, -4.2125746565696703e-03,  1.4647058729561445e-02,  0.0000000000000000e+00
 9.7102897102897110e+00,  6.3366919369665129e+02, -9.8355312480858867e-03,  2.9865063155570454e+01, -2.6058726232767483e-02,  9.2177623956117033e-02,  5.0002342261467692e-01,  6.1543837281081569e+03,  2.1838859312825358e+02, -1.5000381361854623e+04,  1.0026713762971966e+01,  2.6729123117777882e+00,  4.9997091793795674e+00,  5.7213902859413000e-03,  1.9157870885231737e-01, -5.1968211845503764e-01,  2.7433066213374302e-01, -1.1385310306383208e-03,  5.1969045609205934e-03,  2.0850316932594623e-01,  0.0000000000000000e+00, -7.1573213683206465e-05, -4.2141474173695570e-03,  1.4643263750582555e-02,  0.0000000000000000e+00
 9.7202797202797200e+00,  6.3366909328515908e+02, -9.3668638128371028e-03,  2.9865047089181036e+01, -2.6066584107045734e-02,  9.2175867659351721e-02,  5.0001577168308997e-01,  6.1607014248379519e+03,  2.1888932716180727e+02, -1.5000383155496886e+04,  1.0026690410740244e+01,  2.6729493088942546e+00,  5.0047938939495680e+00,  5.7100127780572024e-03,  1.9163041569421069e-01, -5.1759843900946800e-01,  2.7433066213374302e-01, -1.1392452875699300e-03,  5.1547974884386177e-03,  2.0864943669566238e-01,  0.0000000000000000e+00, -7.1421024024958935e-05, -4.2156884935221420e-03,  1.4639463666592880e-02,  0.0000000000000000e+00
 9.7302697302697307e+00,  6.3366899270922920e+02, -8.8979512489942760e-03,  2.9865030932201861e+01, -2.6074439997080562e-02,  9.2174096644073333e-02,  5.0000812430719155e-01,  6.1670190757441887e+03,  2.1939062657699861e+02, -1.5000384953050159e+04,  1.0026666979412795e+01,  2.6729862986496737e+00,  5.0098785294640660e+00,  5.6986281423335094e-03,  1.9168170180912933e-01, -5.1551329854103844e-01,  2.7433066213374302e-01, -1.1399580272977987e-03,  5.1126751785164929e-03,  2.0879566621216789e-01,  0.0000000000000000e+00, -7.1269469494348345e-05, -4.2171979528872932e-03,  1.4635685537809452e-02,  0.0000000000000000e+00
 9.7402597402597397e+00,  6.3366889196911973e+02, -8.4287945903144743e-03,  2.9865014684750022e+01, -2.6082293890150657e-02,  9.2172310919946279e-02,  5.0000048048081180e-01,  6.1733366807744060e+03,  2.1989249136365200e+02, -1.5000386754513733e+04,  1.0026643469010173e+01,  2.6730232809125991e+00,  5.0149630859340490e+00,  5.6872363938954085e-03,  1.9173256704642880e-01, -5.1342669742680735e-01,  2.7433066213374302e-01, -1.1406692563650750e-03,  5.0705379467895322e-03,  2.0894185823243966e-01,  0.0000000000000000e+00, -7.1118589774358723e-05, -4.2186758388503484e-03,  1.4631956920596987e-02,  0.0000000000000000e+00
 9.7502497502497505e+00,  6.3366879106508350e+02, -7.9593948688785870e-03,  2.9864998346943239e+01, -2.6090145773625530e-02,  9.2170510496743935e-02,  4.9999284019766604e-01,  6.1796542398762458e+03,  2.2039492151157538e+02, -1.5000388559886867e+04,  1.0026619879553039e+01,  2.6730602555516993e+00,  5.0200475633704160e+00,  5.6758375478007409e-03,  1.9178301125861563e-01, -5.1133863603889185e-01,  2.7433066213374302e-01, -1.1413789817073898e-03,  5.0283861085179725e-03,  2.0908801338858735e-01,  0.0000000000000000e+00, -7.0968423757095537e-05, -4.2201221831159805e-03,  1.4628305340171750e-02,  0.0000000000000000e+00
 9.7602397602397595e+00,  6.3366868999738074e+02, -7.4897531150733198e-03,  2.9864981918899833e+01, -2.6097995634967536e-02,  9.2168695384349159e-02,  4.9998520345132963e-01,  6.1859717529973113e+03,  2.2089791701056475e+02, -1.5000390369168703e+04,  1.0026596211062218e+01,  2.6730972224357750e+00,  5.0251319617840542e+00,  5.6644316190361203e-03,  1.9183303430134424e-01, -5.0924911474172074e-01,  2.7433066213374302e-01, -1.1420872106529011e-03,  4.9862199784508378e-03,  2.0923413258991494e-01,  0.0000000000000000e+00, -7.0819011134233795e-05, -4.2215370563244183e-03,  1.4624758765615392e-02,  0.0000000000000000e+00
 9.7702297702297702e+00,  6.3366858876626702e+02, -7.0198703575764911e-03,  2.9864965400738889e+01, -2.6105843461733835e-02,  9.2166865592753569e-02,  4.9997757023522732e-01,  6.1922892200851857e+03,  2.2140147785039974e+02, -1.5000392182358553e+04,  1.0026572463558624e+01,  2.6731341814337726e+00,  5.0302162811858295e+00,  5.6530186225129710e-03,  1.9188263603340985e-01, -5.0715813388924325e-01,  2.7433066213374302e-01, -1.1427939509231892e-03,  4.9440398706949188e-03,  2.0938021702485807e-01,  0.0000000000000000e+00, -7.0670390997758773e-05, -4.2229205163220301e-03,  1.4621345113722073e-02,  0.0000000000000000e+00
 9.7802197802197810e+00,  6.3366848737200553e+02, -6.5497476233342912e-03,  2.9864948792579792e+01, -2.6113689241579335e-02,  9.2165021132055935e-02,  4.9996994054261218e-01,  6.1986066410874992e+03,  2.2190560402084577e+02, -1.5000393999455508e+04,  1.0026548637063243e+01,  2.6731711324147578e+00,  5.0353005215865361e+00,  5.6415985730636272e-03,  1.9193181631674275e-01, -5.0506569382214284e-01,  2.7433066213374302e-01, -1.1434992106292947e-03,  4.9018460987878144e-03,  2.0952626816198275e-01,  0.0000000000000000e+00, -7.0522602144212923e-05, -4.2242726195676301e-03,  1.4618092534909708e-02,  0.0000000000000000e+00
 9.7902097902097900e+00,  6.3366838581485081e+02, -6.0793859375431669e-03,  2.9864932094542890e+01, -2.6121532962258127e-02,  9.2163162012463620e-02,  4.9996231436655619e-01,  6.2049240159518849e+03,  2.2241029551165443e+02, -1.5000395820458820e+04,  1.0026524731597270e+01,  2.6732080752479375e+00,  5.0403846829969234e+00,  5.6301714854374608e-03,  1.9198057501640262e-01, -5.0297179486502785e-01,  2.7433066213374302e-01, -1.1442029982740882e-03,  4.8596389756532547e-03,  2.0967228775096622e-01,  0.0000000000000000e+00, -7.0375684343452325e-05, -4.2255934319713091e-03,  1.4615029179580623e-02,  0.0000000000000000e+00
 9.8001998001998007e+00,  6.3366828409506536e+02, -5.6087863236241450e-03,  2.9864915306748944e+01, -2.6129374611625678e-02,  9.2161288244290818e-02,  4.9995469169992313e-01,  6.2112413446259479e+03,  2.2291555231256228e+02, -1.5000397645367600e+04,  1.0026500747181888e+01,  2.6732450098026477e+00,  5.0454687654277164e+00,  5.6187373742969124e-03,  1.9202891200057198e-01, -5.0087643732362208e-01,  2.7433066213374302e-01, -1.1449053227447774e-03,  4.8174188134610212e-03,  2.0981827782303586e-01,  0.0000000000000000e+00, -7.0229674688563544e-05, -4.2268830389139370e-03,  1.4612183249319984e-02,  0.0000000000000000e+00
 9.8101898101898097e+00,  6.3366818221290907e+02, -5.1379498032020363e-03,  2.9864898429319485e+01, -2.6137214177641092e-02,  9.2159399837958941e-02,  4.9994707253536325e-01,  6.2175586270573167e+03,  2.2342137441329066e+02, -1.5000399474180942e+04,  1.0026476683838547e+01,  2.6732819359483719e+00,  5.0505527688895802e+00,  5.6072962542137892e-03,  1.9207682714054769e-01, -4.9877962148195026e-01,  2.7433066213374302e-01, -1.1456061933114447e-03,  4.7751859236316949e-03,  2.0996424069104844e-01,  0.0000000000000000e+00, -7.0084612758238913e-05, -4.2281415049173010e-03,  1.4609582927911249e-02,  0.0000000000000000e+00
 9.8201798201798205e+00,  6.3366808016864684e+02, -4.6668773960778700e-03,  2.9864881462376562e+01, -2.6145051648368944e-02,  9.2157496803995001e-02,  4.9993945686529162e-01,  6.2238758631936471e+03,  2.2392776180354826e+02, -1.5000401306898086e+04,  1.0026452541588643e+01,  2.6733188535547350e+00,  5.0556366933931161e+00,  5.5958481396653154e-03,  1.9212432031073445e-01, -4.9668134759952526e-01,  2.7433066213374302e-01, -1.1463056196254116e-03,  4.7329406168176470e-03,  2.1011017894887521e-01,  0.0000000000000000e+00, -6.9940535297913524e-05, -4.2293689192550782e-03,  1.4607256289562085e-02,  0.0000000000000000e+00
 9.8301698301698295e+00,  6.3366797796253843e+02, -4.1955701202025745e-03,  2.9864864406042912e+01, -2.6152887011981086e-02,  9.2155579153032491e-02,  4.9993184468187202e-01,  6.2301930529825431e+03,  2.2443471447302687e+02, -1.5000403143518024e+04,  1.0026428320453803e+01,  2.6733557624914819e+00,  5.0607205389489129e+00,  5.5843930450304646e-03,  1.9217139138863595e-01, -4.9458161590854621e-01,  2.7433066213374302e-01, -1.1470036117092542e-03,  4.6906832028502533e-03,  2.1025609547061563e-01,  0.0000000000000000e+00, -6.9797479887355856e-05, -4.2305653570172790e-03,  1.4605231362869928e-02,  0.0000000000000000e+00
 9.8401598401598402e+00,  6.3366787559485022e+02, -3.7240289916484750e-03,  2.9864847260441888e+01, -2.6160720256758419e-02,  9.2153646895809169e-02,  4.9992423597700558e-01,  6.2365101963716634e+03,  2.2494223241140594e+02, -1.5000404984039897e+04,  1.0026404020455692e+01,  2.6733926626285220e+00,  5.0658043055674717e+00,  5.5729309845862097e-03,  1.9221804025484734e-01, -4.9248042661110142e-01,  2.7433066213374302e-01, -1.1477001799544873e-03,  4.6484139906880773e-03,  2.1040199340918120e-01,  0.0000000000000000e+00, -6.9655482828748970e-05, -4.2317309177669392e-03,  1.4603535941703815e-02,  0.0000000000000000e+00
 9.8501498501498510e+00,  6.3366777306584447e+02, -3.2522550245807119e-03,  2.9864830025697366e+01, -2.6168551371092939e-02,  9.2151700043168458e-02,  4.9991663074230880e-01,  6.2428272933086728e+03,  2.2545031560834934e+02, -1.5000406828462756e+04,  1.0026379641616105e+01,  2.6734295538358896e+00,  5.0708879932592286e+00,  5.5614619725038996e-03,  1.9226426679304531e-01, -4.9037777987639442e-01,  2.7433066213374302e-01, -1.1483953351149557e-03,  4.6061332883258668e-03,  2.1054787619455256e-01,  0.0000000000000000e+00, -6.9514580276578862e-05, -4.2328656952297728e-03,  1.4602197685893593e-02,  0.0000000000000000e+00
 9.8601398601398600e+00,  6.3366767037578745e+02, -2.7802492312242336e-03,  2.9864812701934035e+01, -2.6176380343488820e-02,  9.2149738606057241e-02,  4.9990902896910389e-01,  6.2491443437411917e+03,  2.2595896405350720e+02, -1.5000408676785650e+04,  1.0026355183956953e+01,  2.6734664359837836e+00,  5.0759716020345875e+00,  5.5499860228456514e-03,  1.9231007088997873e-01, -4.8827367583798353e-01,  2.7433066213374302e-01, -1.1490890882981288e-03,  4.5638414029015506e-03,  2.1069374753147241e-01,  0.0000000000000000e+00, -6.9374806994701563e-05, -4.2339697667184211e-03,  1.4601243965461721e-02,  0.0000000000000000e+00
 9.8701298701298708e+00,  6.3366756752494257e+02, -2.3080126218328612e-03,  2.9864795289277058e+01, -2.6184207162564643e-02,  9.2147762595526247e-02,  4.9990143064840326e-01,  6.2554613476168943e+03,  2.2646817773651412e+02, -1.5000410529007633e+04,  1.0026330647500224e+01,  2.6735033089425255e+00,  5.0810551319038755e+00,  5.5385031495608803e-03,  1.9235545243546093e-01, -4.8616811459105036e-01,  2.7433066213374302e-01, -1.1497814509595671e-03,  4.5215386404836647e-03,  2.1083961139650154e-01,  0.0000000000000000e+00, -6.9236197825241363e-05, -4.2350432693424303e-03,  1.4600701813370332e-02,  0.0000000000000000e+00
 9.8801198801198797e+00,  6.3366746451358051e+02, -1.8355462046557804e-03,  2.9864777787852244e+01, -2.6192031817054318e-02,  9.2145772022729083e-02,  4.9989383577089214e-01,  6.2617783048834426e+03,  2.2697795664699115e+02, -1.5000412385127658e+04,  1.0026306032268037e+01,  2.6735401725826016e+00,  5.0861385828773651e+00,  5.5270133664828231e-03,  1.9240041132235602e-01, -4.8406109618970183e-01,  2.7433066213374302e-01, -1.1504724348937721e-03,  4.4792253060873428e-03,  2.1098547203500242e-01,  0.0000000000000000e+00, -6.9098785802587721e-05, -4.2360862768012555e-03,  1.4600598014503821e-02,  0.0000000000000000e+00
 9.8901098901098905e+00,  6.3366736134196560e+02, -1.3628509859020450e-03,  2.9864760197786033e+01, -2.6199854295808817e-02,  9.2143766898921856e-02,  4.9988624432691842e-01,  6.2680952154884799e+03,  2.2748830077454568e+02, -1.5000414245144837e+04,  1.0026281338282587e+01,  2.6735770267746353e+00,  5.0912219549652322e+00,  5.5155166873252408e-03,  1.9244494744657156e-01, -4.8195262064429711e-01,  2.7433066213374302e-01, -1.1511620522215258e-03,  4.4369017037691949e-03,  2.1113133395736824e-01,  0.0000000000000000e+00, -6.8962603213706410e-05, -4.2370989072921320e-03,  1.4600958843134525e-02,  0.0000000000000000e+00
 9.9000999000998995e+00,  6.3366725801036534e+02, -8.8992796970450430e-04,  2.9864742519205585e+01, -2.6207674587797276e-02,  9.2141747235462354e-02,  4.9987865630647155e-01,  6.2744120793797156e+03,  2.2799921010876824e+02, -1.5000416109058066e+04,  1.0026256565566186e+01,  2.6736138713894086e+00,  5.0963052481776181e+00,  5.5040131256791965e-03,  1.9248906070704672e-01, -4.7984268791882539e-01,  2.7433066213374302e-01, -1.1518503153842040e-03,  4.3945681363841997e-03,  2.1127720193475269e-01,  0.0000000000000000e+00, -6.8827681954469400e-05, -4.2380812831839636e-03,  1.4601810229233179e-02,  0.0000000000000000e+00
 9.9100899100899102e+00,  6.3366715451905247e+02, -4.1677815808304419e-04,  2.9864724752238562e+01, -2.6215492682108019e-02,  9.2139713043809371e-02,  4.9987107169918299e-01,  6.2807288965047892e+03,  2.2851068463923798e+02, -1.5000417976866356e+04,  1.0026231714141250e+01,  2.6736507062978556e+00,  5.1013884625245653e+00,  5.4925026950098724e-03,  1.9253275100574008e-01, -4.7773129792831809e-01,  2.7433066213374302e-01, -1.1525372371319681e-03,  4.3522249057093444e-03,  2.1142308099445509e-01,  0.0000000000000000e+00, -6.8694051947897728e-05, -4.2390334979220965e-03,  1.4603177523186892e-02,  0.0000000000000000e+00
 9.9200799200799192e+00,  6.3366705086829450e+02,  5.6597449093792394e-05,  2.9864706897013161e+01, -2.6223308567950229e-02,  9.2137664335522854e-02,  4.9986349049429674e-01,  6.2870456668114011e+03,  2.2902272435551751e+02, -1.5000419848568616e+04,  1.0026206784030247e+01,  2.6736875313710495e+00,  5.1064715980160216e+00,  5.4809854086535830e-03,  1.9257601824762033e-01, -4.7561845053631885e-01,  2.7433066213374302e-01, -1.1532228305101773e-03,  4.3098723123894461e-03,  2.1156897641475270e-01,  0.0000000000000000e+00, -6.8561742369588704e-05, -4.2399556847217672e-03,  1.4605085620392940e-02,  0.0000000000000000e+00
 9.9300699300699300e+00,  6.3366694705836062e+02,  5.3019785414845741e-04,  2.9864688953658408e+01, -2.6231122234654094e-02,  9.2135601122261837e-02,  4.9985591268066820e-01,  6.2933623902472173e+03,  2.2953532924715657e+02, -1.5000421724163785e+04,  1.0026181775255791e+01,  2.6737243464802471e+00,  5.1115546546619139e+00,  5.4694612798148641e-03,  1.9261886234065295e-01, -4.7350414555239900e-01,  2.7433066213374302e-01, -1.1539071088500830e-03,  4.2675106557367283e-03,  2.1171489371917518e-01,  0.0000000000000000e+00, -6.8430781300064867e-05, -4.2408479770755739e-03,  1.4607558728755252e-02,  0.0000000000000000e+00
 9.9400599400599408e+00,  6.3366684308952415e+02,  1.0040220616330275e-03,  2.9864670922303869e+01, -2.6238933671672331e-02,  9.2133523415785484e-02,  4.9984833824674924e-01,  6.2996790667599644e+03,  2.3004849930368883e+02, -1.5000423603650812e+04,  1.0026156687840597e+01,  2.6737611514968234e+00,  5.1166376324720240e+00,  5.4579303215636695e-03,  1.9266128319578690e-01, -4.7138838272974160e-01,  2.7433066213374302e-01, -1.1545900857545383e-03,  4.2251402339230420e-03,  2.1186083867053923e-01,  0.0000000000000000e+00, -6.8301194951338163e-05, -4.2417104700997882e-03,  1.4610620530558078e-02,  0.0000000000000000e+00
 9.9500499500499497e+00,  6.3366673896205589e+02,  1.4780690783734584e-03,  2.9864652803079590e+01, -2.6246742868580322e-02,  9.2131431227950727e-02,  4.9984076718057491e-01,  6.3059956962972929e+03,  2.3056223451463558e+02, -1.5000425487028564e+04,  1.0026131521807432e+01,  2.6737979462923471e+00,  5.1217205314560443e+00,  5.4463925468327557e-03,  1.9270328072694512e-01, -4.6927116176277789e-01,  2.7433066213374302e-01, -1.1552717750850339e-03,  4.1827613439593932e-03,  2.1200681726432014e-01,  0.0000000000000000e+00, -6.8173009013889108e-05, -4.2425433006228327e-03,  1.4614293944376883e-02,  0.0000000000000000e+00
 9.9600399600399605e+00,  6.3366663467622857e+02,  1.9523379135090149e-03,  2.9864634596116456e+01, -2.6254549815077324e-02,  9.2129324570713281e-02,  4.9983319946975485e-01,  6.3123122788069186e+03,  2.3107653486950258e+02, -1.5000427374295941e+04,  1.0026106277179151e+01,  2.6738347307385237e+00,  5.1268033516236144e+00,  5.4348479684151177e-03,  1.9274485485101087e-01, -4.6715248228490008e-01,  2.7433066213374302e-01, -1.1559521909469659e-03,  4.1403742814899776e-03,  2.1215283572159405e-01,  0.0000000000000000e+00, -6.8046246544882036e-05, -4.2433466057542552e-03,  1.4618601201862990e-02,  0.0000000000000000e+00
 9.9700299700299695e+00,  6.3366653023231561e+02,  2.4268275785359695e-03,  2.9864616301545865e+01, -2.6262354500986598e-02,  9.2127203456125739e-02,  4.9982563510146055e-01,  6.3186288142365520e+03,  2.3159140035778239e+02, -1.5000429265451789e+04,  1.0026080953978759e+01,  2.6738715047072246e+00,  5.1318860929842458e+00,  5.4232965989616877e-03,  1.9278600548781405e-01, -4.6503234386624259e-01,  2.7433066213374302e-01, -1.1566313476754477e-03,  4.0979793407805590e-03,  2.1229890048153974e-01,  0.0000000000000000e+00, -6.7920930497177370e-05, -4.2441205242715182e-03,  1.4623563739267252e-02,  0.0000000000000000e+00
 9.9800199800199803e+00,  6.3366642563059168e+02,  2.9015370873511459e-03,  2.9864597919499701e+01, -2.6270156916255706e-02,  9.2125067896337440e-02,  4.9981807406241818e-01,  6.3249453025339126e+03,  2.3210683096895173e+02, -1.5000431160494925e+04,  1.0026055552229284e+01,  2.6739082680704840e+00,  5.1369687555473424e+00,  5.4117384509790450e-03,  1.9282673256011737e-01, -4.6291074601154270e-01,  2.7433066213374302e-01, -1.1573092598210007e-03,  4.0555768149494482e-03,  2.1244501819351411e-01,  0.0000000000000000e+00, -6.7797081042524120e-05, -4.2448651471169649e-03,  1.4629202197998870e-02,  0.0000000000000000e+00
 9.9900099900099892e+00,  6.3366632087132996e+02,  3.3764654562966376e-03,  2.9864579450110650e+01, -2.6277957050956979e-02,  9.2122917903593879e-02,  4.9981051633889712e-01,  6.3312617436466708e+03,  2.3262282669247404e+02, -1.5000433059424287e+04,  1.0026030071953858e+01,  2.6739450207005073e+00,  5.1420513393222258e+00,  5.4001735368274023e-03,  1.9286703599360724e-01, -4.6078768815808052e-01,  2.7433066213374302e-01, -1.1576479065795577e-03,  4.0343736923368345e-03,  2.1251809113158493e-01,  0.0000000000000000e+00, -6.7797081042512072e-05, -4.2448651471162103e-03,  1.4629202197996270e-02,  0.0000000000000000e+00
