#              time [s],              Vxb [ft/s],              Vyb [ft/s],              Vzb [ft/s],               p [deg/s],               q [deg/s],               r [deg/s],                 xf [ft],                 yf [ft],                 zf [ft],               phi [deg],             theta [deg],               psi [deg],                da [deg],               deB [deg],                dB [deg],          tau [per-unit],           dadot [deg/s],          deBdot [deg/s],           dBdot [deg/s],     taudot [per-unit/s],        daddot [deg/s/s],       deBddot [deg/s/s],        dBddot [deg/s/s],  tauddot [per-unit/s/s]
 0.0000000000000000e+00,  6.3371067205276756e+02,  2.2655162823548528e-02,  2.9850264791017334e+01,  4.5828100902605906e-01, -3.6392291320462978e-03,  5.1155694384113426e-01,  0.0000000000000000e+00,  0.0000000000000000e+00, -1.5000000000000000e+04,  1.0000000000000000e+01,  2.6563057655975513e+00,  0.0000000000000000e+00,  5.2763314442607397e-03,  4.2903512643121422e-02, -2.6190755327598081e-01,  2.7433066213374402e-01,  4.9175400446433972e+00, -1.7099658663019683e+00, -2.7527401927748723e+00,  0.0000000000000000e+00, -1.1954804328333910e+01,  1.4212443919419957e+01, -3.1906483387771392e+00,  0.0000000000000000e+00
 9.9900099900099900e-03,  6.3371268111177073e+02,  2.4127470241993045e-02,  2.9806533700346446e+01,  4.3989896493670638e-01, -1.8946762220024857e-03,  5.1175298789977786e-01,  6.3375881335606152e+00, -5.1248217514708497e-02, -1.5000000165647751e+04,  1.0004732091354224e+01,  2.6553893805942672e+00,  5.0335161826929424e-03,  5.4402605616522451e-02,  2.5820936556188671e-02, -2.8940745530170381e-01,  2.7433066213374402e-01,  4.8578257373090628e+00, -1.6389746379332373e+00, -2.7686774971643686e+00,  0.0000000000000000e+00, -1.1954804328333910e+01,  1.4212443919419957e+01, -3.1906483387771392e+00,  0.0000000000000000e+00
 1.9980019980019980e-02,  6.3371448282073550e+02,  2.5333252063091762e-02,  2.9763684498242952e+01,  4.0745144892012408e-01,  1.5304993853683137e-03,  5.1257073376367124e-01,  1.2675180766404637e+01, -1.0187459103710511e-01, -1.5000000657364044e+04,  1.0009211122238217e+01,  2.6544974803297001e+00,  1.0076043604977814e-02,  1.0233578673515109e-01,  1.0156766630469327e-02, -3.1722578498755660e-01,  2.7433066213374402e-01,  4.4858487744944808e+00, -1.4834400897544300e+00, -2.8534323368916397e+00,  0.0000000000000000e+00, -6.2514983627145511e+01,  1.6925572625977356e+01, -1.3777270574622440e+01,  0.0000000000000000e+00
 2.9970029970029968e-02,  6.3371599943014610e+02,  2.6100999232567632e-02,  2.9721886353029966e+01,  3.6217394343568537e-01,  6.2643219052827097e-03,  5.1419102207099687e-01,  1.9012776377632136e+01, -1.5188117963684702e-01, -1.5000001467489190e+04,  1.0013301685177106e+01,  2.6536430930867345e+00,  1.5137268389331191e-02,  1.4402995375827030e-01, -3.8182260762674660e-03, -3.4641909040443386e-01,  2.7433066213374402e-01,  3.6636411656972259e+00, -1.8052113904232883e+00, -2.8587804272453052e+00,  0.0000000000000000e+00, -1.0209097965406472e+02, -8.1344187019882838e+01,  1.2706582885818444e+01,  0.0000000000000000e+00
 3.9960039960039960e-02,  6.3371718409979439e+02,  2.6271343275511883e-02,  2.9681369010935072e+01,  3.0691764243943798e-01,  1.2491275944318718e-02,  5.1668747062348885e-01,  2.5350372655550821e+01, -2.0127020703099424e-01, -1.5000002588389312e+04,  1.0016889040492648e+01,  2.6528367049574673e+00,  2.0227776615599224e-02,  1.7553541042540535e-01, -2.5911393018347620e-02, -3.7434427504240786e-01,  2.7433066213374402e-01,  2.7247214294097573e+00, -3.0859925144082427e+00, -2.9358879362272510e+00,  0.0000000000000000e+00, -8.5880751550686313e+01, -1.7506819400190514e+02, -2.8143506184004025e+01,  0.0000000000000000e+00
 4.9950049950049952e-02,  6.3371802043700905e+02,  2.5708989373840339e-02,  2.9642613211421814e+01,  2.4470182312476585e-01,  2.1741295011777878e-02,  5.2004998267131963e-01,  3.1687966866967379e+01, -2.5004417865142620e-01, -1.5000004011162406e+04,  1.0019889313388193e+01,  2.6520970493510143e+00,  2.5360065528767146e-02,  1.9846994235786586e-01, -6.5476418172336265e-02, -4.0507819002935397e-01,  2.7433066213374402e-01,  1.9353757076195284e+00, -3.8118342944432411e+00, -2.8823349480714655e+00,  0.0000000000000000e+00, -7.2146261951717690e+01,  2.9754669638898822e+01,  3.8864814412792462e+01,  0.0000000000000000e+00
 5.9940059940059937e-02,  6.3371853727031646e+02,  2.4299701750082562e-02,  2.9606221038389027e+01,  1.7792534650571401e-01,  3.5291188415267696e-02,  5.2424147201891691e-01,  3.8025556342422789e+01, -2.9820594463041994e-01, -1.5000005724846791e+04,  1.0022245837719012e+01,  2.6514596710885039e+00,  3.0549367340405555e-02,  2.1420425573248883e-01, -1.0207191838184893e-01, -4.3193338489398558e-01,  2.7433066213374402e-01,  9.8145533142917618e-01, -2.9109685582314602e+00, -2.1590638379519560e+00,  0.0000000000000000e+00, -1.1882859736159068e+02,  1.5059865075069942e+02,  1.0593406183313316e+02,  0.0000000000000000e+00
 6.9930069930069935e-02,  6.3371882996168029e+02,  2.1973457738405602e-02,  2.9572305236879938e+01,  1.0953020098985328e-01,  5.1567568115571907e-02,  5.2905519215877783e-01,  4.4363139010087338e+01, -3.4575804057631659e-01, -1.5000007719643532e+04,  1.0023926676430404e+01,  2.6509577090111072e+00,  3.5809395312157072e-02,  2.1807943948931793e-01, -1.2363762812701080e-01, -4.4821632864977268e-01,  2.7433066213374402e-01, -1.8552699587723623e-01, -1.6366210055837149e+00, -1.1320475335086861e+00,  0.0000000000000000e+00, -1.1480126456515303e+02,  1.0452572928937913e+02,  9.9674602316409448e+01,  0.0000000000000000e+00
 7.9920079920079920e-02,  6.3371902141151497e+02,  1.8718671866856391e-02,  2.9540820691722072e+01,  4.3091578626694958e-02,  6.9247599919179587e-02,  5.3419891664278862e-01,  5.0700713859676128e+01, -3.9270208540959711e-01, -1.5000009989126782e+04,  1.0024934078112114e+01,  2.6506096205477947e+00,  4.1148431929700337e-02,  2.1049742264802856e-01, -1.3477163877313195e-01, -4.5455171723182147e-01,  2.7433066213374402e-01, -1.3417807698661530e+00, -1.1889290095414258e+00, -1.1522401852351609e+00,  0.0000000000000000e+00, -1.1668074098742804e+02, -1.4897791681712734e+01, -1.0371717119204970e+02,  0.0000000000000000e+00
 8.9910089910089905e-02,  6.3371921078502169e+02,  1.4581753777514443e-02,  2.9511837784741125e+01, -1.7891958908373515e-02,  8.8056920991695931e-02,  5.3931967155128224e-01,  5.7038280989894872e+01, -4.3903892638871794e-01, -1.5000012529046393e+04,  1.0025305092109779e+01,  2.6504250266326563e+00,  4.6569913101331538e-02,  1.9127063289858562e-01, -1.4739245349247385e-01, -4.7123811057255310e-01,  2.7433066213374402e-01, -2.4211838150154041e+00, -2.6867964878582129e-01, -2.3178327390503366e+00,  0.0000000000000000e+00, -9.9415748651452347e+01,  1.9913171370498455e+02, -1.2963445808174873e+02,  0.0000000000000000e+00
 9.9900099900099903e-02,  6.3371945648099938e+02,  9.6747028700517775e-03,  2.9485324015929081e+01, -7.0249900098638102e-02,  1.0717267525422709e-01,  5.4402973288028855e-01,  6.3375841389057250e+01, -4.8476877663024026e-01, -1.5000015335659349e+04,  1.0025110532727675e+01,  2.6504132017804527e+00,  5.2072743701746048e-02,  1.6212212164871978e-01, -1.4013986352409741e-01, -5.0086206166839164e-01,  2.7433066213374402e-01, -3.3672428995489541e+00,  1.5956910889824303e+00, -3.3716327775127990e+00,  0.0000000000000000e+00, -8.9985280072164315e+01,  1.7411530799621934e+02, -8.1336309618436118e+01,  0.0000000000000000e+00
 1.0989010989010989e-01,  6.3371979080622509e+02,  4.1463750805144362e-03,  2.9460788563976088e+01, -1.1131886840067234e-01,  1.2394756435165698e-01,  5.4804277412820024e-01,  6.9713396499494422e+01, -5.2989086710942834e-01, -1.5000018408283164e+04,  1.0024449849640947e+01,  2.6505647450246728e+00,  5.7648966549883933e-02,  1.2399305248801709e-01, -1.1551051365266504e-01, -5.3860340083254910e-01,  2.7433066213374402e-01, -4.0406875337759427e+00,  2.8271171362282423e+00, -4.3206722768558707e+00,  0.0000000000000000e+00, -4.4838335700078247e+01,  7.2416186662392036e+01, -1.0866139815004635e+02,  0.0000000000000000e+00
 1.1988011988011987e-01,  6.3372020835212595e+02, -1.8407956150438222e-03,  2.9437770739510363e+01, -1.3914924571405785e-01,  1.3729318788446443e-01,  5.5124818929362218e-01,  7.6050947814307690e+01, -5.7440369330477647e-01, -1.5000021748805371e+04,  1.0023446292404735e+01,  2.6508519915332496e+00,  6.3285159626652418e-02,  8.1389103990858830e-02, -8.3654006656400284e-02, -5.8718918008709031e-01,  2.7433066213374402e-01, -4.0339405277763811e+00,  3.5852888441570903e+00, -4.9883158659844549e+00,  0.0000000000000000e+00,  4.6189086301190429e+01,  7.9369789264963472e+01, -2.5000848393496327e+01,  0.0000000000000000e+00
 1.2987012987012986e-01,  6.3372068284149225e+02, -8.1559764889244952e-03,  2.9415719156720886e+01, -1.5402384730191232e-01,  1.4628857428041694e-01,  5.5379559136051593e-01,  8.2388496551533365e+01, -6.1830560583939864e-01, -1.5000025360142392e+04,  1.0022232639895655e+01,  2.6512385914816794e+00,  6.8966689502866163e-02,  4.3394840144832698e-02, -4.3876370912263679e-02, -6.3827005150156912e-01,  2.7433066213374402e-01, -3.3994433027062341e+00,  4.0972659483279843e+00, -4.4738893284297720e+00,  0.0000000000000000e+00,  8.0837258157851821e+01,  2.3128026990050643e+01,  1.2798904121194228e+02,  0.0000000000000000e+00
 1.3986013986013987e-01,  6.3372118889284707e+02, -1.4715836183481802e-02,  2.9393988646863882e+01, -1.5825022674106093e-01,  1.5021908362428008e-01,  5.5594460154800229e-01,  8.8726043490813083e+01, -6.6159506616243657e-01, -1.5000029246434067e+04,  1.0020927115978337e+01,  2.6516795554214312e+00,  7.4679838236139426e-02,  1.3468158881843108e-02, -1.7905511453515808e-03, -6.7657757825751541e-01,  2.7433066213374402e-01, -2.6465354010222799e+00,  3.7408725604972011e+00, -3.5833295120980648e+00,  0.0000000000000000e+00,  6.9894903759275593e+01, -9.4477983233773358e+01,  5.0301034017665415e+01,  0.0000000000000000e+00
 1.4985014985014986e-01,  6.3372170888379026e+02, -2.1477183768138751e-02,  2.9372128384207446e+01, -1.5439624697385679e-01,  1.4971257297959165e-01,  5.5794867300524553e-01,  9.5063589008610961e+01, -7.0427092802922386e-01, -1.5000033412001210e+04,  1.0019622682080207e+01,  2.6521282983401866e+00,  8.0413731714546507e-02, -9.4829900454226918e-03,  3.0866337589178963e-02, -7.0986504674828377e-01,  2.7433066213374402e-01, -2.0779115206082506e+00,  2.8913834186979241e+00, -3.2359294824864806e+00,  0.0000000000000000e+00,  4.3943597099613640e+01, -7.5589742954442784e+01,  1.9248451910574612e+01,  0.0000000000000000e+00
 1.5984015984015984e-01,  6.3372223551513287e+02, -2.8438589150464971e-02,  2.9349850331849730e+01, -1.4430397082992047e-01,  1.4570073940325687e-01,  5.6009275421773064e-01,  1.0140113327285552e+02, -7.4633269915908895e-01, -1.5000037859616141e+04,  1.0018389921430524e+01,  2.6525472708587863e+00,  8.6162013351634467e-02, -2.8048554816623418e-02,  5.5979347330131386e-02, -7.4123151397153098e-01,  2.7433066213374402e-01, -1.6989662725635490e+00,  1.7438984282817118e+00, -3.4408473602005549e+00,  0.0000000000000000e+00,  3.1921241558935662e+01, -1.5413675212688301e+02, -6.0273011028932338e+01,  0.0000000000000000e+00
 1.6983016983016982e-01,  6.3372274703452297e+02, -3.5634234874653302e-02,  2.9327021694864193e+01, -1.2927700329878519e-01,  1.3962292730170558e-01,  5.6263480762842977e-01,  1.0773867622331397e+02, -7.8778054335005077e-01, -1.5000042590460469e+04,  1.0017284309537809e+01,  2.6529088598705846e+00,  9.1923088353274257e-02, -4.3428370116622456e-02,  6.5709463029372986e-02, -7.7861324575328983e-01,  2.7433066213374402e-01, -1.3887110715122006e+00,  5.7877630883485875e-01, -4.3893802488721496e+00,  0.0000000000000000e+00,  3.0191849691544320e+01, -7.9120696186377060e+01, -1.2962327328312097e+02,  0.0000000000000000e+00
 1.7982017982017981e-01,  6.3372323912693957e+02, -4.3096715037524984e-02,  2.9303735129451205e+01, -1.1030097593504387e-01,  1.3311763627006881e-01,  5.6563890006048001e-01,  1.1407621761625806e+02, -8.2861522352153405e-01, -1.5000047603486184e+04,  1.0016350304784069e+01,  2.6532015514077361e+00,  9.7699899675721250e-02, -5.5795029771912127e-02,  6.7543309544614072e-02, -8.2893141904390155e-01,  2.7433066213374402e-01, -1.0066479324879576e+00,  3.5506469132030805e-01, -5.2899015621938261e+00,  0.0000000000000000e+00,  4.6297190741108786e+01,  3.4333630359964005e+01, -5.0661093643880157e+01,  0.0000000000000000e+00
 1.8981018981018982e-01,  6.3372372419786973e+02, -5.0856201206087234e-02,  2.9279969800039218e+01, -8.8628569513125130e-02,  1.2615137836080925e-01,  5.6909086087940564e-01,  1.2041375733042034e+02, -8.6883773843932754e-01, -1.5000052896164911e+04,  1.0015621703757091e+01,  2.6534225208760875e+00,  1.0349683644832601e-01, -6.3541215920577668e-02,  7.2803662656152374e-02, -8.8430558465826148e-01,  2.7433066213374402e-01, -5.7023415013473089e-01,  2.8848393358063507e-01, -5.9851749870448208e+00,  0.0000000000000000e+00,  4.1072848486007096e+01, -4.7663098059446526e+01, -8.8532646011288705e+01,  0.0000000000000000e+00
 1.9980019980019981e-01,  6.3372418422517876e+02, -5.8950183630297449e-02,  2.9255703320602795e+01, -6.5665428674933454e-02,  1.1874449309183065e-01,  5.7297978785403547e-01,  1.2675129514480241e+02, -9.0844906410091830e-01, -1.5000058465979981e+04,  1.0015118392445636e+01,  2.6535666636034057e+00,  1.0931779092685477e-01, -6.7188319484893774e-02,  7.3307224301469923e-02, -9.4851533486897299e-01,  2.7433066213374402e-01, -1.7350660452378053e-01, -7.2367243770383616e-01, -6.9247547324116248e+00,  0.0000000000000000e+00,  3.8352006145305253e+01, -1.5497060747170460e+02, -9.9571219011143725e+01,  0.0000000000000000e+00
 2.0979020979020979e-01,  6.3372462372958023e+02, -6.7388936866263530e-02,  2.9231204830407332e+01, -4.2605123061820349e-02,  1.1233207665915733e-01,  5.7709051341675710e-01,  1.3308883071312925e+02, -9.4745032542227570e-01, -1.5000064308945017e+04,  1.0014847342629038e+01,  2.6536352840796926e+00,  1.1516696248787264e-01, -6.7007881345628226e-02,  5.8344672891839970e-02, -1.0226623225685836e+00,  2.7433066213374402e-01,  2.2231081910245182e-01, -1.6172657414811289e+00, -7.8989104595677322e+00,  0.0000000000000000e+00,  4.0890642064666494e+01, -2.3926771944509330e+01, -9.5454757565508984e+01,  0.0000000000000000e+00
 2.1978021978021978e-01,  6.3372504659167782e+02, -7.6117533433097295e-02,  2.9206823995903761e+01, -2.0632187525465365e-02,  1.0800027327174577e-01,  5.8096552102722654e-01,  1.3942636393467717e+02, -9.8584258610834230e-01, -1.5000070418480977e+04,  1.0014803779432471e+01,  2.6536455571320747e+00,  1.2104719907583120e-01, -6.2746544877452182e-02,  4.0994222473675158e-02, -1.1063357236715250e+00,  2.7433066213374402e-01,  5.6167600341766344e-01, -1.4151809485069760e+00, -8.2814933842266889e+00,  0.0000000000000000e+00,  2.7050267835238969e+01,  6.4384147497934777e+01,  1.8861656048785669e+01,  0.0000000000000000e+00
 2.2977022977022976e-01,  6.3372543631948565e+02, -8.5106798663961578e-02,  2.9182676968909998e+01, -7.4406275392946940e-04,  1.0523821113422867e-01,  5.8455838990430775e-01,  1.4576389462468399e+02, -1.0236266114017953e+00, -1.5000076787645479e+04,  1.0014971427268405e+01,  2.6536174588689425e+00,  1.2695892423466207e-01, -5.5785583575045546e-02,  3.0069329265326978e-02, -1.1881267258498360e+00,  2.7433066213374402e-01,  8.1006502357376620e-01, -1.2697672217086509e+00, -8.3084323720673723e+00,  0.0000000000000000e+00,  2.2677214000012967e+01, -3.5272319392910113e+01, -2.4254841414490336e+01,  0.0000000000000000e+00
 2.3976023976023975e-01,  6.3372581977484731e+02, -9.4349152537079470e-02,  2.9158855851194193e+01,  1.6381793950237058e-02,  1.0402825010790616e-01,  5.8791842266628247e-01,  1.5210142261645257e+02, -1.0608029975050208e+00, -1.5000083410673495e+04,  1.0015325928816157e+01,  2.6535657337107268e+00,  1.3290201392890580e-01, -4.6561429521332985e-02,  1.5624248013961865e-02, -1.2723383684680758e+00,  2.7433066213374402e-01,  1.0391237104806377e+00, -7.5944636696400492e-01, -8.5170925715613706e+00,  0.0000000000000000e+00,  2.3180335118743017e+01,  1.3743855451278776e+02, -1.7518930524210369e+01,  0.0000000000000000e+00
 2.4975024975024976e-01,  6.3372619769428877e+02, -1.0385219996291478e-01,  2.9135417113414597e+01,  3.0120127438243924e-02,  1.0386414771127289e-01,  5.9114817108111650e-01,  1.5843894798029376e+02, -1.0973722935083259e+00, -1.5000090282257237e+04,  1.0015836580595638e+01,  2.6535057909159665e+00,  1.3887682621414094e-01, -3.5023871077929890e-02,  1.4895575679632561e-02, -1.3582984056013121e+00,  2.7433066213374402e-01,  1.2630066606785193e+00,  5.6044432153520762e-01, -8.8401358881700656e+00,  0.0000000000000000e+00,  2.1641031510872502e+01,  1.2680356132475457e+02, -4.7154341460848137e+01,  0.0000000000000000e+00
 2.5974025974025972e-01,  6.3372654606870356e+02, -1.1365788062878804e-01,  2.9112104195322498e+01,  3.9867796162686903e-02,  1.0291191145102788e-01,  5.9445313459826621e-01,  1.6477647050439202e+02, -1.1333348514178383e+00, -1.5000097399283315e+04,  1.0016466397647386e+01,  2.6534388341324875e+00,  1.4488281422329644e-01, -2.1326531206077869e-02,  2.6821936755924050e-02, -1.4489644601398053e+00,  2.7433066213374402e-01,  1.4535325497867302e+00,  2.0804684238609568e+00, -9.4477912286014920e+00,  0.0000000000000000e+00,  1.6502251488591700e+01,  1.7750526396086062e+02, -7.4498257693526043e+01,  0.0000000000000000e+00
 2.6973026973026976e-01,  6.3372688459799963e+02, -1.2377813555601068e-01,  2.9088535425582176e+01,  4.5124124202020270e-02,  9.9692653682493818e-02,  5.9770597369506284e-01,  1.7111398976054613e+02, -1.1686907155333326e+00, -1.5000104760926653e+04,  1.0017172741066727e+01,  2.6533503036859849e+00,  1.5091744875983820e-01, -5.9822616915816097e-03,  5.6463376356175189e-02, -1.5470654631158276e+00,  2.7433066213374402e-01,  1.5543869557850234e+00,  2.5874346455666428e+00, -9.6189305682868671e+00,  0.0000000000000000e+00,  3.6888005922670257e+00, -7.6010626375381420e+01,  4.0236161888511482e+01,  0.0000000000000000e+00
 2.7972027972027974e-01,  6.3372726465638812e+02, -1.3421985352007831e-01,  2.9064144679270104e+01,  4.5687236861888074e-02,  9.2993409794016935e-02,  6.0086557998500634e-01,  1.7745150549595442e+02, -1.2034393301412956e+00, -1.5000112368990392e+04,  1.0017909114391749e+01,  2.6532092599486781e+00,  1.5697414689075162e-01,  9.7301512271894004e-03,  7.8518932671341607e-02, -1.6411508850806023e+00,  2.7433066213374402e-01,  1.5407785082245298e+00,  1.1009052157421113e+00, -9.2539204743228449e+00,  0.0000000000000000e+00, -6.4132117938787117e+00, -2.2159256547549097e+02,  3.2838858923090804e+01,  0.0000000000000000e+00
 2.8971028971028973e-01,  6.3372770190717415e+02, -1.4497383343967388e-01,  2.9039020246604039e+01,  4.1732900009261713e-02,  8.5313952065813978e-02,  6.0378982258126512e-01,  1.8378901771717497e+02, -1.2375802982471060e+00, -1.5000120224484983e+04,  1.0018629005739106e+01,  2.6529927359081973e+00,  1.6304781907525295e-01,  2.4802523687529859e-02,  7.8459484562810766e-02, -1.7319589790863139e+00,  2.7433066213374402e-01,  1.4187186482144338e+00, -2.0333249364177169e-01, -9.1455575623214909e+00,  0.0000000000000000e+00, -1.8023172180142531e+01, -3.9515823943162495e+01, -1.1144603940419897e+01,  0.0000000000000000e+00
 2.9970029970029971e-01,  6.3372820029963452e+02, -1.5598184954474095e-01,  2.9013404388940543e+01,  3.3684640976631854e-02,  7.8168495905096613e-02,  6.0618368109107801e-01,  1.9012652661839400e+02, -1.2711135300465499e+00, -1.5000128325058729e+04,  1.0019288962501058e+01,  2.6527007308382431e+00,  1.6913508435686719e-01,  3.8076178164540710e-02,  7.4456345385791725e-02, -1.8238793079042084e+00,  2.7433066213374402e-01,  1.1395694954104798e+00, -4.7571477817870500e-01, -9.0071912613090017e+00,  0.0000000000000000e+00, -3.7862488211209076e+01, -1.5015109421131587e+01,  3.8845537403120368e+01,  0.0000000000000000e+00
 3.0969030969030970e-01,  6.3372874927756573e+02, -1.6716999651557168e-01,  2.8987412872034891e+01,  2.2476382146619570e-02,  7.1645453713046287e-02,  6.0786783069947536e-01,  1.9646403249979659e+02, -1.3040388550754838e+00, -1.5000136667048961e+04,  1.0019852047108596e+01,  2.6523398473224034e+00,  1.7523127850918643e-01,  4.7571144974452521e-02,  6.8954693790009472e-02, -1.9119228404511290e+00,  2.7433066213374402e-01,  7.3996798932123986e-01, -9.3550664388588473e-02, -8.6841211143444657e+00,  0.0000000000000000e+00, -4.2137733307856806e+01,  9.1524365001912955e+01,  2.5833106019179795e+01,  0.0000000000000000e+00
 3.1968031968031968e-01,  6.3372932870243028e+02, -1.7848235410445717e-01,  2.8961084354395492e+01,  9.4136591897186258e-03,  6.5461904227225476e-02,  6.0893095738667224e-01,  2.0280153553176450e+02, -1.3363560155393721e+00, -1.5000145246498516e+04,  1.0020292856295940e+01,  2.6519170345121283e+00,  1.8133073954731796e-01,  5.2860753375754285e-02,  7.2587201242163585e-02, -1.9973882212777241e+00,  2.7433066213374402e-01,  3.6230239047536250e-01,  1.1653486493522375e-01, -8.5153780848841283e+00,  0.0000000000000000e+00, -3.3470919581087877e+01, -4.9465242031285733e+01,  7.9492484787798769e+00,  0.0000000000000000e+00
 3.2967032967032966e-01,  6.3372994722249530e+02, -1.8990807379850402e-01,  2.8934294401241111e+01, -4.3705626992698171e-03,  5.8992219065677441e-02,  6.0965940433791643e-01,  2.0913903582237228e+02, -1.3680648251085381e+00, -1.5000154060647495e+04,  1.0020598554733553e+01,  2.6514311265198214e+00,  1.8742872963676144e-01,  5.4809953974959261e-02,  7.1283062719784171e-02, -2.0820602647245381e+00,  2.7433066213374402e-01,  3.9956539133188682e-02, -2.9754580186666135e-01, -8.3159281280840105e+00,  0.0000000000000000e+00, -3.1062719857615352e+01, -3.3433707462451707e+01,  3.1980632872603582e+01,  0.0000000000000000e+00
 3.3966033966033965e-01,  6.3373059466671668e+02, -2.0141733934228020e-01,  2.8907124849814863e+01, -1.7902502622805364e-02,  5.2955587156731473e-02,  6.1009603922657230e-01,  2.1547653351816598e+02, -1.3991652967267132e+00, -1.5000163106595141e+04,  1.0020766726071807e+01,  2.6508836201505459e+00,  1.9352239688401507e-01,  5.3659085825967845e-02,  6.6642230175896627e-02, -2.1635406314292527e+00,  2.7433066213374402e-01, -2.3684190227253457e-01, -1.0961333414877705e+00, -8.3406942200696612e+00,  0.0000000000000000e+00, -2.4352328111810465e+01, -1.2644351796969441e+02, -3.6938804488130884e+01,  0.0000000000000000e+00
 3.4965034965034963e-01,  6.3373124900904895e+02, -2.1298117543845937e-01,  2.8879724362303637e+01, -3.0362119664648281e-02,  4.7912980293867216e-02,  6.1026842046820051e-01,  2.2181402864014532e+02, -1.4296576126342795e+00, -1.5000172381016786e+04,  1.0020804100122048e+01,  2.6502806895381816e+00,  1.9961045093871491e-01,  5.0077848035448083e-02,  4.9382296656092464e-02, -2.2487075018887670e+00,  2.7433066213374402e-01, -4.4604000385389647e-01, -2.2709222551727422e+00, -9.1389326895502538e+00,  0.0000000000000000e+00, -1.7529131824778212e+01, -1.0874922255003699e+02, -1.2286853710188369e+02,  0.0000000000000000e+00
 3.5964035964035962e-01,  6.3373190667913786e+02, -2.2454806766530552e-01,  2.8852604442078430e+01, -4.1157294147461408e-02,  4.5839277378191899e-02,  6.1010391143268916e-01,  2.2815152123364976e+02, -1.4595422519403407e+00, -1.5000181878494446e+04,  1.0020724556921246e+01,  2.6496420732107628e+00,  2.0569340577788731e-01,  4.4747197637078809e-02,  2.1269158144473239e-02, -2.3461366891625244e+00,  2.7433066213374402e-01, -5.9427433236916538e-01, -2.1807166192039475e+00, -9.4143363076532189e+00,  0.0000000000000000e+00, -1.2147380743978633e+01,  1.2680839087098960e+02,  6.7732732757669950e+01,  0.0000000000000000e+00
 3.6963036963036960e-01,  6.3373256552199200e+02, -2.3609399833182246e-01,  2.8825986254825121e+01, -4.9884737718159808e-02,  4.5960804443156193e-02,  6.0973752370355438e-01,  2.3448901152475437e+02, -1.4888199432364340e+00, -1.5000191592270538e+04,  1.0020546991590878e+01,  2.6489963479206273e+00,  2.1177353232435145e-01,  3.8204235001099131e-02,  5.8115350336359938e-03, -2.4368061294143057e+00,  2.7433066213374402e-01, -6.8689936822604503e-01, -1.7674572480256201e+00, -8.8691008682798156e+00,  0.0000000000000000e+00, -6.3961514345690293e+00, -4.4073864761089119e+01,  4.1423402204880418e+01,  0.0000000000000000e+00
 3.7962037962037964e-01,  6.3373323166373643e+02, -2.4759571077255038e-01,  2.8800040802725558e+01, -5.6315503132197853e-02,  4.7987079924651996e-02,  6.0922414174585682e-01,  2.4082649986154254e+02, -1.5174912873576598e+00, -1.5000201516894640e+04,  1.0020293423422213e+01,  2.6483619729064642e+00,  2.1785219326771563e-01,  3.1022934535659297e-02, -1.4044672984909858e-02, -2.5233415017155680e+00,  2.7433066213374402e-01, -7.2586922343171101e-01, -2.1595851850436896e+00, -8.5108922575016894e+00,  0.0000000000000000e+00, -1.4056135776052716e+00, -3.4430148229928243e+01,  3.0289961672900112e+01,  0.0000000000000000e+00
 3.8961038961038963e-01,  6.3373387689772096e+02, -2.5900975991644065e-01,  2.8775086372435780e+01, -6.0379351310920204e-02,  5.2389853788442471e-02,  6.0845788266519640e-01,  2.4716398658934503e+02, -1.5455569621566465e+00, -1.5000211646436424e+04,  1.0019987348183880e+01,  2.6477601155378521e+00,  2.2393118471262716e-01,  2.3701353414051926e-02, -3.7337020112092167e-02, -2.6068539267669872e+00,  2.7433066213374402e-01, -7.1955981095909372e-01, -1.8130937105949652e+00, -8.6383491778357211e+00,  0.0000000000000000e+00,  2.6687579546236533e+00,  1.0379774141456433e+02, -5.5806837123768489e+01,  0.0000000000000000e+00
 3.9960039960039961e-01,  6.3373446500384318e+02, -2.7029237814377782e-01,  2.8751332453025221e+01, -6.2149712004042672e-02,  5.8689171602217302e-02,  6.0742315810513414e-01,  2.5350147183577420e+02, -1.5730176027018214e+00, -1.5000221974528335e+04,  1.0019652205908447e+01,  2.6472135616313119e+00,  2.3001158093358084e-01,  1.6646115135877212e-02, -5.0270321548245803e-02, -2.6959358908831148e+00,  2.7433066213374402e-01, -6.7760162086264331e-01, -5.2819712803090380e-01, -9.2052421593662110e+00,  0.0000000000000000e+00,  5.7312717026857243e+00,  1.5343855441476083e+02, -5.7685137778635877e+01,  0.0000000000000000e+00
 4.0959040959040960e-01,  6.3373497020982313e+02, -2.8140155995203664e-01,  2.8728710333453655e+01, -6.1806020881128979e-02,  6.5276214144812175e-02,  6.0610616789379379e-01,  2.5983895542736582e+02, -1.5998736237070588e+00, -1.5000232496043051e+04,  1.0019310036294728e+01,  2.6467340073867218e+00,  2.3609245965648731e-01,  1.0162859490722397e-02, -4.7890409283538792e-02, -2.7907748490320463e+00,  2.7433066213374402e-01, -6.0314627680335386e-01,  4.5088039217602835e-02, -9.7033157098051905e+00,  0.0000000000000000e+00,  9.1746881779840237e+00, -3.8666863931609754e+01, -4.2029187019247864e+01,  0.0000000000000000e+00
 4.1958041958041958e-01,  6.3373540532305617e+02, -2.9228069067675294e-01,  2.8707034631135247e+01, -5.9603826046624592e-02,  7.1320035869584020e-02,  6.0439607360635705e-01,  2.6617643695623741e+02, -1.6261250307219079e+00, -1.5000243207881038e+04,  1.0018980556733244e+01,  2.6463183647586956e+00,  2.4216982215351399e-01,  4.5952404744715476e-03, -4.9369461623818174e-02, -2.8898083326374642e+00,  2.7433066213374402e-01, -4.8168137158641355e-01, -1.0150937145276160e-02, -9.6189456251844767e+00,  0.0000000000000000e+00,  1.5142585846447414e+01,  2.7608020863761375e+01,  5.8920077960314920e+01,  0.0000000000000000e+00
 4.2957042957042957e-01,  6.3373582387964530e+02, -3.0281847512800869e-01,  2.8686299890671084e+01, -5.5941934967283710e-02,  7.7257124068356567e-02,  6.0197173378292002e-01,  2.7251391640773124e+02, -1.6517714431445929e+00, -1.5000254107077262e+04,  1.0018680213851447e+01,  2.6459657602211455e+00,  2.4823710004632402e-01,  5.3885606242243158e-04, -4.8093225210517336e-02, -2.9829615748099578e+00,  2.7433066213374402e-01, -3.3206272484671839e-01,  2.8283272716677088e-01, -9.1114892327825903e+00,  0.0000000000000000e+00,  1.4811067230839555e+01,  3.1047308731510476e+01,  4.2672691798542559e+01,  0.0000000000000000e+00
 4.3956043956043955e-01,  6.3373624082843560e+02, -3.1292170774470901e-01,  2.8666351413324676e+01, -5.1306714286904406e-02,  8.2592131453163825e-02,  5.9878479235869775e-01,  2.7885139406022722e+02, -1.6768122051527830e+00, -1.5000265191304246e+04,  1.0018420780812713e+01,  2.6456741235035062e+00,  2.5428610308460931e-01, -2.0393794025857590e-03, -4.3718458084022555e-02, -3.0718560695561972e+00,  2.7433066213374402e-01, -1.9159450215825921e-01,  3.6091582380348486e-02, -8.8478607319974127e+00,  0.0000000000000000e+00,  1.3310670951389978e+01, -8.0444885917752273e+01,  1.0105734058650281e+01,  0.0000000000000000e+00
 4.4955044955044954e-01,  6.3373664891413944e+02, -3.2248855140695482e-01,  2.8647151219048006e+01, -4.6140881661772125e-02,  8.7645833423381905e-02,  5.9475291948966902e-01,  2.8518887015129832e+02, -1.7012465225859630e+00, -1.5000276458834982e+04,  1.0018209330522419e+01,  2.6454394108946002e+00,  2.6030788145862421e-01, -3.2892059187615667e-03, -4.7372114673447437e-02, -3.1597420090157002e+00,  2.7433066213374402e-01, -6.8689718710280415e-02, -5.2288550445778814e-01, -8.6199859108925470e+00,  0.0000000000000000e+00,  1.1294866694895388e+01, -3.1462326867242730e+01,  3.5514805126543685e+01,  0.0000000000000000e+00
 4.5954045954045952e-01,  6.3373702949447556e+02, -3.3143088084838374e-01,  2.8628774105965963e+01, -4.0830464458834030e-02,  9.3106254165289073e-02,  5.8991138936231347e-01,  2.9152634480119127e+02, -1.7250737234378881e+00, -1.5000287907252909e+04,  1.0018048845542941e+01,  2.6452644468981634e+00,  2.6629459367631719e-01, -3.4118013548391133e-03, -5.4165720910351982e-02, -3.2440835602833209e+00,  2.7433066213374402e-01,  2.8344882525083537e-02, -8.1820918203360160e-01, -7.7598960886365544e+00,  0.0000000000000000e+00,  8.1314604724244877e+00, -2.7661473383435165e+01,  1.3667517728910622e+02,  0.0000000000000000e+00
 4.6953046953046951e-01,  6.3373737197679270e+02, -3.3967118875607272e-01,  2.8611302756844928e+01, -3.5676177561285355e-02,  9.9194943084635237e-02,  5.8432037441948170e-01,  2.9786381796813282e+02, -1.7482932716957296e+00, -1.5000299533830354e+04,  1.0017938902369277e+01,  2.6451558464404381e+00,  2.7223963881334584e-01, -2.7228745995790788e-03, -6.3719950478314594e-02, -3.3147848879095374e+00,  2.7433066213374402e-01,  9.8975789102000028e-02, -1.4647343457296731e+00, -6.7194209751499470e+00,  0.0000000000000000e+00,  6.0088470242742043e+00, -1.0177286438851839e+02,  7.1627940430912588e+01,  0.0000000000000000e+00
 4.7952047952047949e-01,  6.3373766995880544e+02, -3.4710931802085510e-01,  2.8594939628605584e+01, -3.0879778279965405e-02,  1.0657333229808748e-01,  5.7786037856361350e-01,  3.0420128962312884e+02, -1.7709047242044003e+00, -1.5000311335277791e+04,  1.0017876615237352e+01,  2.6451239584989499e+00,  2.7813692939049323e-01, -1.4342631110429100e-03, -8.3431142403452327e-02, -3.3783377256209821e+00,  2.7433066213374402e-01,  1.5222313792129971e-01, -1.8968026829517894e+00, -5.7351226476086730e+00,  0.0000000000000000e+00,  4.6512722093496608e+00,  1.5272783276649490e+01,  1.2542858474284678e+02,  0.0000000000000000e+00
 4.8951048951048953e-01,  6.3373792870630461e+02, -3.5362600377765568e-01,  2.8580022364462007e+01, -2.6587594441270301e-02,  1.1622274843156571e-01,  5.7038888749435235e-01,  3.1053875981607285e+02, -1.7929077019456168e+00, -1.5000323306878639e+04,  1.0017857397365674e+01,  2.6451891537558372e+00,  2.8398058290940825e-01,  3.1854673750983365e-04, -1.0161810598184694e-01, -3.4293727529966240e+00,  2.7433066213374402e-01,  1.9186608367253918e-01, -4.6099711000735227e-01, -4.8585006038734742e+00,  0.0000000000000000e+00,  3.2852455300484635e+00,  2.7217549242682622e+02,  5.0071148412939586e+01,  0.0000000000000000e+00
 4.9950049950049952e-01,  6.3373814736510451e+02, -3.5916347690808070e-01,  2.8566494009371521e+01, -2.2920257168824374e-02,  1.2637516890009376e-01,  5.6222779764378039e-01,  3.1687622872903495e+02, -1.8143017850288956e+00, -1.5000335444309665e+04,  1.0017875346601059e+01,  2.6453691323241082e+00,  2.8976451991200231e-01,  2.3992250742226168e-03, -9.2641873872130714e-02, -3.4754106647593135e+00,  2.7433066213374402e-01,  2.1811102944728591e-01,  2.3873669919981628e+00, -4.6686205079738370e+00,  0.0000000000000000e+00,  1.9689926140556018e+00,  2.9806700079467737e+02, -1.2057153213827222e+01,  0.0000000000000000e+00
 5.0949050949050945e-01,  6.3373833524956274e+02, -3.6385160703533470e-01,  2.8553685895123046e+01, -1.9987499661008400e-02,  1.3342831812279171e-01,  5.5455843023347207e-01,  3.2321369637301228e+02, -1.8350867388654113e+00, -1.5000347747404969e+04,  1.0017923506383978e+01,  2.6456518447198252e+00,  2.9548495374356726e-01,  4.6764094637293183e-03, -5.3918465782083598e-02, -3.5226518840250720e+00,  2.7433066213374402e-01,  2.3144602378524112e-01,  4.0106820231560372e+00, -4.4577604402434208e+00,  0.0000000000000000e+00,  7.0067325240304046e-01,  2.6920668443130086e+01,  5.4271338773456655e+01,  0.0000000000000000e+00
 5.1948051948051943e-01,  6.3373851490751701e+02, -3.6793178859599684e-01,  2.8540892866886367e+01, -1.7853266358057829e-02,  1.3581190516411004e-01,  5.4836634934001072e-01,  3.2955116260645406e+02, -1.8552630104506593e+00, -1.5000360220576837e+04,  1.0017994306450644e+01,  2.6459944193120166e+00,  3.0114489802490568e-01,  7.0235212537478990e-03, -1.2508366915966407e-02, -3.5644768074215194e+00,  2.7433066213374402e-01,  2.2648075012491106e-01,  3.9809012593802700e+00, -3.5361598486729875e+00,  0.0000000000000000e+00, -1.6947210392009888e+00, -3.2882777351036260e+01,  1.3023309965894200e+02,  0.0000000000000000e+00
 5.2947052947052942e-01,  6.3373869286908541e+02, -3.7163494668213526e-01,  2.8527600904732410e+01, -1.6494255111107945e-02,  1.3361315116681632e-01,  5.4397990133971963e-01,  3.3588862718165905e+02, -1.8748316523019906e+00, -1.5000372869174616e+04,  1.0018080176177897e+01,  2.6463481787469125e+00,  3.0675261597144027e-01,  9.2014993763149516e-03,  2.5620020918820853e-02, -3.5933044284541027e+00,  2.7433066213374402e-01,  2.0356522746206077e-01,  3.6628569262856279e+00, -2.7457980601081236e+00,  0.0000000000000000e+00, -2.8929665979013839e+00, -3.0789698134506708e+01,  2.7997330411740474e+01,  0.0000000000000000e+00
 5.3946053946053951e-01,  6.3373887816671595e+02, -3.7516092344766022e-01,  2.8513369654939520e+01, -1.5818278438096196e-02,  1.2724420293656274e-01,  5.4137105137889530e-01,  3.4222608970819505e+02, -1.8937939381230875e+00, -1.5000385698327258e+04,  1.0018174259497297e+01,  2.6466671595860602e+00,  3.1231821397725501e-01,  1.1090758565677206e-02,  6.0675587655175375e-02, -3.6193379075235801e+00,  2.7433066213374402e-01,  1.7233470585728453e-01,  2.7598536562145690e+00, -2.5626939872399106e+00,  0.0000000000000000e+00, -3.3593838273747885e+00, -1.4999155653371832e+02,  8.6601049764755960e+00,  0.0000000000000000e+00
 5.4945054945054950e-01,  6.3373908389134988e+02, -3.7865218242416215e-01,  2.8497946861516716e+01, -1.5704542023004971e-02,  1.1775733871424834e-01,  5.4019061999546514e-01,  3.4856354973539430e+02, -1.9121511211860234e+00, -1.5000398712379136e+04,  1.0018270751019177e+01,  2.6469110327041712e+00,  3.1785140400624606e-01,  1.2644750242594380e-02,  8.0761952111919416e-02, -3.6445071055218334e+00,  2.7433066213374402e-01,  1.3792775866406265e-01,  1.5391975796169792e+00, -2.0663004378105034e+00,  0.0000000000000000e+00, -3.5288870007083912e+00, -9.4383790001120744e+01,  9.0717883619294554e+01,  0.0000000000000000e+00
 5.5944055944055948e-01,  6.3373932852355449e+02, -3.8219637483554814e-01,  2.8481318192363091e+01, -1.6022954258679462e-02,  1.0659406859100218e-01,  5.4005212293718319e-01,  3.5490100697871787e+02, -1.9299043680536141e+00, -1.5000411913170035e+04,  1.0018365051271088e+01,  2.6470551071772381e+00,  3.2336027944103507e-01,  1.3846557939584550e-02,  9.1428786049120997e-02, -3.6606226315557580e+00,  2.7433066213374402e-01,  1.0318618417229410e-01, -2.4307001510105836e-01, -1.2807789153517952e+00,  0.0000000000000000e+00, -3.4263762125436736e+00, -2.6242618246143053e+02,  6.6543525176938900e+01,  0.0000000000000000e+00
 5.6943056943056947e-01,  6.3373960798098665e+02, -3.8586603302708750e-01,  2.8463713801825296e+01, -1.6646724468786699e-02,  9.5851038472855712e-02,  5.4068523405035995e-01,  3.6123846124329327e+02, -1.9470549328305473e+00, -1.5000425300165480e+04,  1.0018453828869029e+01,  2.6470894873621025e+00,  3.2885281563783464e-01,  1.4706412264018837e-02,  7.5905408353656514e-02, -3.6700970938405506e+00,  2.7433066213374402e-01,  7.0556260486253450e-02, -1.8817552059657980e+00, -8.7515281923582366e-01,  0.0000000000000000e+00, -3.1061345094016679e+00, -6.5638592749690503e+01,  1.4662819265478618e+01,  0.0000000000000000e+00
 5.7942057942057945e-01,  6.3373991842522662e+02, -3.8959588875915035e-01,  2.8445674890655493e+01, -1.7440610308757296e-02,  8.7773206653820574e-02,  5.4120287160092972e-01,  3.6757591249544220e+02, -1.9636040447949927e+00, -1.5000438868837837e+04,  1.0018535011436688e+01,  2.6470308585150497e+00,  3.3433572858762273e-01,  1.5256273433815387e-02,  5.3831279436417759e-02, -3.6781082023696605e+00,  2.7433066213374402e-01,  4.1380329151490196e-02, -1.7032898027675647e+00, -7.6902918253440877e-01,  0.0000000000000000e+00, -2.7348869438179375e+00,  1.0136736646997690e+02,  6.5831328021446600e+00,  0.0000000000000000e+00
 5.8941058941058944e-01,  6.3374025987320113e+02, -3.9327242938280571e-01,  2.8427435459892806e+01, -1.8300215874003104e-02,  8.1822326989845887e-02,  5.4110585529477240e-01,  3.7391336086099375e+02, -1.9795521379803105e+00, -1.5000452613093432e+04,  1.0018607454704044e+01,  2.6469051866654443e+00,  3.3980861147456953e-01,  1.5533192067245414e-02,  4.1873644062596298e-02, -3.6854623122728065e+00,  2.7433066213374402e-01,  1.6143596800696099e-02, -1.2251722193846417e+00, -3.7481369415745047e-01,  0.0000000000000000e+00, -2.3175068728110433e+00, -5.6482262767155849e+00,  7.2338807970922431e+01,  0.0000000000000000e+00
 5.9940059940059942e-01,  6.3374062858920354e+02, -3.9686682753640440e-01,  2.8409108416554215e+01, -1.9159414734173891e-02,  7.7440210716156851e-02,  5.4060977450686154e-01,  3.8025080651320638e+02, -1.9948994405061231e+00, -1.5000466527808720e+04,  1.0018670743079118e+01,  2.6467302900817886e+00,  3.4526936607261444e-01,  1.5578822820442682e-02,  2.9352314014147209e-02, -3.6855969874677115e+00,  2.7433066213374402e-01, -4.5562322720849356e-03, -1.1599021150264217e+00,  3.0560638699878101e-02,  0.0000000000000000e+00, -1.8265989075597389e+00,  1.8715301169231243e+01,  8.8171334671147790e+00,  0.0000000000000000e+00
 6.0939060939060941e-01,  6.3374101558311770e+02, -4.0039057319544252e-01,  2.8390849580143705e+01, -1.9965388789867328e-02,  7.4613699231588934e-02,  5.4003299852101749e-01,  3.8658824960635155e+02, -2.0096464354953025e+00, -1.5000480608216039e+04,  1.0018725166721195e+01,  2.6465224121922506e+00,  3.5071821501355743e-01,  1.5442158455415545e-02,  1.8698776629500972e-02, -3.6848517101009808e+00,  2.7433066213374402e-01, -2.0248557750742021e-02, -1.1438682555312918e+00,  1.4396554613581966e-01,  0.0000000000000000e+00, -1.3150046532674284e+00, -1.5505322498306246e+01,  1.3886529001560731e+01,  0.0000000000000000e+00
 6.1938061938061939e-01,  6.3374141443607164e+02, -4.0379120749821273e-01,  2.8372813562505808e+01, -2.0658788123301332e-02,  7.3272783919565196e-02,  5.3907745205952218e-01,  3.9292569026383075e+02, -2.0237936977399995e+00, -1.5000494849823552e+04,  1.0018771588008516e+01,  2.6462964871634558e+00,  3.5615628483492817e-01,  1.5174256232016268e-02,  6.4978034141214116e-03, -3.6827205529794833e+00,  2.7433066213374402e-01, -3.1233174273468511e-02, -7.2117275580707718e-01, -9.6588831995440688e-02,  0.0000000000000000e+00, -8.8411557458241619e-01,  1.0012896154309402e+02, -6.2045515503439070e+01,  0.0000000000000000e+00
 6.2937062937062938e-01,  6.3374181784570453e+02, -4.0695598595985161e-01,  2.8355070743763871e+01, -2.1198098843997638e-02,  7.2899680660828206e-02,  5.3740238697037546e-01,  3.9926312861593510e+02, -2.0373412083394791e+00, -1.5000509248231498e+04,  1.0018811212274500e+01,  2.6460668668528071e+00,  3.6157979259213896e-01,  1.4818119009392198e-02,  4.2897305594295073e-03, -3.6867815568940965e+00,  2.7433066213374402e-01, -3.8248068937242682e-02,  1.9438970331590108e-01, -5.4940846345274386e-01,  0.0000000000000000e+00, -5.2026633710517267e-01,  8.3166642773326316e+01, -2.8608974714313057e+01,  0.0000000000000000e+00
 6.3936063936063936e-01,  6.3374221304386549e+02, -4.0986793399891974e-01,  2.8337487300066702e+01, -2.1584137354624788e-02,  7.2403406736747500e-02,  5.3537098401510230e-01,  4.0560056464205491e+02, -2.0502888252915259e+00, -1.5000523800548224e+04,  1.0018845382216197e+01,  2.6458382823627495e+00,  3.6698435100727866e-01,  1.4410059050452978e-02,  1.0381713570283269e-02, -3.6936977450564612e+00,  2.7433066213374402e-01, -4.1834436647093159e-02,  9.6070326521698424e-01, -6.8802437276431472e-01,  0.0000000000000000e+00, -1.9772447840689425e-01,  7.0249332319270607e+01,  8.5806967013656166e-01,  0.0000000000000000e+00
 6.4935064935064934e-01,  6.3374259682660988e+02, -4.1256087311513256e-01,  2.8319844110552925e+01, -2.1824557976092895e-02,  7.0829688148807052e-02,  5.3339530810059532e-01,  4.1193799815642751e+02, -2.0626366111233709e+00, -1.5000538505549852e+04,  1.0018875497397234e+01,  2.6456049822754188e+00,  3.7236776615984885e-01,  1.3982266129330397e-02,  2.3484600993335276e-02, -3.7005282976086682e+00,  2.7433066213374402e-01, -4.2416478102022273e-02,  7.6470908181488562e-01, -7.7158388540462086e-01,  0.0000000000000000e+00,  8.1199779130086233e-02, -1.0948736783637077e+02, -1.7586684100725858e+01,  0.0000000000000000e+00
 6.5934065934065933e-01,  6.3374297161497316e+02, -4.1506014178772660e-01,  2.8302059975419624e+01, -2.1926518644199190e-02,  6.8463796490472961e-02,  5.3155325074259485e-01,  4.1827542889333859e+02, -2.0743848173333577e+00, -1.5000553362906034e+04,  1.0018902953050832e+01,  2.6453553968662464e+00,  3.7772966197405267e-01,  1.3562576970492493e-02,  2.5660616303847410e-02, -3.7091140065031070e+00,  2.7433066213374402e-01, -4.0388860580621966e-02, -2.3262147651747117e-01, -6.7416703068735540e-01,  0.0000000000000000e+00,  3.2472924865425518e-01, -9.0178209941767122e+01,  3.7089538415122398e+01,  0.0000000000000000e+00
 6.6933066933066931e-01,  6.3374334830890587e+02, -4.1738872752605766e-01,  2.8284271615389876e+01, -2.1906348388428747e-02,  6.6408092154796747e-02,  5.2992213879673977e-01,  4.2461285668519616e+02, -2.0855338841414506e+00, -1.5000568370868139e+04,  1.0018929113706720e+01,  2.6450875751325529e+00,  3.8307090533027016e-01,  1.3175295887959329e-02,  1.8836819244734456e-02, -3.7139981683516723e+00,  2.7433066213374402e-01, -3.6081791721766412e-02, -1.5089465044747303e+00, -7.7883713171336549e-02,  0.0000000000000000e+00,  5.3754593688862740e-01, -1.6534206065527627e+02,  8.2286381751584642e+01,  0.0000000000000000e+00
 6.7932067932067930e-01,  6.3374373851974167e+02, -4.1951607862163076e-01,  2.8266794057469532e+01, -2.1767700097727730e-02,  6.6259864154436687e-02,  5.2814242876990991e-01,  4.3095028158990402e+02, -2.0960844880896290e+00, -1.5000583526166774e+04,  1.0018955279908514e+01,  2.6448112241277513e+00,  3.8839420002411051e-01,  1.2841662050976681e-02, -4.4881650043389959e-03, -3.7106701246483884e+00,  2.7433066213374402e-01, -3.0065475166377895e-02, -2.4273646210754882e+00,  8.5771253190469188e-01,  0.0000000000000000e+00,  6.6692063750015385e-01, -1.8525246288195554e+01,  1.0501998651263634e+02,  0.0000000000000000e+00
 6.8931068931068928e-01,  6.3374414009319742e+02, -4.2131498766322018e-01,  2.8250031314212571e+01, -2.1511585650498183e-02,  6.8999939516708755e-02,  5.2561184814858730e-01,  4.3728770389378951e+02, -2.1060369260548666e+00, -1.5000598823471215e+04,  1.0018982633805214e+01,  2.6445522876039140e+00,  3.9369901658764994e-01,  1.2574587093426305e-02, -2.9661974383147400e-02, -3.6968610548271030e+00,  2.7433066213374402e-01, -2.3325824764327135e-02, -1.9220241496707828e+00,  1.6821404789621415e+00,  0.0000000000000000e+00,  6.8235737299040899e-01,  1.1969440866341756e+02,  6.0030488488265142e+01,  0.0000000000000000e+00
 6.9930069930069927e-01,  6.3374454004362076e+02, -4.2264332972011504e-01,  2.8234199244386925e+01, -2.1153131743591288e-02,  7.4002501445456254e-02,  5.2202404860484153e-01,  4.4362512395958407e+02, -2.1153909873369776e+00, -1.5000614257183264e+04,  1.0019012076404215e+01,  2.6443391884690959e+00,  3.9898069101374889e-01,  1.2375611606134981e-02, -4.2890245916842130e-02, -3.6770609242695245e+00,  2.7433066213374402e-01, -1.6890283130073382e-02, -6.0887081405805621e-01,  2.3683932862339216e+00,  0.0000000000000000e+00,  6.0603806218719325e-01,  1.4319888912625044e+02,  7.7357323527545319e+01,  0.0000000000000000e+00
 7.0929070929070925e-01,  6.3374491919223283e+02, -4.2343899055205925e-01,  2.8219228852270245e+01, -2.0726776692852087e-02,  7.9611668055219867e-02,  5.1771043110194603e-01,  4.4996254200066556e+02, -2.1241461960256887e+00, -1.5000629823397137e+04,  1.0019044166377643e+01,  2.6441878210012852e+00,  4.0423254321700380e-01,  1.2237118899019244e-02, -4.1827225413278386e-02, -3.6495405096476041e+00,  2.7433066213374402e-01, -1.1346851347549073e-02,  4.0080317759413209e-01,  3.1123657699427567e+00,  0.0000000000000000e+00,  5.0375698067417385e-01,  5.8937844002517757e+01,  7.1585967710963601e+01,  0.0000000000000000e+00
 7.1928071928071924e-01,  6.3374526269841897e+02, -4.2370883139837945e-01,  2.8204939214812420e+01, -2.0264879393487183e-02,  8.4604952642701237e-02,  5.1314114084074380e-01,  4.5629995797823500e+02, -2.1323022843780119e+00, -1.5000645520438387e+04,  1.0019079203462049e+01,  2.6440980225461312e+00,  4.0944987096855462e-01,  1.2148901289500634e-02, -3.4882190420455879e-02, -3.6148757940009379e+00,  2.7433066213374402e-01, -6.8352179544700249e-03,  9.0558681532201812e-01,  3.4604616530290842e+00,  0.0000000000000000e+00,  3.9947202462025166e-01,  4.2119840270605060e+01, -1.8971719170808710e+00,  0.0000000000000000e+00
 7.2927072927072922e-01,  6.3374556529915446e+02, -4.2345523272283547e-01,  2.8191177651537441e+01, -1.9787867803190619e-02,  8.8546478429789341e-02,  5.0846571947040009e-01,  4.6263737166766873e+02, -2.1398592015489464e+00, -1.5000661347702968e+04,  1.0019117317183799e+01,  2.6440616776761554e+00,  4.1462979259743904e-01,  1.2100551107721142e-02, -2.3733582749501811e-02, -3.5804004166799901e+00,  2.7433066213374402e-01, -3.4447802099824409e-03,  1.0557653943401981e+00,  3.5228090773163760e+00,  0.0000000000000000e+00,  2.7929361182616302e-01, -1.2054088751165381e+01,  1.4379126259396735e+01,  0.0000000000000000e+00
 7.3926073926073921e-01,  6.3374582804164982e+02, -4.2267949990376757e-01,  2.8177768405570639e+01, -1.9312772243519238e-02,  9.1145500079378633e-02,  5.0376638724175782e-01,  4.6897478274092327e+02, -2.1468168944989854e+00, -1.5000677305137278e+04,  1.0019158462270051e+01,  2.6440666446506333e+00,  4.1976942162559766e-01,  1.2080074512078407e-02, -1.3787976747325055e-02, -3.5444899982503610e+00,  2.7433066213374402e-01, -1.1530849724357595e-03,  8.2128700604450933e-01,  3.5063686017472340e+00,  0.0000000000000000e+00,  1.7950377473067949e-01, -3.4888484585630295e+01, -1.7670509468334902e+01,  0.0000000000000000e+00
 7.4925074925074930e-01,  6.3374605521746241e+02, -4.2140206293536664e-01,  2.8164692180434542e+01, -1.8855753184438138e-02,  9.3048151019690079e-02,  4.9917250317666639e-01,  4.7531219084170908e+02, -2.1531755103454655e+00, -1.5000693392367257e+04,  1.0019202493526997e+01,  2.6441025149372774e+00,  4.2486732804426103e-01,  1.2077512446933215e-02, -7.3242519594016427e-03, -3.5103431019597653e+00,  2.7433066213374402e-01,  3.3775285180847269e-04,  7.6415526250102317e-01,  3.5669121712903653e+00,  0.0000000000000000e+00,  1.1896195768301429e-01,  2.3450709528224447e+01,  2.9791332090869783e+01,  0.0000000000000000e+00
 7.5924075924075929e-01,  6.3374626518524269e+02, -4.1969824372671533e-01,  2.8151866390719270e+01, -1.8438704984908121e-02,  9.4227507776097869e-02,  4.9504572715840395e-01,  4.8164959571633028e+02, -2.1589355758002076e+00, -1.5000709608524126e+04,  1.0019249195047369e+01,  2.6441625967767712e+00,  4.2992514193004888e-01,  1.2086822820805849e-02,  1.4798606652828784e-03, -3.4732230218010027e+00,  2.7433066213374402e-01,  1.3158830022081337e-03,  6.4995752132040974e-01,  3.7244053501638086e+00,  0.0000000000000000e+00,  7.6859698426996276e-02, -4.6313097312584361e+01,  1.7388023195892475e+00,  0.0000000000000000e+00
 7.6923076923076927e-01,  6.3374647623771386e+02, -4.1758966992870600e-01,  2.8139247246355268e+01, -1.8052868889331226e-02,  9.4995955693098044e-02,  4.9118887249765336e-01,  4.8798699727641514e+02, -2.1640977431632131e+00, -1.5000725952897907e+04,  1.0019298312482569e+01,  2.6442398987656479e+00,  4.3494572284260025e-01,  1.2103803815608702e-02,  5.6619123027444006e-03, -3.4359294086497991e+00,  2.7433066213374402e-01,  1.8203767562739047e-03,  5.5416384454016887e-01,  3.5343779955119459e+00,  0.0000000000000000e+00,  2.4139951136971111e-02,  2.7135203221180138e+01, -3.9782278720892151e+01,  0.0000000000000000e+00
 7.7922077922077926e-01,  6.3374669451649629e+02, -4.1507929718318010e-01,  2.8126770552161112e+01, -1.7699303990662624e-02,  9.5280834877523771e-02,  4.8747209589618840e-01,  4.9432439556245845e+02, -2.1686624192286468e+00, -1.5000742424537231e+04,  1.0019349582785811e+01,  2.6443305712615870e+00,  4.3993012278928678e-01,  1.2123193984767366e-02,  1.2552065351400134e-02, -3.4026060788337311e+00,  2.7433066213374402e-01,  1.7805725039189877e-03,  6.0004708151236807e-01,  3.9103492208888317e+00,  0.0000000000000000e+00, -3.2108762458425512e-02, -1.7949379179345861e+01,  1.1505171804134474e+02,  0.0000000000000000e+00
 7.8921078921078924e-01,  6.3374691687553809e+02, -4.1220731027388224e-01,  2.8114384090153120e+01, -1.7383378669724073e-02,  9.5062127512039837e-02,  4.8403944814831179e-01,  5.0066179058465963e+02, -2.1726300054156780e+00, -1.5000759022788134e+04,  1.0019402679994062e+01,  2.6444286801901806e+00,  4.4487939346253796e-01,  1.2139379689812877e-02,  1.7650864980314186e-02, -3.3578005530875847e+00,  2.7433066213374402e-01,  1.4328918705093835e-03,  6.9756656111663562e-01,  4.9479607966604373e+00,  0.0000000000000000e+00, -3.7496900350177290e-02,  3.7472778996120226e+01,  9.2678119428130771e+01,  0.0000000000000000e+00
 7.9920079920079923e-01,  6.3374713885690483e+02, -4.0906760529572433e-01,  2.8102017723091478e+01, -1.7108180717360057e-02,  9.4133539718895293e-02,  4.8124324446367073e-01,  5.0699918230748227e+02, -2.1760012555268808e+00, -1.5000775746807116e+04,  1.0019457368353564e+01,  2.6445282473152498e+00,  4.4979715635840223e-01,  1.2151823192969351e-02,  2.6489459179904334e-02, -3.3037457232561001e+00,  2.7433066213374402e-01,  1.2031616985648920e-03,  4.9080759356134784e-01,  5.6498221624916027e+00,  0.0000000000000000e+00, -8.4950800731099195e-03, -7.8865924300688846e+01,  4.7834526011268608e+01,  0.0000000000000000e+00
 8.0919080919080921e-01,  6.3374735961569320e+02, -4.0575701571816608e-01,  2.8089608856710086e+01, -1.6875164007389261e-02,  9.2636061095831529e-02,  4.7920095810978769e-01,  5.1333657061272925e+02, -2.1787772303225963e+00, -1.5000792596052064e+04,  1.0019513485924238e+01,  2.6446203959780510e+00,  4.5468941969354437e-01,  1.2163418884589399e-02,  2.7457210506015437e-02, -3.2449169933974429e+00,  2.7433066213374402e-01,  1.3051941401880979e-03, -3.4007579611776917e-01,  5.9462188026082732e+00,  0.0000000000000000e+00,  2.8921974886075737e-02, -8.7476930313070497e+01,  1.1504081340088854e+01,  0.0000000000000000e+00
 8.1918081918081920e-01,  6.3374757920981051e+02, -4.0230781636538299e-01,  2.8077280153570143e+01, -1.6674352976593042e-02,  9.1548194730956364e-02,  4.7761149202340564e-01,  5.1967395540691894e+02, -2.1809590126328571e+00, -1.5000809569033747e+04,  1.0019570935523346e+01,  2.6447033143405654e+00,  4.5956221076394721e-01,  1.2177900997968115e-02,  1.9694737978750109e-02, -3.1849401527744163e+00,  2.7433066213374402e-01,  1.6750462795617291e-03, -8.0803915482817312e-01,  6.2190875138033688e+00,  0.0000000000000000e+00,  4.5122423416525309e-02, -6.2093341007524216e+00,  4.3124234641169203e+01,  0.0000000000000000e+00
 8.2917082917082918e-01,  6.3374779215465912e+02, -3.9870580611275114e-01,  2.8065177727418476e+01, -1.6498542381606158e-02,  9.1464463983136859e-02,  4.7611004817787722e-01,  5.2601133661760207e+02, -2.1825474525207702e+00, -1.5000826663137688e+04,  1.0019629624839315e+01,  2.6447841656910307e+00,  4.6441956255071309e-01,  1.2196886342722500e-02,  1.1312572047910091e-02, -3.1206595006141589e+00,  2.7433066213374402e-01,  2.0033836694554963e-03, -6.9073283589809498e-01,  6.5122552954279413e+00,  0.0000000000000000e+00,  2.0610722040206857e-02,  2.9694059150554082e+01,  1.5567955240070313e+01,  0.0000000000000000e+00
 8.3916083916083917e-01,  6.3374799452055584e+02, -3.9491419403241323e-01,  2.8053366578050234e+01, -1.6342880632418566e-02,  9.2222530893959376e-02,  4.7444254231075483e-01,  5.3234871417192505e+02, -2.1835430075646891e+00, -1.5000843875693263e+04,  1.0019689394129859e+01,  2.6448722984657196e+00,  4.6926255647305426e-01,  1.2217928643711481e-02,  5.8938821166503175e-03, -3.0548251618567752e+00,  2.7433066213374402e-01,  1.9342943273877910e-03, -4.1847179832045672e-01,  6.2045655914419813e+00,  0.0000000000000000e+00, -3.4442408322161451e-02,  2.4812600572489110e+01, -7.7167433978059563e+01,  0.0000000000000000e+00
 8.4915084915084915e-01,  6.3374818306917416e+02, -3.9089839893513173e-01,  2.8041901834884037e+01, -1.6212385731125462e-02,  9.3654732999797471e-02,  4.7252347278324941e-01,  5.3868608800375432e+02, -2.1839458727427536e+00, -1.5000861204331162e+04,  1.0019749981093042e+01,  2.6449755095180776e+00,  4.7409029176952860e-01,  1.2235533582030948e-02,  2.9514971563924779e-03, -2.9966921561298037e+00,  2.7433066213374402e-01,  1.2794360350974151e-03,  3.6923143809299858e-01,  5.8933076461975036e+00,  0.0000000000000000e+00, -9.6660221794371837e-02,  1.3288558735748472e+02,  1.4853593340115170e+01,  0.0000000000000000e+00
 8.5914085914085914e-01,  6.3374835460135387e+02, -3.8667967754438709e-01,  2.8030726673282036e+01, -1.6120744994920781e-02,  9.4990699098851120e-02,  4.7066717167429672e-01,  5.4502345803335379e+02, -2.1837562172992895e+00, -1.5000878647182783e+04,  1.0019811027298141e+01,  2.6450980587000350e+00,  4.7890177436280590e-01,  1.2243491801255885e-02,  1.3271133626999936e-02, -2.9370767573373446e+00,  2.7433066213374402e-01,  1.4506422721315205e-04,  1.2964085690804763e+00,  6.2514955092925222e+00,  0.0000000000000000e+00, -1.3044101414405773e-01,  5.2735274266208442e+01,  5.6855616851507612e+01,  0.0000000000000000e+00
 8.6913086913086912e-01,  6.3374851339931240e+02, -3.8236188793419146e-01,  2.8019589128584673e+01, -1.6078680242915946e-02,  9.4961999847718359e-02,  4.6938780008242537e-01,  5.5136082411094378e+02, -2.1829745585985907e+00, -1.5000896204077913e+04,  1.0019872148694555e+01,  2.6452310612174887e+00,  4.8369898194042321e-01,  1.2238431968189053e-02,  2.8853766268889497e-02, -2.8717871509491339e+00,  2.7433066213374402e-01, -1.2105322132863468e-03,  1.4261025200427819e+00,  6.7619441883258968e+00,  0.0000000000000000e+00, -1.4094939324394204e-01, -2.6770545283554863e+01,  4.5336208690973990e+01,  0.0000000000000000e+00
 8.7912087912087911e-01,  6.3374867056255096e+02, -3.7801381431448378e-01,  2.8008310558039941e+01, -1.6077947804429463e-02,  9.3419665781159525e-02,  4.6870414800570220e-01,  5.5769818608546734e+02, -2.1816015690180510e+00, -1.5000913875664553e+04,  1.0019933020478092e+01,  2.6453587739241122e+00,  4.8848511391341937e-01,  1.2219305343447966e-02,  4.1764690471011549e-02, -2.8019729773508133e+00,  2.7433066213374402e-01, -2.5765107968571161e-03,  9.2823200869492184e-01,  7.0639402599646886e+00,  0.0000000000000000e+00, -1.3251951918692609e-01, -7.2903131088286784e+01,  1.5123404851112120e+01,  0.0000000000000000e+00
 8.8911088911088909e-01,  6.3374883229783995e+02, -3.7368571923072935e-01,  2.7996823280586749e+01, -1.6109060548158249e-02,  9.0883555880929848e-02,  4.6851871967688835e-01,  5.6403554384394988e+02, -2.1796379373732999e+00, -1.5000931662294906e+04,  1.0019993414497840e+01,  2.6454673842093666e+00,  4.9326341886422892e-01,  1.2186953230989110e-02,  4.7399860348708106e-02, -2.7306494834173720e+00,  2.7433066213374402e-01, -3.7643119240455022e-03,  1.0468176163672467e-01,  7.4017359894295733e+00,  0.0000000000000000e+00, -1.0527826647618896e-01, -9.1971628372764371e+01,  5.2503300187757922e+01,  0.0000000000000000e+00
 8.9910089910089908e-01,  6.3374899965873396e+02, -3.6940441616209713e-01,  2.7985188308209125e+01, -1.6159633636105872e-02,  8.8232289044685122e-02,  4.6867301518611409e-01,  5.7037289730345219e+02, -2.1770843528736044e+00, -1.5000949563284168e+04,  1.0020053203884029e+01,  2.6455503306425059e+00,  4.9803693995601123e-01,  1.2144094315994509e-02,  4.3856234160056996e-02, -2.6540861443951775e+00,  2.7433066213374402e-01, -4.5633057867213540e-03, -7.5791004855492672e-01,  7.7247613637384651e+00,  0.0000000000000000e+00, -5.4680304831516542e-02, -8.0719252027604313e+01,  1.2166379748882139e+01,  0.0000000000000000e+00
 9.0909090909090906e-01,  6.3374917120092402e+02, -3.6516336180687753e-01,  2.7973576369425629e+01, -1.6215182063499471e-02,  8.6445106681711625e-02,  4.6890505757324485e-01,  5.7671024642680197e+02, -2.1739415165420852e+00, -1.5000967576564079e+04,  1.0020112399449660e+01,  2.6456110270829227e+00,  5.0280856903224025e-01,  1.2095778290195477e-02,  3.2256802435522765e-02, -2.5763085970289912e+00,  2.7433066213374402e-01, -4.9140616136958363e-03, -1.2161764225597196e+00,  7.7442086414045814e+00,  0.0000000000000000e+00, -1.5541011728774914e-02, -1.1025676048155301e+01, -8.2730347601255918e+00,  0.0000000000000000e+00
 9.1908091908091905e-01,  6.3374934228784036e+02, -3.6091767814628495e-01,  2.7962177315003441e+01, -1.6266920326524752e-02,  8.6087659299661459e-02,  4.6892177382522837e-01,  5.8304759122495784e+02, -2.1702099277570870e+00, -1.5000985699062327e+04,  1.0020171062350133e+01,  2.6456615226824396e+00,  5.0757959133533470e-01,  1.2045911266769817e-02,  1.9557004938084589e-02, -2.4993567010104707e+00,  2.7433066213374402e-01, -5.0362372357756627e-03, -1.3028533107820273e+00,  7.5250834543955607e+00,  0.0000000000000000e+00, -8.9185478116063071e-03, -6.3270369739507268e+00, -3.5595827679080443e+01,  0.0000000000000000e+00
 9.2907092907092903e-01,  6.3374950902296268e+02, -3.5659891077545230e-01,  2.7951110472129720e+01, -1.6309123934007533e-02,  8.7052248977355057e-02,  4.6845850417327695e-01,  5.8938493172482868e+02, -2.1658898052168345e+00, -1.5001003927631462e+04,  1.0020229224242119e+01,  2.6457158743768678e+00,  5.1234920523441119e-01,  1.1995154169600558e-02,  6.2257672550626916e-03, -2.4259572792588502e+00,  2.7433066213374402e-01, -5.3191570237776636e-03, -1.0549343113798002e+00,  7.2463094441373128e+00,  0.0000000000000000e+00, -4.7721993746394339e-02,  5.5960420654276618e+01, -2.0214729174620800e+01,  0.0000000000000000e+00
 9.3906093906093902e-01,  6.3374966422835701e+02, -3.5210705500865302e-01,  2.7940500783831183e+01, -1.6338485421675819e-02,  8.9221666835948427e-02,  4.6727190246034078e-01,  5.9572226796193081e+02, -2.1609809677721081e+00, -1.5001022259247087e+04,  1.0020286836668266e+01,  2.6457882242886783e+00,  5.1711351135226247e-01,  1.1939634403157876e-02, -1.5206036808924294e-03, -2.3545752935351998e+00,  2.7433066213374402e-01, -6.0692210654993599e-03,  3.2965210513103374e-02,  7.2563459828685506e+00,  0.0000000000000000e+00, -1.0244082740628939e-01,  1.6183706362868281e+02,  2.2224044228614666e+01,  0.0000000000000000e+00
 9.4905094905094900e-01,  6.3374979896953801e+02, -3.4742307257348243e-01,  2.7930235768862477e+01, -1.6366515847670175e-02,  9.1256425252127418e-02,  4.6573643203623161e-01,  6.0205959988780262e+02, -2.1554831285331981e+00, -1.5001040691818851e+04,  1.0020343777284868e+01,  2.6458858905884584e+00,  5.2186787172376481e-01,  1.1873891011448723e-02,  6.8844128197600614e-03, -2.2809753415391989e+00,  2.7433066213374402e-01, -7.3021545724536356e-03,  1.2394090394434409e+00,  7.5559816756467812e+00,  0.0000000000000000e+00, -1.4439246068595676e-01,  7.9692990923170896e+01,  3.7763021465587158e+01,  0.0000000000000000e+00
 9.5904095904095898e-01,  6.3374991419934588e+02, -3.4258815828699413e-01,  2.7920018981854376e+01, -1.6402751587262746e-02,  9.1723181403754295e-02,  4.6427770937478097e-01,  6.0839692730897184e+02, -2.1493962122835328e+00, -1.5001059225482131e+04,  1.0020399879216896e+01,  2.6459997570594980e+00,  5.2660967235791156e-01,  1.1793737208903058e-02,  2.3242813690604880e-02, -2.2036066286871123e+00,  2.7433066213374402e-01, -8.8484299746673482e-03,  1.5329615234396634e+00,  7.8418067386934096e+00,  0.0000000000000000e+00, -1.6517187483723667e-01, -2.0923783627125193e+01,  1.9459156156356325e+01,  0.0000000000000000e+00
 9.6903096903096908e-01,  6.3375001974473287e+02, -3.3763994297226496e-01,  2.7909627182837205e+01, -1.6444363031349437e-02,  9.0409178338300644e-02,  4.6305012247303556e-01,  6.1473424997413429e+02, -2.1427202796680929e+00, -1.5001077861481985e+04,  1.0020455004632797e+01,  2.6461122315042735e+00,  5.3133750149109127e-01,  1.1697099203763061e-02,  3.7513014686686559e-02, -2.1242958862206485e+00,  2.7433066213374402e-01, -1.0493381931886371e-02,  1.0297932422660705e+00,  7.8603640659614165e+00,  0.0000000000000000e+00, -1.6414750699801009e-01, -7.9810506263827605e+01, -1.5743979237301378e+01,  0.0000000000000000e+00
 9.7902097902097907e-01,  6.3375012859589685e+02, -3.3257924970435254e-01,  2.7898969839892505e+01, -1.6484361434510968e-02,  8.7906253825583716e-02,  4.6189818945655520e-01,  6.2107156769435562e+02, -2.1354554439734539e+00, -1.5001096600813045e+04,  1.0020509075852305e+01,  2.6462077659372460e+00,  5.3605040414196747e-01,  1.1584079228245987e-02,  4.3818103246370629e-02, -2.0465563975989713e+00,  2.7433066213374402e-01, -1.2057421970148710e-02,  3.7147074881653436e-01,  7.9191535036143259e+00,  0.0000000000000000e+00, -1.4897330866209688e-01, -5.1985656924769870e+01,  2.7513624655403046e+01,  0.0000000000000000e+00
 9.8901098901098905e-01,  6.3375024653555226e+02, -3.2740260078686989e-01,  2.7888092172732918e+01, -1.6518469937595814e-02,  8.5070534544737064e-02,  4.6078316494081512e-01,  6.2740888037886828e+02, -2.1276018081672903e+00, -1.5001115443290775e+04,  1.0020562073842237e+01,  2.6462791256578586e+00,  5.4074712986062223e-01,  1.1456191671891958e-02,  4.4935007670033895e-02, -1.9660710409935891e+00,  2.7433066213374402e-01, -1.3256109077549013e-02, -1.1922937547958821e-01,  8.1231838026606749e+00,  0.0000000000000000e+00, -9.1003850239443726e-02, -4.6252507959313917e+01,  1.3333241213676210e+01,  0.0000000000000000e+00
 9.9900099900099903e-01,  6.3375037386982422e+02, -3.2214877944732750e-01,  2.7877072779821290e+01, -1.6550157438392474e-02,  8.2461407007407755e-02,  4.5989639268903876e-01,  6.3374618800976361e+02, -2.1191598097949620e+00, -1.5001134387744900e+04,  1.0020614077140284e+01,  2.6463256378931708e+00,  5.4542890917034326e-01,  1.1319221904019234e-02,  4.1435897942083154e-02, -1.8842550229204365e+00,  2.7433066213374402e-01, -1.3755583532066388e-02, -8.0231433695196164e-01,  8.1111363381992341e+00,  0.0000000000000000e+00, -8.9909355549346107e-03, -9.0501101327455302e+01, -1.5745143598854504e+01,  0.0000000000000000e+00
 1.0089910089910090e+00,  6.3375050489672844e+02, -3.1683480372051132e-01,  2.7866094211050932e+01, -1.6576722576238056e-02,  8.0882826939787322e-02,  4.5917412654468015e-01,  6.4008349060049511e+02, -2.1101301588197368e+00, -1.5001153432130292e+04,  1.0020665246422945e+01,  2.6463525783730102e+00,  5.5009896081186427e-01,  1.1181354838084438e-02,  2.8904751187477228e-02, -1.8040103748957024e+00,  2.7433066213374402e-01, -1.3467588540399250e-02, -1.1653209660939208e+00,  7.9046905004436230e+00,  0.0000000000000000e+00,  6.6647532886711006e-02,  1.7827174173236539e+01, -2.5585313119828104e+01,  0.0000000000000000e+00
 1.0189810189810189e+00,  6.3375063015927014e+02, -3.1144548705014258e-01,  2.7855378504960182e+01, -1.6595010916889950e-02,  8.0807010974689383e-02,  4.5843002675192107e-01,  6.4642078819604660e+02, -2.1005136060977905e+00, -1.5001172573186686e+04,  1.0020715787838215e+01,  2.6463734665632392e+00,  5.5476049007995509e-01,  1.1050139215899370e-02,  1.8152761756390572e-02, -1.7263191487856997e+00,  2.7433066213374402e-01, -1.2649260760889007e-02, -8.6102845069202905e-01,  7.6691227494026979e+00,  0.0000000000000000e+00,  9.7181688571225847e-02,  4.3092187410221122e+01, -2.1575350638556511e+01,  0.0000000000000000e+00
 1.0289710289710290e+00,  6.3375074231665246e+02, -3.0595198556520126e-01,  2.7844968421677638e+01, -1.6603976333555346e-02,  8.1642484339407406e-02,  4.5751509023664283e-01,  6.5275808080099671e+02, -2.0903106601367338e+00, -1.5001191807898111e+04,  1.0020765847996648e+01,  2.6464004602438678e+00,  5.5941480235515006e-01,  1.0928622355349393e-02,  1.1701385539284849e-02, -1.6507811491334108e+00,  2.7433066213374402e-01, -1.1749161785785936e-02, -6.6500305749025790e-01,  7.5013105145843140e+00,  0.0000000000000000e+00,  8.3018126244409060e-02, -3.8479036912265334e+00, -1.2020658772083902e+01,  0.0000000000000000e+00
 1.0389610389610389e+00,  6.3375083781469380e+02, -3.0031505905141070e-01,  2.7834911612027252e+01, -1.6604095755919115e-02,  8.3161556191578501e-02,  4.5631333385986184e-01,  6.5909536837868075e+02, -2.0795215489054737e+00, -1.5001211133928788e+04,  1.0020815483728732e+01,  2.6464413347010671e+00,  5.6406109447438457e-01,  1.0815390728670880e-02,  4.8659873809608501e-03, -1.5764428148279712e+00,  2.7433066213374402e-01, -1.1079742416977983e-02, -5.8425258538049041e-01,  7.3933441777638347e+00,  0.0000000000000000e+00,  5.0999631390943108e-02,  2.0014148207602016e+01, -9.5942018593761809e+00,  0.0000000000000000e+00
 1.0489510489510490e+00,  6.3375091367552875e+02, -2.9448912258819504e-01,  2.7825279403395076e+01, -1.6595581751674797e-02,  8.5339002983557524e-02,  4.5475449203774415e-01,  6.6543265088276712e+02, -2.0681463523001700e+00, -1.5001230549027137e+04,  1.0020864702076432e+01,  2.6465034733935808e+00,  5.6869739325951540e-01,  1.0707248880484698e-02,  2.8007210004328998e-05, -1.5030619847425251e+00,  2.7433066213374402e-01, -1.0737060532147008e-02, -1.1445400367074393e-01,  7.1900731149274488e+00,  0.0000000000000000e+00,  1.7605281952218024e-02,  7.4039527850689254e+01, -3.1100664920468184e+01,  0.0000000000000000e+00
 1.0589410589410588e+00,  6.3375097017210612e+02, -2.8847339922150012e-01,  2.7816030181691616e+01, -1.6589585580635259e-02,  8.7535192285054339e-02,  4.5307302132186300e-01,  6.7176992825846185e+02, -2.0561851574287928e+00, -1.5001250051355817e+04,  1.0020913471125223e+01,  2.6465911410908025e+00,  5.7332186326209589e-01,  1.0600864044711899e-02,  2.5791941008261074e-03, -1.4327850103339164e+00,  2.7433066213374402e-01, -1.0713161236367839e-02,  2.7547335506037796e-01,  6.9134078663011636e+00,  0.0000000000000000e+00, -1.2820642937228453e-02,  4.0239293672813901e+00, -2.4287717854514174e+01,  0.0000000000000000e+00
 1.0689310689310689e+00,  6.3375100917136547e+02, -2.8228586214934498e-01,  2.7807075309007885e+01, -1.6595225042954347e-02,  8.9340082051837272e-02,  4.5143278842770584e-01,  6.7810720042398998e+02, -2.0436381775479031e+00, -1.5001269639996115e+04,  1.0020961689864169e+01,  2.6467018882911222e+00,  5.7793388224199016e-01,  1.0493199704932893e-02,  5.5319703480738161e-03, -1.3649319574438006e+00,  2.7433066213374402e-01, -1.0941583671764879e-02,  3.5214309033735891e-01,  6.8711842259344937e+00,  0.0000000000000000e+00, -3.2909528629282675e-02,  1.1325351635170737e+01,  1.5834545053121696e+01,  0.0000000000000000e+00
 1.0789210789210790e+00,  6.3375103539918757e+02, -2.7595687697998583e-01,  2.7798354542643956e+01, -1.6616534123976869e-02,  9.0687273471233676e-02,  4.4998900382574841e-01,  6.8444446729820754e+02, -2.0305057106312079e+00, -1.5001289314346133e+04,  1.0021009239920804e+01,  2.6468313512994417e+00,  5.8253364864363788e-01,  1.0382250984336974e-02,  9.6150200815925940e-03, -1.2954986122133456e+00,  2.7433066213374402e-01, -1.1219465491510922e-02,  4.0842084355230163e-01,  6.8942567785753468e+00,  0.0000000000000000e+00, -2.2722411683849794e-02, -5.8545441540224112e-02, -1.1215420014438385e+01,  0.0000000000000000e+00
 1.0889110889110889e+00,  6.3375105263621083e+02, -2.6955078190532039e-01,  2.7789807285423532e+01, -1.6658871509622232e-02,  9.1517462901558100e-02,  4.4897634889857702e-01,  6.9078172882082788e+02, -2.0167882926749003e+00, -1.5001309073979610e+04,  1.0021056043645618e+01,  2.6469739206265572e+00,  5.8712336111192032e-01,  1.0269034560247360e-02,  1.3692226962505414e-02, -1.2271845692604770e+00,  2.7433066213374402e-01, -1.1322249062431943e-02,  5.4374897798945199e-01,  6.8346567553750832e+00,  0.0000000000000000e+00,  2.1451407854612310e-03,  2.7151237955857717e+01, -7.1650463025440569e-01,  0.0000000000000000e+00
 1.0989010989010990e+00,  6.3375106073696281e+02, -2.6312425779494281e-01,  2.7781355281298737e+01, -1.6721726358543975e-02,  9.1703172221048304e-02,  4.4844040051272316e-01,  6.9711898492286002e+02, -2.0024866174646223e+00, -1.5001328918521860e+04,  1.0021102048012427e+01,  2.6471233484923462e+00,  5.9170648839819195e-01,  1.0156032221850821e-02,  2.0479135525937282e-02, -1.1589420336843730e+00,  2.7433066213374402e-01, -1.1183366425165667e-02,  5.9163790104870462e-01,  6.8395583246355223e+00,  0.0000000000000000e+00,  2.5659163195247359e-02, -1.7563875559395314e+01,  1.6977987961942163e+00,  0.0000000000000000e+00
 1.1088911088911089e+00,  6.3375106071640766e+02, -2.5674536686424387e-01,  2.7772899579452545e+01, -1.6805808265551898e-02,  9.1149260354992864e-02,  4.4847278401096158e-01,  7.0345623548702520e+02, -1.9876013879652452e+00, -1.5001348847920159e+04,  1.0021147213502170e+01,  2.6472712938191094e+00,  5.9628665301649741e-01,  1.0045590675628666e-02,  2.5513164046395611e-02, -1.0905300572797474e+00,  2.7433066213374402e-01, -1.0726001399150588e-02,  3.4379544583615612e-01,  6.7550498177280565e+00,  0.0000000000000000e+00,  6.5905315012971283e-02, -3.2054183974156921e+01, -1.8616401879068896e+01,  0.0000000000000000e+00
 1.1188811188811190e+00,  6.3375105596295180e+02, -2.5048611336789922e-01,  2.7764430833256068e+01, -1.6911267247700496e-02,  9.0220750142271933e-02,  4.4911077456064585e-01,  7.0979348039991407e+02, -1.9721334806955630e+00, -1.5001368861874309e+04,  1.0021191547114986e+01,  2.6474111355891221e+00,  6.0086882557114052e-01,  9.9417264995900704e-03,  2.7348175402783555e-02, -1.0239760033601362e+00,  2.7433066213374402e-01, -9.8998966607489816e-03, -4.0857320154568208e-02,  6.4361297321439057e+00,  0.0000000000000000e+00,  9.9480853615030396e-02, -4.4953299777186132e+01, -4.5231399254879243e+01,  0.0000000000000000e+00
 1.1288711288711288e+00,  6.3375104971635710e+02, -2.4437299358259537e-01,  2.7755981093594837e+01, -1.7031868575387413e-02,  8.9346357313496980e-02,  4.5011944160281259e-01,  7.1613071958889157e+02, -1.9560837351011431e+00, -1.5001388959565953e+04,  1.0021235070646650e+01,  2.6475402353890245e+00,  6.0545762129387892e-01,  9.8477905425467683e-03,  2.4696833973377266e-02, -9.6193605663751158e-01,  2.7433066213374402e-01, -8.8442499077530379e-03, -2.7153840208614360e-01,  5.9296688190961326e+00,  0.0000000000000000e+00,  1.1185962633475785e-01, -1.2290528255152866e+00, -5.6162075537284885e+01,  0.0000000000000000e+00
 1.1388611388611389e+00,  6.3375103982021085e+02, -2.3841915873854061e-01,  2.7747606164043130e+01, -1.7166735316146493e-02,  8.8789638504830848e-02,  4.5135764533283601e-01,  7.2246795301157010e+02, -1.9394528042707491e+00, -1.5001409139660389e+04,  1.0021277786229170e+01,  2.6476603609773490e+00,  6.1005618059887701e-01,  9.7650182097248749e-03,  2.1922832703759710e-02, -9.0550110187969401e-01,  2.7433066213374402e-01, -7.7416092915909311e-03, -2.6564586562285114e-01,  5.4172185005479117e+00,  0.0000000000000000e+00,  1.0888902502089598e-01,  2.4087386254664378e+00, -4.6430478236068005e+01,  0.0000000000000000e+00
 1.1488511488511488e+00,  6.3375102265296346e+02, -2.3264011369457721e-01,  2.7739339335214098e+01, -1.7318038472667229e-02,  8.8525969869713589e-02,  4.5276571386753944e-01,  7.2880518060989561e+02, -1.9222412697608595e+00, -1.5001429400718687e+04,  1.0021319648627204e+01,  2.6477740918134907e+00,  6.1466707852656000e-01,  9.6931130342232732e-03,  1.9389224270623000e-02, -8.5369992276043050e-01,  2.7433066213374402e-01, -6.7348290037279289e-03, -2.7707934010938190e-01,  4.9680216921686879e+00,  0.0000000000000000e+00,  9.2668388609277133e-02, -4.6977202176698940e+00, -4.3498722801452551e+01,  0.0000000000000000e+00
 1.1588411588411589e+00,  6.3375099583794315e+02, -2.2704676082372519e-01,  2.7731207269461457e+01, -1.7487377624223418e-02,  8.8547372186561793e-02,  4.5430513157216040e-01,  7.3514240230925100e+02, -1.9044496297370181e+00, -1.5001449741293185e+04,  1.0021360569076535e+01,  2.6478839607582634e+00,  6.1929221598149142e-01,  9.6304561916683729e-03,  1.6386781952323511e-02, -8.0623992920899101e-01,  2.7433066213374402e-01, -5.9219223293847508e-03, -2.8685224178287272e-01,  4.6889480985018936e+00,  0.0000000000000000e+00,  7.0075527594227083e-02,  2.7411853026370308e+00, -1.2371810650639693e+01,  0.0000000000000000e+00
 1.1688311688311688e+00,  6.3375095904757904e+02, -2.2163659348251558e-01,  2.7723243560176996e+01, -1.7673892339235064e-02,  8.8934231154976215e-02,  4.5587405810600651e-01,  7.4147961803646967e+02, -1.8860783080329653e+00, -1.5001470159963772e+04,  1.0021400427975173e+01,  2.6479930787864951e+00,  6.2393305892301187e-01,  9.5747929077620395e-03,  1.3657910748487684e-02, -7.6001464606708602e-01,  2.7433066213374402e-01, -5.4140847844381338e-03, -1.1152243364281710e-01,  4.4905651982903558e+00,  0.0000000000000000e+00,  3.1593548904085778e-02,  3.2359842287002124e+01, -2.7344445971710151e+01,  0.0000000000000000e+00
 1.1788211788211789e+00,  6.3375091323230231e+02, -2.1639315948827625e-01,  2.7715435934771730e+01, -1.7875131126940676e-02,  8.9420994586282179e-02,  4.5736772616088367e-01,  7.4781682773170246e+02, -1.8671275426636058e+00, -1.5001490655486448e+04,  1.0021439066218084e+01,  2.6481040482402767e+00,  6.2858973667602247e-01,  9.5222826695017769e-03,  1.4158561499919575e-02, -7.1651834682556736e-01,  2.7433066213374402e-01, -5.3477077374355069e-03,  2.1405717565386279e-01,  4.2593674360403222e+00,  0.0000000000000000e+00, -1.8304864094159899e-02,  3.2821195494193219e+01, -1.8941346030746637e+01,  0.0000000000000000e+00
 1.1888111888111887e+00,  6.3375086102235400e+02, -2.1131291396701363e-01,  2.7707700413077308e+01, -1.8091619695770896e-02,  8.9515924920637147e-02,  4.5881923344695497e-01,  7.5415403133032692e+02, -1.8475974304585761e+00, -1.5001511227164016e+04,  1.0021476292564593e+01,  2.6482155850538089e+00,  6.3326134446687465e-01,  9.4679456003207707e-03,  1.7934777394918507e-02, -6.7491239959275395e-01,  2.7433066213374402e-01, -5.7710038339530917e-03,  2.9436107262057337e-01,  4.1043107203140980e+00,  0.0000000000000000e+00, -6.6439014428660556e-02, -1.6744355321457757e+01, -1.2101008457643401e+01,  0.0000000000000000e+00
 1.1988011988011988e+00,  6.3375080663261963e+02, -2.0638231740046478e-01,  2.7699981609041782e+01, -1.8318365361862279e-02,  8.9194907393233366e-02,  4.6017142275529421e-01,  7.6049122876977333e+02, -1.8274879960036921e+00, -1.5001531874739421e+04,  1.0021511908544696e+01,  2.6483233216286002e+00,  6.3794650560417276e-01,  9.4069778975946223e-03,  2.0039901612218740e-02, -6.3451413662948153e-01,  2.7433066213374402e-01, -6.6022563075506212e-03,  1.3470806858098444e-01,  3.9249517083499845e+00,  0.0000000000000000e+00, -9.9977730785565017e-02, -1.5218176087267963e+01, -2.3806665737572157e+01,  0.0000000000000000e+00
 1.2087912087912087e+00,  6.3375075155408695e+02, -2.0158085907514042e-01,  2.7692272030153113e+01, -1.8547663842358258e-02,  8.8647887373929979e-02,  4.6137506308831783e-01,  7.6682842000761457e+02, -1.8067992070089223e+00, -1.5001552597764878e+04,  1.0021545767898100e+01,  2.6484243082485244e+00,  6.4264338156393419e-01,  9.3360323873826964e-03,  2.0626247296636476e-02, -5.9649178603930775e-01,  2.7433066213374402e-01, -7.6792258774762276e-03,  4.7290729369353177e-02,  3.5975422520917646e+00,  0.0000000000000000e+00, -1.1563157711354148e-01, -2.2827752229006251e+00, -4.1740707405323491e+01,  0.0000000000000000e+00
 1.2187812187812188e+00,  6.3375069562510532e+02, -1.9688570703679420e-01,  2.7684561249461172e+01, -1.8773464903169737e-02,  8.7932831597820366e-02,  4.6239315052485153e-01,  7.7316560500733488e+02, -1.7855310330375391e+00, -1.5001573395562229e+04,  1.0021577791339825e+01,  2.6485170937776186e+00,  6.4735009379984709e-01,  9.2535468111315609e-03,  2.0984771329888133e-02, -5.6263517055372203e-01,  2.7433066213374402e-01, -8.8911848010758843e-03, -7.1438699713652380e-03,  3.1208226206978993e+00,  0.0000000000000000e+00, -1.2700259939110989e-01, -8.6150315651112059e+00, -5.3698562799728386e+01,  0.0000000000000000e+00
 1.2287712287712287e+00,  6.3375063799047007e+02, -1.9226029099242242e-01,  2.7676835790220384e+01, -1.8989284870598647e-02,  8.7086716403537962e-02,  4.6313359734137222e-01,  7.7950278371806996e+02, -1.7636833692859535e+00, -1.5001594267414521e+04,  1.0021607936481901e+01,  2.6486005462119486e+00,  6.5206417281198148e-01,  9.1583863374111504e-03,  2.0483512631873934e-02, -5.3413768772366543e-01,  2.7433066213374402e-01, -1.0235741755666931e-02, -9.0586291484862261e-02,  2.6967729278285284e+00,  0.0000000000000000e+00, -1.4217770291801793e-01, -8.0901412218909048e+00, -3.1196185712719725e+01,  0.0000000000000000e+00
 1.2387612387612388e+00,  6.3375057830381684e+02, -1.8765382536212358e-01,  2.7669086434571714e+01, -1.9188893749837312e-02,  8.6165436299189491e-02,  4.6348638073087334e-01,  7.8583995607458075e+02, -1.7412559793393898e+00, -1.5001615212544637e+04,  1.0021636175175461e+01,  2.6486741893490233e+00,  6.5678212013338655e-01,  9.0490364863430109e-03,  1.9174855416104673e-02, -5.0875359357413108e-01,  2.7433066213374402e-01, -1.1684891791354776e-02, -1.8512627827155181e-01,  2.3089164296923448e+00,  0.0000000000000000e+00, -1.4794213422668850e-01, -1.0836764132804353e+01, -4.6452685214143742e+01,  0.0000000000000000e+00
 1.2487512487512487e+00,  6.3375051656231665e+02, -1.8303457559697583e-01,  2.7661331791004621e+01, -1.9370957773444282e-02,  8.5322985397750475e-02,  4.6353135321377648e-01,  7.9217712201140455e+02, -1.7182485902640792e+00, -1.5001636230079685e+04,  1.0021662515621120e+01,  2.6487385950934250e+00,  6.6150020234079443e-01,  8.9249219659555106e-03,  1.6784685893181592e-02, -4.8800549132621601e-01,  2.7433066213374402e-01, -1.3031219264349596e-02, -2.6201662304908901e-01,  1.7549594599048954e+00,  0.0000000000000000e+00, -1.2159262586687473e-01, -4.5566828916586148e+00, -6.4449500137303659e+01,  0.0000000000000000e+00
 1.2587412587412588e+00,  6.3375045132362209e+02, -1.7840291512523401e-01,  2.7653617686980365e+01, -1.9539926603763084e-02,  8.4728165292067073e-02,  4.6345958888892386e-01,  7.9851428147860645e+02, -1.6946611768587416e+00, -1.5001657318920186e+04,  1.0021687027518334e+01,  2.6487957866824701e+00,  6.6621666915960576e-01,  8.7886724650772848e-03,  1.3939758052486513e-02, -4.7368946850110621e-01,  2.7433066213374402e-01, -1.4029881384598705e-02, -3.6521596305845361e-01,  1.2732320359336504e+00,  0.0000000000000000e+00, -7.8339530606996971e-02, -1.6103824978216188e+01, -3.1992330141740183e+01,  0.0000000000000000e+00
 1.2687312687312686e+00,  6.3375038062685564e+02, -1.7375882565087108e-01,  2.7646013230374201e+01, -1.9697423235195560e-02,  8.4574236258260674e-02,  4.6334057721779343e-01,  8.0485143443761899e+02, -1.6704939165698258e+00, -1.5001678477739504e+04,  1.0021709816439946e+01,  2.6488491238561958e+00,  6.7093135387333735e-01,  8.6446046555739182e-03,  9.4876636542514537e-03, -4.6256628980906017e-01,  2.7433066213374402e-01, -1.4576442213380314e-02, -4.0445845558044258e-01,  9.4009188595996074e-01,  0.0000000000000000e+00, -3.1081947315081137e-02,  8.2474779753140037e+00, -3.4702327882992527e+01,  0.0000000000000000e+00
 1.2787212787212787e+00,  6.3375030105004669e+02, -1.6910448379377330e-01,  2.7638597128602509e+01, -1.9846253425620162e-02,  8.4966136317435617e-02,  4.6321987091900679e-01,  8.1118858086556747e+02, -1.6457471084968933e+00, -1.5001699704884677e+04,  1.0021731010689377e+01,  2.6489038065034491e+00,  6.7564493202729703e-01,  8.4974348584163396e-03,  5.8586700289012510e-03, -4.5490641383657154e-01,  2.7433066213374402e-01, -1.4674632668191651e-02, -3.0444875230364549e-01,  7.6386469193713447e-01,  0.0000000000000000e+00,  1.1424218261818563e-02,  1.1774464620699842e+01, -5.7835636037558957e-01,  0.0000000000000000e+00
 1.2887112887112888e+00,  6.3375020910233195e+02, -1.6445472223210741e-01,  2.7631407098400828e+01, -1.9989569477715290e-02,  8.5766753684431249e-02,  4.6318104716120018e-01,  8.1752572072927251e+02, -1.6204211399581625e+00, -1.5001720998727415e+04,  1.0021750731211187e+01,  2.6489644971805353e+00,  6.8035873753943921e-01,  8.3514052016639920e-03,  3.4047715003323988e-03, -4.4730425800212426e-01,  2.7433066213374402e-01, -1.4375447410872039e-02, -1.3898758277306197e-01,  8.2586299706135380e-01,  0.0000000000000000e+00,  4.8472670253600046e-02,  2.1350861519323395e+01,  1.2990417046242602e+01,  0.0000000000000000e+00
 1.2987012987012987e+00,  6.3375010219155627e+02, -1.5982427716045491e-01,  2.7624457324046205e+01, -2.0127162127126872e-02,  8.6819214211369733e-02,  4.6325485309600350e-01,  8.2386285397598772e+02, -1.5945164408435268e+00, -1.5001742357833764e+04,  1.0021769102773675e+01,  2.6490343664811173e+00,  6.8507445676199086e-01,  8.2102131319253899e-03,  3.0816953481207932e-03, -4.3840565465452652e-01,  2.7433066213374402e-01, -1.3757457711363207e-02,  6.6362453177153502e-02,  8.6166795092252046e-01,  0.0000000000000000e+00,  7.5248867588068424e-02,  1.9760215677909763e+01, -5.8222652832370336e+00,  0.0000000000000000e+00
 1.3086913086913088e+00,  6.3374998136943270e+02, -1.5523733330756814e-01,  2.7617704441858628e+01, -2.0262017670768455e-02,  8.7769260980173180e-02,  4.6351044161613386e-01,  8.3019998053314168e+02, -1.5680334257185606e+00, -1.5001763781169351e+04,  1.0021786241154457e+01,  2.6491139043628023e+00,  6.8979375828646283e-01,  8.0765309217166754e-03,  4.7306946407350654e-03, -4.3008811512654943e-01,  2.7433066213374402e-01, -1.2931530361132615e-02,  9.5635831267238305e-02,  7.6666572650132092e-01,  0.0000000000000000e+00,  9.0101787928095936e-02, -1.3899685384274781e+01, -1.3197180045887121e+01,  0.0000000000000000e+00
 1.3186813186813187e+00,  6.3374985106584734e+02, -1.5070607124128305e-01,  2.7611126846488304e+01, -2.0393510507532644e-02,  8.8598962263761641e-02,  4.6389254710151206e-01,  8.3653710033962443e+02, -1.5409724738900146e+00, -1.5001785268030324e+04,  1.0021802237809798e+01,  2.6492013538606956e+00,  6.9451813082704572e-01,  7.9518408969377254e-03,  4.9925011676460332e-03, -4.2308765812103361e-01,  2.7433066213374402e-01, -1.2039898352484592e-02,  4.4889392473896610e-02,  5.9695129006240488e-01,  0.0000000000000000e+00,  8.8402940203238439e-02,  3.7402483378477664e+00, -2.0779650129183871e+01,  0.0000000000000000e+00
 1.3286713286713288e+00,  6.3374971340715194e+02, -1.4622250231267447e-01,  2.7604709184177814e+01, -2.0519578841268964e-02,  8.9322079194171247e-02,  4.6428311637882597e-01,  8.4287421335819829e+02, -1.5133338135343992e+00, -1.5001806817685576e+04,  1.0021817160534985e+01,  2.6492955953306176e+00,  6.9924792886443021e-01,  7.8359735120766237e-03,  5.6275855992544777e-03, -4.1816101642400388e-01,  2.7433066213374402e-01, -1.1223038786437062e-02,  7.7574632020740844e-02,  4.1208662895759179e-01,  0.0000000000000000e+00,  7.5132344919477193e-02,  2.8033366194304512e+00, -1.6230255023999732e+01,  0.0000000000000000e+00
 1.3386613386613386e+00,  6.3374956883900131e+02, -1.4178587050866781e-01,  2.7598423476348120e+01, -2.0641967757036087e-02,  8.9863891759504877e-02,  4.6467673822323707e-01,  8.4921131954727502e+02, -1.4851175747247085e+00, -1.5001828429489160e+04,  1.0021831044382516e+01,  2.6493951543942869e+00,  7.0398278155998006e-01,  7.7276043577481739e-03,  6.5424438653631321e-03, -4.1485415904096185e-01,  2.7433066213374402e-01, -1.0521535428163448e-02,  6.1766582741892589e-02,  4.2088504599487092e-01,  0.0000000000000000e+00,  6.5308627406900382e-02, -5.9681080850558716e+00,  1.7991698114863006e+01,  0.0000000000000000e+00
 1.3486513486513487e+00,  6.3374941726816110e+02, -1.3740401584064268e-01,  2.7592261196289751e+01, -2.0761095194131531e-02,  9.0288677927714514e-02,  4.6511903074690386e-01,  8.5554841885605470e+02, -1.4563239070520511e+00, -1.5001850102821480e+04,  1.0021843917947024e+01,  2.6494984056627984e+00,  7.0872249496484274e-01,  7.6257530240014301e-03,  6.8616831565350483e-03, -4.0975172479573474e-01,  2.7433066213374402e-01, -9.8339843182814243e-03,  8.8011186705718905e-02,  6.1011431717450626e-01,  0.0000000000000000e+00,  7.2339104791480799e-02,  1.1222277798613902e+01,  1.9892001975300015e+01,  0.0000000000000000e+00
 1.3586413586413586e+00,  6.3374925808104263e+02, -1.3309945990401234e-01,  2.7586214731939450e+01, -2.0877628362059079e-02,  9.0617265605469566e-02,  4.6570848064793119e-01,  8.6188551122588854e+02, -1.4269530696430217e+00, -1.5001871836984408e+04,  1.0021855847275713e+01,  2.6496042482564790e+00,  7.1346774903253496e-01,  7.5311211545857079e-03,  8.3009091342086637e-03, -4.0266406279371897e-01,  2.7433066213374402e-01, -9.0183644848956558e-03,  2.6625470049483768e-01,  8.1165336151416512e-01,  0.0000000000000000e+00,  9.0947985852350047e-02,  2.4462073661967693e+01,  2.0456114701499711e+01,  0.0000000000000000e+00
 1.3686313686313687e+00,  6.3374909190692688e+02, -1.2890745053128810e-01,  2.7580233236365132e+01, -2.0992843298753953e-02,  9.0655199667304620e-02,  4.6655246054227195e-01,  8.6822259658541520e+02, -1.3970054298337518e+00, -1.5001893631444063e+04,  1.0021866929228469e+01,  2.6497105538550279e+00,  7.1822015634886305e-01,  7.4455659214061123e-03,  1.2181457392196138e-02, -3.9353487441583135e-01,  2.7433066213374402e-01, -8.0089223373255216e-03,  4.9305323792936828e-01,  7.9060224964287029e-01,  0.0000000000000000e+00,  1.1114233209119093e-01,  2.0942993532425348e+01, -2.4670547298132952e+01,  0.0000000000000000e+00
 1.3786213786213786e+00,  6.3374891982034296e+02, -1.2487277207818465e-01,  2.7574233537538998e+01, -2.1109989320518417e-02,  9.0144106375987965e-02,  4.6774271972604226e-01,  8.7455967484244991e+02, -1.3664814227668347e+00, -1.5001915486048332e+04,  1.0021877267965989e+01,  2.6498126104094504e+00,  7.2298197283675991e-01,  7.3711027262675158e-03,  1.8152122679250982e-02, -3.8686781404960568e-01,  2.7433066213374402e-01, -6.8274889446492907e-03,  5.4096914248716887e-01,  6.9757904635643719e-01,  0.0000000000000000e+00,  1.2538063312259065e-01, -1.1350229439953651e+01,  6.0473020001890401e+00,  0.0000000000000000e+00
 1.3886113886113887e+00,  6.3374874389881677e+02, -1.2103432604091745e-01,  2.7568135972073655e+01, -2.1228548266084744e-02,  8.9007830507064650e-02,  4.6927813717657135e-01,  8.8089674588170806e+02, -1.3353814962299879e+00, -1.5001937400925070e+04,  1.0021886954091753e+01,  2.6499036894736023e+00,  7.2775561446073200e-01,  7.3091525558786541e-03,  2.2990031667664043e-02, -3.7959723113198646e-01,  2.7433066213374402e-01, -5.5250352456486847e-03,  2.5359079094918630e-01,  6.5287893390516261e-01,  0.0000000000000000e+00,  1.3537059741733073e-01, -4.6182916537950497e+01, -1.4996264512934221e+01,  0.0000000000000000e+00
 1.3986013986013985e+00,  6.3374856834332957e+02, -1.1740251496542299e-01,  2.7561930867486264e+01, -2.1342569452018859e-02,  8.7591609450153651e-02,  4.7099166883782356e-01,  8.8723380959687893e+02, -1.3037060341262623e+00, -1.5001959376024444e+04,  1.0021896090201810e+01,  2.6499784976376146e+00,  7.3254298684174191e-01,  7.2607124116691405e-03,  2.3218871749164791e-02, -3.7382327990564640e-01,  2.7433066213374402e-01, -4.1908958242040384e-03, -8.7586468814072213e-02,  5.0192602213588555e-01,  0.0000000000000000e+00,  1.3172411475588766e-01, -2.2120770866653892e+01, -1.5224508423275063e+01,  0.0000000000000000e+00
 1.4085914085914086e+00,  6.3374839615179746e+02, -1.1395560012252098e-01,  2.7555658924743195e+01, -2.1446816451405695e-02,  8.6281641508821755e-02,  4.7265864564334792e-01,  8.9357086593260181e+02, -1.2714552377619166e+00, -1.5001981410720084e+04,  1.0021904775945240e+01,  2.6500363758544880e+00,  7.3734452004313378e-01,  7.2254183735768751e-03,  2.1240052270779484e-02, -3.6956873918121952e-01,  2.7433066213374402e-01, -2.9485245327383835e-03, -3.3506032606910119e-01,  3.6611307056833114e-01,  0.0000000000000000e+00,  1.1699861779553661e-01, -2.7423495355802938e+01, -1.1965244480549336e+01,  0.0000000000000000e+00
 1.4185814185814185e+00,  6.3374822666716329e+02, -1.1067203325855228e-01,  2.7549375750380396e+01, -2.1540997299328558e-02,  8.5313784718390837e-02,  4.7419343527404567e-01,  8.9990791485961142e+02, -1.2386291804882168e+00, -1.5002003504021062e+04,  1.0021913089001538e+01,  2.6500796091929493e+00,  7.4215961509539807e-01,  7.2018008325934486e-03,  1.6524359739792143e-02, -3.6650833344074468e-01,  2.7433066213374402e-01, -1.8366419493522611e-03, -4.7707550267334858e-01,  2.8192883159642157e-01,  0.0000000000000000e+00,  1.0560027539836517e-01, -1.0079430003673941e+00, -4.8884401616269653e+00,  0.0000000000000000e+00
 1.4285714285714286e+00,  6.3374805794060842e+02, -1.0753230168386266e-01,  2.7543165519063535e+01, -2.1625880352048842e-02,  8.4905840020476145e-02,  4.7556844321242331e-01,  9.0624495636867357e+02, -1.2052279464795075e+00, -1.5002025654554691e+04,  1.0021921102281270e+01,  2.6501131655195036e+00,  7.4698769292588707e-01,  7.1887222307326741e-03,  1.1708074195387910e-02, -3.6393579549297933e-01,  2.7433066213374402e-01, -8.6221147222937332e-04, -4.0447423449309278e-01,  1.4518070234778208e-01,  0.0000000000000000e+00,  8.9480706121637055e-02,  1.5542716890054606e+01, -2.2488535313950674e+01,  0.0000000000000000e+00
 1.4385614385614385e+00,  6.3374788752677921e+02, -1.0451203359101506e-01,  2.7537062529246160e+01, -2.1702812024508945e-02,  8.4920069719032348e-02,  4.7675077083123107e-01,  9.1258199045290826e+02, -1.1712515785166302e+00, -1.5002047860918283e+04,  1.0021928865147617e+01,  2.6501423207579968e+00,  7.5182785805578911e-01,  7.1845738301513033e-03,  8.4429564532168665e-03, -3.6360762010712266e-01,  2.7433066213374402e-01, -7.5859644446606316e-05, -3.0100793396365616e-01, -1.0861858425359541e-01,  0.0000000000000000e+00,  6.7946929800472969e-02,  5.1712364759386249e+00, -2.8322081863645124e+01,  0.0000000000000000e+00
 1.4485514485514486e+00,  6.3374771339680569e+02, -1.0160180027454314e-01,  2.7531099373729315e+01, -2.1777626791392290e-02,  8.5268923412645400e-02,  4.7781217659540492e-01,  9.1891901709707884e+02, -1.1367001122575535e+00, -1.5002070121891242e+04,  1.0021936386017746e+01,  2.6501709776033469e+00,  7.5667918617518737e-01,  7.1872065535209537e-03,  5.6939296606495276e-03, -3.6610599697656765e-01,  2.7433066213374402e-01,  5.0808798544003096e-04, -2.2380769345935603e-01, -4.9660870583202071e-01,  0.0000000000000000e+00,  4.8959385702831863e-02,  1.0284251673022283e+01, -4.9353540476355654e+01,  0.0000000000000000e+00
 1.4585414585414584e+00,  6.3374753337374307e+02, -9.8799272234523602e-02,  2.7525298385206945e+01, -2.1857101403047478e-02,  8.5861010252052936e-02,  4.7881256031017444e-01,  9.2525603627976716e+02, -1.1015736698881435e+00, -1.5002092436326462e+04,  1.0021943637816181e+01,  2.6502021891294492e+00,  7.6154142209544951e-01,  7.1947254382520032e-03,  3.9712742662167486e-03, -3.7352987197189830e-01,  2.7433066213374402e-01,  8.8520963740636876e-04, -1.3882661024964729e-01, -8.3013468435476268e-01,  0.0000000000000000e+00,  2.6540369020829020e-02,  6.7289611855614107e+00, -1.7418360423897330e+01,  0.0000000000000000e+00
 1.4685314685314685e+00,  6.3374734558841237e+02, -9.6102360337004616e-02,  2.7519667315174576e+01, -2.1944297698758539e-02,  8.6605403509381132e-02,  4.7977932511340082e-01,  9.3159304796385118e+02, -1.0658723940249948e+00, -1.5002114803220480e+04,  1.0021950549463094e+01,  2.6502379409527630e+00,  7.6641451184562814e-01,  7.2048930597628392e-03,  2.9201712141031294e-03, -3.8269210455608338e-01,  2.7433066213374402e-01,  1.0647010960822035e-03, -7.6668783750461086e-02, -1.0024896323845860e+00,  0.0000000000000000e+00,  9.3938210060730883e-03,  5.7150356795756769e+00, -1.7087100171673292e+01,  0.0000000000000000e+00
 1.4785214785214784e+00,  6.3374714902542837e+02, -9.3515358389169356e-02,  2.7514208934288494e+01, -2.2039625477935677e-02,  8.7439719834984761e-02,  4.8075925224003463e-01,  9.3793005210037700e+02, -1.0295964473180936e+00, -1.5002137221691757e+04,  1.0021957045851687e+01,  2.6502794359363082e+00,  7.7129861860020588e-01,  7.2159981874244748e-03,  2.4394304350387058e-03, -3.9355963485670520e-01,  2.7433066213374402e-01,  1.1204102331777638e-03, -3.1930311990955092e-02, -1.1788056818434214e+00,  0.0000000000000000e+00,  1.7591482404580956e-03,  3.2416063666774257e+00, -1.8211372929985576e+01,  0.0000000000000000e+00
 1.4885114885114885e+00,  6.3374694316673344e+02, -9.1048418756003224e-02,  2.7508925973791730e+01, -2.2143295285629326e-02,  8.8329319398315148e-02,  4.8180193801836968e-01,  9.4426704863511100e+02, -9.9274603301169428e-01, -1.5002159690949478e+04,  1.0021963065298475e+01,  2.6503272975982859e+00,  7.7619428617825181e-01,  7.2272788786075497e-03,  2.2822029425555754e-03, -4.0624466563187600e-01,  2.7433066213374402e-01,  1.1323020909962522e-03,  5.1045747315516657e-02, -1.2713388289146128e+00,  0.0000000000000000e+00,  6.2160169480577243e-04,  1.3370200706478045e+01, -3.1376311366980791e-01,  0.0000000000000000e+00
 1.4985014985014986e+00,  6.3374672802948498e+02, -8.8710269051945428e-02,  2.7503811619054307e+01, -2.2253739545249469e-02,  8.9197839553757721e-02,  4.8291363542459270e-01,  9.5060403751158458e+02, -9.5532137858794852e-01, -1.5002182210260973e+04,  1.0021968559666655e+01,  2.6503816884592450e+00,  7.8110227630689144e-01,  7.2386216058259985e-03,  3.4593254862977907e-03, -4.1896101005979464e-01,  2.7433066213374402e-01,  1.1093466313361452e-03,  1.9305620468664625e-01, -1.4093563818470616e+00,  0.0000000000000000e+00, -5.2172847187616882e-03,  1.5060292859221702e+01, -2.7317350983403589e+01,  0.0000000000000000e+00
 1.5084915084915085e+00,  6.3374650474999817e+02, -8.6500054590125913e-02,  2.7498822887817607e+01, -2.2367857032823509e-02,  8.9857052447794336e-02,  4.8404537691516120e-01,  9.5694101866732206e+02, -9.1732263577369355e-01, -1.5002204779101563e+04,  1.0021973482696160e+01,  2.6504413727068856e+00,  7.8602279364270666e-01,  7.2494436464664138e-03,  6.1394697694615924e-03, -4.3440363430014894e-01,  2.7433066213374402e-01,  9.7589686555958144e-04,  3.3891545780675114e-01, -1.7164985684964196e+00,  0.0000000000000000e+00, -2.1499358389706402e-02,  1.4140729615423316e+01, -3.4172514783797922e+01,  0.0000000000000000e+00
 1.5184815184815186e+00,  6.3374627464362015e+02, -8.4412242464937032e-02,  2.7493897164335852e+01, -2.2484807274311944e-02,  9.0136269292645274e-02,  4.8515661915609337e-01,  9.6327799202812730e+02, -8.7874983754798819e-01, -1.5002227397235134e+04,  1.0021977770482206e+01,  2.6505034583935063e+00,  7.9095521304033856e-01,  7.2581200446983178e-03,  1.0230863104814294e-02, -4.5325668575402878e-01,  2.7433066213374402e-01,  6.5908593647950810e-04,  4.1220012912429965e-01, -1.9235897280375778e+00,  0.0000000000000000e+00, -4.1926189612124319e-02,  5.3086158234988401e-01, -7.2871353563419810e+00,  0.0000000000000000e+00
 1.5284715284715285e+00,  6.3374603912867940e+02, -8.2443583964853656e-02,  2.7488970152785370e+01, -2.2603037212993296e-02,  8.9939023313115318e-02,  4.8624246656939851e-01,  9.6961495750590825e+02, -8.3960294855877438e-01, -1.5002250064664477e+04,  1.0021981346449461e+01,  2.6505636483200061e+00,  7.9589846203602244e-01,  7.2626121966458245e-03,  1.4375236585131910e-02, -4.7283699549970093e-01,  2.7433066213374402e-01,  1.7848814165311529e-04,  3.2756678693780700e-01, -2.1361694269466622e+00,  0.0000000000000000e+00, -5.4289488912119571e-02, -1.7474456688085706e+01, -3.5271320365256685e+01,  0.0000000000000000e+00
 1.5384615384615385e+00,  6.3374580080580802e+02, -8.0593579065959764e-02,  2.7484010567238649e+01, -2.2721372806394611e-02,  8.9373151998571279e-02,  4.8732132544414847e-01,  9.7595191501156046e+02, -7.9988193516710560e-01, -1.5002272781388121e+04,  1.0021984158568580e+01,  2.6506176609290422e+00,  8.0085148503786419e-01,  7.2616862413347437e-03,  1.6775654052622622e-02, -4.9593739358513089e-01,  2.7433066213374402e-01, -3.5641492173275435e-04,  2.0086338824451916e-01, -2.2761215826581531e+00,  0.0000000000000000e+00, -5.2798104377731588e-02, -7.8915637303105299e+00,  7.2528987918161167e+00,  0.0000000000000000e+00
 1.5484515484515484e+00,  6.3374556192448119e+02, -7.8865220413126963e-02,  2.7479005597559588e+01, -2.2837897693535222e-02,  8.8566638892006111e-02,  4.8840955824182064e-01,  9.8228886447602292e+02, -7.5958684561318290e-01, -1.5002295547184673e+04,  1.0021986190887983e+01,  2.6506625868145597e+00,  8.0581383712132704e-01,  7.2554910193884268e-03,  1.8388491095511911e-02, -5.1831395019816551e-01,  2.7433066213374402e-01, -8.4003845451990141e-04,  9.8058936320807255e-02, -2.1257171837316462e+00,  0.0000000000000000e+00, -4.4023326886255307e-02, -1.2689887544816603e+01,  2.2858061873270593e+01,  0.0000000000000000e+00
 1.5584415584415585e+00,  6.3374532362115940e+02, -7.7247125845445685e-02,  2.7473946809206780e+01, -2.2945192161576800e-02,  8.7628301344751247e-02,  4.8943604986152062e-01,  9.8862580583795079e+02, -7.1871771067868040e-01, -1.5002318361691800e+04,  1.0021987476396637e+01,  2.6506965888767131e+00,  8.1078492460144835e-01,  7.2449022562294510e-03,  1.8734873559531857e-02, -5.3840926538796097e-01,  2.7433066213374402e-01, -1.2193781389688205e-03, -6.0979174398466111e-02, -1.9582262635510164e+00,  0.0000000000000000e+00, -3.1920477940418336e-02, -1.9149542221181939e+01,  1.0673620346891543e+01,  0.0000000000000000e+00
 1.5684315684315684e+00,  6.3374508626846830e+02, -7.5726220938120592e-02,  2.7468852954607264e+01, -2.3040295044487482e-02,  8.6728037557870605e-02,  4.9037159983874784e-01,  9.9496273904379746e+02, -6.7727451972196528e-01, -1.5002341224360827e+04,  1.0021988089650561e+01,  2.6507192851372188e+00,  8.1576380335903897e-01,  7.2311278198086302e-03,  1.7170125972665436e-02, -5.5743935006931467e-01,  2.7433066213374402e-01, -1.4233243291007485e-03, -2.6146180286941584e-01, -1.8102410035178473e+00,  0.0000000000000000e+00, -8.9095493239936679e-03, -2.0987079998702228e+01,  1.8953028711748896e+01,  0.0000000000000000e+00
 1.5784215784215785e+00,  6.3374484981487080e+02, -7.4303876977596162e-02,  2.7463782076794914e+01, -2.3124055122439372e-02,  8.6114959025501828e-02,  4.9128380861919119e-01,  1.0012996640573542e+03, -6.3525735438713593e-01, -1.5002364134308717e+04,  1.0021988139776838e+01,  2.6507323845263464e+00,  8.2075016434060832e-01,  7.2164642076959695e-03,  1.3510861514188887e-02, -5.7457791680689896e-01,  2.7433066213374402e-01, -1.3270905938035449e-03, -3.7409362285583952e-01, -1.7298278859751979e+00,  0.0000000000000000e+00,  2.8175543130493846e-02, -1.5618103625798112e+00, -2.8543225797104466e+00,  0.0000000000000000e+00
 1.5884115884115884e+00,  6.3374461347357703e+02, -7.2989417190824260e-02,  2.7458795663441553e+01, -2.3198275974245581e-02,  8.5934330484799315e-02,  4.9223748181417859e-01,  1.0076365808651043e+03, -5.9266644812843650e-01, -1.5002387090347709e+04,  1.0021987775330242e+01,  2.6507395928086606e+00,  8.2574484937955106e-01,  7.2046125232291388e-03,  9.6957279136077063e-03, -5.9200134579309482e-01,  2.7433066213374402e-01, -8.6742577731919893e-04, -3.4980531477895149e-01, -1.7230821320275433e+00,  0.0000000000000000e+00,  6.3849353129672271e-02,  6.4243296395728215e+00,  4.2048225200308780e+00,  0.0000000000000000e+00
 1.5984015984015985e+00,  6.3374437513603368e+02, -7.1793647216584738e-02,  2.7453932348857894e+01, -2.3264897992754677e-02,  8.6140281325260443e-02,  4.9326835669087155e-01,  1.0139734894560689e+03, -5.4950209694843510e-01, -1.5002410091264306e+04,  1.0021987148800850e+01,  2.6507448856745905e+00,  8.3074922624331393e-01,  7.1991330233339475e-03,  6.5217443357882612e-03, -6.0900513223202468e-01,  2.7433066213374402e-01, -7.6324203642468038e-05, -2.5414837633064952e-01, -1.6769116672349440e+00,  0.0000000000000000e+00,  9.4529181920409308e-02,  1.2726189437777254e+01,  5.0385045314475185e+00,  0.0000000000000000e+00
 1.6083916083916083e+00,  6.3374413281820102e+02, -7.0734577584373931e-02,  2.7449216197063549e+01, -2.3326198276417916e-02,  8.6635151984769773e-02,  4.9443141441685851e-01,  1.0203103898078811e+03, -5.0576463071874467e-01, -1.5002433135956991e+04,  1.0021986407951669e+01,  2.6507514408952155e+00,  8.3576496433894931e-01,  7.2030875641154032e-03,  4.6178382766316950e-03, -6.2550607440917760e-01,  2.7433066213374402e-01,  9.8697232432262846e-04, -1.1073582686254430e-01, -1.6063697180497132e+00,  0.0000000000000000e+00,  1.1834278297820308e-01,  1.5985002965737431e+01,  9.0839936954356997e+00,  0.0000000000000000e+00
 1.6183816183816184e+00,  6.3374388558933470e+02, -6.9833365026292810e-02,  2.7444646678246787e+01, -2.3385304733632636e-02,  8.7267125781047464e-02,  4.9576056299319510e-01,  1.0266472818847421e+03, -4.6145440443262625e-01, -1.5002456223526335e+04,  1.0021985682729152e+01,  2.6507610748548487e+00,  8.4079399723981330e-01,  7.2188527500936404e-03,  4.3092403025705942e-03, -6.4110043129395700e-01,  2.7433066213374402e-01,  2.1991510196189062e-03,  6.5510135992053978e-02, -1.6598727473399699e+00,  0.0000000000000000e+00,  1.2433539182011188e-01,  1.9299438797753158e+01, -1.9795300159345089e+01,  0.0000000000000000e+00
 1.6283716283716283e+00,  6.3374363354559136e+02, -6.9094018562701892e-02,  2.7440194130172433e+01, -2.3442795044615539e-02,  8.7840517765920098e-02,  4.9716836591273739e-01,  1.0329841656379679e+03, -4.1657169318437298e-01, -1.5002479353352537e+04,  1.0021985057329523e+01,  2.6507739609581429e+00,  8.4583773161600773e-01,  7.2470266454264702e-03,  5.9267321026467588e-03, -6.5867036506532084e-01,  2.7433066213374402e-01,  3.3230405544749223e-03,  1.7717901063750860e-01, -1.8441949069355035e+00,  0.0000000000000000e+00,  1.0066729305806259e-01,  3.0566699062668641e+00, -1.7105996191680774e+01,  0.0000000000000000e+00
 1.6383616383616384e+00,  6.3374337711168641e+02, -6.8504446735597774e-02,  2.7435821030826709e+01, -2.3500444357404452e-02,  8.8237367439248870e-02,  4.9854354464130385e-01,  1.0393210410060990e+03, -3.7111656650954322e-01, -1.5002502525105499e+04,  1.0021984532087838e+01,  2.6507887466941620e+00,  8.5089606742597002e-01,  7.2852471667664660e-03,  7.8492804751481866e-03, -6.7794748238157942e-01,  2.7433066213374402e-01,  4.1520300755210991e-03,  1.8529986342463095e-01, -1.8811296853284758e+00,  0.0000000000000000e+00,  6.5296409055382074e-02, -1.4308751782849678e+00,  9.7116535574077236e+00,  0.0000000000000000e+00
 1.6483516483516483e+00,  6.3374311658167494e+02, -6.8052201583050767e-02,  2.7431508736501168e+01, -2.3558170355032496e-02,  8.8468393320843552e-02,  4.9983759364974040e-01,  1.0456579079219810e+03, -3.2508898570518086e-01, -1.5002525738527031e+04,  1.0021984058085025e+01,  2.6508038408030390e+00,  8.5596809692546683e-01,  7.3299842892930256e-03,  9.6290270761658567e-03, -6.9625537376319246e-01,  2.7433066213374402e-01,  4.6268923472224336e-03,  1.7553691512961028e-01, -1.8425893650828262e+00,  0.0000000000000000e+00,  2.9771017739225226e-02, -5.2366707037817095e-01, -1.9958814442286743e+00,  0.0000000000000000e+00
 1.6583416583416584e+00,  6.3374285270233668e+02, -6.7720336616218887e-02,  2.7427238167307497e+01, -2.3615261891298055e-02,  8.8515287862814832e-02,  5.0100580630584612e-01,  1.0519947663186581e+03, -2.7848885932719025e-01, -1.5002548993337919e+04,  1.0021983572100671e+01,  2.6508177242336255e+00,  8.6105246445589778e-01,  7.3776925683093717e-03,  1.1356511546668870e-02, -7.1476245471090660e-01,  2.7433066213374402e-01,  4.7556729308087763e-03,  1.4247302625240574e-01, -1.8518336463469034e+00,  0.0000000000000000e+00, -3.9891449052394182e-03, -6.0957234828381814e+00,  1.4517633516044542e-01,  0.0000000000000000e+00
 1.6683316683316682e+00,  6.3374258604174054e+02, -6.7491141534935919e-02,  2.7422996802926445e+01, -2.3670798923333809e-02,  8.8413190068856395e-02,  5.0202958368407957e-01,  1.0583316161307673e+03, -2.3131605799532437e-01, -1.5002572289224927e+04,  1.0021983002081708e+01,  2.6508289669227620e+00,  8.6614747219065680e-01,  7.4250027294690251e-03,  1.2475640987302833e-02, -7.3325504701687683e-01,  2.7433066213374402e-01,  4.6007349935252139e-03,  9.0034065106406241e-02, -1.9867669524072420e+00,  0.0000000000000000e+00, -2.7029430138929916e-02, -4.4025565385909209e+00, -2.7158824208440251e+01,  0.0000000000000000e+00
 1.6783216783216783e+00,  6.3374231675873204e+02, -6.7353477420573876e-02,  2.7418782701211363e+01, -2.3725260770360437e-02,  8.8226656023718195e-02,  5.0293834087619083e-01,  1.0646684572952686e+03, -1.8357047870448431e-01, -1.5002595625781267e+04,  1.0021982291201560e+01,  2.6508366945491502e+00,  8.7125160395061418e-01,  7.4696153454027825e-03,  1.3155393966377285e-02, -7.5445809811564668e-01,  2.7433066213374402e-01,  4.2569716988366613e-03,  5.7327170953390044e-02, -2.3285858294573285e+00,  0.0000000000000000e+00, -4.1791981457718237e-02, -2.1453636708429253e+00, -4.1273314976987145e+01,  0.0000000000000000e+00
 1.6883116883116882e+00,  6.3374204493511616e+02, -6.7303202582795194e-02,  2.7414593720246078e+01, -2.3782957686776452e-02,  8.7983897418774812e-02,  5.0378222103735348e-01,  1.0710052897503233e+03, -1.3525208253123028e-01, -1.5002619002528540e+04,  1.0021981380482760e+01,  2.6508404177457541e+00,  8.7636384101160658e-01,  7.5100571090661612e-03,  1.3621039008349586e-02, -7.7978023841462563e-01,  2.7433066213374402e-01,  3.7994488520548568e-03,  1.8014288105575711e-02, -2.5835117696285210e+00,  0.0000000000000000e+00, -4.9804092467999078e-02, -5.7250754752895068e+00, -9.7628582452856207e+00,  0.0000000000000000e+00
 1.6983016983016983e+00,  6.3374177127666701e+02, -6.7347816464182558e-02,  2.7410433284366757e+01, -2.3847945003661331e-02,  8.7726907313441821e-02,  5.0464665037825263e-01,  1.0773421134374178e+03, -8.6360918886829341e-02, -1.5002642418948857e+04,  1.0021980199467109e+01,  2.6508398057118403e+00,  8.8148387172060216e-01,  7.5455284093799025e-03,  1.3515319802652524e-02, -8.0607671489144128e-01,  2.7433066213374402e-01,  3.3285071502821193e-03, -3.1729185721680944e-02, -2.7308330719769343e+00,  0.0000000000000000e+00, -4.4478436226894673e-02, -4.2335679849272569e+00, -1.9730866484872355e+01,  0.0000000000000000e+00
 1.7082917082917084e+00,  6.3374149655710391e+02, -6.7500348289835352e-02,  2.7406310314927911e+01, -2.3920283755386639e-02,  8.7514894062174178e-02,  5.0558892278774714e-01,  1.0836789283074318e+03, -3.6897147882400241e-02, -1.5002665874461160e+04,  1.0021978701683812e+01,  2.6508348897261143e+00,  8.8661227405914411e-01,  7.5765607484324380e-03,  1.2987089243680630e-02, -8.3434233775482469e-01,  2.7433066213374402e-01,  2.9467006349438007e-03, -6.3316672272184557e-02, -2.9391475364717574e+00,  0.0000000000000000e+00, -3.1959228143843124e-02, -2.0902468224834059e+00, -2.1973689306984742e+01,  0.0000000000000000e+00
 1.7182817182817183e+00,  6.3374122095942096e+02, -6.7768521047353897e-02,  2.7402237365614383e+01, -2.3998295248206951e-02,  8.7405914978177623e-02,  5.0660335207376017e-01,  1.0900157343185952e+03,  1.3139035196982604e-02, -1.5002689368432637e+04,  1.0021976868576699e+01,  2.6508262771807591e+00,  8.9174995953157565e-01,  7.6044035469412172e-03,  1.2250251425585900e-02, -8.6480094139437347e-01,  2.7433066213374402e-01,  2.6876129036021105e-03, -7.0483936735531383e-02, -3.0322917888993133e+00,  0.0000000000000000e+00, -1.9910135670763305e-02,  6.5536047692137012e-01,  3.3262099709880286e+00,  0.0000000000000000e+00
 1.7282717282717284e+00,  6.3374094405259473e+02, -6.8155745779613322e-02,  2.7398225275674417e+01, -2.4079061398830391e-02,  8.7406030053538614e-02,  5.0766442845489801e-01,  1.0963525314313458e+03,  6.3747456359904628e-02, -1.5002712900213317e+04,  1.0021974696169670e+01,  2.6508149289034386e+00,  8.9689772064718964e-01,  7.6302593079449676e-03,  1.1578818779434249e-02, -8.9492758828228347e-01,  2.7433066213374402e-01,  2.5506527592252188e-03, -7.7479135750850858e-02, -2.9398648005486203e+00,  0.0000000000000000e+00, -7.5092852334904467e-03, -2.0557993197883282e+00,  1.5177673096820728e+01,  0.0000000000000000e+00
 1.7382617382617382e+00,  6.3374066518923041e+02, -6.8663415583351955e-02,  2.7394286179318335e+01, -2.4158577062662345e-02,  8.7520755206321202e-02,  5.0875195171528775e-01,  1.1026893196037254e+03,  1.1492797485916185e-01, -1.5002736469160296e+04,  1.0021972205750254e+01,  2.6508018492386092e+00,  9.0205610230893529e-01,  7.6553656400326301e-03,  1.0702216745249220e-02, -9.2353949884789233e-01,  2.7433066213374402e-01,  2.5422003647452731e-03, -6.7231859084160434e-02, -2.8420901350992218e+00,  0.0000000000000000e+00,  5.8171158586053859e-03,  4.1073041084597524e+00,  4.3968149261488421e+00,  0.0000000000000000e+00
 1.7482517482517483e+00,  6.3374038368050117e+02, -6.9290734231625281e-02,  2.7390431890732213e+01, -2.4234808392699484e-02,  8.7745952170597427e-02,  5.0984320839330521e-01,  1.1090260987917129e+03,  1.6668046909100961e-01, -1.5002760074618656e+04,  1.0021969443264483e+01,  2.6507881756491303e+00,  9.0722549951167519e-01,  7.6810525220257922e-03,  1.0235524891638837e-02, -9.5171260596658358e-01,  2.7433066213374402e-01,  2.6165931181429602e-03,  1.3240111255876829e-02, -2.8838653903775548e+00,  0.0000000000000000e+00,  9.0763133716115357e-03,  1.2003184353615714e+01, -1.2760221032871069e+01,  0.0000000000000000e+00
 1.7582417582417582e+00,  6.3374009914109729e+02, -7.0027247658722314e-02,  2.7386653829297355e+01, -2.4307237962692737e-02,  8.7977006485751588e-02,  5.1087635026570910e-01,  1.1153628689456471e+03,  2.1900488578825475e-01, -1.5002783716009308e+04,  1.0021966439296500e+01,  2.6507745845079844e+00,  9.1240577795922884e-01,  7.7076452228127092e-03,  1.0966754432679327e-02, -9.8115918696732396e-01,  2.7433066213374402e-01,  2.6512810883176506e-03,  1.0135984031397054e-01, -2.9573424332449365e+00,  0.0000000000000000e+00, -2.1317817426385350e-03,  5.6383854038146524e+00, -1.9498829491787333e+00,  0.0000000000000000e+00
 1.7682317682317683e+00,  6.3373981163907558e+02, -7.0857991190834371e-02,  2.7382931527346638e+01, -2.4375892279086122e-02,  8.8108984063559270e-02,  5.1180611358411632e-01,  1.1216996300073004e+03,  2.7190127360482702e-01, -1.5002807392903340e+04,  1.0021963187660608e+01,  2.6507607251108092e+00,  9.1759601049686101e-01,  7.7340251711430280e-03,  1.2260696526283602e-02, -1.0108003668705783e+00,  2.7433066213374402e-01,  2.5569226295563338e-03,  1.3432556524152783e-01, -2.8115494829251646e+00,  0.0000000000000000e+00, -1.6758781701377099e-02,  9.6135272668232019e-01,  3.1137631603197043e+01,  0.0000000000000000e+00
 1.7782217782217782e+00,  6.3373952143109750e+02, -7.1771653060866664e-02,  2.7379247034703223e+01, -2.4439840993981197e-02,  8.8107645536070145e-02,  5.1263458819944863e-01,  1.1280363819122692e+03,  3.2536972292067146e-01, -1.5002831104959329e+04,  1.0021959668239344e+01,  2.6507456145283697e+00,  9.2279494407099805e-01,  7.7587325880386099e-03,  1.3650581910032529e-02, -1.0373340018109836e+00,  2.7433066213374402e-01,  2.3510112140574606e-03,  1.1757810826825894e-01, -2.5095326911565285e+00,  0.0000000000000000e+00, -2.4464683681497307e-02, -4.3141936127307519e+00,  2.9326130108883948e+01,  0.0000000000000000e+00
 1.7882117882117883e+00,  6.3373922897454167e+02, -7.2760834733373483e-02,  2.7375586904079000e+01, -2.4497861867805476e-02,  8.7986449521287549e-02,  5.1338430074716701e-01,  1.1343731245932393e+03,  3.7941031188035695e-01, -1.5002854851859393e+04,  1.0021955878800979e+01,  2.6507281160721803e+00,  9.2800142575731581e-01,  7.7809984221731470e-03,  1.4609909478696366e-02, -1.0609408801803990e+00,  2.7433066213374402e-01,  2.1254581465270164e-03,  5.1845477595250801e-02, -2.2948016209576334e+00,  0.0000000000000000e+00, -2.0691040438097597e-02, -8.8454790480054832e+00,  1.3663030144934881e+01,  0.0000000000000000e+00
 1.7982017982017982e+00,  6.3373893492344416e+02, -7.3825418962361417e-02,  2.7371953930991918e+01, -2.4549784538946358e-02,  8.7831892811016943e-02,  5.1410416585462426e-01,  1.1407098579872179e+03,  4.3402306057331758e-01, -1.5002878633226101e+04,  1.0021951848719041e+01,  2.6507075541286671e+00,  9.3321476944758452e-01,  7.8011992842729160e-03,  1.4686455588259317e-02, -1.0831841840478993e+00,  2.7433066213374402e-01,  1.9838187183795286e-03, -2.5162772645129436e-02, -2.1688536665483249e+00,  0.0000000000000000e+00, -7.6651730770294574e-03, -6.5715726501186458e+00,  1.1551750327808696e+01,  0.0000000000000000e+00
 1.8081918081918082e+00,  6.3373863976159680e+02, -7.4970549164507613e-02,  2.7368361091170005e+01, -2.4597562451410922e-02,  8.7730194612001086e-02,  5.1484109505807729e-01,  1.1470465820415243e+03,  4.8920790663518204e-01, -1.5002902448572893e+04,  1.0021947629332661e+01,  2.6506840589506613e+00,  9.3843494920215698e-01,  7.8206351598031076e-03,  1.4107156778493980e-02, -1.1042746197717741e+00,  2.7433066213374402e-01,  1.9744499153222499e-03, -6.5898539471971454e-02, -2.1282701743492751e+00,  0.0000000000000000e+00,  5.7895387049621966e-03, -1.5837278686151299e+00, -3.4269351895589280e+00,  0.0000000000000000e+00
 1.8181818181818181e+00,  6.3373834334525225e+02, -7.6201664109719097e-02,  2.7364822734465932e+01, -2.4645293304668484e-02,  8.7724288929107122e-02,  5.1561342408709820e-01,  1.1533832967111161e+03,  5.4496473030305259e-01, -1.5002926297334205e+04,  1.0021943265819367e+01,  2.6506583452232961e+00,  9.4366239745717029e-01,  7.8406488330306032e-03,  1.3369801452955193e-02, -1.1257070646542784e+00,  2.7433066213374402e-01,  2.0558658734871199e-03, -5.8058960733266302e-02, -2.0190320831691935e+00,  0.0000000000000000e+00,  1.0509936119644771e-02,  3.1532115321039020e+00,  2.5296401043811283e+01,  0.0000000000000000e+00
 1.8281718281718282e+00,  6.3373804521871534e+02, -7.7521118806379491e-02,  2.7361346654442322e+01, -2.4695450841856783e-02,  8.7799666695113923e-02,  5.1641124585528853e-01,  1.1597200019515371e+03,  6.0129340538906451e-01, -1.5002950178928182e+04,  1.0021938766625844e+01,  2.6506312683693554e+00,  9.4889760065352491e-01,  7.8617114010316215e-03,  1.2947137583024125e-02, -1.1446149211337959e+00,  2.7433066213374402e-01,  2.1581384929147290e-03, -1.6448202752499995e-02, -1.7616910440945435e+00,  0.0000000000000000e+00,  9.9650422897626378e-03,  5.1772622156455164e+00,  2.6223274978933663e+01,  0.0000000000000000e+00
 1.8381618381618381e+00,  6.3373774511180886e+02, -7.8927694374595431e-02,  2.7357930433606743e+01, -2.4746188665609611e-02,  8.7900361000861224e-02,  5.1721064636971259e-01,  1.1660566977143569e+03,  6.5819383696020839e-01, -1.5002974092826005e+04,  1.0021934128117202e+01,  2.6506033476100699e+00,  9.5414080088115372e-01,  7.8837684832386897e-03,  1.3041166033324824e-02, -1.1609056869139096e+00,  2.7433066213374402e-01,  2.2325050856161085e-03,  2.8935580560022524e-02, -1.7098075901578935e+00,  0.0000000000000000e+00,  4.9231495690535499e-03,  3.9085712035214968e+00, -1.5836207500816341e+01,  0.0000000000000000e+00
 1.8481518481518482e+00,  6.3373744306475066e+02, -8.0415787700404154e-02,  2.7354564248238130e+01, -2.4797566690052262e-02,  8.7966968305755913e-02,  5.1797866068979648e-01,  1.1723933839462438e+03,  7.1566598092266431e-01, -1.5002998038583206e+04,  1.0021929341445970e+01,  2.6505745601955955e+00,  9.5939184549085355e-01,  7.9063168972477275e-03,  1.3525271060746852e-02, -1.1787769109471404e+00,  2.7433066213374402e-01,  2.2128473836453091e-03,  5.1862277021359135e-02, -1.8024760451296573e+00,  0.0000000000000000e+00, -8.8586215036076076e-03,  6.8135342803809451e-01, -2.7160171845307990e+00,  0.0000000000000000e+00
 1.8581418581418581e+00,  6.3373713927435904e+02, -8.1977501282072415e-02,  2.7351237245573536e+01, -2.4851371796615541e-02,  8.7969894394748643e-02,  5.1869170727269021e-01,  1.1787300605900573e+03,  7.7370984395324627e-01, -1.5003022015820146e+04,  1.0021924363942635e+01,  2.6505444884821237e+00,  9.6465019494303794e-01,  7.9279812181766579e-03,  1.4077375364420910e-02, -1.1969191943091075e+00,  2.7433066213374402e-01,  2.0503179390988194e-03,  4.3487092629853799e-02, -1.8366780062350037e+00,  0.0000000000000000e+00, -2.3679773294599697e-02, -2.3580653432174636e+00, -4.1312154287595524e+00,  0.0000000000000000e+00
 1.8681318681318682e+00,  6.3373683400099412e+02, -8.3606720229443085e-02,  2.7347943360644923e+01, -2.4907686421048410e-02,  8.7920639389098512e-02,  5.1935038417841939e-01,  1.1850667275874921e+03,  8.3232545026867488e-01, -1.5003046024176769e+04,  1.0021919139144163e+01,  2.6505126463859181e+00,  9.6991518418064160e-01,  7.9472822906363153e-03,  1.4394144040364310e-02, -1.2154737742085790e+00,  2.7433066213374402e-01,  1.7681474518358204e-03,  1.4235326057613578e-02, -1.8782627714221813e+00,  0.0000000000000000e+00, -3.2810758255452696e-02, -3.4981383245450308e+00, -4.1940545617133971e+00,  0.0000000000000000e+00
 1.8781218781218780e+00,  6.3373652744195874e+02, -8.5300150486208925e-02,  2.7344683951275655e+01, -2.4965668939716700e-02,  8.7859678262441857e-02,  5.1997080522401029e-01,  1.1914033848823663e+03,  8.9151280813222711e-01, -1.5003070063265013e+04,  1.0021913619044092e+01,  2.6504788000991892e+00,  9.7518628581982170e-01,  7.9633088395919590e-03,  1.4361797463474128e-02, -1.2344469220098504e+00,  2.7433066213374402e-01,  1.4398998981123114e-03, -1.4772745670828718e-02, -2.0198388987399372e+00,  0.0000000000000000e+00, -3.2904401999993810e-02, -2.3092776354891198e+00, -2.4149486127301380e+01,  0.0000000000000000e+00
 1.8881118881118881e+00,  6.3373621961763115e+02, -8.7056934474176881e-02,  2.7341465985414814e+01, -2.5024403094404617e-02,  8.7830058003339886e-02,  5.2057227676679607e-01,  1.1977400324223254e+03,  9.5127189307347737e-01, -1.5003094132645028e+04,  1.0021907782324018e+01,  2.6504431116139928e+00,  9.8046324340728785e-01,  7.9760515193698280e-03,  1.4098984286701399e-02, -1.2558301957618245e+00,  2.7433066213374402e-01,  1.1279617415858804e-03, -2.5246929552934602e-02, -2.1551604537979818e+00,  0.0000000000000000e+00, -2.9545616936597723e-02,  2.1234602229152102e-01, -2.9418891953191402e+00,  0.0000000000000000e+00
 1.8981018981018980e+00,  6.3373591035982906e+02, -8.8876484205599335e-02,  2.7338296900354578e+01, -2.5084057229555600e-02,  8.7850757627150750e-02,  5.2116335519167634e-01,  1.2040766701579394e+03,  1.0116026567733711e+00, -1.5003118231836435e+04,  1.0021901616525883e+01,  2.6504060349984475e+00,  9.8574600140307933e-01,  7.9858455377255430e-03,  1.3857363306572338e-02, -1.2775070709368830e+00,  2.7433066213374402e-01,  8.5750685040467990e-04, -1.2096979790790928e-02, -2.1744807673113993e+00,  0.0000000000000000e+00, -2.4599452277878645e-02,  2.4202739200896435e+00, -9.2603757006699305e-01,  0.0000000000000000e+00
 1.9080919080919081e+00,  6.3373559938744336e+02, -9.0757217198700793e-02,  2.7335180392304423e+01, -2.5142890678614988e-02,  8.7911691627609131e-02,  5.2174126394921128e-01,  1.2104132980398467e+03,  1.0725050469636122e+00, -1.5003142360355167e+04,  1.0021895119748089e+01,  2.6503680512379324e+00,  9.9103454153205117e-01,  7.9931845233739175e-03,  1.3857286388783498e-02, -1.2992763649388754e+00,  2.7433066213374402e-01,  6.4445692742274305e-04,  1.5992468276527987e-02, -2.1636682560216753e+00,  0.0000000000000000e+00, -1.8053142303105136e-02,  3.2032335829876057e+00,  3.0907023302697318e+00,  0.0000000000000000e+00
 1.9180819180819180e+00,  6.3373528651076242e+02, -9.2695895128135128e-02,  2.7332114556065669e+01, -2.5197977456883101e-02,  8.7981527568633117e-02,  5.2229605705855853e-01,  1.2167499160160942e+03,  1.1339790259784932e+00, -1.5003166517746155e+04,  1.0021888309342534e+01,  2.6503294493713550e+00,  9.9632873763427765e-01,  7.9987218000117117e-03,  1.4176893142267203e-02, -1.3207372059223310e+00,  2.7433066213374402e-01,  4.9830414687011696e-04,  4.2665032698074597e-02, -2.0831191171830969e+00,  0.0000000000000000e+00, -1.1206644363530617e-02,  2.1366138142060285e+00,  1.3035235265213654e+01,  0.0000000000000000e+00
 1.9280719280719281e+00,  6.3373497177156662e+02, -9.4688173897610098e-02,  2.7329092845800208e+01, -2.5247333817573617e-02,  8.8025517262296585e-02,  5.2281803700548823e-01,  1.2230865240315818e+03,  1.1960245788059194e+00, -1.5003190703605780e+04,  1.0021881219413993e+01,  2.6502901900399554e+00,  1.0016282958007403e+00,  8.0031406501845093e-03,  1.4709734594539234e-02, -1.3408971265209553e+00,  2.7433066213374402e-01,  4.1893789696134827e-04,  5.3649935694640195e-02, -1.9863003570239650e+00,  0.0000000000000000e+00, -4.6824788682038434e-03,  6.2563765706522778e-02,  6.3478805186400011e+00,  0.0000000000000000e+00
 1.9380619380619382e+00,  6.3373465529214457e+02, -9.6729419817479248e-02,  2.7326108720553069e+01, -2.5289545371421876e-02,  8.8029783936748512e-02,  5.2330189399425064e-01,  1.2294231220289853e+03,  1.2586417067509708e+00, -1.5003214917569958e+04,  1.0021873895228431e+01,  2.6502500002833758e+00,  1.0069328031386389e+00,  8.0070921875633871e-03,  1.5248819929372912e-02, -1.3604235267419911e+00,  2.7433066213374402e-01,  4.0890797045448556e-04,  4.5463731366557847e-02, -1.9756909009203161e+00,  0.0000000000000000e+00,  2.6744875815291015e-03, -1.7014418721887299e+00, -4.2238674066852404e+00,  0.0000000000000000e+00
 1.9480519480519480e+00,  6.3373433721179936e+02, -9.8815914445622904e-02,  2.7323158559055521e+01, -2.5323660987983079e-02,  8.8003133180267257e-02,  5.2375117636975843e-01,  1.2357597099502739e+03,  1.3218304146812816e+00, -1.5003239159284065e+04,  1.0021866393527826e+01,  2.6502085947697820e+00,  1.0122418297837168e+00,  8.0113106396041793e-03,  1.5618100855609321e-02, -1.3803714701956868e+00,  2.7433066213374402e-01,  4.7060244415751137e-04,  2.5170856379355823e-02, -2.0986349376157918e+00,  0.0000000000000000e+00,  9.6767460538166646e-03, -2.3611917002491176e+00, -2.0389528739749018e+01,  0.0000000000000000e+00
 1.9580419580419581e+00,  6.3373401764601397e+02, -1.0094479330075519e-01,  2.7320242433655160e+01, -2.5351421600498893e-02,  8.7967251514180875e-02,  5.2417202505438332e-01,  1.2420962877384511e+03,  1.3855906987462907e+00, -1.5003263428379772e+04,  1.0021858772155914e+01,  2.6501658370020982e+00,  1.0175550285943982e+00,  8.0164948338003004e-03,  1.5751734142746655e-02, -1.4023542947263226e+00,  2.7433066213374402e-01,  5.8588811686383535e-04,  4.3208550068177297e-03, -2.1305238921803729e+00,  0.0000000000000000e+00,  1.3403445621989408e-02, -1.8129785745330100e+00,  1.4005360035919878e+01,  0.0000000000000000e+00
 1.9680319680319680e+00,  6.3373369664486631e+02, -1.0311426068753365e-01,  2.7317363148915351e+01, -2.5374724095451003e-02,  8.7944109275406565e-02,  5.2457252999605575e-01,  1.2484328553384792e+03,  1.4499225431173792e+00, -1.5003287724465104e+04,  1.0021851072508376e+01,  2.6501217996778417e+00,  1.0228721604092963e+00,  8.0230166958851750e-03,  1.5704431624976308e-02, -1.4229393801293606e+00,  2.7433066213374402e-01,  7.3596627828844850e-04, -6.9168971946712418e-03, -1.8899050759741307e+00,  0.0000000000000000e+00,  1.6642202295218147e-02, -4.3681941620508313e-01,  3.4166526968569848e+01,  0.0000000000000000e+00
 1.9780219780219781e+00,  6.3373337410957652e+02, -1.0532363644699046e-01,  2.7314525124147288e+01, -2.5393917940364528e-02,  8.7950203837346433e-02,  5.2496107037296313e-01,  1.2547694126970794e+03,  1.5148259170023932e+00, -1.5003312047127267e+04,  1.0021843330844870e+01,  2.6500767295337915e+00,  1.0281931057009404e+00,  8.0311994547451245e-03,  1.5613534398597379e-02, -1.4401146359046268e+00,  2.7433066213374402e-01,  9.2187767976419695e-04, -3.7747555622515690e-03, -1.6143220091899046e+00,  0.0000000000000000e+00,  2.0577260280226713e-02,  1.0658761710155020e+00,  2.1005203001632225e+01,  0.0000000000000000e+00
 1.9880119880119880e+00,  6.3373304991546354e+02, -1.0757233688393394e-01,  2.7311730879350169e+01, -2.5409104846939558e-02,  8.7981616255778217e-02,  5.2534081154598011e-01,  1.2611059597614012e+03,  1.5803007787977830e+00, -1.5003336395945753e+04,  1.0021835586681455e+01,  2.6500309417594710e+00,  1.0335178240854905e+00,  8.0414358303459981e-03,  1.5629011933422830e-02, -1.4551935661271609e+00,  2.7433066213374402e-01,  1.1338413900028905e-03,  9.5519634115193135e-03, -1.4494369899217234e+00,  0.0000000000000000e+00,  2.1857874509559741e-02,  1.6021329675334299e+00,  1.2004777855857691e+01,  0.0000000000000000e+00
 1.9980019980019981e+00,  6.3373272402620978e+02, -1.0985854885328566e-01,  2.7308978933663447e+01, -2.5421600438248777e-02,  8.8019097531515031e-02,  5.2570637583276014e-01,  1.2674424964778195e+03,  1.6463470915694105e+00, -1.5003360770523117e+04,  1.0021827871533256e+01,  2.6499846131051661e+00,  1.0388462378518590e+00,  8.0538536283715559e-03,  1.5804382818407955e-02, -1.4690744159230429e+00,  2.7433066213374402e-01,  1.3324703190466915e-03,  2.3334891342111506e-02, -1.3015174507867087e+00,  0.0000000000000000e+00,  1.7907637085011814e-02,  1.1572092041711548e+00,  1.7608713878969002e+01,  0.0000000000000000e+00
 2.0079920079920082e+00,  6.3373239645171418e+02, -1.1217956304824798e-01,  2.7306265859912564e+01, -2.5433017717424754e-02,  8.8044724391175569e-02,  5.2605115533719482e-01,  1.2737790227912217e+03,  1.7129648315317085e+00, -1.5003385170491230e+04,  1.0021820194923961e+01,  2.6499377524548282e+00,  1.0441781687480940e+00,  8.0680586139433349e-03,  1.6095243528669818e-02, -1.4811979107982243e+00,  2.7433066213374402e-01,  1.4837368531356282e-03,  2.9615020186329069e-02, -1.0527592766334624e+00,  0.0000000000000000e+00,  1.2375923039589959e-02,  1.0007259044112381e-01,  3.2192672586513439e+01,  0.0000000000000000e+00
 2.0179820179820180e+00,  6.3373206726460558e+02, -1.1453289783067742e-01,  2.7303588080320601e+01, -2.5442776180277172e-02,  8.8050360952141110e-02,  5.2637382693869816e-01,  1.2801155386453340e+03,  1.7801539837004012e+00, -1.5003409595506564e+04,  1.0021812556923596e+01,  2.6498902326476137e+00,  1.0495133711322731e+00,  8.0834987203422977e-03,  1.6396091513439504e-02, -1.4901085673043308e+00,  2.7433066213374402e-01,  1.5986571460896994e-03,  2.6590856504241145e-02, -8.1234528561797592e-01,  0.0000000000000000e+00,  1.0631119609811829e-02, -7.0551015959520091e-01,  1.5938208414789123e+01,  0.0000000000000000e+00
 2.0279720279720279e+00,  6.3373173649020077e+02, -1.1691655455652895e-01,  2.7300944436914065e+01, -2.5449154346085519e-02,  8.8044389174418508e-02,  5.2667658261879535e-01,  1.2864520439834985e+03,  1.8479145318244026e+00, -1.5003434045229284e+04,  1.0021804971882592e+01,  2.6498419351452362e+00,  1.0548516082091648e+00,  8.0999998156634084e-03,  1.6626529372910395e-02, -1.4974285858355463e+00,  2.7433066213374402e-01,  1.7134256429544785e-03,  1.8960495905871906e-02, -8.0260343534561729e-01,  0.0000000000000000e+00,  1.2345533462517183e-02, -8.2208803219833837e-01, -1.3987889990262911e+01,  0.0000000000000000e+00
 2.0379620379620378e+00,  6.3373140411971565e+02, -1.1932903323888772e-01,  2.7298335527428417e+01, -2.5451819310333135e-02,  8.8039257736640536e-02,  5.2696361346201115e-01,  1.2927885387492374e+03,  1.9162464537076758e+00, -1.5003458519310210e+04,  1.0021797468553176e+01,  2.6497928451156487e+00,  1.0601926942173816e+00,  8.1177329989228064e-03,  1.6774922600469908e-02, -1.5061445999785688e+00,  2.7433066213374402e-01,  1.8377951027410539e-03,  1.2967696067173384e-02, -1.0107112334825419e+00,  0.0000000000000000e+00,  1.2553232386763107e-02, -3.7767049550904541e-01, -2.7675291196753143e+01,  0.0000000000000000e+00
 2.0479520479520481e+00,  6.3373107010267245e+02, -1.2176875313902197e-01,  2.7295762963921835e+01, -2.5453364275554908e-02,  8.8044463349828378e-02,  5.2723630735838845e-01,  1.2991250228864451e+03,  1.9851497219783372e+00, -1.5003483017389934e+04,  1.0021790066845758e+01,  2.6497430519864524e+00,  1.0655364955573139e+00,  8.1367189985353579e-03,  1.6885624199427348e-02, -1.5176226164745583e+00,  2.7433066213374402e-01,  1.9404562766526447e-03,  1.2330242182765662e-02, -1.2001673120228074e+00,  0.0000000000000000e+00,  7.9995346303371705e-03,  2.5005222785062087e-01, -1.0253815727007614e+01,  0.0000000000000000e+00
 2.0579420579420580e+00,  6.3373073440707162e+02, -1.2423429055665802e-01,  2.7293227792576655e+01, -2.5456042761655119e-02,  8.8060814507780125e-02,  5.2749605987904780e-01,  1.3054614963392098e+03,  2.0546243082955331e+00, -1.5003507539104769e+04,  1.0021782760027470e+01,  2.6496926982942886e+00,  1.0708828983646150e+00,  8.1565033541006818e-03,  1.7021281085640053e-02, -1.5301239668521516e+00,  2.7433066213374402e-01,  1.9877370419970333e-03,  1.6220835672418922e-02, -1.2961596297987585e+00,  0.0000000000000000e+00,  1.4660745916005107e-03,  5.2884458877790497e-01, -8.9638462917322297e+00,  0.0000000000000000e+00
 2.0679320679320679e+00,  6.3373039707537964e+02, -1.2672396205404293e-01,  2.7290729128499326e+01, -2.5460790136810137e-02,  8.8078738850457056e-02,  5.2774135750148887e-01,  1.3117979590515829e+03,  2.1246701859011381e+00, -1.5003532084100882e+04,  1.0021775526400191e+01,  2.6496418781742603e+00,  1.0762317856867454e+00,  8.1764340243494840e-03,  1.7209716820254895e-02, -1.5435199117752325e+00,  2.7433066213374402e-01,  1.9629034606135289e-03,  2.0138209806708860e-02, -1.3586336939620443e+00,  0.0000000000000000e+00, -6.4377575845781243e-03,  2.5541371290694936e-01, -3.5434613537577313e+00,  0.0000000000000000e+00
 2.0779220779220777e+00,  6.3373005818510933e+02, -1.2923487624932875e-01,  2.7288264976788476e+01, -2.5468161474829974e-02,  8.8089045630020388e-02,  5.2796482472455508e-01,  1.3181344109672618e+03,  2.1952873369079300e+00, -1.5003556652040785e+04,  1.0021768333735617e+01,  2.6495905910474771e+00,  1.0815829777320045e+00,  8.1957222044625900e-03,  1.7423642919939926e-02, -1.5572694952030413e+00,  2.7433066213374402e-01,  1.8531352299358908e-03,  2.0263728873506488e-02, -1.4290209185505949e+00,  0.0000000000000000e+00, -1.5537842197076322e-02, -2.3028479573396338e-01, -1.0548061008876166e+01,  0.0000000000000000e+00
 2.0879120879120880e+00,  6.3372971781137721e+02, -1.3176283389442076e-01,  2.7285833660694443e+01, -2.5478872999377473e-02,  8.8090092719723012e-02,  5.2815638345972715e-01,  1.3244708520295696e+03,  2.2664757563624178e+00, -1.5003581242595987e+04,  1.0021761140526678e+01,  2.6495387983534253e+00,  1.0869361970613347e+00,  8.2134597032692824e-03,  1.7614586528017267e-02, -1.5720717782797402e+00,  2.7433066213374402e-01,  1.6477742632634259e-03,  1.6484361769694887e-02, -1.4639636535766203e+00,  0.0000000000000000e+00, -2.5575423330750736e-02, -5.2634449844911158e-01,  3.5525254566659856e+00,  0.0000000000000000e+00
 2.0979020979020979e+00,  6.3372937601057140e+02, -1.3430287431309315e-01,  2.7283434493388906e+01, -2.5492743099154332e-02,  8.8086332822539248e-02,  5.2830822211156980e-01,  1.3308072821817739e+03,  2.3382354514789450e+00, -1.5003605855437867e+04,  1.0021753895169333e+01,  2.6494864992321352e+00,  1.0922910753182693e+00,  8.2286447671651563e-03,  1.7753000797456311e-02, -1.5865195182515255e+00,  2.7433066213374402e-01,  1.3595520398824118e-03,  1.1104077523216521e-02, -1.4288557495053218e+00,  0.0000000000000000e+00, -3.2126665790135144e-02, -5.5078840769591964e-01,  3.4760769384144101e+00,  0.0000000000000000e+00
 2.1078921078921078e+00,  6.3372903283996595e+02, -1.3685014999999340e-01,  2.7281067310820184e+01, -2.5507618888282024e-02,  8.8082195316108849e-02,  5.2841795580204642e-01,  1.3371437013674811e+03,  2.4105664355589651e+00, -1.5003630490235539e+04,  1.0021746556649239e+01,  2.6494337465753937e+00,  1.0976472004062008e+00,  8.2406235801900096e-03,  1.7836446218790821e-02, -1.6006203447034226e+00,  2.7433066213374402e-01,  1.0333923766527985e-03,  6.3824786777476857e-03, -1.5003174617026844e+00,  0.0000000000000000e+00, -3.3170498788434200e-02, -3.9447568116695214e-01, -1.7782711720326578e+01,  0.0000000000000000e+00
 2.1178821178821177e+00,  6.3372868834945280e+02, -1.3939978320845892e-01,  2.7278732201194963e+01, -2.5521545206880981e-02,  8.8079916458455712e-02,  5.2848433272605766e-01,  1.3434801095308558e+03,  2.4834687229919572e+00, -1.5003655146657005e+04,  1.0021739107506065e+01,  2.6493806313798745e+00,  1.1030041578301228e+00,  8.2492919674978793e-03,  1.7880522848959760e-02, -1.6164958911127176e+00,  2.7433066213374402e-01,  7.1295256077419595e-04,  3.3023585983312405e-03, -1.4865222548825909e+00,  0.0000000000000000e+00, -3.0981552350458227e-02, -2.2216435873220283e-01,  2.0544512125701782e+01,  0.0000000000000000e+00
 2.1278721278721280e+00,  6.3372834259665285e+02, -1.4194697641383572e-01,  2.7276429328828108e+01, -2.5532116300203793e-02,  8.8080328718116413e-02,  5.2850790912651568e-01,  1.3498165066166846e+03,  2.5569423307865944e+00, -1.5003679824371226e+04,  1.0021731547321147e+01,  2.6493272557881071e+00,  1.1083615195391094e+00,  8.2548683865990846e-03,  1.7902427409566671e-02, -1.6303210890567215e+00,  2.7433066213374402e-01,  4.4180097541072843e-04,  1.8865901441889404e-03, -1.2995591853051012e+00,  0.0000000000000000e+00, -2.3302995039307401e-02, -6.1272485787082637e-02,  1.6885494403711292e+01,  0.0000000000000000e+00
 2.1378621378621379e+00,  6.3372799564138438e+02, -1.4448800737076176e-01,  2.7274158445412514e+01, -2.5536746162562875e-02,  8.8081811790894304e-02,  5.2849401937438700e-01,  1.3561528925703308e+03,  2.6309872708568252e+00, -1.5003704523049513e+04,  1.0021723906023105e+01,  2.6492737191273665e+00,  1.1137188965268343e+00,  8.2581191598137781e-03,  1.7918216957734764e-02, -1.6424611096003323e+00,  2.7433066213374402e-01,  2.6315968121657106e-04,  7.6862024113944351e-04, -1.1279607510407632e+00,  0.0000000000000000e+00, -1.2460992058364246e-02, -1.6254508880343493e-01,  1.7468512136014610e+01,  0.0000000000000000e+00
 2.1478521478521477e+00,  6.3372764762062957e+02, -1.4701993952664358e-01,  2.7271917870205893e+01, -2.5533697333836699e-02,  8.8077703086038683e-02,  5.2844934915346242e-01,  1.3624892673376112e+03,  2.7056035489629671e+00, -1.5003729242375544e+04,  1.0021716236119371e+01,  2.6492200618251931e+00,  1.1190759506730410e+00,  8.2601263222877273e-03,  1.7917784457341684e-02, -1.6528577673991940e+00,  2.7433066213374402e-01,  2.0555447740716474e-04, -2.2815419162335137e-03, -9.6139949838755112e-01,  0.0000000000000000e+00,  9.2843025572183460e-04, -4.4809737510262848e-01,  1.5877050645153838e+01,  0.0000000000000000e+00
 2.1578421578421580e+00,  6.3372729867557177e+02, -1.4954078341670937e-01,  2.7269706285368017e+01, -2.5521084369765388e-02,  8.8067662759221829e-02,  5.2838186952802557e-01,  1.3688256308650089e+03,  2.7807911634809277e+00, -1.5003753982045946e+04,  1.0021708611727766e+01,  2.6491662675873040e+00,  1.1244324079464214e+00,  8.2622261423793558e-03,  1.7872631704663165e-02, -1.6616698907868970e+00,  2.7433066213374402e-01,  2.8289655052059031e-04, -7.3449691269188025e-03, -8.6373066346782501e-01,  0.0000000000000000e+00,  1.4555452781585798e-02, -5.6560075247655550e-01,  3.6762501057751167e+00,  0.0000000000000000e+00
 2.1678321678321679e+00,  6.3372694887803141e+02, -1.5204870452610583e-01,  2.7267523288203403e+01, -2.5499331798540692e-02,  8.8054819975499396e-02,  5.2829527513568098e-01,  1.3751619830996990e+03,  2.8565501049371891e+00, -1.5003778741760188e+04,  1.0021701118268572e+01,  2.6491123310624101e+00,  1.1297880611244995e+00,  8.2657786010194075e-03,  1.7771031827433215e-02, -1.6701151233126372e+00,  2.7433066213374402e-01,  4.8033234163224559e-04, -1.2841155743982074e-02, -8.4618175735931778e-01,  0.0000000000000000e+00,  2.4971192598966151e-02, -5.3473580825946654e-01, -1.6295910284825368e-01,  0.0000000000000000e+00
 2.1778221778221778e+00,  6.3372659828330529e+02, -1.5454197528184554e-01,  2.7265368771521381e+01, -2.5469236834132349e-02,  8.8041936920070701e-02,  5.2819167699287961e-01,  1.3814983239893622e+03,  2.9328803606400924e+00, -1.5003803521217998e+04,  1.0021693835814524e+01,  2.6490582685646702e+00,  1.1351427306966702e+00,  8.2718231921622178e-03,  1.7616065156331857e-02, -1.6785766192056644e+00,  2.7433066213374402e-01,  7.5533100507699257e-04, -1.7247352560919759e-02, -8.6271282633393764e-01,  0.0000000000000000e+00,  3.0083539822672829e-02, -3.4738479449146853e-01, -3.1465609058706763e+00,  0.0000000000000000e+00
 2.1878121878121877e+00,  6.3372624692715306e+02, -1.5701820382209830e-01,  2.7263243130924295e+01, -2.5433675452797320e-02,  8.8032387624548875e-02,  5.2806812889974530e-01,  1.3878346534822163e+03,  3.0097819178356180e+00, -1.5003828320117427e+04,  1.0021686825562261e+01,  2.6490041301299647e+00,  1.1404962387034407e+00,  8.2808701295923742e-03,  1.7426429378663594e-02, -1.6873521428198086e+00,  2.7433066213374402e-01,  1.0515728674140017e-03, -1.9495618858138938e-02, -8.4243988497151745e-01,  0.0000000000000000e+00,  2.9224081017200455e-02, -1.0271811821189858e-01,  7.2052037666231836e+00,  0.0000000000000000e+00
 2.1978021978021980e+00,  6.3372589483529680e+02, -1.5947459565703398e-01,  2.7261146629666122e+01, -2.5394320372294703e-02,  8.8026904002189307e-02,  5.2792121300613237e-01,  1.3941709715268646e+03,  3.0872547677233046e+00, -1.5003853138155668e+04,  1.0021680122587613e+01,  2.6489499900257116e+00,  1.1458483758884186e+00,  8.2928336390635966e-03,  1.7226542302023383e-02, -1.6954085849393612e+00,  2.7433066213374402e-01,  1.3306572539119907e-03, -1.9159575746971570e-02, -7.4295041711022280e-01,  0.0000000000000000e+00,  2.6648613159696351e-02,  1.6999394906760543e-01,  1.2712587699207790e+01,  0.0000000000000000e+00
 2.2077922077922079e+00,  6.3372554197215209e+02, -1.6190830898898737e-01,  2.7259079958385968e+01, -2.5351001888746824e-02,  8.8028239174851614e-02,  5.2774958445297615e-01,  1.4005072780719952e+03,  3.1652989044648305e+00, -1.5003877975029949e+04,  1.0021673752485150e+01,  2.6488959423899314e+00,  1.1511989084837388e+00,  8.3074566881120946e-03,  1.7043620672430392e-02, -1.7021963069978352e+00,  2.7433066213374402e-01,  1.5909638194992199e-03, -1.5863895596300755e-02, -7.4023056980793089e-01,  0.0000000000000000e+00,  2.5464761270860472e-02,  4.8980121709677682e-01, -1.2168074269286199e+01,  0.0000000000000000e+00
 2.2177822177822177e+00,  6.3372518831277091e+02, -1.6431656047423493e-01,  2.7257043355671566e+01, -2.5303848868671281e-02,  8.8036025405048624e-02,  5.2755312393122411e-01,  1.4068435730662266e+03,  3.2439143221231537e+00, -1.5003902830438219e+04,  1.0021667745785809e+01,  2.6488421016980457e+00,  1.1565476076831924e+00,  8.3246211279646796e-03,  1.6909581351048347e-02, -1.7101984065139451e+00,  2.7433066213374402e-01,  1.8304573802282354e-03, -1.0660158895290740e-02, -8.2180483337079258e-01,  0.0000000000000000e+00,  2.2481849587088952e-02,  5.5198687044544004e-01, -4.1630932959989124e+00,  0.0000000000000000e+00
 2.2277722277722276e+00,  6.3372483385285966e+02, -1.6669680103394016e-01,  2.7255035672304576e+01, -2.5254159650239225e-02,  8.8043387603076104e-02,  5.2733337694493310e-01,  1.4131798564578244e+03,  3.3231010169332542e+00, -1.5003927704089616e+04,  1.0021662122478425e+01,  2.6487885413662404e+00,  1.1618942401299595e+00,  8.3440292631416293e-03,  1.6830630484712297e-02, -1.7186159839882604e+00,  2.7433066213374402e-01,  2.0377035773731737e-03, -6.3223715932906885e-03, -8.6635881466472553e-01,  0.0000000000000000e+00,  1.9008839081336396e-02,  3.1643814741493831e-01, -4.7566137590501993e+00,  0.0000000000000000e+00
 2.2377622377622379e+00,  6.3372447857879672e+02, -1.6904723585746603e-01,  2.7253055767762181e+01, -2.5201962674028942e-02,  8.8047305377042556e-02,  5.2709501962536831e-01,  1.4195161281945173e+03,  3.4028589836133434e+00, -1.5003952595706935e+04,  1.0021656895789297e+01,  2.6487352695913606e+00,  1.1672385943350305e+00,  8.3653344861539542e-03,  1.6783260240293287e-02, -1.7275082729408129e+00,  2.7433066213374402e-01,  2.2247504090705220e-03, -3.9514158964288398e-03, -9.8394345341319167e-01,  0.0000000000000000e+00,  1.8437936624472327e-02,  1.5822718309679895e-01, -1.8783830918392468e+01,  0.0000000000000000e+00
 2.2477522477522478e+00,  6.3372412242601069e+02, -1.7136673769631763e-01,  2.7251103463468464e+01, -2.5146527216738150e-02,  8.8049922882556808e-02,  5.2684339971420846e-01,  1.4258523882235129e+03,  3.4831882111253241e+00, -1.5003977505016192e+04,  1.0021652088628088e+01,  2.6486822925350979e+00,  1.1725805131462135e+00,  8.3884798207654165e-03,  1.6751681116152280e-02, -1.7382751938466661e+00,  2.7433066213374402e-01,  2.4023179374028170e-03, -2.8320018857246713e-03, -1.2204963539108615e+00,  0.0000000000000000e+00,  1.7111082547642827e-02,  6.5879501846188640e-02, -2.8574059761236388e+01,  0.0000000000000000e+00
 2.2577422577422577e+00,  6.3372376534735952e+02, -1.7365353689504517e-01,  2.7249178461995946e+01, -2.5089767227813215e-02,  8.8050885883627070e-02,  5.2657715022308582e-01,  1.4321886364914587e+03,  3.5640886866540438e+00, -1.5004002431743880e+04,  1.0021647718341292e+01,  2.6486296221830008e+00,  1.1779198613542978e+00,  8.4133328465416223e-03,  1.6726676786033054e-02, -1.7518938144774931e+00,  2.7433066213374402e-01,  2.5488106935515594e-03, -3.0516372156904493e-03, -1.4185174387830601e+00,  0.0000000000000000e+00,  1.2216767233335748e-02, -1.0985049490533792e-01, -1.1069761430178234e+01,  0.0000000000000000e+00
 2.2677322677322675e+00,  6.3372340739032666e+02, -1.7590562615729069e-01,  2.7247279655894410e+01, -2.5033004635165692e-02,  8.8046230452513044e-02,  5.2629445796748575e-01,  1.4385248729446382e+03,  3.6455604014973346e+00, -1.5004027375619653e+04,  1.0021643783013484e+01,  2.6485772562976058e+00,  1.1832564792867566e+00,  8.4394051093478646e-03,  1.6690709343611013e-02, -1.7666172006155580e+00,  2.7433066213374402e-01,  2.6378263454505300e-03, -5.7570154260394519e-03, -1.5227759304518336e+00,  0.0000000000000000e+00,  5.6041662768499092e-03, -4.3176622280654514e-01, -9.8027886019167934e+00,  0.0000000000000000e+00
 2.2777222777222779e+00,  6.3372304867194555e+02, -1.7812049149664250e-01,  2.7245405744985423e+01, -2.4977431481472814e-02,  8.8034094577444197e-02,  5.2599123035178696e-01,  1.4448610975295255e+03,  3.7276033515327249e+00, -1.5004052336379993e+04,  1.0021640268235933e+01,  2.6485251605032532e+00,  1.1885901758907493e+00,  8.4660366696275476e-03,  1.6611651502795501e-02, -1.7823189079930146e+00,  2.7433066213374402e-01,  2.6491994145384722e-03, -1.0997181986269660e-02, -1.5567502905245754e+00,  0.0000000000000000e+00, -3.3272778454439015e-03, -6.1731512255153143e-01,  3.0011217153539662e+00,  0.0000000000000000e+00
 2.2877122877122877e+00,  6.3372268930370842e+02, -1.8029462442577859e-01,  2.7243556349590364e+01, -2.4924466080542756e-02,  8.8018773470883160e-02,  5.2566019791665208e-01,  1.4511973101931442e+03,  3.8102175397657607e+00, -1.5004077313760783e+04,  1.0021637143266119e+01,  2.6484733257412350e+00,  1.1939207054827947e+00,  8.4923361665814011e-03,  1.6470985427801427e-02, -1.7977211025241413e+00,  2.7433066213374402e-01,  2.5759683930977949e-03, -1.6591959946503376e-02, -1.4102928320767925e+00,  0.0000000000000000e+00, -1.1333572646991566e-02, -5.0275942508719518e-01,  2.6319661465899287e+01,  0.0000000000000000e+00
 2.2977022977022976e+00,  6.3372232933433588e+02, -1.8242430558562669e-01,  2.7241731887217981e+01, -2.4871884362315636e-02,  8.8006647950660905e-02,  5.2529747616078115e-01,  1.4575335108830316e+03,  3.8934029756126964e+00, -1.5004102307493271e+04,  1.0021634375602424e+01,  2.6484218084415998e+00,  1.1992477699804958e+00,  8.5175045695895409e-03,  1.6280143811556676e-02, -1.8104965869555876e+00,  2.7433066213374402e-01,  2.4531873529451634e-03, -2.0208400368869263e-02, -1.3326418746065563e+00,  0.0000000000000000e+00, -1.3247191591565536e-02, -2.2125194747046337e-01, -1.0773939780357805e+01,  0.0000000000000000e+00
 2.3076923076923075e+00,  6.3372196881728485e+02, -1.8450548627264229e-01,  2.7239932320205174e+01, -2.4818039121900566e-02,  8.7997372841230936e-02,  5.2489941758213676e-01,  1.4638696995469727e+03,  3.9771596706128212e+00, -1.5004127317307149e+04,  1.0021631959117041e+01,  2.6483707104434195e+00,  1.2045710518247452e+00,  8.5413508989079772e-03,  1.6067221184667180e-02, -1.8243473138049913e+00,  2.7433066213374402e-01,  2.3115725345918305e-03, -2.2069734677002784e-02, -1.4197486617013875e+00,  0.0000000000000000e+00, -1.5104095042761072e-02, -1.5138718101796395e-01, -6.6648389960336107e+00,  0.0000000000000000e+00
 2.3176823176823178e+00,  6.3372160783223535e+02, -1.8653342975534848e-01,  2.7238156800381400e+01, -2.4762901662819702e-02,  8.7986756280040518e-02,  5.2446165558555680e-01,  1.4702058761328540e+03,  4.0614876434912572e+00, -1.5004152342939000e+04,  1.0021629889027849e+01,  2.6483201106032186e+00,  1.2098901805816382e+00,  8.5636898350159515e-03,  1.5839190071756416e-02, -1.8388631935829882e+00,  2.7433066213374402e-01,  2.1549090933419570e-03, -2.4085438892375778e-02, -1.4459192546952058e+00,  0.0000000000000000e+00, -1.6259925895463281e-02, -2.5215680289968773e-01,  1.4254862786712401e+00,  0.0000000000000000e+00
 2.3276723276723277e+00,  6.3372124645733186e+02, -1.8850361325017242e-01,  2.7236404531488759e+01, -2.4705743670280153e-02,  8.7972937464043902e-02,  5.2398351844732471e-01,  1.4765420405885752e+03,  4.1463869171804415e+00, -1.5004177384132248e+04,  1.0021628164185062e+01,  2.6482700604603373e+00,  1.2152047567029449e+00,  8.5844060256480767e-03,  1.5585993634369957e-02, -1.8532368094032974e+00,  2.7433066213374402e-01,  2.0066995121057201e-03, -2.6701916355494505e-02, -1.1819841094791594e+00,  0.0000000000000000e+00, -1.3411632268040524e-02, -2.7166198521655133e-01,  5.1414329793588188e+01,  0.0000000000000000e+00
 2.3376623376623376e+00,  6.3372088473922088e+02, -1.9041306210158629e-01,  2.7234675781218439e+01, -2.4643055547491795e-02,  8.7960331370046593e-02,  5.2347359206759614e-01,  1.4828781928623030e+03,  4.2318575108870586e+00, -1.5004202440630901e+04,  1.0021626801991800e+01,  2.6482206200144991e+00,  1.2205144096200922e+00,  8.6037837313617197e-03,  1.5305685249468820e-02, -1.8624792597064477e+00,  2.7433066213374402e-01,  1.9346258249825924e-03, -2.8276975129279566e-02, -7.5105000935337829e-01,  0.0000000000000000e+00, -1.0175198940011593e-03, -4.3664781295345338e-02,  3.4858677051589332e+01,  0.0000000000000000e+00
 2.3476523476523479e+00,  6.3372052269766732e+02, -1.9226082675463041e-01,  2.7232971243173647e+01, -2.4571382115713608e-02,  8.7952895893000968e-02,  5.2294521244679193e-01,  1.4892143329026733e+03,  4.3178994258501477e+00, -1.5004227512177207e+04,  1.0021625868204879e+01,  2.6481718784594550e+00,  1.2258189023210815e+00,  8.6230598882850919e-03,  1.5021019106312417e-02, -1.8682428035961722e+00,  2.7433066213374402e-01,  2.0050656616521305e-03, -2.7036096292542420e-02, -3.9598723203427832e-01,  0.0000000000000000e+00,  1.5119575195242541e-02,  2.9208872441011891e-01,  3.6224890967693732e+01,  0.0000000000000000e+00
 2.3576423576423577e+00,  6.3372016031966677e+02, -1.9404747729884725e-01,  2.7231291885239386e+01, -2.4489792190652664e-02,  8.7954173469392979e-02,  5.2241264456014413e-01,  1.4955504606585937e+03,  4.4045126453028027e+00, -1.5004252598514751e+04,  1.0021625454898876e+01,  2.6481239321833265e+00,  1.2311181333567820e+00,  8.6438449833427817e-03,  1.4765503505362073e-02, -1.8703910925143254e+00,  2.7433066213374402e-01,  2.2312317563394591e-03, -2.2421248238122509e-02, -1.7319866872714318e-01,  0.0000000000000000e+00,  3.0158876961151559e-02,  6.3180385608486522e-01,  8.3773794063953932e+00,  0.0000000000000000e+00
 2.3676323676323676e+00,  6.3371979759326291e+02, -1.9577454190158636e-01,  2.7229637784520122e+01, -2.4400037181132365e-02,  8.7961455737609051e-02,  5.2188611000836971e-01,  1.5018865760791120e+03,  4.4916971348343955e+00, -1.5004277699392027e+04,  1.0021625657925185e+01,  2.6480768670875281e+00,  1.2364121386966949e+00,  8.6676399433568089e-03,  1.4573042118537747e-02, -1.8717033164578534e+00,  2.7433066213374402e-01,  2.5711046653056047e-03, -1.5941073741087032e-02, -8.0989221889910604e-02,  0.0000000000000000e+00,  3.7883679413871607e-02,  6.6552707822165258e-01,  1.0082951850418782e+01,  0.0000000000000000e+00
 2.3776223776223775e+00,  6.3371943449513549e+02, -1.9744330242287994e-01,  2.7228008044158063e+01, -2.4305346968233069e-02,  8.7969641809417284e-02,  5.2136873848232457e-01,  1.5082226791128628e+03,  4.5794528541141286e+00, -1.5004302814570656e+04,  1.0021626546005619e+01,  2.6480307086033306e+00,  1.2417010026397062e+00,  8.6952157059263097e-03,  1.4447000533512186e-02, -1.8720092587858521e+00,  2.7433066213374402e-01,  2.9656103285686146e-03, -9.8758592595445619e-03,  2.0249251300217715e-03,  0.0000000000000000e+00,  4.1096354371395236e-02,  5.4872886098309570e-01,  6.5364803829715896e+00,  0.0000000000000000e+00
 2.3876123876123878e+00,  6.3371907097225017e+02, -1.9905547448725458e-01,  2.7226402125278202e+01, -2.4206489806132898e-02,  8.7977782268843591e-02,  5.2086407496279064e-01,  1.5145587697080771e+03,  4.6677797595841950e+00, -1.5004327943822636e+04,  1.0021628169099303e+01,  2.6479854449936036e+00,  1.2469848377559132e+00,  8.7268928969745641e-03,  1.4375722253212179e-02, -1.8716628584132975e+00,  2.7433066213374402e-01,  3.3814595975768282e-03, -5.0481611067925217e-03,  5.5334585606626255e-02,  0.0000000000000000e+00,  4.2156669284048272e-02,  4.1777630919785264e-01,  4.1361136444445146e+00,  0.0000000000000000e+00
 2.3976023976023977e+00,  6.3371870695943664e+02, -2.0061236020099985e-01,  2.7224819629929257e+01, -2.4104944262248146e-02,  8.7983837157950676e-02,  5.2037149665941584e-01,  1.5208948478126815e+03,  4.7566778067831139e+00, -1.5004353086923322e+04,  1.0021630567582887e+01,  2.6479410553375793e+00,  1.2522637641374623e+00,  8.7627773362475257e-03,  1.4346138173736110e-02, -1.8709036726598456e+00,  2.7433066213374402e-01,  3.7945894174292167e-03, -2.1071479374064261e-03,  1.2847340898735451e-01,  0.0000000000000000e+00,  4.0551920650383912e-02,  1.7101452731325445e-01,  1.0506278796377023e+01,  0.0000000000000000e+00
 2.4075924075924076e+00,  6.3371834241459999e+02, -2.0211561017541449e-01,  2.7223259818506321e+01, -2.4001793453265714e-02,  8.7985506484781734e-02,  5.1989250791340902e-01,  1.5272309133744357e+03,  4.8461469511855118e+00, -1.5004378243652416e+04,  1.0021633768222191e+01,  2.6478974898802750e+00,  1.2575379004721017e+00,  8.8027088693507713e-03,  1.4333621395321941e-02, -1.8690959571348289e+00,  2.7433066213374402e-01,  4.1845740283265789e-03, -1.3771402119759006e-03,  2.3285391817598042e-01,  0.0000000000000000e+00,  3.7522998451268913e-02, -2.4866980682061578e-02,  1.0390699143186124e+01,  0.0000000000000000e+00
 2.4175824175824174e+00,  6.3371797727605826e+02, -2.0356737446061912e-01,  2.7221722594139109e+01, -2.3898327107034538e-02,  8.7985208026961581e-02,  5.1943045392235632e-01,  1.5335669663410354e+03,  4.9361871449974180e+00, -1.5004403413790456e+04,  1.0021637787191501e+01,  2.6478546964485203e+00,  1.2628073870957002e+00,  8.8463852089413625e-03,  1.4318622884785543e-02, -1.8662512467222636e+00,  2.7433066213374402e-01,  4.5341560275284796e-03, -1.7387359861972588e-03,  2.1829112917233309e-01,  0.0000000000000000e+00,  3.2463317788971234e-02, -4.7524493317060816e-02, -1.3306169501714788e+01,  0.0000000000000000e+00
 2.4275724275724277e+00,  6.3371761149532938e+02, -2.0497026080638950e-01,  2.7220208090306055e+01, -2.3797112053217939e-02,  8.7985502443663793e-02,  5.1898926217435049e-01,  1.5399030066601870e+03,  5.0267983341009010e+00, -1.5004428597115924e+04,  1.0021642624581832e+01,  2.6478126437902314e+00,  1.2680724109347581e+00,  8.8933013973733193e-03,  1.4298881415577740e-02, -1.8647344960125045e+00,  2.7433066213374402e-01,  4.8103438358283353e-03, -1.6594532549896628e-03,  1.5546320758366974e-02,  0.0000000000000000e+00,  2.2829481432659289e-02,  6.3396896104821382e-02, -2.7283341142760801e+01,  0.0000000000000000e+00
 2.4375624375624376e+00,  6.3371724502228551e+02, -2.0632691222427427e-01,  2.7218716526299335e+01, -2.3702122687220516e-02,  8.7988915396983433e-02,  5.1857070531119509e-01,  1.5462390342797391e+03,  5.1179804603506485e+00, -1.5004453793406734e+04,  1.0021648248983134e+01,  2.6477713224569865e+00,  1.2733331970563841e+00,  8.9424959748919796e-03,  1.4285466975594940e-02, -1.8659406309228956e+00,  2.7433066213374402e-01,  4.9635670087670144e-03, -6.9622443734896667e-04, -1.9296046753594331e-01,  0.0000000000000000e+00,  7.8457977896422056e-03,  1.2944151318685276e-01, -1.4459717873759464e+01,  0.0000000000000000e+00
 2.4475524475524475e+00,  6.3371687784787628e+02, -2.0763931618876738e-01,  2.7217247042485909e+01, -2.3616407616967951e-02,  8.7991573955922275e-02,  5.1817165148980571e-01,  1.5525750491475626e+03,  5.2097334681728791e+00, -1.5004479002445518e+04,  1.0021654590791069e+01,  2.6477307205706579e+00,  1.2785899604579594e+00,  8.9924735653806511e-03,  1.4284970837408930e-02, -1.8685898500092266e+00,  2.7433066213374402e-01,  4.9575679877938098e-03, -4.1152047317243533e-04, -2.4984712441645918e-01,  0.0000000000000000e+00, -9.0468017884779185e-03, -7.2443779558710522e-02,  3.0710091662800574e+00,  0.0000000000000000e+00
 2.4575424575424574e+00,  6.3371650999134567e+02, -2.0890864949078708e-01,  2.7215798042463419e+01, -2.3540935704097311e-02,  8.7988004305661990e-02,  5.1778608838482043e-01,  1.5589110512113959e+03,  5.3020573098030486e+00, -1.5004504224025988e+04,  1.0021661557828859e+01,  2.6476907817033872e+00,  1.2838428612043575e+00,  9.0415482823404062e-03,  1.4277244788318768e-02, -1.8709325814606870e+00,  2.7433066213374402e-01,  4.7947954794287026e-03, -2.6691215866338786e-03, -2.4326691103901013e-01,  0.0000000000000000e+00, -2.3540254386194379e-02, -3.7952796335627065e-01, -1.7536504481157467e+00,  0.0000000000000000e+00
 2.4675324675324677e+00,  6.3371614146608533e+02, -2.1013543627797102e-01,  2.7214368691556654e+01, -2.3474487869137639e-02,  8.7978673957438636e-02,  5.1740799866628340e-01,  1.5652470404190233e+03,  5.3949519458186685e+00, -1.5004529457947772e+04,  1.0021669057375979e+01,  2.6476514293113689e+00,  1.2890919929636029e+00,  9.0882736748597471e-03,  1.4231641734778882e-02, -1.8734503277522638e+00,  2.7433066213374402e-01,  4.5017924029846007e-03, -6.9183565910540604e-03, -3.9717875582263668e-01,  0.0000000000000000e+00, -3.5118961517914229e-02, -4.7116888452864070e-01, -2.9059500877565963e+01,  0.0000000000000000e+00
 2.4775224775224776e+00,  6.3371577227017860e+02, -2.1131889221383199e-01,  2.7212959042249128e+01, -2.3417238043644116e-02,  8.7968207821705155e-02,  5.1702812758872296e-01,  1.5715830167185463e+03,  5.4884173450479805e+00, -1.5004554704006001e+04,  1.0021677001483647e+01,  2.6476126308925103e+00,  1.2943373827217433e+00,  9.1314941844979416e-03,  1.4139015885400603e-02, -1.8788682209376628e+00,  2.7433066213374402e-01,  4.0896211591621903e-03, -1.0925611604576498e-02, -6.2109043648922635e-01,  0.0000000000000000e+00, -4.7397721495351847e-02, -3.3108356917850895e-01, -1.5767617591882761e+01,  0.0000000000000000e+00
 2.4875124875124874e+00,  6.3371540237401496e+02, -2.1245692839249947e-01,  2.7211569422900151e+01, -2.3369661501199346e-02,  8.7960661218275324e-02,  5.1663585021619296e-01,  1.5779189800583395e+03,  5.5824534888662702e+00, -1.5004579961990259e+04,  1.0021685291366978e+01,  2.6475744160541166e+00,  1.2995789639144224e+00,  9.1699843873305192e-03,  1.4013347796625508e-02, -1.8858597270827178e+00,  2.7433066213374402e-01,  3.5626253820410145e-03, -1.3154095962950207e-02, -7.2014444171225578e-01,  0.0000000000000000e+00, -5.8106833084308772e-02, -1.1505899936791272e-01, -4.0629942537679433e+00,  0.0000000000000000e+00
 2.4975024975024973e+00,  6.3371503173666156e+02, -2.1354711260277462e-01,  2.7210199848412419e+01, -2.3330428391800634e-02,  8.7955810900165604e-02,  5.1622533437771467e-01,  1.5842549303869628e+03,  5.6770603697156199e+00, -1.5004605231688211e+04,  1.0021693828404214e+01,  2.6475368528654073e+00,  1.3048165856800313e+00,  9.2026755108124466e-03,  1.3876196785241761e-02, -1.8932567212715739e+00,  2.7433066213374402e-01,  2.9521840614196355e-03, -1.3958312327057668e-02, -7.2401617373405569e-01,  0.0000000000000000e+00, -6.4103519304076706e-02, -4.5945116726462801e-02,  3.2878735030002071e+00,  0.0000000000000000e+00
 2.5074925074925076e+00,  6.3371466032978390e+02, -2.1458735392925565e-01,  2.7208849732294251e+01, -2.3297561709252880e-02,  8.7950170604241665e-02,  5.1579597682689626e-01,  1.5905908676530648e+03,  5.7722379841888323e+00, -1.5004630512892536e+04,  1.0021702530481203e+01,  2.6474999931591636e+00,  1.3100500664371759e+00,  9.2289690838623806e-03,  1.3734460437443533e-02, -1.9003255846997820e+00,  2.7433066213374402e-01,  2.3127617466968458e-03, -1.4426977804534027e-02, -4.9533845188966841e-01,  0.0000000000000000e+00, -6.3908828103424464e-02, -4.7881711864303407e-02,  4.2493406410245647e+01,  0.0000000000000000e+00
 2.5174825174825175e+00,  6.3371428806991025e+02, -2.1557679240783553e-01,  2.7207519508108259e+01, -2.3267518481935857e-02,  8.7947309697627360e-02,  5.1535434538979752e-01,  1.5969267918053863e+03,  5.8679863259543250e+00, -1.5004655805399572e+04,  1.0021711341911299e+01,  2.6474638713090699e+00,  1.3152792460050666e+00,  9.2488845367204760e-03,  1.3587945480455863e-02, -1.9031535934372017e+00,  2.7433066213374402e-01,  1.7235347821923613e-03, -1.3010095081968178e-02, -1.0901026031493899e-01,  0.0000000000000000e+00, -5.4054410190382145e-02,  3.3154163292205591e-01,  3.4849497543016405e+01,  0.0000000000000000e+00
 2.5274725274725274e+00,  6.3371391479846773e+02, -2.1651618830536004e-01,  2.7206211043404128e+01, -2.3235963534827184e-02,  8.7954773200195471e-02,  5.1491138377025292e-01,  1.6032627027928645e+03,  5.9643053735122527e+00, -1.5004681108996834e+04,  1.0021720254207281e+01,  2.6474285829361981e+00,  1.3205040725092581e+00,  9.2634053432468430e-03,  1.3474518477763852e-02, -1.9025036118789016e+00,  2.7433066213374402e-01,  1.2673805741126487e-03, -7.8783628717395780e-03,  2.1515399010789876e-01,  0.0000000000000000e+00, -3.7267662267177343e-02,  6.9583115556572173e-01,  3.0048185391636469e+01,  0.0000000000000000e+00
 2.5374625374625372e+00,  6.3371354041390055e+02, -2.1740740706788420e-01,  2.7204924418462138e+01, -2.3199816558785728e-02,  8.7968680253251705e-02,  5.1447763508576583e-01,  1.6095986005643110e+03,  6.0611950906934693e+00, -1.5004706423474976e+04,  1.0021729301138011e+01,  2.6473942156279828e+00,  1.3257246030894210e+00,  9.2742068259135356e-03,  1.3430535632868661e-02, -1.8988548124160649e+00,  2.7433066213374402e-01,  9.9728180966854882e-04, -9.1678410328646122e-04,  5.2922757183887625e-01,  0.0000000000000000e+00, -1.6806110374526929e-02,  6.9787691387857342e-01,  3.2829345670906847e+01,  0.0000000000000000e+00
 2.5474525474525476e+00,  6.3371316486181831e+02, -2.1825361800907250e-01,  2.7203658430758995e+01, -2.3156405915511644e-02,  8.7981867652713625e-02,  5.1406463087441367e-01,  1.6159344850681889e+03,  6.1586554290715005e+00, -1.5004731748639964e+04,  1.0021738548624793e+01,  2.6473607772074574e+00,  1.3309409905949217e+00,  9.2833310537297313e-03,  1.3456201113062824e-02, -1.8919296344195833e+00,  2.7433066213374402e-01,  9.4204406402447600e-04,  4.7399556832130813e-03,  8.2102115912431928e-01,  0.0000000000000000e+00,  5.7475136965836711e-03,  4.3460239137862311e-01,  2.5587730503638237e+01,  0.0000000000000000e+00
 2.5574425574425574e+00,  6.3371278809865669e+02, -2.1905907324434618e-01,  2.7202411852541335e+01, -2.3104259210517550e-02,  8.7991027924359283e-02,  5.1368266176873756e-01,  1.6222703562526754e+03,  6.2566863275078113e+00, -1.5004757084313042e+04,  1.0021748089614130e+01,  2.6473282005227845e+00,  1.3361534883062918e+00,  9.2930288851348040e-03,  1.3525240042123668e-02, -1.8824507932527417e+00,  2.7433066213374402e-01,  1.1043719425659348e-03,  7.6747049847637793e-03,  1.0137804536504649e+00,  0.0000000000000000e+00,  2.6750527587412334e-02,  1.5293441879179298e-01,  1.3002680260491760e+01,  0.0000000000000000e+00
 2.5674325674325673e+00,  6.3371241008202651e+02, -2.1982849769304813e-01,  2.7201183819686054e+01, -2.3043403304733430e-02,  8.7995848459071657e-02,  5.1333861766387789e-01,  1.6286062140658207e+03,  6.3552877144686848e+00, -1.5004782430323419e+04,  1.0021758027241544e+01,  2.6472963886035563e+00,  1.3413624305279852e+00,  9.3053964272075719e-03,  1.3609541871999161e-02, -1.8716742807002935e+00,  2.7433066213374402e-01,  1.4543114536689666e-03,  8.0782421252644891e-03,  1.0628390968504295e+00,  0.0000000000000000e+00,  4.3307362535419988e-02, -7.2146283263510594e-02, -3.1811398918538258e+00,  0.0000000000000000e+00
 2.5774225774225776e+00,  6.3371203079202178e+02, -2.2056686168031103e-01,  2.7199973730453408e+01, -2.2975826490450886e-02,  8.7996944634758253e-02,  5.1303663625421292e-01,  1.6349420584556940e+03,  6.4544595113690466e+00, -1.5004807786504456e+04,  1.0021768458923752e+01,  2.6472652349540859e+00,  1.3465682077108665e+00,  9.3220860570362822e-03,  1.3686643481189894e-02, -1.8612152468621235e+00,  2.7433066213374402e-01,  1.9291426271229944e-03,  7.1430835966269819e-03,  1.0777729982437900e+00,  0.0000000000000000e+00,  5.1753838390075343e-02, -1.1507245416971650e-01,  6.1709069508045626e+00,  0.0000000000000000e+00
 2.5874125874125875e+00,  6.3371165017917019e+02, -2.2127895824584945e-01,  2.7198782203960761e+01, -2.2904970117878874e-02,  8.8000283578990646e-02,  5.1277737828021275e-01,  1.6412778893706268e+03,  6.5542016362778917e+00, -1.5004833152687615e+04,  1.0021779453095963e+01,  2.6472346571382048e+00,  1.3517712369655648e+00,  9.3439407354417980e-03,  1.3752260824978723e-02, -1.8501403546614563e+00,  2.7433066213374402e-01,  2.4526883558046767e-03,  7.1586431651032064e-03,  1.0800776391106461e+00,  0.0000000000000000e+00,  5.3060016491987827e-02,  1.1818747977862994e-01, -5.7095178492650263e+00,  0.0000000000000000e+00
 2.5974025974025974e+00,  6.3371126818550658e+02, -2.2196926334363395e-01,  2.7197609876547933e+01, -2.2833723839755713e-02,  8.8008437843823922e-02,  5.1255908044014520e-01,  1.6476137067591205e+03,  6.6545140059271128e+00, -1.5004858528697670e+04,  1.0021791047335469e+01,  2.6472046285033994e+00,  1.3569719425009574e+00,  9.3710908193900214e-03,  1.3829673314658487e-02, -1.8396352740527202e+00,  2.7433066213374402e-01,  2.9605412944570583e-03,  8.7812733921191644e-03,  1.0251020353818103e+00,  0.0000000000000000e+00,  4.8612141826220125e-02,  2.0666309166996849e-01, -5.2965980172480229e+00,  0.0000000000000000e+00
 2.6073926073926073e+00,  6.3371088481697655e+02, -2.2264161479348657e-01,  2.7196455858994618e+01, -2.2764403277539431e-02,  8.8015769048988543e-02,  5.1237782306211621e-01,  1.6539495105696110e+03,  6.7553965416794934e+00, -1.5004883914364471e+04,  1.0021803250799943e+01,  2.6471751076220955e+00,  1.3621707146576034e+00,  9.4030924096567235e-03,  1.3927710842803280e-02, -1.8296587955129688e+00,  2.7433066213374402e-01,  3.4067605337890815e-03,  9.6753291148533836e-03,  9.6840037551532820e-01,  0.0000000000000000e+00,  4.0720949888065315e-02, -2.7673135978531334e-02, -6.0550742880172743e+00,  0.0000000000000000e+00
 2.6173826173826176e+00,  6.3371050011691875e+02, -2.2329938795156842e-01,  2.7195318534686535e+01, -2.2698451004051347e-02,  8.8016693404988147e-02,  5.1222952184397108e-01,  1.6602853007504232e+03,  6.8568491721573919e+00, -1.5004909309529525e+04,  1.0021816052028404e+01,  2.6471459970298090e+00,  1.3673678922252313e+00,  9.4391579629222715e-03,  1.4022986583686529e-02, -1.8202866152012649e+00,  2.7433066213374402e-01,  3.7691616471933957e-03,  7.7643324487743498e-03,  9.3953837356811964e-01,  0.0000000000000000e+00,  3.1831753015477630e-02, -3.5490839657048717e-01,  2.7690149818617882e-01,  0.0000000000000000e+00
 2.6273726273726274e+00,  6.3371011412792507e+02, -2.2394559327928973e-01,  2.7194196783909401e+01, -2.2636090257192303e-02,  8.8010823700176516e-02,  5.1211063761652920e-01,  1.6666210772499694e+03,  6.9588718323275964e+00, -1.5004934714041032e+04,  1.0021829428228969e+01,  2.6471171775053679e+00,  1.3725637690807415e+00,  9.4784003346755734e-03,  1.4082842360261310e-02, -1.8108868000370821e+00,  2.7433066213374402e-01,  4.0508219115272734e-03,  3.6079716330028057e-03,  8.4712776492876540e-01,  0.0000000000000000e+00,  2.4556631904147072e-02, -4.7719503874700442e-01, -1.8777505347789290e+01,  0.0000000000000000e+00
 2.6373626373626373e+00,  6.3370972683960304e+02, -2.2458294346956986e-01,  2.7193091091411915e+01, -2.2577122418687832e-02,  8.8005891658102769e-02,  5.1201817310907172e-01,  1.6729568400169642e+03,  7.0614644607332373e+00, -1.5004960127744725e+04,  1.0021843357702579e+01,  2.6470885628821761e+00,  1.3777586133611592e+00,  9.5200934656500882e-03,  1.4095073929001270e-02, -1.8033609855323587e+00,  2.7433066213374402e-01,  4.2606595255259318e-03,  1.0031164756820403e-03,  6.5656880493712677e-01,  0.0000000000000000e+00,  1.7452858418384860e-02, -4.4296963748618925e-02, -1.9372398442537214e+01,  0.0000000000000000e+00
 2.6473526473526472e+00,  6.3370933816302886e+02, -2.2521355654297592e-01,  2.7192003506283946e+01, -2.2522611646496472e-02,  8.8011791941354098e-02,  5.1194818430040467e-01,  1.6792925890003944e+03,  7.1646269987125253e+00, -1.5004985550471300e+04,  1.0021857812989566e+01,  2.6470601820994766e+00,  1.3829526751576233e+00,  9.5635283971236430e-03,  1.4102884647487724e-02, -1.7977685421961807e+00,  2.7433066213374402e-01,  4.3960362426707185e-03,  2.8893903100745038e-03,  5.3246399672881195e-01,  0.0000000000000000e+00,  9.6495603540208748e-03,  4.2192898539398860e-01, -5.4733841607650948e+00,  0.0000000000000000e+00
 2.6573426573426575e+00,  6.3370894807687182e+02, -2.2583978083910361e-01,  2.7190934319091223e+01, -2.2473177918784865e-02,  8.8025030411499963e-02,  5.1190023122967809e-01,  1.6856283241491949e+03,  7.2683593908714021e+00, -1.5005010982049553e+04,  1.0021872756716451e+01,  2.6470320911329748e+00,  1.3881461861212567e+00,  9.6079263576115421e-03,  1.4152804005126635e-02, -1.7927223442390756e+00,  2.7433066213374402e-01,  4.4561358574848661e-03,  7.6782041559709056e-03,  5.1171401331569555e-01,  0.0000000000000000e+00,  2.3823825317714625e-03,  5.3679154655446093e-01,  1.3192374814592367e+00,  0.0000000000000000e+00
 2.6673326673326674e+00,  6.3370855657378604e+02, -2.2646431080433035e-01,  2.7189882732860273e+01, -2.2429119272890624e-02,  8.8039027596949482e-02,  5.1187570958545114e-01,  1.6919640454119956e+03,  7.3726615828707152e+00, -1.5005036422319115e+04,  1.0021888147062352e+01,  2.6470042903326934e+00,  1.3933393759210058e+00,  9.6525620805898750e-03,  1.4256295319934697e-02, -1.7875444859860767e+00,  2.7433066213374402e-01,  4.4469823639586127e-03,  1.1927869571499225e-02,  4.5690857972775423e-01,  0.0000000000000000e+00, -4.2149119357474925e-03,  3.1399146963426044e-01, -1.2291285285767557e+01,  0.0000000000000000e+00
 2.6773226773226773e+00,  6.3370816367788484e+02, -2.2708980600625517e-01,  2.7188847311674675e+01, -2.2391003212069823e-02,  8.8047647608878496e-02,  5.1187467621194815e-01,  1.6982997527369830e+03,  7.4775335208090690e+00, -1.5005061871132129e+04,  1.0021903939035838e+01,  2.6469767122241508e+00,  1.3985324755636006e+00,  9.6967771540942306e-03,  1.4391123077484259e-02, -1.7835933016870726e+00,  2.7433066213374402e-01,  4.3652873131195136e-03,  1.3215596504054610e-02,  3.4232506939847485e-01,  0.0000000000000000e+00, -1.2140437242240234e-02, -5.6188537736669424e-02, -1.0648333482154444e+01,  0.0000000000000000e+00
 2.6873126873126871e+00,  6.3370776941279132e+02, -2.2771797201584251e-01,  2.7187826893915343e+01, -2.2360139992386917e-02,  8.8049351345106996e-02,  5.1189193051967818e-01,  1.7046354460720991e+03,  7.5829751555167562e+00, -1.5005087328348282e+04,  1.0021920075656686e+01,  2.6469492545843800e+00,  1.4037256838760983e+00,  9.7397806083245296e-03,  1.4520343202133587e-02, -1.7807048242598336e+00,  2.7433066213374402e-01,  4.2004282637298235e-03,  1.1097400407446814e-02,  2.6791960311426616e-01,  0.0000000000000000e+00, -2.0864344445556585e-02, -3.6787432080415033e-01, -4.2476408679429172e+00,  0.0000000000000000e+00
 2.6973026973026974e+00,  6.3370737379002526e+02, -2.2834982565477935e-01,  2.7186820726996388e+01, -2.2336369034692133e-02,  8.8044795792044273e-02,  5.1192178369646335e-01,  1.7109711253652006e+03,  7.6889864455374441e+00, -1.5005112793828026e+04,  1.0021936490316770e+01,  2.6469218233158771e+00,  1.4089191414433890e+00,  9.7807017947281940e-03,  1.4612849359351331e-02, -1.7782402626638105e+00,  2.7433066213374402e-01,  3.9574988632217452e-03,  6.6170304996371210e-03,  2.1249817748742503e-01,  0.0000000000000000e+00, -2.7770121536160153e-02, -5.2909573473934068e-01, -6.8477285425505663e+00,  0.0000000000000000e+00
 2.7072927072927073e+00,  6.3370697681523120e+02, -2.2898565351574449e-01,  2.7185828719703480e+01, -2.2318810100245071e-02,  8.8037234479583226e-02,  5.1195800822115911e-01,  1.7173067905642538e+03,  7.7955673565166510e+00, -1.5005138267428309e+04,  1.0021953119964724e+01,  2.6468943537899365e+00,  1.4141129334968365e+00,  9.8188515146826073e-03,  1.4652551603724740e-02, -1.7764591064279169e+00,  2.7433066213374402e-01,  3.6568377190458264e-03,  1.5377080412964539e-03,  1.5597767586952052e-01,  0.0000000000000000e+00, -3.2422239527875880e-02, -4.8778462142047863e-01, -4.4676758813546904e+00,  0.0000000000000000e+00
 2.7172827172827172e+00,  6.3370657850093369e+02, -2.2962521204577591e-01,  2.7184851189744059e+01, -2.2306313197296323e-02,  8.8029970825945894e-02,  5.1199539749328704e-01,  1.7236424416175569e+03,  7.9027178607633104e+00, -1.5005163748999888e+04,  1.0021969909278006e+01,  2.6468668274883469e+00,  1.4193070931053822e+00,  9.8537654854184194e-03,  1.4643572796739871e-02, -1.7751238255835005e+00,  2.7433066213374402e-01,  3.3226021061838551e-03, -2.7126832461159675e-03,  1.2215346839926362e-01,  0.0000000000000000e+00, -3.4491730167091506e-02, -3.6314371431949799e-01, -2.3039304541908172e+00,  0.0000000000000000e+00
 2.7272727272727271e+00,  6.3370617888505740e+02, -2.3026812487241749e-01,  2.7183888178698993e+01, -2.2297416654531547e-02,  8.8023351284214887e-02,  5.1203122505412579e-01,  1.7299780784738309e+03,  8.0104379353602901e+00, -1.5005189238390643e+04,  1.0021986814063146e+01,  2.6468392523208193e+00,  1.4245016165631530e+00,  9.8852371711498164e-03,  1.4598352138267878e-02, -1.7740184776886709e+00,  2.7433066213374402e-01,  2.9801404300817957e-03, -5.8840868782654189e-03, -4.7942480373309386e-02,  0.0000000000000000e+00, -3.4069097388526766e-02, -2.7177129283684359e-01, -3.1749278490077497e+01,  0.0000000000000000e+00
 2.7372627372627374e+00,  6.3370577800336537e+02, -2.3091363986390953e-01,  2.7182939641819235e+01, -2.2291077420980635e-02,  8.8017782683533288e-02,  5.1206240562068994e-01,  1.7363137010822018e+03,  8.1187275607608740e+00, -1.5005214735449354e+04,  1.0022003803060477e+01,  2.6468116383638773e+00,  1.4296964768609404e+00,  9.9133087507547197e-03,  1.4526008623347953e-02, -1.7760817172992509e+00,  2.7433066213374402e-01,  2.6418930036006686e-03, -7.5717006984793488e-03, -3.9667036860424648e-01,  0.0000000000000000e+00, -3.3648037392994205e-02, -6.6088993969981677e-02, -3.8066044733755369e+01,  0.0000000000000000e+00
 2.7472527472527473e+00,  6.3370537582977295e+02, -2.3155993960449309e-01,  2.7182006384872341e+01, -2.2287288980092759e-02,  8.8017813377993734e-02,  5.1208248285448132e-01,  1.7426493093918773e+03,  8.2275867242179146e+00, -1.5005240240021549e+04,  1.0022020847789285e+01,  2.6467840313757445e+00,  1.4348916039674429e+00,  9.9380222461468333e-03,  1.4447069407029528e-02, -1.7819439595788658e+00,  2.7433066213374402e-01,  2.3067893498487850e-03, -6.8885338472149532e-03, -5.9103253089064345e-01,  0.0000000000000000e+00, -3.3439714088143890e-02,  2.0285899759315196e-01, -8.4526015597828918e-01,  0.0000000000000000e+00
 2.7572427572427571e+00,  6.3370497238092651e+02, -2.3220528005663343e-01,  2.7181088326671858e+01, -2.2284959718978963e-02,  8.8021077080331092e-02,  5.1208948499412021e-01,  1.7489849033519006e+03,  8.3370154205864235e+00, -1.5005265751950727e+04,  1.0022037921317807e+01,  2.6467565084978544e+00,  1.4400868809512870e+00,  9.9593984480543952e-03,  1.4388375579447556e-02, -1.7878905590752876e+00,  2.7433066213374402e-01,  1.9852389748922224e-03, -5.2856153931669005e-03, -6.3030502261032939e-01,  0.0000000000000000e+00, -3.0934670978160699e-02,  1.1804527690727187e-01, -7.0170926863029308e+00,  0.0000000000000000e+00
 2.7672327672327670e+00,  6.3370456776392939e+02, -2.3284837775938769e-01,  2.7180183801984459e+01, -2.2282990030383483e-02,  8.8019431476609622e-02,  5.1208436740561203e-01,  1.7553204829113342e+03,  8.4470136467634962e+00, -1.5005291271093063e+04,  1.0022055010238534e+01,  2.6467290848650644e+00,  1.4452821838624328e+00,  9.9776873605302938e-03,  1.4341462705867353e-02, -1.7945374665241269e+00,  2.7433066213374402e-01,  1.6896396271341471e-03, -5.9806192362866660e-03, -7.2500920693682447e-01,  0.0000000000000000e+00, -2.8244318442997907e-02, -2.5718504629986577e-01, -1.1942685015864305e+01,  0.0000000000000000e+00
 2.7772227772227773e+00,  6.3370416211605971e+02, -2.3348765080410805e-01,  2.7179291209963505e+01, -2.2281333930565531e-02,  8.8009467668309402e-02,  5.1206594635480429e-01,  1.7616560480195187e+03,  8.5575814021556198e+00, -1.5005316797317393e+04,  1.0022072105735727e+01,  2.6467017125060894e+00,  1.4504773777879436e+00,  9.9931574815635693e-03,  1.4268882687613655e-02, -1.8023762575155839e+00,  2.7433066213374402e-01,  1.4183484722594892e-03, -9.9465815821746604e-03, -7.7591955098793597e-01,  0.0000000000000000e+00, -2.6068170762908040e-02, -5.3680061534690238e-01,  1.7504341368318797e+00,  0.0000000000000000e+00
 2.7872127872127872e+00,  6.3370375553294548e+02, -2.3412139868219817e-01,  2.7178410104123099e+01, -2.2279622474818808e-02,  8.7994853531851963e-02,  5.1203320326848922e-01,  1.7679915986263836e+03,  8.6687186886945398e+00, -1.5005342330493833e+04,  1.0022089199672774e+01,  2.6466743510842541e+00,  1.4556723139621743e+00,  1.0006025991344670e-02,  1.4142729807122603e-02, -1.8100403546557542e+00,  2.7433066213374402e-01,  1.1707325103024163e-03, -1.5054415689318963e-02, -7.6114557924915494e-01,  0.0000000000000000e+00, -2.3504544820903701e-02, -4.8578777290333053e-01,  1.2073150052755017e+00,  0.0000000000000000e+00
 2.7972027972027971e+00,  6.3370334807412905e+02, -2.3474804710256353e-01,  2.7177541166557326e+01, -2.2277678617795445e-02,  8.7982822634525337e-02,  5.1198624802149251e-01,  1.7743271346825500e+03,  8.7804255076525806e+00, -1.5005367870486374e+04,  1.0022106287704794e+01,  2.6466470177821848e+00,  1.4608668506857390e+00,  1.0016548740510670e-02,  1.3968095161353540e-02, -1.8175839613966858e+00,  2.7433066213374402e-01,  9.4955450187363631e-04, -1.8021175999055870e-02, -7.9193763666808814e-01,  0.0000000000000000e+00, -2.0775292466533399e-02, -1.0815764110608099e-01, -7.3718849005491993e+00,  0.0000000000000000e+00
 2.8071928071928074e+00,  6.3370293974873982e+02, -2.3536609530028244e-01,  2.7176685699581146e+01, -2.2275539588762910e-02,  8.7979713568940479e-02,  5.1192553122922291e-01,  1.7806626561394241e+03,  8.8927018586818285e+00, -1.5005393417151912e+04,  1.0022123368064422e+01,  2.6466197972788437e+00,  1.4660608626505165e+00,  1.0024998109264223e-02,  1.3782666350598006e-02, -1.8258632844593126e+00,  2.7433066213374402e-01,  7.4735124113186615e-04, -1.6387010891357072e-02, -8.4072412223430082e-01,  0.0000000000000000e+00, -1.9705800333968574e-02,  4.3531749566737743e-01, -2.3951695098064745e+00,  0.0000000000000000e+00
 2.8171828171828173e+00,  6.3370253048042491e+02, -2.3597398607826719e-01,  2.7175845252889449e+01, -2.2274284108351215e-02,  8.7988768752312721e-02,  5.1185088629269737e-01,  1.7869981629487211e+03,  9.0055477408225659e+00, -1.5005418970342344e+04,  1.0022140431926987e+01,  2.6465928216880008e+00,  1.4712542319975779e+00,  1.0031480833240578e-02,  1.3640682356331417e-02, -1.8343816461566120e+00,  2.7433066213374402e-01,  5.5049643799034596e-04, -9.6749460499499628e-03, -8.0833796096181876e-01,  0.0000000000000000e+00, -1.9704531254966670e-02,  9.0843788558239491e-01,  8.8788789965613102e+00,  0.0000000000000000e+00
 2.8271728271728271e+00,  6.3370212016113919e+02, -2.3657055214916098e-01,  2.7175020769955193e+01, -2.2273796195439625e-02,  8.8007757294615546e-02,  5.1176426624832705e-01,  1.7933336550618144e+03,  9.1189631520056587e+00, -1.5005444529909506e+04,  1.0022157464942344e+01,  2.6465662269000880e+00,  1.4764468488495932e+00,  1.0035997039094200e-02,  1.3589360735214393e-02, -1.8420138930699381e+00,  2.7433066213374402e-01,  3.5721577886107359e-04, -9.6783857011481597e-07, -8.0996014981596964e-01,  0.0000000000000000e+00, -1.8990256702714103e-02,  1.0282925523358730e+00, -9.2036412051623184e+00,  0.0000000000000000e+00
 2.8371628371628370e+00,  6.3370170872983067e+02, -2.3715456072586563e-01,  2.7174211649273502e+01, -2.2274016660578561e-02,  8.8028165873338893e-02,  5.1166566409539416e-01,  1.7996691324292740e+03,  9.2329480891914013e+00, -1.5005470095713879e+04,  1.0022174456360927e+01,  2.6465400902571719e+00,  1.4816386098142076e+00,  1.0038618011639400e-02,  1.3640663018897449e-02, -1.8505646661329549e+00,  2.7433066213374402e-01,  1.6317193229503299e-04,  8.8459870276442008e-03, -8.9296608124206966e-01,  0.0000000000000000e+00, -1.9857321379806069e-02,  7.4286781188026008e-01, -7.4141462663467594e+00,  0.0000000000000000e+00
 2.8471528471528473e+00,  6.3370129615765984e+02, -2.3772412791558645e-01,  2.7173416845007132e+01, -2.2275474176876670e-02,  8.8044499715606767e-02,  5.1155210871577528e-01,  1.8060045950007313e+03,  9.3475025541145662e+00, -1.5005495667627407e+04,  1.0022191389332260e+01,  2.6465144120293811e+00,  1.4868293762063929e+00,  1.0039257217561633e-02,  1.3766103732769723e-02, -1.8598553732146350e+00,  2.7433066213374402e-01, -4.2172625657244446e-05,  1.4123080007159708e-02, -8.9580686555408784e-01,  0.0000000000000000e+00, -2.1252659122239441e-02,  3.1360620261873318e-01,  6.8454212470807398e+00,  0.0000000000000000e+00
 2.8571428571428572e+00,  6.3370088247769638e+02, -2.3827741424215360e-01,  2.7172634920412186e+01, -2.2277786927809601e-02,  8.8052580598270633e-02,  5.1142251208940537e-01,  1.8123400427251202e+03,  9.4626265522638882e+00, -1.5005521245528624e+04,  1.0022208244527484e+01,  2.6464891540481967e+00,  1.4920189821402154e+00,  1.0037775401736159e-02,  1.3922842439619923e-02, -1.8684629052049648e+00,  2.7433066213374402e-01, -2.5452013818742022e-04,  1.4676456221405183e-02, -8.8262363199869709e-01,  0.0000000000000000e+00, -2.1259312886301108e-02, -2.0282028452686440e-01, -4.2061378892878132e+00,  0.0000000000000000e+00
 2.8671328671328671e+00,  6.3370046778079688e+02, -2.3881260097953752e-01,  2.7171864191631872e+01, -2.2280204552073701e-02,  8.8049969857602259e-02,  5.1127630069814478e-01,  1.8186754755511199e+03,  9.5783200906850041e+00, -1.5005546829303108e+04,  1.0022225009461735e+01,  2.6464642444065678e+00,  1.4972072513499521e+00,  1.0034171900115331e-02,  1.4059339621309284e-02, -1.8774902110168066e+00,  2.7433066213374402e-01, -4.6451149630266620e-04,  1.0164703190192588e-02, -9.0584919684446852e-01,  0.0000000000000000e+00, -2.0780957008371626e-02, -7.0043267232190765e-01, -4.4362019283566129e-01,  0.0000000000000000e+00
 2.8771228771228770e+00,  6.3370005220159942e+02, -2.3932757231367210e-01,  2.7171103083245669e+01, -2.2282434992969561e-02,  8.8036485080107321e-02,  5.1111195919140795e-01,  1.8250108934276127e+03,  9.6945831790291983e+00, -1.5005572418841655e+04,  1.0022241675174728e+01,  2.6464395978877904e+00,  1.5023939913232345e+00,  1.0028494452759083e-02,  1.4125933412450942e-02, -1.8865617902568022e+00,  2.7433066213374402e-01, -6.6411906405451410e-04,  1.7029608804815493e-03, -8.2434600712460260e-01,  0.0000000000000000e+00, -1.9180478055550898e-02, -9.9360813808221038e-01,  1.6760558774748585e+01,  0.0000000000000000e+00
 2.8871128871128873e+00,  6.3369963585450625e+02, -2.3982067233874124e-01,  2.7170351075314073e+01, -2.2283450225236444e-02,  8.8017050383567136e-02,  5.1093139464430604e-01,  1.8313462963041006e+03,  9.8114158268492204e+00, -1.5005598014034520e+04,  1.0022258239077550e+01,  2.6464151530880327e+00,  1.5075790128933437e+00,  1.0020902787946409e-02,  1.4093364813726498e-02, -1.8939606607096060e+00,  2.7433066213374402e-01, -8.2941809422330077e-04, -7.2423646358323653e-03, -6.6249592676361824e-01,  0.0000000000000000e+00, -1.3912387784239838e-02, -7.9724603028381658e-01,  1.5641827313520144e+01,  0.0000000000000000e+00
 2.8971028971028971e+00,  6.3369921873761734e+02, -2.4029124941406521e-01,  2.7169609909669038e+01, -2.2281265213479999e-02,  8.8004815184944629e-02,  5.1074065978782579e-01,  1.8376816841309485e+03,  9.9288180360858096e+00, -1.5005623614762198e+04,  1.0022274717048562e+01,  2.6463909308586033e+00,  1.5127621835729992e+00,  1.0011922662664711e-02,  1.3981230822324419e-02, -1.8997984721102212e+00,  2.7433066213374402e-01, -9.3170344787241156e-04, -1.1464071224543021e-02, -6.7253706390325885e-01,  0.0000000000000000e+00, -6.5651400163080839e-03, -4.7939628775998944e-02, -1.7652062968873981e+01,  0.0000000000000000e+00
 2.9070929070929070e+00,  6.3369880080630458e+02, -2.4073838980660489e-01,  2.7168881994165233e+01, -2.2276472482362805e-02,  8.8008426686076058e-02,  5.1054041035212994e-01,  1.8440170568591579e+03,  1.0046789799987842e+01, -1.5005649220890369e+04,  1.0022291138582267e+01,  2.6463670671412176e+00,  1.5179434355550099e+00,  1.0002287334442465e-02,  1.3864312441607759e-02, -1.9073979646836969e+00,  2.7433066213374402e-01, -9.8248463190534841e-04, -8.1959730717238374e-03, -8.0561701048880530e-01,  0.0000000000000000e+00, -3.6012530270859971e-03,  7.0221287897040741e-01, -8.9905423375527214e+00,  0.0000000000000000e+00
 2.9170829170829169e+00,  6.3369838202059327e+02, -2.4116061542880909e-01,  2.7168168529452551e+01, -2.2270634629276396e-02,  8.8025512050614013e-02,  5.1032858479000209e-01,  1.8503524144399537e+03,  1.0165331113451643e+01, -1.5005674832281986e+04,  1.0022307517286469e+01,  2.6463437319510681e+00,  1.5231226911359186e+00,  9.9922926000891796e-03,  1.3817475116595673e-02, -1.9158947160760313e+00,  2.7433066213374402e-01, -1.0151858038024908e-03,  2.9156034910122331e-04, -8.1435323364201273e-01,  0.0000000000000000e+00, -2.9455215867263507e-03,  9.9699131187874646e-01,  7.2415504622766393e+00,  0.0000000000000000e+00
 2.9270729270729272e+00,  6.3369796234779619e+02, -2.4155653580044623e-01,  2.7167469030513580e+01, -2.2263664368506186e-02,  8.8046408418864339e-02,  5.1010457798130515e-01,  1.8566877568240698e+03,  1.0284441974950482e+01, -1.5005700448810036e+04,  1.0022323858420364e+01,  2.6463210343418120e+00,  1.5282998484680219e+00,  9.9820039017990587e-03,  1.3870137823208183e-02, -1.9236687585626584e+00,  2.7433066213374402e-01, -1.0399999569980307e-03,  8.9792180975729972e-03, -7.1297269607365399e-01,  0.0000000000000000e+00, -2.0222718830207082e-03,  7.4227776936528433e-01,  1.3054833158908552e+01,  0.0000000000000000e+00
 2.9370629370629371e+00,  6.3369754179147174e+02, -2.4192465411550235e-01,  2.7166781810191228e+01, -2.2254998135131085e-02,  8.8061159527944466e-02,  5.0986721261643209e-01,  1.8630230839613703e+03,  1.0404122386024886e+01, -1.5005726070362754e+04,  1.0022340170747164e+01,  2.6462989836756217e+00,  1.5334747816012033e+00,  9.9715133801691388e-03,  1.3996880073590141e-02, -1.9301399247887918e+00,  2.7433066213374402e-01, -1.0464586806945286e-03,  1.3862341385024509e-02, -4.2470511442519138e-01,  0.0000000000000000e+00,  7.2923539898653430e-04,  2.3532351278244690e-01,  4.4656336687116934e+01,  0.0000000000000000e+00
 2.9470529470529470e+00,  6.3369712036376404e+02, -2.4226417783693888e-01,  2.7166105704414029e+01, -2.2242327461653923e-02,  8.8068885761790408e-02,  5.0962023548460378e-01,  1.8693583958010349e+03,  1.0524372348955458e+01, -1.5005751696838772e+04,  1.0022356473986610e+01,  2.6462775265082863e+00,  1.5386473555937241e+00,  9.9610956364505170e-03,  1.4147107681050828e-02, -1.9321543752344903e+00,  2.7433066213374402e-01, -9.9913635693086493e-04,  1.4973514355045094e-02, -1.9761363263616555e-01,  0.0000000000000000e+00,  8.7446938184990372e-03, -1.2866684184323077e-02,  8.0737796704657316e-01,  0.0000000000000000e+00
 2.9570429570429568e+00,  6.3369669807756691e+02, -2.4257510843686841e-01,  2.7165440594453710e+01, -2.2224254951293813e-02,  8.8074377817014063e-02,  5.0936895211575184e-01,  1.8756936922923603e+03,  1.0645191857190461e+01, -1.5005777328136175e+04,  1.0022372816119741e+01,  2.6462566320603691e+00,  1.5438174999988865e+00,  9.9515506157948960e-03,  1.4296051189575054e-02, -1.9340882491171867e+00,  2.7433066213374402e-01, -8.7920358622771877e-04,  1.4856154533561414e-02, -1.7651320516158339e-01,  0.0000000000000000e+00,  1.5265846876266529e-02, -1.0628752076643606e-02,  3.4169276133638817e+00,  0.0000000000000000e+00
 2.9670329670329672e+00,  6.3369627492633583e+02, -2.4285751276834172e-01,  2.7164786867600078e+01, -2.2202144192563028e-02,  8.8082052795751389e-02,  5.0911664706103299e-01,  1.8820289733849231e+03,  1.0766580899218274e+01, -1.5005802964150729e+04,  1.0022389242812080e+01,  2.6462363045136943e+00,  1.5489851851814029e+00,  9.9435291312311817e-03,  1.4443933945457652e-02, -1.9356811126003561e+00,  2.7433066213374402e-01, -7.0740843807374164e-04,  1.5441703711447876e-02, -1.8259801551778931e-01,  0.0000000000000000e+00,  1.9127541784159329e-02,  1.2785569748951198e-01, -4.6351066466762916e+00,  0.0000000000000000e+00
 2.9770229770229770e+00,  6.3369585091357851e+02, -2.4311230361524297e-01,  2.7164144700876278e+01, -2.2177390395063456e-02,  8.8092020680105493e-02,  5.0886900830022230e-01,  1.8883642390285675e+03,  1.0888539457140640e+01, -1.5005828604777274e+04,  1.0022405789191183e+01,  2.6462165673235938e+00,  1.5541504334154967e+00,  9.9374165810681477e-03,  1.4604576738255335e-02, -1.9377365611155442e+00,  2.7433066213374402e-01, -5.1366762158494225e-04,  1.6848922035377592e-02, -2.6161591040791088e-01,  0.0000000000000000e+00,  1.9659369676901066e-02,  1.5386941096114606e-01, -1.1184275910325216e+01,  0.0000000000000000e+00
 2.9870129870129869e+00,  6.3369542605869117e+02, -2.4334064555542484e-01,  2.7163513742208202e+01, -2.2152219746699980e-02,  8.8101996171837338e-02,  5.0862966883412764e-01,  1.8946994891733270e+03,  1.1011067507805697e+01, -1.5005854249915656e+04,  1.0022422473958944e+01,  2.6461974165933015e+00,  1.5593133117704303e+00,  9.9332660418888254e-03,  1.4780575744366291e-02, -1.9409082037173973e+00,  2.7433066213374402e-01, -3.3216449581271670e-04,  1.7873228108136390e-02, -2.9800600343271200e-01,  0.0000000000000000e+00,  1.6677556102696688e-02,  5.1196664805245193e-02,  3.8989792867584541e+00,  0.0000000000000000e+00
 2.9970029970029972e+00,  6.3369500040435264e+02, -2.4354368493129147e-01,  2.7162893264043436e+01, -2.2128117954775286e-02,  8.8108598038207211e-02,  5.0839981217084018e-01,  1.9010347237692783e+03,  1.1134165026244812e+01, -1.5005879899471185e+04,  1.0022439296272950e+01,  2.6461788181305597e+00,  1.5644739054456227e+00,  9.9307799278051563e-03,  1.4961684192963358e-02, -1.9436907270182957e+00,  2.7433066213374402e-01, -1.8460753390471066e-04,  1.7183252454956874e-02, -2.1194360515058497e-01,  0.0000000000000000e+00,  1.2863347671285804e-02, -1.8932979057178331e-01,  1.3330712849323193e+01,  0.0000000000000000e+00
 3.0069930069930071e+00,  6.3369457401698207e+02, -2.4372253531549851e-01,  2.7162282403916269e+01, -2.2105251437493426e-02,  8.8109592172600296e-02,  5.0817942601624055e-01,  1.9073699427666238e+03,  1.1257831987345451e+01, -1.5005905553354405e+04,  1.0022456247758582e+01,  2.6461607038262307e+00,  1.5696322993885641e+00,  9.9295775796729470e-03,  1.5123897471738061e-02, -1.9451428411829434e+00,  2.7433066213374402e-01, -7.1064372247894641e-05,  1.4410814384191071e-02, -9.3647480913899225e-02,  0.0000000000000000e+00,  9.8679932924092793e-03, -3.6571231119560471e-01,  1.0352171222861921e+01,  0.0000000000000000e+00
 3.0169830169830170e+00,  6.3369414694303020e+02, -2.4387820242184144e-01,  2.7161681031493220e+01, -2.2083480079472528e-02,  8.8108204675465387e-02,  5.0796773095266134e-01,  1.9137051461157612e+03,  1.1382068365643315e+01, -1.5005931211475905e+04,  1.0022473320840948e+01,  2.6461430094076315e+00,  1.5747885760991571e+00,  9.9293600602277758e-03,  1.5249612552287852e-02, -1.9455618055580339e+00,  2.7433066213374402e-01,  9.9869840017794153e-06,  1.0954578014371082e-02, -1.0282266162076610e-01,  0.0000000000000000e+00,  6.3584882287756554e-03, -3.2622621004236518e-01, -1.2189042400376691e+01,  0.0000000000000000e+00
 3.0269730269730268e+00,  6.3369371923692177e+02, -2.4401112562550223e-01,  2.7161089221005351e+01, -2.2064137633991815e-02,  8.8106972719088045e-02,  5.0776145344255108e-01,  1.9200403337673633e+03,  1.1506874136675480e+01, -1.5005956873742227e+04,  1.0022490502954211e+01,  2.6461257120640340e+00,  1.5799428062671173e+00,  9.9297771198128427e-03,  1.5342770159337880e-02, -1.9471972400165252e+00,  2.7433066213374402e-01,  3.5943595817614740e-05,  7.9806848915062265e-03, -2.5441345620466838e-01,  0.0000000000000000e+00, -1.1619745432451510e-03, -2.6914719315513830e-01, -1.8159434675321219e+01,  0.0000000000000000e+00
 3.0369630369630372e+00,  6.3369329097088166e+02, -2.4412104972595355e-01,  2.7160506709288114e+01, -2.2049773578614953e-02,  8.8105526590224512e-02,  5.0755574200132447e-01,  1.9263755056723580e+03,  1.1632249281417165e+01, -1.5005982540060233e+04,  1.0022507758418687e+01,  2.6461088025844517e+00,  1.5850950195235263e+00,  9.9300782139903655e-03,  1.5409066795874391e-02, -1.9506449914961892e+00,  2.7433066213374402e-01, -3.1844459945873206e-05,  5.6196788910876276e-03, -4.1607389304774084e-01,  0.0000000000000000e+00, -1.2409194220604993e-02, -2.0352620812866012e-01, -1.4204984780661547e+01,  0.0000000000000000e+00
 3.0469530469530470e+00,  6.3369286217533215e+02, -2.4420695917435303e-01,  2.7159933553061236e+01, -2.2042301710420834e-02,  8.8105285171628689e-02,  5.0734446033010816e-01,  1.9327106617817972e+03,  1.1758193788104364e+01, -1.5006008210336897e+04,  1.0022525026518535e+01,  2.6460922863103784e+00,  1.5902451915683349e+00,  9.9291408668668712e-03,  1.5455051455863109e-02, -1.9555104047127838e+00,  2.7433066213374402e-01, -2.1769037733447019e-04,  4.2218233014493607e-03, -4.6814658815313420e-01,  0.0000000000000000e+00, -2.4797158440591861e-02, -7.6324480916940121e-02,  3.7800312205641489e+00,  0.0000000000000000e+00
 3.0569430569430569e+00,  6.3369243285617654e+02, -2.4426754869974940e-01,  2.7159369967563972e+01, -2.2042018812558246e-02,  8.8107385865621529e-02,  5.0712373751644590e-01,  1.9390458020466672e+03,  1.1884707651831956e+01, -1.5006033884477223e+04,  1.0022542231405422e+01,  2.6460761942681117e+00,  1.5953932454875588e+00,  9.9257287559017648e-03,  1.5493418909789463e-02, -1.9599985696810669e+00,  2.7433066213374402e-01, -5.1347910919281544e-04,  4.3896592311072008e-03, -4.7567239005543233e-01,  0.0000000000000000e+00, -3.4419745677449536e-02,  1.0992523403444016e-01, -5.2866967614042482e+00,  0.0000000000000000e+00
 3.0669330669330668e+00,  6.3369200297047439e+02, -2.4430126194264579e-01,  2.7158816629456616e+01, -2.2048206287135153e-02,  8.8114605135569291e-02,  5.0688998015837272e-01,  1.9453809264178099e+03,  1.2011790870518544e+01, -1.5006059562384566e+04,  1.0022559301125316e+01,  2.6460605796078633e+00,  1.6005390802805382e+00,  9.9188815440058760e-03,  1.5542756935006109e-02, -1.9650143485700351e+00,  2.7433066213374402e-01, -8.9693605878853836e-04,  6.8712194593473185e-03, -5.2860471997598046e-01,  0.0000000000000000e+00, -4.2348335631617211e-02,  3.8688312365925043e-01, -5.3103556886917183e+00,  0.0000000000000000e+00
 3.0769230769230771e+00,  6.3369157245588974e+02, -2.4430552365131361e-01,  2.7158274297998418e+01, -2.2060391093003021e-02,  8.8128163962050018e-02,  5.0663676502420896e-01,  1.9517160348456507e+03,  1.2139443448291107e+01, -1.5006085243958447e+04,  1.0022576165808941e+01,  2.6460455311730477e+00,  1.6056825439329818e+00,  9.9078079555263692e-03,  1.5630706011874326e-02, -1.9705601025477200e+00,  2.7433066213374402e-01, -1.3452417192099670e-03,  1.1773742100028519e-02, -5.0314078746306945e-01,  0.0000000000000000e+00, -4.7402457584751853e-02,  5.9460190900511534e-01,  1.0408234977776432e+01,  0.0000000000000000e+00
 3.0869130869130870e+00,  6.3369114124979478e+02, -2.4427808745940160e-01,  2.7157743479483592e+01, -2.2076730289057229e-02,  8.8146962684868116e-02,  5.0636352698571219e-01,  1.9580511272800900e+03,  1.2267665393775594e+01, -1.5006110929098666e+04,  1.0022592765066600e+01,  2.6460311400639420e+00,  1.6108234476214740e+00,  9.8920035875781041e-03,  1.5777996537404283e-02, -1.9750671115563103e+00,  2.7433066213374402e-01, -1.8211071786928589e-03,  1.8021510158479765e-02, -4.0707266874287518e-01,  0.0000000000000000e+00, -4.7865807403716092e-02,  6.5620125629675974e-01,  8.8246023900084651e+00,  0.0000000000000000e+00
 3.0969030969030968e+00,  6.3369070931868077e+02, -2.4421701402538623e-01,  2.7157223917889493e+01, -2.2095366926688492e-02,  8.8166952627699552e-02,  5.0607144564635054e-01,  1.9643862036704502e+03,  1.2396456714530444e+01, -1.5006136617708406e+04,  1.0022609058322665e+01,  2.6460174738878415e+00,  1.6159616074742613e+00,  9.8714221977103285e-03,  1.5990776144910880e-02, -1.9786934226025226e+00,  2.7433066213374402e-01, -2.2807139625957607e-03,  2.3530428167968138e-02, -2.5880992847267131e-01,  0.0000000000000000e+00, -4.4147470733645888e-02,  4.4668412920282574e-01,  2.0857598212086693e+01,  0.0000000000000000e+00
 3.1068931068931067e+00,  6.3369027668534000e+02, -2.4412132939506750e-01,  2.7156714413357371e+01, -2.2113968440004701e-02,  8.8182367072627402e-02,  5.0576661147345114e-01,  1.9707212639654826e+03,  1.2525817415290460e+01, -1.5006162309700707e+04,  1.0022625026373190e+01,  2.6460045412370059e+00,  1.6210968614216914e+00,  9.8464348770367308e-03,  1.6248134962338706e-02, -1.9802381390982218e+00,  2.7433066213374402e-01, -2.6771452038898288e-03,  2.6057812559467135e-02, -7.4165846381741035e-02,  0.0000000000000000e+00, -3.5218063773437815e-02,  5.9298225975392492e-02,  1.6108147022516938e+01,  0.0000000000000000e+00
 3.1168831168831170e+00,  6.3368984340628060e+02, -2.4399125836803626e-01,  2.7156213592723496e+01, -2.2129851285667579e-02,  8.8190195062872859e-02,  5.0545769487928682e-01,  1.9770563081137241e+03,  1.2655747491819914e+01, -1.5006188004998739e+04,  1.0022640678644116e+01,  2.6459922924884416e+00,  1.6262291172532146e+00,  9.8179327830471945e-03,  1.6511411760484655e-02, -1.9801752576950649e+00,  2.7433066213374402e-01, -2.9633903002207747e-03,  2.4737888368212911e-02,  4.5502286734048346e-02,  0.0000000000000000e+00, -2.2088204512016946e-02, -3.2354704906448539e-01,  7.8494132272638417e+00,  0.0000000000000000e+00
 3.1268731268731269e+00,  6.3368940955605240e+02, -2.4382758936071638e-01,  2.7155720278963688e+01, -2.2141005062790216e-02,  8.8190327167058713e-02,  5.0515137009082833e-01,  1.9833913360637923e+03,  1.2786246930913901e+01, -1.5006213703532338e+04,  1.0022656052878439e+01,  2.6459806513017341e+00,  1.6313583552801425e+00,  9.7872262796297217e-03,  1.6742398466199109e-02, -1.9793290025001389e+00,  2.7433066213374402e-01, -3.1153341922910333e-03,  2.0105268930362064e-02,  8.4563156871972620e-02,  0.0000000000000000e+00, -8.3309626804350390e-03, -6.0390336239336084e-01, -2.9427025651861796e-02,  0.0000000000000000e+00
 3.1368631368631368e+00,  6.3368897521124575e+02, -2.4363117694690586e-01,  2.7155233762708431e+01, -2.2146973632490380e-02,  8.8184235592385848e-02,  5.0485062852535678e-01,  1.9897263477646452e+03,  1.2917315713261269e+01, -1.5006239405233606e+04,  1.0022671201061113e+01,  2.6459695399981316e+00,  1.6364846052015709e+00,  9.7556883436407810e-03,  1.6913115435416959e-02, -1.9784856841311893e+00,  2.7433066213374402e-01, -3.1393943044034432e-03,  1.3525838068653217e-02,  9.1450903205769360e-02,  0.0000000000000000e+00,  3.5141282355305248e-03, -7.1329869612076557e-01,  1.4083538416779857e+00,  0.0000000000000000e+00
 3.1468531468531467e+00,  6.3368854043549243e+02, -2.4340269128285894e-01,  2.7154754012365739e+01, -2.2147765437138513e-02,  8.8175256264579338e-02,  5.0455574009282678e-01,  1.9960613431657378e+03,  1.3048953817031776e+01, -1.5006265110032107e+04,  1.0022686177664580e+01,  2.6459589037651829e+00,  1.6416079155456507e+00,  9.7245011187025807e-03,  1.7012644981057312e-02, -1.9775018116268968e+00,  2.7433066213374402e-01, -3.0562143246940193e-03,  6.8225117845238130e-03,  1.5476321576356933e-01,  0.0000000000000000e+00,  1.3138503702282138e-02, -6.2870722596189832e-01,  1.1266771132393904e+01,  0.0000000000000000e+00
 3.1568431568431570e+00,  6.3368810527860830e+02, -2.4314267786031957e-01,  2.7154281514871400e+01, -2.2143481355151755e-02,  8.8167119339816039e-02,  5.0426606717117983e-01,  2.0023963222170589e+03,  1.3181161219462773e+01, -1.5006290817851734e+04,  1.0022701036682408e+01,  2.6459487247810656e+00,  1.6467283382474045e+00,  9.6946251203701705e-03,  1.7049429357185668e-02, -1.9753935119880610e+00,  2.7433066213374402e-01, -2.8857501093962267e-03,  1.8218734877471173e-03,  2.5949917390840282e-01,  0.0000000000000000e+00,  2.0988432200335593e-02, -3.7242056105278548e-01,  9.7013676882015361e+00,  0.0000000000000000e+00
 3.1668331668331668e+00,  6.3368766975215328e+02, -2.4285171239431827e-01,  2.7153817194882421e+01, -2.2134108260477649e-02,  8.8163918295183344e-02,  5.0398135985034187e-01,  2.0087312848690779e+03,  1.3313937896412391e+01, -1.5006316528610521e+04,  1.0022715831776672e+01,  2.6459390245887437e+00,  1.6518459290284122e+00,  9.6668437738594987e-03,  1.7049046049743569e-02, -1.9723170129474081e+00,  2.7433066213374402e-01, -2.6470058149966219e-03, -1.5524661361507083e-04,  3.2121270351036718e-01,  0.0000000000000000e+00,  2.6808175538477710e-02, -2.3398883239920756e-02,  2.6536809381102864e+00,  0.0000000000000000e+00
 3.1768231768231767e+00,  6.3368723385000260e+02, -2.4253013058283326e-01,  2.7153361745669596e+01, -2.2120562480810620e-02,  8.8166422671651076e-02,  5.0370017328359218e-01,  2.0150662310724545e+03,  1.3447283823151164e+01, -1.5006342242222392e+04,  1.0022730613537245e+01,  2.6459298554732329e+00,  1.6569607423973878e+00,  9.6417378912993096e-03,  1.7046327526743808e-02, -1.9689756757540877e+00,  2.7433066213374402e-01, -2.3701614315994090e-03,  5.6740731918437665e-04,  3.8273784096699742e-01,  0.0000000000000000e+00,  2.8616070017645028e-02,  1.6807420058637182e-01,  9.6636515807072296e+00,  0.0000000000000000e+00
 3.1868131868131866e+00,  6.3368679759802012e+02, -2.4217807260058605e-01,  2.7152914945223021e+01, -2.2104390800129273e-02,  8.8170944292459141e-02,  5.0342094809694915e-01,  2.0214011607777943e+03,  1.3581198977173814e+01, -1.5006367958604760e+04,  1.0022745417589718e+01,  2.6459212539259749e+00,  1.6620728120934445e+00,  9.6194879011002703e-03,  1.7060382859317682e-02, -1.9646699032377779e+00,  2.7433066213374402e-01, -2.0879390921879734e-03,  2.4032205410884867e-03,  5.4459370177384125e-01,  0.0000000000000000e+00,  2.7884842332514422e-02,  1.9945560643883711e-01,  2.2739891752824697e+01,  0.0000000000000000e+00
 3.1968031968031969e+00,  6.3368636101252343e+02, -2.4179605554618575e-01,  2.7152476718264634e+01, -2.2086195330638637e-02,  8.8176859526289397e-02,  5.0314503040344161e-01,  2.0277360739356204e+03,  1.3715683336364506e+01, -1.5006393677680362e+04,  1.0022760267760569e+01,  2.6459132300374750e+00,  1.6671821646065343e+00,  9.6000208265203286e-03,  1.7094343921171151e-02, -1.9580946827116532e+00,  2.7433066213374402e-01, -1.8128147276774585e-03,  4.5668153920158452e-03,  6.6340731212921189e-01,  0.0000000000000000e+00,  2.7195055442490131e-02,  2.3369608271681541e-01,  1.0465930403202464e+00,  0.0000000000000000e+00
 3.2067932067932068e+00,  6.3368592410617293e+02, -2.4138494017616466e-01,  2.7152046996616139e+01, -2.2066265936825171e-02,  8.8183557349342218e-02,  5.0287471095958647e-01,  2.0340709704964372e+03,  1.3850736874848073e+01, -1.5006419399373715e+04,  1.0022775186172755e+01,  2.6459057902510632e+00,  1.6722888504425448e+00,  9.5832678266211998e-03,  1.7151627922095222e-02, -1.9514150118865448e+00,  2.7433066213374402e-01, -1.5511738337825049e-03,  6.6178588905715079e-03,  6.6599302102082403e-01,  0.0000000000000000e+00,  2.5185451515287022e-02,  1.7692282569400244e-01, -5.2893412022248931e-01,  0.0000000000000000e+00
 3.2167832167832167e+00,  6.3368548690412194e+02, -2.4094531063545158e-01,  2.7151625358715247e+01, -2.2045898996929811e-02,  8.8189539484726451e-02,  5.0260971615313288e-01,  2.0404058504105960e+03,  1.3986359566284026e+01, -1.5006445123614027e+04,  1.0022790186818250e+01,  2.6458989212704589e+00,  1.6773929243947041e+00,  9.5690283423288704e-03,  1.7226568874029721e-02, -1.9447881288451034e+00,  2.7433066213374402e-01, -1.3209274096703848e-03,  8.1320657414807040e-03,  6.2406688121680898e-01,  0.0000000000000000e+00,  2.0909882591953154e-02,  1.2622138585805256e-01, -7.8646790685382895e+00,  0.0000000000000000e+00
 3.2267732267732270e+00,  6.3368504945395762e+02, -2.4047807844846378e-01,  2.7151211618191745e+01, -2.2026868416020175e-02,  8.8195156025012322e-02,  5.0235208999156622e-01,  2.0467407136284094e+03,  1.4122551384137470e+01, -1.5006470850332375e+04,  1.0022805269145382e+01,  2.6458926074036442e+00,  1.6824944457974684e+00,  9.5568756705838292e-03,  1.7314106758088844e-02, -1.9389461431309640e+00,  2.7433066213374402e-01, -1.1459210300391273e-03,  8.9667983045736699e-03,  5.4318952070637971e-01,  0.0000000000000000e+00,  1.4126394610224262e-02,  4.0892073273157512e-02, -8.3269685056494716e+00,  0.0000000000000000e+00
 3.2367632367632369e+00,  6.3368461180864108e+02, -2.3998410286151639e-01,  2.7150805257863524e+01, -2.2010787989732317e-02,  8.8198309364151573e-02,  5.0210213636138190e-01,  2.0530755601004962e+03,  1.4259312301091095e+01, -1.5006496579463002e+04,  1.0022820413769285e+01,  2.6458868214315028e+00,  1.6875934867744649e+00,  9.5461328172531633e-03,  1.7405725683311914e-02, -1.9339351913684524e+00,  2.7433066213374402e-01, -1.0370640479504213e-03,  8.7190187852167946e-03,  5.7957514809286137e-01,  0.0000000000000000e+00,  7.6667732039393827e-03, -9.0497533048446266e-02,  1.5611371108421126e+01,  0.0000000000000000e+00
 3.2467532467532467e+00,  6.3368417399412442e+02, -2.3946472065318566e-01,  2.7150406076707430e+01, -2.1997136139053460e-02,  8.8199981447494122e-02,  5.0186281783248032e-01,  2.0594103897775340e+03,  1.4396642289400450e+01, -1.5006522310942526e+04,  1.0022835595736060e+01,  2.6458815214772979e+00,  1.6926901258217730e+00,  9.5361551101852196e-03,  1.7488312927623643e-02, -1.9273662200921458e+00,  2.7433066213374402e-01, -9.6224027739755095e-04,  8.3554862781323406e-03,  8.2202375833198726e-01,  0.0000000000000000e+00,  7.3129456607454405e-03,  1.7718325130137911e-02,  3.2926840661452445e+01,  0.0000000000000000e+00
 3.2567432567432566e+00,  6.3368373598431913e+02, -2.3892300270606120e-01,  2.7150015087880440e+01, -2.1982685040593593e-02,  8.8206630321608415e-02,  5.0164480165992986e-01,  2.0657452026105407e+03,  1.4534541311744130e+01, -1.5006548044703693e+04,  1.0022850812635825e+01,  2.6458766971944487e+00,  1.6977845165604719e+00,  9.5269072372851805e-03,  1.7572668466091779e-02, -1.9175111402529283e+00,  2.7433066213374402e-01, -8.5485857571108417e-04,  1.0108384202759767e-02,  9.9481971036286210e-01,  0.0000000000000000e+00,  1.4184871016881019e-02,  3.3321183938030685e-01,  1.6669089351334578e+00,  0.0000000000000000e+00
 3.2667332667332669e+00,  6.3368329771596700e+02, -2.3836326210993777e-01,  2.7149633310101610e+01, -2.1966258534900612e-02,  8.8220743520376718e-02,  5.0145854323377315e-01,  2.0720799985510125e+03,  1.4673009314662243e+01, -1.5006573780676164e+04,  1.0022866095021788e+01,  2.6458723637737585e+00,  1.7028769382708009e+00,  9.5190750187624205e-03,  1.7690278645960504e-02, -1.9074897024025779e+00,  2.7433066213374402e-01, -6.8269707579744136e-04,  1.4749915497954787e-02,  9.7182080364800338e-01,  0.0000000000000000e+00,  2.0281861265829901e-02,  5.9602272591772643e-01, -6.2712900594481260e+00,  0.0000000000000000e+00
 3.2767232767232768e+00,  6.3368285910121381e+02, -2.3779016571504441e-01,  2.7149261058742532e+01, -2.1949314075632626e-02,  8.8240222236811286e-02,  5.0131060886888701e-01,  2.0784147775503079e+03,  1.4812046234801965e+01, -1.5006599518792123e+04,  1.0022881472361719e+01,  2.6458685235855133e+00,  1.7079677505521249e+00,  9.5132669360704462e-03,  1.7867372072444525e-02, -1.8980941411790420e+00,  2.7433066213374402e-01, -4.6576696241174985e-04,  2.0842595474068828e-02,  8.8584173357304841e-01,  0.0000000000000000e+00,  2.3147547433988187e-02,  6.2373180530022654e-01, -1.0941719769562109e+01,  0.0000000000000000e+00
 3.2867132867132867e+00,  6.3368242007184642e+02, -2.3720887261590926e-01,  2.7148897757890968e+01, -2.1933570779361925e-02,  8.8260103700162268e-02,  5.0120619430130764e-01,  2.0847495395592596e+03,  1.4951652003094960e+01, -1.5006625258991904e+04,  1.0022896960147960e+01,  2.6458651303714142e+00,  1.7130573643069738e+00,  9.5097689855474007e-03,  1.8106714119967868e-02, -1.8897905668666530e+00,  2.7433066213374402e-01, -2.3979101697563050e-04,  2.6049713812845206e-02,  7.3275594259104515e-01,  0.0000000000000000e+00,  2.2092836842323424e-02,  4.1873328612281679e-01, -1.9706055585035294e+01,  0.0000000000000000e+00
 3.2967032967032965e+00,  6.3368198057987763e+02, -2.3662410342354165e-01,  2.7148542404327781e+01, -2.1921272815728126e-02,  8.8275789905119376e-02,  5.0114478507423221e-01,  2.0910842845280540e+03,  1.5091826549277174e+01, -1.5006651001224849e+04,  1.0022912554552130e+01,  2.6458620866176235e+00,  1.7181462068454396e+00,  9.5084759067602439e-03,  1.8387845874898969e-02, -1.8834536628055947e+00,  2.7433066213374402e-01, -5.1433452029353890e-05,  2.8409505144681008e-02,  4.3154434963324401e-01,  0.0000000000000000e+00,  1.5616347659920671e-02,  5.3696938510839932e-02, -4.0596505325113476e+01,  0.0000000000000000e+00
 3.3066933066933069e+00,  6.3368154059314702e+02, -2.3603880438730490e-01,  2.7148193955133259e+01, -2.1915501939570540e-02,  8.8284671555524857e-02,  5.0111603813589889e-01,  2.0974190124061597e+03,  1.5232569810920427e+01, -1.5006676745445728e+04,  1.0022928224307348e+01,  2.6458592624832682e+00,  1.7232346501933808e+00,  9.5087413441482128e-03,  1.8674336600381081e-02, -1.8811683021387160e+00,  2.7433066213374402e-01,  3.7099080597519915e-05,  2.7313969131187960e-02,  2.0322589358435428e-01,  0.0000000000000000e+00,  2.1078653719792768e-03, -2.7302324841214554e-01, -5.1128495758737698e+00,  0.0000000000000000e+00
 3.3166833166833167e+00,  6.3368110010239843e+02, -2.3545392561045811e-01,  2.7147851741981732e+01, -2.1918482097873216e-02,  8.8287251983410711e-02,  5.0110571173652219e-01,  2.1037537231423812e+03,  1.5373881743920455e+01, -1.5006702491606531e+04,  1.0022943900004373e+01,  2.6458565479490330e+00,  1.7283229260554889e+00,  9.5092171471318227e-03,  1.8933579523873759e-02, -1.8793932053913218e+00,  2.7433066213374402e-01, -1.0131031263117154e-05,  2.4043111940131021e-02,  1.3135370712193328e-01,  0.0000000000000000e+00, -1.1563333766479188e-02, -3.8180236123757089e-01, -9.2759621539037536e+00,  0.0000000000000000e+00
 3.3266733266733266e+00,  6.3368065908321262e+02, -2.3486999381195273e-01,  2.7147516287505500e+01, -2.1929543454918692e-02,  8.8290675281310432e-02,  5.0110515539010192e-01,  2.1100884166853807e+03,  1.5515762316883585e+01, -1.5006728239653263e+04,  1.0022959502632066e+01,  2.6458538838132331e+00,  1.7334111641928949e+00,  9.5085389259411575e-03,  1.9154718457326751e-02, -1.8785438524459701e+00,  2.7433066213374402e-01, -1.8838710684763806e-04,  2.1763912320283893e-02, -1.0506373023409041e-01,  0.0000000000000000e+00, -2.4123532565542314e-02, -7.4493402655829058e-02, -3.8054808804772740e+01,  0.0000000000000000e+00
 3.3366633366633365e+00,  6.3368021747472210e+02, -2.3428591216428740e-01,  2.7147188984117037e+01, -2.1949769361526920e-02,  8.8301974267948044e-02,  5.0110232244698572e-01,  2.1164230929838463e+03,  1.5658211508774414e+01, -1.5006753989519479e+04,  1.0022974949643430e+01,  2.6458513088745628e+00,  1.7384994127551681e+00,  9.5054531689730288e-03,  1.9368422926876429e-02, -1.8814923808205744e+00,  2.7433066213374402e-01, -4.9882954660451860e-04,  2.3250200557452329e-02, -3.2486617228237952e-01,  0.0000000000000000e+00, -3.8027043873786429e-02,  3.7204830773704034e-01, -5.9496400932964386e+00,  0.0000000000000000e+00
 3.3466533466533468e+00,  6.3367977519482668e+02, -2.3369989073575681e-01,  2.7146870945390550e+01, -2.1979285980617831e-02,  8.8322505002730575e-02,  5.0108925255213810e-01,  2.1227577519861784e+03,  1.5801229312453842e+01, -1.5006779741131568e+04,  1.0022990143556788e+01,  2.6458489220836743e+00,  1.7435876170717646e+00,  9.4985723016333748e-03,  1.9619257929004125e-02, -1.8850346850590047e+00,  2.7433066213374402e-01, -9.2998919522620596e-04,  2.8358053002916935e-02, -2.6074735895122281e-01,  0.0000000000000000e+00, -4.8291117780274471e-02,  6.5054375184496283e-01,  1.8786226522193875e+01,  0.0000000000000000e+00
 3.3566433566433567e+00,  6.3367933217797179e+02, -2.3311063063709839e-01,  2.7146562222635126e+01, -2.2016192233740732e-02,  8.8347603369088007e-02,  5.0106478969141444e-01,  2.1290923936402537e+03,  1.5944815726461124e+01, -1.5006805494418084e+04,  1.0023004994811975e+01,  2.6458468127039283e+00,  1.7486756790088556e+00,  9.4868719662712063e-03,  1.9935017392469181e-02, -1.8867021182621573e+00,  2.7433066213374402e-01, -1.4297988659346646e-03,  3.4695378337992480e-02, -4.7879252394950611e-02,  0.0000000000000000e+00, -5.1770778295553828e-02,  6.1818878023702095e-01,  2.3829968410372643e+01,  0.0000000000000000e+00
 3.3666333666333665e+00,  6.3367888837526027e+02, -2.3251764688257112e-01,  2.7146262083599197e+01, -2.2057214218742040e-02,  8.8371905395791372e-02,  5.0103274364823536e-01,  2.1354270178933884e+03,  1.6088970748358108e+01, -1.5006831249316909e+04,  1.0023019440333147e+01,  2.6458450138903764e+00,  1.7537635056397178e+00,  9.4700048917245906e-03,  2.0312472281411559e-02, -1.8859913134784843e+00,  2.7433066213374402e-01, -1.9211238651966121e-03,  3.9458466425836239e-02,  2.1629418454545202e-01,  0.0000000000000000e+00, -4.6592486556689204e-02,  3.3538145494930982e-01,  2.9057553665096577e+01,  0.0000000000000000e+00
 3.3766233766233764e+00,  6.3367844374754770e+02, -2.3192169112460115e-01,  2.7145969303773896e+01, -2.2097831566364017e-02,  8.8390571948478644e-02,  5.0100169078260570e-01,  2.1417616246923885e+03,  1.6233694369045466e+01, -1.5006857005776637e+04,  1.0023033458140045e+01,  2.6458434955482919e+00,  1.7588510543964322e+00,  9.4484878730604852e-03,  2.0723398340038328e-02, -1.8823805561333771e+00,  2.7433066213374402e-01, -2.3205058113616385e-03,  4.1120047551090493e-02,  3.9461467892470548e-01,  0.0000000000000000e+00, -3.3363779065558867e-02, -2.7329136732212665e-03,  6.6422093096318457e+00,  0.0000000000000000e+00
 3.3866133866133867e+00,  6.3367799824261238e+02, -2.3132434154077355e-01,  2.7145683230215848e+01, -2.2135120518145389e-02,  8.8404100097093749e-02,  5.0097927144414256e-01,  2.1480962139837293e+03,  1.6378986568252863e+01, -1.5006882763752083e+04,  1.0023047071455089e+01,  2.6458421908772936e+00,  1.7639383688195036e+00,  9.4236411392498321e-03,  2.1134051653061727e-02, -1.8781069043091594e+00,  2.7433066213374402e-01, -2.5767012395854893e-03,  4.0118965643855142e-02,  4.6273088949826546e-01,  0.0000000000000000e+00, -1.7926545664855544e-02, -1.9768368415529328e-01,  6.9946560471947139e+00,  0.0000000000000000e+00
 3.3966033966033966e+00,  6.3367755183883787e+02, -2.3072773635868368e-01,  2.7145403621946993e+01, -2.2167571702634333e-02,  8.8414147073239080e-02,  5.0097226371597781e-01,  2.1544307857138738e+03,  1.6524847317259013e+01, -1.5006908523197490e+04,  1.0023060325569322e+01,  2.6458410393334213e+00,  1.7690255593162716e+00,  9.3970053308110243e-03,  2.1524976075180297e-02, -1.8731351837158292e+00,  2.7433066213374402e-01, -2.6767067108650162e-03,  3.7538463705602550e-02,  4.4203734192805350e-01,  0.0000000000000000e+00, -2.0945496852936589e-03, -3.1893280388305173e-01, -1.1137504270753565e+01,  0.0000000000000000e+00
 3.4065934065934065e+00,  6.3367710455270185e+02, -2.3013452503276136e-01,  2.7145130160402527e+01, -2.2194844629681520e-02,  8.8421037831668908e-02,  5.0098596091691416e-01,  2.1607653398296434e+03,  1.6671276579062884e+01, -1.5006934284067416e+04,  1.0023073280291513e+01,  2.6458399776287953e+00,  1.7741128027411412e+00,  9.3701604856860961e-03,  2.1884070907918912e-02, -1.8692749893855221e+00,  2.7433066213374402e-01, -2.6354712540769044e-03,  3.3861876520127308e-02,  3.2517603687790969e-01,  0.0000000000000000e+00,  1.0349888134261499e-02, -4.1711995064893032e-01, -1.2258129000283500e+01,  0.0000000000000000e+00
 3.4165834165834168e+00,  6.3367665643237103e+02, -2.2954709401184631e-01,  2.7144862404896582e+01, -2.2218014860725149e-02,  8.8424550189855525e-02,  5.0102115042676010e-01,  2.1670998762782406e+03,  1.6818274313647347e+01, -1.5006960046317017e+04,  1.0023085991580114e+01,  2.6458389388181831e+00,  1.7792003039325435e+00,  9.3443485624977989e-03,  2.2201537044613417e-02, -1.8666381600019848e+00,  2.7433066213374402e-01, -2.4906538204060688e-03,  2.9307850515141537e-02,  2.5039008485155057e-01,  0.0000000000000000e+00,  1.8642562086639496e-02, -4.9459605554921199e-01, -2.7140185953934393e+00,  0.0000000000000000e+00
 3.4265734265734267e+00,  6.3367620754142604e+02, -2.2896742739719170e-01,  2.7144599948186922e+01, -2.2237683604285661e-02,  8.8425274946276028e-02,  5.0107580056626277e-01,  2.1734343950072880e+03,  1.6965840482588952e+01, -1.5006985809901858e+04,  1.0023098505636668e+01,  2.6458378588263920e+00,  1.7842882595260103e+00,  9.3203971725910693e-03,  2.2469642346782885e-02, -1.8642721904873891e+00,  2.7433066213374402e-01, -2.2754449996711750e-03,  2.4330656511650273e-02,  2.4653929559551910e-01,  0.0000000000000000e+00,  2.4442243824497015e-02, -5.0183818394985902e-01,  1.9430905863349319e+00,  0.0000000000000000e+00
 3.4365634365634365e+00,  6.3367575794025913e+02, -2.2839696658164935e-01,  2.7144342590389794e+01, -2.2253994103723491e-02,  8.8424783739282434e-02,  5.0114596537878286e-01,  2.1797688959647999e+03,  1.7113975051263278e+01, -1.5007011574776749e+04,  1.0023110864758083e+01,  2.6458366908309139e+00,  1.7893768385262216e+00,  9.2988851259409328e-03,  2.2687664047843187e-02, -1.8617122999501263e+00,  2.7433066213374402e-01, -2.0124256018577949e-03,  1.9795645624371788e-02,  2.7219728928355674e-01,  0.0000000000000000e+00,  2.8214239617742328e-02, -4.0607099568330424e-01,  3.1936397500102673e+00,  0.0000000000000000e+00
 3.4465534465534464e+00,  6.3367530766212883e+02, -2.2783663359841924e-01,  2.7144090509355703e+01, -2.2267208396719966e-02,  8.8425779397794668e-02,  5.0122717686233142e-01,  2.1861033790991414e+03,  1.7262677989928847e+01, -1.5007037340894694e+04,  1.0023123107965649e+01,  2.6458354165135876e+00,  1.7944661717362254e+00,  9.2801888688576473e-03,  2.2865159741875224e-02, -1.8588336832089964e+00,  2.7433066213374402e-01, -1.7244706996167548e-03,  1.6780977420790086e-02,  2.6953097589668007e-01,  0.0000000000000000e+00,  2.9434331810905549e-02, -1.9746557867367606e-01, -3.7274356900616175e+00,  0.0000000000000000e+00
 3.4565434565434567e+00,  6.3367485671350539e+02, -2.2728689112817405e-01,  2.7143844159345395e+01, -2.2278435149218866e-02,  8.8430486587691731e-02,  5.0131516644612073e-01,  2.1924378443589276e+03,  1.7411949273498259e+01, -1.5007063108205857e+04,  1.0023135266113879e+01,  2.6458340519603007e+00,  1.7995563522725053e+00,  9.2644301669076307e-03,  2.3022948311994841e-02, -1.8563270656664763e+00,  2.7433066213374402e-01, -1.4417818300353816e-03,  1.5968396165388699e-02,  2.3933943409461381e-01,  0.0000000000000000e+00,  2.7159979879284774e-02,  3.4786811342320444e-02, -2.3169109787119884e+00,  0.0000000000000000e+00
 3.4665334665334666e+00,  6.3367440508095171e+02, -2.2674786349461681e-01,  2.7143603998170953e+01, -2.2289274265517710e-02,  8.8439542586445694e-02,  5.0140647144035189e-01,  2.1987722916929101e+03,  1.7561788881414675e+01, -1.5007088876659000e+04,  1.0023147354021887e+01,  2.6458326325390087e+00,  1.8046474369653662e+00,  9.2513820390867103e-03,  2.3184208616308568e-02, -1.8540516765337793e+00,  2.7433066213374402e-01, -1.1974124516702246e-03,  1.7303611927465282e-02,  2.0282211689513810e-01,  0.0000000000000000e+00,  2.1762769669425461e-02,  2.3252338422534174e-01, -4.9938559246240972e+00,  0.0000000000000000e+00
 3.4765234765234765e+00,  6.3367395273610805e+02, -2.2621943861268895e-01,  2.7143370400061343e+01, -2.2301473278698809e-02,  8.8452428170433472e-02,  5.0149834648881753e-01,  2.2051067210498295e+03,  1.7712196796734553e+01, -1.5007114646202588e+04,  1.0023159368641890e+01,  2.6458312000621214e+00,  1.8097394531109423e+00,  9.2405058421989351e-03,  2.3368674824032105e-02, -1.8522746757185216e+00,  2.7433066213374402e-01, -1.0208670480811081e-03,  2.0019718228413853e-02,  1.3763914241916131e-01,  0.0000000000000000e+00,  1.3581620129116043e-02,  3.1124109722456850e-01, -8.0557755654666021e+00,  0.0000000000000000e+00
 3.4865134865134864e+00,  6.3367349966379663e+02, -2.2570122093293124e-01,  2.7143143298079426e+01, -2.2316730064365600e-02,  8.8466345553753808e-02,  5.0158826819665470e-01,  2.2114411323783020e+03,  1.7863173006180173e+01, -1.5007140416786926e+04,  1.0023171287740499e+01,  2.6458297832637228e+00,  1.8148323988540269e+00,  9.2309850950691059e-03,  2.3584202986506642e-02, -1.8513016437182117e+00,  2.7433066213374402e-01, -9.2784923860859795e-04,  2.2911463770621792e-02,  1.5861404681412697e-01,  0.0000000000000000e+00,  5.0405453272763696e-03,  2.6768636032555748e-01,  1.2254951425338938e+01,  0.0000000000000000e+00
 3.4965034965034967e+00,  6.3367304585727561e+02, -2.2519308951891737e-01,  2.7142922608459266e+01, -2.2334587729689031e-02,  8.8480632393851080e-02,  5.0167710639237573e-01,  2.2177755256267869e+03,  1.8014717498905796e+01, -1.5007166188364850e+04,  1.0023183079308808e+01,  2.6458283895867787e+00,  1.8199262550401709e+00,  9.2219673958730888e-03,  2.3826446327940638e-02, -1.8491055638940634e+00,  2.7433066213374402e-01, -8.9816846592073111e-04,  2.5560330227438949e-02,  2.1612706400327131e-01,  0.0000000000000000e+00,  9.0154536483448957e-04,  2.6261670432923229e-01, -7.4084538407236589e-01,  0.0000000000000000e+00
 3.5064935064935066e+00,  6.3367259130023069e+02, -2.2469548091356462e-01,  2.7142708468221013e+01, -2.2353772999305053e-02,  8.8495941091737806e-02,  5.0176789060395210e-01,  2.2241099007439216e+03,  1.8166830260879102e+01, -1.5007191960889861e+04,  1.0023194725243826e+01,  2.6458270264657187e+00,  1.8250210299988439e+00,  9.2130396711745857e-03,  2.4094898895146787e-02, -1.8469834206612032e+00,  2.7433066213374402e-01, -8.9591291091870137e-04,  2.8020618882750828e-02,  2.1034665990063756e-01,  0.0000000000000000e+00, -4.4998325342415877e-04,  2.2993308446408561e-01, -4.1639151727585200e-01,  0.0000000000000000e+00
 3.5164835164835164e+00,  6.3367213599355784e+02, -2.2420906179792585e-01,  2.7142500615363609e+01, -2.2373426051938244e-02,  8.8510479497311667e-02,  5.0186341059381678e-01,  2.2304442576783736e+03,  1.8319511275356032e+01, -1.5007217734317113e+04,  1.0023206217109816e+01,  2.6458256899883632e+00,  1.8301167568423291e+00,  9.2040670380125755e-03,  2.4386298853070518e-02, -1.8449028334265183e+00,  2.7433066213374402e-01, -8.9163431391029162e-04,  2.9493958194351719e-02,  2.7022517761107656e-01,  0.0000000000000000e+00,  1.3065583745077891e-03,  6.5029445718416776e-02,  1.2404070762905882e+01,  0.0000000000000000e+00
 3.5264735264735263e+00,  6.3367167999232379e+02, -2.2373521800166291e-01,  2.7142298156522553e+01, -2.2391977413005172e-02,  8.8520749926190717e-02,  5.0196865545713809e-01,  2.2367785963789688e+03,  1.8472760522119653e+01, -1.5007243508607546e+04,  1.0023217560376237e+01,  2.6458243408178563e+00,  1.8352135008375587e+00,  9.1952247997677868e-03,  2.4684188769159801e-02, -1.8415843162134296e+00,  2.7433066213374402e-01, -8.4839648763952421e-04,  2.8779736291566278e-02,  3.9450780167666871e-01,  0.0000000000000000e+00,  7.3496544448958456e-03, -2.0801667065592669e-01,  1.2477310575027149e+01,  0.0000000000000000e+00
 3.5364635364635366e+00,  6.3367122337134367e+02, -2.2327630194038089e-01,  2.7142100114074491e+01, -2.2406924152366805e-02,  8.8525046175830069e-02,  5.0209082479500589e-01,  2.2431129167949252e+03,  1.8626577974346983e+01, -1.5007269283728912e+04,  1.0023228782770941e+01,  2.6458229004335960e+00,  1.8403113821711874e+00,  9.1871160592385589e-03,  2.4961318559195724e-02, -1.8370205596667446e+00,  2.7433066213374402e-01, -7.2507719548023993e-04,  2.5710621087633882e-02,  3.3550753010531470e-01,  0.0000000000000000e+00,  1.7338867845392607e-02, -4.0642019317133238e-01, -2.4289164943612089e+01,  0.0000000000000000e+00
 3.5464535464535465e+00,  6.3367076616137263e+02, -2.2283472743910451e-01,  2.7141906324592934e+01, -2.2417182254930616e-02,  8.8526485701929850e-02,  5.0223304905715749e-01,  2.2494472188759200e+03,  1.8780963598089233e+01, -1.5007295059650360e+04,  1.0023239937008388e+01,  2.6458212855012775e+00,  1.8454105806994898e+00,  9.1807377429150346e-03,  2.5197887492189455e-02, -1.8348808690584781e+00,  2.7433066213374402e-01, -5.1154654250469393e-04,  2.2337710614842545e-02,  1.5216920771910533e-01,  0.0000000000000000e+00,  2.5409968880314649e-02, -2.6883648348159767e-01, -1.2415167198107872e+01,  0.0000000000000000e+00
 3.5564435564435564e+00,  6.3367030833865829e+02, -2.2241230082800525e-01,  2.7141717882152090e+01, -2.2423441333642765e-02,  8.8532826608434534e-02,  5.0239402337246941e-01,  2.2557815025718623e+03,  1.8935917359114445e+01, -1.5007320836332829e+04,  1.0023251074737606e+01,  2.6458194750757329e+00,  1.8505112871852625e+00,  9.1768953490986051e-03,  2.5407626463588177e-02, -1.8339802158561731e+00,  2.7433066213374402e-01, -2.2724312230690437e-04,  2.1299352775035831e-02,  8.5262774777222730e-02,  0.0000000000000000e+00,  3.1507575843283488e-02,  6.0957243952291386e-02, -9.7950067685718001e-01,  0.0000000000000000e+00
 3.5664335664335662e+00,  6.3366984990742901e+02, -2.2201107219004029e-01,  2.7141535292780315e+01, -2.2425840581187212e-02,  8.8544675153579486e-02,  5.0257411293447529e-01,  2.2621157678328696e+03,  1.9091439223746264e+01, -1.5007346613732538e+04,  1.0023262244728805e+01,  2.6458174947836528e+00,  1.8556136968033368e+00,  9.1761974207910206e-03,  2.5623448986196160e-02, -1.8331773171148773e+00,  2.7433066213374402e-01,  1.0448529212922534e-04,  2.2763227040419658e-02,  2.2307387159952792e-02,  0.0000000000000000e+00,  3.4904452726829370e-02,  2.3211038397764505e-01, -1.1624167924119792e+01,  0.0000000000000000e+00
 3.5764235764235766e+00,  6.3366939088371510e+02, -2.2163279597841973e-01,  2.7141358341910347e+01, -2.2425991783568612e-02,  8.8558770814069501e-02,  5.0277154410330516e-01,  2.2684500146091782e+03,  1.9247529159900530e+01, -1.5007372391810370e+04,  1.0023273487786138e+01,  2.6458153514214819e+00,  1.8607179979492221e+00,  9.1789829673229652e-03,  2.5862436194665498e-02, -1.8335345138150152e+00,  2.7433066213374402e-01,  4.4544383644333431e-04,  2.5066001636329653e-02, -5.2505154995219017e-02,  0.0000000000000000e+00,  3.3355447844854523e-02,  2.2890509012353066e-01, -3.3533030153454453e+00,  0.0000000000000000e+00
 3.5864135864135864e+00,  6.3366893127611752e+02, -2.2127880492133714e-01,  2.7141186642860607e+01, -2.2425969069467405e-02,  8.8572367076821701e-02,  5.0298339383610757e-01,  2.2747842428508761e+03,  1.9404187140054013e+01, -1.5007398170532162e+04,  1.0023284822815810e+01,  2.6458130265614290e+00,  1.8658243480222829e+00,  9.1850973975431353e-03,  2.6124268199709245e-02, -1.8342263711607358e+00,  2.7433066213374402e-01,  7.5328680516375060e-04,  2.6887928089525538e-02, -1.0289763216647575e-01,  0.0000000000000000e+00,  2.8274714492970063e-02,  1.3584458580616871e-01, -6.7352709143398872e+00,  0.0000000000000000e+00
 3.5964035964035963e+00,  6.3366847107875310e+02, -2.2095029470137911e-01,  2.7141020049529800e+01, -2.2427576890566847e-02,  8.8585107749840283e-02,  5.0320739507287693e-01,  2.2811184525079152e+03,  1.9561413140316098e+01, -1.5007423949866341e+04,  1.0023296249302428e+01,  2.6458104858934171e+00,  1.8709328772573304e+00,  9.1940336527408222e-03,  2.6399657535115553e-02, -1.8355904105615981e+00,  2.7433066213374402e-01,  9.9216660627328901e-04,  2.8129800013149759e-02, -1.9864139103434120e-01,  0.0000000000000000e+00,  1.9549021689160086e-02,  1.1277817330340288e-01, -1.2432629611006996e+01,  0.0000000000000000e+00
 3.6063936063936062e+00,  6.3366801027322731e+02, -2.2064778902041360e-01,  2.7140858797649368e+01, -2.2433183729634605e-02,  8.8598505720412016e-02,  5.0343891647372596e-01,  2.2874526435301063e+03,  1.9719207140793920e+01, -1.5007449729778977e+04,  1.0023307743180698e+01,  2.6458077106294247e+00,  1.8760436837779022e+00,  9.2049209061599840e-03,  2.6686302166005937e-02, -1.8381952301224609e+00,  2.7433066213374402e-01,  1.1230872606200835e-03,  2.9438415800108080e-02, -4.1153362565568713e-01,  0.0000000000000000e+00,  6.6612933110731807e-03,  1.4920670724577997e-01, -3.0188395760187447e+01,  0.0000000000000000e+00
 3.6163836163836165e+00,  6.3366754885482123e+02, -2.2037062140281577e-01,  2.7140703139593601e+01, -2.2445944396821689e-02,  8.8613560251686027e-02,  5.0366943596596991e-01,  2.2937868158670922e+03,  1.9877569129204950e+01, -1.5007475510233171e+04,  1.0023319252058636e+01,  2.6458047027811427e+00,  1.8811568067093378e+00,  9.2164729586473176e-03,  2.6987837670981854e-02, -1.8438128606246489e+00,  2.7433066213374402e-01,  1.1029241567155682e-03,  3.1143669451609256e-02, -5.5558789012366261e-01,  0.0000000000000000e+00, -1.0697946712757115e-02,  1.9218507378475227e-01,  1.3487320136990690e+00,  0.0000000000000000e+00
 3.6263736263736264e+00,  6.3366708681896921e+02, -2.2011723788644610e-01,  2.7140553064913135e+01, -2.2467252527601140e-02,  8.8629538698975649e-02,  5.0389125546870106e-01,  2.3001209694682352e+03,  2.0036499105395496e+01, -1.5007501291190074e+04,  1.0023330690332708e+01,  2.6458014828709198e+00,  1.8862721936888638e+00,  9.2269573528476079e-03,  2.7308553303900234e-02, -1.8492958872677889e+00,  2.7433066213374402e-01,  9.2709149751439102e-04,  3.2836994197683093e-02, -4.7336327795788857e-01,  0.0000000000000000e+00, -2.4503751659323388e-02,  1.4681854037908712e-01,  1.5112635341891487e+01,  0.0000000000000000e+00
 3.6363636363636362e+00,  6.3366662415770816e+02, -2.1988633933614968e-01,  2.7140408115287080e+01, -2.2495094231813516e-02,  8.8643999309608951e-02,  5.0410220084666446e-01,  2.3064551042825178e+03,  2.0195997075394310e+01, -1.5007527072612946e+04,  1.0023341976467618e+01,  2.6457980631604907e+00,  1.8913897438922975e+00,  9.2349962652909616e-03,  2.7643921471135355e-02, -1.8532706683760551e+00,  2.7433066213374402e-01,  6.4955726166945307e-04,  3.3523435007106549e-02, -3.0028943082551068e-01,  0.0000000000000000e+00, -3.1058602356829564e-02, -9.3930903323612355e-03,  1.9536748854008763e+01,  0.0000000000000000e+00
 3.6463536463536466e+00,  6.3366616088106923e+02, -2.1967704313458150e-01,  2.7140267637427669e+01, -2.2526335127261782e-02,  8.8655110866171546e-02,  5.0430371891375270e-01,  2.3127892202586281e+03,  2.0356063045966710e+01, -1.5007552854469443e+04,  1.0023353054905503e+01,  2.6457944321891791e+00,  1.8965093487631854e+00,  9.2399355199139308e-03,  2.7978352205141131e-02, -1.8552956760954715e+00,  2.7433066213374402e-01,  3.4263620804913912e-04,  3.2593757769690326e-02, -1.4867418830958204e-01,  0.0000000000000000e+00, -3.0386992577956646e-02, -1.7672829259836384e-01,  1.0816622697679835e+01,  0.0000000000000000e+00
 3.6563436563436564e+00,  6.3366569700827415e+02, -2.1948903768543698e-01,  2.7140131131056968e+01, -2.2558344634302185e-02,  8.8662431190379906e-02,  5.0449959037801395e-01,  2.3191233173452547e+03,  2.0516697020195757e+01, -1.5007578636729726e+04,  1.0023363901842332e+01,  2.6457905659657652e+00,  1.9016309266277300e+00,  9.2418421435736618e-03,  2.8295145402597706e-02, -1.8562411816289939e+00,  2.7433066213374402e-01,  6.5392671717817599e-05,  2.9941588135182485e-02, -9.2230245677887873e-02,  0.0000000000000000e+00, -2.5117163395574738e-02, -3.5423606823024967e-01,  4.8345461718564919e-01,  0.0000000000000000e+00
 3.6663336663336663e+00,  6.3366523259331757e+02, -2.1932249616766197e-01,  2.7139997956997281e+01, -2.2589154456996233e-02,  8.8664761801497100e-02,  5.0469419236431501e-01,  2.3254573954912489e+03,  2.0677898995952866e+01, -1.5007604419366215e+04,  1.0023374517462939e+01,  2.6457864258907362e+00,  1.9067544363901290e+00,  9.2412420668013997e-03,  2.8576585734315599e-02, -1.8571384382468779e+00,  2.7433066213374402e-01, -1.4414519278356983e-04,  2.5497856150251165e-02, -1.2214200266125838e-01,  0.0000000000000000e+00, -1.6832317077603510e-02, -5.3539907515301055e-01, -6.4717883652564954e+00,  0.0000000000000000e+00
 3.6763236763236762e+00,  6.3366476770854297e+02, -2.1917774478753821e-01,  2.7139867629489984e+01, -2.2617052988874325e-02,  8.8662459698566592e-02,  5.0489030764439768e-01,  2.3317914546458087e+03,  2.0839668966967583e+01, -1.5007630202352744e+04,  1.0023384922192719e+01,  2.6457819606237800e+00,  1.9118798724123627e+00,  9.2389621197418222e-03,  2.8804593077927394e-02, -1.8586815812825654e+00,  2.7433066213374402e-01, -2.6114458672438538e-04,  2.0054046089734746e-02, -1.9251953135194769e-01,  0.0000000000000000e+00, -6.5909615893489050e-03, -5.5445169896227542e-01, -7.6177928786201825e+00,  0.0000000000000000e+00
 3.6863136863136865e+00,  6.3366430239843180e+02, -2.1905507789710008e-01,  2.7139740549177020e+01, -2.2640465633482980e-02,  8.8660213070247046e-02,  5.0508906181378921e-01,  2.3381254947585503e+03,  2.1002006924619032e+01, -1.5007655985659307e+04,  1.0023395154447233e+01,  2.6457771430247594e+00,  1.9170072517685472e+00,  9.2360243927409724e-03,  2.8977265975868746e-02, -1.8609849823298339e+00,  2.7433066213374402e-01, -2.7245369037464556e-04,  1.5587522030304609e-02, -2.5654325421454349e-01,  0.0000000000000000e+00,  4.3268790385668394e-03, -3.3974641773562847e-01, -5.1997564384713701e+00,  0.0000000000000000e+00
 3.6963036963036964e+00,  6.3366383668557660e+02, -2.1895494884827219e-01,  2.7139617454353651e+01, -2.2658681507474323e-02,  8.8662468605618452e-02,  5.0529178320306056e-01,  2.3444595157794452e+03,  2.1164912858491935e+01, -1.5007681769249937e+04,  1.0023405265697267e+01,  2.6457719921514262e+00,  1.9221366106243380e+00,  9.2335184895645066e-03,  2.9116032079531885e-02, -1.8638073206275114e+00,  2.7433066213374402e-01, -1.8523731427038886e-04,  1.4078647821158981e-02, -3.1334469550309008e-01,  0.0000000000000000e+00,  1.3133839457506576e-02,  3.7669801064615892e-02, -6.1718921074944113e+00,  0.0000000000000000e+00
 3.7062937062937062e+00,  6.3366337056558348e+02, -2.1887760481547483e-01,  2.7139499368153032e+01, -2.2672891570228219e-02,  8.8672412974356712e-02,  5.0549754350395892e-01,  2.3507935176586566e+03,  2.1328386757116942e+01, -1.5007707553084110e+04,  1.0023415306496160e+01,  2.6457665688453411e+00,  1.9272679974004239e+00,  9.2323233475008048e-03,  2.9258557640627163e-02, -1.8672456156066188e+00,  2.7433066213374402e-01, -3.3227209267965667e-05,  1.6083432615913714e-02, -3.1736350425212129e-01,  0.0000000000000000e+00,  1.7298583563978901e-02,  3.6368811484528651e-01,  5.3673265959383532e+00,  0.0000000000000000e+00
 3.7162837162837161e+00,  6.3366290403280641e+02, -2.1882313363362194e-01,  2.7139386493580968e+01, -2.2684409902590602e-02,  8.8688218169071145e-02,  5.0570502157074304e-01,  2.3571275003462142e+03,  2.1492428611188046e+01, -1.5007733337122658e+04,  1.0023425311665870e+01,  2.6457609408092564e+00,  1.9324014464539725e+00,  9.2328546092594523e-03,  2.9437379384545142e-02, -1.8701482497833979e+00,  2.7433066213374402e-01,  1.4555558236866936e-04,  2.0287442786564323e-02, -2.8651930428467021e-01,  0.0000000000000000e+00,  1.8493731321675672e-02,  4.7795472131904398e-01,  8.0768223754412061e-01,  0.0000000000000000e+00
 3.7262737262737264e+00,  6.3366243708293746e+02, -2.1879138836340190e-01,  2.7139278387207689e+01, -2.2694181241089878e-02,  8.8705543697931460e-02,  5.0591223914859296e-01,  2.3634614637916525e+03,  2.1657038414104534e+01, -1.5007759121333451e+04,  1.0023435305073980e+01,  2.6457551472667942e+00,  1.9375369731419336e+00,  9.2352315509447343e-03,  2.9663901152846235e-02, -1.8729702770308880e+00,  2.7433066213374402e-01,  3.2201983651595313e-04,  2.4653027626679480e-02, -3.4298316760093772e-01,  0.0000000000000000e+00,  1.6834412358610166e-02,  3.9603536367200104e-01, -1.2111747673460764e+01,  0.0000000000000000e+00
 3.7362637362637363e+00,  6.3366196970141618e+02, -2.1878172721127540e-01,  2.7139174772044967e+01, -2.2703567251336567e-02,  8.8722387610714742e-02,  5.0611573861163939e-01,  2.3697954079439655e+03,  2.1822216163402071e+01, -1.5007784905690376e+04,  1.0023445297928580e+01,  2.6457491949133267e+00,  1.9426745617268779e+00,  9.2392885720270039e-03,  2.9929947369094188e-02, -1.8770010603248752e+00,  2.7433066213374402e-01,  4.6640030457912419e-04,  2.7992327701097729e-02, -4.5497383332800956e-01,  0.0000000000000000e+00,  1.2070557347634835e-02,  2.7249251122641338e-01, -1.0308783605097210e+01,  0.0000000000000000e+00
 3.7462537462537462e+00,  6.3366150189072903e+02, -2.1879280745489910e-01,  2.7139075336758772e+01, -2.2713767725102321e-02,  8.8737275217600067e-02,  5.0631057306443761e-01,  2.3761293327516441e+03,  2.1987961862820580e+01, -1.5007810690167675e+04,  1.0023455285032533e+01,  2.6457430859845639e+00,  1.9478141495268950e+00,  9.2445502383489125e-03,  3.0223188419601428e-02, -1.8820606633111678e+00,  2.7433066213374402e-01,  5.5306561129800271e-04,  2.9930278924159979e-02, -5.6767783651332826e-01,  0.0000000000000000e+00,  5.2798370574848562e-03,  1.1548532363065332e-01, -1.2254557832603851e+01,  0.0000000000000000e+00
 3.7562437562437561e+00,  6.3366103365576532e+02, -2.1882262631948682e-01,  2.7138979879527430e+01, -2.2725946388499809e-02,  8.8750147924276185e-02,  5.0649102314134564e-01,  2.3824632381628976e+03,  2.2154275523101326e+01, -1.5007836474740105e+04,  1.0023465247856597e+01,  2.6457368190618675e+00,  1.9529556208730956e+00,  9.2503388339909998e-03,  3.0527954940006468e-02, -1.8883432748406259e+00,  2.7433066213374402e-01,  5.6734624729909888e-04,  3.0713850144106075e-02, -5.6383765154543919e-01,  0.0000000000000000e+00, -2.4208537300627461e-03,  4.1385634602691609e-02,  1.3023362863172155e+01,  0.0000000000000000e+00
 3.7662337662337664e+00,  6.3366056498679848e+02, -2.1886911240275136e-01,  2.7138888681152057e+01, -2.2740023609727475e-02,  8.8763253837452039e-02,  5.0665467271555298e-01,  2.3887971241258092e+03,  2.2321157160859251e+01, -1.5007862259379144e+04,  1.0023475157858911e+01,  2.6457304108047510e+00,  1.9580988142793210e+00,  9.2558858277055379e-03,  3.0836851759144013e-02, -1.8933261508545334e+00,  2.7433066213374402e-01,  5.1973730898201894e-04,  3.1752925940780150e-02, -4.8935432626544334e-01,  0.0000000000000000e+00, -7.1104557210165649e-03,  1.6663733989145632e-01,  1.8881988578828561e+00,  0.0000000000000000e+00
 3.7762237762237763e+00,  6.3366009582825302e+02, -2.1893062038439201e-01,  2.7138802800681944e+01, -2.2754995453229981e-02,  8.8781086470663448e-02,  5.0680250776301661e-01,  2.3951309905884818e+03,  2.2488606791390808e+01, -1.5007888044050078e+04,  1.0023484994588751e+01,  2.6457239145518048e+00,  1.9632435743653958e+00,  9.2607231958088225e-03,  3.1162379034727357e-02, -1.8981205840567188e+00,  2.7433066213374402e-01,  4.3263257004829493e-04,  3.4342755843846683e-02, -4.8534305123786303e-01,  0.0000000000000000e+00, -1.0327913013517175e-02,  3.5184660670231993e-01, -1.0851415973591787e+00,  0.0000000000000000e+00
 3.7862137862137861e+00,  6.3365962613307397e+02, -2.1900519264723534e-01,  2.7138722551506664e+01, -2.2771246694784121e-02,  8.8802218970482391e-02,  5.0693340865795178e-01,  2.4014648374987719e+03,  2.2656624429329415e+01, -1.5007913828715093e+04,  1.0023494740725731e+01,  2.6457174001343322e+00,  1.9683897496929792e+00,  9.2645298350991102e-03,  3.1523020707073010e-02, -1.9030233147154296e+00,  2.7433066213374402e-01,  3.1638457352693798e-04,  3.7725822368596229e-02, -4.0753882763637772e-01,  0.0000000000000000e+00, -1.2944935890058755e-02,  3.2544331155254824e-01,  1.6661547162376728e+01,  0.0000000000000000e+00
 3.7962037962037960e+00,  6.3365915590544091e+02, -2.1909168698056028e-01,  2.7138647161205174e+01, -2.2787910128578379e-02,  8.8821672162963244e-02,  5.0705163312562973e-01,  2.4077986648040951e+03,  2.2825210089392829e+01, -1.5007939613342380e+04,  1.0023504378754767e+01,  2.6457108998908363e+00,  1.9735371902756957e+00,  9.2670445659092607e-03,  3.1916141719414585e-02, -1.9062632179755274e+00,  2.7433066213374402e-01,  1.9127682215871550e-04,  3.9755063992113628e-02, -3.6968949797731038e-01,  0.0000000000000000e+00, -1.2101635933858287e-02,  8.0810861475812817e-02, -9.0841113646325997e+00,  0.0000000000000000e+00
 3.8061938061938063e+00,  6.3365868516945773e+02, -2.1918948544952768e-01,  2.7138575468569591e+01, -2.2804155732976027e-02,  8.8835475792670607e-02,  5.0716118643442099e-01,  2.4141324724516394e+03,  2.2994363781095402e+01, -1.5007965397909822e+04,  1.0023513905399101e+01,  2.6457043912495575e+00,  1.9786857893345451e+00,  9.2683515498275561e-03,  3.2317327679942422e-02, -1.9104097182714199e+00,  2.7433066213374402e-01,  7.3324823622220384e-05,  3.8855653454360671e-02, -4.8426817130600897e-01,  0.0000000000000000e+00, -1.1512354173147785e-02, -2.6087285113395381e-01, -1.3854539035772616e+01,  0.0000000000000000e+00
 3.8161838161838162e+00,  6.3365821397910622e+02, -2.1929747078129619e-01,  2.7138506346499366e+01, -2.2820720616562491e-02,  8.8841885061809150e-02,  5.0726148216567224e-01,  2.4204662603883294e+03,  2.3164085513891727e+01, -1.5007991182400898e+04,  1.0023523316875822e+01,  2.6456978210516331e+00,  1.9838354465043160e+00,  9.2685095973502642e-03,  3.2692478451769452e-02, -1.9159389057139093e+00,  2.7433066213374402e-01, -4.9566831128920454e-05,  3.4909108513469754e-02, -6.0916629594764193e-01,  0.0000000000000000e+00, -1.3090555108030711e-02, -5.2922544603257693e-01, -1.1150065517479822e+01,  0.0000000000000000e+00
 3.8261738261738261e+00,  6.3365774239876191e+02, -2.1941408523789346e-01,  2.7138439243433808e+01, -2.2838647872957651e-02,  8.8842779476137473e-02,  5.0734976853126901e-01,  2.4268000285610988e+03,  2.3334375299957951e+01, -1.5008016966799378e+04,  1.0023532599281715e+01,  2.6456911423467950e+00,  1.9889860458843265e+00,  9.2673612035512540e-03,  3.3014812365526225e-02, -1.9225808730356084e+00,  2.7433066213374402e-01, -1.9540068622285754e-04,  2.9089628402501989e-02, -7.0222390214304664e-01,  0.0000000000000000e+00, -1.6105382681775835e-02, -6.3583447218318379e-01, -7.4800672428404358e+00,  0.0000000000000000e+00
 3.8361638361638359e+00,  6.3365727050659757e+02, -2.1953740143969344e-01,  2.7138373999501439e+01, -2.2858250669145083e-02,  8.8840640942609267e-02,  5.0742282546554540e-01,  2.4331337769171255e+03,  2.3505233155190915e+01, -1.5008042751085481e+04,  1.0023541730859238e+01,  2.6456843384368693e+00,  1.9941374452480507e+00,  9.2646054877354219e-03,  3.3273689808462792e-02, -1.9299693533091749e+00,  2.7433066213374402e-01, -3.7284229209307067e-04,  2.2971319582595753e-02, -7.5100422509296427e-01,  0.0000000000000000e+00, -1.9418426813442038e-02, -5.8905095356193027e-01, -2.2857534117364064e+00,  0.0000000000000000e+00
 3.8461538461538463e+00,  6.3365679836551431e+02, -2.1966507355738379e-01,  2.7138310879505106e+01, -2.2879642124165173e-02,  8.8838731160249360e-02,  5.0747700007834751e-01,  2.4394675054039876e+03,  2.3676659099186651e+01, -1.5008068535234779e+04,  1.0023550686792264e+01,  2.6456774276391557e+00,  1.9992894738221778e+00,  9.2599118071058379e-03,  3.3473779789753917e-02, -1.9375859524580454e+00,  2.7433066213374402e-01, -5.8140234976909418e-04,  1.8162334521435061e-02, -7.2395842145261646e-01,  0.0000000000000000e+00, -2.2335296733297434e-02, -3.7370785568243059e-01,  7.7003233005339764e+00,  0.0000000000000000e+00
 3.8561438561438561e+00,  6.3365632600871163e+02, -2.1979463353688775e-01,  2.7138250624301730e+01, -2.2902480816321701e-02,  8.8840791811706621e-02,  5.0751005536750171e-01,  2.4458012139696648e+03,  2.3848653154291242e+01, -1.5008094319217280e+04,  1.0023559442336285e+01,  2.6456704707840788e+00,  2.0044419376132225e+00,  9.2529890571706047e-03,  3.3636573615084875e-02, -1.9444340570345020e+00,  2.7433066213374402e-01, -8.1190982705085205e-04,  1.5933778939534068e-02, -6.3683003458499965e-01,  0.0000000000000000e+00, -2.3812300218507432e-02, -7.2448971814217306e-02,  9.7427797503659832e+00,  0.0000000000000000e+00
 3.8661338661338660e+00,  6.3365585345514273e+02, -2.1992367636897314e-01,  2.7138193923404870e+01, -2.2926026006372741e-02,  8.8848097309890239e-02,  5.0752136686808846e-01,  2.4521349025624486e+03,  2.4021215343441952e+01, -1.5008120102999401e+04,  1.0023567978096541e+01,  2.6456635569653102e+00,  2.0095946343005537e+00,  9.2436898325393875e-03,  3.3792137011323026e-02, -1.9503098292729304e+00,  2.7433066213374402e-01, -1.0487744710835421e-03,  1.6576156183794117e-02, -5.0714914246279685e-01,  0.0000000000000000e+00, -2.3608001516841316e-02,  2.0105289611514504e-01,  1.6219334852496345e+01,  0.0000000000000000e+00
 3.8761238761238763e+00,  6.3365538070878904e+02, -2.2005013422228989e-01,  2.7138141387833237e+01, -2.2949644256620456e-02,  8.8861011987008576e-02,  5.0751255201618051e-01,  2.4584685711307843e+03,  2.4194345688489797e+01, -1.5008145886547267e+04,  1.0023576282108941e+01,  2.6456567794817687e+00,  2.0147473664000954e+00,  9.2320345222838204e-03,  3.3967765546829017e-02, -1.9545669070337588e+00,  2.7433066213374402e-01, -1.2770083177359001e-03,  1.9681657435213908e-02, -3.9034370403621360e-01,  0.0000000000000000e+00, -2.2084414582960246e-02,  4.2066845441909106e-01,  7.1651139205053722e+00,  0.0000000000000000e+00
 3.8861138861138862e+00,  6.3365490776415606e+02, -2.2017233307289347e-01,  2.7138093383600371e+01, -2.2972945419184553e-02,  8.8878595831761026e-02,  5.0748621291990448e-01,  2.4648022196231277e+03,  2.4368044207739029e+01, -1.5008171669828385e+04,  1.0023584348550244e+01,  2.6456502254811083e+00,  2.0198999601307488e+00,  9.2181751808363722e-03,  3.4185376920118513e-02, -1.9581089042786490e+00,  2.7433066213374402e-01, -1.4858724096276489e-03,  2.4433906882702798e-02, -2.3895822898558297e-01,  0.0000000000000000e+00, -1.9730176613761710e-02,  5.3073188496808932e-01,  2.3142258184632652e+01,  0.0000000000000000e+00
 3.8961038961038961e+00,  6.3365443461788595e+02, -2.2028890251802422e-01,  2.7138050055533725e+01, -2.2995193150600054e-02,  8.8899788972673061e-02,  5.0744552212456229e-01,  2.4711358479878049e+03,  2.4542310916806432e+01, -1.5008197452814407e+04,  1.0023592176259749e+01,  2.6456439622658792e+00,  2.0250522619536708e+00,  9.2023467618516999e-03,  3.4455955494535360e-02, -1.9593412972232809e+00,  2.7433066213374402e-01, -1.6515744775666161e-03,  3.0312924658020830e-02,  1.7414018784442591e-02,  0.0000000000000000e+00, -1.3443377387619903e-02,  6.4624747365059443e-01,  2.8183465818927065e+01,  0.0000000000000000e+00
 3.9060939060939059e+00,  6.3365396125046459e+02, -2.2039981288763541e-01,  2.7138011955259941e+01, -2.3013717989924947e-02,  8.8925925018807084e-02,  5.0739886275675627e-01,  2.4774694561733013e+03,  2.4717145823564906e+01, -1.5008223235478938e+04,  1.0023599784409805e+01,  2.6456380500556840e+00,  2.0302041776846176e+00,  9.1851766897761006e-03,  3.4791029760438602e-02, -1.9577609718354034e+00,  2.7433066213374402e-01, -1.7335200949582278e-03,  3.6884956576776297e-02,  1.5785432910002917e-01,  0.0000000000000000e+00, -2.9621352141884984e-03,  6.6947331648440012e-01, -6.7315693745599703e-02,  0.0000000000000000e+00
 3.9160839160839163e+00,  6.3365348765645547e+02, -2.2050544702113453e-01,  2.7137978607694425e+01, -2.3027239391473307e-02,  8.8951868728383704e-02,  5.0735169141134140e-01,  2.4838030441282312e+03,  2.4892548926527674e+01, -1.5008249017800754e+04,  1.0023607217594991e+01,  2.6456325200223838e+00,  2.0353556852473416e+00,  9.1677109957186680e-03,  3.5192917663901528e-02, -1.9561873645739296e+00,  2.7433066213374402e-01, -1.7149752890086478e-03,  4.2082341037176736e-02,  1.3071249736995050e-01,  0.0000000000000000e+00,  6.6748053652943388e-03,  3.7104305248775676e-01, -5.3664790186160927e+00,  0.0000000000000000e+00
 3.9260739260739261e+00,  6.3365301385885266e+02, -2.2060628322577142e-01,  2.7137948729676946e+01, -2.3035981767801604e-02,  8.8971529391595083e-02,  5.0730720371612659e-01,  2.4901366118009478e+03,  2.5068520221273989e+01, -1.5008274799769320e+04,  1.0023614525076871e+01,  2.6456273303203850e+00,  2.0405067884581980e+00,  9.1509114492364669e-03,  3.5631835775167417e-02, -1.9551493335263135e+00,  2.7433066213374402e-01, -1.6123656848036946e-03,  4.3678339372725493e-02,  5.6128692070004628e-02,  0.0000000000000000e+00,  1.3867637396544905e-02, -5.1524185711096779e-02, -9.5651988024335868e+00,  0.0000000000000000e+00
 3.9360639360639360e+00,  6.3365253988627603e+02, -2.2070283786175177e-01,  2.7137921364763180e+01, -2.3040829603407205e-02,  8.8983437657301628e-02,  5.0726668697310640e-01,  2.4964701591396174e+03,  2.5245059701478535e+01, -1.5008300581379852e+04,  1.0023621751517167e+01,  2.6456223964162078e+00,  2.0456575091244162e+00,  9.1354958971211920e-03,  3.6065611757262667e-02, -1.9550659121849185e+00,  2.7433066213374402e-01, -1.4532093833517570e-03,  4.1496920842693269e-02,  4.9332976370649047e-02,  0.0000000000000000e+00,  1.7995454154133343e-02, -3.8519580400135972e-01,  8.2046965194225834e+00,  0.0000000000000000e+00
 3.9460539460539459e+00,  6.3365206578237326e+02, -2.2079551446850806e-01,  2.7137895989700915e+01, -2.3042400723468071e-02,  8.8988703874502251e-02,  5.0723024361603075e-01,  2.5028036860924067e+03,  2.5422167360812477e+01, -1.5008326362626200e+04,  1.0023628931710592e+01,  2.6456176354405567e+00,  2.0508078692738887e+00,  9.1218762967219466e-03,  3.6460945082713726e-02, -1.9541636596727541e+00,  2.7433066213374402e-01, -1.2571345685528275e-03,  3.6815646903533956e-02,  9.1662167931645055e-02,  0.0000000000000000e+00,  2.1258723768606293e-02, -5.5199523861815680e-01,  2.6960763108931235e-01,  0.0000000000000000e+00
 3.9560439560439562e+00,  6.3365159159775226e+02, -2.2088487167234910e-01,  2.7137872642564439e+01, -2.3040978729477239e-02,  8.8991455076269765e-02,  5.0719821297740431e-01,  2.5091371926077595e+03,  2.5599843190971558e+01, -1.5008352143499011e+04,  1.0023636099259248e+01,  2.6456129841673599e+00,  2.0559579035224393e+00,  9.1103783233239324e-03,  3.6801189117972644e-02, -1.9532345002382323e+00,  2.7433066213374402e-01, -1.0357096005236533e-03,  3.1771819760812170e-02,  1.7016529482664008e-01,  0.0000000000000000e+00,  2.3070554830833877e-02, -4.5777895535473334e-01,  1.5446718373288528e+01,  0.0000000000000000e+00
 3.9660339660339661e+00,  6.3365111737520579e+02, -2.2097127136168801e-01,  2.7137851806798533e+01, -2.3036778786386013e-02,  8.8995584262912125e-02,  5.0716984028743084e-01,  2.5154706786344241e+03,  2.5778087183153701e+01, -1.5008377923982202e+04,  1.0023643282890914e+01,  2.6456084288260331e+00,  2.0611076473285439e+00,  9.1011827982099853e-03,  3.7095746676336354e-02, -1.9507637536822118e+00,  2.7433066213374402e-01, -7.9682229833615470e-04,  2.8078718280025960e-02,  2.9402835476117289e-01,  0.0000000000000000e+00,  2.4754683067107489e-02, -2.8157996109879635e-01,  9.3506662256037885e+00,  0.0000000000000000e+00
 3.9760239760239759e+00,  6.3365064317098813e+02, -2.2105507980576991e-01,  2.7137833718734910e+01, -2.3029849212338225e-02,  8.9001911853221857e-02,  5.0714455336100361e-01,  2.5218041441213768e+03,  2.5956899327845122e+01, -1.5008403704057329e+04,  1.0023650512660870e+01,  2.6456039780559837e+00,  2.0662571370276144e+00,  9.0944577978826508e-03,  3.7362202470220908e-02, -1.9473598078354117e+00,  2.7433066213374402e-01, -5.4685593293812200e-04,  2.6083498869851177e-02,  3.6749721929259005e-01,  0.0000000000000000e+00,  2.5288583285579237e-02, -1.1786296481819961e-01,  5.3578004535860977e+00,  0.0000000000000000e+00
 3.9860139860139858e+00,  6.3365016904429456e+02, -2.2113652430409825e-01,  2.7137818521242004e+01, -2.3020716713463153e-02,  8.9010574528125663e-02,  5.0712159084128616e-01,  2.5281375890177042e+03,  2.6136279615972541e+01, -1.5008429483706168e+04,  1.0023657814650880e+01,  2.6455996472097980e+00,  2.0714064025446546e+00,  9.0902566057436893e-03,  3.7616895504904803e-02, -1.9434211518981441e+00,  2.7433066213374402e-01, -2.9486503589169798e-04,  2.5952840806952697e-02,  4.6238439734657893e-01,  0.0000000000000000e+00,  2.5159994303113005e-02,  9.1705220626035366e-02,  1.3638612592824146e+01,  0.0000000000000000e+00
 3.9960039960039961e+00,  6.3364969501728172e+02, -2.2121612469041321e-01,  2.7137807093320433e+01, -2.3009439310800628e-02,  8.9026139139958008e-02,  5.0710270528436541e-01,  2.5344710132726905e+03,  2.6316228038052088e+01, -1.5008455262910173e+04,  1.0023665211581703e+01,  2.6455954663974017e+00,  2.0765554783573856e+00,  9.0885663885741253e-03,  3.7880740748082106e-02, -1.9381213583379775e+00,  2.7433066213374402e-01, -3.9989137278138448e-05,  2.8944644330213473e-02,  5.5752406640721786e-01,  0.0000000000000000e+00,  2.5866160599322407e-02,  5.0725384473065938e-01,  5.4083491531133214e+00,  0.0000000000000000e+00
 4.0059940059940056e+00,  6.3364922104879793e+02, -2.2129482591674107e-01,  2.7137800454100145e+01, -2.2996097929096588e-02,  8.9050310073560540e-02,  5.0709056130531893e-01,  2.5408044168358101e+03,  2.6496744580497872e+01, -1.5008481041645962e+04,  1.0023672728736281e+01,  2.6455915117291888e+00,  2.0817044333293895e+00,  9.0894576219818883e-03,  3.8195210076937033e-02, -1.9322818099119861e+00,  2.7433066213374402e-01,  2.1709205969741040e-04,  3.4738161568532731e-02,  5.6231880495789832e-01,  0.0000000000000000e+00,  2.5601495035182904e-02,  6.5260830638099510e-01, -4.4484424952643833e+00,  0.0000000000000000e+00
 4.0159840159840163e+00,  6.3364874713833774e+02, -2.2137400842364469e-01,  2.7137797897788051e+01, -2.2981906644675459e-02,  8.9075716779507139e-02,  5.0708874733728726e-01,  2.5471377996561610e+03,  2.6677829227236987e+01, -1.5008506819898874e+04,  1.0023680385924912e+01,  2.6455878142919231e+00,  2.0868533592336731e+00,  9.0929038922643833e-03,  3.8574809910290560e-02, -1.9268862173797776e+00,  2.7433066213374402e-01,  4.5733474952155517e-04,  4.0111420342278874e-02,  4.8535788937945484e-01,  0.0000000000000000e+00,  2.2495091467611406e-02,  4.2311810012313078e-01, -1.0959132803537189e+01,  0.0000000000000000e+00
 4.0259740259740262e+00,  6.3364827328439446e+02, -2.2145519343301512e-01,  2.7137798232915411e+01, -2.2968995656507396e-02,  8.9095960259553950e-02,  5.0709940666268694e-01,  2.5534711616823911e+03,  2.6859481960404093e+01, -1.5008532597666286e+04,  1.0023688186568453e+01,  2.6455843277054294e+00,  2.0920023665738747e+00,  9.0985951794148867e-03,  3.8996637056802771e-02, -1.9225843495847239e+00,  2.7433066213374402e-01,  6.5468703040979376e-04,  4.2381537268540978e-02,  4.3316144408450924e-01,  0.0000000000000000e+00,  1.7014835166208338e-02,  3.1359308514152695e-02,  5.0940445548561253e-01,  0.0000000000000000e+00
 4.0359640359640361e+00,  6.3364779949318563e+02, -2.2154016887575850e-01,  2.7137800576179867e+01, -2.2958188399327943e-02,  8.9109175391472464e-02,  5.0712514435389389e-01,  2.5598045028628098e+03,  2.7041702761199719e+01, -1.5008558374951550e+04,  1.0023696117267855e+01,  2.6455809597393385e+00,  2.0971515765944733e+00,  9.1059845522126308e-03,  3.9421593871699960e-02, -1.9182316430723949e+00,  2.7433066213374402e-01,  8.0390700450175571e-04,  4.1240485666388139e-02,  4.3513631480774317e-01,  0.0000000000000000e+00,  1.2859003647002791e-02, -2.5979783926515332e-01, -1.1403533669416520e-01,  0.0000000000000000e+00
 4.0459540459540460e+00,  6.3364732577711595e+02, -2.2163116653816198e-01,  2.7137804777729073e+01, -2.2949440256417340e-02,  8.9117790753247550e-02,  5.0716906221397284e-01,  2.5661378231459498e+03,  2.7224491606678992e+01, -1.5008584151756750e+04,  1.0023704164411928e+01,  2.6455776169033349e+00,  2.1023011436804220e+00,  9.1146572574269096e-03,  3.9820622784402925e-02, -1.9138903173208330e+00,  2.7433066213374402e-01,  9.1935472638132200e-04,  3.8293228140559715e-02,  4.5075939552359301e-01,  0.0000000000000000e+00,  1.0253630273286645e-02, -3.3024311740570450e-01,  3.2417760960073347e+00,  0.0000000000000000e+00
 4.0559440559440558e+00,  6.3364685212820802e+02, -2.2173057784889738e-01,  2.7137811332503656e+01, -2.2942338362332278e-02,  8.9126132809699180e-02,  5.0723322458442899e-01,  2.5724711224807797e+03,  2.7407848469909244e+01, -1.5008609928077845e+04,  1.0023712316818145e+01,  2.6455742348563498e+00,  2.1074512519991413e+00,  9.1243532780144552e-03,  4.0186693335047798e-02, -1.9092254613436519e+00,  2.7433066213374402e-01,  1.0179631221401545e-03,  3.5648256019717293e-02,  4.6272391222861647e-01,  0.0000000000000000e+00,  9.4877705576318569e-03, -1.9928030118695345e-01, -8.4647985166161499e-01,  0.0000000000000000e+00
 4.0659340659340657e+00,  6.3364637852203293e+02, -2.2184079958895359e-01,  2.7137820891866603e+01, -2.2936428919374002e-02,  8.9137012660209264e-02,  5.0731845018697230e-01,  2.5788044008165530e+03,  2.7591773321037405e+01, -1.5008635703904660e+04,  1.0023720569437954e+01,  2.6455707856303916e+00,  2.1126021067615874e+00,  9.1349961809461932e-03,  4.0532875651929735e-02, -1.9046450843092724e+00,  2.7433066213374402e-01,  1.1124099530794940e-03,  3.4560920679271995e-02,  4.4160839503975091e-01,  0.0000000000000000e+00,  9.4204849964241253e-03, -1.8404233970198615e-02, -3.3808466895493132e+00,  0.0000000000000000e+00
 4.0759240759240756e+00,  6.3364590490684202e+02, -2.2196397942724824e-01,  2.7137834063732960e+01, -2.2931680290990471e-02,  8.9151669189613744e-02,  5.0742370461278929e-01,  2.5851376581025320e+03,  2.7776266129822176e+01, -1.5008661479223678e+04,  1.0023728920168601e+01,  2.6455672568525808e+00,  2.1177539160824495e+00,  9.1465792511029563e-03,  4.0877221220747530e-02, -1.9004021167874132e+00,  2.7433066213374402e-01,  1.2059529052445943e-03,  3.5405989903877715e-02,  4.4712474417032311e-01,  0.0000000000000000e+00,  9.3068140270390950e-03,  1.8758709273656465e-01,  4.4852197854934586e+00,  0.0000000000000000e+00
 4.0859140859140863e+00,  6.3364543122209318e+02, -2.2210216971553637e-01,  2.7137851313902111e+01, -2.2927627435733636e-02,  8.9169684907628513e-02,  5.0754837039884126e-01,  2.5914708942875673e+03,  2.7961326867338453e+01, -1.5008687254018156e+04,  1.0023737367042020e+01,  2.6455636526584412e+00,  2.1229068777342492e+00,  9.1590911440879441e-03,  4.1240288037621621e-02, -1.8957115229871877e+00,  2.7433066213374402e-01,  1.3051603644876498e-03,  3.7197414451713817e-02,  4.5859009536951867e-01,  0.0000000000000000e+00,  1.0554519313419955e-02,  1.7105610174021074e-01, -2.1898564754145804e+00,  0.0000000000000000e+00
 4.0959040959040962e+00,  6.3364495749283924e+02, -2.2225747657553202e-01,  2.7137871743176017e+01, -2.2923575218474452e-02,  8.9185673589720543e-02,  5.0769217530577204e-01,  2.5978041093200927e+03,  2.8146955505719387e+01, -1.5008713028277416e+04,  1.0023745915989192e+01,  2.6455599404000507e+00,  2.1280611840840487e+00,  9.1726563812625506e-03,  4.1620426304697880e-02, -1.8912394775192907e+00,  2.7433066213374402e-01,  1.4138513134101646e-03,  3.8027261485419871e-02,  4.1758755465845820e-01,  0.0000000000000000e+00,  1.1205408660855213e-02, -4.9207255926032364e-03, -6.0188521749437056e+00,  0.0000000000000000e+00
 4.1058941058941061e+00,  6.3364448375081849e+02, -2.2243158279906292e-01,  2.7137894581239173e+01, -2.2920147177817273e-02,  8.9197732562151147e-02,  5.0785278638161224e-01,  2.6041373031482512e+03,  2.8333152020155968e+01, -1.5008738801996711e+04,  1.0023754572399765e+01,  2.6455560576544968e+00,  2.1332170074379886e+00,  9.1873399215786564e-03,  4.2000073481885745e-02, -1.8873681153017041e+00,  2.7433066213374402e-01,  1.5199063130606626e-03,  3.6749079570896084e-02,  4.1142660145986487e-01,  0.0000000000000000e+00,  1.0026802269174724e-02, -2.5097129369506216e-01,  4.7854293445853076e+00,  0.0000000000000000e+00
 4.1158841158841160e+00,  6.3364401005901129e+02, -2.2262619149487023e-01,  2.7137918749954714e+01, -2.2917841888017397e-02,  8.9203914966236669e-02,  5.0802946130851634e-01,  2.6104704757199897e+03,  2.8519916389139503e+01, -1.5008764575175941e+04,  1.0023763333599929e+01,  2.6455519248471044e+00,  2.1383744979423747e+00,  9.2030241397652607e-03,  4.2354673648771719e-02, -1.8830191658018109e+00,  2.7433066213374402e-01,  1.6137242146690186e-03,  3.3162966999124466e-02,  4.2825588106004087e-01,  0.0000000000000000e+00,  8.7555416328183710e-03, -4.6696844317362324e-01, -1.4162075686300373e+00,  0.0000000000000000e+00
 4.1258741258741258e+00,  6.3364353647382688e+02, -2.2284299746070768e-01,  2.7137943651531952e+01, -2.2916610779070857e-02,  8.9205403270167821e-02,  5.0822158227700742e-01,  2.6168036269833187e+03,  2.8707248591799850e+01, -1.5008790347817378e+04,  1.0023772195527460e+01,  2.6455474603548699e+00,  2.1435338025956017e+00,  9.2195821636299850e-03,  4.2662670225124988e-02, -1.8788115542415635e+00,  2.7433066213374402e-01,  1.6960435135968898e-03,  2.8107226984974046e-02,  3.9201838611272749e-01,  0.0000000000000000e+00,  7.7247820125416408e-03, -5.4519070765930322e-01, -5.8385389198221889e+00,  0.0000000000000000e+00
 4.1358641358641357e+00,  6.3364306304961610e+02, -2.2308336647723531e-01,  2.7137969223075487e+01, -2.2916321442501417e-02,  8.9204746630862627e-02,  5.0842739148376836e-01,  2.6231367568864789e+03,  2.8895148608743238e+01, -1.5008816119921041e+04,  1.0023781154726079e+01,  2.6455426052230613e+00,  2.1486950586198699e+00,  9.2369111230539095e-03,  4.2916256605514451e-02, -1.8751866306147436e+00,  2.7433066213374402e-01,  1.7678044537482545e-03,  2.2988512581916570e-02,  3.0633110458847729e-01,  0.0000000000000000e+00,  6.6417582057617351e-03, -4.7957591583281539e-01, -1.1316054841332903e+01,  0.0000000000000000e+00
 4.1458541458541456e+00,  6.3364258982791148e+02, -2.2334847928366919e-01,  2.7137995863895672e+01, -2.2917249694779790e-02,  8.9204828140873590e-02,  5.0864530995698432e-01,  2.6294698653781002e+03,  2.9083616422314968e+01, -1.5008841891482620e+04,  1.0023790207081484e+01,  2.6455373297993638e+00,  2.1538583916520602e+00,  9.2549029319366431e-03,  4.3121981165822616e-02, -1.8726910526513842e+00,  2.7433066213374402e-01,  1.8236050016394044e-03,  1.9154074623957764e-02,  1.7323789109798088e-01,  0.0000000000000000e+00,  4.5295114820466196e-03, -2.8807856335054655e-01, -1.5329206499464783e+01,  0.0000000000000000e+00
 4.1558441558441555e+00,  6.3364211682813118e+02, -2.2363937237970599e-01,  2.7138024289758008e+01, -2.2920241849446667e-02,  8.9208252409396949e-02,  5.0887397008278312e-01,  2.6358029524071594e+03,  2.9272652016318172e+01, -1.5008867662492266e+04,  1.0023799342294799e+01,  2.6455316349626252e+00,  2.1590239182250310e+00,  9.2733467874223287e-03,  4.3298955399199916e-02, -1.8717253340893094e+00,  2.7433066213374402e-01,  1.8502848245008910e-03,  1.7459523689368168e-02,  7.3711089758678261e-03,  0.0000000000000000e+00,  8.1178905483944488e-04, -5.1170533754134627e-02, -1.7877323281380981e+01,  0.0000000000000000e+00
 4.1658341658341662e+00,  6.3364164405854012e+02, -2.2395680544960267e-01,  2.7138055102549771e+01, -2.2926248825462736e-02,  8.9215553513399895e-02,  5.0911128675073647e-01,  2.6421360179227904e+03,  2.9462255376668274e+01, -1.5008893432936406e+04,  1.0023808539839756e+01,  2.6455255408250729e+00,  2.1641917415361349e+00,  9.2918716596988998e-03,  4.3470822797977836e-02, -1.8725437777467715e+00,  2.7433066213374402e-01,  1.8341021585109125e-03,  1.7923287693714537e-02, -1.3131855938482834e-01,  0.0000000000000000e+00, -4.0515587860330557e-03,  1.4401608742427457e-01, -9.8883483244294776e+00,  0.0000000000000000e+00
 4.1758241758241761e+00,  6.3364117153148140e+02, -2.2430106570820058e-01,  2.7138088760244553e+01, -2.2935715999278745e-02,  8.9227186787642965e-02,  5.0935373418508134e-01,  2.6484690618741379e+03,  2.9652426493336385e+01, -1.5008919202799934e+04,  1.0023817770491300e+01,  2.6455190722403419e+00,  2.1693619373066890e+00,  9.3099921851947758e-03,  4.3657063045427991e-02, -1.8743490815295658e+00,  2.7433066213374402e-01,  1.7746360327586847e-03,  2.0276165584590333e-02, -1.6956392078572016e-01,  0.0000000000000000e+00, -7.8535595895790431e-03,  3.2703006632889325e-01,  2.2316269719728945e+00,  0.0000000000000000e+00
 4.1858141858141860e+00,  6.3364069923796853e+02, -2.2467235943852287e-01,  2.7138125530214534e+01, -2.2947405430416290e-02,  8.9242650347374219e-02,  5.0959967083621061e-01,  2.6548020842103829e+03,  2.9843165360441908e+01, -1.5008944972067511e+04,  1.0023827006969602e+01,  2.6455122639907764e+00,  2.1745345536516205e+00,  9.3273289230906813e-03,  4.3875940991476139e-02, -1.8759316682719607e+00,  2.7433066213374402e-01,  1.6921053292450461e-03,  2.3924877808521077e-02, -1.6397722308615045e-01,  0.0000000000000000e+00, -8.6690872538515967e-03,  4.0344212090205045e-01, -1.1131700925190258e+00,  0.0000000000000000e+00
 4.1958041958041958e+00,  6.3364022714139799e+02, -2.2507083219830509e-01,  2.7138165329365897e+01, -2.2960240245742763e-02,  8.9259965595559917e-02,  5.0984797855553154e-01,  2.6611350848805237e+03,  3.0034471974435625e+01, -1.5008970740726900e+04,  1.0023836234985611e+01,  2.6455051374039651e+00,  2.1797096259983237e+00,  9.3438004834813897e-03,  4.4135082582061773e-02, -1.8776253497230952e+00,  2.7433066213374402e-01,  1.6065129938402100e-03,  2.7777449323087639e-02, -1.7551593875409549e-01,  0.0000000000000000e+00, -8.4664982941967740e-03,  3.6784269631418409e-01, -1.1968807842035967e+00,  0.0000000000000000e+00
 4.2057942057942057e+00,  6.3363975518772099e+02, -2.2549674943388523e-01,  2.7138207979025292e+01, -2.2974071291533130e-02,  8.9277317420747793e-02,  5.1009885117784481e-01,  2.6674680638332534e+03,  3.0226346333553462e+01, -1.5008996508769289e+04,  1.0023845445403589e+01,  2.6454976943993755e+00,  2.1848871792574505e+00,  9.3594270848057701e-03,  4.4430934983945417e-02, -1.8794384802350794e+00,  2.7433066213374402e-01,  1.5200015818866942e-03,  3.1027339493943110e-02, -2.0969400422473516e-01,  0.0000000000000000e+00, -8.8530863788973003e-03,  2.8278531589108880e-01, -5.6455679230185449e+00,  0.0000000000000000e+00
 4.2157842157842156e+00,  6.3363928330232818e+02, -2.2595029504628755e-01,  2.7138253398497387e+01, -2.2989379705137966e-02,  8.9293685028734790e-02,  5.1035175607392125e-01,  2.6738010210168895e+03,  3.0418788436271818e+01, -1.5009022276186935e+04,  1.0023854625889411e+01,  2.6454899252521522e+00,  2.1900672366370304e+00,  9.3741701454571474e-03,  4.4755009445077612e-02, -1.8818150401171958e+00,  2.7433066213374402e-01,  1.4293717784295786e-03,  3.3122396430822466e-02, -2.7930293468985717e-01,  0.0000000000000000e+00, -9.2910002732174493e-03,  1.3664508287216320e-01, -8.2901399560990452e+00,  0.0000000000000000e+00
 4.2257742257742255e+00,  6.3363881143780156e+02, -2.2643150748886309e-01,  2.7138301251344171e+01, -2.3005611142295726e-02,  8.9307368091996922e-02,  5.1060589374185983e-01,  2.6801339563793967e+03,  3.0611798282695368e+01, -1.5009048042973058e+04,  1.0023863763763357e+01,  2.6454818056132363e+00,  2.1952498096180970e+00,  9.3879859614976694e-03,  4.5092721126419384e-02, -1.8850189584506609e+00,  2.7433066213374402e-01,  1.3373481222664111e-03,  3.3756717613138323e-02, -3.7371602175384094e-01,  0.0000000000000000e+00, -9.1321356906489005e-03, -9.6539821725278186e-03, -1.0611360074110722e+01,  0.0000000000000000e+00
 4.2357642357642353e+00,  6.3363833954465531e+02, -2.2693995661919270e-01,  2.7138351451049225e+01, -2.3022625087304346e-02,  8.9318901143382909e-02,  5.1085837741687856e-01,  2.6864668698683927e+03,  3.0805375875459873e+01, -1.5009073809120076e+04,  1.0023872849935376e+01,  2.6454733080627091e+00,  2.2004348921154016e+00,  9.4008903876602722e-03,  4.5429469337448000e-02, -1.8892818936986910e+00,  2.7433066213374402e-01,  1.2446584905645226e-03,  3.3062899221299673e-02, -4.1695209221051438e-01,  0.0000000000000000e+00, -9.4243285760574492e-03, -1.2924845987326580e-01,  1.9554987686807090e+00,  0.0000000000000000e+00
 4.2457542457542461e+00,  6.3363786762327777e+02, -2.2747510225921452e-01,  2.7138403546871594e+01, -2.3040381335308273e-02,  8.9327028677739784e-02,  5.1110748695150143e-01,  2.6927997614311735e+03,  3.0999521220918645e+01, -1.5009099574618947e+04,  1.0023881874445385e+01,  2.6454644101843328e+00,  2.2056224509989288e+00,  9.4128542630074509e-03,  4.5753318513458360e-02, -1.8933496695837384e+00,  2.7433066213374402e-01,  1.1473034784232634e-03,  3.0885498653453112e-02, -3.5182578443984724e-01,  0.0000000000000000e+00, -1.0066144854622055e-02, -3.0666713380960076e-01,  1.1082788047006424e+01,  0.0000000000000000e+00
 4.2557442557442560e+00,  6.3363739570719531e+02, -2.2803665092461159e-01,  2.7138456851843358e+01, -2.3059149182218044e-02,  8.9330855953025728e-02,  5.1135359263005287e-01,  2.6991326310150657e+03,  3.1194234326560011e+01, -1.5009125339463415e+04,  1.0023890825726733e+01,  2.6454550744842797e+00,  2.2108124442954811e+00,  9.4238135340823162e-03,  4.6046562217636894e-02, -1.8963113799012856e+00,  2.7433066213374402e-01,  1.0453683053652622e-03,  2.7267989930096357e-02, -2.5140909350023960e-01,  0.0000000000000000e+00, -1.0341276791599284e-02, -4.1755811260667774e-01,  9.0206334791054026e+00,  0.0000000000000000e+00
 4.2657342657342658e+00,  6.3363692381651560e+02, -2.2862469486257828e-01,  2.7138511086002548e+01, -2.3078618771136844e-02,  8.9331922461260121e-02,  5.1159866810217158e-01,  2.7054654785675407e+03,  3.1389515197596840e+01, -1.5009151103647513e+04,  1.0023899692970522e+01,  2.6454452686273227e+00,  2.2160048458293988e+00,  9.4337407426351282e-03,  4.6298133497076663e-02, -1.8983728282950318e+00,  2.7433066213374402e-01,  9.4912596408102746e-04,  2.2947924464920080e-02, -1.6049483568683137e-01,  0.0000000000000000e+00, -8.9264399335047522e-03, -4.4731899352162330e-01,  9.1804009351391436e+00,  0.0000000000000000e+00
 4.2757242757242757e+00,  6.3363645196875768e+02, -2.2923933187171763e-01,  2.7138566109487844e+01, -2.3097543823696557e-02,  8.9331625515361515e-02,  5.1184374207144689e-01,  2.7117983040362697e+03,  3.1585363837030716e+01, -1.5009176867164879e+04,  1.0023908473555860e+01,  2.6454349713524952e+00,  2.2211996456040608e+00,  9.4427770898082106e-03,  4.6505062206945981e-02, -1.8995180699249985e+00,  2.7433066213374402e-01,  8.7621177412539736e-04,  1.9048762365658594e-02, -1.5663357583541221e-01,  0.0000000000000000e+00, -5.6709808956125762e-03, -3.3329325875053473e-01, -8.4073767128850179e+00,  0.0000000000000000e+00
 4.2857142857142856e+00,  6.3363598012714169e+02, -2.2988020968527276e-01,  2.7138622558440971e+01, -2.3115673286168859e-02,  8.9334014886015028e-02,  5.1208655401091607e-01,  2.7181311073689631e+03,  3.1781780247012534e+01, -1.5009202630005371e+04,  1.0023917176585119e+01,  2.6454241911820979e+00,  2.2263968393619695e+00,  9.4512474713888822e-03,  4.6678728149737170e-02, -1.9015023702697653e+00,  2.7433066213374402e-01,  8.2497076809144316e-04,  1.6892620816635458e-02, -1.9614149141484086e-01,  0.0000000000000000e+00, -4.5874685123851715e-03, -9.8366279363902451e-02,  4.9789201388330667e-01,  0.0000000000000000e+00
 4.2957042957042955e+00,  6.3363550827283416e+02, -2.3054657157163577e-01,  2.7138680929092775e+01, -2.3133796007787869e-02,  8.9340333061541558e-02,  5.1232452180730570e-01,  2.7244638885131726e+03,  3.1978764433115622e+01, -1.5009228392154040e+04,  1.0023925804077868e+01,  2.6454129730776335e+00,  2.2315963964625025e+00,  9.4592600222376099e-03,  4.6842577108377255e-02, -1.9034369808423779e+00,  2.7433066213374402e-01,  7.7821423799831078e-04,  1.6813800207832699e-02, -1.7185523393191302e-01,  0.0000000000000000e+00, -4.7731888122600433e-03,  8.2586393481589970e-02,  4.3642167341989051e+00,  0.0000000000000000e+00
 4.3056943056943053e+00,  6.3363503639418514e+02, -2.3123775462126642e-01,  2.7138741313879102e+01, -2.3152075017976417e-02,  8.9349228970633549e-02,  5.1255683778634431e-01,  2.7307966474164614e+03,  3.2176316402764108e+01, -1.5009254153596681e+04,  1.0023934352963087e+01,  2.6454013632388582e+00,  2.2367982724484397e+00,  9.4667962074128243e-03,  4.7014668213829727e-02, -1.9049360412773959e+00,  2.7433066213374402e-01,  7.3055727955927054e-04,  1.7806334492843558e-02, -1.2356361131001255e-01,  0.0000000000000000e+00, -4.7677342672289864e-03,  1.1611897037773432e-01,  5.3037661147041097e+00,  0.0000000000000000e+00
 4.3156843156843161e+00,  6.3363456448252532e+02, -2.3195306547603467e-01,  2.7138803380355444e+01, -2.3169961778528255e-02,  8.9357583364774090e-02,  5.1278299481753253e-01,  2.7371293840262579e+03,  3.2374436164708833e+01, -1.5009279914322780e+04,  1.0023942821498812e+01,  2.6453893861013129e+00,  2.2420024120258417e+00,  9.4738565712797537e-03,  4.7198348027315200e-02, -1.9059057842651554e+00,  2.7433066213374402e-01,  6.8972862259909654e-04,  1.8591659997991086e-02, -1.1675626112416655e-01,  0.0000000000000000e+00, -3.4061628561975854e-03,  4.1103195752795994e-02, -3.9409346074977845e+00,  0.0000000000000000e+00
 4.3256743256743260e+00,  6.3363409251833480e+02, -2.3269157442981717e-01,  2.7138867025135010e+01, -2.3186388693070527e-02,  8.9365079090282531e-02,  5.1300164905836543e-01,  2.7434620982898541e+03,  3.2573123729141969e+01, -1.5009305674324360e+04,  1.0023951215806859e+01,  2.6453770459013968e+00,  2.2472087480374268e+00,  9.4805769990731464e-03,  4.7386129952051340e-02, -1.9072688337074493e+00,  2.7433066213374402e-01,  6.6625775014326680e-04,  1.8947131908396222e-02, -2.3168565634859078e-01,  0.0000000000000000e+00, -1.2927058094654251e-03,  3.0062280710143725e-02, -1.9067930316430822e+01,  0.0000000000000000e+00
 4.3356643356643358e+00,  6.3363362047438352e+02, -2.3345188822668095e-01,  2.7138932457207481e+01, -2.3201494702714678e-02,  8.9373058011921080e-02,  5.1321000225397118e-01,  2.7497947901544126e+03,  3.2772379108855269e+01, -1.5009331433590829e+04,  1.0023959548524166e+01,  2.6453643599511114e+00,  2.2524171952472516e+00,  9.4871684144394591e-03,  4.7576912101409026e-02, -1.9105348683080843e+00,  2.7433066213374402e-01,  6.4759086989989059e-04,  1.9446565529967416e-02, -4.0013207707286480e-01,  0.0000000000000000e+00, -2.4444036152585225e-03,  6.9924330328410875e-02, -1.4655043112569230e+01,  0.0000000000000000e+00
 4.3456543456543457e+00,  6.3363314832683420e+02, -2.3423226444952167e-01,  2.7138999861102704e+01, -2.3217169224271066e-02,  8.9382360839419181e-02,  5.1340533067787364e-01,  2.7561274595668838e+03,  3.2972202321134482e+01, -1.5009357192109557e+04,  1.0023967818023323e+01,  2.6453513606358028e+00,  2.2576276390664769e+00,  9.4935158775926246e-03,  4.7774672719882852e-02, -1.9152634806020119e+00,  2.7433066213374402e-01,  6.0265034895873727e-04,  2.0487323282506260e-02, -4.9603652470662613e-01,  0.0000000000000000e+00, -6.5526886771604771e-03,  1.3843537172986758e-01, -4.5450273037100084e+00,  0.0000000000000000e+00
 4.3556443556443556e+00,  6.3363267603838278e+02, -2.3503119454914595e-01,  2.7139069472077949e+01, -2.3234449475450156e-02,  8.9393682348123477e-02,  5.1358771452409158e-01,  2.7624601064741314e+03,  3.3172593385520770e+01, -1.5009382949866700e+04,  1.0023976005754101e+01,  2.6453380896595893e+00,  2.2628399520969289e+00,  9.4992093804526206e-03,  4.7986249229930625e-02, -1.9204456879825422e+00,  2.7433066213374402e-01,  5.2190571556234194e-04,  2.2245264896820587e-02, -5.0842738820084787e-01,  0.0000000000000000e+00, -9.6123869287980581e-03,  2.1350453945586464e-01,  2.0643764321667950e+00,  0.0000000000000000e+00
 4.3656343656343655e+00,  6.3363220357446392e+02, -2.3584779857174723e-01,  2.7139141429162596e+01, -2.3252583793368250e-02,  8.9406949290327220e-02,  5.1376043409426453e-01,  2.7687927308230683e+03,  3.3373552319623897e+01, -1.5009408706849046e+04,  1.0023984093432487e+01,  2.6453245886477821e+00,  2.2680540263379387e+00,  9.5039435642172466e-03,  4.8219133556982159e-02, -1.9254218699766541e+00,  2.7433066213374402e-01,  4.2633908474369467e-04,  2.4437960229664654e-02, -4.8706050561906600e-01,  0.0000000000000000e+00, -9.5200525610953466e-03,  2.2547306617952290e-01,  2.2132734607059783e+00,  0.0000000000000000e+00
 4.3756243756243753e+00,  6.3363173090973964e+02, -2.3668157218462088e-01,  2.7139215514753527e+01, -2.3270209073975923e-02,  8.9420083840065986e-02,  5.1392673619272766e-01,  2.7751253325606945e+03,  3.3575079137550034e+01, -1.5009434463046153e+04,  1.0023992075073428e+01,  2.6453108826343148e+00,  2.2732697852234089e+00,  9.5077276438840629e-03,  4.8474520163590253e-02, -1.9301771666162897e+00,  2.7433066213374402e-01,  3.4309753645135469e-04,  2.6103279499654349e-02, -5.2579824329599489e-01,  0.0000000000000000e+00, -7.1449054070313088e-03,  1.0792385167241798e-01, -9.9685685436272351e+00,  0.0000000000000000e+00
 4.3856143856143852e+00,  6.3363125802503430e+02, -2.3753185713352479e-01,  2.7139291192141826e+01, -2.3286780123659496e-02,  8.9430451743041525e-02,  5.1408703751466989e-01,  2.7814579116339992e+03,  3.3777173851904031e+01, -1.5009460218451839e+04,  1.0023999956619331e+01,  2.6452969666356929e+00,  2.2784871676522771e+00,  9.5107986598506403e-03,  4.8740677602929293e-02, -1.9359273293831674e+00,  2.7433066213374402e-01,  2.7782658254946961e-04,  2.6249863439774136e-02, -6.2974326256742830e-01,  0.0000000000000000e+00, -5.9223395641232399e-03, -7.8577746860195433e-02, -1.0841224314518609e+01,  0.0000000000000000e+00
 4.3956043956043960e+00,  6.3363078491253975e+02, -2.3839769412048781e-01,  2.7139367933048359e+01, -2.3303241680921353e-02,  8.9436853694829538e-02,  5.1423993535066781e-01,  2.7877904679898188e+03,  3.3979836477149654e+01, -1.5009485973062187e+04,  1.0024007740860888e+01,  2.6452828183727370e+00,  2.2837061014408304e+00,  9.5132786245543822e-03,  4.8998992959589753e-02, -1.9427594495846703e+00,  2.7433066213374402e-01,  2.1038042401906490e-04,  2.4575574197923996e-02, -7.2814543516274188e-01,  0.0000000000000000e+00, -7.5803813736633431e-03, -2.5661495935819173e-01, -8.8588906390625279e+00,  0.0000000000000000e+00
 4.4055944055944058e+00,  6.3363031158219758e+02, -2.3927783848652190e-01,  2.7139445343218924e+01, -2.3320957451400205e-02,  8.9439429428388839e-02,  5.1438309114772118e-01,  2.7941230015750116e+03,  3.4183067030353712e+01, -1.5009511726873185e+04,  1.0024015417143504e+01,  2.6452684133225697e+00,  2.2889264953749651e+00,  9.5150020649259464e-03,  4.9231698066424294e-02, -1.9504756897260798e+00,  2.7433066213374402e-01,  1.1550527737958760e-04,  2.1518571914574576e-02, -7.5331694408019145e-01,  0.0000000000000000e+00, -1.1413622983561427e-02, -3.5539689776856498e-01,  3.8195545537963387e+00,  0.0000000000000000e+00
 4.4155844155844157e+00,  6.3362983804697660e+02, -2.4017066725925096e-01,  2.7139523348498059e+01, -2.3340592542525074e-02,  8.9439956031076989e-02,  5.1451337605190262e-01,  2.8004555123365512e+03,  3.4386865531900476e+01, -1.5009537479878720e+04,  1.0024022962544667e+01,  2.6452537414479198e+00,  2.2941482317352513e+00,  9.5155864223042241e-03,  4.9428934456384445e-02, -1.9578107371786799e+00,  2.7433066213374402e-01, -1.3581385059522283e-05,  1.8106362507943750e-02, -6.8967139456401050e-01,  0.0000000000000000e+00, -1.4429526836748672e-02, -3.2772742543893435e-01,  8.9222844593432296e+00,  0.0000000000000000e+00
 4.4255744255744256e+00,  6.3362936430335992e+02, -2.4107438794168096e-01,  2.7139602213129791e+01, -2.3360962749639773e-02,  8.9440906071289933e-02,  5.1462845139243152e-01,  2.8067880002215711e+03,  3.4591232004644240e+01, -1.5009563232068844e+04,  1.0024030355781560e+01,  2.6452388200491135e+00,  2.2993711701921029e+00,  9.5147307085811008e-03,  4.9593463551098491e-02, -1.9642553379691168e+00,  2.7433066213374402e-01, -1.6082793884238689e-04,  1.5499520635207292e-02, -6.7126427654933474e-01,  0.0000000000000000e+00, -1.5049233230581164e-02, -1.9416231748291093e-01, -5.2371794328051005e+00,  0.0000000000000000e+00
 4.4355644355644355e+00,  6.3362889034050272e+02, -2.4198666890979617e-01,  2.7139682337424002e+01, -2.3381278314082984e-02,  8.9444128359597946e-02,  5.1472446314473774e-01,  2.8131204651771450e+03,  3.4796166473958145e+01, -1.5009588983429740e+04,  1.0024037587079432e+01,  2.6452236951616750e+00,  2.3045951469860544e+00,  9.5123730768728078e-03,  4.9738615188356615e-02, -1.9712226108360091e+00,  2.7433066213374402e-01, -3.1607401102015377e-04,  1.4221168534512375e-02, -7.4171908036351708e-01,  0.0000000000000000e+00, -1.6031030419408131e-02, -6.1763773076214473e-02, -8.8678722907943577e+00,  0.0000000000000000e+00
 4.4455544455544453e+00,  6.3362841617060235e+02, -2.4290465995412455e-01,  2.7139763738221951e+01, -2.3401843781881520e-02,  8.9448896237947023e-02,  5.1479735023121909e-01,  2.8194529071502211e+03,  3.5001668970340894e+01, -1.5009614733946381e+04,  1.0024044646457069e+01,  2.6452084261237059e+00,  2.3098199579028185e+00,  9.5084155435257531e-03,  4.9877602782557276e-02, -1.9790749000143417e+00,  2.7433066213374402e-01, -4.8477163392252997e-04,  1.4031200865958970e-02, -8.0195134467249374e-01,  0.0000000000000000e+00, -1.7742233685647979e-02,  2.3732245831822346e-02, -3.1906270238629166e+00,  0.0000000000000000e+00
 4.4555444555444552e+00,  6.3362794178879881e+02, -2.4382541645337844e-01,  2.7139846502156448e+01, -2.3422438929761456e-02,  8.9455425991219237e-02,  5.1484512031767593e-01,  2.8257853260875700e+03,  3.5207739528597322e+01, -1.5009640483604784e+04,  1.0024051520628774e+01,  2.6451930738312672e+00,  2.3150453667803932e+00,  9.5026873299412888e-03,  5.0018958862002146e-02, -1.9872456147255693e+00,  2.7433066213374402e-01, -6.6270076791820820e-04,  1.4507700062695555e-02, -8.1625554081221630e-01,  0.0000000000000000e+00, -1.7879178940287208e-02,  7.1662893354843230e-02,  3.2692695669042526e-01,  0.0000000000000000e+00
 4.4655344655344651e+00,  6.3362746720504254e+02, -2.4474606537638266e-01,  2.7139930389325176e+01, -2.3441879495953586e-02,  8.9461713840628745e-02,  5.1486734200695006e-01,  2.8321177219357642e+03,  3.5414378185244232e+01, -1.5009666232392072e+04,  1.0024058203757527e+01,  2.6451776974411021e+00,  2.3202711262022007e+00,  9.4951747689419729e-03,  5.0167466919674067e-02, -1.9953837020285716e+00,  2.7433066213374402e-01, -8.2812310911980092e-04,  1.4694925848280570e-02, -7.8480074562903535e-01,  0.0000000000000000e+00, -1.5238373768278048e-02, -3.4180291080588940e-02,  5.9703230389749598e+00,  0.0000000000000000e+00
 4.4755244755244759e+00,  6.3362699246150589e+02, -2.4566401245288932e-01,  2.7140014719198291e+01, -2.3458328790152663e-02,  8.9464821801066213e-02,  5.1486551513698564e-01,  2.8384500946413477e+03,  3.5621584977265933e+01, -1.5009691980300280e+04,  1.0024064705115807e+01,  2.6451623258386197e+00,  2.3254969876501406e+00,  9.4861414136751584e-03,  5.0312563774055713e-02, -2.0029259493035725e+00,  2.7433066213374402e-01, -9.5071109410682587e-04,  1.3629827166097608e-02, -7.0935430957364365e-01,  0.0000000000000000e+00, -9.3037408261235372e-03, -1.7905246509243297e-01,  9.1340534593139679e+00,  0.0000000000000000e+00
 4.4855144855144857e+00,  6.3362651759124594e+02, -2.4657721897253324e-01,  2.7140099212007289e+01, -2.3470168764205320e-02,  8.9465501614558157e-02,  5.1484329061138034e-01,  2.8447824441510725e+03,  3.5829359938844902e+01, -1.5009717727324156e+04,  1.0024071053426896e+01,  2.6451469704924722e+00,  2.3307227266026294e+00,  9.4761795422864913e-03,  5.0439791138776925e-02, -2.0095566153067668e+00,  2.7433066213374402e-01, -1.0040796581475208e-03,  1.1833178702902713e-02, -6.2709232254049108e-01,  0.0000000000000000e+00, -1.3806456948144536e-03, -1.8063655723929467e-01,  7.3347963447288684e+00,  0.0000000000000000e+00
 4.4955044955044956e+00,  6.3362604259808620e+02, -2.4748433615210183e-01,  2.7140184245308799e+01, -2.3476541453988253e-02,  8.9466975938490095e-02,  5.1480583634708921e-01,  2.8511147704121117e+03,  3.6037703097996349e+01, -1.5009743473456365e+04,  1.0024077291680703e+01,  2.6451316580562776e+00,  2.3359481670888083e+00,  9.4660798820438395e-03,  5.0548990920966853e-02, -2.0154552664372485e+00,  2.7433066213374402e-01, -9.7482172305805089e-04,  1.0643005474077953e-02, -6.0560819550685652e-01,  0.0000000000000000e+00,  7.2380842997264291e-03, -5.7636123171424997e-02, -3.0336741125951829e+00,  0.0000000000000000e+00
 4.5054945054945055e+00,  6.3362556748365250e+02, -2.4838455745014990e-01,  2.7140270324879069e+01, -2.3477073904250835e-02,  8.9471145968777768e-02,  5.1475818017606312e-01,  2.8574470733721018e+03,  3.6246614475531494e+01, -1.5009769218686868e+04,  1.0024083471597613e+01,  2.6451164306224180e+00,  2.3411731895696444e+00,  9.4567025847828341e-03,  5.0652438600796462e-02, -2.0216566791530575e+00,  2.7433066213374402e-01, -8.6262891641292313e-04,  1.0961007433614349e-02, -6.7288155032750141e-01,  0.0000000000000000e+00,  1.5222915590628400e-02,  1.2130011547061237e-01, -1.0434451522498087e+01,  0.0000000000000000e+00
 4.5154845154845153e+00,  6.3362509223989230e+02, -2.4927718377126976e-01,  2.7140358065150416e+01, -2.3471883656769228e-02,  8.9479483640224358e-02,  5.1470305163056196e-01,  2.8637793529791234e+03,  3.6456094087351772e+01, -1.5009794963004073e+04,  1.0024089647798764e+01,  2.6451013385702908e+00,  2.3463977157512512e+00,  9.4488445390585665e-03,  5.0767992068491613e-02, -2.0288994532569786e+00,  2.7433066213374402e-01, -6.7848933503993547e-04,  1.3021696006206030e-02, -7.2207637307794537e-01,  0.0000000000000000e+00,  2.1641828600244158e-02,  2.9124973676224669e-01,  5.8564800785908866e-01,  0.0000000000000000e+00
 4.5254745254745252e+00,  6.3362461684555774e+02, -2.5016161872545528e-01,  2.7140447783288298e+01, -2.3461279165840482e-02,  8.9491036207453384e-02,  5.1464219107877940e-01,  2.8701116091814406e+03,  3.6666141947469228e+01, -1.5009820706395893e+04,  1.0024095873129008e+01,  2.6450864332575286e+00,  2.3516216863590391e+00,  9.4431463543125059e-03,  5.0912612347174202e-02, -2.0360837795142550e+00,  2.7433066213374402e-01, -4.3711190193121988e-04,  1.6176722539049910e-02, -7.0505406853394592e-01,  0.0000000000000000e+00,  2.6681933508121265e-02,  3.4038657511310544e-01,  2.8222173618496349e+00,  0.0000000000000000e+00
 4.5354645354645351e+00,  6.3362414125537316e+02, -2.5103777428470769e-01,  2.7140539504858481e+01, -2.3445656278982530e-02,  8.9504232635711473e-02,  5.1457866824547538e-01,  2.8764438419272328e+03,  3.6876758067387563e+01, -1.5009846448853370e+04,  1.0024102198177321e+01,  2.6450717428069304e+00,  2.3568450630947959e+00,  9.4401110345244763e-03,  5.1091203308033066e-02, -2.0429864476332811e+00,  2.7433066213374402e-01, -1.5850761009576878e-04,  1.9649359249879636e-02, -8.0705777632037834e-01,  0.0000000000000000e+00,  2.9094645717332692e-02,  3.5483529439515704e-01, -2.3243359660698751e+01,  0.0000000000000000e+00
 4.5454545454545459e+00,  6.3362366540056348e+02, -2.5190493230388250e-01,  2.7140633384306646e+01, -2.3426773280822901e-02,  8.9518661297715935e-02,  5.1451000170370897e-01,  2.8827760511642932e+03,  3.7087942457441279e+01, -1.5009872190368224e+04,  1.0024108663959652e+01,  2.6450572885342192e+00,  2.3620678160205779e+00,  9.4399793690958071e-03,  5.1305206937581400e-02, -2.0522088100101672e+00,  2.7433066213374402e-01,  1.2075689562458884e-04,  2.2935545791442642e-02, -9.5449619232255312e-01,  0.0000000000000000e+00,  2.6814108327881066e-02,  3.0305925122573513e-01, -6.2738112229356728e+00,  0.0000000000000000e+00
 4.5554445554445557e+00,  6.3362318923552527e+02, -2.5276154962112374e-01,  2.7140729131094933e+01, -2.3406086367810990e-02,  8.9532039095674712e-02,  5.1443108728877529e-01,  2.8891082368396724e+03,  3.7299695134309225e+01, -1.5009897930932590e+04,  1.0024115290662287e+01,  2.6450430876519064e+00,  2.3672898677670524e+00,  9.4425237597117809e-03,  5.1549455971198768e-02, -2.0620573006267393e+00,  2.7433066213374402e-01,  3.6772475019721098e-04,  2.4919857537407421e-02, -9.8084022173405938e-01,  0.0000000000000000e+00,  2.2628856157555003e-02,  9.4199960316187464e-02,  9.9973653476112045e-01,  0.0000000000000000e+00
 4.5654345654345656e+00,  6.3362271279105460e+02, -2.5360575773860256e-01,  2.7140825710881789e+01, -2.3383889285993997e-02,  8.9540158577086276e-02,  5.1433767650347528e-01,  2.8954403988999147e+03,  3.7512016121156634e+01, -1.5009923670542828e+04,  1.0024122088389314e+01,  2.6450291318037262e+00,  2.3725110903405211e+00,  9.4473265169518952e-03,  5.1803106189078046e-02, -2.0718060172376207e+00,  2.7433066213374402e-01,  5.6779110891188602e-04,  2.4170677025281598e-02, -1.0008582826664931e+00,  0.0000000000000000e+00,  1.7424428857123399e-02, -2.4418589884377906e-01, -5.0073523334344054e+00,  0.0000000000000000e+00
 4.5754245754245755e+00,  6.3362223611562865e+02, -2.5443500630820348e-01,  2.7140922001975085e+01, -2.3361076373633067e-02,  8.9540704802291426e-02,  5.1422426854176739e-01,  2.9017725372913119e+03,  3.7724905447595390e+01, -1.5009949409200150e+04,  1.0024129060429548e+01,  2.6450153867637960e+00,  2.3777313034906968e+00,  9.4538682374123179e-03,  5.2032386581094499e-02, -2.0820544691115841e+00,  2.7433066213374402e-01,  7.0503886526812761e-04,  2.0168484236957260e-02, -1.0447211084143651e+00,  0.0000000000000000e+00,  1.0052571965396495e-02, -5.5705309737876285e-01, -3.7739853812896742e+00,  0.0000000000000000e+00
 4.5854145854145854e+00,  6.3362175926890973e+02, -2.5524611249418283e-01,  2.7141017253710881e+01, -2.3338740335047028e-02,  8.9534284186134391e-02,  5.1408533584403193e-01,  2.9081046519600304e+03,  3.7938363150245706e+01, -1.5009975146905615e+04,  1.0024136196153602e+01,  2.6450018213747790e+00,  2.3829502695875693e+00,  9.4614132075666428e-03,  5.2206072907099166e-02, -2.0926795658572881e+00,  2.7433066213374402e-01,  7.6445339035061501e-04,  1.3815340527643657e-02, -1.0340981423056639e+00,  0.0000000000000000e+00,  1.8422159561176166e-03, -7.1484627322583538e-01,  5.9007031962517109e+00,  0.0000000000000000e+00
 4.5954045954045952e+00,  6.3362128230570090e+02, -2.5603561890254356e-01,  2.7141111387557839e+01, -2.3317293882903916e-02,  8.9524406794905004e-02,  5.1391728126247238e-01,  2.9144367428524033e+03,  3.8152389270733217e+01, -1.5010000883656488e+04,  1.0024143475168337e+01,  2.6449884334381482e+00,  2.3881677083127797e+00,  9.4691420314253170e-03,  5.2308417360867596e-02, -2.1027157706561526e+00,  2.7433066213374402e-01,  7.5202155527822375e-04,  7.3634547767630005e-03, -9.2722146532679983e-01,  0.0000000000000000e+00, -4.3310693376103701e-03, -5.7682125410048690e-01,  1.5496007534917098e+01,  0.0000000000000000e+00
 4.6053946053946051e+00,  6.3362080524345436e+02, -2.5680052811402870e-01,  2.7141205477672862e+01, -2.3295795675904087e-02,  8.9518332998216932e-02,  5.1372113306201062e-01,  2.9207688099152142e+03,  3.8366983850393765e+01, -1.5010026619441447e+04,  1.0024150880056949e+01,  2.6449752782674549e+00,  2.3933833362060302e+00,  9.4764386132665072e-03,  5.2353194880660862e-02, -2.1112054692604207e+00,  2.7433066213374402e-01,  6.9667817589980476e-04,  3.6192950449258059e-03, -7.8873547678979394e-01,  0.0000000000000000e+00, -6.7486752139492359e-03, -1.7275952421332808e-01,  1.2228887370191806e+01,  0.0000000000000000e+00
 4.6153846153846150e+00,  6.3362032809489290e+02, -2.5753834504379181e-01,  2.7141300685262756e+01, -2.3273150589681383e-02,  8.9519718759159414e-02,  5.1350002211345636e-01,  2.9271008530958297e+03,  3.8582146925410392e+01, -1.5010052354241405e+04,  1.0024158405995415e+01,  2.6449624674290817e+00,  2.3985969045173072e+00,  9.4830616752994389e-03,  5.2380730948178800e-02, -2.1184747212413630e+00,  2.7433066213374402e-01,  6.3393677948408306e-04,  3.7016525251059528e-03, -6.6395906240258817e-01,  0.0000000000000000e+00, -5.8121523484722416e-03,  1.8924749174540975e-01,  1.2751350790120036e+01,  0.0000000000000000e+00
 4.6253746253746257e+00,  6.3361985088266192e+02, -2.5824726790352937e-01,  2.7141397389557916e+01, -2.3248076351019411e-02,  8.9526751813111455e-02,  5.1325915159606539e-01,  2.9334328723420040e+03,  3.8797878526360641e+01, -1.5010078088037682e+04,  1.0024166062039194e+01,  2.6449501124959425e+00,  2.4038082067254796e+00,  9.4891046827866692e-03,  5.2427153972071573e-02, -2.1244713845931402e+00,  2.7433066213374402e-01,  5.9453546523532584e-04,  6.5262134606209913e-03, -5.2016401155593683e-01,  0.0000000000000000e+00, -2.0759907641287011e-03,  3.7622960754468232e-01,  1.6036418389378614e+01,  0.0000000000000000e+00
 4.6353646353646356e+00,  6.3361937360943080e+02, -2.5892620679465023e-01,  2.7141495870930896e+01, -2.3219664504326706e-02,  8.9538367345947126e-02,  5.1300448310438684e-01,  2.9397648676016838e+03,  3.9014178677449692e+01, -1.5010103820817585e+04,  1.0024173870938798e+01,  2.6449382923657807e+00,  2.4090170868874181e+00,  9.4949405057736715e-03,  5.2511124823515887e-02, -2.1288676085851383e+00,  2.7433066213374402e-01,  6.0317825328934350e-04,  1.1137471219940003e-02, -3.5084151633893279e-01,  0.0000000000000000e+00,  3.8062769325379439e-03,  5.4694419587090304e-01,  1.7861945153069197e+01,  0.0000000000000000e+00
 4.6453546453546455e+00,  6.3361889625022559e+02, -2.5957499941279571e-01,  2.7141596623659705e+01, -2.3186934409660361e-02,  8.9554087739206187e-02,  5.1274340258786111e-01,  2.9460968388229599e+03,  3.9231047394300674e+01, -1.5010129552569317e+04,  1.0024181867450032e+01,  2.6449270776132789e+00,  2.4142234539254335e+00,  9.5011561963389037e-03,  5.2649680869572869e-02, -2.1314812050994125e+00,  2.7433066213374402e-01,  6.8014023139172347e-04,  1.6390844799102709e-02, -1.4733962167041481e-01,  0.0000000000000000e+00,  1.1601511083558724e-02,  5.0478119467748328e-01,  2.2879134159568572e+01,  0.0000000000000000e+00
 4.6553446553446554e+00,  6.3361841883268232e+02, -2.6019432215586807e-01,  2.7141698849932013e+01, -2.3148817864360557e-02,  8.9568501584252558e-02,  5.1248358745548184e-01,  2.9524287859538722e+03,  3.9448484684000725e+01, -1.5010155283289016e+04,  1.0024190099159826e+01,  2.6449164878175386e+00,  2.4194272825383423e+00,  9.5085297211860934e-03,  5.2838614230091362e-02, -2.1318114571699618e+00,  2.7433066213374402e-01,  8.4529537626002154e-04,  2.0466421393111608e-02,  7.4300433396299742e-02,  0.0000000000000000e+00,  2.1462548919074922e-02,  3.1114923944310746e-01,  2.1493204864788197e+01,  0.0000000000000000e+00
 4.6653346653346652e+00,  6.3361794138851167e+02, -2.6078606336858334e-01,  2.7141801985707453e+01, -2.3104376933238861e-02,  8.9580765750254726e-02,  5.1223477030985032e-01,  2.9587607089427738e+03,  3.9666490543569495e+01, -1.5010181012981631e+04,  1.0024198628639230e+01,  2.6449064930257040e+00,  2.4246286286305878e+00,  9.5180452148455972e-03,  5.3058600377926743e-02, -2.1299966809556303e+00,  2.7433066213374402e-01,  1.1081465982287556e-03,  2.3052448547701419e-02,  1.8764386189191889e-01,  0.0000000000000000e+00,  3.1160265719066257e-02,  2.0657339690577872e-01,  1.1981495200350194e+00,  0.0000000000000000e+00
 4.6753246753246751e+00,  6.3361746389604411e+02, -2.6135276913663835e-01,  2.7141906212951692e+01, -2.3054644754990687e-02,  8.9593360436370145e-02,  5.1200401482327007e-01,  2.9650926077385548e+03,  3.9885064958618884e+01, -1.5010206741654190e+04,  1.0024207522977752e+01,  2.6448970568836874e+00,  2.4298276372213339e+00,  9.5306705123594949e-03,  5.3299202612662813e-02, -2.1280623290602332e+00,  2.7433066213374402e-01,  1.4432066848452879e-03,  2.5355934723967837e-02,  1.4545487338028293e-01,  0.0000000000000000e+00,  3.5918763621564306e-02,  2.5458453558276339e-01, -9.6443850200646395e+00,  0.0000000000000000e+00
 4.6853146853146850e+00,  6.3361698628987176e+02, -2.6189676129144329e-01,  2.7142012123304241e+01, -2.3002573629084585e-02,  8.9608709511973764e-02,  5.1179302338236132e-01,  2.9714244822903393e+03,  4.0104207908417550e+01, -1.5010232469310893e+04,  1.0024216829551559e+01,  2.6448881615720983e+00,  2.4350245009217222e+00,  9.5468805132441041e-03,  5.3565212460323697e-02, -2.1270904896793010e+00,  2.7433066213374402e-01,  1.7947635341393189e-03,  2.8267585263140719e-02,  5.9144366988343654e-02,  0.0000000000000000e+00,  3.4462917607114403e-02,  3.2832790235987647e-01, -7.6349783596005958e+00,  0.0000000000000000e+00
 4.6953046953046957e+00,  6.3361650850630508e+02, -2.6242009257407928e-01,  2.7142119952784327e+01, -2.2950998154988689e-02,  8.9625633926238110e-02,  5.1160098058252623e-01,  2.9777563325471315e+03,  4.0323919371623326e+01, -1.5010258195954164e+04,  1.0024226566290913e+01,  2.6448797954463927e+00,  2.4402194156815740e+00,  9.5665299236310109e-03,  5.3863989531007302e-02, -2.1268806234261004e+00,  2.7433066213374402e-01,  2.1061280812542426e-03,  3.1199080616542058e-02,  1.0088210380984843e-02,  0.0000000000000000e+00,  2.7872264725291272e-02,  2.5855746739105273e-01, -2.1860641931923164e+00,  0.0000000000000000e+00
 4.7052947052947056e+00,  6.3361603050804092e+02, -2.6292431032301816e-01,  2.7142229332375603e+01, -2.2902351142928982e-02,  8.9640672658651041e-02,  5.1142458132752833e-01,  2.9840881584576341e+03,  4.0544199329791645e+01, -1.5010283921588536e+04,  1.0024236722757383e+01,  2.6448719235455127e+00,  2.4454125519188450e+00,  9.5889609943880464e-03,  5.4188570714400482e-02, -2.1268889270343263e+00,  2.7433066213374402e-01,  2.3357378519396187e-03,  3.2842321603044275e-02,  1.1665753546969929e-02,  0.0000000000000000e+00,  1.8095611365900384e-02,  7.0419378106393996e-02,  2.5018883350226386e+00,  0.0000000000000000e+00
 4.7152847152847155e+00,  6.3361555227877000e+02, -2.6341040766715446e-01,  2.7142339784989293e+01, -2.2858197001545035e-02,  8.9652235256548973e-02,  5.1125929594706887e-01,  2.9904199599701428e+03,  4.0765047769560177e+01, -1.5010309646220390e+04,  1.0024247266715548e+01,  2.6448644905339114e+00,  2.4506040356835457e+00,  9.6131980125808529e-03,  5.4520179772826360e-02, -2.1266475414371500e+00,  2.7433066213374402e-01,  2.4585074114643959e-03,  3.2719656783913129e-02, -2.2713716445005413e-02,  0.0000000000000000e+00,  6.4828544509602706e-03, -9.4976874896450195e-02, -9.3846582274161818e+00,  0.0000000000000000e+00
 4.7252747252747254e+00,  6.3361507382080333e+02, -2.6387856436185914e-01,  2.7142451068627423e+01, -2.2820096280729507e-02,  8.9661165573888035e-02,  5.1109872510688015e-01,  2.9967517370326827e+03,  4.0986464683534834e+01, -1.5010335369855309e+04,  1.0024258148882597e+01,  2.6448574474756708e+00,  2.4557939409639729e+00,  9.6380820215901317e-03,  5.4842310110682455e-02, -2.1273427475427180e+00,  2.7433066213374402e-01,  2.4551455192383161e-03,  3.1512862405576630e-02, -6.1157707715932763e-02,  0.0000000000000000e+00, -7.1559052746214468e-03, -1.4662335964651915e-01,  1.6881711749764372e+00,  0.0000000000000000e+00
 4.7352647352647352e+00,  6.3361459514807211e+02, -2.6432812167929992e-01,  2.7142563323820866e+01, -2.2789421285621333e-02,  8.9669713235972254e-02,  5.1093606454391438e-01,  3.0030834895930880e+03,  4.1208450072362588e+01, -1.5010361092495050e+04,  1.0024269300664626e+01,  2.6448507749559376e+00,  2.4609822745353482e+00,  9.6622518691090904e-03,  5.5149807393317395e-02, -2.1278694736592465e+00,  2.7433066213374402e-01,  2.3203128663056849e-03,  3.0169058409186274e-02, -3.6150996749656314e-02,  0.0000000000000000e+00, -1.9837591842491658e-02, -1.2240620043083275e-01,  3.3181723604721660e+00,  0.0000000000000000e+00
 4.7452547452547451e+00,  6.3361411629185159e+02, -2.6475841225136276e-01,  2.7142676453812825e+01, -2.2765633127918471e-02,  8.9678056167028314e-02,  5.1076841780036564e-01,  3.0094152175991071e+03,  4.1431003941725443e+01, -1.5010386814138943e+04,  1.0024280647214619e+01,  2.6448444760150460e+00,  2.4661689995019946e+00,  9.6844419190188161e-03,  5.5445088500476379e-02, -2.1280650451800738e+00,  2.7433066213374402e-01,  2.0791480141512928e-03,  2.8748523938044713e-02, -1.4868144846994519e-02,  0.0000000000000000e+00, -2.8443611558818201e-02, -1.6198480069171142e-01,  9.4265459044077515e-01,  0.0000000000000000e+00
 4.7552447552447550e+00,  6.3361363731129347e+02, -2.6516841327696888e-01,  2.7142789742201128e+01, -2.2746930212923899e-02,  8.9683643213870928e-02,  5.1059297523207126e-01,  3.0157469209983319e+03,  4.1654126300956754e+01, -1.5010412534789015e+04,  1.0024292124819834e+01,  2.6448385476623995e+00,  2.4713540498880833e+00,  9.7037932879732516e-03,  5.5724203475995604e-02, -2.1281665394903553e+00,  2.7433066213374402e-01,  1.7742398549734169e-03,  2.6284889315011457e-02, -5.6021278016125053e-02,  0.0000000000000000e+00, -3.2599001908593266e-02, -3.3123485083955245e-01, -9.1815118509008027e+00,  0.0000000000000000e+00
 4.7652347652347649e+00,  6.3361315828204818e+02, -2.6555677412489287e-01,  2.7142902269449493e+01, -2.2731786538952647e-02,  8.9684415754671551e-02,  5.1040684129670688e-01,  3.0220785997381927e+03,  4.1877817163545920e+01, -1.5010438254452576e+04,  1.0024303687465688e+01,  2.6448329641415760e+00,  2.4765373300388847e+00,  9.7198912667705323e-03,  5.5970261114162916e-02, -2.1291843514341422e+00,  2.7433066213374402e-01,  1.4421866243979587e-03,  2.2385955504574458e-02, -6.7414641921320684e-02,  0.0000000000000000e+00, -3.3878054852598392e-02, -4.4933169800970407e-01,  6.9005603970793974e+00,  0.0000000000000000e+00
 4.7752247752247756e+00,  6.3361267924655101e+02, -2.6592240442719822e-01,  2.7143013948883379e+01, -2.2718540975660791e-02,  8.9683184603305294e-02,  5.1021106806047334e-01,  3.0284102537661024e+03,  4.2102076545682301e+01, -1.5010463973136972e+04,  1.0024315301608981e+01,  2.6448277076929561e+00,  2.4817187258854148e+00,  9.7326082055436414e-03,  5.6171475314248855e-02, -2.1295134853828892e+00,  2.7433066213374402e-01,  1.1220864449925946e-03,  1.8395813534966717e-02, -9.6939683944106281e-03,  0.0000000000000000e+00, -3.0206001064353404e-02, -3.4949472430573963e-01,  4.6551184430076153e+00,  0.0000000000000000e+00
 4.7852147852147855e+00,  6.3361220021976897e+02, -2.6626526739737844e-01,  2.7143125390961082e+01, -2.2705088367900601e-02,  8.9684075563887813e-02,  5.1001134433767070e-01,  3.0347418830299457e+03,  4.2326904457403558e+01, -1.5010489690844892e+04,  1.0024326956935363e+01,  2.6448227939912337e+00,  2.4868981727625750e+00,  9.7423105763607947e-03,  5.6337809836140285e-02, -2.1293780371163482e+00,  2.7433066213374402e-01,  8.5821370800517199e-04,  1.5933111475471138e-02,  5.5534168347620372e-02,  0.0000000000000000e+00, -2.2621320880536509e-02, -1.4353822800541388e-01,  8.4035545327468153e+00,  0.0000000000000000e+00
 4.7952047952047954e+00,  6.3361172120999663e+02, -2.6658600947603750e-01,  2.7143237158889114e+01, -2.2689610648919757e-02,  8.9688367780548617e-02,  5.0981386920173322e-01,  3.0410734874781597e+03,  4.2552300901150957e+01, -1.5010515407576471e+04,  1.0024338665041203e+01,  2.6448182546910353e+00,  2.4920756666450634e+00,  9.7497553325767115e-03,  5.6489819199872650e-02, -2.1284039115897300e+00,  2.7433066213374402e-01,  6.8559317429632083e-04,  1.5447177679403281e-02,  1.7842520140039664e-01,  0.0000000000000000e+00, -1.1937309967975894e-02,  4.6254282032628047e-02,  1.6199230284419279e+01,  0.0000000000000000e+00
 4.8051948051948052e+00,  6.3361124221086891e+02, -2.6688630153839432e-01,  2.7143349722845603e+01, -2.2670381273468199e-02,  8.9695959315019905e-02,  5.0962668699298852e-01,  3.0474050670596598e+03,  4.2778265870338060e+01, -1.5010541123331775e+04,  1.0024350458339507e+01,  2.6448141133587488e+00,  2.4972512740122874e+00,  9.7560087416814004e-03,  5.6646444754809677e-02, -2.1258130980274292e+00,  2.7433066213374402e-01,  6.3218454510861400e-04,  1.6586219989866702e-02,  3.2638951303860192e-01,  0.0000000000000000e+00,  1.2449024045968632e-03,  1.8178198852215133e-01,  1.3423224905549761e+01,  0.0000000000000000e+00
 4.8151848151848151e+00,  6.3361076320879010e+02, -2.6716888109522852e-01,  2.7143463401781474e+01, -2.2646079495201008e-02,  8.9706171185171268e-02,  5.0945864926945983e-01,  3.0537366217238082e+03,  4.3004799347395618e+01, -1.5010566838112460e+04,  1.0024362389240363e+01,  2.6448103737774380e+00,  2.5024251459620719e+00,  9.7623863924190413e-03,  5.6821212206663189e-02, -2.1218826425979498e+00,  2.7433066213374402e-01,  7.0819881922281681e-04,  1.8824538348778425e-02,  4.0612595490261161e-01,  0.0000000000000000e+00,  1.3973155273066720e-02,  2.6632934693198096e-01,  2.5400107556251612e+00,  0.0000000000000000e+00
 4.8251748251748250e+00,  6.3361028418300577e+02, -2.6743694709537874e-01,  2.7143578424942273e+01, -2.2617456669155288e-02,  8.9718809063347754e-02,  5.0931552527942159e-01,  3.0600681514202606e+03,  4.3231901305214933e+01, -1.5010592551922442e+04,  1.0024374517283585e+01,  2.6448070199851195e+00,  2.5075975069875187e+00,  9.7701585682392986e-03,  5.7022559407132918e-02, -2.1176986933340705e+00,  2.7433066213374402e-01,  8.8740135404584267e-04,  2.1782955716878126e-02,  4.2865772896188548e-01,  0.0000000000000000e+00,  2.1903192198503483e-02,  3.2594581016158625e-01,  1.9708504110415188e+00,  0.0000000000000000e+00
 4.8351648351648349e+00,  6.3360980510449258e+02, -2.6769352727093965e-01,  2.7143694912698031e+01, -2.2586671605817229e-02,  8.9733382197952807e-02,  5.0919852226341877e-01,  3.0663996560987844e+03,  4.3459571712302903e+01, -1.5010618264767287e+04,  1.0024386886833486e+01,  2.6448040270495050e+00,  2.5127686139277166e+00,  9.7801166892031739e-03,  5.7256436097110300e-02, -2.1133180526087014e+00,  2.7433066213374402e-01,  1.1194058193662528e-03,  2.5080950893125287e-02,  4.8290028504400334e-01,  0.0000000000000000e+00,  2.4544101758643168e-02,  3.3431282412310287e-01,  8.8885093165986042e+00,  0.0000000000000000e+00
 4.8451548451548447e+00,  6.3360932593505720e+02, -2.6794134980836076e-01,  2.7143812878927779e+01, -2.2555543228063864e-02,  8.9748780071252046e-02,  5.0910636448454416e-01,  3.0727311357089598e+03,  4.3687810537225793e+01, -1.5010643976654212e+04,  1.0024399521288927e+01,  2.6448013612149346e+00,  2.5179387193169585e+00,  9.7925243188759867e-03,  5.7523677307095455e-02, -2.1080503359905340e+00,  2.7433066213374402e-01,  1.3604843562971592e-03,  2.8117201541691700e-02,  5.1785734261207128e-01,  0.0000000000000000e+00,  2.3719821334934828e-02,  2.7354455572012620e-01, -1.8901063914665481e+00,  0.0000000000000000e+00
 4.8551448551448555e+00,  6.3360884664181697e+02, -2.6818270342079858e-01,  2.7143932187442040e+01, -2.2525153961853228e-02,  8.9763119495989863e-02,  5.0903600775175295e-01,  3.0790625902000679e+03,  4.3916617750561748e+01, -1.5010669687591437e+04,  1.0024412428734060e+01,  2.6447989778461656e+00,  2.5231080533934480e+00,  9.8072991938244966e-03,  5.7818218345695567e-02, -2.1029712525565118e+00,  2.7433066213374402e-01,  1.5722751798718092e-03,  2.9984314154704549e-02,  3.8643842980891940e-01,  0.0000000000000000e+00,  1.8680701544708730e-02,  1.0025138940503386e-01, -2.4419959951723591e+01,  0.0000000000000000e+00
 4.8651348651348654e+00,  6.3360836721963426e+02, -2.6841815554974102e-01,  2.7144052215035977e+01, -2.2498220610802949e-02,  8.9773683008220681e-02,  5.0897679716772015e-01,  3.0853940195207933e+03,  4.4145993330943739e+01, -1.5010695397588492e+04,  1.0024425597112829e+01,  2.6447968180980541e+00,  2.5282767792224590e+00,  9.8239384083839160e-03,  5.8122764502993668e-02, -2.1003292884419040e+00,  2.7433066213374402e-01,  1.7020345205125795e-03,  2.9835728872222640e-02,  1.8378134719625558e-01,  0.0000000000000000e+00,  7.2971184515581225e-03, -1.2999816295818831e-01, -1.6151987987333442e+01,  0.0000000000000000e+00
 4.8751248751248752e+00,  6.3360788768780571e+02, -2.6864703800021594e-01,  2.7144172257054773e+01, -2.2477029123865819e-02,  8.9779390831482425e-02,  5.0891842836223700e-01,  3.0917254236191402e+03,  4.4375937271953930e+01, -1.5010721106654924e+04,  1.0024438980581374e+01,  2.6447948259309433e+00,  2.5334449430919199e+00,  9.8413058775510213e-03,  5.8414336804681027e-02, -2.0992992975675757e+00,  2.7433066213374402e-01,  1.7051356006766603e-03,  2.7507086119533748e-02,  3.0525421984725121e-02,  0.0000000000000000e+00, -6.6762822027091467e-03, -3.3619611613013328e-01, -1.4529848240015310e+01,  0.0000000000000000e+00
 4.8851148851148851e+00,  6.3360740808366393e+02, -2.6886808726587602e-01,  2.7144291750138002e+01, -2.2462979771469896e-02,  8.9780551286310309e-02,  5.0885330824403252e-01,  3.0980568024427953e+03,  4.4606449578207453e+01, -1.5010746814799792e+04,  1.0024452512051385e+01,  2.6447929570634785e+00,  2.5386125058623885e+00,  9.8580070517540787e-03,  5.8672356633254076e-02, -2.0997193899007507e+00,  2.7433066213374402e-01,  1.5684090875178419e-03,  2.3460164972950084e-02, -6.0249012223287657e-02,  0.0000000000000000e+00, -2.0696365731686608e-02, -4.7399749741592540e-01, -3.6431934884290587e+00,  0.0000000000000000e+00
 4.8951048951048950e+00,  6.3360692844904656e+02, -2.6907965575099307e-01,  2.7144410324229895e+01, -2.2456075572165741e-02,  8.9777839894618114e-02,  5.0877644581304371e-01,  3.1043881559393508e+03,  4.4837530262338909e+01, -1.5010772522030138e+04,  1.0024466113260802e+01,  2.6447911856622781e+00,  2.5437793661252415e+00,  9.8726427224564723e-03,  5.8883071369575130e-02, -2.1005030740355735e+00,  2.7433066213374402e-01,  1.3128247641078119e-03,  1.8302269126768637e-02, -5.5266676549799998e-02,  0.0000000000000000e+00, -3.0471615815002000e-02, -5.5861325098961279e-01,  4.6406570902612998e+00,  0.0000000000000000e+00
 4.9050949050949049e+00,  6.3360644883726866e+02, -2.6928030111661877e-01,  2.7144527727943331e+01, -2.2454141582375638e-02,  8.9771912511623198e-02,  5.0868707788977297e-01,  3.1107194840564966e+03,  4.5069179340416497e+01, -1.5010798228351210e+04,  1.0024479716434232e+01,  2.6447894977541146e+00,  2.5489453954590782e+00,  9.8842373167712175e-03,  5.9038036336086612e-02, -2.1008236192024450e+00,  2.7433066213374402e-01,  9.9322992041666345e-04,  1.2583446089066027e-02, -4.6847634725972632e-03,  0.0000000000000000e+00, -3.3511271891966649e-02, -5.8629512115846283e-01,  5.4858419077948053e+00,  0.0000000000000000e+00
 4.9150849150849147e+00,  6.3360596931066857e+02, -2.6946910601732743e-01,  2.7144643853170827e+01, -2.2454522963155792e-02,  8.9763790241113139e-02,  5.0858785309388632e-01,  3.1170507867423275e+03,  4.5301396826926023e+01, -1.5010823933766531e+04,  1.0024493280338904e+01,  2.6447878870621797e+00,  2.5541104778880017e+00,  9.8924874761111507e-03,  5.9134488873852170e-02, -2.1005966757033576e+00,  2.7433066213374402e-01,  6.7148785600877235e-04,  7.0621177891352221e-03,  9.3633800545511930e-02,  0.0000000000000000e+00, -3.0901489402485181e-02, -5.1907480448758814e-01,  1.4197534608630454e+01,  0.0000000000000000e+00
 4.9250749250749255e+00,  6.3360548991601581e+02, -2.6964601191457976e-01,  2.7144759033239527e+01, -2.2455176195927865e-02,  8.9756734400087468e-02,  5.0848458575686051e-01,  3.1233820639454725e+03,  4.5534182730743048e+01, -1.5010849638277741e+04,  1.0024506789552786e+01,  2.6447863589605984e+00,  2.5592745418678438e+00,  9.8976536575506140e-03,  5.9179137590614793e-02, -2.0989528139967404e+00,  2.7433066213374402e-01,  3.9916765325352844e-04,  3.1274142903366608e-03,  2.6006997045105656e-01,  0.0000000000000000e+00, -2.3617015189112849e-02, -2.6865283597185796e-01,  1.9122986606458483e+01,  0.0000000000000000e+00
 4.9350649350649354e+00,  6.3360501066726499e+02, -2.6981218210264590e-01,  2.7144874061289709e+01, -2.2453958045324150e-02,  8.9754451567410423e-02,  5.0838618740358277e-01,  3.1297133156152718e+03,  4.5767537050425098e+01, -1.5010875341883049e+04,  1.0024520252711428e+01,  2.6447849464291306e+00,  2.5644375965344057e+00,  9.9004628537985341e-03,  5.9196974673858899e-02, -2.0954004724975421e+00,  2.7433066213374402e-01,  2.2118680225185846e-04,  2.0524672589709910e-03,  4.1885267919360464e-01,  0.0000000000000000e+00, -1.2014751181423351e-02,  5.3448440292444402e-02,  1.2665311683795998e+01,  0.0000000000000000e+00
 4.9450549450549453e+00,  6.3360453155294101e+02, -2.6996998087305180e-01,  2.7144989828747221e+01, -2.2449089500903560e-02,  8.9759033302444030e-02,  5.0830268111003862e-01,  3.1360445417016958e+03,  4.6001459771825310e+01, -1.5010901044580014e+04,  1.0024533704416230e+01,  2.6447836896863230e+00,  2.5695997504047123e+00,  9.9020729742789228e-03,  5.9220145927457370e-02, -2.0905841290977674e+00,  2.7433066213374402e-01,  1.5814631669449866e-04,  4.7838879800793871e-03,  3.8909460505549942e-01,  0.0000000000000000e+00, -6.0595402716022353e-04,  4.9338198807346295e-01, -1.8622878126244728e+01,  0.0000000000000000e+00
 4.9550449550449551e+00,  6.3360405250803387e+02, -2.7012174414851753e-01,  2.7145108002717443e+01, -2.2441948978313031e-02,  8.9775067892206212e-02,  5.0823762010452056e-01,  3.1423757421551509e+03,  4.6235950870425128e+01, -1.5010926746362687e+04,  1.0024547186048240e+01,  2.6447826518805608e+00,  2.5747611925223448e+00,  9.9036226203658567e-03,  5.9292556851283061e-02, -2.0876263545144154e+00,  2.7433066213374402e-01,  1.8491836561035930e-04,  1.1814969750178381e-02,  2.7158448145583652e-01,  0.0000000000000000e+00,  5.9657182201155864e-03,  9.1424058230037186e-01, -4.9026486184080609e+00,  0.0000000000000000e+00
 4.9650349650349650e+00,  6.3360357345409318e+02, -2.7026957270459057e-01,  2.7145229269522638e+01, -2.2433649068139248e-02,  8.9799595727429557e-02,  5.0819193032076837e-01,  3.1487069169258143e+03,  4.6471010320551443e+01, -1.5010952447223877e+04,  1.0024560723065937e+01,  2.6447819068923253e+00,  2.5799221257782095e+00,  9.9057676469184903e-03,  5.9456209259129263e-02, -2.0851578657320164e+00,  2.7433066213374402e-01,  2.6514511314316551e-04,  2.1246246520658173e-02,  2.4570583879508154e-01,  0.0000000000000000e+00,  1.0095676635952401e-02,  9.7390102714970439e-01, -2.7825564227514621e-01,  0.0000000000000000e+00
 4.9750249750249749e+00,  6.3360309432879274e+02, -2.7041572760003146e-01,  2.7145352985163086e+01, -2.2424766229461959e-02,  8.9825143000045349e-02,  5.0816633305978920e-01,  3.1550380659631469e+03,  4.6706638097121669e+01, -1.5010978147165908e+04,  1.0024574333936179e+01,  2.6447814681004829e+00,  2.5850827538849885e+00,  9.9089202250240618e-03,  5.9717057281266236e-02, -2.0827171469460821e+00,  2.7433066213374402e-01,  3.7325705752538397e-04,  2.9456453529976768e-02,  2.2503117115386803e-01,  0.0000000000000000e+00,  1.1548334629367983e-02,  6.6978241611589762e-01, -3.8608128194958451e+00,  0.0000000000000000e+00
 4.9850149850149847e+00,  6.3360261509030556e+02, -2.7056207635454305e-01,  2.7145477851775848e+01, -2.2416484237097023e-02,  8.9845026452641488e-02,  5.0815863405824813e-01,  3.1613691892157572e+03,  4.6942834177647839e+01, -1.5011003846202053e+04,  1.0024588027581892e+01,  2.6447812768086414e+00,  2.5902432617738693e+00,  9.9132253303855309e-03,  6.0044749789198722e-02, -2.0806617384362349e+00,  2.7433066213374402e-01,  4.7723352124598428e-04,  3.3772664541030499e-02,  1.3742151651002502e-01,  0.0000000000000000e+00,  9.2677534074964499e-03,  1.9432302829706985e-01, -1.3678640040201731e+01,  0.0000000000000000e+00
 4.9950049950049946e+00,  6.3360213571641748e+02, -2.7070959601458872e-01,  2.7145602720897994e+01, -2.2410352954813809e-02,  8.9856695064744946e-02,  5.0816294764117020e-01,  3.1677002866315297e+03,  4.7179598545545559e+01, -1.5011029544352004e+04,  1.0024601796331343e+01,  2.6447812337888208e+00,  2.5954037866041411e+00,  9.9184553603136917e-03,  6.0391835793574530e-02, -2.0799714623005272e+00,  2.7433066213374402e-01,  5.3832178945846174e-04,  3.3912465290973082e-02, -2.6677780779417348e-02,  0.0000000000000000e+00,  2.9621178886462068e-03, -1.6633491815824894e-01, -1.9174039277143542e+01,  0.0000000000000000e+00
 5.0049950049950054e+00,  6.3360165616679228e+02, -2.7085792494922017e-01,  2.7145727556568268e+01, -2.2408160374820334e-02,  8.9863989920889079e-02,  5.0816985815652593e-01,  3.1740313581578630e+03,  4.7416931193702119e+01, -1.5011055241631853e+04,  1.0024615611899614e+01,  2.6447812578139933e+00,  2.6005643883296745e+00,  9.9239810104945914e-03,  6.0722321523284120e-02, -2.0811947610292303e+00,  2.7433066213374402e-01,  5.1946845087120239e-04,  3.2112347389127716e-02, -1.8900057223836331e-01,  0.0000000000000000e+00, -6.7365562738154064e-03, -1.9404868579118129e-01, -1.3322983572936369e+01,  0.0000000000000000e+00
 5.0149850149850153e+00,  6.3360117639285568e+02, -2.7100570819302872e-01,  2.7145853164948772e+01, -2.2411416606067398e-02,  8.9872325409975820e-02,  5.0817023045106735e-01,  3.1803624037418572e+03,  4.7654832125230875e+01, -1.5011080938046198e+04,  1.0024629425069444e+01,  2.6447813384200205e+00,  2.6057250428802972e+00,  9.9288343503410887e-03,  6.1033441136014666e-02, -2.0837476975100850e+00,  2.7433066213374402e-01,  3.9398508371913873e-04,  3.0684439123021049e-02, -3.2255980646616667e-01,  0.0000000000000000e+00, -1.8385213830032058e-02, -9.1818549083644896e-02, -1.3415575119467304e+01,  0.0000000000000000e+00
 5.0249750249750251e+00,  6.3360069638791379e+02, -2.7115077727381870e-01,  2.7145979722684906e+01, -2.2421213282008454e-02,  8.9881613508892858e-02,  5.0815584980366679e-01,  3.1866934233303678e+03,  4.7893301353048471e+01, -1.5011106633592968e+04,  1.0024643170190890e+01,  2.6447815060331474e+00,  2.6108856460916132e+00,  9.9318528403391296e-03,  6.1335397230037780e-02, -2.0876395124071756e+00,  2.7433066213374402e-01,  1.4597495585685831e-04,  2.9721005360987915e-02, -4.7474321738713837e-01,  0.0000000000000000e+00, -3.1266413767997055e-02, -1.0106089007539090e-01, -1.7051543746911591e+01,  0.0000000000000000e+00
 5.0349650349650350e+00,  6.3360021617062694e+02, -2.7129015128753398e-01,  2.7146106686014416e+01, -2.2438500441818058e-02,  8.9888833469796411e-02,  5.0811910101846591e-01,  3.1930244168698732e+03,  4.8132338900367287e+01, -1.5011132328271073e+04,  1.0024656767521396e+01,  2.6447817865862073e+00,  2.6160460126460974e+00,  9.9317509328756912e-03,  6.1627267416953478e-02, -2.0932330764788589e+00,  2.7433066213374402e-01, -2.2965105710014524e-04,  2.7966395374733798e-02, -6.0887991754593418e-01,  0.0000000000000000e+00, -4.3933914025995932e-02, -2.5021202917268731e-01, -9.8026236248796312e+00,  0.0000000000000000e+00
 5.0449550449550449e+00,  6.3359973577587027e+02, -2.7142032202498867e-01,  2.7146233231266837e+01, -2.2463108511235001e-02,  8.9891350170003465e-02,  5.0805429619106468e-01,  3.1993553843063946e+03,  4.8371944799792885e+01, -1.5011158022082649e+04,  1.0024670129401834e+01,  2.6447821895622043e+00,  2.6212058856243914e+00,  9.9272644076298360e-03,  6.1894166368394093e-02, -2.0998049453251761e+00,  2.7433066213374402e-01, -7.1458435763472651e-04,  2.4388411650059422e-02, -6.3664476699859507e-01,  0.0000000000000000e+00, -5.3149732741028376e-02, -4.6610031250713113e-01,  4.2441007644568502e+00,  0.0000000000000000e+00
 5.0549450549450547e+00,  6.3359925526753864e+02, -2.7153792522889153e-01,  2.7146358514596486e+01, -2.2493251810503854e-02,  8.9888025783987247e-02,  5.0795999950821769e-01,  3.2056863255857693e+03,  4.8612119089179650e+01, -1.5011183715032319e+04,  1.0024683176470885e+01,  2.6447827122182042e+00,  2.6263649689954813e+00,  9.9174735231327398e-03,  6.2114548369002612e-02, -2.1059532516436659e+00,  2.7433066213374402e-01, -1.2605771170814818e-03,  1.8865577445471179e-02, -5.7043288734568787e-01,  0.0000000000000000e+00, -5.6158017700213295e-02, -6.3957109525144773e-01,  9.0115175420553335e+00,  0.0000000000000000e+00
 5.0649350649350646e+00,  6.3359877472009236e+02, -2.7164013693540712e-01,  2.7146482052929802e+01, -2.2526052017893941e-02,  8.9880002733415496e-02,  5.0783850527993790e-01,  3.2120172406541342e+03,  4.8852861805506059e+01, -1.5011209407125556e+04,  1.0024695853816109e+01,  2.6447833518374542e+00,  2.6315229735485737e+00,  9.9020780516441923e-03,  6.2271100982689218e-02, -2.1112022058116033e+00,  2.7433066213374402e-01, -1.8029062651883636e-03,  1.2290492959024362e-02, -4.5630401456641334e-01,  0.0000000000000000e+00, -5.2416277750785695e-02, -6.7676081893522066e-01,  1.3837082788355684e+01,  0.0000000000000000e+00
 5.0749250749250745e+00,  6.3359829419727077e+02, -2.7172473059755092e-01,  2.7146603935072374e+01, -2.2558439212594397e-02,  8.9870466429672821e-02,  5.0769408946737260e-01,  3.2183481294582180e+03,  4.9094172980864265e+01, -1.5011235098365494e+04,  1.0024708138630524e+01,  2.6447841218514263e+00,  2.6366796472237781e+00,  9.8814514199321735e-03,  6.2360112663888211e-02, -2.1150702149716660e+00,  2.7433066213374402e-01, -2.2743277486923937e-03,  6.4730064035423383e-03, -2.6788593854698811e-01,  0.0000000000000000e+00, -4.1962303246738733e-02, -4.8789998947219299e-01,  2.3884216030729181e+01,  0.0000000000000000e+00
 5.0849150849150853e+00,  6.3359781372356224e+02, -2.7179053546139892e-01,  2.7146725143877671e+01, -2.2586688527758032e-02,  8.9865349328300745e-02,  5.0753436921986483e-01,  3.2246789919455609e+03,  4.9336052638855826e+01, -1.5011260788750273e+04,  1.0024720045153057e+01,  2.6447850709491978e+00,  2.6418348027522174e+00,  9.8566369377842029e-03,  6.2400431779962795e-02, -2.1165545722161387e+00,  2.7433066213374402e-01, -2.6117244030792034e-03,  3.6120414117051746e-03, -1.0851123450819694e-01,  0.0000000000000000e+00, -2.5584506961498360e-02, -8.4865201893588330e-02,  8.0225997178357602e+00,  0.0000000000000000e+00
 5.0949050949050951e+00,  6.3359733329718199e+02, -2.7183731400568240e-01,  2.7146846817773248e+01, -2.2608077695045151e-02,  8.9867659826152524e-02,  5.0736736839855301e-01,  3.2310098280645043e+03,  4.9578500791199268e+01, -1.5011286478272494e+04,  1.0024731625864488e+01,  2.6447862852958708e+00,  2.6469883437945860e+00,  9.8292691141763436e-03,  6.2432281323462742e-02, -2.1172382716051965e+00,  2.7433066213374402e-01, -2.7757115658752726e-03,  4.4495408459831708e-03, -2.3997266355892024e-02,  0.0000000000000000e+00, -7.2457230302495380e-03,  2.5253258863602041e-01,  8.8970967062561321e+00,  0.0000000000000000e+00
 5.1048951048951050e+00,  6.3359685290802452e+02, -2.7186552351713023e-01,  2.7146969446824571e+01, -2.2621131964290733e-02,  8.9875592704687285e-02,  5.0720048883461977e-01,  3.2373406377639212e+03,  4.9821517440546835e+01, -1.5011312166926009e+04,  1.0024742956727067e+01,  2.6447878405227492e+00,  2.6521402465874302e+00,  9.8011781652392431e-03,  6.2489333694967453e-02, -2.1170340380773953e+00,  2.7433066213374402e-01, -2.7569867839298628e-03,  7.8057787473214332e-03,  6.5439777164293347e-02,  0.0000000000000000e+00,  1.0994424375720634e-02,  4.1938623921190765e-01,  9.0081994064851880e+00,  0.0000000000000000e+00
 5.1148851148851149e+00,  6.3359637252223911e+02, -2.7187664931075195e-01,  2.7147093248179498e+01, -2.2625250778131361e-02,  8.9887388829108725e-02,  5.0704219026646791e-01,  3.2436714209928305e+03,  5.0065102580309023e+01, -1.5011337854709554e+04,  1.0024754127779882e+01,  2.6447897755551963e+00,  2.6572905622104699e+00,  9.7741844631487745e-03,  6.2588240938793838e-02, -2.1159307835499659e+00,  2.7433066213374402e-01, -2.5626922912763660e-03,  1.2758273951584905e-02,  1.6050182845074323e-01,  0.0000000000000000e+00,  2.7903333053509824e-02,  5.7210330068165094e-01,  1.0023223261062300e+01,  0.0000000000000000e+00
 5.1248751248751248e+00,  6.3359589204700785e+02, -2.7187303846509847e-01,  2.7147218943239022e+01, -2.2620196694107052e-02,  8.9904741280430217e-02,  5.0690044154793323e-01,  3.2500021777003080e+03,  5.0309256193769635e+01, -1.5011363541623879e+04,  1.0024765235686512e+01,  2.6447921174571092e+00,  2.6624394226004431e+00,  9.7499755220568987e-03,  6.2744244263430685e-02, -2.1138272083381198e+00,  2.7433066213374402e-01, -2.2126165531995852e-03,  1.9010434787883071e-02,  2.1215765653784011e-01,  0.0000000000000000e+00,  4.2181829709462486e-02,  6.7957929874525647e-01,  3.1827352197461461e-01,  0.0000000000000000e+00
 5.1348651348651346e+00,  6.3359541140646513e+02, -2.7185715813070410e-01,  2.7147346596280414e+01, -2.2607230758486196e-02,  8.9924545761296534e-02,  5.0677866376186909e-01,  3.2563329078351717e+03,  5.0553978256547452e+01, -1.5011389227671634e+04,  1.0024776376667452e+01,  2.6447948786035225e+00,  2.6675870196096212e+00,  9.7299763402077244e-03,  6.2968069805684604e-02, -2.1116918693334257e+00,  2.7433066213374402e-01, -1.7495320422002644e-03,  2.5204680683140860e-02,  2.3459913426453013e-01,  0.0000000000000000e+00,  5.0527689392602666e-02,  5.6050872948536734e-01,  4.1745103189087800e+00,  0.0000000000000000e+00
 5.1448551448551445e+00,  6.3359493055314908e+02, -2.7183127379753302e-01,  2.7147475685735301e+01, -2.2588418274606479e-02,  8.9942531012464896e-02,  5.0667716705804866e-01,  3.2626636113457844e+03,  5.0799268743239786e+01, -1.5011414912861612e+04,  1.0024787628530802e+01,  2.6447980256064634e+00,  2.6727335517119073e+00,  9.7150198368980527e-03,  6.3247834287069857e-02, -2.1091399129482191e+00,  2.7433066213374402e-01, -1.2346030873905654e-03,  2.9495355857006460e-02,  2.0709897345593337e-01,  0.0000000000000000e+00,  5.2561087360284593e-02,  2.9848444032277172e-01, -9.6800425127872121e+00,  0.0000000000000000e+00
 5.1548451548451553e+00,  6.3359444946698386e+02, -2.7179714962311280e-01,  2.7147605508795063e+01, -2.2566868950191953e-02,  8.9955881894099851e-02,  5.0659296151184485e-01,  3.2689942881799816e+03,  5.1045127629991924e+01, -1.5011440597206745e+04,  1.0024799043954191e+01,  2.6448014921208487e+00,  2.6778792013997843e+00,  9.7053089458542657e-03,  6.3557387605025412e-02, -2.1075540277059344e+00,  2.7433066213374402e-01, -7.4090434591583213e-04,  3.0865103101904250e-02,  8.3965223014123458e-02,  0.0000000000000000e+00,  4.6277400682953773e-02, -2.4261041894242746e-02, -1.4971334325662323e+01,  0.0000000000000000e+00
 5.1648351648351651e+00,  6.3359396816231560e+02, -2.7175542684127840e-01,  2.7147735233959974e+01, -2.2546665782681129e-02,  8.9963013499529246e-02,  5.0651869540580496e-01,  3.2753249382851864e+03,  5.1291554899641660e+01, -1.5011466280721750e+04,  1.0024810635152791e+01,  2.6448051981056420e+00,  2.6830240948990722e+00,  9.7002165532633702e-03,  6.3864519663731301e-02, -2.1074622861147700e+00,  2.7433066213374402e-01, -3.4626167307055935e-04,  2.9156066422349164e-02, -5.7994318451282362e-02,  0.0000000000000000e+00,  3.2730062420673230e-02, -3.1788810135296208e-01, -1.3448965875711668e+01,  0.0000000000000000e+00
 5.1748251748251750e+00,  6.3359348666338906e+02, -2.7170551216568617e-01,  2.7147864212351127e+01, -2.2531114218523787e-02,  8.9964113222596023e-02,  5.0644466598469429e-01,  3.2816555616084074e+03,  5.1538550545625924e+01, -1.5011491963420438e+04,  1.0024822372690585e+01,  2.6448090722567672e+00,  2.6881682720943130e+00,  9.6983906307080009e-03,  6.4139926394682731e-02, -2.1087127553473186e+00,  2.7433066213374402e-01, -1.0784545183035944e-04,  2.5137389590049745e-02, -1.4988059254276834e-01,  0.0000000000000000e+00,  1.5000865071615349e-02, -4.8665100047339155e-01, -4.9466661974040385e+00,  0.0000000000000000e+00
 5.1848151848151849e+00,  6.3359300497573383e+02, -2.7164565213741160e-01,  2.7147992435255222e+01, -2.2522243788566522e-02,  8.9962479483372562e-02,  5.0636072342048621e-01,  3.2879861580963516e+03,  5.1786114573344143e+01, -1.5011517645312146e+04,  1.0024834195503397e+01,  2.6448130755199584e+00,  2.6933116751808970e+00,  9.6980617989810454e-03,  6.4366765209986035e-02, -2.1104569033483918e+00,  2.7433066213374402e-01, -5.0159938256775258e-05,  2.0632397194869631e-02, -2.3030566314923770e-01,  0.0000000000000000e+00, -3.4522252541836617e-03, -4.1524847704167717e-01, -1.1154432938011313e+01,  0.0000000000000000e+00
 5.1948051948051948e+00,  6.3359252308769067e+02, -2.7157309456318746e-01,  2.7148120459162939e+01, -2.2520916458442876e-02,  8.9961880634596827e-02,  5.0625732292579573e-01,  3.2943167276954009e+03,  5.2034246998578467e+01, -1.5011543326397197e+04,  1.0024846025163091e+01,  2.6448172295392594e+00,  2.6984541595670493e+00,  9.6973884341394340e-03,  6.4552162102871929e-02, -2.1133142670985521e+00,  2.7433066213374402e-01, -1.6607747348758412e-04,  1.7107003362787920e-02, -2.2606796611487606e-01,  0.0000000000000000e+00, -1.9754465299024544e-02, -2.9053536814108938e-01,  1.2002819884290522e+01,  0.0000000000000000e+00
 5.2047952047952046e+00,  6.3359204103862646e+02, -2.7148480490724192e-01,  2.7148248313341149e+01, -2.2525688570765923e-02,  8.9962026539192469e-02,  5.0612964954195938e-01,  3.3006472703516765e+03,  5.2282947846440969e+01, -1.5011569006672007e+04,  1.0024857780046240e+01,  2.6448215845910776e+00,  2.7035955050921836e+00,  9.6947435677425323e-03,  6.4708563478972803e-02, -2.1149737458282094e+00,  2.7433066213374402e-01, -4.0491012570020694e-04,  1.4696044596127245e-02, -8.9968812817098259e-02,  0.0000000000000000e+00, -2.8059831673943100e-02, -1.9213857694438385e-01,  1.5244230605924910e+01,  0.0000000000000000e+00
 5.2147852147852145e+00,  6.3359155889279009e+02, -2.7137868732659293e-01,  2.7148376057692506e+01, -2.2533128723486638e-02,  8.9963810846674722e-02,  5.0598096243521384e-01,  3.3069777860116346e+03,  5.2532217142566381e+01, -1.5011594686133998e+04,  1.0024869406129689e+01,  2.6448261913823505e+00,  2.7087354864476638e+00,  9.6892983217378315e-03,  6.4845789367529813e-02, -2.1151118457762164e+00,  2.7433066213374402e-01, -6.8827571694625726e-04,  1.3470011522621471e-02,  2.0222756876902039e-02,  0.0000000000000000e+00, -2.8669959693516829e-02, -5.3313244371474701e-02,  6.8161216468142047e+00,  0.0000000000000000e+00
 5.2247752247752244e+00,  6.3359107667681883e+02, -2.7125341214279708e-01,  2.7148503854161028e+01, -2.2541062790128588e-02,  8.9967584923938138e-02,  5.0581669108697613e-01,  3.3133082746223768e+03,  5.2782054906423539e+01, -1.5011620364781624e+04,  1.0024880880750048e+01,  2.6448311044161210e+00,  2.7138739291258505e+00,  9.6809918051661836e-03,  6.4977694578325876e-02, -2.1145696947417578e+00,  2.7433066213374402e-01, -9.4942416850266878e-04,  1.3554663793460785e-02,  1.8674723890437533e-01,  0.0000000000000000e+00, -2.3611960308083713e-02,  7.0260628993619914e-02,  2.6522079655085637e+01,  0.0000000000000000e+00
 5.2347652347652351e+00,  6.3359059437719395e+02, -2.7110888211517997e-01,  2.7148632211760674e+01, -2.2546403634496968e-02,  8.9975126391347304e-02,  5.0564616723471556e-01,  3.3196387361314632e+03,  5.3032461149191370e+01, -1.5011646042614946e+04,  1.0024892208160129e+01,  2.6448363682769829e+00,  2.7190107253346492e+00,  9.6703288078816337e-03,  6.5116611820945622e-02, -2.1113806322116933e+00,  2.7433066213374402e-01, -1.1212553800808165e-03,  1.5521640354456589e-02,  4.1731354804315185e-01,  0.0000000000000000e+00, -1.0788648249860342e-02,  3.2352807851772697e-01,  1.9637295434495911e+01,  0.0000000000000000e+00
 5.2447552447552450e+00,  6.3359011195341361e+02, -2.7094684363542076e-01,  2.7148762059192720e+01, -2.2545687881879131e-02,  8.9988764597620494e-02,  5.0548305078432021e-01,  3.3259691704870429e+03,  5.3283435866259545e+01, -1.5011671719632199e+04,  1.0024903433804376e+01,  2.6448420380775968e+00,  2.7241458910993854e+00,  9.6585891002694633e-03,  6.5287817262730613e-02, -2.1062317617139223e+00,  2.7433066213374402e-01, -1.1404079345213182e-03,  1.9645074759488557e-02,  5.8463598639760672e-01,  0.0000000000000000e+00,  6.9543068508828038e-03,  5.0198348936951576e-01,  1.3860656724060874e+01,  0.0000000000000000e+00
 5.2547452547452549e+00,  6.3358962938148932e+02, -2.7077059885066468e-01,  2.7148893479162723e+01, -2.2537109398606644e-02,  9.0005979035421971e-02,  5.0534146016296955e-01,  3.3322995776378325e+03,  5.3534979036126693e+01, -1.5011697395835823e+04,  1.0024914636108432e+01,  2.6448481387124088e+00,  2.7292795783987418e+00,  9.6475434345645247e-03,  6.5509120807149185e-02, -2.0996995935224305e+00,  2.7433066213374402e-01, -9.7882425078327576e-04,  2.4627812482695341e-02,  6.5867398257289855e-01,  0.0000000000000000e+00,  2.5394746633473662e-02,  4.9556060281649417e-01,  9.6175011023272650e-01,  0.0000000000000000e+00
 5.2647352647352648e+00,  6.3358914663586461e+02, -2.7058472027058439e-01,  2.7149026066573658e+01, -2.2520595098491865e-02,  9.0023396993902369e-02,  5.0523378639961358e-01,  3.3386299575329385e+03,  5.3787090621691661e+01, -1.5011723071237157e+04,  1.0024925908820370e+01,  2.6448546395671229e+00,  2.7344120674522516e+00,  9.6390321721818856e-03,  6.5779881448199046e-02, -2.0930714423817967e+00,  2.7433066213374402e-01, -6.4909800754958148e-04,  2.8910819390188001e-02,  6.5813333483847092e-01,  0.0000000000000000e+00,  4.0616447261912700e-02,  3.6189738006354610e-01, -1.0699877866651326e+00,  0.0000000000000000e+00
 5.2747252747252746e+00,  6.3358866367609005e+02, -2.7039427105986208e-01,  2.7149159365218349e+01, -2.2497599621894241e-02,  9.0038896371761865e-02,  5.0516765102210992e-01,  3.3449603101216017e+03,  5.4039770574876535e+01, -1.5011748745854075e+04,  1.0024937342000237e+01,  2.6448614656001408e+00,  2.7395437307873616e+00,  9.6345744434046931e-03,  6.6086759556203883e-02, -2.0865500763428408e+00,  2.7433066213374402e-01, -1.9274822181022076e-04,  3.1462161574150729e-02,  6.4407283237439716e-01,  0.0000000000000000e+00,  5.0744779843108379e-02,  1.4888132516579750e-01, -1.7449248066424672e+00,  0.0000000000000000e+00
 5.2847152847152845e+00,  6.3358818047002262e+02, -2.7020445222870604e-01,  2.7149292787670280e+01, -2.2470092013297614e-02,  9.0050341176736437e-02,  5.0514644003227760e-01,  3.3512906353530361e+03,  5.4293018841432840e+01, -1.5011774419708976e+04,  1.0024949010569777e+01,  2.6448685100458342e+00,  2.7446749922261997e+00,  9.6351810588590041e-03,  6.6408496065065187e-02, -2.0802028543223683e+00,  2.7433066213374402e-01,  3.3618378497525325e-04,  3.1720836067329970e-02,  6.1974610897342330e-01,  0.0000000000000000e+00,  5.5147407915344747e-02, -9.7094691631311694e-02, -3.1252852182325550e+00,  0.0000000000000000e+00
 5.2947052947052944e+00,  6.3358769700178618e+02, -2.7001983724335038e-01,  2.7149425892746592e+01, -2.2440287227939542e-02,  9.0057057245373412e-02,  5.0516785059100600e-01,  3.3576209331763121e+03,  5.4546835366632536e+01, -1.5011800092825377e+04,  1.0024960968122956e+01,  2.6448756499372386e+00,  2.7498062779327479e+00,  9.6412914021454573e-03,  6.6720542494612067e-02, -2.0741675367030123e+00,  2.7433066213374402e-01,  8.8016033845367042e-04,  2.9815771528469936e-02,  5.7517475953274189e-01,  0.0000000000000000e+00,  5.3756698091035636e-02, -2.8429922904847205e-01, -5.7978989397919705e+00,  0.0000000000000000e+00
 5.3046953046953043e+00,  6.3358721327530509e+02, -2.6984400246325807e-01,  2.7149558535855604e+01, -2.2410671206169058e-02,  9.0060147408072180e-02,  5.0522540508929192e-01,  3.3639512035403591e+03,  5.4801220100924169e+01, -1.5011825765223863e+04,  1.0024973243231663e+01,  2.6448827724093502e+00,  2.7549379693951561e+00,  9.6527666800069294e-03,  6.7004215775923720e-02, -2.0687108511349011e+00,  2.7433066213374402e-01,  1.3767884182687012e-03,  2.6602526046220848e-02,  4.7111881386492271e-01,  0.0000000000000000e+00,  4.5668243487942892e-02, -3.5899251649753444e-01, -1.5034101382900138e+01,  0.0000000000000000e+00
 5.3146853146853150e+00,  6.3358672931076751e+02, -2.6967921935568867e-01,  2.7149690800886471e+01, -2.2384889685208683e-02,  9.0061670198738661e-02,  5.0530916369825185e-01,  3.3702814463939794e+03,  5.5056173003963544e+01, -1.5011851436919678e+04,  1.0024985830483322e+01,  2.6448897945110796e+00,  2.7600703702956553e+00,  9.6687996622507270e-03,  6.7252061496534579e-02, -2.0647545733890276e+00,  2.7433066213374402e-01,  1.7546959382230846e-03,  2.3251627527904013e-02,  3.1320785064241419e-01,  0.0000000000000000e+00,  2.9988842006922166e-02, -3.1185736686947357e-01, -1.6579673454245029e+01,  0.0000000000000000e+00
 5.3246753246753249e+00,  6.3358624513335747e+02, -2.6952628693185648e-01,  2.7149822911749126e+01, -2.2366886843481350e-02,  9.0063778490544658e-02,  5.0540708003936219e-01,  3.3766116616858153e+03,  5.5311694048321748e+01, -1.5011877107922350e+04,  1.0024998680283092e+01,  2.6448966750229341e+00,  2.7652036779821718e+00,  9.6878255399114876e-03,  6.7468783758499240e-02, -2.0624529520211663e+00,  2.7433066213374402e-01,  1.9487178569478653e-03,  2.0649632876838828e-02,  1.8073442484928651e-01,  0.0000000000000000e+00,  8.8543461217610777e-03, -2.0906196227396154e-01, -9.9415063895407574e+00,  0.0000000000000000e+00
 5.3346653346653348e+00,  6.3358576076462430e+02, -2.6938471189552143e-01,  2.7149954943807835e+01, -2.2359280780389484e-02,  9.0066860662794054e-02,  5.0550733906356093e-01,  3.3829418493642311e+03,  5.5567783221018878e+01, -1.5011902778237669e+04,  1.0025011703345596e+01,  2.6449034075879805e+00,  2.7703379726443091e+00,  9.7077350839679666e-03,  6.7664641573993892e-02, -2.0611434959694614e+00,  2.7433066213374402e-01,  1.9285411556244159e-03,  1.8965110706957986e-02,  6.4479568295070594e-02,  0.0000000000000000e+00, -1.2893721726715683e-02, -1.2817937613618716e-01, -1.3332715892613541e+01,  0.0000000000000000e+00
 5.3446553446553446e+00,  6.3358527621227222e+02, -2.6925298264985464e-01,  2.7150086960522142e+01, -2.2362404629635398e-02,  9.0071127352489747e-02,  5.0559979176396685e-01,  3.3892720093772014e+03,  5.5824440522438380e+01, -1.5011928447869768e+04,  1.0025024791153088e+01,  2.6449100045651788e+00,  2.7754732272795661e+00,  9.7263578307331539e-03,  6.7847707049347547e-02, -2.0611646489583277e+00,  2.7433066213374402e-01,  1.7077511892160959e-03,  1.8234625800103987e-02, -3.6800227618175994e-02,  0.0000000000000000e+00, -3.1308429548230488e-02, -1.8063702215985151e-02, -6.9434992492186618e+00,  0.0000000000000000e+00
 5.3546453546453545e+00,  6.3358479146703189e+02, -2.6912873538183840e-01,  2.7150219242383809e+01, -2.2375006150200976e-02,  9.0077435764867791e-02,  5.0567610831038234e-01,  3.3956021416722033e+03,  5.6081665964590421e+01, -1.5011954116820012e+04,  1.0025037836044111e+01,  2.6449165043069414e+00,  2.7806093241986067e+00,  9.7418559868494067e-03,  6.8028969761808153e-02, -2.0618787652525419e+00,  2.7433066213374402e-01,  1.3320524581272783e-03,  1.8395571920113474e-02, -6.3494044122951079e-02,  0.0000000000000000e+00, -4.3906456415751693e-02,  5.0285115441885214e-02,  1.5993971849626265e+00,  0.0000000000000000e+00
 5.3646353646353644e+00,  6.3358430653208757e+02, -2.6900959638671595e-01,  2.7150351714249751e+01, -2.2394699456757677e-02,  9.0084230796781822e-02,  5.0573310882416722e-01,  3.4019322461963056e+03,  5.6339459567135656e+01, -1.5011979785089145e+04,  1.0025050746650356e+01,  2.6449229516067088e+00,  2.7857460870906738e+00,  9.7529722654609713e-03,  6.8215250943855305e-02, -2.0624332612285166e+00,  2.7433066213374402e-01,  8.6519985873276901e-04,  1.9049387112298668e-02, -1.3845982660250417e-02,  0.0000000000000000e+00, -4.9557433983030141e-02,  8.0608686033591878e-02,  8.3401447198701621e+00,  0.0000000000000000e+00
 5.3746253746253743e+00,  6.3358382139189871e+02, -2.6889380138220703e-01,  2.7150484864768266e+01, -2.2418678450626315e-02,  9.0093229537699895e-02,  5.0577302388760403e-01,  3.4082623228964876e+03,  5.6597821350399002e+01, -1.5012005452677968e+04,  1.0025063457162476e+01,  2.6449293864601837e+00,  2.7908833347790432e+00,  9.7591426973135977e-03,  6.8409576896919011e-02, -2.0621554082627367e+00,  2.7433066213374402e-01,  3.8142940917206691e-04,  2.0510079639023182e-02,  1.0555773897311900e-01,  0.0000000000000000e+00, -4.7293410019015943e-02,  2.1182195781682303e-01,  1.5564480351130227e+01,  0.0000000000000000e+00
 5.3846153846153850e+00,  6.3358333603759115e+02, -2.6878084661448415e-01,  2.7150619095338620e+01, -2.2443363168936411e-02,  9.0104672721763895e-02,  5.0580373961187430e-01,  3.4145923717199271e+03,  5.6856751327584298e+01, -1.5012031119583677e+04,  1.0025075936468763e+01,  2.6449358623163781e+00,  2.7960209412544650e+00,  9.7605932326771967e-03,  6.8625042744834802e-02, -2.0603242154947878e+00,  2.7433066213374402e-01, -3.8254987844593909e-05,  2.2687741078652793e-02,  2.3816985912124344e-01,  0.0000000000000000e+00, -3.6727406263716789e-02,  2.2414586239701029e-01,  1.0984466102523415e+01,  0.0000000000000000e+00
 5.3946053946053949e+00,  6.3358285047689606e+02, -2.6867168986554174e-01,  2.7150753970893728e+01, -2.2464755530182380e-02,  9.0116227865278273e-02,  5.0583642252501648e-01,  3.4209223926140567e+03,  5.7116249500674080e+01, -1.5012056785809713e+04,  1.0025088196419057e+01,  2.6449423964430210e+00,  2.8011588738653765e+00,  9.7583783618921272e-03,  6.8862878416972029e-02, -2.0573967697188555e+00,  2.7433066213374402e-01, -3.2095424276389279e-04,  2.4555451815521826e-02,  3.1836454177835094e-01,  0.0000000000000000e+00, -1.9868984571123897e-02,  1.4976982712395254e-01,  5.0705093654265960e+00,  0.0000000000000000e+00
 5.4045954045954048e+00,  6.3358236470629549e+02, -2.6856828287698442e-01,  2.7150889021574123e+01, -2.2479922490965490e-02,  9.0126339654950399e-02,  5.0588134232026538e-01,  3.4272523855264903e+03,  5.7376315859765711e+01, -1.5012082451365945e+04,  1.0025100288781005e+01,  2.6449489707499043e+00,  2.8062972019227259e+00,  9.7541805604941020e-03,  6.9115661162727340e-02, -2.0539632855891266e+00,  2.7433066213374402e-01, -4.1760836926008473e-04,  2.5425729689233300e-02,  3.7087147891390165e-01,  0.0000000000000000e+00,  5.1882844658605041e-04,  2.4459803193086785e-02,  5.4413794491107792e+00,  0.0000000000000000e+00
 5.4145854145854146e+00,  6.3358187873538327e+02, -2.6847403478442827e-01,  2.7151023735674990e+01, -2.2486751711529626e-02,  9.0133986564403509e-02,  5.0595061000959818e-01,  3.4335823504051882e+03,  5.7636950382565736e+01, -1.5012108116268037e+04,  1.0025112296255843e+01,  2.6449555346117073e+00,  2.8114361024644037e+00,  9.7500345383304873e-03,  6.9370885004169491e-02, -2.0499867501601363e+00,  2.7433066213374402e-01, -3.1099901452586771e-04,  2.5158633018312875e-02,  3.8184996138849808e-01,  0.0000000000000000e+00,  2.0824364371204437e-02, -7.7932556711356238e-02, -3.2434872576965494e+00,  0.0000000000000000e+00
 5.4245754245754245e+00,  6.3358139256318645e+02, -2.6839326593495605e-01,  2.7151158015763496e+01, -2.2485554847236515e-02,  9.0140377808621927e-02,  5.0605362802294462e-01,  3.4399122871986183e+03,  5.7898153033841339e+01, -1.5012133780534985e+04,  1.0025124316208167e+01,  2.6449620175308488e+00,  2.8165758617727583e+00,  9.7479667939701087e-03,  6.9618331153103216e-02, -2.0463339157312146e+00,  2.7433066213374402e-01, -2.6721190742454557e-05,  2.4354763631969149e-02,  3.2408387922541892e-01,  0.0000000000000000e+00,  3.6088055950235537e-02, -8.3002094434659626e-02, -8.3212823913520264e+00,  0.0000000000000000e+00
 5.4345654345654344e+00,  6.3358090617262587e+02, -2.6833038401532933e-01,  2.7151292142133066e+01, -2.2478555206872863e-02,  9.0146932726908241e-02,  5.0619432230536765e-01,  3.4462421958557320e+03,  5.8159923770022672e+01, -1.5012159444184628e+04,  1.0025136435487743e+01,  2.6449683528646490e+00,  2.8217168348423733e+00,  9.7495006484055631e-03,  6.9857493668144893e-02, -2.0435115477780101e+00,  2.7433066213374402e-01,  3.7171245855691239e-04,  2.3705957576729757e-02,  1.8907168017365591e-01,  0.0000000000000000e+00,  4.3678360639498648e-02, -4.6888877824268552e-02, -1.8708159858811243e+01,  0.0000000000000000e+00
 5.4445554445554443e+00,  6.3358041954714395e+02, -2.6828912716032333e-01,  2.7151426469605106e+01, -2.2468971194064023e-02,  9.0154234867828809e-02,  5.0637027384722688e-01,  3.4525720763256159e+03,  5.8422262546205530e+01, -1.5012185107232011e+04,  1.0025148713936433e+01,  2.6449744801272557e+00,  2.8268593862380853e+00,  9.7553936163188981e-03,  7.0091976659131777e-02, -2.0425562597836890e+00,  2.7433066213374402e-01,  7.9764495287196376e-04,  2.3597956392764432e-02, -3.8069516924188980e-02,  0.0000000000000000e+00,  4.1593324722375626e-02,  2.5267040794410289e-02, -2.6765507800177833e+01,  0.0000000000000000e+00
 5.4545454545454541e+00,  6.3357993268108658e+02, -2.6827154759485128e-01,  2.7151561476209391e+01, -2.2461378768140153e-02,  9.0163622637489435e-02,  5.0657115197012570e-01,  3.4589019285570639e+03,  5.8685169325121130e+01, -1.5012210769687550e+04,  1.0025161169368129e+01,  2.6449803579397262e+00,  2.8320038188191483e+00,  9.7654376105009068e-03,  7.0328981308359961e-02, -2.0442721774867851e+00,  2.7433066213374402e-01,  1.1517768070083145e-03,  2.4513146210579123e-02, -2.7552287402769043e-01,  0.0000000000000000e+00,  2.9303872475730290e-02,  1.5795396073229698e-01, -2.0772654291944313e+01,  0.0000000000000000e+00
 5.4645354645354649e+00,  6.3357944557288556e+02, -2.6827780081299518e-01,  2.7151697608652917e+01, -2.2460053685135078e-02,  9.0176292647365722e-02,  5.0678229290839139e-01,  3.4652317524983550e+03,  5.8948644085102543e+01, -1.5012236431556319e+04,  1.0025173767937758e+01,  2.6449859820538864e+00,  2.8371503113069600e+00,  9.7784061399354485e-03,  7.0581749810192315e-02, -2.0480612123117150e+00,  2.7433066213374402e-01,  1.3475368924906396e-03,  2.6592442638075302e-02, -4.6073732644913340e-01,  0.0000000000000000e+00,  9.8872966378298812e-03,  2.5832118405242482e-01, -1.6307279082827350e+01,  0.0000000000000000e+00
 5.4745254745254748e+00,  6.3357895821378861e+02, -2.6830627247303401e-01,  2.7151834830380679e+01, -2.2467946323455994e-02,  9.0190665214377796e-02,  5.0698811480491468e-01,  3.4715615480969977e+03,  5.9212686823365011e+01, -1.5012262092841100e+04,  1.0025186431859952e+01,  2.6449913734060866e+00,  2.8422988914027791e+00,  9.7923614245366847e-03,  7.0860298843586259e-02, -2.0534777184747801e+00,  2.7433066213374402e-01,  1.3325285362494048e-03,  2.8994481179646214e-02, -6.3163510020717251e-01,  0.0000000000000000e+00, -1.2891969557338004e-02,  2.2256693196981753e-01, -1.7906455223526930e+01,  0.0000000000000000e+00
 5.4845154845154847e+00,  6.3357847059899291e+02, -2.6835361965169896e-01,  2.7151972686434679e+01, -2.2486849736033845e-02,  9.0204061400081664e-02,  5.0717287646312370e-01,  3.4778913152994787e+03,  5.9477297556914500e+01, -1.5012287753545850e+04,  1.0025199053396497e+01,  2.6449965560262680e+00,  2.8474494295380861e+00,  9.8050300867136581e-03,  7.1161060123471953e-02, -2.0606812942339361e+00,  2.7433066213374402e-01,  1.0870996176794753e-03,  3.0649742890731146e-02, -7.3665043072108538e-01,  0.0000000000000000e+00, -3.6242899940362464e-02,  1.0881646258938941e-01, -3.1176139453586647e+00,  0.0000000000000000e+00
 5.4945054945054945e+00,  6.3357798272648927e+02, -2.6841514787814597e-01,  2.7152110840859372e+01, -2.2516930276203891e-02,  9.0215681483348770e-02,  5.0732317822336703e-01,  3.4842210540513142e+03,  5.9742476321762318e+01, -1.5012313413674425e+04,  1.0025211506226999e+01,  2.6450015629554740e+00,  2.8526016445921019e+00,  9.8140816966181925e-03,  7.1472681318925535e-02, -2.0681960087988775e+00,  2.7433066213374402e-01,  6.2949455570778608e-04,  3.1214748813896111e-02, -7.2559616363739521e-01,  0.0000000000000000e+00, -5.5369633466370777e-02,  4.2977232282379527e-03,  5.3306782155134487e+00,  0.0000000000000000e+00
 5.5044955044955044e+00,  6.3357749459623096e+02, -2.6848573209124521e-01,  2.7152249097245427e+01, -2.2556276277256305e-02,  9.0225481602890942e-02,  5.0743138364972784e-01,  3.4905507642973421e+03,  6.0008223166611515e+01, -1.5012339073229143e+04,  1.0025223668640040e+01,  2.6450064435756548e+00,  2.8577551514838984e+00,  9.8176074005140133e-03,  7.1784731428444895e-02, -2.0751787200808369e+00,  2.7433066213374402e-01,  1.8864178834943376e-05,  3.0787993527374675e-02, -6.7018077585991587e-01,  0.0000000000000000e+00, -6.6878567983573750e-02, -8.9734131589830027e-02,  5.7634824175380581e+00,  0.0000000000000000e+00
 5.5144855144855143e+00,  6.3357700622419088e+02, -2.6856039708938240e-01,  2.7152387219745908e+01, -2.2601586110969959e-02,  9.0233253097611613e-02,  5.0749559250553511e-01,  3.4968804459821081e+03,  6.0274538145635319e+01, -1.5012364732211263e+04,  1.0025235443603544e+01,  2.6450112542785713e+00,  2.8629095187531375e+00,  9.8144586032882213e-03,  7.2087826044747200e-02, -2.0815862340907838e+00,  2.7433066213374402e-01, -6.6234619341044387e-04,  2.9543786352227722e-02, -5.9391837422711335e-01,  0.0000000000000000e+00, -6.9499748539954373e-02, -1.5935614487459315e-01,  9.5042503893491830e+00,  0.0000000000000000e+00
 5.5244755244755241e+00,  6.3357651764112040e+02, -2.6863491729363392e-01,  2.7152525032641691e+01, -2.2649037657097484e-02,  9.0239474788298857e-02,  5.0751954224380247e-01,  3.5032100990502672e+03,  6.0541421311842150e+01, -1.5012390390622135e+04,  1.0025246770579241e+01,  2.6450160517976951e+00,  2.8680643247569231e+00,  9.8043737103359827e-03,  7.2375016870047840e-02, -2.0870452210643955e+00,  2.7433066213374402e-01, -1.3251563866834640e-03,  2.7774455771062433e-02, -4.7684799468746769e-01,  0.0000000000000000e+00, -6.3194852153305794e-02, -1.9486383747470207e-01,  1.3933239594488152e+01,  0.0000000000000000e+00
 5.5344655344655340e+00,  6.3357602887839255e+02, -2.6870639274183644e-01,  2.7152662387944726e+01, -2.2694548860107341e-02,  9.0244402465751675e-02,  5.0751207580086899e-01,  3.5095397234469692e+03,  6.0808872710407613e+01, -1.5012416048464376e+04,  1.0025257631974664e+01,  2.6450208865767078e+00,  2.8732192124002882e+00,  9.7879819522056349e-03,  7.2642760225987202e-02, -2.0911136665520718e+00,  2.7433066213374402e-01, -1.8855187269878405e-03,  2.5698441726229482e-02, -3.2104306210094313e-01,  0.0000000000000000e+00, -4.8989688375644075e-02, -2.2075417430061109e-01,  1.7258907909330034e+01,  0.0000000000000000e+00
 5.5444555444555448e+00,  6.3357553996523131e+02, -2.6877345538642161e-01,  2.7152799167036846e+01, -2.2734341081824025e-02,  9.0248212482937254e-02,  5.0748514026764924e-01,  3.5158693191180355e+03,  6.1076892373626585e+01, -1.5012441705742694e+04,  1.0025268054600415e+01,  2.6450257918405127e+00,  2.8783739283221532e+00,  9.7667010084980625e-03,  7.2888472249193301e-02, -2.0934596678596193e+00,  2.7433066213374402e-01, -2.2738907960829766e-03,  2.3623383440916940e-02, -1.6041159506751254e-01,  0.0000000000000000e+00, -2.8762399857199625e-02, -1.9467249441894618e-01,  1.4899511790761709e+01,  0.0000000000000000e+00
 5.5544455544455547e+00,  6.3357505091759890e+02, -2.6883633987145972e-01,  2.7152935560470290e+01, -2.2765475904474700e-02,  9.0252706373443278e-02,  5.0745220848221340e-01,  3.5221988860101210e+03,  6.1345480317670010e+01, -1.5012467362463396e+04,  1.0025278106103499e+01,  2.6450307880279813e+00,  2.8835283482775691e+00,  9.7425495686675120e-03,  7.3114755899132411e-02, -2.0943186934265476e+00,  2.7433066213374402e-01, -2.4459030776372757e-03,  2.2299368612847235e-02, -1.7030498653550885e-02,  0.0000000000000000e+00, -5.6744589099486835e-03, -7.0395274160804863e-02,  1.3805383711313851e+01,  0.0000000000000000e+00
 5.5644355644355645e+00,  6.3357456173433502e+02, -2.6889655766078635e-01,  2.7153072017798561e+01, -2.2786044360190504e-02,  9.0259885188320940e-02,  5.0742565490102565e-01,  3.5285284240707265e+03,  6.1614636542366902e+01, -1.5012493018633046e+04,  1.0025287883363189e+01,  2.6450358939446792e+00,  2.8886824793424744e+00,  9.7178318161376780e-03,  7.3334014079619814e-02, -2.0937999375629870e+00,  2.7433066213374402e-01, -2.3851722561488331e-03,  2.2341176073923257e-02,  7.8550920502822849e-02,  0.0000000000000000e+00,  1.7832769371935040e-02,  7.8765127868224608e-02,  5.3300164037923912e+00,  0.0000000000000000e+00
 5.5744255744255744e+00,  6.3357407240797522e+02, -2.6895640387274977e-01,  2.7153208867947576e+01, -2.2795232832744539e-02,  9.0269810271565970e-02,  5.0741456258316642e-01,  3.5348579332480654e+03,  6.1884361034017317e+01, -1.5012518674259270e+04,  1.0025297503222502e+01,  2.6450411187879439e+00,  2.8938364380806814e+00,  9.6948937793338696e-03,  7.3561133043466537e-02, -2.0927492444654523e+00,  2.7433066213374402e-01, -2.1057933054060693e-03,  2.3618897861045225e-02,  1.2110157655017881e-01,  0.0000000000000000e+00,  3.8098896566766946e-02,  1.7703477391359670e-01,  3.1886249368883699e+00,  0.0000000000000000e+00
 5.5844155844155843e+00,  6.3357358292391507e+02, -2.6901842191162717e-01,  2.7153346284766073e+01, -2.2793879185021203e-02,  9.0281601651976268e-02,  5.0742381007735859e-01,  3.5411874134907339e+03,  6.2154653770762650e+01, -1.5012544329351736e+04,  1.0025307085075918e+01,  2.6450464544563914e+00,  2.8989904074139008e+00,  9.6757580238218729e-03,  7.3805920130789543e-02, -2.0913803256439025e+00,  2.7433066213374402e-01, -1.6548932610295493e-03,  2.5476087388508709e-02,  1.3844967021688279e-01,  0.0000000000000000e+00,  5.2171292317413381e-02,  1.9477456948459701e-01,  2.8446341518580720e-01,  0.0000000000000000e+00
 5.5944055944055942e+00,  6.3357309326433119e+02, -2.6908504780817366e-01,  2.7153484192077610e+01, -2.2784309893468593e-02,  9.0293447042561190e-02,  5.0745442975814070e-01,  3.5475168647473856e+03,  6.2425514727223558e+01, -1.5012569983922080e+04,  1.0025316733441766e+01,  2.6450518742456093e+00,  2.9041445970318773e+00,  9.6618289789136991e-03,  7.4070145778501670e-02, -2.0899830172882918e+00,  2.7433066213374402e-01, -1.1045182551043683e-03,  2.6937574725521888e-02,  1.1976297335132448e-01,  0.0000000000000000e+00,  5.8013783868809128e-02,  9.7815195385445100e-02, -4.0255401276706229e+00,  0.0000000000000000e+00
 5.6043956043956040e+00,  6.3357260342573227e+02, -2.6915806885210575e-01,  2.7153622160722644e+01, -2.2769886980453666e-02,  9.0302796810106362e-02,  5.0750303619159676e-01,  3.5538462869664049e+03,  6.2696943879589270e+01, -1.5012595637984467e+04,  1.0025326522850886e+01,  2.6450573301143820e+00,  2.9092992008236860e+00,  9.6536897270165910e-03,  7.4344133412018745e-02, -2.0889874590434765e+00,  2.7433066213374402e-01, -5.3807411980344021e-04,  2.7066063591640484e-02,  7.0196062558453842e-02,  0.0000000000000000e+00,  5.5388332018428285e-02, -7.2091724388254605e-02, -5.8977554130610468e+00,  0.0000000000000000e+00
 5.6143856143856148e+00,  6.3357211342553023e+02, -2.6923824571494337e-01,  2.7153759741858533e+01, -2.2754143623704117e-02,  9.0308789633378433e-02,  5.0756252373545030e-01,  3.5601756800957382e+03,  6.2968941210579644e+01, -1.5012621291554149e+04,  1.0025336490232988e+01,  2.6450627640508024e+00,  2.9144543568466728e+00,  9.6510782472492944e-03,  7.4610926269843156e-02, -2.0885804985558551e+00,  2.7433066213374402e-01, -3.2747784208526103e-05,  2.5687409474572154e-02,  1.8989050266905960e-02,  0.0000000000000000e+00,  4.5778000367670199e-02, -2.0391482984881609e-01, -4.3538884477065016e+00,  0.0000000000000000e+00
 5.6243756243756247e+00,  6.3357162329465757e+02, -2.6932519832322499e-01,  2.7153896672584363e+01, -2.2739969325217494e-02,  9.0312017273494777e-02,  5.0762382321123545e-01,  3.5665050440830041e+03,  6.3241506712695021e+01, -1.5012646944644572e+04,  1.0025346635674630e+01,  2.6450681335397532e+00,  2.9196101217025361e+00,  9.6530354256338033e-03,  7.4857368366555668e-02, -2.0886080574397421e+00,  2.7433066213374402e-01,  3.5749336426527383e-04,  2.3193368958830684e-02, -1.3037310223306117e-02,  0.0000000000000000e+00,  3.2348277556781671e-02, -2.9539208140284273e-01, -2.0577889224338120e+00,  0.0000000000000000e+00
 5.6343656343656345e+00,  6.3357113308192925e+02, -2.6941763588018430e-01,  2.7154032679697732e+01, -2.2728960017361310e-02,  9.0312561139993877e-02,  5.0767835758110336e-01,  3.5728343788755265e+03,  6.3514640388985022e+01, -1.5012672597266797e+04,  1.0025356933051416e+01,  2.6450734149394624e+00,  2.9247664645210594e+00,  9.6582209718100390e-03,  7.5074330245044563e-02, -2.0888409842746025e+00,  2.7433066213374402e-01,  6.0680724160146009e-04,  1.9838722665681537e-02, -2.8447632012079557e-02,  0.0000000000000000e+00,  1.7564360685923396e-02, -3.7620810648562397e-01, -1.0273574996786670e+00,  0.0000000000000000e+00
 5.6443556443556444e+00,  6.3357064284892283e+02, -2.6951348066779546e-01,  2.7154167461618886e+01, -2.2722187135124007e-02,  9.0310179332481172e-02,  5.0771846215882110e-01,  3.5791636844203917e+03,  6.3788342252150251e+01, -1.5012698249430005e+04,  1.0025367339523546e+01,  2.6450785979808877e+00,  2.9299232741006054e+00,  9.6651594464450211e-03,  7.5253746441794056e-02, -2.0891764416957277e+00,  2.7433066213374402e-01,  7.1139460633429978e-04,  1.5818845512884934e-02,  1.8649824463883740e-03,  0.0000000000000000e+00,  3.3740297335913680e-03, -4.2857129950426542e-01,  7.0959429142640174e+00,  0.0000000000000000e+00
 5.6543456543456543e+00,  6.3357015266900908e+02, -2.6961035723856658e-01,  2.7154300924601227e+01, -2.2719681614708710e-02,  9.0306191420170864e-02,  5.0773970753872522e-01,  3.5854929606645842e+03,  6.4062612322224012e+01, -1.5012723901141337e+04,  1.0025377803858104e+01,  2.6450836866859708e+00,  2.9350803780188310e+00,  9.6724346502582766e-03,  7.5390391094452849e-02, -2.0888037218880613e+00,  2.7433066213374402e-01,  6.9086156176829635e-04,  1.2051821871631221e-02,  4.9431707202667513e-02,  0.0000000000000000e+00, -7.4847452557053121e-03, -3.2558683347473660e-01,  2.4269153819431777e+00,  0.0000000000000000e+00
 5.6643356643356642e+00,  6.3356966259430214e+02, -2.6970627032705419e-01,  2.7154433646142564e+01, -2.2720552255754152e-02,  9.0304902141878876e-02,  5.0774246789096078e-01,  3.5918222075555236e+03,  6.4337450620573691e+01, -1.5012749552403673e+04,  1.0025388279451489e+01,  2.6450887184652805e+00,  2.9402375917878372e+00,  9.6789628742525793e-03,  7.5494542083584887e-02, -2.0881887951981719e+00,  2.7433066213374402e-01,  5.7884239775801542e-04,  1.0167357555455312e-02,  5.5186103340902549e-02,  0.0000000000000000e+00, -1.4941491379153182e-02, -5.1682922623684888e-02, -1.2748852750685111e+00,  0.0000000000000000e+00
 5.6743256743256740e+00,  6.3356917261437491e+02, -2.6979931185941541e-01,  2.7154566494721269e+01, -2.2724462078551225e-02,  9.0309070638301431e-02,  5.0772748365565201e-01,  3.5981514250410532e+03,  6.4612857166859996e+01, -1.5012775203215069e+04,  1.0025398726768392e+01,  2.6450937692800482e+00,  2.9453947446219475e+00,  9.6839999329307643e-03,  7.5593535101554851e-02, -2.0877011024406906e+00,  2.7433066213374402e-01,  4.0654265976614940e-04,  1.0924296513901652e-02,  8.2041087123953305e-02,  0.0000000000000000e+00, -1.9552916166818802e-02,  2.0322210210464395e-01,  6.6512530284353355e+00,  0.0000000000000000e+00
 5.6843156843156839e+00,  6.3356868269682332e+02, -2.6988822220107184e-01,  2.7154699883684700e+01, -2.2730374758871789e-02,  9.0317618456749335e-02,  5.0769882570629177e-01,  3.6044806130690686e+03,  6.4888831977894142e+01, -1.5012800853572728e+04,  1.0025409113276622e+01,  2.6450989186956564e+00,  2.9505516892757684e+00,  9.6870856047174374e-03,  7.5712809746200302e-02, -2.0865496126382528e+00,  2.7433066213374402e-01,  2.1350487845786805e-04,  1.3485105678805079e-02,  1.8801734947274457e-01,  0.0000000000000000e+00, -1.9093247651095980e-02,  3.0945189270912060e-01,  1.4565194693793302e+01,  0.0000000000000000e+00
 5.6943056943056947e+00,  6.3356819282331787e+02, -2.6997287686623506e-01,  2.7154833711119391e+01, -2.2735854258653453e-02,  9.0327659369711127e-02,  5.0766442664457567e-01,  3.6108097715874733e+03,  6.5165375063810998e+01, -1.5012826503478353e+04,  1.0025419426678765e+01,  2.6451042157633502e+00,  2.9557083338657617e+00,  9.6882657646681844e-03,  7.5862967782450066e-02, -2.0839445120416347e+00,  2.7433066213374402e-01,  5.4540590835007915e-05,  1.6316217806113708e-02,  2.9567186618212765e-01,  0.0000000000000000e+00, -1.2731402730999573e-02,  2.5733675517804833e-01,  6.9872395514244783e+00,  0.0000000000000000e+00
 5.7042957042957045e+00,  6.3356770298724086e+02, -2.7005420485137355e-01,  2.7154967600489574e+01, -2.2738620273228941e-02,  9.0336748482070503e-02,  5.0763313056544712e-01,  3.6171389005443639e+03,  6.5442486424921256e+01, -1.5012852152939724e+04,  1.0025429683362724e+01,  2.6451096658598079e+00,  2.9608646672384533e+00,  9.6881753268120430e-03,  7.6038808103964822e-02, -2.0806420828444039e+00,  2.7433066213374402e-01, -2.4211146579572138e-05,  1.8330974128579154e-02,  3.2627020711738558e-01,  0.0000000000000000e+00, -3.0346950993988897e-03,  1.4601746057937057e-01, -8.6145169618901829e-01,  0.0000000000000000e+00
 5.7142857142857144e+00,  6.3356721317174538e+02, -2.7013381051568652e-01,  2.7155101314031082e+01, -2.2737560841518931e-02,  9.0344469367253072e-02,  5.0761231267447016e-01,  3.6234679998881188e+03,  6.5720166052307675e+01, -1.5012877801968867e+04,  1.0025439920498595e+01,  2.6451152454165014e+00,  2.9660207558737510e+00,  9.6877820254757854e-03,  7.6229221011792303e-02, -2.0774256267845441e+00,  2.7433066213374402e-01, -2.9116010858479425e-06,  1.9495181088216500e-02,  3.3651248656234584e-01,  0.0000000000000000e+00,  7.2988641072425234e-03,  8.7056772740029056e-02,  2.9119560410700824e+00,  0.0000000000000000e+00
 5.7242757242757243e+00,  6.3356672334845155e+02, -2.7021396993817542e-01,  2.7155234998909201e+01, -2.2732406861307716e-02,  9.0352405896969204e-02,  5.0760863399203260e-01,  3.6297970695674235e+03,  6.5998413929012486e+01, -1.5012903450578578e+04,  1.0025450184915993e+01,  2.6451209244091154e+00,  2.9711767351722669e+00,  9.6881171529641739e-03,  7.6428322211621491e-02, -2.0739185566393621e+00,  2.7433066213374402e-01,  1.1661399656836015e-04,  2.0640704737460394e-02,  3.7614709512853911e-01,  0.0000000000000000e+00,  1.6630160543130212e-02,  1.4227706183860089e-01,  5.0228925938819025e+00,  0.0000000000000000e+00
 5.7342657342657342e+00,  6.3356623347510197e+02, -2.7029761107618250e-01,  2.7155369182619420e+01, -2.2723624005544032e-02,  9.0362774632135420e-02,  5.0762797245527613e-01,  3.6361261095313371e+03,  6.6277230029987408e+01, -1.5012929098779876e+04,  1.0025460524793580e+01,  2.6451266819163188e+00,  2.9763328064843839e+00,  9.6901119754571712e-03,  7.6641622704848450e-02, -2.0699102003084495e+00,  2.7433066213374402e-01,  3.2031269687765525e-04,  2.2430904646481283e-02,  3.9632303132534225e-01,  0.0000000000000000e+00,  2.4150319258791145e-02,  2.1612095994738542e-01, -9.8367016728186063e-01,  0.0000000000000000e+00
 5.7442557442557440e+00,  6.3356574352292364e+02, -2.7038782293933311e-01,  2.7155503990896069e+01, -2.2711776044649166e-02,  9.0374284478652755e-02,  5.0767335595309837e-01,  3.6424551197291985e+03,  6.6556614324234658e+01, -1.5012954746583377e+04,  1.0025470985242521e+01,  2.6451324941794017e+00,  2.9814892177273618e+00,  9.6945170070476434e-03,  7.6876492134628105e-02, -2.0660000145549398e+00,  2.7433066213374402e-01,  5.8597927567277837e-04,  2.4314146338278237e-02,  3.7392922952667834e-01,  0.0000000000000000e+00,  2.9036129815993114e-02,  1.6090402675036877e-01, -3.4995689528107081e+00,  0.0000000000000000e+00
 5.7542457542457539e+00,  6.3356525348934656e+02, -2.7048738842525877e-01,  2.7155639048453740e+01, -2.2697790383277835e-02,  9.0384205569696952e-02,  5.0774431653452368e-01,  3.6487841001102224e+03,  6.6836566779939972e+01, -1.5012980394002685e+04,  1.0025481604120824e+01,  2.6451383110154532e+00,  2.9866462238576377e+00,  9.7018198530929908e-03,  7.7127419834484373e-02, -2.0624390868313931e+00,  2.7433066213374402e-01,  8.8173999553257183e-04,  2.5183312050846292e-02,  2.9806606406517794e-01,  0.0000000000000000e+00,  3.0175166299943393e-02,  1.3102948905981206e-02, -1.1688236772578154e+01,  0.0000000000000000e+00
 5.7642357642357647e+00,  6.3356476338812922e+02, -2.7059842310960897e-01,  2.7155773881345866e+01, -2.2683526634465545e-02,  9.0391106906550084e-02,  5.0783682084701465e-01,  3.6551130506234640e+03,  6.7117087368549690e+01, -1.5013006041053986e+04,  1.0025492405074688e+01,  2.6451440640112120e+00,  2.9918040547016815e+00,  9.7121341897755675e-03,  7.7379655212567108e-02, -2.0600446486395514e+00,  2.7433066213374402e-01,  1.1601619063283390e-03,  2.4580594023266639e-02,  1.7283234655452195e-01,  0.0000000000000000e+00,  2.5564900241367369e-02, -1.3376709802742387e-01, -1.3383553473054350e+01,  0.0000000000000000e+00
 5.7742257742257745e+00,  6.3356427323850642e+02, -2.7072199419997522e-01,  2.7155908160464413e+01, -2.2671745776843884e-02,  9.0395192069694805e-02,  5.0794347322322997e-01,  3.6614419712176650e+03,  6.7398176069006269e+01, -1.5013031687753139e+04,  1.0025503384503166e+01,  2.6451496889181425e+00,  2.9969628808690256e+00,  9.7249999111614898e-03,  7.7618540594190016e-02, -2.0589858930940399e+00,  2.7433066213374402e-01,  1.3653465295750428e-03,  2.2790715058814155e-02,  3.3606704001894395e-02,  0.0000000000000000e+00,  1.5513061332610616e-02, -2.2456667065617494e-01, -1.4489420165982359e+01,  0.0000000000000000e+00
 5.7842157842157844e+00,  6.3356378305630699e+02, -2.7085807939185830e-01,  2.7156041756603138e+01, -2.2665020537375225e-02,  9.0397382407436111e-02,  5.0805524194901619e-01,  3.6677708618412830e+03,  6.7679832870249783e+01, -1.5013057334113486e+04,  1.0025514508553400e+01,  2.6451551415442109e+00,  3.0021227930506473e+00,  9.7394138407161275e-03,  7.7835014154801152e-02, -2.0593731860221309e+00,  2.7433066213374402e-01,  1.4490097717050439e-03,  2.0527797238196005e-02, -9.1431811220318598e-02,  0.0000000000000000e+00,  1.2363197418157831e-03, -2.2846947703158330e-01, -1.0543290581504973e+01,  0.0000000000000000e+00
 5.7942057942057943e+00,  6.3356329282978368e+02, -2.7100556335631304e-01,  2.7156174903328036e+01, -2.2665503397421995e-02,  9.0399684170883302e-02,  5.0816250520674111e-01,  3.6740997224423973e+03,  6.7962057772409665e+01, -1.5013082980144081e+04,  1.0025525714787955e+01,  2.6451604091071204e+00,  3.0072837910106522e+00,  9.7539511553514004e-03,  7.8028686393154967e-02, -2.0608127025090313e+00,  2.7433066213374402e-01,  1.3820270611325383e-03,  1.8941370297684740e-02, -1.2531051600401338e-01,  0.0000000000000000e+00, -1.4646258398431540e-02, -8.9133196458776182e-02,  3.7607738838091986e+00,  0.0000000000000000e+00
 5.8041958041958042e+00,  6.3356280249750012e+02, -2.7116256958375767e-01,  2.7156308525486406e+01, -2.2673858820065430e-02,  9.0406345313072678e-02,  5.0825739771095524e-01,  3.6804285529685280e+03,  6.8244850785534865e+01, -1.5013108625846857e+04,  1.0025536921685427e+01,  2.6451655244253498e+00,  3.0124457915771217e+00,  9.7670267690104836e-03,  7.8213463111797846e-02, -2.0618768926355977e+00,  2.7433066213374402e-01,  1.1719953097680245e-03,  1.9506070807413886e-02, -6.0488953585668671e-02,  0.0000000000000000e+00, -2.7402098224744643e-02,  2.0218623850655251e-01,  9.2165029123435644e+00,  0.0000000000000000e+00
 5.8141858141858140e+00,  6.3356231200224386e+02, -2.7132725556161508e-01,  2.7156443462976878e+01, -2.2688535251102985e-02,  9.0418602147162963e-02,  5.0833701562211597e-01,  3.6867573533667546e+03,  6.8528211924749385e+01, -1.5013134271216577e+04,  1.0025548051079120e+01,  2.6451705677064101e+00,  3.0176086664218102e+00,  9.7773676450570550e-03,  7.8418418077618776e-02, -2.0620212730102434e+00,  2.7433066213374402e-01,  8.6296202020145314e-04,  2.2143225340215060e-02, -7.1353233590497108e-03,  0.0000000000000000e+00, -3.4466366346483659e-02,  3.2577209896024867e-01,  1.4648938590256768e+00,  0.0000000000000000e+00
 5.8241758241758239e+00,  6.3356182133161587e+02, -2.7149797382631125e-01,  2.7156579323973645e+01, -2.2707385032277663e-02,  9.0431691120994764e-02,  5.0840134343121401e-01,  3.6930861235836296e+03,  6.8812141207020431e+01, -1.5013159916251119e+04,  1.0025559044120351e+01,  2.6451755997075885e+00,  3.0227722713161658e+00,  9.7842687674161068e-03,  7.8655885196517422e-02, -2.0620194565388754e+00,  2.7433066213374402e-01,  5.0256710656158008e-04,  2.4579715387519838e-02, -3.9839933686711987e-02,  0.0000000000000000e+00, -3.7684695364219749e-02,  1.6201320851017403e-01, -8.0123568466237405e+00,  0.0000000000000000e+00
 5.8341658341658338e+00,  6.3356133051843392e+02, -2.7167305761365951e-01,  2.7156714899877102e+01, -2.2729817028825029e-02,  9.0439944156325391e-02,  5.0845024245570214e-01,  3.6994148635651995e+03,  6.9096638650673611e+01, -1.5013185560957234e+04,  1.0025569856889629e+01,  2.6451806281047348e+00,  3.0279364534710891e+00,  9.7874089458874561e-03,  7.8909521282164621e-02, -2.0628172756813066e+00,  2.7433066213374402e-01,  1.1393249173601693e-04,  2.4383825769591711e-02, -7.6496471478341960e-02,  0.0000000000000000e+00, -4.0119954523854320e-02, -2.0123031001915057e-01,  6.7371798073859646e-01,  0.0000000000000000e+00
 5.8441558441558445e+00,  6.3356083962893968e+02, -2.7185089911516208e-01,  2.7156848773912905e+01, -2.2755387141026217e-02,  9.0439652783963292e-02,  5.0848413950399429e-01,  3.7057435732571325e+03,  6.9381704275672774e+01, -1.5013211205349735e+04,  1.0025580447328535e+01,  2.6451856147690900e+00,  3.0331010496123745e+00,  9.7865451408773660e-03,  7.9143074522583207e-02, -2.0635478575674138e+00,  2.7433066213374402e-01, -2.8397768240111422e-04,  2.0460801888947291e-02, -3.4900224171419456e-02,  0.0000000000000000e+00, -3.9541662338396719e-02, -5.8415907088583674e-01,  7.6538507301070133e+00,  0.0000000000000000e+00
 5.8541458541458544e+00,  6.3356034874521890e+02, -2.7203023940200438e-01,  2.7156980015461144e+01, -2.2782023729808781e-02,  9.0431292795731658e-02,  5.0850517579123922e-01,  3.7120722526051918e+03,  6.9667338100831458e+01, -1.5013236849446963e+04,  1.0025590786966127e+01,  2.6451905017887358e+00,  3.0382659060833417e+00,  9.7817350661192019e-03,  7.9318328512713032e-02, -2.0635145828575587e+00,  2.7433066213374402e-01, -6.4929633326433502e-04,  1.3901979120153897e-02,  7.5431140410323491e-02,  0.0000000000000000e+00, -3.3595131564414890e-02, -7.2891724742674602e-01,  1.4434488459157812e+01,  0.0000000000000000e+00
 5.8641358641358643e+00,  6.3355985794066930e+02, -2.7221030703396121e-01,  2.7157108906051381e+01, -2.2806596603482863e-02,  9.0421139594888622e-02,  5.0851711309398351e-01,  3.7184009015557649e+03,  6.9953540140590192e+01, -1.5013262493263135e+04,  1.0025600875247749e+01,  2.6451952601174318e+00,  3.0434309036682068e+00,  9.7735721871657910e-03,  7.9420836343165699e-02, -2.0620407418748998e+00,  2.7433066213374402e-01, -9.2541110221887205e-04,  7.9499744498296807e-03,  1.8785383446333925e-01,  0.0000000000000000e+00, -2.1683045180284053e-02, -4.6267408757217593e-01,  8.0725348902562022e+00,  0.0000000000000000e+00
 5.8741258741258742e+00,  6.3355936723877039e+02, -2.7239097002128798e-01,  2.7157236951640360e+01, -2.2826046007948506e-02,  9.0417900723181552e-02,  5.0852510217720870e-01,  3.7247295200564408e+03,  7.0240310401900942e+01, -1.5013288136802543e+04,  1.0025610746787166e+01,  2.6451999305148250e+00,  3.0485959830482665e+00,  9.7632453338071367e-03,  7.9477169161061276e-02, -2.0597612594916579e+00,  2.7433066213374402e-01, -1.0659973172261628e-03,  6.1816650343272739e-03,  2.3121251401088369e-01,  0.0000000000000000e+00, -6.4623150641759056e-03,  1.0865854258859003e-01,  6.0787275516229489e-01,  0.0000000000000000e+00
 5.8841158841158840e+00,  6.3355887659388713e+02, -2.7257275021292404e-01,  2.7157366077718898e+01, -2.2838841010267875e-02,  9.0427112648625810e-02,  5.0853496656521946e-01,  3.7310581080558509e+03,  7.0527648883534269e+01, -1.5013313780060415e+04,  1.0025620462560356e+01,  2.6452046157720566e+00,  3.0537611518132128e+00,  9.7522735394689648e-03,  7.9544346134061347e-02, -2.0574211112253318e+00,  2.7433066213374402e-01, -1.0554052033490292e-03,  1.0334207347593462e-02,  1.6716641734645660e-01,  0.0000000000000000e+00,  8.5828562623781138e-03,  7.2268042852731051e-01, -1.3429901307380744e+01,  0.0000000000000000e+00
 5.8941058941058939e+00,  6.3355838589295900e+02, -2.7275684315285470e-01,  2.7157497954296449e+01, -2.2844923040269798e-02,  9.0449406719079362e-02,  5.0855257155267108e-01,  3.7373866655031115e+03,  7.0815555576202229e+01, -1.5013339423028363e+04,  1.0025630094300080e+01,  2.6452094370942825e+00,  3.0589264839351835e+00,  9.7421583167572063e-03,  7.9683646830343860e-02, -2.0564212711330874e+00,  2.7433066213374402e-01, -9.1245144026347313e-04,  1.9445030290056814e-02,  5.4828083719249403e-02,  0.0000000000000000e+00,  2.0036487107350523e-02,  1.1013063245538737e+00, -9.0602330847863968e+00,  0.0000000000000000e+00
 5.9040959040959038e+00,  6.3355789502907692e+02, -2.7294453003772295e-01,  2.7157633012312406e+01, -2.2845721259818801e-02,  9.0478999949316172e-02,  5.0858081526407561e-01,  3.7437151923469228e+03,  7.1104030466646478e+01, -1.5013365065701269e+04,  1.0025639707233818e+01,  2.6452144825482238e+00,  3.0640920890558117e+00,  9.7340427414617028e-03,  7.9932858227768772e-02, -2.0563256450171550e+00,  2.7433066213374402e-01, -6.7525435728683957e-04,  3.0014992377979676e-02,  2.9945563221949204e-02,  0.0000000000000000e+00,  2.7450368904572083e-02,  1.0148000854483077e+00,  4.0787524812268394e+00,  0.0000000000000000e+00
 5.9140859140859137e+00,  6.3355740395389932e+02, -2.7313750702948036e-01,  2.7157770158367633e+01, -2.2841840033845238e-02,  9.0506349647433912e-02,  5.0862293578105300e-01,  3.7500436885352046e+03,  7.1393073540464144e+01, -1.5013390708086044e+04,  1.0025649355027580e+01,  2.6452197527709296e+00,  3.0692580908043374e+00,  9.7286667212070198e-03,  8.0283346977756034e-02, -2.0558229581815999e+00,  2.7433066213374402e-01, -3.7203126141729644e-04,  3.7781787032223749e-02,  5.5084176337966084e-02,  0.0000000000000000e+00,  3.3254894888504881e-02,  5.4011220433166207e-01,  9.5399786460020419e-01,  0.0000000000000000e+00
 5.9240759240759244e+00,  6.3355691266397105e+02, -2.7333755149473499e-01,  2.7157907765661690e+01, -2.2833539183874353e-02,  9.0524922290370416e-02,  5.0868040746793930e-01,  3.7563721540152374e+03,  7.1682684782409126e+01, -1.5013416350202406e+04,  1.0025659089330151e+01,  2.6452251595429028e+00,  3.0744246234665003e+00,  9.7266095494253930e-03,  8.0687739087553487e-02, -2.0552250620733394e+00,  2.7433066213374402e-01, -2.6044911000056289e-05,  4.0376801335453488e-02, -3.5065923484704858e-02,  0.0000000000000000e+00,  3.6011572465024316e-02, -2.0590340825084971e-02, -1.9002047849098332e+01,  0.0000000000000000e+00
 5.9340659340659343e+00,  6.3355642116063541e+02, -2.7354575690889416e-01,  2.7158044652632871e+01, -2.2822722129498086e-02,  9.0533849155646273e-02,  5.0874983794930340e-01,  3.7627005887338355e+03,  7.1972864179150150e+01, -1.5013441992075412e+04,  1.0025668951817503e+01,  2.6452305790219510e+00,  3.0795918088078738e+00,  9.7281463433648609e-03,  8.1090076275167719e-02, -2.0565235760334422e+00,  2.7433066213374402e-01,  3.1180069835184764e-04,  3.8085361436816352e-02, -2.2934838342034453e-01,  0.0000000000000000e+00,  3.1625118527224653e-02, -4.3815592688243321e-01, -1.9893300630015176e+01,  0.0000000000000000e+00
 5.9440559440559442e+00,  6.3355592944934392e+02, -2.7376205116378288e-01,  2.7158180179015659e+01, -2.2813224050213028e-02,  9.0534730290247153e-02,  5.0882362928798253e-01,  3.7690289926373275e+03,  7.2263611724738652e+01, -1.5013467633727076e+04,  1.0025678951038763e+01,  2.6452359061757869e+00,  3.0847597110529312e+00,  9.7328393336082470e-03,  8.1448685370007351e-02, -2.0598074473564632e+00,  2.7433066213374402e-01,  5.6795847513003148e-04,  3.2385129400906286e-02, -4.1196361455464564e-01,  0.0000000000000000e+00,  1.9657668383768357e-02, -7.0303052670677557e-01, -1.6666268643072335e+01,  0.0000000000000000e+00
 5.9540459540459540e+00,  6.3355543756837471e+02, -2.7398547265363155e-01,  2.7158313947357996e+01, -2.2808608040743507e-02,  9.0529400664307716e-02,  5.0889363891973316e-01,  3.7753573656716708e+03,  7.2554927422321413e+01, -1.5013493275173945e+04,  1.0025689053746710e+01,  2.6452410662196346e+00,  3.0899283200562957e+00,  9.7394941650457804e-03,  8.1737131807653352e-02, -2.0647546172832851e+00,  2.7433066213374402e-01,  6.8388397330449336e-04,  2.4867057420538956e-02, -5.3837162718587139e-01,  0.0000000000000000e+00,  3.5506163507591755e-03, -8.0208748376278094e-01, -8.6406154856993442e+00,  0.0000000000000000e+00
 5.9640359640359639e+00,  6.3355494556567066e+02, -2.7421403156261503e-01,  2.7158445943736059e+01, -2.2810641339875877e-02,  9.0520856721895179e-02,  5.0895102079117371e-01,  3.7816857077825616e+03,  7.2846811284758530e+01, -1.5013518916426119e+04,  1.0025699196225853e+01,  2.6452460249082059e+00,  3.0950975463258472e+00,  9.7465033490588861e-03,  8.1945529674114018e-02, -2.0705641232243126e+00,  2.7433066213374402e-01,  6.4371746185023745e-04,  1.7177531354782633e-02, -5.1766790025229037e-01,  0.0000000000000000e+00, -1.1591951943901313e-02, -7.3735563460165321e-01,  1.2785501617802296e+01,  0.0000000000000000e+00
 5.9740259740259738e+00,  6.3355445349674892e+02, -2.7444540204580575e-01,  2.7158576347968463e+01, -2.2818255356033840e-02,  9.0511823265359448e-02,  5.0899060698661402e-01,  3.7880140189155300e+03,  7.3139263333340153e+01, -1.5013544557487096e+04,  1.0025709307269056e+01,  2.6452507931148044e+00,  3.1002672319545859e+00,  9.7523556527950358e-03,  8.2080339227329324e-02, -2.0750976322733408e+00,  2.7433066213374402e-01,  4.8418950887079424e-04,  1.0573636683954916e-02, -3.9349810208642688e-01,  0.0000000000000000e+00, -2.0345544242583578e-02, -5.8474407849807120e-01,  1.2073291975003869e+01,  0.0000000000000000e+00
 5.9840159840159837e+00,  6.3355396141867857e+02, -2.7467751132620988e-01,  2.7158705345795699e+01, -2.2828791494905850e-02,  9.0503988209918493e-02,  5.0901153491800755e-01,  3.7943422990163313e+03,  7.3432283591696162e+01, -1.5013570198357211e+04,  1.0025719336688514e+01,  2.6452554088725173e+00,  3.1054371975094970e+00,  9.7561774651202405e-03,  8.2156791146320907e-02, -2.0784262231660993e+00,  2.7433066213374402e-01,  2.6832996643460404e-04,  5.7484673865257716e-03, -2.9568398441764487e-01,  0.0000000000000000e+00, -2.2869536153137783e-02, -3.8125481484716961e-01,  7.5090943822832230e+00,  0.0000000000000000e+00
 5.9940059940059944e+00,  6.3355346938035041e+02, -2.7490857227880755e-01,  2.7158833219210198e+01, -2.2840074719592818e-02,  9.0498742498921050e-02,  5.0901530432037323e-01,  3.8006705480310779e+03,  7.3725872082569410e+01, -1.5013595839035630e+04,  1.0025729259561649e+01,  2.6452599275456548e+00,  3.1106072700791270e+00,  9.7577168908856374e-03,  8.2195193720566606e-02, -2.0810054041897774e+00,  2.7433066213374402e-01,  4.4551845835054925e-05,  2.9249260434869415e-03, -2.8138747826962096e-01,  0.0000000000000000e+00, -2.1930843590890481e-02, -1.8401816202918556e-01, -4.6469338514489307e+00,  0.0000000000000000e+00
 6.0039960039960043e+00,  6.3355297740742526e+02, -2.7513705354053969e-01,  2.7158960171937693e+01, -2.2851603316265283e-02,  9.0496077100351971e-02,  5.0900376066358466e-01,  3.8069987659062908e+03,  7.4020028826176315e+01, -1.5013621479522189e+04,  1.0025739066842148e+01,  2.6452644084828436e+00,  3.1157772976277038e+00,  9.7570676118901717e-03,  8.2215231227109858e-02, -2.0840483506040539e+00,  2.7433066213374402e-01, -1.7028243587986159e-04,  1.8484971426000168e-03, -3.0258255011838370e-01,  0.0000000000000000e+00, -2.1078979608434755e-02, -3.1482903928388914e-02,  4.0368046732950380e-01,  0.0000000000000000e+00
 6.0139860139860142e+00,  6.3355248550265833e+02, -2.7536162663480529e-01,  2.7159086432635888e+01, -2.2863546191922050e-02,  9.0495826669685683e-02,  5.0897889260525653e-01,  3.8133269525886999e+03,  7.4314753840742654e+01, -1.5013647119817722e+04,  1.0025748749313880e+01,  2.6452689069474555e+00,  3.1209471435167435e+00,  9.7543146444145114e-03,  8.2232126730408764e-02, -2.0870510095867481e+00,  2.7433066213374402e-01, -3.7034526572520020e-04,  2.1864091346862351e-03, -2.3205707259805661e-01,  0.0000000000000000e+00, -1.8973598926602497e-02,  9.9132884744050603e-02,  1.3715520132240140e+01,  0.0000000000000000e+00
 6.0239760239760241e+00,  6.3355199364629709e+02, -2.7558153168730892e-01,  2.7159212401889889e+01, -2.2874611676374546e-02,  9.0498579814507832e-02,  5.0894473575040067e-01,  3.8196551080252816e+03,  7.4610047140779585e+01, -1.5013672759923518e+04,  1.0025758303739559e+01,  2.6452734740675434e+00,  3.1261166993922904e+00,  9.7496681060814765e-03,  8.2258915725305387e-02, -2.0886848555510680e+00,  2.7433066213374402e-01, -5.2637206836781119e-04,  4.0673488831216567e-03, -6.1477041293661897e-02,  0.0000000000000000e+00, -1.2262966962448597e-02,  2.7743125289272524e-01,  2.0434602134900075e+01,  0.0000000000000000e+00
 6.0339660339660339e+00,  6.3355150179809368e+02, -2.7579687919759532e-01,  2.7159338847763813e+01, -2.2882011724231693e-02,  9.0506608858278312e-02,  5.0890778959660710e-01,  3.8259832321634617e+03,  7.4905908733825612e+01, -1.5013698399840014e+04,  1.0025767750788043e+01,  2.6452781650349784e+00,  3.1312859119038929e+00,  9.7437977199715982e-03,  8.2313392442359246e-02, -2.0882793221001079e+00,  2.7433066213374402e-01, -5.9150981541830139e-04,  8.0964082454948790e-03,  9.0448771842178088e-02,  0.0000000000000000e+00, -7.7760999705969388e-04,  5.2918643145440303e-01,  9.9809456548954412e+00,  0.0000000000000000e+00
 6.0439560439560438e+00,  6.3355100988458207e+02, -2.7600854350345805e-01,  2.7159466676687565e+01, -2.2883729781698333e-02,  9.0521417289719505e-02,  5.0887477127914371e-01,  3.8323113249513544e+03,  7.5202338618535052e+01, -1.5013724039566276e+04,  1.0025777139888614e+01,  2.6452830431244809e+00,  3.1364547991560849e+00,  9.7378497281510410e-03,  8.2420682123816771e-02, -2.0868776872824930e+00,  2.7433066213374402e-01, -5.3982927299875514e-04,  1.4306533756381943e-02,  1.2326528454443639e-01,  0.0000000000000000e+00,  1.1124054589452982e-02,  7.1408069582520173e-01, -3.4110798119032539e+00,  0.0000000000000000e+00
 6.0539460539460537e+00,  6.3355051780633107e+02, -2.7621776712130885e-01,  2.7159596298448900e+01, -2.2880174272131251e-02,  9.0540692500150385e-02,  5.0885021855529966e-01,  3.8386393863373910e+03,  7.5499336786556299e+01, -1.5013749679103075e+04,  1.0025786531232221e+01,  2.6452881555818601e+00,  3.1416234352508408e+00,  9.7330119203112835e-03,  8.2599237272656584e-02, -2.0858164792520673e+00,  2.7433066213374402e-01, -3.8802656897889604e-04,  2.1401289478300268e-02,  1.2830036839184994e-01,  0.0000000000000000e+00,  1.9266846755323166e-02,  7.0628939970286309e-01,  4.4191035981554583e+00,  0.0000000000000000e+00
 6.0639360639360635e+00,  6.3355002546823789e+02, -2.7642611031055592e-01,  2.7159727633008409e+01, -2.2872691592221127e-02,  9.0560880942099728e-02,  5.0883776827244298e-01,  3.8449674162697843e+03,  7.5796903225621179e+01, -1.5013775318455760e+04,  1.0025795974559731e+01,  2.6452935086784382e+00,  3.1467919245983462e+00,  9.7300969495500642e-03,  8.2848280315191397e-02, -2.0843142433585800e+00,  2.7433066213374402e-01, -1.6857043544122547e-04,  2.7813176176305528e-02,  1.7395598735857540e-01,  0.0000000000000000e+00,  2.4668271178915298e-02,  5.7737031723800114e-01,  4.7211513189842149e+00,  0.0000000000000000e+00
 6.0739260739260743e+00,  6.3354953278719279e+02, -2.7663567537832529e-01,  2.7159860607736409e+01, -2.2862086567128050e-02,  9.0580214164438913e-02,  5.0884155360253580e-01,  3.8512954146966263e+03,  7.6095037918650448e+01, -1.5013800957632808e+04,  1.0025805510658900e+01,  2.6452990744441314e+00,  3.1519604067576847e+00,  9.7296438796431271e-03,  8.3154945088367002e-02, -2.0823408351489987e+00,  2.7433066213374402e-01,  9.2618201548727049e-05,  3.2456057248258535e-02,  1.8861764500377035e-01,  0.0000000000000000e+00,  2.7621693946471477e-02,  3.5213447336696008e-01, -1.7858874584162834e+00,  0.0000000000000000e+00
 6.0839160839160842e+00,  6.3354903973205671e+02, -2.7684834546698683e-01,  2.7159994484996133e+01, -2.2849460674682947e-02,  9.0595444852163171e-02,  5.0886192544479480e-01,  3.8576233815657220e+03,  7.6393740845874333e+01, -1.5013826596645913e+04,  1.0025815171168540e+01,  2.6453047947095087e+00,  3.1571290404648500e+00,  9.7319474630675213e-03,  8.3496752987484296e-02, -2.0805456590428202e+00,  2.7433066213374402e-01,  3.7327794974113809e-04,  3.4658744909319264e-02,  1.5718283241117795e-01,  0.0000000000000000e+00,  2.8566387641646582e-02,  8.8843596377083639e-02, -4.5073620226223072e+00,  0.0000000000000000e+00
 6.0939060939060941e+00,  6.3354854628524140e+02, -2.7706565797383775e-01,  2.7160128802922518e+01, -2.2835048825246028e-02,  9.0607587211171181e-02,  5.0889739673634293e-01,  3.8639513168246417e+03,  7.6693011989143216e+01, -1.5013852235509976e+04,  1.0025824980061456e+01,  2.6453105951365279e+00,  3.1622979740664690e+00,  9.7371019805370558e-03,  8.3847427504137609e-02, -2.0792003190169073e+00,  2.7433066213374402e-01,  6.5716992297053451e-04,  3.4994911533948139e-02,  8.4186309834118261e-02,  0.0000000000000000e+00,  2.8268785398879254e-02, -2.1543038126382356e-02, -1.0106541797305214e+01,  0.0000000000000000e+00
 6.1038961038961039e+00,  6.3354805243060378e+02, -2.7728860779107284e-01,  2.7160263371464261e+01, -2.2819925362008869e-02,  9.0617716176105340e-02,  5.0894423063055372e-01,  3.8702792204207553e+03,  7.6992851333449337e+01, -1.5013877874237678e+04,  1.0025834956667008e+01,  2.6453164276211223e+00,  3.1674673353664082e+00,  9.7450777312587406e-03,  8.4195952019131604e-02, -2.0788636148902904e+00,  2.7433066213374402e-01,  9.1038015783629148e-04,  3.3946178011135891e-02, -7.5208990660782071e-02,  0.0000000000000000e+00,  2.2423903621245873e-02, -1.8841341314063192e-01, -2.1804397361774203e+01,  0.0000000000000000e+00
 6.1138861138861138e+00,  6.3354755819053094e+02, -2.7751709147319198e-01,  2.7160397345782798e+01, -2.2807719966379768e-02,  9.0622689165392206e-02,  5.0899465389795695e-01,  3.8766070923008906e+03,  7.7293258871316809e+01, -1.5013903512843033e+04,  1.0025845093407417e+01,  2.6453222398023315e+00,  3.1726371935357101e+00,  9.7552913942800384e-03,  8.4525672819045411e-02, -2.0807029961529868e+00,  2.7433066213374402e-01,  1.0690629719023491e-03,  3.0663089493113353e-02, -2.3085120182739255e-01,  0.0000000000000000e+00,  9.3443957547792375e-03, -4.6886090816748782e-01, -9.3551733137815738e+00,  0.0000000000000000e+00
 6.1238761238761237e+00,  6.3354706362361321e+02, -2.7775003951033816e-01,  2.7160529706589813e+01, -2.2801487808833371e-02,  9.0620209529903031e-02,  5.0904042135139738e-01,  3.8829349324111372e+03,  7.7594234606251689e+01, -1.5013929151342039e+04,  1.0025855342340529e+01,  2.6453279664539258e+00,  3.1778075296020560e+00,  9.7664376307972488e-03,  8.4808601159853142e-02, -2.0834760265152132e+00,  2.7433066213374402e-01,  1.0904240330567604e-03,  2.4708943466179630e-02, -2.7752795978310563e-01,  0.0000000000000000e+00, -5.0679113116660554e-03, -7.2315912642465774e-01,  1.0486371047703558e-02,  0.0000000000000000e+00
 6.1338661338661336e+00,  6.3354656880853986e+02, -2.7798608937502411e-01,  2.7160659848227191e+01, -2.2801002223955799e-02,  9.0611612019977611e-02,  5.0907669719195203e-01,  3.8892627406972051e+03,  7.7895778549719267e+01, -1.5013954789749634e+04,  1.0025865638613025e+01,  2.6453335504658644e+00,  3.1829782594726681e+00,  9.7770780882472062e-03,  8.5019358003184858e-02, -2.0862480103344674e+00,  2.7433066213374402e-01,  9.8705778669803414e-04,  1.7162339539291194e-02, -3.0034069070783698e-01,  0.0000000000000000e+00, -1.5626011209351181e-02, -7.8767097973842493e-01, -4.5775951021789680e+00,  0.0000000000000000e+00
 6.1438561438561434e+00,  6.3354607380964364e+02, -2.7822354645733866e-01,  2.7160787851215957e+01, -2.2805089523514430e-02,  9.0601019858259746e-02,  5.0909981038656105e-01,  3.8955905171049217e+03,  7.8197890717317279e+01, -1.5013980428075538e+04,  1.0025875925918550e+01,  2.6453389728971217e+00,  3.1881492655463486e+00,  9.7861590650969096e-03,  8.5151505046752063e-02, -2.0894768395163688e+00,  2.7433066213374402e-01,  7.9644253768383177e-04,  1.0053814123289461e-02, -3.1603884929065629e-01,  0.0000000000000000e+00, -2.2535161643283480e-02, -6.3545580854499217e-01,  1.4348237538955633e+00,  0.0000000000000000e+00
 6.1538461538461542e+00,  6.3354557866823927e+02, -2.7846064076180777e-01,  2.7160914223373045e+01, -2.2812526563818384e-02,  9.0592380793358421e-02,  5.0910811078280616e-01,  3.9019182615803197e+03,  7.8500571127365220e+01, -1.5014006066323278e+04,  1.0025886158597965e+01,  2.6453442638216678e+00,  3.1933204094144165e+00,  9.7929910260630675e-03,  8.5220233410243595e-02, -2.0925624728577574e+00,  2.7433066213374402e-01,  5.5718099238239837e-04,  5.0054001813234199e-03, -2.9398049589924619e-01,  0.0000000000000000e+00, -2.5364999726061908e-02, -3.7523666263657596e-01,  2.9812585950645980e+00,  0.0000000000000000e+00
 6.1638361638361641e+00,  6.3354508341151541e+02, -2.7869591251904824e-01,  2.7161039474226083e+01, -2.2821629383088769e-02,  9.0587313605870301e-02,  5.0910256876864057e-01,  3.9082459740697445e+03,  7.8803819797887002e+01, -1.5014031704492549e+04,  1.0025896306341371e+01,  2.6453494832206053e+00,  3.1984915555715148e+00,  9.7972915524571977e-03,  8.5251513042382904e-02, -2.0953505756981721e+00,  2.7433066213374402e-01,  3.0640593983651752e-04,  2.3821818760822108e-03, -2.9699097900909149e-01,  0.0000000000000000e+00, -2.4840165793626735e-02, -1.4993164207273132e-01, -3.5839573136532850e+00,  0.0000000000000000e+00
 6.1738261738261739e+00,  6.3354458806465595e+02, -2.7892801347144797e-01,  2.7161163832675289e+01, -2.2831374164987751e-02,  9.0584976219552221e-02,  5.0908410585802955e-01,  3.9145736545197160e+03,  7.9107636745504124e+01, -1.5014057342583046e+04,  1.0025906354047828e+01,  2.6453546928047480e+00,  3.2036625798188823e+00,  9.7991130228629979e-03,  8.5267829451723759e-02, -2.0984963585522447e+00,  2.7433066213374402e-01,  6.6981712196211024e-05,  1.6069783086433982e-03, -3.0648171055428247e-01,  0.0000000000000000e+00, -2.3092564579963185e-02, -5.2641121285207579e-03,  1.6839128583060248e+00,  0.0000000000000000e+00
 6.1838161838161838e+00,  6.3354409266429559e+02, -2.7915566134056313e-01,  2.7161287492126931e+01, -2.2841148612604625e-02,  9.0585253391004150e-02,  5.0905358980484550e-01,  3.9209013028768109e+03,  7.9412021986240660e+01, -1.5014082980596011e+04,  1.0025916293605665e+01,  2.6453599447829075e+00,  3.2088333629612165e+00,  9.7986298484051739e-03,  8.5283620501097057e-02, -2.1014740863985573e+00,  2.7433066213374402e-01, -1.4424333317099072e-04,  2.3942879939051020e-03, -2.5359145707991904e-01,  0.0000000000000000e+00, -1.9194689502551092e-02,  1.6288351111791566e-01,  8.9047158872616539e+00,  0.0000000000000000e+00
 6.1938061938061937e+00,  6.3354359723973903e+02, -2.7937801327112138e-01,  2.7161410978720131e+01, -2.2849268117945028e-02,  9.0589913781915832e-02,  5.0901386715232222e-01,  3.9272289190880329e+03,  7.9716975533806604e+01, -1.5014108618532635e+04,  1.0025926129085917e+01,  2.6453652969868324e+00,  3.2140038053711160e+00,  9.7962310381842568e-03,  8.5315667373679904e-02, -2.1035631209314638e+00,  2.7433066213374402e-01, -3.0011293972586109e-04,  5.1176655719602305e-03, -1.7211489593949203e-01,  0.0000000000000000e+00, -1.2010405729734315e-02,  3.8233668000872734e-01,  7.4068916530520248e+00,  0.0000000000000000e+00
 6.2037962037962036e+00,  6.3354310178665924e+02, -2.7959471101765920e-01,  2.7161535013887658e+01, -2.2854013334409107e-02,  9.0600324941369492e-02,  5.0896873527274000e-01,  3.9335565031009805e+03,  8.0022497397452497e+01, -1.5014134256393550e+04,  1.0025935884110991e+01,  2.6453708160182967e+00,  3.2191738441646014e+00,  9.7926335858731887e-03,  8.5385871561475882e-02, -2.1049129454582873e+00,  2.7433066213374402e-01, -3.7699243852450207e-04,  1.0041901196067935e-02, -1.1850316565872410e-01,  0.0000000000000000e+00, -3.3808699297537856e-03,  6.0349529193764673e-01,  3.3261767491578409e+00,  0.0000000000000000e+00
 6.2137862137862134e+00,  6.3354260626426253e+02, -2.7980574001825104e-01,  2.7161660364535265e+01, -2.2854890939158393e-02,  9.0616946230553580e-02,  5.0892157067439392e-01,  3.9398840548637263e+03,  8.0328587581777370e+01, -1.5014159894179282e+04,  1.0025945595104833e+01,  2.6453765682171788e+00,  3.2243434540884413e+00,  9.7886987217302209e-03,  8.5516304760214726e-02, -2.1059308165490207e+00,  2.7433066213374402e-01, -3.7192730497941236e-04,  1.6901278193914644e-02, -9.8352679530217285e-02,  0.0000000000000000e+00,  4.3949096654770543e-03,  7.6975198303136216e-01,  7.0795057376833248e-01,  0.0000000000000000e+00
 6.2237762237762242e+00,  6.3354211059712338e+02, -2.8001140146109738e-01,  2.7161787585247353e+01, -2.2852003374864517e-02,  9.0638389372631120e-02,  5.0887547871142580e-01,  3.9462115743246231e+03,  8.0635246087588769e+01, -1.5014185531891106e+04,  1.0025955300440524e+01,  2.6453826091700487e+00,  3.2295126403141903e+00,  9.7852024708885849e-03,  8.5723559437478183e-02, -2.1068780339603896e+00,  2.7433066213374402e-01, -2.9818450727841340e-04,  2.4565069102025688e-02, -1.2775744311230761e-01,  0.0000000000000000e+00,  1.0368398434262443e-02,  7.6453895677241857e-01, -6.5947842429026240e+00,  0.0000000000000000e+00
 6.2337662337662341e+00,  6.3354161469171606e+02, -2.8021204606867434e-01,  2.7161916603645402e+01, -2.2846089185562600e-02,  9.0660484019280313e-02,  5.0883183436499868e-01,  3.9525390614318417e+03,  8.0942472913345341e+01, -1.5014211169533623e+04,  1.0025965035098064e+01,  2.6453889594082627e+00,  3.2346814263383465e+00,  9.7827409893170656e-03,  8.6007115331683787e-02, -2.1084834128150010e+00,  2.7433066213374402e-01, -1.8015587859544413e-04,  3.1173440991005896e-02, -1.7420183599221570e-01,  0.0000000000000000e+00,  1.3260933028070012e-02,  5.5845709540114774e-01, -2.7033832116533567e+00,  0.0000000000000000e+00
 6.2437562437562439e+00,  6.3354111846982221e+02, -2.8040797321480126e-01,  2.7162046917063876e+01, -2.2838431526325711e-02,  9.0679577938537037e-02,  5.0879089843128933e-01,  3.9588665161329432e+03,  8.1250268057623501e+01, -1.5014236807115731e+04,  1.0025974823076840e+01,  2.6453955953879036e+00,  3.2398498340963418e+00,  9.7816029528347299e-03,  8.6346405411324448e-02, -2.1103585901240702e+00,  2.7433066213374402e-01, -4.8292255572493633e-05,  3.5259530611714308e-02, -1.8058466810371482e-01,  0.0000000000000000e+00,  1.3138164301124985e-02,  2.5957804666468554e-01,  1.4255402229312155e+00,  0.0000000000000000e+00
 6.2537462537462538e+00,  6.3354062188560590e+02, -2.8059951524316862e-01,  2.7162177855914241e+01, -2.2830290816818283e-02,  9.0693721228538762e-02,  5.0875273458838743e-01,  3.9651939383749827e+03,  8.1558631519183592e+01, -1.5014262444649317e+04,  1.0025984674757574e+01,  2.6454024655363222e+00,  3.2450178822418843e+00,  9.7817761090858470e-03,  8.6711601457791956e-02, -2.1120914980917984e+00,  2.7433066213374402e-01,  7.1156914587368290e-05,  3.6319937037727380e-02, -1.6890929132773685e-01,  0.0000000000000000e+00,  1.0775559564879651e-02, -4.7284680176866087e-02,  9.1187020761960058e-01,  0.0000000000000000e+00
 6.2637362637362637e+00,  6.3354012492527204e+02, -2.8078686112942514e-01,  2.7162308696403365e+01, -2.2822797620792732e-02,  9.0702036467272776e-02,  5.0871648138539927e-01,  3.9715213281047454e+03,  8.1867563297227093e+01, -1.5014288082148001e+04,  1.0025994588438097e+01,  2.6454095060625367e+00,  3.2501855839366804e+00,  9.7830246694099020e-03,  8.7072078479011300e-02, -2.1137334011396094e+00,  2.7433066213374402e-01,  1.5928859879695923e-04,  3.4348891265702494e-02, -1.5925754252807961e-01,  0.0000000000000000e+00,  6.8684036138806611e-03, -3.4731868338252003e-01,  1.0204099020718025e+00,  0.0000000000000000e+00
 6.2737262737262736e+00,  6.3353962760673005e+02, -2.8096991537137622e-01,  2.7162438558409722e+01, -2.2816524969604256e-02,  9.0703280286712748e-02,  5.0868027680432804e-01,  3.9778486852688334e+03,  8.2177063392735377e+01, -1.5014313719626380e+04,  1.0026004552567693e+01,  2.6454166469638234e+00,  3.2553529369748131e+00,  9.7849586984723996e-03,  8.7397892991572218e-02, -2.1152734669734783e+00,  2.7433066213374402e-01,  2.0811311879075071e-04,  2.9437636540101956e-02, -1.2872003706880761e-01,  0.0000000000000000e+00,  2.9062652888765064e-03, -6.3591451268271904e-01,  5.0931986908745239e+00,  0.0000000000000000e+00
 6.2837162837162834e+00,  6.3353912997517432e+02, -2.8114824051740134e-01,  2.7162566630277155e+01, -2.2811382709103434e-02,  9.0697487273863814e-02,  5.0864147816714966e-01,  3.9841760098136870e+03,  8.2487131809484765e+01, -1.5014339357099734e+04,  1.0026014552953654e+01,  2.6454238154009770e+00,  3.2605199157478189e+00,  9.7871827736814455e-03,  8.7660243045247097e-02, -2.1163052300520730e+00,  2.7433066213374402e-01,  2.2281762791607752e-04,  2.2428372280182282e-02, -8.4586676016859166e-02,  0.0000000000000000e+00,  3.7577438013954984e-05, -7.6734019215321614e-01,  3.7423001917256542e+00,  0.0000000000000000e+00
 6.2937062937062933e+00,  6.3353863207457960e+02, -2.8132134541026571e-01,  2.7162692842547557e+01, -2.2806896775870601e-02,  9.0688585970202309e-02,  5.0859876056011544e-01,  3.9905033016858083e+03,  8.2797768552937356e+01, -1.5014364994579862e+04,  1.0026024578730137e+01,  2.6454309657966677e+00,  3.2656864784967170e+00,  9.7894105991300634e-03,  8.7846012317849581e-02, -2.1169635104503386e+00,  2.7433066213374402e-01,  2.1050403134906286e-04,  1.5089397806614228e-02, -1.1760839548608522e-01,  0.0000000000000000e+00, -2.5027594707282236e-03, -7.0192249745492885e-01, -1.0353248429464912e+01,  0.0000000000000000e+00
 6.3036963036963041e+00,  6.3353813395512543e+02, -2.8148849195976566e-01,  2.7162817276871845e+01, -2.2803727407779070e-02,  9.0679163453026054e-02,  5.0855023830899315e-01,  3.9968305608318897e+03,  8.3108973629087004e+01, -1.5014390632073751e+04,  1.0026034618908028e+01,  2.6454380928673742e+00,  3.2708525769942596e+00,  9.7913886484336746e-03,  8.7961729514909728e-02, -2.1186550481437032e+00,  2.7433066213374402e-01,  1.6670415988820543e-04,  8.8431956267409784e-03, -2.0550285358573842e-01,  0.0000000000000000e+00, -6.2659747957351450e-03, -5.4856717895565443e-01, -7.2432220820850794e+00,  0.0000000000000000e+00
 6.3136863136863139e+00,  6.3353763566125645e+02, -2.8164872879807862e-01,  2.7162940155453121e+01, -2.2802328920724986e-02,  9.0671377619971252e-02,  5.0849433292004520e-01,  4.0031577871986838e+03,  8.3420747046144271e+01, -1.5014416269585938e+04,  1.0026044654505544e+01,  2.6454452174652157e+00,  3.2760181469169947e+00,  9.7927413515753823e-03,  8.8022699543159097e-02, -2.1210694615709329e+00,  2.7433066213374402e-01,  9.0840011945817454e-05,  4.5483356634162314e-03, -2.5320382984338707e-01,  0.0000000000000000e+00, -8.9220276223320287e-03, -3.1126378570199992e-01, -2.3065133646938181e+00,  0.0000000000000000e+00
 6.3236763236763238e+00,  6.3353713721406302e+02, -2.8180107018868539e-01,  2.7163062119149050e+01, -2.2801852617133803e-02,  9.0667719765881449e-02,  5.0843021867666438e-01,  4.0094849807330629e+03,  8.3733088813487555e+01, -1.5014441907118193e+04,  1.0026054669308550e+01,  2.6454523864691932e+00,  3.2811831174894492e+00,  9.7932036336873373e-03,  8.8052605352340621e-02, -2.1237140657229916e+00,  2.7433066213374402e-01,  2.9869151904590025e-06,  2.9641378076519119e-03, -2.0216573192220177e-01,  0.0000000000000000e+00, -8.6661623480909378e-03, -5.8926250220204656e-03,  1.2524340568515232e+01,  0.0000000000000000e+00
 6.3336663336663337e+00,  6.3353663862200005e+02, -2.8194485141095110e-01,  2.7163184010465795e+01, -2.2800571457961445e-02,  9.0669590840360331e-02,  5.0835946347389760e-01,  4.0158121413820450e+03,  8.4045998940049870e+01, -1.5014467544668267e+04,  1.0026064660098013e+01,  2.6454596704948643e+00,  3.2863474215970920e+00,  9.7928010302005663e-03,  8.8081923075779514e-02, -2.1251087369340138e+00,  2.7433066213374402e-01, -6.3330859758707565e-05,  3.9462253563608950e-03, -1.0821603530045440e-01,  0.0000000000000000e+00, -4.6106561967323642e-03,  2.0250655227356115e-01,  6.2843886951588104e+00,  0.0000000000000000e+00
 6.3436563436563436e+00,  6.3353613992368560e+02, -2.8207989678821721e-01,  2.7163305799453234e+01, -2.2796883153034433e-02,  9.0674221439809854e-02,  5.0828509831422786e-01,  4.0221392690926900e+03,  8.4359477431390090e+01, -1.5014493182235725e+04,  1.0026074643529626e+01,  2.6454671269373446e+00,  3.2915110182264375e+00,  9.7919382818440065e-03,  8.8131451013806372e-02, -2.1258762242704532e+00,  2.7433066213374402e-01, -8.0449725239828995e-05,  6.1296669099429263e-03, -6.6697459248798746e-02,  0.0000000000000000e+00,  1.1834593274118147e-03,  2.3461844675356658e-01,  2.0276302303827469e+00,  0.0000000000000000e+00
 6.3536463536463534e+00,  6.3353564117483745e+02, -2.8220634576984371e-01,  2.7163427140376285e+01, -2.2790031481546905e-02,  9.0679716550704642e-02,  5.0821030343846707e-01,  4.0284663638121906e+03,  8.4673524290464272e+01, -1.5014518819826728e+04,  1.0026084648759070e+01,  2.6454747784666650e+00,  3.2966738902221029e+00,  9.7911936430828874e-03,  8.8204393943111040e-02, -2.1264413535024214e+00,  2.7433066213374402e-01, -4.2370179848513743e-05,  8.7101649353500642e-03, -9.4166120426281280e-02,  0.0000000000000000e+00,  6.4400656599295884e-03,  2.8199725793294850e-01, -7.5268561981148139e+00,  0.0000000000000000e+00
 6.3636363636363633e+00,  6.3353514240374761e+02, -2.8232455464531919e-01,  2.7163548362918895e+01, -2.2780893303251223e-02,  9.0688464989286899e-02,  5.0813736247831764e-01,  4.0347934254881088e+03,  8.4988139516952032e+01, -1.5014544457450063e+04,  1.0026094706234023e+01,  2.6454826443354169e+00,  3.3018360505293733e+00,  9.7910917248040762e-03,  8.8305480283243934e-02, -2.1277576652380112e+00,  2.7433066213374402e-01,  3.1971188955484698e-05,  1.2482172823069532e-02, -1.3359457472000030e-01,  0.0000000000000000e+00,  8.4430763746310717e-03,  4.7315872118849783e-01, -3.6672035148782400e-01,  0.0000000000000000e+00
 6.3736263736263732e+00,  6.3353464356589188e+02, -2.8243495009157338e-01,  2.7163670492680971e+01, -2.2771173881710554e-02,  9.0703777093137802e-02,  5.0806747223923510e-01,  4.0411204540685521e+03,  8.5303323108127103e+01, -1.5014570095111867e+04,  1.0026104832337422e+01,  2.6454907696959320e+00,  3.3069975323446759e+00,  9.7918324280770030e-03,  8.8453788005510028e-02, -2.1291105757745492e+00,  2.7433066213374402e-01,  1.1328701172339737e-04,  1.8439793665210050e-02, -1.1944543885377322e-01,  0.0000000000000000e+00,  7.8363513435055453e-03,  7.1955697140814756e-01,  3.1993773519051687e+00,  0.0000000000000000e+00
 6.3836163836163839e+00,  6.3353414456178643e+02, -2.8253803658062249e-01,  2.7163794511281107e+01, -2.2761740639100133e-02,  9.0725428001463590e-02,  5.0800132801609377e-01,  4.0474474495017521e+03,  8.5619075059153431e+01, -1.5014595732814807e+04,  1.0026115029846105e+01,  2.6454992145936043e+00,  3.3121583814384707e+00,  9.7933552015617865e-03,  8.8673907729102289e-02, -2.1301441874928320e+00,  2.7433066213374402e-01,  1.8558812515936869e-04,  2.5996075742319418e-02, -7.3629335444186858e-02,  0.0000000000000000e+00,  6.6383315663754352e-03,  7.9321070042909825e-01,  5.9730065506937180e+00,  0.0000000000000000e+00
 6.3936063936063938e+00,  6.3353364531109423e+02, -2.8263414237452933e-01,  2.7163920594801766e+01, -2.2752455602687533e-02,  9.0749229537871567e-02,  5.0793836918405100e-01,  4.0537744117355724e+03,  8.5935395365208862e+01, -1.5014621370562689e+04,  1.0026125297290923e+01,  2.6455080112435820e+00,  3.3173186382862960e+00,  9.7955404825257417e-03,  8.8973190118243700e-02, -2.1305816913678397e+00,  2.7433066213374402e-01,  2.4914687130635568e-04,  3.3433120619294550e-02, -1.7664969217826683e-02,  0.0000000000000000e+00,  6.0861294122492634e-03,  6.9568568394103902e-01,  5.2310595678238441e+00,  0.0000000000000000e+00
 6.4035964035964037e+00,  6.3353314574462036e+02, -2.8272356325571191e-01,  2.7164048852997215e+01, -2.2742961361483682e-02,  9.0773826002903971e-02,  5.0787826615998632e-01,  4.0601013407174305e+03,  8.6252284022505762e+01, -1.5014647008361742e+04,  1.0026135635615722e+01,  2.6455171582879169e+00,  3.3224783320555313e+00,  9.7983331610284469e-03,  8.9341902147070204e-02, -2.1304971339307506e+00,  2.7433066213374402e-01,  3.0570320189160185e-04,  3.9941347314101830e-02, -5.6228544502111795e-02,  0.0000000000000000e+00,  5.2364479709171522e-03,  6.0726130035939285e-01, -1.2951487339737815e+01,  0.0000000000000000e+00
 6.4135864135864136e+00,  6.3353264579573761e+02, -2.8280624249176195e-01,  2.7164179291019355e+01, -2.2734150809435218e-02,  9.0798368705033966e-02,  5.0781861075703183e-01,  4.0664282363943635e+03,  8.6569741028018356e+01, -1.5014672646217217e+04,  1.0026146043859375e+01,  2.6455266532133979e+00,  3.3276374830399171e+00,  9.8016484386074920e-03,  8.9771219035608363e-02, -2.1317051388104393e+00,  2.7433066213374402e-01,  3.3475516098255655e-04,  4.4991249987641500e-02, -1.9034866089896341e-01,  0.0000000000000000e+00,  5.7975423909205131e-04,  4.0372921488326152e-01, -1.3899359962912188e+01,  0.0000000000000000e+00
 6.4235764235764234e+00,  6.3353214543444437e+02, -2.8288139396684886e-01,  2.7164311048898981e+01, -2.2728231459409633e-02,  9.0819087167712614e-02,  5.0775465177475898e-01,  4.0727550987126642e+03,  8.6887766384352702e+01, -1.5014698284137899e+04,  1.0026156501730270e+01,  2.6455364738707341e+00,  3.3327960673056989e+00,  9.8050215758332931e-03,  9.0240828220749345e-02, -2.1343003039786819e+00,  2.7433066213374402e-01,  2.9734968741783460e-04,  4.7174172164170039e-02, -2.7007627455167549e-01,  0.0000000000000000e+00, -8.0683300467494778e-03,  3.3291804857756950e-02, -2.0621082903609596e+00,  0.0000000000000000e+00
 6.4335664335664333e+00,  6.3353164467502268e+02, -2.8294783469256329e-01,  2.7164442662350375e+01, -2.2726900560617165e-02,  9.0831338933763758e-02,  5.0768231853497758e-01,  4.0790819276177663e+03,  8.7206360100834644e+01, -1.5014723922138744e+04,  1.0026166965315207e+01,  2.6455465655910348e+00,  3.3379540087772375e+00,  9.8075894913031529e-03,  9.0713759937989372e-02, -2.1371012681721111e+00,  2.7433066213374402e-01,  1.7527087899643534e-04,  4.5094385264577048e-02, -2.1123613096919303e-01,  0.0000000000000000e+00, -1.6371847399214934e-02, -4.4966514215627890e-01,  1.3841905035574088e+01,  0.0000000000000000e+00
 6.4435564435564432e+00,  6.3353114358208643e+02, -2.8300453332832909e-01,  2.7164572608050204e+01, -2.2729057267128656e-02,  9.0832902089386158e-02,  5.0760094088118823e-01,  4.0854087230546293e+03,  8.7525522190721929e+01, -1.5014749560240485e+04,  1.0026177385578752e+01,  2.6455568429000373e+00,  3.3431112006062409e+00,  9.8085234914975575e-03,  9.1141814939322302e-02, -2.1385208060959484e+00,  2.7433066213374402e-01, -3.6663918317572837e-07,  3.8601315282403452e-02, -8.8089556055247389e-02,  0.0000000000000000e+00, -1.8790783740341942e-02, -8.5024746827447117e-01,  1.0812039262196366e+01,  0.0000000000000000e+00
 6.4535464535464540e+00,  6.3353064223835588e+02, -2.8305081217048472e-01,  2.7164699956699501e+01, -2.2731711657564328e-02,  9.0825539024939075e-02,  5.0751221558985138e-01,  4.0917354849682829e+03,  8.7845252666225221e+01, -1.5014775198464864e+04,  1.0026187737175897e+01,  2.6455672196390796e+00,  3.3482675443350773e+00,  9.8075821658449476e-03,  9.1485014988586869e-02, -2.1388612992621261e+00,  2.7433066213374402e-01, -1.7234454364626790e-04,  2.9344856766666618e-02, -3.3131960374415348e-02,  0.0000000000000000e+00, -1.5639192733167974e-02, -1.0028955265759822e+00,  1.9047139310584768e-01,  0.0000000000000000e+00
 6.4635364635364638e+00,  6.3353014071446080e+02, -2.8308621388445648e-01,  2.7164824724130710e+01, -2.2733141662304491e-02,  9.0814572322086728e-02,  5.0741814280654540e-01,  4.0980622133043362e+03,  8.8165551536275629e+01, -1.5014800836829241e+04,  1.0026198022063554e+01,  2.6455776440229850e+00,  3.3534229673295486e+00,  9.8050800440720575e-03,  9.1728125763831145e-02, -2.1391827833262065e+00,  2.7433066213374402e-01, -3.0439007024852377e-04,  2.0170235330200757e-02, -3.0263695853251879e-02,  0.0000000000000000e+00, -1.0796321692601037e-02, -8.3386368500467589e-01,  3.8375516403136356e-01,  0.0000000000000000e+00
 6.4735264735264737e+00,  6.3352963905381694e+02, -2.8311066099702537e-01,  2.7164947742204845e+01, -2.2732901736194064e-02,  9.0806134541336778e-02,  5.0732176922339101e-01,  4.1043889080091458e+03,  8.8486418805465021e+01, -1.5014826475342670e+04,  1.0026208253313852e+01,  2.6455881222579407e+00,  3.3585774309483263e+00,  9.8015004461596625e-03,  9.1888016693485980e-02, -2.1394659685099433e+00,  2.7433066213374402e-01, -3.8388778516936146e-04,  1.3589091263494890e-02, -2.0561955864076182e-02,  0.0000000000000000e+00, -5.1191208345508507e-03, -4.8368135714985405e-01,  1.5585331818016335e+00,  0.0000000000000000e+00
 6.4835164835164836e+00,  6.3352913728139799e+02, -2.8312468486441739e-01,  2.7165069831199556e+01, -2.2730479395312191e-02,  9.0802501678229855e-02,  5.0722757774674088e-01,  4.1107155690297677e+03,  8.8807854472578569e+01, -1.5014852114008399e+04,  1.0026218451400421e+01,  2.6455986991797444e+00,  3.3637309422236288e+00,  9.7974099584542881e-03,  9.1999636078786085e-02, -2.1395936116151990e+00,  2.7433066213374402e-01, -4.0277159333316760e-04,  1.0222856929158777e-02,  3.1438483230054083e-02,  0.0000000000000000e+00,  1.3385824401568147e-03, -1.9023875658424375e-01,  8.8519547248433668e+00,  0.0000000000000000e+00
 6.4935064935064934e+00,  6.3352863543226215e+02, -2.8312938668349208e-01,  2.7165191316354768e+01, -2.2725118728326832e-02,  9.0802482281310104e-02,  5.0714049402751404e-01,  4.1170421963136723e+03,  8.9129858530590951e+01, -1.5014877752829791e+04,  1.0026228644704540e+01,  2.6456094140867883e+00,  3.3688835539445727e+00,  9.7934530616774814e-03,  9.2092269579183456e-02, -2.1388378269868653e+00,  2.7433066213374402e-01, -3.4698095100460936e-04,  9.2351665074922769e-03,  1.4276675398603039e-01,  0.0000000000000000e+00,  9.8307041540206808e-03, -7.4968658333917299e-03,  1.3435965080503351e+01,  0.0000000000000000e+00
 6.5034965034965033e+00,  6.3352813355524279e+02, -2.8312663368871677e-01,  2.7165312345818670e+01, -2.2715237079348288e-02,  9.0805240562158857e-02,  5.0706672329805691e-01,  4.1233687898087410e+03,  8.9452430965912868e+01, -1.5014903391813263e+04,  1.0026238876652050e+01,  2.6456202845796928e+00,  3.3740353719506251e+00,  9.7904772721205298e-03,  9.2184154890124589e-02, -2.1367411290180756e+00,  2.7433066213374402e-01, -1.9663428268852431e-04,  9.8990966970017354e-03,  2.4671396319426717e-01,  0.0000000000000000e+00,  2.0268698842859891e-02,  1.4041568977318683e-01,  7.3742662029858934e+00,  0.0000000000000000e+00
 6.5134865134865132e+00,  6.3352763169011985e+02, -2.8311884155947381e-01,  2.7165433242431352e+01, -2.2700016166461813e-02,  9.0811709290149506e-02,  5.0701165725461061e-01,  4.1296953494633963e+03,  8.9775571757795177e+01, -1.5014929030967765e+04,  1.0026249206817816e+01,  2.6456313160482323e+00,  3.3791865614364611e+00,  9.7895243047806078e-03,  9.2290053728973698e-02, -2.1339084770728940e+00,  2.7433066213374402e-01,  4.9716916147710439e-05,  1.2303860480261853e-02,  2.6502297305324241e-01,  0.0000000000000000e+00,  2.9050811164154880e-02,  3.4101801963549416e-01, -3.7088024292190149e+00,  0.0000000000000000e+00
 6.5234765234765231e+00,  6.3352712983634899e+02, -2.8310853903280592e-01,  2.7165554645069736e+01, -2.2680890230476359e-02,  9.0823575798777978e-02,  5.0697785569611209e-01,  4.1360218752266983e+03,  9.0099280880339521e+01, -1.5014954670302423e+04,  1.0026259694038727e+01,  2.6456425212750441e+00,  3.3843373309479636e+00,  9.7914706170985060e-03,  9.2429986268351597e-02, -2.1314459647213075e+00,  2.7433066213374402e-01,  3.5490474121967035e-04,  1.6668410477675682e-02,  2.0565428550686021e-01,  0.0000000000000000e+00,  3.2047791415252505e-02,  5.3276488984686554e-01, -8.1768088175642770e+00,  0.0000000000000000e+00
 6.5334665334665338e+00,  6.3352662795458377e+02, -2.8309797312830109e-01,  2.7165677077282744e+01, -2.2660877670114845e-02,  9.0840212201112935e-02,  5.0696459548064365e-01,  4.1423483670478718e+03,  9.0423558306415231e+01, -1.5014980309826546e+04,  1.0026270373687295e+01,  2.6456539153961840e+00,  3.3894878985569732e+00,  9.7966153086011809e-03,  9.2623088903352843e-02, -2.1297995003394901e+00,  2.7433066213374402e-01,  6.5924080982868887e-04,  2.2579124248730358e-02,  2.2196314524651445e-01,  0.0000000000000000e+00,  2.8880289520271007e-02,  6.5056000711824180e-01,  1.1441842537442948e+01,  0.0000000000000000e+00
 6.5434565434565437e+00,  6.3352612597551820e+02, -2.8308917477415180e-01,  2.7165801186923026e+01, -2.2642293586530804e-02,  9.0861654315762277e-02,  5.0697034815570008e-01,  4.1486748248758722e+03,  9.0748404010657680e+01, -1.5015005949549442e+04,  1.0026281250751998e+01,  2.6456655059972403e+00,  3.3946384646170609e+00,  9.8046422616505282e-03,  9.2881117621972598e-02, -2.1270111366444540e+00,  2.7433066213374402e-01,  9.1897556041213753e-04,  2.9743323975298837e-02,  2.7529065067966541e-01,  0.0000000000000000e+00,  2.3118607546527586e-02,  7.8371277814052531e-01, -7.6567594972899611e-01,  0.0000000000000000e+00
 6.5534465534465536e+00,  6.3352562380943755e+02, -2.8308391699122309e-01,  2.7165927725311235e+01, -2.2626455666873706e-02,  9.0887886894034722e-02,  5.0699258435929895e-01,  4.1550012486593259e+03,  9.1073817968342752e+01, -1.5015031589477843e+04,  1.0026292312991830e+01,  2.6456773091656234e+00,  3.3997892158461775e+00,  9.8149764586593653e-03,  9.3217361110651514e-02, -2.1242991876385977e+00,  2.7433066213374402e-01,  1.1053293645333759e-03,  3.7366055343284299e-02,  1.9134123744422077e-01,  0.0000000000000000e+00,  1.4189424038544736e-02,  7.4235804173018172e-01, -1.6040996580007214e+01,  0.0000000000000000e+00
 6.5634365634365635e+00,  6.3352512139870635e+02, -2.8308255963236817e-01,  2.7166056236606071e+01, -2.2615516053256405e-02,  9.0913244533859155e-02,  5.0702281438936414e-01,  4.1613276383459051e+03,  9.1399800161686386e+01, -1.5015057229620332e+04,  1.0026303527867258e+01,  2.6456893190295121e+00,  3.4049402789991854e+00,  9.8267267644384076e-03,  9.3627692154305941e-02, -2.1231881348973167e+00,  2.7433066213374402e-01,  1.1805766369140261e-03,  4.3142177972121012e-02,  1.5182338426903639e-02,  0.0000000000000000e+00,  8.7507989206165031e-04,  4.1402170856294185e-01, -1.9226015003260084e+01,  0.0000000000000000e+00
 6.5734265734265733e+00,  6.3352461874284006e+02, -2.8308419163921350e-01,  2.7166185449405159e+01, -2.2611722222452040e-02,  9.0931865090920383e-02,  5.0705077709100266e-01,  4.1676539938820360e+03,  9.1726350586220462e+01, -1.5015082869991616e+04,  1.0026314835256347e+01,  2.6457014859172632e+00,  3.4100916748533372e+00,  9.8385644034528520e-03,  9.4079342688516060e-02, -2.1239958442134848e+00,  2.7433066213374402e-01,  1.1047870517417748e-03,  4.4898474079258496e-02, -1.3426445823665387e-01,  0.0000000000000000e+00, -1.6048154843546564e-02, -6.2411227914013170e-02, -1.0693233688784478e+01,  0.0000000000000000e+00
 6.5834165834165832e+00,  6.3352411588076632e+02, -2.8308670476654857e-01,  2.7166314047469697e+01, -2.2616923514171713e-02,  9.0941380823823512e-02,  5.0706595391727272e-01,  4.1739803152131044e+03,  9.2053469251664197e+01, -1.5015108510610546e+04,  1.0026326147514505e+01,  2.6457137358150922e+00,  3.4152433113396659e+00,  9.8488004318058753e-03,  9.4524764563481925e-02, -2.1258707414554916e+00,  2.7433066213374402e-01,  8.6100863989080432e-04,  4.2219731634990522e-02, -1.7864742556270080e-01,  0.0000000000000000e+00, -3.2756283209018265e-02, -4.7387300942844235e-01,  1.8077636301097810e+00,  0.0000000000000000e+00
 6.5934065934065931e+00,  6.3352361286739131e+02, -2.8308743182873886e-01,  2.7166441120942054e+01, -2.2630633410510050e-02,  9.0942446636319660e-02,  5.0706126818017072e-01,  4.1803066022839485e+03,  9.2381156178918062e+01, -1.5015134151495326e+04,  1.0026337365469221e+01,  2.6457260065304946e+00,  3.4203950075576803e+00,  9.8557673732808399e-03,  9.4922893770134242e-02, -2.1275652233456066e+00,  2.7433066213374402e-01,  4.7509057195718887e-04,  3.6120404454536563e-02, -1.5099001087225869e-01,  0.0000000000000000e+00, -4.4504513991292453e-02, -7.4721229209845341e-01,  3.7292507909167929e+00,  0.0000000000000000e+00
 6.6033966033966029e+00,  6.3352310976245917e+02, -2.8308353979731254e-01,  2.7166566176643251e+01, -2.2650657172861147e-02,  9.0937156394462496e-02,  5.0703297712267381e-01,  4.1866328550392627e+03,  9.2709411394841581e+01, -1.5015159792660930e+04,  1.0026348402803951e+01,  2.6457382594159045e+00,  3.4255465337887281e+00,  9.8582927509258990e-03,  9.5246450966169960e-02, -2.1288875248895027e+00,  2.7433066213374402e-01,  4.1233889061408103e-06,  2.8290730391541025e-02, -9.9259226748792381e-02,  0.0000000000000000e+00, -4.9783116055523997e-02, -8.2028845531294725e-01,  6.6272521905998119e+00,  0.0000000000000000e+00
 6.6133866133866137e+00,  6.3352260662329957e+02, -2.8307243854283815e-01,  2.7166689347021322e+01, -2.2674314569457076e-02,  9.0929796270776228e-02,  5.0698120795366486e-01,  4.1929590734239009e+03,  9.3038234927666991e+01, -1.5015185434116951e+04,  1.0026359197689635e+01,  2.6457504917495602e+00,  3.4306976469809434e+00,  9.8558497586735700e-03,  9.5488143128606609e-02, -2.1295484246792489e+00,  2.7433066213374402e-01, -4.8714165001492065e-04,  2.1079729292905178e-02, -1.8771224467226059e-02,  0.0000000000000000e+00, -4.8568144736469275e-02, -6.2335396463390136e-01,  9.4864458661692357e+00,  0.0000000000000000e+00
 6.6233766233766236e+00,  6.3352210348842948e+02, -2.8305240741149623e-01,  2.7166811464296558e+01, -2.2699031431892815e-02,  9.0926083085657874e-02,  5.0691102152915979e-01,  4.1992852573834971e+03,  9.3367626801093422e+01, -1.5015211075866246e+04,  1.0026369716911665e+01,  2.6457627505526604e+00,  3.4358481398186944e+00,  9.8485596510255007e-03,  9.5667624378615632e-02, -2.1292625743294074e+00,  2.7433066213374402e-01, -9.3617953584599701e-04,  1.6640609678745758e-02,  6.4799413914459231e-02,  0.0000000000000000e+00, -4.1329240006904591e-02, -2.6535778212095718e-01,  7.2443959378436764e+00,  0.0000000000000000e+00
 6.6333666333666335e+00,  6.3352160036443104e+02, -2.8302292712710847e-01,  2.7166933314664277e+01, -2.2722048225905993e-02,  9.0927999305888629e-02,  5.0683106339942985e-01,  4.2056114068645056e+03,  9.3697587029370879e+01, -1.5015236717908014e+04,  1.0026379957740399e+01,  2.6457751128153411e+00,  3.4409978821487583e+00,  9.8371448728424814e-03,  9.5820622842467659e-02, -2.1282537310945444e+00,  2.7433066213374402e-01, -1.2870203150264128e-03,  1.5361552801433585e-02,  1.5260858491490381e-01,  0.0000000000000000e+00, -2.8909083985015478e-02,  9.2905952830572656e-03,  1.0335000096445535e+01,  0.0000000000000000e+00
 6.6433566433566433e+00,  6.3352109723988053e+02, -2.8298454511089405e-01,  2.7167055124573452e+01, -2.2740689401707169e-02,  9.0933356717840710e-02,  5.0675080304557707e-01,  4.2119375218139530e+03,  9.4028115616036402e+01, -1.5015262360243700e+04,  1.0026389948879475e+01,  2.6457876377670182e+00,  3.4461468323745721e+00,  9.8228449594165816e-03,  9.5974548510512403e-02, -2.1262134517536850e+00,  2.7433066213374402e-01, -1.4900087343494733e-03,  1.5904634221802334e-02,  3.1168614147850709e-01,  0.0000000000000000e+00, -1.1729197563461715e-02,  9.9434305074767138e-02,  2.1512326727588206e+01,  0.0000000000000000e+00
 6.6533466533466532e+00,  6.3352059412574522e+02, -2.8293942333957056e-01,  2.7167176693615062e+01, -2.2751952969979526e-02,  9.0939348535536590e-02,  5.0668292501648371e-01,  4.2182636021792432e+03,  9.4359212552149131e+01, -1.5015288002880829e+04,  1.0026399752586107e+01,  2.6458003386139675e+00,  3.4512950517833816e+00,  9.8073744685597750e-03,  9.6138397751994176e-02, -2.1220262357603086e+00,  2.7433066213374402e-01, -1.5004576674652909e-03,  1.6764098591630427e-02,  5.0892919579029372e-01,  0.0000000000000000e+00,  9.6373211536750231e-03,  7.2630461764819035e-02,  1.7975732745631934e+01,  0.0000000000000000e+00
 6.6633366633366631e+00,  6.3352009103547289e+02, -2.8289125026985973e-01,  2.7167297797978328e+01, -2.2753628158244169e-02,  9.0944729002856453e-02,  5.0664051908691365e-01,  4.2245896479085277e+03,  9.4690877813044480e+01, -1.5015313645833034e+04,  1.0026409465058203e+01,  2.6458131841614749e+00,  3.4564427290667945e+00,  9.7928657852414513e-03,  9.6309495535320200e-02, -2.1160450362533796e+00,  2.7433066213374402e-01, -1.2986271829858198e-03,  1.7395942309869558e-02,  6.0117274254455066e-01,  0.0000000000000000e+00,  3.0769141839115562e-02,  5.3864650626656747e-02,  4.9142531457053718e-01,  0.0000000000000000e+00
 6.6733266733266730e+00,  6.3351958795244150e+02, -2.8284443097306505e-01,  2.7167418612878610e+01, -2.2746150769398638e-02,  9.0950823775866524e-02,  5.0663244912400851e-01,  4.2309156589507356e+03,  9.5023111360161209e+01, -1.5015339289116544e+04,  1.0026419197348954e+01,  2.6458261231022617e+00,  3.4615901639639524e+00,  9.7814278714971215e-03,  9.6485969026916640e-02, -2.1100147923528252e+00,  2.7433066213374402e-01, -9.1735907547128783e-04,  1.8335169558515503e-02,  5.6090994918354131e-01,  0.0000000000000000e+00,  4.5560733285282394e-02,  1.3416864455241473e-01, -8.5520365454389502e+00,  0.0000000000000000e+00
 6.6833166833166837e+00,  6.3351908483501654e+02, -2.8280320003636200e-01,  2.7167539651081039e+01, -2.2732577210120782e-02,  9.0959767033654590e-02,  5.0666115943573165e-01,  4.2372416352551891e+03,  9.5355913147534324e+01, -1.5015364932746064e+04,  1.0026429044191131e+01,  2.6458391127231979e+00,  3.4667377147021772e+00,  9.7745369325846817e-03,  9.6675832589436406e-02, -2.1048380442617001e+00,  2.7433066213374402e-01, -4.3056475403332838e-04,  2.0384024775337663e-02,  5.0276678539430919e-01,  0.0000000000000000e+00,  5.1895489866593890e-02,  2.7601216985536831e-01, -3.0882248451649552e+00,  0.0000000000000000e+00
 6.6933066933066936e+00,  6.3351858163215888e+02, -2.8277136738078407e-01,  2.7167661446796760e+01, -2.2715791285896944e-02,  9.0972472218517869e-02,  5.0672527987715865e-01,  4.2435675767713365e+03,  9.5689283128502254e+01, -1.5015390576734248e+04,  1.0026439068310408e+01,  2.6458521241420532e+00,  3.4718857444136701e+00,  9.7728251791088429e-03,  9.6893242249201122e-02, -2.0999695019353561e+00,  2.7433066213374402e-01,  8.9265588474096716e-05,  2.3563538823632171e-02,  4.5994224730696598e-01,  0.0000000000000000e+00,  5.2174544703393028e-02,  3.6052654261299377e-01, -5.4852476799254459e+00,  0.0000000000000000e+00
 6.7032967032967035e+00,  6.3351807828814208e+02, -2.8275201143653395e-01,  2.7167784093776373e+01, -2.2697908447230939e-02,  9.0986481647167980e-02,  5.0682003492495464e-01,  4.2498934834483616e+03,  9.6023221260066222e+01, -1.5015416221093392e+04,  1.0026449306772340e+01,  2.6458651260331543e+00,  3.4770345858162086e+00,  9.7763204608259224e-03,  9.7146632565932547e-02, -2.0956483889708517e+00,  2.7433066213374402e-01,  5.8432778233039474e-04,  2.6604477661927795e-02,  3.7460004205104697e-01,  0.0000000000000000e+00,  4.6936906506638981e-02,  2.4826941281379689e-01, -1.1600261812309745e+01,  0.0000000000000000e+00
 6.7132867132867133e+00,  6.3351757477539832e+02, -2.8274700266681735e-01,  2.7167907034934480e+01, -2.2681431424525576e-02,  9.0997428799357974e-02,  5.0693678881007997e-01,  4.2562193552346553e+03,  9.6357727508117407e+01, -1.5015441865838247e+04,  1.0026459770278079e+01,  2.6458780606761931e+00,  3.4821844983712427e+00,  9.7845000598746849e-03,  9.7424800244444429e-02, -2.0924849856106600e+00,  2.7433066213374402e-01,  9.9630438384549591e-04,  2.7804546909301842e-02,  2.1459358143182972e-01,  0.0000000000000000e+00,  3.5540809116685258e-02, -8.0155494895100057e-03, -2.0433031603657916e+01,  0.0000000000000000e+00
 6.7232767232767232e+00,  6.3351707111302869e+02, -2.8275670214283627e-01,  2.7168029594856687e+01, -2.2669535930535247e-02,  9.1003507769916836e-02,  5.0706371676254947e-01,  4.2625451920776586e+03,  9.6692801851667298e+01, -1.5015467510985074e+04,  1.0026470436023661e+01,  2.6458908533372738e+00,  3.4873356344257722e+00,  9.7962266423213366e-03,  9.7702167968715795e-02, -2.0913608049262598e+00,  2.7433066213374402e-01,  1.2613310323253968e-03,  2.6749839174374387e-02, -1.8533656486466561e-02,  0.0000000000000000e+00,  1.7517525908991513e-02, -2.0313693904296859e-01, -2.6239041427585537e+01,  0.0000000000000000e+00
 6.7332667332667331e+00,  6.3351656734006758e+02, -2.8277976400751731e-01,  2.7168151505206353e+01, -2.2666037824258377e-02,  9.1006430915511180e-02,  5.0718667146739294e-01,  4.2688709939241016e+03,  9.7028444285588847e+01, -1.5015493156547100e+04,  1.0026481239966120e+01,  2.6459034544172093e+00,  3.4924880179488031e+00,  9.8097014791019652e-03,  9.7959262565610744e-02, -2.0928552884375624e+00,  2.7433066213374402e-01,  1.3185871779980655e-03,  2.4385173438224297e-02, -2.1143805878304814e-01,  0.0000000000000000e+00, -6.0548455453231145e-03, -2.7026914133428476e-01, -1.2380419912190547e+01,  0.0000000000000000e+00
 6.7432567432567430e+00,  6.3351606348552548e+02, -2.8281336291199327e-01,  2.7168272702494875e+01, -2.2673612753994699e-02,  9.1007872736046463e-02,  5.0729209876151526e-01,  4.2751967607201241e+03,  9.7364654821791461e+01, -1.5015518802532340e+04,  1.0026492076273261e+01,  2.6459158585559464e+00,  3.4976415354726775e+00,  9.8225720404831358e-03,  9.8189384221227763e-02, -2.0955853415652816e+00,  2.7433066213374402e-01,  1.1435370040843420e-03,  2.1600729728231072e-02, -2.7768798671506778e-01,  0.0000000000000000e+00, -2.8990199272204722e-02, -2.8717648940636575e-01, -8.8281565979993459e-01,  0.0000000000000000e+00
 6.7532467532467528e+00,  6.3351555956913376e+02, -2.8285388815009793e-01,  2.7168393030865730e+01, -2.2691484668391593e-02,  9.1007747997558425e-02,  5.0737038975397120e-01,  4.2815224924112381e+03,  9.7701433486094260e+01, -1.5015544448945351e+04,  1.0026502824304538e+01,  2.6459280895946384e+00,  3.5027959608061998e+00,  9.8325493712914623e-03,  9.8390845577163807e-02, -2.0984034999603409e+00,  2.7433066213374402e-01,  7.6965847821310084e-04,  1.8483273409400380e-02, -2.9865474795247887e-01,  0.0000000000000000e+00, -4.5860281607207724e-02, -3.3693826562335139e-01, -3.3147299399321803e+00,  0.0000000000000000e+00
 6.7632367632367636e+00,  6.3351505561299950e+02, -2.8289704017650258e-01,  2.7168512159756386e+01, -2.2717310856293204e-02,  9.1004935514307786e-02,  5.0741408487368445e-01,  4.2878481889423683e+03,  9.8038780314554202e+01, -1.5015570095789441e+04,  1.0026513377811883e+01,  2.6459401800824662e+00,  3.5079509846322017e+00,  9.8379498322556259e-03,  9.8558680393243767e-02, -2.1015524693965002e+00,  2.7433066213374402e-01,  2.5890543767659996e-04,  1.4722413653760645e-02, -3.0998179458683145e-01,  0.0000000000000000e+00, -5.6392477108196386e-02, -4.1598585745569872e-01,  1.0470552037348675e+00,  0.0000000000000000e+00
 6.7732267732267735e+00,  6.3351455165746086e+02, -2.8293829764350348e-01,  2.7168629770042877e+01, -2.2748783144064286e-02,  9.0999297170851354e-02,  5.0741930954020298e-01,  4.2941738502578573e+03,  9.8376695350547237e+01, -1.5015595743066937e+04,  1.0026523651567445e+01,  2.6459521663709715e+00,  3.5131062385911935e+00,  9.8377223071091768e-03,  9.8684999696120074e-02, -2.1045969424096285e+00,  2.7433066213374402e-01, -3.2580681210894622e-04,  1.0552749295811594e-02, -2.6290759330224200e-01,  0.0000000000000000e+00, -6.0666915298868612e-02, -4.1878094700580493e-01,  8.3771998934427128e+00,  0.0000000000000000e+00
 6.7832167832167833e+00,  6.3351404775320430e+02, -2.8297374016515858e-01,  2.7168745981720207e+01, -2.2783209784893194e-02,  9.0993558583464668e-02,  5.0738808507983779e-01,  4.3004994763021832e+03,  9.8715178638410933e+01, -1.5015621390778311e+04,  1.0026533584527590e+01,  2.6459641001925602e+00,  3.5182613467271513e+00,  9.8314402056400626e-03,  9.8769524535018222e-02, -2.1068053683635779e+00,  2.7433066213374402e-01, -9.1723368418353268e-04,  7.1730729383466816e-03, -1.8787432899529066e-01,  0.0000000000000000e+00, -5.7736744490464974e-02, -2.5783025975867851e-01,  6.6444596208091262e+00,  0.0000000000000000e+00
 6.7932067932067932e+00,  6.3351354392334235e+02, -2.8300055404879032e-01,  2.7168861357135288e+01, -2.2817437159399989e-02,  9.0991038788915804e-02,  5.0732745358872400e-01,  4.3068250670205234e+03,  9.9054230216162040e+01, -1.5015647038921112e+04,  1.0026543148138529e+01,  2.6459760592378774e+00,  3.5234159859418535e+00,  9.8193959597728427e-03,  9.8828317836746379e-02, -2.1083506752566872e+00,  2.7433066213374402e-01, -1.4445591695992593e-03,  5.8269610413866921e-03, -7.9151866389710335e-02,  0.0000000000000000e+00, -4.7833817689764739e-02, -1.1661342012714421e-02,  1.5121777392828307e+01,  0.0000000000000000e+00
 6.8031968031968031e+00,  6.3351304015954395e+02, -2.8301736343472828e-01,  2.7168976527754438e+01, -2.2848149942962748e-02,  9.0993330488801663e-02,  5.0724834596966395e-01,  4.3131506223588549e+03,  9.9393850110784825e+01, -1.5015672687492073e+04,  1.0026552350288503e+01,  2.6459881296596053e+00,  3.5285699250682532e+00,  9.8025778845691487e-03,  9.8885947333047924e-02, -2.1083868242355002e+00,  2.7433066213374402e-01, -1.8349058177982410e-03,  6.8911485906296465e-03,  1.3565023855209707e-01,  0.0000000000000000e+00, -3.0313581279672302e-02,  2.2471168937115635e-01,  2.7881604016522040e+01,  0.0000000000000000e+00
 6.8131868131868130e+00,  6.3351253644007409e+02, -2.8302489069025755e-01,  2.7169091978642857e+01, -2.2870845317218023e-02,  9.1000162076195046e-02,  5.0716677725975867e-01,  4.3194761422641322e+03,  9.9734038333049824e+01, -1.5015698336490095e+04,  1.0026561243565340e+01,  2.6460003816290785e+00,  3.5337230666086019e+00,  9.7827345048717793e-03,  9.8966003123272445e-02, -2.1056403807801218e+00,  2.7433066213374402e-01, -2.0117574219537747e-03,  9.7545113035012610e-03,  3.4293486704302195e-01,  0.0000000000000000e+00, -5.0921098722659297e-03,  3.4853352574574753e-01,  1.3616778607361603e+01,  0.0000000000000000e+00
 6.8231768231768228e+00,  6.3351203273533201e+02, -2.8302577489731962e-01,  2.7169207797691453e+01, -2.2882022465304297e-02,  9.1009202338388898e-02,  5.0709928052408249e-01,  4.3258016266843115e+03,  1.0007479487356780e+02, -1.5015723985919467e+04,  1.0026569932175452e+01,  2.6460128413331088e+00,  3.5388754775942064e+00,  9.7623829310835592e-03,  9.9080842663787208e-02, -2.1015349787401352e+00,  2.7433066213374402e-01, -1.9316623568219806e-03,  1.3230152257872699e-02,  4.2277003250626338e-01,  0.0000000000000000e+00,  2.1127141911632209e-02,  3.4728979331950927e-01,  2.3662215183830662e+00,  0.0000000000000000e+00
 6.8331668331668336e+00,  6.3351152900502359e+02, -2.8302386276892316e-01,  2.7169323967306234e+01, -2.2881653868195524e-02,  9.1019047209610085e-02,  5.0705897400198774e-01,  4.3321270755681016e+03,  1.0041611970547808e+02, -1.5015749635790435e+04,  1.0026578544323900e+01,  2.6460254873392066e+00,  3.5440273671471285e+00,  9.7441398523878224e-03,  9.9230341829723456e-02, -2.0971934270836927e+00,  2.7433066213374402e-01, -1.6133026784178194e-03,  1.6643828818989931e-02,  4.3374746142922788e-01,  0.0000000000000000e+00,  4.2608465704878765e-02,  3.3612825421613834e-01, -1.6854024800564343e-01,  0.0000000000000000e+00
 6.8431568431568435e+00,  6.3351102518994003e+02, -2.8302388403275552e-01,  2.7169440729067642e+01, -2.2871392182796709e-02,  9.1030546274084759e-02,  5.0705568187960559e-01,  4.3384524888647675e+03,  1.0075801278799977e+02, -1.5015775286115939e+04,  1.0026587202998304e+01,  2.6460382748469722e+00,  3.5491790565910954e+00,  9.7301491113349504e-03,  9.9413386696134670e-02, -2.0928686957944960e+00,  2.7433066213374402e-01, -1.1110044075898133e-03,  2.0216718680642634e-02,  4.2064049864196068e-01,  0.0000000000000000e+00,  5.7951648114899799e-02,  3.7916429608656294e-01, -2.4554737020091224e+00,  0.0000000000000000e+00
 6.8531468531468533e+00,  6.3351052122775616e+02, -2.8303070643657213e-01,  2.7169558411345140e+01, -2.2853367820902675e-02,  9.1044365380098136e-02,  5.0709388092763985e-01,  4.3447778665240548e+03,  1.0110047407136902e+02, -1.5015800936909020e+04,  1.0026596015193567e+01,  2.6460511559354085e+00,  3.5543309403334882e+00,  9.7219419621262879e-03,  9.9634272272893135e-02, -2.0887890215164209e+00,  2.7433066213374402e-01, -4.8933348966054703e-04,  2.4011561876943401e-02,  3.7744706937581451e-01,  0.0000000000000000e+00,  6.6506869654540751e-02,  3.8056331181285918e-01, -6.1918508370734413e+00,  0.0000000000000000e+00
 6.8631368631368632e+00,  6.3351001705592125e+02, -2.8304863369918432e-01,  2.7169676959247901e+01, -2.2830089759295468e-02,  9.1058381316652087e-02,  5.0717204613715250e-01,  4.3511032084956978e+03,  1.0144350350435420e+02, -1.5015826588184073e+04,  1.0026605065294007e+01,  2.6460640722690680e+00,  3.5594834259739820e+00,  9.7203722184346399e-03,  9.9893138182187480e-02, -2.0853272958069673e+00,  2.7433066213374402e-01,  1.7970034754959813e-04,  2.7041427101389098e-02,  2.8235527222460755e-01,  0.0000000000000000e+00,  6.7433704554931861e-02,  2.2601570612117697e-01, -1.2845526952598414e+01,  0.0000000000000000e+00
 6.8731268731268731e+00,  6.3350951263584011e+02, -2.8308082998607215e-01,  2.7169795774282985e+01, -2.2804723853983785e-02,  9.1068771603054363e-02,  5.0728312853287694e-01,  4.3574285147287928e+03,  1.0178710104176679e+02, -1.5015852239957836e+04,  1.0026614406919949e+01,  2.6460769404501465e+00,  3.5646368725248596e+00,  9.7255323786607454e-03,  1.0017456052666714e-01, -2.0831475575359093e+00,  2.7433066213374402e-01,  8.1529000679192909e-04,  2.7844037951520843e-02,  1.2569509143011837e-01,  0.0000000000000000e+00,  5.9811345225384283e-02, -6.5333013924799690e-02, -1.8517841242458687e+01,  0.0000000000000000e+00
 6.8831168831168830e+00,  6.3350900796989697e+02, -2.8312885045734848e-01,  2.7169914002977542e+01, -2.2781198691265995e-02,  9.1072837724919198e-02,  5.0741535565031437e-01,  4.3637537851714787e+03,  1.0213126665072355e+02, -1.5015877892248809e+04,  1.0026624052948010e+01,  2.6460896592252481e+00,  3.5697915391885662e+00,  9.7366617290598530e-03,  1.0044946261678329e-01, -2.0828159053688031e+00,  2.7433066213374402e-01,  1.3336234755138405e-03,  2.5678422307967162e-02, -8.2607992771222619e-02,  0.0000000000000000e+00,  4.3959015212743570e-02, -3.6822323791465306e-01, -2.3184436214650262e+01,  0.0000000000000000e+00
 6.8931068931068928e+00,  6.3350850309809800e+02, -2.8319255532077503e-01,  2.7170030939329202e+01, -2.2763576613942689e-02,  9.1070567841211786e-02,  5.0755467186044334e-01,  4.3700790197708802e+03,  1.0247600031446476e+02, -1.5015903545073796e+04,  1.0026633970324323e+01,  2.6461021366074919e+00,  3.5749475544629425e+00,  9.7521782023473353e-03,  1.0068761591743570e-01, -2.0847980668819877e+00,  2.7433066213374402e-01,  1.6595404551773406e-03,  2.1039323119793073e-02, -2.8553756690903964e-01,  0.0000000000000000e+00,  2.1289564115889906e-02, -5.6052441955780985e-01, -1.7442064527741181e+01,  0.0000000000000000e+00
 6.9030969030969027e+00,  6.3350799808192539e+02, -2.8327018907425700e-01,  2.7170146209330007e+01, -2.2755345561023054e-02,  9.1063969801655820e-02,  5.0768666523552020e-01,  4.3764042184733735e+03,  1.0282130203365220e+02, -1.5015929198445278e+04,  1.0026644079873071e+01,  2.6461143176582698e+00,  3.5801049060281565e+00,  9.7698193805119474e-03,  1.0086982871308285e-01, -2.0885209516606920e+00,  2.7433066213374402e-01,  1.7476626811189638e-03,  1.5327307135306953e-02, -3.9027873580528721e-01,  0.0000000000000000e+00, -3.6474944823608464e-03, -5.8302118053613627e-01, -3.5271174852909870e+00,  0.0000000000000000e+00
 6.9130869130869135e+00,  6.3350749298539859e+02, -2.8335889748164833e-01,  2.7170259905081217e+01, -2.2757500912153016e-02,  9.1056586637337567e-02,  5.0779964457265503e-01,  4.3827293812249018e+03,  1.0316717182445070e+02, -1.5015954852369523e+04,  1.0026654273414318e+01,  2.6461261989623379e+00,  3.5852634561087520e+00,  9.7870965376344286e-03,  1.0099385582023905e-01, -2.0925958438211545e+00,  2.7433066213374402e-01,  1.6058277609269057e-03,  1.0232247321621450e-02, -3.8151135812671566e-01,  0.0000000000000000e+00, -2.4747856540088278e-02, -4.3700979416366809e-01,  5.2823464965409608e+00,  0.0000000000000000e+00
 6.9230769230769234e+00,  6.3350698784607368e+02, -2.8345532087360314e-01,  2.7170372461955559e+01, -2.2768521816650462e-02,  9.1051218512010798e-02,  5.0788626953424121e-01,  4.3890545079712374e+03,  1.0351360971376691e+02, -1.5015980506846994e+04,  1.0026664442970814e+01,  2.6461378286941972e+00,  3.5904229789764424e+00,  9.8019038512597387e-03,  1.0107426921900936e-01, -2.0961435562186685e+00,  2.7433066213374402e-01,  1.2852527588397360e-03,  6.9396261377773901e-03, -3.4360410668919905e-01,  0.0000000000000000e+00, -3.9431258877775897e-02, -2.2217296684197235e-01,  2.3066852412528736e+00,  0.0000000000000000e+00
 6.9330669330669332e+00,  6.3350648267313557e+02, -2.8355585108215575e-01,  2.7170484447024158e+01, -2.2786356507305379e-02,  9.1049312148731854e-02,  5.0794236346880195e-01,  4.3953795986580326e+03,  1.0386061573448811e+02, -1.5016006161873698e+04,  1.0026674497160956e+01,  2.6461492856717621e+00,  3.5955831976152992e+00,  9.8127759134354221e-03,  1.0113250968912571e-01, -2.0994610607380215e+00,  2.7433066213374402e-01,  8.4835925594435124e-04,  5.8425467243569049e-03, -3.3097520093088256e-01,  0.0000000000000000e+00, -4.8034820401881166e-02,  2.5376682751885584e-03,  2.2162169156212169e-01,  0.0000000000000000e+00
 6.9430569430569431e+00,  6.3350597746370568e+02, -2.8365686144811642e-01,  2.7170596355196011e+01, -2.2808908403714263e-02,  9.1051380985491925e-02,  5.0796642468401265e-01,  4.4017046532307813e+03,  1.0420818992252170e+02, -1.5016031817443263e+04,  1.0026684364656958e+01,  2.6461606648039671e+00,  3.6007438090803681e+00,  9.8188540861437416e-03,  1.0119100341929621e-01, -2.1027564473461586e+00,  2.7433066213374402e-01,  3.5324049385203576e-04,  6.6677036735480139e-03, -3.0045071911768167e-01,  0.0000000000000000e+00, -5.1087955769001540e-02,  1.6265875295287333e-01,  5.8893795674407672e+00,  0.0000000000000000e+00
 6.9530469530469530e+00,  6.3350547221422528e+02, -2.8375516100090881e-01,  2.7170708223207793e+01, -2.2833820886508094e-02,  9.1055763668233994e-02,  5.0796051685044241e-01,  4.4080296716348585e+03,  1.0455633231386662e+02, -1.5016057473550236e+04,  1.0026693995931248e+01,  2.6461720566970781e+00,  3.6059045108871963e+00,  9.8198336655603378e-03,  1.0126573054174405e-01, -2.1054640721090041e+00,  2.7433066213374402e-01, -1.4303666698683846e-04,  8.2865709339898560e-03, -2.3381149384165964e-01,  0.0000000000000000e+00, -4.8266731830942232e-02,  1.6143847258758734e-01,  7.4517933328189958e+00,  0.0000000000000000e+00
 6.9630369630369628e+00,  6.3350496693017942e+02, -2.8384848046389149e-01,  2.7170819553175033e+01, -2.2858459399486379e-02,  9.1059052111184730e-02,  5.0793049752146913e-01,  4.4143546538156315e+03,  1.0490504294025622e+02, -1.5016083130194902e+04,  1.0026703368860568e+01,  2.6461835178440065e+00,  3.6110650368924007e+00,  9.8159962106794691e-03,  1.0135656927212318e-01, -2.1074280056646733e+00,  2.7433066213374402e-01, -5.8395407656519865e-04,  9.1573165709881131e-03, -1.4473902116680515e-01,  0.0000000000000000e+00, -4.0004933566646500e-02,  1.2884803939465766e-02,  1.0380515696687080e+01,  0.0000000000000000e+00
 6.9730269730269727e+00,  6.3350446163384458e+02, -2.8393551593702687e-01,  2.7170929722418173e+01, -2.2880015170288887e-02,  9.1058838587928737e-02,  5.0788411053727489e-01,  4.4206795997185991e+03,  1.0525432182588600e+02, -1.5016108787383811e+04,  1.0026712490877120e+01,  2.6461950621612855e+00,  3.6162251829453944e+00,  9.8081662514431511e-03,  1.0144869390979576e-01, -2.1083559606438054e+00,  2.7433066213374402e-01, -9.1668811102010015e-04,  8.4657015810618904e-03, -4.8990483989259419e-02,  0.0000000000000000e+00, -2.6608420131225548e-02, -1.5134612492269717e-01,  8.7883414462577960e+00,  0.0000000000000000e+00
 6.9830169830169826e+00,  6.3350395636028588e+02, -2.8401592110518387e-01,  2.7171038526119993e+01, -2.2895858042351665e-02,  9.1056124877842634e-02,  5.0782986301894117e-01,  4.4270045092897644e+03,  1.0560416898524156e+02, -1.5016134445126421e+04,  1.0026721401870537e+01,  2.6462066793872356e+00,  3.6213848245836560e+00,  9.7976807639058409e-03,  1.0152571415885768e-01, -2.1084068365136095e+00,  2.7433066213374402e-01, -1.1008428867606891e-03,  7.0074874059072832e-03,  3.6769010739942355e-02,  0.0000000000000000e+00, -1.0259365972049664e-02, -1.4058835294318384e-01,  8.3807093985281806e+00,  0.0000000000000000e+00
 6.9930069930069934e+00,  6.3350345113299056e+02, -2.8409038976892775e-01,  2.7171146549181664e+01, -2.2904444513988296e-02,  9.1055216790311200e-02,  5.0777701800201558e-01,  4.4333293824761513e+03,  1.0595458442175543e+02, -1.5016160103429769e+04,  1.0026730166584326e+01,  2.6462183726217736e+00,  3.6265439289524304e+00,  9.7861713885708090e-03,  1.0158870364817553e-01, -2.1076213150745757e+00,  2.7433066213374402e-01, -1.1203414661788186e-03,  6.6434994110102074e-03,  7.1085314616666159e-02,  0.0000000000000000e+00,  6.3557503725402489e-03,  6.7717956364791748e-02, -1.5105853624083003e+00,  0.0000000000000000e+00
 7.0029970029970032e+00,  6.3350294593415799e+02, -2.8416047667619609e-01,  2.7171254760041549e+01, -2.2905724745038655e-02,  9.1059680738180743e-02,  5.0773370805167883e-01,  4.4396542192259421e+03,  1.0630556812713986e+02, -1.5016185762296705e+04,  1.0026738862626557e+01,  2.6462301693554751e+00,  3.6317025595745536e+00,  9.7752963190271425e-03,  1.0165845140982692e-01, -2.1069865505072825e+00,  2.7433066213374402e-01, -9.8744172543492863e-04,  8.7410497090521216e-03,  3.8084856082735950e-02,  0.0000000000000000e+00,  2.0250777724396245e-02,  3.5221161330313933e-01, -5.0961064360851029e+00,  0.0000000000000000e+00
 7.0129870129870131e+00,  6.3350244070958001e+02, -2.8422815816094499e-01,  2.7171364033718046e+01, -2.2900568298535338e-02,  9.1070627449232611e-02,  5.0770550128702840e-01,  4.4459790194880316e+03,  1.0665712008469016e+02, -1.5016211421727807e+04,  1.0026747565730309e+01,  2.6462421083178533e+00,  3.6368608502319977e+00,  9.7664422831675139e-03,  1.0176334999600874e-01, -2.1068603788891065e+00,  2.7433066213374402e-01, -7.3592677148382173e-04,  1.3348782280566834e-02,  3.1215473468322015e-03,  0.0000000000000000e+00,  3.0102516056615933e-02,  5.7025644751411642e-01, -1.9035479728429092e+00,  0.0000000000000000e+00
 7.0229770229770230e+00,  6.3350193539107568e+02, -2.8429570238762514e-01,  2.7171474806813467e+01, -2.2890513203149242e-02,  9.1086446002351620e-02,  5.0769609368219260e-01,  4.4523037832114833e+03,  1.0700924027262676e+02, -1.5016237081724825e+04,  1.0026756341005873e+01,  2.6462542169295462e+00,  3.6420189785982986e+00,  9.7605924874290644e-03,  1.0192516034650158e-01, -2.1069241819289242e+00,  2.7433066213374402e-01, -4.0742255002868758e-04,  1.9180993783824249e-02, -3.0863377268570871e-02,  0.0000000000000000e+00,  3.5664029078702683e-02,  5.9735229543803203e-01, -4.9002339351608653e+00,  0.0000000000000000e+00
 7.0329670329670328e+00,  6.3350142991047551e+02, -2.8436552849312829e-01,  2.7171586825518904e+01, -2.2877165393934359e-02,  9.1102747478664203e-02,  5.0770750877706727e-01,  4.4586285103451737e+03,  1.0736192866641258e+02, -1.5016262742294317e+04,  1.0026765238589709e+01,  2.6462664858489333e+00,  3.6471771463502662e+00,  9.7583019724776301e-03,  1.0214658663504618e-01, -2.1074770297835834e+00,  2.7433066213374402e-01, -4.5157860487957636e-05,  2.4253855003064328e-02, -1.1448181675243660e-01,  0.0000000000000000e+00,  3.6861361767352295e-02,  4.1823452065384331e-01, -1.1840177649509249e+01,  0.0000000000000000e+00
 7.0429570429570427e+00,  6.3350092420450778e+02, -2.8443956804518356e-01,  2.7171699561285568e+01, -2.2862485445877913e-02,  9.1116126552198390e-02,  5.0773774412917927e-01,  4.4649532008373872e+03,  1.0771518524238644e+02, -1.5016288403447850e+04,  1.0026774290564010e+01,  2.6462788635226966e+00,  3.6523355493725225e+00,  9.7596902324742600e-03,  1.0240975285405531e-01, -2.1092115309149868e+00,  2.7433066213374402e-01,  3.0437295409309518e-04,  2.7040402789045858e-02, -2.1364173989071517e-01,  0.0000000000000000e+00,  3.3114707311775300e-02,  1.3963234609966577e-01, -8.0116389627743523e+00,  0.0000000000000000e+00
 7.0529470529470526e+00,  6.3350041824280083e+02, -2.8451909729640268e-01,  2.7171812268852801e+01, -2.2848806635414474e-02,  9.1124099260071312e-02,  5.0778236325853432e-01,  4.4712778546356749e+03,  1.0806900998195276e+02, -1.5016314065199231e+04,  1.0026783505169547e+01,  2.6462912772178289e+00,  3.6574943438188563e+00,  9.7643833501817878e-03,  1.0268685442303910e-01, -2.1117455960151661e+00,  2.7433066213374402e-01,  5.9429236073108124e-04,  2.6857607431183830e-02, -2.7917583261062068e-01,  0.0000000000000000e+00,  2.4927157897153246e-02, -1.7622797674338980e-01, -5.1082863997529122e+00,  0.0000000000000000e+00
 7.0629370629370634e+00,  6.3349991202911144e+02, -2.8460471278115712e-01,  2.7171924175022642e+01, -2.2838241752225340e-02,  9.1125833395069453e-02,  5.0783557393156920e-01,  4.4776024716869997e+03,  1.0842340287294644e+02, -1.5016339727563303e+04,  1.0026792865262665e+01,  2.6463036451093069e+00,  3.6626536330240609e+00,  9.7715642057156406e-03,  1.0294636838714591e-01, -2.1147894696284859e+00,  2.7433066213374402e-01,  7.9088986087520676e-04,  2.3913857365180261e-02, -2.8623321686546294e-01,  0.0000000000000000e+00,  1.4431661631699396e-02, -4.1311078647050520e-01,  3.6953980719335355e+00,  0.0000000000000000e+00
 7.0729270729270732e+00,  6.3349940558183152e+02, -2.8469635109978081e-01,  2.7172034843196045e+01, -2.2831516509820991e-02,  9.1122894430700513e-02,  5.0789153613254467e-01,  4.4839270519379852e+03,  1.0877836391030007e+02, -1.5016365390553085e+04,  1.0026802335747636e+01,  2.6463159008896651e+00,  3.6678134611207329e+00,  9.7801853454040702e-03,  1.0316465377099476e-01, -2.1174645414070836e+00,  2.7433066213374402e-01,  8.8746698301343178e-04,  1.9307535633678468e-02, -2.8936715891404152e-01,  0.0000000000000000e+00,  4.9030782203651566e-03, -5.0907482417634065e-01, -4.3228132700567583e+00,  0.0000000000000000e+00
 7.0829170829170831e+00,  6.3349889891272790e+02, -2.8479331866812435e-01,  2.7172144098860500e+01, -2.2828426791652801e-02,  9.1117047722431593e-02,  5.0794430135312230e-01,  4.4902515953350967e+03,  1.0913389309499954e+02, -1.5016391054178010e+04,  1.0026811878979215e+01,  2.6463280090317287e+00,  3.6729738214505527e+00,  9.7892958137678569e-03,  1.0333213333487175e-01, -2.1205710312451500e+00,  2.7433066213374402e-01,  8.8773804551320714e-04,  1.4057911220621501e-02, -3.5425413242539122e-01,  0.0000000000000000e+00, -4.8488115079101286e-03, -5.4189998331767641e-01, -8.6675588269155952e+00,  0.0000000000000000e+00
 7.0929070929070930e+00,  6.3349839203577494e+02, -2.8489390207281889e-01,  2.7172251779862830e+01, -2.2830068112979832e-02,  9.1109091000090306e-02,  5.0798596152120667e-01,  4.4965761018243302e+03,  1.0948999043619362e+02, -1.5016416718444472e+04,  1.0026821450497245e+01,  2.6463399569587063e+00,  3.6781346394909513e+00,  9.7979223692904478e-03,  1.0344553111806012e-01, -2.1245425460509475e+00,  2.7433066213374402e-01,  7.8267113408125107e-04,  8.9411704065886170e-03, -4.0942134080866993e-01,  0.0000000000000000e+00, -1.6185584160767735e-02, -4.8247152765171897e-01, -2.3769162914169342e+00,  0.0000000000000000e+00
 7.1028971028971029e+00,  6.3349788497871475e+02, -2.8499580974501565e-01,  2.7172358122000933e+01, -2.2837347625334608e-02,  9.1101718328080769e-02,  5.0801026831758533e-01,  4.5029005713513025e+03,  1.0984665595115565e+02, -1.5016442383354777e+04,  1.0026830991263806e+01,  2.6463517636085956e+00,  3.6832957719169337e+00,  9.8049335986645850e-03,  1.0351077809824015e-01, -2.1287512778147537e+00,  2.7433066213374402e-01,  5.6776978515614179e-04,  5.1529769181550677e-03, -3.7238041649500142e-01,  0.0000000000000000e+00, -2.6837665894039638e-02, -2.7592480873268638e-01,  9.7925093390134599e+00,  0.0000000000000000e+00
 7.1128871128871127e+00,  6.3349737774995504e+02, -2.8509658008824651e-01,  2.7172463883701560e+01, -2.2850000073681667e-02,  9.1098735310893394e-02,  5.0801384605014988e-01,  4.5092250038616630e+03,  1.1020388966200460e+02, -1.5016468048906218e+04,  1.0026840436744330e+01,  2.6463634893948864e+00,  3.6884570326032198e+00,  9.8092664209419190e-03,  1.0354848769984144e-01, -2.1319827142126857e+00,  2.7433066213374402e-01,  2.6437878542793158e-04,  3.9159272768275934e-03, -2.8002566466190365e-01,  0.0000000000000000e+00, -3.3901212251548747e-02,  2.8267470538923180e-02,  8.6969119779729240e+00,  0.0000000000000000e+00
 7.1228771228771226e+00,  6.3349687034185979e+02, -2.8519383632016088e-01,  2.7172569710982586e+01, -2.2866423895525775e-02,  9.1100879696946524e-02,  5.0799579801692440e-01,  4.5155493993011742e+03,  1.1056169159193351e+02, -1.5016493715091867e+04,  1.0026849731990191e+01,  2.6463752265911378e+00,  3.6936182219501101e+00,  9.8102158920797284e-03,  1.0358901840347147e-01, -2.1343461961896169e+00,  2.7433066213374402e-01, -8.4384251782240507e-05,  5.0436352212447910e-03, -1.7592650809909652e-01,  0.0000000000000000e+00, -3.5921147797928522e-02,  1.9749965993340232e-01,  1.2143739165901309e+01,  0.0000000000000000e+00
 7.1328671328671325e+00,  6.3349636276680837e+02, -2.8528537790229619e-01,  2.7172675450283421e+01, -2.2884070599522001e-02,  9.1105176194068049e-02,  5.0795707904858212e-01,  4.5218737576154745e+03,  1.1092006176452605e+02, -1.5016519381908103e+04,  1.0026858842673375e+01,  2.6463870515553518e+00,  3.6987791364177722e+00,  9.8075804219053108e-03,  1.0364925963233385e-01, -2.1354977293595208e+00,  2.7433066213374402e-01, -4.2570646132708545e-04,  7.0595985097381799e-03, -8.2744816115002257e-02,  0.0000000000000000e+00, -3.2411558552951136e-02,  2.0609619042302335e-01,  6.5112355693132642e+00,  0.0000000000000000e+00
 7.1428571428571432e+00,  6.3349585504292759e+02, -2.8536944591279989e-01,  2.7172780780654154e+01, -2.2900445523461786e-02,  9.1109479272904456e-02,  5.0790054504474458e-01,  4.5281980787502771e+03,  1.1127900020156545e+02, -1.5016545049356890e+04,  1.0026867761918131e+01,  2.6463990096340608e+00,  3.7039395884323425e+00,  9.8017102684767893e-03,  1.0373006932274696e-01, -2.1359994392688377e+00,  2.7433066213374402e-01, -7.1596394317257716e-04,  8.7919218480006795e-03, -5.3529552416124823e-02,  0.0000000000000000e+00, -2.5697989312514380e-02,  1.4071494189711778e-01, -6.6233977679819456e-01,  0.0000000000000000e+00
 7.1528471528471531e+00,  6.3349534718284292e+02, -2.8544454447059142e-01,  2.7172885487882073e+01, -2.2914350631510892e-02,  9.1112700846853190e-02,  5.0782881311285566e-01,  4.5345223626514262e+03,  1.1163850692181344e+02, -1.5016570717443657e+04,  1.0026876502643916e+01,  2.6464111253436595e+00,  3.7090994154626924e+00,  9.7932754480157484e-03,  1.0382492240651968e-01, -2.1365672508863165e+00,  2.7433066213374402e-01, -9.3741924719182321e-04,  9.9319855216522725e-03, -4.5898369612197489e-02,  0.0000000000000000e+00, -1.8637362552130533e-02,  8.7525805567843090e-02,  2.1901025741450000e+00,  0.0000000000000000e+00
 7.1628371628371630e+00,  6.3349483918260489e+02, -2.8550956090820312e-01,  2.7172989884581003e+01, -2.2925660534057962e-02,  9.1116591286616325e-02,  5.0774507114097811e-01,  4.5408466092649769e+03,  1.1199858194047410e+02, -1.5016596386173909e+04,  1.0026885084963945e+01,  2.6464234170338123e+00,  3.7142584818321760e+00,  9.7829806131882417e-03,  1.0392851059191084e-01, -2.1369164896107398e+00,  2.7433066213374402e-01, -1.0929976095979338e-03,  1.1402602691819447e-02, -2.8681972911845956e-02,  0.0000000000000000e+00, -1.2509425601573178e-02,  2.0689175189962850e-01,  1.2566200452654168e+00,  0.0000000000000000e+00
 7.1728271728271729e+00,  6.3349433102264459e+02, -2.8556381849698148e-01,  2.7173094938813247e+01, -2.2934729065645528e-02,  9.1124965118884987e-02,  5.0765282327001426e-01,  4.5471708185373827e+03,  1.1235922526712552e+02, -1.5016622055547834e+04,  1.0026893528684798e+01,  2.6464359293450626e+00,  3.7194166920797578e+00,  9.7714373339378678e-03,  1.0405274663612646e-01, -2.1371403172781616e+00,  2.7433066213374402e-01, -1.1904826941527748e-03,  1.4444573368675866e-02,  1.0091523041640699e-02,  0.0000000000000000e+00, -7.0070883263062215e-03,  4.0211077760703379e-01,  6.5058338446227015e+00,  0.0000000000000000e+00
 7.1828171828171827e+00,  6.3349382269432772e+02, -2.8560690938651950e-01,  2.7173201211454518e+01, -2.2941223354708069e-02,  9.1137962401384651e-02,  5.0755508429409690e-01,  4.5534949904154464e+03,  1.1272043690667421e+02, -1.5016647725563036e+04,  1.0026901854131705e+01,  2.6464487207062093e+00,  3.7245739857213520e+00,  9.7591947451732015e-03,  1.0421711345641985e-01, -2.1367148607787390e+00,  2.7433066213374402e-01, -1.2246736547978536e-03,  1.8936404862893004e-02,  1.5268321953411193e-01,  0.0000000000000000e+00,  1.6205800516138046e-04,  4.9715388753524764e-01,  2.2041023793170368e+01,  0.0000000000000000e+00
 7.1928071928071926e+00,  6.3349331419470707e+02, -2.8563912673587244e-01,  2.7173308697155999e+01, -2.2943161529344142e-02,  9.1153144056516630e-02,  5.0745726516337764e-01,  4.5598191248462099e+03,  1.1308221685979858e+02, -1.5016673396220058e+04,  1.0026910093873557e+01,  2.6464618291997799e+00,  3.7297303375880131e+00,  9.7469683298460029e-03,  1.0443109638363680e-01, -2.1340897035012563e+00,  2.7433066213374402e-01, -1.1678485324483972e-03,  2.3575727619931076e-02,  3.1432231471805477e-01,  0.0000000000000000e+00,  1.1214331489199892e-02,  4.3163852842378547e-01,  1.0319123062655361e+01,  0.0000000000000000e+00
 7.2027972027972025e+00,  6.3349280552125924e+02, -2.8566169214789122e-01,  2.7173416939431476e+01, -2.2938673056689500e-02,  9.1167221754884897e-02,  5.0736646400703100e-01,  4.5661432217770398e+03,  1.1344456511998902e+02, -1.5016699067525724e+04,  1.0026918305731950e+01,  2.6464752515116974e+00,  3.7348857834502391e+00,  9.7358611081612458e-03,  1.0468815696530957e-01, -2.1304346946505062e+00,  2.7433066213374402e-01, -1.0013731726008707e-03,  2.6809726093614254e-02,  3.4304917392241518e-01,  0.0000000000000000e+00,  2.2114035552275299e-02,  2.1580796600759386e-01, -4.5680058499423337e+00,  0.0000000000000000e+00
 7.2127872127872124e+00,  6.3349229666495705e+02, -2.8567617032425785e-01,  2.7173525173816206e+01, -2.2928517753651005e-02,  9.1176931076372314e-02,  5.0728725606950387e-01,  4.5724672811554019e+03,  1.1380748167453190e+02, -1.5016724739493053e+04,  1.0026926555433418e+01,  2.6464889405610323e+00,  3.7400404116696886e+00,  9.7269608738499817e-03,  1.0496675524664607e-01, -2.1272355741521571e+00,  2.7433066213374402e-01, -7.4413313855736926e-04,  2.7558874218617999e-02,  3.1475929631713373e-01,  0.0000000000000000e+00,  2.9385419263225063e-02, -6.5828511381591528e-02, -1.0956276466321899e+00,  0.0000000000000000e+00
 7.2227772227772231e+00,  6.3349178762472036e+02, -2.8568460384213235e-01,  2.7173632762464369e+01, -2.2913953561736047e-02,  9.1181340962315560e-02,  5.0722420828178605e-01,  4.5787913029287165e+03,  1.1417096650612947e+02, -1.5016750412138776e+04,  1.0026934898056901e+01,  2.6465028203607299e+00,  3.7451943485143220e+00,  9.7209933131850741e-03,  1.0523878382282444e-01, -2.1241457976211926e+00,  2.7433066213374402e-01, -4.2664093472737812e-04,  2.5874941931094641e-02,  2.9344178232331275e-01,  0.0000000000000000e+00,  3.4176519943537084e-02, -2.7129473258057363e-01, -3.1721386549306279e+00,  0.0000000000000000e+00
 7.2327672327672330e+00,  6.3349127840333119e+02, -2.8568955002997110e-01,  2.7173739505647838e+01, -2.2896114512261458e-02,  9.1182396524462778e-02,  5.0718173543574152e-01,  4.5851152870447077e+03,  1.1453501959154923e+02, -1.5016776085479418e+04,  1.0026943380187790e+01,  2.6465168119819173e+00,  3.7503477680884267e+00,  9.7184365794498340e-03,  1.0548373710341122e-01, -2.1213726014783645e+00,  2.7433066213374402e-01, -7.5082678084707156e-05,  2.3004528299909063e-02,  2.5481804443189621e-01,  0.0000000000000000e+00,  3.6205443036327216e-02, -3.0336207638299145e-01, -4.5603336709333844e+00,  0.0000000000000000e+00
 7.2427572427572429e+00,  6.3349076899064687e+02, -2.8569369567760006e-01,  2.7173845638638912e+01, -2.2876605853649618e-02,  9.1183181893572759e-02,  5.0716218153075199e-01,  4.5914392334515142e+03,  1.1489964090274684e+02, -1.5016801759528154e+04,  1.0026952036379553e+01,  2.6465308591240526e+00,  3.7555008831387813e+00,  9.7194931597767882e-03,  1.0569841475788755e-01, -2.1190545280021738e+00,  2.7433066213374402e-01,  2.8086547225523474e-04,  2.0365890452714506e-02,  2.1570593940803856e-01,  0.0000000000000000e+00,  3.5055376661729983e-02, -2.2489322062536526e-01, -3.2699097548430007e+00,  0.0000000000000000e+00
 7.2527472527472527e+00,  6.3349025936620410e+02, -2.8569947261005130e-01,  2.7173951365294165e+01, -2.2857071261958961e-02,  9.1184656754210822e-02,  5.0716486719755505e-01,  4.5977631420974894e+03,  1.1526483041002591e+02, -1.5016827434295288e+04,  1.0026960885374042e+01,  2.6465449265096286e+00,  3.7606539195191702e+00,  9.7240482771971913e-03,  1.0589064800156735e-01, -2.1170627924991829e+00,  2.7433066213374402e-01,  6.1056322214324862e-04,  1.8391783104091768e-02,  2.0826576418899670e-01,  0.0000000000000000e+00,  3.0950112865851157e-02, -1.7032307056891111e-01,  1.7803866759907998e+00,  0.0000000000000000e+00
 7.2627372627372626e+00,  6.3348974952246215e+02, -2.8570879062491383e-01,  2.7174056654672409e+01, -2.2838850997527114e-02,  9.1186152054095082e-02,  5.0718658733320576e-01,  4.6040870129307177e+03,  1.1563058808616853e+02, -1.5016853109790460e+04,  1.0026969929955115e+01,  2.6465589817581399e+00,  3.7658070818967970e+00,  9.7316922251542756e-03,  1.0606588295177549e-01, -2.1148933738725235e+00,  2.7433066213374402e-01,  8.8946763382455611e-04,  1.6907863141756244e-02,  2.2483910821938938e-01,  0.0000000000000000e+00,  2.4886550352747259e-02, -1.2675770589066465e-01,  1.5375967988938559e+00,  0.0000000000000000e+00
 7.2727272727272725e+00,  6.3348923946980244e+02, -2.8572297807642411e-01,  2.7174161572037573e+01, -2.2822934409067248e-02,  9.1188362898845646e-02,  5.0722280333018976e-01,  4.6104108458990422e+03,  1.1599691390848790e+02, -1.5016878786022566e+04,  1.0026979160168072e+01,  2.6465729997578951e+00,  3.7709605370547479e+00,  9.7418198582925868e-03,  1.0622846744495908e-01, -2.1125705026246697e+00,  2.7433066213374402e-01,  1.0992399763241260e-03,  1.6045349860704251e-02,  1.7611066612356308e-01,  0.0000000000000000e+00,  1.7109872615667134e-02, -4.5917452975946418e-02, -1.1293030906478396e+01,  0.0000000000000000e+00
 7.2827172827172824e+00,  6.3348872921142049e+02, -2.8574247063387087e-01,  2.7174266252253279e+01, -2.2810553715591611e-02,  9.1192052652816782e-02,  5.0726663275241080e-01,  4.6167346409501397e+03,  1.1636380786078934e+02, -1.5016904462998889e+04,  1.0026988553407909e+01,  2.6465869747993573e+00,  3.7761143992061665e+00,  9.7536550618440680e-03,  1.0638646936257877e-01, -2.1113746792446801e+00,  2.7433066213374402e-01,  1.2151066241254534e-03,  1.5988263736671195e-02,  4.2049125199835322e-02,  0.0000000000000000e+00,  6.0866302741691509e-03,  3.4488810944668088e-02, -1.5546089586450456e+01,  0.0000000000000000e+00
 7.2927072927072931e+00,  6.3348821874086229e+02, -2.8576641454530199e-01,  2.7174370761692654e+01, -2.2803745814664194e-02,  9.1197186755708870e-02,  5.0730840042466807e-01,  4.6230583980311822e+03,  1.1673126993730509e+02, -1.5016930140725455e+04,  1.0026998065777425e+01,  2.6466009192267559e+00,  3.7812686985533484e+00,  9.7660977129204688e-03,  1.0654791327386361e-01, -2.1117303602630346e+00,  2.7433066213374402e-01,  1.2062894914719995e-03,  1.6598038353531436e-02, -9.8790894034569129e-02,  0.0000000000000000e+00, -7.8518202313905688e-03,  8.7588067350747631e-02, -1.2650082264276389e+01,  0.0000000000000000e+00
 7.3026973026973030e+00,  6.3348770804566584e+02, -2.8579312696965209e-01,  2.7174475119010953e+01, -2.2804045085414025e-02,  9.1203308892069984e-02,  5.0733983491908563e-01,  4.6293821170887022e+03,  1.1709930014353752e+02, -1.5016955819207478e+04,  1.0027007630868864e+01,  2.6466148584184617e+00,  3.7864233747857625e+00,  9.7777567499853675e-03,  1.0671809850051148e-01, -2.1133485232813349e+00,  2.7433066213374402e-01,  1.0559317155720365e-03,  1.7548498330654680e-02, -1.5626279849808733e-01,  0.0000000000000000e+00, -2.2249806503792414e-02,  1.0269402006917258e-01,  1.1442069906819163e+00,  0.0000000000000000e+00
 7.3126873126873129e+00,  6.3348719711239437e+02, -2.8582049430054485e-01,  2.7174579339592221e+01, -2.2811626158782020e-02,  9.1209783656116913e-02,  5.0735538666863722e-01,  4.6357057980686459e+03,  1.1746789849371856e+02, -1.5016981498449608e+04,  1.0027017168980555e+01,  2.6466288234356816e+00,  3.7915782968214478e+00,  9.7871952496951346e-03,  1.0689853262112943e-01, -2.1148524940991602e+00,  2.7433066213374402e-01,  7.8091791895997984e-04,  1.8581519804344526e-02, -8.5284282024409741e-02,  0.0000000000000000e+00, -3.2807955577941958e-02,  1.0411687896353751e-01,  1.3065692007348503e+01,  0.0000000000000000e+00
 7.3226773226773227e+00,  6.3348668593423088e+02, -2.8584651767894581e-01,  2.7174683604436819e+01, -2.2824447926081560e-02,  9.1216846789520051e-02,  5.0735351595315525e-01,  4.6420294409166663e+03,  1.1783706500613890e+02, -1.5017007178455548e+04,  1.0027026608196094e+01,  2.6466428481589785e+00,  3.7967332982827102e+00,  9.7933595056089433e-03,  1.0708935763746141e-01, -2.1150525049401643e+00,  2.7433066213374402e-01,  4.3357477267581980e-04,  1.9722375380534219e-02,  1.6965410137868071e-02,  0.0000000000000000e+00, -3.6730142308147695e-02,  1.2428240738964139e-01,  7.4046963635397516e+00,  0.0000000000000000e+00
 7.3326673326673326e+00,  6.3348617450902702e+02, -2.8586949709176163e-01,  2.7174788159433813e+01, -2.2839891151514372e-02,  9.1224939911378408e-02,  5.0733526150151054e-01,  4.6483530455785267e+03,  1.1820679969858871e+02, -1.5017032859227460e+04,  1.0027035901953477e+01,  2.6466569692736255e+00,  3.8018882133589207e+00,  9.7958580823160300e-03,  1.0729258607528595e-01, -2.1145135248656364e+00,  2.7433066213374402e-01,  7.1102021551993451e-05,  2.1173249340861164e-02,  9.1472818202447417e-02,  0.0000000000000000e+00, -3.5836902466843186e-02,  1.6618255946781665e-01,  7.5116867309892053e+00,  0.0000000000000000e+00
 7.3426573426573425e+00,  6.3348566283609341e+02, -2.8588799329958553e-01,  2.7174893237254256e+01, -2.2856202906253911e-02,  9.1234580979696278e-02,  5.0730265302397559e-01,  4.6546766120001985e+03,  1.1857710258671401e+02, -1.5017058540766582e+04,  1.0027045025073692e+01,  2.6466712251921982e+00,  3.8070428912529457e+00,  9.7947801254201720e-03,  1.0751239958233376e-01, -2.1132248762048507e+00,  2.7433066213374402e-01, -2.6110538959728052e-04,  2.2980443428067657e-02,  1.8844183971648168e-01,  0.0000000000000000e+00, -3.0671021245242236e-02,  1.9561769679092761e-01,  1.1901511376120682e+01,  0.0000000000000000e+00
 7.3526473526473524e+00,  6.3348515091421996e+02, -2.8590135621745888e-01,  2.7174998812236073e+01, -2.2870906871460032e-02,  9.1244838876663903e-02,  5.0726106631843082e-01,  4.6610001401279615e+03,  1.1894797368174510e+02, -1.5017084223075417e+04,  1.0027053974596868e+01,  2.6466856463589434e+00,  3.8121972164688036e+00,  9.7906411914149855e-03,  1.0775173579412846e-01, -2.1107484531430294e+00,  2.7433066213374402e-01, -5.2079874559126369e-04,  2.4592676347363136e-02,  2.2851138510494082e-01,  0.0000000000000000e+00, -2.1319588624753812e-02,  1.2715133365203060e-01, -3.8795883893510723e+00,  0.0000000000000000e+00
 7.3626373626373622e+00,  6.3348463874119136e+02, -2.8590968610719669e-01,  2.7175104443374821e+01, -2.2882523578539603e-02,  9.1253023536365316e-02,  5.0721659001868891e-01,  4.6673236299083528e+03,  1.1931941298787302e+02, -1.5017109906160664e+04,  1.0027062772969222e+01,  2.6467002331554315e+00,  3.8173511312123507e+00,  9.7843745560776893e-03,  1.0800376174711623e-01, -2.1086592141647920e+00,  2.7433066213374402e-01, -6.8874296397712718e-04,  2.5030043389582490e-02,  1.8374666149894658e-01,  0.0000000000000000e+00, -1.2302843896101473e-02, -3.9590451799488800e-02, -5.0823092765669884e+00,  0.0000000000000000e+00
 7.3726273726273730e+00,  6.3348412632692452e+02, -2.8591341976952855e-01,  2.7175209639295954e+01, -2.2891376616212718e-02,  9.1257789992637658e-02,  5.0717367050601991e-01,  4.6736470812879143e+03,  1.1969142050377104e+02, -1.5017135590032980e+04,  1.0027071448228339e+01,  2.6467149541764243e+00,  3.8225046233298303e+00,  9.7768800932336239e-03,  1.0825183656115310e-01, -2.1070771911750183e+00,  2.7433066213374402e-01, -7.6849876157343035e-04,  2.3817133230782356e-02,  2.0967346716635188e-01,  0.0000000000000000e+00, -3.6642667826778941e-03, -2.0323416199228983e-01,  1.0272855771181359e+01,  0.0000000000000000e+00
 7.3826173826173829e+00,  6.3348361370396196e+02, -2.8591373436947365e-01,  2.7175313976093001e+01, -2.2896350866205444e-02,  9.1258701981989335e-02,  5.0713829420179957e-01,  4.6799704942133085e+03,  1.2006399622238355e+02, -1.5017161274704627e+04,  1.0027080032988126e+01,  2.6467297640566056e+00,  3.8276577287915283e+00,  9.7690199354668310e-03,  1.0847962854493408e-01, -2.1044699341015281e+00,  2.7433066213374402e-01, -7.4710678182445759e-04,  2.1042640539863003e-02,  3.1288907339967864e-01,  0.0000000000000000e+00,  7.9469411284294432e-03, -3.5221927472996534e-01,  1.0390908596728117e+01,  0.0000000000000000e+00
 7.3926073926073927e+00,  6.3348310093768464e+02, -2.8591260908668259e-01,  2.7175417070728059e+01, -2.2895355549477140e-02,  9.1256091428531569e-02,  5.0711708121946419e-01,  4.6862938686316356e+03,  1.2043714012883189e+02, -1.5017186960189352e+04,  1.0027088581771526e+01,  2.6467446034272202e+00,  3.8328105483189168e+00,  9.7619528848055630e-03,  1.0867226893957194e-01, -2.1008256612369629e+00,  2.7433066213374402e-01, -6.0565776016023500e-04,  1.7229259619914918e-02,  3.0715210874614418e-01,  0.0000000000000000e+00,  2.0371153008748248e-02, -4.1121958544364962e-01, -1.1539448920365729e+01,  0.0000000000000000e+00
 7.4025974025974026e+00,  6.3348258809784465e+02, -2.8591207158123333e-01,  2.7175518859627847e+01, -2.2888750855501565e-02,  9.1251948873033811e-02,  5.0711256541321648e-01,  4.6926172044905607e+03,  1.2081085220195749e+02, -1.5017212646500369e+04,  1.0027097163232712e+01,  2.6467594179526897e+00,  3.8379632348662138e+00,  9.7569188813177755e-03,  1.0882386949638093e-01, -2.0983330288318749e+00,  2.7433066213374402e-01, -3.6907681914393766e-04,  1.3408907409945145e-02,  2.0536497251016395e-01,  0.0000000000000000e+00,  2.6992351382715035e-02, -3.5361492699230812e-01, -8.8383357540777521e+00,  0.0000000000000000e+00
 7.4125874125874125e+00,  6.3348207523397105e+02, -2.8591355301719423e-01,  2.7175619540702879e+01, -2.2879319629792446e-02,  9.1248530537473407e-02,  5.0712260001767351e-01,  4.6989405017380423e+03,  1.2118513242059834e+02, -1.5017238333648342e+04,  1.0027105827155953e+01,  2.6467741765983295e+00,  3.8431159425651420e+00,  9.7545787225849050e-03,  1.0894017917753288e-01, -2.0967224649830136e+00,  2.7433066213374402e-01, -9.3482397619494090e-05,  1.0640334491554227e-02,  1.6685474565198488e-01,  0.0000000000000000e+00,  2.8181651806479208e-02, -2.0065337126955998e-01,  1.1285883370702132e+00,  0.0000000000000000e+00
 7.4225774225774224e+00,  6.3348156237803005e+02, -2.8591846552099492e-01,  2.7175719523890280e+01, -2.2868499859336994e-02,  9.1247837174900051e-02,  5.0714629714872272e-01,  4.7052637603221692e+03,  1.2155998076534057e+02, -1.5017264021641127e+04,  1.0027114600976017e+01,  2.6467888741286258e+00,  3.8482688127986924e+00,  9.7550511011455579e-03,  1.0903646359211627e-01, -2.0949992676799871e+00,  2.7433066213374402e-01,  1.7957762351855237e-04,  9.4401205756050686e-03,  1.1943540563793224e-01,  0.0000000000000000e+00,  2.6484964425358325e-02, -3.9629454703464163e-02, -1.0621940207883661e+01,  0.0000000000000000e+00
 7.4325674325674322e+00,  6.3348104953351708e+02, -2.8592773217853545e-01,  2.7175819017506605e+01, -2.2857893134712686e-02,  9.1249113218852609e-02,  5.0718020349244985e-01,  4.7115869801909985e+03,  1.2193539721875948e+02, -1.5017289710485240e+04,  1.0027123498499206e+01,  2.6468035169747544e+00,  3.8534219717313074e+00,  9.7581666870907701e-03,  1.0912879297524726e-01, -2.0943361431920460e+00,  2.7433066213374402e-01,  4.1348053614209733e-04,  9.3522691658667785e-03,  2.1007573513768162e-02,  0.0000000000000000e+00,  2.0342398681875921e-02,  2.2041602473858012e-02, -9.0833117833742154e+00,  0.0000000000000000e+00
 7.4425574425574421e+00,  6.3348053670247600e+02, -2.8594134471547988e-01,  2.7175918012548536e+01, -2.2849687705572171e-02,  9.1251051224817123e-02,  5.0721790997589922e-01,  4.7179101612920194e+03,  1.2231138177012139e+02, -1.5017315400187565e+04,  1.0027132510414905e+01,  2.6468181073277264e+00,  3.8585754909317780e+00,  9.7633124505190263e-03,  1.0922332211690881e-01, -2.0945795359414503e+00,  2.7433066213374402e-01,  5.7100048067123480e-04,  9.8260611479019377e-03, -6.4911801326514168e-02,  0.0000000000000000e+00,  1.1193094212861852e-02,  7.2811552329663007e-02, -8.1177470596503642e+00,  0.0000000000000000e+00
 7.4525474525474529e+00,  6.3348002389434760e+02, -2.8595858949631048e-01,  2.7176016780685714e+01, -2.2844994379284993e-02,  9.1254932453339030e-02,  5.0725294066231752e-01,  4.7242333035721567e+03,  1.2268793441649575e+02, -1.5017341090753389e+04,  1.0027141607869737e+01,  2.6468326586421962e+00,  3.8637293784535340e+00,  9.7695752881031828e-03,  1.0932511787330725e-01, -2.0956330822794889e+00,  2.7433066213374402e-01,  6.3238348990888964e-04,  1.1205814374157869e-02, -1.2635887865682208e-01,  0.0000000000000000e+00,  1.0957842365162381e-03,  2.0341504356676565e-01, -4.1839578218768736e+00,  0.0000000000000000e+00
 7.4625374625374628e+00,  6.3347951109878045e+02, -2.8597805910486646e-01,  2.7176115872361400e+01, -2.2844470600825884e-02,  9.1262682008844132e-02,  5.0727897789019205e-01,  4.7305564069781540e+03,  1.2306505516245907e+02, -1.5017366782184610e+04,  1.0027150750250664e+01,  2.6468472135584742e+00,  3.8688835813611262e+00,  9.7759474852824411e-03,  1.0944721451199689e-01, -2.0971041888616666e+00,  2.7433066213374402e-01,  5.9592068239768491e-04,  1.4059435758608249e-02, -1.2643123846160592e-01,  0.0000000000000000e+00, -8.3956383002652315e-03,  3.6787995760008918e-01,  4.1694713889606456e+00,  0.0000000000000000e+00
 7.4725274725274726e+00,  6.3347899827761512e+02, -2.8599817174347286e-01,  2.7176215808207175e+01, -2.2847825845463309e-02,  9.1274714388406994e-02,  5.0729283118393587e-01,  4.7368794714565811e+03,  1.2344274401838113e+02, -1.5017392474480732e+04,  1.0027159891959684e+01,  2.6468618346126762e+00,  3.8740379996541243e+00,  9.7814817952439955e-03,  1.0960602568067204e-01, -2.0981591809500504e+00,  2.7433066213374402e-01,  4.7761181253347715e-04,  1.8417870543840774e-02, -1.1952130233861590e-01,  0.0000000000000000e+00, -1.5289797446549441e-02,  5.0467868640347247e-01, -2.7861021771380288e+00,  0.0000000000000000e+00
 7.4825174825174825e+00,  6.3347848537625259e+02, -2.8601736699782176e-01,  2.7176317017420430e+01, -2.2854306684365073e-02,  9.1290773379221452e-02,  5.0729332383144865e-01,  4.7432024969539689e+03,  1.2382100099700023e+02, -1.5017418167640879e+04,  1.0027168992524913e+01,  2.6468765870570046e+00,  3.8791925154689584e+00,  9.7854901788395534e-03,  1.0981520393345225e-01, -2.0994922268704301e+00,  2.7433066213374402e-01,  3.0320449940432042e-04,  2.3697323841204567e-02, -1.3100738782783139e-01,  0.0000000000000000e+00, -1.9626546641908136e-02,  5.5226786372877135e-01,  4.8658786219706263e-01,  0.0000000000000000e+00
 7.4925074925074924e+00,  6.3347797231962477e+02, -2.8603407921766100e-01,  2.7176419533590014e+01, -2.2862861406466935e-02,  9.1308332208769327e-02,  5.0728017259795966e-01,  4.7495254834166262e+03,  1.2419982611288910e+02, -1.5017443861665806e+04,  1.0027178018707561e+01,  2.6468915236648782e+00,  3.8843469986446251e+00,  9.7875398272001257e-03,  1.1007949868449231e-01, -2.1007767111763807e+00,  2.7433066213374402e-01,  1.0290133170835169e-04,  2.8754870333469327e-02, -8.9546363493892445e-02,  0.0000000000000000e+00, -2.0474147530825274e-02,  4.6025294402264505e-01,  7.8139092094576093e+00,  0.0000000000000000e+00
 7.5024975024975022e+00,  6.3347745903794305e+02, -2.8604737477112108e-01,  2.7176523158261261e+01, -2.2871842273862662e-02,  9.1325134148095219e-02,  5.0725682339572986e-01,  4.7558484307906183e+03,  1.2457921937957140e+02, -1.5017469556559578e+04,  1.0027186951203133e+01,  2.6469066665251186e+00,  3.8895013284152360e+00,  9.7875461495030569e-03,  1.1038972681723784e-01, -2.1012813650021762e+00,  2.7433066213374402e-01, -8.3575352615165608e-05,  3.2719489765415437e-02,  4.1755031708925957e-04,  0.0000000000000000e+00, -1.6858484670743322e-02,  3.3346386625297569e-01,  1.0196866335501136e+01,  0.0000000000000000e+00
 7.5124875124875121e+00,  6.3347694546708397e+02, -2.8605731952271612e-01,  2.7176627831686847e+01, -2.2879268637151732e-02,  9.1341178168853648e-02,  5.0723013904221215e-01,  4.7621713390222076e+03,  1.2495918080435318e+02, -1.5017495252328377e+04,  1.0027195791314769e+01,  2.6469220163819225e+00,  3.8946554343639717e+00,  9.7858699899850375e-03,  1.1073323474374136e-01, -2.1007683685127025e+00,  2.7433066213374402e-01, -2.1447286812320153e-04,  3.5590884259223549e-02,  5.5683124549974677e-02,  0.0000000000000000e+00, -9.3471979339668516e-03,  2.4138931140770994e-01,  8.6730162592307070e-01,  0.0000000000000000e+00
 7.5224775224775229e+00,  6.3347643153809770e+02, -2.8606491350551233e-01,  2.7176733474857379e+01, -2.2883813159843766e-02,  9.1356265234163528e-02,  5.0720789266450372e-01,  4.7684942080581804e+03,  1.2533971038538266e+02, -1.5017520948979642e+04,  1.0027204561323341e+01,  2.6469375620095881e+00,  3.8998093211215759e+00,  9.7832609773127830e-03,  1.1110083339584373e-01, -2.1001688150611177e+00,  2.7433066213374402e-01, -2.7126880718108030e-04,  3.7248688861063847e-02, -2.9725801522559126e-03,  0.0000000000000000e+00, -2.0233490654201001e-03,  9.0503169880706322e-02, -1.2610173707309249e+01,  0.0000000000000000e+00
 7.5324675324675328e+00,  6.3347591719342745e+02, -2.8607146337721862e-01,  2.7176839540127599e+01, -2.2886733615013203e-02,  9.1367663113142414e-02,  5.0719458485356439e-01,  4.7748170378454843e+03,  1.2572080811342748e+02, -1.5017546646523868e+04,  1.0027213287370643e+01,  2.6469532650840746e+00,  3.9049630538818416e+00,  9.7804500337976032e-03,  1.1147746429141499e-01, -2.1008277607235368e+00,  2.7433066213374402e-01, -2.7307805202735638e-04,  3.6821706551017332e-02, -5.0170043671430638e-02,  0.0000000000000000e+00,  1.6611382471982143e-03, -1.7598502835235927e-01,  3.1612415107715068e+00,  0.0000000000000000e+00
 7.5424575424575426e+00,  6.3347540242058324e+02, -2.8607856530301679e-01,  2.7176945137136304e+01, -2.2888963270542073e-02,  9.1372519355501974e-02,  5.0719377383456443e-01,  4.7811398283308954e+03,  1.2610247397566373e+02, -1.5017572344975704e+04,  1.0027221981755519e+01,  2.6469690519358711e+00,  3.9101167270719688e+00,  9.7778048723771716e-03,  1.1183653182843148e-01, -2.1011712135360714e+00,  2.7433066213374402e-01, -2.3593774045530818e-04,  3.3376736892242707e-02,  1.7372797067469728e-03,  0.0000000000000000e+00,  5.7743521295259212e-03, -5.1369789733432836e-01,  7.2306046295397710e+00,  0.0000000000000000e+00
 7.5524475524475525e+00,  6.3347488725813412e+02, -2.8608826191659353e-01,  2.7177049174867818e+01, -2.2889421529274718e-02,  9.1368746894257183e-02,  5.0720906722477743e-01,  4.7874625794612230e+03,  1.2648470795501991e+02, -1.5017598044353237e+04,  1.0027230661286261e+01,  2.6469848179705284e+00,  3.9152704690982714e+00,  9.7757359930292654e-03,  1.1214433216138986e-01, -2.1007930498402851e+00,  2.7433066213374402e-01, -1.5212917090930364e-04,  2.6593129971973210e-02,  2.2479160048253739e-02,  0.0000000000000000e+00,  1.1004123493584381e-02, -8.4438020810364034e-01, -3.0780801851700685e+00,  0.0000000000000000e+00
 7.5624375624375624e+00,  6.3347437179285828e+02, -2.8610233220692144e-01,  2.7177150680274071e+01, -2.2887842536302262e-02,  9.1356446828838103e-02,  5.0724024921589594e-01,  4.7937852911833297e+03,  1.2686751003223272e+02, -1.5017623744676232e+04,  1.0027239352770652e+01,  2.6470004446869644e+00,  3.9204244254094465e+00,  9.7747653285028598e-03,  1.1236786309660277e-01, -2.1007220794691732e+00,  2.7433066213374402e-01, -2.8366447546941312e-05,  1.7186679901532709e-02, -5.3272068700418208e-02,  0.0000000000000000e+00,  1.3773173723560846e-02, -1.0387910959985698e+00, -1.2087315810314230e+01,  0.0000000000000000e+00
 7.5724275724275723e+00,  6.3347385614362349e+02, -2.8612174241285937e-01,  2.7177249157225461e+01, -2.2885602002398243e-02,  9.1338301599439065e-02,  5.0728270087283756e-01,  4.8001079634441294e+03,  1.2725088019061111e+02, -1.5017649445961968e+04,  1.0027248076630118e+01,  2.6470158344414347e+00,  3.9255787203436592e+00,  9.7751692308405153e-03,  1.1248772236921269e-01, -2.1018574268372965e+00,  2.7433066213374402e-01,  9.8193645195384966e-05,  6.8391118874687818e-03, -1.4604331133567072e-01,  0.0000000000000000e+00,  1.1564156843453167e-02, -1.0327920204170524e+00, -6.4854869652635365e+00,  0.0000000000000000e+00
 7.5824175824175821e+00,  6.3347334043398291e+02, -2.8614634048154175e-01,  2.7177344733998037e+01, -2.2884733130820106e-02,  9.1318590472930256e-02,  5.0732837438111789e-01,  4.8064305961904865e+03,  1.2763481842064901e+02, -1.5017675148221957e+04,  1.0027256832412940e+01,  2.6470309362914075e+00,  3.9307334190844476e+00,  9.7767272394957746e-03,  1.1250450868875998e-01, -2.1036400277476082e+00,  2.7433066213374402e-01,  1.8548249539474909e-04, -2.3122240240160967e-03, -1.8497578040432397e-01,  0.0000000000000000e+00,  5.9110709664597352e-03, -7.9930542906224156e-01, -1.3087933422809346e+00,  0.0000000000000000e+00
 7.5924075924075920e+00,  6.3347282478648526e+02, -2.8617514486928886e-01,  2.7177438073340173e+01, -2.2886034670370890e-02,  9.1301895796098945e-02,  5.0736953027967668e-01,  4.8127531893692039e+03,  1.2801932472104585e+02, -1.5017700851459649e+04,  1.0027265602498963e+01,  2.6470457621322656e+00,  3.9358885164630038e+00,  9.7788751748044463e-03,  1.1244152408701456e-01, -2.1055532466255946e+00,  2.7433066213374402e-01,  2.1245951893699664e-04, -8.5722267016765594e-03, -1.8553338266546368e-01,  0.0000000000000000e+00, -5.1027085329977768e-04, -4.5394710700543361e-01,  1.1971613695990038e+00,  0.0000000000000000e+00
 7.6023976023976028e+00,  6.3347230931178206e+02, -2.8620647581438652e-01,  2.7177529740041471e+01, -2.2889513065934279e-02,  9.1290044229574388e-02,  5.0739967541734488e-01,  4.8190757429270516e+03,  1.2840439909860254e+02, -1.5017726555673187e+04,  1.0027274362864903e+01,  2.6470603701520470e+00,  3.9410439417091654e+00,  9.7809721849290814e-03,  1.1233323542798722e-01, -2.1073469884402249e+00,  2.7433066213374402e-01,  1.7886840102174838e-04, -1.1447276781770538e-02, -2.0219162826220671e-01,  0.0000000000000000e+00, -6.2146709533327012e-03, -1.2163791902936179e-01, -4.5321421380668498e+00,  0.0000000000000000e+00
 7.6123876123876126e+00,  6.3347179407715953e+02, -2.8623819761379876e-01,  2.7177620282920095e+01, -2.2894820286257472e-02,  9.1283760144061060e-02,  5.0741372632065784e-01,  4.8253982568106785e+03,  1.2879004156709971e+02, -1.5017752260859354e+04,  1.0027283089814624e+01,  2.6470748398127228e+00,  3.9461995710626363e+00,  9.7824489690306552e-03,  1.1221280726819796e-01, -2.1095930393980664e+00,  2.7433066213374402e-01,  9.1322837386148911e-05, -1.1026960338977022e-02, -2.6047857710951716e-01,  0.0000000000000000e+00, -1.1311950886515555e-02,  2.0578527087673737e-01, -7.1369050211626366e+00,  0.0000000000000000e+00
 7.6223776223776225e+00,  6.3347127910540655e+02, -2.8626780704739385e-01,  2.7177710550230454e+01, -2.2901971680043782e-02,  9.1284685655907777e-02,  5.0740765475973060e-01,  4.8317207309665464e+03,  1.2917625214600304e+02, -1.5017777967013051e+04,  1.0027291759443312e+01,  2.6470892704692455e+00,  3.9513552366248703e+00,  9.7827968170446887e-03,  1.1211291654009557e-01, -2.1125513556152402e+00,  2.7433066213374402e-01, -4.6790260667850373e-05, -7.4143616744537250e-03, -3.2199095252035459e-01,  0.0000000000000000e+00, -1.6338291343895424e-02,  5.1745698176083499e-01, -5.1778725360871602e+00,  0.0000000000000000e+00
 7.6323676323676324e+00,  6.3347076435888630e+02, -2.8629283857250781e-01,  2.7177801353274255e+01, -2.2911320501999014e-02,  9.1292341833818486e-02,  5.0738012511783437e-01,  4.8380431653410333e+03,  1.2956303085778470e+02, -1.5017803674127672e+04,  1.0027300344117499e+01,  2.6471037750937105e+00,  3.9565107453641382e+00,  9.7815140986876412e-03,  1.1206466817380328e-01, -2.1160264250628087e+00,  2.7433066213374402e-01, -2.3307861608817408e-04, -1.3821354650033119e-03, -3.4312555065622008e-01,  0.0000000000000000e+00, -2.0956637411253816e-02,  6.9019470537115168e-01,  9.4672598928684870e-01,  0.0000000000000000e+00
 7.6423576423576423e+00,  6.3347024977216427e+02, -2.8631104273679892e-01,  2.7177893174945339e+01, -2.2922835584581649e-02,  9.1304459228196133e-02,  5.0733181533302973e-01,  4.8443655598801070e+03,  1.2995037772537270e+02, -1.5017829382197328e+04,  1.0027308813304913e+01,  2.6471184496776416e+00,  3.9616658982602382e+00,  9.7781399016383316e-03,  1.1208530144588971e-01, -2.1194070109730068e+00,  2.7433066213374402e-01, -4.5524835395192013e-04,  5.8093622969725119e-03, -2.9076398302372841e-01,  0.0000000000000000e+00, -2.3521744109068661e-02,  7.4954314657642507e-01,  9.5360598507381020e+00,  0.0000000000000000e+00
 7.6523476523476521e+00,  6.3346973528717672e+02, -2.8632068180307862e-01,  2.7177986472993183e+01, -2.2935523393739079e-02,  9.1320367599461522e-02,  5.0726595814829167e-01,  4.8506879145296161e+03,  1.3033829276956416e+02, -1.5017855091217763e+04,  1.0027317141702683e+01,  2.6471333685836105e+00,  3.9668205114662838e+00,  9.7724182274798108e-03,  1.1218073934856797e-01, -2.1218358952530929e+00,  2.7433066213374402e-01, -6.8379177442742204e-04,  1.3662911416699603e-02, -1.7626995827923375e-01,  0.0000000000000000e+00, -2.2232648670127340e-02,  8.2273738719295697e-01,  1.3385643903109990e+01,  0.0000000000000000e+00
 7.6623376623376620e+00,  6.3346922082971071e+02, -2.8632073597549490e-01,  2.7178081872851816e+01, -2.2947541965205567e-02,  9.1340945163211715e-02,  5.0718778997528469e-01,  4.8570102292359106e+03,  1.3072677600578302e+02, -1.5017880801184487e+04,  1.0027325319481738e+01,  2.6471486020292736e+00,  3.9719744444425240e+00,  9.7644777283230986e-03,  1.1235828668898061e-01, -2.1229288882613031e+00,  2.7433066213374402e-01, -8.7543434259590891e-04,  2.2051564372690385e-02, -5.5951048650229623e-02,  0.0000000000000000e+00, -1.6134193477204184e-02,  8.5667093459641708e-01,  1.0702201804616918e+01,  0.0000000000000000e+00
 7.6723276723276719e+00,  6.3346870629044065e+02, -2.8631105363853931e-01,  2.7178179517049916e+01, -2.2956607383582461e-02,  9.1364038704421627e-02,  5.0710411485294360e-01,  4.8633325039457741e+03,  1.3111582744214550e+02, -1.5017906512095216e+04,  1.0027333360844262e+01,  2.6471642031056963e+00,  3.9771276157441173e+00,  9.7549270318235490e-03,  1.1262133004532501e-01, -2.1229537983230276e+00,  2.7433066213374402e-01, -9.9196968521781770e-04,  3.0098459827885837e-02, -2.4639851859137786e-02,  0.0000000000000000e+00, -7.1961821157104349e-03,  7.5431753553393199e-01, -4.4337002070400837e+00,  0.0000000000000000e+00
 7.6823176823176826e+00,  6.3346819156073968e+02, -2.8629193392374080e-01,  2.7178279160001324e+01, -2.2962080937030279e-02,  9.1387175326870851e-02,  5.0701986608909899e-01,  4.8696547386060820e+03,  1.3150544707975644e+02, -1.5017932223953081e+04,  1.0027341298687366e+01,  2.6471801859812611e+00,  3.9822800006141530e+00,  9.7446581541928718e-03,  1.1295965451770962e-01, -2.1234211929937534e+00,  2.7433066213374402e-01, -1.0289726691106321e-03,  3.6757347964693717e-02, -5.8504373846798997e-02,  0.0000000000000000e+00, -2.1181525963072958e-04,  5.7879186945496119e-01, -2.3459770948894678e+00,  0.0000000000000000e+00
 7.6923076923076925e+00,  6.3346767653718553e+02, -2.8626372107012954e-01,  2.7178380454666289e+01, -2.2965036177941892e-02,  9.1408681078866891e-02,  5.0693746914799953e-01,  4.8759769331636408e+03,  1.3189563491626660e+02, -1.5017957936765180e+04,  1.0027349162546322e+01,  2.6471965389748777e+00,  3.9874316031058417e+00,  9.7343681373358235e-03,  1.1335574259207216e-01, -2.1241227168814052e+00,  2.7433066213374402e-01, -1.0099646208085284e-03,  4.1312088041008242e-02, -5.7909820606272727e-02,  0.0000000000000000e+00,  4.0172265297210930e-03,  3.3306709382283928e-01,  2.4650066536435573e+00,  0.0000000000000000e+00
 7.7022977022977024e+00,  6.3346716112497768e+02, -2.8622706447334217e-01,  2.7178482736619362e+01, -2.2966318621714818e-02,  9.1425749669652764e-02,  5.0685948453082486e-01,  4.8822990875652094e+03,  1.3228639094685710e+02, -1.5017983650542274e+04,  1.0027356972619382e+01,  2.6472132243365132e+00,  3.9925824484479295e+00,  9.7244790408900043e-03,  1.1378507086218530e-01, -2.1245782323665061e+00,  2.7433066213374402e-01, -9.5566268652471709e-04,  4.2893290487215650e-02, -1.5078999799432211e-02,  0.0000000000000000e+00,  6.8540207138980515e-03, -1.6510364092113136e-02,  6.1097236718860142e+00,  0.0000000000000000e+00
 7.7122877122877123e+00,  6.3346664525607014e+02, -2.8618278381836143e-01,  2.7178585061115051e+01, -2.2965992529432166e-02,  9.1435538267556432e-02,  5.0678769856930728e-01,  4.8886212017572698e+03,  1.3267771516456460e+02, -1.5018009365299027e+04,  1.0027364744762318e+01,  2.6472301697121048e+00,  3.9977325780534287e+00,  9.7152739777649003e-03,  1.1421275139301552e-01, -2.1244239955986766e+00,  2.7433066213374402e-01, -8.7113283553186824e-04,  4.0816825367929396e-02,  7.5965639889597647e-02,  0.0000000000000000e+00,  1.0068855454870495e-02, -3.9919795278899889e-01,  1.2117413193857978e+01,  0.0000000000000000e+00
 7.7222777222777221e+00,  6.3346612890503116e+02, -2.8613197500933885e-01,  2.7178686464892532e+01, -2.2963314437983565e-02,  9.1436752984596276e-02,  5.0672446441427454e-01,  4.8949432756861879e+03,  1.3306960756021070e+02, -1.5018035081052287e+04,  1.0027372498895936e+01,  2.6472472795489184e+00,  4.0028820484848886e+00,  9.7070737894308264e-03,  1.1460059184855750e-01, -2.1230604373637170e+00,  2.7433066213374402e-01, -7.4577667737430874e-04,  3.5152173499613644e-02,  1.8859200240932864e-01,  0.0000000000000000e+00,  1.5027447408273210e-02, -7.3486535124782859e-01,  1.0430384582592430e+01,  0.0000000000000000e+00
 7.7322677322677320e+00,  6.3346561209492722e+02, -2.8607619024497044e-01,  2.7178786112585541e+01, -2.2957270982787843e-02,  9.1429845674549079e-02,  5.0667321775715557e-01,  4.9012653092983992e+03,  1.3346206812073166e+02, -1.5018060797819393e+04,  1.0027380266414646e+01,  2.6472644486661188e+00,  4.0080309455077003e+00,  9.7003733448503288e-03,  1.1491509252187893e-01, -2.1206559236224662e+00,  2.7433066213374402e-01, -5.6725839688679682e-04,  2.6798664863955692e-02,  2.4393776237201908e-01,  0.0000000000000000e+00,  2.0711912345327078e-02, -9.3750707761091268e-01,  6.4983656193832551e-01,  0.0000000000000000e+00
 7.7422577422577419e+00,  6.3346509489091602e+02, -2.8601720182618506e-01,  2.7178883521658573e+01, -2.2947945317190244e-02,  9.1417189307708924e-02,  5.0663643306928097e-01,  4.9075873025407891e+03,  1.3385509682875409e+02, -1.5018086515616164e+04,  1.0027388086502485e+01,  2.6472815818726514e+00,  4.0131793885443594e+00,  9.6957399553271942e-03,  1.1513602970797719e-01, -2.1181865559976427e+00,  2.7433066213374402e-01, -3.4302108568116029e-04,  1.7307627683924822e-02,  2.4261941379041721e-01,  0.0000000000000000e+00,  2.4180397358036679e-02, -9.6259856583105008e-01, -9.1376994797278410e-01,  0.0000000000000000e+00
 7.7522477522477526e+00,  6.3346457737575838e+02, -2.8595683425667734e-01,  2.7178978626882351e+01, -2.2936719726326597e-02,  9.1402045812049915e-02,  5.0661536794275319e-01,  4.9139092553607188e+03,  1.3424869366409740e+02, -1.5018112234455097e+04,  1.0027395991456688e+01,  2.6472986109681362e+00,  4.0183275191027459e+00,  9.6935197767048509e-03,  1.1526089926881050e-01, -2.1158083828873928e+00,  2.7433066213374402e-01, -1.0001175763191956e-04,  8.3218403530371365e-03,  2.0334188407312331e-01,  0.0000000000000000e+00,  2.4470070117419720e-02, -8.3635605781260514e-01, -6.9495915014291967e+00,  0.0000000000000000e+00
 7.7622377622377625e+00,  6.3346405964395854e+02, -2.8589688475496489e-01,  2.7179071608744405e+01, -2.2925287454089293e-02,  9.1387146940288058e-02,  5.0661008471967550e-01,  4.9202311677059570e+03,  1.3464285860461445e+02, -1.5018137954344966e+04,  1.0027403999699622e+01,  2.6473154977526607e+00,  4.0234754928031906e+00,  9.6937417184114714e-03,  1.1530230024450142e-01, -2.1141237810910867e+00,  2.7433066213374402e-01,  1.2775922147386352e-04,  1.1124894456977907e-03,  1.4858758475997019e-01,  0.0000000000000000e+00,  2.1129679899557295e-02, -6.0695599383674825e-01, -4.0122192210653758e+00,  0.0000000000000000e+00
 7.7722277722277724e+00,  6.3346354179584966e+02, -2.8583863849959829e-01,  2.7179162871707028e+01, -2.2915384908303731e-02,  9.1375123519496559e-02,  5.0661777495022575e-01,  4.9265530395245296e+03,  1.3503759162920116e+02, -1.5018163675291569e+04,  1.0027412111142969e+01,  2.6473322338741556e+00,  4.0286234553867972e+00,  9.6960724085025304e-03,  1.1528312683016310e-01, -2.1128395999751057e+00,  2.7433066213374402e-01,  3.1555567030401544e-04, -3.4934558242901708e-03,  1.4566399381308642e-01,  0.0000000000000000e+00,  1.6467169156239560e-02, -3.1515424921485236e-01,  3.4269163134992358e+00,  0.0000000000000000e+00
 7.7822177822177823e+00,  6.3346302391273082e+02, -2.8578305238442775e-01,  2.7179252900690482e+01, -2.2906913281678709e-02,  9.1367554431181774e-02,  5.0663567616428418e-01,  4.9328748707646146e+03,  1.3543289271985853e+02, -1.5018189397298152e+04,  1.0027420316553556e+01,  2.6473488386606809e+00,  4.0337715275867421e+00,  9.7000465270089542e-03,  1.1523250092733278e-01, -2.1112134115843317e+00,  2.7433066213374402e-01,  4.6060066421651076e-04, -5.2036405304272610e-03,  1.4623680105131634e-01,  0.0000000000000000e+00,  1.2570838625042338e-02, -2.7224728953797083e-02, -3.3122403044056070e+00,  0.0000000000000000e+00
 7.7922077922077921e+00,  6.3346250603597048e+02, -2.8573055431777861e-01,  2.7179342203779143e+01, -2.2899944787284039e-02,  9.1364957943838324e-02,  5.0665965701632976e-01,  4.9391966613743971e+03,  1.3582876186234427e+02, -1.5018215120366942e+04,  1.0027428607885586e+01,  2.6473653478370962e+00,  4.0389198005113309e+00,  9.7052752189763867e-03,  1.1517915798839633e-01, -2.1099177857682863e+00,  2.7433066213374402e-01,  5.6036480302084702e-04, -4.3432044718251751e-03,  1.0000231627401474e-01,  0.0000000000000000e+00,  7.4019419635860213e-03,  1.9948402788593667e-01, -5.9439035480102795e+00,  0.0000000000000000e+00
 7.8021978021978020e+00,  6.3346198816766218e+02, -2.8568079631184745e-01,  2.7179431192946808e+01, -2.2895449548294325e-02,  9.1366401639300848e-02,  5.0668385341007771e-01,  4.9455184113016458e+03,  1.3622519904864382e+02, -1.5018240844499498e+04,  1.0027436968911815e+01,  2.6473818044397310e+00,  4.0440683144489098e+00,  9.7112426269694106e-03,  1.1514572361520840e-01, -2.1092153633071287e+00,  2.7433066213374402e-01,  5.9954686951742579e-04, -1.7835194745695927e-03,  7.7728824209145481e-02,  0.0000000000000000e+00,  4.4230774902912195e-04,  3.1296490856463688e-01,  1.4847504366234030e+00,  0.0000000000000000e+00
 7.8121878121878119e+00,  6.3346147029457563e+02, -2.8563297705379054e-01,  2.7179520091285347e+01, -2.2894045150599708e-02,  9.1370074439315718e-02,  5.0670370127355013e-01,  4.9518401204934908e+03,  1.3662220427763265e+02, -1.5018266569697464e+04,  1.0027445371145651e+01,  2.6473982461873042e+00,  4.0492170523212767e+00,  9.7172541774083031e-03,  1.1514352323365967e-01, -2.1083647623075641e+00,  2.7433066213374402e-01,  5.7175896351991491e-04,  1.3191552091485566e-03,  8.2680240275465000e-02,  0.0000000000000000e+00, -6.0054465297308480e-03,  3.0819056311574378e-01, -4.9347694014622440e-01,  0.0000000000000000e+00
 7.8221778221778218e+00,  6.3346095240472505e+02, -2.8558616029222234e-01,  2.7179608865659372e+01, -2.2895426717701856e-02,  9.1373595720078762e-02,  5.0671659158625793e-01,  4.9581617888964665e+03,  1.3701977755251986e+02, -1.5018292295962970e+04,  1.0027453783556169e+01,  2.6474146963487497e+00,  4.0543659601887629e+00,  9.7226663824842938e-03,  1.1517208036264394e-01, -2.1075634104544720e+00,  2.7433066213374402e-01,  4.8694920541215926e-04,  3.8360999207896116e-03,  7.6155949521617694e-02,  0.0000000000000000e+00, -1.0973467043436724e-02,  1.9570176815481799e-01, -8.1268606877327088e-01,  0.0000000000000000e+00
 7.8321678321678325e+00,  6.3346043450599416e+02, -2.8553938437306697e-01,  2.7179697312499734e+01, -2.2899136727433732e-02,  9.1375507219523408e-02,  5.0672147541898804e-01,  4.9644834164566182e+03,  1.3741791887915147e+02, -1.5018318023299345e+04,  1.0027462177698208e+01,  2.6474311586041344e+00,  4.0595149608048517e+00,  9.7269834322616933e-03,  1.1522016858672240e-01, -2.1068431649145247e+00,  2.7433066213374402e-01,  3.6080385857818905e-04,  5.3323409585295896e-03,  4.3631504425087772e-02,  0.0000000000000000e+00, -1.4280831392723289e-02,  1.0384568760071580e-01, -5.6987078395518047e+00,  0.0000000000000000e+00
 7.8421578421578424e+00,  6.3345991662696736e+02, -2.8549185346471073e-01,  2.7179785446474110e+01, -2.2904874832901129e-02,  9.1376876220389355e-02,  5.0671878218726318e-01,  4.9708050031200110e+03,  1.3781662826344498e+02, -1.5018343751709424e+04,  1.0027470529179967e+01,  2.6474476361739354e+00,  4.0646639756221976e+00,  9.7298752507875546e-03,  1.1527862064153564e-01, -2.1066916521243004e+00,  2.7433066213374402e-01,  2.0574773653263568e-04,  6.3880102153789538e-03, -1.8996252216431309e-02,  0.0000000000000000e+00, -1.6761404240798798e-02,  1.0749929762047268e-01, -6.8393690400803431e+00,  0.0000000000000000e+00
 7.8521478521478523e+00,  6.3345939880043227e+02, -2.8544272898709039e-01,  2.7179873488552499e+01, -2.2912736647178661e-02,  9.1379701873976510e-02,  5.0670840294610930e-01,  4.9771265488330300e+03,  1.3821590571079955e+02, -1.5018369481194610e+04,  1.0027478814482265e+01,  2.6474641476238592e+00,  4.0698129309946633e+00,  9.7310942761484592e-03,  1.1534780115845825e-01, -2.1072227104133545e+00,  2.7433066213374402e-01,  3.0969166366109841e-05,  7.9556029206016791e-03, -1.9644301235919543e-04,  0.0000000000000000e+00, -1.8229265506540082e-02,  2.0633276196512068e-01,  1.0603090842735623e+01,  0.0000000000000000e+00
 7.8621378621378621e+00,  6.3345888103941638e+02, -2.8539153152845781e-01,  2.7179961827151551e+01, -2.2921880876678333e-02,  9.1385851072889893e-02,  5.0669268562075775e-01,  4.9834480535425564e+03,  1.3861575122572438e+02, -1.5018395211755140e+04,  1.0027487012265134e+01,  2.6474807298987053e+00,  4.0749617626788233e+00,  9.7304940153503140e-03,  1.1543757374684237e-01, -2.1066955770596123e+00,  2.7433066213374402e-01, -1.3918068634093816e-04,  1.0779690312662205e-02,  6.8573787011677712e-02,  0.0000000000000000e+00, -1.5834735005411327e-02,  3.5904953392540295e-01,  3.1647092080767250e+00,  0.0000000000000000e+00
 7.8721278721278720e+00,  6.3345836332584338e+02, -2.8533837074923080e-01,  2.7180050951970088e+01, -2.2930513104479397e-02,  9.1396432484247558e-02,  5.0667539157567443e-01,  4.9897695171960777e+03,  1.3901616480812424e+02, -1.5018420943391378e+04,  1.0027495118649936e+01,  2.6474974278723926e+00,  4.0801104464128244e+00,  9.7283134432545344e-03,  1.1556317958628366e-01, -2.1058526047787556e+00,  2.7433066213374402e-01, -2.7499829703574419e-04,  1.5140779475715084e-02,  8.7567825818375092e-02,  0.0000000000000000e+00, -1.1355950655689151e-02,  5.1404051651779370e-01,  6.3789736102413619e-01,  0.0000000000000000e+00
 7.8821178821178819e+00,  6.3345784559574781e+02, -2.8528316636711637e-01,  2.7180141400584212e+01, -2.2938019358389176e-02,  9.1411541151226711e-02,  5.0665689872073039e-01,  4.9960909397413843e+03,  1.3941714645544184e+02, -1.5018446676103829e+04,  1.0027503142315929e+01,  2.6475142888518799e+00,  4.0852589781251760e+00,  9.7249995438810685e-03,  1.1574008682328023e-01, -2.1049459701501543e+00,  2.7433066213374402e-01, -3.6604855655524607e-04,  2.0815713932291171e-02,  1.4038501076849938e-01,  0.0000000000000000e+00, -6.8723113001153413e-03,  6.2208136168875228e-01,  9.9361030659908671e+00,  0.0000000000000000e+00
 7.8921078921078918e+00,  6.3345732775669126e+02, -2.8522593574925104e-01,  2.7180233632566601e+01, -2.2943942980971344e-02,  9.1430488953330141e-02,  5.0663816334324385e-01,  5.0024123211261904e+03,  1.3981869616457789e+02, -1.5018472409893287e+04,  1.0027511095965412e+01,  2.6475313552537001e+00,  4.0904073557294272e+00,  9.7209997857809032e-03,  1.1597907796654922e-01, -2.1030477094587057e+00,  2.7433066213374402e-01, -4.0963686320436981e-04,  2.7200599706483284e-02,  2.1590361876562358e-01,  0.0000000000000000e+00, -1.8540676910428165e-03,  6.5617277030470700e-01,  5.1827222550350349e+00,  0.0000000000000000e+00
 7.9020979020979025e+00,  6.3345680970925775e+02, -2.8516700113003102e-01,  2.7180327814630051e+01, -2.2947695914769629e-02,  9.1451388237403966e-02,  5.0662115195650026e-01,  5.0087336612980625e+03,  1.4022081393036399e+02, -1.5018498144761597e+04,  1.0027518998500302e+01,  2.6475486547291398e+00,  4.0955555925681351e+00,  9.7168149911696922e-03,  1.1628355534888431e-01, -2.1006322115334584e+00,  2.7433066213374402e-01, -4.0738302044847515e-04,  3.3080565904682925e-02,  1.8556542548252009e-01,  0.0000000000000000e+00,  2.3052870107729130e-03,  5.2099646257482291e-01, -1.1256428550312156e+01,  0.0000000000000000e+00
 7.9120879120879124e+00,  6.3345629135711386e+02, -2.8510633184487011e-01,  2.7180423355254195e+01, -2.2950005606512211e-02,  9.1469401132958483e-02,  5.0660441578858073e-01,  5.0150549602040992e+03,  1.4062349974751623e+02, -1.5018523880714502e+04,  1.0027526869107669e+01,  2.6475661802618804e+00,  4.1007037016527255e+00,  9.7128602648928215e-03,  1.1664002833427517e-01, -2.0993401085499639e+00,  2.7433066213374402e-01, -3.8122850569199224e-04,  3.6495129645133087e-02,  1.4792459045346318e-01,  0.0000000000000000e+00,  2.9308468434784494e-03,  1.6259919826296626e-01,  3.7207333774942293e+00,  0.0000000000000000e+00
 7.9220779220779223e+00,  6.3345577265468773e+02, -2.8504354376121888e-01,  2.7180519072562745e+01, -2.2951739156448676e-02,  9.1479979724768345e-02,  5.0658593468978430e-01,  5.0213762177903754e+03,  1.4102675361485802e+02, -1.5018549617763465e+04,  1.0027534713372424e+01,  2.6475838780518113e+00,  4.1058516619285292e+00,  9.7091980380090131e-03,  1.1701272876836748e-01, -2.0976766752606619e+00,  2.7433066213374402e-01, -3.4518031288797177e-04,  3.6048774939776679e-02,  2.2098565557885391e-01,  0.0000000000000000e+00,  4.2860013558865305e-03, -2.5195941027531976e-01,  1.0906091860609164e+01,  0.0000000000000000e+00
 7.9320679320679321e+00,  6.3345525362145679e+02, -2.8497901394913439e-01,  2.7180613944466000e+01, -2.2951614455887181e-02,  9.1482585684855733e-02,  5.0656923881740346e-01,  5.0276974340026864e+03,  1.4143057553090148e+02, -1.5018575355923718e+04,  1.0027542541147035e+01,  2.6476016673159646e+00,  4.1109994562183214e+00,  9.7059635553446103e-03,  1.1736028357782714e-01, -2.0949248107362006e+00,  2.7433066213374402e-01, -2.8608160699146120e-04,  3.2097248387961227e-02,  2.2338161969438849e-01,  0.0000000000000000e+00,  7.5455595645950203e-03, -5.3913620539814300e-01, -1.0426419844679135e+01,  0.0000000000000000e+00
 7.9420579420579420e+00,  6.3345473429469803e+02, -2.8491355516973599e-01,  2.7180707422229574e+01, -2.2949859478233466e-02,  9.1479450446091445e-02,  5.0655776367019412e-01,  5.0340186087873426e+03,  1.4183496548926880e+02, -1.5018601095210681e+04,  1.0027550372273573e+01,  2.6476194704726526e+00,  4.1161471096240083e+00,  9.7034821217854075e-03,  1.1765403243246260e-01, -2.0932135060359989e+00,  2.7433066213374402e-01, -2.0846645948436186e-04,  2.6299538570773915e-02,  1.1913413405579870e-01,  0.0000000000000000e+00,  7.9929929663264485e-03, -6.2156530000277044e-01, -1.0443926780166786e+01,  0.0000000000000000e+00
 7.9520479520479519e+00,  6.3345421470075485e+02, -2.8484796967554216e-01,  2.7180799576380050e+01, -2.2948596388664002e-02,  9.1474629292169887e-02,  5.0655288189407766e-01,  5.0403397420912270e+03,  1.4223992348057686e+02, -1.5018626835636525e+04,  1.0027558213554912e+01,  2.6476372375385333e+00,  4.1212946730330344e+00,  9.7017983913189488e-03,  1.1788574888393651e-01, -2.0925445083574634e+00,  2.7433066213374402e-01, -1.4162991338084957e-04,  2.0692327716445000e-02,  3.6313980071728126e-02,  0.0000000000000000e+00,  5.3876835635968696e-03, -5.0099831303389142e-01, -6.1366680474443367e+00,  0.0000000000000000e+00
 7.9620379620379618e+00,  6.3345369484723108e+02, -2.8478319047882295e-01,  2.7180890817177072e+01, -2.2949327952955130e-02,  9.1471165535180740e-02,  5.0655564837121314e-01,  5.0466608338617971e+03,  1.4264544949302035e+02, -1.5018652577208895e+04,  1.0027566054825895e+01,  2.6476549551048629e+00,  4.1264422177339499e+00,  9.7006523532862897e-03,  1.1806746555367029e-01, -2.0924879519886117e+00,  2.7433066213374402e-01, -1.0154712574584357e-04,  1.6452757936377783e-02,  6.6847618625249489e-02,  0.0000000000000000e+00,  2.6368905209314241e-03, -3.4776355693557548e-01,  1.2249502485859383e+01,  0.0000000000000000e+00
 7.9720279720279716e+00,  6.3345317473612806e+02, -2.8472030234128159e-01,  2.7180981261994521e+01, -2.2950968442294495e-02,  9.1468441678831738e-02,  5.0656745815274729e-01,  5.0529818840466642e+03,  1.4305154351344996e+02, -1.5018678319933671e+04,  1.0027573881848003e+01,  2.6476726203005203e+00,  4.1315898255766648e+00,  9.6997694777176333e-03,  1.1821447531623176e-01, -2.0912088916017142e+00,  2.7433066213374402e-01, -6.7466166066809183e-05,  1.3303059283178873e-02,  1.4175685554721601e-01,  0.0000000000000000e+00,  4.1861176068103672e-03, -2.8280611343470974e-01,  2.7473267459195063e+00,  0.0000000000000000e+00
 7.9820179820179824e+00,  6.3345265439445745e+02, -2.8466032589733514e-01,  2.7181070819827845e+01, -2.2951642527959285e-02,  9.1465278825288904e-02,  5.0658816537602291e-01,  5.0593028925933813e+03,  1.4345820552728750e+02, -1.5018704063817719e+04,  1.0027581701020216e+01,  2.6476902165538361e+00,  4.1367375884526076e+00,  9.6993043779402995e-03,  1.1833326094394360e-01, -2.0896556471824734e+00,  2.7433066213374402e-01, -1.3647959842552004e-05,  1.0515495188110190e-02,  1.4082800980336871e-01,  0.0000000000000000e+00,  6.5882872792855660e-03, -2.7526421839802240e-01, -2.9332816638377293e+00,  0.0000000000000000e+00
 7.9920079920079923e+00,  6.3345213386805221e+02, -2.8460364249872461e-01,  2.7181159284944915e+01, -2.2951370684590668e-02,  9.1460720645098581e-02,  5.0661432475544721e-01,  5.0656238594492270e+03,  1.4386543552241002e+02, -1.5018729808868267e+04,  1.0027589526470681e+01,  2.6477077220729885e+00,  4.1418855770394707e+00,  9.6994967912072926e-03,  1.1842457512019001e-01, -2.0883951451520963e+00,  2.7433066213374402e-01,  5.3885425274870071e-05,  7.5605950575515397e-03,  1.0173095343184153e-01,  0.0000000000000000e+00,  6.9318964212220268e-03, -3.1630678773989540e-01, -4.8939490217430945e+00,  0.0000000000000000e+00
 8.0019980019980022e+00,  6.3345161321997307e+02, -2.8455004671047285e-01,  2.7181246322481357e+01, -2.2950922055866126e-02,  9.1453869326172249e-02,  5.0664144749073814e-01,  5.0719447845611485e+03,  1.4427323349183303e+02, -1.5018755555092624e+04,  1.0027597365971999e+01,  2.6477251132463517e+00,  4.1470338199170662e+00,  9.7003810098139232e-03,  1.1848432178425432e-01, -2.0876230607003188e+00,  2.7433066213374402e-01,  1.1057588271796673e-04,  4.1771965086336077e-03,  1.9747473604937400e-02,  0.0000000000000000e+00,  4.4175331588854659e-03, -3.6104960175355172e-01, -1.1519143639604504e+01,  0.0000000000000000e+00
 8.0119880119880111e+00,  6.3345109252464727e+02, -2.8449877898131570e-01,  2.7181331747073589e+01, -2.2951776116441169e-02,  9.1445417697909884e-02,  5.0666465948814554e-01,  5.0782656678757057e+03,  1.4468159943427713e+02, -1.5018781302497469e+04,  1.0027605214699163e+01,  2.6477423728728673e+00,  4.1521823000089366e+00,  9.7017060995533057e-03,  1.1850803558989298e-01, -2.0880005902349148e+00,  2.7433066213374402e-01,  1.2574547126461893e-04,  7.8422043047381368e-04, -5.2751218623337572e-02,  0.0000000000000000e+00, -1.3805815318442848e-03, -3.1822420909404187e-01, -2.9950945444971628e+00,  0.0000000000000000e+00
 8.0219780219780219e+00,  6.3345057184357415e+02, -2.8444848753852631e-01,  2.7181415770380635e+01, -2.2955097862447604e-02,  9.1437747294083271e-02,  5.0667894042707939e-01,  5.0845865093392331e+03,  1.4509053335460135e+02, -1.5018807051086707e+04,  1.0027613049767714e+01,  2.6477595097221469e+00,  4.1573309516342567e+00,  9.7028934068421873e-03,  1.1849999052412392e-01, -2.0886770311023835e+00,  2.7433066213374402e-01,  8.9351402037779077e-05, -1.4014338084493024e-03,  4.5362290186070457e-03,  0.0000000000000000e+00, -5.9055111273664971e-03, -1.1934376953837481e-01,  1.4464041562412119e+01,  0.0000000000000000e+00
 8.0319680319680327e+00,  6.3345005122117516e+02, -2.8439814687767656e-01,  2.7181499254700377e+01, -2.2959151555387903e-02,  9.1435343384287257e-02,  5.0668457606892203e-01,  5.0909073088981604e+03,  1.4550003526057131e+02, -1.5018832800859223e+04,  1.0027620850145276e+01,  2.6477765712161889e+00,  4.1624796879247841e+00,  9.7034913423512635e-03,  1.1848003491439948e-01, -2.0879099562884891e+00,  2.7433066213374402e-01,  3.3084772528977871e-05, -7.8934149406475421e-04,  6.6251382948519233e-02,  0.0000000000000000e+00, -5.3590681002961740e-03,  2.4188465087820896e-01, -2.1086677456462057e+00,  0.0000000000000000e+00
 8.0419580419580416e+00,  6.3344953065845584e+02, -2.8434741191225055e-01,  2.7181583265213689e+01, -2.2962609300577964e-02,  9.1440824718465083e-02,  5.0668500094103086e-01,  5.0972280664996806e+03,  1.4591010515620985e+02, -1.5018858551809777e+04,  1.0027628616190627e+01,  2.6477936412859671e+00,  4.1676284552995391e+00,  9.7035544412583507e-03,  1.1848421946530145e-01, -2.0873533271473681e+00,  2.7433066213374402e-01, -1.5399386308645896e-05,  3.0394178582144825e-03,  4.0225356956041902e-02,  0.0000000000000000e+00, -4.3474604989962168e-03,  5.2463297144810317e-01, -3.1017426580478169e+00,  0.0000000000000000e+00
 8.0519480519480524e+00,  6.3344901010035369e+02, -2.8429624498775125e-01,  2.7181668236773898e+01, -2.2966179333990387e-02,  9.1451516693946869e-02,  5.0668338242446664e-01,  5.1035487820912249e+03,  1.4632074304206455e+02, -1.5018884303934241e+04,  1.0027636349919193e+01,  2.6478107964902970e+00,  4.1727772291330600e+00,  9.7031836623051367e-03,  1.1854076254393424e-01, -2.0871062528528039e+00,  2.7433066213374402e-01, -5.4071943159387915e-05,  8.5281545870415938e-03,  6.0965235494955847e-02,  0.0000000000000000e+00, -3.3947853825224261e-03,  5.7421212166309732e-01,  7.2538663415384370e+00,  0.0000000000000000e+00
 8.0619380619380614e+00,  6.3344848948728441e+02, -2.8424561752016642e-01,  2.7181754029991957e+01, -2.2969594833134866e-02,  9.1463152891763030e-02,  5.0668664837161015e-01,  5.1098694556200144e+03,  1.4673194891349593e+02, -1.5018910057233788e+04,  1.0027644051844813e+01,  2.6478280673634407e+00,  4.1779260265488487e+00,  9.7024740827536676e-03,  1.1865461216434324e-01, -2.0861352405240923e+00,  2.7433066213374402e-01, -7.0015265876181964e-05,  1.3538703204776842e-02,  1.6082299138052861e-01,  0.0000000000000000e+00,  2.0293217462022113e-04,  4.2889971160751095e-01,  1.2737656386753462e+01,  0.0000000000000000e+00
 8.0719280719280722e+00,  6.3344796878921022e+02, -2.8419775639090544e-01,  2.7181840221164485e+01, -2.2971673667524835e-02,  9.1472792681362713e-02,  5.0670439454524774e-01,  5.1161900870334102e+03,  1.4714372275650416e+02, -1.5018935811715864e+04,  1.0027651733868382e+01,  2.6478454306640224e+00,  4.1830749404081491e+00,  9.7017847558940242e-03,  1.1881126610446924e-01, -2.0838930062717744e+00,  2.7433066213374402e-01, -3.5417514641357372e-05,  1.7022845291518256e-02,  2.3258027488337016e-01,  0.0000000000000000e+00,  6.7235376225917420e-03,  2.6862553415812801e-01,  1.6281517705155841e+00,  0.0000000000000000e+00
 8.0819180819180811e+00,  6.3344744800016235e+02, -2.8415568203014097e-01,  2.7181926768207386e+01, -2.2971640997062451e-02,  9.1481633689457525e-02,  5.0674440912301000e-01,  5.1225106762793903e+03,  1.4755606454617700e+02, -1.5018961567391043e+04,  1.0027659422953031e+01,  2.6478628370215369e+00,  4.1882241527028237e+00,  9.7017664401034907e-03,  1.1899472895338456e-01, -2.0814882819849641e+00,  2.7433066213374402e-01,  6.4301336523687206e-05,  1.9489098637967037e-02,  2.2218891060229701e-01,  0.0000000000000000e+00,  1.3240176380650415e-02,  2.2511838580092358e-01, -3.7085028995864540e+00,  0.0000000000000000e+00
 8.0919080919080919e+00,  6.3344692709112485e+02, -2.8412230861375382e-01,  2.7182013844898258e+01, -2.2969855375709679e-02,  9.1490792913209940e-02,  5.0680911631370940e-01,  5.1288312233066681e+03,  1.4796897425125653e+02, -1.5018987324268972e+04,  1.0027667149782491e+01,  2.6478802453722508e+00,  4.1933738975792032e+00,  9.7030694978825095e-03,  1.1920065868464839e-01, -2.0794536673986017e+00,  2.7433066213374402e-01,  2.1939059558277762e-04,  2.1432497320442952e-02,  1.5514851248895048e-01,  0.0000000000000000e+00,  1.7808693282980584e-02,  1.6395003043111164e-01, -9.7129848027011896e+00,  0.0000000000000000e+00
 8.1018981018981027e+00,  6.3344640602929417e+02, -2.8410023940814633e-01,  2.7182101271520633e+01, -2.2966906582879563e-02,  9.1498782658545261e-02,  5.0689763883111316e-01,  5.1351517280640046e+03,  1.4838245183959785e+02, -1.5019013082359799e+04,  1.0027674940533652e+01,  2.6478976075673826e+00,  4.1985244161397652e+00,  9.7061498685866634e-03,  1.1942295067806877e-01, -2.0783884116055642e+00,  2.7433066213374402e-01,  4.0184269300873001e-04,  2.2548623913914434e-02,  2.5167632016557567e-02,  0.0000000000000000e+00,  1.8718216621688433e-02,  5.9498513581471048e-02, -1.6309187467873208e+01,  0.0000000000000000e+00
 8.1118881118881117e+00,  6.3344588479867969e+02, -2.8409104480834602e-01,  2.7182188850847716e+01, -2.2964622933496829e-02,  9.1505212801426816e-02,  5.0700373780124852e-01,  5.1414721904998414e+03,  1.4879649728342935e+02, -1.5019038841674099e+04,  1.0027682807912031e+01,  2.6479148699734214e+00,  4.2036759129002448e+00,  9.7110983229176488e-03,  1.1965118064097036e-01, -2.0789508176080611e+00,  2.7433066213374402e-01,  5.6540412335786324e-04,  2.2831907489309536e-02, -1.2191200809956186e-01,  0.0000000000000000e+00,  1.4026781734208422e-02, -2.7851417873706176e-03, -1.3136156483374242e+01,  0.0000000000000000e+00
 8.1218781218781224e+00,  6.3344536337688419e+02, -2.8409490441650909e-01,  2.7182276582412381e+01, -2.2965293736299894e-02,  9.1511130724515707e-02,  5.0711726002828927e-01,  5.1477926105620500e+03,  1.4921111056491426e+02, -1.5019064602220113e+04,  1.0027690738920825e+01,  2.6479319977299958e+00,  4.2088285109932091e+00,  9.7174466542681390e-03,  1.1987913264588713e-01, -2.0808242159631978e+00,  2.7433066213374402e-01,  6.6053757581134402e-04,  2.2701713660359283e-02, -2.2316101531011698e-01,  0.0000000000000000e+00,  5.0189354469786654e-03, -2.3279662768470610e-02, -7.1338947601791283e+00,  0.0000000000000000e+00
 8.1318681318681314e+00,  6.3344484173269609e+02, -2.8411043338040842e-01,  2.7182364345358199e+01, -2.2969909198387890e-02,  9.1516034059853077e-02,  5.0722561348442941e-01,  5.1541129881976485e+03,  1.4962629168009209e+02, -1.5019090364003137e+04,  1.0027698697553094e+01,  2.6479489825420761e+00,  4.2139822206117383e+00,  9.7242958768799133e-03,  1.2010476133348502e-01, -2.0834095791527187e+00,  2.7433066213374402e-01,  6.5395939342348830e-04,  2.1809236399906982e-02, -3.4576791543408386e-01,  0.0000000000000000e+00, -6.3358875610273974e-03, -1.5539428477408190e-01, -1.7412006644639323e+01,  0.0000000000000000e+00
 8.1418581418581422e+00,  6.3344431985450558e+02, -2.8413429969791770e-01,  2.7182451390748085e+01, -2.2979601032091505e-02,  9.1516274903464867e-02,  5.0731288727429547e-01,  5.1604333233521329e+03,  1.5004204064233866e+02, -1.5019116127028225e+04,  1.0027706633243774e+01,  2.6479658173486311e+00,  4.2191369100981335e+00,  9.7305127760148619e-03,  1.2031488162490625e-01, -2.0877326658220206e+00,  2.7433066213374402e-01,  5.1874861145732377e-04,  1.9056282947041613e-02, -4.3902265711813981e-01,  0.0000000000000000e+00, -2.0733310988599069e-02, -3.9574699648957185e-01, -1.2575926405088955e+00,  0.0000000000000000e+00
 8.1518481518481511e+00,  6.3344379778801726e+02, -2.8416150661139489e-01,  2.7182536992529471e+01, -2.2995030328816508e-02,  9.1510854414922668e-02,  5.0736420318684960e-01,  5.1667536159692463e+03,  1.5045835748511146e+02, -1.5019141891300127e+04,  1.0027714475663180e+01,  2.6479824964326233e+00,  4.2242922831168528e+00,  9.7346604845014381e-03,  1.2048550624751182e-01, -2.0921812606136205e+00,  2.7433066213374402e-01,  2.4544323106182866e-04,  1.4421010390553494e-02, -4.4332312016431097e-01,  0.0000000000000000e+00, -3.3982426166579684e-02, -5.3223456931936031e-01,  3.9663993866542363e-01,  0.0000000000000000e+00
 8.1618381618381619e+00,  6.3344327561478201e+02, -2.8418658517256556e-01,  2.7182620997030558e+01, -2.3015511075080878e-02,  9.1502456263327162e-02,  5.0737123893091063e-01,  5.1730738659920798e+03,  1.5087524225539966e+02, -1.5019167656819687e+04,  1.0027722151758899e+01,  2.6479990463115088e+00,  4.2294479331345602e+00,  9.7354167366754379e-03,  1.2060301370064158e-01, -2.0965902706205082e+00,  2.7433066213374402e-01, -1.4665906228892442e-04,  9.1241672298820291e-03, -4.4205744541576919e-01,  0.0000000000000000e+00, -4.4516452962236691e-02, -5.2819343144682274e-01, -1.4325185401520535e-01,  0.0000000000000000e+00
 8.1718281718281727e+00,  6.3344275340680872e+02, -2.8420388893059068e-01,  2.7182703431630198e+01, -2.3040164555997927e-02,  9.1492896067163446e-02,  5.0732982345159316e-01,  5.1793940733637082e+03,  1.5129269500722410e+02, -1.5019193423582907e+04,  1.0027729592865384e+01,  2.6480155286368454e+00,  4.2346033967533074e+00,  9.7317302335066542e-03,  1.2066780729106592e-01, -2.1010135772053449e+00,  2.7433066213374402e-01, -6.2444106643768727e-04,  4.4414577995181281e-03, -4.3888246568693334e-01,  0.0000000000000000e+00, -5.1135504268336213e-02, -4.0928499651210987e-01,  7.7888279573604602e-01,  0.0000000000000000e+00
 8.1818181818181817e+00,  6.3344223123406448e+02, -2.8420829293301547e-01,  2.7182784783571122e+01, -2.3067712502048917e-02,  9.1485944010656836e-02,  5.0724140479758317e-01,  5.1857142380274818e+03,  1.5171071579576576e+02, -1.5019219191582730e+04,  1.0027736741843857e+01,  2.6480320317220589e+00,  4.2397582012035375e+00,  9.7229403916916680e-03,  1.2069175411621637e-01, -2.1053591510538134e+00,  2.7433066213374402e-01, -1.1414717792002514e-03,  1.9992093767131113e-03, -3.4512542243679400e-01,  0.0000000000000000e+00, -5.2374044426730354e-02, -7.9653137733460069e-02,  1.7991277262942063e+01,  0.0000000000000000e+00
 8.1918081918081924e+00,  6.3344170911470030e+02, -2.8419602840137759e-01,  2.7182866153506797e+01, -2.3095481801374513e-02,  9.1486418146934159e-02,  5.0711437577829577e-01,  5.1920343599278394e+03,  1.5212930466976132e+02, -1.5019244960807431e+04,  1.0027743561192377e+01,  2.6480486840350439e+00,  4.2449119276721259e+00,  9.7089236045516045e-03,  1.2070775153435689e-01, -2.1079091900412448e+00,  2.7433066213374402e-01, -1.6231978044023111e-03,  3.2518631956658969e-03, -1.4702659079226549e-01,  0.0000000000000000e+00, -4.4067505818723082e-02,  3.3043443228781066e-01,  2.1668108832293012e+01,  0.0000000000000000e+00
 8.2017982017982014e+00,  6.3344118699957141e+02, -2.8416561134193957e-01,  2.7182948489323149e+01, -2.3118998197948618e-02,  9.1495107091802252e-02,  5.0696458220114227e-01,  5.1983544390104835e+03,  1.5254846166222248e+02, -1.5019270731244997e+04,  1.0027750057659981e+01,  2.6480656216343621e+00,  4.2500642860356237e+00,  9.6905088671281857e-03,  1.2075672640783806e-01, -2.1082967452754371e+00,  2.7433066213374402e-01, -1.9777535722428304e-03,  7.8712248706925940e-03,  2.8916569690535958e-02,  0.0000000000000000e+00, -2.6914558902949762e-02,  5.9436177505254495e-01,  1.3555711896364244e+01,  0.0000000000000000e+00
 8.2117882117882122e+00,  6.3344066480324614e+02, -2.8411759348981053e-01,  2.7183032130874015e+01, -2.3134898097418696e-02,  9.1508672438702324e-02,  5.0680939216566101e-01,  5.2046744752221884e+03,  1.5296818678587255e+02, -1.5019296502889116e+04,  1.0027756286515148e+01,  2.6480829368686800e+00,  4.2552151509304137e+00,  9.6694080486626373e-03,  1.2086501876454056e-01, -2.1073314364010742e+00,  2.7433066213374402e-01, -2.1415452811363376e-03,  1.3849930401830990e-02,  1.3178174802327786e-01,  0.0000000000000000e+00, -5.8765412175307086e-03,  6.0257507228137575e-01,  7.0378968058509255e+00,  0.0000000000000000e+00
 8.2217782217782212e+00,  6.3344014243999266e+02, -2.8405419056939735e-01,  2.7183116807381325e+01, -2.3141802415824957e-02,  9.1522364136224554e-02,  5.0666474019758112e-01,  5.2109944685103355e+03,  1.5338848003389651e+02, -1.5019322275742030e+04,  1.0027762333831644e+01,  2.6481006502157389e+00,  4.2603645548696054e+00,  9.6477207496229647e-03,  1.2103344829398853e-01, -2.1056637433169301e+00,  2.7433066213374402e-01, -2.0952192513355706e-03,  1.8728450070940230e-02,  2.2711999409917200e-01,  0.0000000000000000e+00,  1.5151012383644370e-02,  3.7410456547430565e-01,  1.2048820058543299e+01,  0.0000000000000000e+00
 8.2317682317682319e+00,  6.3343961985139583e+02, -2.8397894090983555e-01,  2.7183201676339941e+01, -2.3139105130064598e-02,  9.1531016817364849e-02,  5.0654418335614615e-01,  5.2173144188227561e+03,  1.5380934138268671e+02, -1.5019348049814571e+04,  1.0027768299968770e+01,  2.6481187081856912e+00,  4.2655126657050975e+00,  9.6275455261584306e-03,  1.2123921357115275e-01, -2.1027935743811108e+00,  2.7433066213374402e-01, -1.8435243808686654e-03,  2.0484538204360098e-02,  3.1332388931239896e-01,  0.0000000000000000e+00,  3.5238300683830617e-02, -2.2535721163643860e-02,  5.2091997631449436e+00,  0.0000000000000000e+00
 8.2417582417582409e+00,  6.3343909704005523e+02, -2.8389612748804433e-01,  2.7183285710056904e+01, -2.3126534922873573e-02,  9.1532048177013339e-02,  5.0645676631235603e-01,  5.2236343261075162e+03,  1.5423077079523651e+02, -1.5019373825124834e+04,  1.0027774296090177e+01,  2.6481369931058971e+00,  4.2706597588059250e+00,  9.6108870956595552e-03,  1.2144272977659312e-01, -2.0994035257482508e+00,  2.7433066213374402e-01, -1.4063724861903665e-03,  1.8742138877830918e-02,  4.1587277900388697e-01,  0.0000000000000000e+00,  5.2279508630765838e-02, -3.2629262400750236e-01,  1.5321087953091197e+01,  0.0000000000000000e+00
 8.2517482517482517e+00,  6.3343857405926894e+02, -2.8381007936558178e-01,  2.7183368578369215e+01, -2.3104593234681951e-02,  9.1528598412983636e-02,  5.0640653812368208e-01,  5.2299541903132504e+03,  1.5465276822710081e+02, -1.5019399601691637e+04,  1.0027780433742219e+01,  2.6481553800551283e+00,  4.2758061692516884e+00,  9.5994461757849970e-03,  1.2161368188040012e-01, -2.0944844279474668e+00,  2.7433066213374402e-01, -8.1625675541563750e-04,  1.5369775448064145e-02,  5.1909327368309732e-01,  0.0000000000000000e+00,  6.5861660670310060e-02, -3.4885453463147764e-01,  5.3436550816952471e+00,  0.0000000000000000e+00
 8.2617382617382624e+00,  6.3343805095347079e+02, -2.8372531738105145e-01,  2.7183450681764800e+01, -2.3074370631276254e-02,  9.1525711001127386e-02,  5.0639603953225198e-01,  5.2362740113897116e+03,  1.5507533362869830e+02, -1.5019425379529133e+04,  1.0027786820473414e+01,  2.6481737837564920e+00,  4.2809522755847587e+00,  9.5945782693775232e-03,  1.2174981819713389e-01, -2.0890320317685678e+00,  2.7433066213374402e-01, -1.2604006819031234e-04,  1.2571708149073097e-02,  4.5112377323958730e-01,  0.0000000000000000e+00,  7.2319720112204472e-02, -2.1131853862674843e-01, -1.8951149070496307e+01,  0.0000000000000000e+00
 8.2717282717282714e+00,  6.3343752772970197e+02, -2.8364539690945606e-01,  2.7183532359765049e+01, -2.3039859019841284e-02,  9.1524777636310964e-02,  5.0642049133734690e-01,  5.2425937892872016e+03,  1.5549846695093464e+02, -1.5019451158647498e+04,  1.0027793538952659e+01,  2.6481921527225865e+00,  4.2860984545005136e+00,  9.5969278927042715e-03,  1.2186486486040157e-01, -2.0854709659446780e+00,  2.7433066213374402e-01,  5.7266989485604402e-04,  1.1131055188940524e-02,  2.8688153683096584e-01,  0.0000000000000000e+00,  6.7562014489677705e-02, -7.7100183991795981e-02, -1.3930146658510097e+01,  0.0000000000000000e+00
 8.2817182817182822e+00,  6.3343700439040606e+02, -2.8357278772772293e-01,  2.7183613813688915e+01, -2.3006000600227689e-02,  9.1525863620781273e-02,  5.0647224685756398e-01,  5.2489135239555808e+03,  1.5592216815320944e+02, -1.5019476939054815e+04,  1.0027800620715015e+01,  2.6482104527502841e+00,  4.2912450141600038e+00,  9.6060202253187028e-03,  1.2197221690220762e-01, -2.0833001329307863e+00,  2.7433066213374402e-01,  1.1817637975686270e-03,  1.0906305285131691e-02,  1.3903783530584035e-01,  0.0000000000000000e+00,  5.4378584833382808e-02,  3.2105253249266823e-02, -1.5668162386820368e+01,  0.0000000000000000e+00
 8.2917082917082912e+00,  6.3343648093066986e+02, -2.8350921284600455e-01,  2.7183695226292084e+01, -2.2976901928848940e-02,  9.1529017551955985e-02,  5.0654381962976924e-01,  5.2552332153441084e+03,  1.5634643720373475e+02, -1.5019502720758155e+04,  1.0027808050258708e+01,  2.6482286622041440e+00,  4.2963921914279526e+00,  9.6205395569913567e-03,  1.2208277305790670e-01, -2.0826929872172886e+00,  2.7433066213374402e-01,  1.6264599969999639e-03,  1.1815886090947586e-02, -1.9894947993237308e-02,  0.0000000000000000e+00,  3.4649594292771896e-02,  1.4999282407507772e-01, -1.6150180829655348e+01,  0.0000000000000000e+00
 8.3016983016983019e+00,  6.3343595733054565e+02, -2.8345518508617101e-01,  2.7183776987566205e+01, -2.2956404650047457e-02,  9.1535284484803789e-02,  5.0662555005974896e-01,  5.2615528634013463e+03,  1.5677127408124997e+02, -1.5019528503762240e+04,  1.0027815767319103e+01,  2.6482467803051906e+00,  4.3015401383082388e+00,  9.6385169285554649e-03,  1.2220829854238639e-01, -2.0836976343891926e+00,  2.7433066213374402e-01,  1.8528435763693991e-03,  1.3967570694064457e-02, -1.8612887563323621e-01,  0.0000000000000000e+00,  1.0672398296989545e-02,  2.8077443346892478e-01, -1.7129851483872823e+01,  0.0000000000000000e+00
 8.3116883116883109e+00,  6.3343543354664632e+02, -2.8340991051452635e-01,  2.7183859486530242e+01, -2.2947245342727185e-02,  9.1544820664732587e-02,  5.0670619935562966e-01,  5.2678724680750483e+03,  1.5719667877691180e+02, -1.5019554288068834e+04,  1.0027823673461709e+01,  2.6482648310458461e+00,  4.3066889061300468e+00,  9.6575594086670685e-03,  1.2236184539944645e-01, -2.0864118458712992e+00,  2.7433066213374402e-01,  1.8349453273518630e-03,  1.7157737312129710e-02, -3.1809771230496237e-01,  0.0000000000000000e+00, -1.4255627750300330e-02,  3.5789692346774649e-01, -9.2903096178070559e+00,  0.0000000000000000e+00
 8.3216783216783217e+00,  6.3343490952425009e+02, -2.8337143089469552e-01,  2.7183942868917814e+01, -2.2950339411206638e-02,  9.1556096799511169e-02,  5.0677506153587448e-01,  5.2741920293119247e+03,  1.5762265129553549e+02, -1.5019580073677869e+04,  1.0027831646266891e+01,  2.6482828517928425e+00,  4.3118384339945388e+00,  9.6751791728581990e-03,  1.2255111047669467e-01, -2.0900532330366444e+00,  2.7433066213374402e-01,  1.5823807046833397e-03,  2.0406215255151405e-02, -3.6021035205224095e-01,  0.0000000000000000e+00, -3.6307809707903989e-02,  2.9244836072551522e-01,  8.5935914039521555e-01,  0.0000000000000000e+00
 8.3316683316683324e+00,  6.3343438521029361e+02, -2.8333718991090023e-01,  2.7184026762655254e+01, -2.2964806976074229e-02,  9.1565557606478609e-02,  5.0682482078592872e-01,  5.2805115470576520e+03,  1.5804919165336599e+02, -1.5019605860589971e+04,  1.0027839558419709e+01,  2.6483008693554444e+00,  4.3169885663421610e+00,  9.6891754067626422e-03,  1.2276956198796099e-01, -2.0936088559023136e+00,  2.7433066213374402e-01,  1.1408279166854212e-03,  2.2199358169612583e-02, -2.9714222763882087e-01,  0.0000000000000000e+00, -5.2091058449302015e-02,  6.6538850749201961e-02,  1.1766879367177886e+01,  0.0000000000000000e+00
 8.3416583416583414e+00,  6.3343386057808027e+02, -2.8330454910189201e-01,  2.7184110425746198e+01, -2.2987960402603924e-02,  9.1569918117226701e-02,  5.0685232875727548e-01,  5.2868310212568858e+03,  1.5847629987357334e+02, -1.5019631648808614e+04,  1.0027847297429334e+01,  2.6483188842326753e+00,  4.3221390895770373e+00,  9.6979729374273380e-03,  1.2299465409646715e-01, -2.0959901406817756e+00,  2.7433066213374402e-01,  5.8914315251809676e-04,  2.1322662236338517e-02, -1.5559209650863501e-01,  0.0000000000000000e+00, -5.8356231336997633e-02, -2.4205337659067239e-01,  1.6571456885085659e+01,  0.0000000000000000e+00
 8.3516483516483522e+00,  6.3343333564294301e+02, -2.8327146893484806e-01,  2.7184192995555815e+01, -2.3015302424939973e-02,  9.1567441677461447e-02,  5.0685986989414733e-01,  5.2931504518538723e+03,  1.5890397598018097e+02, -1.5019657438339756e+04,  1.0027854787383655e+01,  2.6483368721415013e+00,  4.3272897815622482e+00,  9.7009464987210456e-03,  1.2319558920547025e-01, -2.0967175890992893e+00,  2.7433066213374402e-01,  2.3227781242466880e-05,  1.7682314647928490e-02, -3.3136069135532450e-02,  0.0000000000000000e+00, -5.4940025992384796e-02, -4.8674421060902323e-01,  7.9442397950097581e+00,  0.0000000000000000e+00
 8.3616383616383612e+00,  6.3343281045880576e+02, -2.8323668146309255e-01,  2.7184274084191731e+01, -2.3043302433830650e-02,  9.1560475011937897e-02,  5.0685260663670606e-01,  5.2994698387931339e+03,  1.5933221999214987e+02, -1.5019683229189948e+04,  1.0027861997335574e+01,  2.6483548030486119e+00,  4.3324404602980948e+00,  9.6984370289606540e-03,  1.2334794709642576e-01, -2.0966522000051628e+00,  2.7433066213374402e-01, -4.8199286232947734e-04,  1.2742482372124778e-02,  4.7475489543429172e-02,  0.0000000000000000e+00, -4.6205146850719608e-02, -5.0221021100689145e-01,  8.1941942525185461e+00,  0.0000000000000000e+00
 8.3716283716283719e+00,  6.3343228507649599e+02, -2.8319986012415310e-01,  2.7184353943007746e+01, -2.3069942711643986e-02,  9.1553246958149120e-02,  5.0683788394588092e-01,  5.3057891820201685e+03,  1.5976103192006789e+02, -1.5019709021362676e+04,  1.0027868925785157e+01,  2.6483726742285354e+00,  4.3375910109495885e+00,  9.6913162717014757e-03,  1.2345018425786035e-01, -2.0957690278696504e+00,  2.7433066213374402e-01, -8.7980569957427199e-04,  8.3211813917730970e-03,  1.3508230133085597e-01,  0.0000000000000000e+00, -3.3436983165689209e-02, -3.8293424525952552e-01,  9.3446894673245016e+00,  0.0000000000000000e+00
 8.3816183816183809e+00,  6.3343175954987680e+02, -2.8316186891515988e-01,  2.7184432734994100e+01, -2.3092590740889714e-02,  9.1546880583343468e-02,  5.0682514584056781e-01,  5.3121084814814421e+03,  1.6019041176340332e+02, -1.5019734814860109e+04,  1.0027875597755964e+01,  2.6483904959864080e+00,  4.3427414076218680e+00,  9.6808584935046248e-03,  1.2351420446689075e-01, -2.0939532529256253e+00,  2.7433066213374402e-01, -1.1275315462505771e-03,  5.0101821153353153e-03,  2.0377815474136679e-01,  0.0000000000000000e+00, -1.6157731338907622e-02, -2.7992780988332600e-01,  4.4082203854599262e+00,  0.0000000000000000e+00
 8.3916083916083917e+00,  6.3343123395330110e+02, -2.8312438381750571e-01,  2.7184510430460222e+01, -2.3108545132621516e-02,  9.1540984788731738e-02,  5.0682249814351188e-01,  5.3184277371243898e+03,  1.6062035951048486e+02, -1.5019760609686613e+04,  1.0027882071667939e+01,  2.6484082648969980e+00,  4.3478917137708732e+00,  9.6687881688792866e-03,  1.2355028779662829e-01, -2.0916975362664263e+00,  2.7433066213374402e-01, -1.1974216939394516e-03,  2.5503325727063660e-03,  1.7478885929242252e-01,  0.0000000000000000e+00,  2.1657237715730577e-03, -2.1253406855091223e-01, -1.0211877334333709e+01,  0.0000000000000000e+00
 8.4015984015984024e+00,  6.3343070835341348e+02, -2.8308912340576620e-01,  2.7184587051485607e+01, -2.3117210445550259e-02,  9.1535635960974984e-02,  5.0683321238255596e-01,  5.3247469488971083e+03,  1.6105087514238602e+02, -1.5019786405848767e+04,  1.0027888426543678e+01,  2.6484259638589531e+00,  4.3530420515498447e+00,  9.6569339841352034e-03,  1.2356516016264912e-01, -2.0904609680246775e+00,  2.7433066213374402e-01, -1.1086029088659321e-03,  9.2265847035382959e-04,  5.3057515373783108e-02,  0.0000000000000000e+00,  1.5615797000166695e-02, -1.1332628674007694e-01, -1.4158737718179482e+01,  0.0000000000000000e+00
 8.4115884115884114e+00,  6.3343018279632247e+02, -2.8305677044677613e-01,  2.7184662905675484e+01, -2.3120413295956210e-02,  9.1532221168637184e-02,  5.0685283058246522e-01,  5.3310661167479184e+03,  1.6148195864094453e+02, -1.5019812203351847e+04,  1.0027894733656399e+01,  2.6484435862070868e+00,  4.3581925371490531e+00,  9.6466382606102373e-03,  1.2356872253130069e-01, -2.0906374460491679e+00,  2.7433066213374402e-01, -9.2003259868023840e-04,  4.7220980541884183e-04, -3.5508678134200215e-02,  0.0000000000000000e+00,  2.2135979099009623e-02,  2.3146464020091330e-02, -3.5722142221189852e+00,  0.0000000000000000e+00
 8.4215784215784222e+00,  6.3342965730088110e+02, -2.8302701076453690e-01,  2.7184738385689975e+01, -2.3119725421246441e-02,  9.1531435537711495e-02,  5.0687420118459148e-01,  5.3373852406247242e+03,  1.6191360999519310e+02, -1.5019838002198307e+04,  1.0027901042575335e+01,  2.6484611474449085e+00,  4.3633432280065652e+00,  9.6385517144313027e-03,  1.2357459492399615e-01, -2.0911704321232629e+00,  2.7433066213374402e-01, -6.8759642017867295e-04,  1.1501072549895209e-03, -2.7655312862922676e-02,  0.0000000000000000e+00,  2.4397743837004326e-02,  1.1256860538396020e-01,  5.1444579494287668e+00,  0.0000000000000000e+00
 8.4315684315684312e+00,  6.3342913186639544e+02, -2.8299860510772890e-01,  2.7184813583939412e+01, -2.3115467269561391e-02,  9.1531614025294791e-02,  5.0688942344077215e-01,  5.3437043204746797e+03,  1.6234582920336541e+02, -1.5019863802388716e+04,  1.0027907389392416e+01,  2.6484786722447997e+00,  4.3684941053426636e+00,  9.6329000703968774e-03,  1.2359170169723455e-01, -2.0911899997527228e+00,  2.7433066213374402e-01, -4.4474435245100822e-04,  2.1698773331218220e-03, -1.0351003327029882e-03,  0.0000000000000000e+00,  2.4221240122074706e-02,  9.1589364258128858e-02,  1.8490859912127705e-01,  0.0000000000000000e+00
 8.4415584415584419e+00,  6.3342860650810087e+02, -2.8296923121620204e-01,  2.7184888361870961e+01, -2.3108382868660196e-02,  9.1531142535510715e-02,  5.0688929673671990e-01,  5.3500233562438625e+03,  1.6277861627398875e+02, -1.5019889603923519e+04,  1.0027913803342154e+01,  2.6484961806651732e+00,  4.3736450645979534e+00,  9.6296657133833306e-03,  1.2361794911646612e-01, -2.0911911134485917e+00,  2.7433066213374402e-01, -2.2406773548663291e-04,  2.8891284196172419e-03,  1.4213406178715282e-02,  0.0000000000000000e+00,  1.9958218594193746e-02,  5.2404703258255865e-02,  2.8678424044646960e+00,  0.0000000000000000e+00
 8.4515484515484509e+00,  6.3342808128079980e+02, -2.8293591166726406e-01,  2.7184962729361949e+01, -2.3100312529105459e-02,  9.1530756105898545e-02,  5.0686710043408900e-01,  5.3563423478775558e+03,  1.6321197122603812e+02, -1.5019915406801783e+04,  1.0027920295167476e+01,  2.6485137028532821e+00,  4.3787959163929138e+00,  9.6284231925649767e-03,  1.2364942654078334e-01, -2.0909060156132879e+00,  2.7433066213374402e-01, -6.4677907254249271e-05,  3.5134696758652535e-03, -3.2029234083928569e-02,  0.0000000000000000e+00,  1.1951625017929826e-02,  7.2588416242597556e-02, -1.2125618985046101e+01,  0.0000000000000000e+00
 8.4615384615384617e+00,  6.3342755621759773e+02, -2.8289522864235606e-01,  2.7185036815943377e+01, -2.3093268433165715e-02,  9.1531322070339885e-02,  5.0681731344076464e-01,  5.3626612953208942e+03,  1.6364589408529406e+02, -1.5019941211020317e+04,  1.0027926853365344e+01,  2.6485312894024635e+00,  4.3839464183438626e+00,  9.6283734475041249e-03,  1.2368814831078910e-01, -2.0918310581855333e+00,  2.7433066213374402e-01,  2.0563603403446721e-06,  4.5571275087573707e-03, -1.3573504985433923e-01,  0.0000000000000000e+00,  1.4085753545080351e-03,  1.3635188190240677e-01, -8.6362853321903579e+00,  0.0000000000000000e+00
 8.4715284715284707e+00,  6.3342703131710755e+02, -2.8284363925973616e-01,  2.7185110932065509e+01, -2.3088696919350189e-02,  9.1534183960889429e-02,  5.0673728762744441e-01,  5.3689801985188133e+03,  1.6408038488284484e+02, -1.5019967016574206e+04,  1.0027933446465520e+01,  2.6485490085818344e+00,  4.3890962846242934e+00,  9.6284642786856629e-03,  1.2374047803945981e-01, -2.0936180046213666e+00,  2.7433066213374402e-01, -3.9214650096636707e-05,  6.6186561467676021e-03, -2.2510739447029626e-01,  0.0000000000000000e+00, -9.6710316439918027e-03,  2.7636615142724630e-01, -9.2560580599244453e+00,  0.0000000000000000e+00
 8.4815184815184814e+00,  6.3342650655799309e+02, -2.8277807348717288e-01,  2.7185185711633821e+01, -2.3088070119712891e-02,  9.1541827617371826e-02,  5.0662855378755633e-01,  5.3752990574164378e+03,  1.6451544364981604e+02, -1.5019992823456716e+04,  1.0027940029362354e+01,  2.6485669466320698e+00,  4.3942452290928120e+00,  9.6275899380116846e-03,  1.2382038919284240e-01, -2.0963287084247000e+00,  2.7433066213374402e-01, -1.9233807696987884e-04,  1.0623072191941450e-02, -2.8424729210291383e-01,  0.0000000000000000e+00, -2.0984278416031323e-02,  5.2531794081666316e-01, -2.5837494461303301e+00,  0.0000000000000000e+00
 8.4915084915084922e+00,  6.3342598187471128e+02, -2.8269602651991266e-01,  2.7185262100774150e+01, -2.3092710734776721e-02,  9.1556673305752456e-02,  5.0649482807932089e-01,  5.3816178719596219e+03,  1.6495107041372259e+02, -1.5020018631658881e+04,  1.0027946542671577e+01,  2.6485852122247118e+00,  4.3993929963256564e+00,  9.6246213600648858e-03,  1.2395272723410401e-01, -2.0992972711968498e+00,  2.7433066213374402e-01, -4.4749032278105133e-04,  1.7025122394523650e-02, -2.3754038210754816e-01,  0.0000000000000000e+00, -3.0097201195358844e-02,  7.5637250974002557e-01,  1.1934472827208165e+01,  0.0000000000000000e+00
 8.5014985014985012e+00,  6.3342545713794107e+02, -2.8259597072742809e-01,  2.7185340687834003e+01, -2.3101904265691239e-02,  9.1577118954336539e-02,  5.0634305548776992e-01,  5.3879366420947636e+03,  1.6538726519579117e+02, -1.5020044441172344e+04,  1.0027952924519772e+01,  2.6486039103238119e+00,  4.4045393828735691e+00,  9.6186490724216537e-03,  1.2416055147844726e-01, -2.1010747700052703e+00,  2.7433066213374402e-01, -7.6182719448201434e-04,  2.4620063381141297e-02, -9.8974220139286875e-02,  0.0000000000000000e+00, -3.2833040519174683e-02,  7.6413467578084471e-01,  1.5806472798838069e+01,  0.0000000000000000e+00
 8.5114885114885119e+00,  6.3342493220142535e+02, -2.8247753310503310e-01,  2.7185421210879969e+01, -2.3112987111868578e-02,  9.1597790475591148e-02,  5.0618216571280739e-01,  5.3942553677683909e+03,  1.6582402800799858e+02, -1.5020070251994734e+04,  1.0027959134712939e+01,  2.6486230941884887e+00,  4.4096842595167054e+00,  9.6094000374978127e-03,  1.2444463659236857e-01, -2.1012747780927397e+00,  2.7433066213374402e-01, -1.0683390551896976e-03,  3.0891594128859542e-02,  5.8584809938758378e-02,  0.0000000000000000e+00, -2.8530633994504222e-02,  4.9142577991236286e-01,  1.5736845022786957e+01,  0.0000000000000000e+00
 8.5214785214785209e+00,  6.3342440696145889e+02, -2.8234123643713344e-01,  2.7185502758686429e+01, -2.3123183542048158e-02,  9.1613149673364092e-02,  5.0602053746146958e-01,  5.4005740489267728e+03,  1.6626135885253402e+02, -1.5020096064132080e+04,  1.0027965164998653e+01,  2.6486427437301185e+00,  4.4148275741354714e+00,  9.5973036367535281e-03,  1.2477776614635654e-01, -2.0999042443321683e+00,  2.7433066213374402e-01, -1.3024621028663904e-03,  3.3767818467180313e-02,  2.8272267951305052e-01,  0.0000000000000000e+00, -1.8340800150370207e-02,  8.4394332619462595e-02,  2.9135556465986856e+01,  0.0000000000000000e+00
 8.5314685314685317e+00,  6.3342388137927389e+02, -2.8218884053015064e-01,  2.7185584414149009e+01, -2.3129216259539280e-02,  9.1621464078294496e-02,  5.0586888584571221e-01,  5.4068926855163490e+03,  1.6669925772140104e+02, -1.5020121877596648e+04,  1.0027971039425655e+01,  2.6486627845782946e+00,  4.4199693558069688e+00,  9.5833768186593237e-03,  1.2511931828002451e-01, -2.0956259733072642e+00,  2.7433066213374402e-01, -1.4040878758304733e-03,  3.3092111096130042e-02,  4.9062400494449621e-01,  0.0000000000000000e+00, -2.0046795970394401e-03, -2.1967094830372827e-01,  1.2486288885389053e+01,  0.0000000000000000e+00
 8.5414585414585407e+00,  6.3342335545298556e+02, -2.8202355357142678e-01,  2.7185665738483053e+01, -2.3128640317488874e-02,  9.1625029465464011e-02,  5.0573908100006992e-01,  5.4132112774846328e+03,  1.6713772459196196e+02, -1.5020147692402714e+04,  1.0027976820018464e+01,  2.6486831264290447e+00,  4.4251097538191546e+00,  9.5692499329407318e-03,  1.2543894718723825e-01, -2.0901015669106999e+00,  2.7433066213374402e-01, -1.3373065529193877e-03,  3.0273759240998465e-02,  5.6418518140311347e-01,  0.0000000000000000e+00,  1.5374300443838947e-02, -3.4456309309362043e-01,  2.2406586416262968e+00,  0.0000000000000000e+00
 8.5514485514485514e+00,  6.3342282918032106e+02, -2.8184947108166869e-01,  2.7185746579721727e+01, -2.3121279833195119e-02,  9.1626125039243111e-02,  5.0564075069012249e-01,  5.4195298247803839e+03,  1.6757675942843147e+02, -1.5020173508564314e+04,  1.0027982585770099e+01,  2.6487036858755224e+00,  4.4302490259875453e+00,  9.5566574070125830e-03,  1.2572418859452997e-01, -2.0843535421103989e+00,  2.7433066213374402e-01, -1.1085374019997338e-03,  2.6802995212597307e-02,  5.8765782957504797e-01,  0.0000000000000000e+00,  3.0425283570251153e-02, -3.5028386539176043e-01,  2.4585655224050660e+00,  0.0000000000000000e+00
 8.5614385614385622e+00,  6.3342230256061418e+02, -2.8167144160179930e-01,  2.7185827015450364e+01, -2.3107873112364088e-02,  9.1627021181038090e-02,  5.0558174575115178e-01,  5.4258483273534284e+03,  1.6801636218414859e+02, -1.5020199326095266e+04,  1.0027988416205515e+01,  2.6487243841609374e+00,  4.4353875194690335e+00,  9.5471013335001759e-03,  1.2597447156711036e-01, -2.0783601517343744e+00,  2.7433066213374402e-01, -7.3852935442062135e-04,  2.3797081080104383e-02,  7.0051264716452066e-01,  0.0000000000000000e+00,  4.3650327555102342e-02, -2.5150014393374437e-01,  2.0134968958996737e+01,  0.0000000000000000e+00
 8.5714285714285712e+00,  6.3342177557575678e+02, -2.8149536696025890e-01,  2.7185907248845485e+01, -2.3087964133406354e-02,  9.1628927123236878e-02,  5.0557122692181089e-01,  5.4321667851546563e+03,  1.6845653280231599e+02, -1.5020225145008728e+04,  1.0027994391681316e+01,  2.6487451501021750e+00,  4.4405256646896794e+00,  9.5419015757554279e-03,  1.2619965474997660e-01, -2.0703572854237953e+00,  2.7433066213374402e-01, -2.3036127721388260e-04,  2.1597594442133279e-02,  8.8024867266507090e-01,  0.0000000000000000e+00,  5.8084921501687939e-02, -1.8883708098807564e-01,  1.5848183346213824e+01,  0.0000000000000000e+00
 8.5814185814185819e+00,  6.3342124820412425e+02, -2.8132822779183492e-01,  2.7185987160616488e+01, -2.3060406400012355e-02,  9.1630362417249117e-02,  5.0561846694399459e-01,  5.4384851981357224e+03,  1.6889727121447720e+02, -1.5020250965320358e+04,  1.0028000607847693e+01,  2.6487658923636683e+00,  4.4456639873703896e+00,  9.5424987105788197e-03,  1.2640599193558455e-01, -2.0607727656671404e+00,  2.7433066213374402e-01,  4.1406650444710322e-04,  1.9446157974224818e-02,  8.7599747137130501e-01,  0.0000000000000000e+00,  7.0929520386842929e-02, -2.4188049988720367e-01, -1.6699273845225754e+01,  0.0000000000000000e+00
 8.5914085914085909e+00,  6.3342072043818359e+02, -2.8117701407443679e-01,  2.7186066265430732e+01, -2.3027003347596411e-02,  9.1628597477704146e-02,  5.0572670047815416e-01,  5.4448035662485418e+03,  1.6933857734432169e+02, -1.5020276787049374e+04,  1.0028007163862513e+01,  2.6487864870128468e+00,  4.4508030768813054e+00,  9.5501746327873380e-03,  1.2658818937483624e-01, -2.0528548384433498e+00,  2.7433066213374402e-01,  1.1346321656280336e-03,  1.6261112014004125e-02,  6.4100428035266999e-01,  0.0000000000000000e+00,  7.3327724981581036e-02, -3.9576570134898648e-01, -3.0346362996705544e+01,  0.0000000000000000e+00
 8.6013986013986017e+00,  6.3342019230260291e+02, -2.8104734937724324e-01,  2.7186144011672411e+01, -2.2993642929027266e-02,  9.1622627618032276e-02,  5.0588952494974415e-01,  5.4511218894444291e+03,  1.6978045111817448e+02, -1.5020302610216817e+04,  1.0028014116708460e+01,  2.6488067907066535e+00,  4.4559435008025696e+00,  9.5651686839180409e-03,  1.2673088927852169e-01, -2.0479654873384159e+00,  2.7433066213374402e-01,  1.8191227883564917e-03,  1.1988859539616774e-02,  3.7064296732173652e-01,  0.0000000000000000e+00,  6.3707297688657863e-02, -4.5953924402337093e-01, -2.3779971872087955e+01,  0.0000000000000000e+00
 8.6113886113886107e+00,  6.3341966385268233e+02, -2.8094364352263412e-01,  2.7186220452641873e+01, -2.2965060468021527e-02,  9.1615466152982786e-02,  5.0609783796752206e-01,  5.4574401676739553e+03,  1.7022289247224805e+02, -1.5020328434840178e+04,  1.0028021464342336e+01,  2.6488266871450743e+00,  4.4610857476998760e+00,  9.5865207424448099e-03,  1.2682772702797543e-01, -2.0454493845508077e+00,  2.7433066213374402e-01,  2.3663324920373788e-03,  7.7985263555883514e-03,  1.2337585996573043e-01,  0.0000000000000000e+00,  4.5844084988257011e-02, -3.7936545941912919e-01, -2.5722903020585040e+01,  0.0000000000000000e+00
 8.6213786213786214e+00,  6.3341913513953500e+02, -2.8086841535066853e-01,  2.7186295770814510e+01, -2.2945559097624430e-02,  9.1608733004278201e-02,  5.0633719475305738e-01,  5.4637584008870836e+03,  1.7066590135634681e+02, -1.5020354260930953e+04,  1.0028029155476473e+01,  2.6488461076696352e+00,  4.4662301976840810e+00,  9.6124480543883176e-03,  1.2688670399092106e-01, -2.0455004351912485e+00,  2.7433066213374402e-01,  2.7048636013113762e-03,  4.4682563951903556e-03, -1.0779458037415753e-01,  0.0000000000000000e+00,  2.1929843088442296e-02, -2.8735458665242664e-01, -2.0557419135459330e+01,  0.0000000000000000e+00
 8.6313686313686322e+00,  6.3341860622178729e+02, -2.8082205080522593e-01,  2.7186370053244985e+01, -2.2937759286780973e-02,  9.1602757110010730e-02,  5.0659009150631329e-01,  5.4700765890325065e+03,  1.7110947773993774e+02, -1.5020380088496564e+04,  1.0028037095917979e+01,  2.6488650180815894e+00,  4.4713770720125741e+00,  9.6405639712422442e-03,  1.2691700288002719e-01, -2.0476031224204214e+00,  2.7433066213374402e-01,  2.7917359259360549e-03,  2.1180273328442589e-03, -3.3007849162824993e-01,  0.0000000000000000e+00, -4.5380036986334945e-03, -1.8316127162929577e-01, -2.3943819897604911e+01,  0.0000000000000000e+00
 8.6413586413586412e+00,  6.3341807714564129e+02, -2.8080247715059931e-01,  2.7186443470547182e+01, -2.2943379174898578e-02,  9.1597940104822417e-02,  5.0683591942436046e-01,  5.4763947320574543e+03,  1.7155362161529990e+02, -1.5020405917539327e+04,  1.0028045162850571e+01,  2.6488834240359886e+00,  4.4765264063731065e+00,  9.6682269939674589e-03,  1.2692902221934951e-01, -2.0520954100489557e+00,  2.7433066213374402e-01,  2.6079684147627129e-03,  5.7392484281164444e-04, -4.9905342924600360e-01,  0.0000000000000000e+00, -3.2252252038269938e-02, -1.2596804687523722e-01, -9.8849626134697672e+00,  0.0000000000000000e+00
 8.6513486513486519e+00,  6.3341754794344047e+02, -2.8080554110499029e-01,  2.7186515915784245e+01, -2.2963088491276179e-02,  9.1592818886094121e-02,  5.0705555606673447e-01,  5.4827128299073756e+03,  1.7199833299959042e+02, -1.5020431748057810e+04,  1.0028053210095655e+01,  2.6489013621034743e+00,  4.4816780336004181e+00,  9.6926712322764636e-03,  1.2692846990985360e-01, -2.0575742199078539e+00,  2.7433066213374402e-01,  2.1623170460824443e-03, -8.1910890110137974e-04, -5.7584782053741002e-01,  0.0000000000000000e+00, -5.6967151971520906e-02, -1.5291730865615347e-01, -5.4892745230699687e+00,  0.0000000000000000e+00
 8.6613386613386609e+00,  6.3341701865540062e+02, -2.8082589403889469e-01,  2.7186587160970966e+01, -2.2995522332452743e-02,  9.1586221699280934e-02,  5.0723494211323283e-01,  5.4890308825259799e+03,  1.7244361193008183e+02, -1.5020457580048436e+04,  1.0028061088173578e+01,  2.6489188831297001e+00,  4.4868316223477676e+00,  9.7114301317513235e-03,  1.2691265640713970e-01, -2.0636008610087440e+00,  2.7433066213374402e-01,  1.4969358737009749e-03, -2.5411529375133001e-03, -6.4058420022864881e-01,  0.0000000000000000e+00, -7.6242158739250818e-02, -1.9183590743351697e-01, -7.4709486911161980e+00,  0.0000000000000000e+00
 8.6713286713286717e+00,  6.3341648933058798e+02, -2.8085719534930736e-01,  2.7186657116126657e+01, -2.3038884544463113e-02,  9.1578474709812369e-02,  5.0736318557264681e-01,  5.4953488898557835e+03,  1.7288945845905747e+02, -1.5020483413505173e+04,  1.0028068658634975e+01,  2.6489360566407156e+00,  4.4919867185174924e+00,  9.7225800409418174e-03,  1.2687769762338980e-01, -2.0703731050273073e+00,  2.7433066213374402e-01,  6.6970447018244313e-04, -4.5317278993508500e-03, -6.8352373498521812e-01,  0.0000000000000000e+00, -8.9369568245161166e-02, -2.0667719992636516e-01, -1.1255461671490752e+00,  0.0000000000000000e+00
 8.6813186813186807e+00,  6.3341596002440963e+02, -2.8089283288962319e-01,  2.7186725697523855e+01, -2.3090265807130590e-02,  9.1569673543720517e-02,  5.0743481684691927e-01,  5.5016668518385259e+03,  1.7333587264881959e+02, -1.5020509248419470e+04,  1.0028075801193818e+01,  2.6489529709262927e+00,  4.4971427858077515e+00,  9.7248108404462772e-03,  1.2682211239316665e-01, -2.0772576788905663e+00,  2.7433066213374402e-01, -2.4905499839886712e-04, -6.5771601835998309e-03, -7.1735589487845075e-01,  0.0000000000000000e+00, -9.4566077364819270e-02, -2.0281834338028565e-01, -5.6476522434761831e+00,  0.0000000000000000e+00
 8.6913086913086914e+00,  6.3341543081390193e+02, -2.8092616331635528e-01,  2.7186792934982346e+01, -2.3146249576629151e-02,  9.1560684260120664e-02,  5.0744735104881999e-01,  5.5079847684156866e+03,  1.7378285456573164e+02, -1.5020535084781486e+04,  1.0028082427486797e+01,  2.6489697241162000e+00,  4.5022992535634554e+00,  9.7176039170976843e-03,  1.2674628583150968e-01, -2.0847058901397637e+00,  2.7433066213374402e-01, -1.1813553582363048e-03, -8.2661790784221197e-03, -7.2919800630012610e-01,  0.0000000000000000e+00, -9.2080454674637921e-02, -1.3532323936314028e-01,  3.2768615368567584e+00,  0.0000000000000000e+00
 8.7012987012987004e+00,  6.3341490178657557e+02, -2.8095068217255226e-01,  2.7186859086292326e+01, -2.3202388842644087e-02,  9.1553304049331360e-02,  5.0740075434020016e-01,  5.5143026395290026e+03,  1.7423040427734253e+02, -1.5020560922579707e+04,  1.0028088486208961e+01,  2.6489864299980184e+00,  4.5074555393699809e+00,  9.7012073367852125e-03,  1.2665695397002136e-01, -2.0918270696258334e+00,  2.7433066213374402e-01, -2.0451848216784078e-03, -8.8034365465475429e-03, -6.5051684138635846e-01,  0.0000000000000000e+00, -8.0858203906473136e-02,  2.7764294244429322e-02,  1.2475107678879699e+01,  0.0000000000000000e+00
 8.7112887112887112e+00,  6.3341437300357438e+02, -2.8096037074940522e-01,  2.7186924720225960e+01, -2.3253903448280787e-02,  9.1549923284051246e-02,  5.0729801033910926e-01,  5.5206204651208564e+03,  1.7467852184877651e+02, -1.5020586761800740e+04,  1.0028093975140882e+01,  2.6490032216620913e+00,  4.5126110784737028e+00,  9.6767410834977165e-03,  1.2657039299341682e-01, -2.0977032296280025e+00,  2.7433066213374402e-01, -2.7624117065267492e-03, -7.2817941971336864e-03, -4.7122412137280767e-01,  0.0000000000000000e+00, -6.2730618440204500e-02,  2.7686850410804936e-01,  2.3419294867821041e+01,  0.0000000000000000e+00
 8.7212787212787219e+00,  6.3341384448362635e+02, -2.8094997794412901e-01,  2.7186990700644518e+01, -2.3296563672477455e-02,  9.1553023454978913e-02,  5.0714483585095171e-01,  5.5269382451344954e+03,  1.7512720733933884e+02, -1.5020612602429706e+04,  1.0028098938199074e+01,  2.6490202473225253e+00,  4.5177653529886577e+00,  9.6460142956957626e-03,  1.2651146357647222e-01, -2.1012421369859302e+00,  2.7433066213374402e-01, -3.2700207863134104e-03, -3.0415411448697547e-03, -2.4332501659935815e-01,  0.0000000000000000e+00, -3.8892719333025884e-02,  5.7203015695528003e-01,  2.2206105907828309e+01,  0.0000000000000000e+00
 8.7312687312687309e+00,  6.3341331620186156e+02, -2.8091545677092278e-01,  2.7187057928444730e+01, -2.3326461208169509e-02,  9.1563410873150758e-02,  5.0695023472667633e-01,  5.5332559795142306e+03,  1.7557646079887544e+02, -1.5020638444451401e+04,  1.0028103464218502e+01,  2.6490376595427492e+00,  4.5229179224587686e+00,  9.6114060028520947e-03,  1.2650962294057227e-01, -2.1025648683212963e+00,  2.7433066213374402e-01, -3.5273718765964439e-03,  3.6246408632851367e-03, -6.5899855174497798e-02,  0.0000000000000000e+00, -1.2628968941638063e-02,  7.6253948107734482e-01,  1.3314411409429148e+01,  0.0000000000000000e+00
 8.7412587412587417e+00,  6.3341278809490393e+02, -2.8085366364597408e-01,  2.7187126848544089e+01, -2.3341884463397047e-02,  9.1578425478561709e-02,  5.0672262733343043e-01,  5.5395736682051447e+03,  1.7602628226659635e+02, -1.5020664287853562e+04,  1.0028107674508391e+01,  2.6490555836580700e+00,  4.5280684319073536e+00,  9.5755373351244059e-03,  1.2658388397334105e-01, -2.1025588174089971e+00,  2.7433066213374402e-01, -3.5304812734121174e-03,  1.1238555591022685e-02,  1.1969816575799325e-01,  0.0000000000000000e+00,  1.2006467699140220e-02,  7.6176624741573018e-01,  2.3842312381255994e+01,  0.0000000000000000e+00
 8.7512487512487507e+00,  6.3341226009886395e+02, -2.8076292208347325e-01,  2.7187197460592870e+01, -2.3342391495263008e-02,  9.1594686380196855e-02,  5.0647382921126127e-01,  5.5458913111528627e+03,  1.7647667177053205e+02, -1.5020690132629185e+04,  1.0028111702935579e+01,  2.6490740946540670e+00,  4.5332166148582189e+00,  9.5408669164702350e-03,  1.2673416950582747e-01, -2.1001732965778799e+00,  2.7433066213374402e-01, -3.2933147338886021e-03,  1.8080120623089432e-02,  3.8124332007205813e-01,  0.0000000000000000e+00,  3.5474273513468130e-02,  6.0791507200404837e-01,  2.8519027512420404e+01,  0.0000000000000000e+00
 8.7612387612387614e+00,  6.3341173217068388e+02, -2.8064386947741410e-01,  2.7187269394304330e+01, -2.3327506913798066e-02,  9.1609300811200417e-02,  5.0622128023569146e-01,  5.5522089083039746e+03,  1.7692762932141721e+02, -1.5020715978778133e+04,  1.0028115694279593e+01,  2.6490932088079595e+00,  4.5383623446151615e+00,  9.5097368409408183e-03,  1.2694512514463155e-01, -2.0949415682567083e+00,  2.7433066213374402e-01, -2.8295322894426366e-03,  2.3178329856368831e-02,  6.1782374567200415e-01,  0.0000000000000000e+00,  5.7374971864615251e-02,  4.1274641649849914e-01,  1.8844373692689327e+01,  0.0000000000000000e+00
 8.7712287712287704e+00,  6.3341120428513614e+02, -2.8049934617446698e-01,  2.7187342478571036e+01, -2.3298473477641291e-02,  9.1622829901272476e-02,  5.0598391982947555e-01,  5.5585264596065244e+03,  1.7737915490817622e+02, -1.5020741826306268e+04,  1.0028119799334505e+01,  2.6491128945075801e+00,  4.5435056732074210e+00,  9.4843328047930602e-03,  1.2719727299946121e-01, -2.0878291657952226e+00,  2.7433066213374402e-01, -2.1743613142167707e-03,  2.6936719453541931e-02,  6.8877872508051319e-01,  0.0000000000000000e+00,  7.3790257375604601e-02,  3.3968318085556426e-01, -4.6391868151056430e+00,  0.0000000000000000e+00
 8.7812187812187812e+00,  6.3341067637613673e+02, -2.8033387357066036e-01,  2.7187416868197211e+01, -2.3259055375955181e-02,  9.1636945121970612e-02,  5.0577792045850900e-01,  5.5648439650103819e+03,  1.7783124849780830e+02, -1.5020767675221789e+04,  1.0028124152011936e+01,  2.6491331056851024e+00,  4.5486468344353916e+00,  9.4662930584389852e-03,  1.2748332133750950e-01, -2.0811797555677871e+00,  2.7433066213374402e-01, -1.3979601806916287e-03,  3.0033079067254283e-02,  6.3728764213143285e-01,  0.0000000000000000e+00,  8.1645249556091218e-02,  2.8020801381014049e-01, -5.6693279912880117e+00,  0.0000000000000000e+00
 8.7912087912087920e+00,  6.3341014834207567e+02, -2.8015313874571052e-01,  2.7187492376326457e+01, -2.3213743939445815e-02,  9.1650139227194560e-02,  5.0561599611148300e-01,  5.5711614244664270e+03,  1.7828391004053347e+02, -1.5020793525536279e+04,  1.0028128849230233e+01,  2.6491537722965370e+00,  4.5537862000754448e+00,  9.4564015324515669e-03,  1.2779733451928652e-01, -2.0750961459724158e+00,  2.7433066213374402e-01, -5.8055974210481751e-04,  3.1920073287924511e-02,  5.6867546905853805e-01,  0.0000000000000000e+00,  8.1998318249000696e-02,  9.7568229167459719e-02, -8.0668290579160136e+00,  0.0000000000000000e+00
 8.8011988011988009e+00,  6.3340962010314672e+02, -2.7996373902458283e-01,  2.7187568243672253e+01, -2.3166777567097032e-02,  9.1658640616666481e-02,  5.0550781059946925e-01,  5.5774788379258771e+03,  1.7873713947340352e+02, -1.5020819377266876e+04,  1.0028133949946666e+01,  2.6491747781768176e+00,  4.5589242494922448e+00,  9.4546934631921358e-03,  1.2812108503956593e-01, -2.0698176083338504e+00,  2.7433066213374402e-01,  2.0497540187018782e-04,  3.1304629066405007e-02,  4.4027396646535494e-01,  0.0000000000000000e+00,  7.5265817574797195e-02, -2.2078016231566586e-01, -1.7639151761239543e+01,  0.0000000000000000e+00
 8.8111888111888117e+00,  6.3340909163398965e+02, -2.7977223996691331e-01,  2.7187643474970461e+01, -2.3122749115577417e-02,  9.1660138455076132e-02,  5.0545653437645244e-01,  5.5837962053399006e+03,  1.7919093672616563e+02, -1.5020845230436380e+04,  1.0028139472631601e+01,  2.6491959618856988e+00,  4.5640615222039376e+00,  9.4604969450763458e-03,  1.2842280163350039e-01, -2.0662994633257554e+00,  2.7433066213374402e-01,  8.8760874163501785e-04,  2.7818680958706959e-02,  2.9296392845923169e-01,  0.0000000000000000e+00,  6.1397377046123379e-02, -4.7710664884549198e-01, -1.1852317847586681e+01,  0.0000000000000000e+00
 8.8211788211788207e+00,  6.3340856294644561e+02, -2.7958430219345298e-01,  2.7187717597733592e+01, -2.3085709465532674e-02,  9.1656729091164985e-02,  5.0545826912276193e-01,  5.5901135266593865e+03,  1.7964530172942375e+02, -1.5020871085067467e+04,  1.0028145390758910e+01,  2.6492171647496834e+00,  4.5691985516433826e+00,  9.4724279035844437e-03,  1.2867690284093869e-01, -2.0639641831898099e+00,  2.7433066213374402e-01,  1.4122869962125085e-03,  2.2638088240939710e-02,  2.1838399494280855e-01,  0.0000000000000000e+00,  4.3643209520291479e-02, -5.6004801325152342e-01, -3.0785848424014048e+00,  0.0000000000000000e+00
 8.8311688311688314e+00,  6.3340803404582869e+02, -2.7940464135637938e-01,  2.7187790498937748e+01, -2.3057736256184905e-02,  9.1650831504658650e-02,  5.0550624327150651e-01,  5.5964308018351130e+03,  1.8010023441995091e+02, -1.5020896941178509e+04,  1.0028151645315859e+01,  2.6492382647744295e+00,  4.5743358216456667e+00,  9.4887144674781938e-03,  1.2887511108886382e-01, -2.0619361467434816e+00,  2.7433066213374402e-01,  1.7564454386315269e-03,  1.7124824034946390e-02,  1.8678024212160763e-01,  0.0000000000000000e+00,  2.5257310651996791e-02, -5.4370748078835174e-01, -3.2484864724030946e+00,  0.0000000000000000e+00
 8.8411588411588404e+00,  6.3340750493562132e+02, -2.7923674708860791e-01,  2.7187862148838018e+01, -2.3039649787150347e-02,  9.1643671209860028e-02,  5.0559092413982742e-01,  5.6027480308172399e+03,  1.8055573474391690e+02, -1.5020922798783813e+04,  1.0028158160011554e+01,  2.6492591725899133e+00,  4.5794737395844667e+00,  9.5075217185421161e-03,  1.2901905716731124e-01, -2.0602323102203473e+00,  2.7433066213374402e-01,  1.9192160407675006e-03,  1.1944037962593362e-02,  1.0111853945876834e-01,  0.0000000000000000e+00,  7.3293638956255245e-03, -4.9348589089673683e-01, -1.3900986400697528e+01,  0.0000000000000000e+00
 8.8511488511488512e+00,  6.3340697563429126e+02, -2.7908241671741113e-01,  2.7187932529623435e+01, -2.3031889285794471e-02,  9.1635811031746506e-02,  5.0569895566860590e-01,  5.6090652135551154e+03,  1.8101180266073814e+02, -1.5020948657893836e+04,  1.0028164848381929e+01,  2.6492798268601252e+00,  4.5846126040260353e+00,  9.5270604423187029e-03,  1.2911375320599855e-01, -2.0599157963047450e+00,  2.7433066213374402e-01,  1.9071027026789232e-03,  7.4559495872027620e-03,  3.6134749440782390e-02,  0.0000000000000000e+00, -9.7544541809230795e-03, -4.0502940185626690e-01,  8.9123163909707470e-01,  0.0000000000000000e+00
 8.8611388611388620e+00,  6.3340644617756493e+02, -2.7894188518376928e-01,  2.7188001817580314e+01, -2.3033611842478964e-02,  9.1628668505484567e-02,  5.0581694974905533e-01,  5.6153823499970886e+03,  1.8146843814652541e+02, -1.5020974518514513e+04,  1.0028171617347322e+01,  2.6493002012433511e+00,  4.5897525754637769e+00,  9.5456256686455940e-03,  1.2916802718903359e-01, -2.0595103372045473e+00,  2.7433066213374402e-01,  1.7482079617206106e-03,  4.0368285486564459e-03,  9.4827346167215568e-02,  0.0000000000000000e+00, -2.2056272958963681e-02, -2.7947863006077428e-01,  1.0859026225534182e+01,  0.0000000000000000e+00
 8.8711288711288709e+00,  6.3340591658809512e+02, -2.7881478442599372e-01,  2.7188070183749190e+01, -2.3042150339224538e-02,  9.1622696139335089e-02,  5.0593653973868802e-01,  5.6216994400909343e+03,  1.8192564119005118e+02, -1.5021000380648096e+04,  1.0028178387820180e+01,  2.6493202995954683e+00,  4.5948937095097300e+00,  9.5619896723231103e-03,  1.2919440912105662e-01, -2.0580211440336718e+00,  2.7433066213374402e-01,  1.5010935823242461e-03,  1.8684616942417182e-03,  1.9637424740474418e-01,  0.0000000000000000e+00, -2.7416025796189056e-02, -1.5462841419305920e-01,  9.4706634022192819e+00,  0.0000000000000000e+00
 8.8811188811188817e+00,  6.3340538688688264e+02, -2.7870055518750564e-01,  2.7188137914542313e+01, -2.3054178287739462e-02,  9.1619131498460293e-02,  5.0605359997832999e-01,  5.6280164837839311e+03,  1.8238341178735217e+02, -1.5021026244295026e+04,  1.0028185109184122e+01,  2.6493401406673489e+00,  4.6000360022792410e+00,  9.5756175484123119e-03,  1.2920535909101644e-01, -2.0555867758178392e+00,  2.7433066213374402e-01,  1.2302219477707630e-03,  1.5258338949357489e-03,  2.1853344587754275e-01,  0.0000000000000000e+00, -2.6812475441418876e-02,  8.6034328772003343e-02, -5.0343918679649544e+00,  0.0000000000000000e+00
 8.8911088911088907e+00,  6.3340485708027632e+02, -2.7859851482563830e-01,  2.7188205960650318e+01, -2.3067305705046268e-02,  9.1622135032410373e-02,  5.0616581980247233e-01,  5.6343334810235137e+03,  1.8284174993753021e+02, -1.5021052109452161e+04,  1.0028191758975904e+01,  2.6493597757107383e+00,  4.6051794259218406e+00,  9.5865695314194289e-03,  1.2922489531276363e-01, -2.0536548414187359e+00,  2.7433066213374402e-01,  9.7784321138495744e-04,  4.2717712605092467e-03,  1.6602895243495566e-01,  0.0000000000000000e+00, -2.3713747583019994e-02,  4.6370233181581727e-01, -5.4770077192411062e+00,  0.0000000000000000e+00
 8.9010989010989015e+00,  6.3340432711788947e+02, -2.7850796582396570e-01,  2.7188275493264086e+01, -2.3080809864248937e-02,  9.1634174483994940e-02,  5.0627243884874384e-01,  5.6406504317576082e+03,  1.8330065564118803e+02, -1.5021077976111965e+04,  1.0028198329061121e+01,  2.6493792951371065e+00,  4.6103239411218278e+00,  9.5951548753131100e-03,  1.2929070916615149e-01, -2.0522695140309271e+00,  2.7433066213374402e-01,  7.5930981683384904e-04,  1.0445341308956520e-02,  1.4049708342588757e-01,  0.0000000000000000e+00, -2.0036638006112436e-02,  7.7224639188334132e-01,  3.6552754362561668e-01,  0.0000000000000000e+00
 8.9110889110889104e+00,  6.3340379689278450e+02, -2.7842882131239516e-01,  2.7188347157325893e+01, -2.3094118037510158e-02,  9.1652798914895972e-02,  5.0637664600204990e-01,  5.6469673359343360e+03,  1.8376012889754060e+02, -1.5021103844267209e+04,  1.0028204816424946e+01,  2.6493987864020458e+00,  4.6154695202488112e+00,  9.6017405567307944e-03,  1.2943359344081470e-01, -2.0508477068847522e+00,  2.7433066213374402e-01,  5.8025403431597789e-04,  1.8328699191397641e-02,  7.3187789852921986e-02,  0.0000000000000000e+00, -1.5810329653965775e-02,  8.0600185618138964e-01, -1.3840848116933483e+01,  0.0000000000000000e+00
 8.9210789210789212e+00,  6.3340326628290802e+02, -2.7836124259832734e-01,  2.7188420721458083e+01, -2.3107271935719063e-02,  9.1672140469102173e-02,  5.0648065844328360e-01,  5.6532841935014385e+03,  1.8422016970276636e+02, -1.5021129713916507e+04,  1.0028211223255990e+01,  2.6494182854462101e+00,  4.6206161600996785e+00,  9.6067483625122303e-03,  1.2965691694220338e-01, -2.0508072205273722e+00,  2.7433066213374402e-01,  4.2915336499100502e-04,  2.5234869975017560e-02, -9.3272939727067336e-02,  0.0000000000000000e+00, -1.4440024344894156e-02,  5.7661353469933396e-01, -1.9484589944980765e+01,  0.0000000000000000e+00
 8.9310689310689302e+00,  6.3340273519921550e+02, -2.7830467989950419e-01,  2.7188495538904959e+01, -2.3121954942493871e-02,  9.1688106876035153e-02,  5.0658125263048748e-01,  5.6596010044058712e+03,  1.8468077805475542e+02, -1.5021155585064229e+04,  1.0028217540994723e+01,  2.6494377751257838e+00,  4.6257638424452185e+00,  9.6103150495378074e-03,  1.2993778664710876e-01, -2.0527113020840941e+00,  2.7433066213374402e-01,  2.7072876121472637e-04,  2.9463942094164260e-02, -2.5014548501483680e-01,  0.0000000000000000e+00, -1.7276581331117192e-02,  2.7004670355384530e-01, -1.1921293621631040e+01,  0.0000000000000000e+00
 8.9410589410589409e+00,  6.3340220357741566e+02, -2.7825779883095425e-01,  2.7188570965433538e+01, -2.3139561145573473e-02,  9.1699155799044696e-02,  5.0667291428543548e-01,  5.6659177685936329e+03,  1.8514195395751520e+02, -1.5021181457716821e+04,  1.0028223741662858e+01,  2.6494572208944804e+00,  4.6309124987276435e+00,  9.6121575285704666e-03,  1.3024560709393493e-01, -2.0558051323158804e+00,  2.7433066213374402e-01,  7.1746364373412668e-05,  3.0478623473435263e-02, -3.4603664294215974e-01,  0.0000000000000000e+00, -2.2559694516508987e-02, -6.6907491423233836e-02, -7.2761161954241054e+00,  0.0000000000000000e+00
 8.9510489510489517e+00,  6.3340167137492460e+02, -2.7821823729925949e-01,  2.7188646051237264e+01, -2.3160576196658803e-02,  9.1702968155503689e-02,  5.0674767157879097e-01,  5.6722344860096209e+03,  1.8560369742350616e+02, -1.5021207331881438e+04,  1.0028229784249033e+01,  2.6494765820462729e+00,  4.6360619915863213e+00,  9.6117485433314821e-03,  1.3054675015307154e-01, -2.0596251211238981e+00,  2.7433066213374402e-01, -1.8482382175145847e-04,  2.7864914659078605e-02, -4.2803059505708263e-01,  0.0000000000000000e+00, -2.8805656745688073e-02, -4.5635701321150612e-01, -9.1390730179761928e+00,  0.0000000000000000e+00
 8.9610389610389607e+00,  6.3340113861286284e+02, -2.7818236290601556e-01,  2.7188719648950329e+01, -2.3185038158847763e-02,  9.1697621336315135e-02,  5.0679537052561630e-01,  5.6785511565973547e+03,  1.8606600847660837e+02, -1.5021233207566134e+04,  1.0028235622166415e+01,  2.6494958110958988e+00,  4.6412120901043110e+00,  9.6084647449190888e-03,  1.3080234864556486e-01, -2.0643571921571806e+00,  2.7433066213374402e-01, -5.0906809312156504e-04,  2.1470621982504049e-02, -4.8943336704873486e-01,  0.0000000000000000e+00, -3.6108046382608013e-02, -8.2378038063873449e-01, -3.1537619347527270e+00,  0.0000000000000000e+00
 8.9710289710289715e+00,  6.3340060537487670e+02, -2.7814529846690622e-01,  2.7188790712102300e+01, -2.3213070514112422e-02,  9.1682888879333194e-02,  5.0680531033587839e-01,  5.6848677802992070e+03,  1.8652888715369002e+02, -1.5021259084777554e+04,  1.0028241202573987e+01,  2.6495148702618949e+00,  4.6463624568175756e+00,  9.6015773526597226e-03,  1.3097573360926543e-01, -2.0694040095764201e+00,  2.7433066213374402e-01, -8.9853422636647666e-04,  1.1873927931930178e-02, -4.4314865216924915e-01,  0.0000000000000000e+00, -4.1863073493024212e-02, -1.0974777682861769e+00,  1.2419961853625875e+01,  0.0000000000000000e+00
 8.9810189810189804e+00,  6.3340007179629038e+02, -2.7810182135635803e-01,  2.7188858439787531e+01, -2.3242479926250576e-02,  9.1660261004816002e-02,  5.0677175071432012e-01,  5.6911843570567798e+03,  1.8699233350177747e+02, -1.5021284963519556e+04,  1.0028246478358051e+01,  2.6495337437677287e+00,  4.6515126705196401e+00,  9.5905120131235550e-03,  1.3103958996288614e-01, -2.0732113110816410e+00,  2.7433066213374402e-01, -1.3203047034180402e-03,  6.4180034925242677e-04, -3.8247770836695499e-01,  0.0000000000000000e+00, -4.2575376012699770e-02, -1.1511941737659348e+00, -2.7363890440644767e-01,  0.0000000000000000e+00
 8.9910089910089912e+00,  6.3339953805211724e+02, -2.7804671261696734e-01,  2.7188922892494372e+01, -2.3271401664104994e-02,  9.1635453198331412e-02,  5.0669235028719906e-01,  5.6975008868119749e+03,  1.8745634757128093e+02, -1.5021310843791034e+04,  1.0028251426367746e+01,  2.6495524580014687e+00,  4.6566622823604815e+00,  9.5751976383057161e-03,  1.3098855679306667e-01, -2.0770459218315040e+00,  2.7433066213374402e-01, -1.7371994715854626e-03, -9.5447311803251132e-03, -3.5788801510121798e-01,  0.0000000000000000e+00, -4.0886956574419160e-02, -8.8814943845551220e-01,  5.1964954962070582e+00,  0.0000000000000000e+00
 9.0009990009990002e+00,  6.3339900428196734e+02, -2.7797495707425368e-01,  2.7188984876665618e+01, -2.3298630421585333e-02,  9.1614311468380574e-02,  5.0656764002520194e-01,  5.7038173695075366e+03,  1.8792092941285870e+02, -1.5021336725583014e+04,  1.0028256036378998e+01,  2.6495711061124116e+00,  4.6618108421589746e+00,  9.5558027329719977e-03,  1.3084888604319933e-01, -2.0803619207739730e+00,  2.7433066213374402e-01, -2.1170844996410399e-03, -1.6221300825976080e-02, -2.2678541840782684e-01,  0.0000000000000000e+00, -3.5166026042308306e-02, -4.4849980460382671e-01,  2.1050244361810147e+01,  0.0000000000000000e+00
 9.0109890109890109e+00,  6.3339847057960230e+02, -2.7788301743893767e-01,  2.7189045506051968e+01, -2.3321733439579710e-02,  9.1600781892083094e-02,  5.0640640848914886e-01,  5.7101338050873810e+03,  1.8838607907083235e+02, -1.5021362608881878e+04,  1.0028260319660941e+01,  2.6495898210955779e+00,  4.6669579509491301e+00,  9.5328982477034981e-03,  1.3066445487846176e-01, -2.0815770990224696e+00,  2.7433066213374402e-01, -2.4071620829948814e-03, -1.8307217076995126e-02,  1.4178061185253391e-02,  0.0000000000000000e+00, -2.2907506145170238e-02,  3.0899371149477054e-02,  2.7190644252720492e+01,  0.0000000000000000e+00
 9.0209790209790217e+00,  6.3339793699036852e+02, -2.7776960440913034e-01,  2.7189105733780238e+01, -2.3337420388444056e-02,  9.1595261426345317e-02,  5.0622447557034134e-01,  5.7164501934969639e+03,  1.8885179657365595e+02, -1.5021388493673421e+04,  1.0028264322618510e+01,  2.6496087398080945e+00,  4.6721033390908557e+00,  9.5077075864586098e-03,  1.3048310748022238e-01, -2.0800786428282136e+00,  2.7433066213374402e-01, -2.5404904726649899e-03, -1.6327682680078212e-02,  2.7189239491150047e-01,  0.0000000000000000e+00, -3.7848374667388833e-03,  3.6540341511361457e-01,  2.4403765359269688e+01,  0.0000000000000000e+00
 9.0309690309690307e+00,  6.3339740353874447e+02, -2.7763578636131359e-01,  2.7189166155033835e+01, -2.3342756554897256e-02,  9.1596275031272961e-02,  5.0604106950834660e-01,  5.7227665346831945e+03,  1.8931808192844733e+02, -1.5021414379948908e+04,  1.0028268133272585e+01,  2.6496279566506504e+00,  4.6772469099632383e+00,  9.4821391973006017e-03,  1.3033822745228638e-01, -2.0761446835397224e+00,  2.7433066213374402e-01, -2.4651956196117099e-03, -1.1608131045446411e-02,  4.7286570295486446e-01,  0.0000000000000000e+00,  1.8858867048005781e-02,  5.7945082213968246e-01,  1.5831090911012247e+01,  0.0000000000000000e+00
 9.0409590409590415e+00,  6.3339687021555869e+02, -2.7748473007150154e-01,  2.7189227206147468e+01, -2.3336593155047072e-02,  9.1601999217429453e-02,  5.0587525939475408e-01,  5.7290828285945727e+03,  1.8978493511917341e+02, -1.5021440267705113e+04,  1.0028271868843305e+01,  2.6496475199785112e+00,  4.6823887559615560e+00,  9.4584529287241106e-03,  1.3025117679000367e-01, -2.0706307766353094e+00,  2.7433066213374402e-01, -2.1629680981967657e-03, -5.5788932508492352e-03,  6.0871367842723978e-01,  0.0000000000000000e+00,  4.1647082739266685e-02,  6.2760258433868621e-01,  1.1365673778557596e+01,  0.0000000000000000e+00
 9.0509490509490504e+00,  6.3339633699721367e+02, -2.7732158569883603e-01,  2.7189288925360785e+01, -2.3318735786967235e-02,  9.1609752602443362e-02,  5.0574548697040511e-01,  5.7353990751807678e+03,  1.9025235610783471e+02, -1.5021466156946042e+04,  1.0028275661167479e+01,  2.6496674187713145e+00,  4.6875291487511479e+00,  9.4389230514824850e-03,  1.3022676105366801e-01, -2.0639825720826348e+00,  2.7433066213374402e-01, -1.6469194433535528e-03,  3.4719825520927993e-04,  6.5455741704216708e-01,  0.0000000000000000e+00,  6.1665857960345780e-02,  5.5880093517424245e-01, -2.1877573078490316e+00,  0.0000000000000000e+00
 9.0609390609390612e+00,  6.3339580386991827e+02, -2.7715287899946844e-01,  2.7189351181695859e+01, -2.3291135674019921e-02,  9.1617387865436564e-02,  5.0566623351758877e-01,  5.7417152743925926e+03,  1.9072034483666198e+02, -1.5021492047681984e+04,  1.0028279641802456e+01,  2.6496875894861249e+00,  4.6926685218027568e+00,  9.4255474453404237e-03,  1.3025811381807978e-01, -2.0575527063647367e+00,  2.7433066213374402e-01, -9.6657438832255704e-04,  5.0445965113159550e-03,  6.2420027521012644e-01,  0.0000000000000000e+00,  7.4539222056861129e-02,  3.8161819569832484e-01, -3.8897424869255781e+00,  0.0000000000000000e+00
 9.0709290709290702e+00,  6.3339527083647260e+02, -2.7698579125247696e-01,  2.7189413515477046e+01, -2.3257343283165841e-02,  9.1621994068088700e-02,  5.0564666594813334e-01,  5.7480314261815602e+03,  1.9118890123442566e+02, -1.5021517939928402e+04,  1.0028283917846545e+01,  2.6497079224394571e+00,  4.6978074187687646e+00,  9.4196108758916250e-03,  1.3032755219275524e-01, -2.0515110381124027e+00,  2.7433066213374402e-01, -1.9559840008666671e-04,  7.5928465635240671e-03,  5.7191846252057488e-01,  0.0000000000000000e+00,  7.9810170787965901e-02,  1.2854146475374517e-01, -6.5770764135227733e+00,  0.0000000000000000e+00
 9.0809190809190810e+00,  6.3339473794524883e+02, -2.7682760494376357e-01,  2.7189475475475277e+01, -2.3220465849556324e-02,  9.1622872785900394e-02,  5.0569049583196335e-01,  5.7543475304996555e+03,  1.9165802522237664e+02, -1.5021543833704554e+04,  1.0028288564526015e+01,  2.6497282727633040e+00,  4.7029464446541036e+00,  9.4216393853986322e-03,  1.3040981904412421e-01, -2.0461257640566335e+00,  2.7433066213374402e-01,  6.0066232064844656e-04,  8.0478037472620379e-03,  5.2010337071626767e-01,  0.0000000000000000e+00,  7.9601225503202172e-02, -3.7459036569252646e-02, -3.7963049656897172e+00,  0.0000000000000000e+00
 9.0909090909090917e+00,  6.3339420526324682e+02, -2.7668490251909206e-01,  2.7189536911367775e+01, -2.3182558681364911e-02,  9.1621284333218325e-02,  5.0579518782616617e-01,  5.7606635872993311e+03,  1.9212771672117566e+02, -1.5021569729028661e+04,  1.0028293631776046e+01,  2.6497485024520619e+00,  4.7080862088676989e+00,  9.4316121210594270e-03,  1.3048834747242083e-01, -2.0411193623738151e+00,  2.7433066213374402e-01,  1.3680887488913467e-03,  7.2711041711904165e-03,  4.1019791533796840e-01,  0.0000000000000000e+00,  7.4037545431003382e-02, -1.1803621856042427e-01, -1.8206767201054632e+01,  0.0000000000000000e+00
 9.1008991008991007e+00,  6.3339367284852869e+02, -2.7656268470359929e-01,  2.7189597846411839e+01, -2.3146724642415649e-02,  9.1618904177978813e-02,  5.0595054882100565e-01,  5.7669795965329695e+03,  1.9259797565833830e+02, -1.5021595625916198e+04,  1.0028299142857801e+01,  2.6497684941961177e+00,  4.7132272644614748e+00,  9.4489738259359215e-03,  1.3055509585074140e-01, -2.0379300015124184e+00,  2.7433066213374402e-01,  2.0366133747283825e-03,  6.3803728061593255e-03,  1.8532306024738987e-01,  0.0000000000000000e+00,  5.9801084661572738e-02, -6.0288200718802192e-02, -2.6813178788079711e+01,  0.0000000000000000e+00
 9.1108891108891115e+00,  6.3339314073563310e+02, -2.7646332971745397e-01,  2.7189658738407381e+01, -2.3117518954030459e-02,  9.1618716480114326e-02,  5.0613801248924750e-01,  5.7732955581522001e+03,  1.9306880197851811e+02, -1.5021621524376584e+04,  1.0028305074909529e+01,  2.6497881807827586e+00,  4.7183700247529625e+00,  9.4723036969780756e-03,  1.3061582744856787e-01, -2.0374166039273138e+00,  2.7433066213374402e-01,  2.5146294580331800e-03,  6.6318243341203335e-03, -5.6977728257262238e-02,  0.0000000000000000e+00,  3.5897735216048811e-02,  1.1062879661659661e-01, -2.1695439070552204e+01,  0.0000000000000000e+00
 9.1208791208791204e+00,  6.3339260893078756e+02, -2.7638615193457522e-01,  2.7189720228379539e+01, -2.3099501203043223e-02,  9.1623026815062042e-02,  5.0633337189375316e-01,  5.7796114721071808e+03,  1.9354019565211385e+02, -1.5021647424411532e+04,  1.0028311348002820e+01,  2.6498075575583857e+00,  4.7235146934349945e+00,  9.4992161727497706e-03,  1.3068759983344111e-01, -2.0390684176614147e+00,  2.7433066213374402e-01,  2.7233851204979767e-03,  8.9584010433403326e-03, -1.9838963554655159e-01,  0.0000000000000000e+00,  5.8951484094040413e-03,  3.5515186056925274e-01, -6.6152247687638495e+00,  0.0000000000000000e+00
 9.1308691308691312e+00,  6.3339207739817562e+02, -2.7632804535587208e-01,  2.7189783053846060e+01, -2.3094708946044019e-02,  9.1633071699425708e-02,  5.0651411693574833e-01,  5.7859273383464561e+03,  1.9401215667814753e+02, -1.5021673326015352e+04,  1.0028317835531825e+01,  2.6498266829256720e+00,  4.7286612423686512e+00,  9.5267169860989136e-03,  1.3079481648040284e-01, -2.0413804328093628e+00,  2.7433066213374402e-01,  2.6351738613837631e-03,  1.3152314114967435e-02, -2.6213785422012165e-01,  0.0000000000000000e+00, -2.3555042484069862e-02,  4.8446953637050261e-01, -6.1471686096850213e+00,  0.0000000000000000e+00
 9.1408591408591402e+00,  6.3339154604348289e+02, -2.7628398841576712e-01,  2.7189847239814846e+01, -2.3102966331449513e-02,  9.1645007010469209e-02,  5.0666077868590964e-01,  5.7922431568164884e+03,  1.9448468508113726e+02, -1.5021699229179692e+04,  1.0028324393482690e+01,  2.6498456373193209e+00,  4.7338094355819260e+00,  9.5518669991510440e-03,  1.3095038333224165e-01, -2.0443059372262522e+00,  2.7433066213374402e-01,  2.2725223052442599e-03,  1.7365931422084733e-02, -2.4200216002367381e-01,  0.0000000000000000e+00, -4.9047799055059543e-02,  3.5909664851439044e-01,  1.0178334587813922e+01,  0.0000000000000000e+00
 9.1508491508491510e+00,  6.3339101479178191e+02, -2.7624793541619042e-01,  2.7189912155400656e+01, -2.3122492532880172e-02,  9.1654134048168412e-02,  5.0676063722665776e-01,  5.7985589274613631e+03,  1.9495778090659758e+02, -1.5021725133897886e+04,  1.0028330877993518e+01,  2.6498644829689386e+00,  4.7389588644874108e+00,  9.5721220271627345e-03,  1.3114178813718774e-01, -2.0462156408018437e+00,  2.7433066213374402e-01,  1.6958049723219443e-03,  1.9873163276727817e-02, -2.1758647560735656e-01,  0.0000000000000000e+00, -6.6411010995989339e-02,  1.4285116878516058e-01, -5.2903145676671519e+00,  0.0000000000000000e+00
 9.1608391608391599e+00,  6.3339048361199150e+02, -2.7621418903534140e-01,  2.7189977386791284e+01, -2.3150436457361350e-02,  9.1660262057030650e-02,  5.0681058192550488e-01,  5.8048746502240565e+03,  1.9543144420931037e+02, -1.5021751040164825e+04,  1.0028337167688891e+01,  2.6498832711526004e+00,  4.7441090451248424e+00,  9.5857492163802533e-03,  1.3134744953157687e-01, -2.0486533193562693e+00,  2.7433066213374402e-01,  9.8066852688394627e-04,  2.0498259854874693e-02, -2.8829449504400667e-01,  0.0000000000000000e+00, -7.6759305380699527e-02, -1.7706833840154163e-02, -8.8654309235503632e+00,  0.0000000000000000e+00
 9.1708291708291707e+00,  6.3338995246318609e+02, -2.7617729330215574e-01,  2.7190042616385551e+01, -2.3184918323249724e-02,  9.1663556591744258e-02,  5.0681098862092666e-01,  5.8111903250472960e+03,  1.9590567504600637e+02, -1.5021776947974962e+04,  1.0028343162704358e+01,  2.6499020595269904e+00,  4.7492594780651682e+00,  9.5917158039236523e-03,  1.3155134377864378e-01, -2.0519757705729527e+00,  2.7433066213374402e-01,  1.9472405457711755e-04,  1.9635047322014265e-02, -3.3986717325374388e-01,  0.0000000000000000e+00, -8.0586777975111629e-02, -1.5510831523812865e-01, -1.4594192540449324e+00,  0.0000000000000000e+00
 9.1808191808191815e+00,  6.3338942131654846e+02, -2.7613330980987594e-01,  2.7190107478954022e+01, -2.3223505584131231e-02,  9.1663965486455973e-02,  5.0677053342054013e-01,  5.8175059518739517e+03,  1.9638047346781661e+02, -1.5021802857323908e+04,  1.0028348786260091e+01,  2.6499208971971759e+00,  4.7544097091849702e+00,  9.5896398068812949e-03,  1.3173975816937938e-01, -2.0554438722684325e+00,  2.7433066213374402e-01, -5.8892393793634880e-04,  1.7706349546225481e-02, -3.2067987772733630e-01,  0.0000000000000000e+00, -7.6299550126075283e-02, -2.3101697947511224e-01,  5.3007158184380767e+00,  0.0000000000000000e+00
 9.1908091908091905e+00,  6.3338889015975451e+02, -2.7607993896276656e-01,  2.7190171875399496e+01, -2.3262683856182732e-02,  9.1663100254151877e-02,  5.0670159964906136e-01,  5.8238215306479042e+03,  1.9685583951263084e+02, -1.5021828768208969e+04,  1.0028353996828720e+01,  2.6499398226554853e+00,  4.7595593919484287e+00,  9.5799490918769721e-03,  1.3190511699635057e-01, -2.0583829609371351e+00,  2.7433066213374402e-01, -1.2910494053685166e-03,  1.5578745229129221e-02, -2.8920575921435326e-01,  0.0000000000000000e+00, -6.4265968453846328e-02, -1.9492940480756391e-01,  1.0004027078612052e+00,  0.0000000000000000e+00
 9.2007992007992012e+00,  6.3338835896428714e+02, -2.7601615837739163e-01,  2.7190236007796425e+01, -2.3299468087945231e-02,  9.1663142096383293e-02,  5.0661595410067006e-01,  5.8301370613144099e+03,  1.9733177320279472e+02, -1.5021854680628030e+04,  1.0028358793447968e+01,  2.6499588733090693e+00,  4.7647083065351961e+00,  9.5638446139668393e-03,  1.3205102181032102e-01, -2.0612222091158721e+00,  2.7433066213374402e-01, -1.8537379226865600e-03,  1.4160528311407567e-02, -2.5902176517684444e-01,  0.0000000000000000e+00, -4.8384272713227261e-02, -8.8997622120314507e-02,  5.0424328984481299e+00,  0.0000000000000000e+00
 9.2107892107892102e+00,  6.3338782767546991e+02, -2.7594160105173715e-01,  2.7190300081711751e+01, -2.3331884554024011e-02,  9.1664565658022806e-02,  5.0652190781013628e-01,  5.8364525438196979e+03,  1.9780827454835239e+02, -1.5021880594579306e+04,  1.0028363203374857e+01,  2.6499780857836921e+00,  4.7698563337730047e+00,  9.5429113711439743e-03,  1.3218804463494013e-01, -2.0635582209806285e+00,  2.7433066213374402e-01, -2.2481303506512499e-03,  1.3471266588931545e-02, -1.9508231661733014e-01,  0.0000000000000000e+00, -3.0573091365304558e-02, -4.8992574719386790e-02,  7.7582447031667794e+00,  0.0000000000000000e+00
 9.2207792207792210e+00,  6.3338729624047380e+02, -2.7585626492917265e-01,  2.7190363965808768e+01, -2.3357882672044999e-02,  9.1665697306054811e-02,  5.0642467837819938e-01,  5.8427679781104252e+03,  1.9828534355126232e+02, -1.5021906510063307e+04,  1.0028367277224056e+01,  2.6499974758693954e+00,  4.7750034200247145e+00,  9.5189269246431386e-03,  1.3232017798592405e-01, -2.0651199576996349e+00,  2.7433066213374402e-01, -2.4618088111996676e-03,  1.2829621917401992e-02, -1.1790087504958292e-01,  0.0000000000000000e+00, -1.2205336436489170e-02, -7.9464688520831189e-02,  7.6934798986963919e+00,  0.0000000000000000e+00
 9.2307692307692299e+00,  6.3338676462576575e+02, -2.7576004199014059e-01,  2.7190427469608036e+01, -2.3376042350286865e-02,  9.1665521778240888e-02,  5.0632572072101945e-01,  5.8490833641333265e+03,  1.9876298020966559e+02, -1.5021932427082691e+04,  1.0028371085036634e+01,  2.6500170408141370e+00,  4.7801495420667743e+00,  9.4937243819092163e-03,  1.3244438073718592e-01, -2.0659138828197809e+00,  2.7433066213374402e-01, -2.4986268623482456e-03,  1.1614559396332037e-02, -7.6593134737413512e-02,  0.0000000000000000e+00,  4.8343625965437693e-03, -1.6379082819737675e-01,  5.7632971180002002e-01,  0.0000000000000000e+00
 9.2407592407592407e+00,  6.3338623281719663e+02, -2.7565256495980628e-01,  2.7190490228860899e+01, -2.3385627997119868e-02,  9.1662566258239056e-02,  5.0622413418388301e-01,  5.8553987018350072e+03,  1.9924118452149105e+02, -1.5021958345641178e+04,  1.0028374708068068e+01,  2.6500367650738665e+00,  4.7852946771956777e+00,  9.4690043100108066e-03,  1.3255223711472189e-01, -2.0666502900620207e+00,  2.7433066213374402e-01, -2.3866023874510233e-03,  9.4917972856884830e-03, -1.2998296147312943e-01,  0.0000000000000000e+00,  1.7592937277834779e-02, -2.6118614635325232e-01, -1.1264973024290782e+01,  0.0000000000000000e+00
 9.2507492507492515e+00,  6.3338570083555214e+02, -2.7553249034048655e-01,  2.7190552082452569e+01, -2.3388058778281411e-02,  9.1657614385147135e-02,  5.0611387882235048e-01,  5.8617139911617969e+03,  1.9971995648846951e+02, -1.5021984265742189e+04,  1.0028378223101562e+01,  2.6500566323501671e+00,  4.7904387695443065e+00,  9.4460400185235778e-03,  1.3263402703660029e-01, -2.0685109449870764e+00,  2.7433066213374402e-01, -2.1786821019527439e-03,  6.9987122447166088e-03, -1.5354817762473058e-01,  0.0000000000000000e+00,  2.4032703878960556e-02, -2.3792947884944499e-01,  6.5472167507444956e+00,  0.0000000000000000e+00
 9.2607392607392605e+00,  6.3338516871148738e+02, -2.7539760277271924e-01,  2.7190613354213411e+01, -2.3384339912407816e-02,  9.1653720717496390e-02,  5.0598815987046430e-01,  5.8680292320598683e+03,  2.0019929612034406e+02, -1.5022010187384916e+04,  1.0028381688178609e+01,  2.6500766591161047e+00,  4.7955816955021815e+00,  9.4254741980836793e-03,  1.3269207152520573e-01, -2.0697181857188585e+00,  2.7433066213374402e-01, -1.9195360193670779e-03,  5.5729043977144838e-03, -7.3937778134261251e-02,  0.0000000000000000e+00,  2.7848341854690383e-02, -4.7517252120383754e-02,  9.3907852272476475e+00,  0.0000000000000000e+00
 9.2707292707292712e+00,  6.3338463645846252e+02, -2.7524560278632426e-01,  2.7190674844463640e+01, -2.3374904890323789e-02,  9.1654866282712813e-02,  5.0584398479819259e-01,  5.8743444244757602e+03,  2.0067920343179523e+02, -1.5022036110563431e+04,  1.0028385155219361e+01,  2.6500969043026790e+00,  4.8007232902014865e+00,  9.4076876505042560e-03,  1.3274537377781337e-01, -2.0699882232714772e+00,  2.7433066213374402e-01, -1.6406574995339387e-03,  6.7061716095336080e-03, -3.9535951334119503e-02,  0.0000000000000000e+00,  2.7983137815904766e-02,  2.7439734792657511e-01, -2.5035395018591911e+00,  0.0000000000000000e+00
 9.2807192807192802e+00,  6.3338410403589455e+02, -2.7507362723645357e-01,  2.7190737541993158e+01, -2.3362016044560775e-02,  9.1663196347207362e-02,  5.0567675188996120e-01,  5.8806595683563828e+03,  2.0115967844090900e+02, -1.5022062035267223e+04,  1.0028388660986700e+01,  2.6501174661129929e+00,  4.8058633622576110e+00,  9.3926938284626220e-03,  1.3282606096795366e-01, -2.0705081148164433e+00,  2.7433066213374402e-01, -1.3816117357532401e-03,  1.0848288630542456e-02,  3.4630346690432190e-02,  0.0000000000000000e+00,  2.3877824092991693e-02,  5.5485447967940582e-01,  1.7351632366374613e+01,  0.0000000000000000e+00
 9.2907092907092910e+00,  6.3338357135450553e+02, -2.7487906219748981e-01,  2.7190802121366971e+01, -2.3346754825981347e-02,  9.1677813195281302e-02,  5.0548671617708896e-01,  5.8869746636486316e+03,  2.0164072116967588e+02, -1.5022087961484547e+04,  1.0028392220271510e+01,  2.6501384513858199e+00,  4.8110016885803040e+00,  9.3800830204192765e-03,  1.3296212280140063e-01, -2.0692963082526874e+00,  2.7433066213374402e-01, -1.1570374042440394e-03,  1.7053105002137820e-02,  2.1535446141523421e-01,  0.0000000000000000e+00,  2.1081957075150790e-02,  6.8734975791400055e-01,  1.8829335401531171e+01,  0.0000000000000000e+00
 9.3006993006993000e+00,  6.3338303829463189e+02, -2.7466063635441712e-01,  2.7190868763078488e+01, -2.3328745552933357e-02,  9.1695664104264774e-02,  5.0528117525222460e-01,  5.8932897102995003e+03,  2.0212233163527912e+02, -1.5022113889206970e+04,  1.0028395848670177e+01,  2.6501599390977177e+00,  4.8161380852103530e+00,  9.3695761980081959e-03,  1.3316678234661775e-01, -2.0662053283745805e+00,  2.7433066213374402e-01, -9.4251588305181353e-04,  2.3570531733564205e-02,  4.5951475169698253e-01,  0.0000000000000000e+00,  2.1865251467533348e-02,  6.1743907371757634e-01,  3.0051554712875401e+01,  0.0000000000000000e+00
 9.3106893106893107e+00,  6.3338250473540086e+02, -2.7441952753011983e-01,  2.7190937031595020e+01, -2.3306782663238320e-02,  9.1712397046472285e-02,  5.0507712670393545e-01,  5.8996047082563464e+03,  2.0260450984176416e+02, -1.5022139818433048e+04,  1.0028399573008748e+01,  2.6501819515113381e+00,  4.8212724754246867e+00,  9.3612515342444153e-03,  1.3343306249637693e-01, -2.0601151943326679e+00,  2.7433066213374402e-01, -6.9904340604003872e-04,  2.8386273675918412e-02,  5.6844434320004189e-01,  0.0000000000000000e+00,  2.6877938430207304e-02,  3.4667246314219119e-01, -8.2438504939510757e+00,  0.0000000000000000e+00
 9.3206793206793215e+00,  6.3338197058819355e+02, -2.7415908254716975e-01,  2.7191006081432242e+01, -2.3281751908641225e-02,  9.1724378678044532e-02,  5.0489211497738995e-01,  5.9059196574672505e+03,  2.0308725577120916e+02, -1.5022165749171372e+04,  1.0028403436128565e+01,  2.6502044337447033e+00,  4.8264049625163095e+00,  9.3556092967886136e-03,  1.3373394066182095e-01, -2.0548477990399134e+00,  2.7433066213374402e-01, -4.1999269674973289e-04,  3.0322740606378649e-02,  4.8900207179713456e-01,  0.0000000000000000e+00,  2.8988013569720243e-02,  4.1008216335385594e-02, -7.6604922409198082e+00,  0.0000000000000000e+00
 9.3306693306693305e+00,  6.3338143579578991e+02, -2.7388383383396164e-01,  2.7191075276298385e+01, -2.3256671246806991e-02,  9.1731178303477504e-02,  5.0473986513686797e-01,  5.9122345578810591e+03,  2.0357056938823303e+02, -1.5022191681435932e+04,  1.0028407463548120e+01,  2.6502272879207194e+00,  4.8315357924954734e+00,  9.3528600717718933e-03,  1.3403891145954133e-01, -2.0503449231678901e+00,  2.7433066213374402e-01, -1.3347262271211669e-04,  2.9258875269018821e-02,  4.6957496568352219e-01,  0.0000000000000000e+00,  2.8373305252611183e-02, -2.5399405687482579e-01,  3.7711855969745640e+00,  0.0000000000000000e+00
 9.3406593406593412e+00,  6.3338090032087132e+02, -2.7359972512793923e-01,  2.7191143698588540e+01, -2.3233373286028848e-02,  9.1730791721318650e-02,  5.0463333208951777e-01,  5.9185494094474707e+03,  2.0405445064146065e+02, -1.5022217615244734e+04,  1.0028411661983743e+01,  2.6502503844196670e+00,  4.8366653421152357e+00,  9.3529425111200399e-03,  1.3431853357428886e-01, -2.0454656818434396e+00,  2.7433066213374402e-01,  1.5353177465125698e-04,  2.4964295520278096e-02,  5.5642015486612939e-01,  0.0000000000000000e+00,  2.9084975099536892e-02, -6.0578080882307728e-01,  1.3615221277383592e+01,  0.0000000000000000e+00
 9.3506493506493502e+00,  6.3338036419303489e+02, -2.7331392657336101e-01,  2.7191210206916153e+01, -2.3211043389362453e-02,  9.1721504208333887e-02,  5.0458422271781112e-01,  5.9248642121166222e+03,  2.0453889946495613e+02, -1.5022243550621080e+04,  1.0028416039498746e+01,  2.6502735506910655e+00,  4.8417941064862582e+00,  9.3559276396969933e-03,  1.3453769858282361e-01, -2.0392276373563791e+00,  2.7433066213374402e-01,  4.6389326846680526e-04,  1.7371754254905693e-02,  6.5608883974007992e-01,  0.0000000000000000e+00,  3.3049395962336602e-02, -9.1424595250449536e-01,  6.3384494343815545e+00,  0.0000000000000000e+00
 9.3606393606393610e+00,  6.3337982750834124e+02, -2.7303398131797818e-01,  2.7191273881277137e+01, -2.3188996036860168e-02,  9.1704031114224746e-02,  5.0459893290216928e-01,  5.9311789658394255e+03,  2.0502391578150628e+02, -1.5022269487590853e+04,  1.0028420618962491e+01,  2.6502965948118624e+00,  4.8469226725462846e+00,  9.3622111078926033e-03,  1.3466562157138987e-01, -2.0323570137167648e+00,  2.7433066213374402e-01,  8.1520750965589299e-04,  7.4953960782917243e-03,  6.7295361805123100e-01,  0.0000000000000000e+00,  3.7283715123719592e-02, -1.0630009544536441e+00, -2.9621208164890844e+00,  0.0000000000000000e+00
 9.3706293706293700e+00,  6.3337929040711322e+02, -2.7276704939546376e-01,  2.7191334405960990e+01, -2.3167607637203005e-02,  9.1682095007947675e-02,  5.0467774471509852e-01,  5.9374936705673008e+03,  2.0550949950938363e+02, -1.5022295426178249e+04,  1.0028425427885610e+01,  2.6503193411054258e+00,  4.8520516643252156e+00,  9.3722155020277802e-03,  1.3468745674622604e-01, -2.0257820106220890e+00,  2.7433066213374402e-01,  1.1950132221612922e-03, -2.6398539982962852e-03,  6.4339936831814371e-01,  0.0000000000000000e+00,  3.8753388519862195e-02, -9.6607611087929901e-01, -2.9546399800750440e+00,  0.0000000000000000e+00
 9.3806193806193807e+00,  6.3337875303140481e+02, -2.7251942280490571e-01,  2.7191392111144342e+01, -2.3148103590237421e-02,  9.1660176285209644e-02,  5.0481608285356838e-01,  5.9438083262522223e+03,  2.0599565056890486e+02, -1.5022321366401304e+04,  1.0028430484245286e+01,  2.6503416639924873e+00,  4.8571816897179509e+00,  9.3860874959477737e-03,  1.3461287723575957e-01, -2.0195018814826362e+00,  2.7433066213374402e-01,  1.5706400498848333e-03, -1.1103574272563905e-02,  5.7896906468925391e-01,  0.0000000000000000e+00,  3.6447102390413127e-02, -7.2836068802916631e-01, -9.9443068064167868e+00,  0.0000000000000000e+00
 9.3906093906093915e+00,  6.3337821550887361e+02, -2.7229626862795270e-01,  2.7191447463560820e+01, -2.3132177998250177e-02,  9.1640705581090498e-02,  5.0500578632694049e-01,  5.9501229328462332e+03,  2.0648236888724838e+02, -1.5022347308272405e+04,  1.0028435790177083e+01,  2.6503634822001478e+00,  4.8623133010253756e+00,  9.4035969216059011e-03,  1.3446560711041056e-01, -2.0142141971417833e+00,  2.7433066213374402e-01,  1.9035445620917682e-03, -1.6603626442029666e-02,  4.8787931456889277e-01,  0.0000000000000000e+00,  3.0200380953381529e-02, -3.7274975629756474e-01, -8.2918611676882499e+00,  0.0000000000000000e+00
 9.4005994005994005e+00,  6.3337767796226331e+02, -2.7210133609386566e-01,  2.7191501562029597e+01, -2.3120741963486662e-02,  9.1628540158375751e-02,  5.0523585280445937e-01,  5.9564374903011503e+03,  2.0696965440282585e+02, -1.5022373251797506e+04,  1.0028441328441335e+01,  2.6503847646163234e+00,  4.8674469594909358e+00,  9.4241203543312252e-03,  1.3428113644770703e-01, -2.0097540430297114e+00,  2.7433066213374402e-01,  2.1684705917223530e-03, -1.7805265557677603e-02,  4.3425214094622006e-01,  0.0000000000000000e+00,  2.2837810178662144e-02,  1.3218160534484544e-01, -2.4442989915709514e+00,  0.0000000000000000e+00
 9.4105894105894112e+00,  6.3337714044026950e+02, -2.7193734645082895e-01,  2.7191555718057298e+01, -2.3113830099086730e-02,  9.1625990682080452e-02,  5.0549659307334016e-01,  5.9627519985687286e+03,  2.0745750706611409e+02, -1.5022399196975006e+04,  1.0028447073715233e+01,  2.6504055427660882e+00,  4.8725830283541480e+00,  9.4469230073545990e-03,  1.3410985754881860e-01, -2.0055378306893115e+00,  2.7433066213374402e-01,  2.3557030784096098e-03, -1.4729201623896033e-02,  3.6428607286388698e-01,  0.0000000000000000e+00,  1.4646133656127129e-02,  4.8364639419823169e-01, -1.1562907838512297e+01,  0.0000000000000000e+00
 9.4205794205794202e+00,  6.3337660293146132e+02, -2.7180620005659722e-01,  2.7191610400921693e+01, -2.3112237360436726e-02,  9.1629152895678939e-02,  5.0577954580162543e-01,  5.9690664575998471e+03,  2.0794592683838127e+02, -1.5022425143802331e+04,  1.0028452992917053e+01,  2.6504258508731362e+00,  4.8777217828404771e+00,  9.4711873489048432e-03,  1.3398684670497185e-01, -2.0024756000154480e+00,  2.7433066213374402e-01,  2.4464101144093132e-03, -9.4058439633685192e-03,  1.3730242495583475e-01,  0.0000000000000000e+00,  3.5134149510137277e-03,  5.8208980943938893e-01, -3.3879218472680286e+01,  0.0000000000000000e+00
 9.4305694305694310e+00,  6.3337606543832862e+02, -2.7170836692072725e-01,  2.7191665730603443e+01, -2.3118146720189820e-02,  9.1635203953725403e-02,  5.0607306550652009e-01,  5.9753808673439098e+03,  2.0843491369324792e+02, -1.5022451092279265e+04,  1.0028459033810494e+01,  2.6504457003232362e+00,  4.8828633971063571e+00,  9.4958023303198195e-03,  1.3392192859850155e-01, -2.0027945254953887e+00,  2.7433066213374402e-01,  2.3984941524668553e-03, -3.4943329644641242e-03, -1.3953398139023693e-01,  0.0000000000000000e+00, -1.3106190531893956e-02,  6.0139469254128475e-01, -2.1543430077803905e+01,  0.0000000000000000e+00
 9.4405594405594400e+00,  6.3337552796217449e+02, -2.7164262476149248e-01,  2.7191721949854724e+01, -2.3134484958891033e-02,  9.1643909651591651e-02,  5.0636368495177519e-01,  5.9816952277488836e+03,  2.0892446762092473e+02, -1.5022477042404482e+04,  1.0028465109181253e+01,  2.6504651121432805e+00,  4.8880079102805558e+00,  9.5191093099930915e-03,  1.3391702986252502e-01, -2.0052634917515166e+00,  2.7433066213374402e-01,  2.1707553014311842e-03,  2.7597258870440374e-03, -2.8441026973754074e-01,  0.0000000000000000e+00, -3.2487127445447919e-02,  6.5066788953066379e-01, -7.4608028493266607e+00,  0.0000000000000000e+00
 9.4505494505494507e+00,  6.3337499048081133e+02, -2.7160689966966473e-01,  2.7191779534690120e+01, -2.3162320336647644e-02,  9.1656474855509318e-02,  5.0664147664001380e-01,  5.9880095387616593e+03,  2.0941458862586066e+02, -1.5022502994173739e+04,  1.0028471104749691e+01,  2.6504841332098512e+00,  4.8931552477644145e+00,  9.5391740646141483e-03,  1.3397706797686407e-01, -2.0084770483672676e+00,  2.7433066213374402e-01,  1.7587046987179097e-03,  9.5404293321007787e-03, -3.8786623427695688e-01,  0.0000000000000000e+00, -5.0005403217750571e-02,  7.0682894016971165e-01, -1.3251081251464694e+01,  0.0000000000000000e+00
 9.4605394605394597e+00,  6.3337445293903261e+02, -2.7159802921473553e-01,  2.7191838795780992e+01, -2.3200803207970484e-02,  9.1672215923505926e-02,  5.0689619996963708e-01,  5.9943238003282650e+03,  2.0990527672444532e+02, -1.5022528947580953e+04,  1.0028476900729798e+01,  2.6505028294168427e+00,  4.8983052404906609e+00,  9.5542482650124300e-03,  1.3410764783119836e-01, -2.0130130668619453e+00,  2.7433066213374402e-01,  1.1924738767586061e-03,  1.6494598518892966e-02, -4.9415981316424729e-01,  0.0000000000000000e+00, -6.3354007338503326e-02,  6.8539573102609996e-01, -8.0288932417710921e+00,  0.0000000000000000e+00
 9.4705294705294705e+00,  6.3337391525998567e+02, -2.7161157902689337e-01,  2.7191899776884480e+01, -2.3247550793476859e-02,  9.1689098870803357e-02,  5.0711701771082063e-01,  6.0006380123934978e+03,  2.1039653194657799e+02, -1.5022554902619288e+04,  1.0028482387086612e+01,  2.6505212712757138e+00,  4.9034576093495588e+00,  9.5629997164974369e-03,  1.3430663038483395e-01, -2.0183503713076121e+00,  2.7433066213374402e-01,  5.2063649716399963e-04,  2.2599207113686532e-02, -6.0304145487322525e-01,  0.0000000000000000e+00, -7.1147836056316541e-02,  5.3674690965189331e-01, -1.3769211428374833e+01,  0.0000000000000000e+00
 9.4805194805194812e+00,  6.3337337736147151e+02, -2.7164233073944172e-01,  2.7191962076128650e+01, -2.3300294220676972e-02,  9.1703817655751738e-02,  5.0729544940895255e-01,  6.0069521749007936e+03,  2.1088835433406985e+02, -1.5022580859282938e+04,  1.0028487475255961e+01,  2.6505395185683800e+00,  4.9086119769575145e+00,  9.5646505926280951e-03,  1.3455918044086246e-01, -2.0250618471790935e+00,  2.7433066213374402e-01, -2.1670902836715630e-04,  2.6595347654996011e-02, -7.1936856425186724e-01,  0.0000000000000000e+00, -7.6468738155019228e-02,  2.6328042671777568e-01, -9.5194758692163806e+00,  0.0000000000000000e+00
 9.4905094905094902e+00,  6.3337283918108312e+02, -2.7168422114203666e-01,  2.7192024991407877e+01, -2.3358031382973224e-02,  9.1713591406723333e-02,  5.0742364465835832e-01,  6.0132662877922930e+03,  2.1138074393926010e+02, -1.5022606817567777e+04,  1.0028492086444055e+01,  2.6505576141385201e+00,  4.9137678792970965e+00,  9.5586698657808104e-03,  1.3483800596235634e-01, -2.0327233695943625e+00,  2.7433066213374402e-01, -9.9150921597219370e-04,  2.7530005379668793e-02, -7.1557467083115833e-01,  0.0000000000000000e+00, -7.8646259403511068e-02, -7.6161950238282747e-02,  1.0279013332042316e+01,  0.0000000000000000e+00
 9.5004995004995010e+00,  6.3337230068138570e+02, -2.7173114091500655e-01,  2.7192087633667231e+01, -2.3417834850609033e-02,  9.1716492667208119e-02,  5.0749862727616035e-01,  6.0195803510089991e+03,  2.1187370082191782e+02, -1.5022632777471001e+04,  1.0028496156376990e+01,  2.6505755872914527e+00,  4.9189247910909115e+00,  9.5448402186825970e-03,  1.3510923049839829e-01, -2.0393590433994961e+00,  2.7433066213374402e-01, -1.7495498456314357e-03,  2.5196208558124409e-02, -5.6858668827866510e-01,  0.0000000000000000e+00, -7.3113474654270955e-02, -3.9106417343490801e-01,  1.9147980774967163e+01,  0.0000000000000000e+00
 9.5104895104895100e+00,  6.3337176186188344e+02, -2.7177745846983609e-01,  2.7192149258425200e+01, -2.3474902412028032e-02,  9.1712713260726580e-02,  5.0752189008350945e-01,  6.0258943644915234e+03,  2.1236722504246583e+02, -1.5022658738990755e+04,  1.0028499660816799e+01,  2.6505934609494246e+00,  4.9240821810834445e+00,  9.5237138249090539e-03,  1.3534142671276841e-01, -2.0440837429865435e+00,  2.7433066213374402e-01, -2.4049454209678685e-03,  2.0091793437157925e-02, -3.4640486475991067e-01,  0.0000000000000000e+00, -5.8096719528084428e-02, -6.3083973378259406e-01,  2.5332820293488002e+01,  0.0000000000000000e+00
 9.5204795204795207e+00,  6.3337122276039145e+02, -2.7181839802702557e-01,  2.7192209190184609e+01, -2.3523404540194012e-02,  9.1702571002792568e-02,  5.0749898477294197e-01,  6.0322083281806708e+03,  2.1286131665688274e+02, -1.5022684702125311e+04,  1.0028502631153053e+01,  2.6506112565428883e+00,  4.9292395530336997e+00,  9.4967893611208019e-03,  1.3551066493270714e-01, -2.0462802195185752e+00,  2.7433066213374402e-01, -2.8684294336426275e-03,  1.2898840686945075e-02, -1.7182699217857991e-01,  0.0000000000000000e+00, -3.4692779809403392e-02, -8.0918940681003493e-01,  9.6176697972948197e+00,  0.0000000000000000e+00
 9.5304695304695297e+00,  6.3337068345122304e+02, -2.7185022944690423e-01,  2.7192266850404547e+01, -2.3558998298848242e-02,  9.1686714702902572e-02,  5.0743785498036997e-01,  6.0385222420179753e+03,  2.1335597571217548e+02, -1.5022710666873947e+04,  1.0028505156812805e+01,  2.6506289878478726e+00,  4.9343964818895723e+00,  9.4664025475135975e-03,  1.3559914580741267e-01, -2.0475168497233782e+00,  2.7433066213374402e-01, -3.0912585567638654e-03,  4.4379432621158670e-03, -1.4384616506253886e-01,  0.0000000000000000e+00, -9.9176106394689798e-03, -8.8468225764079222e-01, -4.0159082086633351e+00,  0.0000000000000000e+00
 9.5404595404595405e+00,  6.3337014403735839e+02, -2.7186979621532786e-01,  2.7192322003631208e+01, -2.3581105471240423e-02,  9.1667333530793732e-02,  5.0734477389852917e-01,  6.0448361059459839e+03,  2.1385120224606891e+02, -1.5022736633235356e+04,  1.0028507355452133e+01,  2.6506466715040142e+00,  4.9395526165562798e+00,  9.4350259533932529e-03,  1.3559933512775441e-01, -2.0491542687705739e+00,  2.7433066213374402e-01, -3.0872008251061262e-03, -4.1912214118140622e-03, -1.7784939086731025e-01,  0.0000000000000000e+00,  1.0729968517291570e-02, -8.4287651007992437e-01, -2.7915375974546457e+00,  0.0000000000000000e+00
 9.5504495504495512e+00,  6.3336960463592698e+02, -2.7187451015756475e-01,  2.7192374616723061e+01, -2.3590639931683241e-02,  9.1646219135820939e-02,  5.0722540863070742e-01,  6.0511499199082236e+03,  2.1434699628869845e+02, -1.5022762601206590e+04,  1.0028509344792816e+01,  2.6506643362574516e+00,  4.9447076665099594e+00,  9.4047202133456381e-03,  1.3551540511986393e-01, -2.0510702841063417e+00,  2.7433066213374402e-01, -2.9022075844268420e-03, -1.2231886984632177e-02, -1.7760292728895433e-01,  0.0000000000000000e+00,  2.6305678266754551e-02, -7.6686473759805651e-01,  2.8408796058451622e+00,  0.0000000000000000e+00
 9.5604395604395602e+00,  6.3336906537042296e+02, -2.7186223124351777e-01,  2.7192424562778235e+01, -2.3588989204343689e-02,  9.1623272126403754e-02,  5.0708434614395881e-01,  6.0574636838490524e+03,  2.1484335786355922e+02, -1.5022788570784247e+04,  1.0028511233601513e+01,  2.6506820115921084e+00,  4.9498613936171312e+00,  9.3770397878702397e-03,  1.3535494178140811e-01, -2.0527027788063172e+00,  2.7433066213374402e-01, -2.5817079016505480e-03, -1.9643272409456645e-02, -1.1729665262165972e-01,  0.0000000000000000e+00,  3.7858358225060264e-02, -7.1689462445181962e-01,  9.2324365825473578e+00,  0.0000000000000000e+00
 9.5704295704295710e+00,  6.3336852640009488e+02, -2.7183120084028345e-01,  2.7192471734288802e+01, -2.3576758271178822e-02,  9.1598806869812588e-02,  5.0692545426544799e-01,  6.0637773977133893e+03,  2.1534028698886425e+02, -1.5022814541965248e+04,  1.0028513122843817e+01,  2.6506997177137004e+00,  4.9550136007432277e+00,  9.3531376378880853e-03,  1.3512293214465002e-01, -2.0534138735693119e+00,  2.7433066213374402e-01, -2.1613426492220989e-03, -2.6230282717732364e-02, -3.4520380988410614e-02,  0.0000000000000000e+00,  4.6298765311116215e-02, -6.0182483926499419e-01,  7.3393729984293063e+00,  0.0000000000000000e+00
 9.5804195804195800e+00,  6.3336798791618469e+02, -2.7177967418214605e-01,  2.7192516494751832e+01, -2.3555472656700317e-02,  9.1575687157190028e-02,  5.0675028640881781e-01,  6.0700910614469321e+03,  2.1583778367897844e+02, -1.5022840514744810e+04,  1.0028515107052730e+01,  2.6507174850037702e+00,  4.9601641209503793e+00,  9.3338561185551134e-03,  1.3483086020862625e-01, -2.0533924967081836e+00,  2.7433066213374402e-01, -1.6843316636907977e-03, -3.0753563605728222e-02,  2.2125613661212698e-02,  0.0000000000000000e+00,  4.9198833992251410e-02, -3.0373599451178707e-01,  4.0011551304254134e+00,  0.0000000000000000e+00
 9.5904095904095907e+00,  6.3336745009688275e+02, -2.7170618852640688e-01,  2.7192559840139829e+01, -2.3528171793020254e-02,  9.1558432931365896e-02,  5.0656115365526400e-01,  6.0764046749967638e+03,  2.1633584794534602e+02, -1.5022866489113090e+04,  1.0028517257894922e+01,  2.6507353823780275e+00,  4.9653128125594463e+00,  9.3194846575945633e-03,  1.3450847532935076e-01, -2.0529718033662907e+00,  2.7433066213374402e-01, -1.2055016333529986e-03, -3.2025409177043607e-02, -2.2373279418901763e-02,  0.0000000000000000e+00,  4.6662938081377052e-02,  4.9112511134443919e-02, -1.2909833525064432e+01,  0.0000000000000000e+00
 9.6003996003995997e+00,  6.3336691305240947e+02, -2.7160919418050222e-01,  2.7192602545347633e+01, -2.3497273250918216e-02,  9.1547786514952947e-02,  5.0635780138677322e-01,  6.0827182383108366e+03,  2.1683447979715524e+02, -1.5022892465057595e+04,  1.0028519619354199e+01,  2.6507534982292280e+00,  4.9704595531713727e+00,  9.3097701718347740e-03,  1.3419099189340061e-01, -2.0538395152779918e+00,  2.7433066213374402e-01, -7.7335122315296695e-04, -2.9358590195761852e-02, -8.1080741652514984e-02,  0.0000000000000000e+00,  3.9853574040670310e-02,  4.8478464891816936e-01,  1.1565995858949281e+00,  0.0000000000000000e+00
 9.6103896103896105e+00,  6.3336637686010886e+02, -2.7148675776030912e-01,  2.7192646235762371e+01, -2.3465889832004524e-02,  9.1549778883574545e-02,  5.0613853746174620e-01,  6.0890317513375312e+03,  2.1733367924520633e+02, -1.5022918442562723e+04,  1.0028522210088290e+01,  2.6507719534962435e+00,  4.9756042062952881e+00,  9.3040330847043943e-03,  1.3392189011065422e-01, -2.0545917982045028e+00,  2.7433066213374402e-01, -4.3625750539487223e-04, -2.1335246907032111e-02, -9.8524410705542298e-02,  0.0000000000000000e+00,  2.7632588254488371e-02,  1.1214886774849642e+00, -4.6488221303119639e+00,  0.0000000000000000e+00
 9.6203796203796212e+00,  6.3336584145748134e+02, -2.7133716376473199e-01,  2.7192692837894821e+01, -2.3437651395667034e-02,  9.1567362719130629e-02,  5.0590346462031577e-01,  6.0953452140261934e+03,  2.1783344629958606e+02, -1.5022944421606995e+04,  1.0028525010944069e+01,  2.6507909257792659e+00,  4.9807466455956835e+00,  9.3010537381605501e-03,  1.3376471323391942e-01, -2.0558080349724084e+00,  2.7433066213374402e-01, -2.3245874858221000e-04, -8.0055015373316878e-03, -6.5579243936341722e-02,  0.0000000000000000e+00,  1.3167922859409929e-02,  1.5471263455292723e+00,  1.1244444517508576e+01,  0.0000000000000000e+00
 9.6303696303696302e+00,  6.3336530666724798e+02, -2.7115866925968385e-01,  2.7192743141473493e+01, -2.3413479551999176e-02,  9.1595185076593463e-02,  5.0565270803453333e-01,  6.1016586263256659e+03,  2.1833378097176100e+02, -1.5022970402171837e+04,  1.0028527977676776e+01,  2.6508105738665266e+00,  4.9858867339882291e+00,  9.2993885542631913e-03,  1.3376194002998826e-01, -2.0559020728086255e+00,  2.7433066213374402e-01, -1.5673337799084283e-04,  7.7157041448607834e-03,  4.0800379299322370e-02,  0.0000000000000000e+00,  1.9922963329819542e-03,  1.6002590320456973e+00,  1.0052756054271622e+01,  0.0000000000000000e+00
 9.6403596403596410e+00,  6.3336477229476429e+02, -2.7095032879865522e-01,  2.7192797142033278e+01, -2.3392524471097464e-02,  9.1627071321311551e-02,  5.0539049953186643e-01,  6.1079719881838228e+03,  2.1883468327116492e+02, -1.5022996384246884e+04,  1.0028531067891427e+01,  2.6508309901995046e+00,  4.9910243495913642e+00,  9.2979222021367571e-03,  1.3391887315689366e-01, -2.0549928425788155e+00,  2.7433066213374402e-01, -1.7314055106046751e-04,  2.2464987858095770e-02,  9.5940247310905447e-02,  0.0000000000000000e+00, -5.2770123815208524e-03,  1.3525475673439811e+00,  9.8624552164743851e-01,  0.0000000000000000e+00
 9.6503496503496500e+00,  6.3336423815010630e+02, -2.7071151637349777e-01,  2.7192854172614105e+01, -2.3374268625071484e-02,  9.1656611740023181e-02,  5.0512014875440259e-01,  6.1142852995477997e+03,  2.1933615320357359e+02, -1.5023022367830250e+04,  1.0028534247223746e+01,  2.6508521991776970e+00,  4.9961593986750934e+00,  9.2959292025936516e-03,  1.3421079093624391e-01, -2.0539851847504655e+00,  2.7433066213374402e-01, -2.5263840095654831e-04,  3.3380857146779977e-02,  1.2399313848403204e-01,  0.0000000000000000e+00, -1.0638457167674711e-02,  8.3280946425062308e-01,  4.6299432912125695e+00,  0.0000000000000000e+00
 9.6603396603396607e+00,  6.3336370408111623e+02, -2.7044201768745102e-01,  2.7192912909892904e+01, -2.3358770594386978e-02,  9.1677763651658251e-02,  5.0484544276605670e-01,  6.1205985603638119e+03,  2.1983819077200198e+02, -1.5023048352928663e+04,  1.0028537483020880e+01,  2.6508741532491795e+00,  5.0012918076156936e+00,  9.2928744818379250e-03,  1.3458582334963651e-01, -2.0525154571945192e+00,  2.7433066213374402e-01, -3.7585572147971394e-04,  3.8803063927829534e-02,  2.3698077188215355e-01,  0.0000000000000000e+00, -1.4029650401063335e-02,  2.5271633331551069e-01,  1.7990180915091617e+01,  0.0000000000000000e+00
 9.6703296703296697e+00,  6.3336317000453437e+02, -2.7014286536825138e-01,  2.7192972328796998e+01, -2.3345801684978108e-02,  9.1690451954647853e-02,  5.0457515796034424e-01,  6.1269117705780873e+03,  2.2034079597289997e+02, -1.5023074339554052e+04,  1.0028540744994320e+01,  2.6508967610743372e+00,  5.0064215557657779e+00,  9.2884195977688822e-03,  1.3498607692880793e-01, -2.0492503041933796e+00,  2.7433066213374402e-01, -5.1201739687860260e-04,  3.9195368804005704e-02,  4.1861467782928502e-01,  0.0000000000000000e+00, -1.3229917013794475e-02, -1.7417689710504142e-01,  1.8372927055524521e+01,  0.0000000000000000e+00
 9.6803196803196805e+00,  6.3336263585350912e+02, -2.6981651564371423e-01,  2.7193031607836485e+01, -2.3333545080679977e-02,  9.1695214884603235e-02,  5.0432025304350347e-01,  6.1332249301379015e+03,  2.2084396879018408e+02, -1.5023100327719803e+04,  1.0028544016839698e+01,  2.6509199225547571e+00,  5.0115487261857057e+00,  9.2826443640181729e-03,  1.3536894760146478e-01, -2.0441515275675606e+00,  2.7433066213374402e-01, -6.0651373304426780e-04,  3.5739758841405622e-02,  6.6194543009875007e-01,  0.0000000000000000e+00, -5.6882494865719236e-03, -5.1763621740750210e-01,  3.0341889548822962e+01,  0.0000000000000000e+00
 9.6903096903096895e+00,  6.3336210160562894e+02, -2.6946733095214498e-01,  2.7193089935774228e+01, -2.3318873747884421e-02,  9.1692492709481987e-02,  5.0409596796444534e-01,  6.1395380389917855e+03,  2.2134770919239259e+02, -1.5023126317441760e+04,  1.0028547313754872e+01,  2.6509435171241686e+00,  5.0166735264615170e+00,  9.2763014412645013e-03,  1.3570015802454030e-01, -2.0360246212743238e+00,  2.7433066213374402e-01, -5.8821285011141037e-04,  2.9332175635147804e-02,  9.0488895339195530e-01,  0.0000000000000000e+00,  9.3520862497300222e-03, -7.6516194048532793e-01,  1.8295403814477289e+01,  0.0000000000000000e+00
 9.7002997002997002e+00,  6.3336156727329853e+02, -2.6910184350420935e-01,  2.7193146595521164e+01, -2.3298942211477550e-02,  9.1682781312453124e-02,  5.0392000798350023e-01,  6.1458510970901934e+03,  2.2185201712717895e+02, -1.5023152308738574e+04,  1.0028550691731731e+01,  2.6509674021950467e+00,  5.0217963343404319e+00,  9.2708918595204425e-03,  1.3595500505671249e-01, -2.0260718281990902e+00,  2.7433066213374402e-01, -4.0152181177591814e-04,  2.0778715270326795e-02,  1.0534661590649630e+00,  0.0000000000000000e+00,  2.8023459625023832e-02, -9.4724082455132019e-01,  1.1449752761275903e+01,  0.0000000000000000e+00
 9.7102897102897110e+00,  6.3336103290423580e+02, -2.6872833477833907e-01,  2.7193200971767300e+01, -2.3272775401872982e-02,  9.1666877550607304e-02,  5.0380911040715637e-01,  6.1521641043853288e+03,  2.2235689252140457e+02, -1.5023178301631689e+04,  1.0028554234330773e+01,  2.6509914109174253e+00,  5.0269176964837579e+00,  9.2682790274428040e-03,  1.3611531717080061e-01, -2.0149763463679293e+00,  2.7433066213374402e-01, -3.1942076581557177e-05,  1.1019532810125562e-02,  1.0579796723436645e+00,  0.0000000000000000e+00,  4.5966403360890258e-02, -1.0065475039811909e+00, -1.0546147402900644e+01,  0.0000000000000000e+00
 9.7202797202797200e+00,  6.3336049858555293e+02, -2.6835639330749977e-01,  2.7193252927707000e+01, -2.3241702320054222e-02,  9.1647971571363882e-02,  5.0377661485805414e-01,  6.1584770608313147e+03,  2.2286233528260342e+02, -1.5023204296143202e+04,  1.0028558033437625e+01,  2.6510153685616689e+00,  5.0320383173209011e+00,  9.2702536561921397e-03,  1.3617517554242928e-01, -2.0049333732072090e+00,  2.7433066213374402e-01,  4.8390120790381587e-04,  1.6638681067300653e-03,  9.3441797261219384e-01,  0.0000000000000000e+00,  5.7305422193082628e-02, -8.6645656963860929e-01, -1.4190904883337829e+01,  0.0000000000000000e+00
 9.7302697302697307e+00,  6.3335996440437509e+02, -2.6799579503684395e-01,  2.7193302831893035e+01, -2.3209471817811508e-02,  9.1629845025455403e-02,  5.0382875992580733e-01,  6.1647899663839135e+03,  2.2336834530612444e+02, -1.5023230292292312e+04,  1.0028562158873919e+01,  2.6510391238789768e+00,  5.0371590017531904e+00,  9.2779473832450780e-03,  1.3614856128881719e-01, -1.9963066566054481e+00,  2.7433066213374402e-01,  1.0719755593651312e-03, -5.8768082322986697e-03,  8.2223693812179799e-01,  0.0000000000000000e+00,  6.0427062969474081e-02, -6.4318683343496097e-01, -8.2677382216396804e+00,  0.0000000000000000e+00
 9.7402597402597397e+00,  6.3335943043239831e+02, -2.6765631302356069e-01,  2.7193350936326318e+01, -2.3179620898128344e-02,  9.1613191951615117e-02,  5.0396789621088489e-01,  6.1711028209997794e+03,  2.2387492248199459e+02, -1.5023256290095847e+04,  1.0028566645454616e+01,  2.6510625423082654e+00,  5.0422805998592750e+00,  9.2916717492863479e-03,  1.3605775679652921e-01, -1.9885050627552252e+00,  2.7433066213374402e-01,  1.6603437514640786e-03, -1.1267071251105081e-02,  6.7697983702181674e-01,  0.0000000000000000e+00,  5.7364249088736559e-02, -4.3594382293009515e-01, -2.0812733418579143e+01,  0.0000000000000000e+00
 9.7502497502497505e+00,  6.3335889675885244e+02, -2.6734694044066187e-01,  2.7193397624572516e+01, -2.3154818693869029e-02,  9.1599611455421337e-02,  5.0419006906439756e-01,  6.1774156246356861e+03,  2.2438206670072950e+02, -1.5023282289569857e+04,  1.0028571498050162e+01,  2.6510854957970160e+00,  5.0474039596835514e+00,  9.3111210845730312e-03,  1.3592344498010381e-01, -1.9827805859356817e+00,  2.7433066213374402e-01,  2.1853472792392904e-03, -1.4157971696375548e-02,  4.4601836329210948e-01,  0.0000000000000000e+00,  4.7741457171862026e-02, -1.4281444621305883e-01, -2.5425753622108779e+01,  0.0000000000000000e+00
 9.7602397602397595e+00,  6.3335836344171128e+02, -2.6707468378314331e-01,  2.7193443649079263e+01, -2.3138888589207519e-02,  9.1591391040277900e-02,  5.0448261954113094e-01,  6.1837283772481805e+03,  2.2488977786275373e+02, -1.5023308290725481e+04,  1.0028576686827817e+01,  2.6511078969744970e+00,  5.0525298495610391e+00,  9.3353350315888307e-03,  1.3577488023915907e-01, -1.9795936069451932e+00,  2.7433066213374402e-01,  2.5753917519603423e-03, -1.4017673464657586e-02,  1.8298014494069520e-01,  0.0000000000000000e+00,  3.0345446266893467e-02,  1.7090215220299479e-01, -2.7234497691844975e+01,  0.0000000000000000e+00
 9.7702297702297702e+00,  6.3335783049583017e+02, -2.6684430871879433e-01,  2.7193489849282347e+01, -2.3135105990007756e-02,  9.1589941786235501e-02,  5.0482805493861804e-01,  6.1900410787926112e+03,  2.2539805588654585e+02, -1.5023334293568718e+04,  1.0028582136926074e+01,  2.6511296996765559e+00,  5.0576588913612044e+00,  9.3625774632335769e-03,  1.3564337158420656e-01, -1.9791246389838197e+00,  2.7433066213374402e-01,  2.7650992996762114e-03, -1.0804282614020812e-02, -3.4548719141898290e-02,  0.0000000000000000e+00,  7.6340047858718786e-03,  4.7241869609421894e-01, -1.6314780897488458e+01,  0.0000000000000000e+00
 9.7802197802197810e+00,  6.3335729789667710e+02, -2.6665767764042930e-01,  2.7193536969467022e+01, -2.3145593510726141e-02,  9.1595011556528397e-02,  5.0520352252923817e-01,  6.1963537292226611e+03,  2.2590690071525742e+02, -1.5023360298100117e+04,  1.0028587736119269e+01,  2.6511509022075899e+00,  5.0627915059182289e+00,  9.3905817708431049e-03,  1.3555901045666113e-01, -1.9802838910439324e+00,  2.7433066213374402e-01,  2.7218778325540085e-03, -5.3216343370423545e-03, -1.6480236361936376e-01,  0.0000000000000000e+00, -1.6286942503787576e-02,  6.2520748895698908e-01, -9.7619987268969144e+00,  0.0000000000000000e+00
 9.7902097902097900e+00,  6.3335676559797844e+02, -2.6651442196274672e-01,  2.7193585266597989e+01, -2.3169817475710081e-02,  9.1603730328042199e-02,  5.0558788024614865e-01,  6.2026663284896040e+03,  2.2641631231915898e+02, -1.5023386304317568e+04,  1.0028593352813061e+01,  2.6511715211756384e+00,  5.0679278925407676e+00,  9.4169606367111788e-03,  1.3553704522382609e-01, -1.9824173935016891e+00,  2.7433066213374402e-01,  2.4539894616997424e-03,  1.0572019779000032e-03, -2.7853048743010722e-01,  0.0000000000000000e+00, -3.7344309341237156e-02,  6.5183554129448573e-01, -1.3006371660014187e+01,  0.0000000000000000e+00
 9.8001998001998007e+00,  6.3335623355779580e+02, -2.6641159533749181e-01,  2.7193634949981188e+01, -2.3206107062620464e-02,  9.1614861238480588e-02,  5.0595853632466892e-01,  6.2089788765425510e+03,  2.2692629069514263e+02, -1.5023412312216618e+04,  1.0028598856784821e+01,  2.6511915894239837e+00,  5.0730680322883517e+00,  9.4396125293186237e-03,  1.3558013337330249e-01, -1.9858489357478306e+00,  2.7433066213374402e-01,  1.9909754072103842e-03,  7.2921873795734702e-03, -4.3611140464786236e-01,  0.0000000000000000e+00, -5.5351104367533419e-02,  5.9640853612055678e-01, -1.8541327966980763e+01,  0.0000000000000000e+00
 9.8101898101898097e+00,  6.3335570171320899e+02, -2.6634407806423294e-01,  2.7193685941546157e+01, -2.3253000247714331e-02,  9.1626173874684649e-02,  5.0629484808843306e-01,  6.2152913733284195e+03,  2.2743683586650016e+02, -1.5023438321789867e+04,  1.0028604123226417e+01,  2.6512111602502699e+00,  5.0782116895329814e+00,  9.4567403651269703e-03,  1.3568274327336802e-01, -1.9911309080800679e+00,  2.7433066213374402e-01,  1.3616123786652013e-03,  1.2758335190116415e-02, -5.9286659637840411e-01,  0.0000000000000000e+00, -7.0647373947213640e-02,  4.9791425555015328e-01, -1.2841061417474062e+01,  0.0000000000000000e+00
 9.8201798201798205e+00,  6.3335516999925665e+02, -2.6630472778588538e-01,  2.7193738404579872e+01, -2.3308342283601697e-02,  9.1638589801318004e-02,  5.0657778446636681e-01,  6.2216038187920849e+03,  2.2794794788083252e+02, -1.5023464333026994e+04,  1.0028609032891721e+01,  2.6512303091799150e+00,  5.0833584289883778e+00,  9.4668175718493966e-03,  1.3583504516531281e-01, -1.9976944221889574e+00,  2.7433066213374402e-01,  6.0699195204805267e-04,  1.7750434573916927e-02, -6.4731439791251633e-01,  0.0000000000000000e+00, -8.0427635461541302e-02,  5.0150404108672109e-01,  1.9406115503446726e+00,  0.0000000000000000e+00
 9.8301698301698295e+00,  6.3335463830931280e+02, -2.6628566866027276e-01,  2.7193792676235528e+01, -2.3368844071980945e-02,  9.1653020237425942e-02,  5.0679648525216658e-01,  6.2279162128771804e+03,  2.2845962680392756e+02, -1.5023490345912300e+04,  1.0028613487571370e+01,  2.6512491549276698e+00,  5.0885076664298019e+00,  9.4688680764566015e-03,  1.3603739731080891e-01, -2.0040642626837144e+00,  2.7433066213374402e-01, -2.1272707921877912e-04,  2.2506383727880191e-02, -6.1514124221493705e-01,  0.0000000000000000e+00, -8.3680114598080321e-02,  4.5063697953673565e-01,  4.5004542203107691e+00,  0.0000000000000000e+00
 9.8401598401598402e+00,  6.3335410650631604e+02, -2.6627905172775512e-01,  2.7193848527921816e+01, -2.3431218685997394e-02,  9.1666853460328643e-02,  5.0694682420933190e-01,  6.2342285555263052e+03,  2.2897187271034585e+02, -1.5023516360429941e+04,  1.0028617417776914e+01,  2.6512678172954778e+00,  5.0936587465696137e+00,  9.4625672805563141e-03,  1.3628472316187384e-01, -2.0099849564989460e+00,  2.7433066213374402e-01, -1.0307884432516148e-03,  2.6099520740820184e-02, -5.5706951986143138e-01,  0.0000000000000000e+00, -8.0095770481299400e-02,  2.6870905045427601e-01,  7.1255045948500282e+00,  0.0000000000000000e+00
 9.8501498501498510e+00,  6.3335357447160629e+02, -2.6627739269159378e-01,  2.7193905366549583e+01, -2.3491499199606448e-02,  9.1677381131021168e-02,  5.0702929928493812e-01,  6.2405408466811614e+03,  2.2948468567738564e+02, -1.5023542376567526e+04,  1.0028620788968889e+01,  2.6512863905430883e+00,  5.0988109915626811e+00,  9.4482729027652590e-03,  1.3655886625667948e-01, -2.0151945228208068e+00,  2.7433066213374402e-01, -1.7780684141912803e-03,  2.7483112817833933e-02, -4.6293165579540796e-01,  0.0000000000000000e+00, -6.9509679700790764e-02,  8.2860833633674937e-03,  1.1720895791176728e+01,  0.0000000000000000e+00
 9.8601398601398600e+00,  6.3335304211264338e+02, -2.6627388387772133e-01,  2.7193962408153869e+01, -2.3545710795608573e-02,  9.1682338679709388e-02,  5.0704805339523007e-01,  6.2468530862829948e+03,  2.2999806577999959e+02, -1.5023568394316260e+04,  1.0028623607403011e+01,  2.6513049425597370e+00,  5.1039637419306914e+00,  9.4270414381149303e-03,  1.3683383630508730e-01, -2.0192343402311219e+00,  2.7433066213374402e-01, -2.3909520865092308e-03,  2.5998485544257859e-02, -3.8599603835866231e-01,  0.0000000000000000e+00, -5.3189631497264342e-02, -3.0550846353330130e-01,  3.6816148196599290e+00,  0.0000000000000000e+00
 9.8701298701298708e+00,  6.3335250936990212e+02, -2.6626262293546399e-01,  2.7194018751459119e+01, -2.3590823410347326e-02,  9.1680255202555780e-02,  5.0700970236757870e-01,  6.2531652742731221e+03,  2.3051201308656889e+02, -1.5023594413671110e+04,  1.0028625919115914e+01,  2.6513235112926852e+00,  5.1091163909052204e+00,  9.4005016323055347e-03,  1.3707831651730401e-01, -2.0229067313794213e+00,  2.7433066213374402e-01, -2.8329131890323734e-03,  2.1614896530948988e-02, -3.5977288442625377e-01,  0.0000000000000000e+00, -3.5290981227869868e-02, -5.7208605693114445e-01,  1.5682605976083179e+00,  0.0000000000000000e+00
 9.8801198801198797e+00,  6.3335197622132625e+02, -2.6623831993317426e-01,  2.7194073753853090e+01, -2.3625819124786347e-02,  9.1671915104519039e-02,  5.0692027185402422e-01,  6.2594774105931128e+03,  2.3102652765781144e+02, -1.5023620434628476e+04,  1.0028627792589319e+01,  2.6513421224524731e+00,  5.1142683937310256e+00,  9.3704397759964021e-03,  1.3726570236964172e-01, -2.0264226096502278e+00,  2.7433066213374402e-01, -3.0993827977623843e-03,  1.5055488272001592e-02, -3.4021294716351852e-01,  0.0000000000000000e+00, -1.8056234439878933e-02, -7.4110747651013986e-01,  2.3476388423913281e+00,  0.0000000000000000e+00
 9.8901098901098905e+00,  6.3335144267819680e+02, -2.6619639908532022e-01,  2.7194126930316138e+01, -2.3649980792518531e-02,  9.1658307031882755e-02,  5.0678604939144345e-01,  6.2657894951852149e+03,  2.3154160954667415e+02, -1.5023646457184554e+04,  1.0028629308116422e+01,  2.6513608020910695e+00,  5.1194192681934689e+00,  9.3385759020805127e-03,  1.3737912547378756e-01, -2.0297041928612098e+00,  2.7433066213374402e-01, -3.2030966737762209e-03,  7.1876884667710951e-03, -3.3004254210462070e-01,  0.0000000000000000e+00, -2.7072835380913813e-03, -8.3402604449702378e-01, -3.1152374959996054e-01,  0.0000000000000000e+00
 9.9000999000998995e+00,  6.3335090878711367e+02, -2.6613268749565444e-01,  2.7194177936556954e+01, -2.3663879724303005e-02,  9.1640597300875440e-02,  5.0661162138465843e-01,  6.2721015279923386e+03,  2.3205725879900282e+02, -1.5023672481335190e+04,  1.0028630551000946e+01,  2.6513795770584574e+00,  5.1245685886398640e+00,  9.3064418404564184e-03,  1.3740931252881797e-01, -2.0330168662357346e+00,  2.7433066213374402e-01, -3.1727294413303291e-03, -9.4109562909994019e-04, -2.8693787272603816e-01,  0.0000000000000000e+00,  8.7868034737589844e-03, -7.9335653149637630e-01,  8.9410785591922899e+00,  0.0000000000000000e+00
 9.9100899100899102e+00,  6.3335037462386185e+02, -2.6604356832619719e-01,  2.7194226993094833e+01, -2.3668749127317267e-02,  9.1622681289038832e-02,  5.0640210698846189e-01,  6.2784135089583033e+03,  2.3257347545460746e+02, -1.5023698507073696e+04,  1.0028631599145770e+01,  2.6513984909544264e+00,  5.1297159782216060e+00,  9.2751847044515359e-03,  1.3736032236431503e-01, -2.0354372172913004e+00,  2.7433066213374402e-01, -3.0393985917868903e-03, -7.7931162843408262e-03, -1.5978239635146299e-01,  0.0000000000000000e+00,  1.7906032604837790e-02, -5.7841800368286500e-01,  1.6515447810997951e+01,  0.0000000000000000e+00
 9.9200799200799192e+00,  6.3334984024471521e+02, -2.6592625931168046e-01,  2.7194274539104082e+01, -2.3664611421902189e-02,  9.1607034369832599e-02,  5.0616404890558420e-01,  6.2847254380282011e+03,  2.3309025954549710e+02, -1.5023724534390089e+04,  1.0028632526065442e+01,  2.6514176154142701e+00,  5.1348611247650915e+00,  9.2457145958652724e-03,  1.3725360590975022e-01, -2.0362093217072923e+00,  2.7433066213374402e-01, -2.8124121084407523e-03, -1.2449868026850750e-02, -4.6911126864878097e-02,  0.0000000000000000e+00,  2.7536661361059516e-02, -3.5386369516763250e-01,  6.0813803402166045e+00,  0.0000000000000000e+00
 9.9300699300699300e+00,  6.3334930569559504e+02, -2.6577888941060435e-01,  2.7194320897533256e+01, -2.3651195822857438e-02,  9.1594132897794112e-02,  5.0590478380332304e-01,  6.2910373151480035e+03,  2.3360761109452997e+02, -1.5023750563274763e+04,  1.0028633414273948e+01,  2.6514370201493187e+00,  5.1400037899620852e+00,  9.2189926543328402e-03,  1.3711157375238994e-01, -2.0363745025433460e+00,  2.7433066213374402e-01, -2.4975938420175904e-03, -1.4943922345075220e-02,  3.1320380965580943e-02,  0.0000000000000000e+00,  3.5489955576807466e-02, -1.4544597934115250e-01,  9.5805675274403317e+00,  0.0000000000000000e+00
 9.9400599400599408e+00,  6.3334877101570635e+02, -2.6560022750725765e-01,  2.7194366442635559e+01, -2.3629542381826265e-02,  9.1584146583327919e-02,  5.0563083341258652e-01,  6.2973491402644649e+03,  2.3412553011617970e+02, -1.5023776593718747e+04,  1.0028634343873604e+01,  2.6514567687570421e+00,  5.1451438021040463e+00,  9.1958126209997822e-03,  1.3695502604271573e-01, -2.0355835398698181e+00,  2.7433066213374402e-01, -2.1080342397437708e-03, -1.5665379108758200e-02,  2.5965844556924933e-01,  0.0000000000000000e+00,  4.2499876798450312e-02,  1.0103352521098979e-03,  3.6132713006212356e+01,  0.0000000000000000e+00
 9.9500499500499497e+00,  6.3334823625798879e+02, -2.6539048847275964e-01,  2.7194411406788802e+01, -2.3599461581860569e-02,  9.1576707289483569e-02,  5.0535319168579884e-01,  6.3036609133251213e+03,  2.3464401661492923e+02, -1.5023802625715132e+04,  1.0028635393957016e+01,  2.6514769054609038e+00,  5.1502810691082974e+00,  9.1768740881041939e-03,  1.3679857916480237e-01, -2.0311865216128915e+00,  2.7433066213374402e-01, -1.6386266871993361e-03, -1.4602576874508420e-02,  5.5873609700054749e-01,  0.0000000000000000e+00,  5.1475515220946615e-02,  2.1176267204469895e-01,  2.3742632810334225e+01,  0.0000000000000000e+00
 9.9600399600399605e+00,  6.3334770148580048e+02, -2.6515230633640108e-01,  2.7194456643560788e+01, -2.3561167357033966e-02,  9.1575548114353270e-02,  5.0508950644532524e-01,  6.3099726342794338e+03,  2.3516307057712174e+02, -1.5023828659258435e+04,  1.0028636654088265e+01,  2.6514974664406159e+00,  5.1554156494577272e+00,  9.1630728270497459e-03,  1.3666326626500327e-01, -2.0244199814881889e+00,  2.7433066213374402e-01, -1.0890989095053332e-03, -1.0983929445126429e-02,  6.0933799127498367e-01,  0.0000000000000000e+00,  5.8539945873394048e-02,  5.1269054331758390e-01, -1.3612133576591983e+01,  0.0000000000000000e+00
 9.9700299700299695e+00,  6.3334716667585985e+02, -2.6488909045951003e-01,  2.7194503069866631e+01, -2.3517448243678855e-02,  9.1582109639794976e-02,  5.0485006735119886e-01,  6.3162843030788872e+03,  2.3568269197111331e+02, -1.5023854694343698e+04,  1.0028638205036145e+01,  2.6515184876932603e+00,  5.1605477519173100e+00,  9.1551138701320596e-03,  1.3657912003502962e-01, -2.0190119363726322e+00,  2.7433066213374402e-01, -5.0497204844200552e-04, -4.1869241350858096e-03,  4.1385021502764174e-01,  0.0000000000000000e+00,  5.8402251711485498e-02,  8.4806991975256407e-01, -2.5524519228126330e+01,  0.0000000000000000e+00
 9.9800199800199803e+00,  6.3334663174044351e+02, -2.6460445915561526e-01,  2.7194551845615258e+01, -2.3473435177061231e-02,  9.1598508926886910e-02,  5.0464003269041491e-01,  6.3225959196759559e+03,  2.3620288075617120e+02, -1.5023880730965800e+04,  1.0028640091624924e+01,  2.6515400100416127e+00,  5.1656776595603455e+00,  9.1529834754325232e-03,  1.3657961143712943e-01, -2.0161512459232012e+00,  2.7433066213374402e-01,  3.2082246534467031e-05,  5.7926362263061894e-03,  2.4367571885243872e-01,  0.0000000000000000e+00,  4.9116018142805543e-02,  1.1498380645981374e+00, -8.5444149061497043e+00,  0.0000000000000000e+00
 9.9900099900099892e+00,  6.3334609651266464e+02, -2.6430245748877695e-01,  2.7194603801708833e+01, -2.3433859706869970e-02,  9.1623431980539238e-02,  5.0446393166949699e-01,  6.3289074840234043e+03,  2.3672363688639334e+02, -1.5023906769120851e+04,  1.0028642305627054e+01,  2.6515620713971249e+00,  5.1708056987267943e+00,  9.1557548740588222e-03,  1.3669485702256820e-01, -2.0141432906413148e+00,  2.7433066213374402e-01,  2.7741700249255848e-04,  1.1536083102421721e-02,  2.0099632371684417e-01,  0.0000000000000000e+00,  4.9116018142796813e-02,  1.1498380645979329e+00, -8.5444149061481856e+00,  0.0000000000000000e+00
