LogTemp: Warning: Time =   0.0000000000000000,         CurrentStates =  633.0249085678411802,    1.5258201832725229,    35.1160505388143491,    -0.0014367516073001,     0.0145873283166132,     0.0252659937910622,     0.0000000000000000,     0.0000000000000000,   -15000.0000000000000000,      0.5235987755982988,     0.0492068109315810,     0.0000000000000000,    -0.0002555541571685,    -0.0026299528489324,    -0.3094904357381833,     0.1068377366602210,       Controls =  -0.0002555541571685,     -0.0026299528489324,    -0.3094904357381833,     0.1068377366602210
LogTemp: Warning: Time =   0.1165164969861507,         CurrentStates =  633.0249085679383825,    1.5258201952974364,    35.1160505365528266,     1.5693596754258567,     0.1018537904009282,     0.0688992261531498,     5.2818503251183424,    -0.1346683254112515,   -15000.0000000000000000,      0.5235987760174539,     0.0492068109274495,     0.0002434275339373,    -0.0002555541571685,    -0.0026299528489324,    -0.3094904357381833,     0.1068377366602210,       Controls =  -0.0002555541571685,     -0.0026299528489324,    -0.3094904357381833,     0.1068377366602210
LogTemp: Warning: Time =   0.1311408989131451,         CurrentStates =  632.6553423726203391,    5.1078744826113338,    40.6538392325850211,     1.1962417126916558,     0.1036231328095361,     0.0573143265948456,    79.1346639011347435,    -1.8626851675384430,   -15000.0035804471772281,      0.6844516893919095,     0.0549473494279242,     0.0131225793292914,    -0.0002555541571685,    -0.0026299528489324,    -0.3094904357381833,     0.1068377366602210,       Controls =  -0.0002555541571685,     -0.0026299528489324,    -0.3094904357381833,     0.1068377366602210
LogTemp: Warning: Time =   0.1453859023749828,         CurrentStates =  632.6073968233530422,    5.5819824633570354,    41.2590083301517723,     1.1557830252798107,     0.1032984087749732,     0.0563367205565080,    88.4041965026703593,    -2.0562237252376039,   -15000.0047060477718333,      0.7017374431292459,     0.0555804470016547,     0.0147310600977600,    -0.0002555541571685,    -0.0026299528489324,    -0.3094904357381833,     0.1068377366602210,       Controls =  -0.0002555541571685,     -0.0026299528489324,    -0.3094904357381833,     0.1068377366602210
LogTemp: Warning: Time =   0.1593697033822536,         CurrentStates =  632.5606603302506983,    6.0436748864064276,    41.8280920196707413,     1.1175902823485135,     0.1028774792451195,     0.0554819796742561,    97.4332963735095774,    -2.2391200449755027,   -15000.0059677762565116,      0.7180154689236057,     0.0561752514977417,     0.0162946251910266,    -0.0002555541571685,    -0.0026299528489324,    -0.3094904357381833,     0.1068377366602210,       Controls =  -0.0002555541571685,     -0.0026299528489324,    -0.3094904357381833,     0.1068377366602210
LogTemp: Warning: Time =   0.1710862927138805,         CurrentStates =  632.5148349376272563,    6.4954578666688043,    42.3670010349195962,     1.0812273451994454,     0.1023673377217317,     0.0547346733943053,    106.2968739473063664,   -2.4131044933735022,   -15000.0073591898399172,      0.7334745087547766,     0.0567373174311916,     0.0178259342732030,    -0.0002555541571685,    -0.0026299528489324,    -0.3094904357381833,     0.1068377366602210,       Controls =  -0.0002555541571685,     -0.0026299528489324,    -0.3094904357381833,     0.1068377366602210
LogTemp: Warning: Time =   0.1855571083724499,         CurrentStates =  632.4765430013870855,    6.8719883483184834,    42.8033825696279990,     1.0515955246394131,     0.1018684393904011,     0.0541771306984641,    113.7234184989509771,   -2.5545283162846881,   -15000.0086352221678681,      0.7460413638779659,     0.0571910204125653,     0.0191058422883843,    -0.0002555541571685,    -0.0026299528489324,    -0.3094904357381833,     0.1068377366602210,       Controls =  -0.0002555541571685,     -0.0026299528489324,    -0.3094904357381833,     0.1068377366602210
LogTemp: Warning: Time =   0.2042787037789822,         CurrentStates =  632.4294595674821267,    7.3334181819591775,    43.3231815056536291,     1.0160180405058246,     0.1011654410237990,     0.0535729878093534,    122.8957302824796045,   -2.7235805344478576,   -15000.0103392464807257,      0.7610905644149953,     0.0577289733559027,     0.0206821595646313,    -0.0002555541571685,    -0.0026299528489324,    -0.3094904357381833,     0.1068377366602210,       Controls =  -0.0002555541571685,     -0.0026299528489324,    -0.3094904357381833,     0.1068377366602210
LogTemp: Warning: Time =   0.2227296940982342,         CurrentStates =  632.3690340241554395,    7.9225848423698091,    43.9641350841741598,     0.9716062173201669,     0.1001192343431424,     0.0529262526087807,    134.7624342155472164,   -2.9328369963117602,   -15000.0127293889745488,      0.7798113822338576,     0.0583869627028150,     0.0227132282826715,    -0.0002555541571685,    -0.0026299528489324,    -0.3094904357381833,     0.1068377366602210,       Controls =  -0.0002555541571685,     -0.0026299528489324,    -0.3094904357381833,     0.1068377366602210
LogTemp: Warning: Time =   0.2603210918605328,         CurrentStates =  632.3102037832308042,    8.4923676939853863,    44.5609368889847204,     0.9295527716302538,     0.0989444287137401,     0.0524329005196394,    146.4576289448517628,   -3.1283321689378161,   -15000.0152526216115803,      0.7974647627130974,     0.0589919979143151,     0.0247045026474885,    -0.0002555541571685,    -0.0026299528489324,    -0.3094904357381833,     0.1068377366602210,       Controls =  -0.0002555541571685,     -0.0026299528489324,    -0.3094904357381833,     0.1068377366602210
LogTemp: Warning: Time =   0.2748917154967785,         CurrentStates =  632.1933613191171162,    9.6107178949470278,    45.6696749686148564,     0.8488634461138247,     0.0961410733997019,     0.0518475116359538,    170.2849652084593686,   -3.4923787830150612,   -15000.0207078879921028,      0.8311101335532609,     0.0600849943627900,     0.0287235291290835,    -0.0002555541571685,    -0.0026299528489324,    -0.3094904357381833,     0.1068377366602210,       Controls =  -0.0002555541571685,     -0.0026299528489324,    -0.3094904357381833,     0.1068377366602210
LogTemp: Warning: Time =   0.2906293086707592,         CurrentStates =  632.1494265375860095,   10.0260467490445784,    46.0608656262733192,     0.8192968680235608,     0.0949173080289486,     0.0517639865949826,    179.5205105707449036,   -3.6207202569194705,   -15000.0228563815271627,      0.8433549507274981,     0.0604563075481354,     0.0302656135686189,    -0.0002555541571685,    -0.0026299528489324,    -0.3094904357381833,     0.1068377366602210,       Controls =  -0.0002555541571685,     -0.0026299528489324,    -0.3094904357381833,     0.1068377366602210
LogTemp: Warning: Time =   0.3059612028300762,         CurrentStates =  632.1029779230964323,   10.4617158272876374,    46.4593007156145177,     0.7883830967618135,     0.0935158445831460,     0.0517587358522405,    189.4957154833159905,   -3.7510974028164892,   -15000.0251447706541512,      0.8561043675539611,     0.0608234497158772,     0.0319201262184111,    -0.0002555541571685,    -0.0026299528489324,    -0.3094904357381833,     0.1068377366602210,       Controls =  -0.0002555541571685,     -0.0026299528489324,    -0.3094904357381833,     0.1068377366602210
LogTemp: Warning: Time =   0.3228252045810223,         CurrentStates =  632.0588307871782945,   10.8723188990389161,    46.8235141267961694,     0.7592530384067541,     0.0920751972818884,     0.0518350309017801,    199.2137162024853865,   -3.8697335140029079,   -15000.0273027075436403,      0.8680647619126064,     0.0611466189366545,     0.0335201058837981,    -0.0002555541571685,    -0.0026299528489324,    -0.3094904357381833,     0.1068377366602210,       Controls =  -0.0002555541571685,     -0.0026299528489324,    -0.3094904357381833,     0.1068377366602210
LogTemp: Warning: Time =   0.3416718058288097,         CurrentStates =  632.0116464805547594,   11.3071634628729267,    47.1969738994725674,     0.7282991777540483,     0.0904098232542527,     0.0520075714846890,    209.9027569659808137,   -3.9905050544211660,   -15000.0295450676821929,      0.8807131664112047,     0.0614620468663019,     0.0352654673193475,    -0.0002555541571685,    -0.0026299528489324,    -0.3094904357381833,     0.1068377366602210,       Controls =  -0.0002555541571685,     -0.0026299528489324,    -0.3094904357381833,     0.1068377366602210
LogTemp: Warning: Time =   0.3626622967422009,         CurrentStates =  631.9607652755661320,   11.7710924705166757,    47.5809137910763340,     0.6950063816701428,     0.0884552067117005,     0.0523046925929586,    221.8483353540800067,   -4.1132160212520308,   -15000.0318192146278307,      0.8942422118515108,     0.0617640979568185,     0.0371968005295650,    -0.0002555541571685,    -0.0026299528489324,    -0.3094904357381833,     0.1068377366602210,       Controls =  -0.0002555541571685,     -0.0026299528489324,    -0.3094904357381833,     0.1068377366602210
LogTemp: Warning: Time =   0.3786631040275097,         CurrentStates =  631.9065865610051560,   12.2588986966767237,    47.9673560674816457,     0.6594792277705923,     0.0861712448017515,     0.0527574809847213,    235.1526327983771409,   -4.2343809309396310,   -15000.0339638239311171,      0.9085865689698898,     0.0620368048177170,     0.0393222888786474,    -0.0002555541571685,    -0.0026299528489324,    -0.3094904357381833,     0.1068377366602210,       Controls =  -0.0002555541571685,     -0.0026299528489324,    -0.3094904357381833,     0.1068377366602210
LogTemp: Warning: Time =   0.3938582949340343,         CurrentStates =  631.8671750794206901,   12.6093543146749347,    48.2330684827212508,     0.6334549947757085,     0.0843607728997948,     0.0531835065135659,    245.2942062171466659,   -4.3155891620586306,   -15000.0352509888780332,      0.9190287575665393,     0.0621989878607356,     0.0409233215011918,    -0.0002555541571685,    -0.0026299528489324,    -0.3094904357381833,     0.1068377366602210,       Controls =  -0.0002555541571685,     -0.0026299528489324,    -0.3094904357381833,     0.1068377366602210
LogTemp: Warning: Time =   0.4109350852668285,         CurrentStates =  631.8313476121836629,   12.9244130698436592,    48.4625088515419264,     0.6095584245953636,     0.0825905165643005,     0.0536488165378265,    254.9250610220351803,   -4.3836499102986997,   -15000.0361384403186094,      0.9285652772889968,     0.0623160246150685,     0.0424275654941324,    -0.0002555541571685,    -0.0026299528489324,    -0.3094904357381833,     0.1068377366602210,       Controls =  -0.0002555541571685,     -0.0026299528489324,    -0.3094904357381833,     0.1068377366602210
LogTemp: Warning: Time =   0.4275055937469006,         CurrentStates =  631.7930304594791551,   13.2572647748993777,    48.6940052219923203,     0.5836225768468869,     0.0805468074840460,     0.0542380315530691,    265.7483457613025735,   -4.4494804362627214,   -15000.0366838102618203,      0.9388559063003508,     0.0624042229934431,     0.0440984438922377,    -0.0002555541571685,    -0.0026299528489324,    -0.3094904357381833,     0.1068377366602210,       Controls =  -0.0002555541571685,     -0.0026299528489324,    -0.3094904357381833,     0.1068377366602210
LogTemp: Warning: Time =   0.4451229982078075,         CurrentStates =  631.7579007607215544,   13.5582611092201208,    48.8922589134814345,     0.5593562969753573,     0.0785138542728190,     0.0548724395357785,    276.2505742196392475,   -4.5024553050611962,   -15000.0366900472836278,      0.9484244310706761,     0.0624456928803493,     0.0456991192317827,    -0.0002555541571685,    -0.0026299528489324,    -0.3094904357381833,     0.1068377366602210,       Controls =  -0.0002555541571685,     -0.0026299528489324,    -0.3094904357381833,     0.1068377366602210
LogTemp: Warning: Time =   0.4666723124682903,         CurrentStates =  631.7228518342250254,   13.8540214268947324,    49.0748838756699897,     0.5344972313112311,     0.0763042790439713,     0.0556096711183177,    287.4161241591733642,   -4.5468703135737032,   -15000.0360555689530884,      0.9581632163871039,     0.0624418961752616,     0.0473777456094910,    -0.0002555541571685,    -0.0026299528489324,    -0.3094904357381833,     0.1068377366602210,       Controls =  -0.0002555541571685,     -0.0026299528489324,    -0.3094904357381833,     0.1068377366602210
LogTemp: Warning: Time =   0.4843582026660442,         CurrentStates =  631.6833172104378491,   14.1811800788134921,    49.2593684141302646,     0.5053602862683544,     0.0735425429458587,     0.0565919074364503,    301.0733451041452895,   -4.5843340612955465,   -15000.0342625282664812,      0.9694908192766154,     0.0623699244292233,     0.0493973267875392,    -0.0002555541571685,    -0.0026299528489324,    -0.3094904357381833,     0.1068377366602210,       Controls =  -0.0002555541571685,     -0.0026299528489324,    -0.3094904357381833,     0.1068377366602210
LogTemp: Warning: Time =   0.5034702830016613,         CurrentStates =  631.6536957781316914,   14.4208174919558196,    49.3792876923091271,     0.4824533838558884,     0.0712344369939060,     0.0574580361379782,    312.2818110087443415,   -4.6010795062959780,   -15000.0318535419810360,      0.9783261352073797,     0.0622554230203095,     0.0510262073994372,    -0.0002555541571685,    -0.0026299528489324,    -0.3094904357381833,     0.1068377366602210,       Controls =  -0.0002555541571685,     -0.0026299528489324,    -0.3094904357381833,     0.1068377366602210
LogTemp: Warning: Time =   0.5230932049453259,         CurrentStates =  631.6246204278539835,   14.6502070497819794,    49.4775001133250214,     0.4586813874357228,     0.0687053309461956,     0.0584485029058503,    324.3938520388201709,   -4.6048556924360255,   -15000.0281930602577631,      0.9874255762984324,     0.0620755371875202,     0.0527565544090750,    -0.0002555541571685,    -0.0026299528489324,    -0.3094904357381833,     0.1068377366602210,       Controls =  -0.0002555541571685,     -0.0026299528489324,    -0.3094904357381833,     0.1068377366602210
LogTemp: Warning: Time =   0.5436296872794628,         CurrentStates =  631.5979989217503316,   14.8535540773080061,    49.5450190519775191,     0.4352978179135907,     0.0660783158937111,     0.0595178729463887,    336.8292834293922056,   -4.5931365176654007,   -15000.0231784457682807,      0.9963030988608028,     0.0618303079326365,     0.0545000344509035,    -0.0002555541571685,    -0.0026299528489324,    -0.3094904357381833,     0.1068377366602210,       Controls =  -0.0002555541571685,     -0.0026299528489324,    -0.3094904357381833,     0.1068377366602210
LogTemp: Warning: Time =   0.5661498121917248,         CurrentStates =  631.5736937254627037,   15.0313408840425673,    49.5802397973232942,     0.4118953424360150,     0.0633043456120281,     0.0606867134040810,    349.8433026088415545,   -4.5638281846386581,   -15000.0164360168910207,      1.0051106518056672,     0.0615082784740844,     0.0562879495710910,    -0.0002555541571685,    -0.0026299528489324,    -0.3094904357381833,     0.1068377366602210,       Controls =  -0.0002555541571685,     -0.0026299528489324,    -0.3094904357381833,     0.1068377366602210
LogTemp: Warning: Time =   0.5848920755088329,         CurrentStates =  631.5512607910069391,   15.1851258797290676,    49.5781214184130974,     0.3874414642746637,     0.0602434831389445,     0.0620181330871028,    364.1138683817055153,   -4.5115210785925983,   -15000.0071204395280802,      1.0142263125572437,     0.0610788124656983,     0.0582045207615142,    -0.0002555541571685,    -0.0026299528489324,    -0.3094904357381833,     0.1068377366602210,       Controls =  -0.0002555541571685,     -0.0026299528489324,    -0.3094904357381833,     0.1068377366602210
LogTemp: Warning: Time =   0.6055658869445324,         CurrentStates =  631.5359700110012682,   15.2803939331845129,    49.5446292335799185,     0.3680174833249347,     0.0576886619864121,     0.0631591554472534,    375.9901158514559825,   -4.4518169238765992,   -14999.9977037249609566,      1.0213994101073134,     0.0606610586119307,     0.0597639193449625,    -0.0002555541571685,    -0.0026299528489324,    -0.3094904357381833,     0.1068377366602210,       Controls =  -0.0002555541571685,     -0.0026299528489324,    -0.3094904357381833,     0.1068377366602210
LogTemp: Warning: Time =   0.6261313967406750,         CurrentStates =  631.5226594092549703,   15.3512446745456330,    49.4750975746893786,     0.3475323519330516,     0.0548706385296004,     0.0644456598672139,    389.0898444352893080,   -4.3688447961131924,   -14999.9854238828447706,      1.0288958535741606,     0.0601373877302901,     0.0614460088035090,    -0.0002555541571685,    -0.0026299528489324,    -0.3094904357381833,     0.1068377366602210,       Controls =  -0.0002555541571685,     -0.0026299528489324,    -0.3094904357381833,     0.1068377366602210
LogTemp: Warning: Time =   0.6466991119086742,         CurrentStates =  631.5130968930729978,   15.3864434313394316,    49.3729030238344961,     0.3280979132010275,     0.0520752190879459,     0.0657478045117505,    402.1204776572631090,   -4.2684346456582869,   -14999.9710969583084079,      1.0359393122181360,     0.0595518675900969,     0.0630794168989186,    -0.0002555541571685,    -0.0026299528489324,    -0.3094904357381833,     0.1068377366602210,       Controls =  -0.0002555541571685,     -0.0026299528489324,    -0.3094904357381833,     0.1068377366602210
LogTemp: Warning: Time =   0.6672169975936413,         CurrentStates =  631.5071618293077336,   15.3869127211648689,    49.2387040909066300,     0.3095674168863825,     0.0492950578411382,     0.0670658181462942,    415.1520114226501050,   -4.1501392983085248,   -14999.9545159896206314,      1.0425897846643490,     0.0589028297365894,     0.0646730473358546,    -0.0002555541571685,    -0.0026299528489324,    -0.3094904357381833,     0.1068377366602210,       Controls =  -0.0002555541571685,     -0.0026299528489324,    -0.3094904357381833,     0.1068377366602210
LogTemp: Warning: Time =   0.6874831132590771,         CurrentStates =  631.5047989952048511,   15.3533245255089277,    49.0739356521161127,     0.2919512007252940,     0.0465445707468542,     0.0683900138906129,    428.1514835753577017,   -4.0142894356169201,   -14999.9355846138532797,      1.0488499799983053,     0.0581932225982956,     0.0662229637017463,    -0.0002555541571685,    -0.0026299528489324,    -0.3094904357381833,     0.1068377366602210,       Controls =  -0.0002555541571685,     -0.0026299528489324,    -0.3094904357381833,     0.1068377366602210
LogTemp: Warning: Time =   0.7077737860381603,         CurrentStates =  631.5058815973226274,   15.2873815403693847,    48.8818954871110094,     0.2753723867405799,     0.0438573475588388,     0.0697012553526875,    440.9909050808180382,   -3.8625987560623534,   -14999.9143986126346135,      1.0546835571456452,     0.0574325642965792,     0.0677148634600788,    -0.0002555541571685,    -0.0026299528489324,    -0.3094904357381833,     0.1068377366602210,       Controls =  -0.0002555541571685,     -0.0026299528489324,    -0.3094904357381833,     0.1068377366602210
LogTemp: Warning: Time =   0.7280317954719067,         CurrentStates =  631.5102811333674708,   15.1894309443465581,    48.6614805753740640,     0.2595613458594373,     0.0412029433081611,     0.0710117859871852,    453.8453853508506768,   -3.6932906008035462,   -14999.8905685638383147,      1.0601922766148977,     0.0566127413460261,     0.0691699527588095,    -0.0002555541571685,    -0.0026299528489324,    -0.3094904357381833,     0.1068377366602210,       Controls =  -0.0002555541571685,     -0.0026299528489324,    -0.3094904357381833,     0.1068377366602210
LogTemp: Warning: Time =   0.7498813085258007,         CurrentStates =  631.5178843622179556,   15.0605311765277197,    48.4143833326665813,     0.2445338630614977,     0.0385952401658447,     0.0723126124931214,    466.6786031146071423,   -3.5068648606032271,   -14999.8640216792646243,      1.0653764289245535,     0.0557374486866418,     0.0705844646606463,    -0.0002555541571685,    -0.0026299528489324,    -0.3094904357381833,     0.1068377366602210,       Controls =  -0.0002555541571685,     -0.0026299528489324,    -0.3094904357381833,     0.1068377366602210
LogTemp: Warning: Time =   0.7703519873321056,         CurrentStates =  631.5295530692374086,   14.8876155769698375,    48.1188407964626563,     0.2291434731847172,     0.0358372447349023,     0.0737013540407630,    480.5193958436848334,   -3.2863428544414441,   -14999.8321402387391572,      1.0706316194429339,     0.0547314334257587,     0.0720677822674912,    -0.0002555541571685,    -0.0026299528489324,    -0.3094904357381833,     0.1068377366602210,       Controls =  -0.0002555541571685,     -0.0026299528489324,    -0.3094904357381833,     0.1068377366602210
LogTemp: Warning: Time =   0.7900144867599010,         CurrentStates =  631.5436178699396805,   14.6946634265136868,    47.8158269596951442,     0.2154657157552768,     0.0333110529394896,     0.0749838497250061,    493.4861682723614535,   -3.0614608351576664,   -14999.7990572186536156,      1.0752543603011964,     0.0537322114208843,     0.0734182381878603,    -0.0002555541571685,    -0.0026299528489324,    -0.3094904357381833,     0.1068377366602210,       Controls =  -0.0002555541571685,     -0.0026299528489324,    -0.3094904357381833,     0.1068377366602210
LogTemp: Warning: Time =   0.8099117092788219,         CurrentStates =  631.5598505026677003,   14.4820592765826550,    47.5021122651234151,     0.2029785289468031,     0.0309426953275416,     0.0761943651213896,    505.9404429184025958,   -2.8288564863882342,   -14999.7642141829473985,      1.0794343145606453,     0.0527223681204111,     0.0746802567542063,    -0.0002555541571685,    -0.0026299528489324,    -0.3094904357381833,     0.1068377366602210,       Controls =  -0.0002555541571685,     -0.0026299528489324,    -0.3094904357381833,     0.1068377366602210
LogTemp: Warning: Time =   0.8296695761382580,         CurrentStates =  631.5788589962544393,   14.2406499429384183,    47.1631663640970018,     0.1909681144720360,     0.0286090592662864,     0.0773940454807455,    518.5428086861172687,   -2.5769718459619471,   -14999.7257624862340890,      1.0834173416844821,     0.0516521107973630,     0.0759230195869475,    -0.0002555541571685,    -0.0026299528489324,    -0.3094904357381833,     0.1068377366602210,       Controls =  -0.0002555541571685,     -0.0026299528489324,    -0.3094904357381833,     0.1068377366602210
LogTemp: Warning: Time =   0.8495003990828991,         CurrentStates =  631.6001657377477159,   13.9757402694290374,    46.8063343858477694,     0.1796427829528204,     0.0263591690738232,     0.0785564764736488,    531.0563703231352974,   -2.3104864100804403,   -14999.6842698964355804,      1.0871389527494646,     0.0505428310269789,     0.0771237070270852,    -0.0002555541571685,    -0.0026299528489324,    -0.3094904357381833,     0.1068377366602210,       Controls =  -0.0002555541571685,     -0.0026299528489324,    -0.3094904357381833,     0.1068377366602210
LogTemp: Warning: Time =   0.8692536763846874,         CurrentStates =  631.6238419287795978,   13.6856057414443040,    46.4290453114400350,     0.1688565485381158,     0.0241730002381255,     0.0796908298256021,    543.6155183214611952,   -2.0266933280477009,   -14999.6391749432732468,      1.0906520863790854,     0.0493845381559285,     0.0782962551642918,    -0.0002555541571685,    -0.0026299528489324,    -0.3094904357381833,     0.1068377366602210,       Controls =  -0.0002555541571685,     -0.0026299528489324,    -0.3094904357381833,     0.1068377366602210
LogTemp: Warning: Time =   0.8892980031669140,         CurrentStates =  631.6495580538021386,   13.3734708817891583,    46.0353425594583499,     0.1586705168406848,     0.0220713083976093,     0.0807853174081543,    556.1249943528609947,   -1.7278311707092735,   -14999.5906893790433969,      1.0939414852027738,     0.0481877642720625,     0.0794327260921762,    -0.0002555541571685,    -0.0026299528489324,    -0.3094904357381833,     0.1068377366602210,       Controls =  -0.0002555541571685,     -0.0026299528489324,    -0.3094904357381833,     0.1068377366602210
LogTemp: Warning: Time =   0.9093984179198742,         CurrentStates =  631.6776719292564621,   13.0342020920827508,    45.6188176565611272,     0.1488834085543346,     0.0200201712837027,     0.0818567482280714,    568.8181492733820050,   -1.4081517950369711,   -14999.5377161486831028,      1.0970762844503772,     0.0469313094731996,     0.0805548496172521,    -0.0002555541571685,    -0.0026299528489324,    -0.3094904357381833,     0.1068377366602210,       Controls =  -0.0002555541571685,     -0.0026299528489324,    -0.3094904357381833,     0.1068377366602210
LogTemp: Warning: Time =   0.9293836168944836,         CurrentStates =  631.7077448202701362,   12.6722922233555320,    45.1851765977267803,     0.1396042077368681,     0.0180496035753537,     0.0828887112374334,    581.5462087386036956,   -1.0710734947797804,   -14999.4806414282538753,      1.1000254250812751,     0.0456307059754270,     0.0816497941963911,    -0.0002555541571685,    -0.0026299528489324,    -0.3094904357381833,     0.1068377366602210,       Controls =  -0.0002555541571685,     -0.0026299528489324,    -0.3094904357381833,     0.1068377366602210
LogTemp: Warning: Time =   0.9494153074920177,         CurrentStates =  631.7393491806880093,   12.2920385875271343,    44.7394685145794426,     0.1308903011001145,     0.0161795983720752,     0.0838700187470336,    594.2006993666644803,   -0.7196481571050279,   -14999.4198336383178685,      1.1027751759235169,     0.0442991572653727,     0.0827095531153541,    -0.0002555541571685,    -0.0026299528489324,    -0.3094904357381833,     0.1068377366602210,       Controls =  -0.0002555541571685,     -0.0026299528489324,    -0.3094904357381833,     0.1068377366602210
LogTemp: Warning: Time =   0.9693764261901379,         CurrentStates =  631.7725683008470696,   11.8916007854672490,    44.2794632193353408,     0.1226497916930643,     0.0143978867130853,     0.0848065019329602,    606.8840100565768125,   -0.3512295024227517,   -14999.3546867603472492,      1.1053588981607678,     0.0429280678608520,     0.0837441029539389,    -0.0002555541571685,    -0.0026299528489324,    -0.3094904357381833,     0.1068377366602210,       Controls =  -0.0002555541571685,     -0.0026299528489324,    -0.3094904357381833,     0.1068377366602210
LogTemp: Warning: Time =   0.9897326044738293,         CurrentStates =  631.8070430123731285,   11.4744875842827412,    43.8091815755091005,     0.1149118933417314,     0.0127177628451429,     0.0856906829986038,    619.5219926913598556,    0.0318809451874334,   -14999.2854557092214236,      1.1077715397489027,     0.0415275208456328,     0.0847487465239614,    -0.0002555541571685,    -0.0026299528489324,    -0.3094904357381833,     0.1068377366602210,       Controls =  -0.0002555541571685,     -0.0026299528489324,    -0.3094904357381833,     0.1068377366602210
LogTemp: Warning: Time =   1.0100805573165417,         CurrentStates =  631.8434449192596958,   11.0317017922404954,    43.3187260100365279,     0.1074895592549951,     0.0111052555525636,     0.0865400692357318,    632.4094798089887490,    0.4388851463125008,   -14999.2102820511154277,      1.1100751238881295,     0.0400661018210591,     0.0857476774208231,    -0.0002555541571685,    -0.0026299528489324,    -0.3094904357381833,     0.1068377366602210,       Controls =  -0.0002555541571685,     -0.0026299528489324,    -0.3094904357381833,     0.1068377366602210
LogTemp: Warning: Time =   1.0301548056304455,         CurrentStates =  631.8809219891417115,   10.5727153891283692,    42.8189000987578439,     0.1005253942236613,     0.0095978652287757,     0.0873346307999478,    645.2911201388210429,    0.8620502232760188,   -14999.1303857613493165,      1.1122290106058401,     0.0385739768038870,     0.0867218411321245,    -0.0002555541571685,    -0.0026299528489324,    -0.3094904357381833,     0.1068377366602210,       Controls =  -0.0002555541571685,     -0.0026299528489324,    -0.3094904357381833,     0.1068377366602210
LogTemp: Warning: Time =   1.0503099970519543,         CurrentStates =  631.9188023255779854,   10.1050327053558906,    42.3178060414178816,     0.0940838677749416,     0.0082154705098163,     0.0880636812455163,    657.9987871261056398,    1.2953771089554080,   -14999.0467728377589083,      1.1142171246673023,     0.0370734120327806,     0.0876605120468386,    -0.0002555541571685,    -0.0026299528489324,    -0.3094904357381833,     0.1068377366602210,       Controls =  -0.0002555541571685,     -0.0026299528489324,    -0.3094904357381833,     0.1068377366602210
LogTemp: Warning: Time =   1.0711371712386608,         CurrentStates =  631.9575868314713034,    9.6217673340819587,    41.8080832059602443,     0.0880285052304488,     0.0069342381288695,     0.0887396842855541,    670.7570906536616349,    1.7461549822819453,   -14998.9579007171450939,      1.1160851583202414,     0.0355404481236494,     0.0885821218275790,    -0.0002555541571685,    -0.0026299528489324,    -0.3094904357381833,     0.1068377366602210,       Controls =  -0.0002555541571685,     -0.0026299528489324,    -0.3094904357381833,     0.1068377366602210
LogTemp: Warning: Time =   1.0913682989776134,         CurrentStates =  631.9982953294378376,    9.1092014405959851,    41.2758800304571878,     0.0821881711558544,     0.0057246277534950,     0.0893782377704946,    683.9400962536743691,    2.2283380999543008,   -14998.8607436391575902,      1.1178893789276743,     0.0339309391231922,     0.0895141610587146,    -0.0002555541571685,    -0.0026299528489324,    -0.3094904357381833,     0.1068377366602210,       Controls =  -0.0002555541571685,     -0.0026299528489324,    -0.3094904357381833,     0.1068377366602210
LogTemp: Warning: Time =   1.1117286495864391,         CurrentStates =  632.0383020724029848,    8.5996606489526748,    40.7550057514725665,     0.0769046719215878,     0.0046625917845030,     0.0899393353030065,    696.7451311100307976,    2.7125036951829316,   -14998.7610520755351899,      1.1195274562031730,     0.0323449958598123,     0.0904014116090512,    -0.0002555541571685,    -0.0026299528489324,    -0.3094904357381833,     0.1068377366602210,       Controls =  -0.0002555541571685,     -0.0026299528489324,    -0.3094904357381833,     0.1068377366602210
LogTemp: Warning: Time =   1.1318082623183727,         CurrentStates =  632.0788811975010049,    8.0764532466599537,    40.2283526824395778,     0.0719595616310636,     0.0037075925919181,     0.0904445544054355,    709.6312934996175272,    3.2153090192358365,   -14998.6553008786468126,      1.1210699389528218,     0.0307287903729057,     0.0912779740650410,    -0.0002555541571685,    -0.0026299528489324,    -0.3094904357381833,     0.1068377366602210,       Controls =  -0.0002555541571685,     -0.0026299528489324,    -0.3094904357381833,     0.1068377366602210
LogTemp: Warning: Time =   1.1517760567367077,         CurrentStates =  632.1190789775654366,    7.5513501338186177,    39.7079343027547793,     0.0674335537926711,     0.0028787548010275,     0.0908840275450881,    722.3392224337275138,    3.7263077277694068,   -14998.5455496111535467,      1.1224942889250142,     0.0291172648299759,     0.0921280277145493,    -0.0002555541571685,    -0.0026299528489324,    -0.3094904357381833,     0.1068377366602210,       Controls =  -0.0002555541571685,     -0.0026299528489324,    -0.3094904357381833,     0.1068377366602210
LogTemp: Warning: Time =   1.1713251881301403,         CurrentStates =  632.1591037936149178,    7.0212907375977265,    39.1907612145090170,     0.0632643822955293,     0.0021667466593834,     0.0912630036738257,    734.9757068560202242,    4.2491998489737979,   -14998.4309102583356434,      1.1238221977787126,     0.0274995354716903,     0.0929607637272859,    -0.0002555541571685,    -0.0026299528489324,    -0.3094904357381833,     0.1068377366602210,       Controls =  -0.0002555541571685,     -0.0026299528489324,    -0.3094904357381833,     0.1068377366602210
LogTemp: Warning: Time =   1.1907752566039562,         CurrentStates =  632.1982269507011551,    6.4957472686859568,    38.6860479648206663,     0.0594900273948434,     0.0015787631573835,     0.0915779794714316,    747.3466199905581107,    4.7752230159427045,   -14998.3132437736949214,      1.1250430674352394,     0.0259030934524475,     0.0937654516387341,    -0.0002555541571685,    -0.0026299528489324,    -0.3094904357381833,     0.1068377366602210,       Controls =  -0.0002555541571685,     -0.0026299528489324,    -0.3094904357381833,     0.1068377366602210
LogTemp: Warning: Time =   1.2106798700988293,         CurrentStates =  632.2369887586752384,    5.9673544082839189,    38.1867131466550305,     0.0560243710094034,     0.0011013696888502,     0.0918365080489000,    759.6542964249307488,    5.3122808476335281,   -14998.1907274867044180,      1.1261858677667189,     0.0243042979107454,     0.0945572030539938,    -0.0002555541571685,    -0.0026299528489324,    -0.3094904357381833,     0.1068377366602210,       Controls =  -0.0002555541571685,     -0.0026299528489324,    -0.3094904357381833,     0.1068377366602210
LogTemp: Warning: Time =   1.2308035902678967,         CurrentStates =  632.2763895109918622,    5.4219012094682633,    37.6798887492912939,     0.0527644991716325,     0.0007242800909393,     0.0920447879975906,    772.2489653052737140,    5.8758884927967934,   -14998.0596096942681470,      1.1272869444846263,     0.0226593794546640,     0.0953598960064570,    -0.0002555541571685,    -0.0026299528489324,    -0.3094904357381833,     0.1068377366602210,       Controls =  -0.0002555541571685,     -0.0026299528489324,    -0.3094904357381833,     0.1068377366602210
LogTemp: Warning: Time =   1.2508293204009533,         CurrentStates =  632.3158548724298953,    4.8665888910223325,    37.1730804841462756,     0.0497512283726303,     0.0004578166988636,     0.0921980099573139,    784.9816508192036508,    6.4599452916156688,   -14997.9210301075963798,      1.1283355536526170,     0.0209894190235617,     0.0961653108167571,    -0.0002555541571685,    -0.0026299528489324,    -0.3094904357381833,     0.1068377366602210,       Controls =  -0.0002555541571685,     -0.0026299528489324,    -0.3094904357381833,     0.1068377366602210
LogTemp: Warning: Time =   1.2707253508269787,         CurrentStates =  632.3546716022506189,    4.3111067487895589,    36.6756168612754578,     0.0470224409892345,     0.0003072043552459,     0.0922939381497626,    797.6517170179713503,    7.0552250832629930,   -14997.7770017362236104,      1.1293201600717919,     0.0193227390755362,     0.0969623787331362,    -0.0002555541571685,    -0.0026299528489324,    -0.3094904357381833,     0.1068377366602210,       Controls =  -0.0002555541571685,     -0.0026299528489324,    -0.3094904357381833,     0.1068377366602210
LogTemp: Warning: Time =   1.2904723696410656,         CurrentStates =  632.3927065811203647,    3.7573154372301945,    36.1894241847599716,     0.0445661963565613,     0.0002705591227025,     0.0923342224567553,    810.2391837125057918,    7.6604010449743400,   -14997.6277432144815975,      1.1302454711370025,     0.0176640732993840,     0.0977515769274166,    -0.0002555541571685,    -0.0026299528489324,    -0.3094904357381833,     0.1068377366602210,       Controls =  -0.0002555541571685,     -0.0026299528489324,    -0.3094904357381833,     0.1068377366602210
LogTemp: Warning: Time =   1.3106014542281628,         CurrentStates =  632.4298627258644956,    3.2066862745110889,    35.7160232598450520,     0.0423684698767841,     0.0003452275409601,     0.0923209409940706,    822.7317288530581436,    8.2744486463576887,   -14997.4734216681245016,      1.1311166085163173,     0.0160170579248636,     0.0985338147869659,    -0.0002555541571685,    -0.0026299528489324,    -0.3094904357381833,     0.1068377366602210,       Controls =  -0.0002555541571685,     -0.0026299528489324,    -0.3094904357381833,     0.1068377366602210
LogTemp: Warning: Time =   1.3310689739882946,         CurrentStates =  632.4670632538827704,    2.6452731135393481,    35.2440662256380648,     0.0403633434988221,     0.0005347125377437,     0.0922539212450082,    835.4653986539377684,    8.9139793465805379,   -14997.3096671125840658,      1.1319609888489057,     0.0143393481978758,     0.0993317851826649,    -0.0002555541571685,    -0.0026299528489324,    -0.3094904357381833,     0.1068377366602210,       Controls =  -0.0002555541571685,     -0.0026299528489324,    -0.3094904357381833,     0.1068377366602210
LogTemp: Warning: Time =   1.3514319472014904,         CurrentStates =  632.5041294069960713,    2.0751792394307573,    34.7764066967093513,     0.0385566727845256,     0.0008440936584582,     0.0921317364603242,    848.4125208788265127,    9.5781927190738791,   -14997.1363748852436402,      1.1327792215063399,     0.0126366773307510,     0.1001455293545808,    -0.0002555541571685,    -0.0026299528489324,    -0.3094904357381833,     0.1068377366602210,       Controls =  -0.0002555541571685,     -0.0026299528489324,    -0.3094904357381833,     0.1068377366602210
LogTemp: Warning: Time =   1.3713229708373547,         CurrentStates =  632.5401909919547734,    1.5096219613731763,    34.3246161155705494,     0.0369805168348077,     0.0012678812528559,     0.0919575794569938,    861.2929210058129001,   10.2528075641591876,   -14996.9570691983262805,      1.1335575320847855,     0.0109479554776017,     0.1009592342649176,    -0.0002555541571685,    -0.0026299528489324,    -0.3094904357381833,     0.1068377366602210,       Controls =  -0.0002555541571685,     -0.0026299528489324,    -0.3094904357381833,     0.1068377366602210
LogTemp: Warning: Time =   1.3917741589248180,         CurrentStates =  632.5745851502801997,    0.9595391339887311,    33.8974445604417909,     0.0356437484434632,     0.0017926524985677,     0.0917383493308624,    873.8741723879958272,   10.9249307205480033,   -14996.7751745011355524,      1.1342875973225437,     0.0093053249916513,     0.1017597194980889,    -0.0002555541571685,    -0.0026299528489324,    -0.3094904357381833,     0.1068377366602210,       Controls =  -0.0002555541571685,     -0.0026299528489324,    -0.3094904357381833,     0.1068377366602210
LogTemp: Warning: Time =   1.4121758751571178,         CurrentStates =  632.6090496298953667,    0.3971900938592891,    33.4739894246228715,     0.0344681116031643,     0.0024453409058680,     0.0914640528514372,    886.8091481043926478,   11.6293908453438277,   -14996.5811047772913298,      1.1350112272956563,     0.0076254902063597,     0.1025902833030016,    -0.0002555541571685,    -0.0026299528489324,    -0.3094904357381833,     0.1068377366602210,       Controls =  -0.0002555541571685,     -0.0026299528489324,    -0.3094904357381833,     0.1068377366602210
LogTemp: Warning: Time =   1.4324729256331921,         CurrentStates =  632.6424871413194069,   -0.1597776716125988,    33.0686185407526096,     0.0334860913863936,     0.0032095791567182,     0.0911428776604832,    899.7122076695145552,   12.3455562147074449,   -14996.3802807736501563,      1.1357097920370538,     0.0059607413713149,     0.1034281794908336,    -0.0002555541571685,    -0.0026299528489324,    -0.3094904357381833,     0.1068377366602210,       Controls =  -0.0002555541571685,     -0.0026299528489324,    -0.3094904357381833,     0.1068377366602210
LogTemp: Warning: Time =   1.4527600817382336,         CurrentStates =  632.6747873080454383,   -0.7091795060597552,    32.6833528023046185,     0.0326884833999775,     0.0040807559131154,     0.0907781870172253,    912.5484460161616198,   13.0712082399314244,   -14996.1732315309054684,      1.1363854076808284,     0.0043172729089232,     0.1042727533633488,    -0.0002555541571685,    -0.0026299528489324,    -0.3094904357381833,     0.1068377366602210,       Controls =  -0.0002555541571685,     -0.0026299528489324,    -0.3094904357381833,     0.1068377366602210
LogTemp: Warning: Time =   1.4726588539779186,         CurrentStates =  632.7060838064377322,   -1.2529424895350179,    32.3173157567070177,     0.0320607021574900,     0.0050606583020072,     0.0903707078274102,    925.3778905316422652,   13.8095058766745939,   -14995.9589582778862678,      1.1370449174223198,     0.0026890422678184,     0.1051295592282789,    -0.0002555541571685,    -0.0026299528489324,    -0.3094904357381833,     0.1068377366602210,       Controls =  -0.0002555541571685,     -0.0026299528489324,    -0.3094904357381833,     0.1068377366602210
LogTemp: Warning: Time =   1.4929271750152111,         CurrentStates =  632.7358010360854905,   -1.7804553839618964,    31.9777867898375341,     0.0316007984570156,     0.0061264267042044,     0.0899313717769396,    937.9611339401044461,   14.5461779144893821,   -14995.7415890017036872,      1.1376796807880636,     0.0011076448157748,     0.1059838628997325,    -0.0002555541571685,    -0.0026299528489324,    -0.3094904357381833,     0.1068377366602210,       Controls =  -0.0002555541571685,     -0.0026299528489324,    -0.3094904357381833,     0.1068377366602210
LogTemp: Warning: Time =   1.5131866745650768,         CurrentStates =  632.7650551186453640,   -2.3112239421260989,    31.6527954697138583,     0.0312824586067099,     0.0073170285785697,     0.0894457002852750,    950.7774496052762743,   15.3091561366611053,   -14995.5127719395441090,      1.1383169723983801,    -0.0004855710336551,     0.1068698267705398,    -0.0002555541571685,    -0.0026299528489324,    -0.3094904357381833,     0.1068377366602210,       Controls =  -0.0002555541571685,     -0.0026299528489324,    -0.3094904357381833,     0.1068377366602210
LogTemp: Warning: Time =   1.5328205637633801,         CurrentStates =  632.7932586659786693,   -2.8346046068603359,    31.3499287111457257,     0.0311072849801199,     0.0086115022743683,     0.0889240387766861,    963.5876065749951067,   16.0844343888273720,   -14995.2764998379570898,      1.1389475774478319,    -0.0020588416854627,     0.1077729831183860,    -0.0002555541571685,    -0.0026299528489324,    -0.3094904357381833,     0.1068377366602210,       Controls =  -0.0002555541571685,     -0.0026299528489324,    -0.3094904357381833,     0.1068377366602210
LogTemp: Warning: Time =   1.5528116039931774,         CurrentStates =  632.8195901576692677,   -3.3344981325882728,    31.0782670693483212,     0.0310662888269138,     0.0099640609464979,     0.0883862151913489,    976.0016299858600632,   16.8477305840670510,   -14995.0402451617483166,      1.1395552149547425,    -0.0035637438449552,     0.1086665712762167,    -0.0002555541571685,    -0.0026299528489324,    -0.3094904357381833,     0.1068377366602210,       Controls =  -0.0002555541571685,     -0.0026299528489324,    -0.3094904357381833,     0.1068377366602210
LogTemp: Warning: Time =   1.5729825310409069,         CurrentStates =  632.8453786926326075,   -3.8356103426973611,    30.8246191558113622,     0.0311473133909996,     0.0114388113427604,     0.0878083238908006,    988.6408664569864868,   17.6369173684217984,   -14994.7922639664666349,      1.1401728497892467,    -0.0050746360130990,     0.1095964929819277,    -0.0002555541571685,    -0.0026299528489324,    -0.3094904357381833,     0.1068377366602210,       Controls =  -0.0002555541571685,     -0.0026299528489324,    -0.3094904357381833,     0.1068377366602210
LogTemp: Warning: Time =   1.5928765349090099,         CurrentStates =  632.8703459512022391,   -4.3327429194408493,    30.5930017486639017,     0.0313472621738339,     0.0130249921126767,     0.0871967285215704,    1001.3932596096180987,      18.4454058705709087,   -14994.5343872055691463,      1.1407973428607985,    -0.0065759235101966,     0.1105568947646517,    -0.0002555541571685,    -0.0026299528489324,    -0.3094904357381833,     0.1068377366602210,       Controls =  -0.0002555541571685,     -0.0026299528489324,    -0.3094904357381833,     0.1068377366602210
LogTemp: Warning: Time =   1.6129652075469494,         CurrentStates =  632.8939265236472238,   -4.8143030261851329,    30.3892797406818254,     0.0316537459704543,     0.0146843241105388,     0.0865679874211089,    1013.9700112419933475,      19.2547265077874599,   -14994.2724489952870499,      1.1414167457644939,    -0.0080325174133778,     0.1115274142045559,    -0.0002555541571685,    -0.0026299528489324,    -0.3094904357381833,     0.1068377366602210,       Controls =  -0.0002555541571685,     -0.0026299528489324,    -0.3094904357381833,     0.1068377366602210
LogTemp: Warning: Time =   1.6329933218657970,         CurrentStates =  632.9166783403200043,   -5.2913992286246962,    30.2092379584939614,     0.0320665329977831,     0.0164538709625195,     0.0859099394098760,    1026.6692693545357997,      20.0839259513866040,   -14994.0002295336907991,      1.1420478017465452,    -0.0094778949871743,     0.1125324654432589,    -0.0002555541571685,    -0.0026299528489324,    -0.3094904357381833,     0.1068377366602210,       Controls =  -0.0002555541571685,     -0.0026299528489324,    -0.3094904357381833,     0.1068377366602210
LogTemp: Warning: Time =   1.6527875475585461,         CurrentStates =  632.9382935810615436,   -5.7575527293252922,    30.0561539854066879,     0.0325748602329986,     0.0183103961138151,     0.0852333506153159,    1039.3296291434107843,      20.9225284558974955,   -14993.7210581950675987,      1.1426844861345331,    -0.0108922985230928,     0.1135610650952218,    -0.0002555541571685,    -0.0026299528489324,    -0.3094904357381833,     0.1068377366602210,       Controls =  -0.0002555541571685,     -0.0026299528489324,    -0.3094904357381833,     0.1068377366602210
LogTemp: Warning: Time =   1.6731786541640759,         CurrentStates =  632.9585997139101892,   -6.2086586453070485,    29.9314567802380367,     0.0331660308372947,     0.0202341545962137,     0.0845471561068175,    1051.8415537721966757,      21.7629683527000708,   -14993.4374736856407253,      1.1433228952925949,    -0.0122630305814356,     0.1146052284596204,    -0.0002555541571685,    -0.0026299528489324,    -0.3094904357381833,     0.1068377366602210,       Controls =  -0.0002555541571685,     -0.0026299528489324,    -0.3094904357381833,     0.1068377366602210
LogTemp: Warning: Time =   1.6835224442183971,         CurrentStates =  632.9784086520627397,   -6.6631303543967864,    29.8313313463922540,     0.0338611231964358,     0.0223066369263736,     0.0838248649952479,    1064.7301712230262183,      22.6408013208911854,   -14993.1373155554902041,      1.1439917986315289,    -0.0136458508343441,     0.1157111040460683,    -0.0002555541571685,    -0.0026299528489324,    -0.3094904357381833,     0.1068377366602210,       Controls =  -0.0002555541571685,     -0.0026299528489324,    -0.3094904357381833,     0.1068377366602210
LogTemp: Warning: Time =   1.7002767138183117,         CurrentStates =  632.9880224224356198,   -6.8896268540477621,    29.7917450690488899,     0.0342451802116597,     0.0233925854159305,     0.0834534143045375,    1071.2679479412818182,      23.0907638194169849,   -14992.9819285104913433,      1.1443359997289084,    -0.0143356561649277,     0.1162843139668562,    -0.0002555541571685,    -0.0026299528489324,    -0.3094904357381833,     0.1068377366602210,       Controls =  -0.0002555541571685,     -0.0026299528489324,    -0.3094904357381833,     0.1068377366602210
LogTemp: Warning: Time =   1.7189119867980480,         CurrentStates =  633.0029667409227159,   -7.2506363607991124,    29.7438991513913571,     0.0349096573009455,     0.0252002754460055,     0.0828457957284604,    1081.8571239419443373,      23.8262361661204096,   -14992.7257614818281581,      1.1449011545241015,    -0.0154359225618329,     0.1172309108691126,    -0.0002555541571685,    -0.0026299528489324,    -0.3094904357381833,     0.1068377366602210,       Controls =  -0.0002555541571685,     -0.0026299528489324,    -0.3094904357381833,     0.1068377366602210
LogTemp: Warning: Time =   1.7396149449050426,         CurrentStates =  633.0186663136136076,   -7.6435735554050712,    29.7146864128077226,     0.0357069290377714,     0.0272806907852668,     0.0821630687408709,    1093.6346422982683180,      24.6539261908509566,   -14992.4343068344442145,      1.1455417176952234,    -0.0166344504200196,     0.1183110809924129,    -0.0002555541571685,    -0.0026299528489324,    -0.3094904357381833,     0.1068377366602210,       Controls =  -0.0002555541571685,     -0.0026299528489324,    -0.3094904357381833,     0.1068377366602210
LogTemp: Warning: Time =   1.7586947493255138,         CurrentStates =  633.0349490141853721,   -8.0693689452088044,    29.7124060617740611,     0.0366595582508331,     0.0296765942615568,     0.0813987925476265,    1106.7182611040689153,      25.5853512518131012,   -14992.1024268227465654,      1.1462693436603506,    -0.0179340375102841,     0.1195462334642302,    -0.0002555541571685,    -0.0026299528489324,    -0.3094904357381833,     0.1068377366602210,       Controls =  -0.0002555541571685,     -0.0026299528489324,    -0.3094904357381833,     0.1068377366602210
LogTemp: Warning: Time =   1.7786590866744518,         CurrentStates =  633.0488527471989073,   -8.4516944168889268,    29.7389154741841608,     0.0375952376282461,     0.0319621483084224,     0.0806916864477507,    1118.7755369057360895,      26.4548436872677293,   -14991.7890057186741615,      1.1469559266093061,    -0.0191013532267152,     0.1207186781510772,    -0.0002555541571685,    -0.0026299528489324,    -0.3094904357381833,     0.1068377366602210,       Controls =  -0.0002555541571685,     -0.0026299528489324,    -0.3094904357381833,     0.1068377366602210
LogTemp: Warning: Time =   1.7994191460311413,         CurrentStates =  633.0622411361484865,   -8.8413384103962613,    29.7965220642138142,     0.0386289630902773,     0.0344318034850919,     0.0799517901651166,    1131.3912076257659010,      27.3760446821087804,   -14991.4532707744274376,      1.1476918346404683,    -0.0202909868850942,     0.1219819756537929,    -0.0002555541571685,    -0.0026299528489324,    -0.3094904357381833,     0.1068377366602210,       Controls =  -0.0002555541571685,     -0.0026299528489324,    -0.3094904357381833,     0.1068377366602210
LogTemp: Warning: Time =   1.8186218552291393,         CurrentStates =  633.0748694279652682,   -9.2352100679303586,    29.8893185105021679,     0.0397583959082747,     0.0370831258790823,     0.0791854840678047,    1144.5089493185907941,      28.3463344912266351,   -14991.0957000876405800,      1.1484770928842201,    -0.0214929611820180,     0.1233367703469627,    -0.0002555541571685,    -0.0026299528489324,    -0.3094904357381833,     0.1068377366602210,       Controls =  -0.0002555541571685,     -0.0026299528489324,    -0.3094904357381833,     0.1068377366602210
LogTemp: Warning: Time =   1.8528233580291271,         CurrentStates =  633.0853386764191555,   -9.5893023393100112,    30.0054409176418631,     0.0408484553352908,     0.0396098269990771,     0.0784822787392639,    1156.6420395632790132,      29.2550983564802358,   -14990.7572676050676819,      1.1492224911051379,    -0.0225724841231222,     0.1246287193080799,    -0.0002555541571685,    -0.0026299528489324,    -0.3094904357381833,     0.1068377366602210,       Controls =  -0.0002555541571685,     -0.0026299528489324,    -0.3094904357381833,     0.1068377366602210
LogTemp: Warning: Time =   1.8729152493178844,         CurrentStates =  633.1009707081100260,  -10.1958060748414390,    30.2855367485018832,     0.0428864740681610,     0.0442833014540498,     0.0772515610802702,    1178.2505491225263086,      30.9005889804392275,   -14990.1361890574171412,      1.1505977263868412,    -0.0244172567273339,     0.1270263190629370,    -0.0002555541571685,    -0.0026299528489324,    -0.3094904357381833,     0.1068377366602210,       Controls =  -0.0002555541571685,     -0.0026299528489324,    -0.3094904357381833,     0.1068377366602210
LogTemp: Warning: Time =   1.8929935507476330,         CurrentStates =  633.1082633583815777,  -10.5378529945800317,    30.4944968919190842,     0.0441350550291460,     0.0471302610877549,     0.0765465530512699,    1190.9435745649482215,      31.8833878754225211,   -14989.7604075560757337,      1.1514352512041230,    -0.0254539076481462,     0.1284949527462335,    -0.0002555541571685,    -0.0026299528489324,    -0.3094904357381833,     0.1068377366602210,       Controls =  -0.0002555541571685,     -0.0026299528489324,    -0.3094904357381833,     0.1068377366602210
LogTemp: Warning: Time =   1.9132518582046032,         CurrentStates =  633.1140757842911171,  -10.8693308174922834,    30.7366183198425738,     0.0454163640808010,     0.0500490643479825,     0.0758590653002630,    1203.6273542609956166,      32.8775449345551181,   -14989.3768084776893375,      1.1522949187444185,    -0.0264547845311348,     0.1300089642253585,    -0.0002555541571685,    -0.0026299528489324,    -0.3094904357381833,     0.1068377366602210,       Controls =  -0.0002555541571685,     -0.0026299528489324,    -0.3094904357381833,     0.1068377366602210
LogTemp: Warning: Time =   1.9337218813598156,         CurrentStates =  633.1183726146890649,  -11.1935086746904169,    31.0150064323491499,     0.0467398217388067,     0.0530678201082495,     0.0751857865060315,    1216.4241021619804997,      33.8928667153214249,   -14988.9816078884177841,      1.1531858659935079,    -0.0274289522965998,     0.1315850860590397,    -0.0002555541571685,    -0.0026299528489324,    -0.3094904357381833,     0.1068377366602210,       Controls =  -0.0002555541571685,     -0.0026299528489324,    -0.3094904357381833,     0.1068377366602210
LogTemp: Warning: Time =   1.9539190344512463,         CurrentStates =  633.1210314593039357,  -11.5108436453698761,    31.3314404696346109,     0.0481051990066409,     0.0561925755346604,     0.0745294469309200,    1229.3538631548469766,      34.9313925752236898,   -14988.5739667562666000,      1.1541106957912399,    -0.0283768273155376,     0.1332288237753918,    -0.0002555541571685,    -0.0026299528489324,    -0.3094904357381833,     0.1068377366602210,       Controls =  -0.0002555541571685,     -0.0026299528489324,    -0.3094904357381833,     0.1068377366602210
LogTemp: Warning: Time =   1.9739684872329235,         CurrentStates =  633.1219056942771886,  -11.8141486073458051,    31.6785971634003900,     0.0494771064642287,     0.0593482922458705,     0.0739086423717057,    1242.1103982302331588,      35.9685686785426029,   -14988.1636007542438165,      1.1550478444331187,    -0.0292761257419057,     0.1349026290716881,    -0.0002555541571685,    -0.0026299528489324,    -0.3094904357381833,     0.1068377366602210,       Controls =  -0.0002555541571685,     -0.0026299528489324,    -0.3094904357381833,     0.1068377366602210
LogTemp: Warning: Time =   1.9943301491439342,         CurrentStates =  633.1209568070598834,  -12.1059252771272128,    32.0578535127639839,     0.0508606531156733,     0.0625517553312336,     0.0733217832073818,    1254.7729100731653489,      37.0105529598095444,   -14987.7482445027526410,      1.1560027486042104,    -0.0301336213755569,     0.1366168698074503,    -0.0002555541571685,    -0.0026299528489324,    -0.3094904357381833,     0.1068377366602210,       Controls =  -0.0002555541571685,     -0.0026299528489324,    -0.3094904357381833,     0.1068377366602210
LogTemp: Warning: Time =   2.0149035267531872,         CurrentStates =  633.1180308581035661,  -12.3931059422161436,    32.4786356879047347,     0.0522853725985880,     0.0658768793648743,     0.0727589332684125,    1267.6316983784668082,      38.0815100163298510,   -14987.3183100159512833,      1.1569979471778484,    -0.0309686862554910,     0.1384131417639245,    -0.0002555541571685,    -0.0026299528489324,    -0.3094904357381833,     0.1068377366602210,       Controls =  -0.0002555541571685,     -0.0026299528489324,    -0.3094904357381833,     0.1068377366602210
LogTemp: Warning: Time =   2.0349554829299450,         CurrentStates =  633.1129426334541677,  -12.6743290224515910,    32.9405585320316945,     0.0537427219368312,     0.0693098257903222,     0.0722274026176801,    1280.6234203890185199,      39.1767999828610911,   -14986.8756386246859620,      1.1580298321967342,    -0.0317760447211124,     0.1402864654714188,    -0.0002555541571685,    -0.0026299528489324,    -0.3094904357381833,     0.1068377366602210,       Controls =  -0.0002555541571685,     -0.0026299528489324,    -0.3094904357381833,     0.1068377366602210
LogTemp: Warning: Time =   2.0550863556563854,         CurrentStates =  633.1057914792125985,  -12.9402005398506716,    33.4266171170010296,     0.0551783591687354,     0.0727264856115670,     0.0717484532288196,    1293.2849399754854858,      40.2572247125467868,   -14986.4362400907139090,      1.1590612792214139,    -0.0325280180004812,     0.1421704321468844,    -0.0002555541571685,    -0.0026299528489324,    -0.3094904357381833,     0.1068377366602210,       Controls =  -0.0002555541571685,     -0.0026299528489324,    -0.3094904357381833,     0.1068377366602210
LogTemp: Warning: Time =   2.0755433849990368,         CurrentStates =  633.0962964481955169,  -13.1994138821728342,    33.9504581099000333,     0.0566330160136583,     0.0762268913346319,     0.0713095689713304,    1305.9953112090938703,      41.3548556317626179,   -14985.9872709684786969,      1.1601225288551829,    -0.0332486219725120,     0.1441212125101740,    -0.0002555541571685,    -0.0026299528489324,    -0.3094904357381833,     0.1068377366602210,       Controls =  -0.0002555541571685,     -0.0026299528489324,    -0.3094904357381833,     0.1068377366602210
LogTemp: Warning: Time =   2.0956826023757458,         CurrentStates =  633.0841163084493246,  -13.4554328189620040,    34.5198951554505058,     0.0581234254542665,     0.0798564802615683,     0.0709098171319566,    1318.9107379562829010,      42.4837482151260275,   -14985.5230281565800396,      1.1612275929916096,    -0.0339461013468543,     0.1461663548790555,    -0.0002555541571685,    -0.0026299528489324,    -0.3094904357381833,     0.1068377366602210,       Controls =  -0.0002555541571685,     -0.0026299528489324,    -0.3094904357381833,     0.1068377366602210
LogTemp: Warning: Time =   2.1157159619033337,         CurrentStates =  633.0694694165391638,  -13.7007282648350746,    35.1172942922044058,     0.0596013370687667,     0.0835014149547391,     0.0705649610036783,    1331.6243474611985675,      43.6085267532037832,   -14985.0581894939714402,      1.1623418299644133,    -0.0345989525398922,     0.1482432442176980,    -0.0002555541571685,    -0.0026299528489324,    -0.3094904357381833,     0.1068377366602210,       Controls =  -0.0002555541571685,     -0.0026299528489324,    -0.3094904357381833,     0.1068377366602210
LogTemp: Warning: Time =   2.1352748684585094,         CurrentStates =  633.0521116387141092,  -13.9386664239624807,    35.7480823263816632,     0.0610809448231025,     0.0871985379351716,     0.0702729196285300,    1344.2702873296816506,      44.7408222605299031,   -14984.5881582207439351,      1.1634762951471389,    -0.0352156692517035,     0.1503735740528632,    -0.0002555541571685,    -0.0026299528489324,    -0.3094904357381833,     0.1068377366602210,       Controls =  -0.0002555541571685,     -0.0026299528489324,    -0.3094904357381833,     0.1068377366602210
LogTemp: Warning: Time =   2.1552543453872204,         CurrentStates =  633.0323067724535804,  -14.1656967172894070,    36.3993424520512008,     0.0625337946489499,     0.0908774920954380,     0.0700397996561786,    1356.6156958023475454,      45.8593923591109984,   -14984.1219819922534953,      1.1646090772975430,    -0.0357868774040163,     0.1525170654600008,    -0.0002555541571685,    -0.0026299528489324,    -0.3094904357381833,     0.1068377366602210,       Controls =  -0.0002555541571685,     -0.0026299528489324,    -0.3094904357381833,     0.1068377366602210
LogTemp: Warning: Time =   2.1750747971236706,         CurrentStates =  633.0089689164874471,  -14.3928434636254909,    37.1010169721634639,     0.0640257372449158,     0.0947073618351538,     0.0698576906266903,    1369.2255198803002259,      47.0155735820630127,   -14983.6384258861435228,      1.1657920029346691,    -0.0363394887457868,     0.1547733409745091,    -0.0002555541571685,    -0.0026299528489324,    -0.3094904357381833,     0.1068377366602210,       Controls =  -0.0002555541571685,     -0.0026299528489324,    -0.3094904357381833,     0.1068377366602210
LogTemp: Warning: Time =   2.1951844505965710,         CurrentStates =  632.9825108267234555,  -14.6140642647429306,    37.8337562486183714,     0.0655132462693051,     0.0985796402417104,     0.0697359344190284,    1381.7338211078213135,      48.1762953352028092,   -14983.1514490305216896,      1.1669913353617105,    -0.0368575585149506,     0.1570800700283964,    -0.0002555541571685,    -0.0026299528489324,    -0.3094904357381833,     0.1068377366602210,       Controls =  -0.0002555541571685,     -0.0026299528489324,    -0.3094904357381833,     0.1068377366602210
LogTemp: Warning: Time =   2.2154733948409557,         CurrentStates =  632.9520784730802916,  -14.8350157066322286,    38.6148158203336322,     0.0670298606147742,     0.1025841095670377,     0.0696753952338810,    1394.4235210978363284,      49.3681795205270930,   -14982.6500421022210503,      1.1682345382733761,    -0.0373532814498905,     0.1594920384032047,    -0.0002555541571685,    -0.0026299528489324,    -0.3094904357381833,     0.1068377366602210,       Controls =  -0.0002555541571685,     -0.0026299528489324,    -0.3094904357381833,     0.1068377366602210
LogTemp: Warning: Time =   2.2351388745009899,         CurrentStates =  632.9174686182686855,  -15.0551107432471696,    39.4415874857271262,     0.0685675758140150,     0.1067032553801300,     0.0696817319565398,    1407.2251180928037684,      50.5854506801606263,   -14982.1367764871411055,      1.1695158135447510,    -0.0378237453629782,     0.1620005959045852,    -0.0002555541571685,    -0.0026299528489324,    -0.3094904357381833,     0.1068377366602210,       Controls =  -0.0002555541571685,     -0.0026299528489324,    -0.3094904357381833,     0.1068377366602210
LogTemp: Warning: Time =   2.2550341896712780,         CurrentStates =  632.8799301314495551,  -15.2664752317130468,    40.2804378733007411,     0.0700655356175947,     0.1107733837019456,     0.0697554755361968,    1419.6320018191495365,      51.7797015810855825,   -14981.6322907729681901,      1.1707836525338633,    -0.0382521658561261,     0.1645060204530883,    -0.0002555541571685,    -0.0026299528489324,    -0.3094904357381833,     0.1068377366602210,       Controls =  -0.0002555541571685,     -0.0026299528489324,    -0.3094904357381833,     0.1068377366602210
LogTemp: Warning: Time =   2.2754325680434704,         CurrentStates =  632.8376898665248973,  -15.4791174454370939,    41.1670263137310215,     0.0715889982248956,     0.1149709769650308,     0.0699007721013898,    1432.1827513618877674,      53.0025998132424050,   -14981.1149848368077073,      1.1720923957728633,    -0.0386588860896367,     0.1671169076695185,    -0.0002555541571685,    -0.0026299528489324,    -0.3094904357381833,     0.1068377366602210,       Controls =  -0.0002555541571685,     -0.0026299528489324,    -0.3094904357381833,     0.1068377366602210
LogTemp: Warning: Time =   2.2951540760695934,         CurrentStates =  632.7896382994213127,  -15.6967264225829766,    42.1160289017434195,     0.0731599836109804,     0.1193604835003265,     0.0701266678547983,    1445.0492057388485136,      54.2719997455933623,   -14980.5774831907547195,      1.1734615251978235,    -0.0390490024425794,     0.1698754939378978,    -0.0002555541571685,    -0.0026299528489324,    -0.3094904357381833,     0.1068377366602210,       Controls =  -0.0002555541571685,     -0.0026299528489324,    -0.3094904357381833,     0.1068377366602210
LogTemp: Warning: Time =   2.3156823925673962,         CurrentStates =  632.7383143346449970,  -15.9075674821646054,    43.0724906149213354,     0.0746884327368248,     0.1236896536806091,     0.0704221218765499,    1457.4873916189551437,      55.5145873873859657,   -14980.0510535884150158,      1.1748116360724510,    -0.0394013284341037,     0.1726234394426596,    -0.0002555541571685,    -0.0026299528489324,    -0.3094904357381833,     0.1068377366602210,       Controls =  -0.0002555541571685,     -0.0026299528489324,    -0.3094904357381833,     0.1068377366602210
LogTemp: Warning: Time =   2.3357929997146130,         CurrentStates =  632.6794726548404242,  -16.1284262665579163,    44.1092284536002452,     0.0762905831657187,     0.1282880565945220,     0.0708132940413912,    1470.4328653921165824,      56.8242944383137498,   -14979.4961378417392552,      1.1762446804558058,    -0.0397432571894937,     0.1755706567240481,    -0.0002555541571685,    -0.0026299528489324,    -0.3094904357381833,     0.1068377366602210,       Controls =  -0.0002555541571685,     -0.0026299528489324,    -0.3094904357381833,     0.1068377366602210
LogTemp: Warning: Time =   2.3555242829024792,         CurrentStates =  632.6161176508741164,  -16.3471062113339052,    45.1660800796000501,     0.0778725604440176,     0.1328873190428144,     0.0712823500100036,    1483.1133188993624117,      58.1237754272150724,   -14978.9457501503165986,      1.1776761152090498,    -0.0400548585299611,     0.1785462550378739,    -0.0002555541571685,    -0.0026299528489324,    -0.3094904357381833,     0.1068377366602210,       Controls =  -0.0002555541571685,     -0.0026299528489324,    -0.3094904357381833,     0.1068377366602210
LogTemp: Warning: Time =   2.3757064156234264,         CurrentStates =  632.5481054674623920,  -16.5648203727441405,    46.2431647614186119,     0.0794381939044404,     0.1374941192262037,     0.0718281406972208,    1495.5529903593155723,      59.4148599321719146,   -14978.3993484018010349,      1.1791072219651844,    -0.0403392773715364,     0.1815531458663318,    -0.0002555541571685,    -0.0026299528489324,    -0.3094904357381833,     0.1068377366602210,       Controls =  -0.0002555541571685,     -0.0026299528489324,    -0.3094904357381833,     0.1068377366602210
LogTemp: Warning: Time =   2.3951706700026989,         CurrentStates =  632.4721543007361788,  -16.7917239420021147,    47.3865931854048625,     0.0810552142643876,     0.1423065918960951,     0.0724771677780517,    1508.2751302593990204,      60.7522846803396490,   -14977.8340272278928751,      1.1805985562902412,    -0.0406096065470506,     0.1847208717230421,    -0.0002555541571685,    -0.0026299528489324,    -0.3094904357381833,     0.1068377366602210,       Controls =  -0.0002555541571685,     -0.0026299528489324,    -0.3094904357381833,     0.1068377366602210
LogTemp: Warning: Time =   2.4156858734786510,         CurrentStates =  632.3923967030950735,  -17.0155500571809455,    48.5299263559190095,     0.0826315893937266,     0.1470479990164552,     0.0731929853088732,    1520.5430495728915048,      62.0586045152227399,   -14977.2827609253527044,      1.1820634486140067,    -0.0408518205816157,     0.1878667189878677,    -0.0002555541571685,    -0.0026299528489324,    -0.3094904357381833,     0.1068377366602210,       Controls =  -0.0002555541571685,     -0.0026299528489324,    -0.3094904357381833,     0.1068377366602210
LogTemp: Warning: Time =   2.4354924969375134,         CurrentStates =  632.3009686745820090,  -17.2578246569694898,    49.7788014126367884,     0.0843132858503812,     0.1521563161577214,     0.0740461338519848,    1533.4714516303918117,      63.4533220759835501,   -14976.6954229287402995,      1.1836359907717791,    -0.0410888121942664,     0.1912817363381464,    -0.0002555541571685,    -0.0026299528489324,    -0.3094904357381833,     0.1068377366602210,       Controls =  -0.0002555541571685,     -0.0026299528489324,    -0.3094904357381833,     0.1068377366602210
LogTemp: Warning: Time =   2.4561011604964733,         CurrentStates =  632.2050686661167447,  -17.4989755003636880,    51.0279073619220540,     0.0859589898830032,     0.1572008372446729,     0.0749689689876329,    1545.9513274321775498,      64.8176227012570507,   -14976.1223578062017623,      1.1851823300158191,    -0.0413011600088894,     0.1946783222477212,    -0.0002555541571685,    -0.0026299528489324,    -0.3094904357381833,     0.1068377366602210,       Controls =  -0.0002555541571685,     -0.0026299528489324,    -0.3094904357381833,     0.1068377366602210
LogTemp: Warning: Time =   2.4766742996871471,         CurrentStates =  632.0968101794193217,  -17.7585860777399205,    52.3736190233981063,     0.0876971616086632,     0.1625723403458576,     0.0760358441482286,    1558.9342379505862937,      66.2560705433140384,   -14975.5199601129206712,      1.1868209640478251,    -0.0415064340089955,     0.1983193174607246,    -0.0002555541571685,    -0.0026299528489324,    -0.3094904357381833,     0.1068377366602210,       Controls =  -0.0002555541571685,     -0.0026299528489324,    -0.3094904357381833,     0.1068377366602210
LogTemp: Warning: Time =   2.4968685917556286,         CurrentStates =  631.9795527694304837,  -18.0277891441553706,    53.7647428366065867,     0.0894617388196156,     0.1680652535644018,     0.0772127597166494,    1571.8925355230226160,      67.7117133725661944,   -14974.9125010380867025,      1.1884874303877011,    -0.0416969839843156,     0.2020661131655224,    -0.0002555541571685,    -0.0026299528489324,    -0.3094904357381833,     0.1068377366602210,       Controls =  -0.0002555541571685,     -0.0026299528489324,    -0.3094904357381833,     0.1068377366602210
LogTemp: Warning: Time =   2.5172645859420300,         CurrentStates =  631.8549422499992261,  -18.3029835874033395,    55.1775766744030705,     0.0912256685275951,     0.1735900041038977,     0.0784800281615188,    1584.6100096622135425,      69.1601043348258031,   -14974.3104408930939826,      1.1901534948621806,    -0.0418716410970804,     0.2058562049584862,    -0.0002555541571685,    -0.0026299528489324,    -0.3094904357381833,     0.1068377366602210,       Controls =  -0.0002555541571685,     -0.0026299528489324,    -0.3094904357381833,     0.1068377366602210
LogTemp: Warning: Time =   2.5378453545272350,         CurrentStates =  631.7189002633338077,  -18.5931459682924363,    56.6530739328749320,     0.0930426920372221,     0.1793098411508642,     0.0798758954754998,    1597.4517625778305501,      70.6430178368880490,   -14973.6967150161144673,      1.1918671463635151,    -0.0420372113730715,     0.2098004527983098,    -0.0002555541571685,    -0.0026299528489324,    -0.3094904357381833,     0.1068377366602210,       Controls =  -0.0002555541571685,     -0.0026299528489324,    -0.3094904357381833,     0.1068377366602210
LogTemp: Warning: Time =   2.5579654984176159,         CurrentStates =  631.5705655448689413,  -18.8996589251742861,    58.1925406141861501,     0.0949161854141456,     0.1852310401669784,     0.0814059761337631,    1610.4073311961572017,      72.1603046672096724,   -14973.0718061951229174,      1.1936285200499444,    -0.0421949574361691,     0.2139027420328350,    -0.0002555541571685,    -0.0026299528489324,    -0.3094904357381833,     0.1068377366602210,       Controls =  -0.0002555541571685,     -0.0026299528489324,    -0.3094904357381833,     0.1068377366602210
LogTemp: Warning: Time =   2.5783133320510387,         CurrentStates =  631.4141097361564334,  -19.2138832698463204,    59.7478154542344555,     0.0967905122879182,     0.1911718900345716,     0.0830231913603655,    1623.0702360349735045,      73.6644141570988893,   -14972.4555817628570367,      1.1953823891170887,    -0.0423418141043341,     0.2180356995159917,    -0.0002555541571685,    -0.0026299528489324,    -0.3094904357381833,     0.1068377366602210,       Controls =  -0.0002555541571685,     -0.0026299528489324,    -0.3094904357381833,     0.1068377366602210
LogTemp: Warning: Time =   2.5985109619796276,         CurrentStates =  631.2436264976965958,  -19.5475920098954070,    61.3724548463226114,     0.0987332324349772,     0.1973404085852945,     0.0847841495300517,    1635.8735753229973398,      75.2069191930195728,   -14971.8272094814637967,      1.1971889394684603,    -0.0424846826981719,     0.2223425107503600,    -0.0002555541571685,    -0.0026299528489324,    -0.3094904357381833,     0.1068377366602210,       Controls =  -0.0002555541571685,     -0.0026299528489324,    -0.3094904357381833,     0.1068377366602210
LogTemp: Warning: Time =   2.6187717728316784,         CurrentStates =  631.0614191258367782,  -19.8959574548500058,    63.0378637898536383,     0.1007128872639240,     0.2036306373586010,     0.0866602378488726,    1648.5793408153720065,      76.7597742130352998,   -14971.1984906273519300,      1.1990156031945129,    -0.0426226504973668,     0.2267479338978400,    -0.0002555541571685,    -0.0026299528489324,    -0.3094904357381833,     0.1068377366602210,       Controls =  -0.0002555541571685,     -0.0026299528489324,    -0.3094904357381833,     0.1068377366602210
LogTemp: Warning: Time =   2.6386573128402233,         CurrentStates =  630.8647963640921716,  -20.2638519220359505,    64.7626758145536741,     0.1027546648338927,     0.2101160807819367,     0.0886738803935461,    1661.3216420539513365,      78.3397488059716096,   -14970.5629756974667544,      1.2008823467570682,    -0.0427590244448020,     0.2313018921829549,    -0.0002555541571685,    -0.0026299528489324,    -0.3094904357381833,     0.1068377366602210,       Controls =  -0.0002555541571685,     -0.0026299528489324,    -0.3094904357381833,     0.1068377366602210
LogTemp: Warning: Time =   2.6584713272750378,         CurrentStates =  630.6574524371975485,  -20.6441672019448497,    66.5097506625462813,     0.1048177783860545,     0.2166606357782448,     0.0907818442928790,    1673.8247432401465176,      79.9126528781602303,   -14969.9346819681322813,      1.2027489271861382,    -0.0428927082215156,     0.2359070232747205,    -0.0002555541571685,    -0.0026299528489324,    -0.3094904357381833,     0.1068377366602210,       Controls =  -0.0002555541571685,     -0.0026299528489324,    -0.3094904357381833,     0.1068377366602210
LogTemp: Warning: Time =   2.6779765896499157,         CurrentStates =  630.4357842230323286,  -21.0433286283819569,    68.3054335896363369,     0.1069365433104740,     0.2233666959474883,     0.0930152398277907,    1686.2796023382686599,      81.5022758874937097,   -14969.3043209774969000,      1.2046436931351101,    -0.0430275629853837,     0.2406334656801353,    -0.0002555541571685,    -0.0026299528489324,    -0.3094904357381833,     0.1068377366602210,       Controls =  -0.0002555541571685,     -0.0026299528489324,    -0.3094904357381833,     0.1068377366602210
LogTemp: Warning: Time =   2.6982521824538708,         CurrentStates =  630.2019372724822688,  -21.4571970565146728,    70.1281324220899336,     0.1090885606415562,     0.2301570451302349,     0.0953467253698486,    1698.5368623671693058,      83.0894228154986507,   -14968.6797261825067835,      1.2065439601238714,    -0.0431637137632291,     0.2454249591020589,    -0.0002555541571685,    -0.0026299528489324,    -0.3094904357381833,     0.1068377366602210,       Controls =  -0.0002555541571685,     -0.0026299528489324,    -0.3094904357381833,     0.1068377366602210
LogTemp: Warning: Time =   2.7180414013564587,         CurrentStates =  629.9413451917554312,  -21.9107287319734816,    72.0823598948234974,     0.1114005808272769,     0.2374235234886049,     0.0979135455907482,    1711.2744606709684376,      84.7632597011022852,   -14968.0263559514241933,      1.2085573022456084,    -0.0433107568330127,     0.2505563900578065,    -0.0002555541571685,    -0.0026299528489324,    -0.3094904357381833,     0.1068377366602210,       Controls =  -0.0002555541571685,     -0.0026299528489324,    -0.3094904357381833,     0.1068377366602210
LogTemp: Warning: Time =   2.7380804829299450,         CurrentStates =  629.6686746596075182,  -22.3775886316455832,    74.0499767926346522,     0.1137362694744142,     0.2447296087042231,     0.1005630494207510,    1723.7025756599468878,      86.4210836305370975,   -14967.3847886175844906,      1.2105609488942437,    -0.0434616479974375,     0.2557177271511853,    -0.0002555541571685,    -0.0026299528489324,    -0.3094904357381833,     0.1068377366602210,       Controls =  -0.0002555541571685,     -0.0026299528489324,    -0.3094904357381833,     0.1068377366602210
LogTemp: Warning: Time =   2.7583010010421276,         CurrentStates =  629.3728924435455383,  -22.8760285754203743,    76.1049936371031492,     0.1161868192042344,     0.2523534001995323,     0.1033947961645102,    1736.2835487654213011,      88.1247246336753705,   -14966.7313889469223795,      1.2126301047915222,    -0.0436239063581670,     0.2611034526099617,    -0.0002555541571685,    -0.0026299528489324,    -0.3094904357381833,     0.1068377366602210,       Controls =  -0.0002555541571685,     -0.0026299528489324,    -0.3094904357381833,     0.1068377366602210
LogTemp: Warning: Time =   2.7788486294448376,         CurrentStates =  629.0530477634994213,  -23.4065152606622817,    78.2444164072257564,     0.1187526238526637,     0.2602867506947181,     0.1064075891952377,    1748.9739610296448973,      89.8697569019915221,   -14966.0684472500342963,      1.2147604452147303,    -0.0437994135449770,     0.2667057686478893,    -0.0002555541571685,    -0.0026299528489324,    -0.3094904357381833,     0.1068377366602210,       Controls =  -0.0002555541571685,     -0.0026299528489324,    -0.3094904357381833,     0.1068377366602210
LogTemp: Warning: Time =   2.7983956150710583,         CurrentStates =  628.7045475277122932,  -23.9753078191577984,    80.4883540397013633,     0.1214621714067911,     0.2686073943940125,     0.1096328981183769,    1761.8647792159345045,      91.6703722127852956,   -14965.3912363085073594,      1.2169705332019660,    -0.0439921604606430,     0.2725773181406992,    -0.0002555541571685,    -0.0026299528489324,    -0.3094904357381833,     0.1068377366602210,       Controls =  -0.0002555541571685,     -0.0026299528489324,    -0.3094904357381833,     0.1068377366602210
LogTemp: Warning: Time =   2.8185398392379284,         CurrentStates =  628.3495793454860632,  -24.5455025247671905,    82.6905827409906635,     0.1241416424757869,     0.2767761734408691,     0.1128580324328301,    1774.1231092865887149,      93.4095138956940190,   -14964.7438561104518158,      1.2191169618515019,    -0.0441911697474956,     0.2783357909350771,    -0.0002555541571685,    -0.0026299528489324,    -0.3094904357381833,     0.1068377366602210,       Controls =  -0.0002555541571685,     -0.0026299528489324,    -0.3094904357381833,     0.1068377366602210
LogTemp: Warning: Time =   2.8383478932082653,         CurrentStates =  627.9582542815890065,  -25.1641063341664442,    85.0313084998980884,     0.1270134060592811,     0.2854644952070924,     0.1163455008241295,    1786.7507930953424875,      95.2291583480173500,   -14964.0736671806043887,      1.2213755188428195,    -0.0444145020164359,     0.2844525610541154,    -0.0002555541571685,    -0.0026299528489324,    -0.3094904357381833,     0.1068377366602210,       Controls =  -0.0002555541571685,     -0.0026299528489324,    -0.3094904357381833,     0.1068377366602210
LogTemp: Warning: Time =   2.8578784279525280,         CurrentStates =  627.5465283208698111,  -25.8043260638584506,    87.4058335795283625,     0.1299531276686860,     0.2942867710054839,     0.1199406542832046,    1799.1624794650024342,      97.0461812278780940,   -14963.4118324258724897,      1.2236442429073571,    -0.0446544602883767,     0.2906539591452157,    -0.0002555541571685,    -0.0026299528489324,    -0.3094904357381833,     0.1068377366602210,       Controls =  -0.0002555541571685,     -0.0026299528489324,    -0.3094904357381833,     0.1068377366602210
LogTemp: Warning: Time =   2.8780760578811169,         CurrentStates =  627.1126820001347824,  -26.4677950173836258,    89.8202236973361465,     0.1329707112263549,     0.3032679134454287,     0.1236501628845354,    1811.3949192596110151,      98.8653250535073056,   -14962.7566919165165018,      1.2259294504621394,    -0.0449131118151023,     0.2969559488806828,    -0.0002555541571685,    -0.0026299528489324,    -0.3094904357381833,     0.1068377366602210,       Controls =  -0.0002555541571685,     -0.0026299528489324,    -0.3094904357381833,     0.1068377366602210
LogTemp: Warning: Time =   2.8979844860732555,         CurrentStates =  626.6329435763580022,  -27.1888138082177697,    92.3960554998125332,     0.1362226914430948,     0.3128632606102098,     0.1276622744165748,    1824.0392150528211914,      100.7760805681185161,  -14962.0766645232724841,      1.2283450876686544,    -0.0452061058710436,     0.3036756785009409,    -0.0002555541571685,    -0.0026299528489324,    -0.3094904357381833,     0.1068377366602210,       Controls =  -0.0002555541571685,     -0.0026299528489324,    -0.3094904357381833,     0.1068377366602210
LogTemp: Warning: Time =   2.9194075874984264,         CurrentStates =  626.1270781843978739,  -27.9354318816903735,    95.0162849386651231,     0.1395659223672641,     0.3226398211891778,     0.1317958612245351,    1836.4961524818054386,      102.6894963672383341,  -14961.4040600122971227,      1.2307803011912040,    -0.0455228324501719,     0.3105075877014968,    -0.0002555541571685,    -0.0026299528489324,    -0.3094904357381833,     0.1068377366602210,       Controls =  -0.0002555541571685,     -0.0026299528489324,    -0.3094904357381833,     0.1068377366602210
LogTemp: Warning: Time =   2.9380512051284313,         CurrentStates =  625.5435843069152497,  -28.7800407588328007,    97.9292337236709614,     0.1433247210700606,     0.3335284250193651,     0.1364468928994001,    1849.8934798682162182,      104.7826022585827275,  -14960.6779211253142421,      1.2334633252484934,    -0.0458976434099822,     0.3180986359144881,    -0.0002555541571685,    -0.0026299528489324,    -0.3094904357381833,     0.1068377366602210,       Controls =  -0.0002555541571685,     -0.0026299528489324,    -0.3094904357381833,     0.1068377366602210
LogTemp: Warning: Time =   2.9576690010726452,         CurrentStates =  625.0005248608597412,  -29.5508921311773136,    100.5457934983380142,    0.1467388999739156,     0.3433275106941187,     0.1406695007035880,    1861.5461550598261056,      106.6336282631251322,  -14960.0441660306369158,      1.2358531330862013,    -0.0462550693368640,     0.3249137995054650,    -0.0002555541571685,    -0.0026299528489324,    -0.3094904357381833,     0.1068377366602210,       Controls =  -0.0002555541571685,     -0.0026299528489324,    -0.3094904357381833,     0.1068377366602210
LogTemp: Warning: Time =   2.9775290302932262,         CurrentStates =  624.3912414144025433,  -30.3990565032835320,    103.3838948209955078,    0.1504824238412784,     0.3539761501557503,     0.1452924455188834,    1873.8009689113503100,      108.6117262643114429,  -14959.3756242087310966,      1.2384251802067785,    -0.0466652336042139,     0.3323024030325910,    -0.0002555541571685,    -0.0026299528489324,    -0.3094904357381833,     0.1068377366602210,       Controls =  -0.0002555541571685,     -0.0026299528489324,    -0.3094904357381833,     0.1068377366602210
LogTemp: Warning: Time =   2.9977781586349010,         CurrentStates =  623.7323044229649440,  -31.2973499020595298,    106.3485644932729031,    0.1544371509380412,     0.3651216003883876,     0.1501639325411579,    1886.1993321249544806,      110.6466341923989773,  -14958.6972726728108682,      1.2410911467450765,    -0.0471188416923701,     0.3400166766651223,    -0.0002555541571685,    -0.0026299528489324,    -0.3094904357381833,     0.1068377366602210,       Controls =  -0.0002555541571685,     -0.0026299528489324,    -0.3094904357381833,     0.1068377366602210
LogTemp: Warning: Time =   3.0179426483809948,         CurrentStates =  623.0138261771926409,  -32.2553429824002009,    109.4694986101624039,    0.1586483698324590,     0.3768781472219424,     0.1553334733915625,    1898.8324104376135892,      112.7558079177094328,  -14958.0041874018206727,      1.2438763409912392,    -0.0476242138854844,     0.3481335113917095,    -0.0002555541571685,    -0.0026299528489324,    -0.3094904357381833,     0.1068377366602210,       Controls =  -0.0002555541571685,     -0.0026299528489324,    -0.3094904357381833,     0.1068377366602210
LogTemp: Warning: Time =   3.0378475002944469,         CurrentStates =  622.2483416182890323,  -33.2525144803584141,    112.6793413388168119,    0.1630298325219258,     0.3889939021821101,     0.1606889359362744,    1911.4039722550492115,      114.8915089852474267,  -14957.3127360970411246,      1.2467197667348144,    -0.0481737738385830,     0.3564774521646581,    -0.0002555541571685,    -0.0026299528489324,    -0.3094904357381833,     0.1068377366602210,       Controls =  -0.0002555541571685,     -0.0026299528489324,    -0.3094904357381833,     0.1068377366602210
LogTemp: Warning: Time =   3.0580096058547497,         CurrentStates =  621.4403968525267601,  -34.2799483146422972,    115.9510944610646845,    0.1675468774562099,     0.4013672977048817,     0.1661826972461478,    1923.8046024616580780,      117.0351283887684986,  -14956.6291330873882544,      1.2495976299489533,    -0.0487649184556887,     0.3649782625615561,    -0.0002555541571685,    -0.0026299528489324,    -0.3094904357381833,     0.1068377366602210,       Controls =  -0.0002555541571685,     -0.0026299528489324,    -0.3094904357381833,     0.1068377366602210
LogTemp: Warning: Time =   3.0781788639724255,         CurrentStates =  620.5653560358064169,  -35.3650956559584984,    119.3733553192882511,    0.1723251962763721,     0.4143339339080415,     0.1719616919621069,    1936.3560144196437705,      119.2432263407913240,  -14955.9357935577554599,      1.2525874747257348,    -0.0494165370564980,     0.3738660275942426,    -0.0002555541571685,    -0.0026299528489324,    -0.3094904357381833,     0.1068377366602210,       Controls =  -0.0002555541571685,     -0.0026299528489324,    -0.3094904357381833,     0.1068377366602210
LogTemp: Warning: Time =   3.0979132466018200,         CurrentStates =  619.6290485074260914,  -36.4960086838144946,    122.9094302672729953,    0.1773178824797479,     0.4277553184577572,     0.1779625564904850,    1948.9014811884737810,      121.4899759445471119,  -14955.2414933467607625,      1.2556564750688510,    -0.0501252967595169,     0.3830453245813679,    -0.0002555541571685,    -0.0026299528489324,    -0.3094904357381833,     0.1068377366602210,       Controls =  -0.0002555541571685,     -0.0026299528489324,    -0.3094904357381833,     0.1068377366602210
LogTemp: Warning: Time =   3.1178390793502331,         CurrentStates =  618.6498550742064708,  -37.6470153373560450,    126.4819679592080348,    0.1824171151349947,     0.4413367124496174,     0.1840509961803089,    1961.1660318885060406,      123.7258569951654437,  -14954.5616270607461047,      1.2587377655491336,    -0.0508776405114604,     0.3923155158852426,    -0.0002555541571685,    -0.0026299528489324,    -0.3094904357381833,     0.1068377366602210,       Controls =  -0.0002555541571685,     -0.0026299528489324,    -0.3094904357381833,     0.1068377366602210
LogTemp: Warning: Time =   3.1381554417312145,         CurrentStates =  617.5935496288502691,  -38.8542215744382844,    130.2059500907128893,    0.1877890104356368,     0.4555138517879948,     0.1904202314948234,    1973.5384560575223531,      126.0220230534565218,  -14953.8747936685631430,      1.2619305278012056,    -0.0517002950336074,     0.4019751693227579,    -0.0002555541571685,    -0.0026299528489324,    -0.3094904357381833,     0.1068377366602210,       Controls =  -0.0002555541571685,     -0.0026299528489324,    -0.3094904357381833,     0.1068377366602210
LogTemp: Warning: Time =   3.1585089974105358,         CurrentStates =  616.4418120196720565,  -40.1319554838053136,    134.1276296038843725,    0.1935056903972450,     0.4704619873128916,     0.1971478300929408,    1986.1412556698728622,      128.4040753695325066,  -14953.1742772619345487,      1.2652732670777707,    -0.0526085530981158,     0.4121443930988534,    -0.0002555541571685,    -0.0026299528489324,    -0.3094904357381833,     0.1068377366602210,       Controls =  -0.0002555541571685,     -0.0026299528489324,    -0.3094904357381833,     0.1068377366602210
LogTemp: Warning: Time =   3.1783840470016003,         CurrentStates =  615.2070919905736446,  -41.4596024086913886,    138.1867615104935965,    0.1994841041387114,     0.4859495584126665,     0.2041283537615559,    1998.7541918186170733,      130.8328799122669750,  -14952.4724143369039666,      1.2687137158863182,    -0.0535934321662067,     0.4226673293872699,    -0.0002555541571685,    -0.0026299528489324,    -0.3094904357381833,     0.1068377366602210,       Controls =  -0.0002555541571685,     -0.0026299528489324,    -0.3094904357381833,     0.1068377366602210
LogTemp: Warning: Time =   3.1988947205245495,         CurrentStates =  613.9179161426020528,  -42.8019431823297296,    142.2802040122568883,    0.2055731554161901,     0.5015793102757788,     0.2111811596856157,    2011.0575266831328918,      133.2465324543203451,  -14951.7871323272029258,      1.2721647783035686,    -0.0546322482800748,     0.4332773233860548,    -0.0002555541571685,    -0.0026299528489324,    -0.3094904357381833,     0.1068377366602210,       Controls =  -0.0002555541571685,     -0.0026299528489324,    -0.3094904357381833,     0.1068377366602210
LogTemp: Warning: Time =   3.2183787636458874,         CurrentStates =  612.4951198394966241,  -44.2344883021780504,    146.6429044904542707,    0.2121257617629702,     0.5182441157490736,     0.2187082603496386,    2023.7398035973055812,      135.7818299585101727,  -14951.0801762138471531,      1.2758240540365120,    -0.0557892574867436,     0.4445842477032631,    -0.0002555541571685,    -0.0026299528489324,    -0.3094904357381833,     0.1068377366602210,       Controls =  -0.0002555541571685,     -0.0026299528489324,    -0.3094904357381833,     0.1068377366602210
LogTemp: Warning: Time =   3.2379884533584118,         CurrentStates =  611.0507860322055649,  -45.6393607961659455,    150.9210653060878542,    0.2186112590323656,     0.5345872875795523,     0.2260961533090622,    2035.7728910116202314,      138.2330300504467004,  -14950.4089593519584014,      1.2793950924044359,    -0.0569732936012867,     0.4556723101828338,    -0.0002555541571685,    -0.0026299528489324,    -0.3094904357381833,     0.1068377366602210,       Controls =  -0.0002555541571685,     -0.0026299528489324,    -0.3094904357381833,     0.1068377366602210
LogTemp: Warning: Time =   3.2581631951034069,         CurrentStates =  609.4998232964871931,  -47.0959657110513064,    155.3620232153012637,    0.2254029363872451,     0.5515475352863971,     0.2337687324832064,    2047.8686930795015542,      140.7431318351906100,  -14949.7338741477633448,      1.2830853354463070,    -0.0582536935354066,     0.4671839510807557,    -0.0002555541571685,    -0.0026299528489324,    -0.3094904357381833,     0.1068377366602210,       Controls =  -0.0002555541571685,     -0.0026299528489324,    -0.3094904357381833,     0.1068377366602210
LogTemp: Warning: Time =   3.2783231548964977,         CurrentStates =  607.7956022577021713,  -48.6382963075526078,    160.0760767830665259,    0.2326749345380337,     0.5695381984268406,     0.2419138342112671,    2060.2965835499044260,      143.3717086705410679,  -14949.0399281803711347,      1.2869854431998278,    -0.0596695512692709,     0.4794070123722978,    -0.0002555541571685,    -0.0026299528489324,    -0.3094904357381833,     0.1068377366602210,       Controls =  -0.0002555541571685,     -0.0026299528489324,    -0.3094904357381833,     0.1068377366602210
LogTemp: Warning: Time =   3.2986643128097057,         CurrentStates =  605.9754331791393724,  -50.2225811084183249,    164.9371475140749226,    0.2402376774511485,     0.5880682293057845,     0.2503106916900030,    2072.6975913558767388,      146.0461391873049308,  -14948.3471998815566621,      1.2909903541280263,    -0.0611903256412044,     0.4920170582981071,    -0.0002555541571685,    -0.0026299528489324,    -0.3094904357381833,     0.1068377366602210,       Controls =  -0.0002555541571685,     -0.0026299528489324,    -0.3094904357381833,     0.1068377366602210
LogTemp: Warning: Time =   3.3187827877700329,         CurrentStates =  604.0122986788428534,  -51.8632304135790108,    169.9978606222604753,    0.2481763033799083,     0.6073265113750360,     0.2590472303168909,    2085.1912877801532886,      148.7941762437961017,  -14947.6490377434547554,      1.2951432235683484,    -0.0628387748974494,     0.5051535907782772,    -0.0002555541571685,    -0.0026299528489324,    -0.3094904357381833,     0.1068377366602210,       Controls =  -0.0002555541571685,     -0.0026299528489324,    -0.3094904357381833,     0.1068377366602210
LogTemp: Warning: Time =   3.3384651951491833,         CurrentStates =  601.9374502610098716,  -53.5256448479885734,    175.1602860831173416,    0.2563395217962473,     0.6269270691549023,     0.2679516227691054,    2097.5284008012295089,      151.5621630194756904,  -14946.9593838179116574,      1.2993638313233662,    -0.0645887052234805,     0.5185658559619503,    -0.0002555541571685,    -0.0026299528489324,    -0.3094904357381833,     0.1068377366602210,       Controls =  -0.0002555541571685,     -0.0026299528489324,    -0.3094904357381833,     0.1068377366602210
LogTemp: Warning: Time =   3.3579129986464977,         CurrentStates =  599.7711900936667462,  -55.1881487044641688,    180.3647397715448903,    0.2646324039447214,     0.6466303221406752,     0.2769188163151993,    2109.5780710348285538,      154.3193872743789257,  -14946.2855560369862360,      1.3036043200588479,    -0.0664227207480936,     0.5321022030109656,    -0.0002555541571685,    -0.0026299528489324,    -0.3094904357381833,     0.1068377366602210,       Controls =  -0.0002555541571685,     -0.0026299528489324,    -0.3094904357381833,     0.1068377366602210
LogTemp: Warning: Time =   3.3778197579085827,         CurrentStates =  597.4900665008475471,  -56.8635517861955861,    185.6589197663246011,    0.2731304156743983,     0.6666027035295023,     0.2860293445150000,    2121.4635850704166842,      157.0925960672095982,  -14945.6206428550176497,      1.3079045766875710,    -0.0683604486107531,     0.5458904440379370,    -0.0002555541571685,    -0.0026299528489324,    -0.3094904357381833,     0.1068377366602210,       Controls =  -0.0002555541571685,     -0.0026299528489324,    -0.3094904357381833,     0.1068377366602210
LogTemp: Warning: Time =   3.3975372128188610,         CurrentStates =  595.0015274788861461,  -58.6093405619594279,    191.2360957568562299,    0.2821477171494451,     0.6875517961082108,     0.2956137448320151,    2133.6071707646724462,      159.9825592241890035,  -14944.9409652098856895,      1.3124218328744168,    -0.0704807812234557,     0.5604396447262719,    -0.0002555541571685,    -0.0026299528489324,    -0.3094904357381833,     0.1068377366602210,       Controls =  -0.0002555541571685,     -0.0026299528489324,    -0.3094904357381833,     0.1068377366602210
LogTemp: Warning: Time =   3.4176738075911999,         CurrentStates =  592.3744044058648797,  -60.3660659468837508,    196.9192035045608407,    0.2914025089160822,     0.7087870189150391,     0.3053660177341265,    2145.6115918332516230,      162.8972266256181172,  -14944.2686709487952612,      1.3170130754921789,    -0.0727254539625525,     0.5752946421003509,    -0.0002555541571685,    -0.0026299528489324,    -0.3094904357381833,     0.1068377366602210,       Controls =  -0.0002555541571685,     -0.0026299528489324,    -0.3094904357381833,     0.1068377366602210
LogTemp: Warning: Time =   3.4382359795272350,         CurrentStates =  589.5149247578120821,  -62.1846698484008016,    202.8873583100948110,    0.3011913756268216,     0.7309469826138212,     0.3155922958904878,    2157.8457203283460331,      165.9285821193462880,  -14943.5829840123951726,      1.3218237181796566,    -0.0751751009433132,     0.5909316806413765,    -0.0002555541571685,    -0.0026299528489324,    -0.3094904357381833,     0.1068377366602210,       Controls =  -0.0002555541571685,     -0.0026299528489324,    -0.3094904357381833,     0.1068377366602210
LogTemp: Warning: Time =   3.4581515602767467,         CurrentStates =  586.4002854821999335,  -64.0627981405526725,    209.1530642006088669,    0.3115437329808785,     0.7540339739922767,     0.3263127100055335,    2170.3103036618194892,      169.0821879805005494,  -14942.8836789080778544,      1.3268644285931155,    -0.0778502761543924,     0.6073950055502960,    -0.0002555541571685,    -0.0026299528489324,    -0.3094904357381833,     0.1068377366602210,       Controls =  -0.0002555541571685,     -0.0026299528489324,    -0.3094904357381833,     0.1068377366602210
LogTemp: Warning: Time =   3.4779004864394665,         CurrentStates =  583.1854636861310155,  -65.8973075180466310,    215.3861376198175321,    0.3219180415530554,     0.7767940688935375,     0.3369630258389706,    2182.3541771033519581,      172.1937047225787580,  -14942.2071197312379809,      1.3318712978250746,    -0.0806186361182635,     0.6238265345516126,    -0.0002555541571685,    -0.0026299528489324,    -0.3094904357381833,     0.1068377366602210,       Controls =  -0.0002555541571685,     -0.0026299528489324,    -0.3094904357381833,     0.1068377366602210
LogTemp: Warning: Time =   3.4981195740401745,         CurrentStates =  579.7946061782112110,  -67.7262657184244148,    221.7252662716400664,    0.3325465283425739,     0.7997006587597000,     0.3477824235619580,    2194.2677859536493088,      175.3356572679204248,  -14941.5368333713977336,      1.3369580992613068,    -0.0835462540896795,     0.6405999522963558,    -0.0002555541571685,    -0.0026299528489324,    -0.3094904357381833,     0.1068377366602210,       Controls =  -0.0002555541571685,     -0.0026299528489324,    -0.3094904357381833,     0.1068377366602210
LogTemp: Warning: Time =   3.5182003788650036,         CurrentStates =  576.1028425930647927,  -69.6029876056142598,    228.3759179407060458,    0.3437826027687865,     0.8234364611733949,     0.3591238403718841,    2206.4329750104807317,      178.6116842149234571,  -14940.8510570522648777,      1.3422920594268279,    -0.0867427163930473,     0.6582734921091530,    -0.0002555541571685,    -0.0026299528489324,    -0.3094904357381833,     0.1068377366602210,       Controls =  -0.0002555541571685,     -0.0026299528489324,    -0.3094904357381833,     0.1068377366602210
LogTemp: Warning: Time =   3.5382931046187878,         CurrentStates =  572.2049590926516203,  -71.4646083235267753,    235.1380772940286477,    0.3552989386027235,     0.8472167748577056,     0.3706498196364982,    2218.4811079880346369,      181.9256330968680686,  -14940.1702397664175805,      1.3477157697030393,    -0.0901282965107448,     0.6763324025861202,    -0.0002555541571685,    -0.0026299528489324,    -0.3094904357381833,     0.1068377366602210,       Controls =  -0.0002555541571685,     -0.0026299528489324,    -0.3094904357381833,     0.1068377366602210
LogTemp: Warning: Time =   3.5582566075026989,         CurrentStates =  568.0632630210021716,  -73.3179276563544136,    242.0554880533444191,    0.3671793906460734,     0.8711239832192318,     0.3824404113268752,    2230.5005123113296577,      185.3025763750709132,  -14939.4890604901866027,      1.3532681130818247,    -0.0937384207715963,     0.6949095759191541,    -0.0002555541571685,    -0.0026299528489324,    -0.3094904357381833,     0.1068377366602210,       Controls =  -0.0002555541571685,     -0.0026299528489324,    -0.3094904357381833,     0.1068377366602210
LogTemp: Warning: Time =   3.5780880264937878,         CurrentStates =  563.6984321928373447,  -75.1424572784405740,    249.0718044770841573,    0.3793383309524044,     0.8948808030214500,     0.3944067376949247,    2242.4055130216615908,      188.7192155580419808,  -14938.8120035532338079,      1.3589084186563851,    -0.0975584827388037,     0.7138714967351262,    -0.0002555541571685,    -0.0026299528489324,    -0.3094904357381833,     0.1068377366602210,       Controls =  -0.0002555541571685,     -0.0026299528489324,    -0.3094904357381833,     0.1068377366602210
LogTemp: Warning: Time =   3.5982882790267467,         CurrentStates =  559.1062850181176600,  -76.9301607815965696,    256.1749009976632578,    0.3917666903118213,     0.9183568473232588,     0.4065370570873417,    2254.1928881699595877,      192.1745563735542248,  -14938.1388672510092874,      1.3646322635440096,    -0.1015962434227408,     0.7332036046133941,    -0.0002555541571685,    -0.0026299528489324,    -0.3094904357381833,     0.1068377366602210,       Controls =  -0.0002555541571685,     -0.0026299528489324,    -0.3094904357381833,     0.1068377366602210
LogTemp: Warning: Time =   3.6182966046035290,         CurrentStates =  554.1567986074081773,  -78.7168868446197081,    263.5364246345116044,    0.4047839977278915,     0.9419911416132849,     0.4191365100252796,    2266.1576591070706854,      195.7577222966573061,  -14937.4522580264001590,      1.3705850313792500,    -0.1059719964073095,     0.7533988033929132,    -0.0002555541571685,    -0.0026299528489324,    -0.3094904357381833,     0.1068377366602210,       Controls =  -0.0002555541571685,     -0.0026299528489324,    -0.3094904357381833,     0.1068377366602210
LogTemp: Warning: Time =   3.6389775089919567,         CurrentStates =  548.9754420093339604,  -80.4431470943116977,    270.9413937528648830,    0.4180320236015741,     0.9649477573182984,     0.4318519350129909,    2277.9648035163036184,      199.3706545916620883,  -14936.7708085179983755,      1.3766013364251770,    -0.1105821046148172,     0.7738950419584470,    -0.0002555541571685,    -0.0026299528489324,    -0.3094904357381833,     0.1068377366602210,       Controls =  -0.0002555541571685,     -0.0026299528489324,    -0.3094904357381833,     0.1068377366602210
LogTemp: Warning: Time =   3.6593005470931530,         CurrentStates =  543.3205064898656929,  -82.1713871319510076,    278.6987089711442991,    0.4320942012487783,     0.9879866628286063,     0.4452339141095409,    2290.1206442108291412,      203.1723756197843613,  -14936.0645111535632168,      1.3829436129158075,    -0.1156518067574714,     0.7955837281159138,    -0.0002555541571685,    -0.0026299528489324,    -0.3094904357381833,     0.1068377366602210,       Controls =  -0.0002555541571685,     -0.0026299528489324,    -0.3094904357381833,     0.1068377366602210
LogTemp: Warning: Time =   3.6793482117354870,         CurrentStates =  537.4610672704359331,  -83.8031565899795083,    286.4065113161104250,    0.4462757663588078,     1.0096981619170635,     0.4586129272726566,    2302.0159031169773698,      206.9753991610311630,  -14935.3679581001015322,      1.3892966274637906,    -0.1209518761012283,     0.8173785721602959,    -0.0002555541571685,    -0.0026299528489324,    -0.3094904357381833,     0.1068377366602210,       Controls =  -0.0002555541571685,     -0.0026299528489324,    -0.3094904357381833,     0.1068377366602210
LogTemp: Warning: Time =   3.6992592625319958,         CurrentStates =  531.3837438433026819,  -85.3369392904769484,    294.0723405187554818,    0.4606147275650982,     1.0299411426038463,     0.4720241624088459,    2313.6986825829435475,      210.7922956722841832,  -14934.6778414702457667,      1.3956786633239104,    -0.1265055910501258,     0.8393237719909213,    -0.0002555541571685,    -0.0026299528489324,    -0.3094904357381833,     0.1068377366602210,       Controls =  -0.0002555541571685,     -0.0026299528489324,    -0.3094904357381833,     0.1068377366602210
LogTemp: Warning: Time =   3.7189016155898571,         CurrentStates =  525.0544894950874095,  -86.7743995645569441,    301.7254976200148917,    0.4751969840200990,     1.0485936439557166,     0.4855453511693055,    2325.2489934739983255,      214.6475873914977512,  -14933.9888395193647739,      1.4021288156552840,    -0.1323579867146420,     0.8615305924425611,    -0.0002555541571685,    -0.0026299528489324,    -0.3094904357381833,     0.1068377366602210,       Controls =  -0.0002555541571685,     -0.0026299528489324,    -0.3094904357381833,     0.1068377366602210
LogTemp: Warning: Time =   3.7389981560409069,         CurrentStates =  518.5259785673498527,  -88.0974221204119630,    309.2902591721596082,    0.4899129846877736,     1.0652550032772385,     0.4990721839034780,    2336.5893560278595942,      218.5136661765746737,  -14933.3049689672716340,      1.4085998654117124,    -0.1384764309545696,     0.8838068603572105,    -0.0002555541571685,    -0.0026299528489324,    -0.3094904357381833,     0.1068377366602210,       Controls =  -0.0002555541571685,     -0.0026299528489324,    -0.3094904357381833,     0.1068377366602210
LogTemp: Warning: Time =   3.7590505890548229,         CurrentStates =  511.5590049624638596,  -89.3416707037542750,    317.0182090798302852,    0.5053071732809281,     1.0801501336750621,     0.5130967085100738,    2348.1339830930519383,      222.5335174596116588,  -14932.6002560362394433,      1.4153313382252948,    -0.1451083815938060,     0.9069376580122812,    -0.0002555541571685,    -0.0026299528489324,    -0.3094904357381833,     0.1068377366602210,       Controls =  -0.0002555541571685,     -0.0026299528489324,    -0.3094904357381833,     0.1068377366602210
LogTemp: Warning: Time =   3.7790698818862438,         CurrentStates =  504.3267303394241026,  -90.4610579925315079,    324.6872080759183063,    0.5210068491741505,     1.0924443502695682,     0.5272684426457723,    2359.5922561705137923,      226.6089995268802681,  -14931.8912251465408190,      1.4221606202925727,    -0.1521185773510938,     0.9303112584529845,    -0.0002555541571685,    -0.0026299528489324,    -0.3094904357381833,     0.1068377366602210,       Controls =  -0.0002555541571685,     -0.0026299528489324,    -0.3094904357381833,     0.1068377366602210
LogTemp: Warning: Time =   3.7990600876510143,         CurrentStates =  496.8406101076843697,  -91.4450829423396954,    332.2688260555493684,    0.5370183237615923,     1.1017313958531285,     0.5415863487518642,    2370.9682338731126947,      230.7413263552353726,  -14931.1766754341570049,      1.4290932810267039,    -0.1595265875889974,     0.9538815130517679,    -0.0002555541571685,    -0.0026299528489324,    -0.3094904357381833,     0.1068377366602210,       Controls =  -0.0002555541571685,     -0.0026299528489324,    -0.3094904357381833,     0.1068377366602210
LogTemp: Warning: Time =   3.8186998181045055,         CurrentStates =  489.1191856407035630,  -92.2830582777577888,    339.7297623218614149,    0.5533442060027043,     1.1075808608182478,     0.5560457529287003,    2382.2619515867581867,      234.9301666454681765,  -14930.4556089506040735,      1.4361346763989600,    -0.1673499321044404,     0.9775859358764970,    -0.0002555541571685,    -0.0026299528489324,    -0.3094904357381833,     0.1068377366602210,       Controls =  -0.0002555541571685,     -0.0026299528489324,    -0.3094904357381833,     0.1068377366602210
LogTemp: Warning: Time =   3.8388826660811901,         CurrentStates =  481.3168067706101283,  -92.9549285371229956,    346.9173439061780186,    0.5697154356001758,     1.1095544952479259,     0.5704048325964417,    2393.2916375262843758,      239.1054880476397102,  -14929.7389161179762596,      1.4431752677100460,    -0.1754682399661796,     1.0009663375902027,    -0.0002555541571685,    -0.0026299528489324,    -0.3094904357381833,     0.1068377366602210,       Controls =  -0.0002555541571685,     -0.0026299528489324,    -0.3094904357381833,     0.1068377366602210
LogTemp: Warning: Time =   3.8592545799911022,         CurrentStates =  473.1055134934538273,  -93.4785647635140577,    354.1173693391648385,    0.5868860185009833,     1.1072320235362436,     0.5853154323692196,    2404.5556526790001044,      243.4568126935835153,  -14928.9929122296834976,      1.4505473272985785,    -0.1842747372076580,     1.0250023304063687,    -0.0002555541571685,    -0.0026299528489324,    -0.3094904357381833,     0.1068377366602210,       Controls =  -0.0002555541571685,     -0.0026299528489324,    -0.3094904357381833,     0.1068377366602210
LogTemp: Warning: Time =   3.8792054466903210,         CurrentStates =  464.6563088253748219,  -93.8256981068014966,    361.1516819188855720,    0.6045802287256197,     1.0999657731856256,     0.6005229147500651,    2415.8501510278688329,      247.9095517253955165,  -14928.2291435735260166,      1.4581433978380096,    -0.1936578874435944,     1.0491744699491750,    -0.0002555541571685,    -0.0026299528489324,    -0.3094904357381833,     0.1068377366602210,       Controls =  -0.0002555541571685,     -0.0026299528489324,    -0.3094904357381833,     0.1068377366602210
LogTemp: Warning: Time =   3.8996474556624889,         CurrentStates =  456.2677420905394001,  -93.9803558955061504,    367.7724242314233152,    0.6222706418449145,     1.0876549971168763,     0.6155705096826133,    2426.8362217094668267,      252.3276654426488221,  -14927.4696324509422993,      1.4657519370948127,    -0.2033447969655000,     1.0726552587051927,    -0.0002555541571685,    -0.0026299528489324,    -0.3094904357381833,     0.1068377366602210,       Controls =  -0.0002555541571685,     -0.0026299528489324,    -0.3094904357381833,     0.1068377366602210
LogTemp: Warning: Time =   3.9199271015822887,         CurrentStates =  447.6062061328115647,  -93.9410109956984485,    374.2384984905698957,    0.6407783028791103,     1.0693567002357980,     0.6311509477852397,    2438.0136725664856385,      256.9114382587860064,  -14926.6785323785570654,      1.4737458003370993,    -0.2137965866794879,     1.0963993092586657,    -0.0002555541571685,    -0.0026299528489324,    -0.3094904357381833,     0.1068377366602210,       Controls =  -0.0002555541571685,     -0.0026299528489324,    -0.3094904357381833,     0.1068377366602210
LogTemp: Warning: Time =   3.9407155327498913,         CurrentStates =  439.0030093741706878,  -93.6980539630111338,    380.2943754424817939,    0.6595328339139406,     1.0452491382303879,     0.6467773684740982,    2449.0215845229631668,      261.5135905495566817,  -14925.8797461267313338,      1.4819040577617544,    -0.2247060412178609,     1.1195147789223781,    -0.0002555541571685,    -0.0026299528489324,    -0.3094904357381833,     0.1068377366602210,       Controls =  -0.0002555541571685,     -0.0026299528489324,    -0.3094904357381833,     0.1068377366602210
LogTemp: Warning: Time =   3.9610166363418102,         CurrentStates =  430.2372561730908274,  -93.2336002522539218,    386.0899752838015502,    0.6791780994500609,     1.0142073843471513,     0.6629818599932724,    2460.2203401906140243,      266.2853317179651640,  -14925.0453767064045678,      1.4905400217001343,    -0.2364606929517257,     1.1426168903630338,    -0.0002555541571685,    -0.0026299528489324,    -0.3094904357381833,     0.1068377366602210,       Controls =  -0.0002555541571685,     -0.0026299528489324,    -0.3094904357381833,     0.1068377366602210
LogTemp: Warning: Time =   3.9808125309646130,         CurrentStates =  421.7952148901928240,  -92.5670195248571730,    391.3097947014094302,    0.6987866316907020,     0.9776615488088501,     0.6790020774499765,    2471.0718946288925508,      270.9956254210824227,  -14924.2143016690715740,      1.4992835366681587,    -0.2485082355892963,     1.1644588619090268,    -0.0002555541571685,    -0.0026299528489324,    -0.3094904357381833,     0.1068377366602210,       Controls =  -0.0002555541571685,     -0.0026299528489324,    -0.3094904357381833,     0.1068377366602210
LogTemp: Warning: Time =   4.0008883289992809,         CurrentStates =  413.7404753407807902,  -91.7138319479817028,    395.9494971613470398,    0.7183222711014793,     0.9361739211919841,     0.6948256543215995,    2481.5718623233851758,      275.6342702154489075,  -14923.3874259537205944,      1.5081515791586571,    -0.2608038110236030,     1.1849403442501321,    -0.0002555541571685,    -0.0026299528489324,    -0.3094904357381833,     0.1068377366602210,       Controls =  -0.0002555541571685,     -0.0026299528489324,    -0.3094904357381833,     0.1068377366602210
LogTemp: Warning: Time =   4.0207385830581188,         CurrentStates =  405.8159871831574605,  -90.6451902418298801,    400.1732472525067692,    0.7385624327714542,     0.8884042391665772,     0.7110946836432999,    2492.1371280359362572,      280.3819245360962782,  -14922.5312715515228774,      1.5175430440451312,    -0.2738294105563009,     1.2047545231139887,    -0.0002555541571685,    -0.0026299528489324,    -0.3094904357381833,     0.1068377366602210,       Controls =  -0.0002555541571685,     -0.0026299528489324,    -0.3094904357381833,     0.1068377366602210
LogTemp: Warning: Time =   4.0406307987868786,         CurrentStates =  398.2855112116427563,  -89.3906425199650698,    403.8501927725375253,    0.7590068698365113,     0.8358512028087498,     0.7274205036323937,    2502.5009458019662816,      285.1168653090814473,  -14921.6663710743432603,      1.5272813558136324,    -0.2872601362642838,     1.2232706027452793,    -0.0002555541571685,    -0.0026299528489324,    -0.3094904357381833,     0.1068377366602210,       Controls =  -0.0002555541571685,     -0.0026299528489324,    -0.3094904357381833,     0.1068377366602210
LogTemp: Warning: Time =   4.0606293492019176,         CurrentStates =  391.1044994794706327,  -87.9415677049401836,    407.0187094565174561,    0.7799285001908880,     0.7783100833771009,     0.7440405067934036,    2512.8034793319516211,      289.8997897632760896,  -14920.7804310552546667,      1.5375548195156723,    -0.3012660609229553,     1.2406283324594412,    -0.0002555541571685,    -0.0026299528489324,    -0.3094904357381833,     0.1068377366602210,       Controls =  -0.0002555541571685,     -0.0026299528489324,    -0.3094904357381833,     0.1068377366602210
LogTemp: Warning: Time =   4.0804772190749645,         CurrentStates =  384.3112383526836879,  -86.2987119057099790,    409.6699040045762104,    0.8014000854907901,     0.7160666736032657,     0.7610337344469733,    2523.0771180757710681,      294.7442844852065491,  -14919.8694525378923572,      1.5484718759932521,    -0.3158920911643685,     1.2567514220635250,    -0.0002555541571685,    -0.0026299528489324,    -0.3094904357381833,     0.1068377366602210,       Controls =  -0.0002555541571685,     -0.0026299528489324,    -0.3094904357381833,     0.1068377366602210
LogTemp: Warning: Time =   4.1005244068801403,         CurrentStates =  378.0434887568684417,  -84.4933569581194490,    411.7627265149419600,    0.8231394868692749,     0.6505361645505084,     0.7782028854591910,    2533.1901003668353951,      299.5856739986589332,  -14918.9443310800998006,      1.5599635523726088,    -0.3309377391390779,     1.2713259229839771,    -0.0002555541571685,    -0.0026299528489324,    -0.3094904357381833,     0.1068377366602210,       Controls =  -0.0002555541571685,     -0.0026299528489324,    -0.3094904357381833,     0.1068377366602210
LogTemp: Warning: Time =   4.1205854229629040,         CurrentStates =  372.2385756618974142,  -82.5046926804305230,    413.3276157134606592,    0.8455219585022834,     0.5812180194066997,     0.7958738121611084,    2543.3207056433552680,      304.5072732920296517,  -14917.9877855714457837,      1.5723134207883027,    -0.3466552789115527,     1.2844994003654631,    -0.0002555541571685,    -0.0026299528489324,    -0.3094904357381833,     0.1068377366602210,       Controls =  -0.0002555541571685,     -0.0026299528489324,    -0.3094904357381833,     0.1068377366602210
LogTemp: Warning: Time =   4.1406364254653454,         CurrentStates =  366.9978744315571362,  -80.3623030533906331,    414.3408029066732752,    0.8683308952936616,     0.5094233108174686,     0.8139082336665451,    2553.3737472167213127,      309.4617176369154663,  -14917.0074712411806104,      1.5855009284350876,    -0.3628871712311320,     1.2960289598618686,    -0.0002555541571685,    -0.0026299528489324,    -0.3094904357381833,     0.1068377366602210,       Controls =  -0.0002555541571685,     -0.0026299528489324,    -0.3094904357381833,     0.1068377366602210
LogTemp: Warning: Time =   4.1605090908706188,         CurrentStates =  362.3585749906526985,  -78.0842971150424745,    414.8041554649682894,    0.8915190873776873,     0.4359786615538683,     0.8323041433745026,    2563.3380063945246548,      314.4412755033516191,  -14916.0036311042204034,      1.5995963594084415,    -0.3795902523868591,     1.3058145621705839,    -0.0002555541571685,    -0.0026299528489324,    -0.3094904357381833,     0.1068377366602210,       Controls =  -0.0002555541571685,     -0.0026299528489324,    -0.3094904357381833,     0.1068377366602210
LogTemp: Warning: Time =   4.1806011013686657,         CurrentStates =  358.3731758664507083,  -75.7088622336694499,    414.7277710122977510,    0.9148606746172623,     0.3622652173098699,     0.8509179223271307,    2573.1316564976514201,      319.4019719669212236,  -14914.9841387968081108,      1.6145545651748059,    -0.3965889618014677,     1.3137234949288414,    -0.0002555541571685,    -0.0026299528489324,    -0.3094904357381833,     0.1068377366602210,       Controls =  -0.0002555541571685,     -0.0026299528489324,    -0.3094904357381833,     0.1068377366602210
LogTemp: Warning: Time =   4.2003755383193493,         CurrentStates =  354.9774287411959790,  -73.2072364578077526,    414.1176162056140697,    0.9387913875170938,     0.2875557493736504,     0.8701351726619161,    2582.9507273378058017,      324.4412564407007267,  -14913.9276471509874682,      1.6307654518921400,    -0.4141902750730432,     1.3198422118705437,    -0.0002555541571685,    -0.0026299528489324,    -0.3094904357381833,     0.1068377366602210,       Controls =  -0.0002555541571685,     -0.0026299528489324,    -0.3094904357381833,     0.1068377366602210
LogTemp: Warning: Time =   4.2200860790908337,         CurrentStates =  352.2619323211843607,  -70.6670496872802829,    413.0052141897503475,    0.9626339106727513,     0.2145642005121438,     0.8894482056238184,    2592.5343893338649650,      329.4228636636970009,  -14912.8616445538718835,      1.6478745321071238,    -0.4318833820680869,     1.3239662300924315,    -0.0002555541571685,    -0.0026299528489324,    -0.3094904357381833,     0.1068377366602210,       Controls =  -0.0002555541571685,     -0.0026299528489324,    -0.3094904357381833,     0.1068377366602210
LogTemp: Warning: Time =   4.2399778179824352,         CurrentStates =  350.1701128811438934,  -68.0791392863330032,    411.4043416188387710,    0.9866449602952498,     0.1430265661078112,     0.9090963382070411,    2602.0084401780786720,      334.4085429550620461,  -14911.7723185279992322,      1.6661518782381577,    -0.4498424202370292,     1.3261583077482044,    -0.0002555541571685,    -0.0026299528489324,    -0.3094904357381833,     0.1068377366602210,       Controls =  -0.0002555541571685,     -0.0026299528489324,    -0.3094904357381833,     0.1068377366602210
LogTemp: Warning: Time =   4.2599229626357555,         CurrentStates =  348.6696163375369792,  -65.4331561316120798,    409.3059581402790741,    1.0110812280781296,     0.0727255595337757,     0.9293266401418183,    2611.4912579433157589,      339.4594040647390329,  -14910.6448741357016843,      1.6859200436448170,    -0.4682479907276403,     1.3263925206257592,    -0.0002555541571685,    -0.0026299528489324,    -0.3094904357381833,     0.1068377366602210,       Controls =  -0.0002555541571685,     -0.0026299528489324,    -0.3094904357381833,     0.1068377366602210
LogTemp: Warning: Time =   4.2803087048232555,         CurrentStates =  347.7614821595923900,  -62.7693500181033954,    406.7326114625545870,    1.0357375596511120,     0.0047899882741658,     0.9500072207953599,    2620.9208154216539697,      344.5418096146086668,  -14909.4851232688197342,      1.7071560144411417,    -0.4869345699281010,     1.3246047877555256,    -0.0002555541571685,    -0.0026299528489324,    -0.3094904357381833,     0.1068377366602210,       Controls =  -0.0002555541571685,     -0.0026299528489324,    -0.3094904357381833,     0.1068377366602210
LogTemp: Warning: Time =   4.3002738766372204,         CurrentStates =  347.4224655025506650,  -60.0610043615729410,    403.6370014267009765,    1.0610431491070900,    -0.0613798764977328,     0.9715409201984830,    2630.4789133880349254,      349.7543201855580719,  -14908.2682737788527447,      1.7304083948240858,    -0.5062176399268389,     1.3206650431779166,    -0.0002555541571685,    -0.0026299528489324,    -0.3094904357381833,     0.1068377366602210,       Controls =  -0.0002555541571685,     -0.0026299528489324,    -0.3094904357381833,     0.1068377366602210
LogTemp: Warning: Time =   4.3209128193557262,         CurrentStates =  347.6337739596971801,  -57.4483899410036116,    400.1716682208474367,    1.0858672117212820,    -0.1224074932320202,     0.9929951959008833,    2639.7620461486631029,      354.8753740977221582,  -14907.0446465662353148,      1.7547710008426280,    -0.5252220496511781,     1.3147267219000407,    -0.0002555541571685,    -0.0026299528489324,    -0.3094904357381833,     0.1068377366602210,       Controls =  -0.0002555541571685,     -0.0026299528489324,    -0.3094904357381833,     0.1068377366602210
LogTemp: Warning: Time =   4.3410935215651989,         CurrentStates =  348.3753728929839326,  -54.8162092822875593,    396.1641238609290667,    1.1115049884610901,    -0.1810198972912248,     1.0155228734154786,    2649.2792242588334375,      360.1852599406461763,  -14905.7452652040192334,      1.7816839795227581,    -0.5449274409484839,     1.3064228652283998,    -0.0002555541571685,    -0.0026299528489324,    -0.3094904357381833,     0.1068377366602210,       Controls =  -0.0002555541571685,     -0.0026299528489324,    -0.3094904357381833,     0.1068377366602210
LogTemp: Warning: Time =   4.3616142086684704,         CurrentStates =  349.5683472979607131,  -52.3366408416005910,    391.8556607855902030,    1.1364797379973894,    -0.2334512240096440,     1.0378547300950030,    2658.5083481570673030,      365.3920541226733008,  -14904.4396137677576917,      1.8097622732412058,    -0.5641879118027958,     1.2961827637303915,    -0.0002555541571685,    -0.0026299528489324,    -0.3094904357381833,     0.1068377366602210,       Controls =  -0.0002555541571685,     -0.0026299528489324,    -0.3094904357381833,     0.1068377366602210
LogTemp: Warning: Time =   4.3819131664931774,         CurrentStates =  351.2037920213205098,  -49.9378335969486713,    387.1111867967958915,    1.1617042720913995,    -0.2813898718280442,     1.0608222821755986,    2667.8161771221330127,      370.7005603958736515,  -14903.0750671441546729,      1.8401571134716039,    -0.5836964030200920,     1.2836373121111171,    -0.0002555541571685,    -0.0026299528489324,    -0.3094904357381833,     0.1068377366602210,       Controls =  -0.0002555541571685,     -0.0026299528489324,    -0.3094904357381833,     0.1068377366602210
LogTemp: Warning: Time =   4.4021968655288219,         CurrentStates =  353.1860255188451561,  -47.7123601065512588,    382.0917357638853105,    1.1864103644494470,    -0.3231275240236017,     1.0837435509868696,    2676.9489057458768002,      375.9649415100531655,  -14901.6872638824188471,      1.8721000234265681,    -0.6028514241324777,     1.2691364778121483,    -0.0002555541571685,    -0.0026299528489324,    -0.3094904357381833,     0.1068377366602210,       Controls =  -0.0002555541571685,     -0.0026299528489324,    -0.3094904357381833,     0.1068377366602210
LogTemp: Warning: Time =   4.4228052906692028,         CurrentStates =  355.4720900882030605,  -45.6598515319567042,    376.7896047128170380,    1.2107736883132574,    -0.3589118712313554,     1.1067832142029186,    2686.0017590522052160,      381.2375031615408147,  -14900.2614321097535139,      1.9059179377239066,    -0.6217834791623211,     1.2526033331921171,    -0.0002555541571685,    -0.0026299528489324,    -0.3094904357381833,     0.1068377366602210,       Controls =  -0.0002555541571685,     -0.0026299528489324,    -0.3094904357381833,     0.1068377366602210
LogTemp: Warning: Time =   4.4433417133986950,         CurrentStates =  358.0478711126986582,  -43.7737694657997665,    371.1509867588648603,    1.2351127436371589,    -0.3890072853027729,     1.1302571541666866,    2695.1262427536084942,      386.6060501432187948,  -14898.7713515413361165,      1.9422469448779758,    -0.6407394169108779,     1.2337560648308463,    -0.0002555541571685,    -0.0026299528489324,    -0.3094904357381833,     0.1068377366602210,       Controls =  -0.0002555541571685,     -0.0026299528489324,    -0.3094904357381833,     0.1068377366602210
LogTemp: Warning: Time =   4.4638070873916149,         CurrentStates =  360.8084806907763777,  -42.1162453199294404,    365.3244530245959254,    1.2588694252545205,    -0.4126055213768040,     1.1536352556625209,    2704.1473572968161534,      391.9668619412516364,  -14897.2434190846306592,      1.9804403421699963,    -0.6592871688988096,     1.2129681914175572,    -0.0002555541571685,    -0.0026299528489324,    -0.3094904357381833,     0.1068377366602210,       Controls =  -0.0002555541571685,     -0.0026299528489324,    -0.3094904357381833,     0.1068377366602210
LogTemp: Warning: Time =   4.4839467816054821,         CurrentStates =  363.6928067997326934,  -40.7049096392675978,    359.3595809531162217,    1.2819673837151855,    -0.4297452563134104,     1.1768319960816951,    2713.0675512254942987,      397.3189991756843256,  -14895.6766243026777374,      2.0204810209257542,    -0.6773716977233935,     1.1903155088979447,    -0.0002555541571685,    -0.0026299528489324,    -0.3094904357381833,     0.1068377366602210,       Controls =  -0.0002555541571685,     -0.0026299528489324,    -0.3094904357381833,     0.1068377366602210
LogTemp: Warning: Time =   4.5038971714675426,         CurrentStates =  366.6055281491921960,  -39.5672172942402938,    353.3832533448158983,    1.3040592306069503,    -0.4404522537842093,     1.1994744841852467,    2721.7794891954013110,      402.5946969703049376,  -14894.0903581732109160,      2.0618062432844333,    -0.6947270667196395,     1.1661937167520406,    -0.0002555541571685,    -0.0026299528489324,    -0.3094904357381833,     0.1068377366602210,       Controls =  -0.0002555541571685,     -0.0026299528489324,    -0.3094904357381833,     0.1068377366602210
LogTemp: Warning: Time =   4.5239281468093395,         CurrentStates =  369.5120426339078676,  -38.6995581474233106,    347.4070648637351155,    1.3252487093307874,    -0.4451608425366260,     1.2216365145894921,    2730.3465000961637088,      407.8285367038046729,  -14892.4742349420212122,      2.1046070114803834,    -0.7114416551875967,     1.1405678440618781,    -0.0002555541571685,    -0.0026299528489324,    -0.3094904357381833,     0.1068377366602210,       Controls =  -0.0002555541571685,     -0.0026299528489324,    -0.3094904357381833,     0.1068377366602210
LogTemp: Warning: Time =   4.5434732250869274,         CurrentStates =  372.4030242791777141,  -38.0988787391384349,    341.3995985183503876,    1.3457621634157528,    -0.4441748938799732,     1.2435316921394255,    2738.8863692732174968,      413.0901044791792742,  -14890.8055614241093281,      2.1494210256449331,    -0.7277034197256610,     1.1131667678357084,    -0.0002555541571685,    -0.0026299528489324,    -0.3094904357381833,     0.1068377366602210,       Controls =  -0.0002555541571685,     -0.0026299528489324,    -0.3094904357381833,     0.1068377366602210
LogTemp: Warning: Time =   4.5633816532790661,         CurrentStates =  375.1545012354961841,  -37.7814428807102516,    335.5777371678963732,    1.3649863052581683,    -0.4379321485523796,     1.2644684990727553,    2747.1612406664985429,      418.2295033136642814,  -14889.1317436936114973,      2.1948959435571904,    -0.7430329652913105,     1.0848736191044521,    -0.0002555541571685,    -0.0026299528489324,    -0.3094904357381833,     0.1068377366602210,       Controls =  -0.0002555541571685,     -0.0026299528489324,    -0.3094904357381833,     0.1068377366602210
LogTemp: Warning: Time =   4.5832805447280407,         CurrentStates =  377.8465389964562178,  -37.7354514620929820,    329.7352007672282639,    1.3837140681951263,    -0.4264963459145486,     1.2852781483400326,    2755.5330960308483554,      423.4690365967557000,  -14887.3793509628721949,      2.2429558194043779,    -0.7580696753750363,     1.0545315169972200,    -0.0002555541571685,    -0.0026299528489324,    -0.3094904357381833,     0.1068377366602210,       Controls =  -0.0002555541571685,     -0.0026299528489324,    -0.3094904357381833,     0.1068377366602210
LogTemp: Warning: Time =   4.6029200367629528,         CurrentStates =  380.3889025380547650,  -37.9706022119350592,    324.0305188648943044,    1.4015284551107796,    -0.4102677420452228,     1.3054755089689984,    2763.8449507616410301,      428.7092943528622868,  -14885.5789984161619941,      2.2927033061991269,    -0.7724868941885527,     1.0227267779327427,    -0.0002555541571685,    -0.0026299528489324,    -0.3094904357381833,     0.1068377366602210,       Controls =  -0.0002555541571685,     -0.0026299528489324,    -0.3094904357381833,     0.1068377366602210
LogTemp: Warning: Time =   4.6233105473220348,         CurrentStates =  382.7204089530849274,  -38.4765759981169850,    318.5764303486220115,    1.4181916557848659,    -0.3898843361995176,     1.3247448884319684,    2771.9956704121477742,      433.8834605624558094,  -14883.7532752867027739,      2.3434372335640350,    -0.7860910323376110,     0.9899411355642325,    -0.0002555541571685,    -0.0026299528489324,    -0.3094904357381833,     0.1068377366602210,       Controls =  -0.0002555541571685,     -0.0026299528489324,    -0.3094904357381833,     0.1068377366602210
LogTemp: Warning: Time =   4.6435155682265759,         CurrentStates =  384.9237439468512321,  -39.2846576759174653,    313.1438276569293748,    1.4344997171992291,    -0.3645049709423156,     1.3439770165572178,    2780.4040059116609882,      439.2562261570552096,  -14881.8056140312637581,      2.3977773012490409,    -0.7995326925990323,     0.9544909853099464,    -0.0002555541571685,    -0.0026299528489324,    -0.3094904357381833,     0.1068377366602210,       Controls =  -0.0002555541571685,     -0.0026299528489324,    -0.3094904357381833,     0.1068377366602210
LogTemp: Warning: Time =   4.6635236553847790,         CurrentStates =  386.8617882490189572,  -40.3610837809940719,    308.0339652384374176,    1.4496468568405967,    -0.3354995509669804,     1.3621876496287952,    2788.6835503363172393,      444.5795696929890823,  -14879.8224665084107983,      2.4532456563542997,    -0.8121426530213722,     0.9179968751118575,    -0.0002555541571685,    -0.0026299528489324,    -0.3094904357381833,     0.1068377366602210,       Controls =  -0.0002555541571685,     -0.0026299528489324,    -0.3094904357381833,     0.1068377366602210
LogTemp: Warning: Time =   4.6842870526015759,         CurrentStates =  388.5173323811428077,  -41.6859430324142792,    303.2806964242302001,    1.4636473545496209,    -0.3033666152686216,     1.3793287336414970,    2796.8328389407402028,      449.8490062197843145,  -14877.8058015919068566,      2.5097106269871530,    -0.8239109827896172,     0.8805668987713099,    -0.0002555541571685,    -0.0026299528489324,    -0.3094904357381833,     0.1068377366602210,       Controls =  -0.0002555541571685,     -0.0026299528489324,    -0.3094904357381833,     0.1068377366602210
LogTemp: Warning: Time =   4.7039060406386852,         CurrentStates =  389.9371101888718840,  -43.3178088621315496,    298.7081105719245215,    1.4771294879055012,    -0.2668188447611254,     1.3961205706461612,    2805.2393951711196678,      455.3135753381041013,  -14875.6568324871423101,      2.5698646606739470,    -0.8353429873478807,     0.8404145388489074,    -0.0002555541571685,    -0.0026299528489324,    -0.3094904357381833,     0.1068377366602210,       Controls =  -0.0002555541571685,     -0.0026299528489324,    -0.3094904357381833,     0.1068377366602210
LogTemp: Warning: Time =   4.7232441715896130,         CurrentStates =  390.9830553324520110,  -45.0831505100325955,    294.7555253270916751,    1.4889019640428041,    -0.2296347389053144,     1.4110084169831507,    2813.1371684905061556,      460.4718777192295533,  -14873.5732842779107159,      2.6281039190014575,    -0.8453910899297806,     0.8012939269510705,    -0.0002555541571685,    -0.0026299528489324,    -0.3094904357381833,     0.1068377366602210,       Controls =  -0.0002555541571685,     -0.0026299528489324,    -0.3094904357381833,     0.1068377366602210
LogTemp: Warning: Time =   4.7429218105971813,         CurrentStates =  391.7199253443496332,  -47.0172054705185118,    291.2349859946191941,    1.4996072408353072,    -0.1907740329150262,     1.4247164390236162,    2820.8803171190074863,      465.5500870678765182,  -14871.4687854338499164,      2.6867863730824784,    -0.8545553943882387,     0.7616506888449344,    -0.0002555541571685,    -0.0026299528489324,    -0.3094904357381833,     0.1068377366602210,       Controls =  -0.0002555541571685,     -0.0026299528489324,    -0.3094904357381833,     0.1068377366602210
LogTemp: Warning: Time =   4.7622141651809216,         CurrentStates =  392.1590791530441606,  -49.1620969793399780,    288.0574299443701989,    1.5096116831342257,    -0.1492810090748678,     1.4376497420860708,    2828.7181501824807128,      470.7092959791427802,  -14869.2754603049397701,      2.7477386406963098,    -0.8631009193691180,     0.7202522499886090,    -0.0002555541571685,    -0.0026299528489324,    -0.3094904357381833,     0.1068377366602210,       Controls =  -0.0002555541571685,     -0.0026299528489324,    -0.3094904357381833,     0.1068377366602210
LogTemp: Warning: Time =   4.7826690487563610,         CurrentStates =  392.2766370595207945,  -51.4162168041917056,    285.3562407230825784,    1.5185833536892439,    -0.1069683821990292,     1.4493137183294327,    2836.3637804648346901,      475.7581509384607443,  -14867.0740545532880788,      2.8086525972673773,    -0.8706892836476373,     0.6786688664295212,    -0.0002555541571685,    -0.0026299528489324,    -0.3094904357381833,     0.1068377366602210,       Controls =  -0.0002555541571685,     -0.0026299528489324,    -0.3094904357381833,     0.1068377366602210
LogTemp: Warning: Time =   4.8028163723647594,         CurrentStates =  392.0548695319254193,  -53.9435008440911901,    282.9558793206532528,    1.5272331555761109,    -0.0606371093296225,     1.4605642600488897,    2844.4295967225652930,      481.0993550944077128,  -14864.6847719333691202,      2.8744134494083320,    -0.8778485583911371,     0.6335551669914748,    -0.0002555541571685,    -0.0026299528489324,    -0.3094904357381833,     0.1068377366602210,       Controls =  -0.0002555541571685,     -0.0026299528489324,    -0.3094904357381833,     0.1068377366602210
LogTemp: Warning: Time =   4.8225521855056286,         CurrentStates =  391.4814968450895662,  -56.5427115599801198,    281.0698781055486961,    1.5349336464266270,    -0.0138151731608150,     1.4705119028473046,    2852.3345603883890362,      486.3463644139480948,  -14862.2759333800113382,      2.9402878101385923,    -0.8839726449477322,     0.5881480907807971,    -0.0002555541571685,    -0.0026299528489324,    -0.3094904357381833,     0.1068377366602210,       Controls =  -0.0002555541571685,     -0.0026299528489324,    -0.3094904357381833,     0.1068377366602210
LogTemp: Warning: Time =   4.8424386791884899,         CurrentStates =  390.5735083954240281,  -59.1659760604291876,    279.6899488779679359,    1.5417403824153826,     0.0329196899814511,     1.4791624062947868,    2860.0413227895387536,      491.4711071682593797,  -14859.8630041123396950,      3.0057930372353150,    -0.8890417047239935,     0.5427967521356348,    -0.0002555541571685,    -0.0026299528489324,    -0.3094904357381833,     0.1068377366602210,       Controls =  -0.0002555541571685,     -0.0026299528489324,    -0.3094904357381833,     0.1068377366602210
LogTemp: Warning: Time =   4.8628611378371716,         CurrentStates =  389.3084340561236445,  -61.8570392607660366,    278.7708068530333207,    1.5479168946608515,     0.0806146093657818,     1.4867874202331350,    2867.7713427282501470,      496.6180753355844217,  -14857.3785002043041459,      3.0726829116778456,    -0.8931783842299724,     0.4962986398140769,    -0.0002555541571685,    -0.0026299528489324,    -0.3094904357381833,     0.1068377366602210,       Controls =  -0.0002555541571685,     -0.0026299528489324,    -0.3094904357381833,     0.1068377366602210
LogTemp: Warning: Time =   4.8831138424575329,         CurrentStates =  387.6411255763515555,  -64.6387549987857000,    278.3185598226486377,    1.5536078984809643,     0.1299450293045269,     1.4934879670993686,    2875.6735054150844917,      501.8840636857474351,  -14854.7718649647886195,     -3.1409954226367627,    -0.8963668385442437,     0.4477990959984204,    -0.0002555541571685,    -0.0026299528489324,    -0.3094904357381833,     0.1068377366602210,       Controls =  -0.0002555541571685,     -0.0026299528489324,    -0.3094904357381833,     0.1068377366602210
LogTemp: Warning: Time =   4.9030136875808239,         CurrentStates =  385.6181705957913550,  -67.3829789130057861,    278.3570799179559003,    1.5586630743360201,     0.1789322888753144,     1.4990195426641786,    2883.4749148459154640,      507.0846366414006070,  -14852.1320703941473766,     -3.0713719990858408,    -0.8984202622683857,     0.3990543847564067,    -0.0002555541571685,    -0.0026299528489324,    -0.3094904357381833,     0.1068377366602210,       Controls =  -0.0002555541571685,     -0.0026299528489324,    -0.3094904357381833,     0.1068377366602210
LogTemp: Warning: Time =   4.9226550869643688,         CurrentStates =  383.2721906258365721,  -70.0337344360651741,    278.8584227790940986,    1.5631230394528892,     0.2268512743016922,     1.5033982886101307,    2891.1074936709815120,      512.1717535460585395,  -14849.4855295892175491,     -3.0024171615003570,    -0.8993139934349557,     0.3506409779005884,    -0.0002555541571685,    -0.0026299528489324,    -0.3094904357381833,     0.1068377366602210,       Controls =  -0.0002555541571685,     -0.0026299528489324,    -0.3094904357381833,     0.1068377366602210
LogTemp: Warning: Time =   4.9429592899978161,         CurrentStates =  380.6099259343110930,  -72.5752170864508770,    279.7914083537576744,    1.5670941406418879,     0.2736610551815411,     1.5067215514586771,    2898.6096122065550844,      517.1685691156521898,  -14846.8227332439291786,     -2.9339678242674365,    -0.8990556435743228,     0.3024755234970611,    -0.0002555541571685,    -0.0026299528489324,    -0.3094904357381833,     0.1068377366602210,       Controls =  -0.0002555541571685,     -0.0026299528489324,    -0.3094904357381833,     0.1068377366602210
LogTemp: Warning: Time =   4.9627389721572399,         CurrentStates =  377.4985651136912566,  -75.0929412876147069,    281.1966556963450898,    1.5708148119473921,     0.3212429090077249,     1.5091499961412247,    2906.3331131385357367,      522.3067840746814454,  -14844.0178622785533662,     -2.8629567791829338,    -0.8975469218982097,     0.2524283040686998,    -0.0002555541571685,    -0.0026299528489324,    -0.3094904357381833,     0.1068377366602210,       Controls =  -0.0002555541571685,     -0.0026299528489324,    -0.3094904357381833,     0.1068377366602210
LogTemp: Warning: Time =   4.9830236248672009,         CurrentStates =  374.1208637884090535,  -77.4084890462052044,    282.9763394071935068,    1.5741275749736141,     0.3664999757632271,     1.5105722242501538,    2913.8264946385620533,      527.2835234166444707,  -14841.2352905818570434,     -2.7937012510518637,    -0.8948146533212497,     0.2035782351550859,    -0.0002555541571685,    -0.0026299528489324,    -0.3094904357381833,     0.1068377366602210,       Controls =  -0.0002555541571685,     -0.0026299528489324,    -0.3094904357381833,     0.1068377366602210
LogTemp: Warning: Time =   5.0029530338943005,         CurrentStates =  370.3077320862457782,  -79.6125374867316822,    285.1980118642124467,    1.5772717213296377,     0.4114614731255962,     1.5111122788213633,    2921.4807346011270965,      532.3559823142888945,  -14838.3311199480085634,     -2.7227768171733064,    -0.8906696380205215,     0.1535545949509469,    -0.0002555541571685,    -0.0026299528489324,    -0.3094904357381833,     0.1068377366602210,       Controls =  -0.0002555541571685,     -0.0026299528489324,    -0.3094904357381833,     0.1068377366602210
LogTemp: Warning: Time =   5.0229310803115368,         CurrentStates =  366.2250758628546237,  -81.5814511876488808,    287.7443927248664863,    1.5801757029321981,     0.4538687259554162,     1.5107906596234089,    2928.9716209644684568,      537.3067982661989390,  -14835.4289491264771641,     -2.6533790750589912,    -0.8852278909748666,     0.1046612952902021,    -0.0002555541571685,    -0.0026299528489324,    -0.3094904357381833,     0.1068377366602210,       Controls =  -0.0002555541571685,     -0.0026299528489324,    -0.3094904357381833,     0.1068377366602210
LogTemp: Warning: Time =   5.0431914143264294,         CurrentStates =  361.8083330177165635,  -83.3328167610437305,    290.6279442500117511,    1.5829663157354206,     0.4942720151844888,     1.5096798775895348,    2936.4519596927730163,      542.2349562022508280,  -14832.4723471514353150,     -2.5842912251757588,    -0.8783704946837120,     0.0560957405374727,    -0.0002555541571685,    -0.0026299528489324,    -0.3094904357381833,     0.1068377366602210,       Controls =  -0.0002555541571685,     -0.0026299528489324,    -0.3094904357381833,     0.1068377366602210
LogTemp: Warning: Time =   5.0631508640944958,         CurrentStates =  357.0108966256551639,  -84.8559692182660257,    293.8561347929609724,    1.5857374561011173,     0.5327243235015031,     1.5078140543714342,    2944.0089260415488752,      547.1952078253324316,  -14829.4269293955076137,     -2.5149198434355045,    -0.8699471926897862,     0.0075065761190032,    -0.0002555541571685,    -0.0026299528489324,    -0.3094904357381833,     0.1068377366602210,       Controls =  -0.0002555541571685,     -0.0026299528489324,    -0.3094904357381833,     0.1068377366602210
LogTemp: Warning: Time =   5.0836801342666149,         CurrentStates =  351.9867387865350565,  -86.0842734423475378,    297.2990551330890412,    1.5884718134526934,     0.5677570292061803,     1.5053194059132695,    2951.4257678299395593,      552.0431445292035733,  -14826.3817618329394463,     -2.4474564114570319,    -0.8601748299522202,    -0.0395040289543926,    -0.0002555541571685,    -0.0026299528489324,    -0.3094904357381833,     0.1068377366602210,       Controls =  -0.0002555541571685,     -0.0026299528489324,    -0.3094904357381833,     0.1068377366602210
LogTemp: Warning: Time =   5.1036977581679821,         CurrentStates =  346.5303062238517668,  -87.0438442521231934,    301.0712669231861014,    1.5913523244492194,     0.6004566806604119,     1.5021545185061940,    2959.0255773813901214,      556.9873920130756915,  -14823.2048812392149557,     -2.3791806230478536,    -0.8485781473379091,    -0.0867511985116742,    -0.0002555541571685,    -0.0026299528489324,    -0.3094904357381833,     0.1068377366602210,       Controls =  -0.0002555541571685,     -0.0026299528489324,    -0.3094904357381833,     0.1068377366602210
LogTemp: Warning: Time =   5.1236629299819469,         CurrentStates =  340.9498676740948326,  -87.6641190700847375,    304.9334359826084437,    1.5942878944412655,     0.6287254162487526,     1.4985673571766007,    2966.4084790154643088,      561.7657458671668564,  -14820.0651170602632192,     -2.3138787076524472,    -0.8357525533151491,    -0.1315358975837118,    -0.0002555541571685,    -0.0026299528489324,    -0.3094904357381833,     0.1068377366602210,       Controls =  -0.0002555541571685,     -0.0026299528489324,    -0.3094904357381833,     0.1068377366602210
LogTemp: Warning: Time =   5.1438126377761364,         CurrentStates =  335.1535136891364459,  -87.9567823388120189,    308.9239534433169752,    1.5973978122879335,     0.6530273777508936,     1.4945840101256513,    2973.7453481808811375,      566.4880641431461754,  -14816.8940572367500863,     -2.2501688068481953,    -0.8214701317134819,    -0.1747436869985181,    -0.0002555541571685,    -0.0026299528489324,    -0.3094904357381833,     0.1068377366602210,       Controls =  -0.0002555541571685,     -0.0026299528489324,    -0.3094904357381833,     0.1068377366602210
LogTemp: Warning: Time =   5.1637940220534801,         CurrentStates =  329.0992877928734401,  -87.9089974609374707,    313.0476410576283115,    1.6007756835728710,     0.6733046410588074,     1.4902455231006919,    2981.1228903908336179,      571.2082629681754042,  -14813.6558401845959452,     -2.1874649461921654,    -0.8055619277070104,    -0.2166848918107319,    -0.0002555541571685,    -0.0026299528489324,    -0.3094904357381833,     0.1068377366602210,       Controls =  -0.0002555541571685,     -0.0026299528489324,    -0.3094904357381833,     0.1068377366602210
LogTemp: Warning: Time =   5.1843833737075329,         CurrentStates =  322.9245376725089614,  -87.5111514556180907,    317.1889642890249661,    1.6044142658799716,     0.6889384983501929,     1.4857219701155222,    2988.4125522092494975,      575.8426171390142372,  -14810.4090290011881734,     -2.1269930077289021,    -0.7883305580893004,    -0.2564562857989292,    -0.0002555541571685,    -0.0026299528489324,    -0.3094904357381833,     0.1068377366602210,       Controls =  -0.0002555541571685,     -0.0026299528489324,    -0.3094904357381833,     0.1068377366602210
LogTemp: Warning: Time =   5.2063002400100231,         CurrentStates =  316.4207084972337043,  -86.7287006708118042,    321.4648112804354696,    1.6085145080350627,     0.7001732117306428,     1.4809325243084610,    2995.8967979372764603,      580.5683883559555625,  -14807.0286304343517259,     -2.0665713095271343,    -0.7690994989420153,    -0.2953827606048530,    -0.0002555541571685,    -0.0026299528489324,    -0.3094904357381833,     0.1068377366602210,       Controls =  -0.0002555541571685,     -0.0026299528489324,    -0.3094904357381833,     0.1068377366602210
LogTemp: Warning: Time =   5.2257537655532360,         CurrentStates =  309.3861048590084124,  -85.4756175575251689,    325.9744888301352717,    1.6133219577848399,     0.7065337559552110,     1.4758101158145676,    3003.8333954858803736,      585.5423687144894984,  -14803.3942206405117759,     -2.0044548476342503,    -0.7470456169720999,    -0.3343695487784682,    -0.0002555541571685,    -0.0026299528489324,    -0.3094904357381833,     0.1068377366602210,       Controls =  -0.0002555541571685,     -0.0026299528489324,    -0.3094904357381833,     0.1068377366602210
LogTemp: Warning: Time =   5.2462487034499645,         CurrentStates =  303.0877633347625419,  -83.9994668383289707,    329.8988213280440505,    1.6180098196605956,     0.7072840478660289,     1.4713442064025926,    3010.8520903358221403,      589.9077494678745097,  -14800.1395031703432323,     -1.9512698373799247,    -0.7261683946174975,    -0.3667471597536179,    -0.0002555541571685,    -0.0026299528489324,    -0.3094904357381833,     0.1068377366602210,       Controls =  -0.0002555541571685,     -0.0026299528489324,    -0.3094904357381833,     0.1068377366602210
LogTemp: Warning: Time =   5.2673978619277477,         CurrentStates =  296.4413877698964370,  -82.0762928507325711,    333.9126843655573680,    1.6234085193660581,     0.7031205672170009,     1.4668230050668898,    3018.2204445126599239,      594.4558715325440517,  -14796.6836476184125786,     -1.8972391891168379,    -0.7029262669812553,    -0.3985039461950622,    -0.0002555541571685,    -0.0026299528489324,    -0.3094904357381833,     0.1068377366602210,       Controls =  -0.0002555541571685,     -0.0026299528489324,    -0.3094904357381833,     0.1068377366602210
LogTemp: Warning: Time =   5.2885260395705700,         CurrentStates =  289.6197661350004182,  -79.7014740969046045,    337.8847154142054592,    1.6294997499085468,     0.6936150678261321,     1.4624598298823352,    3025.7961414320684526,      599.0939539142032118,  -14793.0911003607670864,     -1.8436239406109127,    -0.6776931028817490,    -0.4286741365381356,    -0.0002555541571685,    -0.0026299528489324,    -0.3094904357381833,     0.1068377366602210,       Controls =  -0.0002555541571685,     -0.0026299528489324,    -0.3094904357381833,     0.1068377366602210
LogTemp: Warning: Time =   5.3092641644179821,         CurrentStates =  282.8935488663201454,  -76.9422979458197460,    341.6419946690705274,    1.6361297515007898,     0.6790511463232648,     1.4585116965105667,    3033.3361201876332416,      603.6711239706497736,  -14789.4780623847127572,     -1.7921882868137695,    -0.6513236502081176,    -0.4561317550249990,    -0.0002555541571685,    -0.0026299528489324,    -0.3094904357381833,     0.1068377366602210,       Controls =  -0.0002555541571685,     -0.0026299528489324,    -0.3094904357381833,     0.1068377366602210
LogTemp: Warning: Time =   5.3295874409377575,         CurrentStates =  276.4268151934727484,  -73.8698545140687344,    345.0915886995007327,    1.6431745783191645,     0.6601189811115568,     1.4551306407562468,    3040.7099169754333161,      608.1091713344341088,  -14785.9107354860716441,     -1.7436952082853350,    -0.6244202483366328,    -0.4804556842811702,    -0.0002555541571685,    -0.0026299528489324,    -0.3094904357381833,     0.1068377366602210,       Controls =  -0.0002555541571685,     -0.0026299528489324,    -0.3094904357381833,     0.1068377366602210
LogTemp: Warning: Time =   5.3499202542006969,         CurrentStates =  270.2652762327077198,  -70.5226779111372224,    348.2150708981973821,    1.6505926414878762,     0.6374467216339268,     1.4523754006819418,    3047.9101777750001929,      612.4058967394510091,  -14782.3970282939953904,     -1.6979977218175493,    -0.5971821845388177,    -0.5017682859008699,    -0.0002555541571685,    -0.0026299528489324,    -0.3094904357381833,     0.1068377366602210,       Controls =  -0.0002555541571685,     -0.0026299528489324,    -0.3094904357381833,     0.1068377366602210
LogTemp: Warning: Time =   5.3700303845107555,         CurrentStates =  264.3172858157366818,  -66.8564750644868155,    351.0619935096818267,    1.6585135160449103,     0.6110601526960199,     1.4502451585226468,    3055.0885405962421828,      616.6530345285895010,  -14778.8660994568454043,     -1.6539763060645909,    -0.5691723440462774,    -0.5206083486625074,    -0.0002555541571685,    -0.0026299528489324,    -0.3094904357381833,     0.1068377366602210,       Controls =  -0.0002555541571685,     -0.0026299528489324,    -0.3094904357381833,     0.1068377366602210
LogTemp: Warning: Time =   5.3900050930678844,         CurrentStates =  258.6864552079778150,  -62.9355074502662220,    353.5848484633854127,    1.6668209857339469,     0.5817192879691311,     1.4488180566120041,    3062.1633726023155759,      620.8030996653218381,  -14775.3606416735910898,     -1.6119880262679274,    -0.5408277469769586,    -0.5368292158825422,    -0.0002555541571685,    -0.0026299528489324,    -0.3094904357381833,     0.1068377366602210,       Controls =  -0.0002555541571685,     -0.0026299528489324,    -0.3094904357381833,     0.1068377366602210
LogTemp: Warning: Time =   5.4100699238479137,         CurrentStates =  253.3766569574443963,  -58.7692269879490965,    355.7869095855913315,    1.6755145680869257,     0.5497933532418983,     1.4481238945625856,    3069.1663161949136338,      624.8759251223928004,  -14771.8676206570253271,     -1.5716801106244429,    -0.5121431958260829,    -0.5506054876556563,    -0.0002555541571685,    -0.0026299528489324,    -0.3094904357381833,     0.1068377366602210,       Controls =  -0.0002555541571685,     -0.0026299528489324,    -0.3094904357381833,     0.1068377366602210
LogTemp: Warning: Time =   5.4303712658584118,         CurrentStates =  248.3587297272448211,  -54.3317378495712049,    357.6816800008622863,    1.6846608927680509,     0.5153503561330363,     1.4481982041410124,    3076.1766538793481232,      628.9181172717865138,  -14768.3494398036946222,     -1.5324568941988668,    -0.4828957843493565,    -0.5621479141196336,    -0.0002555541571685,    -0.0026299528489324,    -0.3094904357381833,     0.1068377366602210,       Controls =  -0.0002555541571685,     -0.0026299528489324,    -0.3094904357381833,     0.1068377366602210
LogTemp: Warning: Time =   5.4505491070449352,         CurrentStates =  243.6323210430241488,  -49.6062717983255652,    359.2655197858852034,    1.6943014638988920,     0.4785071180573235,     1.4490989879892653,    3083.2454924783655770,      632.9587149930796386,  -14764.7817417306214338,     -1.4939172690445224,    -0.4529582809849986,    -0.5715387812989021,    -0.0002555541571685,    -0.0026299528489324,    -0.3094904357381833,     0.1068377366602210,       Controls =  -0.0002555541571685,     -0.0026299528489324,    -0.3094904357381833,     0.1068377366602210
LogTemp: Warning: Time =   5.4707221798598766,         CurrentStates =  239.3093463383168000,  -44.6982159680621862,    360.5002970315246102,    1.7042277003150992,     0.4403235953193017,     1.4508472856402854,    3090.2470114296270367,      636.9259662966460382,  -14761.2295916606472019,     -1.4566105087731676,    -0.4229554938498378,    -0.5786491773349907,    -0.0002555541571685,    -0.0026299528489324,    -0.3094904357381833,     0.1068377366602210,       Controls =  -0.0002555541571685,     -0.0026299528489324,    -0.3094904357381833,     0.1068377366602210
LogTemp: Warning: Time =   5.4911198429763317,         CurrentStates =  235.3812859953589793,  -39.6045760870916581,    361.3917693002276792,    1.7144517995994892,     0.4009946724186423,     1.4534673700163490,    3097.2233903193982769,      640.8445871950611945,  -14757.6734120524342870,     -1.4201586116052138,    -0.3928017861764704,    -0.5836016620758914,    -0.0002555541571685,    -0.0026299528489324,    -0.3094904357381833,     0.1068377366602210,       Controls =  -0.0002555541571685,     -0.0026299528489324,    -0.3094904357381833,     0.1068377366602210
LogTemp: Warning: Time =   5.5118036083877087,         CurrentStates =  231.8271634905360372,  -34.2901297219288139,    361.9415435853156850,    1.7250472453645938,     0.3604541157683620,     1.4570175539445900,    3104.2535642666002786,      644.7588482550560229,  -14754.0742870813082845,     -1.3840152471107698,    -0.3622411694358207,    -0.5864773617982814,    -0.0002555541571685,    -0.0026299528489324,    -0.3094904357381833,     0.1068377366602210,       Controls =  -0.0002555541571685,     -0.0026299528489324,    -0.3094904357381833,     0.1068377366602210
LogTemp: Warning: Time =   5.5315270237624645,         CurrentStates =  228.6654100003783014,  -28.7598403064692185,    362.1369117829569291,    1.7360045379227307,     0.3189432215641434,     1.4615492284804927,    3111.3582097681146479,      648.6794684819340091,  -14750.4226249431703764,     -1.3479490191358556,    -0.3312656635472669,    -0.5872662753131928,    -0.0002555541571685,    -0.0026299528489324,    -0.3094904357381833,     0.1068377366602210,       Controls =  -0.0002555541571685,     -0.0026299528489324,    -0.3094904357381833,     0.1068377366602210
LogTemp: Warning: Time =   5.5512819103896618,         CurrentStates =  226.0737716257133059,  -23.3795980079132306,    361.9840682527570834,    1.7466039487118179,     0.2793292733729180,     1.4667433005929613,    3118.1108414801292383,      652.3732703671512354,  -14746.9397436042254412,     -1.3139697922092983,    -0.3018178666019271,    -0.5860796085893611,    -0.0002555541571685,    -0.0026299528489324,    -0.3094904357381833,     0.1068377366602210,       Controls =  -0.0002555541571685,     -0.0026299528489324,    -0.3094904357381833,     0.1068377366602210
LogTemp: Warning: Time =   5.5719408802688122,         CurrentStates =  223.8970043090903630,  -17.9119223019882057,    361.5008633503477427,    1.7573187477243559,     0.2399410432421633,     1.4727917544077351,    3124.8528713163095745,      656.0297496500339776,  -14743.4517253382000490,     -1.2802149038751731,    -0.2724823387228176,    -0.5830460902092335,    -0.0002555541571685,    -0.0026299528489324,    -0.3094904357381833,     0.1068377366602210,       Controls =  -0.0002555541571685,     -0.0026299528489324,    -0.3094904357381833,     0.1068377366602210
LogTemp: Warning: Time =   5.5920848660171032,         CurrentStates =  222.0705010366056911,  -12.1372529926068395,    360.6452595531848146,    1.7685757712288761,     0.1993813790860054,     1.4800071453957631,    3131.8810178058602105,      659.8080101520639573,  -14739.8056663656025194,     -1.2450851227642257,    -0.2420475630248553,    -0.5779524919510233,    -0.0002555541571685,    -0.0026299528489324,    -0.3094904357381833,     0.1068377366602210,       Controls =  -0.0002555541571685,     -0.0026299528489324,    -0.3094904357381833,     0.1068377366602210
LogTemp: Warning: Time =   5.6122040562331676,         CurrentStates =  220.7302222289362703,   -6.4783386818077817,    359.4703841852501682,    1.7795490285295332,     0.1607564433182325,     1.4878964919251447,    3138.7122896072382900,      663.4478961754405191,  -14736.2531772320216987,     -1.2108779944248242,    -0.2126803710211796,    -0.5711456582189793,    -0.0002555541571685,    -0.0026299528489324,    -0.3094904357381833,     0.1068377366602210,       Controls =  -0.0002555541571685,     -0.0026299528489324,    -0.3094904357381833,     0.1068377366602210
LogTemp: Warning: Time =   5.6319660954177380,         CurrentStates =  219.8203759481785085,   -0.8261201260771065,    357.9665728259443540,    1.7904510141549634,     0.1233729816726951,     1.4965886484451458,    3145.5142685785931462,      667.0404249799759100,  -14732.7087467228266178,     -1.1766466394695898,    -0.1837195459153597,    -0.5625821695418607,    -0.0002555541571685,    -0.0026299528489324,    -0.3094904357381833,     0.1068377366602210,       Controls =  -0.0002555541571685,     -0.0026299528489324,    -0.3094904357381833,     0.1068377366602210
LogTemp: Warning: Time =   5.6517214588820934,         CurrentStates =  219.3354971840564644,    4.6995678305460205,    356.1741817003812685,    1.8010496848557616,     0.0880732788470150,     1.5058827704200857,    3152.1755598452059530,      670.5280496349444093,  -14729.2318499986813549,     -1.1428580476956596,    -0.1556940378963575,    -0.5524984029663507,    -0.0002555541571685,    -0.0026299528489324,    -0.3094904357381833,     0.1068377366602210,       Controls =  -0.0002555541571685,     -0.0026299528489324,    -0.3094904357381833,     0.1068377366602210
LogTemp: Warning: Time =   5.6715717129409313,         CurrentStates =  219.2446800586170923,   10.1718596597242517,    354.0771175895302463,    1.8114828012940585,     0.0544322150879520,     1.5158836431248512,    3158.8156399849713125,      673.9745332937054627,  -14725.7614830822021759,     -1.1088238736518043,    -0.1281513519714089,    -0.5408037623001678,    -0.0002555541571685,    -0.0026299528489324,    -0.3094904357381833,     0.1068377366602210,       Controls =  -0.0002555541571685,     -0.0026299528489324,    -0.3094904357381833,     0.1068377366602210
LogTemp: Warning: Time =   5.6914028935134411,         CurrentStates =  219.5364085725421717,   15.5927037142722398,    351.6708617374061419,    1.8217474408564176,     0.0225199024361980,     1.5266013773078850,    3165.4688071619975744,      677.3978299301420520,  -14722.2808899234332785,     -1.0742836195344976,    -0.1010093694606682,    -0.5274694469573196,    -0.0002555541571685,    -0.0026299528489324,    -0.3094904357381833,     0.1068377366602210,       Controls =  -0.0002555541571685,     -0.0026299528489324,    -0.3094904357381833,     0.1068377366602210
LogTemp: Warning: Time =   5.7114820294082165,         CurrentStates =  220.1949975164142472,   20.9052807854071681,    348.9769613981433167,    1.8317268995458911,    -0.0072494050134788,     1.5379266878886804,    3172.0973953485022321,      680.7787352930831730,  -14718.8109636202134425,     -1.0393556246533271,    -0.0744798735206132,    -0.5126041062788314,    -0.0002555541571685,    -0.0026299528489324,    -0.3094904357381833,     0.1068377366602210,       Controls =  -0.0002555541571685,     -0.0026299528489324,    -0.3094904357381833,     0.1068377366602210
LogTemp: Warning: Time =   5.7311267666518688,         CurrentStates =  221.2167624080972814,   26.1540256512978573,    345.9651010351764171,    1.8414912815970095,    -0.0350249142844707,     1.5499641291295427,    3178.7910580625675721,      684.1628120975991578,  -14715.3059806840683450,     -1.0034902978424032,    -0.0482676001957257,    -0.4960226731723547,    -0.0002555541571685,    -0.0026299528489324,    -0.3094904357381833,     0.1068377366602210,       Controls =  -0.0002555541571685,     -0.0026299528489324,    -0.3094904357381833,     0.1068377366602210
LogTemp: Warning: Time =   5.7510247044265270,         CurrentStates =  222.5415630234888056,   31.1383575991903676,    342.7537229682216662,    1.8506538038901115,    -0.0596964730364173,     1.5622339087821919,    3185.3231578484333113,      687.4362438330059604,  -14711.8858517440312426,     -0.9678523399195208,    -0.0233027583162258,    -0.4783512316421368,    -0.0002555541571685,    -0.0026299528489324,    -0.3094904357381833,     0.1068377366602210,       Controls =  -0.0002555541571685,     -0.0026299528489324,    -0.3094904357381833,     0.1068377366602210
LogTemp: Warning: Time =   5.7710881046950817,         CurrentStates =  224.1886576633584980,   36.0115063247982548,    339.2478378044889382,    1.8594787083765147,    -0.0819725991067051,     1.5750900009539264,    3191.9233299331344824,      690.7148689532116350,  -14708.4315906900283153,     -0.9311479203786964,     0.0012521390485651,    -0.4590335613298236,    -0.0002555541571685,    -0.0026299528489324,    -0.3094904357381833,     0.1068377366602210,       Controls =  -0.0002555541571685,     -0.0026299528489324,    -0.3094904357381833,     0.1068377366602210
LogTemp: Warning: Time =   5.7910094074904919,         CurrentStates =  226.1355407784686236,   40.7233999884675555,    335.4707918337347223,    1.8678472335083007,    -0.1014865366719554,     1.5884132004325107,    3198.5624092968882906,      693.9836656101730341,  -14704.9598033735856006,     -0.8934754189933554,     0.0252205794736934,    -0.4381553240896127,    -0.0002555541571685,    -0.0026299528489324,    -0.3094904357381833,     0.1068377366602210,       Controls =  -0.0002555541571685,     -0.0026299528489324,    -0.3094904357381833,     0.1068377366602210
LogTemp: Warning: Time =   5.8110518269240856,         CurrentStates =  228.3265275628324105,   45.1799722309179685,    331.4975219484923628,    1.8755636825872006,    -0.1177667790972423,     1.6019196952413000,    3205.1395078901728084,      697.1933215005574311,  -14701.5245632717051194,     -0.8553735762196654,     0.0481936415937651,    -0.4160799169092843,    -0.0002555541571685,    -0.0026299528489324,    -0.3094904357381833,     0.1068377366602210,       Controls =  -0.0002555541571685,     -0.0026299528489324,    -0.3094904357381833,     0.1068377366602210
LogTemp: Warning: Time =   5.8309540562331676,         CurrentStates =  230.7622281402753401,   49.4200879368502797,    327.2954411601865559,    1.8826621551243508,    -0.1308800679423005,     1.6157017085145917,    3211.7423970741774610,      700.3871640424928273,  -14698.0813606943211198,     -0.8163118982869603,     0.0704389084817370,    -0.3925661627749906,    -0.0002555541571685,    -0.0026299528489324,    -0.3094904357381833,     0.1068377366602210,       Controls =  -0.0002555541571685,     -0.0026299528489324,    -0.3094904357381833,     0.1068377366602210
LogTemp: Warning: Time =   5.8512348942458630,         CurrentStates =  233.3816625478628453,   53.3699906735307152,    322.9411567728897694,    1.8889813838816163,    -0.1405262268511497,     1.6294894508822704,    3218.2855435317815136,      703.5243520430672106,  -14694.6761327184922266,     -0.7767839789838745,     0.0916335318043932,    -0.3679737237974292,    -0.0002555541571685,    -0.0026299528489324,    -0.3094904357381833,     0.1068377366602210,       Controls =  -0.0002555541571685,     -0.0026299528489324,    -0.3094904357381833,     0.1068377366602210
LogTemp: Warning: Time =   5.8710107617080212,         CurrentStates =  236.2261724254647106,   57.1105528564465388,    318.3419070401800468,    1.8946007280135184,    -0.1467808883336233,     1.6435485910397551,    3224.9401876598785748,      706.6870507024882500,  -14691.2212796841613454,     -0.7357362549330959,     0.1122842966033486,    -0.3416929613419456,    -0.0002555541571685,    -0.0026299528489324,    -0.3094904357381833,     0.1068377366602210,       Controls =  -0.0002555541571685,     -0.0026299528489324,    -0.3094904357381833,     0.1068377366602210
LogTemp: Warning: Time =   5.8907713703811169,         CurrentStates =  239.1399084045621919,   60.4663959713890478,    313.7249506541897972,    1.8992128954052174,    -0.1493187189905865,     1.6571706912268922,    3231.4171610718635748,      709.7387015128520034,  -14687.8682033625118493,     -0.6949654237361114,     0.1314753843336381,    -0.3149355026661337,    -0.0002555541571685,    -0.0026299528489324,    -0.3094904357381833,     0.1068377366602210,       Controls =  -0.0002555541571685,     -0.0026299528489324,    -0.3094904357381833,     0.1068377366602210
LogTemp: Warning: Time =   5.9107031635940075,         CurrentStates =  242.1595988619025377,   63.5195420945115217,    309.0076239510394203,    1.9028983538388047,    -0.1482864911845159,     1.6706013356471843,    3237.8783988655613939,      712.7573227680818491,  -14684.5340244145518227,     -0.6534982007670466,     0.1497005434302189,    -0.2871375890970027,    -0.0002555541571685,    -0.0026299528489324,    -0.3094904357381833,     0.1068377366602210,       Controls =  -0.0002555541571685,     -0.0026299528489324,    -0.3094904357381833,     0.1068377366602210
LogTemp: Warning: Time =   5.9305958561599255,         CurrentStates =  245.2845438774171214,   66.2845199113908450,    304.1730160267539986,    1.9056141336872729,    -0.1436082078800940,     1.6838671572347605,    3244.3851386935557457,      715.7719825694564406,  -14681.1885929259897239,     -0.6109544758110006,     0.1671044503560145,    -0.2580834934191634,    -0.0002555541571685,    -0.0026299528489324,    -0.3094904357381833,     0.1068377366602210,       Controls =  -0.0002555541571685,     -0.0026299528489324,    -0.3094904357381833,     0.1068377366602210
LogTemp: Warning: Time =   5.9503021053969860,         CurrentStates =  248.4523976397596812,   68.7208456233727532,    299.3015143209735811,    1.9072579946134300,    -0.1353088685450571,     1.6967284094296931,    3250.8693895582878213,      718.7517875436927852,  -14677.8682873507914337,     -0.5678013594188323,     0.1834834521718807,    -0.2281285049041070,    -0.0002555541571685,    -0.0026299528489324,    -0.3094904357381833,     0.1068377366602210,       Controls =  -0.0002555541571685,     -0.0026299528489324,    -0.3094904357381833,     0.1068377366602210
LogTemp: Warning: Time =   5.9703659825026989,         CurrentStates =  251.6097862843812436,   70.8103921761832140,    294.4607006462889558,    1.9077775436147295,    -0.1235600050729260,     1.7090028841466993,    3257.2841855368910728,      721.6765101128440847,  -14674.5981659398421471,     -0.5244011942516144,     0.1987276265942323,    -0.1975682914155481,    -0.0002555541571685,    -0.0026299528489324,    -0.3094904357381833,     0.1068377366602210,       Controls =  -0.0002555541571685,     -0.0026299528489324,    -0.3094904357381833,     0.1068377366602210
LogTemp: Warning: Time =   5.9898357205092907,         CurrentStates =  254.8149785736271724,   72.6033910469964638,    289.5493295055137537,    1.9071186410641945,    -0.1080808296251124,     1.7209302419614190,    3263.8070715879671297,      724.6278628736104110,  -14671.2891261487820884,     -0.4795878313707645,     0.2132427640973529,    -0.1656079429772892,    -0.0002555541571685,    -0.0026299528489324,    -0.3094904357381833,     0.1068377366602210,       Controls =  -0.0002555541571685,     -0.0026299528489324,    -0.3094904357381833,     0.1068377366602210
LogTemp: Warning: Time =   6.0093931965529919,         CurrentStates =  257.8892362054361342,   74.0201500916602271,    284.8316806059689270,    1.9052886707048076,    -0.0897907424214094,     1.7318701224810280,    3270.1293535347667785,      727.4676964285769145,  -14668.0985778976755682,     -0.4355419153643260,     0.2263595585110707,    -0.1338351650512371,    -0.0002555541571685,    -0.0026299528489324,    -0.3094904357381833,     0.1068377366602210,       Controls =  -0.0002555541571685,     -0.0026299528489324,    -0.3094904357381833,     0.1068377366602210
LogTemp: Warning: Time =   6.0285420231521130,         CurrentStates =  260.9162849623317584,   75.1248563469579551,    280.1719307543685318,    1.9022336504022777,    -0.0683334164840287,     1.7421523537175647,    3276.4732930566638061,      730.2978653843258598,  -14664.9147075101336668,     -0.3907905665285011,     0.2385795337839180,    -0.1012215422940412,    -0.0002555541571685,    -0.0026299528489324,    -0.3094904357381833,     0.1068377366602210,       Controls =  -0.0002555541571685,     -0.0026299528489324,    -0.3094904357381833,     0.1068377366602210
LogTemp: Warning: Time =   6.0479478649795055,         CurrentStates =  263.7979406127044513,   75.9015423927977935,    275.7158554240186277,    1.8980349321674310,    -0.0445090566066729,     1.7514653534756284,    3282.6786234452742974,      733.0485957000190638,  -14661.8183871498931694,     -0.3465308236821552,     0.2496225282198481,    -0.0686621861660234,    -0.0002555541571685,    -0.0026299528489324,    -0.3094904357381833,     0.1068377366602210,       Controls =  -0.0002555541571685,     -0.0026299528489324,    -0.3094904357381833,     0.1068377366602210
LogTemp: Warning: Time =   6.0677518658339977,         CurrentStates =  266.6135954283254250,   76.3874040629014530,    271.3364640293421530,    1.8925446662620800,    -0.0177323814945902,     1.7600802495943857,    3288.9612491639263681,      735.8171511887711631,  -14658.7024469226707879,     -0.3012845142060929,     0.2598908728443055,    -0.0350836588381487,    -0.0002555541571685,    -0.0026299528489324,    -0.3094904357381833,     0.1068377366602210,       Controls =  -0.0002555541571685,     -0.0026299528489324,    -0.3094904357381833,     0.1068377366602210
LogTemp: Warning: Time =   6.0871648602187634,         CurrentStates =  269.3576338659753446,   76.5797987248661798,    267.0375756402902425,    1.8856531148884006,     0.0120881527015892,     1.7679630335384602,    3295.3672538040145810,      738.6244853771718226,  -14655.5456947512993793,     -0.2547578089948667,     0.2694219453710542,    -0.0002594867658694,    -0.0002555541571685,    -0.0026299528489324,    -0.3094904357381833,     0.1068377366602210,       Controls =  -0.0002555541571685,     -0.0026299528489324,    -0.3094904357381833,     0.1068377366602210
LogTemp: Warning: Time =   6.1068773083388805,         CurrentStates =  271.9015891184518523,   76.4820836867474725,    263.0176780832993018,    1.8776392964827939,     0.0435124697862418,     1.7747535928665259,    3301.6412917875518360,      741.3602249599058496,  -14652.4745353046018863,     -0.2088657227549053,     0.2778444548777384,     0.0343747350353273,    -0.0002555541571685,    -0.0026299528489324,    -0.3094904357381833,     0.1068377366602210,       Controls =  -0.0002555541571685,     -0.0026299528489324,    -0.3094904357381833,     0.1068377366602210
LogTemp: Warning: Time =   6.1259321980178356,         CurrentStates =  274.3195572177439772,   76.1062656142510576,    259.1575999794561085,    1.8682431474856198,     0.0773771906305516,     1.7806642229486478,    3308.0069426635473064,      744.1235852166258837,  -14649.3798269072849507,     -0.1620375947497545,     0.2854743621330835,     0.0700034891177525,    -0.0002555541571685,    -0.0026299528489324,    -0.3094904357381833,     0.1068377366602210,       Controls =  -0.0002555541571685,     -0.0026299528489324,    -0.3094904357381833,     0.1068377366602210
LogTemp: Warning: Time =   6.1451692394912243,         CurrentStates =  276.4837050127793532,   75.4925211352458092,    255.6604596282734292,    1.8579807853040913,     0.1117294059066440,     1.7854098277884183,    3314.1554339444633115,      746.7824460822794208,  -14646.4114082280993898,     -0.1166112053605623,     0.2919747204974011,     0.1048443530988918,    -0.0002555541571685,    -0.0026299528489324,    -0.3094904357381833,     0.1068377366602210,       Controls =  -0.0002555541571685,     -0.0026299528489324,    -0.3094904357381833,     0.1068377366602210
LogTemp: Warning: Time =   6.1647190861403942,         CurrentStates =  278.4825510120829222,   74.6391012141370993,    252.3826867290915459,    1.8464803443862776,     0.1477673618546705,     1.7892201557788729,    3320.3577166888035208,      749.4559729269301442,  -14643.4378736991657206,     -0.0706505309343464,     0.2976721404398748,     0.1403782024936825,    -0.0002555541571685,    -0.0026299528489324,    -0.3094904357381833,     0.1068377366602210,       Controls =  -0.0002555541571685,     -0.0026299528489324,    -0.3094904357381833,     0.1068377366602210
LogTemp: Warning: Time =   6.1843190006911755,         CurrentStates =  280.3104654738832551,   73.5488325488116175,    249.3287647160471181,    1.8336658981524572,     0.1855333830510076,     1.7920765761918165,    3326.6558056497069629,      752.1636223923555917,  -14640.4399560312031099,     -0.0238983122895322,     0.3025787195324117,     0.1768233938616548,    -0.0002555541571685,    -0.0026299528489324,    -0.3094904357381833,     0.1068377366602210,       Controls =  -0.0002555541571685,     -0.0026299528489324,    -0.3094904357381833,     0.1068377366602210
LogTemp: Warning: Time =   6.2033343128859997,         CurrentStates =  281.9264228472871991,   72.2494352317104074,    246.5620149989620131,    1.8197351702847038,     0.2242982435991854,     1.7939146882572965,    3332.9647150254136250,      754.8703867440834756,  -14637.4586593951171380,      0.0229571383175666,     0.3066096494060063,     0.2136618822184545,    -0.0002555541571685,    -0.0026299528489324,    -0.3094904357381833,     0.1068377366602210,       Controls =  -0.0002555541571685,     -0.0026299528489324,    -0.3094904357381833,     0.1068377366602210
LogTemp: Warning: Time =   6.2224058918654919,         CurrentStates =  283.2780221738094042,   70.8106174388241669,    244.1710620995114027,    1.8052448873715885,     0.2625396051897882,     1.7947269433805400,    3339.0802712005634021,      757.4905436611653613,  -14634.5894270944190794,      0.0683427104465436,     0.3096749178795466,     0.2496548653644314,    -0.0002555541571685,    -0.0026299528489324,    -0.3094904357381833,     0.1068377366602210,       Controls =  -0.0002555541571685,     -0.0026299528489324,    -0.3094904357381833,     0.1068377366602210
LogTemp: Warning: Time =   6.2415461353957653,         CurrentStates =  284.4123188813504157,   69.2109219283570098,    242.0712647992229449,    1.7898148636366162,     0.3013038180793975,     1.7945985400492499,    3345.2084018795494558,      760.1140864938279265,  -14631.7345314315698488,      0.1137345838939033,     0.3119161710201817,     0.2859711728057266,    -0.0002555541571685,    -0.0026299528489324,    -0.3094904357381833,     0.1068377366602210,       Controls =  -0.0002555541571685,     -0.0026299528489324,    -0.3094904357381833,     0.1068377366602210
LogTemp: Warning: Time =   6.2608461193740368,         CurrentStates =  285.3216219968896894,   67.4678498347599742,    240.2695363554434209,    1.7734993141796414,     0.3404164459677356,     1.7935443216565043,    3351.3526203917226667,      762.7440971475938341,  -14628.8921892691741959,      0.1591059060381442,     0.3133290134008357,     0.3226036717792047,    -0.0002555541571685,    -0.0026299528489324,    -0.3094904357381833,     0.1068377366602210,       Controls =  -0.0002555541571685,     -0.0026299528489324,    -0.3094904357381833,     0.1068377366602210
LogTemp: Warning: Time =   6.2794270329177380,         CurrentStates =  286.0009368374736596,   65.5913197527741545,    238.7654674316035539,    1.7562841439079706,     0.3798733882803512,     1.7915733449185895,    3357.5417733872991448,      765.3945224866428134,  -14626.0489774498182669,      0.2046156891984172,     0.3139067225405578,     0.3596980601759549,    -0.0002555541571685,    -0.0026299528489324,    -0.3094904357381833,     0.1068377366602210,       Controls =  -0.0002555541571685,     -0.0026299528489324,    -0.3094904357381833,     0.1068377366602210
LogTemp: Warning: Time =   6.2993712238967419,         CurrentStates =  286.4256206410807977,   63.6914743695906225,    237.6142169931887338,    1.7390635788552848,     0.4177047736160633,     1.7888482906962135,    3363.4937982140791064,      767.9460073016273327,  -14623.3331267847679555,      0.2481513005369080,     0.3136601720835647,     0.3955275153156429,    -0.0002555541571685,    -0.0026299528489324,    -0.3094904357381833,     0.1068377366602210,       Controls =  -0.0002555541571685,     -0.0026299528489324,    -0.3094904357381833,     0.1068377366602210
LogTemp: Warning: Time =   6.3198156170547009,         CurrentStates =  286.6278673798905743,   61.5720445713409745,    236.6999460501138799,    1.7199619122455134,     0.4579629660263261,     1.7850624015820939,    3369.8747451195758913,      770.6858183016103112,  -14620.4410829004918924,      0.2945221974519067,     0.3125195658684236,     0.4340792148896894,    -0.0002555541571685,    -0.0026299528489324,    -0.3094904357381833,     0.1068377366602210,       Controls =  -0.0002555541571685,     -0.0026299528489324,    -0.3094904357381833,     0.1068377366602210
LogTemp: Warning: Time =   6.3397188000380993,         CurrentStates =  286.5602285110303455,   59.3365013489675022,    236.1025955162137393,    1.6998150771788161,     0.4986736076451653,     1.7803072838604717,    3376.4069079213272744,      773.4970741311742586,  -14617.5007490639545722,      0.3416142219366977,     0.3104088151499390,     0.4736622885779614,    -0.0002555541571685,    -0.0026299528489324,    -0.3094904357381833,     0.1068377366602210,       Controls =  -0.0002555541571685,     -0.0026299528489324,    -0.3094904357381833,     0.1068377366602210
LogTemp: Warning: Time =   6.3595866970717907,         CurrentStates =  286.2256549619418706,   57.1215836338594016,    235.8434349344516363,    1.6797495640247182,     0.5375923927587664,     1.7748823413992616,    3382.7567765586732094,      776.2378838492631985,  -14614.6613624606361554,      0.3869738617840108,     0.3074378675803607,     0.5122226619719321,    -0.0002555541571685,    -0.0026299528489324,    -0.3094904357381833,     0.1068377366602210,       Controls =  -0.0002555541571685,     -0.0026299528489324,    -0.3094904357381833,     0.1068377366602210
LogTemp: Warning: Time =   6.3813161663711071,         CurrentStates =  285.6270867493790888,   54.8943423418022576,    235.8914876451741520,    1.6593720691935763,     0.5755784439374663,     1.7687410010291733,    3389.0851164198893457,      778.9788717587625797,  -14611.8493372412303870,      0.4317205687848520,     0.3035705390085409,     0.5507009974271537,    -0.0002555541571685,    -0.0026299528489324,    -0.3094904357381833,     0.1068377366602210,       Controls =  -0.0002555541571685,     -0.0026299528489324,    -0.3094904357381833,     0.1068377366602210
LogTemp: Warning: Time =   6.4003042988479137,         CurrentStates =  284.6707967954612855,   52.4639245266108247,    236.2800655640755565,    1.6367975161398320,     0.6159614546091658,     1.7612623569690804,    3395.9940833936352647,      781.9839746830044760,  -14608.7985242347913299,      0.4799946260818624,     0.2983088683059084,     0.5927281640424922,    -0.0002555541571685,    -0.0026299528489324,    -0.3094904357381833,     0.1068377366602210,       Controls =  -0.0002555541571685,     -0.0026299528489324,    -0.3094904357381833,     0.1068377366602210
LogTemp: Warning: Time =   6.4194516949355602,         CurrentStates =  283.5791322747352297,   50.3643844096570419,    236.8925032775709667,    1.6169171266195810,     0.6501124857580509,     1.7541355298079098,    3402.0198299935591422,      784.6171734860824927,  -14606.1531973203891539,      0.5215606316763917,     0.2928284206520113,     0.6293670641707185,    -0.0002555541571685,    -0.0026299528489324,    -0.3094904357381833,     0.1068377366602210,       Controls =  -0.0002555541571685,     -0.0026299528489324,    -0.3094904357381833,     0.1068377366602210
LogTemp: Warning: Time =   6.4354572109878063,         CurrentStates =  282.2393862610811652,   48.2873817876443567,    237.7525615032503197,    1.5968082288651779,     0.6833480841285946,     1.7464470594596992,    3408.0842385087184994,      787.2801484881080114,  -14603.5045746084342682,      0.5628491179152583,     0.2864690031246892,     0.6661969215226953,    -0.0002555541571685,    -0.0026299528489324,    -0.3094904357381833,     0.1068377366602210,       Controls =  -0.0002555541571685,     -0.0026299528489324,    -0.3094904357381833,     0.1068377366602210
LogTemp: Warning: Time =   6.4536762051284313,         CurrentStates =  280.9379889817061553,   46.5933443838304413,    238.6467912234519986,    1.5800067763686161,     0.7101195000449895,     1.7396731355994965,    3413.1440055741945798,      789.5127665173769174,  -14601.3045805407891748,      0.5968539211559282,     0.2805116648430750,     0.6968709944700122,    -0.0002555541571685,    -0.0026299528489324,    -0.3094904357381833,     0.1068377366602210,       Controls =  -0.0002555541571685,     -0.0026299528489324,    -0.3094904357381833,     0.1068377366602210
LogTemp: Warning: Time =   6.4720539860427380,         CurrentStates =  279.2591799238615522,   44.7233988020034303,    239.8453832363622951,    1.5609503788565320,     0.7393810583590380,     1.7316218570553685,    3418.8920039109648314,      792.0619382325163542,  -14598.8154808885010425,      0.6349673723994051,     0.2730210800980146,     0.7316345886624889,    -0.0002555541571685,    -0.0026299528489324,    -0.3094904357381833,     0.1068377366602210,       Controls =  -0.0002555541571685,     -0.0026299528489324,    -0.3094904357381833,     0.1068377366602210
LogTemp: Warning: Time =   6.4889459423720837,         CurrentStates =  277.3574004730754723,   42.9115293945463065,    241.2341540540048186,    1.5418618824748018,     0.7674968221788484,     1.7231792266462866,    3424.6770506834304797,      794.6423414060070627,  -14596.3204144828068820,      0.6727445176961914,     0.2647017620352015,     0.7665091232146273,    -0.0002555541571685,    -0.0026299528489324,    -0.3094904357381833,     0.1068377366602210,       Controls =  -0.0002555541571685,     -0.0026299528489324,    -0.3094904357381833,     0.1068377366602210
LogTemp: Warning: Time =   6.5058293156325817,         CurrentStates =  275.4297165342540552,   41.3215866158397205,    242.6555843855986438,    1.5244873961953180,     0.7920163906697324,     1.7151760109519258,    3429.9821400443147468,      797.0225556778042346,  -14594.0404818456099747,      0.7068513605318789,     0.2563809867129686,     0.7983685658074142,    -0.0002555541571685,    -0.0026299528489324,    -0.3094904357381833,     0.1068377366602210,       Controls =  -0.0002555541571685,     -0.0026299528489324,    -0.3094904357381833,     0.1068377366602210
LogTemp: Warning: Time =   6.5254902653396130,         CurrentStates =  273.3362583742514289,   39.8128213409217295,    244.2012736160642419,    1.5073311382648902,     0.8151832278861265,     1.7069820634988069,    3435.2722545334836468,      799.4100390794268378,  -14591.7740033878835675,      0.7403311831438061,     0.2474217700947018,     0.8300014809851550,    -0.0002555541571685,    -0.0026299528489324,    -0.3094904357381833,     0.1068377366602210,       Controls =  -0.0002555541571685,     -0.0026299528489324,    -0.3094904357381833,     0.1068377366602210
LogTemp: Warning: Time =   6.5459976010024548,         CurrentStates =  270.6960238790848621,   38.1667424270919327,    246.1404453543169097,    1.4876733238588558,     0.8403797545645724,     1.6972431363134746,    3441.4162169174182964,      802.2013236379849559,  -14589.1495375227095792,      0.7785256813762518,     0.2361833897175943,     0.8665420677857728,    -0.0002555541571685,    -0.0026299528489324,    -0.3094904357381833,     0.1068377366602210,       Controls =  -0.0002555541571685,     -0.0026299528489324,    -0.3094904357381833,     0.1068377366602210
LogTemp: Warning: Time =   6.5662979893386364,         CurrentStates =  267.7207302168980050,   36.5874701979701697,    248.2999204295915092,    1.4676026287063795,     0.8645107575081769,     1.6869170048600131,    3447.8046977073745438,      805.1257825541807733,  -14586.4283389496395102,      0.8174281443677496,     0.2235446151363523,     0.9042781906379233,    -0.0002555541571685,    -0.0026299528489324,    -0.3094904357381833,     0.1068377366602210,       Controls =  -0.0002555541571685,     -0.0026299528489324,    -0.3094904357381833,     0.1068377366602210
LogTemp: Warning: Time =   6.5867309384047985,         CurrentStates =  264.5652989999332476,   35.1723558835277572,    250.5507982547909478,    1.4482345543178266,     0.8861296568811109,     1.6765855744930009,    3454.1077366248105136,      808.0342472706402077,  -14583.7499250128421409,      0.8549733398350815,     0.2101194640746999,     0.9412157061437670,    -0.0002555541571685,    -0.0026299528489324,    -0.3094904357381833,     0.1068377366602210,       Controls =  -0.0002555541571685,     -0.0026299528489324,    -0.3094904357381833,     0.1068377366602210
LogTemp: Warning: Time =   6.6068687252700329,         CurrentStates =  261.1923384792928005,   33.9054800081584204,    252.9051398323258297,    1.4293036560621604,     0.9055111397364221,     1.6661353500793319,    3460.4297102836012527,      810.9754999963716955,  -14581.0684716168179875,      0.8917735076052532,     0.1956985620854533,     0.9779347175009191,    -0.0002555541571685,    -0.0026299528489324,    -0.3094904357381833,     0.1068377366602210,       Controls =  -0.0002555541571685,     -0.0026299528489324,    -0.3094904357381833,     0.1068377366602210
LogTemp: Warning: Time =   6.6267761997878551,         CurrentStates =  257.6900052333178905,   32.8184309211293410,    255.2884423557680122,    1.4112541118826514,     0.9221926960825988,     1.6558404957548849,    3466.6374875837891523,      813.8879358287617833,  -14578.4389765698742849,      0.9270541736247458,     0.1806060756587442,     1.0136339445462637,    -0.0002555541571685,    -0.0026299528489324,    -0.3094904357381833,     0.1068377366602210,       Controls =  -0.0002555541571685,     -0.0026299528489324,    -0.3094904357381833,     0.1068377366602210
LogTemp: Warning: Time =   6.6468481831252575,         CurrentStates =  254.0699245549774048,   31.9068314572837117,    257.6828946638299271,    1.3940520985120430,     0.9362531506732890,     1.6457182202851470,    3472.7509897666768666,      816.7804484261772586,  -14575.8514954653473978,      0.9609564538873604,     0.1648403935546753,     1.0484114086900558,    -0.0002555541571685,    -0.0026299528489324,    -0.3094904357381833,     0.1068377366602210,       Controls =  -0.0002555541571685,     -0.0026299528489324,    -0.3094904357381833,     0.1068377366602210
LogTemp: Warning: Time =   6.6668958477675915,         CurrentStates =  250.2782972954168201,   31.1559372326246695,    260.1132844595856568,    1.3773965132317914,     0.9479296458562079,     1.6356154526726294,    3478.8905784378098360,      819.7102556203021777,  -14573.2537121300520084,      0.9941506381169298,     0.1481077806488647,     1.0829239051505923,    -0.0002555541571685,    -0.0026299528489324,    -0.3094904357381833,     0.1068377366602210,       Controls =  -0.0002555541571685,     -0.0026299528489324,    -0.3094904357381833,     0.1068377366602210
LogTemp: Warning: Time =   6.6868705563247204,         CurrentStates =  246.3675129428052912,   30.5774757655058487,    262.5352099740705967,    1.3614890694685176,     0.9570499659958854,     1.6256731120518508,    3484.9974485945267588,      822.6498469232507205,  -14570.6691640520948567,      1.0263126167225594,     0.1305729621604035,     1.1168075596258633,    -0.0002555541571685,    -0.0026299528489324,    -0.3094904357381833,     0.1068377366602210,       Controls =  -0.0002555541571685,     -0.0026299528489324,    -0.3094904357381833,     0.1068377366602210
LogTemp: Warning: Time =   6.7078370861709118,         CurrentStates =  242.3670969751220809,   30.1733353985382742,    264.9221098088679582,    1.3463959487353434,     0.9635930725296519,     1.6159559415787930,    3491.0561161059495134,      825.5917706185557563,  -14568.1030839715112961,      1.0573740819174871,     0.1123025357605473,     1.1499519129029190,    -0.0002555541571685,    -0.0026299528489324,    -0.3094904357381833,     0.1068377366602210,       Controls =  -0.0002555541571685,     -0.0026299528489324,    -0.3094904357381833,     0.1068377366602210
LogTemp: Warning: Time =   6.7286639027297497,         CurrentStates =  238.0781955014339530,   29.9346937773484214,    267.3780296167336132,    1.3313955039294987,     0.9677326744622793,     1.6060009243774807,    3497.3869700180493965,      828.6934939261602722,  -14565.4182249854220572,      1.0889303185786261,     0.0922877995412846,     1.1840475164061655,    -0.0002555541571685,    -0.0026299528489324,    -0.3094904357381833,     0.1068377366602210,       Controls =  -0.0002555541571685,     -0.0026299528489324,    -0.3094904357381833,     0.1068377366602210
LogTemp: Warning: Time =   6.7494664005935192,         CurrentStates =  233.7500656537897328,   29.8852682940608929,    269.7466837840029257,    1.3173746792312500,     0.9691048973965958,     1.5964000572116683,    3503.6454310156404972,      831.7878895303409763,  -14562.7590921404153050,      1.1192258927020620,     0.0715827975883648,     1.2171774163316873,    -0.0002555541571685,    -0.0026299528489324,    -0.3094904357381833,     0.1068377366602210,       Controls =  -0.0002555541571685,     -0.0026299528489324,    -0.3094904357381833,     0.1068377366602210
LogTemp: Warning: Time =   6.7703728489577770,         CurrentStates =  229.3830572444424263,   30.0208467573262112,    272.0229831361026527,    1.3042636326993395,     0.9678010571465203,     1.5871317483056511,    3509.8661533152571792,      834.8916514726957985,  -14560.1096424424194993,      1.1484618891138945,     0.0501074288545989,     1.2495054633172955,    -0.0002555541571685,    -0.0026299528489324,    -0.3094904357381833,     0.1068377366602210,       Controls =  -0.0002555541571685,     -0.0026299528489324,    -0.3094904357381833,     0.1068377366602210
LogTemp: Warning: Time =   6.7908854298293591,         CurrentStates =  224.9742429857569448,   30.3404970017745335,    274.2028174589632386,    1.2919997654063184,     0.9638728038071925,     1.5781724954062655,    3516.0865955605308955,      838.0234331934105967,  -14557.4525518767295580,      1.1768369232365992,     0.0277527385047865,     1.2811983082563967,    -0.0002555541571685,    -0.0026299528489324,    -0.3094904357381833,     0.1068377366602210,       Controls =  -0.0002555541571685,     -0.0026299528489324,    -0.3094904357381833,     0.1068377366602210
LogTemp: Warning: Time =   6.8112697415053844,         CurrentStates =  220.6527050331622206,   30.8290456845976060,    276.2210777999711127,    1.2808632784351601,     0.9575621826557212,     1.5697554319703348,    3522.1584788937666417,      841.1077214394022121,  -14554.8500834012411360,      1.2037238892769158,     0.0050962718402227,     1.3114920579545308,    -0.0002555541571685,    -0.0026299528489324,    -0.3094904357381833,     0.1068377366602210,       Controls =  -0.0002555541571685,     -0.0026299528489324,    -0.3094904357381833,     0.1068377366602210
LogTemp: Warning: Time =   6.8302774243056774,         CurrentStates =  216.3848580257266292,   31.4816408743855654,    278.0953113474616316,    1.2706761993028799,     0.9489907866161849,     1.5617793945944818,    3528.1614117435874505,      844.1835763177388117,  -14552.2673053642611194,      1.2295410445677539,    -0.0181001473717592,     1.3407895141122415,    -0.0002555541571685,    -0.0026299528489324,    -0.3094904357381833,     0.1068377366602210,       Controls =  -0.0002555541571685,     -0.0026299528489324,    -0.3094904357381833,     0.1068377366602210
LogTemp: Warning: Time =   6.8498563580214977,         CurrentStates =  212.4487352142403154,   32.2355602347587933,    279.7148207981329051,    1.2619635677944174,     0.9390421151014238,     1.5547074653565116,    3533.7305977323426305,      847.0608467081264052,  -14549.8612950016704417,      1.2528362260357937,    -0.0403158803884666,     1.3673665680516007,    -0.0002555541571685,    -0.0026299528489324,    -0.3094904357381833,     0.1068377366602210,       Controls =  -0.0002555541571685,     -0.0026299528489324,    -0.3094904357381833,     0.1068377366602210
LogTemp: Warning: Time =   6.8704361729323864,         CurrentStates =  208.4570494280101798,   33.1535487332829675,    281.2450951108099844,    1.2537744053747035,     0.9269408956743196,     1.5478052105883264,    3539.4381799312432122,      850.0332336937234459,  -14547.3846092720268643,      1.2760809920957015,    -0.0637640229799141,     1.3939793564754492,    -0.0002555541571685,    -0.0026299528489324,    -0.3094904357381833,     0.1068377366602210,       Controls =  -0.0002555541571685,     -0.0026299528489324,    -0.3094904357381833,     0.1068377366602210
LogTemp: Warning: Time =   6.8908071331679821,         CurrentStates =  204.3497080286698235,   34.2667497670049244,    282.6948739860231399,    1.2460117950906571,     0.9123342827620886,     1.5409797033640189,    3545.4057113649382700,      853.1665042433106692,  -14544.7822298519204196,      1.2997356179378272,    -0.0890003652775467,     1.4211052559919655,    -0.0002555541571685,    -0.0026299528489324,    -0.3094904357381833,     0.1068377366602210,       Controls =  -0.0002555541571685,     -0.0026299528489324,    -0.3094904357381833,     0.1068377366602210
LogTemp: Warning: Time =   6.9113387875258923,         CurrentStates =  200.3930189721441764,   35.5110403420139207,    283.9630354136986625,    1.2391627978701203,     0.8961249437230172,     1.5346664034067103,    3551.2801348907833017,      856.2762680291592687,  -14542.2064682699601690,      1.3224101703456430,    -0.1145449105390870,     1.4470879681285647,    -0.0002555541571685,    -0.0026299528489324,    -0.3094904357381833,     0.1068377366602210,       Controls =  -0.0002555541571685,     -0.0026299528489324,    -0.3094904357381833,     0.1068377366602210
LogTemp: Warning: Time =   6.9317202381789684,         CurrentStates =  196.5337100891577222,   36.9005102875154449,    285.0678946104250713,    1.2330769461826863,     0.8781862007768885,     1.5287555782229099,    3557.1680221544747837,      859.4183092445200600,  -14539.6097799467097502,      1.3445693125856237,    -0.1408289233676862,     1.4723921818149135,    -0.0002555541571685,    -0.0026299528489324,    -0.3094904357381833,     0.1068377366602210,       Controls =  -0.0002555541571685,     -0.0026299528489324,    -0.3094904357381833,     0.1068377366602210
LogTemp: Warning: Time =   6.9518155865371227,         CurrentStates =  192.8479138353941380,   38.4057660042261020,    285.9887188514050536,    1.2278203823665073,     0.8589509147777947,     1.5233409553122024,    3562.9799414524100030,      862.5443679277063893,  -14537.0307902884796931,      1.3659289849522847,    -0.1674245273707923,     1.4966252460345892,    -0.0002555541571685,    -0.0026299528489324,    -0.3094904357381833,     0.1068377366602210,       Controls =  -0.0002555541571685,     -0.0026299528489324,    -0.3094904357381833,     0.1068377366602210
LogTemp: Warning: Time =   6.9725789837539196,         CurrentStates =  189.3712353893070599,   40.0041412541346091,    286.7225044069613773,    1.2233737368082536,     0.8387502035749120,     1.5184454313835289,    3568.6782083234252241,      865.6328358754857391,  -14534.4859953661743930,      1.3864205823953568,    -0.1941104206160029,     1.5196475176951514,    -0.0002555541571685,    -0.0026299528489324,    -0.3094904357381833,     0.1068377366602210,       Controls =  -0.0002555541571685,     -0.0026299528489324,    -0.3094904357381833,     0.1068377366602210
LogTemp: Warning: Time =   6.9919638447463512,         CurrentStates =  185.9582920222163409,   41.7652910027965518,    287.2976337335643962,    1.2195134984951144,     0.8167535344685358,     1.5138486864697611,    3574.5322149393723521,      868.8298205559250391,  -14531.8538964914805547,      1.4070575827616492,    -0.2221371098128515,     1.5425202098124338,    -0.0002555541571685,    -0.0026299528489324,    -0.3094904357381833,     0.1068377366602210,       Controls =  -0.0002555541571685,     -0.0026299528489324,    -0.3094904357381833,     0.1068377366602210
LogTemp: Warning: Time =   7.0118107609450817,         CurrentStates =  182.9486983087106466,   43.5012102714701570,    287.6663205745719551,    1.2165503355141678,     0.7953305509991421,     1.5099780351261594,    3579.9666471790924334,      871.8193780187609718,  -14529.3934574253780738,      1.4258864215516869,    -0.2486938148856788,     1.5630301377835878,    -0.0002555541571685,    -0.0026299528489324,    -0.3094904357381833,     0.1068377366602210,       Controls =  -0.0002555541571685,     -0.0026299528489324,    -0.3094904357381833,     0.1068377366602210
LogTemp: Warning: Time =   7.0313763432204723,         CurrentStates =  180.0550609065702190,   45.3611259970715324,    287.8759580236683178,    1.2141229871971893,     0.7726500158124180,     1.5064321487927481,    3585.4997829325993735,      874.8845501492598942,  -14526.8706593119022727,      1.4447807445496699,    -0.2762503550595028,     1.5831799846093455,    -0.0002555541571685,    -0.0026299528489324,    -0.3094904357381833,     0.1068377366602210,       Controls =  -0.0002555541571685,     -0.0026299528489324,    -0.3094904357381833,     0.1068377366602210
LogTemp: Warning: Time =   7.0514054112136364,         CurrentStates =  177.3977168962009046,   47.2673016110376381,    287.9175834389918123,    1.2122955802142674,     0.7496842541016543,     1.5033444073711242,    3590.9237854135121779,      877.9099852790781142,  -14524.3794930318726983,      1.4630811098831396,    -0.3037555604200636,     1.6021980475356892,    -0.0002555541571685,    -0.0026299528489324,    -0.3094904357381833,     0.1068377366602210,       Controls =  -0.0002555541571685,     -0.0026299528489324,    -0.3094904357381833,     0.1068377366602210
LogTemp: Warning: Time =   7.0715384297072887,         CurrentStates =  174.8865326733719598,   49.2836252587410328,    287.7923352216756712,    1.2109685916194990,     0.7256827257677355,     1.5005962285738761,    3596.4448355094355065,      881.0104555508879685,  -14521.8244851366143848,      1.4815373104888125,    -0.3322385510378486,     1.6207913982012818,    -0.0002555541571685,    -0.0026299528489324,    -0.3094904357381833,     0.1068377366602210,       Controls =  -0.0002555541571685,     -0.0026299528489324,    -0.3094904357381833,     0.1068377366602210
LogTemp: Warning: Time =   7.0916638188064098,         CurrentStates =  172.5826986346387173,   51.3665118832432981,    287.4977642370927242,    1.2101492417000372,     0.7011858111485386,     1.4982465507753067,    3601.9625348572080838,      884.1299473549639742,  -14519.2507595341376145,      1.4998660951441773,    -0.3611790802708353,     1.6385824905372270,    -0.0002555541571685,    -0.0026299528489324,    -0.3094904357381833,     0.1068377366602210,       Controls =  -0.0002555541571685,     -0.0026299528489324,    -0.3094904357381833,     0.1068377366602210
LogTemp: Warning: Time =   7.1119875721633434,         CurrentStates =  170.5065118393234513,   53.4943055571899606,    287.0373011313125744,    1.2098046796709201,     0.6764537927154938,     1.4963022094209582,    3607.4459939583330197,      887.2506176958137303,  -14516.6720853872211592,      1.5180255701137055,    -0.3903958702767442,     1.6554581119324825,    -0.0002555541571685,    -0.0026299528489324,    -0.3094904357381833,     0.1068377366602210,       Controls =  -0.0002555541571685,     -0.0026299528489324,    -0.3094904357381833,     0.1068377366602210
LogTemp: Warning: Time =   7.1319312863051891,         CurrentStates =  168.6445338246768699,   55.6786705415275378,    286.4073473179849998,    1.2098956560518517,     0.6513528663510318,     1.4947386196506969,    3612.9510746573232609,      890.4040200993880489,  -14514.0614098742626084,      1.5362639520444852,    -0.4201706972680067,     1.6715688333134526,    -0.0002555541571685,    -0.0026299528489324,    -0.3094904357381833,     0.1068377366602210,       Controls =  -0.0002555541571685,     -0.0026299528489324,    -0.3094904357381833,     0.1068377366602210
LogTemp: Warning: Time =   7.1518435291945934,         CurrentStates =  167.0498087026113581,   57.8463520405780045,    285.6317738040337986,    1.2103720478586750,     0.6267135251838358,     1.4935838923684823,    3618.3216824988162443,      893.4999575566058638,  -14511.4925953502788616,      1.5541277251449119,    -0.4496322146718377,     1.6864572984302031,    -0.0002555541571685,    -0.0026299528489324,    -0.3094904357381833,     0.1068377366602210,       Controls =  -0.0002555541571685,     -0.0026299528489324,    -0.3094904357381833,     0.1068377366602210
LogTemp: Warning: Time =   7.1719975285232067,         CurrentStates =  165.6892313403591288,   60.0239017002188930,    284.7058820683001841,    1.2111890637046350,     0.6022136968736582,     1.4927944463974814,    3623.6526595591058140,      896.5920020410018196,  -14508.9205218839997542,      1.5719944880645245,    -0.4792675850327184,     1.7003980828434175,    -0.0002555541571685,    -0.0026299528489324,    -0.3094904357381833,     0.1068377366602210,       Controls =  -0.0002555541571685,     -0.0026299528489324,    -0.3094904357381833,     0.1068377366602210
LogTemp: Warning: Time =   7.1923494152724743,         CurrentStates =  164.5484994123797833,   62.2307009821722303,    283.6188465185259133,    1.2123216286703262,     0.5776229149020886,     1.4923525151975963,    3629.0168762127832451,      899.7222288993309576,  -14506.3092440019208880,      1.5901778044985959,    -0.5094680619895718,     1.7135510207220435,    -0.0002555541571685,    -0.0026299528489324,    -0.3094904357381833,     0.1068377366602210,       Controls =  -0.0002555541571685,     -0.0026299528489324,    -0.3094904357381833,     0.1068377366602210
LogTemp: Warning: Time =   7.2122764401137829,         CurrentStates =  163.6374227991107375,   64.4508920407483856,    282.3728066252009512,    1.2137345897885676,     0.5531051974775436,     1.4922569554252461,    3634.4015524595656643,      902.8833046379925236,  -14503.6637810305328458,      1.6087125465237555,    -0.5401539798650388,     1.7258343310455591,    -0.0002555541571685,    -0.0026299528489324,    -0.3094904357381833,     0.1068377366602210,       Controls =  -0.0002555541571685,     -0.0026299528489324,    -0.3094904357381833,     0.1068377366602210
LogTemp: Warning: Time =   7.2326812557876110,         CurrentStates =  162.9782143238307413,   66.6060397302192086,    281.0130331745411354,    1.2153390529727846,     0.5295000639868364,     1.4924905854068014,    3639.6428924226115669,      905.9782737314595806,  -14501.0645913214884786,      1.6271025141080222,    -0.5703661825832629,     1.7368645678425516,    -0.0002555541571685,    -0.0026299528489324,    -0.3094904357381833,     0.1068377366602210,       Controls =  -0.0002555541571685,     -0.0026299528489324,    -0.3094904357381833,     0.1068377366602210
LogTemp: Warning: Time =   7.2529821209609509,         CurrentStates =  162.5392023573989491,   68.7825162279875002,    279.4825534827076581,    1.2171664339273092,     0.5058361965268666,     1.4930498002483612,    3644.9779802323405420,      909.1467115949883464,  -14498.3935798168677138,      1.6462589029538752,    -0.6014526372569610,     1.7471059063248835,    -0.0002555541571685,    -0.0026299528489324,    -0.3094904357381833,     0.1068377366602210,       Controls =  -0.0002555541571685,     -0.0026299528489324,    -0.3094904357381833,     0.1068377366602210
LogTemp: Warning: Time =   7.2730812840163708,         CurrentStates =  162.3354896728725976,   70.9065795226643303,    277.8264150803407802,    1.2191281809605252,     0.4828922121841497,     1.4939111712256259,    3650.2542928125722028,      912.2980449201251076,  -14495.7259790211155632,      1.6657286423082844,    -0.6325137114855124,     1.7562011404832569,    -0.0002555541571685,    -0.0026299528489324,    -0.3094904357381833,     0.1068377366602210,       Controls =  -0.0002555541571685,     -0.0026299528489324,    -0.3094904357381833,     0.1068377366602210
LogTemp: Warning: Time =   7.2930636219680309,         CurrentStates =  162.3579779591136685,   72.9581754036750567,    276.0610557044737448,    1.2211711537284555,     0.4608524281357105,     1.4950468047833023,    3655.4471578565121490,      915.4166489666951065,  -14493.0744310018017131,      1.6854951923443506,    -0.6633768810420786,     1.7640876854466572,    -0.0002555541571685,    -0.0026299528489324,    -0.3094904357381833,     0.1068377366602210,       Controls =  -0.0002555541571685,     -0.0026299528489324,    -0.3094904357381833,     0.1068377366602210
LogTemp: Warning: Time =   7.3126978687942028,         CurrentStates =  162.5957438819187075,   74.9368509029477678,    274.1875202748882430,    1.2232626645728653,     0.4396897687410224,     1.4964374848385442,    3660.5793879436851057,      918.5153364619013701,  -14490.4274994447005156,      1.7057215923819378,    -0.6941505877748841,     1.7707752533471133,    -0.0002555541571685,    -0.0026299528489324,    -0.3094904357381833,     0.1068377366602210,       Controls =  -0.0002555541571685,     -0.0026299528489324,    -0.3094904357381833,     0.1068377366602210
LogTemp: Warning: Time =   7.3325018696486950,         CurrentStates =  163.0322338551307553,   76.8121278492793493,    272.2370575473724443,    1.2253397708148657,     0.4196987877298030,     1.4980407138568363,    3665.5929288708389322,      921.5580153557117455,  -14487.8156484081173403,      1.7262489836634569,    -0.7244573018401809,     1.7761697555574270,    -0.0002555541571685,    -0.0026299528489324,    -0.3094904357381833,     0.1068377366602210,       Controls =  -0.0002555541571685,     -0.0026299528489324,    -0.3094904357381833,     0.1068377366602210
LogTemp: Warning: Time =   7.3532118611037731,         CurrentStates =  163.6690339639266369,   78.6248397126685887,    270.1654961052164481,    1.2274209741825917,     0.4004153768999723,     1.4998774046781522,    3670.6204504140041536,      924.6245148901479070,  -14485.1697242671598360,      1.7477123469594664,    -0.7550748257331378,     1.7803624454753588,    -0.0002555541571685,    -0.0026299528489324,    -0.3094904357381833,     0.1068377366602210,       Controls =  -0.0002555541571685,     -0.0026299528489324,    -0.3094904357381833,     0.1068377366602210
LogTemp: Warning: Time =   7.3740324787795544,         CurrentStates =  164.5374995077031883,   80.4258353218598216,    267.8936235785635631,    1.2295443535542347,     0.3812723412096428,     1.5020135745046883,    3675.8467788317220766,      927.8283215047076737,  -14482.3897912849261047,      1.7710963654764920,    -0.7871237049569418,     1.7833200255660251,    -0.0002555541571685,    -0.0026299528489324,    -0.3094904357381833,     0.1068377366602210,       Controls =  -0.0002555541571685,     -0.0026299528489324,    -0.3094904357381833,     0.1068377366602210
LogTemp: Warning: Time =   7.3942518047988415,         CurrentStates =  165.6093878901213259,   82.1286013401640531,    265.5080879527392312,    1.2315851561051618,     0.3631600494226085,     1.5043606741961211,    3681.0688947534026738,      931.0456144617672862,  -14479.5811880072269560,      1.7957158204332369,    -0.8193486510138532,     1.7847160298210667,    -0.0002555541571685,    -0.0026299528489324,    -0.3094904357381833,     0.1068377366602210,       Controls =  -0.0002555541571685,     -0.0026299528489324,    -0.3094904357381833,     0.1068377366602210
LogTemp: Warning: Time =   7.4145731739699841,         CurrentStates =  166.8307849408486732,   83.6692420110786799,    263.1011692209424382,    1.2334401250736571,     0.3467302921821888,     1.5068090316218772,    3686.1097969141392241,      934.1662131781390599,  -14476.8397640029052127,      1.8208472921223651,    -0.8506222717013978,     1.7844357611712893,    -0.0002555541571685,    -0.0026299528489324,    -0.3094904357381833,     0.1068377366602210,       Controls =  -0.0002555541571685,     -0.0026299528489324,    -0.3094904357381833,     0.1068377366602210
LogTemp: Warning: Time =   7.4346175007522106,         CurrentStates =  168.2266294506991358,   85.0965544803939622,    260.5999606190629265,    1.2351431953487315,     0.3314374495644639,     1.5094145802270917,    3691.1462457396523860,      937.2984094940519526,  -14474.0700850849425478,      1.8474953590158418,    -0.8820047170909154,     1.7823862009288689,    -0.0002555541571685,    -0.0026299528489324,    -0.3094904357381833,     0.1068377366602210,       Controls =  -0.0002555541571685,     -0.0026299528489324,    -0.3094904357381833,     0.1068377366602210
LogTemp: Warning: Time =   7.4544257931411266,         CurrentStates =  169.7574350005473320,   86.3771448029706619,    258.0599788527431997,    1.2366314722500715,     0.3176152250589614,     1.5121036372590457,    3696.0846543512129756,      940.3832314049382148,  -14471.3236038049417402,      1.8753382287455096,    -0.9128785380748926,     1.7784626143879523,    -0.0002555541571685,    -0.0026299528489324,    -0.3094904357381833,     0.1068377366602210,       Controls =  -0.0002555541571685,     -0.0026299528489324,    -0.3094904357381833,     0.1068377366602210
LogTemp: Warning: Time =   7.4739351086318493,         CurrentStates =  171.4091049130277327,   87.5110202751509547,    255.4865269284630074,    1.2378844326159952,     0.3052442265535601,     1.5148542416690725,    3700.9367002897838574,      943.4268604325826573,  -14468.5946145373945910,      1.9045922139089853,    -0.9432774721002883,     1.7725377845220986,    -0.0002555541571685,    -0.0026299528489324,    -0.3094904357381833,     0.1068377366602210,       Controls =  -0.0002555541571685,     -0.0026299528489324,    -0.3094904357381833,     0.1068377366602210
LogTemp: Warning: Time =   7.4928240589797497,         CurrentStates =  173.1593987296499222,   88.4931475960409841,    252.8982137068745430,    1.2388783702999218,     0.2943631071578177,     1.5176312649613846,    3705.6883567554314141,      946.4193896581017498,  -14465.8918757197698142,      1.9353372360507421,    -0.9730725935699162,     1.7644933093876118,    -0.0002555541571685,    -0.0026299528489324,    -0.3094904357381833,     0.1068377366602210,       Controls =  -0.0002555541571685,     -0.0026299528489324,    -0.3094904357381833,     0.1068377366602210
LogTemp: Warning: Time =   7.5121063999831676,         CurrentStates =  174.9599332084518153,   89.3109964675559667,    250.3490640414323991,    1.2395884341900825,     0.2851031853102927,     1.5203628219028607,    3710.2635538069366703,      949.3115035646459319,  -14463.2604466165430495,      1.9671958064023378,    -1.0017443354820148,     1.7543722631558367,    -0.0002555541571685,    -0.0026299528489324,    -0.3094904357381833,     0.1068377366602210,       Controls =  -0.0002555541571685,     -0.0026299528489324,    -0.3094904357381833,     0.1068377366602210
LogTemp: Warning: Time =   7.5318307690322399,         CurrentStates =  176.8940479290291137,   90.0055737442101957,    247.7111861926628933,    1.2400331777088367,     0.2769829787462252,     1.5231727737497738,    3714.9084709405574358,      952.2580190582795012,  -14460.5589483335879777,      2.0021511066046171,    -1.0307882039557883,     1.7413805136843203,    -0.0002555541571685,    -0.0026299528489324,    -0.3094904357381833,     0.1068377366602210,       Controls =  -0.0002555541571685,     -0.0026299528489324,    -0.3094904357381833,     0.1068377366602210
LogTemp: Warning: Time =   7.5513953976333141,         CurrentStates =  178.9607349538928531,   90.5644610924642564,    244.9844653005750104,    1.2401715320766153,     0.2701036843248016,     1.5260463698660458,    3719.6334362003990464,      955.2655035839460425,  -14457.7790824187668477,      2.0408386951178881,    -1.0602059565252389,     1.7249407474501273,    -0.0002555541571685,    -0.0026299528489324,    -0.3094904357381833,     0.1068377366602210,       Controls =  -0.0002555541571685,     -0.0026299528489324,    -0.3094904357381833,     0.1068377366602210
LogTemp: Warning: Time =   7.5711059384047985,         CurrentStates =  181.0863621676068931,   90.9629774881855724,    242.2607268152262918,    1.2399700813466983,     0.2647331628601036,     1.5288724134616702,    3724.2942374129765994,      958.2416791859972136,  -14455.0047135399363469,      2.0826100643777599,    -1.0890266585306905,     1.7050351935987593,    -0.0002555541571685,    -0.0026299528489324,    -0.3094904357381833,     0.1068377366602210,       Controls =  -0.0002555541571685,     -0.0026299528489324,    -0.3094904357381833,     0.1068377366602210
LogTemp: Warning: Time =   7.5906452946364880,         CurrentStates =  183.2911164439792344,   91.2037097169974516,    239.5073354797905267,    1.2394051804320774,     0.2608061020971495,     1.5316711042212272,    3728.9640092009262844,      961.2324863296798867,  -14452.1920722589420620,      2.1286828061198277,    -1.1176167319472812,     1.6808026751191432,    -0.0002555541571685,    -0.0026299528489324,    -0.3094904357381833,     0.1068377366602210,       Controls =  -0.0002555541571685,     -0.0026299528489324,    -0.3094904357381833,     0.1068377366602210
LogTemp: Warning: Time =   7.6105861477553844,         CurrentStates =  185.5265521140134126,   91.2800306813157079,    236.7786719760563301,    1.2384680573703963,     0.2583939153459355,     1.5343740797803933,    3733.5680738624550941,      964.1893047234192409,  -14449.3859677930759062,      2.1789850496738525,    -1.1454157956614872,     1.6519772427758077,    -0.0002555541571685,    -0.0026299528489324,    -0.3094904357381833,     0.1068377366602210,       Controls =  -0.0002555541571685,     -0.0026299528489324,    -0.3094904357381833,     0.1068377366602210
LogTemp: Warning: Time =   7.6303620152175426,         CurrentStates =  187.8457492698797182,   91.1888601640037280,    234.0054855666449214,    1.2371076871117477,     0.2574539893862007,     1.5370354866971643,    3738.2413698722939444,      967.1981033178850566,  -14446.5033643018741714,      2.2359157741582245,    -1.1730992497181418,     1.6167982686563342,    -0.0002555541571685,    -0.0026299528489324,    -0.3094904357381833,     0.1068377366602210,       Controls =  -0.0002555541571685,     -0.0026299528489324,    -0.3094904357381833,     0.1068377366602210
LogTemp: Warning: Time =   7.6504688076674938,         CurrentStates =  190.1701962571791569,   90.9281057740991514,    231.2777364600211456,    1.2353412296106125,     0.2580316273529973,     1.5395548015775531,    3742.8511269519003690,      970.1726661861122238,  -14443.6253855107806885,      2.2989652364499955,    -1.1997060086457851,     1.5751647963031115,    -0.0002555541571685,    -0.0026299528489324,    -0.3094904357381833,     0.1068377366602210,       Controls =  -0.0002555541571685,     -0.0026299528489324,    -0.3094904357381833,     0.1068377366602210
LogTemp: Warning: Time =   7.6698379330337048,         CurrentStates =  192.5449130911690645,   90.4881445840100866,    228.5387740325193988,    1.2331071862627614,     0.2601406952042763,     1.5419706674836811,    3747.5131856113080175,      973.1868971381729807,  -14440.6791572342499421,      2.3710291651450808,    -1.2256817392988595,     1.5247253861433792,    -0.0002555541571685,    -0.0026299528489324,    -0.3094904357381833,     0.1068377366602210,       Controls =  -0.0002555541571685,     -0.0026299528489324,    -0.3094904357381833,     0.1068377366602210
LogTemp: Warning: Time =   7.6897544674575329,         CurrentStates =  194.8306628107766869,   89.8974948085041206,    225.9440976080194616,    1.2305290617012723,     0.2635943835089886,     1.5441383128880137,    3751.9810346654408022,      976.0803285994725229,  -14437.8214845475922630,      2.4493797889332156,    -1.2494262296633576,     1.4670700980042271,    -0.0002555541571685,    -0.0026299528489324,    -0.3094904357381833,     0.1068377366602210,       Controls =  -0.0002555541571685,     -0.0026299528489324,    -0.3094904357381833,     0.1068377366602210
LogTemp: Warning: Time =   7.7096772007644176,         CurrentStates =  197.1662777345595430,   89.1201174128609068,    223.3322562467189982,    1.2274366899226474,     0.2685605055822471,     1.5461838157218237,    3756.5518870581558986,      979.0444090972436015,  -14434.8627771247120108,      2.5405954809398326,    -1.2722075596455218,     1.3970009312329357,    -0.0002555541571685,    -0.0026299528489324,    -0.3094904357381833,     0.1068377366602210,       Controls =  -0.0002555541571685,     -0.0026299528489324,    -0.3094904357381833,     0.1068377366602210
LogTemp: Warning: Time =   7.7291326336562634,         CurrentStates =  199.4751360288718445,   88.1714399939624798,    220.7878006660586152,    1.2238932228576000,     0.2749129220304897,     1.5480251809378642,    3761.1013591061087027,      981.9976506886276866,  -14431.8821303145177808,      2.6441892860310712,    -1.2929297408260334,     1.3144301234434099,    -0.0002555541571685,    -0.0026299528489324,    -0.3094904357381833,     0.1068377366602210,       Controls =  -0.0002555541571685,     -0.0026299528489324,    -0.3094904357381833,     0.1068377366602210
LogTemp: Warning: Time =   7.7491617016494274,         CurrentStates =  201.6913168819503142,   87.0821091732830723,    218.3797770013891864,    1.2199996486150719,     0.2823947994947194,     1.5496089848332131,    3765.5225006942609980,      984.8695426856336326,  -14428.9509741139645485,      2.7585108211615146,    -1.3106922901730163,     1.2205151765694759,    -0.0002555541571685,    -0.0026299528489324,    -0.3094904357381833,     0.1068377366602210,       Controls =  -0.0002555541571685,     -0.0026299528489324,    -0.3094904357381833,     0.1068377366602210
LogTemp: Warning: Time =   7.7688059620559216,         CurrentStates =  203.9212641715772918,   85.7954653903491788,    215.9907956865526728,    1.2155485593427373,     0.2913492060242476,     1.5510028421194262,    3770.0524956457970802,      987.8131422041823271,  -14425.9119642970345012,      2.8903616093680715,    -1.3258559184781533,     1.1095484404400391,    -0.0002555541571685,    -0.0026299528489324,    -0.3094904357381833,     0.1068377366602210,       Controls =  -0.0002555541571685,     -0.0026299528489324,    -0.3094904357381833,     0.1068377366602210
LogTemp: Warning: Time =   7.7887072376906872,         CurrentStates =  206.0462332597225270,   84.3744661865322314,    213.7468607053127982,    1.2107548070677330,     0.3012914901731558,     1.5521234018562509,    3774.4747844051594257,      990.6867228830163867,  -14422.9101296971421107,      3.0328953202495756,    -1.3370568145476649,     0.9873758087799903,    -0.0002555541571685,    -0.0026299528489324,    -0.3094904357381833,     0.1068377366602210,       Controls =  -0.0002555541571685,     -0.0026299528489324,    -0.3094904357381833,     0.1068377366602210
LogTemp: Warning: Time =   7.8081154637038708,         CurrentStates =  208.1253527746280270,   82.7786662211440216,    211.5836876020296415,    1.2054773925349573,     0.3124549941213955,     1.5529981909567845,    3778.9348589976666517,      993.5837825084731776,  -14419.8473789077233960,     -3.0951686427238925,    -1.3441365990100755,     0.8527600925633174,    -0.0002555541571685,    -0.0026299528489324,    -0.3094904357381833,     0.1068377366602210,       Controls =  -0.0002555541571685,     -0.0026299528489324,    -0.3094904357381833,     0.1068377366602210
LogTemp: Warning: Time =   7.8272661976516247,         CurrentStates =  210.0714275297536062,   81.0760020738906491,    209.5900799715267908,    1.1999372693912278,     0.3243179218566797,     1.5535897009193262,    3783.2654303685981176,      996.3946770174292169,  -14416.8395905353609123,     -2.9379508271064596,    -1.3465117006695975,     0.7154206654611375,    -0.0002555541571685,    -0.0026299528489324,    -0.3094904357381833,     0.1068377366602210,       Controls =  -0.0002555541571685,     -0.0026299528489324,    -0.3094904357381833,     0.1068377366602210
LogTemp: Warning: Time =   7.8463039211928844,         CurrentStates =  211.9036744077595529,   79.2595259441796429,    207.7432748565522616,    1.1941063771416069,     0.3368879720620670,     1.5539133102831018,    3787.5209510950840013,      999.1539140051405639,  -14413.8513242403569166,     -2.7825726323156035,    -1.3443262403357803,     0.5795418660345735,    -0.0002555541571685,    -0.0026299528489324,    -0.3094904357381833,     0.1068377366602210,       Controls =  -0.0002555541571685,     -0.0026299528489324,    -0.3094904357381833,     0.1068377366602210
LogTemp: Warning: Time =   7.8657979778945446,         CurrentStates =  213.6300188891846119,   77.3252320674914557,    206.0331942039542241,    1.1879702398324183,     0.3501553584759400,     1.5539740851212671,    3791.7346224949351381,      1001.8821889584274913,     -14410.8606688408235641,     -2.6332592013899845,    -1.3378143000342364,     0.4494982103695614,    -0.0002555541571685,    -0.0026299528489324,    -0.3094904357381833,     0.1068377366602210,       Controls =  -0.0002555541571685,     -0.0026299528489324,    -0.3094904357381833,     0.1068377366602210
LogTemp: Warning: Time =   7.8850812725722790,         CurrentStates =  215.2912763386812003,   75.2182334457698261,    204.4189936263834682,    1.1813582588048894,     0.3644552077667655,     1.5537634804866116,    3796.0326678826841089,      1004.6601885155631635,     -14407.7776935715228319,     -2.4901014466618534,    -1.3270210254047561,     0.3259527403610470,    -0.0002555541571685,    -0.0026299528489324,    -0.3094904357381833,     0.1068377366602210,       Controls =  -0.0002555541571685,     -0.0026299528489324,    -0.3094904357381833,     0.1068377366602210
LogTemp: Warning: Time =   7.9048094563186169,         CurrentStates =  216.8208541751668292,   73.0151988649018335,    202.9646318370016900,    1.1745150162959677,     0.3792295068887847,     1.5532820342942291,    3800.2683156923949355,      1007.3920381075849946,     -14404.7076348737900844,     -2.3608002714528946,    -1.3127412728313872,     0.2159317040687304,    -0.0002555541571685,    -0.0026299528489324,    -0.3094904357381833,     0.1068377366602210,       Controls =  -0.0002555541571685,     -0.0026299528489324,    -0.3094904357381833,     0.1068377366602210
LogTemp: Warning: Time =   7.9242462925612926,         CurrentStates =  218.2611426397914727,   70.6467552375214325,    201.6288367777124506,    1.1672300455031024,     0.3949077681591646,     1.5525085394076024,    3804.5859517668918670,      1010.1698206674425364,     -14401.5458991840223462,     -2.2420950766979573,    -1.2949991284185640,     0.1168266858444103,    -0.0002555541571685,    -0.0026299528489324,    -0.3094904357381833,     0.1068377366602210,       Controls =  -0.0002555541571685,     -0.0026299528489324,    -0.3094904357381833,     0.1068377366602210
LogTemp: Warning: Time =   7.9435214810073376,         CurrentStates =  219.5500291358275149,   68.2079383415236435,    200.4678755266615156,    1.1598010944767214,     0.4108302219210747,     1.5514703517723081,    3808.8250122093913888,      1012.8892556537753080,     -14398.4103671645225404,     -2.1381635351240167,    -1.2749628599671827,     0.0320819598508038,    -0.0002555541571685,    -0.0026299528489324,    -0.3094904357381833,     0.1068377366602210,       Controls =  -0.0002555541571685,     -0.0026299528489324,    -0.3094904357381833,     0.1068377366602210
LogTemp: Warning: Time =   7.9626130871474743,         CurrentStates =  220.6942916005612858,   65.6944500310889339,    199.4723821082903044,    1.1522179250293960,     0.4270082542422954,     1.5501734053466432,    3813.0148248274031175,      1015.5685740049735841,     -14395.2811443483842595,     -2.0467415823559341,    -1.2530550645482788,    -0.0404352720862106,    -0.0002555541571685,    -0.0026299528489324,    -0.3094904357381833,     0.1068377366602210,       Controls =  -0.0002555541571685,     -0.0026299528489324,    -0.3094904357381833,     0.1068377366602210
LogTemp: Warning: Time =   7.9824290089309216,         CurrentStates =  221.6905487507299881,   63.1200223680163930,    198.6421364327447350,    1.1445257764435026,     0.4433396005953687,     1.5486308017758097,    3817.1516052476595178,      1018.2047812327067504,     -14392.1625847785089718,     -1.9662532279754481,    -1.2297329185024879,    -0.1023193864457226,    -0.0002555541571685,    -0.0026299528489324,    -0.3094904357381833,     0.1068377366602210,       Controls =  -0.0002555541571685,     -0.0026299528489324,    -0.3094904357381833,     0.1068377366602210
LogTemp: Warning: Time =   8.0015854649245739,         CurrentStates =  222.5747775551067775,   60.3677109435958386,    197.9464615151677549,    1.1363848688154621,     0.4605385838178593,     1.5467641288460734,    3821.4321392720476069,      1020.9220645606059179,     -14388.9058862662186584,     -1.8918306383674721,    -1.2041410157377268,    -0.1575583361635566,    -0.0002555541571685,    -0.0026299528489324,    -0.3094904357381833,     0.1068377366602210,       Controls =  -0.0002555541571685,     -0.0026299528489324,    -0.3094904357381833,     0.1068377366602210
LogTemp: Warning: Time =   8.0208096317946911,         CurrentStates =  223.2796301825205489,   57.6384212711229793,    197.4359654728042983,    1.1283965233456477,     0.4773343917017913,     1.5447094151156455,    3825.5579836103488560,      1023.5301589600059060,     -14385.7387588538422278,     -1.8274050508375066,    -1.1783086745264026,    -0.2035604510328392,    -0.0002555541571685,    -0.0026299528489324,    -0.3094904357381833,     0.1068377366602210,       Controls =  -0.0002555541571685,     -0.0026299528489324,    -0.3094904357381833,     0.1068377366602210
LogTemp: Warning: Time =   8.0404839329421520,         CurrentStates =  223.8344483838747578,   54.8407615313310046,    197.0841629125007159,    1.1202963452262555,     0.4942894699305502,     1.5424079722194655,    3829.6870810046548286,      1026.1286910571050157,     -14382.5420721892514848,     -1.7690446223268252,    -1.1514990282122355,    -0.2435501821746545,    -0.0002555541571685,    -0.0026299528489324,    -0.3094904357381833,     0.1068377366602210,       Controls =  -0.0002555541571685,     -0.0026299528489324,    -0.3094904357381833,     0.1068377366602210
LogTemp: Warning: Time =   8.0601267628371716,         CurrentStates =  224.2399882230001253,   51.9264466153675954,    196.8901812025505933,    1.1119553848453647,     0.5116759244663823,     1.5398133956167002,    3833.9015321205347391,      1028.7681394214441752,     -14379.2520193418240524,     -1.7148484327600677,    -1.1233022187713377,    -0.2790660801796411,    -0.0002555541571685,    -0.0026299528489324,    -0.3094904357381833,     0.1068377366602210,       Controls =  -0.0002555541571685,     -0.0026299528489324,    -0.3094904357381833,     0.1068377366602210
LogTemp: Warning: Time =   8.0793785862624645,         CurrentStates =  224.4774928479307050,   48.9752049924089050,    196.8628157399860754,    1.1036124566446370,     0.5290005423360890,     1.5369916443767986,    3838.0982795309264475,      1031.3828592367192414,     -14375.9490734228111251,     -1.6654712114261163,    -1.0945124741675432,    -0.3099116583778746,    -0.0002555541571685,    -0.0026299528489324,    -0.3094904357381833,     0.1068377366602210,       Controls =  -0.0002555541571685,     -0.0026299528489324,    -0.3094904357381833,     0.1068377366602210
LogTemp: Warning: Time =   8.0982870869338512,         CurrentStates =  224.5449351965577591,   46.0519780338300109,    196.9952274032135904,    1.0954552867447347,     0.5458830742408796,     1.5340120592827191,    3842.2016099960505926,      1033.9254815077238163,     -14372.6945651361838827,     -1.6209783180749324,    -1.0657741166697474,    -0.3363518480671108,    -0.0002555541571685,    -0.0026299528489324,    -0.3094904357381833,     0.1068377366602210,       Controls =  -0.0002555541571685,     -0.0026299528489324,    -0.3094904357381833,     0.1068377366602210
LogTemp: Warning: Time =   8.1177382282912731,         CurrentStates =  224.4493914083993502,   43.1607226761197751,    197.2760856773120395,    1.0874960143296140,     0.5623087801148124,     1.5308900173975115,    3846.2225348152496736,      1036.4030487677503061,     -14369.4820399259278929,     -1.5805017470902500,    -1.0371219637531421,    -0.3591997188237724,    -0.0002555541571685,    -0.0026299528489324,    -0.3094904357381833,     0.1068377366602210,       Controls =  -0.0002555541571685,     -0.0026299528489324,    -0.3094904357381833,     0.1068377366602210
LogTemp: Warning: Time =   8.1376080326735973,         CurrentStates =  224.1817603818859084,   40.1753177884091173,    197.7175150863135400,    1.0793964260385545,     0.5789817385537395,     1.5274875019984706,    3850.3497130697692228,      1038.9310330731759677,     -14366.1612884121186653,     -1.5417363619063276,    -1.0072699215980006,    -0.3799303333694763,    -0.0002555541571685,    -0.0026299528489324,    -0.3094904357381833,     0.1068377366602210,       Controls =  -0.0002555541571685,     -0.0026299528489324,    -0.3094904357381833,     0.1068377366602210
LogTemp: Warning: Time =   8.1570544056594372,         CurrentStates =  223.7293503136430672,   37.1239231230129292,    198.3238311744883049,    1.0712494711203313,     0.5957134590487080,     1.5238240838333501,    3854.5568945966210777,      1041.4916787867605308,     -14362.7526299111104890,     -1.5047374696426850,    -0.9764322725376590,    -0.3986021655847392,    -0.0002555541571685,    -0.0026299528489324,    -0.3094904357381833,     0.1068377366602210,       Controls =  -0.0002555541571685,     -0.0026299528489324,    -0.3094904357381833,     0.1068377366602210
LogTemp: Warning: Time =   8.1774277500808239,         CurrentStates =  223.1103244643912547,   34.1461853289304855,    199.0642337118441105,    1.0634354822043057,     0.6117271020728700,     1.5200681549552524,    3858.6657523669846341,      1043.9759576146327618,     -14359.4015033990108350,     -1.4707428447762430,    -0.9459638835832193,    -0.4147475475583859,    -0.0002555541571685,    -0.0026299528489324,    -0.3094904357381833,     0.1068377366602210,       Controls =  -0.0002555541571685,     -0.0026299528489324,    -0.3094904357381833,     0.1068377366602210
LogTemp: Warning: Time =   8.1974348835647106,         CurrentStates =  222.2740599140084896,   31.0459548949979620,    199.9899338617526894,    1.0554532070321390,     0.6280507130838333,     1.5159656935122927,    3862.9622436383288004,      1046.5556203599267064,     -14355.8748436729820241,     -1.4371744776682456,    -0.9137737672596342,    -0.4296954517271019,    -0.0002555541571685,    -0.0026299528489324,    -0.3094904357381833,     0.1068377366602210,       Controls =  -0.0002555541571685,     -0.0026299528489324,    -0.3094904357381833,     0.1068377366602210
LogTemp: Warning: Time =   8.2194342426955700,         CurrentStates =  221.2659139050696808,   28.0315975723243263,    201.0415711108837797,    1.0478535934361699,     0.6435554775182687,     1.5117847325501730,    3867.1733790391563161,      1049.0655657897395940,     -14352.3968239194819034,     -1.4059992241499817,    -0.8819304978634536,    -0.4426535404812127,    -0.0002555541571685,    -0.0026299528489324,    -0.3094904357381833,     0.1068377366602210,       Controls =  -0.0002555541571685,     -0.0026299528489324,    -0.3094904357381833,     0.1068377366602210
LogTemp: Warning: Time =   8.2376332096755505,         CurrentStates =  219.9442723914324347,   24.7637476726253531,    202.3522687277169325,    1.0398112061375497,     0.6599161582978618,     1.5070303155239348,    3871.7952512624051451,      1051.7986802264520065,     -14348.5562517955695512,     -1.3735129129190118,    -0.8466842183401083,    -0.4551695456102276,    -0.0002555541571685,    -0.0026299528489324,    -0.3094904357381833,     0.1068377366602210,       Controls =  -0.0002555541571685,     -0.0026299528489324,    -0.3094904357381833,     0.1068377366602210
LogTemp: Warning: Time =   8.2575812153518200,         CurrentStates =  218.6834278590605436,   22.1066686189357711,    203.5514531396678422,    1.0334370755361797,     0.6728375549474662,     1.5029862291915870,    3875.6121587748975799,      1054.0383015115626222,     -14345.3670117895580916,     -1.3478951426619008,    -0.8173667416959429,    -0.4643010607283077,    -0.0002555541571685,    -0.0026299528489324,    -0.3094904357381833,     0.1068377366602210,       Controls =  -0.0002555541571685,     -0.0026299528489324,    -0.3094904357381833,     0.1068377366602210
LogTemp: Warning: Time =   8.2780222706496716,         CurrentStates =  217.1290650044722668,   19.2518027524327522,    204.9773343205327478,    1.0267710723156858,     0.6862912996101910,     1.4984520996335409,    3879.7893304863050616,      1056.4708137879686092,     -14341.8594279892840859,     -1.3209772755534792,    -0.7850876722187814,    -0.4731675454940367,    -0.0002555541571685,    -0.0026299528489324,    -0.3094904357381833,     0.1068377366602210,       Controls =  -0.0002555541571685,     -0.0026299528489324,    -0.3094904357381833,     0.1068377366602210
LogTemp: Warning: Time =   8.2983593754470348,         CurrentStates =  215.3519401954592354,   16.3984309909700521,    206.5504314845532292,    1.0203191067025892,     0.6992320302928082,     1.4937106227602639,    3884.0630782239195469,      1058.9392160017393962,     -14338.2529445948894136,     -1.2945209751492166,    -0.7518745575642181,    -0.4811270627578703,    -0.0002555541571685,    -0.0026299528489324,    -0.3094904357381833,     0.1068377366602210,       Controls =  -0.0002555541571685,     -0.0026299528489324,    -0.3094904357381833,     0.1068377366602210
LogTemp: Warning: Time =   8.3200945667922497,         CurrentStates =  213.4024031424654311,   13.6419856454239650,    208.2180684195302831,    1.0143121255197234,     0.7111770943570774,     1.4889135019226754,    3888.3083231011437420,      1061.3704801969736309,     -14334.6536539650423947,     -1.2692125425314955,    -0.7187170375727260,    -0.4880126000519754,    -0.0002555541571685,    -0.0026299528489324,    -0.3094904357381833,     0.1068377366602210,       Controls =  -0.0002555541571685,     -0.0026299528489324,    -0.3094904357381833,     0.1068377366602210
LogTemp: Warning: Time =   8.3419050984084606,         CurrentStates =  211.1234822890324381,   10.7973171737095477,    210.1020618501766819,    1.0083797909054055,     0.7228300984121077,     1.4837157194484074,    3892.8387867469882622,      1063.9420900014226845,     -14330.7951005521736079,     -1.2431581340820834,    -0.6831734384606534,    -0.4943247500370589,    -0.0002555541571685,    -0.0026299528489324,    -0.3094904357381833,     0.1068377366602210,       Controls =  -0.0002555541571685,     -0.0026299528489324,    -0.3094904357381833,     0.1068377366602210
LogTemp: Warning: Time =   8.3614716343581676,         CurrentStates =  208.6402176697339712,    8.0591615573785873,    212.0854141476236805,    1.0029680895787891,     0.7332734199001221,     1.4784454569425607,    3897.3779985060969011,      1066.4946376289010459,     -14326.9121804895039531,     -1.2179349272295388,    -0.6474220721163131,    -0.4996508041917405,    -0.0002555541571685,    -0.0026299528489324,    -0.3094904357381833,     0.1068377366602210,       Controls =  -0.0002555541571685,     -0.0026299528489324,    -0.3094904357381833,     0.1068377366602210
LogTemp: Warning: Time =   8.3834729008376598,         CurrentStates =  206.2511565144480983,    5.7107485738727046,    213.9329151528218063,    0.9986018502382848,     0.7415014586057346,     1.4736867328630243,    3901.4444781471411261,      1068.7608136392570941,     -14323.4202140711677202,     -1.1960071508527548,    -0.6152964968611657,    -0.5036242263950952,    -0.0002555541571685,    -0.0026299528489324,    -0.3094904357381833,     0.1068377366602210,       Controls =  -0.0002555541571685,     -0.0026299528489324,    -0.3094904357381833,     0.1068377366602210
LogTemp: Warning: Time =   8.4006142430007458,         CurrentStates =  203.3906109499318973,    3.2016545639624892,    216.0747741867581055,    0.9942734812789917,     0.7493844240729093,     1.4683189025599528,    3906.0107431334890862,      1071.2823190212250211,     -14319.4849980778817553,     -1.1720543173110032,    -0.5791364245363714,    -0.5072326193551547,    -0.0002555541571685,    -0.0026299528489324,    -0.3094904357381833,     0.1068377366602210,       Controls =  -0.0002555541571685,     -0.0026299528489324,    -0.3094904357381833,     0.1068377366602210
LogTemp: Warning: Time =   8.4221739582717419,         CurrentStates =  201.0401961578339467,    1.3494350484284321,    217.7821963293578165,    0.9913461447244911,     0.7544716337787680,     1.4641362644324363,    3909.5639364602802743,      1073.2274379909961226,     -14316.4132460755172360,     -1.1538536973296094,    -0.5509521291346782,    -0.5094401890510886,    -0.0002555541571685,    -0.0026299528489324,    -0.3094904357381833,     0.1068377366602210,       Controls =  -0.0002555541571685,     -0.0026299528489324,    -0.3094904357381833,     0.1068377366602210
LogTemp: Warning: Time =   8.4410404972732067,         CurrentStates =  197.9411512568652256,   -0.8451349591224031,    219.9667429735318933,    0.9882396706302445,     0.7595013896054235,     1.4588900219114147,    3914.0276613148607794,      1075.6500341802557159,     -14312.5432924934575567,     -1.1314693788933521,    -0.5155089902793858,    -0.5114928166860173,    -0.0002555541571685,    -0.0026299528489324,    -0.3094904357381833,     0.1068377366602210,       Controls =  -0.0002555541571685,     -0.0026299528489324,    -0.3094904357381833,     0.1068377366602210
LogTemp: Warning: Time =   8.4618134312331676,         CurrentStates =  195.1070812949504898,   -2.6358913808922715,    221.9025288256084707,    0.9860649309830941,     0.7626090346607223,     1.4543257129255627,    3917.9286990551054259,      1077.7482278389766179,     -14309.1518323006985156,     -1.1122929426150461,    -0.4845196984677420,    -0.5126448137470609,    -0.0002555541571685,    -0.0026299528489324,    -0.3094904357381833,     0.1068377366602210,       Controls =  -0.0002555541571685,     -0.0026299528489324,    -0.3094904357381833,     0.1068377366602210
LogTemp: Warning: Time =   8.4821371845901012,         CurrentStates =  191.8645694417041625,   -4.4612933371100079,    224.0493250529320335,    0.9842752810606665,     0.7645952456206161,     1.4493430539312024,    3922.2188976817460571,      1080.0354339884665933,     -14305.4127807381555613,     -1.0915621831797571,    -0.4504465283985198,    -0.5132325531325916,    -0.0002555541571685,    -0.0026299528489324,    -0.3094904357381833,     0.1068377366602210,       Controls =  -0.0002555541571685,     -0.0026299528489324,    -0.3094904357381833,     0.1068377366602210
LogTemp: Warning: Time =   8.5023302845656872,         CurrentStates =  188.5793221469432979,   -6.0927287631272806,    226.1546181479429833,    0.9831537261660538,     0.7650547674211309,     1.4445261710058424,    3926.4109575934121494,      1082.2500096381247658,     -14301.7506398117257049,     -1.0716134188057111,    -0.4171837239109208,    -0.5131267382152749,    -0.0002555541571685,    -0.0026299528489324,    -0.3094904357381833,     0.1068377366602210,       Controls =  -0.0002555541571685,     -0.0026299528489324,    -0.3094904357381833,     0.1068377366602210
LogTemp: Warning: Time =   8.5231060795485973,         CurrentStates =  185.2158834706244193,   -7.5569541902597734,    228.2410165004589260,    0.9826692089040413,     0.7640424287167091,     1.4398107066653261,    3930.5710150465938568,      1084.4281104249462260,     -14298.1087467559573270,     -1.0520635317137221,    -0.3842291658692831,    -0.5123600613187090,    -0.0002555541571685,    -0.0026299528489324,    -0.3094904357381833,     0.1068377366602210,       Controls =  -0.0002555541571685,     -0.0026299528489324,    -0.3094904357381833,     0.1068377366602210
LogTemp: Warning: Time =   8.5430054478347301,         CurrentStates =  181.6647214755768402,   -8.8951614399327426,    230.3716068512871686,    0.9828371071888662,     0.7614701580229877,     1.4350466742206003,    3934.8455837024043831,      1086.6461954074943606,     -14294.3593033834695234,     -1.0321756846764656,    -0.3504497274725010,    -0.5108847395228933,    -0.0002555541571685,    -0.0026299528489324,    -0.3094904357381833,     0.1068377366602210,       Controls =  -0.0002555541571685,     -0.0026299528489324,    -0.3094904357381833,     0.1068377366602210
LogTemp: Warning: Time =   8.5631966404616833,         CurrentStates =  178.1891747030901456,  -10.0126395419323675,    232.3878936478034518,    0.9836394194104453,     0.7575610606965576,     1.4305792111083686,    3938.9347587534389277,      1088.7494899923258345,     -14290.7661655950669228,     -1.0132878972864090,    -0.3182385455668127,    -0.5088170806180562,    -0.0002555541571685,    -0.0026299528489324,    -0.3094904357381833,     0.1068377366602210,       Controls =  -0.0002555541571685,     -0.0026299528489324,    -0.3094904357381833,     0.1068377366602210
LogTemp: Warning: Time =   8.5833792500197887,         CurrentStates =  174.6009947784473866,  -10.9784047848841926,    234.4005201748765046,    0.9851000331812867,     0.7521721943077022,     1.4261538743784643,    3943.0788391415694605,      1090.8628697992839989,     -14287.1190544455312192,     -0.9942312045279612,    -0.2857237288376914,    -0.5060599206683102,    -0.0002555541571685,    -0.0026299528489324,    -0.3094904357381833,     0.1068377366602210,       Controls =  -0.0002555541571685,     -0.0026299528489324,    -0.3094904357381833,     0.1068377366602210
LogTemp: Warning: Time =   8.6039986424148083,         CurrentStates =  170.9653050036624506,  -11.7712045560297582,    236.3704432256180894,    0.9872126995182802,     0.7453894298533404,     1.4218505067337743,    3947.2157503303178601,      1092.9547810465612656,     -14283.4730234807357192,     -0.9752399351079885,    -0.2534210634174592,    -0.5026336425637481,    -0.0002555541571685,    -0.0026299528489324,    -0.3094904357381833,     0.1068377366602210,       Controls =  -0.0002555541571685,     -0.0026299528489324,    -0.3094904357381833,     0.1068377366602210
LogTemp: Warning: Time =   8.6240925602614880,         CurrentStates =  167.2137197187107631,  -12.4001604685927536,    238.3318184643264033,    0.9900438645303539,     0.7370669640032457,     1.4175891273454309,    3951.4367217529934351,      1095.0713167345832062,     -14279.7480206658765383,     -0.9558407971548254,    -0.2206509445350340,    -0.4984315757970349,    -0.0002555541571685,    -0.0026299528489324,    -0.3094904357381833,     0.1068377366602210,       Controls =  -0.0002555541571685,     -0.0026299528489324,    -0.3094904357381833,     0.1068377366602210
LogTemp: Warning: Time =   8.6447052769362926,         CurrentStates =  163.5349757032030311,  -12.8347893097643198,    240.1861229488108620,    0.9934526528754714,     0.7276604840455146,     1.4135782646031880,    3955.5445447510123813,      1097.1142408347568562,     -14276.1185724083788955,     -0.9368860602133694,    -0.1889706606834216,    -0.4936434547797364,    -0.0002555541571685,    -0.0026299528489324,    -0.3094904357381833,     0.1068377366602210,       Controls =  -0.0002555541571685,     -0.0026299528489324,    -0.3094904357381833,     0.1068377366602210
LogTemp: Warning: Time =   8.6646246723830700,         CurrentStates =  159.7513062789662399,  -13.0959954305117527,    242.0230400651799414,    0.9976084296333690,     0.7167504518722105,     1.4096191146356627,    3959.7529137198375793,      1099.1904052231566311,     -14272.3962991493153822,     -0.9173333434298744,    -0.1567609087955478,    -0.4880072605685840,    -0.0002555541571685,    -0.0026299528489324,    -0.3094904357381833,     0.1068377366602210,       Controls =  -0.0002555541571685,     -0.0026299528489324,    -0.3094904357381833,     0.1068377366602210
LogTemp: Warning: Time =   8.6846899800002575,         CurrentStates =  156.0985263197722475,  -13.1695245724691841,    243.7293111376158947,    1.0022477505774163,     0.7050687004445693,     1.4059517059044455,    3963.8140036504864838,      1101.1783092559392117,     -14268.8008145888597937,     -0.8982818349422573,    -0.1259432637553394,    -0.4818500330750137,    -0.0002555541571685,    -0.0026299528489324,    -0.3094904357381833,     0.1068377366602210,       Controls =  -0.0002555541571685,     -0.0026299528489324,    -0.3094904357381833,     0.1068377366602210
LogTemp: Warning: Time =   8.7045206837356091,         CurrentStates =  152.4352119539450712,  -13.0651519295908844,    245.3743559501333209,    1.0075270497923714,     0.6922489411907378,     1.4024231597466055,    3967.8990434539009584,      1103.1629655631113565,     -14265.1809864700171602,     -0.8788819881980356,    -0.0952355644485810,    -0.4749265263988604,    -0.0002555541571685,    -0.0026299528489324,    -0.3094904357381833,     0.1068377366602210,       Controls =  -0.0002555541571685,     -0.0026299528489324,    -0.3094904357381833,     0.1068377366602210
LogTemp: Warning: Time =   8.7242235951125622,         CurrentStates =  148.8425249551188472,  -12.7858390721972590,    246.9229454320695254,    1.0133267451334182,     0.6786216198240150,     1.3991064165063152,    3971.9307487802257128,      1105.1074661781217401,     -14261.6055954029598070,     -0.8594498371560142,    -0.0652446566455865,    -0.4673566220127660,    -0.0002555541571685,    -0.0026299528489324,    -0.3094904357381833,     0.1068377366602210,       Controls =  -0.0002555541571685,     -0.0026299528489324,    -0.3094904357381833,     0.1068377366602210
LogTemp: Warning: Time =   8.7440390400588512,         CurrentStates =  145.3119547570615850,  -12.3351636627956864,    248.3814380103214319,    1.0196439665195585,     0.6642222952768631,     1.3959856999845626,    3975.9307476690419207,      1107.0231606269703661,     -14258.0557766557594732,     -0.8398373346586845,    -0.0358287738943438,    -0.4591032703649384,    -0.0002555541571685,    -0.0026299528489324,    -0.3094904357381833,     0.1068377366602210,       Controls =  -0.0002555541571685,     -0.0026299528489324,    -0.3094904357381833,     0.1068377366602210
LogTemp: Warning: Time =   8.7640719227492809,         CurrentStates =  141.8117111590493096,  -11.7085952004420939,    249.7640647230144850,    1.0265342348365720,     0.6489612683921164,     1.3930289877396729,    3979.9475021086936977,      1108.9338024262924591,     -14254.4887332801226876,     -0.8197557202914489,    -0.0066593578666507,    -0.4500500605159594,    -0.0002555541571685,    -0.0026299528489324,    -0.3094904357381833,     0.1068377366602210,       Controls =  -0.0002555541571685,     -0.0026299528489324,    -0.3094904357381833,     0.1068377366602210
LogTemp: Warning: Time =   8.7838148884475231,         CurrentStates =  138.3353127078354987,  -10.8996519595820303,    251.0728838348283602,    1.0340245416272655,     0.6328239390087900,     1.3902307142569970,    3984.0022042946284273,      1110.8496783758905622,     -14250.8857699512518593,     -0.7990368693347464,     0.0223787854141796,    -0.4401116719535323,    -0.0002555541571685,    -0.0026299528489324,    -0.3094904357381833,     0.1068377366602210,       Controls =  -0.0002555541571685,     -0.0026299528489324,    -0.3094904357381833,     0.1068377366602210
LogTemp: Warning: Time =   8.8034786991775036,         CurrentStates =  134.9808511664589048,   -9.9314125151368948,    252.2724254578633918,    1.0418972731847573,     0.6163076397935721,     1.3876658413801433,    3987.9920203963692984,      1112.7227870490037276,     -14247.3384295922387537,     -0.7781574503994636,     0.0505218366616323,    -0.4295259227874910,    -0.0002555541571685,    -0.0026299528489324,    -0.3094904357381833,     0.1068377366602210,       Controls =  -0.0002555541571685,     -0.0026299528489324,    -0.3094904357381833,     0.1068377366602210
LogTemp: Warning: Time =   8.8231396488845348,         CurrentStates =  131.7200987879067497,   -8.8003106553281505,    253.3756534324773213,    1.0501966546563049,     0.5993344509076118,     1.3853060425354773,    3991.9597400736788586,      1114.5740575624449775,     -14243.8088524388622318,     -0.7568574984470259,     0.0780538896680854,    -0.4181832232192172,    -0.0002555541571685,    -0.0026299528489324,    -0.3094904357381833,     0.1068377366602210,       Controls =  -0.0002555541571685,     -0.0026299528489324,    -0.3094904357381833,     0.1068377366602210
LogTemp: Warning: Time =   8.8430609516799450,         CurrentStates =  128.5491684568022777,   -7.5054757895079742,    254.3852773744708315,    1.0589239054393074,     0.5819216848718914,     1.3831450835521970,    3995.9205147668430982,      1116.4111190235942104,     -14240.2836770162848552,     -0.7350104864127320,     0.1050526897440788,    -0.4060267736432905,    -0.0002555541571685,    -0.0026299528489324,    -0.3094904357381833,     0.1068377366602210,       Controls =  -0.0002555541571685,     -0.0026299528489324,    -0.3094904357381833,     0.1068377366602210
LogTemp: Warning: Time =   8.8626608662307262,         CurrentStates =  125.4362133333450799,   -6.0292635342034409,    255.3110766447300648,    1.0681743958720462,     0.5639061005913487,     1.3811616399499433,    3999.9270991738771954,      1118.2587119419540613,     -14236.7160032702031458,     -0.7122653699267173,     0.1318365473386571,    -0.3928593070229865,    -0.0002555541571685,    -0.0026299528489324,    -0.3094904357381833,     0.1068377366602210,       Controls =  -0.0002555541571685,     -0.0026299528489324,    -0.3094904357381833,     0.1068377366602210
LogTemp: Warning: Time =   8.8825049214065075,         CurrentStates =  122.4797880085668709,   -4.4187813576969663,    256.1248253857747272,    1.0776457157869346,     0.5458893946220861,     1.3794158497430156,    4003.8624530837792008,      1120.0633817248958621,     -14233.2101268692331359,     -0.6892432987257763,     0.1575934950582105,    -0.3790512570464581,    -0.0002555541571685,    -0.0026299528489324,    -0.3094904357381833,     0.1068377366602210,       Controls =  -0.0002555541571685,     -0.0026299528489324,    -0.3094904357381833,     0.1068377366602210
LogTemp: Warning: Time =   8.9024929814040661,         CurrentStates =  119.6017641873114883,   -2.6322542443126360,    256.8490595941804031,    1.0875767436341799,     0.5274258106835301,     1.3778589715960678,    4007.8399442046825243,      1121.8776383064137008,     -14229.6651164803352003,     -0.6652399519427434,     0.1830354596224369,    -0.3641922122827027,    -0.0002555541571685,    -0.0026299528489324,    -0.3094904357381833,     0.1068377366602210,       Controls =  -0.0002555541571685,     -0.0026299528489324,    -0.3094904357381833,     0.1068377366602210
LogTemp: Warning: Time =   8.9225973896682262,         CurrentStates =  116.8272275568801604,   -0.6781756974589734,    257.4758377920979910,    1.0978946361982869,     0.5086705818087779,     1.3765074178995531,    4011.8394151943557517,      1123.6924567473361094,     -14226.0989323577086907,     -0.6403113639477964,     0.2079810860366280,    -0.3483135800238780,    -0.0002555541571685,    -0.0026299528489324,    -0.3094904357381833,     0.1068377366602210,       Controls =  -0.0002555541571685,     -0.0026299528489324,    -0.3094904357381833,     0.1068377366602210
LogTemp: Warning: Time =   8.9418978504836559,         CurrentStates =  114.1694362327003347,    1.4390944703907438,    258.0009499020188173,    1.1085564255560205,     0.4897142580180672,     1.3753693914231235,    4015.8550364396969599,      1125.5054578828958256,     -14222.5167720634326542,     -0.6144359644927239,     0.2323446846980453,    -0.3314038094846041,    -0.0002555541571685,    -0.0026299528489324,    -0.3094904357381833,     0.1068377366602210,       Controls =  -0.0002555541571685,     -0.0026299528489324,    -0.3094904357381833,     0.1068377366602210
LogTemp: Warning: Time =   8.9612955860793591,         CurrentStates =  111.7493883928370053,    3.6101353936651810,    258.4045195365881682,    1.1190263625603907,     0.4714894868168060,     1.3744873220104639,    4019.7031197767196318,      1127.2345830504468722,     -14219.0825952239902108,     -0.5888035848396180,     0.2550110430728218,    -0.3142720059778589,    -0.0002555541571685,    -0.0026299528489324,    -0.3094904357381833,     0.1068377366602210,       Controls =  -0.0002555541571685,     -0.0026299528489324,    -0.3094904357381833,     0.1068377366602210
LogTemp: Warning: Time =   8.9807772450149059,         CurrentStates =  109.4522103673607916,    5.9238116010356840,    258.7098111042722053,    1.1297481888359979,     0.4532013154791557,     1.3738095826896064,    4023.5637100452163395,      1128.9615735780917021,     -14215.6358152463617444,     -0.5622279946146070,     0.2770424083766869,    -0.2961562875624289,    -0.0002555541571685,    -0.0026299528489324,    -0.3094904357381833,     0.1068377366602210,       Controls =  -0.0002555541571685,     -0.0026299528489324,    -0.3094904357381833,     0.1068377366602210
LogTemp: Warning: Time =   9.0000605396926403,         CurrentStates =  107.2863053422555595,    8.3750065337631536,    258.9141500636507658,    1.1406844335724196,     0.4349147450341778,     1.3733402546564417,    4027.4338821825708692,      1130.6853864946062913,     -14212.1790297381376149,     -0.5346881733621720,     0.2983757371026407,    -0.2770487867849256,    -0.0002555541571685,    -0.0026299528489324,    -0.3094904357381833,     0.1068377366602210,       Controls =  -0.0002555541571685,     -0.0026299528489324,    -0.3094904357381833,     0.1068377366602210
LogTemp: Warning: Time =   9.0198311619460583,         CurrentStates =  105.2860279464171782,   10.9216879420173640,    259.0144630686735923,    1.1516436762018136,     0.4169406029185242,     1.3730845155657792,    4031.2578174737805057,      1132.3815821537584725,     -14208.7621103631481674,     -0.5065645100389314,     0.3186732012234660,    -0.2572278979814641,    -0.0002555541571685,    -0.0026299528489324,    -0.3094904357381833,     0.1068377366602210,       Controls =  -0.0002555541571685,     -0.0026299528489324,    -0.3094904357381833,     0.1068377366602210
LogTemp: Warning: Time =   9.0392947010695934,         CurrentStates =  103.3877844623373079,   13.6507301178563747,    259.0109470910583696,    1.1629839614903534,     0.3986912630276567,     1.3730378530420357,    4035.1708429606173922,      1134.1103876698616659,     -14205.2641018230551708,     -0.4768201241312835,     0.3385964940967443,    -0.2359687823909428,    -0.0002555541571685,    -0.0026299528489324,    -0.3094904357381833,     0.1068377366602210,       Controls =  -0.0002555541571685,     -0.0026299528489324,    -0.3094904357381833,     0.1068377366602210
LogTemp: Warning: Time =   9.0586008839309216,         CurrentStates =  101.6733251895861656,   16.4479550076177325,    258.9012557425968453,    1.1742191074391743,     0.3809440503447719,     1.3732044593102013,    4039.0159189284859167,      1135.8026701058631716,     -14201.8253670552930998,     -0.4466201167061549,     0.3572954077037782,    -0.2141134383588239,    -0.0002555541571685,    -0.0026299528489324,    -0.3094904357381833,     0.1068377366602210,       Controls =  -0.0002555541571685,     -0.0026299528489324,    -0.3094904357381833,     0.1068377366602210
LogTemp: Warning: Time =   9.0785260014235973,         CurrentStates =  100.1270985868061416,   19.3243038730483008,    258.6873100268225016,    1.1854005601404995,     0.3635949775983571,     1.3735769968134539,    4042.8227070784355419,      1137.4720405675655002,     -14198.4194308360183641,     -0.4157566896797960,     0.3749067890127968,    -0.1915344087349327,    -0.0002555541571685,    -0.0026299528489324,    -0.3094904357381833,     0.1068377366602210,       Controls =  -0.0002555541571685,     -0.0026299528489324,    -0.3094904357381833,     0.1068377366602210
LogTemp: Warning: Time =   9.0981831364333630,         CurrentStates =  98.6953441738284454,    22.3918074309708928,    258.3556601822141943,    1.1969454635250656,     0.3459953843219921,     1.3741763140560732,    4046.7438086519355238,      1139.1855280273059634,     -14194.9097097283138282,     -0.3829544039412950,     0.3920633379523029,    -0.1673050729897807,    -0.0002555541571685,    -0.0026299528489324,    -0.3094904357381833,     0.1068377366602210,       Controls =  -0.0002555541571685,     -0.0026299528489324,    -0.3094904357381833,     0.1068377366602210
LogTemp: Warning: Time =   9.1174559406936169,         CurrentStates =  97.4483394164357009,    25.5093302356146836,    257.9170662671892842,    1.2083081132719100,     0.3289717654411894,     1.3749793487564126,    4050.6047797516243918,      1140.8670608589402491,     -14191.4523100851583877,     -0.3496495523347443,     0.4079352832381823,    -0.1424962089133017,    -0.0002555541571685,    -0.0026299528489324,    -0.3094904357381833,     0.1068377366602210,       Controls =  -0.0002555541571685,     -0.0026299528489324,    -0.3094904357381833,     0.1068377366602210
LogTemp: Warning: Time =   9.1364998631179333,         CurrentStates =  96.3872299844025093,    28.6462124091446064,    257.3786679477709640,    1.2193904062791545,     0.3126424152285180,     1.3759682896567245,    4054.3828265485808515,      1142.5072898975881799,     -14188.0677251207416703,     -0.3160994065425907,     0.4224409227099320,    -0.1173255380595964,    -0.0002555541571685,    -0.0026299528489324,    -0.3094904357381833,     0.1068377366602210,       Controls =  -0.0002555541571685,     -0.0026299528489324,    -0.3094904357381833,     0.1068377366602210
LogTemp: Warning: Time =   9.1557650379836559,         CurrentStates =  95.4971442830236299,    31.8166081687631852,    256.7403409651500965,    1.2302551389993348,     0.2968878124011437,     1.3771386210141798,    4058.1088590395629581,      1144.1201582588753354,     -14184.7283444056720327,     -0.2820929959968005,     0.4357116375606819,    -0.0916593277751141,    -0.0002555541571685,    -0.0026299528489324,    -0.3094904357381833,     0.1068377366602210,       Controls =  -0.0002555541571685,     -0.0026299528489324,    -0.3094904357381833,     0.1068377366602210
LogTemp: Warning: Time =   9.1744932942092419,         CurrentStates =  94.7579836941790319,    35.0875647313945009,    255.9862348822278477,    1.2411293141878694,     0.2813642349059538,     1.3785143268392408,    4061.8707758816908608,      1145.7439887991511114,     -14181.3554087018001155,     -0.2468542992605172,     0.4480262327127254,    -0.0649292204592546,    -0.0002555541571685,    -0.0026299528489324,    -0.3094904357381833,     0.1068377366602210,       Controls =  -0.0002555541571685,     -0.0026299528489324,    -0.3094904357381833,     0.1068377366602210
LogTemp: Warning: Time =   9.1933865360915661,         CurrentStates =  94.1954559799902000,    38.3214839988743563,    255.1478506547183542,    1.2515610367146954,     0.2666967944420452,     1.3800328424417554,    4065.5210030538869432,      1147.3154466564951690,     -14178.0812889004409953,     -0.2118196037114870,     0.4588963154354967,    -0.0382452109457702,    -0.0002555541571685,    -0.0026299528489324,    -0.3094904357381833,     0.1068377366602210,       Controls =  -0.0002555541571685,     -0.0026299528489324,    -0.3094904357381833,     0.1068377366602210
LogTemp: Warning: Time =   9.2115559391677380,         CurrentStates =  93.7841402185482309,    41.6300731642254789,    254.1962481626694057,    1.2619178132487368,     0.2523480051859559,     1.3817412740732906,    4069.1963969651246771,      1148.8938218188552582,     -14174.7832968987859203,     -0.1757394407046738,     0.4687317864424623,    -0.0106768968879888,    -0.0002555541571685,    -0.0026299528489324,    -0.3094904357381833,     0.1068377366602210,       Controls =  -0.0002555541571685,     -0.0026299528489324,    -0.3094904357381833,     0.1068377366602210
LogTemp: Warning: Time =   9.2298807911574841,         CurrentStates =  93.5364806301260074,    44.8481947055609140,    253.1803233501110526,    1.2716946278351045,     0.2389950464286063,     1.3835469046335098,    4072.7242764590100705,      1150.4053572343455016,     -14171.6164708314663585,     -0.1403872301586097,     0.4770939267836120,     0.0163993290298462,    -0.0002555541571685,    -0.0026299528489324,    -0.3094904357381833,     0.1068377366602210,       Controls =  -0.0002555541571685,     -0.0026299528489324,    -0.3094904357381833,     0.1068377366602210
LogTemp: Warning: Time =   9.2482142262160778,         CurrentStates =  93.4332080381523582,    48.1227064548402694,    252.0551117185040937,    1.2813497766523974,     0.2259901758244200,     1.3855246715458673,    4076.2759696996886305,      1151.9238447675900261,     -14168.4271095491712913,     -0.1041283554669157,     0.4844167537458614,     0.0442144765681241,    -0.0002555541571685,    -0.0026299528489324,    -0.3094904357381833,     0.1068377366602210,       Controls =  -0.0002555541571685,     -0.0026299528489324,    -0.3094904357381833,     0.1068377366602210
LogTemp: Warning: Time =   9.2662939839065075,         CurrentStates =  93.4764827598381771,    51.4197970834500069,    250.8281205923701975,    1.2907782113680275,     0.2134650247787430,     1.3876551088586362,    4079.8224928108911627,      1153.4370689560525989,     -14165.2412665288757125,     -0.0673037900989043,     0.4906061808125232,     0.0724890453731002,    -0.0002555541571685,    -0.0026299528489324,    -0.3094904357381833,     0.1068377366602210,       Controls =  -0.0002555541571685,     -0.0026299528489324,    -0.3094904357381833,     0.1068377366602210
LogTemp: Warning: Time =   9.2844757847487926,         CurrentStates =  93.6618472499083481,    54.6847695047559199,    249.5186222588193061,    1.2998279476927690,     0.2016061786280421,     1.3898991083745429,    4083.3136874277333845,      1154.9239046086977396,     -14162.1040680536425498,     -0.0305047094001101,     0.4955810688878849,     0.1007500049846059,    -0.0002555541571685,    -0.0026299528489324,    -0.3094904357381833,     0.1068377366602210,       Controls =  -0.0002555541571685,     -0.0026299528489324,    -0.3094904357381833,     0.1068377366602210
LogTemp: Warning: Time =   9.3027615360915661,         CurrentStates =  93.9899694455724415,    57.9739512070528136,    248.1021465821200991,    1.3086572423925440,     0.1901928659998291,     1.3922925819568650,    4086.8181944581024254,      1156.4138353161138184,     -14158.9538980513571005,      0.0069231409896782,     0.4994404981520091,     0.1294807508573695,    -0.0002555541571685,    -0.0026299528489324,    -0.3094904357381833,     0.1068377366602210,       Controls =  -0.0002555541571685,     -0.0026299528489324,    -0.3094904357381833,     0.1068377366602210
LogTemp: Warning: Time =   9.3203081898391247,         CurrentStates =  94.4618470538352710,    61.2801607382405109,    246.5769436074257612,    1.3172403320824040,     0.1792502858422316,     1.3948312826119404,    4090.3364616154904070,      1157.9072275078785879,     -14155.7903939080279088,      0.0449260969150525,     0.5021562742603524,     0.1586204163652016,    -0.0002555541571685,    -0.0026299528489324,    -0.3094904357381833,     0.1068377366602210,       Controls =  -0.0002555541571685,     -0.0026299528489324,    -0.3094904357381833,     0.1068377366602210
LogTemp: Warning: Time =   9.3381409458816051,         CurrentStates =  95.0467485313886300,    64.4434316014778261,    245.0189810522699077,    1.3251753045739347,     0.1692731831602362,     1.3973841839633072,    4093.7063198561586432,      1159.3355772412783153,     -14152.7594797166075296,      0.0816653066454733,     0.5036578677798503,     0.1867424155469629,    -0.0002555541571685,    -0.0026299528489324,    -0.3094904357381833,     0.1068377366602210,       Controls =  -0.0002555541571685,     -0.0026299528489324,    -0.3094904357381833,     0.1068377366602210
LogTemp: Warning: Time =   9.3566355518996716,         CurrentStates =  95.7718949281601510,    67.6418023937872448,    243.3413057302763889,    1.3329176143584005,     0.1596744925936371,     1.4000886319798593,    4097.1251694582624623,      1160.7828458984099598,     -14149.6837041747312469,      0.1192129685677597,     0.5040744776372879,     0.2154166306197720,    -0.0002555541571685,    -0.0026299528489324,    -0.3094904357381833,     0.1068377366602210,       Controls =  -0.0002555541571685,     -0.0026299528489324,    -0.3094904357381833,     0.1068377366602210
LogTemp: Warning: Time =   9.3747143559157848,         CurrentStates =  96.6608533442969104,    70.9333448010240062,    241.5017625129685257,    1.3405826123193478,     0.1503141464486017,     1.4030019120051205,    4100.6645243495295290,      1162.2793887161994917,     -14146.4987336294725537,      0.1583043224270609,     0.5033275502399468,     0.2451800271038610,    -0.0002555541571685,    -0.0026299528489324,    -0.3094904357381833,     0.1068377366602210,       Controls =  -0.0002555541571685,     -0.0026299528489324,    -0.3094904357381833,     0.1068377366602210
LogTemp: Warning: Time =   9.3925099186599255,         CurrentStates =  97.6620863871557816,    74.1180669861181372,    239.6064675664840991,    1.3476956739523944,     0.1417672363181960,     1.4059475722855652,    4104.1182735587717616,      1163.7382577886726267,     -14143.3900970446302381,      0.1965952730431581,     0.5014434679866342,     0.2742274662436406,    -0.0002555541571685,    -0.0026299528489324,    -0.3094904357381833,     0.1068377366602210,       Controls =  -0.0002555541571685,     -0.0026299528489324,    -0.3094904357381833,     0.1068377366602210
LogTemp: Warning: Time =   9.4113802723586559,         CurrentStates =  98.7725882463045650,    77.2134141061136887,    237.6484548719995189,    1.3543101410721470,     0.1339550968577690,     1.4089321498007996,    4107.5119257249834845,      1165.1705485203717672,     -14140.3349451530320948,      0.2342915876046841,     0.4984848544679130,     0.3027038125838715,    -0.0002555541571685,    -0.0026299528489324,    -0.3094904357381833,     0.1068377366602210,       Controls =  -0.0002555541571685,     -0.0026299528489324,    -0.3094904357381833,     0.1068377366602210
LogTemp: Warning: Time =   9.4292101673781872,         CurrentStates =  100.0823212647265592,   80.4445566422530476,    235.4737526295946282,    1.3608825329034100,     0.1263429339565753,     1.4121783523178162,    4111.1039943882360603,      1166.6855517065655476,     -14137.1005861388130143,      0.2741966081110074,     0.4941662864214333,     0.3327006112557399,    -0.0002555541571685,    -0.0026299528489324,    -0.3094904357381833,     0.1068377366602210,       Controls =  -0.0002555541571685,     -0.0026299528489324,    -0.3094904357381833,     0.1068377366602210
LogTemp: Warning: Time =   9.4485573582351208,         CurrentStates =  101.4417008992540872,   83.4418024728949064,    233.3274533933428359,    1.3666553728682527,     0.1198048898259041,     1.4153122269326730,    4114.4922793167988857,      1168.1138914972566454,     -14134.0492389484061277,      0.3117760426029204,     0.4889859993969951,     0.3607930967459817,    -0.0002555541571685,    -0.0026299528489324,    -0.3094904357381833,     0.1068377366602210,       Controls =  -0.0002555541571685,     -0.0026299528489324,    -0.3094904357381833,     0.1068377366602210
LogTemp: Warning: Time =   9.4663395695388317,         CurrentStates =  103.0466084976782355,   86.6239300431398078,    230.9005257728574634,    1.3724157103457211,     0.1134538590667484,     1.4187730769304090,    4118.1623913826897478,      1169.6605557015839167,     -14130.7436438232962246,      0.3523423099795558,     0.4821804480280912,     0.3909295992473178,    -0.0002555541571685,    -0.0026299528489324,    -0.3094904357381833,     0.1068377366602210,       Controls =  -0.0002555541571685,     -0.0026299528489324,    -0.3094904357381833,     0.1068377366602210
LogTemp: Warning: Time =   9.4896836094558239,         CurrentStates =  104.6369935930769657,   89.4765039105606093,    228.5825307705844409,    1.3772273959607193,     0.1083211045231011,     1.4219971980157202,    4121.5296594985102274,      1171.0794415105915505,     -14127.7104734359072609,      0.3893737376967557,     0.4748634139832139,     0.4182524848638964,    -0.0002555541571685,    -0.0026299528489324,    -0.3094904357381833,     0.1068377366602210,       Controls =  -0.0002555541571685,     -0.0026299528489324,    -0.3094904357381833,     0.1068377366602210
LogTemp: Warning: Time =   9.5105318836867809,         CurrentStates =  106.8858476446336283,   93.1043226469077894,    225.4170784330348170,    1.3828102856105284,     0.1026445197977424,     1.4262722556563956,    4125.9415656214832779,      1172.9387733406335883,     -14123.7359214353982679,      0.4375328619075625,     0.4637588774413242,     0.4534924991027268,    -0.0002555541571685,    -0.0026299528489324,    -0.3094904357381833,     0.1068377366602210,       Controls =  -0.0002555541571685,     -0.0026299528489324,    -0.3094904357381833,     0.1068377366602210
LogTemp: Warning: Time =   9.5320877842605114,         CurrentStates =  109.0419906694298078,   96.2206189616921819,    222.4775437539055929,    1.3870613769554112,     0.0986319033105686,     1.4301102056510142,    4129.8738976138038197,      1174.5967483149829604,     -14120.1931181238051067,      0.4800328940161686,     0.4524515537536584,     0.4842923997232685,    -0.0002555541571685,    -0.0026299528489324,    -0.3094904357381833,     0.1068377366602210,       Controls =  -0.0002555541571685,     -0.0026299528489324,    -0.3094904357381833,     0.1068377366602210
LogTemp: Warning: Time =   9.5511250309646130,         CurrentStates =  111.4099312731264888,   99.3079121126225317,    219.3329874251764124,    1.3906951618150278,     0.0955749664120332,     1.4340745921883697,    4133.9316673613575404,      1176.3089168502087887,     -14116.5371010359522188,      0.5233954602734483,     0.4394381813879730,     0.5154049424491076,    -0.0002555541571685,    -0.0026299528489324,    -0.3094904357381833,     0.1068377366602210,       Controls =  -0.0002555541571685,     -0.0026299528489324,    -0.3094904357381833,     0.1068377366602210
LogTemp: Warning: Time =   9.5705647282302380,         CurrentStates =  113.6120026053751104,   101.9116752191606707,   216.4721446892949359,    1.3932357342384198,     0.0938336995970654,     1.4375534058894439,    4137.5088051182883646,      1177.8198556976483360,     -14113.3140077701154951,      0.5611556949832353,     0.4268737496461967,     0.5422238026189293,    -0.0002555541571685,    -0.0026299528489324,    -0.3094904357381833,     0.1068377366602210,       Controls =  -0.0002555541571685,     -0.0026299528489324,    -0.3094904357381833,     0.1068377366602210
LogTemp: Warning: Time =   9.5906977467238903,         CurrentStates =  115.9612190550331832,   104.4432309127282394,   213.4757349443045769,    1.3951595420764933,     0.0930184215185687,     1.4410647539156243,    4141.1550170432901723,      1179.3619598737891465,     -14110.0285886830351956,      0.5991545322549926,     0.4130540292200778,     0.5689402015957303,    -0.0002555541571685,    -0.0026299528489324,    -0.3094904357381833,     0.1068377366602210,       Controls =  -0.0002555541571685,     -0.0026299528489324,    -0.3094904357381833,     0.1068377366602210
LogTemp: Warning: Time =   9.6102070622146130,         CurrentStates =  118.4945915290307852,   106.9217281119219933,   210.2986238938181884,    1.3964145658734517,     0.0932368945074726,     1.4446374435157483,    4144.9247568041919294,      1180.9589404190464847,     -14106.6317807497562171,      0.6378843044806733,     0.3977354948795283,     0.5958767963562239,    -0.0002555541571685,    -0.0026299528489324,    -0.3094904357381833,     0.1068377366602210,       Controls =  -0.0002555541571685,     -0.0026299528489324,    -0.3094904357381833,     0.1068377366602210
LogTemp: Warning: Time =   9.6283316425979137,         CurrentStates =  121.0393882088444144,   109.1764864554285310,   207.1556021845537714,    1.3968924796416942,     0.0945172560376835,     1.4480161043078801,    4148.5709090351292616,      1182.5066494592638264,     -14103.3462388456337067,      0.6747774722849910,     0.3819668563488610,     0.6212496860596496,    -0.0002555541571685,    -0.0026299528489324,    -0.3094904357381833,     0.1068377366602210,       Controls =  -0.0002555541571685,     -0.0026299528489324,    -0.3094904357381833,     0.1068377366602210
LogTemp: Warning: Time =   9.6446184925734997,         CurrentStates =  123.4768464624302595,   111.1359277590905350,   204.1848460584776888,    1.3966669190454437,     0.0966811391439474,     1.4510634959375037,    4151.9528723941903081,      1183.9454162032345721,     -14100.2986384442647250,      0.7084792900778426,     0.3665426799040408,     0.6441764616928995,    -0.0002555541571685,    -0.0026299528489324,    -0.3094904357381833,     0.1068377366602210,       Controls =  -0.0002555541571685,     -0.0026299528489324,    -0.3094904357381833,     0.1068377366602210
LogTemp: Warning: Time =   9.6605715565383434,         CurrentStates =  125.7219018301533566,   112.7809271241164595,   201.4793161338813547,    1.3959004967634296,     0.0994494083980302,     1.4537117562467357,    4154.9869523437764656,      1185.2391993398728118,     -14097.5643842170829885,      0.7382780277806306,     0.3520816093460926,     0.6642443469979443,    -0.0002555541571685,    -0.0026299528489324,    -0.3094904357381833,     0.1068377366602210,       Controls =  -0.0002555541571685,     -0.0026299528489324,    -0.3094904357381833,     0.1068377366602210
LogTemp: Warning: Time =   9.6791319660842419,         CurrentStates =  127.9669429542550461,   114.2827700863039411,   198.8007365511579394,    1.3946213199389752,     0.1029360843409322,     1.4562106807578821,    4157.9546105530935165,      1186.5077691423346096,     -14094.8897999782220722,      0.7670172641076900,     0.3373924663480357,     0.6834157623186666,    -0.0002555541571685,    -0.0026299528489324,    -0.3094904357381833,     0.1068377366602210,       Controls =  -0.0002555541571685,     -0.0026299528489324,    -0.3094904357381833,     0.1068377366602210
LogTemp: Warning: Time =   9.6930899433791637,         CurrentStates =  130.6304842653898959,   115.8898915957427391,   195.6552416644082371,    1.3924616960492089,     0.1079796109907112,     1.4589836331780657,    4161.4020484820757702,      1187.9857501924709595,     -14091.7824879152612993,      0.7998898425334220,     0.3196844139524194,     0.7051237560322898,    -0.0002555541571685,    -0.0026299528489324,    -0.3094904357381833,     0.1068377366602210,       Controls =  -0.0002555541571685,     -0.0026299528489324,    -0.3094904357381833,     0.1068377366602210
LogTemp: Warning: Time =   9.7113604359328747,         CurrentStates =  132.6660022122992189,   116.9967248724877464,   193.2737908369376498,    1.3903537327887745,     0.1124840072726832,     1.4609627562332541,    4163.9907288040849380,      1189.0989423181126767,     -14089.4488935771041724,      0.8242078791869500,     0.3059537951567044,     0.7210320072789047,    -0.0002555541571685,    -0.0026299528489324,    -0.3094904357381833,     0.1068377366602210,       Controls =  -0.0002555541571685,     -0.0026299528489324,    -0.3094904357381833,     0.1068377366602210
LogTemp: Warning: Time =   9.7298312000930309,         CurrentStates =  135.3670901767831651,   118.3106941675424366,   190.1423081997467648,    1.3869565675072786,     0.1193161906546195,     1.4634009042293517,    4167.3741923665402282,      1190.5587291165875286,     -14086.3982896049092233,      0.8555156139940480,     0.2874753671761137,     0.7413272721937915,    -0.0002555541571685,    -0.0026299528489324,    -0.3094904357381833,     0.1068377366602210,       Controls =  -0.0002555541571685,     -0.0026299528489324,    -0.3094904357381833,     0.1068377366602210
LogTemp: Warning: Time =   9.7490095905959606,         CurrentStates =  138.1338437963658521,   119.4809422595213562,   186.9676724805417507,    1.3827763355607858,     0.1273118388208771,     1.4656735349096159,    4170.7891365485274946,      1192.0381731399456839,     -14083.3184861365680263,      0.8865650663999231,     0.2682455415490542,     0.7612546894920297,    -0.0002555541571685,    -0.0026299528489324,    -0.3094904357381833,     0.1068377366602210,       Controls =  -0.0002555541571685,     -0.0026299528489324,    -0.3094904357381833,     0.1068377366602210
LogTemp: Warning: Time =   9.7681898884475231,         CurrentStates =  141.0371082757451404,   120.5249478619142423,   183.6718882335248679,    1.3776326079550640,     0.1367736562089558,     1.4678093537272390,    4174.3285360119662073,      1193.5786224976768608,     -14080.1253089135643677,      0.9181623614252905,     0.2477368202508858,     0.7813382360686086,    -0.0002555541571685,    -0.0026299528489324,    -0.3094904357381833,     0.1068377366602210,       Controls =  -0.0002555541571685,     -0.0026299528489324,    -0.3094904357381833,     0.1068377366602210
LogTemp: Warning: Time =   9.7877955250442028,         CurrentStates =  143.9639134477598077,   121.3926172745055965,   180.3864754291664383,    1.3716616607113392,     0.1474099417246621,     1.4696983439985052,    4177.8617743989152586,      1195.1242713590297626,     -14076.9362124377094005,      0.9491120383281887,     0.2267128625948971,     0.8008316762800264,    -0.0002555541571685,    -0.0026299528489324,    -0.3094904357381833,     0.1068377366602210,       Controls =  -0.0002555541571685,     -0.0026299528489324,    -0.3094904357381833,     0.1068377366602210
LogTemp: Warning: Time =   9.8070568852126598,         CurrentStates =  146.9714174202656523,   122.0956336477890574,   177.0503566693510606,    1.3646981377893590,     0.1594733008019012,     1.4713551297460843,    4181.4666361977151610,      1196.7101006107802732,     -14073.6805437203402107,      0.9800795886544089,     0.2047313542097361,     0.8201760513843860,    -0.0002555541571685,    -0.0026299528489324,    -0.3094904357381833,     0.1068377366602210,       Controls =  -0.0002555541571685,     -0.0026299528489324,    -0.3094904357381833,     0.1068377366602210
LogTemp: Warning: Time =   9.8264956288039684,         CurrentStates =  149.9335343768171924,   122.6044347759420390,   173.8058994241846733,    1.3570078495694586,     0.1724618709902545,     1.4726959473362464,    4185.0015032900491860,      1198.2745439476054798,     -14070.4857437717291759,      1.0098489746138850,     0.1826887845170495,     0.8386399888919444,    -0.0002555541571685,    -0.0026299528489324,    -0.3094904357381833,     0.1068377366602210,       Controls =  -0.0002555541571685,     -0.0026299528489324,    -0.3094904357381833,     0.1068377366602210
LogTemp: Warning: Time =   9.8459353260695934,         CurrentStates =  152.9221979585922782,   122.9350255952513891,   170.5764701025167369,    1.3483953437117726,     0.1866613975353535,     1.4737454856177596,    4188.5620105400848843,      1199.8604826087512265,     -14067.2648986474214325,      1.0392376321823722,     0.1600292719269909,     0.8567631144672516,    -0.0002555541571685,    -0.0026299528489324,    -0.3094904357381833,     0.1068377366602210,       Controls =  -0.0002555541571685,     -0.0026299528489324,    -0.3094904357381833,     0.1068377366602210
LogTemp: Warning: Time =   9.8651432804763317,         CurrentStates =  155.9021167792294307,   123.0824557570944080,   167.4038698276348498,    1.3389334046298518,     0.2018915161763930,     1.4744768683636862,    4192.1154302399545486,      1201.4541428889892813,     -14064.0470051038719248,      1.0679711009994335,     0.1369864573650711,     0.8744066377468946,    -0.0002555541571685,    -0.0026299528489324,    -0.3094904357381833,     0.1068377366602210,       Controls =  -0.0002555541571685,     -0.0026299528489324,    -0.3094904357381833,     0.1068377366602210
LogTemp: Warning: Time =   9.8850235752761364,         CurrentStates =  158.8302392011470374,   123.0494527504806683,   164.3363892057875262,    1.3287601564979932,     0.2178745384352083,     1.4748765913516377,    4195.6193504200236930,      1203.0369399258268004,     -14060.8699185591649439,      1.0957202488856694,     0.1138715323955084,     0.8914018037419337,    -0.0002555541571685,    -0.0026299528489324,    -0.3094904357381833,     0.1068377366602210,       Controls =  -0.0002555541571685,     -0.0026299528489324,    -0.3094904357381833,     0.1068377366602210
LogTemp: Warning: Time =   9.9044890217483044,         CurrentStates =  161.8358810717441543,   122.8302291554955588,   161.2440165175109144,    1.3173841612922552,     0.2353006363735748,     1.4749440734564001,    4199.2381306028000836,      1204.6841464110793822,     -14057.5837691944780090,      1.1237689196239906,     0.0896139905064855,     0.9085674022270119,    -0.0002555541571685,    -0.0026299528489324,    -0.3094904357381833,     0.1068377366602210,       Controls =  -0.0002555541571685,     -0.0026299528489324,    -0.3094904357381833,     0.1068377366602210
LogTemp: Warning: Time =   9.9241795353591442,         CurrentStates =  164.7469258337743554,   122.4357327154623931,   158.3087411886526468,    1.3054308346290682,     0.2531331079649898,     1.4746638162047629,    4202.7737184895604514,      1206.3064430986798925,     -14054.3675691579919658,      1.1505717279604437,     0.0655584216228223,     0.9249909980651696,    -0.0002555541571685,    -0.0026299528489324,    -0.3094904357381833,     0.1068377366602210,       Controls =  -0.0002555541571685,     -0.0026299528489324,    -0.3094904357381833,     0.1068377366602210
LogTemp: Warning: Time =   9.9445109181106091,         CurrentStates =  167.6521472555906485,   121.8588463202184897,   155.4440717306929400,    1.2925456138163491,     0.2718362055904612,     1.4740296285891583,    4206.3420092716514773,      1207.9573695247545402,     -14051.1151813586802746,      1.1770166788914431,     0.0409438798621194,     0.9412502447556202,    -0.0002555541571685,    -0.0026299528489324,    -0.3094904357381833,     0.1068377366602210,       Controls =  -0.0002555541571685,     -0.0026299528489324,    -0.3094904357381833,     0.1068377366602210
LogTemp: Warning: Time =   9.9647259525954723,         CurrentStates =  170.6031989376432136,   121.0794519095275064,   152.6075462642466221,    1.2784350586412001,     0.2917310371952605,     1.4730057909470013,    4210.0178232693497193,      1209.6729877456866689,     -14047.7570969744247122,      1.2036173183091474,     0.0152530041609922,     0.9577001075823686,    -0.0002555541571685,    -0.0026299528489324,    -0.3094904357381833,     0.1068377366602210,       Controls =  -0.0002555541571685,     -0.0026299528489324,    -0.3094904357381833,     0.1068377366602210
LogTemp: Warning: Time =   9.9847073368728161,         CurrentStates =  173.4812079603885024,   120.1240686047760988,   149.9203151192896826,    1.2636321054506348,     0.3119772825801442,     1.4716206057202512,    4213.6635776065331811,      1211.3901511268065860,     -14044.4177785819301789,      1.2293516228214023,    -0.0105462871207936,     0.9737478143370843,    -0.0002555541571685,    -0.0026299528489324,    -0.3094904357381833,     0.1068377366602210,       Controls =  -0.0002555541571685,     -0.0026299528489324,    -0.3094904357381833,     0.1068377366602210
LogTemp: Warning: Time =  10.0047144703567028,         CurrentStates =  176.2644391084652113,   119.0079463980424777,   147.4042424555170214,    1.2482851876748993,     0.3323292870297825,     1.4698991432782740,    4217.2580774057305462,      1213.0988909569994121,     -14041.1159312620329729,      1.2540845353962204,    -0.0362787714264673,     0.9893397116256423,    -0.0002555541571685,    -0.0026299528489324,    -0.3094904357381833,     0.1068377366602210,       Controls =  -0.0002555541571685,     -0.0026299528489324,    -0.3094904357381833,     0.1068377366602210
LogTemp: Warning: Time =  10.0248284153640270,         CurrentStates =  178.9839501432490181,   117.7247174684220994,   145.0331837960127928,    1.2322526352973791,     0.3529369782928212,     1.4678348815469910,    4220.8478379936086640,      1214.8214271313784138,     -14037.8080394402222737,      1.2781431196812916,    -0.0622578222134790,     1.0047122489114921,    -0.0002555541571685,    -0.0026299528489324,    -0.3094904357381833,     0.1068377366602210,       Controls =  -0.0002555541571685,     -0.0026299528489324,    -0.3094904357381833,     0.1068377366602210
LogTemp: Warning: Time =  10.0453371815383434,         CurrentStates =  181.6445181285729973,   116.2733455476591189,   142.8066935126817611,    1.2155125146458425,     0.3737854461475107,     1.4654289315464315,    4224.4471690785630926,      1216.5650829822984633,     -14034.4798685099012800,      1.3016131832073981,    -0.0885763055905271,     1.0199547706084897,    -0.0002555541571685,    -0.0026299528489324,    -0.3094904357381833,     0.1068377366602210,       Controls =  -0.0002555541571685,     -0.0026299528489324,    -0.3094904357381833,     0.1068377366602210
LogTemp: Warning: Time =  10.0654949955642223,         CurrentStates =  184.2760202041861533,   114.6333678600557562,   140.7058023891163430,    1.1978565797386354,     0.3950830092199428,     1.4626500765407662,    4228.1070707036278691,      1218.3554399770512191,     -14031.0828477847371687,      1.3247981371807929,    -0.1156047524905817,     1.0353069208976144,    -0.0002555541571685,    -0.0026299528489324,    -0.3094904357381833,     0.1068377366602210,       Controls =  -0.0002555541571685,     -0.0026299528489324,    -0.3094904357381833,     0.1068377366602210
LogTemp: Warning: Time =  10.0858540348708630,         CurrentStates =  186.7773937326966518,   112.8705558797294657,   138.8133619252625124,    1.1799820591224832,     0.4159713062406055,     1.4596157999731587,    4231.6941407071117283,      1220.1274877375938104,     -14027.7398009110565908,      1.3468457868007315,    -0.1423476319223423,     1.0502374102876606,    -0.0002555541571685,    -0.0026299528489324,    -0.3094904357381833,     0.1068377366602210,       Controls =  -0.0002555541571685,     -0.0026299528489324,    -0.3094904357381833,     0.1068377366602210
LogTemp: Warning: Time =  10.1064057163894176,         CurrentStates =  189.2131886872210771,   110.9453376121016106,   137.0805796024003200,    1.1614651997974734,     0.4369482053606610,     1.4562657232041456,    4235.3063532742780808,      1221.9295729868829312,     -14024.3586237106155750,      1.3683605062235185,    -0.1695222404310552,     1.0651836443262666,    -0.0002555541571685,    -0.0026299528489324,    -0.3094904357381833,     0.1068377366602210,       Controls =  -0.0002555541571685,     -0.0026299528489324,    -0.3094904357381833,     0.1068377366602210
LogTemp: Warning: Time =  10.1264834217727184,         CurrentStates =  191.5752019085630309,   108.8615458266769735,   135.5172695990761724,    1.1423613892331368,     0.4579373541517547,     1.4526137012565206,    4238.9417356207777630,      1223.7613203155340216,     -14020.9397884417066962,      1.3893045474589167,    -0.1971112362587243,     1.0801631892733368,    -0.0002555541571685,    -0.0026299528489324,    -0.3094904357381833,     0.1068377366602210,       Controls =  -0.0002555541571685,     -0.0026299528489324,    -0.3094904357381833,     0.1068377366602210
LogTemp: Warning: Time =  10.1468281559646130,         CurrentStates =  193.7845509636703412,   106.6968799276365303,   134.1731996191197140,    1.1233591949979720,     0.4782086266848199,     1.4488048341780662,    4242.4823091031958029,      1225.5629622866970294,     -14017.5936812046766136,      1.4090065805805632,    -0.2242057285218224,     1.0947183504119613,    -0.0002555541571685,    -0.0026299528489324,    -0.3094904357381833,     0.1068377366602210,       Controls =  -0.0002555541571685,     -0.0026299528489324,    -0.3094904357381833,     0.1068377366602210
LogTemp: Warning: Time =  10.1672167591750622,         CurrentStates =  195.9204460501503888,   104.3806350992324496,   132.9977511185661001,    1.1038217111849213,     0.4984712431516885,     1.4447237599388190,    4246.0589601841256808,      1227.4008396546560107,     -14014.1959846650970576,      1.4281990227200791,    -0.2517957504011762,     1.1094150343687481,    -0.0002555541571685,    -0.0026299528489324,    -0.3094904357381833,     0.1068377366602210,       Controls =  -0.0002555541571685,     -0.0026299528489324,    -0.3094904357381833,     0.1068377366602210
LogTemp: Warning: Time =  10.1871714405715466,         CurrentStates =  197.9530447763908683,   101.9431000416809923,   132.0092532227339177,    1.0840192295792064,     0.5184584149639371,     1.4404327754497364,    4249.6316227815177626,      1229.2547547784754443,     -14010.7835031702616106,      1.4466432200736687,    -0.2795696230168567,     1.1241161539618223,    -0.0002555541571685,    -0.0026299528489324,    -0.3094904357381833,     0.1068377366602210,       Controls =  -0.0002555541571685,     -0.0026299528489324,    -0.3094904357381833,     0.1068377366602210
LogTemp: Warning: Time =  10.2069897465407848,         CurrentStates =  199.8342802971101833,   99.4519655018559092,    131.2256247977705925,    1.0644797344351864,     0.5376831164112443,     1.4360596976253663,    4253.1167102980998607,      1231.0807641653925657,     -14007.4358096016512718,      1.4639208770083971,    -0.3068643367489547,     1.1385043821766045,    -0.0002555541571685,    -0.0026299528489324,    -0.3094904357381833,     0.1068377366602210,       Controls =  -0.0002555541571685,     -0.0026299528489324,    -0.3094904357381833,     0.1068377366602210
LogTemp: Warning: Time =  10.2267708592116833,         CurrentStates =  201.5935979486228860,   96.8815452196366920,    130.6267539370039117,    1.0449728066539552,     0.5564258482605285,     1.4315673187895646,    4256.5665700932095206,      1232.9054721122849969,     -14004.1026771174110763,      1.4803139692760650,    -0.3340746899516028,     1.1528208630012702,    -0.0002555541571685,    -0.0026299528489324,    -0.3094904357381833,     0.1068377366602210,       Controls =  -0.0002555541571685,     -0.0026299528489324,    -0.3094904357381833,     0.1068377366602210
LogTemp: Warning: Time =  10.2469973377883434,         CurrentStates =  203.2381248597544925,   94.2271624625920481,    130.2060763640232892,    1.0254548527911620,     0.5747689493261746,     1.4269552463423132,    4259.9983481654608113,      1234.7376301073577451,     -14000.7670795163539879,      1.4959044877349290,    -0.3613271793548899,     1.1671632514358574,    -0.0002555541571685,    -0.0026299528489324,    -0.3094904357381833,     0.1068377366602210,       Controls =  -0.0002555541571685,     -0.0026299528489324,    -0.3094904357381833,     0.1068377366602210
LogTemp: Warning: Time =  10.2675919346511364,         CurrentStates =  204.8014974771077732,   91.4282755432933385,    129.9569286142180147,    1.0055001468293572,     0.5931372258310252,     1.4221271275166696,    4263.4953008280508584,      1236.6221065756112694,     -13997.3467525424748601,      1.5110380019991752,    -0.3892824632565647,     1.1819123001309084,    -0.0002555541571685,    -0.0026299528489324,    -0.3094904357381833,     0.1068377366602210,       Controls =  -0.0002555541571685,     -0.0026299528489324,    -0.3094904357381833,     0.1068377366602210
LogTemp: Warning: Time =  10.2875761799514294,         CurrentStates =  206.2673761772956311,   88.4979100886864671,    129.8886660737369141,    0.9852393549932450,     0.6114272430325810,     1.4171155391355290,    4267.0429206697281188,      1238.5520194020348299,     -13993.8538478194368508,      1.5255935624001766,    -0.4178294022027714,     1.1970476977523348,    -0.0002555541571685,    -0.0026299528489324,    -0.3094904357381833,     0.1068377366602210,       Controls =  -0.0002555541571685,     -0.0026299528489324,    -0.3094904357381833,     0.1068377366602210
LogTemp: Warning: Time =  10.3075117878615856,         CurrentStates =  207.5654789156002380,   85.5836878543722150,    129.9981650310162991,    0.9656832617298001,     0.6287720703405143,     1.4121795318937584,    4270.4726902230222549,      1240.4352299677420888,     -13990.4540046385718597,      1.5388805002171000,    -0.4456024601012454,     1.2118807756429195,    -0.0002555541571685,    -0.0026299528489324,    -0.3094904357381833,     0.1068377366602210,       Controls =  -0.0002555541571685,     -0.0026299528489324,    -0.3094904357381833,     0.1068377366602210
LogTemp: Warning: Time =  10.3275875858962536,         CurrentStates =  208.7357660851895389,   82.6138113446088340,    130.2763340622035741,    0.9463224549664220,     0.6456766668149784,     1.4072018562933095,    4273.8815170998086614,      1242.3239355665036783,     -13987.0516457545800222,      1.5512981344804726,    -0.4733716733037309,     1.2268552828241190,    -0.0002555541571685,    -0.0026299528489324,    -0.3094904357381833,     0.1068377366602210,       Controls =  -0.0002555541571685,     -0.0026299528489324,    -0.3094904357381833,     0.1068377366602210
LogTemp: Warning: Time =  10.3476395420730114,         CurrentStates =  209.7858160230642284,   79.5665481022175101,    130.7229590173279803,    0.9270197473399199,     0.6622959672351987,     1.4021525707283489,    4277.3011170963209224,      1244.2356615121270806,     -13983.6143255553924973,      1.5629395630789964,    -0.5013903947792437,     1.2421490039937442,    -0.0002555541571685,    -0.0026299528489324,    -0.3094904357381833,     0.1068377366602210,       Controls =  -0.0002555541571685,     -0.0026299528489324,    -0.3094904357381833,     0.1068377366602210
LogTemp: Warning: Time =  10.3680567555129528,         CurrentStates =  210.7035414935836855,   76.4726366869440000,    131.3314465112088385,    0.9079750401959567,     0.6784915684200242,     1.3970886878640927,    4280.7033831000926511,      1246.1546680415501669,     -13980.1694736294939503,      1.5736824500260769,    -0.5294234166909080,     1.2576782235074699,    -0.0002555541571685,    -0.0026299528489324,    -0.3094904357381833,     0.1068377366602210,       Controls =  -0.0002555541571685,     -0.0026299528489324,    -0.3094904357381833,     0.1068377366602210
LogTemp: Warning: Time =  10.3879704289138317,         CurrentStates =  211.5009279020347890,   73.2774785526953139,    132.1127953184435455,    0.8888663085902019,     0.6945672818604243,     1.3919276021169120,    4284.1535804334371278,      1248.1180144107381693,     -13976.6497485673353367,      1.5836879313815206,    -0.5580057527113995,     1.2737931130076157,    -0.0002555541571685,    -0.0026299528489324,    -0.3094904357381833,     0.1068377366602210,       Controls =  -0.0002555541571685,     -0.0026299528489324,    -0.3094904357381833,     0.1068377366602210
LogTemp: Warning: Time =  10.4073967747390270,         CurrentStates =  212.1432652129569760,   70.1235023736019798,    133.0270504243096923,    0.8705394930154852,     0.7098452258863837,     1.3869031083212380,    4287.5050316547503826,      1250.0418652031171405,     -13973.2044697717956296,      1.5925135906396364,    -0.5859138468687827,     1.2898512910298947,    -0.0002555541571685,    -0.0026299528489324,    -0.3094904357381833,     0.1068377366602210,       Controls =  -0.0002555541571685,     -0.0026299528489324,    -0.3094904357381833,     0.1068377366602210
LogTemp: Warning: Time =  10.4275450520217419,         CurrentStates =  212.6390230058013628,   67.0170058475412844,    134.0585216024676072,    0.8529914786728642,     0.7243663435247003,     1.3820237164387146,    4290.7608685984496333,      1251.9265922024201245,     -13969.8318331632763147,      1.6002055690769983,    -0.6131562586357124,     1.3058853360245508,    -0.0002555541571685,    -0.0026299528489324,    -0.3094904357381833,     0.1068377366602210,       Controls =  -0.0002555541571685,     -0.0026299528489324,    -0.3094904357381833,     0.1068377366602210
LogTemp: Warning: Time =  10.4472489170730114,         CurrentStates =  213.0148253104829621,   63.7694825591244552,    135.2685383895548057,    0.8351653582081672,     0.7390294911026204,     1.3769977147861370,    4294.1237106330036113,      1253.8895708717282105,     -13966.3209436996985460,      1.6071925204861928,    -0.6414230846730260,     1.3229549715558799,    -0.0002555541571685,    -0.0026299528489324,    -0.3094904357381833,     0.1068377366602210,       Controls =  -0.0002555541571685,     -0.0026299528489324,    -0.3094904357381833,     0.1068377366602210
LogTemp: Warning: Time =  10.4674563221633434,         CurrentStates =  213.2442697739451489,   60.5744025725203130,    136.5841103868279731,    0.8181321354702829,     0.7529747399800272,     1.3721285372874514,    4297.3979371128561979,      1255.8167409034615503,     -13962.8749543988760706,      1.6130098642222246,    -0.6690645198466220,     1.3401357735907042,    -0.0002555541571685,    -0.0026299528489324,    -0.3094904357381833,     0.1068377366602210,       Controls =  -0.0002555541571685,     -0.0026299528489324,    -0.3094904357381833,     0.1068377366602210
LogTemp: Warning: Time =  10.4880699925124645,         CurrentStates =  213.3361299697151594,   57.2833773069900616,    138.0631136044266327,    0.8011008422115643,     0.7668699260606716,     1.3671923550146194,    4300.7410500800324371,      1257.8006507392487947,     -13959.3274599277392554,      1.6178870631574009,    -0.6974014254079131,     1.3583231702792402,    -0.0002555541571685,    -0.0026299528489324,    -0.3094904357381833,     0.1068377366602210,       Controls =  -0.0002555541571685,     -0.0026299528489324,    -0.3094904357381833,     0.1068377366602210
LogTemp: Warning: Time =  10.5076927952468395,         CurrentStates =  213.2785793631738045,   53.9173715720187019,    139.7005481210988762,    0.7842120980242000,     0.7806147887598374,     1.3622274315600227,    4304.1354496294989076,      1259.8317177802753122,     -13955.6946212260008906,      1.6216697651504164,    -0.7262815385343628,     1.3775429960864529,    -0.0002555541571685,    -0.0026299528489324,    -0.3094904357381833,     0.1068377366602210,       Controls =  -0.0002555541571685,     -0.0026299528489324,    -0.3094904357381833,     0.1068377366602210
LogTemp: Warning: Time =  10.5272507481276989,         CurrentStates =  213.0805642560249282,   50.7102409020204661,    141.3736568449249944,    0.7686139575046237,     0.7932894417569302,     1.3575759588276168,    4307.3515417232265463,      1261.7716127209105252,     -13952.2229908211047587,      1.6240911435044372,    -0.7537354142011968,     1.3965439008521954,    -0.0002555541571685,    -0.0026299528489324,    -0.3094904357381833,     0.1068377366602210,       Controls =  -0.0002555541571685,     -0.0026299528489324,    -0.3094904357381833,     0.1068377366602210
LogTemp: Warning: Time =  10.5474695973098278,         CurrentStates =  212.7430932504935299,   47.5158306616204129,    143.1460459684111015,    0.7535528443195487,     0.8055164975079063,     1.3530198298894933,    4310.5421954090188592,      1263.7110534125242793,     -13948.7494924112506851,      1.6252927342930705,    -0.7810483118714723,     1.4162517114578026,    -0.0002555541571685,    -0.0026299528489324,    -0.3094904357381833,     0.1068377366602210,       Controls =  -0.0002555541571685,     -0.0026299528489324,    -0.3094904357381833,     0.1068377366602210
LogTemp: Warning: Time =  10.5672602467238903,         CurrentStates =  212.2462700999728895,   44.2212004960158680,    145.0814951334907903,    0.7385143253766016,     0.8177178413957146,     1.3484011503509870,    4313.8245924102093340,      1265.7216933214824621,     -13945.1447567354443891,      1.6251824128462067,    -0.8092121727632606,     1.4375305079780327,    -0.0002555541571685,    -0.0026299528489324,    -0.3094904357381833,     0.1068377366602210,       Controls =  -0.0002555541571685,     -0.0026299528489324,    -0.3094904357381833,     0.1068377366602210
LogTemp: Warning: Time =  10.5875468067824841,         CurrentStates =  211.6136170217108088,   41.0090225957716044,    147.0708122225057082,    0.7243365228358846,     0.8292137367240630,     1.3439765027809354,    4317.0214044382419161,      1267.6948995329362333,     -13941.6025741194462171,      1.6236512595797585,    -0.8366900136761117,     1.4593593055826442,    -0.0002555541571685,    -0.0026299528489324,    -0.3094904357381833,     0.1068377366602210,       Controls =  -0.0002555541571685,     -0.0026299528489324,    -0.3094904357381833,     0.1068377366602210
LogTemp: Warning: Time =  10.6073126606643200,         CurrentStates =  210.8143096588418643,   37.7343767462333304,    149.2004205460031301,    0.7103776414910088,     0.8405202112832255,     1.3395452278600242,    4320.2817648561822352,      1269.7225005039131247,     -13937.9571315884022624,      1.6205103304451050,    -0.8647441156433571,     1.4828925111514533,    -0.0002555541571685,    -0.0026299528489324,    -0.3094904357381833,     0.1068377366602210,       Controls =  -0.0002555541571685,     -0.0026299528489324,    -0.3094904357381833,     0.1068377366602210
LogTemp: Warning: Time =  10.6271490864455700,         CurrentStates =  209.8884706381654723,   34.5663745296668523,    151.3564582297723291,    0.6973529603414029,     0.8510489898840899,     1.3353341464279287,    4323.4420010102176093,      1271.7023773517255449,     -13934.3911246037587262,      1.6157969808998143,    -0.8919439388760152,     1.5070889877096798,    -0.0002555541571685,    -0.0026299528489324,    -0.3094904357381833,     0.1068377366602210,       Controls =  -0.0002555541571685,     -0.0026299528489324,    -0.3094904357381833,     0.1068377366602210
LogTemp: Warning: Time =  10.6465496830642223,         CurrentStates =  208.8135226137868870,   31.4145106127908207,    153.5935865512871885,    0.6848690974700302,     0.8611051319213413,     1.3312180247484249,    4326.5968203639613421,      1273.6930478843162291,     -13930.7984617628062551,      1.6092857381814822,    -0.9190788654618455,     1.5327868567955583,    -0.0002555541571685,    -0.0026299528489324,    -0.3094904357381833,     0.1068377366602210,       Controls =  -0.0002555541571685,     -0.0026299528489324,    -0.3094904357381833,     0.1068377366602210
LogTemp: Warning: Time =  10.6657566837966442,         CurrentStates =  207.6212203398393683,   28.3629945153889729,    155.8460396272309652,    0.6732417837378015,     0.8704176177569326,     1.3273021697959393,    4329.6660370105646507,      1275.6432049369782362,     -13927.2710680076434073,      1.6010358929808397,    -0.9454313940858096,     1.5594644730158114,    -0.0002555541571685,    -0.0026299528489324,    -0.3094904357381833,     0.1068377366602210,       Controls =  -0.0002555541571685,     -0.0026299528489324,    -0.3094904357381833,     0.1068377366602210
LogTemp: Warning: Time =  10.6853585056960583,         CurrentStates =  206.3041219654906513,   25.3766478592605438,    158.1322793834207232,    0.6623101131457445,     0.8790965326058316,     1.3235351609199304,    4332.6885436787852086,      1277.5765825220844363,     -13923.7655535740996129,      1.5908620563985687,    -0.9713058859975056,     1.5875695595692054,    -0.0002555541571685,    -0.0026299528489324,    -0.3094904357381833,     0.1068377366602210,       Controls =  -0.0002555541571685,     -0.0026299528489324,    -0.3094904357381833,     0.1068377366602210
LogTemp: Warning: Time =  10.7050509266555309,         CurrentStates =  204.8207091962925404,   22.3690444550351764,    160.5164754247907979,    0.6517604181418809,     0.8873632162032337,     1.3198057111091135,    4335.7564414991275044,      1279.5519534691056833,     -13920.1743650677617552,      1.5782166462698248,    -0.9974516150083342,     1.6182101260593316,    -0.0002555541571685,    -0.0026299528489324,    -0.3094904357381833,     0.1068377366602210,       Controls =  -0.0002555541571685,     -0.0026299528489324,    -0.3094904357381833,     0.1068377366602210
LogTemp: Warning: Time =  10.7244190983474255,         CurrentStates =  203.1901840395655370,   19.3929289726696723,    162.9565847737682134,    0.6417907486404151,     0.8950268016757870,     1.3161779473596036,    4338.8212661525794829,      1281.5382284546581104,     -13916.5527956973146502,      1.5629707415910623,    -1.0234057601081632,     1.6512408066363655,    -0.0002555541571685,    -0.0026299528489324,    -0.3094904357381833,     0.1068377366602210,       Controls =  -0.0002555541571685,     -0.0026299528489324,    -0.3094904357381833,     0.1068377366602210
LogTemp: Warning: Time =  10.7447075657546520,         CurrentStates =  201.4510955034793938,   16.5146014029040877,    165.3936053515622291,    0.6326107857509730,     0.9018941196625387,     1.3127276297812194,    4341.8185870366733070,      1283.4930414940185983,     -13912.9774289756496728,      1.5452185492858361,    -1.0485734597926903,     1.6862141400655002,    -0.0002555541571685,    -0.0026299528489324,    -0.3094904357381833,     0.1068377366602210,       Controls =  -0.0002555541571685,     -0.0026299528489324,    -0.3094904357381833,     0.1068377366602210
LogTemp: Warning: Time =  10.7649349980056286,         CurrentStates =  199.4876402616664848,   13.5560750544097974,    167.9785533310811729,    0.6236709863506756,     0.9083253983214287,     1.3092396546397993,    4344.9400583598444427,      1285.5415378758930274,     -13909.2179455045479699,      1.5233532827083793,    -1.0744877358566294,     1.7258483405669955,    -0.0002555541571685,    -0.0026299528489324,    -0.3094904357381833,     0.1068377366602210,       Controls =  -0.0002555541571685,     -0.0026299528489324,    -0.3094904357381833,     0.1068377366602210
LogTemp: Warning: Time =  10.7850374989211559,         CurrentStates =  197.3885670903243863,   10.6688625759099249,    170.5809227914233475,    0.6154580645308300,     0.9139067134555697,     1.3058915525635342,    4348.0333737212258711,      1287.5841255211319094,     -13905.4553833355821553,      1.4978257744073635,    -1.0997847740568758,     1.7688336689985154,    -0.0002555541571685,    -0.0026299528489324,    -0.3094904357381833,     0.1068377366602210,       Controls =  -0.0002555541571685,     -0.0026299528489324,    -0.3094904357381833,     0.1068377366602210
LogTemp: Warning: Time =  10.8053068928420544,         CurrentStates =  195.1658376289591104,    7.8659957744850040,    173.1846157454840238,    0.6079990803240107,     0.9185754696886856,     1.3026925018764965,    4351.0888662419047250,      1289.6137704631196357,     -13901.7019821756603051,      1.4683138761855743,    -1.1242955661641394,     1.8154584785372372,    -0.0002555541571685,    -0.0026299528489324,    -0.3094904357381833,     0.1068377366602210,       Controls =  -0.0002555541571685,     -0.0026299528489324,    -0.3094904357381833,     0.1068377366602210
LogTemp: Warning: Time =  10.8250689320266247,         CurrentStates =  192.7906261686057121,    5.1116296552698515,    175.8200520783668708,    0.6011981625424820,     0.9223387004396805,     1.2995963531250985,    4354.1508378644839468,      1291.6594398697211545,     -13897.9032266680205794,      1.4338570337055037,    -1.1482599238163294,     1.8669498093013419,    -0.0002555541571685,    -0.0026299528489324,    -0.3094904357381833,     0.1068377366602210,       Controls =  -0.0002555541571685,     -0.0026299528489324,    -0.3094904357381833,     0.1068377366602210
LogTemp: Warning: Time =  10.8451838307082653,         CurrentStates =  190.3497797473937112,    2.5002303086057691,    178.3920141674463764,    0.5952736396831394,     0.9250387829812332,     1.2967027224752059,    4357.1176539613134082,      1293.6524423030341495,     -13894.1862245425618312,      1.3951696447256423,    -1.1707679928422583,     1.9220487359663596,    -0.0002555541571685,    -0.0026299528489324,    -0.3094904357381833,     0.1068377366602210,       Controls =  -0.0002555541571685,     -0.0026299528489324,    -0.3094904357381833,     0.1068377366602210
LogTemp: Warning: Time =  10.8653664402663708,         CurrentStates =  187.7434450436136331,   -0.0783432562667672,    181.0053534964447692,    0.5899686753555171,     0.9267493131878104,     1.2938834910865507,    4360.1187038893185672,      1295.6790497145423160,     -13890.3894330767270731,      1.3500224854220102,    -1.1926550473791817,     1.9837196241425512,    -0.0002555541571685,    -0.0026299528489324,    -0.3094904357381833,     0.1068377366602210,       Controls =  -0.0002555541571685,     -0.0026299528489324,    -0.3094904357381833,     0.1068377366602210
LogTemp: Warning: Time =  10.8851942829787731,         CurrentStates =  185.0105348037608053,   -2.5804428681264606,    183.6156331111372708,    0.5853908508908436,     0.9273598913924639,     1.2911818630336767,    4363.1106547579283870,      1297.7097963460059873,     -13886.5667018238618766,      1.2982430113114056,    -1.2133937379786062,     2.0519125862075458,    -0.0002555541571685,    -0.0026299528489324,    -0.3094904357381833,     0.1068377366602210,       Controls =  -0.0002555541571685,     -0.0026299528489324,    -0.3094904357381833,     0.1068377366602210
LogTemp: Warning: Time =  10.9054789356887341,         CurrentStates =  182.2165696069565684,   -4.9514983155863135,    186.1619667473557911,    0.5816283566444864,     0.9268331223634988,     1.2886503196342423,    4366.0315861314538779,      1299.7018973621529767,     -13882.7981899020669516,      1.2404482551219058,    -1.2323707911415531,     2.1256904777165939,    -0.0002555541571685,    -0.0026299528489324,    -0.3094904357381833,     0.1068377366602210,       Controls =  -0.0002555541571685,     -0.0026299528489324,    -0.3094904357381833,     0.1068377366602210
LogTemp: Warning: Time =  10.9252857975661755,         CurrentStates =  179.2533976213759388,   -7.2834335630455840,    188.7415067590514468,    0.5785415428189915,     0.9250949093742432,     1.2861850339167213,    4369.0007210292769741,      1301.7361762131333762,     -13878.9301021677420067,      1.1736973533819772,    -1.2501086652770421,     2.2086652233657507,    -0.0002555541571685,    -0.0026299528489324,    -0.3094904357381833,     0.1068377366602210,       Controls =  -0.0002555541571685,     -0.0026299528489324,    -0.3094904357381833,     0.1068377366602210
LogTemp: Warning: Time =  10.9454273991286755,         CurrentStates =  176.2647207282618638,   -9.4650615789463597,    191.2293023745756386,    0.5762787286401343,     0.9221915491072319,     1.2838977525588511,    4371.8815195810466321,      1303.7185165536677687,     -13875.1407306654236891,      1.1007503624927575,    -1.2655345151892892,     2.2973493844649813,    -0.0002555541571685,    -0.0026299528489324,    -0.3094904357381833,     0.1068377366602210,       Controls =  -0.0002555541571685,     -0.0026299528489324,    -0.3094904357381833,     0.1068377366602210
LogTemp: Warning: Time =  10.9653801731765270,         CurrentStates =  173.1371487343948843,  -11.5827127443176376,    193.7213614463086060,    0.5747459128289483,     0.9179896226475956,     1.2816918833737438,    4374.7921352933844901,      1305.7295604849264237,     -13871.2754716409363027,      1.0186992304570344,    -1.2790202147110261,     2.3953157861112504,    -0.0002555541571685,    -0.0026299528489324,    -0.3094904357381833,     0.1068377366602210,       Controls =  -0.0002555541571685,     -0.0026299528489324,    -0.3094904357381833,     0.1068377366602210
LogTemp: Warning: Time =  10.9858794026076794,         CurrentStates =  169.9589680405519516,  -13.5766729017911700,    196.1470180788620326,    0.5739968178415994,     0.9125663916512895,     1.2796240236639929,    4377.6571009495582985,      1307.7166908928529665,     -13867.4346065107929462,      0.9300362731323908,    -1.2899162813381007,     2.4996790035924366,    -0.0002555541571685,    -0.0026299528489324,    -0.3094904357381833,     0.1068377366602210,       Controls =  -0.0002555541571685,     -0.0026299528489324,    -0.3094904357381833,     0.1068377366602210
LogTemp: Warning: Time =  11.0061154179275036,         CurrentStates =  166.6200718112037009,  -15.5137470642134421,    198.5888175897401879,    0.5740295426185613,     0.9056797441634529,     1.2776191722668457,    4380.5815697048174115,      1309.7524603192152881,     -13863.4767059178720956,      0.8323798676338914,    -1.2982927439242551,     2.6134185383011457,    -0.0002555541571685,    -0.0026299528489324,    -0.3094904357381833,     0.1068377366602210,       Controls =  -0.0002555541571685,     -0.0026299528489324,    -0.3094904357381833,     0.1068377366602210
LogTemp: Warning: Time =  11.0260176472365856,         CurrentStates =  163.2602753661311397,  -17.3114919699194161,    200.9440991030520820,    0.5748628253142098,     0.8975775746608753,     1.2757568878002274,    4383.4498036437389601,      1311.7558722467940697,     -13859.5582029075012542,      0.7311810576858025,    -1.3035536306409861,     2.7304690096825115,    -0.0002555541571685,    -0.0026299528489324,    -0.3094904357381833,     0.1068377366602210,       Controls =  -0.0002555541571685,     -0.0026299528489324,    -0.3094904357381833,     0.1068377366602210
LogTemp: Warning: Time =  11.0457558445632458,         CurrentStates =  159.9035745934172326,  -18.9653368924565129,    203.2025029653906927,    0.5764603415318319,     0.8883595076479921,     1.2740364396752404,    4386.2528040449551554,      1313.7197826520391573,     -13855.6936082002430339,      0.6292123548515568,    -1.3056969007826258,     2.8480254285702342,    -0.0002555541571685,    -0.0026299528489324,    -0.3094904357381833,     0.1068377366602210,       Controls =  -0.0002555541571685,     -0.0026299528489324,    -0.3094904357381833,     0.1068377366602210
LogTemp: Warning: Time =  11.0656113438308239,         CurrentStates =  156.5327357981902878,  -20.4905969250840592,    205.3814617026929454,    0.5788067084650518,     0.8780177965466326,     1.2724369853021360,    4389.0153105758381571,      1315.6607657031015606,     -13851.8507426273845340,      0.5281175146185401,    -1.3048436273301594,     2.9645983660291959,    -0.0002555541571685,    -0.0026299528489324,    -0.3094904357381833,     0.1068377366602210,       Controls =  -0.0002555541571685,     -0.0026299528489324,    -0.3094904357381833,     0.1068377366602210
LogTemp: Warning: Time =  11.0853047184646130,         CurrentStates =  153.1093831480047243,  -21.9065953694420870,    207.5087705485981360,    0.5819309398114220,     0.8664431857654067,     1.2709333160678093,    4391.7769975881283244,      1317.6061571451170948,     -13847.9751726155700453,      0.4288392941423939,    -1.3010876880960249,     3.0794876249655072,    -0.0002555541571685,    -0.0026299528489324,    -0.3094904357381833,     0.1068377366602210,       Controls =  -0.0002555541571685,     -0.0026299528489324,    -0.3094904357381833,     0.1068377366602210
LogTemp: Warning: Time =  11.1055111698806286,         CurrentStates =  149.6914179556460738,  -23.1911608354955519,    209.5516656439862118,    0.5857827881800954,     0.8538453402098445,     1.2695443454917512,    4394.4992050891096369,      1319.5282049831780569,     -13844.1219160339242080,      0.3347953159520298,    -1.2946780163121092,    -3.0941080075947345,    -0.0002555541571685,    -0.0026299528489324,    -0.3094904357381833,     0.1068377366602210,       Controls =  -0.0002555541571685,     -0.0026299528489324,    -0.3094904357381833,     0.1068377366602210
LogTemp: Warning: Time =  11.1252922825515270,         CurrentStates =  146.1707606352870528,  -24.3826841003171850,    211.5758982034754752,    0.5905090804081859,     0.8398139561172708,     1.2682232072235622,    4397.2752420593278657,      1321.4924026997191504,     -13840.1586932723803329,      0.2444368347232558,    -1.2855867609011669,    -2.9877101299651958,    -0.0002555541571685,    -0.0026299528489324,    -0.3094904357381833,     0.1068377366602210,       Controls =  -0.0002555541571685,     -0.0026299528489324,    -0.3094904357381833,     0.1068377366602210
LogTemp: Warning: Time =  11.1453442387282848,         CurrentStates =  142.7206435569408427,  -25.4227163954637199,    213.4848286878295767,    0.5958874780762315,     0.8250524316120476,     1.2670302556356676,    4399.9762318236635110,      1323.4071061741997255,     -13836.2699683595110400,      0.1629307092733627,    -1.2745180544560668,    -2.8903926131076720,    -0.0002555541571685,    -0.0026299528489324,    -0.3094904357381833,     0.1068377366602210,       Controls =  -0.0002555541571685,     -0.0026299528489324,    -0.3094904357381833,     0.1068377366602210
LogTemp: Warning: Time =  11.1659855656325817,         CurrentStates =  139.2295581825295869,  -26.3472560163042004,    215.3447709533057264,    0.6020881605053530,     0.8091192273496077,     1.2659208033488645,    4402.6975854461570634,      1325.3394331764350227,     -13832.3194774468502146,      0.0877122468002862,    -1.2614218162813313,    -2.7990124669976368,    -0.0002555541571685,    -0.0026299528489324,    -0.3094904357381833,     0.1068377366602210,       Controls =  -0.0002555541571685,     -0.0026299528489324,    -0.3094904357381833,     0.1068377366602210
LogTemp: Warning: Time =  11.1862501911818981,         CurrentStates =  135.6522649953931534,  -27.1606968969171341,    217.1792850095538654,    0.6092459980155921,     0.7917706989569725,     1.2648822122224199,    4405.4819816248882489,      1327.3194119277459322,     -13828.2439044043439935,      0.0180021850866020,    -1.2462866256473832,    -2.7124981858134101,    -0.0002555541571685,    -0.0026299528489324,    -0.3094904357381833,     0.1068377366602210,       Controls =  -0.0002555541571685,     -0.0026299528489324,    -0.3094904357381833,     0.1068377366602210
LogTemp: Warning: Time =  11.2062344364821911,         CurrentStates =  132.1666019529649532,  -27.8210983227680764,    218.9003068805162684,    0.6170220982393229,     0.7738829592525109,     1.2639636549442403,    4408.1988715949273683,      1329.2537904983475983,     -13824.2345796665777016,     -0.0431815373102576,    -1.2300884226737570,    -2.6346278773874032,    -0.0002555541571685,    -0.0026299528489324,    -0.3094904357381833,     0.1068377366602210,       Controls =  -0.0002555541571685,     -0.0026299528489324,    -0.3094904357381833,     0.1068377366602210
LogTemp: Warning: Time =  11.2262034229934216,         CurrentStates =  128.7637717301339819,  -28.3369582519786931,    220.5196138305153113,    0.6254007789502908,     0.7554882800585232,     1.2631550405101930,    4410.8624087730604515,      1331.1520980543930364,     -13820.2729418421531591,     -0.0970150367545374,    -1.2130641540812064,    -2.5641298063475828,    -0.0002555541571685,    -0.0026299528489324,    -0.3094904357381833,     0.1068377366602210,       Controls =  -0.0002555541571685,     -0.0026299528489324,    -0.3094904357381833,     0.1068377366602210
LogTemp: Warning: Time =  11.2459978871047497,         CurrentStates =  125.4066107485736978,  -28.7170366752730182,    222.0604104845446045,    0.6344588697016906,     0.7364357884503273,     1.2624430441720980,    4413.5085523280195048,      1333.0395156872934876,     -13816.3069225102026394,     -0.1449509571571285,    -1.1952231787672760,    -2.4993109189272191,    -0.0002555541571685,    -0.0026299528489324,    -0.3094904357381833,     0.1068377366602210,       Controls =  -0.0002555541571685,     -0.0026299528489324,    -0.3094904357381833,     0.1068377366602210
LogTemp: Warning: Time =  11.2657971195876598,         CurrentStates =  122.1296032327747128,  -28.9594130836810635,    223.5117666302786574,    0.6440939646118141,     0.7169624649858253,     1.2618318970924955,    4416.1166042673967240,      1334.9008802889577510,     -13812.3686826253651816,     -0.1872804680847808,    -1.1768969344387616,    -2.4399952234670765,    -0.0002555541571685,    -0.0026299528489324,    -0.3094904357381833,     0.1068377366602210,       Controls =  -0.0002555541571685,     -0.0026299528489324,    -0.3094904357381833,     0.1068377366602210
LogTemp: Warning: Time =  11.2863383106887341,         CurrentStates =  118.9101921236457713,  -29.0674695324921863,    224.8883787390347209,    0.6543631921858136,     0.6969729567130788,     1.2613150809210583,    4418.7106624471352916,      1336.7530176724542343,     -13808.4229091139295633,     -0.2250147214050085,    -1.1580758516844680,    -2.3849979650349207,    -0.0002555541571685,    -0.0026299528489324,    -0.3094904357381833,     0.1068377366602210,       Controls =  -0.0002555541571685,     -0.0026299528489324,    -0.3094904357381833,     0.1068377366602210
LogTemp: Warning: Time =  11.3061709217727184,         CurrentStates =  115.6395706133778560,  -29.0372184312466004,    226.2381119916437058,    0.6656608382209731,     0.6757693701193515,     1.2608793711138258,    4421.3869211315532084,      1338.6642894291819630,     -13804.3223640703272395,     -0.2598460514066083,    -1.1381626230786182,    -2.3319432261755928,    -0.0002555541571685,    -0.0026299528489324,    -0.3094904357381833,     0.1068377366602210,       Controls =  -0.0002555541571685,     -0.0026299528489324,    -0.3094904357381833,     0.1068377366602210
LogTemp: Warning: Time =  11.3259405903518200,         CurrentStates =  112.5563321716971785,  -28.8704083476032807,    227.4663454160205447,    0.6771643032613934,     0.6549216235414497,     1.2605567878160255,    4423.9564559449436274,      1340.4994398987819295,     -13800.3571434015120758,     -0.2897771514582068,    -1.1186712436021760,    -2.2840926668367860,    -0.0002555541571685,    -0.0026299528489324,    -0.3094904357381833,     0.1068377366602210,       Controls =  -0.0002555541571685,     -0.0026299528489324,    -0.3094904357381833,     0.1068377366602210
LogTemp: Warning: Time =  11.3459372334182262,         CurrentStates =  109.5624165216600119,  -28.5698057311894473,    228.6185010274121225,    0.6891873014691842,     0.6338407860298267,     1.2603324381208778,    4426.5040587511693957,      1342.3187105468689424,     -13796.3987184969464579,     -0.3164064357711330,    -1.0990700979753056,    -2.2392610836861788,    -0.0002555541571685,    -0.0026299528489324,    -0.3094904357381833,     0.1068377366602210,       Controls =  -0.0002555541571685,     -0.0026299528489324,    -0.3094904357381833,     0.1068377366602210
LogTemp: Warning: Time =  11.3662934117019176,         CurrentStates =  106.6212393128554510,  -28.1298111398525812,    229.7117291100893510,    0.7018852468925422,     0.6122800281929013,     1.2602058926829778,    4429.0671777546886005,      1344.1485440029578058,     -13792.3892322817155218,     -0.3404430279696941,    -1.0791436424160377,    -2.1964466065767292,    -0.0002555541571685,    -0.0026299528489324,    -0.3094904357381833,     0.1068377366602210,       Controls =  -0.0002555541571685,     -0.0026299528489324,    -0.3094904357381833,     0.1068377366602210
LogTemp: Warning: Time =  11.3863463215529919,         CurrentStates =  103.7233174267466467,  -27.5422543158935014,    230.7513248098961753,    0.7153361060140546,     0.5901514610778220,     1.2601828092924463,    4431.6624831190465557,      1346.0005249959610865,     -13788.3020906569563522,     -0.3622414175712724,    -1.0588199192039216,    -2.1551319618069864,    -0.0002555541571685,    -0.0026299528489324,    -0.3094904357381833,     0.1068377366602210,       Controls =  -0.0002555541571685,     -0.0026299528489324,    -0.3094904357381833,     0.1068377366602210
LogTemp: Warning: Time =  11.4069266133010387,         CurrentStates =  100.9691396903578777,  -26.8267370289716176,    231.7043482883957495,    0.7290731604271748,     0.5682370469460946,     1.2602667054398633,    4434.2056509992180509,      1347.8142023723187322,     -13784.2706408684098278,     -0.3813568878041126,    -1.0388146489412973,    -2.1163747776278869,    -0.0002555541571685,    -0.0026299528489324,    -0.3094904357381833,     0.1068377366602210,       Controls =  -0.0002555541571685,     -0.0026299528489324,    -0.3094904357381833,     0.1068377366602210
LogTemp: Warning: Time =  11.4269814305007458,         CurrentStates =  98.2518791917970589,   -25.9527040384228656,    232.6102920239335390,    0.7436404666332662,     0.5456886212138822,     1.2604655568487160,    4436.8020252734459064,      1349.6644130944771405,     -13780.1281237675502780,     -0.3987884147922193,    -1.0183470747469197,    -2.0783345631960484,    -0.0002555541571685,    -0.0026299528489324,    -0.3094904357381833,     0.1068377366602210,       Controls =  -0.0002555541571685,     -0.0026299528489324,    -0.3094904357381833,     0.1068377366602210
LogTemp: Warning: Time =  11.4472050480544567,         CurrentStates =  95.7153512377739304,   -24.9664002576438087,    233.4239628232531913,    0.7582611446109883,     0.5237143522370361,     1.2607720823613628,    4439.3191884735033454,      1351.4565458996860343,     -13776.0864519101651240,     -0.4138504995688120,    -0.9985018187015452,    -2.0427299788955038,    -0.0002555541571685,    -0.0026299528489324,    -0.3094904357381833,     0.1068377366602210,       Controls =  -0.0002555541571685,     -0.0026299528489324,    -0.3094904357381833,     0.1068377366602210
LogTemp: Warning: Time =  11.4671273045241833,         CurrentStates =  93.2734251328358255,   -23.8391676845959708,    234.1763463338290308,    0.7733964621751314,     0.5016069954477278,     1.2611969519843278,    4441.8448068252373560,      1353.2528240274752989,     -13772.0061777602677466,     -0.4272921181426447,    -0.9786226911352225,    -2.0080945814122528,    -0.0002555541571685,    -0.0026299528489324,    -0.3094904357381833,     0.1068377366602210,       Controls =  -0.0002555541571685,     -0.0026299528489324,    -0.3094904357381833,     0.1068377366602210
LogTemp: Warning: Time =  11.4874214939773083,         CurrentStates =  90.9858541813388229,   -22.6006311202813848,    234.8514449524177508,    0.7886578025608864,     0.4799286547619833,     1.2617322623738521,    4444.3204751256944292,      1355.0115103494144932,     -13767.9825033060187707,     -0.4389651814474352,    -0.9591981836022262,    -1.9750565658257073,    -0.0002555541571685,    -0.0026299528489324,    -0.3094904357381833,     0.1068377366602210,       Controls =  -0.0002555541571685,     -0.0026299528489324,    -0.3094904357381833,     0.1068377366602210
LogTemp: Warning: Time =  11.5072197727859020,         CurrentStates =  88.7798055861308910,   -21.2107050629360359,    235.4724168203184718,    0.8045287823066954,     0.4579940237198495,     1.2623999983076490,    4446.8299762636097512,      1356.7919023739984823,     -13763.8797279982427426,     -0.4493858238333368,    -0.9395969803303938,    -1.9423583794299779,    -0.0002555541571685,    -0.0026299528489324,    -0.3094904357381833,     0.1068377366602210,       Controls =  -0.0002555541571685,     -0.0026299528489324,    -0.3094904357381833,     0.1068377366602210
LogTemp: Warning: Time =  11.5270438008010387,         CurrentStates =  86.7516623187048310,   -19.7324905383957052,    236.0138745552154376,    0.8202962479991361,     0.4367800612617085,     1.2631737625113690,    4449.2665106985341481,      1358.5180590990628389,     -13759.8732419242242031,     -0.4582310586882791,    -0.9206740200188459,    -1.9112629172240843,    -0.0002555541571685,    -0.0026299528489324,    -0.3094904357381833,     0.1068377366602210,       Controls =  -0.0002555541571685,     -0.0026299528489324,    -0.3094904357381833,     0.1068377366602210
LogTemp: Warning: Time =  11.5468306355178356,         CurrentStates =  84.8466521104577964,   -18.1342531172390480,    236.4926747365836945,    0.8363326064199306,     0.4157609113008542,     1.2640727557514728,    4451.6947966374091266,      1360.2357373898562400,     -13755.8579876037765644,     -0.4658731745660635,    -0.9019414110012683,    -1.8808161658903531,    -0.0002555541571685,    -0.0026299528489324,    -0.3094904357381833,     0.1068377366602210,       Controls =  -0.0002555541571685,     -0.0026299528489324,    -0.3094904357381833,     0.1068377366602210
LogTemp: Warning: Time =  11.5665230564773083,         CurrentStates =  83.0732481236199476,   -16.4241085116980869,    236.9075238971358317,    0.8525557679033320,     0.3950377596950798,     1.2650971737767691,    4454.1074743856097484,      1361.9395632829496208,     -13751.8466746453286760,     -0.4723690603628761,    -0.8834719677808563,    -1.8510190677726686,    -0.0002555541571685,    -0.0026299528489324,    -0.3094904357381833,     0.1068377366602210,       Controls =  -0.0002555541571685,     -0.0026299528489324,    -0.3094904357381833,     0.1068377366602210
LogTemp: Warning: Time =  11.5867066197097301,         CurrentStates =  81.4377620580709589,   -14.6115303311081117,    237.2577815670769326,    0.8688839444823291,     0.3747027771867239,     1.2662456811960638,    4456.4976800888498474,      1363.6245566105608304,     -13747.8514363997383043,     -0.4777795149947686,    -0.8653309272695573,    -1.8218727516542244,    -0.0002555541571685,    -0.0026299528489324,    -0.3094904357381833,     0.1068377366602210,       Controls =  -0.0002555541571685,     -0.0026299528489324,    -0.3094904357381833,     0.1068377366602210
LogTemp: Warning: Time =  11.6071085743606091,         CurrentStates =  79.8975291311894296,   -12.6428034666171953,    237.5517502295724341,    0.8857765301123708,     0.3541912922071706,     1.2675593552150755,    4458.9364729831331715,      1365.3405597368796407,     -13743.7533568253584235,     -0.4822963373038940,    -0.8469968056425802,    -1.7924495832045189,    -0.0002555541571685,    -0.0026299528489324,    -0.3094904357381833,     0.1068377366602210,       Controls =  -0.0002555541571685,     -0.0026299528489324,    -0.3094904357381833,     0.1068377366602210
LogTemp: Warning: Time =  11.6270441822707653,         CurrentStates =  78.4824464285886307,   -10.5426053237801458,    237.7815749627071114,    0.9029806969621278,     0.3338286552224295,     1.2690306080814897,    4461.3905911705314793,      1367.0638342605848266,     -13739.6076880058735696,     -0.4858610625844133,    -0.8287411734410963,    -1.7631012736858238,    -0.0002555541571685,    -0.0026299528489324,    -0.3094904357381833,     0.1068377366602210,       Controls =  -0.0002555541571685,     -0.0026299528489324,    -0.3094904357381833,     0.1068377366602210
LogTemp: Warning: Time =  11.6473059467971325,         CurrentStates =  77.2390726958450387,    -8.3877155135812966,    237.9401422507993118,    0.9198835729520841,     0.3143210124758927,     1.2706099293552877,    4463.7779378853501839,      1368.7366438204064707,     -13735.5540000627752306,     -0.4884210518668292,    -0.8111818401924509,    -1.7347476773798349,    -0.0002555541571685,    -0.0026299528489324,    -0.3094904357381833,     0.1068377366602210,       Controls =  -0.0002555541571685,     -0.0026299528489324,    -0.3094904357381833,     0.1068377366602210
LogTemp: Warning: Time =  11.6674351505935192,         CurrentStates =  76.1177165688704065,    -6.0978919588095604,    238.0336662197993292,    0.9371251408741711,     0.2949141498881025,     1.2723610042045130,    4466.1939049972124849,      1370.4257169173995408,     -13731.4310220259758353,     -0.4901319532940930,    -0.7936248315934104,    -1.7062025334927573,    -0.0002555541571685,    -0.0026299528489324,    -0.3094904357381833,     0.1068377366602210,       Controls =  -0.0002555541571685,     -0.0026299528489324,    -0.3094904357381833,     0.1068377366602210
LogTemp: Warning: Time =  11.6873802952468395,         CurrentStates =  75.1468886130383993,    -3.7283891453295683,    238.0580929311328191,    0.9542834279452540,     0.2760794200291112,     1.2742481101910592,    4468.5837058336337577,      1372.0925494839402745,     -13727.3324193442349497,     -0.4909809269972645,    -0.7764802060078451,    -1.6780702365508473,    -0.0002555541571685,    -0.0026299528489324,    -0.3094904357381833,     0.1068377366602210,       Controls =  -0.0002555541571685,     -0.0026299528489324,    -0.3094904357381833,     0.1068377366602210
LogTemp: Warning: Time =  11.7080063633620739,         CurrentStates =  74.3264217483795022,    -1.2923363928418703,    238.0138799605376221,    0.9712835971422706,     0.2578770640345294,     1.2762644915401853,    4470.9417000818157248,      1373.7331588011184067,     -13723.2687936394686403,     -0.4910199252137299,    -0.7597911723276931,    -1.6503754593659017,    -0.0002555541571685,    -0.0026299528489324,    -0.3094904357381833,     0.1068377366602210,       Controls =  -0.0002555541571685,     -0.0026299528489324,    -0.3094904357381833,     0.1068377366602210
LogTemp: Warning: Time =  11.7284664921462536,         CurrentStates =  73.6265592487951324,     1.3138965388828581,    237.8952369638017785,    0.9888315755550539,     0.2395572173814671,     1.2785043084262409,    4473.3700156523991609,      1375.4183002339850646,     -13719.0638644829450641,     -0.4902526220508219,    -0.7428513213013864,    -1.6218844407244462,    -0.0002555541571685,    -0.0026299528489324,    -0.3094904357381833,     0.1068377366602210,       Controls =  -0.0002555541571685,     -0.0026299528489324,    -0.3094904357381833,     0.1068377366602210
LogTemp: Warning: Time =  11.7494234852492809,         CurrentStates =  73.0818508010815009,     3.9809044787854710,    237.7028684425794438,    1.0061744828415522,     0.2219121251925503,     1.2808820981664018,    4475.7687911496168454,      1377.0783585019350994,     -13714.8902526527544978,     -0.4887096094132317,    -0.7263739459082110,    -1.5937371543588295,    -0.0002555541571685,    -0.0026299528489324,    -0.3094904357381833,     0.1068377366602210,       Controls =  -0.0002555541571685,     -0.0026299528489324,    -0.3094904357381833,     0.1068377366602210
LogTemp: Warning: Time =  11.7703985981643200,         CurrentStates =  72.6782757657188512,     6.7908072041487531,    237.4271210536327317,    1.0238400612835692,     0.2044043122606586,     1.2834788035863671,    4478.2156650279412133,      1378.7667917621756715,     -13710.6128609488969232,     -0.4863499460925622,    -0.7098392665730724,    -1.5649920567263407,    -0.0002555541571685,    -0.0026299528489324,    -0.3094904357381833,     0.1068377366602210,       Controls =  -0.0002555541571685,     -0.0026299528489324,    -0.3094904357381833,     0.1068377366602210
LogTemp: Warning: Time =  11.7912840656936169,         CurrentStates =  72.4304453314468049,     9.6755725743927687,    237.0696880240067514,    1.0413881883587981,     0.1874754595388503,     1.2862404731741106,    4480.6544819202435974,      1380.4445048509014669,     -13706.3295836874931410,     -0.4832251041322879,    -0.6936438366433411,    -1.5362802162582061,    -0.0002555541571685,    -0.0026299528489324,    -0.3094904357381833,     0.1068377366602210,       Controls =  -0.0002555541571685,     -0.0026299528489324,    -0.3094904357381833,     0.1068377366602210
LogTemp: Warning: Time =  11.8123860172927380,         CurrentStates =  72.3381979060155800,    12.6133748146341240,    236.6310315411212457,    1.0586992710026795,     0.1712271018637487,     1.2891511725498397,    4483.0731856613047057,      1382.1030636624593626,     -13702.0621674361846090,     -0.4793790586164265,    -0.6778728576941102,    -1.5077197553458501,    -0.0002555541571685,    -0.0026299528489324,    -0.3094904357381833,     0.1068377366602210,       Controls =  -0.0002555541571685,     -0.0026299528489324,    -0.3094904357381833,     0.1068377366602210
LogTemp: Warning: Time =  11.8331961445510387,         CurrentStates =  72.4006841580878699,    15.6404312330044597,    236.1021875089979289,    1.0759929339514021,     0.1554461000860354,     1.2922529563683041,    4485.5071940388525036,      1383.7665324130266526,     -13697.7484185875873663,     -0.4747719554739103,    -0.6623044549844539,    -1.4788701837988696,    -0.0002555541571685,    -0.0026299528489324,    -0.3094904357381833,     0.1068377366602210,       Controls =  -0.0002555541571685,     -0.0026299528489324,    -0.3094904357381833,     0.1068377366602210
LogTemp: Warning: Time =  11.8530182652175426,         CurrentStates =  72.6143779847993471,    18.6762646262422010,    235.4945770747508789,    1.0928240045682813,     0.1405258195966044,     1.2954677670474444,    4487.8982295878522564,      1385.3949373715768161,     -13693.4921904128314054,     -0.4695397076901509,    -0.6473157531134204,    -1.4504044154611253,    -0.0002555541571685,    -0.0026299528489324,    -0.3094904357381833,     0.1068377366602210,       Controls =  -0.0002555541571685,     -0.0026299528489324,    -0.3094904357381833,     0.1068377366602210
LogTemp: Warning: Time =  11.8727736286818981,         CurrentStates =  72.9570215738683032,    21.6078276939959935,    234.8347751027213519,    1.1086226033989055,     0.1269223101305637,     1.2986708772141824,    4490.1673270058527123,      1386.9348530978775216,     -13689.4361655973461893,     -0.4639380926373990,    -0.6333792658571223,    -1.4232594320161045,    -0.0002555541571685,    -0.0026299528489324,    -0.3094904357381833,     0.1068377366602210,       Controls =  -0.0002555541571685,     -0.0026299528489324,    -0.3094904357381833,     0.1068377366602210
LogTemp: Warning: Time =  11.8928723149001598,         CurrentStates =  73.4320197733076299,    24.5614234153983162,    234.0971407434520302,    1.1241159486101351,     0.1139693295567031,     1.3019963737475766,    4492.4207413754102163,      1388.4586602861502342,     -13685.3921564733882406,     -0.4577724708132463,    -0.6198242909494857,    -1.3961625908854676,    -0.0002555541571685,    -0.0026299528489324,    -0.3094904357381833,     0.1068377366602210,       Controls =  -0.0002555541571685,     -0.0026299528489324,    -0.3094904357381833,     0.1068377366602210
LogTemp: Warning: Time =  11.9131598286330700,         CurrentStates =  74.0503206934686347,    27.5922642831425726,    233.2632980747556246,    1.1395964129782992,     0.1014235105154696,     1.3055120442486194,    4494.7054232311438682,      1389.9978229366074629,     -13681.2759808129303565,     -0.4509184738155427,    -0.6063790763463505,    -1.3685360303873788,    -0.0002555541571685,    -0.0026299528489324,    -0.3094904357381833,     0.1068377366602210,       Controls =  -0.0002555541571685,     -0.0026299528489324,    -0.3094904357381833,     0.1068377366602210
LogTemp: Warning: Time =  11.9334988407790661,         CurrentStates =  74.8104593617311622,    30.6705263080677852,    232.3351502616922915,    1.1549073563650523,     0.0894212154945161,     1.3091907717968694,    4497.0035349169147594,      1391.5399113284015584,     -13677.1195675147828297,     -0.4434224885729964,    -0.5931651001906719,    -1.3405802794271942,    -0.0002555541571685,    -0.0026299528489324,    -0.3094904357381833,     0.1068377366602210,       Controls =  -0.0002555541571685,     -0.0026299528489324,    -0.3094904357381833,     0.1068377366602210
LogTemp: Warning: Time =  11.9534716419875622,         CurrentStates =  75.7074410644466411,    33.7683916379598941,    231.3162494899858075,    1.1699157730596452,     0.0780681483555248,     1.3130043677417322,    4499.2998203269189617,      1393.0743878287496500,     -13672.9506748001294909,     -0.4353406342393299,    -0.5802800696150894,    -1.3124703507399049,    -0.0002555541571685,    -0.0026299528489324,    -0.3094904357381833,     0.1068377366602210,       Controls =  -0.0002555541571685,     -0.0026299528489324,    -0.3094904357381833,     0.1068377366602210
LogTemp: Warning: Time =  11.9739956669509411,         CurrentStates =  76.7171084531142071,    36.8141088121272730,    230.2287867994872101,    1.1842956185254589,     0.0675963730732027,     1.3168646719216626,    4501.5472776964297736,      1394.5697992391742446,     -13668.8554511157362867,     -0.4268685843446304,    -0.5679844319949683,    -1.2847797710051598,    -0.0002555541571685,    -0.0026299528489324,    -0.3094904357381833,     0.1068377366602210,       Controls =  -0.0002555541571685,     -0.0026299528489324,    -0.3094904357381833,     0.1068377366602210
LogTemp: Warning: Time =  11.9943241886794567,         CurrentStates =  77.8848477614349264,    39.9399729807963482,    229.0208165072354518,    1.1986790731478667,     0.0575473637238566,     1.3209433756650584,    4503.8494692908680008,      1396.0947568823983147,     -13664.6454620418298873,     -0.4176252302758970,    -0.5557199897451632,    -1.2562253501987548,    -0.0002555541571685,    -0.0026299528489324,    -0.3094904357381833,     0.1068377366602210,       Controls =  -0.0002555541571685,     -0.0026299528489324,    -0.3094904357381833,     0.1068377366602210
LogTemp: Warning: Time =  12.0141024403274059,         CurrentStates =  79.1684155016874058,    43.0240777555745311,    227.7335210118448003,    1.2125080579988556,     0.0483196419057577,     1.3250865475592353,    4506.1226387825918209,      1397.5933872656598851,     -13660.4739761314558564,     -0.4079492885029274,    -0.5439452653771871,    -1.2278376082625773,    -0.0002555541571685,    -0.0026299528489324,    -0.3094904357381833,     0.1068377366602210,       Controls =  -0.0002555541571685,     -0.0026299528489324,    -0.3094904357381833,     0.1068377366602210
LogTemp: Warning: Time =  12.0344509892165661,         CurrentStates =  80.5352163523013758,    46.0054272265602577,    226.3942273398838836,    1.2255406834191451,     0.0400488289151381,     1.3292073418008234,    4508.3276444426583112,      1399.0400631894979142,     -13656.4141099820571981,     -0.3980539423324405,    -0.5328478803201475,    -1.2001139346765852,    -0.0002555541571685,    -0.0026299528489324,    -0.3094904357381833,     0.1068377366602210,       Controls =  -0.0002555541571685,     -0.0026299528489324,    -0.3094904357381833,     0.1068377366602210
LogTemp: Warning: Time =  12.0542502216994762,         CurrentStates =  82.0594791404473085,    49.0453115311419552,    224.9269167041068158,    1.2384932253294423,     0.0322809464693433,     1.3335300959808141,    4510.5899195538731874,      1400.5168456965168389,     -13652.2354183713378006,     -0.3873927143100550,    -0.5217999828258219,    -1.1714761151290074,    -0.0002555541571685,    -0.0026299528489324,    -0.3094904357381833,     0.1068377366602210,       Controls =  -0.0002555541571685,     -0.0026299528489324,    -0.3094904357381833,     0.1068377366602210
LogTemp: Warning: Time =  12.0749230198562145,         CurrentStates =  83.6537069119057151,    51.9684455241698942,    223.4127873189450497,    1.2506291502513931,     0.0254597801576830,     1.3378064939595127,    4512.7850164568508262,      1401.9422635763096423,     -13648.1682767347738263,     -0.3765681750722434,    -0.5114122904594810,    -1.1434994961893681,    -0.0002555541571685,    -0.0026299528489324,    -0.3094904357381833,     0.1068377366602210,       Controls =  -0.0002555541571685,     -0.0026299528489324,    -0.3094904357381833,     0.1068377366602210
LogTemp: Warning: Time =  12.0951580815017223,         CurrentStates =  85.4310585340626858,    54.9758703425656421,    221.7417314766435936,    1.2627861413390198,     0.0191293088541718,     1.3423339428506644,    4515.0708445644968378,      1403.4184284661018864,     -13643.9203829866910382,     -0.3648081647571732,    -0.5009479080601210,    -1.1141682715907368,    -0.0002555541571685,    -0.0026299528489324,    -0.3094904357381833,     0.1068377366602210,       Controls =  -0.0002555541571685,     -0.0026299528489324,    -0.3094904357381833,     0.1068377366602210
LogTemp: Warning: Time =  12.1155781559646130,         CurrentStates =  87.2781347708888973,    57.8675803884329838,    220.0179890968884706,    1.2741552891373829,     0.0137321803526511,     1.3468152245493008,    4517.3026951469455526,      1404.8513839558445397,     -13639.7608641779188474,     -0.3528602745357455,    -0.4910820934446606,    -1.0853355316705231,    -0.0002555541571685,    -0.0026299528489324,    -0.3094904357381833,     0.1068377366602210,       Controls =  -0.0002555541571685,     -0.0026299528489324,    -0.3094904357381833,     0.1068377366602210
LogTemp: Warning: Time =  12.1363444142043591,         CurrentStates =  89.2449495618298698,    60.7252132480538052,    218.1919460074838355,    1.2850730717672358,     0.0091053311274896,     1.3513736152236466,    4519.5494992212788929,      1406.2852896976125976,     -13635.5621209024684504,     -0.3403834986294141,    -0.4815045868857072,    -1.0561180168798050,    -0.0002555541571685,    -0.0026299528489324,    -0.3094904357381833,     0.1068377366602210,       Controls =  -0.0002555541571685,     -0.0026299528489324,    -0.3094904357381833,     0.1068377366602210
LogTemp: Warning: Time =  12.1570744328200817,         CurrentStates =  91.3459719823108145,    63.5606966075134565,    216.2479516598006910,    1.2955810706027147,     0.0052634003182546,     1.3560318712008113,    4521.8291173910229190,      1407.7309380365161360,     -13631.2910265794635052,     -0.3272814037911808,    -0.4721535734834113,    -1.0262807216024621,    -0.0002555541571685,    -0.0026299528489324,    -0.3094904357381833,     0.1068377366602210,       Controls =  -0.0002555541571685,     -0.0026299528489324,    -0.3094904357381833,     0.1068377366602210
LogTemp: Warning: Time =  12.1777367405593395,         CurrentStates =  93.5395169740646679,    66.3122157101707046,    214.2223660730563779,    1.3054504212063505,     0.0023165090344518,     1.3606893619239899,    4524.0999841984457817,      1409.1614893943587958,     -13627.0259512328393612,     -0.3138041139312811,    -0.4632074399848628,    -0.9963692272716523,    -0.0002555541571685,    -0.0026299528489324,    -0.3094904357381833,     0.1068377366602210,       Controls =  -0.0002555541571685,     -0.0026299528489324,    -0.3094904357381833,     0.1068377366602210
LogTemp: Warning: Time =  12.1979937367141247,         CurrentStates =  95.8158283070103352,    68.9680862915455748,    212.1220914885208515,    1.3146481397400069,     0.0002838597426144,     1.3653223263951952,    4526.3590126602121018,      1410.5747952469880602,     -13622.7735460753956431,     -0.2999948195604563,    -0.4546744092266811,    -0.9664324717034768,    -0.0002555541571685,    -0.0026299528489324,    -0.3094904357381833,     0.1068377366602210,       Controls =  -0.0002555541571685,     -0.0026299528489324,    -0.3094904357381833,     0.1068377366602210
LogTemp: Warning: Time =  12.2183956913650036,         CurrentStates =  98.1288618148845302,    71.4802431228963542,    209.9878292414172165,    1.3230242167209121,    -0.0008107132452205,     1.3698384867946221,    4528.5697198986963485,      1411.9481007161232355,     -13618.6035958570410003,     -0.2861116816757096,    -0.4466777417709478,    -0.9369676377840345,    -0.0002555541571685,    -0.0026299528489324,    -0.3094904357381833,     0.1068377366602210,       Controls =  -0.0002555541571685,     -0.0026299528489324,    -0.3094904357381833,     0.1068377366602210
LogTemp: Warning: Time =  12.2389635853469372,         CurrentStates =  100.5341323897659151,   73.9116134803961131,    207.7669242391657178,    1.3307984179065488,    -0.0009921315976015,     1.3743439014844694,    4530.7927573356591893,      1413.3190086800250356,     -13614.4026767028208269,     -0.2718027609616340,    -0.4389882711605468,    -0.9071779361570619,    -0.0002555541571685,    -0.0026299528489324,    -0.3094904357381833,     0.1068377366602210,       Controls =  -0.0002555541571685,     -0.0026299528489324,    -0.3094904357381833,     0.1068377366602210
LogTemp: Warning: Time =  12.2593283466994762,         CurrentStates =  103.0295613620641291,   76.2552923266420919,    205.4601096662182727,    1.3379428015881709,    -0.0002161687241431,     1.3788236507662046,    4533.0306547900590886,      1414.6885840583918252,     -13610.1666964972991991,     -0.2570664208276576,    -0.4316013344187816,    -0.8770350410941551,    -0.0002555541571685,    -0.0026299528489324,    -0.3094904357381833,     0.1068377366602210,       Controls =  -0.0002555541571685,     -0.0026299528489324,    -0.3094904357381833,     0.1068377366602210
LogTemp: Warning: Time =  12.2800192646682262,         CurrentStates =  105.5640351498339840,   78.4630454489678471,    203.1138106312170066,    1.3443118653094288,     0.0015243633267689,     1.3831789548213240,    4535.2438688095871839,      1416.0323972734888684,     -13605.9714197740031523,     -0.2421868900242259,    -0.4246414876381044,    -0.8470819113283982,    -0.0002555541571685,    -0.0026299528489324,    -0.3094904357381833,     0.1068377366602210,       Controls =  -0.0002555541571685,     -0.0026299528489324,    -0.3094904357381833,     0.1068377366602210
LogTemp: Warning: Time =  12.3005175404250622,         CurrentStates =  108.1969956211054296,   80.5845303961288408,    200.6724476123155512,    1.3500444313403270,     0.0043076941393724,     1.3875017219215966,    4537.4900851838428935,      1417.3851203229028215,     -13601.7084027645450988,     -0.2267975668697223,    -0.4179241636631976,    -0.8165474080130409,    -0.0002555541571685,    -0.0026299528489324,    -0.3094904357381833,     0.1068377366602210,       Controls =  -0.0002555541571685,     -0.0026299528489324,    -0.3094904357381833,     0.1068377366602210
LogTemp: Warning: Time =  12.3209404759109020,         CurrentStates =  110.8563634327481964,   82.5595980770912661,    198.2026408289999040,    1.3549714935729875,     0.0080979809031767,     1.3916624694965134,    4539.7136207560970433,      1418.7128668294474210,     -13597.4842649592246744,     -0.2113014768048711,    -0.4116117537288789,    -0.7861985917255050,    -0.0002555541571685,    -0.0026299528489324,    -0.3094904357381833,     0.1068377366602210,       Controls =  -0.0002555541571685,     -0.0026299528489324,    -0.3094904357381833,     0.1068377366602210
LogTemp: Warning: Time =  12.3423132710158825,         CurrentStates =  113.5494194277555096,   84.3965636128163794,    195.6978740709518263,    1.3591182736345873,     0.0129196945971001,     1.3956665945689843,    4541.9277220872627367,      1420.0235357580681921,     -13593.2749417311042635,     -0.1956359191012808,    -0.4056514610155506,    -0.7558689046790327,    -0.0002555541571685,    -0.0026299528489324,    -0.3094904357381833,     0.1068377366602210,       Controls =  -0.0002555541571685,     -0.0026299528489324,    -0.3094904357381833,     0.1068377366602210
LogTemp: Warning: Time =  12.3626255802810192,         CurrentStates =  116.4063865898265249,   86.1736664295510479,    193.0373649806663252,    1.3626250717986470,     0.0191058398351187,     1.3996827988004010,    4544.2438952464881368,      1421.3821536108048349,     -13588.8693825700229354,     -0.1790235041083939,    -0.3997536681583197,    -0.7240370435601822,    -0.0002555541571685,    -0.0026299528489324,    -0.3094904357381833,     0.1068377366602210,       Controls =  -0.0002555541571685,     -0.0026299528489324,    -0.3094904357381833,     0.1068377366602210
LogTemp: Warning: Time =  12.3834080509841442,         CurrentStates =  119.1510890539510967,   87.7204844848728555,    190.4792347774396717,    1.3651528466329754,     0.0260855883941344,     1.4033130488250776,    4546.4450112611839359,      1422.6612487530824183,     -13584.6817156655688450,     -0.1630490351189454,    -0.3944573346218808,    -0.6937008157877766,    -0.0002555541571685,    -0.0026299528489324,    -0.3094904357381833,     0.1068377366602210,       Controls =  -0.0002555541571685,     -0.0026299528489324,    -0.3094904357381833,     0.1068377366602210
LogTemp: Warning: Time =  12.4047055058181286,         CurrentStates =  121.9810506279477949,   89.1555436771988212,    187.8407875954458746,    1.3669120968692325,     0.0343517226876420,     1.4068161257658753,    4548.6971723881470098,      1423.9576850511532484,     -13580.3971316403003584,     -0.1465416135421924,    -0.3893365582128406,    -0.6625880981050457,    -0.0002555541571685,    -0.0026299528489324,    -0.3094904357381833,     0.1068377366602210,       Controls =  -0.0002555541571685,     -0.0026299528489324,    -0.3094904357381833,     0.1068377366602210
LogTemp: Warning: Time =  12.4261116795241833,         CurrentStates =  124.8962481863447778,   90.4679905275653482,    185.1237622952894526,    1.3678336685952550,     0.0440154312782273,     1.4101614817613211,    4551.0061481286529670,      1425.2737316171469502,     -13576.0059154030168429,     -0.1294751780377424,    -0.3843850042305260,    -0.6306281449556940,    -0.0002555541571685,    -0.0026299528489324,    -0.3094904357381833,     0.1068377366602210,       Controls =  -0.0002555541571685,     -0.0026299528489324,    -0.3094904357381833,     0.1068377366602210
LogTemp: Warning: Time =  12.4473585896193981,         CurrentStates =  127.8331186036304388,   91.6227650801519928,    182.3897057868184106,    1.3678487303854279,     0.0549494216055717,     1.4132503104179608,    4553.3284339886295129,      1426.5838741579557336,     -13571.5921858017718478,     -0.1121940944396424,    -0.3796927068950964,    -0.5984351453633829,    -0.0002555541571685,    -0.0026299528489324,    -0.3094904357381833,     0.1068377366602210,       Controls =  -0.0002555541571685,     -0.0026299528489324,    -0.3094904357381833,     0.1068377366602210
LogTemp: Warning: Time =  12.4694351963698864,         CurrentStates =  130.7463008115775551,   92.6037734283437999,    179.6835126204629773,    1.3669505374995974,     0.0670083906442055,     1.4160214684290422,    4555.6355146475934816,      1427.8719738561208032,     -13567.2114600749027886,     -0.0949400956346954,    -0.3752987129288421,    -0.5664192135947028,    -0.0002555541571685,    -0.0026299528489324,    -0.3094904357381833,     0.1068377366602210,       Controls =  -0.0002555541571685,     -0.0026299528489324,    -0.3094904357381833,     0.1068377366602210
LogTemp: Warning: Time =  12.4920353703200817,         CurrentStates =  133.7623795100390112,   93.4473162265670112,    176.8911617242010266,    1.3650459604876717,     0.0807971619561945,     1.4185659779577613,    4558.0356574497145630,      1429.1977756573935494,     -13562.6597823493193573,     -0.0769304007768166,    -0.3709898848984396,    -0.5330916415059104,    -0.0002555541571685,    -0.0026299528489324,    -0.3094904357381833,     0.1068377366602210,       Controls =  -0.0002555541571685,     -0.0026299528489324,    -0.3094904357381833,     0.1068377366602210
LogTemp: Warning: Time =  12.5141043476760387,         CurrentStates =  136.8287682524505158,   94.1246004161903187,    174.0661982102499508,    1.3620662888818038,     0.0962125763886980,     1.4207929306524796,    4560.4965273213128967,      1430.5420831942842597,     -13558.0005374376560212,     -0.0584352125456653,    -0.3668266892345629,    -0.4989155656366283,    -0.0002555541571685,    -0.0026299528489324,    -0.3094904357381833,     0.1068377366602210,       Controls =  -0.0002555541571685,     -0.0026299528489324,    -0.3094904357381833,     0.1068377366602210
LogTemp: Warning: Time =  12.5363745503127575,         CurrentStates =  139.7930131434512759,   94.6043931400039213,    171.3533895092856767,    1.3581504626382443,     0.1124922056528814,     1.4225764709179300,    4562.9040615896301460,      1431.8426500442490124,     -13553.4511675888425088,     -0.0403441733889052,    -0.3629796776530526,    -0.4654902541566068,    -0.0002555541571685,    -0.0026299528489324,    -0.3094904357381833,     0.1068377366602210,       Controls =  -0.0002555541571685,     -0.0026299528489324,    -0.3094904357381833,     0.1068377366602210
LogTemp: Warning: Time =  12.5586457066237926,         CurrentStates =  142.7446619440040934,   94.9078714053177777,    168.6750545374885064,    1.3531952518041197,     0.1300900347245189,     1.4239644992280314,    4565.3386083971390690,      1433.1433314407643138,     -13548.8610988578329852,     -0.0220853862984133,    -0.3592928249919514,    -0.4317143879494944,    -0.0002555541571685,    -0.0026299528489324,    -0.3094904357381833,     0.1068377366602210,       Controls =  -0.0002555541571685,     -0.0026299528489324,    -0.3094904357381833,     0.1068377366602210
LogTemp: Warning: Time =  12.5814890675246716,         CurrentStates =  145.6477289993791544,   95.0320047498883440,    166.0691022436504909,    1.3472399828744048,     0.1487926072405684,     1.4249218014059879,    4567.7791641916273875,      1434.4329040731379337,     -13544.2714680563003640,     -0.0038480301756822,    -0.3557782954058414,    -0.3978931539088546,    -0.0002555541571685,    -0.0026299528489324,    -0.3094904357381833,     0.1068377366602210,       Controls =  -0.0002555541571685,     -0.0026299528489324,    -0.3094904357381833,     0.1068377366602210
LogTemp: Warning: Time =  12.6040282063186169,         CurrentStates =  148.5653598800051611,   94.9761889008645710,    163.4853375242201707,    1.3401079410337327,     0.1690314843434785,     1.4254412899820574,    4570.2890752912717289,      1435.7445654052460213,     -13539.5649941185765783,      0.0148069021132300,    -0.3523288990404281,    -0.3631631822628001,    -0.0002555541571685,    -0.0026299528489324,    -0.3094904357381833,     0.1068377366602210,       Controls =  -0.0002555541571685,     -0.0026299528489324,    -0.3094904357381833,     0.1068377366602210
LogTemp: Warning: Time =  12.6271958164870739,         CurrentStates =  151.3758738105000248,   94.7434427667007668,    161.0375692660184370,    1.3320745163954670,     0.1899480333737141,     1.4254837631685862,    4572.7729220359851752,      1437.0285525469573713,     -13534.9221312301251601,      0.0331379552255669,    -0.3490566074901804,    -0.3288574639984029,    -0.0002555541571685,    -0.0026299528489324,    -0.3094904357381833,     0.1068377366602210,       Controls =  -0.0002555541571685,     -0.0026299528489324,    -0.3094904357381833,     0.1068377366602210
LogTemp: Warning: Time =  12.6499934010207653,         CurrentStates =  154.1851975596368050,   94.3254783392324754,    158.6400941908817401,    1.3228128750988379,     0.2123111519797840,     1.4250330726581495,    4575.3342089991865578,      1438.3385207505498329,     -13530.1509628917501686,      0.0518756456636418,    -0.3458062322212190,    -0.2935587834294510,    -0.0002555541571685,    -0.0026299528489324,    -0.3094904357381833,     0.1068377366602210,       Controls =  -0.0002555541571685,     -0.0026299528489324,    -0.3094904357381833,     0.1068377366602210
LogTemp: Warning: Time =  12.6733794026076794,         CurrentStates =  156.8625640409695166,   93.7433288196867665,    156.4107480968179686,    1.3127385322090110,     0.2350481024695945,     1.4240969910192114,    4577.8631376666598953,      1439.6186056721596742,     -13525.4573912712749006,      0.0701853898929392,    -0.3426990104896436,    -0.2587910905450933,    -0.0002555541571685,    -0.0026299528489324,    -0.3094904357381833,     0.1068377366602210,       Controls =  -0.0002555541571685,     -0.0026299528489324,    -0.3094904357381833,     0.1068377366602210
LogTemp: Warning: Time =  12.6961598210036755,         CurrentStates =  159.5113402675296754,   92.9770644881540846,    154.2695988739071140,    1.3014536930531877,     0.2589950096706750,     1.4226298201960696,    4580.4668042756493378,      1440.9234467855012554,     -13520.6439012740338512,      0.0888118456624732,    -0.3395855473668752,    -0.2230917235012775,    -0.0002555541571685,    -0.0026299528489324,    -0.3094904357381833,     0.1068377366602210,       Controls =  -0.0002555541571685,     -0.0026299528489324,    -0.3094904357381833,     0.1068377366602210
LogTemp: Warning: Time =  12.7190556339919567,         CurrentStates =  161.9889494709933899,   92.0735554580143400,    152.3365378100123451,    1.2895805964933662,     0.2827993228679001,     1.4207120903744623,    4583.0125506457598021,      1442.1872424369332748,     -13515.9565484355171066,      0.1067810633603207,    -0.3366075421052939,    -0.1882863544417779,    -0.0002555541571685,    -0.0026299528489324,    -0.3094904357381833,     0.1068377366602210,       Controls =  -0.0002555541571685,     -0.0026299528489324,    -0.3094904357381833,     0.1068377366602210
LogTemp: Warning: Time =  12.7421030811965466,         CurrentStates =  164.3703920110569072,   91.0173628682657778,    150.5548666015992580,    1.2768209851876660,     0.3070742645659890,     1.4183077866588918,    4585.5810233593992962,      1443.4511340369945174,     -13511.2469093248801073,      0.1246470432440406,    -0.3336536229744002,    -0.1532747727679071,    -0.0002555541571685,    -0.0026299528489324,    -0.3094904357381833,     0.1068377366602210,       Controls =  -0.0002555541571685,     -0.0026299528489324,    -0.3094904357381833,     0.1068377366602210
LogTemp: Warning: Time =  12.7648682408034801,         CurrentStates =  166.6513172515291217,   89.8128809708130120,    148.9328012454977568,    1.2631939356311457,     0.3317438778978549,     1.4154174379135751,    4588.1768157579372200,      1444.7179595073209839,     -13506.5074450412066653,      0.1424160070491604,    -0.3307062515207693,    -0.1180006491131620,    -0.0002555541571685,    -0.0026299528489324,    -0.3094904357381833,     0.1068377366602210,       Controls =  -0.0002555541571685,     -0.0026299528489324,    -0.3094904357381833,     0.1068377366602210
LogTemp: Warning: Time =  12.7881989292800426,         CurrentStates =  168.7840434040257094,   88.4930003520729684,    147.5063210507297526,    1.2490199321224844,     0.3562284314283282,     1.4121154118457555,    4590.7511368614423191,      1445.9647962806109263,     -13501.8274669812399225,      0.1597376888848416,    -0.3278093473079534,    -0.0831294012641667,    -0.0002555541571685,    -0.0026299528489324,    -0.3094904357381833,     0.1068377366602210,       Controls =  -0.0002555541571685,     -0.0026299528489324,    -0.3094904357381833,     0.1068377366602210
LogTemp: Warning: Time =  12.8109812550246716,         CurrentStates =  170.8403652520490255,   87.0158106328335350,    146.2313551743967537,    1.2338199882894347,     0.3813331412110836,     1.4082899346200457,    4593.4002337401516343,      1447.2389452972656727,     -13497.0326620276864560,      0.1772368921066107,    -0.3248452791852927,    -0.0473618017094965,    -0.0002555541571685,    -0.0026299528489324,    -0.3094904357381833,     0.1068377366602210,       Controls =  -0.0002555541571685,     -0.0026299528489324,    -0.3094904357381833,     0.1068377366602210
LogTemp: Warning: Time =  12.8337263874709606,         CurrentStates =  172.7170714526743893,   85.4615066656883613,    145.1733336778203238,    1.2183831499327811,     0.4057603554044972,     1.4041451311386497,    4595.9975772571906418,      1448.4804037632952713,     -13492.3522167171813635,      0.1940628808889452,    -0.3219477015502065,    -0.0124078252047698,    -0.0002555541571685,    -0.0026299528489324,    -0.3094904357381833,     0.1068377366602210,       Controls =  -0.0002555541571685,     -0.0026299528489324,    -0.3094904357381833,     0.1068377366602210
LogTemp: Warning: Time =  12.8560938648879528,         CurrentStates =  174.4571611121171486,   83.8091664214991567,    144.3042090775527413,    1.2024488056996654,     0.4299755119022317,     1.3996270242911730,    4598.6012449264717361,      1449.7180977233942940,     -13487.6807195309138478,      0.2105922817417664,    -0.3190451397796114,     0.0225178321550901,    -0.0002555541571685,    -0.0026299528489324,    -0.3094904357381833,     0.1068377366602210,       Controls =  -0.0002555541571685,     -0.0026299528489324,    -0.3094904357381833,     0.1068377366602210
LogTemp: Warning: Time =  12.8781895451247692,         CurrentStates =  176.0343925934298568,   82.0958551615015608,    143.6335850021718841,    1.1863332032738145,     0.4535431082858274,     1.3948382356126023,    4601.1717812287761262,      1450.9343003501060139,     -13483.0883471571360133,      0.2265739122778040,    -0.3161767065402513,     0.0568890146982011,    -0.0002555541571685,    -0.0026299528489324,    -0.3094904357381833,     0.1068377366602210,       Controls =  -0.0002555541571685,     -0.0026299528489324,    -0.3094904357381833,     0.1068377366602210
LogTemp: Warning: Time =  12.9003500752151012,         CurrentStates =  177.4589201353300325,   80.3263378922879383,    143.1507484638752601,    1.1700387185161873,     0.4765210319864286,     1.3897954178094145,    4603.7210431975663596,      1452.1356891247351086,     -13478.5529231937071017,      0.2420883410980718,    -0.3133257749167438,     0.0908696044620003,    -0.0002555541571685,    -0.0026299528489324,    -0.3094904357381833,     0.1068377366602210,       Controls =  -0.0002555541571685,     -0.0026299528489324,    -0.3094904357381833,     0.1068377366602210
LogTemp: Warning: Time =  12.9227833561599255,         CurrentStates =  178.7513104931846613,   78.4839987446358123,    142.8453054029450300,    1.1533840277008716,     0.4992023509298092,     1.3844520821485962,    4606.2873380309465574,      1453.3411971191578687,     -13474.0058095433778362,      0.2573675048068560,    -0.3104471285394363,     0.1249728014320276,    -0.0002555541571685,    -0.0026299528489324,    -0.3094904357381833,     0.1068377366602210,       Controls =  -0.0002555541571685,     -0.0026299528489324,    -0.3094904357381833,     0.1068377366602210
LogTemp: Warning: Time =  12.9451622776687145,         CurrentStates =  179.9180917498637200,   76.5590201342204182,    142.7168848023763701,    1.1362647923318441,     0.5217396857266996,     1.3787776360277446,    4608.8950390286299807,      1454.5630140165119428,     -13469.4039499531099864,      0.2725444530985941,    -0.3075116693369855,     0.1595216900809573,    -0.0002555541571685,    -0.0026299528489324,    -0.3094904357381833,     0.1068377366602210,       Controls =  -0.0002555541571685,     -0.0026299528489324,    -0.3094904357381833,     0.1068377366602210
LogTemp: Warning: Time =  12.9674324803054333,         CurrentStates =  180.9378124451044982,   74.5878482487822936,    142.7674809075003850,    1.1189880425821381,     0.5437478485894519,     1.3728784397995168,    4611.5058930305403919,      1455.7840023178362117,     -13464.8147600716329180,      0.2873887362625691,    -0.3045616315151931,     0.1940099334441209,    -0.0002555541571685,    -0.0026299528489324,    -0.3094904357381833,     0.1068377366602210,       Controls =  -0.0002555541571685,     -0.0026299528489324,    -0.3094904357381833,     0.1068377366602210
LogTemp: Warning: Time =  12.9901537708938122,         CurrentStates =  181.8076516029063328,   72.5846421602861369,    142.9916264595805160,    1.1016555438507292,     0.5651356067171385,     1.3667982296893746,    4614.1133323425992785,      1457.0019357116191259,     -13460.2491675119545107,      0.3018656584356113,    -0.3016047226285456,     0.2283542329752261,    -0.0002555541571685,    -0.0026299528489324,    -0.3094904357381833,     0.1068377366602210,       Controls =  -0.0002555541571685,     -0.0026299528489324,    -0.3094904357381833,     0.1068377366602210
LogTemp: Warning: Time =  13.0129694752395153,         CurrentStates =  182.5443890999449366,   70.5070817624181245,    143.3946394759493614,    1.0838871721844461,     0.5863871179189726,     1.3604071849106008,    4616.7828102795219820,      1458.2481925085542116,     -13455.5924838401588204,      0.3163308702257182,    -0.2985674697610841,     0.2634171790397851,    -0.0002555541571685,    -0.0026299528489324,    -0.3094904357381833,     0.1068377366602210,       Controls =  -0.0002555541571685,     -0.0026299528489324,    -0.3094904357381833,     0.1068377366602210
LogTemp: Warning: Time =  13.0354409031569958,         CurrentStates =  183.1295489491686794,   68.3956300867223632,    143.9712093781889166,    1.0660179565940298,     0.6071079305450457,     1.3538274049694947,    4619.4722649928817191,      1459.5039607954647636,     -13450.9181612684660649,      0.3305454028579350,    -0.2954992179345477,     0.2986458632318274,    -0.0002555541571685,    -0.0026299528489324,    -0.3094904357381833,     0.1068377366602210,       Controls =  -0.0002555541571685,     -0.0026299528489324,    -0.3094904357381833,     0.1068377366602210
LogTemp: Warning: Time =  13.0578312687575817,         CurrentStates =  183.5533785689295030,   66.2997106039158410,    144.7015669757269620,    1.0484460063360987,     0.6268750487262805,     1.3472149255148804,    4622.1296163907709342,      1460.7457427871866003,     -13446.3158423850018153,      0.3442429721556926,    -0.2924621280346022,     0.3333629848615852,    -0.0002555541571685,    -0.0026299528489324,    -0.3094904357381833,     0.1068377366602210,       Controls =  -0.0002555541571685,     -0.0026299528489324,    -0.3094904357381833,     0.1068377366602210
LogTemp: Warning: Time =  13.0807347111403942,         CurrentStates =  183.8244309613673408,   64.2033058326254888,    145.5832426349209641,    1.0310164635514822,     0.6459048180594310,     1.3405220898378747,    4624.7853754998550357,      1461.9885641893959018,     -13441.7316009103888064,      0.3575949259911352,    -0.2894248249978302,     0.3679731737823998,    -0.0002555541571685,    -0.0026299528489324,    -0.3094904357381833,     0.1068377366602210,       Controls =  -0.0002555541571685,     -0.0026299528489324,    -0.3094904357381833,     0.1068377366602210
LogTemp: Warning: Time =  13.1031431965529919,         CurrentStates =  183.9450851127339206,   62.0586799213561022,    146.6368158891349651,    1.0133210590128827,     0.6646486590788602,     1.3335947624867590,    4627.5097024847127614,      1463.2661195013672568,     -13437.0440812446158816,      0.3709498417629117,    -0.2863112792784974,     0.4033920036154808,    -0.0002555541571685,    -0.0026299528489324,    -0.3094904357381833,     0.1068377366602210,       Controls =  -0.0002555541571685,     -0.0026299528489324,    -0.3094904357381833,     0.1068377366602210
LogTemp: Warning: Time =  13.1257920078933239,         CurrentStates =  183.9098162662110383,   59.9676656553976599,    147.8085117338161467,    0.9961856272793739,     0.6822495804077131,     1.3267622048798842,    4630.1823734792014875,      1464.5228110001221467,     -13432.4594403275896184,      0.3837245638082538,    -0.2832638757120133,     0.4380601249796742,    -0.0002555541571685,    -0.0026299528489324,    -0.3094904357381833,     0.1068377366602210,       Controls =  -0.0002555541571685,     -0.0026299528489324,    -0.3094904357381833,     0.1068377366602210
LogTemp: Warning: Time =  13.1481470875442028,         CurrentStates =  183.7204129816969953,   57.8688721549849063,    149.1261659783239395,    0.9790910948367398,     0.6992648272787405,     1.3198254485179168,    4632.8903874966617877,      1465.8002570224739429,     -13427.8274373534713959,      0.3963481298519431,    -0.2801891619693629,     0.4731112549407127,    -0.0002555541571685,    -0.0026299528489324,    -0.3094904357381833,     0.1068377366602210,       Controls =  -0.0002555541571685,     -0.0026299528489324,    -0.3094904357381833,     0.1068377366602210
LogTemp: Warning: Time =  13.1705517582595348,         CurrentStates =  183.3825934968088518,   55.8185209906079507,    150.5498353632606268,    0.9624819843189348,     0.7152640116624882,     1.3129707223196945,    4635.5693619897674580,      1467.0688063532870729,     -13423.2573618960450403,      0.4085299225959697,    -0.2771667763657893,     0.5077161403991695,    -0.0002555541571685,    -0.0026299528489324,    -0.3094904357381833,     0.1068377366602210,       Controls =  -0.0002555541571685,     -0.0026299528489324,    -0.3094904357381833,     0.1068377366602210
LogTemp: Warning: Time =  13.1929096989333630,         CurrentStates =  182.8947014249918936,   53.7910802610010563,    152.0907499571699759,    0.9461376058027838,     0.7304742998349850,     1.3061139046432182,    4638.2599832257938033,      1468.3483606909542232,     -13418.6787850117943890,      0.4204690657636564,    -0.2741579368253652,     0.5424052459000320,    -0.0002555541571685,    -0.0026299528489324,    -0.3094904357381833,     0.1068377366602210,       Controls =  -0.0002555541571685,     -0.0026299528489324,    -0.3094904357381833,     0.1068377366602210
LogTemp: Warning: Time =  13.2154278568923473,         CurrentStates =  182.2603454172082138,   51.8015290664158812,    153.7332071074599469,    0.9301670243299676,     0.7447954485324031,     1.2993054009571299,    4640.9498818382080572,      1469.6337285735480691,     -13414.1119047255688201,      0.4321203875727521,    -0.2711847663206475,     0.5770227373603073,    -0.0002555541571685,    -0.0026299528489324,    -0.3094904357381833,     0.1068377366602210,       Controls =  -0.0002555541571685,     -0.0026299528489324,    -0.3094904357381833,     0.1068377366602210
LogTemp: Warning: Time =  13.2379689030349255,         CurrentStates =  181.4744013796876629,   49.8373063335901492,    155.4840802379016793,    0.9144586656831899,     0.7583202849921468,     1.2925011592187581,    4643.6637068392619767,      1470.9374123040533959,     -13409.5140541744240181,      0.4435989952860303,    -0.2682296138326630,     0.6118889032275380,    -0.0002555541571685,    -0.0026299528489324,    -0.3094904357381833,     0.1068377366602210,       Controls =  -0.0002555541571685,     -0.0026299528489324,    -0.3094904357381833,     0.1068377366602210
LogTemp: Warning: Time =  13.2603373341262341,         CurrentStates =  180.5423537385278223,   47.9165967299830626,    157.3241316960841232,    0.8991479044374002,     0.7709179354151037,     1.2857624780668868,    4646.3840945681395169,      1472.2518127186374386,     -13404.9138316448988917,      0.4548391946460535,    -0.2653223037487916,     0.6467832907053990,    -0.0002555541571685,    -0.0026299528489324,    -0.3094904357381833,     0.1068377366602210,       Controls =  -0.0002555541571685,     -0.0026299528489324,    -0.3094904357381833,     0.1068377366602210
LogTemp: Warning: Time =  13.2826618961989880,         CurrentStates =  179.4764887732519298,   46.0605601380213585,    159.2271135958164905,    0.8843927895045048,     0.7824531507356863,     1.2791635775694177,    4649.0870798527603256,      1473.5659014888510683,     -13400.3507170067823608,      0.4657560535675305,    -0.2624991594025983,     0.6814020905700300,    -0.0002555541571685,    -0.0026299528489324,    -0.3094904357381833,     0.1068377366602210,       Controls =  -0.0002555541571685,     -0.0026299528489324,    -0.3094904357381833,     0.1068377366602210
LogTemp: Warning: Time =  13.3049330525100231,         CurrentStates =  178.2761121553648991,   44.2627417537572825,    161.1930904749615365,    0.8701319228718019,     0.7929683506276849,     1.2726816985656346,    4651.7873192266724800,      1474.8872800604713120,     -13395.7988777770206070,      0.4764240951786308,    -0.2597560754568267,     0.7159364377170728,    -0.0002555541571685,    -0.0026299528489324,    -0.3094904357381833,     0.1068377366602210,       Controls =  -0.0002555541571685,     -0.0026299528489324,    -0.3094904357381833,     0.1068377366602210
LogTemp: Warning: Time =  13.3270573429763317,         CurrentStates =  176.9463683600928334,   42.5279361719019633,    163.2112787264774454,    0.8563942352749310,     0.8024290600394269,     1.2663334121543628,    4654.4831158923361727,      1476.2156207372468089,     -13391.2601337806663651,      0.4868500480117687,    -0.2571073118090003,     0.7503671924422110,    -0.0002555541571685,    -0.0026299528489324,    -0.3094904357381833,     0.1068377366602210,       Controls =  -0.0002555541571685,     -0.0026299528489324,    -0.3094904357381833,     0.1068377366602210
LogTemp: Warning: Time =  13.3487648777663708,         CurrentStates =  175.4988562750424421,   40.8667543586737523,    165.2629786671651004,    0.8432551653267938,     0.8107731510856866,     1.2601573136233992,    4657.1624713576011345,      1477.5454096275743723,     -13386.7536050983162568,      0.4970024149462010,    -0.2545772751528479,     0.7845434880283320,    -0.0002555541571685,    -0.0026299528489324,    -0.3094904357381833,     0.1068377366602210,       Controls =  -0.0002555541571685,     -0.0026299528489324,    -0.3094904357381833,     0.1068377366602210
LogTemp: Warning: Time =  13.3698983006179333,         CurrentStates =  173.9605801940880667,   39.3007741275868625,    167.3123583059674502,    0.8308772912529632,     0.8179049154123998,     1.2542357567146261,    4659.7920354907564615,      1478.8602025150159989,     -13382.3342282470694045,      0.5067743117548091,    -0.2522077446612881,     0.8180428081492179,    -0.0002555541571685,    -0.0026299528489324,    -0.3094904357381833,     0.1068377366602210,       Controls =  -0.0002555541571685,     -0.0026299528489324,    -0.3094904357381833,     0.1068377366602210
LogTemp: Warning: Time =  13.3922400288283825,         CurrentStates =  172.3553410211290782,   37.8401802445791589,    169.3337882202542346,    0.8193339438541597,     0.8238138433373928,     1.2486124548935689,    4662.3521886621620069,      1480.1499427914941407,     -13378.0338108915493649,      0.5161166042715831,    -0.2500227952369617,     0.8506186611956090,    -0.0002555541571685,    -0.0026299528489324,    -0.3094904357381833,     0.1068377366602210,       Controls =  -0.0002555541571685,     -0.0026299528489324,    -0.3094904357381833,     0.1068377366602210
LogTemp: Warning: Time =  13.4145960621535778,         CurrentStates =  170.5484671075146252,   36.3679574519352897,    171.4899781123892808,    0.8076937021498568,     0.8289203741606346,     1.2428299665143030,    4665.0581236182124485,      1481.5238884793056968,     -13373.4899681588158273,      0.5258183209026173,    -0.2478603111436511,     0.8850075085389191,    -0.0002555541571685,    -0.0026299528489324,    -0.3094904357381833,     0.1068377366602210,       Controls =  -0.0002555541571685,     -0.0026299528489324,    -0.3094904357381833,     0.1068377366602210
LogTemp: Warning: Time =  13.4369797520339489,         CurrentStates =  168.6335880872170208,   34.9717042466964330,    173.6583543451279468,    0.7966421506572625,     0.8328289365335584,     1.2372199383135256,    4667.7647014441454303,      1482.9096265804366794,     -13368.9454705038515385,      0.5353567369803874,    -0.2458658439912461,     0.9193608261822556,    -0.0002555541571685,    -0.0026299528489324,    -0.3094904357381833,     0.1068377366602210,       Controls =  -0.0002555541571685,     -0.0026299528489324,    -0.3094904357381833,     0.1068377366602210
LogTemp: Warning: Time =  13.4589485935866833,         CurrentStates =  166.6163900945622061,   33.6538014730152852,    175.8309782137823163,    0.7861917106151920,     0.8355131839633129,     1.2317888061550322,    4670.4726023940575033,      1484.3078975252315104,     -13364.3980798594784574,      0.5447458241990860,    -0.2440578415363977,     0.9536859303573192,    -0.0002555541571685,    -0.0026299528489324,    -0.3094904357381833,     0.1068377366602210,       Controls =  -0.0002555541571685,     -0.0026299528489324,    -0.3094904357381833,     0.1068377366602210
LogTemp: Warning: Time =  13.4809613041579723,         CurrentStates =  164.5463437108262497,   32.4406315251691098,    177.9565577382431343,    0.7765461971668949,     0.8369327963301463,     1.2266461238815880,    4673.1279614686172863,      1485.6908923057969787,     -13359.9372069695673417,      0.5538142141466722,    -0.2424859105923507,     0.9872993846048662,    -0.0002555541571685,    -0.0026299528489324,    -0.3094904357381833,     0.1068377366602210,       Controls =  -0.0002555541571685,     -0.0026299528489324,    -0.3094904357381833,     0.1068377366602210
LogTemp: Warning: Time =  13.5030073933303356,         CurrentStates =  162.3901042061262672,   31.3071097835647763,    180.0714940063807035,    0.7675012227678480,     0.8371345407014911,     1.2216863374979632,    4675.7856175051711034,      1487.0871452688675163,     -13355.4697218712590256,      0.5627636844164464,    -0.2411312749155039,     1.0208941004967604,    -0.0002555541571685,    -0.0026299528489324,    -0.3094904357381833,     0.1068377366602210,       Controls =  -0.0002555541571685,     -0.0026299528489324,    -0.3094904357381833,     0.1068377366602210
LogTemp: Warning: Time =  13.5235781483352184,         CurrentStates =  160.1563216272081718,   30.2562576172355087,    182.1668493899998396,    0.7590752262026935,     0.8361046581401110,     1.2169185531178794,    4678.4435850666704937,      1488.4959117417974994,     -13350.9979106277296523,      0.5715975314250256,    -0.2400151648967728,     1.0544416916514308,    -0.0002555541571685,    -0.0026299528489324,    -0.3094904357381833,     0.1068377366602210,       Controls =  -0.0002555541571685,     -0.0026299528489324,    -0.3094904357381833,     0.1068377366602210
LogTemp: Warning: Time =  13.5438141636550426,         CurrentStates =  158.0123212979803498,   29.3534406094683078,    184.0949058340862337,    0.7517917569770894,     0.8340312438037520,     1.2126539322105558,    4680.9198571976994572,      1489.8197150739479184,     -13346.8274446358100249,      0.5797311418288998,    -0.2392080922975424,     1.0856466771030848,    -0.0002555541571685,    -0.0026299528489324,    -0.3094904357381833,     0.1068377366602210,       Controls =  -0.0002555541571685,     -0.0026299528489324,    -0.3094904357381833,     0.1068377366602210
LogTemp: Warning: Time =  13.5640349201858044,         CurrentStates =  155.8539161151022086,   28.5397488347874635,    185.9604497306011694,    0.7451774416010163,     0.8309484935657518,     1.2086350956995666,    4683.3518515173745982,      1491.1306803181485066,     -13342.7266356484742573,      0.5876363950026245,    -0.2386506764582819,     1.1162438184680035,    -0.0002555541571685,    -0.0026299528489324,    -0.3094904357381833,     0.1068377366602210,       Controls =  -0.0002555541571685,     -0.0026299528489324,    -0.3094904357381833,     0.1068377366602210
LogTemp: Warning: Time =  13.5844559483230114,         CurrentStates =  153.6554383167390938,   27.8015186062604975,    187.7884242007276612,    0.7391183667727246,     0.8268449623809732,     1.2047967248815217,    4685.7774437820571620,      1492.4490495551365257,     -13338.6309728200212703,      0.5954459181655203,    -0.2383431275667772,     1.1467073769508720,    -0.0002555541571685,    -0.0026299528489324,    -0.3094904357381833,     0.1068377366602210,       Controls =  -0.0002555541571685,     -0.0026299528489324,    -0.3094904357381833,     0.1068377366602210
LogTemp: Warning: Time =  13.6044068150222301,         CurrentStates =  151.3999802962782724,   27.1327603718918198,    189.5930136317171559,    0.7335601151008869,     0.8216779571767835,     1.2011019539672971,    4688.2221390260119733,      1493.7889189545519457,     -13334.4965470568113233,      0.6032479051567519,    -0.2383006328654148,     1.1773530569727766,    -0.0002555541571685,    -0.0026299528489324,    -0.3094904357381833,     0.1068377366602210,       Controls =  -0.0002555541571685,     -0.0026299528489324,    -0.3094904357381833,     0.1068377366602210
LogTemp: Warning: Time =  13.6252322010695934,         CurrentStates =  149.1694772701296472,   26.5546486439222136,    191.3113066005270184,    0.7286758729974090,     0.8156571469126929,     1.1976698835890476,    4690.6052849938760119,      1495.1059262563267112,     -13330.4591623167489161,      0.6107928496403476,    -0.2385335519997914,     1.2071669848188982,    -0.0002555541571685,    -0.0026299528489324,    -0.3094904357381833,     0.1068377366602210,       Controls =  -0.0002555541571685,     -0.0026299528489324,    -0.3094904357381833,     0.1068377366602210
LogTemp: Warning: Time =  13.6453804783523083,         CurrentStates =  146.8202712188125929,   26.0310789172238586,    193.0535208619312186,    0.7241531248111102,     0.8083723019612442,     1.1942751972941263,    4693.0871091760654963,      1496.4889974302718656,     -13326.2464042965366389,      0.6185927272451934,    -0.2390808004013067,     1.2381473562241239,    -0.0002555541571685,    -0.0026299528489324,    -0.3094904357381833,     0.1068377366602210,       Controls =  -0.0002555541571685,     -0.0026299528489324,    -0.3094904357381833,     0.1068377366602210
LogTemp: Warning: Time =  13.6656231693923473,         CurrentStates =  144.5347827398621519,   25.6026474794510541,    194.6851192550870167,    0.7203362530050372,     0.8003822517023542,     1.1911740680445657,    4695.4820185858716286,      1497.8348924767387871,     -13322.1724862003320595,      0.6260694305947547,    -0.2399196577668578,     1.2679720312719953,    -0.0002555541571685,    -0.0026299528489324,    -0.3094904357381833,     0.1068377366602210,       Controls =  -0.0002555541571685,     -0.0026299528489324,    -0.3094904357381833,     0.1068377366602210
LogTemp: Warning: Time =  13.6858582310378551,         CurrentStates =  142.2334032431916171,   25.2497992103051025,    196.2675105638830644,    0.7170522437694534,     0.7914549622569509,     1.1882395338777654,    4697.8817281857673152,      1499.1946713251945766,     -13318.0810921159682039,      0.6335170513175429,    -0.2410820532735709,     1.2977817557500733,    -0.0002555541571685,    -0.0026299528489324,    -0.3094904357381833,     0.1068377366602210,       Controls =  -0.0002555541571685,     -0.0026299528489324,    -0.3094904357381833,     0.1068377366602210
LogTemp: Warning: Time =  13.7058205418288708,         CurrentStates =  139.9349548004453823,   24.9748902894642590,    197.7893385524860435,    0.7143172163418058,     0.7816659214136646,     1.1854868656113442,    4700.2738799781973285,      1500.5613951827197070,     -13313.9925794269038306,      0.6409021376824546,    -0.2425766956584507,     1.3274180672026763,    -0.0002555541571685,    -0.0026299528489324,    -0.3094904357381833,     0.1068377366602210,       Controls =  -0.0002555541571685,     -0.0026299528489324,    -0.3094904357381833,     0.1068377366602210
LogTemp: Warning: Time =  13.7258896641433239,         CurrentStates =  137.6768593531397471,   24.7798767479078315,    199.2290860893092770,    0.7121508726273484,     0.7712010811892198,     1.1829477629893377,    4702.6267316100056632,      1501.9166731554569196,     -13309.9607928931800416,      0.6481322289629671,    -0.2443884582783074,     1.3564850457844329,    -0.0002555541571685,    -0.0026299528489324,    -0.3094904357381833,     0.1068377366602210,       Controls =  -0.0002555541571685,     -0.0026299528489324,    -0.3094904357381833,     0.1068377366602210
LogTemp: Warning: Time =  13.7463278584182262,         CurrentStates =  135.4230487405752399,   24.6598779762334033,    200.6125898170352855,    0.7104989836682807,     0.7599126970858521,     1.1805704990055428,    4704.9848556622127944,      1503.2860065284783104,     -13305.9088938291715749,      0.6553490981902895,    -0.2465583348375459,     1.3855301666134370,    -0.0002555541571685,    -0.0026299528489324,    -0.3094904357381833,     0.1068377366602210,       Controls =  -0.0002555541571685,     -0.0026299528489324,    -0.3094904357381833,     0.1068377366602210
LogTemp: Warning: Time =  13.7662768177688122,         CurrentStates =  133.1517128952826283,   24.6156715311798528,    201.9536020700599579,    0.7093509356585406,     0.7476701061350435,     1.1783287149116115,    4707.3785960400391559,      1504.6873646288538566,     -13301.7837558570354304,      0.6626487481738778,    -0.2491375715149492,     1.4149198505548222,    -0.0002555541571685,    -0.0026299528489324,    -0.3094904357381833,     0.1068377366602210,       Controls =  -0.0002555541571685,     -0.0026299528489324,    -0.3094904357381833,     0.1068377366602210
LogTemp: Warning: Time =  13.7861380390822887,         CurrentStates =  130.9648312196413826,   24.6479196380817456,    203.1946706056681364,    0.7087414935824345,     0.7350390782465691,     1.1763133373851251,    4709.7072068187253535,      1506.0616137858855836,     -13297.7585482937283814,      0.6697279539087094,    -0.2520238860575230,     1.4434140982027304,    -0.0002555541571685,    -0.0026299528489324,    -0.3094904357381833,     0.1068377366602210,       Controls =  -0.0002555541571685,     -0.0026299528489324,    -0.3094904357381833,     0.1068377366602210
LogTemp: Warning: Time =  13.8061680607497692,         CurrentStates =  128.8235668470867097,   24.7533723335074072,    204.3622954883140039,    0.7086266430056370,     0.7218399321259055,     1.1744745645658188,    4712.0176247390272692,      1507.4359155840095355,     -13293.7521501766896108,      0.6767337433235039,    -0.2552677439614742,     1.4715878242316804,    -0.0002555541571685,    -0.0026299528489324,    -0.3094904357381833,     0.1068377366602210,       Controls =  -0.0002555541571685,     -0.0026299528489324,    -0.3094904357381833,     0.1068377366602210
LogTemp: Warning: Time =  13.8257632069289684,         CurrentStates =  126.7068266966272034,   24.9330408694686270,    205.4699786907362693,    0.7089970962115508,     0.7079446009421420,     1.1727877782950311,    4714.3393360330683208,      1508.8278065499600871,     -13289.7128521200938849,      0.6837585377971428,    -0.2589207501161356,     1.4997966739345723,    -0.0002555541571685,    -0.0026299528489324,    -0.3094904357381833,     0.1068377366602210,       Controls =  -0.0002555541571685,     -0.0026299528489324,    -0.3094904357381833,     0.1068377366602210
LogTemp: Warning: Time =  13.8458485417068005,         CurrentStates =  124.6833187127600553,   25.1791585706399950,    206.4849198177383869,    0.7098206681416712,     0.6938273100571108,     1.1712984418960832,    4716.6024204294799347,      1510.1950805721237430,     -13285.7620999990031123,      0.6905938435502652,    -0.2628719469949196,     1.5271902444978294,    -0.0002555541571685,    -0.0026299528489324,    -0.3094904357381833,     0.1068377366602210,       Controls =  -0.0002555541571685,     -0.0026299528489324,    -0.3094904357381833,     0.1068377366602210
LogTemp: Warning: Time =  13.8658022694289684,         CurrentStates =  122.6636304628020326,   25.5025501957870091,    207.4540340889491858,    0.7111254683954193,     0.6788659650901706,     1.1699349103444063,    4718.9133359484903849,      1511.6020216108233853,     -13281.7135271366805682,      0.6975637433808649,    -0.2673151913805983,     1.5550540600715761,    -0.0002555541571685,    -0.0026299528489324,    -0.3094904357381833,     0.1068377366602210,       Controls =  -0.0002555541571685,     -0.0026299528489324,    -0.3094904357381833,     0.1068377366602210
LogTemp: Warning: Time =  13.8861498646438122,         CurrentStates =  120.7172234782572531,   25.8938989225525340,    208.3450063810562369,    0.7128699344478630,     0.6635554806123956,     1.1687415685633460,    4721.2001904959843159,      1513.0050667114035150,     -13277.6922538610506308,      0.7044534980620596,    -0.2721288247746205,     1.5825160588482370,    -0.0002555541571685,    -0.0026299528489324,    -0.3094904357381833,     0.1068377366602210,       Controls =  -0.0002555541571685,     -0.0026299528489324,    -0.3094904357381833,     0.1068377366602210
LogTemp: Warning: Time =  13.9061941914260387,         CurrentStates =  118.7995429387220128,   26.3634777207463600,    209.1796056117691762,    0.7150939573574848,     0.6475305165106924,     1.1676879536251097,    4723.5228155944569153,      1514.4410487803556862,     -13273.5923296451837814,      0.7114454297865328,    -0.2774521159862083,     1.6102905279776638,    -0.0002555541571685,    -0.0026299528489324,    -0.3094904357381833,     0.1068377366602210,       Controls =  -0.0002555541571685,     -0.0026299528489324,    -0.3094904357381833,     0.1068377366602210
LogTemp: Warning: Time =  13.9264635853469372,         CurrentStates =  116.9819556443434578,   26.8940967153373052,    209.9286251226314164,    0.7177087099613354,     0.6313831946986628,     1.1668090808015286,    4725.8012940703220011,      1515.8605407256020499,     -13269.5542972770945198,      0.7183008833914798,    -0.2831090021649982,     1.6374194932716646,    -0.0002555541571685,    -0.0026299528489324,    -0.3094904357381833,     0.1068377366602210,       Controls =  -0.0002555541571685,     -0.0026299528489324,    -0.3094904357381833,     0.1068377366602210
LogTemp: Warning: Time =  13.9465489201247692,         CurrentStates =  115.2210335548914770,   27.4976212141311578,    210.6123117452822271,    0.7207642087849545,     0.6147347101976752,     1.1660786189741819,    4728.0955838828913329,      1517.3007380952935819,     -13265.4715777792353038,      0.7252020525134685,    -0.2892492837389329,     1.6646164590152293,    -0.0002555541571685,    -0.0026299528489324,    -0.3094904357381833,     0.1068377366602210,       Controls =  -0.0002555541571685,     -0.0026299528489324,    -0.3094904357381833,     0.1068377366602210
LogTemp: Warning: Time =  13.9663939289748669,         CurrentStates =  113.5570546967449275,   28.1602464335592586,    211.2168576421640864,    0.7241833110501623,     0.5979626746762606,     1.1655096216413090,    4730.3592648612702760,      1518.7324408186673281,     -13261.4263304979594977,      0.7320108422775771,    -0.2957528582973786,     1.6913301757098163,    -0.0002555541571685,    -0.0026299528489324,    -0.3094904357381833,     0.1068377366602210,       Controls =  -0.0002555541571685,     -0.0026299528489324,    -0.3094904357381833,     0.1068377366602210
LogTemp: Warning: Time =  13.9864706806838512,         CurrentStates =  111.9963380752211037,   28.8761196901891317,    211.7431393621655502,    0.7279270803613935,     0.5811641002936350,     1.1650967846116758,    4732.5860839865599701,      1520.1512631943521683,     -13257.4298944873535220,      0.7387097601776804,    -0.3025897262076248,     1.7174905383088421,    -0.0002555541571685,    -0.0026299528489324,    -0.3094904357381833,     0.1068377366602210,       Controls =  -0.0002555541571685,     -0.0026299528489324,    -0.3094904357381833,     0.1068377366602210
LogTemp: Warning: Time =  14.0065483860671520,         CurrentStates =  110.5056337787274146,   29.6601097899822257,    212.2040933139461174,    0.7320666890029028,     0.5639799200336149,     1.1648281961736395,    4734.8288207136065466,      1521.5907340122284950,     -13253.3871944815655297,      0.7454587030573031,    -0.3099230512674497,     1.7437180430219912,    -0.0002555541571685,    -0.0026299528489324,    -0.3094904357381833,     0.1068377366602210,       Controls =  -0.0002555541571685,     -0.0026299528489324,    -0.3094904357381833,     0.1068377366602210
LogTemp: Warning: Time =  14.0262112431228161,         CurrentStates =  109.1071774665298904,   30.5020221650241616,    212.5936471252781530,    0.7365427964465452,     0.5466426248970777,     1.1647075812113046,    4737.0614690183956554,      1523.0342529869064947,     -13249.3444419150182512,      0.7521803832804056,    -0.3176764452636609,     1.7697073438848610,    -0.0002555541571685,    -0.0026299528489324,    -0.3094904357381833,     0.1068377366602210,       Controls =  -0.0002555541571685,     -0.0026299528489324,    -0.3094904357381833,     0.1068377366602210
LogTemp: Warning: Time =  14.0461792759597301,         CurrentStates =  107.8303782160512583,   31.3802895644435011,    212.9063974164468220,    0.7412343794851961,     0.5295531807785890,     1.1647310742725485,    4739.2378685917738039,      1524.4515621032878698,     -13245.3854476939704909,      0.7587364468659560,    -0.3256758514984443,     1.7949261626992017,    -0.0002555541571685,    -0.0026299528489324,    -0.3094904357381833,     0.1068377366602210,       Controls =  -0.0002555541571685,     -0.0026299528489324,    -0.3094904357381833,     0.1068377366602210
LogTemp: Warning: Time =  14.0663800053298473,         CurrentStates =  106.6306737570660488,   32.3241353449073969,    213.1549081912603185,    0.7462923222079839,     0.5121224898104292,     1.1648965485554932,    4741.4376531968664494,      1525.8943458979110801,     -13241.3651748509328172,      0.7653672720899672,    -0.3342098946464956,     1.8203001070548943,    -0.0002555541571685,    -0.0026299528489324,    -0.3094904357381833,     0.1068377366602210,       Controls =  -0.0002555541571685,     -0.0026299528489324,    -0.3094904357381833,     0.1068377366602210
LogTemp: Warning: Time =  14.0859436802566051,         CurrentStates =  105.5190812115018417,   33.3295844222103241,    213.3360512424756621,    0.7516912912112345,     0.4944456972416192,     1.1652073705937720,    4743.6523372352748993,      1527.3573682597220795,     -13237.2980316599059734,      0.7720477892673300,    -0.3432631008332853,     1.8457290402390734,    -0.0002555541571685,    -0.0026299528489324,    -0.3094904357381833,     0.1068377366602210,       Controls =  -0.0002555541571685,     -0.0026299528489324,    -0.3094904357381833,     0.1068377366602210
LogTemp: Warning: Time =  14.1058039478957653,         CurrentStates =  104.5427318334522369,   34.3491991136357910,    213.4446888105915434,    0.7571723409349725,     0.4773170031202074,     1.1656442392640451,    4745.7868753320353790,      1528.7774467175122481,     -13233.3588340884925856,      0.7784912658468239,    -0.3524318624791977,     1.8701280336663997,    -0.0002555541571685,    -0.0026299528489324,    -0.3094904357381833,     0.1068377366602210,       Controls =  -0.0002555541571685,     -0.0026299528489324,    -0.3094904357381833,     0.1068377366602210
LogTemp: Warning: Time =  14.1260628513991833,         CurrentStates =  103.6545911271018667,   35.4275269705985920,    213.4883127464342181,    0.7629714245055456,     0.4599523741996601,     1.1662227719441152,    4747.9431141990762626,      1530.2219953002668262,     -13229.3598189650801942,      0.7850049115513484,    -0.3621402688267748,     1.8946675739788352,    -0.0002555541571685,    -0.0026299528489324,    -0.3094904357381833,     0.1068377366602210,       Controls =  -0.0002555541571685,     -0.0026299528489324,    -0.3094904357381833,     0.1068377366602210
LogTemp: Warning: Time =  14.1461062245070934,         CurrentStates =  102.8574174035192073,   36.5693491601001668,    213.4642167383731532,    0.7691114840372104,     0.4422953904115210,     1.1669513968770806,    4750.1314999244823412,      1531.6984640409705207,     -13225.2802382154513907,      0.7916201714591762,    -0.3724567964878787,     1.9194649856924930,    -0.0002555541571685,    -0.0026299528489324,    -0.3094904357381833,     0.1068377366602210,       Controls =  -0.0002555541571685,     -0.0026299528489324,    -0.3094904357381833,     0.1068377366602210
LogTemp: Warning: Time =  14.1660380177199841,         CurrentStates =  102.1784653126343443,   37.7374011828508316,    213.3727965663385646,    0.7753898497301227,     0.4249132344036382,     1.1678081795223594,    4752.2854061140278645,      1533.1619628365560857,     -13221.2436900914290163,      0.7981350779441440,    -0.3830709070861414,     1.9437685918156988,    -0.0002555541571685,    -0.0026299528489324,    -0.3094904357381833,     0.1068377366602210,       Controls =  -0.0002555541571685,     -0.0026299528489324,    -0.3094904357381833,     0.1068377366602210
LogTemp: Warning: Time =  14.1855644993484020,         CurrentStates =  101.6128479531089539,   38.9335098261599271,    213.2158057655419725,    0.7818147862251945,     0.4077433951058618,     1.1687925258768048,    4754.4161555982591381,      1534.6198565112342749,     -13217.2291594861944759,      0.8045828825007538,    -0.3940239738703151,     1.9677139881017063,    -0.0002555541571685,    -0.0026299528489324,    -0.3094904357381833,     0.1068377366602210,       Controls =  -0.0002555541571685,     -0.0026299528489324,    -0.3094904357381833,     0.1068377366602210
LogTemp: Warning: Time =  14.2055058293044567,         CurrentStates =  101.1656525682207217,   40.1354838439613459,    212.9986456196059805,    0.7882663107160336,     0.3910616549855410,     1.1698831637169438,    4756.4927159698163450,      1536.0504491841984418,     -13213.2956405853183242,      0.8108684079225758,    -0.4051355329629311,     1.9909618480683289,    -0.0002555541571685,    -0.0026299528489324,    -0.3094904357381833,     0.1068377366602210,       Controls =  -0.0002555541571685,     -0.0026299528489324,    -0.3094904357381833,     0.1068377366602210
LogTemp: Warning: Time =  14.2254347614943981,         CurrentStates =  100.8189367770294638,   41.3903664188854137,    212.7126944783977365,    0.7949965825722706,     0.3741953036819770,     1.1711241905778977,    4758.6021319249766748,      1537.5136464726022041,     -13209.2779228073304694,      0.8172536217901349,    -0.4168678840543933,     2.0144929884317984,    -0.0002555541571685,    -0.0026299528489324,    -0.3094904357381833,     0.1068377366602210,       Controls =  -0.0002555541571685,     -0.0026299528489324,    -0.3094904357381833,     0.1068377366602210
LogTemp: Warning: Time =  14.2451348118484020,         CurrentStates =  100.5839539036579424,   42.6685796166028695,    212.3626526240247472,    0.8018470966326015,     0.3575372294063408,     1.1724910556422892,    4760.6988362521396994,      1538.9780783461130795,     -13205.2618087215942069,      0.8235987116353616,    -0.4289769997529648,     2.0378035997430124,    -0.0002555541571685,    -0.0026299528489324,    -0.3094904357381833,     0.1068377366602210,       Controls =  -0.0002555541571685,     -0.0026299528489324,    -0.3094904357381833,     0.1068377366602210
LogTemp: Warning: Time =  14.2650580219924450,         CurrentStates =  100.4614820255920904,   43.9521847849033023,    211.9539994618161813,    0.8087226922615448,     0.3412908649250364,     1.1739646789519633,    4762.7601509310115944,      1540.4276598728167755,     -13201.2908308128935460,      0.8298328238391172,    -0.4413193485478756,     2.0606506217202480,    -0.0002555541571685,    -0.0026299528489324,    -0.3094904357381833,     0.1068377366602210,       Controls =  -0.0002555541571685,     -0.0026299528489324,    -0.3094904357381833,     0.1068377366602210
LogTemp: Warning: Time =  14.2851128391921520,         CurrentStates =  100.4486524052789349,   45.2668430751563449,    211.4779124822451593,    0.8157623461470932,     0.3251095432573634,     1.1755766916741188,    4764.8332247438920604,      1541.8954817483818260,     -13197.2738457523319084,      0.8360958317481700,    -0.4541722368758164,     2.0835650855284475,    -0.0002555541571685,    -0.0026299528489324,    -0.3094904357381833,     0.1068377366602210,       Controls =  -0.0002555541571685,     -0.0026299528489324,    -0.3094904357381833,     0.1068377366602210
LogTemp: Warning: Time =  14.3048472218215466,         CurrentStates =  100.5482251855366655,   46.6030245140051562,    210.9354322443376475,    0.8229171374796238,     0.3091003966709308,     1.1773206347748695,    4766.9080850246482441,      1543.3746908379112028,     -13193.2292130714831728,      0.8423541573288722,    -0.4674804626817078,     2.1064443739082415,    -0.0002555541571685,    -0.0026299528489324,    -0.3094904357381833,     0.1068377366602210,       Controls =  -0.0002555541571685,     -0.0026299528489324,    -0.3094904357381833,     0.1068377366602210
LogTemp: Warning: Time =  14.3252062611281872,         CurrentStates =  100.7558563406836925,   47.9265317385749370,    210.3401940874020397,    0.8300066746162464,     0.2936451489380121,     1.1791530983726852,    4768.9380584993250523,      1544.8318117893759336,     -13189.2479230653389095,      0.8484634195256548,    -0.4809329351702023,     2.1287844862125698,    -0.0002555541571685,    -0.0026299528489324,    -0.3094904357381833,     0.1068377366602210,       Controls =  -0.0002555541571685,     -0.0026299528489324,    -0.3094904357381833,     0.1068377366602210
LogTemp: Warning: Time =  14.3448347859084606,         CurrentStates =  101.0832451662285223,   49.2967682407688130,    209.6628230108655089,    0.8373526839303538,     0.2780365359490811,     1.1811618139670323,    4771.0199845521447060,      1546.3365298327319124,     -13185.1391245219474513,      0.8547101834518649,    -0.4951755231445671,     2.1516613133873173,    -0.0002555541571685,    -0.0026299528489324,    -0.3094904357381833,     0.1068377366602210,       Controls =  -0.0002555541571685,     -0.0026299528489324,    -0.3094904357381833,     0.1068377366602210
LogTemp: Warning: Time =  14.3651242069900036,         CurrentStates =  101.5066912413599738,   50.6183555488358650,    208.9494956044077867,    0.8444476542378679,     0.2633363193148077,     1.1832092099706901,    4773.0151750043860375,      1547.7884718146433443,     -13181.1763773682559986,      0.8606734488285795,    -0.5092499116944060,     2.1735627307749752,    -0.0002555541571685,    -0.0026299528489324,    -0.3094904357381833,     0.1068377366602210,       Controls =  -0.0002555541571685,     -0.0026299528489324,    -0.3094904357381833,     0.1068377366602210
LogTemp: Warning: Time =  14.3852829746901989,         CurrentStates =  102.0543682496804223,   51.9807903972902210,    208.1505237614286443,    0.8517766021740384,     0.2485248942708440,     1.1854367864812525,    4775.0651981332030118,      1549.2905500773799758,     -13177.0782673616777174,      0.8667704589099452,    -0.5241458495622660,     2.1960558507777441,    -0.0002555541571685,    -0.0026299528489324,    -0.3094904357381833,     0.1068377366602210,       Controls =  -0.0002555541571685,     -0.0026299528489324,    -0.3094904357381833,     0.1068377366602210
LogTemp: Warning: Time =  14.4049982838332653,         CurrentStates =  102.7076464895021104,   53.3263225463263950,    207.2953636337149703,    0.8590346225367600,     0.2342218017730467,     1.1877583657536952,    4777.0893638416100657,      1550.7839908101543642,     -13173.0046658362771268,      0.8727531405466357,    -0.5392872920805560,     2.2182689863273071,    -0.0002555541571685,    -0.0026299528489324,    -0.3094904357381833,     0.1068377366602210,       Controls =  -0.0002555541571685,     -0.0026299528489324,    -0.3094904357381833,     0.1068377366602210
LogTemp: Warning: Time =  14.4247603230178356,         CurrentStates =  103.4499661828883461,   54.6300681685591343,    206.4006391811116714,    0.8660921297662089,     0.2206572276952381,     1.1901294782613410,    4779.0565766669424193,      1552.2453560051153545,     -13169.0189328686592489,      0.8785235972374911,    -0.5544160793142900,     2.2398753753777529,    -0.0002555541571685,    -0.0026299528489324,    -0.3094904357381833,     0.1068377366602210,       Controls =  -0.0002555541571685,     -0.0026299528489324,    -0.3094904357381833,     0.1068377366602210
LogTemp: Warning: Time =  14.4447092823684216,         CurrentStates =  104.2947766132923419,   55.9206894859966113,    205.4465381113063245,    0.8731093989031498,     0.2075045948576861,     1.1926022901717903,    4781.0161976964818678,      1553.7109571377284283,     -13165.0214862375341909,      0.8842194656327984,    -0.5698920367941281,     2.2614321427841393,    -0.0002555541571685,    -0.0026299528489324,    -0.3094904357381833,     0.1068377366602210,       Controls =  -0.0002555541571685,     -0.0026299528489324,    -0.3094904357381833,     0.1068377366602210
LogTemp: Warning: Time =  14.4649586491286755,         CurrentStates =  105.2476374985497074,   57.2027084033776205,    204.4261330874614373,    0.8801179645406396,     0.1947040140843476,     1.1951916432289473,    4782.9817634729424753,      1555.1910380890383294,     -13160.9838268167077331,      0.8898694162531804,    -0.5858216920180283,     2.2831057628077502,    -0.0002555541571685,    -0.0026299528489324,    -0.3094904357381833,     0.1068377366602210,       Controls =  -0.0002555541571685,     -0.0026299528489324,    -0.3094904357381833,     0.1068377366602210
LogTemp: Warning: Time =  14.4848656468093395,         CurrentStates =  106.3150913776717772,   58.4781156037203829,    203.3325115565405952,    0.8871371939703067,     0.1822270639052346,     1.1979107102925097,    4784.9638186630527343,      1556.6938492013309769,     -13156.8828272474202095,      0.8954899933246711,    -0.6022972875793953,     2.3050334039283729,    -0.0002555541571685,    -0.0026299528489324,    -0.3094904357381833,     0.1068377366602210,       Controls =  -0.0002555541571685,     -0.0026299528489324,    -0.3094904357381833,     0.1068377366602210
LogTemp: Warning: Time =  14.5047087483108044,         CurrentStates =  107.4601553807277412,   59.7020262368748718,    202.2016858768656107,    0.8939272540260096,     0.1704949780019818,     1.2006675432257221,    4786.8992985551312813,      1558.1714764280948202,     -13152.8486395497930062,      0.9008899058893580,    -0.6187847154562435,     2.3265373474275179,    -0.0002555541571685,    -0.0026299528489324,    -0.3094904357381833,     0.1068377366602210,       Controls =  -0.0002555541571685,     -0.0026299528489324,    -0.3094904357381833,     0.1068377366602210
LogTemp: Warning: Time =  14.5244831852614880,         CurrentStates =  108.6930117278215704,   60.8881377321941528,    201.0207017199764152,    0.9005700284827030,     0.1593533703396363,     1.2034926099085141,    4788.8155978008708189,      1559.6444538979728804,     -13148.8246438945261616,      0.9061341944268613,    -0.6354962064303715,     2.3479406731572889,    -0.0002555541571685,    -0.0026299528489324,    -0.3094904357381833,     0.1068377366602210,       Controls =  -0.0002555541571685,     -0.0026299528489324,    -0.3094904357381833,     0.1068377366602210
LogTemp: Warning: Time =  14.5446667484939098,         CurrentStates =  110.0094222784217095,   62.0323018431214379,    199.7916018991539318,    0.9070494503430067,     0.1488248787132714,     1.2063787187652295,    4790.7123981722979806,      1561.1123644869385316,     -13144.8113740618719021,      0.9112073350494883,    -0.6524159618306118,     2.3692616901146839,    -0.0002555541571685,    -0.0026299528489324,    -0.3094904357381833,     0.1068377366602210,       Controls =  -0.0002555541571685,     -0.0026299528489324,    -0.3094904357381833,     0.1068377366602210
LogTemp: Warning: Time =  14.5644268803298473,         CurrentStates =  111.4399424145779278,   63.1567061277715638,    198.4849179222333362,    0.9135014690265376,     0.1386982071930506,     1.2093906544933410,    4792.6349454398805392,      1562.6104023964207954,     -13140.7118494060250669,      0.9162089997383224,    -0.6699475808183938,     2.3910383350950513,    -0.0002555541571685,    -0.0026299528489324,    -0.3094904357381833,     0.1068377366602210,       Controls =  -0.0002555541571685,     -0.0026299528489324,    -0.3094904357381833,     0.1068377366602210
LogTemp: Warning: Time =  14.5846781544387341,         CurrentStates =  112.9218911557893534,   64.2107773505566541,    197.1562350735656537,    0.9196442497376424,     0.1294173481906093,     1.2123972210954124,    4794.5038479348959299,      1564.0766085044949705,     -13136.6949404150273040,      0.9209127361604511,    -0.6873564896769637,     2.4123985507324952,    -0.0002555541571685,    -0.0026299528489324,    -0.3094904357381833,     0.1068377366602210,       Controls =  -0.0002555541571685,     -0.0026299528489324,    -0.3094904357381833,     0.1068377366602210
LogTemp: Warning: Time =  14.6044716648757458,         CurrentStates =  114.5202680747685804,   65.2386838239263085,    195.7457527595250610,    0.9257447021610196,     0.1205845127265405,     1.2155300951560581,    4796.4053313190979679,      1565.5785822793077386,     -13132.5746787805073836,      0.9255114060063481,    -0.7054366662014923,     2.4343596672043888,    -0.0002555541571685,    -0.0026299528489324,    -0.3094904357381833,     0.1068377366602210,       Controls =  -0.0002555541571685,     -0.0026299528489324,    -0.3094904357381833,     0.1068377366602210
LogTemp: Warning: Time =  14.6244377903640270,         CurrentStates =  116.1565359150460921,   66.1881216885749097,    194.3213003070505636,    0.9315016952350196,     0.1126415626560971,     1.2186350908559533,    4798.2503789510710703,      1567.0459308530412272,     -13128.5433978743931220,      0.9297637505086204,    -0.7233312589604195,     2.4559268670358545,    -0.0002555541571685,    -0.0026299528489324,    -0.3094904357381833,     0.1068377366602210,       Controls =  -0.0002555541571685,     -0.0026299528489324,    -0.3094904357381833,     0.1068377366602210
LogTemp: Warning: Time =  14.6442513279616833,         CurrentStates =  117.8766923826458992,   67.0863127862672997,    192.8409808114656983,    0.9370867645835553,     0.1053492233960255,     1.2218012635483337,    4800.0976397080185052,      1568.5249646651066087,     -13124.4732025721659738,      0.9337807194776079,    -0.7415893876864896,     2.4778159854151371,    -0.0002555541571685,    -0.0026299528489324,    -0.3094904357381833,     0.1068377366602210,       Controls =  -0.0002555541571685,     -0.0026299528489324,    -0.3094904357381833,     0.1068377366602210
LogTemp: Warning: Time =  14.6642346195876598,         CurrentStates =  119.6486056219635259,   67.9147433080102303,    191.3311372914497781,    0.9423943570526981,     0.0988531535873207,     1.2249686517931848,    4801.9170886962292570,      1569.9915319911533516,     -13120.4297276680972573,      0.9374648234641660,    -0.7599021972895864,     2.4997103535884309,    -0.0002555541571685,    -0.0026299528489324,    -0.3094904357381833,     0.1068377366602210,       Controls =  -0.0002555541571685,     -0.0026299528489324,    -0.3094904357381833,     0.1068377366602210
LogTemp: Warning: Time =  14.6839508824050426,         CurrentStates =  121.4965248942622509,   68.6829767066889332,    189.7698947584948712,    0.9474956878250581,     0.0930751246577359,     1.2281794200655503,    4803.7381674049620415,      1571.4692365874141160,     -13116.3470179515607015,      0.9408391291558005,    -0.7785529611117945,     2.5220076040708599,    -0.0002555541571685,    -0.0026299528489324,    -0.3094904357381833,     0.1068377366602210,       Controls =  -0.0002555541571685,     -0.0026299528489324,    -0.3094904357381833,     0.1068377366602210
LogTemp: Warning: Time =  14.7041191868484020,         CurrentStates =  123.3749389674452317,   69.3711246185898034,    188.1945334195710302,    0.9522670831951970,     0.0881606453026120,     1.2313537355408735,    4805.5211060439805806,      1572.9255834765488089,     -13112.3140264539888449,      0.9437924597644107,    -0.7971179625949065,     2.5442641195383566,    -0.0002555541571685,    -0.0026299528489324,    -0.3094904357381833,     0.1068377366602210,       Controls =  -0.0002555541571685,     -0.0026299528489324,    -0.3094904357381833,     0.1068377366602210
LogTemp: Warning: Time =  14.7237124256789684,         CurrentStates =  125.3479064859812837,   69.9996788962549630,    186.5505260841528923,    0.9568642441246525,     0.0839664965138086,     1.2345967996090352,    4807.3304637966402879,      1574.4132684822052397,     -13108.1837350731129845,      0.9463806782825703,    -0.8162582615579645,     2.5673442270103703,    -0.0002555541571685,    -0.0026299528489324,    -0.3094904357381833,     0.1068377366602210,       Controls =  -0.0002555541571685,     -0.0026299528489324,    -0.3094904357381833,     0.1068377366602210
LogTemp: Warning: Time =  14.7432589344680309,         CurrentStates =  127.3096776611923531,   70.5341360265543358,    184.9251291546359539,    0.9610429158298078,     0.0807201288520678,     1.2377334790023096,    4809.0743245001103787,      1575.8564424261419390,     -13104.1658586482262763,      0.9484263530526560,    -0.8349828295998607,     2.5901263399658063,    -0.0002555541571685,    -0.0026299528489324,    -0.3094904357381833,     0.1068377366602210,       Controls =  -0.0002555541571685,     -0.0026299528489324,    -0.3094904357381833,     0.1068377366602210
LogTemp: Warning: Time =  14.7628035359084606,         CurrentStates =  129.3058053691442524,   70.9894743004245186,    183.2795895216068516,    0.9649165615991283,     0.0783144992329178,     1.2408382664699691,    4810.8001317536700299,      1577.2937242375933238,     -13100.1524266525793792,      0.9499520628145772,    -0.8537711614251179,     2.6132643740580765,    -0.0002555541571685,    -0.0026299528489324,    -0.3094904357381833,     0.1068377366602210,       Controls =  -0.0002555541571685,     -0.0026299528489324,    -0.3094904357381833,     0.1068377366602210
LogTemp: Warning: Time =  14.7826285175979137,         CurrentStates =  131.3358102007447599,   71.3643146699349558,    181.6138753415608278,    0.9684837631981791,     0.0767575014425050,     1.2439080360661188,    4812.5119826994668983,      1578.7282770586593870,     -13096.1336410421499750,      0.9509030521118793,    -0.8726491692881601,     2.6368760956142165,    -0.0002555541571685,    -0.0026299528489324,    -0.3094904357381833,     0.1068377366602210,       Controls =  -0.0002555541571685,     -0.0026299528489324,    -0.3094904357381833,     0.1068377366602210
LogTemp: Warning: Time =  14.8022894673049450,         CurrentStates =  133.4242845822845425,   71.6597100809753442,    179.9077571713881980,    0.9717777920175640,     0.0760592118816900,     1.2469750543083957,    4814.2341322849360949,      1580.1803787152525729,     -13092.0513398330749624,      0.9512115134727150,    -0.8918700044974972,     2.6613839625501337,    -0.0002555541571685,    -0.0026299528489324,    -0.3094904357381833,     0.1068377366602210,       Controls =  -0.0002555541571685,     -0.0026299528489324,    -0.3094904357381833,     0.1068377366602210
LogTemp: Warning: Time =  14.8223376087844372,         CurrentStates =  135.5193830390375638,   71.8659438777601025,    178.2036414961718265,    0.9747114286436669,     0.0762537678844427,     1.2499590636914113,    4815.9278903363328936,      1581.6172234537327768,     -13087.9965122791036265,      0.9507878060002289,    -0.9109828225439929,     2.6863250199409925,    -0.0002555541571685,    -0.0026299528489324,    -0.3094904357381833,     0.1068377366602210,       Controls =  -0.0002555541571685,     -0.0026299528489324,    -0.3094904357381833,     0.1068377366602210
LogTemp: Warning: Time =  14.8417868427932262,         CurrentStates =  137.6745719981622642,   71.9851203952884191,    176.4583667937570226,    0.9773509241122766,     0.0773689720339098,     1.2529309551280075,    4817.6404380156609477,      1583.0786919895742813,     -13083.8551600712398795,      0.9495185755889513,    -0.9305000274252164,     2.7125010626919863,    -0.0002555541571685,    -0.0026299528489324,    -0.3094904357381833,     0.1068377366602210,       Controls =  -0.0002555541571685,     -0.0026299528489324,    -0.3094904357381833,     0.1068377366602210
LogTemp: Warning: Time =  14.8608927540481091,         CurrentStates =  139.7780247421951572,   72.0109746041541996,    174.7627714907729626,    0.9795629989442041,     0.0793380881510589,     1.2557343239657013,    4819.2877039500162937,      1584.4925952832504663,     -13079.8309388988636783,      0.9473842204266510,    -0.9494357996378526,     2.7387099814040834,    -0.0002555541571685,    -0.0026299528489324,    -0.3094904357381833,     0.1068377366602210,       Controls =  -0.0002555541571685,     -0.0026299528489324,    -0.3094904357381833,     0.1068377366602210
LogTemp: Warning: Time =  14.8800024800002575,         CurrentStates =  141.8512146658177357,   71.9488195542293454,    173.0995663153248074,    0.9813942214160509,     0.0821212486355794,     1.2584010646368333,    4820.8923154103358684,      1585.8774508883104772,     -13075.8712717499183782,      0.9443208692099399,    -0.9680129134303861,     2.7653399853011229,    -0.0002555541571685,    -0.0026299528489324,    -0.3094904357381833,     0.1068377366602210,       Controls =  -0.0002555541571685,     -0.0026299528489324,    -0.3094904357381833,     0.1068377366602210
LogTemp: Warning: Time =  14.8994011692702770,         CurrentStates =  143.9267486509388618,   71.7986517281233318,    171.4431300284953750,    0.9828807641019831,     0.0857405706932185,     1.2609720012377001,    4822.4839671281279152,      1587.2583565311881557,     -13071.9037342049432482,      0.9401887046110591,    -0.9865443674162262,     2.7929654341046732,    -0.0002555541571685,    -0.0026299528489324,    -0.3094904357381833,     0.1068377366602210,       Controls =  -0.0002555541571685,     -0.0026299528489324,    -0.3094904357381833,     0.1068377366602210
LogTemp: Warning: Time =  14.9193901829421520,         CurrentStates =  146.0302168220735552,   71.5552641938835734,    169.7741862220572671,    0.9840312648493692,     0.0902580364026298,     1.2634727752612127,    4824.0859545053426700,      1588.6553339574827532,     -13067.8691615578136407,      0.9347775561164520,    -1.0052732388309833,     2.8221439995391626,    -0.0002555541571685,    -0.0026299528489324,    -0.3094904357381833,     0.1068377366602210,       Controls =  -0.0002555541571685,     -0.0026299528489324,    -0.3094904357381833,     0.1068377366602210
LogTemp: Warning: Time =  14.9391531758010387,         CurrentStates =  148.1887942332802481,   71.2078636087333621,    168.0730460315519394,    0.9848345463720902,     0.0957857908049747,     1.2659244558057978,    4825.7224660523652346,      1590.0895622710727366,     -13063.7036447182545089,      0.9277713187916183,    -1.0244515854315726,     2.8535594036112779,    -0.0002555541571685,    -0.0026299528489324,    -0.3094904357381833,     0.1068377366602210,       Controls =  -0.0002555541571685,     -0.0026299528489324,    -0.3094904357381833,     0.1068377366602210
LogTemp: Warning: Time =  14.9585585407912731,         CurrentStates =  150.3083002163870106,   70.7676201808763210,    166.4156291314057512,    0.9852441052819270,     0.1020994905157843,     1.2682129637242141,    4827.3261471947225800,      1591.5017738726908192,     -13059.5773468525112548,      0.9192528465717704,    -1.0432510203732361,     2.8861273476550813,    -0.0002555541571685,    -0.0026299528489324,    -0.3094904357381833,     0.1068377366602210,       Controls =  -0.0002555541571685,     -0.0026299528489324,    -0.3094904357381833,     0.1068377366602210
LogTemp: Warning: Time =  14.9780869297683239,         CurrentStates =  152.3702339979285512,   70.2415739069123219,    164.8173157404557685,    0.9852725815887665,     0.1090947596259416,     1.2703198930237605,    4828.8872119296856908,      1592.8826065705129622,     -13055.5174164908421517,      0.9091715106984148,    -1.0615131851758624,     2.9197448541862605,    -0.0002555541571685,    -0.0026299528489324,    -0.3094904357381833,     0.1068377366602210,       Controls =  -0.0002555541571685,     -0.0026299528489324,    -0.3094904357381833,     0.1068377366602210
LogTemp: Warning: Time =  14.9981236271560192,         CurrentStates =  154.4207992083104273,   69.6186145444181790,    163.2436360493816778,    0.9849273487386464,     0.1169004389136678,     1.2722911712025489,    4830.4446151675010697,      1594.2659422132994678,     -13051.4233980003209581,      0.8971163279768546,    -1.0796464428000871,     2.9554061804409804,    -0.0002555541571685,    -0.0026299528489324,    -0.3094904357381833,     0.1068377366602210,       Controls =  -0.0002555541571685,     -0.0026299528489324,    -0.3094904357381833,     0.1068377366602210
LogTemp: Warning: Time =  15.0183987431228161,         CurrentStates =  156.4940050650711783,   68.8824005417793614,    161.6710598424810144,    0.9841848428819370,     0.1256728820244682,     1.2741499934643763,    4832.0285601601881353,      1595.6783845115301119,     -13047.2138849470757123,      0.8825350353469832,    -1.0979418980117954,     2.9941250345884662,    -0.0002555541571685,    -0.0026299528489324,    -0.3094904357381833,     0.1068377366602210,       Controls =  -0.0002555541571685,     -0.0026299528489324,    -0.3094904357381833,     0.1068377366602210
LogTemp: Warning: Time =  15.0383639149367809,         CurrentStates =  158.5548202776683979,   68.0382766463316244,    160.1291698053171046,    0.9830365818888517,     0.1352964558193191,     1.2758541032959363,    4833.6170773281501170,      1597.1001050952165770,     -13042.9448950717087428,      0.8652485243532427,    -1.1160713309094441,     3.0357497127179678,    -0.0002555541571685,    -0.0026299528489324,    -0.3094904357381833,     0.1068377366602210,       Controls =  -0.0002555541571685,     -0.0026299528489324,    -0.3094904357381833,     0.1068377366602210
LogTemp: Warning: Time =  15.0588202290236950,         CurrentStates =  160.5427115663482880,   67.1107315808583280,    158.6651352691777390,    0.9815207259050407,     0.1454647529082595,     1.2773514387033571,    4835.1675912384043841,      1598.4924060086450481,     -13038.7314024867737317,      0.8454690332851800,    -1.1334763558157752,     3.0794109924772517,    -0.0002555541571685,    -0.0026299528489324,    -0.3094904357381833,     0.1068377366602210,       Controls =  -0.0002555541571685,     -0.0026299528489324,    -0.3094904357381833,     0.1068377366602210
LogTemp: Warning: Time =  15.0789379887282848,         CurrentStates =  162.5315028994770046,   66.0629135348341947,    157.2270030958485449,    0.9795784980942178,     0.1565472504774051,     1.2786931241287920,    4836.7421852762390699,      1599.9104953348951312,     -13034.4044554851698194,      0.8220740673132616,    -1.1507639081819945,     3.1271845853259452,    -0.0002555541571685,    -0.0026299528489324,    -0.3094904357381833,     0.1068377366602210,       Controls =  -0.0002555541571685,     -0.0026299528489324,    -0.3094904357381833,     0.1068377366602210
LogTemp: Warning: Time =  15.0989117436110973,         CurrentStates =  164.4353686521380951,   64.9379669936212167,    155.8791946932233543,    0.9772928861388718,     0.1680556164544084,     1.2798175223072108,    4838.2772991481706413,      1601.2965677977911128,     -13030.1386523080036568,      0.7956751773198539,    -1.1671365512807399,    -3.1057142629077341,    -0.0002555541571685,    -0.0026299528489324,    -0.3094904357381833,     0.1068377366602210,       Controls =  -0.0002555541571685,     -0.0026299528489324,    -0.3094904357381833,     0.1068377366602210
LogTemp: Warning: Time =  15.1190895847976208,         CurrentStates =  166.2697153398518140,   63.7306872987555053,    154.6117232845730882,    0.9746658861161929,     0.1800300730303271,     1.2807381612122024,    4839.7883242466123193,      1602.6637825607103878,     -13025.8934801615250763,      0.7658475633899031,    -1.1826711245901542,    -3.0522605998314378,    -0.0002555541571685,    -0.0026299528489324,    -0.3094904357381833,     0.1068377366602210,       Controls =  -0.0002555541571685,     -0.0026299528489324,    -0.3094904357381833,     0.1068377366602210
LogTemp: Warning: Time =  15.1389078907668591,         CurrentStates =  168.0619610973257920,   62.4219852492754868,    153.4077210291243603,    0.9716619788261476,     0.1926344035346690,     1.2814670648827691,    4841.3019569548596337,      1604.0356838969478304,     -13021.5943579795693950,      0.7317696962150311,    -1.1975220119167642,    -2.9944063482853731,    -0.0002555541571685,    -0.0026299528489324,    -0.3094904357381833,     0.1068377366602210,       Controls =  -0.0002555541571685,     -0.0026299528489324,    -0.3094904357381833,     0.1068377366602210
LogTemp: Warning: Time =  15.1589617542922497,         CurrentStates =  169.7584334539400288,   61.0522300013738786,    152.3046310355272510,    0.9683826596749280,     0.2054627186701209,     1.2819839316472559,    4842.7762350476450592,      1605.3735967621823875,     -13017.3616993990344781,      0.6941990017828552,    -1.2111597142890513,    -2.9335755924450564,    -0.0002555541571685,    -0.0026299528489324,    -0.3094904357381833,     0.1068377366602210,       Controls =  -0.0002555541571685,     -0.0026299528489324,    -0.3094904357381833,     0.1068377366602210
LogTemp: Warning: Time =  15.1787066273391247,         CurrentStates =  171.4068129642670328,   59.5839275180443622,    151.2727997915405638,    0.9647471121824419,     0.2188505246006133,     1.2823049062968004,    4844.2559976351103614,      1606.7175708131135252,     -13013.0679658623448631,      0.6518558861644589,    -1.2238683594286022,    -2.8677888086860781,    -0.0002555541571685,    -0.0026299528489324,    -0.3094904357381833,     0.1068377366602210,       Controls =  -0.0002555541571685,     -0.0026299528489324,    -0.3094904357381833,     0.1068377366602210
LogTemp: Warning: Time =  15.1991591267287731,         CurrentStates =  172.9588904869447958,   58.0606051903215032,    150.3437202502144032,    0.9608717287772091,     0.2323869860987995,     1.2824219596203341,    4845.7013840066974808,      1608.0307837024633955,     -13008.8298776478022774,      0.6058220712871869,    -1.2351667263702519,    -2.7987663024676732,    -0.0002555541571685,    -0.0026299528489324,    -0.3094904357381833,     0.1068377366602210,       Controls =  -0.0002555541571685,     -0.0026299528489324,    -0.3094904357381833,     0.1068377366602210
LogTemp: Warning: Time =  15.2196411900222301,         CurrentStates =  174.4885259411163929,   56.4051575969812049,    149.4760124961611325,    0.9565662044749590,     0.2467331820146776,     1.2823355208318910,    4847.1867028579590624,      1609.3801138486514901,     -13004.4291202609529137,      0.5536321599381659,    -1.2454427621031181,    -2.7228650694517622,    -0.0002555541571685,    -0.0026299528489324,    -0.3094904357381833,     0.1068377366602210,       Controls =  -0.0002555541571685,     -0.0026299528489324,    -0.3094904357381833,     0.1068377366602210
LogTemp: Warning: Time =  15.2398104481399059,         CurrentStates =  175.9372961466577578,   54.6719144849071910,    148.7069137336142433,    0.9519763720390327,     0.2613880605547556,     1.2820384930477011,    4848.6626595685402208,      1610.7201052646339576,     -13000.0102571670740872,      0.4969750517281371,    -1.2541183346321843,    -2.6425633627342235,    -0.0002555541571685,    -0.0026299528489324,    -0.3094904357381833,     0.1068377366602210,       Controls =  -0.0002555541571685,     -0.0026299528489324,    -0.3094904357381833,     0.1068377366602210
LogTemp: Warning: Time =  15.2597069554030895,         CurrentStates =  177.2790537327170739,   52.8956998163766983,    148.0503174864723235,    0.9472055619432246,     0.2760560456165211,     1.2815423531828187,    4850.1050047940661898,      1612.0281074935874130,     -12995.6478952815923549,      0.4373120813168297,    -1.2609279942744132,    -2.5597197652732158,    -0.0002555541571685,    -0.0026299528489324,    -0.3094904357381833,     0.1068377366602210,       Controls =  -0.0002555541571685,     -0.0026299528489324,    -0.3094904357381833,     0.1068377366602210
LogTemp: Warning: Time =  15.2799038700759411,         CurrentStates =  178.5170388585983119,   51.0800417808224410,    147.5030206062695584,    0.9422753528163378,     0.2907171528184163,     1.2808577008069042,    4851.5175128382616094,      1613.3069838090696067,     -12991.3336145205557841,      0.3753085154507148,    -1.2658283725218358,    -2.4749488187631492,    -0.0002555541571685,    -0.0026299528489324,    -0.3094904357381833,     0.1068377366602210,       Controls =  -0.0002555541571685,     -0.0026299528489324,    -0.3094904357381833,     0.1068377366602210
LogTemp: Warning: Time =  15.3002848438918591,         CurrentStates =  179.6836583127272036,   49.1769417766546582,    147.0516057517755542,    0.9370648032143533,     0.3057552797858810,     1.2799679388243042,    4852.9411672716260000,      1614.5932116618257623,     -12986.9432809551599348,      0.3100107588507102,    -1.2688473994057681,    -2.3866427761981028,    -0.0002555541571685,    -0.0026299528489324,    -0.3094904357381833,     0.1068377366602210,       Controls =  -0.0002555541571685,     -0.0026299528489324,    -0.3094904357381833,     0.1068377366602210
LogTemp: Warning: Time =  15.3204541020095348,         CurrentStates =  180.7661128166193976,   47.1996279534825618,    146.7041615746945240,    0.9316183883012061,     0.3210535299244432,     1.2788752602447675,    4854.3679333273948941,      1615.8787991637038886,     -12982.5013450227797875,      0.2427354838589454,    -1.2698191590344845,    -2.2962524223742271,    -0.0002555541571685,    -0.0026299528489324,    -0.3094904357381833,     0.1068377366602210,       Controls =  -0.0002555541571685,     -0.0026299528489324,    -0.3094904357381833,     0.1068377366602210
LogTemp: Warning: Time =  15.3408703617751598,         CurrentStates =  181.7407383015315361,   45.1914986705532087,    146.4685915949806088,    0.9260653742053806,     0.3362779200936168,     1.2776060932290507,    4855.7704161221936374,      1617.1384488050352957,     -12978.0944165915843769,      0.1759266855099522,    -1.2686917851209358,    -2.2066718431387020,    -0.0002555541571685,    -0.0026299528489324,    -0.3094904357381833,     0.1068377366602210,       Controls =  -0.0002555541571685,     -0.0026299528489324,    -0.3094904357381833,     0.1068377366602210
LogTemp: Warning: Time =  15.3608727268874645,         CurrentStates =  182.6268122488956180,   43.1117206614231421,    146.3407719600770633,    0.9203025334120131,     0.3517401590363803,     1.2761364430978173,    4857.1808864579998044,      1618.4005133059235959,     -12973.6222866120733670,      0.1092287014759906,    -1.2654412055126039,    -2.1170271780261722,    -0.0002555541571685,    -0.0026299528489324,    -0.3094904357381833,     0.1068377366602210,       Controls =  -0.0002555541571685,     -0.0026299528489324,    -0.3094904357381833,     0.1068377366602210
LogTemp: Warning: Time =  15.3800301365554333,         CurrentStates =  183.3944816414201000,   41.0331290233398107,    146.3240131378367437,    0.9145411436745289,     0.3669066155332452,     1.2745217947485155,    4858.5541871310779243,      1619.6240535179458675,     -12969.2299230108455959,      0.0458412459846398,    -1.2602471342013635,    -2.0312586978395544,    -0.0002555541571685,    -0.0026299528489324,    -0.3094904357381833,     0.1068377366602210,       Controls =  -0.0002555541571685,     -0.0026299528489324,    -0.3094904357381833,     0.1068377366602210
LogTemp: Warning: Time =  15.4002766422927380,         CurrentStates =  184.0344800964573722,   39.0088962045428289,    146.4087404316710206,    0.9089371107167690,     0.3814202077469463,     1.2728186643418657,    4859.8618846527297137,      1620.7836980768279318,     -12965.0130351359803171,     -0.0122295050435399,    -1.2534853329655586,    -1.9518441138191700,    -0.0002555541571685,    -0.0026299528489324,    -0.3094904357381833,     0.1068377366602210,       Controls =  -0.0002555541571685,     -0.0026299528489324,    -0.3094904357381833,     0.1068377366602210
LogTemp: Warning: Time =  15.4204439930617809,         CurrentStates =  184.6075749625206299,   36.8388937804872896,    146.6052322888255048,    0.9029451889885408,     0.3967167536266832,     1.2708581988505305,    4861.2362751528708031,      1621.9961076587378557,     -12960.5456566220036621,     -0.0701176888248245,    -1.2445478455297472,    -1.8714937130809950,    -0.0002555541571685,    -0.0026299528489324,    -0.3094904357381833,     0.1068377366602210,       Controls =  -0.0002555541571685,     -0.0026299528489324,    -0.3094904357381833,     0.1068377366602210
LogTemp: Warning: Time =  15.4409098438918591,         CurrentStates =  185.0709520031702766,   34.6513240175163162,    146.9095935680057892,    0.8969292188403198,     0.4118794000199338,     1.2687482048750578,    4862.5977580780709104,      1623.1900269937987105,     -12956.0852122009328014,     -0.1237343372964633,    -1.2339472839826140,    -1.7955991269754814,    -0.0002555541571685,    -0.0026299528489324,    -0.3094904357381833,     0.1068377366602210,       Controls =  -0.0002555541571685,     -0.0026299528489324,    -0.3094904357381833,     0.1068377366602210
LogTemp: Warning: Time =  15.4610924534499645,         CurrentStates =  185.4297445478021586,   32.4099694500041124,    147.3283306608224734,    0.8907988066116533,     0.4271616976030951,     1.2664535525528704,    4863.9722546727944064,      1624.3875067439823852,     -12951.5476608184599172,     -0.1737359213360343,    -1.2216037217395725,    -1.7230829296851551,    -0.0002555541571685,    -0.0026299528489324,    -0.3094904357381833,     0.1068377366602210,       Controls =  -0.0002555541571685,     -0.0026299528489324,    -0.3094904357381833,     0.1068377366602210
LogTemp: Warning: Time =  15.4808811955153942,         CurrentStates =  185.6719511336635833,   30.1841773294088007,    147.8482466150382493,    0.8847520968193754,     0.4420968908493005,     1.2640469079000345,    4865.3209058717675362,      1625.5541425958504078,     -12947.0627100996043737,     -0.2185932053630513,    -1.2080160035528127,    -1.6561138918424987,    -0.0002555541571685,    -0.0026299528489324,    -0.3094904357381833,     0.1068377366602210,       Controls =  -0.0002555541571685,     -0.0026299528489324,    -0.3094904357381833,     0.1068377366602210
LogTemp: Warning: Time =  15.5003838352859020,         CurrentStates =  185.8004448283691943,   27.9918434572106740,    148.4595636777521293,    0.8788435087732948,     0.4565823856507208,     1.2615555630776563,    4866.6371882780204032,      1626.6842047591887876,     -12942.6551185547123168,     -0.2583357112304351,    -1.1934663496263427,    -1.5947728485067731,    -0.0002555541571685,    -0.0026299528489324,    -0.3094904357381833,     0.1068377366602210,       Controls =  -0.0002555541571685,     -0.0026299528489324,    -0.3094904357381833,     0.1068377366602210
LogTemp: Warning: Time =  15.5205159001052380,         CurrentStates =  185.8203159043230528,   25.8265723075235982,    149.1585176974544709,    0.8730606564938875,     0.4706763731916324,     1.2589797806899448,    4867.9288829761317174,      1627.7843460055369178,     -12938.3017603790449357,     -0.2935379004508323,    -1.1780639909093287,    -1.5383602926472071,    -0.0002555541571685,    -0.0026299528489324,    -0.3094904357381833,     0.1068377366602210,       Controls =  -0.0002555541571685,     -0.0026299528489324,    -0.3094904357381833,     0.1068377366602210
LogTemp: Warning: Time =  15.5411248020827770,         CurrentStates =  185.7286158548480159,   23.5917406470329425,    149.9782136503720267,    0.8671542051966451,     0.4850057044943776,     1.2562028511817447,    4869.2568485261281239,      1628.9056930371139060,     -12933.7982240917717718,     -0.3259629434331330,    -1.1611783064420096,    -1.4841145510610803,    -0.0002555541571685,    -0.0026299528489324,    -0.3094904357381833,     0.1068377366602210,       Controls =  -0.0002555541571685,     -0.0026299528489324,    -0.3094904357381833,     0.1068377366602210
LogTemp: Warning: Time =  15.5617184452712536,         CurrentStates =  185.5157528562963876,   21.3097340242586952,    150.9179095080862112,    0.8611960896457076,     0.4994110186898584,     1.2532439067826615,    4870.6109936255779758,      1630.0384263618179830,     -12929.1779526954833273,     -0.3553120595726167,    -1.1429718032414971,    -1.4324996757678303,    -0.0002555541571685,    -0.0026299528489324,    -0.3094904357381833,     0.1068377366602210,       Controls =  -0.0002555541571685,     -0.0026299528489324,    -0.3094904357381833,     0.1068377366602210
LogTemp: Warning: Time =  15.5823559574782848,         CurrentStates =  185.1820985273042197,   19.0409897283954628,    151.9553350813474708,    0.8553541491894150,     0.5135037473538696,     1.2501782083026860,    4871.9591227689561492,      1631.1547712082003727,     -12924.5514759201287234,     -0.3810544650539723,    -1.1239580063086787,    -1.3845753616995542,    -0.0002555541571685,    -0.0026299528489324,    -0.3094904357381833,     0.1068377366602210,       Controls =  -0.0002555541571685,     -0.0026299528489324,    -0.3094904357381833,     0.1068377366602210
LogTemp: Warning: Time =  15.6029400639235973,         CurrentStates =  184.7259292901103436,   16.7844677648995635,    153.0902378092396816,    0.8496333398596033,     0.5272883526357739,     1.2470049786191624,    4873.3056095414367519,      1632.2578596327657579,     -12919.9053874634228123,     -0.4035666650560791,    -1.1041770545863916,    -1.3398924267055277,    -0.0002555541571685,    -0.0026299528489324,    -0.3094904357381833,     0.1068377366602210,       Controls =  -0.0002555541571685,     -0.0026299528489324,    -0.3094904357381833,     0.1068377366602210
LogTemp: Warning: Time =  15.6234974674880505,         CurrentStates =  184.1492951872094750,   14.5565803221933372,    154.3132678262816739,    0.8440824739986897,     0.5406608736881215,     1.2437480886209709,    4874.6443772007123698,      1633.3422794043844988,     -12915.2623393395551830,     -0.4230409121762445,    -1.0838113247298713,    -1.2983572605039957,    -0.0002555541571685,    -0.0026299528489324,    -0.3094904357381833,     0.1068377366602210,       Controls =  -0.0002555541571685,     -0.0026299528489324,    -0.3094904357381833,     0.1068377366602210
LogTemp: Warning: Time =  15.6437506489455700,         CurrentStates =  183.4521257954427824,   12.3595315817219564,    155.6215202881558071,    0.8387135754380619,     0.5536030796203149,     1.2404120115132111,    4875.9777359724084818,      1634.4095562240092931,     -12910.6161267904371925,     -0.4398030680783288,    -1.0629122802275963,    -1.2596038426678919,    -0.0002555541571685,    -0.0026299528489324,    -0.3094904357381833,     0.1068377366602210,       Controls =  -0.0002555541571685,     -0.0026299528489324,    -0.3094904357381833,     0.1068377366602210
LogTemp: Warning: Time =  15.6641659550368786,         CurrentStates =  182.6471124445881458,   10.2277669791687735,    156.9908785129073294,    0.8336150692837041,     0.5659092030033207,     1.2370524089895827,    4877.2880319149635397,      1635.4454839962381811,     -12906.0304218117325945,     -0.4539430918564480,    -1.0418433497934072,    -1.2238309511631786,    -0.0002555541571685,    -0.0026299528489324,    -0.3094904357381833,     0.1068377366602210,       Controls =  -0.0002555541571685,     -0.0026299528489324,    -0.3094904357381833,     0.1068377366602210
LogTemp: Warning: Time =  15.6844286732375622,         CurrentStates =  181.7175430246649341,    8.1169759242017676,    158.4475450834278831,    0.8286865439698329,     0.5778262256766619,     1.2336009515092830,    4878.6058855905839664,      1636.4740506696471130,     -12901.3999048924724775,     -0.4660446094946191,    -1.0201827183808516,    -1.1899459439589952,    -0.0002555541571685,    -0.0026299528489324,    -0.3094904357381833,     0.1068377366602210,       Controls =  -0.0002555541571685,     -0.0026299528489324,    -0.3094904357381833,     0.1068377366602210
LogTemp: Warning: Time =  15.7043041996657848,         CurrentStates =  180.6785112570622687,    6.0646707296127271,    159.9644855476759631,    0.8240223329871506,     0.5891281145012123,     1.2301189206035164,    4879.9114017829551813,      1637.4793911556930652,     -12896.7960818777082750,     -0.4761284893420372,    -0.9983151594803021,    -1.1582523099099629,    -0.0002555541571685,    -0.0026299528489324,    -0.3094904357381833,     0.1068377366602210,       Controls =  -0.0002555541571685,     -0.0026299528489324,    -0.3094904357381833,     0.1068377366602210
LogTemp: Warning: Time =  15.7238688282668591,         CurrentStates =  179.5479151072790671,    4.0978408487335649,    161.5164583154256945,    0.8196850168221225,     0.5996617674251378,     1.2266571263459811,    4881.1898005794837445,      1638.4503761147061596,     -12892.2732839276904997,     -0.4843345235338307,    -0.9765555586676189,    -1.1288509814562926,    -0.0002555541571685,    -0.0026299528489324,    -0.3094904357381833,     0.1068377366602210,       Controls =  -0.0002555541571685,     -0.0026299528489324,    -0.3094904357381833,     0.1068377366602210
LogTemp: Warning: Time =  15.7432703785598278,         CurrentStates =  178.3286164005552052,    2.2108768268791246,    163.1014372815397167,    0.8156612840091889,     0.6094556380132619,     1.2232121803456388,    4882.4464735379779086,      1639.3915584006620065,     -12887.8146713140486099,     -0.4909377168130739,    -0.9548750816384937,    -1.1013736866376720,    -0.0002555541571685,    -0.0026299528489324,    -0.3094904357381833,     0.1068377366602210,       Controls =  -0.0002555541571685,     -0.0026299528489324,    -0.3094904357381833,     0.1068377366602210
LogTemp: Warning: Time =  15.7628893665969372,         CurrentStates =  177.0169445934199075,    0.3919591309789017,    164.7246096084160456,    0.8119268424809628,     0.6185637711558475,     1.2197668134745989,    4883.6912609516612065,      1640.3105765392760986,     -12883.3871985770438187,     -0.4961753864534670,    -0.9331546341659614,    -1.0754147977300086,    -0.0002555541571685,    -0.0026299528489324,    -0.3094904357381833,     0.1068377366602210,       Controls =  -0.0002555541571685,     -0.0026299528489324,    -0.3094904357381833,     0.1068377366602210
LogTemp: Warning: Time =  15.7833561711013317,         CurrentStates =  175.5886853738642515,   -1.3903414300944474,    166.4132350121343507,    0.8084239410805476,     0.6271213438235951,     1.2162605830555449,    4884.9489270249150650,      1641.2254703419234829,     -12878.9041421790261666,     -0.5002660265377499,    -0.9109989468202085,    -1.0503362637549156,    -0.0002555541571685,    -0.0026299528489324,    -0.3094904357381833,     0.1068377366602210,       Controls =  -0.0002555541571685,     -0.0026299528489324,    -0.3094904357381833,     0.1068377366602210
LogTemp: Warning: Time =  15.8039011768996716,         CurrentStates =  173.9921312855782105,   -3.1841382744252744,    168.2199669711935428,    0.8050781795177784,     0.6353038874669240,     1.2125872326730649,    4886.2600437128348858,      1642.1644520161967193,     -12874.2215771620067244,     -0.5033585633796699,    -0.8877146998727153,    -1.0252990825834574,    -0.0002555541571685,    -0.0026299528489324,    -0.3094904357381833,     0.1068377366602210,       Controls =  -0.0002555541571685,     -0.0026299528489324,    -0.3094904357381833,     0.1068377366602210
LogTemp: Warning: Time =  15.8241886906325817,         CurrentStates =  172.2830180945175869,   -4.9131699864440828,    170.0742324462254373,    0.8020518047174114,     0.6427066115983675,     1.2088920984285476,    4887.5756223272373973,      1643.0912780399237363,     -12869.5153983029777010,     -0.5053658133886079,    -0.8641976981068800,    -1.0011958621477821,    -0.0002555541571685,    -0.0026299528489324,    -0.3094904357381833,     0.1068377366602210,       Controls =  -0.0002555541571685,     -0.0026299528489324,    -0.3094904357381833,     0.1068377366602210
LogTemp: Warning: Time =  15.8448624424636364,         CurrentStates =  170.4941479854019519,   -6.5458587243618087,    171.9393072539856462,    0.7994047555659625,     0.6491740079452911,     1.2052441013183850,    4888.8744498248324817,      1643.9910938589689522,     -12864.8630974710576993,     -0.5063655716980331,    -0.8408658155743460,    -0.9782950481019396,    -0.0002555541571685,    -0.0026299528489324,    -0.3094904357381833,     0.1068377366602210,       Controls =  -0.0002555541571685,     -0.0026299528489324,    -0.3094904357381833,     0.1068377366602210
LogTemp: Warning: Time =  15.8647837452590466,         CurrentStates =  168.5717337121022581,   -8.1291647279204025,    173.8686556121207900,    0.7970706931312841,     0.6548593036674029,     1.2015359809036255,    4890.1980571314270492,      1644.8924506971313804,     -12860.1173614434974297,     -0.5064674618820934,    -0.8170080711605804,    -0.9557734814315610,    -0.0002555541571685,    -0.0026299528489324,    -0.3094904357381833,     0.1068377366602210,       Controls =  -0.0002555541571685,     -0.0026299528489324,    -0.3094904357381833,     0.1068377366602210
LogTemp: Warning: Time =  15.8853907398879528,         CurrentStates =  166.6283927656054686,   -9.5742686530727674,    175.7495258243837100,    0.7951815126723855,     0.6594343589795723,     1.1979796829823512,    4891.4738395683170893,      1645.7462802469922281,     -12855.5400133625189483,     -0.5057627384694926,    -0.7939683411950095,    -0.9347596072657636,    -0.0002555541571685,    -0.0026299528489324,    -0.3094904357381833,     0.1068377366602210,       Controls =  -0.0002555541571685,     -0.0026299528489324,    -0.3094904357381833,     0.1068377366602210
LogTemp: Warning: Time =  15.9058527760207653,         CurrentStates =  164.5292461815470233,  -10.9820330855952584,    177.7113947601509381,    0.7936118203053690,     0.6631968553148365,     1.1943270436745450,    4892.7940260432096693,      1646.6143831536223843,     -12850.8015445512464794,     -0.5042711719350271,    -0.7701146305552289,    -0.9136498401082100,    -0.0002555541571685,    -0.0026299528489324,    -0.3094904357381833,     0.1068377366602210,       Controls =  -0.0002555541571685,     -0.0026299528489324,    -0.3094904357381833,     0.1068377366602210
LogTemp: Warning: Time =  15.9262556843459606,         CurrentStates =  162.3602356470935320,  -12.2889577807988335,    179.6701519736018042,    0.7924516201464092,     0.6659250561730576,     1.1907339714764023,    4894.1058802377174288,      1647.4615073886598111,     -12846.0924964882215136,     -0.5020809710666400,    -0.7464319765218252,    -0.8932384173227707,    -0.0002555541571685,    -0.0026299528489324,    -0.3094904357381833,     0.1068377366602210,       Controls =  -0.0002555541571685,     -0.0026299528489324,    -0.3094904357381833,     0.1068377366602210
LogTemp: Warning: Time =  15.9467005543410778,         CurrentStates =  160.1193053300700626,  -13.4984084119307788,    181.6277430767811154,    0.7917010844246138,     0.6676179871589568,     1.1871933668863310,    4895.4149965588594569,      1648.2915656593252152,     -12841.3940637643299851,     -0.4992447729314240,    -0.7228510347518931,    -0.8733620332454822,    -0.0002555541571685,    -0.0026299528489324,    -0.3094904357381833,     0.1068377366602210,       Controls =  -0.0002555541571685,     -0.0026299528489324,    -0.3094904357381833,     0.1068377366602210
LogTemp: Warning: Time =  15.9671034626662731,         CurrentStates =  157.8013509221621007,  -14.6134030541084439,    183.5880925412577938,    0.7913657291840525,     0.6682643000609013,     1.1836955341457660,    4896.7281103903023904,      1649.1089526610271605,     -12836.6832754313036276,     -0.4957936706449798,    -0.6992817134430719,    -0.8538555672844308,    -0.0002555541571685,    -0.0026299528489324,    -0.3094904357381833,     0.1068377366602210,       Controls =  -0.0002555541571685,     -0.0026299528489324,    -0.3094904357381833,     0.1068377366602210
LogTemp: Warning: Time =  15.9879393391311169,         CurrentStates =  155.4221901742759542,  -15.6264593865844450,    185.5374751229070966,    0.7914555431593698,     0.6678468236636219,     1.1802626600372732,    4898.0400277515009293,      1649.9105715812120252,     -12831.9798973325032421,     -0.4917801141929218,    -0.6758478707035409,    -0.8347391246233883,    -0.0002555541571685,    -0.0026299528489324,    -0.3094904357381833,     0.1068377366602210,       Controls =  -0.0002555541571685,     -0.0026299528489324,    -0.3094904357381833,     0.1068377366602210
LogTemp: Warning: Time =  16.0090155415236950,         CurrentStates =  152.9313038370114270,  -16.5555305001216020,    187.5154307707156534,    0.7919925877762837,     0.6663171968561282,     1.1768242955223938,    4899.3815794134261523,      1650.7149989588021981,     -12827.1745909883702552,     -0.4871281123073824,    -0.6520333292623494,    -0.8155196754952269,    -0.0002555541571685,    -0.0026299528489324,    -0.3094904357381833,     0.1068377366602210,       Controls =  -0.0002555541571685,     -0.0026299528489324,    -0.3094904357381833,     0.1068377366602210
LogTemp: Warning: Time =  16.0297007374465466,         CurrentStates =  150.3562628856856520,  -17.3841957216624543,    189.4972565209456832,    0.7930001730024632,     0.6636354125506153,     1.1734236489081560,    4900.7405926293404264,      1651.5143989912594407,     -12822.3122364853988984,     -0.4818838961969797,    -0.6280932659473155,    -0.7963354200398640,    -0.0002555541571685,    -0.0026299528489324,    -0.3094904357381833,     0.1068377366602210,       Controls =  -0.0002555541571685,     -0.0026299528489324,    -0.3094904357381833,     0.1068377366602210
LogTemp: Warning: Time =  16.0503687672317028,         CurrentStates =  147.7822965232723789,  -18.0864878514881724,    191.4184671719536652,    0.7944481232756500,     0.6599013322224150,     1.1701692844926017,    4902.0765509344691964,      1652.2853371838857583,     -12817.5387092185410438,     -0.4762349757501320,    -0.6047701257554072,    -0.7777079060299176,    -0.0002555541571685,    -0.0026299528489324,    -0.3094904357381833,     0.1068377366602210,       Controls =  -0.0002555541571685,     -0.0026299528489324,    -0.3094904357381833,     0.1068377366602210
LogTemp: Warning: Time =  16.0709719471633434,         CurrentStates =  145.1721371624819881,  -18.6762507663878417,    193.3093108982617423,    0.7963522548307751,     0.6550952916570839,     1.1670074167736297,    4903.4136020273417671,      1653.0424417760561937,     -12812.7684223044652754,     -0.4701147705624705,    -0.5816657787634653,    -0.7592504589854425,    -0.0002555541571685,    -0.0026299528489324,    -0.3094904357381833,     0.1068377366602210,       Controls =  -0.0002555541571685,     -0.0026299528489324,    -0.3094904357381833,     0.1068377366602210
LogTemp: Warning: Time =  16.0912489704787731,         CurrentStates =  142.5396568547821516,  -19.1510158518666245,    195.1609994349192618,    0.7987072078020749,     0.6492565543061883,     1.1639515306041448,    4904.7488661378720280,      1653.7844400601256893,     -12808.0124043890391476,     -0.4635562435426216,    -0.5588572119031854,    -0.7409623296882353,    -0.0002555541571685,    -0.0026299528489324,    -0.3094904357381833,     0.1068377366602210,       Controls =  -0.0002555541571685,     -0.0026299528489324,    -0.3094904357381833,     0.1068377366602210
LogTemp: Warning: Time =  16.1122374348342419,         CurrentStates =  139.9268139724300397,  -19.5064271203180795,    196.9466649312520019,    0.8014701651813482,     0.6425167088223545,     1.1610441685954145,    4906.0654307397762750,      1654.5026117558240912,     -12803.3313747913707630,     -0.4566683391254182,    -0.5366529450153947,    -0.7230357614178918,    -0.0002555541571685,    -0.0026299528489324,    -0.3094904357381833,     0.1068377366602210,       Controls =  -0.0002555541571685,     -0.0026299528489324,    -0.3094904357381833,     0.1068377366602210
LogTemp: Warning: Time =  16.1336550526320934,         CurrentStates =  137.2076995553002519,  -19.7560784436299457,    198.7522303284072223,    0.8047932220233796,     0.6345386333530092,     1.1581462390014474,    4907.4306898976428783,      1655.2336456059238117,     -12798.4866200932010543,     -0.4490973999925026,    -0.5139522401343185,    -0.7045218008951345,    -0.0002555541571685,    -0.0026299528489324,    -0.3094904357381833,     0.1068377366602210,       Controls =  -0.0002555541571685,     -0.0026299528489324,    -0.3094904357381833,     0.1068377366602210
LogTemp: Warning: Time =  16.1546149067580700,         CurrentStates =  134.4258642121213256,  -19.8857298268647824,    200.5460805856861839,    0.8086668162820607,     0.6253890620911902,     1.1553119797751208,    4908.8268251633280670,      1655.9672147665664852,     -12793.5427798359942244,     -0.4409157811522347,    -0.4911068186011271,    -0.6856346067119902,    -0.0002555541571685,    -0.0026299528489324,    -0.3094904357381833,     0.1068377366602210,       Controls =  -0.0002555541571685,     -0.0026299528489324,    -0.3094904357381833,     0.1068377366602210
LogTemp: Warning: Time =  16.1759886555373669,         CurrentStates =  131.7052307769046706,  -19.8893437749478714,    202.2501766205785430,    0.8129239521038055,     0.6154972747909238,     1.1526648958490318,    4910.1960145628554528,      1656.6733130153727416,     -12788.7051450302515150,     -0.4324694080884159,    -0.4690897223637729,    -0.6671255545794355,    -0.0002555541571685,    -0.0026299528489324,    -0.3094904357381833,     0.1068377366602210,       Controls =  -0.0002555541571685,     -0.0026299528489324,    -0.3094904357381833,     0.1068377366602210
LogTemp: Warning: Time =  16.1974882893264294,         CurrentStates =  128.9416189999074049,  -19.7668278490854803,    203.9318932122618833,    0.8177322564970390,     0.6045093371237709,     1.1501008012739586,    4911.5951185674530279,      1657.3816725446758937,     -12783.7732842746499955,     -0.4234130958919810,    -0.4470127603221214,    -0.6481969005869267,    -0.0002555541571685,    -0.0026299528489324,    -0.3094904357381833,     0.1068377366602210,       Controls =  -0.0002555541571685,     -0.0026299528489324,    -0.3094904357381833,     0.1068377366602210
LogTemp: Warning: Time =  16.2183680348098278,         CurrentStates =  126.1812766569845650,  -19.5146660884114382,    205.5633221394249119,    0.8230354191200199,     0.5925963855976183,     1.1476650894325540,    4913.0055243460274141,      1658.0827503807440735,     -12778.8136902199494216,     -0.4138536017379003,    -0.4252126390621707,    -0.6290726560763378,    -0.0002555541571685,    -0.0026299528489324,    -0.3094904357381833,     0.1068377366602210,       Controls =  -0.0002555541571685,     -0.0026299528489324,    -0.3094904357381833,     0.1068377366602210
LogTemp: Warning: Time =  16.2394385151565075,         CurrentStates =  123.5276265647250682,  -19.1459438220952656,    207.0871073698586713,    0.8286224677705102,     0.5802593751196405,     1.1454427490888375,    4914.3781894582452878,      1658.7529800966310631,     -12773.9987745420585270,     -0.4041387968563020,    -0.4044569293943414,    -0.6103953205485964,    -0.0002555541571685,    -0.0026299528489324,    -0.3094904357381833,     0.1068377366602210,       Controls =  -0.0002555541571685,     -0.0026299528489324,    -0.3094904357381833,     0.1068377366602210
LogTemp: Warning: Time =  16.2607378773391247,         CurrentStates =  120.8845824225093111,  -18.6503045194342363,    208.5619509086457413,    0.8346849517158794,     0.5671008539462900,     1.1433479225480017,    4915.7664629165765291,      1659.4191477276483511,     -12769.1413520241039805,     -0.3939032821975610,    -0.3839489184196781,    -0.5914192175403256,    -0.0002555541571685,    -0.0026299528489324,    -0.3094904357381833,     0.1068377366602210,       Controls =  -0.0002555541571685,     -0.0026299528489324,    -0.3094904357381833,     0.1068377366602210
LogTemp: Warning: Time =  16.2825350575149059,         CurrentStates =  118.2564121882571726,  -18.0235969422296236,    209.9863642076292365,    0.8412322651462801,     0.5531368253638187,     1.1413861819738302,    4917.1729260089023228,      1660.0825130080661438,     -12764.2330296614836698,     -0.3831142640685487,    -0.3636887387899841,    -0.5720862897672364,    -0.0002555541571685,    -0.0026299528489324,    -0.3094904357381833,     0.1068377366602210,       Controls =  -0.0002555541571685,     -0.0026299528489324,    -0.3094904357381833,     0.1068377366602210
LogTemp: Warning: Time =  16.3045859150588512,         CurrentStates =  115.6204828697215135,  -17.2522309285715174,    211.3727178141766387,    0.8483516988687939,     0.5382221053654259,     1.1395458092173232,    4918.6153991995042816,      1660.7512781752730007,     -12759.2125105118593638,     -0.3716111800837373,    -0.3434704884845794,    -0.5521267116723718,    -0.0002555541571685,    -0.0026299528489324,    -0.3094904357381833,     0.1068377366602210,       Controls =  -0.0002555541571685,     -0.0026299528489324,    -0.3094904357381833,     0.1068377366602210
LogTemp: Warning: Time =  16.3266691975295544,         CurrentStates =  113.0171209294113623,  -16.3391328841742052,    212.6999337851185032,    0.8559669943942985,     0.5225570062232417,     1.1378608301480524,    4920.0779708468899116,      1661.4178694686911513,     -12754.1360756441317790,     -0.3594953012920381,    -0.3235707189734495,    -0.5317357024378476,    -0.0002555541571685,    -0.0026299528489324,    -0.3094904357381833,     0.1068377366602210,       Controls =  -0.0002555541571685,     -0.0026299528489324,    -0.3094904357381833,     0.1068377366602210
LogTemp: Warning: Time =  16.3487810902297497,         CurrentStates =  110.4817255451495868,  -15.2923242729264501,    213.9514730787525707,    0.8639891254804265,     0.5063546160904956,     1.1363562915132537,    4921.5459882047589417,      1662.0757929325354780,     -12749.0550179172423668,     -0.3468760068011560,    -0.3042245005126116,    -0.5110981403014393,    -0.0002555541571685,    -0.0026299528489324,    -0.3094904357381833,     0.1068377366602210,       Controls =  -0.0002555541571685,     -0.0026299528489324,    -0.3094904357381833,     0.1068377366602210
LogTemp: Warning: Time =  16.3703226856887341,         CurrentStates =  108.0225739433104053,  -14.1131192145943043,    215.1253279564701018,    0.8723969285677441,     0.4896803133012676,     1.1350375741702368,    4923.0192801661587509,      1662.7253296609117115,     -12743.9701128872875415,     -0.3337496138171371,    -0.2854600730678357,    -0.4902011979906474,    -0.0002555541571685,    -0.0026299528489324,    -0.3094904357381833,     0.1068377366602210,       Controls =  -0.0002555541571685,     -0.0026299528489324,    -0.3094904357381833,     0.1068377366602210
LogTemp: Warning: Time =  16.3915533833205700,         CurrentStates =  105.7106606404085625,  -12.8403509819900403,    216.1911394482627315,    0.8809259730830612,     0.4730650844384373,     1.1339377203618204,    4924.4576130430059493,      1663.3495121344144536,     -12739.0197831458535802,     -0.3204885288911152,    -0.2677876762785847,    -0.4696103194003619,    -0.0002555541571685,    -0.0026299528489324,    -0.3094904357381833,     0.1068377366602210,       Controls =  -0.0002555541571685,     -0.0026299528489324,    -0.3094904357381833,     0.1068377366602210
LogTemp: Warning: Time =  16.3998865894973278,         CurrentStates =  103.5189579651795100,  -11.4681542377142840,    217.1655241787218529,    0.8896381339680023,     0.4563844388376801,     1.1330356699551920,    4925.8783496076730444,      1663.9568320848170515,     -12734.1434809850470629,     -0.3069574024221793,    -0.2509745535309836,    -0.4490788042971924,    -0.0002555541571685,    -0.0026299528489324,    -0.3094904357381833,     0.1068377366602210,       Controls =  -0.0002555541571685,     -0.0026299528489324,    -0.3094904357381833,     0.1068377366602210